k_s_per_km,P_k_mean_km_per_s,P_k_std,P_k_err
0.000000e+00,5.433646e+00,5.386403e+01,5.386403e-01
2.887885e-03,3.866429e+00,7.965443e+00,7.965443e-02
5.775771e-03,3.357035e+00,5.428481e+00,5.428481e-02
8.663656e-03,2.792057e+00,4.213447e+00,4.213447e-02
1.155154e-02,2.359327e+00,3.462382e+00,3.462382e-02
1.443943e-02,2.045853e+00,2.907404e+00,2.907404e-02
1.732731e-02,1.690253e+00,2.370773e+00,2.370773e-02
2.021520e-02,1.445117e+00,2.032838e+00,2.032838e-02
2.310308e-02,1.190391e+00,1.633720e+00,1.633720e-02
2.599097e-02,9.986811e-01,1.305947e+00,1.305947e-02
2.887885e-02,8.493372e-01,1.105739e+00,1.105739e-02
3.176674e-02,7.307068e-01,9.563935e-01,9.563935e-03
3.465462e-02,6.294581e-01,8.281020e-01,8.281020e-03
3.754251e-02,5.410752e-01,7.054772e-01,7.054772e-03
4.043039e-02,4.649542e-01,5.843627e-01,5.843627e-03
4.331828e-02,3.968391e-01,5.220256e-01,5.220256e-03
4.620616e-02,3.469277e-01,4.340610e-01,4.340610e-03
4.909405e-02,2.985932e-01,3.764146e-01,3.764146e-03
5.198193e-02,2.573767e-01,3.233776e-01,3.233776e-03
5.486982e-02,2.213543e-01,2.877503e-01,2.877503e-03
5.775771e-02,1.927887e-01,2.439658e-01,2.439658e-03
6.064559e-02,1.677214e-01,2.064714e-01,2.064714e-03
6.353348e-02,1.503402e-01,1.860712e-01,1.860712e-03
6.642136e-02,1.300708e-01,1.604628e-01,1.604628e-03
6.930925e-02,1.131407e-01,1.427585e-01,1.427585e-03
7.219713e-02,9.944283e-02,1.220621e-01,1.220621e-03
7.508502e-02,8.805957e-02,1.131694e-01,1.131694e-03
7.797290e-02,7.766827e-02,1.016747e-01,1.016747e-03
8.086079e-02,6.843234e-02,8.443045e-02,8.443045e-04
8.374867e-02,5.967346e-02,7.637000e-02,7.637000e-04
8.663656e-02,5.233313e-02,6.539928e-02,6.539928e-04
8.952444e-02,4.509386e-02,5.518786e-02,5.518786e-04
9.241233e-02,3.995909e-02,4.926220e-02,4.926220e-04
9.530021e-02,3.565885e-02,4.609957e-02,4.609957e-04
9.818810e-02,3.068061e-02,3.842770e-02,3.842770e-04
1.010760e-01,2.695367e-02,3.363487e-02,3.363487e-04
1.039639e-01,2.385166e-02,2.982558e-02,2.982558e-04
1.068518e-01,2.077105e-02,2.574783e-02,2.574783e-04
1.097396e-01,1.858151e-02,2.277995e-02,2.277995e-04
1.126275e-01,1.586648e-02,2.006138e-02,2.006138e-04
1.155154e-01,1.395476e-02,1.753627e-02,1.753627e-04
1.184033e-01,1.251739e-02,1.552962e-02,1.552962e-04
1.212912e-01,1.095948e-02,1.346296e-02,1.346296e-04
1.241791e-01,9.644063e-03,1.216672e-02,1.216672e-04
1.270670e-01,8.526385e-03,1.078433e-02,1.078433e-04
1.299548e-01,7.473223e-03,9.455933e-03,9.455933e-05
1.328427e-01,6.569665e-03,8.229074e-03,8.229074e-05
1.357306e-01,5.783527e-03,7.447819e-03,7.447819e-05
1.386185e-01,5.054353e-03,6.469006e-03,6.469006e-05
1.415064e-01,4.487098e-03,5.706425e-03,5.706425e-05
1.443943e-01,4.047845e-03,5.312079e-03,5.312079e-05
1.472821e-01,3.528994e-03,4.699273e-03,4.699273e-05
1.501700e-01,3.139511e-03,4.107603e-03,4.107603e-05
1.530579e-01,2.766182e-03,3.700795e-03,3.700795e-05
1.559458e-01,2.433777e-03,3.342960e-03,3.342960e-05
1.588337e-01,2.137200e-03,2.912809e-03,2.912809e-05
1.617216e-01,1.915028e-03,2.679322e-03,2.679322e-05
1.646095e-01,1.685357e-03,2.275534e-03,2.275534e-05
1.674973e-01,1.493952e-03,2.038452e-03,2.038452e-05
1.703852e-01,1.318767e-03,1.853152e-03,1.853152e-05
1.732731e-01,1.157886e-03,1.626803e-03,1.626803e-05
1.761610e-01,1.028169e-03,1.424642e-03,1.424642e-05
1.790489e-01,9.069411e-04,1.267698e-03,1.267698e-05
1.819368e-01,8.071965e-04,1.185070e-03,1.185070e-05
1.848247e-01,7.211978e-04,1.039504e-03,1.039504e-05
1.877125e-01,6.510548e-04,9.871066e-04,9.871066e-06
1.906004e-01,5.765544e-04,8.751650e-04,8.751650e-06
1.934883e-01,5.184869e-04,8.000880e-04,8.000880e-06
1.963762e-01,4.627900e-04,7.316898e-04,7.316898e-06
1.992641e-01,4.099543e-04,6.649253e-04,6.649253e-06
2.021520e-01,3.783786e-04,6.371798e-04,6.371798e-06
2.050399e-01,3.339483e-04,5.965642e-04,5.965642e-06
2.079277e-01,2.982189e-04,5.173081e-04,5.173081e-06
2.108156e-01,2.690829e-04,4.854858e-04,4.854858e-06
2.137035e-01,2.359858e-04,4.221914e-04,4.221914e-06
2.165914e-01,2.096847e-04,3.709528e-04,3.709528e-06
2.194793e-01,1.887440e-04,3.557236e-04,3.557236e-06
2.223672e-01,1.662444e-04,3.157508e-04,3.157508e-06
2.252551e-01,1.492461e-04,2.884412e-04,2.884412e-06
2.281429e-01,1.341520e-04,2.812418e-04,2.812418e-06
2.310308e-01,1.206192e-04,2.442696e-04,2.442696e-06
2.339187e-01,1.073778e-04,2.292631e-04,2.292631e-06
2.368066e-01,9.869814e-05,2.222435e-04,2.222435e-06
2.396945e-01,8.834846e-05,1.992532e-04,1.992532e-06
2.425824e-01,7.972306e-05,1.904216e-04,1.904216e-06
2.454702e-01,7.317075e-05,1.871163e-04,1.871163e-06
2.483581e-01,6.779638e-05,1.749257e-04,1.749257e-06
2.512460e-01,6.057368e-05,1.641341e-04,1.641341e-06
2.541339e-01,5.389474e-05,1.433639e-04,1.433639e-06
2.570218e-01,4.845477e-05,1.353137e-04,1.353137e-06
2.599097e-01,4.420053e-05,1.312631e-04,1.312631e-06
2.627976e-01,4.046609e-05,1.192251e-04,1.192251e-06
2.656854e-01,3.668714e-05,1.089994e-04,1.089994e-06
2.685733e-01,3.311979e-05,9.777116e-05,9.777116e-07
2.714612e-01,3.042547e-05,9.309976e-05,9.309976e-07
2.743491e-01,2.740890e-05,8.667628e-05,8.667628e-07
2.772370e-01,2.444408e-05,7.968132e-05,7.968132e-07
2.801249e-01,2.259584e-05,8.146949e-05,8.146949e-07
2.830128e-01,2.077486e-05,7.522911e-05,7.522911e-07
2.859006e-01,1.911534e-05,7.556591e-05,7.556591e-07
2.887885e-01,1.763135e-05,7.176638e-05,7.176638e-07
2.916764e-01,1.662235e-05,7.475208e-05,7.475208e-07
2.945643e-01,1.486715e-05,6.552417e-05,6.552417e-07
2.974522e-01,1.386812e-05,6.309508e-05,6.309508e-07
3.003401e-01,1.268637e-05,5.803307e-05,5.803307e-07
3.032280e-01,1.166534e-05,5.393225e-05,5.393225e-07
3.061158e-01,1.070149e-05,5.112164e-05,5.112164e-07
3.090037e-01,9.741951e-06,4.741270e-05,4.741270e-07
3.118916e-01,8.942536e-06,4.546742e-05,4.546742e-07
3.147795e-01,8.085084e-06,3.972639e-05,3.972639e-07
3.176674e-01,7.710320e-06,4.001846e-05,4.001846e-07
3.205553e-01,6.919871e-06,3.525376e-05,3.525376e-07
3.234432e-01,6.343889e-06,3.415361e-05,3.415361e-07
3.263310e-01,6.073913e-06,3.398430e-05,3.398430e-07
3.292189e-01,5.546103e-06,3.078374e-05,3.078374e-07
3.321068e-01,5.002789e-06,2.895595e-05,2.895595e-07
3.349947e-01,4.828404e-06,2.937200e-05,2.937200e-07
3.378826e-01,4.464253e-06,2.894196e-05,2.894196e-07
3.407705e-01,4.257450e-06,2.831583e-05,2.831583e-07
3.436583e-01,3.961730e-06,2.666849e-05,2.666849e-07
3.465462e-01,3.800538e-06,2.721222e-05,2.721222e-07
3.494341e-01,3.568094e-06,2.510906e-05,2.510906e-07
3.523220e-01,3.320573e-06,2.377703e-05,2.377703e-07
3.552099e-01,3.100862e-06,2.263796e-05,2.263796e-07
3.580978e-01,2.900588e-06,2.066856e-05,2.066856e-07
3.609857e-01,2.678906e-06,1.912779e-05,1.912779e-07
3.638735e-01,2.510090e-06,1.803268e-05,1.803268e-07
3.667614e-01,2.317838e-06,1.674037e-05,1.674037e-07
3.696493e-01,2.147367e-06,1.586741e-05,1.586741e-07
3.725372e-01,1.975606e-06,1.499752e-05,1.499752e-07
3.754251e-01,1.870588e-06,1.440219e-05,1.440219e-07
3.783130e-01,1.774149e-06,1.367396e-05,1.367396e-07
3.812009e-01,1.677672e-06,1.350097e-05,1.350097e-07
3.840887e-01,1.619340e-06,1.349022e-05,1.349022e-07
3.869766e-01,1.545147e-06,1.310367e-05,1.310367e-07
3.898645e-01,1.485897e-06,1.303378e-05,1.303378e-07
3.927524e-01,1.392971e-06,1.259051e-05,1.259051e-07
3.956403e-01,1.338994e-06,1.246650e-05,1.246650e-07
3.985282e-01,1.248370e-06,1.166886e-05,1.166886e-07
4.014161e-01,1.174625e-06,1.092559e-05,1.092559e-07
4.043039e-01,1.099473e-06,1.026368e-05,1.026368e-07
4.071918e-01,1.017808e-06,9.483932e-06,9.483932e-08
4.100797e-01,9.482596e-07,8.848768e-06,8.848768e-08
4.129676e-01,8.994137e-07,8.292194e-06,8.292194e-08
4.158555e-01,8.405266e-07,7.870999e-06,7.870999e-08
4.187434e-01,7.914665e-07,7.377491e-06,7.377491e-08
4.216312e-01,7.581315e-07,7.332097e-06,7.332097e-08
4.245191e-01,7.211383e-07,7.344715e-06,7.344715e-08
4.274070e-01,6.909497e-07,7.110997e-06,7.110997e-08
4.302949e-01,6.637117e-07,6.977163e-06,6.977163e-08
4.331828e-01,6.439226e-07,6.819946e-06,6.819946e-08
4.360707e-01,6.031959e-07,6.381575e-06,6.381575e-08
4.389586e-01,5.718753e-07,6.006211e-06,6.006211e-08
4.418464e-01,5.449745e-07,5.854995e-06,5.854995e-08
4.447343e-01,5.148888e-07,5.625018e-06,5.625018e-08
4.476222e-01,4.873610e-07,5.475955e-06,5.475955e-08
4.505101e-01,4.665326e-07,5.253632e-06,5.253632e-08
4.533980e-01,4.398609e-07,4.998100e-06,4.998100e-08
4.562859e-01,4.192788e-07,4.743894e-06,4.743894e-08
4.591738e-01,3.976251e-07,4.527539e-06,4.527539e-08
4.620616e-01,3.826600e-07,4.421887e-06,4.421887e-08
4.649495e-01,3.624090e-07,4.262277e-06,4.262277e-08
4.678374e-01,3.450465e-07,4.196313e-06,4.196313e-08
4.707253e-01,3.234902e-07,3.975694e-06,3.975694e-08
4.736132e-01,3.071968e-07,3.855656e-06,3.855656e-08
4.765011e-01,2.848225e-07,3.561501e-06,3.561501e-08
4.793890e-01,2.715168e-07,3.424217e-06,3.424217e-08
4.822768e-01,2.527924e-07,3.155648e-06,3.155648e-08
4.851647e-01,2.399183e-07,3.054217e-06,3.054217e-08
4.880526e-01,2.297799e-07,2.961247e-06,2.961247e-08
4.909405e-01,2.240983e-07,2.962462e-06,2.962462e-08
4.938284e-01,2.169407e-07,2.867014e-06,2.867014e-08
4.967163e-01,2.117345e-07,2.821422e-06,2.821422e-08
4.996042e-01,2.068633e-07,2.775413e-06,2.775413e-08
5.024920e-01,2.002009e-07,2.716745e-06,2.716745e-08
5.053799e-01,1.918037e-07,2.614003e-06,2.614003e-08
5.082678e-01,1.851551e-07,2.567236e-06,2.567236e-08
5.111557e-01,1.748677e-07,2.393447e-06,2.393447e-08
5.140436e-01,1.642132e-07,2.257668e-06,2.257668e-08
5.169315e-01,1.519566e-07,2.075244e-06,2.075244e-08
5.198193e-01,1.422508e-07,1.976374e-06,1.976374e-08
5.227072e-01,1.314763e-07,1.869214e-06,1.869214e-08
5.255951e-01,1.250597e-07,1.796025e-06,1.796025e-08
5.284830e-01,1.189849e-07,1.720283e-06,1.720283e-08
5.313709e-01,1.143023e-07,1.670052e-06,1.670052e-08
5.342588e-01,1.123402e-07,1.664971e-06,1.664971e-08
5.371467e-01,1.105581e-07,1.668404e-06,1.668404e-08
5.400345e-01,1.073001e-07,1.677231e-06,1.677231e-08
5.429224e-01,1.048755e-07,1.669824e-06,1.669824e-08
5.458103e-01,1.020717e-07,1.643009e-06,1.643009e-08
5.486982e-01,9.772075e-08,1.547800e-06,1.547800e-08
5.515861e-01,9.326822e-08,1.446055e-06,1.446055e-08
5.544740e-01,8.782601e-08,1.330921e-06,1.330921e-08
5.573619e-01,8.181207e-08,1.232607e-06,1.232607e-08
5.602497e-01,7.670427e-08,1.162100e-06,1.162100e-08
5.631376e-01,7.199807e-08,1.110573e-06,1.110573e-08
5.660255e-01,6.802857e-08,1.077175e-06,1.077175e-08
5.689134e-01,6.572086e-08,1.051758e-06,1.051758e-08
5.718013e-01,6.370932e-08,1.012788e-06,1.012788e-08
5.746892e-01,6.161420e-08,9.924310e-07,9.924310e-09
5.775771e-01,6.105585e-08,1.000943e-06,1.000943e-08
5.804649e-01,5.996091e-08,1.005567e-06,1.005567e-08
5.833528e-01,5.877879e-08,1.000468e-06,1.000468e-08
5.862407e-01,5.685057e-08,9.857733e-07,9.857733e-09
5.891286e-01,5.437335e-08,9.450548e-07,9.450548e-09
5.920165e-01,5.127965e-08,8.897635e-07,8.897635e-09
5.949044e-01,4.840434e-08,8.327778e-07,8.327778e-09
5.977923e-01,4.536159e-08,7.782540e-07,7.782540e-09
6.006801e-01,4.287246e-08,7.358597e-07,7.358597e-09
6.035680e-01,4.045070e-08,6.911742e-07,6.911742e-09
6.064559e-01,3.838107e-08,6.513799e-07,6.513799e-09
6.093438e-01,3.713721e-08,6.357722e-07,6.357722e-09
6.122317e-01,3.575504e-08,6.187661e-07,6.187661e-09
6.151196e-01,3.518830e-08,6.180092e-07,6.180092e-09
6.180074e-01,3.482915e-08,6.238659e-07,6.238659e-09
6.208953e-01,3.407022e-08,6.197824e-07,6.197824e-09
6.237832e-01,3.301570e-08,6.005767e-07,6.005767e-09
6.266711e-01,3.175716e-08,5.793696e-07,5.793696e-09
6.295590e-01,3.066568e-08,5.553700e-07,5.553700e-09
6.324469e-01,2.906854e-08,5.245736e-07,5.245736e-09
6.353348e-01,2.745104e-08,5.031372e-07,5.031372e-09
6.382226e-01,2.610301e-08,4.887874e-07,4.887874e-09
6.411105e-01,2.459597e-08,4.721520e-07,4.721520e-09
6.439984e-01,2.357508e-08,4.506255e-07,4.506255e-09
6.468863e-01,2.264746e-08,4.301526e-07,4.301526e-09
6.497742e-01,2.198708e-08,4.099537e-07,4.099537e-09
6.526621e-01,2.174405e-08,4.003227e-07,4.003227e-09
6.555500e-01,2.109144e-08,3.902241e-07,3.902241e-09
6.584378e-01,2.049429e-08,3.894863e-07,3.894863e-09
6.613257e-01,1.974730e-08,3.829506e-07,3.829506e-09
6.642136e-01,1.903835e-08,3.750382e-07,3.750382e-09
6.671015e-01,1.810168e-08,3.544345e-07,3.544345e-09
6.699894e-01,1.731278e-08,3.358483e-07,3.358483e-09
6.728773e-01,1.638419e-08,3.127823e-07,3.127823e-09
6.757652e-01,1.550961e-08,2.969383e-07,2.969383e-09
6.786530e-01,1.480235e-08,2.873038e-07,2.873038e-09
6.815409e-01,1.438710e-08,2.833568e-07,2.833568e-09
6.844288e-01,1.398917e-08,2.782152e-07,2.782152e-09
6.873167e-01,1.374945e-08,2.748093e-07,2.748093e-09
6.902046e-01,1.354317e-08,2.710289e-07,2.710289e-09
6.930925e-01,1.329018e-08,2.666656e-07,2.666656e-09
6.959804e-01,1.305494e-08,2.639527e-07,2.639527e-09
6.988682e-01,1.255235e-08,2.548389e-07,2.548389e-09
7.017561e-01,1.216708e-08,2.475568e-07,2.475568e-09
7.046440e-01,1.149134e-08,2.328927e-07,2.328927e-09
7.075319e-01,1.083224e-08,2.183323e-07,2.183323e-09
7.104198e-01,1.016662e-08,2.060114e-07,2.060114e-09
7.133077e-01,9.520698e-09,1.951098e-07,1.951098e-09
7.161955e-01,9.006001e-09,1.873808e-07,1.873808e-09
7.190834e-01,8.581613e-09,1.791211e-07,1.791211e-09
7.219713e-01,8.374854e-09,1.732254e-07,1.732254e-09
7.248592e-01,8.176240e-09,1.671443e-07,1.671443e-09
7.277471e-01,8.126638e-09,1.650701e-07,1.650701e-09
7.306350e-01,8.010435e-09,1.641197e-07,1.641197e-09
7.335229e-01,8.039140e-09,1.684512e-07,1.684512e-09
7.364107e-01,7.893276e-09,1.689287e-07,1.689287e-09
7.392986e-01,7.732548e-09,1.679445e-07,1.679445e-09
7.421865e-01,7.496552e-09,1.634197e-07,1.634197e-09
7.450744e-01,7.168481e-09,1.535681e-07,1.535681e-09
7.479623e-01,6.747080e-09,1.426172e-07,1.426172e-09
7.508502e-01,6.340707e-09,1.323909e-07,1.323909e-09
7.537381e-01,5.968453e-09,1.248289e-07,1.248289e-09
7.566259e-01,5.603809e-09,1.194475e-07,1.194475e-09
7.595138e-01,5.326061e-09,1.153054e-07,1.153054e-09
7.624017e-01,5.114308e-09,1.117997e-07,1.117997e-09
7.652896e-01,4.959689e-09,1.076009e-07,1.076009e-09
7.681775e-01,4.871822e-09,1.049499e-07,1.049499e-09
7.710654e-01,4.813326e-09,1.030843e-07,1.030843e-09
7.739533e-01,4.784826e-09,1.029701e-07,1.029701e-09
7.768411e-01,4.725866e-09,1.028735e-07,1.028735e-09
7.797290e-01,4.631077e-09,1.016644e-07,1.016644e-09
7.826169e-01,4.535484e-09,9.998641e-08,9.998641e-10
7.855048e-01,4.368132e-09,9.660606e-08,9.660606e-10
7.883927e-01,4.182805e-09,9.251093e-08,9.251093e-10
7.912806e-01,3.995275e-09,8.827477e-08,8.827477e-10
7.941684e-01,3.805782e-09,8.457227e-08,8.457227e-10
7.970563e-01,3.619657e-09,8.038867e-08,8.038867e-10
7.999442e-01,3.455598e-09,7.675554e-08,7.675554e-10
8.028321e-01,3.306744e-09,7.293017e-08,7.293017e-10
8.057200e-01,3.208009e-09,7.054859e-08,7.054859e-10
8.086079e-01,3.117157e-09,6.849702e-08,6.849702e-10
8.114958e-01,3.055638e-09,6.840824e-08,6.840824e-10
8.143836e-01,2.987749e-09,6.773575e-08,6.773575e-10
8.172715e-01,2.904868e-09,6.618187e-08,6.618187e-10
8.201594e-01,2.825267e-09,6.380436e-08,6.380436e-10
8.230473e-01,2.733339e-09,6.044160e-08,6.044160e-10
8.259352e-01,2.650230e-09,5.778186e-08,5.778186e-10
8.288231e-01,2.544546e-09,5.542833e-08,5.542833e-10
8.317110e-01,2.441239e-09,5.415464e-08,5.415464e-10
8.345988e-01,2.359552e-09,5.386539e-08,5.386539e-10
8.374867e-01,2.276451e-09,5.286075e-08,5.286075e-10
8.403746e-01,2.231757e-09,5.182045e-08,5.182045e-10
8.432625e-01,2.179891e-09,4.978996e-08,4.978996e-10
8.461504e-01,2.153841e-09,4.829884e-08,4.829884e-10
8.490383e-01,2.099877e-09,4.665827e-08,4.665827e-10
8.519262e-01,2.045723e-09,4.562338e-08,4.562338e-10
8.548140e-01,1.985608e-09,4.489243e-08,4.489243e-10
8.577019e-01,1.908262e-09,4.347230e-08,4.347230e-10
8.605898e-01,1.820826e-09,4.158251e-08,4.158251e-10
8.634777e-01,1.726319e-09,3.925722e-08,3.925722e-10
8.663656e-01,1.636966e-09,3.684873e-08,3.684873e-10
8.692535e-01,1.547961e-09,3.469034e-08,3.469034e-10
8.721414e-01,1.498853e-09,3.355413e-08,3.355413e-10
8.750292e-01,1.448873e-09,3.245546e-08,3.245546e-10
8.779171e-01,1.439979e-09,3.235822e-08,3.235822e-10
8.808050e-01,1.431823e-09,3.201881e-08,3.201881e-10
8.836929e-01,1.439510e-09,3.222595e-08,3.222595e-10
8.865808e-01,1.435757e-09,3.204389e-08,3.204389e-10
8.894687e-01,1.434912e-09,3.212530e-08,3.212530e-10
8.923565e-01,1.415041e-09,3.165016e-08,3.165016e-10
8.952444e-01,1.382410e-09,3.092894e-08,3.092894e-10
8.981323e-01,1.323720e-09,2.933538e-08,2.933538e-10
9.010202e-01,1.257902e-09,2.783343e-08,2.783343e-10
9.039081e-01,1.176211e-09,2.591166e-08,2.591166e-10
9.067960e-01,1.105410e-09,2.450971e-08,2.450971e-10
9.096839e-01,1.038883e-09,2.331161e-08,2.331161e-10
9.125717e-01,9.886876e-10,2.242043e-08,2.242043e-10
9.154596e-01,9.511381e-10,2.175409e-08,2.175409e-10
9.183475e-01,9.285144e-10,2.096603e-08,2.096603e-10
9.212354e-01,9.207470e-10,2.043315e-08,2.043315e-10
9.241233e-01,9.220255e-10,2.010481e-08,2.010481e-10
9.270112e-01,9.278002e-10,2.014501e-08,2.014501e-10
9.298991e-01,9.306704e-10,2.036253e-08,2.036253e-10
9.327869e-01,9.247620e-10,2.063201e-08,2.063201e-10
9.356748e-01,9.043131e-10,2.042999e-08,2.042999e-10
9.385627e-01,8.787268e-10,2.006846e-08,2.006846e-10
9.414506e-01,8.375557e-10,1.903445e-08,1.903445e-10
9.443385e-01,7.988827e-10,1.805955e-08,1.805955e-10
9.472264e-01,7.523848e-10,1.690549e-08,1.690549e-10
9.501143e-01,7.105948e-10,1.607287e-08,1.607287e-10
9.530021e-01,6.701949e-10,1.530102e-08,1.530102e-10
9.558900e-01,6.410432e-10,1.481509e-08,1.481509e-10
9.587779e-01,6.145524e-10,1.425177e-08,1.425177e-10
9.616658e-01,6.058345e-10,1.394219e-08,1.394219e-10
9.645537e-01,5.952115e-10,1.355871e-08,1.355871e-10
9.674416e-01,5.935504e-10,1.340310e-08,1.340310e-10
9.703295e-01,5.853240e-10,1.318473e-08,1.318473e-10
9.732173e-01,5.833809e-10,1.311732e-08,1.311732e-10
9.761052e-01,5.721356e-10,1.281469e-08,1.281469e-10
9.789931e-01,5.654188e-10,1.259761e-08,1.259761e-10
9.818810e-01,5.500309e-10,1.220999e-08,1.220999e-10
9.847689e-01,5.344422e-10,1.187496e-08,1.187496e-10
9.876568e-01,5.154030e-10,1.155272e-08,1.155272e-10
9.905446e-01,4.954249e-10,1.119861e-08,1.119861e-10
9.934325e-01,4.784176e-10,1.083644e-08,1.083644e-10
9.963204e-01,4.634216e-10,1.041423e-08,1.041423e-10
9.992083e-01,4.514807e-10,1.001695e-08,1.001695e-10
1.002096e+00,4.402187e-10,9.661725e-09,9.661725e-11
1.004984e+00,4.307655e-10,9.452443e-09,9.452443e-11
1.007872e+00,4.195967e-10,9.287480e-09,9.287480e-11
1.010760e+00,4.138204e-10,9.238688e-09,9.238688e-11
1.013648e+00,4.030451e-10,9.014105e-09,9.014105e-11
1.016536e+00,3.967100e-10,8.807817e-09,8.807817e-11
1.019424e+00,3.856838e-10,8.393091e-09,8.393091e-11
1.022311e+00,3.762053e-10,8.088972e-09,8.088972e-11
1.025199e+00,3.653766e-10,7.762543e-09,7.762543e-11
1.028087e+00,3.574989e-10,7.630517e-09,7.630517e-11
1.030975e+00,3.502124e-10,7.521196e-09,7.521196e-11
1.033863e+00,3.467109e-10,7.509422e-09,7.509422e-11
1.036751e+00,3.426173e-10,7.428626e-09,7.428626e-11
1.039639e+00,3.398142e-10,7.328833e-09,7.328833e-11
1.042527e+00,3.365430e-10,7.165410e-09,7.165410e-11
1.045414e+00,3.357092e-10,7.085955e-09,7.085955e-11
1.048302e+00,3.299070e-10,6.904250e-09,6.904250e-11
1.051190e+00,3.284466e-10,6.840548e-09,6.840548e-11
1.054078e+00,3.190246e-10,6.665005e-09,6.665005e-11
1.056966e+00,3.112645e-10,6.520909e-09,6.520909e-11
1.059854e+00,2.999650e-10,6.319226e-09,6.319226e-11
1.062742e+00,2.897538e-10,6.125288e-09,6.125288e-11
1.065630e+00,2.807866e-10,5.973405e-09,5.973405e-11
1.068518e+00,2.740226e-10,5.849339e-09,5.849339e-11
1.071405e+00,2.683236e-10,5.769756e-09,5.769756e-11
1.074293e+00,2.654066e-10,5.714972e-09,5.714972e-11
1.077181e+00,2.652888e-10,5.711451e-09,5.711451e-11
1.080069e+00,2.651916e-10,5.690614e-09,5.690614e-11
1.082957e+00,2.690390e-10,5.733834e-09,5.733834e-11
1.085845e+00,2.686908e-10,5.720109e-09,5.720109e-11
1.088733e+00,2.706076e-10,5.753181e-09,5.753181e-11
1.091621e+00,2.657874e-10,5.648905e-09,5.648905e-11
1.094509e+00,2.624682e-10,5.581863e-09,5.581863e-11
1.097396e+00,2.531842e-10,5.377725e-09,5.377725e-11
1.100284e+00,2.467374e-10,5.220762e-09,5.220762e-11
1.103172e+00,2.350093e-10,5.005828e-09,5.005828e-11
1.106060e+00,2.272371e-10,4.854621e-09,4.854621e-11
1.108948e+00,2.169841e-10,4.687448e-09,4.687448e-11
1.111836e+00,2.104457e-10,4.564412e-09,4.564412e-11
1.114724e+00,2.045076e-10,4.414897e-09,4.414897e-11
1.117612e+00,2.020276e-10,4.298585e-09,4.298585e-11
1.120499e+00,1.996468e-10,4.165000e-09,4.165000e-11
1.123387e+00,1.992721e-10,4.083549e-09,4.083549e-11
1.126275e+00,1.986194e-10,4.009014e-09,4.009014e-11
1.129163e+00,1.965985e-10,3.952749e-09,3.952749e-11
1.132051e+00,1.954773e-10,3.910250e-09,3.910250e-11
1.134939e+00,1.918660e-10,3.847047e-09,3.847047e-11
1.137827e+00,1.880784e-10,3.771155e-09,3.771155e-11
1.140715e+00,1.825098e-10,3.676784e-09,3.676784e-11
1.143603e+00,1.769146e-10,3.599229e-09,3.599229e-11
1.146490e+00,1.701486e-10,3.502310e-09,3.502310e-11
1.149378e+00,1.653085e-10,3.453850e-09,3.453850e-11
1.152266e+00,1.595404e-10,3.383421e-09,3.383421e-11
1.155154e+00,1.567527e-10,3.370062e-09,3.370062e-11
1.158042e+00,1.532692e-10,3.329016e-09,3.329016e-11
1.160930e+00,1.514892e-10,3.339135e-09,3.339135e-11
1.163818e+00,1.495373e-10,3.320036e-09,3.320036e-11
1.166706e+00,1.496311e-10,3.347058e-09,3.347058e-11
1.169594e+00,1.482862e-10,3.332033e-09,3.332033e-11
1.172481e+00,1.492935e-10,3.353764e-09,3.353764e-11
1.175369e+00,1.479055e-10,3.328934e-09,3.328934e-11
1.178257e+00,1.480705e-10,3.334166e-09,3.334166e-11
1.181145e+00,1.464912e-10,3.313585e-09,3.313585e-11
1.184033e+00,1.464446e-10,3.315137e-09,3.315137e-11
1.186921e+00,1.450440e-10,3.307382e-09,3.307382e-11
1.189809e+00,1.454876e-10,3.309581e-09,3.309581e-11
1.192697e+00,1.442594e-10,3.308810e-09,3.308810e-11
1.195585e+00,1.445685e-10,3.313551e-09,3.313551e-11
1.198472e+00,1.443041e-10,3.325324e-09,3.325324e-11
1.201360e+00,1.443270e-10,3.347052e-09,3.347052e-11
1.204248e+00,1.454068e-10,3.388719e-09,3.388719e-11
1.207136e+00,1.457271e-10,3.434882e-09,3.434882e-11
1.210024e+00,1.470166e-10,3.501849e-09,3.501849e-11
1.212912e+00,1.475063e-10,3.563686e-09,3.563686e-11
1.215800e+00,1.491887e-10,3.643342e-09,3.643342e-11
1.218688e+00,1.496284e-10,3.717265e-09,3.717265e-11
1.221575e+00,1.523083e-10,3.810607e-09,3.810607e-11
1.224463e+00,1.531557e-10,3.903543e-09,3.903543e-11
1.227351e+00,1.560808e-10,4.014497e-09,4.014497e-11
1.230239e+00,1.576621e-10,4.124672e-09,4.124672e-11
1.233127e+00,1.604711e-10,4.246431e-09,4.246431e-11
1.236015e+00,1.625644e-10,4.364032e-09,4.364032e-11
1.238903e+00,1.657692e-10,4.486806e-09,4.486806e-11
1.241791e+00,1.675851e-10,4.601172e-09,4.601172e-11
1.244679e+00,1.704313e-10,4.716096e-09,4.716096e-11
1.247566e+00,1.716517e-10,4.817973e-09,4.817973e-11
1.250454e+00,1.731653e-10,4.915175e-09,4.915175e-11
1.253342e+00,1.738932e-10,4.996114e-09,4.996114e-11
1.256230e+00,1.743699e-10,5.067216e-09,5.067216e-11
1.259118e+00,1.742753e-10,5.121225e-09,5.121225e-11
1.262006e+00,1.741282e-10,5.162760e-09,5.162760e-11
1.264894e+00,1.733818e-10,5.187867e-09,5.187867e-11
1.267782e+00,1.725502e-10,5.198944e-09,5.198944e-11
1.270670e+00,1.718562e-10,5.194972e-09,5.194972e-11
1.273557e+00,1.707442e-10,5.178182e-09,5.178182e-11
1.276445e+00,1.700007e-10,5.149126e-09,5.149126e-11
1.279333e+00,1.687469e-10,5.110193e-09,5.110193e-11
1.282221e+00,1.673577e-10,5.063707e-09,5.063707e-11
1.285109e+00,1.655440e-10,5.009213e-09,5.009213e-11
1.287997e+00,1.634695e-10,4.952129e-09,4.952129e-11
1.290885e+00,1.607377e-10,4.888922e-09,4.888922e-11
1.293773e+00,1.579981e-10,4.827227e-09,4.827227e-11
1.296660e+00,1.543090e-10,4.761385e-09,4.761385e-11
1.299548e+00,1.506950e-10,4.699541e-09,4.699541e-11
1.302436e+00,1.464133e-10,4.635784e-09,4.635784e-11
1.305324e+00,1.425714e-10,4.576243e-09,4.576243e-11
1.308212e+00,1.381315e-10,4.514278e-09,4.514278e-11
1.311100e+00,1.347856e-10,4.453988e-09,4.453988e-11
1.313988e+00,1.304448e-10,4.388728e-09,4.388728e-11
1.316876e+00,1.274580e-10,4.322063e-09,4.322063e-11
1.319764e+00,1.235977e-10,4.247527e-09,4.247527e-11
1.322651e+00,1.208750e-10,4.168614e-09,4.168614e-11
1.325539e+00,1.174648e-10,4.079766e-09,4.079766e-11
1.328427e+00,1.150165e-10,3.984308e-09,3.984308e-11
1.331315e+00,1.117297e-10,3.878926e-09,3.878926e-11
1.334203e+00,1.092901e-10,3.767132e-09,3.767132e-11
1.337091e+00,1.063248e-10,3.648168e-09,3.648168e-11
1.339979e+00,1.037660e-10,3.525798e-09,3.525798e-11
1.342867e+00,1.015254e-10,3.403296e-09,3.403296e-11
1.345755e+00,9.929017e-11,3.283974e-09,3.283974e-11
1.348642e+00,9.769009e-11,3.173572e-09,3.173572e-11
1.351530e+00,9.618942e-11,3.074172e-09,3.074172e-11
1.354418e+00,9.544998e-11,2.992128e-09,2.992128e-11
1.357306e+00,9.471262e-11,2.927117e-09,2.927117e-11
1.360194e+00,9.527978e-11,2.884164e-09,2.884164e-11
1.363082e+00,9.539331e-11,2.859582e-09,2.859582e-11
1.365970e+00,9.704989e-11,2.856556e-09,2.856556e-11
1.368858e+00,9.820440e-11,2.868800e-09,2.868800e-11
1.371746e+00,1.006743e-10,2.899656e-09,2.899656e-11
1.374633e+00,1.029220e-10,2.944612e-09,2.944612e-11
1.377521e+00,1.064156e-10,3.008814e-09,3.008814e-11
1.380409e+00,1.095281e-10,3.089883e-09,3.089883e-11
1.383297e+00,1.139449e-10,3.193380e-09,3.193380e-11
1.386185e+00,1.178660e-10,3.318639e-09,3.318639e-11
1.389073e+00,1.226843e-10,3.469276e-09,3.469276e-11
1.391961e+00,1.273909e-10,3.643071e-09,3.643071e-11
1.394849e+00,1.323228e-10,3.839473e-09,3.839473e-11
1.397736e+00,1.372616e-10,4.054003e-09,4.054003e-11
1.400624e+00,1.421051e-10,4.282204e-09,4.282204e-11
1.403512e+00,1.466207e-10,4.517697e-09,4.517697e-11
1.406400e+00,1.508527e-10,4.753791e-09,4.753791e-11
1.409288e+00,1.547768e-10,4.983724e-09,4.983724e-11
1.412176e+00,1.579499e-10,5.200339e-09,5.200339e-11
1.415064e+00,1.609694e-10,5.398166e-09,5.398166e-11
1.417952e+00,1.630559e-10,5.571361e-09,5.571361e-11
1.420840e+00,1.647769e-10,5.716149e-09,5.716149e-11
1.423727e+00,1.658005e-10,5.828686e-09,5.828686e-11
1.426615e+00,1.663380e-10,5.907084e-09,5.907084e-11
1.429503e+00,1.661998e-10,5.949509e-09,5.949509e-11
1.432391e+00,1.658273e-10,5.956021e-09,5.956021e-11
1.435279e+00,1.645375e-10,5.926526e-09,5.926526e-11
1.438167e+00,1.632071e-10,5.862823e-09,5.862823e-11
1.441055e+00,1.610253e-10,5.766511e-09,5.766511e-11
1.443943e+00,1.587979e-10,5.640957e-09,5.640957e-11
1.446831e+00,1.558521e-10,5.488905e-09,5.488905e-11
1.449718e+00,1.530491e-10,5.314962e-09,5.314962e-11
1.452606e+00,1.493882e-10,5.123231e-09,5.123231e-11
1.455494e+00,1.461333e-10,4.919275e-09,4.919275e-11
1.458382e+00,1.421165e-10,4.708113e-09,4.708113e-11
1.461270e+00,1.385016e-10,4.495881e-09,4.495881e-11
1.464158e+00,1.345544e-10,4.287959e-09,4.287959e-11
1.467046e+00,1.309162e-10,4.090077e-09,4.090077e-11
1.469934e+00,1.272337e-10,3.906964e-09,3.906964e-11
1.472821e+00,1.239330e-10,3.742797e-09,3.742797e-11
1.475709e+00,1.207712e-10,3.600338e-09,3.600338e-11
1.478597e+00,1.179661e-10,3.481176e-09,3.481176e-11
1.481485e+00,1.156463e-10,3.385241e-09,3.385241e-11
1.484373e+00,1.134663e-10,3.311238e-09,3.311238e-11
1.487261e+00,1.119771e-10,3.257179e-09,3.257179e-11
1.490149e+00,1.105707e-10,3.220166e-09,3.220166e-11
1.493037e+00,1.097959e-10,3.197932e-09,3.197932e-11
1.495925e+00,1.091195e-10,3.187787e-09,3.187787e-11
1.498812e+00,1.090568e-10,3.188210e-09,3.188210e-11
1.501700e+00,1.088899e-10,3.197250e-09,3.197250e-11
1.504588e+00,1.093551e-10,3.214438e-09,3.214438e-11
1.507476e+00,1.095493e-10,3.238655e-09,3.238655e-11
1.510364e+00,1.102059e-10,3.269488e-09,3.269488e-11
1.513252e+00,1.106269e-10,3.305801e-09,3.305801e-11
1.516140e+00,1.113181e-10,3.346925e-09,3.346925e-11
1.519028e+00,1.116937e-10,3.391422e-09,3.391422e-11
1.521916e+00,1.122924e-10,3.438186e-09,3.438186e-11
1.524803e+00,1.124394e-10,3.485576e-09,3.485576e-11
1.527691e+00,1.127163e-10,3.532324e-09,3.532324e-11
1.530579e+00,1.126634e-10,3.576677e-09,3.576677e-11
1.533467e+00,1.125360e-10,3.617188e-09,3.617188e-11
1.536355e+00,1.122481e-10,3.652257e-09,3.652257e-11
1.539243e+00,1.118690e-10,3.680532e-09,3.680532e-11
1.542131e+00,1.113215e-10,3.700413e-09,3.700413e-11
1.545019e+00,1.107836e-10,3.710649e-09,3.710649e-11
1.547907e+00,1.101621e-10,3.710256e-09,3.710256e-11
1.550794e+00,1.095198e-10,3.698459e-09,3.698459e-11
1.553682e+00,1.090079e-10,3.674863e-09,3.674863e-11
1.556570e+00,1.084023e-10,3.639864e-09,3.639864e-11
1.559458e+00,1.080034e-10,3.594781e-09,3.594781e-11
1.562346e+00,1.076300e-10,3.541578e-09,3.541578e-11
1.565234e+00,1.074412e-10,3.483431e-09,3.483431e-11
1.568122e+00,1.073323e-10,3.424520e-09,3.424520e-11
1.571010e+00,1.075819e-10,3.369923e-09,3.369923e-11
1.573897e+00,1.077549e-10,3.324987e-09,3.324987e-11
1.576785e+00,1.084781e-10,3.295526e-09,3.295526e-11
1.579673e+00,1.091081e-10,3.286631e-09,3.286631e-11
1.582561e+00,1.102880e-10,3.302690e-09,3.302690e-11
1.585449e+00,1.114892e-10,3.346568e-09,3.346568e-11
1.588337e+00,1.132097e-10,3.419564e-09,3.419564e-11
1.591225e+00,1.149039e-10,3.520674e-09,3.520674e-11
1.594113e+00,1.171532e-10,3.647588e-09,3.647588e-11
1.597001e+00,1.192907e-10,3.796806e-09,3.796806e-11
1.599888e+00,1.218749e-10,3.964296e-09,3.964296e-11
1.602776e+00,1.244485e-10,4.145410e-09,4.145410e-11
1.605664e+00,1.272002e-10,4.335690e-09,4.335690e-11
1.608552e+00,1.300168e-10,4.530709e-09,4.530709e-11
1.611440e+00,1.328654e-10,4.726305e-09,4.726305e-11
1.614328e+00,1.357110e-10,4.918592e-09,4.918592e-11
1.617216e+00,1.385074e-10,5.104075e-09,5.104075e-11
1.620104e+00,1.412975e-10,5.279651e-09,5.279651e-11
1.622992e+00,1.438614e-10,5.442560e-09,5.442560e-11
1.625879e+00,1.464949e-10,5.590347e-09,5.590347e-11
1.628767e+00,1.487635e-10,5.720910e-09,5.720910e-11
1.631655e+00,1.510670e-10,5.832548e-09,5.832548e-11
1.634543e+00,1.530140e-10,5.923822e-09,5.923822e-11
1.637431e+00,1.549127e-10,5.993665e-09,5.993665e-11
1.640319e+00,1.563869e-10,6.041237e-09,6.041237e-11
1.643207e+00,1.577962e-10,6.065946e-09,6.065946e-11
1.646095e+00,1.586246e-10,6.067457e-09,6.067457e-11
1.648982e+00,1.593523e-10,6.045777e-09,6.045777e-11
1.651870e+00,1.594698e-10,6.001025e-09,6.001025e-11
1.654758e+00,1.593443e-10,5.933673e-09,5.933673e-11
1.657646e+00,1.586262e-10,5.844464e-09,5.844464e-11
1.660534e+00,1.575817e-10,5.734428e-09,5.734428e-11
1.663422e+00,1.558990e-10,5.604846e-09,5.604846e-11
1.666310e+00,1.538567e-10,5.457420e-09,5.457420e-11
1.669198e+00,1.512338e-10,5.294182e-09,5.294182e-11
1.672086e+00,1.481849e-10,5.117510e-09,5.117510e-11
1.674973e+00,1.447200e-10,4.930102e-09,4.930102e-11
1.677861e+00,1.408077e-10,4.735075e-09,4.735075e-11
1.680749e+00,1.366307e-10,4.535819e-09,4.535819e-11
1.683637e+00,1.321260e-10,4.335787e-09,4.335787e-11
1.686525e+00,1.274647e-10,4.138401e-09,4.138401e-11
1.689413e+00,1.225724e-10,3.947100e-09,3.947100e-11
1.692301e+00,1.177291e-10,3.765152e-09,3.765152e-11
1.695189e+00,1.127199e-10,3.595232e-09,3.595232e-11
1.698077e+00,1.079334e-10,3.439372e-09,3.439372e-11
1.700964e+00,1.031221e-10,3.298919e-09,3.298919e-11
1.703852e+00,9.862170e-11,3.174429e-09,3.174429e-11
1.706740e+00,9.427224e-11,3.065467e-09,3.065467e-11
1.709628e+00,9.032299e-11,2.971075e-09,2.971075e-11
1.712516e+00,8.657756e-11,2.890052e-09,2.890052e-11
1.715404e+00,8.337251e-11,2.821093e-09,2.821093e-11
1.718292e+00,8.041102e-11,2.762813e-09,2.762813e-11
1.721180e+00,7.799811e-11,2.714313e-09,2.714313e-11
1.724068e+00,7.595666e-11,2.675068e-09,2.675068e-11
1.726955e+00,7.441430e-11,2.644711e-09,2.644711e-11
1.729843e+00,7.330168e-11,2.623027e-09,2.623027e-11
1.732731e+00,7.267510e-11,2.609938e-09,2.609938e-11
1.735619e+00,7.242923e-11,2.605121e-09,2.605121e-11
1.738507e+00,7.260937e-11,2.607905e-09,2.607905e-11
1.741395e+00,7.314832e-11,2.617361e-09,2.617361e-11
1.744283e+00,7.394322e-11,2.632398e-09,2.632398e-11
1.747171e+00,7.508167e-11,2.651762e-09,2.651762e-11
1.750058e+00,7.633143e-11,2.674100e-09,2.674100e-11
1.752946e+00,7.780433e-11,2.698100e-09,2.698100e-11
1.755834e+00,7.933002e-11,2.722558e-09,2.722558e-11
1.758722e+00,8.094267e-11,2.746540e-09,2.746540e-11
1.761610e+00,8.251429e-11,2.769247e-09,2.769247e-11
1.764498e+00,8.411889e-11,2.789981e-09,2.789981e-11
1.767386e+00,8.557254e-11,2.808339e-09,2.808339e-11
1.770274e+00,8.701799e-11,2.824170e-09,2.824170e-11
1.773162e+00,8.830422e-11,2.837404e-09,2.837404e-11
1.776049e+00,8.950596e-11,2.848157e-09,2.848157e-11
1.778937e+00,9.056753e-11,2.856676e-09,2.856676e-11
1.781825e+00,9.152968e-11,2.863250e-09,2.863250e-11
1.784713e+00,9.230385e-11,2.868194e-09,2.868194e-11
1.787601e+00,9.299983e-11,2.871746e-09,2.871746e-11
1.790489e+00,9.348855e-11,2.873980e-09,2.873980e-11
1.793377e+00,9.387740e-11,2.874758e-09,2.874758e-11
1.796265e+00,9.409216e-11,2.873696e-09,2.873696e-11
1.799153e+00,9.416550e-11,2.870295e-09,2.870295e-11
1.802040e+00,9.406593e-11,2.864051e-09,2.864051e-11
1.804928e+00,9.384429e-11,2.854462e-09,2.854462e-11
1.807816e+00,9.344053e-11,2.841116e-09,2.841116e-11
1.810704e+00,9.293643e-11,2.824001e-09,2.824001e-11
1.813592e+00,9.231578e-11,2.803502e-09,2.803502e-11
1.816480e+00,9.160916e-11,2.780309e-09,2.780309e-11
1.819368e+00,9.086990e-11,2.755423e-09,2.755423e-11
1.822256e+00,9.011288e-11,2.730118e-09,2.730118e-11
1.825143e+00,8.938863e-11,2.705663e-09,2.705663e-11
1.828031e+00,8.873554e-11,2.683143e-09,2.683143e-11
1.830919e+00,8.820051e-11,2.663409e-09,2.663409e-11
1.833807e+00,8.777847e-11,2.647019e-09,2.647019e-11
1.836695e+00,8.756934e-11,2.634244e-09,2.634244e-11
1.839583e+00,8.750597e-11,2.625268e-09,2.625268e-11
1.842471e+00,8.771367e-11,2.620386e-09,2.620386e-11
1.845359e+00,8.811548e-11,2.620038e-09,2.620038e-11
1.848247e+00,8.881429e-11,2.624940e-09,2.624940e-11
1.851134e+00,8.970123e-11,2.636223e-09,2.636223e-11
1.854022e+00,9.092013e-11,2.655402e-09,2.655402e-11
1.856910e+00,9.230689e-11,2.684110e-09,2.684110e-11
1.859798e+00,9.403102e-11,2.723893e-09,2.723893e-11
1.862686e+00,9.593680e-11,2.776020e-09,2.776020e-11
1.865574e+00,9.813881e-11,2.841308e-09,2.841308e-11
1.868462e+00,1.005415e-10,2.919884e-09,2.919884e-11
1.871350e+00,1.031843e-10,3.011221e-09,3.011221e-11
1.874238e+00,1.059903e-10,3.114247e-09,3.114247e-11
1.877125e+00,1.089758e-10,3.227359e-09,3.227359e-11
1.880013e+00,1.120738e-10,3.348537e-09,3.348537e-11
1.882901e+00,1.152226e-10,3.475664e-09,3.475664e-11
1.885789e+00,1.184377e-10,3.606548e-09,3.606548e-11
1.888677e+00,1.215646e-10,3.738776e-09,3.738776e-11
1.891565e+00,1.246608e-10,3.869952e-09,3.869952e-11
1.894453e+00,1.275594e-10,3.997817e-09,3.997817e-11
1.897341e+00,1.302845e-10,4.120134e-09,4.120134e-11
1.900229e+00,1.326965e-10,4.234783e-09,4.234783e-11
1.903116e+00,1.348272e-10,4.339763e-09,4.339763e-11
1.906004e+00,1.365131e-10,4.433013e-09,4.433013e-11
1.908892e+00,1.378372e-10,4.512608e-09,4.512608e-11
1.911780e+00,1.386592e-10,4.576948e-09,4.576948e-11
1.914668e+00,1.390433e-10,4.624474e-09,4.624474e-11
1.917556e+00,1.389263e-10,4.653566e-09,4.653566e-11
1.920444e+00,1.383196e-10,4.662809e-09,4.662809e-11
1.923332e+00,1.372029e-10,4.651071e-09,4.651071e-11
1.926219e+00,1.356053e-10,4.617349e-09,4.617349e-11
1.929107e+00,1.334882e-10,4.560783e-09,4.560783e-11
1.931995e+00,1.308945e-10,4.480952e-09,4.480952e-11
1.934883e+00,1.278492e-10,4.378032e-09,4.378032e-11
1.937771e+00,1.243669e-10,4.252590e-09,4.252590e-11
1.940659e+00,1.205206e-10,4.105516e-09,4.105516e-11
1.943547e+00,1.163159e-10,3.938273e-09,3.938273e-11
1.946435e+00,1.118405e-10,3.753048e-09,3.753048e-11
1.949323e+00,1.071492e-10,3.552829e-09,3.552829e-11
1.952210e+00,1.023227e-10,3.341352e-09,3.341352e-11
1.955098e+00,9.742712e-11,3.122962e-09,3.122962e-11
1.957986e+00,9.257898e-11,2.902707e-09,2.902707e-11
1.960874e+00,8.783726e-11,2.686428e-09,2.686428e-11
1.963762e+00,8.333011e-11,2.480489e-09,2.480489e-11
1.966650e+00,7.913367e-11,2.291439e-09,2.291439e-11
1.969538e+00,7.532904e-11,2.125729e-09,2.125729e-11
1.972426e+00,7.200941e-11,1.989036e-09,1.989036e-11
1.975314e+00,6.922448e-11,1.885303e-09,1.885303e-11
1.978201e+00,6.700995e-11,1.816155e-09,1.816155e-11
1.981089e+00,6.542062e-11,1.780608e-09,1.780608e-11
1.983977e+00,6.443946e-11,1.775252e-09,1.775252e-11
1.986865e+00,6.408243e-11,1.795464e-09,1.795464e-11
1.989753e+00,6.431475e-11,1.836672e-09,1.836672e-11
1.992641e+00,6.511495e-11,1.895011e-09,1.895011e-11
1.995529e+00,6.640078e-11,1.967665e-09,1.967665e-11
1.998417e+00,6.815285e-11,2.052884e-09,2.052884e-11
2.001304e+00,7.025702e-11,2.149538e-09,2.149538e-11
2.004192e+00,7.268381e-11,2.256546e-09,2.256546e-11
2.007080e+00,7.532287e-11,2.372490e-09,2.372490e-11
2.009968e+00,7.811691e-11,2.495387e-09,2.495387e-11
2.012856e+00,8.096590e-11,2.622591e-09,2.622591e-11
2.015744e+00,8.381225e-11,2.750957e-09,2.750957e-11
2.018632e+00,8.656306e-11,2.877049e-09,2.877049e-11
2.021520e+00,8.916627e-11,2.997280e-09,2.997280e-11
2.024408e+00,9.155004e-11,3.108199e-09,3.108199e-11
2.027295e+00,9.366537e-11,3.206700e-09,3.206700e-11
2.030183e+00,9.547768e-11,3.290095e-09,3.290095e-11
2.033071e+00,9.693364e-11,3.356233e-09,3.356233e-11
2.035959e+00,9.801230e-11,3.403548e-09,3.403548e-11
2.038847e+00,9.869000e-11,3.431084e-09,3.431084e-11
2.041735e+00,9.896293e-11,3.438457e-09,3.438457e-11
2.044623e+00,9.880854e-11,3.425793e-09,3.425793e-11
2.047511e+00,9.827372e-11,3.393824e-09,3.393824e-11
2.050399e+00,9.734067e-11,3.343808e-09,3.343808e-11
2.053286e+00,9.608442e-11,3.277370e-09,3.277370e-11
2.056174e+00,9.450277e-11,3.196554e-09,3.196554e-11
2.059062e+00,9.266928e-11,3.103805e-09,3.103805e-11
2.061950e+00,9.059497e-11,3.001911e-09,3.001911e-11
2.064838e+00,8.836388e-11,2.893946e-09,2.893946e-11
2.067726e+00,8.598094e-11,2.783121e-09,2.783121e-11
2.070614e+00,8.354942e-11,2.672639e-09,2.672639e-11
2.073502e+00,8.107490e-11,2.565568e-09,2.565568e-11
2.076390e+00,7.864365e-11,2.464705e-09,2.464705e-11
2.079277e+00,7.628766e-11,2.372306e-09,2.372306e-11
2.082165e+00,7.405063e-11,2.289865e-09,2.289865e-11
2.085053e+00,7.196580e-11,2.218153e-09,2.218153e-11
2.087941e+00,7.006855e-11,2.157181e-09,2.157181e-11
2.090829e+00,6.837462e-11,2.106149e-09,2.106149e-11
2.093717e+00,6.690446e-11,2.063669e-09,2.063669e-11
2.096605e+00,6.568291e-11,2.028035e-09,2.028035e-11
2.099493e+00,6.469530e-11,1.997499e-09,1.997499e-11
2.102380e+00,6.397503e-11,1.970527e-09,1.970527e-11
2.105268e+00,6.348546e-11,1.945937e-09,1.945937e-11
2.108156e+00,6.323485e-11,1.923022e-09,1.923022e-11
2.111044e+00,6.318140e-11,1.901673e-09,1.901673e-11
2.113932e+00,6.331718e-11,1.882386e-09,1.882386e-11
2.116820e+00,6.358798e-11,1.866250e-09,1.866250e-11
2.119708e+00,6.400639e-11,1.854868e-09,1.854868e-11
2.122596e+00,6.451502e-11,1.850146e-09,1.850146e-11
2.125484e+00,6.513965e-11,1.854188e-09,1.854188e-11
2.128371e+00,6.584609e-11,1.869029e-09,1.869029e-11
2.131259e+00,6.664651e-11,1.896179e-09,1.896179e-11
2.134147e+00,6.752470e-11,1.936327e-09,1.936327e-11
2.137035e+00,6.849347e-11,1.989295e-09,1.989295e-11
2.139923e+00,6.953833e-11,2.054048e-09,2.054048e-11
2.142811e+00,7.069211e-11,2.128672e-09,2.128672e-11
2.145699e+00,7.194777e-11,2.210550e-09,2.210550e-11
2.148587e+00,7.332063e-11,2.296868e-09,2.296868e-11
2.151475e+00,7.482925e-11,2.384920e-09,2.384920e-11
2.154362e+00,7.646654e-11,2.472105e-09,2.472105e-11
2.157250e+00,7.822948e-11,2.556103e-09,2.556103e-11
2.160138e+00,8.010041e-11,2.635155e-09,2.635155e-11
2.163026e+00,8.206198e-11,2.708196e-09,2.708196e-11
2.165914e+00,8.408707e-11,2.774678e-09,2.774678e-11
2.168802e+00,8.615817e-11,2.834389e-09,2.834389e-11
2.171690e+00,8.823309e-11,2.887563e-09,2.887563e-11
2.174578e+00,9.030862e-11,2.934832e-09,2.934832e-11
2.177465e+00,9.234412e-11,2.976975e-09,2.976975e-11
2.180353e+00,9.433073e-11,3.014930e-09,3.014930e-11
2.183241e+00,9.624489e-11,3.049812e-09,3.049812e-11
2.186129e+00,9.808493e-11,3.082725e-09,3.082725e-11
2.189017e+00,9.982657e-11,3.114680e-09,3.114680e-11
2.191905e+00,1.014840e-10,3.146558e-09,3.146558e-11
2.194793e+00,1.030383e-10,3.179022e-09,3.179022e-11
2.197681e+00,1.045013e-10,3.212397e-09,3.212397e-11
2.200569e+00,1.058520e-10,3.246598e-09,3.246598e-11
2.203456e+00,1.070982e-10,3.281164e-09,3.281164e-11
2.206344e+00,1.082191e-10,3.315230e-09,3.315230e-11
2.209232e+00,1.092118e-10,3.347471e-09,3.347471e-11
2.212120e+00,1.100425e-10,3.376278e-09,3.376278e-11
2.215008e+00,1.107063e-10,3.399944e-09,3.399944e-11
2.217896e+00,1.111833e-10,3.416817e-09,3.416817e-11
2.220784e+00,1.114583e-10,3.425432e-09,3.425432e-11
2.223672e+00,1.115200e-10,3.424638e-09,3.424638e-11
2.226560e+00,1.113599e-10,3.413845e-09,3.413845e-11
2.229447e+00,1.109793e-10,3.393129e-09,3.393129e-11
2.232335e+00,1.103847e-10,3.363131e-09,3.363131e-11
2.235223e+00,1.095945e-10,3.325081e-09,3.325081e-11
2.238111e+00,1.086276e-10,3.280821e-09,3.280821e-11
2.240999e+00,1.075262e-10,3.232550e-09,3.232550e-11
2.243887e+00,1.063103e-10,3.182639e-09,3.182639e-11
2.246775e+00,1.050216e-10,3.133580e-09,3.133580e-11
2.249663e+00,1.036891e-10,3.087813e-09,3.087813e-11
2.252551e+00,1.023475e-10,3.047298e-09,3.047298e-11
2.255438e+00,1.010106e-10,3.013313e-09,3.013313e-11
2.258326e+00,9.970504e-11,2.986588e-09,2.986588e-11
2.261214e+00,9.843602e-11,2.967279e-09,2.967279e-11
2.264102e+00,9.723204e-11,2.954800e-09,2.954800e-11
2.266990e+00,9.608009e-11,2.947897e-09,2.947897e-11
2.269878e+00,9.498944e-11,2.944870e-09,2.944870e-11
2.272766e+00,9.394914e-11,2.943840e-09,2.943840e-11
2.275654e+00,9.295375e-11,2.942925e-09,2.942925e-11
2.278541e+00,9.199083e-11,2.940257e-09,2.940257e-11
2.281429e+00,9.105980e-11,2.934153e-09,2.934153e-11
2.284317e+00,9.014525e-11,2.923327e-09,2.923327e-11
2.287205e+00,8.925338e-11,2.906864e-09,2.906864e-11
2.290093e+00,8.838575e-11,2.884233e-09,2.884233e-11
2.292981e+00,8.754483e-11,2.855319e-09,2.855319e-11
2.295869e+00,8.673122e-11,2.820262e-09,2.820262e-11
2.298757e+00,8.594126e-11,2.779480e-09,2.779480e-11
2.301645e+00,8.517459e-11,2.733762e-09,2.733762e-11
2.304532e+00,8.443744e-11,2.684136e-09,2.684136e-11
2.307420e+00,8.373415e-11,2.631821e-09,2.631821e-11
2.310308e+00,8.307429e-11,2.578220e-09,2.578220e-11
2.313196e+00,8.246880e-11,2.524787e-09,2.524787e-11
2.316084e+00,8.192185e-11,2.473007e-09,2.473007e-11
2.318972e+00,8.144299e-11,2.424514e-09,2.424514e-11
2.321860e+00,8.103224e-11,2.381042e-09,2.381042e-11
2.324748e+00,8.069710e-11,2.344274e-09,2.344274e-11
2.327636e+00,8.043885e-11,2.315850e-09,2.315850e-11
2.330523e+00,8.026643e-11,2.297359e-09,2.297359e-11
2.333411e+00,8.018241e-11,2.290078e-09,2.290078e-11
2.336299e+00,8.020228e-11,2.294857e-09,2.294857e-11
2.339187e+00,8.032064e-11,2.312129e-09,2.312129e-11
2.342075e+00,8.054190e-11,2.341784e-09,2.341784e-11
2.344963e+00,8.085430e-11,2.383095e-09,2.383095e-11
2.347851e+00,8.125278e-11,2.434797e-09,2.434797e-11
2.350739e+00,8.170206e-11,2.495293e-09,2.495293e-11
2.353626e+00,8.220318e-11,2.562796e-09,2.562796e-11
2.356514e+00,8.272900e-11,2.635285e-09,2.635285e-11
2.359402e+00,8.326186e-11,2.710672e-09,2.710672e-11
2.362290e+00,8.378190e-11,2.786969e-09,2.786969e-11
2.365178e+00,8.427680e-11,2.862283e-09,2.862283e-11
2.368066e+00,8.471829e-11,2.934905e-09,2.934905e-11
2.370954e+00,8.509035e-11,3.003298e-09,3.003298e-11
2.373842e+00,8.537107e-11,3.066002e-09,3.066002e-11
2.376730e+00,8.554579e-11,3.121752e-09,3.121752e-11
2.379617e+00,8.560254e-11,3.169535e-09,3.169535e-11
2.382505e+00,8.553036e-11,3.208477e-09,3.208477e-11
2.385393e+00,8.533370e-11,3.237843e-09,3.237843e-11
2.388281e+00,8.500332e-11,3.257084e-09,3.257084e-11
2.391169e+00,8.454040e-11,3.265881e-09,3.265881e-11
2.394057e+00,8.393959e-11,3.264182e-09,3.264182e-11
2.396945e+00,8.320461e-11,3.252194e-09,3.252194e-11
2.399833e+00,8.232666e-11,3.230423e-09,3.230423e-11
2.402721e+00,8.132671e-11,3.199793e-09,3.199793e-11
2.405608e+00,8.020164e-11,3.161598e-09,3.161598e-11
2.408496e+00,7.897469e-11,3.117345e-09,3.117345e-11
2.411384e+00,7.765660e-11,3.068734e-09,3.068734e-11
2.414272e+00,7.627181e-11,3.017652e-09,3.017652e-11
2.417160e+00,7.483988e-11,2.965963e-09,2.965963e-11
2.420048e+00,7.338726e-11,2.915329e-09,2.915329e-11
2.422936e+00,7.193554e-11,2.867154e-09,2.867154e-11
2.425824e+00,7.051812e-11,2.822455e-09,2.822455e-11
2.428712e+00,6.916112e-11,2.781750e-09,2.781750e-11
2.431599e+00,6.788933e-11,2.745052e-09,2.745052e-11
2.434487e+00,6.672529e-11,2.711891e-09,2.711891e-11
2.437375e+00,6.568596e-11,2.681442e-09,2.681442e-11
2.440263e+00,6.478538e-11,2.652713e-09,2.652713e-11
2.443151e+00,6.403430e-11,2.624652e-09,2.624652e-11
2.446039e+00,6.343637e-11,2.596238e-09,2.596238e-11
2.448927e+00,6.299098e-11,2.566683e-09,2.566683e-11
2.451815e+00,6.270380e-11,2.535614e-09,2.535614e-11
2.454702e+00,6.257015e-11,2.503005e-09,2.503005e-11
2.457590e+00,6.258187e-11,2.469125e-09,2.469125e-11
2.460478e+00,6.273673e-11,2.434681e-09,2.434681e-11
2.463366e+00,6.302878e-11,2.400810e-09,2.400810e-11
2.466254e+00,6.345476e-11,2.368822e-09,2.368822e-11
2.469142e+00,6.401205e-11,2.340122e-09,2.340122e-11
2.472030e+00,6.470189e-11,2.316276e-09,2.316276e-11
2.474918e+00,6.553219e-11,2.298773e-09,2.298773e-11
2.477806e+00,6.650014e-11,2.288787e-09,2.288787e-11
2.480693e+00,6.760920e-11,2.287245e-09,2.287245e-11
2.483581e+00,6.885911e-11,2.294774e-09,2.294774e-11
2.486469e+00,7.024697e-11,2.311547e-09,2.311547e-11
2.489357e+00,7.175856e-11,2.337364e-09,2.337364e-11
2.492245e+00,7.338713e-11,2.371743e-09,2.371743e-11
2.495133e+00,7.511467e-11,2.413897e-09,2.413897e-11
2.498021e+00,7.692984e-11,2.462838e-09,2.462838e-11
2.500909e+00,7.880439e-11,2.517493e-09,2.517493e-11
2.503797e+00,8.072121e-11,2.576645e-09,2.576645e-11
2.506684e+00,8.264352e-11,2.638995e-09,2.638995e-11
2.509572e+00,8.454537e-11,2.703343e-09,2.703343e-11
2.512460e+00,8.639521e-11,2.768621e-09,2.768621e-11
2.515348e+00,8.817072e-11,2.833907e-09,2.833907e-11
2.518236e+00,8.984987e-11,2.898490e-09,2.898490e-11
2.521124e+00,9.142366e-11,2.961878e-09,2.961878e-11
2.524012e+00,9.287974e-11,3.023799e-09,3.023799e-11
2.526900e+00,9.421553e-11,3.084203e-09,3.084203e-11
2.529787e+00,9.542945e-11,3.143299e-09,3.143299e-11
2.532675e+00,9.652306e-11,3.201569e-09,3.201569e-11
2.535563e+00,9.750255e-11,3.259548e-09,3.259548e-11
2.538451e+00,9.837370e-11,3.317720e-09,3.317720e-11
2.541339e+00,9.915293e-11,3.376585e-09,3.376585e-11
2.544227e+00,9.985011e-11,3.436533e-09,3.436533e-11
2.547115e+00,1.004866e-10,3.497685e-09,3.497685e-11
2.550003e+00,1.010688e-10,3.559917e-09,3.559917e-11
2.552891e+00,1.016071e-10,3.622847e-09,3.622847e-11
2.555778e+00,1.020950e-10,3.685776e-09,3.685776e-11
2.558666e+00,1.025348e-10,3.747737e-09,3.747737e-11
2.561554e+00,1.029133e-10,3.807577e-09,3.807577e-11
2.564442e+00,1.032285e-10,3.863953e-09,3.863953e-11
2.567330e+00,1.034652e-10,3.915391e-09,3.915391e-11
2.570218e+00,1.036194e-10,3.960377e-09,3.960377e-11
2.573106e+00,1.036748e-10,3.997439e-09,3.997439e-11
2.575994e+00,1.036257e-10,4.025200e-09,4.025200e-11
2.578882e+00,1.034616e-10,4.042401e-09,4.042401e-11
2.581769e+00,1.031713e-10,4.047941e-09,4.047941e-11
2.584657e+00,1.027415e-10,4.040974e-09,4.040974e-11
2.587545e+00,1.021751e-10,4.020957e-09,4.020957e-11
2.590433e+00,1.014730e-10,3.987671e-09,3.987671e-11
2.593321e+00,1.006379e-10,3.941241e-09,3.941241e-11
2.596209e+00,9.968539e-11,3.882154e-09,3.882154e-11
2.599097e+00,9.862369e-11,3.811272e-09,3.811272e-11
2.601985e+00,9.747183e-11,3.729844e-09,3.729844e-11
2.604873e+00,9.624448e-11,3.639476e-09,3.639476e-11
2.607760e+00,9.495534e-11,3.542028e-09,3.542028e-11
2.610648e+00,9.361937e-11,3.439625e-09,3.439625e-11
2.613536e+00,9.226139e-11,3.334611e-09,3.334611e-11
2.616424e+00,9.089538e-11,3.229356e-09,3.229356e-11
2.619312e+00,8.954657e-11,3.126189e-09,3.126189e-11
2.622200e+00,8.823390e-11,3.027337e-09,3.027337e-11
2.625088e+00,8.697894e-11,2.934799e-09,2.934799e-11
2.627976e+00,8.579331e-11,2.850174e-09,2.850174e-11
2.630863e+00,8.469320e-11,2.774528e-09,2.774528e-11
2.633751e+00,8.368845e-11,2.708454e-09,2.708454e-11
2.636639e+00,8.279516e-11,2.652141e-09,2.652141e-11
2.639527e+00,8.202757e-11,2.605266e-09,2.605266e-11
2.642415e+00,8.140010e-11,2.566958e-09,2.566958e-11
2.645303e+00,8.091905e-11,2.536081e-09,2.536081e-11
2.648191e+00,8.059436e-11,2.511636e-09,2.511636e-11
2.651079e+00,8.043631e-11,2.492671e-09,2.492671e-11
2.653967e+00,8.044968e-11,2.478040e-09,2.478040e-11
2.656854e+00,8.063527e-11,2.466789e-09,2.466789e-11
2.659742e+00,8.100667e-11,2.458581e-09,2.458581e-11
2.662630e+00,8.157869e-11,2.453441e-09,2.453441e-11
2.665518e+00,8.235769e-11,2.451500e-09,2.451500e-11
2.668406e+00,8.335331e-11,2.453229e-09,2.453229e-11
2.671294e+00,8.457660e-11,2.459471e-09,2.459471e-11
2.674182e+00,8.603015e-11,2.471236e-09,2.471236e-11
2.677070e+00,8.771905e-11,2.489793e-09,2.489793e-11
2.679958e+00,8.964600e-11,2.516558e-09,2.516558e-11
2.682845e+00,9.180498e-11,2.552825e-09,2.552825e-11
2.685733e+00,9.419457e-11,2.599769e-09,2.599769e-11
2.688621e+00,9.680425e-11,2.658305e-09,2.658305e-11
2.691509e+00,9.961206e-11,2.728860e-09,2.728860e-11
2.694397e+00,1.025902e-10,2.811412e-09,2.811412e-11
2.697285e+00,1.057102e-10,2.905490e-09,2.905490e-11
2.700173e+00,1.089324e-10,3.010121e-09,3.010121e-11
2.703061e+00,1.122175e-10,3.123864e-09,3.123864e-11
2.705948e+00,1.155157e-10,3.244860e-09,3.244860e-11
2.708836e+00,1.187848e-10,3.370996e-09,3.370996e-11
2.711724e+00,1.219810e-10,3.499997e-09,3.499997e-11
2.714612e+00,1.250578e-10,3.629404e-09,3.629404e-11
2.717500e+00,1.279673e-10,3.756759e-09,3.756759e-11
2.720388e+00,1.306741e-10,3.879644e-09,3.879644e-11
2.723276e+00,1.331330e-10,3.995620e-09,3.995620e-11
2.726164e+00,1.353096e-10,4.102385e-09,4.102385e-11
2.729052e+00,1.371765e-10,4.197784e-09,4.197784e-11
2.731939e+00,1.387112e-10,4.279756e-09,4.279756e-11
2.734827e+00,1.398955e-10,4.346539e-09,4.346539e-11
2.737715e+00,1.407164e-10,4.396694e-09,4.396694e-11
2.740603e+00,1.411583e-10,4.429011e-09,4.429011e-11
2.743491e+00,1.412085e-10,4.442644e-09,4.442644e-11
2.746379e+00,1.408604e-10,4.437243e-09,4.437243e-11
2.749267e+00,1.401116e-10,4.412902e-09,4.412902e-11
2.752155e+00,1.389693e-10,4.370136e-09,4.370136e-11
2.755043e+00,1.374492e-10,4.309900e-09,4.309900e-11
2.757930e+00,1.355712e-10,4.233602e-09,4.233602e-11
2.760818e+00,1.333630e-10,4.143109e-09,4.143109e-11
2.763706e+00,1.308648e-10,4.040612e-09,4.040612e-11
2.766594e+00,1.281045e-10,3.928473e-09,3.928473e-11
2.769482e+00,1.251143e-10,3.809242e-09,3.809242e-11
2.772370e+00,1.219344e-10,3.685584e-09,3.685584e-11
2.775258e+00,1.186079e-10,3.560090e-09,3.560090e-11
2.778146e+00,1.151725e-10,3.435213e-09,3.435213e-11
2.781034e+00,1.116808e-10,3.313235e-09,3.313235e-11
2.783921e+00,1.081746e-10,3.196067e-09,3.196067e-11
2.786809e+00,1.046941e-10,3.085127e-09,3.085127e-11
2.789697e+00,1.012724e-10,2.981412e-09,2.981412e-11
2.792585e+00,9.793382e-11,2.885482e-09,2.885482e-11
2.795473e+00,9.469665e-11,2.797445e-09,2.797445e-11
2.798361e+00,9.158431e-11,2.717126e-09,2.717126e-11
2.801249e+00,8.861095e-11,2.644222e-09,2.644222e-11
2.804137e+00,8.579800e-11,2.578469e-09,2.578469e-11
2.807024e+00,8.317180e-11,2.519794e-09,2.519794e-11
2.809912e+00,8.075040e-11,2.468374e-09,2.468374e-11
2.812800e+00,7.855196e-11,2.424751e-09,2.424751e-11
2.815688e+00,7.659688e-11,2.389900e-09,2.389900e-11
2.818576e+00,7.490276e-11,2.365049e-09,2.365049e-11
2.821464e+00,7.348228e-11,2.351409e-09,2.351409e-11
2.824352e+00,7.234847e-11,2.350016e-09,2.350016e-11
2.827240e+00,7.151014e-11,2.361494e-09,2.361494e-11
2.830128e+00,7.097102e-11,2.385739e-09,2.385739e-11
2.833015e+00,7.072887e-11,2.421813e-09,2.421813e-11
2.835903e+00,7.077766e-11,2.468074e-09,2.468074e-11
2.838791e+00,7.109804e-11,2.522191e-09,2.522191e-11
2.841679e+00,7.166557e-11,2.581212e-09,2.581212e-11
2.844567e+00,7.244788e-11,2.641927e-09,2.641927e-11
2.847455e+00,7.341047e-11,2.701136e-09,2.701136e-11
2.850343e+00,7.451767e-11,2.755782e-09,2.755782e-11
2.853231e+00,7.573945e-11,2.803275e-09,2.803275e-11
2.856119e+00,7.704286e-11,2.841699e-09,2.841699e-11
2.859006e+00,7.839638e-11,2.869875e-09,2.869875e-11
2.861894e+00,7.977240e-11,2.887559e-09,2.887559e-11
2.864782e+00,8.115058e-11,2.895550e-09,2.895550e-11
2.867670e+00,8.250864e-11,2.895688e-09,2.895688e-11
2.870558e+00,8.383736e-11,2.890806e-09,2.890806e-11
2.873446e+00,8.512784e-11,2.884513e-09,2.884513e-11
2.876334e+00,8.637799e-11,2.880981e-09,2.880981e-11
2.879222e+00,8.759193e-11,2.884518e-09,2.884518e-11
2.882109e+00,8.877015e-11,2.898984e-09,2.898984e-11
2.884997e+00,8.991348e-11,2.927389e-09,2.927389e-11
2.887885e+00,9.102731e-11,2.971500e-09,2.971500e-11
2.890773e+00,9.211650e-11,3.031441e-09,3.031441e-11
2.893661e+00,9.318174e-11,3.105708e-09,3.105708e-11
2.896549e+00,9.422357e-11,3.191519e-09,3.191519e-11
2.899437e+00,9.524601e-11,3.285193e-09,3.285193e-11
2.902325e+00,9.625705e-11,3.382557e-09,3.382557e-11
2.905213e+00,9.725316e-11,3.479324e-09,3.479324e-11
2.908100e+00,9.822737e-11,3.571396e-09,3.571396e-11
2.910988e+00,9.917386e-11,3.655133e-09,3.655133e-11
2.913876e+00,1.000852e-10,3.727487e-09,3.727487e-11
2.916764e+00,1.009474e-10,3.785926e-09,3.785926e-11
2.919652e+00,1.017456e-10,3.828476e-09,3.828476e-11
2.922540e+00,1.024600e-10,3.853865e-09,3.853865e-11
2.925428e+00,1.030741e-10,3.861466e-09,3.861466e-11
2.928316e+00,1.035675e-10,3.851192e-09,3.851192e-11
2.931204e+00,1.039155e-10,3.823485e-09,3.823485e-11
2.934091e+00,1.040937e-10,3.779304e-09,3.779304e-11
2.936979e+00,1.040869e-10,3.720122e-09,3.720122e-11
2.939867e+00,1.038817e-10,3.647942e-09,3.647942e-11
2.942755e+00,1.034757e-10,3.565335e-09,3.565335e-11
2.945643e+00,1.028786e-10,3.475346e-09,3.475346e-11
2.948531e+00,1.020999e-10,3.381348e-09,3.381348e-11
2.951419e+00,1.011555e-10,3.287060e-09,3.287060e-11
2.954307e+00,1.000716e-10,3.196434e-09,3.196434e-11
2.957195e+00,9.887290e-11,3.113346e-09,3.113346e-11
2.960082e+00,9.759335e-11,3.041353e-09,3.041353e-11
2.962970e+00,9.626837e-11,2.983391e-09,2.983391e-11
2.965858e+00,9.493001e-11,2.941382e-09,2.941382e-11
2.968746e+00,9.361089e-11,2.915961e-09,2.915961e-11
2.971634e+00,9.233975e-11,2.906454e-09,2.906454e-11
2.974522e+00,9.114004e-11,2.910945e-09,2.910945e-11
2.977410e+00,9.002122e-11,2.926410e-09,2.926410e-11
2.980298e+00,8.898756e-11,2.949188e-09,2.949188e-11
2.983185e+00,8.803828e-11,2.975468e-09,2.975468e-11
2.986073e+00,8.716525e-11,3.001418e-09,3.001418e-11
2.988961e+00,8.636113e-11,3.023494e-09,3.023494e-11
2.991849e+00,8.561972e-11,3.038872e-09,3.038872e-11
2.994737e+00,8.493027e-11,3.045468e-09,3.045468e-11
2.997625e+00,8.428650e-11,3.041898e-09,3.041898e-11
3.000513e+00,8.368219e-11,3.027669e-09,3.027669e-11
3.003401e+00,8.311029e-11,3.003061e-09,3.003061e-11
3.006289e+00,8.256170e-11,2.968836e-09,2.968836e-11
3.009176e+00,8.203021e-11,2.926329e-09,2.926329e-11
3.012064e+00,8.150980e-11,2.877360e-09,2.877360e-11
3.014952e+00,8.100100e-11,2.823865e-09,2.823865e-11
3.017840e+00,8.050296e-11,2.767748e-09,2.767748e-11
3.020728e+00,8.001538e-11,2.710730e-09,2.710730e-11
3.023616e+00,7.953487e-11,2.654201e-09,2.654201e-11
3.026504e+00,7.905611e-11,2.599173e-09,2.599173e-11
3.029392e+00,7.857577e-11,2.546257e-09,2.546257e-11
3.032280e+00,7.809676e-11,2.495801e-09,2.495801e-11
3.035167e+00,7.762356e-11,2.447843e-09,2.447843e-11
3.038055e+00,7.715921e-11,2.402025e-09,2.402025e-11
3.040943e+00,7.671443e-11,2.358020e-09,2.358020e-11
3.043831e+00,7.630760e-11,2.315804e-09,2.315804e-11
3.046719e+00,7.595437e-11,2.275578e-09,2.275578e-11
3.049607e+00,7.566989e-11,2.237843e-09,2.237843e-11
3.052495e+00,7.547670e-11,2.203539e-09,2.203539e-11
3.055383e+00,7.539537e-11,2.174030e-09,2.174030e-11
3.058271e+00,7.544489e-11,2.150911e-09,2.150911e-11
3.061158e+00,7.564202e-11,2.135897e-09,2.135897e-11
3.064046e+00,7.600050e-11,2.130728e-09,2.130728e-11
3.066934e+00,7.652765e-11,2.136838e-09,2.136838e-11
3.069822e+00,7.722346e-11,2.155195e-09,2.155195e-11
3.072710e+00,7.808098e-11,2.186245e-09,2.186245e-11
3.075598e+00,7.909128e-11,2.229780e-09,2.229780e-11
3.078486e+00,8.023706e-11,2.285017e-09,2.285017e-11
3.081374e+00,8.150211e-11,2.350728e-09,2.350728e-11
3.084261e+00,8.286892e-11,2.425286e-09,2.425286e-11
3.087149e+00,8.431858e-11,2.506810e-09,2.506810e-11
3.090037e+00,8.582942e-11,2.593404e-09,2.593404e-11
3.092925e+00,8.738389e-11,2.683325e-09,2.683325e-11
3.095813e+00,8.896558e-11,2.774974e-09,2.774974e-11
3.098701e+00,9.055483e-11,2.866887e-09,2.866887e-11
3.101589e+00,9.213417e-11,2.957772e-09,2.957772e-11
3.104477e+00,9.368860e-11,3.046479e-09,3.046479e-11
3.107365e+00,9.520629e-11,3.132021e-09,3.132021e-11
3.110252e+00,9.668266e-11,3.213640e-09,3.213640e-11
3.113140e+00,9.811338e-11,3.290735e-09,3.290735e-11
3.116028e+00,9.948979e-11,3.362771e-09,3.362771e-11
3.118916e+00,1.008043e-10,3.429338e-09,3.429338e-11
3.121804e+00,1.020540e-10,3.490282e-09,3.490282e-11
3.124692e+00,1.032397e-10,3.545764e-09,3.545764e-11
3.127580e+00,1.043656e-10,3.596150e-09,3.596150e-11
3.130468e+00,1.054379e-10,3.641799e-09,3.641799e-11
3.133356e+00,1.064645e-10,3.683163e-09,3.683163e-11
3.136243e+00,1.074637e-10,3.720972e-09,3.720972e-11
3.139131e+00,1.084488e-10,3.756055e-09,3.756055e-11
3.142019e+00,1.094285e-10,3.789121e-09,3.789121e-11
3.144907e+00,1.104142e-10,3.820850e-09,3.820850e-11
3.147795e+00,1.114127e-10,3.851986e-09,3.851986e-11
3.150683e+00,1.124268e-10,3.883265e-09,3.883265e-11
3.153571e+00,1.134585e-10,3.915314e-09,3.915314e-11
3.156459e+00,1.145027e-10,3.948597e-09,3.948597e-11
3.159346e+00,1.155476e-10,3.983379e-09,3.983379e-11
3.162234e+00,1.165743e-10,4.019717e-09,4.019717e-11
3.165122e+00,1.175581e-10,4.057420e-09,4.057420e-11
3.168010e+00,1.184686e-10,4.095893e-09,4.095893e-11
3.170898e+00,1.192698e-10,4.134051e-09,4.134051e-11
3.173786e+00,1.199278e-10,4.170415e-09,4.170415e-11
3.176674e+00,1.204098e-10,4.203167e-09,4.203167e-11
3.179562e+00,1.206861e-10,4.230149e-09,4.230149e-11
3.182450e+00,1.207369e-10,4.249005e-09,4.249005e-11
3.185337e+00,1.205404e-10,4.257393e-09,4.257393e-11
3.188225e+00,1.200808e-10,4.253156e-09,4.253156e-11
3.191113e+00,1.193494e-10,4.234450e-09,4.234450e-11
3.194001e+00,1.183418e-10,4.199872e-09,4.199872e-11
3.196889e+00,1.170619e-10,4.148668e-09,4.148668e-11
3.199777e+00,1.155231e-10,4.080854e-09,4.080854e-11
3.202665e+00,1.137496e-10,3.997232e-09,3.997232e-11
3.205553e+00,1.117719e-10,3.899392e-09,3.899392e-11
3.208441e+00,1.096305e-10,3.789742e-09,3.789742e-11
3.211328e+00,1.073690e-10,3.671430e-09,3.671430e-11
3.214216e+00,1.050340e-10,3.548237e-09,3.548237e-11
3.217104e+00,1.026791e-10,3.424446e-09,3.424446e-11
3.219992e+00,1.003622e-10,3.304563e-09,3.304563e-11
3.222880e+00,9.814112e-11,3.193030e-09,3.193030e-11
3.225768e+00,9.607405e-11,3.094001e-09,3.094001e-11
3.228656e+00,9.422268e-11,3.011069e-09,3.011069e-11
3.231544e+00,9.264454e-11,2.946910e-09,2.946910e-11
3.234432e+00,9.138167e-11,2.903072e-09,2.903072e-11
3.237319e+00,9.047271e-11,2.879976e-09,2.879976e-11
3.240207e+00,8.994202e-11,2.876979e-09,2.876979e-11
3.243095e+00,8.980256e-11,2.892558e-09,2.892558e-11
3.245983e+00,9.006060e-11,2.924705e-09,2.924705e-11
3.248871e+00,9.070994e-11,2.971161e-09,2.971161e-11
3.251759e+00,9.173574e-11,3.029617e-09,3.029617e-11
3.254647e+00,9.311485e-11,3.097981e-09,3.097981e-11
3.257535e+00,9.481548e-11,3.174382e-09,3.174382e-11
3.260422e+00,9.679686e-11,3.257092e-09,3.257092e-11
3.263310e+00,9.901701e-11,3.344649e-09,3.344649e-11
3.266198e+00,1.014374e-10,3.435808e-09,3.435808e-11
3.269086e+00,1.040206e-10,3.529408e-09,3.529408e-11
3.271974e+00,1.067345e-10,3.624372e-09,3.624372e-11
3.274862e+00,1.095502e-10,3.719725e-09,3.719725e-11
3.277750e+00,1.124444e-10,3.814534e-09,3.814534e-11
3.280638e+00,1.153948e-10,3.907891e-09,3.907891e-11
3.283526e+00,1.183754e-10,3.998990e-09,3.998990e-11
3.286413e+00,1.213688e-10,4.087157e-09,4.087157e-11
3.289301e+00,1.243542e-10,4.171772e-09,4.171772e-11
3.292189e+00,1.273138e-10,4.252326e-09,4.252326e-11
3.295077e+00,1.302356e-10,4.328493e-09,4.328493e-11
3.297965e+00,1.331055e-10,4.400108e-09,4.400108e-11
3.300853e+00,1.359091e-10,4.467184e-09,4.467184e-11
3.303741e+00,1.386344e-10,4.529945e-09,4.529945e-11
3.306629e+00,1.412643e-10,4.588851e-09,4.588851e-11
3.309517e+00,1.437808e-10,4.644668e-09,4.644668e-11
3.312404e+00,1.461672e-10,4.698404e-09,4.698404e-11
3.315292e+00,1.484028e-10,4.751225e-09,4.751225e-11
3.318180e+00,1.504690e-10,4.804436e-09,4.804436e-11
3.321068e+00,1.523528e-10,4.859328e-09,4.859328e-11
3.323956e+00,1.540334e-10,4.916955e-09,4.916955e-11
3.326844e+00,1.554904e-10,4.977998e-09,4.977998e-11
3.329732e+00,1.567015e-10,5.042538e-09,5.042538e-11
3.332620e+00,1.576317e-10,5.109809e-09,5.109809e-11
3.335507e+00,1.582460e-10,5.178159e-09,5.178159e-11
3.338395e+00,1.585072e-10,5.245054e-09,5.245054e-11
3.341283e+00,1.583815e-10,5.307149e-09,5.307149e-11
3.344171e+00,1.578430e-10,5.360563e-09,5.360563e-11
3.347059e+00,1.568689e-10,5.401161e-09,5.401161e-11
3.349947e+00,1.554484e-10,5.424810e-09,5.424810e-11
3.352835e+00,1.535791e-10,5.427685e-09,5.427685e-11
3.355723e+00,1.512662e-10,5.406594e-09,5.406594e-11
3.358611e+00,1.485357e-10,5.359226e-09,5.359226e-11
3.361498e+00,1.454298e-10,5.284336e-09,5.284336e-11
3.364386e+00,1.420046e-10,5.181877e-09,5.181877e-11
3.367274e+00,1.383331e-10,5.053107e-09,5.053107e-11
3.370162e+00,1.345006e-10,4.900568e-09,4.900568e-11
3.373050e+00,1.305987e-10,4.727998e-09,4.727998e-11
3.375938e+00,1.267239e-10,4.540270e-09,4.540270e-11
3.378826e+00,1.229688e-10,4.343246e-09,4.343246e-11
3.381714e+00,1.194198e-10,4.143513e-09,4.143513e-11
3.384602e+00,1.161544e-10,3.948122e-09,3.948122e-11
3.387489e+00,1.132415e-10,3.764251e-09,3.764251e-11
3.390377e+00,1.107370e-10,3.598668e-09,3.598668e-11
3.393265e+00,1.086844e-10,3.457194e-09,3.457194e-11
3.396153e+00,1.071143e-10,3.344152e-09,3.344152e-11
3.399041e+00,1.060381e-10,3.261844e-09,3.261844e-11
3.401929e+00,1.054535e-10,3.210343e-09,3.210343e-11
3.404817e+00,1.053499e-10,3.187690e-09,3.187690e-11
3.407705e+00,1.057062e-10,3.190388e-09,3.190388e-11
3.410593e+00,1.064934e-10,3.214103e-09,3.214103e-11
3.413480e+00,1.076809e-10,3.254387e-09,3.254387e-11
3.416368e+00,1.092354e-10,3.307237e-09,3.307237e-11
3.419256e+00,1.111207e-10,3.369376e-09,3.369376e-11
3.422144e+00,1.132950e-10,3.438343e-09,3.438343e-11
3.425032e+00,1.157104e-10,3.512458e-09,3.512458e-11
3.427920e+00,1.183177e-10,3.590678e-09,3.590678e-11
3.430808e+00,1.210653e-10,3.672365e-09,3.672365e-11
3.433696e+00,1.238975e-10,3.757011e-09,3.757011e-11
3.436583e+00,1.267587e-10,3.844089e-09,3.844089e-11
3.439471e+00,1.295914e-10,3.932982e-09,3.932982e-11
3.442359e+00,1.323411e-10,4.022810e-09,4.022810e-11
3.445247e+00,1.349531e-10,4.112334e-09,4.112334e-11
3.448135e+00,1.373700e-10,4.200091e-09,4.200091e-11
3.451023e+00,1.395425e-10,4.284509e-09,4.284509e-11
3.453911e+00,1.414328e-10,4.363883e-09,4.363883e-11
3.456799e+00,1.430087e-10,4.436454e-09,4.436454e-11
3.459687e+00,1.442487e-10,4.500548e-09,4.500548e-11
3.462574e+00,1.451428e-10,4.554680e-09,4.554680e-11
3.465462e+00,1.456900e-10,4.597617e-09,4.597617e-11
3.468350e+00,1.458964e-10,4.628416e-09,4.628416e-11
3.471238e+00,1.457758e-10,4.646533e-09,4.646533e-11
3.474126e+00,1.453505e-10,4.651918e-09,4.651918e-11
3.477014e+00,1.446471e-10,4.645017e-09,4.645017e-11
3.479902e+00,1.436963e-10,4.626700e-09,4.626700e-11
3.482790e+00,1.425326e-10,4.598183e-09,4.598183e-11
3.485678e+00,1.411931e-10,4.560995e-09,4.560995e-11
3.488565e+00,1.397135e-10,4.516879e-09,4.516879e-11
3.491453e+00,1.381262e-10,4.467609e-09,4.467609e-11
3.494341e+00,1.364602e-10,4.414867e-09,4.414867e-11
3.497229e+00,1.347415e-10,4.360168e-09,4.360168e-11
3.500117e+00,1.329941e-10,4.304752e-09,4.304752e-11
3.503005e+00,1.312398e-10,4.249566e-09,4.249566e-11
3.505893e+00,1.295012e-10,4.195301e-09,4.195301e-11
3.508781e+00,1.278006e-10,4.142412e-09,4.142412e-11
3.511668e+00,1.261604e-10,4.091169e-09,4.091169e-11
3.514556e+00,1.245984e-10,4.041748e-09,4.041748e-11
3.517444e+00,1.231250e-10,3.994295e-09,3.994295e-11
3.520332e+00,1.217486e-10,3.948888e-09,3.948888e-11
3.523220e+00,1.204706e-10,3.905523e-09,3.905523e-11
3.526108e+00,1.192889e-10,3.864234e-09,3.864234e-11
3.528996e+00,1.182013e-10,3.825082e-09,3.825082e-11
3.531884e+00,1.172036e-10,3.788048e-09,3.788048e-11
3.534772e+00,1.162850e-10,3.753008e-09,3.753008e-11
3.537659e+00,1.154314e-10,3.719780e-09,3.719780e-11
3.540547e+00,1.146303e-10,3.688158e-09,3.688158e-11
3.543435e+00,1.138609e-10,3.657868e-09,3.657868e-11
3.546323e+00,1.130931e-10,3.628518e-09,3.628518e-11
3.549211e+00,1.123049e-10,3.599686e-09,3.599686e-11
3.552099e+00,1.114767e-10,3.570960e-09,3.570960e-11
3.554987e+00,1.105844e-10,3.541898e-09,3.541898e-11
3.557875e+00,1.096096e-10,3.512019e-09,3.512019e-11
3.560763e+00,1.085355e-10,3.480781e-09,3.480781e-11
3.563650e+00,1.073463e-10,3.447560e-09,3.447560e-11
3.566538e+00,1.060270e-10,3.411704e-09,3.411704e-11
3.569426e+00,1.045644e-10,3.372514e-09,3.372514e-11
3.572314e+00,1.029492e-10,3.329205e-09,3.329205e-11
3.575202e+00,1.011781e-10,3.280999e-09,3.280999e-11
3.578090e+00,9.924916e-11,3.227155e-09,3.227155e-11
3.580978e+00,9.716386e-11,3.166992e-09,3.166992e-11
3.583866e+00,9.493246e-11,3.100042e-09,3.100042e-11
3.586754e+00,9.256591e-11,3.026057e-09,3.026057e-11
3.589641e+00,9.007733e-11,2.945008e-09,2.945008e-11
3.592529e+00,8.748759e-11,2.857205e-09,2.857205e-11
3.595417e+00,8.482128e-11,2.763280e-09,2.763280e-11
3.598305e+00,8.210713e-11,2.664135e-09,2.664135e-11
3.601193e+00,7.938053e-11,2.560980e-09,2.560980e-11
3.604081e+00,7.668486e-11,2.455274e-09,2.455274e-11
3.606969e+00,7.406059e-11,2.348701e-09,2.348701e-11
3.609857e+00,7.154949e-11,2.243274e-09,2.243274e-11
3.612744e+00,6.919939e-11,2.141282e-09,2.141282e-11
3.615632e+00,6.704990e-11,2.045115e-09,2.045115e-11
3.618520e+00,6.513756e-11,1.957204e-09,1.957204e-11
3.621408e+00,6.349926e-11,1.879995e-09,1.879995e-11
3.624296e+00,6.216593e-11,1.815803e-09,1.815803e-11
3.627184e+00,6.116299e-11,1.766618e-09,1.766618e-11
3.630072e+00,6.050996e-11,1.733968e-09,1.733968e-11
3.632960e+00,6.022015e-11,1.718805e-09,1.718805e-11
3.635848e+00,6.029377e-11,1.721313e-09,1.721313e-11
3.638735e+00,6.071976e-11,1.740900e-09,1.740900e-11
3.641623e+00,6.148521e-11,1.776392e-09,1.776392e-11
3.644511e+00,6.257056e-11,1.826198e-09,1.826198e-11
3.647399e+00,6.394836e-11,1.888444e-09,1.888444e-11
3.650287e+00,6.559077e-11,1.961078e-09,1.961078e-11
3.653175e+00,6.746767e-11,2.042023e-09,2.042023e-11
3.656063e+00,6.954438e-11,2.129368e-09,2.129368e-11
3.658951e+00,7.178507e-11,2.221347e-09,2.221347e-11
3.661839e+00,7.414850e-11,2.316278e-09,2.316278e-11
3.664726e+00,7.659214e-11,2.412601e-09,2.412601e-11
3.667614e+00,7.907534e-11,2.508807e-09,2.508807e-11
3.670502e+00,8.155346e-11,2.603347e-09,2.603347e-11
3.673390e+00,8.398163e-11,2.694651e-09,2.694651e-11
3.676278e+00,8.631575e-11,2.781036e-09,2.781036e-11
3.679166e+00,8.850541e-11,2.860597e-09,2.860597e-11
3.682054e+00,9.049683e-11,2.931298e-09,2.931298e-11
3.684942e+00,9.223839e-11,2.991111e-09,2.991111e-11
3.687829e+00,9.367967e-11,3.038012e-09,3.038012e-11
3.690717e+00,9.477460e-11,3.070082e-09,3.070082e-11
3.693605e+00,9.548718e-11,3.085724e-09,3.085724e-11
3.696493e+00,9.578779e-11,3.083789e-09,3.083789e-11
3.699381e+00,9.565751e-11,3.063720e-09,3.063720e-11
3.702269e+00,9.509493e-11,3.025706e-09,3.025706e-11
3.705157e+00,9.410683e-11,2.970689e-09,2.970689e-11
3.708045e+00,9.271348e-11,2.900398e-09,2.900398e-11
3.710933e+00,9.095287e-11,2.817335e-09,2.817335e-11
3.713820e+00,8.887478e-11,2.724643e-09,2.724643e-11
3.716708e+00,8.654703e-11,2.625949e-09,2.625949e-11
3.719596e+00,8.405042e-11,2.525087e-09,2.525087e-11
3.722484e+00,8.146611e-11,2.425717e-09,2.425717e-11
3.725372e+00,7.887470e-11,2.331053e-09,2.331053e-11
3.728260e+00,7.635798e-11,2.243720e-09,2.243720e-11
3.731148e+00,7.398936e-11,2.165566e-09,2.165566e-11
3.734036e+00,7.182916e-11,2.097535e-09,2.097535e-11
3.736924e+00,6.993146e-11,2.039912e-09,2.039912e-11
3.739811e+00,6.834114e-11,1.992626e-09,1.992626e-11
3.742699e+00,6.709096e-11,1.955402e-09,1.955402e-11
3.745587e+00,6.620121e-11,1.927950e-09,1.927950e-11
3.748475e+00,6.568286e-11,1.910215e-09,1.910215e-11
3.751363e+00,6.553719e-11,1.902519e-09,1.902519e-11
3.754251e+00,6.575576e-11,1.905481e-09,1.905481e-11
3.757139e+00,6.632390e-11,1.919809e-09,1.919809e-11
3.760027e+00,6.722179e-11,1.946193e-09,1.946193e-11
3.762915e+00,6.842959e-11,1.985252e-09,1.985252e-11
3.765802e+00,6.992982e-11,2.037380e-09,2.037380e-11
3.768690e+00,7.170329e-11,2.102581e-09,2.102581e-11
3.771578e+00,7.372706e-11,2.180368e-09,2.180368e-11
3.774466e+00,7.597260e-11,2.269727e-09,2.269727e-11
3.777354e+00,7.840321e-11,2.369098e-09,2.369098e-11
3.780242e+00,8.097916e-11,2.476452e-09,2.476452e-11
3.783130e+00,8.366016e-11,2.589387e-09,2.589387e-11
3.786018e+00,8.640123e-11,2.705162e-09,2.705162e-11
3.788905e+00,8.915757e-11,2.820774e-09,2.820774e-11
3.791793e+00,9.188413e-11,2.933162e-09,2.933162e-11
3.794681e+00,9.453435e-11,3.039427e-09,3.039427e-11
3.797569e+00,9.706890e-11,3.137019e-09,3.137019e-11
3.800457e+00,9.945250e-11,3.223925e-09,3.223925e-11
3.803345e+00,1.016517e-10,3.298780e-09,3.298780e-11
3.806233e+00,1.036420e-10,3.360863e-09,3.360863e-11
3.809121e+00,1.054090e-10,3.410139e-09,3.410139e-11
3.812009e+00,1.069501e-10,3.447333e-09,3.447333e-11
3.814896e+00,1.082747e-10,3.473795e-09,3.473795e-11
3.817784e+00,1.093967e-10,3.491325e-09,3.491325e-11
3.820672e+00,1.103359e-10,3.502078e-09,3.502078e-11
3.823560e+00,1.111120e-10,3.508334e-09,3.508334e-11
3.826448e+00,1.117373e-10,3.512317e-09,3.512317e-11
3.829336e+00,1.122234e-10,3.516076e-09,3.516076e-11
3.832224e+00,1.125779e-10,3.521311e-09,3.521311e-11
3.835112e+00,1.128062e-10,3.529231e-09,3.529231e-11
3.838000e+00,1.129134e-10,3.540501e-09,3.540501e-11
3.840887e+00,1.128985e-10,3.555209e-09,3.555209e-11
3.843775e+00,1.127614e-10,3.572827e-09,3.572827e-11
3.846663e+00,1.124981e-10,3.592191e-09,3.592191e-11
3.849551e+00,1.121016e-10,3.611697e-09,3.611697e-11
3.852439e+00,1.115717e-10,3.629504e-09,3.629504e-11
3.855327e+00,1.109112e-10,3.643627e-09,3.643627e-11
3.858215e+00,1.101263e-10,3.652066e-09,3.652066e-11
3.861103e+00,1.092285e-10,3.653032e-09,3.653032e-11
3.863990e+00,1.082388e-10,3.645104e-09,3.645104e-11
3.866878e+00,1.071829e-10,3.627311e-09,3.627311e-11
3.869766e+00,1.060843e-10,3.599169e-09,3.599169e-11
3.872654e+00,1.049683e-10,3.560741e-09,3.560741e-11
3.875542e+00,1.038616e-10,3.512665e-09,3.512665e-11
3.878430e+00,1.027860e-10,3.456116e-09,3.456116e-11
3.881318e+00,1.017600e-10,3.392715e-09,3.392715e-11
3.884206e+00,1.007989e-10,3.324477e-09,3.324477e-11
3.887094e+00,9.991295e-11,3.253755e-09,3.253755e-11
3.889981e+00,9.911187e-11,3.183156e-09,3.183156e-11
3.892869e+00,9.840049e-11,3.115455e-09,3.115455e-11
3.895757e+00,9.777843e-11,3.053440e-09,3.053440e-11
3.898645e+00,9.724270e-11,2.999726e-09,2.999726e-11
3.901533e+00,9.678864e-11,2.956686e-09,2.956686e-11
3.904421e+00,9.641334e-11,2.926299e-09,2.926299e-11
3.907309e+00,9.611457e-11,2.909876e-09,2.909876e-11
3.910197e+00,9.588766e-11,2.907905e-09,2.907905e-11
3.913085e+00,9.572572e-11,2.919885e-09,2.919885e-11
3.915972e+00,9.561721e-11,2.944252e-09,2.944252e-11
3.918860e+00,9.554916e-11,2.978629e-09,2.978629e-11
3.921748e+00,9.551012e-11,3.019987e-09,3.019987e-11
3.924636e+00,9.548302e-11,3.064648e-09,3.064648e-11
3.927524e+00,9.545059e-11,3.108695e-09,3.108695e-11
3.930412e+00,9.540274e-11,3.148478e-09,3.148478e-11
3.933300e+00,9.532963e-11,3.180692e-09,3.180692e-11
3.936188e+00,9.521756e-11,3.202440e-09,3.202440e-11
3.939076e+00,9.505643e-11,3.211538e-09,3.211538e-11
3.941963e+00,9.484053e-11,3.206723e-09,3.206723e-11
3.944851e+00,9.456709e-11,3.187712e-09,3.187712e-11
3.947739e+00,9.424155e-11,3.155170e-09,3.155170e-11
3.950627e+00,9.387557e-11,3.110570e-09,3.110570e-11
3.953515e+00,9.348345e-11,3.056055e-09,3.056055e-11
3.956403e+00,9.308595e-11,2.994449e-09,2.994449e-11
3.959291e+00,9.270676e-11,2.929094e-09,2.929094e-11
3.962179e+00,9.236163e-11,2.863430e-09,2.863430e-11
3.965066e+00,9.206395e-11,2.800849e-09,2.800849e-11
3.967954e+00,9.182744e-11,2.744642e-09,2.744642e-11
3.970842e+00,9.165764e-11,2.697645e-09,2.697645e-11
3.973730e+00,9.155534e-11,2.662054e-09,2.662054e-11
3.976618e+00,9.152084e-11,2.639437e-09,2.639437e-11
3.979506e+00,9.155021e-11,2.630662e-09,2.630662e-11
3.982394e+00,9.163594e-11,2.635862e-09,2.635862e-11
3.985282e+00,9.176653e-11,2.654510e-09,2.654510e-11
3.988170e+00,9.192912e-11,2.685518e-09,2.685518e-11
3.991057e+00,9.211087e-11,2.727288e-09,2.727288e-11
3.993945e+00,9.229425e-11,2.777769e-09,2.777769e-11
3.996833e+00,9.246605e-11,2.834606e-09,2.834606e-11
3.999721e+00,9.262048e-11,2.895296e-09,2.895296e-11
4.002609e+00,9.275448e-11,2.957272e-09,2.957272e-11
4.005497e+00,9.286955e-11,3.018031e-09,3.018031e-11
4.008385e+00,9.296534e-11,3.075186e-09,3.075186e-11
4.011273e+00,9.303903e-11,3.126527e-09,3.126527e-11
4.014161e+00,9.308757e-11,3.170170e-09,3.170170e-11
4.017048e+00,9.310578e-11,3.204638e-09,3.204638e-11
4.019936e+00,9.308981e-11,3.228822e-09,3.228822e-11
4.022824e+00,9.303270e-11,3.241983e-09,3.241983e-11
4.025712e+00,9.292786e-11,3.243848e-09,3.243848e-11
4.028600e+00,9.277419e-11,3.234598e-09,3.234598e-11
4.031488e+00,9.256915e-11,3.214780e-09,3.214780e-11
4.034376e+00,9.230693e-11,3.185223e-09,3.185223e-11
4.037264e+00,9.197677e-11,3.146975e-09,3.146975e-11
4.040151e+00,9.156828e-11,3.101293e-09,3.101293e-11
4.043039e+00,9.107476e-11,3.049533e-09,3.049533e-11
4.045927e+00,9.048623e-11,2.992973e-09,2.992973e-11
4.048815e+00,8.979674e-11,2.932786e-09,2.932786e-11
4.051703e+00,8.900475e-11,2.870058e-09,2.870058e-11
4.054591e+00,8.810856e-11,2.805754e-09,2.805754e-11
4.057479e+00,8.711201e-11,2.740731e-09,2.740731e-11
4.060367e+00,8.601817e-11,2.675694e-09,2.675694e-11
4.063255e+00,8.482763e-11,2.611214e-09,2.611214e-11
4.066142e+00,8.354590e-11,2.547860e-09,2.547860e-11
4.069030e+00,8.218497e-11,2.486207e-09,2.486207e-11
4.071918e+00,8.076219e-11,2.426804e-09,2.426804e-11
4.074806e+00,7.929973e-11,2.370244e-09,2.370244e-11
4.077694e+00,7.782704e-11,2.317141e-09,2.317141e-11
4.080582e+00,7.637693e-11,2.268101e-09,2.268101e-11
4.083470e+00,7.498627e-11,2.223772e-09,2.223772e-11
4.086358e+00,7.369941e-11,2.184848e-09,2.184848e-11
4.089246e+00,7.255884e-11,2.151962e-09,2.151962e-11
4.092133e+00,7.160292e-11,2.125611e-09,2.125611e-11
4.095021e+00,7.087237e-11,2.106242e-09,2.106242e-11
4.097909e+00,7.040604e-11,2.094295e-09,2.094295e-11
4.100797e+00,7.023444e-11,2.090072e-09,2.090072e-11
4.103685e+00,7.038200e-11,2.093756e-09,2.093756e-11
4.106573e+00,7.086836e-11,2.105544e-09,2.105544e-11
4.109461e+00,7.170645e-11,2.125641e-09,2.125641e-11
4.112349e+00,7.290374e-11,2.154242e-09,2.154242e-11
4.115237e+00,7.446119e-11,2.191503e-09,2.191503e-11
4.118124e+00,7.637521e-11,2.237580e-09,2.237580e-11
4.121012e+00,7.864263e-11,2.292674e-09,2.292674e-11
4.123900e+00,8.125301e-11,2.356900e-09,2.356900e-11
4.126788e+00,8.418716e-11,2.430162e-09,2.430162e-11
4.129676e+00,8.742527e-11,2.512242e-09,2.512242e-11
4.132564e+00,9.094592e-11,2.602874e-09,2.602874e-11
4.135452e+00,9.472465e-11,2.701637e-09,2.701637e-11
4.138340e+00,9.873017e-11,2.807931e-09,2.807931e-11
4.141227e+00,1.029273e-10,2.921089e-09,2.921089e-11
4.144115e+00,1.072756e-10,3.040349e-09,3.040349e-11
4.147003e+00,1.117250e-10,3.164826e-09,3.164826e-11
4.149891e+00,1.162200e-10,3.293553e-09,3.293553e-11
4.152779e+00,1.206976e-10,3.425393e-09,3.425393e-11
4.155667e+00,1.250898e-10,3.558935e-09,3.558935e-11
4.158555e+00,1.293279e-10,3.692566e-09,3.692566e-11
4.161443e+00,1.333482e-10,3.824581e-09,3.824581e-11
4.164331e+00,1.370963e-10,3.953203e-09,3.953203e-11
4.167218e+00,1.405239e-10,4.076634e-09,4.076634e-11
4.170106e+00,1.435900e-10,4.193202e-09,4.193202e-11
4.172994e+00,1.462644e-10,4.301489e-09,4.301489e-11
4.175882e+00,1.485259e-10,4.400372e-09,4.400372e-11
4.178770e+00,1.503628e-10,4.489088e-09,4.489088e-11
4.181658e+00,1.517751e-10,4.567209e-09,4.567209e-11
4.184546e+00,1.527719e-10,4.634547e-09,4.634547e-11
4.187434e+00,1.533717e-10,4.691118e-09,4.691118e-11
4.190322e+00,1.536018e-10,4.737157e-09,4.737157e-11
4.193209e+00,1.534947e-10,4.773029e-09,4.773029e-11
4.196097e+00,1.530785e-10,4.799045e-09,4.799045e-11
4.198985e+00,1.523785e-10,4.815370e-09,4.815370e-11
4.201873e+00,1.514184e-10,4.822085e-09,4.822085e-11
4.204761e+00,1.502208e-10,4.819198e-09,4.819198e-11
4.207649e+00,1.488053e-10,4.806623e-09,4.806623e-11
4.210537e+00,1.471931e-10,4.784278e-09,4.784278e-11
4.213425e+00,1.454135e-10,4.752200e-09,4.752200e-11
4.216312e+00,1.434942e-10,4.710595e-09,4.710595e-11
4.219200e+00,1.414615e-10,4.659901e-09,4.659901e-11
4.222088e+00,1.393449e-10,4.600831e-09,4.600831e-11
4.224976e+00,1.371712e-10,4.534396e-09,4.534396e-11
4.227864e+00,1.349656e-10,4.461900e-09,4.461900e-11
4.230752e+00,1.327545e-10,4.384842e-09,4.384842e-11
4.233640e+00,1.305623e-10,4.304808e-09,4.304808e-11
4.236528e+00,1.284132e-10,4.223407e-09,4.223407e-11
4.239416e+00,1.263311e-10,4.142144e-09,4.142144e-11
4.242303e+00,1.243291e-10,4.062292e-09,4.062292e-11
4.245191e+00,1.224127e-10,3.984887e-09,3.984887e-11
4.248079e+00,1.205852e-10,3.910743e-09,3.910743e-11
4.250967e+00,1.188412e-10,3.840431e-09,3.840431e-11
4.253855e+00,1.171697e-10,3.774278e-09,3.774278e-11
4.256743e+00,1.155625e-10,3.712397e-09,3.712397e-11
4.259631e+00,1.140158e-10,3.654720e-09,3.654720e-11
4.262519e+00,1.125284e-10,3.601035e-09,3.601035e-11
4.265407e+00,1.111032e-10,3.551000e-09,3.551000e-11
4.268294e+00,1.097469e-10,3.504124e-09,3.504124e-11
4.271182e+00,1.084669e-10,3.459792e-09,3.459792e-11
4.274070e+00,1.072759e-10,3.417366e-09,3.417366e-11
4.276958e+00,1.061867e-10,3.376238e-09,3.376238e-11
4.279846e+00,1.052116e-10,3.335903e-09,3.335903e-11
4.282734e+00,1.043656e-10,3.296096e-09,3.296096e-11
4.285622e+00,1.036615e-10,3.256904e-09,3.256904e-11
4.288510e+00,1.031058e-10,3.218785e-09,3.218785e-11
4.291398e+00,1.026967e-10,3.182602e-09,3.182602e-11
4.294285e+00,1.024258e-10,3.149673e-09,3.149673e-11
4.297173e+00,1.022784e-10,3.121560e-09,3.121560e-11
4.300061e+00,1.022324e-10,3.099742e-09,3.099742e-11
4.302949e+00,1.022620e-10,3.085453e-09,3.085453e-11
4.305837e+00,1.023403e-10,3.079509e-09,3.079509e-11
4.308725e+00,1.024410e-10,3.082119e-09,3.082119e-11
4.311613e+00,1.025387e-10,3.092891e-09,3.092891e-11
4.314501e+00,1.026117e-10,3.111000e-09,3.111000e-11
4.317388e+00,1.026475e-10,3.135407e-09,3.135407e-11
4.320276e+00,1.026384e-10,3.165022e-09,3.165022e-11
4.323164e+00,1.025785e-10,3.198872e-09,3.198872e-11
4.326052e+00,1.024733e-10,3.236249e-09,3.236249e-11
4.328940e+00,1.023356e-10,3.276724e-09,3.276724e-11
4.331828e+00,1.021781e-10,3.320161e-09,3.320161e-11
4.334716e+00,1.020177e-10,3.366652e-09,3.366652e-11
4.337604e+00,1.018712e-10,3.416375e-09,3.416375e-11
4.340492e+00,1.017540e-10,3.469526e-09,3.469526e-11
4.343379e+00,1.016823e-10,3.526304e-09,3.526304e-11
4.346267e+00,1.016708e-10,3.586884e-09,3.586884e-11
4.349155e+00,1.017375e-10,3.651384e-09,3.651384e-11
4.352043e+00,1.018982e-10,3.719837e-09,3.719837e-11
4.354931e+00,1.021686e-10,3.792304e-09,3.792304e-11
4.357819e+00,1.025694e-10,3.868938e-09,3.868938e-11
4.360707e+00,1.031148e-10,3.949831e-09,3.949831e-11
4.363595e+00,1.038159e-10,4.034914e-09,4.034914e-11
4.366483e+00,1.046811e-10,4.123992e-09,4.123992e-11
4.369370e+00,1.057174e-10,4.216667e-09,4.216667e-11
4.372258e+00,1.069290e-10,4.312196e-09,4.312196e-11
4.375146e+00,1.083172e-10,4.409479e-09,4.409479e-11
4.378034e+00,1.098818e-10,4.507129e-09,4.507129e-11
4.380922e+00,1.116122e-10,4.603546e-09,4.603546e-11
4.383810e+00,1.134895e-10,4.696960e-09,4.696960e-11
4.386698e+00,1.154813e-10,4.785460e-09,4.785460e-11
4.389586e+00,1.175427e-10,4.867132e-09,4.867132e-11
4.392473e+00,1.196276e-10,4.940202e-09,4.940202e-11
4.395361e+00,1.216824e-10,5.003039e-09,5.003039e-11
4.398249e+00,1.236512e-10,5.054144e-09,5.054144e-11
4.401137e+00,1.254827e-10,5.092234e-09,5.092234e-11
4.404025e+00,1.271280e-10,5.116272e-09,5.116272e-11
4.406913e+00,1.285401e-10,5.125429e-09,5.125429e-11
4.409801e+00,1.296788e-10,5.119119e-09,5.119119e-11
4.412689e+00,1.305133e-10,5.097060e-09,5.097060e-11
4.415577e+00,1.310185e-10,5.059262e-09,5.059262e-11
4.418464e+00,1.311793e-10,5.005967e-09,5.005967e-11
4.421352e+00,1.309940e-10,4.937686e-09,4.937686e-11
4.424240e+00,1.304740e-10,4.855286e-09,4.855286e-11
4.427128e+00,1.296399e-10,4.759913e-09,4.759913e-11
4.430016e+00,1.285158e-10,4.652905e-09,4.652905e-11
4.432904e+00,1.271303e-10,4.535836e-09,4.535836e-11
4.435792e+00,1.255108e-10,4.410537e-09,4.410537e-11
4.438680e+00,1.236848e-10,4.279004e-09,4.279004e-11
4.441568e+00,1.216807e-10,4.143354e-09,4.143354e-11
4.444455e+00,1.195288e-10,4.005824e-09,4.005824e-11
4.447343e+00,1.172614e-10,3.868721e-09,3.868721e-11
4.450231e+00,1.149115e-10,3.734351e-09,3.734351e-11
4.453119e+00,1.125140e-10,3.605003e-09,3.605003e-11
4.456007e+00,1.101037e-10,3.482927e-09,3.482927e-11
4.458895e+00,1.077144e-10,3.370207e-09,3.370207e-11
4.461783e+00,1.053788e-10,3.268675e-09,3.268675e-11
4.464671e+00,1.031347e-10,3.179868e-09,3.179868e-11
4.467559e+00,1.010241e-10,3.104910e-09,3.104910e-11
4.470446e+00,9.908979e-11,3.044426e-09,3.044426e-11
4.473334e+00,9.737997e-11,2.998550e-09,2.998550e-11
4.476222e+00,9.594175e-11,2.966946e-09,2.966946e-11
4.479110e+00,9.481786e-11,2.948889e-09,2.948889e-11
4.481998e+00,9.404416e-11,2.943413e-09,2.943413e-11
4.484886e+00,9.364755e-11,2.949464e-09,2.949464e-11
4.487774e+00,9.364466e-11,2.966043e-09,2.966043e-11
4.490662e+00,9.403988e-11,2.992373e-09,2.992373e-11
4.493549e+00,9.482896e-11,3.027967e-09,3.027967e-11
4.496437e+00,9.599826e-11,3.072623e-09,3.072623e-11
4.499325e+00,9.752249e-11,3.126412e-09,3.126412e-11
4.502213e+00,9.936613e-11,3.189577e-09,3.189577e-11
4.505101e+00,1.014859e-10,3.262352e-09,3.262352e-11
4.507989e+00,1.038281e-10,3.344835e-09,3.344835e-11
4.510877e+00,1.063301e-10,3.436917e-09,3.436917e-11
4.513765e+00,1.089298e-10,3.538202e-09,3.538202e-11
4.516653e+00,1.115691e-10,3.647982e-09,3.647982e-11
4.519540e+00,1.141933e-10,3.765241e-09,3.765241e-11
4.522428e+00,1.167515e-10,3.888626e-09,3.888626e-11
4.525316e+00,1.192005e-10,4.016551e-09,4.016551e-11
4.528204e+00,1.215056e-10,4.147272e-09,4.147272e-11
4.531092e+00,1.236390e-10,4.278945e-09,4.278945e-11
4.533980e+00,1.255809e-10,4.409733e-09,4.409733e-11
4.536868e+00,1.273193e-10,4.537780e-09,4.537780e-11
4.539756e+00,1.288474e-10,4.661187e-09,4.661187e-11
4.542644e+00,1.301688e-10,4.778155e-09,4.778155e-11
4.545531e+00,1.312919e-10,4.887004e-09,4.887004e-11
4.548419e+00,1.322270e-10,4.986143e-09,4.986143e-11
4.551307e+00,1.329905e-10,5.074115e-09,5.074115e-11
4.554195e+00,1.335993e-10,5.149646e-09,5.149646e-11
4.557083e+00,1.340733e-10,5.211710e-09,5.211710e-11
4.559971e+00,1.344338e-10,5.259611e-09,5.259611e-11
4.562859e+00,1.347051e-10,5.293052e-09,5.293052e-11
4.565747e+00,1.349138e-10,5.312220e-09,5.312220e-11
4.568634e+00,1.350832e-10,5.317879e-09,5.317879e-11
4.571522e+00,1.352364e-10,5.311385e-09,5.311385e-11
4.574410e+00,1.353921e-10,5.294654e-09,5.294654e-11
4.577298e+00,1.355653e-10,5.270146e-09,5.270146e-11
4.580186e+00,1.357659e-10,5.240749e-09,5.240749e-11
4.583074e+00,1.359981e-10,5.209485e-09,5.209485e-11
4.585962e+00,1.362605e-10,5.179270e-09,5.179270e-11
4.588850e+00,1.365445e-10,5.152741e-09,5.152741e-11
4.591738e+00,1.368407e-10,5.131948e-09,5.131948e-11
4.594625e+00,1.371310e-10,5.118033e-09,5.118033e-11
4.597513e+00,1.373867e-10,5.111154e-09,5.111154e-11
4.600401e+00,1.375807e-10,5.110554e-09,5.110554e-11
4.603289e+00,1.376852e-10,5.114615e-09,5.114615e-11
4.606177e+00,1.376707e-10,5.121053e-09,5.121053e-11
4.609065e+00,1.375161e-10,5.127245e-09,5.127245e-11
4.611953e+00,1.372106e-10,5.130516e-09,5.130516e-11
4.614841e+00,1.367446e-10,5.128385e-09,5.128385e-11
4.617729e+00,1.361184e-10,5.118790e-09,5.118790e-11
4.620616e+00,1.353448e-10,5.100253e-09,5.100253e-11
4.623504e+00,1.344382e-10,5.071914e-09,5.071914e-11
4.626392e+00,1.334179e-10,5.033441e-09,5.033441e-11
4.629280e+00,1.323089e-10,4.984970e-09,4.984970e-11
4.632168e+00,1.311439e-10,4.927054e-09,4.927054e-11
4.635056e+00,1.299549e-10,4.860508e-09,4.860508e-11
4.637944e+00,1.287679e-10,4.786303e-09,4.786303e-11
4.640832e+00,1.276073e-10,4.705568e-09,4.705568e-11
4.643720e+00,1.264900e-10,4.619513e-09,4.619513e-11
4.646607e+00,1.254210e-10,4.529366e-09,4.529366e-11
4.649495e+00,1.243995e-10,4.436388e-09,4.436388e-11
4.652383e+00,1.234199e-10,4.341851e-09,4.341851e-11
4.655271e+00,1.224716e-10,4.247009e-09,4.247009e-11
4.658159e+00,1.215460e-10,4.153079e-09,4.153079e-11
4.661047e+00,1.206333e-10,4.061233e-09,4.061233e-11
4.663935e+00,1.197236e-10,3.972564e-09,3.972564e-11
4.666823e+00,1.188075e-10,3.888042e-09,3.888042e-11
4.669710e+00,1.178741e-10,3.808550e-09,3.808550e-11
4.672598e+00,1.169131e-10,3.734927e-09,3.734927e-11
4.675486e+00,1.159169e-10,3.667918e-09,3.667918e-11
4.678374e+00,1.148814e-10,3.608122e-09,3.608122e-11
4.681262e+00,1.138072e-10,3.556017e-09,3.556017e-11
4.684150e+00,1.126990e-10,3.511901e-09,3.511901e-11
4.687038e+00,1.115620e-10,3.475812e-09,3.475812e-11
4.689926e+00,1.104005e-10,3.447518e-09,3.447518e-11
4.692814e+00,1.092183e-10,3.426463e-09,3.426463e-11
4.695701e+00,1.080172e-10,3.411784e-09,3.411784e-11
4.698589e+00,1.067993e-10,3.402437e-09,3.402437e-11
4.701477e+00,1.055715e-10,3.397324e-09,3.397324e-11
4.704365e+00,1.043462e-10,3.395424e-09,3.395424e-11
4.707253e+00,1.031430e-10,3.395959e-09,3.395959e-11
4.710141e+00,1.019887e-10,3.398527e-09,3.398527e-11
4.713029e+00,1.009173e-10,3.403199e-09,3.403199e-11
4.715917e+00,9.996854e-11,3.410538e-09,3.410538e-11
4.718805e+00,9.918317e-11,3.421523e-09,3.421523e-11
4.721692e+00,9.860414e-11,3.437436e-09,3.437436e-11
4.724580e+00,9.827562e-11,3.459645e-09,3.459645e-11
4.727468e+00,9.823668e-11,3.489368e-09,3.489368e-11
4.730356e+00,9.852070e-11,3.527521e-09,3.527521e-11
4.733244e+00,9.915660e-11,3.574636e-09,3.574636e-11
4.736132e+00,1.001598e-10,3.630776e-09,3.630776e-11
4.739020e+00,1.015340e-10,3.695525e-09,3.695525e-11
4.741908e+00,1.032703e-10,3.768026e-09,3.768026e-11
4.744795e+00,1.053423e-10,3.847050e-09,3.847050e-11
4.747683e+00,1.077138e-10,3.931108e-09,3.931108e-11
4.750571e+00,1.103417e-10,4.018541e-09,4.018541e-11
4.753459e+00,1.131758e-10,4.107524e-09,4.107524e-11
4.756347e+00,1.161594e-10,4.196096e-09,4.196096e-11
4.759235e+00,1.192322e-10,4.282264e-09,4.282264e-11
4.762123e+00,1.223375e-10,4.364083e-09,4.364083e-11
4.765011e+00,1.254213e-10,4.439666e-09,4.439666e-11
4.767899e+00,1.284310e-10,4.507244e-09,4.507244e-11
4.770786e+00,1.313198e-10,4.565279e-09,4.565279e-11
4.773674e+00,1.340506e-10,4.612559e-09,4.612559e-11
4.776562e+00,1.365931e-10,4.648223e-09,4.648223e-11
4.779450e+00,1.389202e-10,4.671761e-09,4.671761e-11
4.782338e+00,1.410092e-10,4.683052e-09,4.683052e-11
4.785226e+00,1.428405e-10,4.682380e-09,4.682380e-11
4.788114e+00,1.443939e-10,4.670428e-09,4.670428e-11
4.791002e+00,1.456538e-10,4.648264e-09,4.648264e-11
4.793890e+00,1.466099e-10,4.617280e-09,4.617280e-11
4.796777e+00,1.472527e-10,4.579087e-09,4.579087e-11
4.799665e+00,1.475784e-10,4.535474e-09,4.535474e-11
4.802553e+00,1.475904e-10,4.488384e-09,4.488384e-11
4.805441e+00,1.472940e-10,4.439816e-09,4.439816e-11
4.808329e+00,1.466998e-10,4.391691e-09,4.391691e-11
4.811217e+00,1.458247e-10,4.345788e-09,4.345788e-11
4.814105e+00,1.446919e-10,4.303672e-09,4.303672e-11
4.816993e+00,1.433321e-10,4.266531e-09,4.266531e-11
4.819881e+00,1.417790e-10,4.235067e-09,4.235067e-11
4.822768e+00,1.400750e-10,4.209501e-09,4.209501e-11
4.825656e+00,1.382672e-10,4.189540e-09,4.189540e-11
4.828544e+00,1.363995e-10,4.174352e-09,4.174352e-11
4.831432e+00,1.345132e-10,4.162669e-09,4.162669e-11
4.834320e+00,1.326448e-10,4.152904e-09,4.152904e-11
4.837208e+00,1.308249e-10,4.143299e-09,4.143299e-11
4.840096e+00,1.290795e-10,4.132133e-09,4.132133e-11
4.842984e+00,1.274312e-10,4.117850e-09,4.117850e-11
4.845871e+00,1.258936e-10,4.099161e-09,4.099161e-11
4.848759e+00,1.244749e-10,4.075159e-09,4.075159e-11
4.851647e+00,1.231765e-10,4.045363e-09,4.045363e-11
4.854535e+00,1.219887e-10,4.009708e-09,4.009708e-11
4.857423e+00,1.208966e-10,3.968555e-09,3.968555e-11
4.860311e+00,1.198796e-10,3.922591e-09,3.922591e-11
4.863199e+00,1.189140e-10,3.872712e-09,3.872712e-11
4.866087e+00,1.179798e-10,3.819983e-09,3.819983e-11
4.868975e+00,1.170590e-10,3.765518e-09,3.765518e-11
4.871862e+00,1.161386e-10,3.710383e-09,3.710383e-11
4.874750e+00,1.152108e-10,3.655576e-09,3.655576e-11
4.877638e+00,1.142719e-10,3.602033e-09,3.602033e-11
4.880526e+00,1.133215e-10,3.550595e-09,3.550595e-11
4.883414e+00,1.123592e-10,3.501962e-09,3.501962e-11
4.886302e+00,1.113898e-10,3.456723e-09,3.456723e-11
4.889190e+00,1.104273e-10,3.415473e-09,3.415473e-11
4.892078e+00,1.094906e-10,3.378769e-09,3.378769e-11
4.894966e+00,1.086036e-10,3.347066e-09,3.347066e-11
4.897853e+00,1.077945e-10,3.320789e-09,3.320789e-11
4.900741e+00,1.070895e-10,3.300361e-09,3.300361e-11
4.903629e+00,1.065109e-10,3.286142e-09,3.286142e-11
4.906517e+00,1.060757e-10,3.278400e-09,3.278400e-11
4.909405e+00,1.057951e-10,3.277348e-09,3.277348e-11
4.912293e+00,1.056748e-10,3.283144e-09,3.283144e-11
4.915181e+00,1.057139e-10,3.295820e-09,3.295820e-11
4.918069e+00,1.059127e-10,3.315277e-09,3.315277e-11
4.920957e+00,1.062691e-10,3.341321e-09,3.341321e-11
4.923844e+00,1.067757e-10,3.373608e-09,3.373608e-11
4.926732e+00,1.074232e-10,3.411618e-09,3.411618e-11
4.929620e+00,1.081994e-10,3.454625e-09,3.454625e-11
4.932508e+00,1.090887e-10,3.501654e-09,3.501654e-11
4.935396e+00,1.100732e-10,3.551524e-09,3.551524e-11
4.938284e+00,1.111384e-10,3.602900e-09,3.602900e-11
4.941172e+00,1.122742e-10,3.654297e-09,3.654297e-11
4.944060e+00,1.134693e-10,3.704119e-09,3.704119e-11
4.946947e+00,1.147094e-10,3.750762e-09,3.750762e-11
4.949835e+00,1.159832e-10,3.792747e-09,3.792747e-11
4.952723e+00,1.172773e-10,3.828817e-09,3.828817e-11
4.955611e+00,1.185723e-10,3.857966e-09,3.857966e-11
4.958499e+00,1.198486e-10,3.879514e-09,3.879514e-11
4.961387e+00,1.210840e-10,3.893159e-09,3.893159e-11
4.964275e+00,1.222546e-10,3.898971e-09,3.898971e-11
4.967163e+00,1.233376e-10,3.897390e-09,3.897390e-11
4.970051e+00,1.243092e-10,3.889182e-09,3.889182e-11
4.972938e+00,1.251459e-10,3.875387e-09,3.875387e-11
4.975826e+00,1.258256e-10,3.857245e-09,3.857245e-11
4.978714e+00,1.263301e-10,3.836146e-09,3.836146e-11
4.981602e+00,1.266457e-10,3.813529e-09,3.813529e-11
4.984490e+00,1.267625e-10,3.790765e-09,3.790765e-11
4.987378e+00,1.266800e-10,3.769098e-09,3.769098e-11
4.990266e+00,1.264048e-10,3.749576e-09,3.749576e-11
4.993154e+00,1.259461e-10,3.732918e-09,3.732918e-11
4.996042e+00,1.253142e-10,3.719434e-09,3.719434e-11
4.998929e+00,1.245226e-10,3.709017e-09,3.709017e-11
5.001817e+00,1.235863e-10,3.701145e-09,3.701145e-11
5.004705e+00,1.225209e-10,3.694897e-09,3.694897e-11
5.007593e+00,1.213471e-10,3.689003e-09,3.689003e-11
5.010481e+00,1.200849e-10,3.681924e-09,3.681924e-11
5.013369e+00,1.187533e-10,3.671979e-09,3.671979e-11
5.016257e+00,1.173754e-10,3.657518e-09,3.657518e-11
5.019145e+00,1.159753e-10,3.637046e-09,3.637046e-11
5.022032e+00,1.145760e-10,3.609383e-09,3.609383e-11
5.024920e+00,1.132031e-10,3.573858e-09,3.573858e-11
5.027808e+00,1.118847e-10,3.530355e-09,3.530355e-11
5.030696e+00,1.106500e-10,3.479333e-09,3.479333e-11
5.033584e+00,1.095345e-10,3.422000e-09,3.422000e-11
5.036472e+00,1.085759e-10,3.360366e-09,3.360366e-11
5.039360e+00,1.078106e-10,3.297132e-09,3.297132e-11
5.042248e+00,1.072737e-10,3.235597e-09,3.235597e-11
5.045136e+00,1.069935e-10,3.179585e-09,3.179585e-11
5.048023e+00,1.069944e-10,3.133161e-09,3.133161e-11
5.050911e+00,1.072921e-10,3.100165e-09,3.100165e-11
5.053799e+00,1.078959e-10,3.083829e-09,3.083829e-11
5.056687e+00,1.088111e-10,3.086429e-09,3.086429e-11
5.059575e+00,1.100343e-10,3.108998e-09,3.108998e-11
5.062463e+00,1.115595e-10,3.151246e-09,3.151246e-11
5.065351e+00,1.133696e-10,3.211668e-09,3.211668e-11
5.068239e+00,1.154390e-10,3.287905e-09,3.287905e-11
5.071127e+00,1.177433e-10,3.377214e-09,3.377214e-11
5.074014e+00,1.202487e-10,3.476779e-09,3.476779e-11
5.076902e+00,1.229156e-10,3.583970e-09,3.583970e-11
5.079790e+00,1.257083e-10,3.696593e-09,3.696593e-11
5.082678e+00,1.285917e-10,3.812936e-09,3.812936e-11
5.085566e+00,1.315270e-10,3.931620e-09,3.931620e-11
5.088454e+00,1.344726e-10,4.051393e-09,4.051393e-11
5.091342e+00,1.373793e-10,4.170993e-09,4.170993e-11
5.094230e+00,1.401917e-10,4.289069e-09,4.289069e-11
5.097118e+00,1.428542e-10,4.404095e-09,4.404095e-11
5.100005e+00,1.453085e-10,4.514298e-09,4.514298e-11
5.102893e+00,1.474969e-10,4.617690e-09,4.617690e-11
5.105781e+00,1.493691e-10,4.712169e-09,4.712169e-11
5.108669e+00,1.508809e-10,4.795620e-09,4.795620e-11
5.111557e+00,1.519935e-10,4.866004e-09,4.866004e-11
5.114445e+00,1.526755e-10,4.921515e-09,4.921515e-11
5.117333e+00,1.529079e-10,4.960730e-09,4.960730e-11
5.120221e+00,1.526830e-10,4.982690e-09,4.982690e-11
5.123108e+00,1.520071e-10,4.986938e-09,4.986938e-11
5.125996e+00,1.509011e-10,4.973540e-09,4.973540e-11
5.128884e+00,1.494004e-10,4.943094e-09,4.943094e-11
5.131772e+00,1.475545e-10,4.896665e-09,4.896665e-11
5.134660e+00,1.454178e-10,4.835680e-09,4.835680e-11
5.137548e+00,1.430493e-10,4.761869e-09,4.761869e-11
5.140436e+00,1.405114e-10,4.677171e-09,4.677171e-11
5.143324e+00,1.378614e-10,4.583589e-09,4.583589e-11
5.146212e+00,1.351514e-10,4.483131e-09,4.483131e-11
5.149099e+00,1.324316e-10,4.377768e-09,4.377768e-11
5.151987e+00,1.297472e-10,4.269352e-09,4.269352e-11
5.154875e+00,1.271352e-10,4.159581e-09,4.159581e-11
5.157763e+00,1.246276e-10,4.050036e-09,4.050036e-11
5.160651e+00,1.222523e-10,3.942253e-09,3.942253e-11
5.163539e+00,1.200344e-10,3.837773e-09,3.837773e-11
5.166427e+00,1.179910e-10,3.738189e-09,3.738189e-11
5.169315e+00,1.161402e-10,3.645245e-09,3.645245e-11
5.172203e+00,1.145018e-10,3.560843e-09,3.560843e-11
5.175090e+00,1.130908e-10,3.486912e-09,3.486912e-11
5.177978e+00,1.119221e-10,3.425293e-09,3.425293e-11
5.180866e+00,1.110083e-10,3.377603e-09,3.377603e-11
5.183754e+00,1.103547e-10,3.344970e-09,3.344970e-11
5.186642e+00,1.099588e-10,3.327827e-09,3.327827e-11
5.189530e+00,1.098094e-10,3.325833e-09,3.325833e-11
5.192418e+00,1.098843e-10,3.337803e-09,3.337803e-11
5.195306e+00,1.101538e-10,3.361775e-09,3.361775e-11
5.198193e+00,1.105807e-10,3.395166e-09,3.395166e-11
5.201081e+00,1.111185e-10,3.434943e-09,3.434943e-11
5.203969e+00,1.117164e-10,3.477878e-09,3.477878e-11
5.206857e+00,1.123204e-10,3.520745e-09,3.520745e-11
5.209745e+00,1.128746e-10,3.560417e-09,3.560417e-11
5.212633e+00,1.133243e-10,3.594025e-09,3.594025e-11
5.215521e+00,1.136221e-10,3.619167e-09,3.619167e-11
5.218409e+00,1.137344e-10,3.634006e-09,3.634006e-11
5.221297e+00,1.136384e-10,3.637246e-09,3.637246e-11
5.224184e+00,1.133209e-10,3.628165e-09,3.628165e-11
5.227072e+00,1.127823e-10,3.606676e-09,3.606676e-11
5.229960e+00,1.120360e-10,3.573280e-09,3.573280e-11
5.232848e+00,1.111006e-10,3.528932e-09,3.528932e-11
5.235736e+00,1.099967e-10,3.474972e-09,3.474972e-11
5.238624e+00,1.087522e-10,3.413104e-09,3.413104e-11
5.241512e+00,1.073994e-10,3.345290e-09,3.345290e-11
5.244400e+00,1.059703e-10,3.273623e-09,3.273623e-11
5.247288e+00,1.044947e-10,3.200327e-09,3.200327e-11
5.250175e+00,1.030030e-10,3.127727e-09,3.127727e-11
5.253063e+00,1.015207e-10,3.058165e-09,3.058165e-11
5.255951e+00,1.000686e-10,2.993968e-09,2.993968e-11
5.258839e+00,9.866857e-11,2.937372e-09,2.937372e-11
5.261727e+00,9.733765e-11,2.890335e-09,2.890335e-11
5.264615e+00,9.608963e-11,2.854353e-09,2.854353e-11
5.267503e+00,9.494092e-11,2.830320e-09,2.830320e-11
5.270391e+00,9.391046e-11,2.818402e-09,2.818402e-11
5.273279e+00,9.301675e-11,2.817944e-09,2.817944e-11
5.276166e+00,9.227523e-11,2.827435e-09,2.827435e-11
5.279054e+00,9.169475e-11,2.844608e-09,2.844608e-11
5.281942e+00,9.127961e-11,2.866669e-09,2.866669e-11
5.284830e+00,9.102910e-11,2.890568e-09,2.890568e-11
5.287718e+00,9.093593e-11,2.913254e-09,2.913254e-11
5.290606e+00,9.098885e-11,2.931899e-09,2.931899e-11
5.293494e+00,9.116896e-11,2.944097e-09,2.944097e-11
5.296382e+00,9.145172e-11,2.947997e-09,2.947997e-11
5.299269e+00,9.180791e-11,2.942383e-09,2.942383e-11
5.302157e+00,9.220150e-11,2.926710e-09,2.926710e-11
5.305045e+00,9.259248e-11,2.901106e-09,2.901106e-11
5.307933e+00,9.294241e-11,2.866395e-09,2.866395e-11
5.310821e+00,9.321604e-11,2.824036e-09,2.824036e-11
5.313709e+00,9.338156e-11,2.776062e-09,2.776062e-11
5.316597e+00,9.341695e-11,2.725028e-09,2.725028e-11
5.319485e+00,9.330943e-11,2.673850e-09,2.673850e-11
5.322373e+00,9.305280e-11,2.625579e-09,2.625579e-11
5.325260e+00,9.264587e-11,2.583159e-09,2.583159e-11
5.328148e+00,9.209431e-11,2.549121e-09,2.549121e-11
5.331036e+00,9.141010e-11,2.525211e-09,2.525211e-11
5.333924e+00,9.060657e-11,2.512133e-09,2.512133e-11
5.336812e+00,8.970379e-11,2.509498e-09,2.509498e-11
5.339700e+00,8.872495e-11,2.515893e-09,2.515893e-11
5.342588e+00,8.769163e-11,2.529046e-09,2.529046e-11
5.345476e+00,8.662626e-11,2.546198e-09,2.546198e-11
5.348364e+00,8.554849e-11,2.564526e-09,2.564526e-11
5.351251e+00,8.447321e-11,2.581434e-09,2.581434e-11
5.354139e+00,8.341171e-11,2.594756e-09,2.594756e-11
5.357027e+00,8.237416e-11,2.602925e-09,2.602925e-11
5.359915e+00,8.136877e-11,2.605000e-09,2.605000e-11
5.362803e+00,8.040322e-11,2.600683e-09,2.600683e-11
5.365691e+00,7.948574e-11,2.590293e-09,2.590293e-11
5.368579e+00,7.862538e-11,2.574570e-09,2.574570e-11
5.371467e+00,7.782921e-11,2.554460e-09,2.554460e-11
5.374354e+00,7.710011e-11,2.531058e-09,2.531058e-11
5.377242e+00,7.644187e-11,2.505583e-09,2.505583e-11
5.380130e+00,7.585744e-11,2.479234e-09,2.479234e-11
5.383018e+00,7.535060e-11,2.453077e-09,2.453077e-11
5.385906e+00,7.492586e-11,2.428095e-09,2.428095e-11
5.388794e+00,7.458649e-11,2.405239e-09,2.405239e-11
5.391682e+00,7.433642e-11,2.385466e-09,2.385466e-11
5.394570e+00,7.417716e-11,2.369742e-09,2.369742e-11
5.397458e+00,7.410605e-11,2.359019e-09,2.359019e-11
5.400345e+00,7.411921e-11,2.354293e-09,2.354293e-11
5.403233e+00,7.421211e-11,2.356569e-09,2.356569e-11
5.406121e+00,7.438049e-11,2.366718e-09,2.366718e-11
5.409009e+00,7.462501e-11,2.385430e-09,2.385430e-11
5.411897e+00,7.494914e-11,2.413140e-09,2.413140e-11
5.414785e+00,7.535644e-11,2.449916e-09,2.449916e-11
5.417673e+00,7.584992e-11,2.495435e-09,2.495435e-11
5.420561e+00,7.643391e-11,2.549013e-09,2.549013e-11
5.423449e+00,7.710970e-11,2.609661e-09,2.609661e-11
5.426336e+00,7.787541e-11,2.676163e-09,2.676163e-11
5.429224e+00,7.873371e-11,2.747208e-09,2.747208e-11
5.432112e+00,7.968568e-11,2.821466e-09,2.821466e-11
5.435000e+00,8.073073e-11,2.897629e-09,2.897629e-11
5.437888e+00,8.186838e-11,2.974514e-09,2.974514e-11
5.440776e+00,8.309599e-11,3.051136e-09,3.051136e-11
5.443664e+00,8.440671e-11,3.126652e-09,3.126652e-11
5.446552e+00,8.578411e-11,3.200315e-09,3.200315e-11
5.449440e+00,8.720787e-11,3.271519e-09,3.271519e-11
5.452327e+00,8.865663e-11,3.339806e-09,3.339806e-11
5.455215e+00,9.010417e-11,3.404777e-09,3.404777e-11
5.458103e+00,9.152566e-11,3.466051e-09,3.466051e-11
5.460991e+00,9.289703e-11,3.523284e-09,3.523284e-11
5.463879e+00,9.419072e-11,3.576178e-09,3.576178e-11
5.466767e+00,9.538069e-11,3.624481e-09,3.624481e-11
5.469655e+00,9.644180e-11,3.667962e-09,3.667962e-11
5.472543e+00,9.734896e-11,3.706398e-09,3.706398e-11
5.475430e+00,9.808012e-11,3.739575e-09,3.739575e-11
5.478318e+00,9.861739e-11,3.767305e-09,3.767305e-11
5.481206e+00,9.894818e-11,3.789421e-09,3.789421e-11
5.484094e+00,9.906459e-11,3.805716e-09,3.805716e-11
5.486982e+00,9.896159e-11,3.815926e-09,3.815926e-11
5.489870e+00,9.863484e-11,3.819742e-09,3.819742e-11
5.492758e+00,9.808042e-11,3.816770e-09,3.816770e-11
5.495646e+00,9.729611e-11,3.806505e-09,3.806505e-11
5.498534e+00,9.628208e-11,3.788358e-09,3.788358e-11
5.501421e+00,9.503949e-11,3.761668e-09,3.761668e-11
5.504309e+00,9.357139e-11,3.725692e-09,3.725692e-11
5.507197e+00,9.188285e-11,3.679671e-09,3.679671e-11
5.510085e+00,8.998128e-11,3.622891e-09,3.622891e-11
5.512973e+00,8.787609e-11,3.554726e-09,3.554726e-11
5.515861e+00,8.557497e-11,3.474682e-09,3.474682e-11
5.518749e+00,8.308982e-11,3.382473e-09,3.382473e-11
5.521637e+00,8.043723e-11,3.278079e-09,3.278079e-11
5.524525e+00,7.763903e-11,3.161805e-09,3.161805e-11
5.527412e+00,7.472839e-11,3.034339e-09,3.034339e-11
5.530300e+00,7.174400e-11,2.896766e-09,2.896766e-11
5.533188e+00,6.872979e-11,2.750606e-09,2.750606e-11
5.536076e+00,6.573475e-11,2.597840e-09,2.597840e-11
5.538964e+00,6.280834e-11,2.440934e-09,2.440934e-11
5.541852e+00,6.000241e-11,2.282841e-09,2.282841e-11
5.544740e+00,5.736945e-11,2.127027e-09,2.127027e-11
5.547628e+00,5.495872e-11,1.977507e-09,1.977507e-11
5.550515e+00,5.281963e-11,1.838874e-09,1.838874e-11
5.553403e+00,5.100123e-11,1.716229e-09,1.716229e-11
5.556291e+00,4.954423e-11,1.614900e-09,1.614900e-11
5.559179e+00,4.848227e-11,1.539874e-09,1.539874e-11
5.562067e+00,4.783847e-11,1.494953e-09,1.494953e-11
5.564955e+00,4.762357e-11,1.481834e-09,1.481834e-11
5.567843e+00,4.784226e-11,1.499506e-09,1.499506e-11
5.570731e+00,4.848952e-11,1.544451e-09,1.544451e-11
5.573619e+00,4.955536e-11,1.611530e-09,1.611530e-11
5.576506e+00,5.102368e-11,1.695013e-09,1.695013e-11
5.579394e+00,5.287048e-11,1.789542e-09,1.789542e-11
5.582282e+00,5.507385e-11,1.890699e-09,1.890699e-11
5.585170e+00,5.760382e-11,1.995102e-09,1.995102e-11
5.588058e+00,6.042309e-11,2.100437e-09,2.100437e-11
5.590946e+00,6.349797e-11,2.205495e-09,2.205495e-11
5.593834e+00,6.679398e-11,2.310037e-09,2.310037e-11
5.596722e+00,7.027671e-11,2.414543e-09,2.414543e-11
5.599610e+00,7.391293e-11,2.520090e-09,2.520090e-11
5.602497e+00,7.767313e-11,2.628194e-09,2.628194e-11
5.605385e+00,8.152672e-11,2.740486e-09,2.740486e-11
5.608273e+00,8.543895e-11,2.858461e-09,2.858461e-11
5.611161e+00,8.937794e-11,2.983323e-09,2.983323e-11
5.614049e+00,9.331062e-11,3.115786e-09,3.115786e-11
5.616937e+00,9.720268e-11,3.255882e-09,3.255882e-11
5.619825e+00,1.010234e-10,3.402950e-09,3.402950e-11
5.622713e+00,1.047443e-10,3.555712e-09,3.555712e-11
5.625601e+00,1.083377e-10,3.712321e-09,3.712321e-11
5.628488e+00,1.117778e-10,3.870483e-09,3.870483e-11
5.631376e+00,1.150377e-10,4.027623e-09,4.027623e-11
5.634264e+00,1.180883e-10,4.180997e-09,4.180997e-11
5.637152e+00,1.209012e-10,4.327788e-09,4.327788e-11
5.640040e+00,1.234513e-10,4.465245e-09,4.465245e-11
5.642928e+00,1.257181e-10,4.590814e-09,4.590814e-11
5.645816e+00,1.276883e-10,4.702180e-09,4.702180e-11
5.648704e+00,1.293510e-10,4.797306e-09,4.797306e-11
5.651591e+00,1.306981e-10,4.874507e-09,4.874507e-11
5.654479e+00,1.317282e-10,4.932518e-09,4.932518e-11
5.657367e+00,1.324414e-10,4.970479e-09,4.970479e-11
5.660255e+00,1.328409e-10,4.987937e-09,4.987937e-11
5.663143e+00,1.329342e-10,4.984856e-09,4.984856e-11
5.666031e+00,1.327323e-10,4.961617e-09,4.961617e-11
5.668919e+00,1.322524e-10,4.919029e-09,4.919029e-11
5.671807e+00,1.315162e-10,4.858300e-09,4.858300e-11
5.674695e+00,1.305489e-10,4.780999e-09,4.780999e-11
5.677582e+00,1.293758e-10,4.689056e-09,4.689056e-11
5.680470e+00,1.280225e-10,4.584726e-09,4.584726e-11
5.683358e+00,1.265149e-10,4.470498e-09,4.470498e-11
5.686246e+00,1.248759e-10,4.349030e-09,4.349030e-11
5.689134e+00,1.231296e-10,4.223118e-09,4.223118e-11
5.692022e+00,1.213028e-10,4.095607e-09,4.095607e-11
5.694910e+00,1.194196e-10,3.969243e-09,3.969243e-11
5.697798e+00,1.175023e-10,3.846588e-09,3.846588e-11
5.700686e+00,1.155744e-10,3.729940e-09,3.729940e-11
5.703573e+00,1.136540e-10,3.621197e-09,3.621197e-11
5.706461e+00,1.117563e-10,3.521772e-09,3.521772e-11
5.709349e+00,1.098979e-10,3.432574e-09,3.432574e-11
5.712237e+00,1.080934e-10,3.353970e-09,3.353970e-11
5.715125e+00,1.063565e-10,3.285746e-09,3.285746e-11
5.718013e+00,1.047001e-10,3.227181e-09,3.227181e-11
5.720901e+00,1.031351e-10,3.177212e-09,3.177212e-11
5.723789e+00,1.016728e-10,3.134555e-09,3.134555e-11
5.726676e+00,1.003228e-10,3.097804e-09,3.097804e-11
5.729564e+00,9.908967e-11,3.065582e-09,3.065582e-11
5.732452e+00,9.797742e-11,3.036641e-09,3.036641e-11
5.735340e+00,9.699156e-11,3.009930e-09,3.009930e-11
5.738228e+00,9.613737e-11,2.984673e-09,2.984673e-11
5.741116e+00,9.541958e-11,2.960423e-09,2.960423e-11
5.744004e+00,9.484391e-11,2.937086e-09,2.937086e-11
5.746892e+00,9.441791e-11,2.914910e-09,2.914910e-11
5.749780e+00,9.414324e-11,2.894419e-09,2.894419e-11
5.752667e+00,9.401598e-11,2.876334e-09,2.876334e-11
5.755555e+00,9.403498e-11,2.861560e-09,2.861560e-11
5.758443e+00,9.419702e-11,2.851113e-09,2.851113e-11
5.761331e+00,9.449645e-11,2.845999e-09,2.845999e-11
5.764219e+00,9.492940e-11,2.847099e-09,2.847099e-11
5.767107e+00,9.548682e-11,2.855084e-09,2.855084e-11
5.769995e+00,9.615572e-11,2.870351e-09,2.870351e-11
5.772883e+00,9.692324e-11,2.892975e-09,2.892975e-11
5.775771e+00,9.777027e-11,2.922657e-09,2.922657e-11
5.778658e+00,9.867441e-11,2.958742e-09,2.958742e-11
5.781546e+00,9.961385e-11,3.000282e-09,3.000282e-11
5.784434e+00,1.005651e-10,3.046091e-09,3.046091e-11
5.787322e+00,1.015041e-10,3.094802e-09,3.094802e-11
5.790210e+00,1.024092e-10,3.144965e-09,3.144965e-11
5.793098e+00,1.032578e-10,3.195126e-09,3.195126e-11
5.795986e+00,1.040254e-10,3.243883e-09,3.243883e-11
5.798874e+00,1.046897e-10,3.289932e-09,3.289932e-11
5.801762e+00,1.052307e-10,3.332110e-09,3.332110e-11
5.804649e+00,1.056304e-10,3.369440e-09,3.369440e-11
5.807537e+00,1.058723e-10,3.401174e-09,3.401174e-11
5.810425e+00,1.059467e-10,3.426797e-09,3.426797e-11
5.813313e+00,1.058491e-10,3.446017e-09,3.446017e-11
5.816201e+00,1.055738e-10,3.458784e-09,3.458784e-11
5.819089e+00,1.051192e-10,3.465286e-09,3.465286e-11
5.821977e+00,1.044895e-10,3.465880e-09,3.465880e-11
5.824865e+00,1.036932e-10,3.461013e-09,3.461013e-11
5.827752e+00,1.027458e-10,3.451204e-09,3.451204e-11
5.830640e+00,1.016689e-10,3.436973e-09,3.436973e-11
5.833528e+00,1.004903e-10,3.418744e-09,3.418744e-11
5.836416e+00,9.924590e-11,3.396817e-09,3.396817e-11
5.839304e+00,9.797292e-11,3.371343e-09,3.371343e-11
5.842192e+00,9.670718e-11,3.342286e-09,3.342286e-11
5.845080e+00,9.548457e-11,3.309494e-09,3.309494e-11
5.847968e+00,9.433964e-11,3.272806e-09,3.272806e-11
5.850856e+00,9.330374e-11,3.232093e-09,3.232093e-11
5.853743e+00,9.240350e-11,3.187360e-09,3.187360e-11
5.856631e+00,9.166087e-11,3.138903e-09,3.138903e-11
5.859519e+00,9.109279e-11,3.087428e-09,3.087428e-11
5.862407e+00,9.070793e-11,3.034115e-09,3.034115e-11
5.865295e+00,9.050529e-11,2.980569e-09,2.980569e-11
5.868183e+00,9.047338e-11,2.928727e-09,2.928727e-11
5.871071e+00,9.059346e-11,2.880795e-09,2.880795e-11
5.873959e+00,9.084458e-11,2.839137e-09,2.839137e-11
5.876847e+00,9.120471e-11,2.806085e-09,2.806085e-11
5.879734e+00,9.165465e-11,2.783765e-09,2.783765e-11
5.882622e+00,9.217759e-11,2.773936e-09,2.773936e-11
5.885510e+00,9.275916e-11,2.777865e-09,2.777865e-11
5.888398e+00,9.338863e-11,2.796286e-09,2.796286e-11
5.891286e+00,9.405454e-11,2.829362e-09,2.829362e-11
5.894174e+00,9.474636e-11,2.876620e-09,2.876620e-11
5.897062e+00,9.545459e-11,2.936955e-09,2.936955e-11
5.899950e+00,9.616947e-11,3.008631e-09,3.008631e-11
5.902837e+00,9.688218e-11,3.089325e-09,3.089325e-11
5.905725e+00,9.758437e-11,3.176232e-09,3.176232e-11
5.908613e+00,9.826480e-11,3.266152e-09,3.266152e-11
5.911501e+00,9.890357e-11,3.355601e-09,3.355601e-11
5.914389e+00,9.947670e-11,3.441041e-09,3.441041e-11
5.917277e+00,9.995857e-11,3.519069e-09,3.519069e-11
5.920165e+00,1.003202e-10,3.586556e-09,3.586556e-11
5.923053e+00,1.005343e-10,3.640820e-09,3.640820e-11
5.925941e+00,1.005787e-10,3.679747e-09,3.679747e-11
5.928828e+00,1.004407e-10,3.701869e-09,3.701869e-11
5.931716e+00,1.001169e-10,3.706418e-09,3.706418e-11
5.934604e+00,9.961322e-11,3.693315e-09,3.693315e-11
5.937492e+00,9.894343e-11,3.663101e-09,3.663101e-11
5.940380e+00,9.812818e-11,3.616875e-09,3.616875e-11
5.943268e+00,9.719798e-11,3.556231e-09,3.556231e-11
5.946156e+00,9.618826e-11,3.483154e-09,3.483154e-11
5.949044e+00,9.513972e-11,3.399962e-09,3.399962e-11
5.951932e+00,9.409697e-11,3.309238e-09,3.309238e-11
5.954819e+00,9.310144e-11,3.213790e-09,3.213790e-11
5.957707e+00,9.219096e-11,3.116634e-09,3.116634e-11
5.960595e+00,9.139465e-11,3.020911e-09,3.020911e-11
5.963483e+00,9.073157e-11,2.929755e-09,2.929755e-11
5.966371e+00,9.021189e-11,2.846121e-09,2.846121e-11
5.969259e+00,8.983765e-11,2.772533e-09,2.772533e-11
5.972147e+00,8.960461e-11,2.710846e-09,2.710846e-11
5.975035e+00,8.950273e-11,2.662091e-09,2.662091e-11
5.977923e+00,8.952379e-11,2.626378e-09,2.626378e-11
5.980810e+00,8.965766e-11,2.602948e-09,2.602948e-11
5.983698e+00,8.989250e-11,2.590410e-09,2.590410e-11
5.986586e+00,9.022201e-11,2.587063e-09,2.587063e-11
5.989474e+00,9.063950e-11,2.591173e-09,2.591173e-11
5.992362e+00,9.114219e-11,2.601329e-09,2.601329e-11
5.995250e+00,9.173538e-11,2.616704e-09,2.616704e-11
5.998138e+00,9.242682e-11,2.637022e-09,2.637022e-11
6.001026e+00,9.322474e-11,2.662504e-09,2.662504e-11
6.003913e+00,9.413815e-11,2.693827e-09,2.693827e-11
6.006801e+00,9.517707e-11,2.731934e-09,2.731934e-11
6.009689e+00,9.634563e-11,2.777757e-09,2.777757e-11
6.012577e+00,9.764378e-11,2.832101e-09,2.832101e-11
6.015465e+00,9.907394e-11,2.895567e-09,2.895567e-11
6.018353e+00,1.006345e-10,2.968425e-09,2.968425e-11
6.021241e+00,1.023213e-10,3.050631e-09,3.050631e-11
6.024129e+00,1.041301e-10,3.141913e-09,3.141913e-11
6.027017e+00,1.060538e-10,3.241794e-09,3.241794e-11
6.029904e+00,1.080813e-10,3.349605e-09,3.349605e-11
6.032792e+00,1.101979e-10,3.464515e-09,3.464515e-11
6.035680e+00,1.123880e-10,3.585542e-09,3.585542e-11
6.038568e+00,1.146353e-10,3.711473e-09,3.711473e-11
6.041456e+00,1.169213e-10,3.840799e-09,3.840799e-11
6.044344e+00,1.192246e-10,3.971718e-09,3.971718e-11
6.047232e+00,1.215213e-10,4.102154e-09,4.102154e-11
6.050120e+00,1.237824e-10,4.229786e-09,4.229786e-11
6.053008e+00,1.259703e-10,4.352130e-09,4.352130e-11
6.055895e+00,1.280422e-10,4.466679e-09,4.466679e-11
6.058783e+00,1.299493e-10,4.570981e-09,4.570981e-11
6.061671e+00,1.316407e-10,4.662718e-09,4.662718e-11
6.064559e+00,1.330721e-10,4.739818e-09,4.739818e-11
6.067447e+00,1.342035e-10,4.800538e-09,4.800538e-11
6.070335e+00,1.350012e-10,4.843512e-09,4.843512e-11
6.073223e+00,1.354417e-10,4.867776e-09,4.867776e-11
6.076111e+00,1.355072e-10,4.872788e-09,4.872788e-11
6.078998e+00,1.351883e-10,4.858472e-09,4.858472e-11
6.081886e+00,1.344861e-10,4.825178e-09,4.825178e-11
6.084774e+00,1.334077e-10,4.773611e-09,4.773611e-11
6.087662e+00,1.319725e-10,4.704880e-09,4.704880e-11
6.090550e+00,1.302124e-10,4.620469e-09,4.620469e-11
6.093438e+00,1.281638e-10,4.522126e-09,4.522126e-11
6.096326e+00,1.258698e-10,4.411848e-09,4.411848e-11
6.099214e+00,1.233759e-10,4.291870e-09,4.291870e-11
6.102102e+00,1.207215e-10,4.164546e-09,4.164546e-11
6.104989e+00,1.179417e-10,4.032270e-09,4.032270e-11
6.107877e+00,1.150696e-10,3.897433e-09,3.897433e-11
6.110765e+00,1.121357e-10,3.762308e-09,3.762308e-11
6.113653e+00,1.091698e-10,3.628916e-09,3.628916e-11
6.116541e+00,1.062020e-10,3.498964e-09,3.498964e-11
6.119429e+00,1.032653e-10,3.373819e-09,3.373819e-11
6.122317e+00,1.003932e-10,3.254475e-09,3.254475e-11
6.125205e+00,9.761556e-11,3.141530e-09,3.141530e-11
6.128093e+00,9.496091e-11,3.035329e-09,3.035329e-11
6.130980e+00,9.245686e-11,2.936117e-09,2.936117e-11
6.133868e+00,9.013152e-11,2.844113e-09,2.844113e-11
6.136756e+00,8.801076e-11,2.759531e-09,2.759531e-11
6.139644e+00,8.611713e-11,2.682629e-09,2.682629e-11
6.142532e+00,8.447381e-11,2.613764e-09,2.613764e-11
6.145420e+00,8.309759e-11,2.553321e-09,2.553321e-11
6.148308e+00,8.199640e-11,2.501625e-09,2.501625e-11
6.151196e+00,8.116873e-11,2.458884e-09,2.458884e-11
6.154084e+00,8.060566e-11,2.425127e-09,2.425127e-11
6.156971e+00,8.029197e-11,2.400184e-09,2.400184e-11
6.159859e+00,8.020487e-11,2.383705e-09,2.383705e-11
6.162747e+00,8.032334e-11,2.375171e-09,2.375171e-11
6.165635e+00,8.062527e-11,2.373928e-09,2.373928e-11
6.168523e+00,8.108484e-11,2.379255e-09,2.379255e-11
6.171411e+00,8.167983e-11,2.390424e-09,2.390424e-11
6.174299e+00,8.238712e-11,2.406680e-09,2.406680e-11
6.177187e+00,8.318336e-11,2.427203e-09,2.427203e-11
6.180074e+00,8.404546e-11,2.451069e-09,2.451069e-11
6.182962e+00,8.494783e-11,2.477238e-09,2.477238e-11
6.185850e+00,8.586844e-11,2.504615e-09,2.504615e-11
6.188738e+00,8.678511e-11,2.532029e-09,2.532029e-11
6.191626e+00,8.767048e-11,2.558244e-09,2.558244e-11
6.194514e+00,8.849578e-11,2.582076e-09,2.582076e-11
6.197402e+00,8.922924e-11,2.602425e-09,2.602425e-11
6.200290e+00,8.983352e-11,2.618265e-09,2.618265e-11
6.203178e+00,9.027027e-11,2.628711e-09,2.628711e-11
6.206065e+00,9.050140e-11,2.633015e-09,2.633015e-11
6.208953e+00,9.049093e-11,2.630562e-09,2.630562e-11
6.211841e+00,9.020995e-11,2.620902e-09,2.620902e-11
6.214729e+00,8.963512e-11,2.603723e-09,2.603723e-11
6.217617e+00,8.875186e-11,2.578868e-09,2.578868e-11
6.220505e+00,8.755858e-11,2.546417e-09,2.546417e-11
6.223393e+00,8.606375e-11,2.506687e-09,2.506687e-11
6.226281e+00,8.428767e-11,2.460218e-09,2.460218e-11
6.229169e+00,8.226382e-11,2.407822e-09,2.407822e-11
6.232056e+00,8.003558e-11,2.350560e-09,2.350560e-11
6.234944e+00,7.765548e-11,2.289665e-09,2.289665e-11
6.237832e+00,7.518115e-11,2.226486e-09,2.226486e-11
6.240720e+00,7.267097e-11,2.162439e-09,2.162439e-11
6.243608e+00,7.018259e-11,2.098928e-09,2.098928e-11
6.246496e+00,6.777288e-11,2.037315e-09,2.037315e-11
6.249384e+00,6.549734e-11,1.978872e-09,1.978872e-11
6.252272e+00,6.340474e-11,1.924742e-09,1.924742e-11
6.255159e+00,6.153980e-11,1.875957e-09,1.875957e-11
6.258047e+00,5.994345e-11,1.833446e-09,1.833446e-11
6.260935e+00,5.864490e-11,1.798006e-09,1.798006e-11
6.263823e+00,5.766464e-11,1.770307e-09,1.770307e-11
6.266711e+00,5.701577e-11,1.750867e-09,1.750867e-11
6.269599e+00,5.669996e-11,1.739961e-09,1.739961e-11
6.272487e+00,5.671218e-11,1.737607e-09,1.737607e-11
6.275375e+00,5.704506e-11,1.743597e-09,1.743597e-11
6.278263e+00,5.768851e-11,1.757514e-09,1.757514e-11
6.281150e+00,5.862835e-11,1.778750e-09,1.778750e-11
6.284038e+00,5.984438e-11,1.806623e-09,1.806623e-11
6.286926e+00,6.131203e-11,1.840475e-09,1.840475e-11
6.289814e+00,6.300095e-11,1.879703e-09,1.879703e-11
6.292702e+00,6.487404e-11,1.923809e-09,1.923809e-11
6.295590e+00,6.688852e-11,1.972432e-09,1.972432e-11
6.298478e+00,6.900019e-11,2.025254e-09,2.025254e-11
6.301366e+00,7.116851e-11,2.081944e-09,2.081944e-11
6.304254e+00,7.335234e-11,2.142108e-09,2.142108e-11
6.307141e+00,7.551363e-11,2.205210e-09,2.205210e-11
6.310029e+00,7.761608e-11,2.270525e-09,2.270525e-11
6.312917e+00,7.962089e-11,2.337121e-09,2.337121e-11
6.315805e+00,8.149315e-11,2.403856e-09,2.403856e-11
6.318693e+00,8.319827e-11,2.469392e-09,2.469392e-11
6.321581e+00,8.470436e-11,2.532309e-09,2.532309e-11
6.324469e+00,8.598824e-11,2.591165e-09,2.591165e-11
6.327357e+00,8.702956e-11,2.644519e-09,2.644519e-11
6.330245e+00,8.781587e-11,2.691084e-09,2.691084e-11
6.333132e+00,8.834275e-11,2.729806e-09,2.729806e-11
6.336020e+00,8.860633e-11,2.759876e-09,2.759876e-11
6.338908e+00,8.860977e-11,2.780857e-09,2.780857e-11
6.341796e+00,8.836099e-11,2.792743e-09,2.792743e-11
6.344684e+00,8.787306e-11,2.795908e-09,2.795908e-11
6.347572e+00,8.716956e-11,2.791108e-09,2.791108e-11
6.350460e+00,8.627945e-11,2.779475e-09,2.779475e-11
6.353348e+00,8.523889e-11,2.762466e-09,2.762466e-11
6.356235e+00,8.409292e-11,2.741784e-09,2.741784e-11
6.359123e+00,8.288804e-11,2.719252e-09,2.719252e-11
6.362011e+00,8.167030e-11,2.696720e-09,2.696720e-11
6.364899e+00,8.048799e-11,2.676019e-09,2.676019e-11
6.367787e+00,7.938924e-11,2.658861e-09,2.658861e-11
6.370675e+00,7.842060e-11,2.646740e-09,2.646740e-11
6.373563e+00,7.762671e-11,2.640911e-09,2.640911e-11
6.376451e+00,7.704981e-11,2.642383e-09,2.642383e-11
6.379339e+00,7.672729e-11,2.651909e-09,2.651909e-11
6.382226e+00,7.668886e-11,2.669984e-09,2.669984e-11
6.385114e+00,7.695797e-11,2.696861e-09,2.696861e-11
6.388002e+00,7.754950e-11,2.732556e-09,2.732556e-11
6.390890e+00,7.847161e-11,2.776937e-09,2.776937e-11
6.393778e+00,7.972832e-11,2.829769e-09,2.829769e-11
6.396666e+00,8.131822e-11,2.890662e-09,2.890662e-11
6.399554e+00,8.323675e-11,2.959122e-09,2.959122e-11
6.402442e+00,8.547572e-11,3.034620e-09,3.034620e-11
6.405330e+00,8.802120e-11,3.116569e-09,3.116569e-11
6.408217e+00,9.085237e-11,3.204318e-09,3.204318e-11
6.411105e+00,9.394271e-11,3.297180e-09,3.297180e-11
6.413993e+00,9.725969e-11,3.394350e-09,3.394350e-11
6.416881e+00,1.007637e-10,3.494844e-09,3.494844e-11
6.419769e+00,1.044104e-10,3.597519e-09,3.597519e-11
6.422657e+00,1.081496e-10,3.701031e-09,3.701031e-11
6.425545e+00,1.119243e-10,3.803806e-09,3.803806e-11
6.428433e+00,1.156732e-10,3.904100e-09,3.904100e-11
6.431320e+00,1.193304e-10,4.000014e-09,4.000014e-11
6.434208e+00,1.228272e-10,4.089519e-09,4.089519e-11
6.437096e+00,1.260948e-10,4.170587e-09,4.170587e-11
6.439984e+00,1.290671e-10,4.241294e-09,4.241294e-11
6.442872e+00,1.316835e-10,4.299897e-09,4.299897e-11
6.445760e+00,1.338913e-10,4.344927e-09,4.344927e-11
6.448648e+00,1.356445e-10,4.375276e-09,4.375276e-11
6.451536e+00,1.369074e-10,4.390264e-09,4.390264e-11
6.454424e+00,1.376528e-10,4.389677e-09,4.389677e-11
6.457311e+00,1.378648e-10,4.373786e-09,4.373786e-11
6.460199e+00,1.375441e-10,4.343323e-09,4.343323e-11
6.463087e+00,1.367039e-10,4.299438e-09,4.299438e-11
6.465975e+00,1.353704e-10,4.243628e-09,4.243628e-11
6.468863e+00,1.335829e-10,4.177630e-09,4.177630e-11
6.471751e+00,1.313901e-10,4.103322e-09,4.103322e-11
6.474639e+00,1.288469e-10,4.022667e-09,4.022667e-11
6.477527e+00,1.260148e-10,3.937601e-09,3.937601e-11
6.480415e+00,1.229597e-10,3.849867e-09,3.849867e-11
6.483302e+00,1.197471e-10,3.760954e-09,3.760954e-11
6.486190e+00,1.164481e-10,3.672107e-09,3.672107e-11
6.489078e+00,1.131379e-10,3.584315e-09,3.584315e-11
6.491966e+00,1.098948e-10,3.498363e-09,3.498363e-11
6.494854e+00,1.067934e-10,3.414925e-09,3.414925e-11
6.497742e+00,1.039005e-10,3.334721e-09,3.334721e-11
6.500630e+00,1.012786e-10,3.258723e-09,3.258723e-11
6.503518e+00,9.897929e-11,3.188260e-09,3.188260e-11
6.506406e+00,9.704367e-11,3.125086e-09,3.125086e-11
6.509293e+00,9.550507e-11,3.071491e-09,3.071491e-11
6.512181e+00,9.438684e-11,3.030209e-09,3.030209e-11
6.515069e+00,9.370272e-11,3.004153e-09,3.004153e-11
6.517957e+00,9.345699e-11,2.996120e-09,2.996120e-11
6.520845e+00,9.364111e-11,3.008359e-09,3.008359e-11
6.523733e+00,9.423370e-11,3.042079e-09,3.042079e-11
6.526621e+00,9.520056e-11,3.097161e-09,3.097161e-11
6.529509e+00,9.649776e-11,3.172046e-09,3.172046e-11
6.532396e+00,9.807396e-11,3.263779e-09,3.263779e-11
6.535284e+00,9.987298e-11,3.368334e-09,3.368334e-11
6.538172e+00,1.018391e-10,3.481069e-09,3.481069e-11
6.541060e+00,1.039155e-10,3.597139e-09,3.597139e-11
6.543948e+00,1.060460e-10,3.711884e-09,3.711884e-11
6.546836e+00,1.081756e-10,3.821181e-09,3.821181e-11
6.549724e+00,1.102496e-10,3.921680e-09,3.921680e-11
6.552612e+00,1.122176e-10,4.010949e-09,4.010949e-11
6.555500e+00,1.140360e-10,4.087524e-09,4.087524e-11
6.558387e+00,1.156697e-10,4.150879e-09,4.150879e-11
6.561275e+00,1.170932e-10,4.201331e-09,4.201331e-11
6.564163e+00,1.182889e-10,4.239881e-09,4.239881e-11
6.567051e+00,1.192468e-10,4.268026e-09,4.268026e-11
6.569939e+00,1.199638e-10,4.287547e-09,4.287547e-11
6.572827e+00,1.204407e-10,4.300247e-09,4.300247e-11
6.575715e+00,1.206813e-10,4.307744e-09,4.307744e-11
6.578603e+00,1.206936e-10,4.311321e-09,4.311321e-11
6.581491e+00,1.204907e-10,4.311805e-09,4.311805e-11
6.584378e+00,1.200898e-10,4.309495e-09,4.309495e-11
6.587266e+00,1.195136e-10,4.304218e-09,4.304218e-11
6.590154e+00,1.187862e-10,4.295463e-09,4.295463e-11
6.593042e+00,1.179334e-10,4.282509e-09,4.282509e-11
6.595930e+00,1.169785e-10,4.264563e-09,4.264563e-11
6.598818e+00,1.159410e-10,4.240943e-09,4.240943e-11
6.601706e+00,1.148415e-10,4.211166e-09,4.211166e-11
6.604594e+00,1.136964e-10,4.175030e-09,4.175030e-11
6.607481e+00,1.125227e-10,4.132714e-09,4.132714e-11
6.610369e+00,1.113412e-10,4.084827e-09,4.084827e-11
6.613257e+00,1.101707e-10,4.032348e-09,4.032348e-11
6.616145e+00,1.090274e-10,3.976565e-09,3.976565e-11
6.619033e+00,1.079270e-10,3.919086e-09,3.919086e-11
6.621921e+00,1.068826e-10,3.861804e-09,3.861804e-11
6.624809e+00,1.059047e-10,3.806766e-09,3.806766e-11
6.627697e+00,1.050025e-10,3.756052e-09,3.756052e-11
6.630585e+00,1.041828e-10,3.711689e-09,3.711689e-11
6.633472e+00,1.034536e-10,3.675557e-09,3.675557e-11
6.636360e+00,1.028241e-10,3.649273e-09,3.649273e-11
6.639248e+00,1.023036e-10,3.634051e-09,3.634051e-11
6.642136e+00,1.019003e-10,3.630612e-09,3.630612e-11
6.645024e+00,1.016210e-10,3.639179e-09,3.639179e-11
6.647912e+00,1.014738e-10,3.659489e-09,3.659489e-11
6.650800e+00,1.014691e-10,3.690741e-09,3.690741e-11
6.653688e+00,1.016144e-10,3.731679e-09,3.731679e-11
6.656576e+00,1.019189e-10,3.780766e-09,3.780766e-11
6.659463e+00,1.023959e-10,3.836299e-09,3.836299e-11
6.662351e+00,1.030547e-10,3.896462e-09,3.896462e-11
6.665239e+00,1.039027e-10,3.959469e-09,3.959469e-11
6.668127e+00,1.049456e-10,4.023669e-09,4.023669e-11
6.671015e+00,1.061839e-10,4.087607e-09,4.087607e-11
6.673903e+00,1.076161e-10,4.150069e-09,4.150069e-11
6.676791e+00,1.092351e-10,4.210124e-09,4.210124e-11
6.679679e+00,1.110301e-10,4.267160e-09,4.267160e-11
6.682567e+00,1.129870e-10,4.320844e-09,4.320844e-11
6.685454e+00,1.150821e-10,4.371053e-09,4.371053e-11
6.688342e+00,1.172857e-10,4.417856e-09,4.417856e-11
6.691230e+00,1.195620e-10,4.461458e-09,4.461458e-11
6.694118e+00,1.218699e-10,4.502109e-09,4.502109e-11
6.697006e+00,1.241670e-10,4.540034e-09,4.540034e-11
6.699894e+00,1.264098e-10,4.575390e-09,4.575390e-11
6.702782e+00,1.285578e-10,4.608237e-09,4.608237e-11
6.705670e+00,1.305720e-10,4.638507e-09,4.638507e-11
6.708557e+00,1.324165e-10,4.665996e-09,4.665996e-11
6.711445e+00,1.340577e-10,4.690406e-09,4.690406e-11
6.714333e+00,1.354630e-10,4.711372e-09,4.711372e-11
6.717221e+00,1.366050e-10,4.728504e-09,4.728504e-11
6.720109e+00,1.374624e-10,4.741461e-09,4.741461e-11
6.722997e+00,1.380221e-10,4.749967e-09,4.749967e-11
6.725885e+00,1.382779e-10,4.753795e-09,4.753795e-11
6.728773e+00,1.382289e-10,4.752753e-09,4.752753e-11
6.731661e+00,1.378782e-10,4.746670e-09,4.746670e-11
6.734548e+00,1.372335e-10,4.735395e-09,4.735395e-11
6.737436e+00,1.363045e-10,4.718767e-09,4.718767e-11
6.740324e+00,1.351021e-10,4.696552e-09,4.696552e-11
6.743212e+00,1.336411e-10,4.668415e-09,4.668415e-11
6.746100e+00,1.319412e-10,4.633958e-09,4.633958e-11
6.748988e+00,1.300283e-10,4.592746e-09,4.592746e-11
6.751876e+00,1.279314e-10,4.544320e-09,4.544320e-11
6.754764e+00,1.256819e-10,4.488245e-09,4.488245e-11
6.757652e+00,1.233122e-10,4.424181e-09,4.424181e-11
6.760539e+00,1.208529e-10,4.351931e-09,4.351931e-11
6.763427e+00,1.183327e-10,4.271450e-09,4.271450e-11
6.766315e+00,1.157763e-10,4.182907e-09,4.182907e-11
6.769203e+00,1.132094e-10,4.086718e-09,4.086718e-11
6.772091e+00,1.106589e-10,3.983518e-09,3.983518e-11
6.774979e+00,1.081472e-10,3.874151e-09,3.874151e-11
6.777867e+00,1.056951e-10,3.759651e-09,3.759651e-11
6.780755e+00,1.033195e-10,3.641206e-09,3.641206e-11
6.783642e+00,1.010290e-10,3.520099e-09,3.520099e-11
6.786530e+00,9.882656e-11,3.397633e-09,3.397633e-11
6.789418e+00,9.671155e-11,3.275082e-09,3.275082e-11
6.792306e+00,9.468021e-11,3.153642e-09,3.153642e-11
6.795194e+00,9.272864e-11,3.034368e-09,3.034368e-11
6.798082e+00,9.085568e-11,2.918141e-09,2.918141e-11
6.800970e+00,8.906049e-11,2.805688e-09,2.805688e-11
6.803858e+00,8.734180e-11,2.697614e-09,2.697614e-11
6.806746e+00,8.569893e-11,2.594408e-09,2.594408e-11
6.809633e+00,8.412885e-11,2.496451e-09,2.496451e-11
6.812521e+00,8.262789e-11,2.404109e-09,2.404109e-11
6.815409e+00,8.119376e-11,2.317754e-09,2.317754e-11
6.818297e+00,7.982315e-11,2.237745e-09,2.237745e-11
6.821185e+00,7.851774e-11,2.164514e-09,2.164514e-11
6.824073e+00,7.728453e-11,2.098572e-09,2.098572e-11
6.826961e+00,7.613115e-11,2.040479e-09,2.040479e-11
6.829849e+00,7.506839e-11,1.990855e-09,1.990855e-11
6.832737e+00,7.410592e-11,1.950332e-09,1.950332e-11
6.835624e+00,7.325424e-11,1.919560e-09,1.919560e-11
6.838512e+00,7.252788e-11,1.899191e-09,1.899191e-11
6.841400e+00,7.194181e-11,1.889768e-09,1.889768e-11
6.844288e+00,7.151285e-11,1.891667e-09,1.891667e-11
6.847176e+00,7.125852e-11,1.904984e-09,1.904984e-11
6.850064e+00,7.119422e-11,1.929456e-09,1.929456e-11
6.852952e+00,7.133523e-11,1.964525e-09,1.964525e-11
6.855840e+00,7.169355e-11,2.009319e-09,2.009319e-11
6.858728e+00,7.227397e-11,2.062665e-09,2.062665e-11
6.861615e+00,7.307576e-11,2.123224e-09,2.123224e-11
6.864503e+00,7.409025e-11,2.189601e-09,2.189601e-11
6.867391e+00,7.530278e-11,2.260424e-09,2.260424e-11
6.870279e+00,7.669254e-11,2.334429e-09,2.334429e-11
6.873167e+00,7.823006e-11,2.410484e-09,2.410484e-11
6.876055e+00,7.988125e-11,2.487608e-09,2.487608e-11
6.878943e+00,8.160804e-11,2.564947e-09,2.564947e-11
6.881831e+00,8.336825e-11,2.641748e-09,2.641748e-11
6.884718e+00,8.512198e-11,2.717372e-09,2.717372e-11
6.887606e+00,8.683291e-11,2.791259e-09,2.791259e-11
6.890494e+00,8.846545e-11,2.862888e-09,2.862888e-11
6.893382e+00,8.998919e-11,2.931775e-09,2.931775e-11
6.896270e+00,9.137760e-11,2.997486e-09,2.997486e-11
6.899158e+00,9.260661e-11,3.059587e-09,3.059587e-11
6.902046e+00,9.365555e-11,3.117550e-09,3.117550e-11
6.904934e+00,9.450516e-11,3.170745e-09,3.170745e-11
6.907822e+00,9.514125e-11,3.218431e-09,3.218431e-11
6.910709e+00,9.555454e-11,3.259725e-09,3.259725e-11
6.913597e+00,9.573867e-11,3.293595e-09,3.293595e-11
6.916485e+00,9.568847e-11,3.318839e-09,3.318839e-11
6.919373e+00,9.539899e-11,3.334160e-09,3.334160e-11
6.922261e+00,9.486673e-11,3.338284e-09,3.338284e-11
6.925149e+00,9.408886e-11,3.330012e-09,3.330012e-11
6.928037e+00,9.306508e-11,3.308345e-09,3.308345e-11
6.930925e+00,9.179964e-11,3.272645e-09,3.272645e-11
6.933813e+00,9.030573e-11,3.222656e-09,3.222656e-11
6.936700e+00,8.860430e-11,3.158537e-09,3.158537e-11
6.939588e+00,8.672220e-11,3.080980e-09,3.080980e-11
6.942476e+00,8.469620e-11,2.991244e-09,2.991244e-11
6.945364e+00,8.256573e-11,2.891081e-09,2.891081e-11
6.948252e+00,8.036996e-11,2.782672e-09,2.782672e-11
6.951140e+00,7.815179e-11,2.668617e-09,2.668617e-11
6.954028e+00,7.595506e-11,2.551813e-09,2.551813e-11
6.956916e+00,7.382299e-11,2.435251e-09,2.435251e-11
6.959804e+00,7.179828e-11,2.321933e-09,2.321933e-11
6.962691e+00,6.992243e-11,2.214775e-09,2.214775e-11
6.965579e+00,6.823140e-11,2.116432e-09,2.116432e-11
6.968467e+00,6.675403e-11,2.029131e-09,2.029131e-11
6.971355e+00,6.551164e-11,1.954506e-09,1.954506e-11
6.974243e+00,6.451419e-11,1.893463e-09,1.893463e-11
6.977131e+00,6.376772e-11,1.846224e-09,1.846224e-11
6.980019e+00,6.327654e-11,1.812345e-09,1.812345e-11
6.982907e+00,6.303979e-11,1.790753e-09,1.790753e-11
6.985794e+00,6.305790e-11,1.779986e-09,1.779986e-11
6.988682e+00,6.333152e-11,1.778445e-09,1.778445e-11
6.991570e+00,6.385688e-11,1.784570e-09,1.784570e-11
6.994458e+00,6.462776e-11,1.797024e-09,1.797024e-11
6.997346e+00,6.563352e-11,1.814807e-09,1.814807e-11
7.000234e+00,6.685863e-11,1.837378e-09,1.837378e-11
7.003122e+00,6.828957e-11,1.864772e-09,1.864772e-11
7.006010e+00,6.991073e-11,1.897526e-09,1.897526e-11
7.008898e+00,7.170260e-11,1.936608e-09,1.936608e-11
7.011785e+00,7.364768e-11,1.983353e-09,1.983353e-11
7.014673e+00,7.572331e-11,2.039202e-09,2.039202e-11
7.017561e+00,7.789949e-11,2.105419e-09,2.105419e-11
7.020449e+00,8.014066e-11,2.182858e-09,2.182858e-11
7.023337e+00,8.240588e-11,2.271683e-09,2.271683e-11
7.026225e+00,8.465176e-11,2.371128e-09,2.371128e-11
7.029113e+00,8.683117e-11,2.479400e-09,2.479400e-11
7.032001e+00,8.889853e-11,2.593759e-09,2.593759e-11
7.034889e+00,9.081175e-11,2.710678e-09,2.710678e-11
7.037776e+00,9.252958e-11,2.826039e-09,2.826039e-11
7.040664e+00,9.401353e-11,2.935422e-09,2.935422e-11
7.043552e+00,9.522753e-11,3.034395e-09,3.034395e-11
7.046440e+00,9.614026e-11,3.118788e-09,3.118788e-11
7.049328e+00,9.672833e-11,3.184951e-09,3.184951e-11
7.052216e+00,9.697787e-11,3.229951e-09,3.229951e-11
7.055104e+00,9.688676e-11,3.251736e-09,3.251736e-11
7.057992e+00,9.646717e-11,3.249234e-09,3.249234e-11
7.060879e+00,9.574181e-11,3.222385e-09,3.222385e-11
7.063767e+00,9.474187e-11,3.172150e-09,3.172150e-11
7.066655e+00,9.351180e-11,3.100542e-09,3.100542e-11
7.069543e+00,9.210425e-11,3.010571e-09,3.010571e-11
7.072431e+00,9.057796e-11,2.906102e-09,2.906102e-11
7.075319e+00,8.899499e-11,2.791748e-09,2.791748e-11
7.078207e+00,8.741649e-11,2.672836e-09,2.672836e-11
7.081095e+00,8.590520e-11,2.555284e-09,2.555284e-11
7.083983e+00,8.451690e-11,2.445370e-09,2.445370e-11
7.086870e+00,8.329762e-11,2.349425e-09,2.349425e-11
7.089758e+00,8.228232e-11,2.273348e-09,2.273348e-11
7.092646e+00,8.148993e-11,2.221895e-09,2.221895e-11
7.095534e+00,8.092693e-11,2.197984e-09,2.197984e-11
7.098422e+00,8.058963e-11,2.202185e-09,2.202185e-11
7.101310e+00,8.046501e-11,2.232579e-09,2.232579e-11
7.104198e+00,8.053036e-11,2.285085e-09,2.285085e-11
7.107086e+00,8.075410e-11,2.354194e-09,2.354194e-11
7.109974e+00,8.109921e-11,2.433876e-09,2.433876e-11
7.112861e+00,8.152667e-11,2.518307e-09,2.518307e-11
7.115749e+00,8.199735e-11,2.602292e-09,2.602292e-11
7.118637e+00,8.247433e-11,2.681559e-09,2.681559e-11
7.121525e+00,8.292804e-11,2.752881e-09,2.752881e-11
7.124413e+00,8.333674e-11,2.813992e-09,2.813992e-11
7.127301e+00,8.368252e-11,2.863486e-09,2.863486e-11
7.130189e+00,8.395297e-11,2.900684e-09,2.900684e-11
7.133077e+00,8.413756e-11,2.925448e-09,2.925448e-11
7.135965e+00,8.422356e-11,2.938007e-09,2.938007e-11
7.138852e+00,8.419885e-11,2.938826e-09,2.938826e-11
7.141740e+00,8.405010e-11,2.928500e-09,2.928500e-11
7.144628e+00,8.376628e-11,2.907709e-09,2.907709e-11
7.147516e+00,8.333965e-11,2.877158e-09,2.877158e-11
7.150404e+00,8.276502e-11,2.837557e-09,2.837557e-11
7.153292e+00,8.204284e-11,2.789667e-09,2.789667e-11
7.156180e+00,8.117593e-11,2.734339e-09,2.734339e-11
7.159068e+00,8.017123e-11,2.672531e-09,2.672531e-11
7.161955e+00,7.904017e-11,2.605350e-09,2.605350e-11
7.164843e+00,7.779984e-11,2.534122e-09,2.534122e-11
7.167731e+00,7.647741e-11,2.460406e-09,2.460406e-11
7.170619e+00,7.510713e-11,2.385989e-09,2.385989e-11
7.173507e+00,7.372970e-11,2.312971e-09,2.312971e-11
7.176395e+00,7.239206e-11,2.243823e-09,2.243823e-11
7.179283e+00,7.113996e-11,2.181335e-09,2.181335e-11
7.182171e+00,7.001231e-11,2.128597e-09,2.128597e-11
7.185059e+00,6.904473e-11,2.088924e-09,2.088924e-11
7.187946e+00,6.826544e-11,2.065487e-09,2.065487e-11
7.190834e+00,6.769023e-11,2.060839e-09,2.060839e-11
7.193722e+00,6.732954e-11,2.076512e-09,2.076512e-11
7.196610e+00,6.718946e-11,2.112627e-09,2.112627e-11
7.199498e+00,6.726911e-11,2.167708e-09,2.167708e-11
7.202386e+00,6.756090e-11,2.238896e-09,2.238896e-11
7.205274e+00,6.805330e-11,2.322372e-09,2.322372e-11
7.208162e+00,6.873210e-11,2.413870e-09,2.413870e-11
7.211050e+00,6.957999e-11,2.509178e-09,2.509178e-11
7.213937e+00,7.058125e-11,2.604513e-09,2.604513e-11
7.216825e+00,7.172432e-11,2.696748e-09,2.696748e-11
7.219713e+00,7.300174e-11,2.783531e-09,2.783531e-11
7.222601e+00,7.440925e-11,2.863295e-09,2.863295e-11
7.225489e+00,7.594267e-11,2.935187e-09,2.935187e-11
7.228377e+00,7.759481e-11,2.998976e-09,2.998976e-11
7.231265e+00,7.935408e-11,3.054964e-09,3.054964e-11
7.234153e+00,8.120342e-11,3.103870e-09,3.103870e-11
7.237040e+00,8.311791e-11,3.146724e-09,3.146724e-11
7.239928e+00,8.506962e-11,3.184817e-09,3.184817e-11
7.242816e+00,8.702928e-11,3.219623e-09,3.219623e-11
7.245704e+00,8.896205e-11,3.252675e-09,3.252675e-11
7.248592e+00,9.083084e-11,3.285541e-09,3.285541e-11
7.251480e+00,9.259976e-11,3.319789e-09,3.319789e-11
7.254368e+00,9.423348e-11,3.356876e-09,3.356876e-11
7.257256e+00,9.569755e-11,3.398054e-09,3.398054e-11
7.260144e+00,9.696254e-11,3.444290e-09,3.444290e-11
7.263031e+00,9.800941e-11,3.496177e-09,3.496177e-11
7.265919e+00,9.882891e-11,3.553826e-09,3.553826e-11
7.268807e+00,9.942026e-11,3.616759e-09,3.616759e-11
7.271695e+00,9.979324e-11,3.683892e-09,3.683892e-11
7.274583e+00,9.996438e-11,3.753539e-09,3.753539e-11
7.277471e+00,9.995430e-11,3.823477e-09,3.823477e-11
7.280359e+00,9.978957e-11,3.891075e-09,3.891075e-11
7.283247e+00,9.949845e-11,3.953449e-09,3.953449e-11
7.286135e+00,9.910930e-11,4.007609e-09,4.007609e-11
7.289022e+00,9.865236e-11,4.050703e-09,4.050703e-11
7.291910e+00,9.815974e-11,4.080245e-09,4.080245e-11
7.294798e+00,9.766317e-11,4.094267e-09,4.094267e-11
7.297686e+00,9.719029e-11,4.091488e-09,4.091488e-11
7.300574e+00,9.676679e-11,4.071516e-09,4.071516e-11
7.303462e+00,9.641489e-11,4.034930e-09,4.034930e-11
7.306350e+00,9.615220e-11,3.983318e-09,3.983318e-11
7.309238e+00,9.599454e-11,3.919261e-09,3.919261e-11
7.312126e+00,9.595431e-11,3.846198e-09,3.846198e-11
7.315013e+00,9.603925e-11,3.768213e-09,3.768213e-11
7.317901e+00,9.625188e-11,3.689776e-09,3.689776e-11
7.320789e+00,9.658803e-11,3.615347e-09,3.615347e-11
7.323677e+00,9.703358e-11,3.548937e-09,3.548937e-11
7.326565e+00,9.756560e-11,3.493718e-09,3.493718e-11
7.329453e+00,9.815640e-11,3.451706e-09,3.451706e-11
7.332341e+00,9.877384e-11,3.423551e-09,3.423551e-11
7.335229e+00,9.938332e-11,3.408525e-09,3.408525e-11
7.338116e+00,9.994902e-11,3.404715e-09,3.404715e-11
7.341004e+00,1.004365e-10,3.409356e-09,3.409356e-11
7.343892e+00,1.008152e-10,3.419235e-09,3.419235e-11
7.346780e+00,1.010559e-10,3.431070e-09,3.431070e-11
7.349668e+00,1.011356e-10,3.441868e-09,3.441868e-11
7.352556e+00,1.010388e-10,3.449183e-09,3.449183e-11
7.355444e+00,1.007561e-10,3.451230e-09,3.451230e-11
7.358332e+00,1.002890e-10,3.446955e-09,3.446955e-11
7.361220e+00,9.964800e-11,3.436030e-09,3.436030e-11
7.364107e+00,9.884825e-11,3.418735e-09,3.418735e-11
7.366995e+00,9.790956e-11,3.395831e-09,3.395831e-11
7.369883e+00,9.685248e-11,3.368411e-09,3.368411e-11
7.372771e+00,9.569367e-11,3.337718e-09,3.337718e-11
7.375659e+00,9.444783e-11,3.304960e-09,3.304960e-11
7.378547e+00,9.312861e-11,3.271181e-09,3.271181e-11
7.381435e+00,9.174568e-11,3.237143e-09,3.237143e-11
7.384323e+00,9.030612e-11,3.203186e-09,3.203186e-11
7.387211e+00,8.881387e-11,3.169169e-09,3.169169e-11
7.390098e+00,8.727171e-11,3.134538e-09,3.134538e-11
7.392986e+00,8.568046e-11,3.098382e-09,3.098382e-11
7.395874e+00,8.403827e-11,3.059504e-09,3.059504e-11
7.398762e+00,8.234546e-11,3.016585e-09,3.016585e-11
7.401650e+00,8.060441e-11,2.968342e-09,2.968342e-11
7.404538e+00,7.882041e-11,2.913629e-09,2.913629e-11
7.407426e+00,7.700414e-11,2.851587e-09,2.851587e-11
7.410314e+00,7.516972e-11,2.781746e-09,2.781746e-11
7.413201e+00,7.333158e-11,2.704039e-09,2.704039e-11
7.416089e+00,7.150563e-11,2.618891e-09,2.618891e-11
7.418977e+00,6.970610e-11,2.527227e-09,2.527227e-11
7.421865e+00,6.794464e-11,2.430393e-09,2.430393e-11
7.424753e+00,6.623531e-11,2.330111e-09,2.330111e-11
7.427641e+00,6.459078e-11,2.228371e-09,2.228371e-11
7.430529e+00,6.302096e-11,2.127275e-09,2.127275e-11
7.433417e+00,6.153805e-11,2.028991e-09,2.028991e-11
7.436305e+00,6.015492e-11,1.935653e-09,1.935653e-11
7.439192e+00,5.888132e-11,1.849148e-09,1.849148e-11
7.442080e+00,5.772451e-11,1.771032e-09,1.771032e-11
7.444968e+00,5.669225e-11,1.702538e-09,1.702538e-11
7.447856e+00,5.579465e-11,1.644520e-09,1.644520e-11
7.450744e+00,5.504404e-11,1.597426e-09,1.597426e-11
7.453632e+00,5.445677e-11,1.561395e-09,1.561395e-11
7.456520e+00,5.405085e-11,1.536324e-09,1.536324e-11
7.459408e+00,5.384598e-11,1.521887e-09,1.521887e-11
7.462296e+00,5.386067e-11,1.517646e-09,1.517646e-11
7.465183e+00,5.410854e-11,1.523125e-09,1.523125e-11
7.468071e+00,5.460097e-11,1.537839e-09,1.537839e-11
7.470959e+00,5.534530e-11,1.561328e-09,1.561328e-11
7.473847e+00,5.634445e-11,1.593184e-09,1.593184e-11
7.476735e+00,5.759671e-11,1.633034e-09,1.633034e-11
7.479623e+00,5.909824e-11,1.680578e-09,1.680578e-11
7.482511e+00,6.084094e-11,1.735559e-09,1.735559e-11
7.485399e+00,6.280743e-11,1.797691e-09,1.797691e-11
7.488287e+00,6.497541e-11,1.866645e-09,1.866645e-11
7.491174e+00,6.731861e-11,1.942027e-09,1.942027e-11
7.494062e+00,6.980569e-11,2.023315e-09,2.023315e-11
7.496950e+00,7.240175e-11,2.109815e-09,2.109815e-11
7.499838e+00,7.507229e-11,2.200625e-09,2.200625e-11
7.502726e+00,7.778347e-11,2.294636e-09,2.294636e-11
7.505614e+00,8.050059e-11,2.390570e-09,2.390570e-11
7.508502e+00,8.318988e-11,2.487003e-09,2.487003e-11
7.511390e+00,8.581741e-11,2.582382e-09,2.582382e-11
7.514277e+00,8.835004e-11,2.675104e-09,2.675104e-11
7.517165e+00,9.075709e-11,2.763589e-09,2.763589e-11
7.520053e+00,9.301137e-11,2.846376e-09,2.846376e-11
7.522941e+00,9.509292e-11,2.922162e-09,2.922162e-11
7.525829e+00,9.698680e-11,2.989859e-09,2.989859e-11
7.528717e+00,9.868313e-11,3.048668e-09,3.048668e-11
7.531605e+00,1.001781e-10,3.098123e-09,3.098123e-11
7.534493e+00,1.014682e-10,3.138057e-09,3.138057e-11
7.537381e+00,1.025527e-10,3.168604e-09,3.168604e-11
7.540268e+00,1.034357e-10,3.190208e-09,3.190208e-11
7.543156e+00,1.041239e-10,3.203555e-09,3.203555e-11
7.546044e+00,1.046287e-10,3.209507e-09,3.209507e-11
7.548932e+00,1.049681e-10,3.209059e-09,3.209059e-11
7.551820e+00,1.051617e-10,3.203242e-09,3.203242e-11
7.554708e+00,1.052278e-10,3.193023e-09,3.193023e-11
7.557596e+00,1.051861e-10,3.179271e-09,3.179271e-11
7.560484e+00,1.050544e-10,3.162764e-09,3.162764e-11
7.563372e+00,1.048490e-10,3.144175e-09,3.144175e-11
7.566259e+00,1.045850e-10,3.124026e-09,3.124026e-11
7.569147e+00,1.042734e-10,3.102710e-09,3.102710e-11
7.572035e+00,1.039281e-10,3.080595e-09,3.080595e-11
7.574923e+00,1.035628e-10,3.058057e-09,3.058057e-11
7.577811e+00,1.031842e-10,3.035473e-09,3.035473e-11
7.580699e+00,1.027973e-10,3.013248e-09,3.013248e-11
7.583587e+00,1.024018e-10,2.991831e-09,2.991831e-11
7.586475e+00,1.019928e-10,2.971686e-09,2.971686e-11
7.589362e+00,1.015640e-10,2.953236e-09,2.953236e-11
7.592250e+00,1.011073e-10,2.936780e-09,2.936780e-11
7.595138e+00,1.006168e-10,2.922446e-09,2.922446e-11
7.598026e+00,1.000866e-10,2.910172e-09,2.910172e-11
7.600914e+00,9.951211e-11,2.899688e-09,2.899688e-11
7.603802e+00,9.889208e-11,2.890529e-09,2.890529e-11
7.606690e+00,9.822620e-11,2.882081e-09,2.882081e-11
7.609578e+00,9.751632e-11,2.873638e-09,2.873638e-11
7.612466e+00,9.677053e-11,2.864521e-09,2.864521e-11
7.615353e+00,9.600438e-11,2.854199e-09,2.854199e-11
7.618241e+00,9.523950e-11,2.842343e-09,2.842343e-11
7.621129e+00,9.450092e-11,2.828853e-09,2.828853e-11
7.624017e+00,9.381774e-11,2.813940e-09,2.813940e-11
7.626905e+00,9.321808e-11,2.798186e-09,2.798186e-11
7.629793e+00,9.272812e-11,2.782543e-09,2.782543e-11
7.632681e+00,9.237168e-11,2.768332e-09,2.768332e-11
7.635569e+00,9.216795e-11,2.757267e-09,2.757267e-11
7.638457e+00,9.213540e-11,2.751433e-09,2.751433e-11
7.641344e+00,9.228831e-11,2.753172e-09,2.753172e-11
7.644232e+00,9.263566e-11,2.764963e-09,2.764963e-11
7.647120e+00,9.318232e-11,2.789332e-09,2.789332e-11
7.650008e+00,9.392828e-11,2.828637e-09,2.828637e-11
7.652896e+00,9.486542e-11,2.884756e-09,2.884756e-11
7.655784e+00,9.597807e-11,2.958863e-09,2.958863e-11
7.658672e+00,9.724951e-11,3.051336e-09,3.051336e-11
7.661560e+00,9.866157e-11,3.161662e-09,3.161662e-11
7.664448e+00,1.001976e-10,3.288386e-09,3.288386e-11
7.667335e+00,1.018433e-10,3.429204e-09,3.429204e-11
7.670223e+00,1.035840e-10,3.581174e-09,3.581174e-11
7.673111e+00,1.054055e-10,3.740913e-09,3.740913e-11
7.675999e+00,1.072926e-10,3.904771e-09,3.904771e-11
7.678887e+00,1.092273e-10,4.069014e-09,4.069014e-11
7.681775e+00,1.111882e-10,4.229977e-09,4.229977e-11
7.684663e+00,1.131538e-10,4.384198e-09,4.384198e-11
7.687551e+00,1.151024e-10,4.528524e-09,4.528524e-11
7.690438e+00,1.170119e-10,4.660211e-09,4.660211e-11
7.693326e+00,1.188608e-10,4.776981e-09,4.776981e-11
7.696214e+00,1.206265e-10,4.877044e-09,4.877044e-11
7.699102e+00,1.222859e-10,4.959124e-09,4.959124e-11
7.701990e+00,1.238147e-10,5.022462e-09,5.022462e-11
7.704878e+00,1.251876e-10,5.066788e-09,5.066788e-11
7.707766e+00,1.263821e-10,5.092305e-09,5.092305e-11
7.710654e+00,1.273798e-10,5.099641e-09,5.099641e-11
7.713542e+00,1.281654e-10,5.089799e-09,5.089799e-11
7.716429e+00,1.287288e-10,5.064111e-09,5.064111e-11
7.719317e+00,1.290632e-10,5.024153e-09,5.024153e-11
7.722205e+00,1.291630e-10,4.971659e-09,4.971659e-11
7.725093e+00,1.290231e-10,4.908441e-09,4.908441e-11
7.727981e+00,1.286409e-10,4.836304e-09,4.836304e-11
7.730869e+00,1.280158e-10,4.756941e-09,4.756941e-11
7.733757e+00,1.271487e-10,4.671839e-09,4.671839e-11
7.736645e+00,1.260446e-10,4.582227e-09,4.582227e-11
7.739533e+00,1.247112e-10,4.489031e-09,4.489031e-11
7.742420e+00,1.231564e-10,4.392839e-09,4.392839e-11
7.745308e+00,1.213894e-10,4.293915e-09,4.293915e-11
7.748196e+00,1.194198e-10,4.192243e-09,4.192243e-11
7.751084e+00,1.172586e-10,4.087613e-09,4.087613e-11
7.753972e+00,1.149212e-10,3.979726e-09,3.979726e-11
7.756860e+00,1.124290e-10,3.868299e-09,3.868299e-11
7.759748e+00,1.098081e-10,3.753119e-09,3.753119e-11
7.762636e+00,1.070898e-10,3.634155e-09,3.634155e-11
7.765523e+00,1.043114e-10,3.511696e-09,3.511696e-11
7.768411e+00,1.015107e-10,3.386401e-09,3.386401e-11
7.771299e+00,9.872547e-11,3.259276e-09,3.259276e-11
7.774187e+00,9.599472e-11,3.131697e-09,3.131697e-11
7.777075e+00,9.335707e-11,3.005436e-09,3.005436e-11
7.779963e+00,9.085124e-11,2.882615e-09,2.882615e-11
7.782851e+00,8.851657e-11,2.765632e-09,2.765632e-11
7.785739e+00,8.639208e-11,2.657104e-09,2.657104e-11
7.788627e+00,8.451389e-11,2.559787e-09,2.559787e-11
7.791514e+00,8.291304e-11,2.476376e-09,2.476376e-11
7.794402e+00,8.161232e-11,2.409312e-09,2.409312e-11
7.797290e+00,8.062921e-11,2.360660e-09,2.360660e-11
7.800178e+00,7.997664e-11,2.331880e-09,2.331880e-11
7.803066e+00,7.965993e-11,2.323597e-09,2.323597e-11
7.805954e+00,7.968183e-11,2.335559e-09,2.335559e-11
7.808842e+00,8.004307e-11,2.366735e-09,2.366735e-11
7.811730e+00,8.074119e-11,2.415434e-09,2.415434e-11
7.814618e+00,8.176946e-11,2.479443e-09,2.479443e-11
7.817505e+00,8.311726e-11,2.556332e-09,2.556332e-11
7.820393e+00,8.477212e-11,2.643686e-09,2.643686e-11
7.823281e+00,8.671655e-11,2.739143e-09,2.739143e-11
7.826169e+00,8.893174e-11,2.840511e-09,2.840511e-11
7.829057e+00,9.139914e-11,2.945919e-09,2.945919e-11
7.831945e+00,9.409880e-11,3.053776e-09,3.053776e-11
7.834833e+00,9.701043e-11,3.162726e-09,3.162726e-11
7.837721e+00,1.001100e-10,3.271646e-09,3.271646e-11
7.840609e+00,1.033670e-10,3.379557e-09,3.379557e-11
7.843496e+00,1.067454e-10,3.485562e-09,3.485562e-11
7.846384e+00,1.102034e-10,3.588838e-09,3.588838e-11
7.849272e+00,1.136957e-10,3.688597e-09,3.688597e-11
7.852160e+00,1.171735e-10,3.783985e-09,3.783985e-11
7.855048e+00,1.205818e-10,3.873990e-09,3.873990e-11
7.857936e+00,1.238615e-10,3.957474e-09,3.957474e-11
7.860824e+00,1.269548e-10,4.033298e-09,4.033298e-11
7.863712e+00,1.298026e-10,4.100324e-09,4.100324e-11
7.866599e+00,1.323453e-10,4.157396e-09,4.157396e-11
7.869487e+00,1.345273e-10,4.203465e-09,4.203465e-11
7.872375e+00,1.363018e-10,4.237742e-09,4.237742e-11
7.875263e+00,1.376336e-10,4.259763e-09,4.259763e-11
7.878151e+00,1.385015e-10,4.269450e-09,4.269450e-11
7.881039e+00,1.388992e-10,4.267178e-09,4.267178e-11
7.883927e+00,1.388329e-10,4.253741e-09,4.253741e-11
7.886815e+00,1.383225e-10,4.230304e-09,4.230304e-11
7.889703e+00,1.374008e-10,4.198384e-09,4.198384e-11
7.892590e+00,1.361107e-10,4.159740e-09,4.159740e-11
7.895478e+00,1.345032e-10,4.116180e-09,4.116180e-11
7.898366e+00,1.326371e-10,4.069447e-09,4.069447e-11
7.901254e+00,1.305762e-10,4.021104e-09,4.021104e-11
7.904142e+00,1.283864e-10,3.972459e-09,3.972459e-11
7.907030e+00,1.261344e-10,3.924514e-09,3.924514e-11
7.909918e+00,1.238824e-10,3.877931e-09,3.877931e-11
7.912806e+00,1.216866e-10,3.833124e-09,3.833124e-11
7.915694e+00,1.195995e-10,3.790400e-09,3.790400e-11
7.918581e+00,1.176659e-10,3.750030e-09,3.750030e-11
7.921469e+00,1.159287e-10,3.712425e-09,3.712425e-11
7.924357e+00,1.144289e-10,3.678280e-09,3.678280e-11
7.927245e+00,1.131977e-10,3.648555e-09,3.648555e-11
7.930133e+00,1.122612e-10,3.624494e-09,3.624494e-11
7.933021e+00,1.116428e-10,3.607638e-09,3.607638e-11
7.935909e+00,1.113575e-10,3.599646e-09,3.599646e-11
7.938797e+00,1.114106e-10,3.602062e-09,3.602062e-11
7.941684e+00,1.118028e-10,3.616145e-09,3.616145e-11
7.944572e+00,1.125301e-10,3.642692e-09,3.642692e-11
7.947460e+00,1.135791e-10,3.681871e-09,3.681871e-11
7.950348e+00,1.149285e-10,3.733166e-09,3.733166e-11
7.953236e+00,1.165507e-10,3.795437e-09,3.795437e-11
7.956124e+00,1.184113e-10,3.867020e-09,3.867020e-11
7.959012e+00,1.204667e-10,3.945857e-09,3.945857e-11
7.961900e+00,1.226689e-10,4.029696e-09,4.029696e-11
7.964788e+00,1.249709e-10,4.116278e-09,4.116278e-11
7.967675e+00,1.273273e-10,4.203451e-09,4.203451e-11
7.970563e+00,1.296970e-10,4.289269e-09,4.289269e-11
7.973451e+00,1.320449e-10,4.372086e-09,4.372086e-11
7.976339e+00,1.343412e-10,4.450573e-09,4.450573e-11
7.979227e+00,1.365592e-10,4.523698e-09,4.523698e-11
7.982115e+00,1.386733e-10,4.590665e-09,4.590665e-11
7.985003e+00,1.406605e-10,4.650880e-09,4.650880e-11
7.987891e+00,1.424998e-10,4.703882e-09,4.703882e-11
7.990779e+00,1.441701e-10,4.749261e-09,4.749261e-11
7.993666e+00,1.456531e-10,4.786636e-09,4.786636e-11
7.996554e+00,1.469322e-10,4.815571e-09,4.815571e-11
7.999442e+00,1.479867e-10,4.835479e-09,4.835479e-11
8.002330e+00,1.487944e-10,4.845610e-09,4.845610e-11
8.005218e+00,1.493322e-10,4.845079e-09,4.845079e-11
8.008106e+00,1.495744e-10,4.832866e-09,4.832866e-11
8.010994e+00,1.494990e-10,4.807894e-09,4.807894e-11
8.013882e+00,1.490914e-10,4.769186e-09,4.769186e-11
8.016770e+00,1.483433e-10,4.716032e-09,4.716032e-11
8.019657e+00,1.472603e-10,4.648168e-09,4.648168e-11
8.022545e+00,1.458629e-10,4.565957e-09,4.565957e-11
8.025433e+00,1.441784e-10,4.470498e-09,4.470498e-11
8.028321e+00,1.422453e-10,4.363713e-09,4.363713e-11
8.031209e+00,1.401136e-10,4.248331e-09,4.248331e-11
8.034097e+00,1.378360e-10,4.127726e-09,4.127726e-11
8.036985e+00,1.354688e-10,4.005727e-09,4.005727e-11
8.039873e+00,1.330727e-10,3.886402e-09,3.886402e-11
8.042760e+00,1.307093e-10,3.773757e-09,3.773757e-11
8.045648e+00,1.284362e-10,3.671431e-09,3.671431e-11
8.048536e+00,1.263060e-10,3.582457e-09,3.582457e-11
8.051424e+00,1.243673e-10,3.509093e-09,3.509093e-11
8.054312e+00,1.226598e-10,3.452663e-09,3.452663e-11
8.057200e+00,1.212159e-10,3.413523e-09,3.413523e-11
8.060088e+00,1.200648e-10,3.391188e-09,3.391188e-11
8.062976e+00,1.192320e-10,3.384523e-09,3.384523e-11
8.065864e+00,1.187441e-10,3.391979e-09,3.391979e-11
8.068751e+00,1.186256e-10,3.411814e-09,3.411814e-11
8.071639e+00,1.188964e-10,3.442346e-09,3.442346e-11
8.074527e+00,1.195735e-10,3.482232e-09,3.482232e-11
8.077415e+00,1.206658e-10,3.530656e-09,3.530656e-11
8.080303e+00,1.221740e-10,3.587464e-09,3.587464e-11
8.083191e+00,1.240906e-10,3.653208e-09,3.653208e-11
8.086079e+00,1.263951e-10,3.729007e-09,3.729007e-11
8.088967e+00,1.290528e-10,3.816286e-09,3.816286e-11
8.091855e+00,1.320136e-10,3.916399e-09,3.916399e-11
8.094742e+00,1.352133e-10,4.030201e-09,4.030201e-11
8.097630e+00,1.385734e-10,4.157615e-09,4.157615e-11
8.100518e+00,1.420017e-10,4.297297e-09,4.297297e-11
8.103406e+00,1.453984e-10,4.446518e-09,4.446518e-11
8.106294e+00,1.486606e-10,4.601292e-09,4.601292e-11
8.109182e+00,1.516890e-10,4.756747e-09,4.756747e-11
8.112070e+00,1.543936e-10,4.907601e-09,4.907601e-11
8.114958e+00,1.566961e-10,5.048633e-09,5.048633e-11
8.117845e+00,1.585332e-10,5.175147e-09,5.175147e-11
8.120733e+00,1.598575e-10,5.283316e-09,5.283316e-11
8.123621e+00,1.606403e-10,5.370360e-09,5.370360e-11
8.126509e+00,1.608713e-10,5.434587e-09,5.434587e-11
8.129397e+00,1.605578e-10,5.475301e-09,5.475301e-11
8.132285e+00,1.597218e-10,5.492627e-09,5.492627e-11
8.135173e+00,1.583978e-10,5.487298e-09,5.487298e-11
8.138061e+00,1.566283e-10,5.460421e-09,5.460421e-11
8.140949e+00,1.544602e-10,5.413257e-09,5.413257e-11
8.143836e+00,1.519398e-10,5.347090e-09,5.347090e-11
8.146724e+00,1.491124e-10,5.263179e-09,5.263179e-11
8.149612e+00,1.460223e-10,5.162769e-09,5.162769e-11
8.152500e+00,1.427132e-10,5.047115e-09,5.047115e-11
8.155388e+00,1.392291e-10,4.917595e-09,4.917595e-11
8.158276e+00,1.356177e-10,4.775887e-09,4.775887e-11
8.161164e+00,1.319321e-10,4.624133e-09,4.624133e-11
8.164052e+00,1.282288e-10,4.464991e-09,4.464991e-11
8.166940e+00,1.245651e-10,4.301612e-09,4.301612e-11
8.169827e+00,1.209982e-10,4.137648e-09,4.137648e-11
8.172715e+00,1.175863e-10,3.977152e-09,3.977152e-11
8.175603e+00,1.143886e-10,3.824385e-09,3.824385e-11
8.178491e+00,1.114640e-10,3.683604e-09,3.683604e-11
8.181379e+00,1.088682e-10,3.558800e-09,3.558800e-11
8.184267e+00,1.066530e-10,3.453420e-09,3.453420e-11
8.187155e+00,1.048594e-10,3.370100e-09,3.370100e-11
8.190043e+00,1.035128e-10,3.310456e-09,3.310456e-11
8.192931e+00,1.026206e-10,3.274965e-09,3.274965e-11
8.195818e+00,1.021709e-10,3.262986e-09,3.262986e-11
8.198706e+00,1.021355e-10,3.272852e-09,3.272852e-11
8.201594e+00,1.024726e-10,3.302026e-09,3.302026e-11
8.204482e+00,1.031286e-10,3.347334e-09,3.347334e-11
8.207370e+00,1.040449e-10,3.405257e-09,3.405257e-11
8.210258e+00,1.051591e-10,3.472179e-09,3.472179e-11
8.213146e+00,1.064063e-10,3.544568e-09,3.544568e-11
8.216034e+00,1.077193e-10,3.619122e-09,3.619122e-11
8.218921e+00,1.090308e-10,3.692870e-09,3.692870e-11
8.221809e+00,1.102763e-10,3.763224e-09,3.763224e-11
8.224697e+00,1.113982e-10,3.827993e-09,3.827993e-11
8.227585e+00,1.123458e-10,3.885367e-09,3.885367e-11
8.230473e+00,1.130768e-10,3.933885e-09,3.933885e-11
8.233361e+00,1.135597e-10,3.972407e-09,3.972407e-11
8.236249e+00,1.137693e-10,4.000085e-09,4.000085e-11
8.239137e+00,1.136865e-10,4.016295e-09,4.016295e-11
8.242025e+00,1.132975e-10,4.020592e-09,4.020592e-11
8.244912e+00,1.125911e-10,4.012673e-09,4.012673e-11
8.247800e+00,1.115631e-10,3.992303e-09,3.992303e-11
8.250688e+00,1.102145e-10,3.959253e-09,3.959253e-11
8.253576e+00,1.085533e-10,3.913310e-09,3.913310e-11
8.256464e+00,1.065967e-10,3.854275e-09,3.854275e-11
8.259352e+00,1.043675e-10,3.781972e-09,3.781972e-11
8.262240e+00,1.018928e-10,3.696324e-09,3.696324e-11
8.265128e+00,9.920618e-11,3.597455e-09,3.597455e-11
8.268016e+00,9.634276e-11,3.485740e-09,3.485740e-11
8.270903e+00,9.333962e-11,3.361868e-09,3.361868e-11
8.273791e+00,9.023850e-11,3.226928e-09,3.226928e-11
8.276679e+00,8.708383e-11,3.082458e-09,3.082458e-11
8.279567e+00,8.392058e-11,2.930433e-09,2.930433e-11
8.282455e+00,8.079220e-11,2.773251e-09,2.773251e-11
8.285343e+00,7.773983e-11,2.613725e-09,2.613725e-11
8.288231e+00,7.479985e-11,2.455058e-09,2.455058e-11
8.291119e+00,7.200296e-11,2.300803e-09,2.300803e-11
8.294006e+00,6.937889e-11,2.154837e-09,2.154837e-11
8.296894e+00,6.695472e-11,2.021267e-09,2.021267e-11
8.299782e+00,6.475302e-11,1.904248e-09,1.904248e-11
8.302670e+00,6.279700e-11,1.807756e-09,1.807756e-11
8.305558e+00,6.110944e-11,1.735219e-09,1.735219e-11
8.308446e+00,5.970985e-11,1.689042e-09,1.689042e-11
8.311334e+00,5.861516e-11,1.670148e-09,1.670148e-11
8.314222e+00,5.783937e-11,1.677739e-09,1.677739e-11
8.317110e+00,5.739369e-11,1.709444e-09,1.709444e-11
8.319997e+00,5.728909e-11,1.761778e-09,1.761778e-11
8.322885e+00,5.753458e-11,1.830669e-09,1.830669e-11
8.325773e+00,5.813506e-11,1.911996e-09,1.911996e-11
8.328661e+00,5.909473e-11,2.002064e-09,2.002064e-11
8.331549e+00,6.041250e-11,2.097736e-09,2.097736e-11
8.334437e+00,6.207822e-11,2.196450e-09,2.196450e-11
8.337325e+00,6.407911e-11,2.296360e-09,2.296360e-11
8.340213e+00,6.639851e-11,2.396354e-09,2.396354e-11
8.343101e+00,6.901252e-11,2.495876e-09,2.495876e-11
8.345988e+00,7.189340e-11,2.594805e-09,2.594805e-11
8.348876e+00,7.501095e-11,2.693415e-09,2.693415e-11
8.351764e+00,7.833066e-11,2.792255e-09,2.792255e-11
8.354652e+00,8.181203e-11,2.891910e-09,2.891910e-11
8.357540e+00,8.540979e-11,2.992802e-09,2.992802e-11
8.360428e+00,8.907413e-11,3.095068e-09,3.095068e-11
8.363316e+00,9.275258e-11,3.198464e-09,3.198464e-11
8.366204e+00,9.639344e-11,3.302295e-09,3.302295e-11
8.369092e+00,9.994618e-11,3.405380e-09,3.405380e-11
8.371979e+00,1.033604e-10,3.506098e-09,3.506098e-11
8.374867e+00,1.065873e-10,3.602547e-09,3.602547e-11
8.377755e+00,1.095807e-10,3.692722e-09,3.692722e-11
8.380643e+00,1.122941e-10,3.774637e-09,3.774637e-11
8.383531e+00,1.146854e-10,3.846482e-09,3.846482e-11
8.386419e+00,1.167188e-10,3.906788e-09,3.906788e-11
8.389307e+00,1.183652e-10,3.954538e-09,3.954538e-11
8.392195e+00,1.196087e-10,3.989252e-09,3.989252e-11
8.395082e+00,1.204458e-10,4.010992e-09,4.010992e-11
8.397970e+00,1.208841e-10,4.020319e-09,4.020319e-11
8.400858e+00,1.209426e-10,4.018238e-09,4.018238e-11
8.403746e+00,1.206489e-10,4.006077e-09,4.006077e-11
8.406634e+00,1.200392e-10,3.985332e-09,3.985332e-11
8.409522e+00,1.191559e-10,3.957503e-09,3.957503e-11
8.412410e+00,1.180483e-10,3.923973e-09,3.923973e-11
8.415298e+00,1.167766e-10,3.885962e-09,3.885962e-11
8.418186e+00,1.154062e-10,3.844477e-09,3.844477e-11
8.421073e+00,1.140038e-10,3.800308e-09,3.800308e-11
8.423961e+00,1.126378e-10,3.754184e-09,3.754184e-11
8.426849e+00,1.113715e-10,3.706949e-09,3.706949e-11
8.429737e+00,1.102588e-10,3.659664e-09,3.659664e-11
8.432625e+00,1.093433e-10,3.613732e-09,3.613732e-11
8.435513e+00,1.086586e-10,3.570999e-09,3.570999e-11
8.438401e+00,1.082262e-10,3.533713e-09,3.533713e-11
8.441289e+00,1.080541e-10,3.504361e-09,3.504361e-11
8.444177e+00,1.081407e-10,3.485444e-09,3.485444e-11
8.447064e+00,1.084716e-10,3.479215e-09,3.479215e-11
8.449952e+00,1.090216e-10,3.487380e-09,3.487380e-11
8.452840e+00,1.097543e-10,3.510787e-09,3.510787e-11
8.455728e+00,1.106239e-10,3.549242e-09,3.549242e-11
8.458616e+00,1.115796e-10,3.601535e-09,3.601535e-11
8.461504e+00,1.125698e-10,3.665563e-09,3.665563e-11
8.464392e+00,1.135436e-10,3.738501e-09,3.738501e-11
8.467280e+00,1.144557e-10,3.817113e-09,3.817113e-11
8.470167e+00,1.152680e-10,3.898053e-09,3.898053e-11
8.473055e+00,1.159480e-10,3.978055e-09,3.978055e-11
8.475943e+00,1.164686e-10,4.054109e-09,4.054109e-11
8.478831e+00,1.168107e-10,4.123589e-09,4.123589e-11
8.481719e+00,1.169623e-10,4.184247e-09,4.184247e-11
8.484607e+00,1.169144e-10,4.234189e-09,4.234189e-11
8.487495e+00,1.166651e-10,4.271893e-09,4.271893e-11
8.490383e+00,1.162177e-10,4.296156e-09,4.296156e-11
8.493271e+00,1.155770e-10,4.306024e-09,4.306024e-11
8.496158e+00,1.147485e-10,4.300788e-09,4.300788e-11
8.499046e+00,1.137359e-10,4.280006e-09,4.280006e-11
8.501934e+00,1.125435e-10,4.243499e-09,4.243499e-11
8.504822e+00,1.111762e-10,4.191365e-09,4.191365e-11
8.507710e+00,1.096395e-10,4.124046e-09,4.124046e-11
8.510598e+00,1.079458e-10,4.042416e-09,4.042416e-11
8.513486e+00,1.061127e-10,3.947804e-09,3.947804e-11
8.516374e+00,1.041632e-10,3.842001e-09,3.842001e-11
8.519262e+00,1.021276e-10,3.727281e-09,3.727281e-11
8.522149e+00,1.000423e-10,3.606395e-09,3.606395e-11
8.525037e+00,9.794977e-11,3.482471e-09,3.482471e-11
8.527925e+00,9.589554e-11,3.358865e-09,3.358865e-11
8.530813e+00,9.392773e-11,3.238996e-09,3.238996e-11
8.533701e+00,9.209749e-11,3.126166e-09,3.126166e-11
8.536589e+00,9.045509e-11,3.023366e-09,3.023366e-11
8.539477e+00,8.904414e-11,2.933053e-09,2.933053e-11
8.542365e+00,8.789985e-11,2.857007e-09,2.857007e-11
8.545253e+00,8.704830e-11,2.796278e-09,2.796278e-11
8.548140e+00,8.650149e-11,2.751174e-09,2.751174e-11
8.551028e+00,8.625856e-11,2.721339e-09,2.721339e-11
8.553916e+00,8.630893e-11,2.705897e-09,2.705897e-11
8.556804e+00,8.663125e-11,2.703598e-09,2.703598e-11
8.559692e+00,8.719738e-11,2.712970e-09,2.712970e-11
8.562580e+00,8.797339e-11,2.732442e-09,2.732442e-11
8.565468e+00,8.891921e-11,2.760414e-09,2.760414e-11
8.568356e+00,8.999467e-11,2.795308e-09,2.795308e-11
8.571243e+00,9.116113e-11,2.835597e-09,2.835597e-11
8.574131e+00,9.238347e-11,2.879833e-09,2.879833e-11
8.577019e+00,9.363488e-11,2.926660e-09,2.926660e-11
8.579907e+00,9.489640e-11,2.974824e-09,2.974824e-11
8.582795e+00,9.615659e-11,3.023204e-09,3.023204e-11
8.585683e+00,9.741116e-11,3.070830e-09,3.070830e-11
8.588571e+00,9.866038e-11,3.116892e-09,3.116892e-11
8.591459e+00,9.990487e-11,3.160752e-09,3.160752e-11
8.594347e+00,1.011461e-10,3.201981e-09,3.201981e-11
8.597234e+00,1.023871e-10,3.240345e-09,3.240345e-11
8.600122e+00,1.036298e-10,3.275761e-09,3.275761e-11
8.603010e+00,1.048773e-10,3.308279e-09,3.308279e-11
8.605898e+00,1.061345e-10,3.338084e-09,3.338084e-11
8.608786e+00,1.074072e-10,3.365457e-09,3.365457e-11
8.611674e+00,1.086974e-10,3.390734e-09,3.390734e-11
8.614562e+00,1.100050e-10,3.414308e-09,3.414308e-11
8.617450e+00,1.113269e-10,3.436642e-09,3.436642e-11
8.620338e+00,1.126579e-10,3.458282e-09,3.458282e-11
8.623225e+00,1.139942e-10,3.479885e-09,3.479885e-11
8.626113e+00,1.153334e-10,3.502242e-09,3.502242e-11
8.629001e+00,1.166743e-10,3.526232e-09,3.526232e-11
8.631889e+00,1.180156e-10,3.552742e-09,3.552742e-11
8.634777e+00,1.193529e-10,3.582604e-09,3.582604e-11
8.637665e+00,1.206755e-10,3.616481e-09,3.616481e-11
8.640553e+00,1.219661e-10,3.654686e-09,3.654686e-11
8.643441e+00,1.231999e-10,3.697046e-09,3.697046e-11
8.646328e+00,1.243441e-10,3.742810e-09,3.742810e-11
8.649216e+00,1.253630e-10,3.790559e-09,3.790559e-11
8.652104e+00,1.262182e-10,3.838181e-09,3.838181e-11
8.654992e+00,1.268685e-10,3.882986e-09,3.882986e-11
8.657880e+00,1.272740e-10,3.921882e-09,3.921882e-11
8.660768e+00,1.273946e-10,3.951549e-09,3.951549e-11
8.663656e+00,1.271881e-10,3.968662e-09,3.968662e-11
8.666544e+00,1.266189e-10,3.970193e-09,3.970193e-11
8.669432e+00,1.256605e-10,3.953649e-09,3.953649e-11
8.672319e+00,1.242950e-10,3.917247e-09,3.917247e-11
8.675207e+00,1.225192e-10,3.860063e-09,3.860063e-11
8.678095e+00,1.203469e-10,3.782149e-09,3.782149e-11
8.680983e+00,1.178058e-10,3.684583e-09,3.684583e-11
8.683871e+00,1.149347e-10,3.569425e-09,3.569425e-11
8.686759e+00,1.117828e-10,3.439619e-09,3.439619e-11
8.689647e+00,1.084076e-10,3.298887e-09,3.298887e-11
8.692535e+00,1.048716e-10,3.151565e-09,3.151565e-11
8.695423e+00,1.012433e-10,3.002385e-09,3.002385e-11
8.698310e+00,9.759501e-11,2.856247e-09,2.856247e-11
8.701198e+00,9.399962e-11,2.717972e-09,2.717972e-11
8.704086e+00,9.052893e-11,2.592042e-09,2.592042e-11
8.706974e+00,8.725043e-11,2.482332e-09,2.482332e-11
8.709862e+00,8.422304e-11,2.391861e-09,2.391861e-11
8.712750e+00,8.149750e-11,2.322612e-09,2.322612e-11
8.715638e+00,7.911471e-11,2.275438e-09,2.275438e-11
8.718526e+00,7.710746e-11,2.250101e-09,2.250101e-11
8.721414e+00,7.550320e-11,2.245473e-09,2.245473e-11
8.724301e+00,7.432286e-11,2.259792e-09,2.259792e-11
8.727189e+00,7.358287e-11,2.290950e-09,2.290950e-11
8.730077e+00,7.329406e-11,2.336786e-09,2.336786e-11
8.732965e+00,7.346060e-11,2.395314e-09,2.395314e-11
8.735853e+00,7.408215e-11,2.464844e-09,2.464844e-11
8.738741e+00,7.515158e-11,2.544003e-09,2.544003e-11
8.741629e+00,7.665506e-11,2.631700e-09,2.631700e-11
8.744517e+00,7.857535e-11,2.727117e-09,2.727117e-11
8.747404e+00,8.089085e-11,2.829659e-09,2.829659e-11
8.750292e+00,8.357408e-11,2.938788e-09,2.938788e-11
8.753180e+00,8.659111e-11,3.053898e-09,3.053898e-11
8.756068e+00,8.990161e-11,3.174278e-09,3.174278e-11
8.758956e+00,9.345728e-11,3.299004e-09,3.299004e-11
8.761844e+00,9.720218e-11,3.426826e-09,3.426826e-11
8.764732e+00,1.010775e-10,3.556201e-09,3.556201e-11
8.767620e+00,1.050229e-10,3.685364e-09,3.685364e-11
8.770508e+00,1.089763e-10,3.812402e-09,3.812402e-11
8.773395e+00,1.128771e-10,3.935353e-09,3.935353e-11
8.776283e+00,1.166678e-10,4.052309e-09,4.052309e-11
8.779171e+00,1.202909e-10,4.161517e-09,4.161517e-11
8.782059e+00,1.236954e-10,4.261511e-09,4.261511e-11
8.784947e+00,1.268376e-10,4.351166e-09,4.351166e-11
8.787835e+00,1.296802e-10,4.429681e-09,4.429681e-11
8.790723e+00,1.321945e-10,4.496589e-09,4.496589e-11
8.793611e+00,1.343615e-10,4.551725e-09,4.551725e-11
8.796499e+00,1.361695e-10,4.595100e-09,4.595100e-11
8.799386e+00,1.376108e-10,4.626819e-09,4.626819e-11
8.802274e+00,1.386801e-10,4.647050e-09,4.647050e-11
8.805162e+00,1.393750e-10,4.655947e-09,4.655947e-11
8.808050e+00,1.396940e-10,4.653580e-09,4.653580e-11
8.810938e+00,1.396385e-10,4.639963e-09,4.639963e-11
8.813826e+00,1.392167e-10,4.615085e-09,4.615085e-11
8.816714e+00,1.384402e-10,4.578923e-09,4.578923e-11
8.819602e+00,1.373233e-10,4.531511e-09,4.531511e-11
8.822490e+00,1.358872e-10,4.473016e-09,4.473016e-11
8.825377e+00,1.341548e-10,4.403783e-09,4.403783e-11
8.828265e+00,1.321478e-10,4.324395e-09,4.324395e-11
8.831153e+00,1.298932e-10,4.235722e-09,4.235722e-11
8.834041e+00,1.274237e-10,4.138852e-09,4.138852e-11
8.836929e+00,1.247762e-10,4.035055e-09,4.035055e-11
8.839817e+00,1.219920e-10,3.925743e-09,3.925743e-11
8.842705e+00,1.191152e-10,3.812379e-09,3.812379e-11
8.845593e+00,1.161914e-10,3.696394e-09,3.696394e-11
8.848480e+00,1.132635e-10,3.579155e-09,3.579155e-11
8.851368e+00,1.103662e-10,3.461907e-09,3.461907e-11
8.854256e+00,1.075282e-10,3.345751e-09,3.345751e-11
8.857144e+00,1.047746e-10,3.231671e-09,3.231671e-11
8.860032e+00,1.021256e-10,3.120601e-09,3.120601e-11
8.862920e+00,9.960055e-11,3.013475e-09,3.013475e-11
8.865808e+00,9.721983e-11,2.911278e-09,2.911278e-11
8.868696e+00,9.500518e-11,2.815162e-09,2.815162e-11
8.871584e+00,9.297838e-11,2.726558e-09,2.726558e-11
8.874471e+00,9.116152e-11,2.647192e-09,2.647192e-11
8.877359e+00,8.957739e-11,2.579106e-09,2.579106e-11
8.880247e+00,8.825002e-11,2.524644e-09,2.524644e-11
8.883135e+00,8.720677e-11,2.486307e-09,2.486307e-11
8.886023e+00,8.647749e-11,2.466517e-09,2.466517e-11
8.888911e+00,8.609353e-11,2.467368e-09,2.467368e-11
8.891799e+00,8.608575e-11,2.490409e-09,2.490409e-11
8.894687e+00,8.647990e-11,2.536452e-09,2.536452e-11
8.897575e+00,8.729174e-11,2.605446e-09,2.605446e-11
8.900462e+00,8.852489e-11,2.696473e-09,2.696473e-11
8.903350e+00,9.016818e-11,2.807903e-09,2.807903e-11
8.906238e+00,9.219798e-11,2.937550e-09,2.937550e-11
8.909126e+00,9.458035e-11,3.082782e-09,3.082782e-11
8.912014e+00,9.726970e-11,3.240661e-09,3.240661e-11
8.914902e+00,1.002147e-10,3.408107e-09,3.408107e-11
8.917790e+00,1.033580e-10,3.582023e-09,3.582023e-11
8.920678e+00,1.066367e-10,3.759390e-09,3.759390e-11
8.923565e+00,1.099874e-10,3.937387e-09,3.937387e-11
8.926453e+00,1.133472e-10,4.113505e-09,4.113505e-11
8.929341e+00,1.166563e-10,4.285579e-09,4.285579e-11
8.932229e+00,1.198628e-10,4.451776e-09,4.451776e-11
8.935117e+00,1.229246e-10,4.610590e-09,4.610590e-11
8.938005e+00,1.258072e-10,4.760805e-09,4.760805e-11
8.940893e+00,1.284864e-10,4.901397e-09,4.901397e-11
8.943781e+00,1.309459e-10,5.031458e-09,5.031458e-11
8.946669e+00,1.331726e-10,5.150183e-09,5.150183e-11
8.949556e+00,1.351578e-10,5.256834e-09,5.256834e-11
8.952444e+00,1.368976e-10,5.350688e-09,5.350688e-11
8.955332e+00,1.383884e-10,5.431061e-09,5.431061e-11
8.958220e+00,1.396295e-10,5.497343e-09,5.497343e-11
8.961108e+00,1.406262e-10,5.548998e-09,5.548998e-11
8.963996e+00,1.413850e-10,5.585589e-09,5.585589e-11
8.966884e+00,1.419124e-10,5.606835e-09,5.606835e-11
8.969772e+00,1.422198e-10,5.612643e-09,5.612643e-11
8.972660e+00,1.423200e-10,5.603082e-09,5.603082e-11
8.975547e+00,1.422251e-10,5.578411e-09,5.578411e-11
8.978435e+00,1.419510e-10,5.539146e-09,5.539146e-11
8.981323e+00,1.415142e-10,5.486057e-09,5.486057e-11
8.984211e+00,1.409287e-10,5.420139e-09,5.420139e-11
8.987099e+00,1.402057e-10,5.342618e-09,5.342618e-11
8.989987e+00,1.393529e-10,5.254934e-09,5.254934e-11
8.992875e+00,1.383723e-10,5.158697e-09,5.158697e-11
8.995763e+00,1.372593e-10,5.055630e-09,5.055630e-11
8.998651e+00,1.360059e-10,4.947461e-09,4.947461e-11
9.001538e+00,1.346005e-10,4.835798e-09,4.835798e-11
9.004426e+00,1.330292e-10,4.722034e-09,4.722034e-11
9.007314e+00,1.312782e-10,4.607231e-09,4.607231e-11
9.010202e+00,1.293345e-10,4.492028e-09,4.492028e-11
9.013090e+00,1.271872e-10,4.376646e-09,4.376646e-11
9.015978e+00,1.248304e-10,4.260938e-09,4.260938e-11
9.018866e+00,1.222674e-10,4.144506e-09,4.144506e-11
9.021754e+00,1.195112e-10,4.026915e-09,4.026915e-11
9.024641e+00,1.165872e-10,3.907915e-09,3.907915e-11
9.027529e+00,1.135347e-10,3.787592e-09,3.787592e-11
9.030417e+00,1.104019e-10,3.666454e-09,3.666454e-11
9.033305e+00,1.072429e-10,3.545497e-09,3.545497e-11
9.036193e+00,1.041133e-10,3.426167e-09,3.426167e-11
9.039081e+00,1.010672e-10,3.310252e-09,3.310252e-11
9.041969e+00,9.815511e-11,3.199747e-09,3.199747e-11
9.044857e+00,9.542259e-11,3.096710e-09,3.096710e-11
9.047745e+00,9.291160e-11,3.003104e-09,3.003104e-11
9.050632e+00,9.065823e-11,2.920666e-09,2.920666e-11
9.053520e+00,8.869259e-11,2.850845e-09,2.850845e-11
9.056408e+00,8.704032e-11,2.794770e-09,2.794770e-11
9.059296e+00,8.571819e-11,2.753209e-09,2.753209e-11
9.062184e+00,8.473425e-11,2.726555e-09,2.726555e-11
9.065072e+00,8.409097e-11,2.714865e-09,2.714865e-11
9.067960e+00,8.378663e-11,2.717908e-09,2.717908e-11
9.070848e+00,8.381894e-11,2.735207e-09,2.735207e-11
9.073736e+00,8.418611e-11,2.766031e-09,2.766031e-11
9.076623e+00,8.488738e-11,2.809458e-09,2.809458e-11
9.079511e+00,8.592234e-11,2.864480e-09,2.864480e-11
9.082399e+00,8.728695e-11,2.930032e-09,2.930032e-11
9.085287e+00,8.897204e-11,3.005063e-09,3.005063e-11
9.088175e+00,9.096195e-11,3.088612e-09,3.088612e-11
9.091063e+00,9.323383e-11,3.179798e-09,3.179798e-11
9.093951e+00,9.575791e-11,3.277793e-09,3.277793e-11
9.096839e+00,9.849903e-11,3.381785e-09,3.381785e-11
9.099726e+00,1.014193e-10,3.490927e-09,3.490927e-11
9.102614e+00,1.044782e-10,3.604258e-09,3.604258e-11
9.105502e+00,1.076317e-10,3.720663e-09,3.720663e-11
9.108390e+00,1.108351e-10,3.838879e-09,3.838879e-11
9.111278e+00,1.140443e-10,3.957523e-09,3.957523e-11
9.114166e+00,1.172170e-10,4.075150e-09,4.075150e-11
9.117054e+00,1.203154e-10,4.190341e-09,4.190341e-11
9.119942e+00,1.233108e-10,4.301801e-09,4.301801e-11
9.122830e+00,1.261847e-10,4.408408e-09,4.408408e-11
9.125717e+00,1.289231e-10,4.509224e-09,4.509224e-11
9.128605e+00,1.315190e-10,4.603526e-09,4.603526e-11
9.131493e+00,1.339712e-10,4.690818e-09,4.690818e-11
9.134381e+00,1.362785e-10,4.770763e-09,4.770763e-11
9.137269e+00,1.384379e-10,4.843120e-09,4.843120e-11
9.140157e+00,1.404444e-10,4.907703e-09,4.907703e-11
9.143045e+00,1.422929e-10,4.964336e-09,4.964336e-11
9.145933e+00,1.439742e-10,5.012806e-09,5.012806e-11
9.148821e+00,1.454754e-10,5.052849e-09,5.052849e-11
9.151708e+00,1.467804e-10,5.084152e-09,5.084152e-11
9.154596e+00,1.478677e-10,5.106340e-09,5.106340e-11
9.157484e+00,1.487122e-10,5.118997e-09,5.118997e-11
9.160372e+00,1.492872e-10,5.121691e-09,5.121691e-11
9.163260e+00,1.495660e-10,5.114003e-09,5.114003e-11
9.166148e+00,1.495250e-10,5.095578e-09,5.095578e-11
9.169036e+00,1.491472e-10,5.066159e-09,5.066159e-11
9.171924e+00,1.484220e-10,5.025606e-09,5.025606e-11
9.174812e+00,1.473449e-10,4.973935e-09,4.973935e-11
9.177699e+00,1.459206e-10,4.911328e-09,4.911328e-11
9.180587e+00,1.441598e-10,4.838132e-09,4.838132e-11
9.183475e+00,1.420796e-10,4.754874e-09,4.754874e-11
9.186363e+00,1.397062e-10,4.662228e-09,4.662228e-11
9.189251e+00,1.370698e-10,4.560942e-09,4.560942e-11
9.192139e+00,1.342063e-10,4.451852e-09,4.451852e-11
9.195027e+00,1.311586e-10,4.335891e-09,4.335891e-11
9.197915e+00,1.279731e-10,4.214023e-09,4.214023e-11
9.200802e+00,1.246944e-10,4.087218e-09,4.087218e-11
9.203690e+00,1.213682e-10,3.956519e-09,3.956519e-11
9.206578e+00,1.180424e-10,3.823066e-09,3.823066e-11
9.209466e+00,1.147627e-10,3.688109e-09,3.688109e-11
9.212354e+00,1.115748e-10,3.553095e-09,3.553095e-11
9.215242e+00,1.085278e-10,3.419821e-09,3.419821e-11
9.218130e+00,1.056691e-10,3.290536e-09,3.290536e-11
9.221018e+00,1.030438e-10,3.168014e-09,3.168014e-11
9.223906e+00,1.006939e-10,3.055671e-09,3.055671e-11
9.226793e+00,9.865787e-11,2.957638e-09,2.957638e-11
9.229681e+00,9.696908e-11,2.878668e-09,2.878668e-11
9.232569e+00,9.565764e-11,2.823878e-09,2.823878e-11
9.235457e+00,9.475217e-11,2.798310e-09,2.798310e-11
9.238345e+00,9.427647e-11,2.806269e-09,2.806269e-11
9.241233e+00,9.425039e-11,2.850629e-09,2.850629e-11
9.244121e+00,9.468759e-11,2.932275e-09,2.932275e-11
9.247009e+00,9.558967e-11,3.049835e-09,3.049835e-11
9.249897e+00,9.694503e-11,3.199819e-09,3.199819e-11
9.252784e+00,9.872959e-11,3.377072e-09,3.377072e-11
9.255672e+00,1.009061e-10,3.575311e-09,3.575311e-11
9.258560e+00,1.034259e-10,3.787617e-09,3.787617e-11
9.261448e+00,1.062335e-10,4.006834e-09,4.006834e-11
9.264336e+00,1.092662e-10,4.225866e-09,4.225866e-11
9.267224e+00,1.124547e-10,4.437883e-09,4.437883e-11
9.270112e+00,1.157247e-10,4.636501e-09,4.636501e-11
9.273000e+00,1.189968e-10,4.815967e-09,4.815967e-11
9.275887e+00,1.221911e-10,4.971327e-09,4.971327e-11
9.278775e+00,1.252294e-10,5.098591e-09,5.098591e-11
9.281663e+00,1.280400e-10,5.194903e-09,5.194903e-11
9.284551e+00,1.305636e-10,5.258689e-09,5.258689e-11
9.287439e+00,1.327543e-10,5.289741e-09,5.289741e-11
9.290327e+00,1.345815e-10,5.289285e-09,5.289285e-11
9.293215e+00,1.360296e-10,5.259978e-09,5.259978e-11
9.296103e+00,1.370931e-10,5.205780e-09,5.205780e-11
9.298991e+00,1.377765e-10,5.131781e-09,5.131781e-11
9.301878e+00,1.380934e-10,5.043933e-09,5.043933e-11
9.304766e+00,1.380650e-10,4.948620e-09,4.948620e-11
9.307654e+00,1.377180e-10,4.852143e-09,4.852143e-11
9.310542e+00,1.370823e-10,4.760195e-09,4.760195e-11
9.313430e+00,1.361924e-10,4.677303e-09,4.677303e-11
9.316318e+00,1.350816e-10,4.606374e-09,4.606374e-11
9.319206e+00,1.337781e-10,4.548457e-09,4.548457e-11
9.322094e+00,1.323082e-10,4.502755e-09,4.502755e-11
9.324982e+00,1.306928e-10,4.466878e-09,4.466878e-11
9.327869e+00,1.289514e-10,4.437349e-09,4.437349e-11
9.330757e+00,1.271040e-10,4.410189e-09,4.410189e-11
9.333645e+00,1.251720e-10,4.381496e-09,4.381496e-11
9.336533e+00,1.231815e-10,4.347909e-09,4.347909e-11
9.339421e+00,1.211610e-10,4.306907e-09,4.306907e-11
9.342309e+00,1.191398e-10,4.256956e-09,4.256956e-11
9.345197e+00,1.171491e-10,4.197573e-09,4.197573e-11
9.348085e+00,1.152205e-10,4.129216e-09,4.129216e-11
9.350973e+00,1.133840e-10,4.053088e-09,4.053088e-11
9.353860e+00,1.116696e-10,3.970963e-09,3.970963e-11
9.356748e+00,1.101072e-10,3.885015e-09,3.885015e-11
9.359636e+00,1.087249e-10,3.797643e-09,3.797643e-11
9.362524e+00,1.075457e-10,3.711304e-09,3.711304e-11
9.365412e+00,1.065846e-10,3.628387e-09,3.628387e-11
9.368300e+00,1.058481e-10,3.551140e-09,3.551140e-11
9.371188e+00,1.053335e-10,3.481594e-09,3.481594e-11
9.374076e+00,1.050311e-10,3.421493e-09,3.421493e-11
9.376963e+00,1.049258e-10,3.372222e-09,3.372222e-11
9.379851e+00,1.049989e-10,3.334763e-09,3.334763e-11
9.382739e+00,1.052312e-10,3.309651e-09,3.309651e-11
9.385627e+00,1.056028e-10,3.296951e-09,3.296951e-11
9.388515e+00,1.060927e-10,3.296208e-09,3.296208e-11
9.391403e+00,1.066772e-10,3.306474e-09,3.306474e-11
9.394291e+00,1.073313e-10,3.326388e-09,3.326388e-11
9.397179e+00,1.080304e-10,3.354240e-09,3.354240e-11
9.400067e+00,1.087480e-10,3.388025e-09,3.388025e-11
9.402954e+00,1.094584e-10,3.425538e-09,3.425538e-11
9.405842e+00,1.101356e-10,3.464480e-09,3.464480e-11
9.408730e+00,1.107534e-10,3.502534e-09,3.502534e-11
9.411618e+00,1.112850e-10,3.537420e-09,3.537420e-11
9.414506e+00,1.117014e-10,3.566960e-09,3.566960e-11
9.417394e+00,1.119748e-10,3.589156e-09,3.589156e-11
9.420282e+00,1.120772e-10,3.602243e-09,3.602243e-11
9.423170e+00,1.119836e-10,3.604740e-09,3.604740e-11
9.426058e+00,1.116768e-10,3.595556e-09,3.595556e-11
9.428945e+00,1.111476e-10,3.574042e-09,3.574042e-11
9.431833e+00,1.103947e-10,3.540019e-09,3.540019e-11
9.434721e+00,1.094245e-10,3.493842e-09,3.493842e-11
9.437609e+00,1.082523e-10,3.436418e-09,3.436418e-11
9.440497e+00,1.068999e-10,3.369144e-09,3.369144e-11
9.443385e+00,1.053945e-10,3.293829e-09,3.293829e-11
9.446273e+00,1.037697e-10,3.212620e-09,3.212620e-11
9.449161e+00,1.020652e-10,3.127889e-09,3.127889e-11
9.452048e+00,1.003233e-10,3.042065e-09,3.042065e-11
9.454936e+00,9.858509e-11,2.957495e-09,2.957495e-11
9.457824e+00,9.688927e-11,2.876343e-09,2.876343e-11
9.460712e+00,9.527129e-11,2.800507e-09,2.800507e-11
9.463600e+00,9.375932e-11,2.731481e-09,2.731481e-11
9.466488e+00,9.237454e-11,2.670263e-09,2.670263e-11
9.469376e+00,9.113257e-11,2.617359e-09,2.617359e-11
9.472264e+00,9.004553e-11,2.572821e-09,2.572821e-11
9.475152e+00,8.912476e-11,2.536303e-09,2.536303e-11
9.478039e+00,8.837876e-11,2.507154e-09,2.507154e-11
9.480927e+00,8.781291e-11,2.484589e-09,2.484589e-11
9.483815e+00,8.743093e-11,2.467825e-09,2.467825e-11
9.486703e+00,8.723186e-11,2.456153e-09,2.456153e-11
9.489591e+00,8.721172e-11,2.449011e-09,2.449011e-11
9.492479e+00,8.736408e-11,2.445996e-09,2.445996e-11
9.495367e+00,8.767907e-11,2.446803e-09,2.446803e-11
9.498255e+00,8.814519e-11,2.451147e-09,2.451147e-11
9.501143e+00,8.874686e-11,2.458708e-09,2.458708e-11
9.504030e+00,8.946422e-11,2.469072e-09,2.469072e-11
9.506918e+00,9.027140e-11,2.481656e-09,2.481656e-11
9.509806e+00,9.113467e-11,2.495705e-09,2.495705e-11
9.512694e+00,9.201738e-11,2.510346e-09,2.510346e-11
9.515582e+00,9.288002e-11,2.524620e-09,2.524620e-11
9.518470e+00,9.368221e-11,2.537534e-09,2.537534e-11
9.521358e+00,9.438855e-11,2.548161e-09,2.548161e-11
9.524246e+00,9.496765e-11,2.555722e-09,2.555722e-11
9.527134e+00,9.539409e-11,2.559669e-09,2.559669e-11
9.530021e+00,9.564993e-11,2.559748e-09,2.559748e-11
9.532909e+00,9.572034e-11,2.556026e-09,2.556026e-11
9.535797e+00,9.559744e-11,2.548922e-09,2.548922e-11
9.538685e+00,9.528248e-11,2.539203e-09,2.539203e-11
9.541573e+00,9.478259e-11,2.527912e-09,2.527912e-11
9.544461e+00,9.411177e-11,2.516247e-09,2.516247e-11
9.547349e+00,9.328882e-11,2.505426e-09,2.505426e-11
9.550237e+00,9.233373e-11,2.496575e-09,2.496575e-11
9.553124e+00,9.126715e-11,2.490636e-09,2.490636e-11
9.556012e+00,9.010831e-11,2.488229e-09,2.488229e-11
9.558900e+00,8.887221e-11,2.489550e-09,2.489550e-11
9.561788e+00,8.757090e-11,2.494348e-09,2.494348e-11
9.564676e+00,8.621622e-11,2.502004e-09,2.502004e-11
9.567564e+00,8.482315e-11,2.511636e-09,2.511636e-11
9.570452e+00,8.341087e-11,2.522204e-09,2.522204e-11
9.573340e+00,8.200102e-11,2.532685e-09,2.532685e-11
9.576228e+00,8.062057e-11,2.542268e-09,2.542268e-11
9.579115e+00,7.930227e-11,2.550475e-09,2.550475e-11
9.582003e+00,7.808112e-11,2.557234e-09,2.557234e-11
9.584891e+00,7.699564e-11,2.562923e-09,2.562923e-11
9.587779e+00,7.608908e-11,2.568393e-09,2.568393e-11
9.590667e+00,7.540849e-11,2.574920e-09,2.574920e-11
9.593555e+00,7.500282e-11,2.584115e-09,2.584115e-11
9.596443e+00,7.491927e-11,2.597780e-09,2.597780e-11
9.599331e+00,7.519918e-11,2.617786e-09,2.617786e-11
9.602219e+00,7.587516e-11,2.646000e-09,2.646000e-11
9.605106e+00,7.696811e-11,2.684155e-09,2.684155e-11
9.607994e+00,7.848484e-11,2.733690e-09,2.733690e-11
9.610882e+00,8.041854e-11,2.795659e-09,2.795659e-11
9.613770e+00,8.275014e-11,2.870646e-09,2.870646e-11
9.616658e+00,8.544906e-11,2.958621e-09,2.958621e-11
9.619546e+00,8.847386e-11,3.058873e-09,3.058873e-11
9.622434e+00,9.177316e-11,3.170017e-09,3.170017e-11
9.625322e+00,9.528786e-11,3.290051e-09,3.290051e-11
9.628209e+00,9.895465e-11,3.416470e-09,3.416470e-11
9.631097e+00,1.027078e-10,3.546429e-09,3.546429e-11
9.633985e+00,1.064827e-10,3.676936e-09,3.676936e-11
9.636873e+00,1.102183e-10,3.805032e-09,3.805032e-11
9.639761e+00,1.138587e-10,3.927966e-09,3.927966e-11
9.642649e+00,1.173541e-10,4.043326e-09,4.043326e-11
9.645537e+00,1.206578e-10,4.149104e-09,4.149104e-11
9.648425e+00,1.237258e-10,4.243737e-09,4.243737e-11
9.651313e+00,1.265175e-10,4.326106e-09,4.326106e-11
9.654200e+00,1.289952e-10,4.395468e-09,4.395468e-11
9.657088e+00,1.311254e-10,4.451354e-09,4.451354e-11
9.659976e+00,1.328767e-10,4.493434e-09,4.493434e-11
9.662864e+00,1.342227e-10,4.521427e-09,4.521427e-11
9.665752e+00,1.351415e-10,4.535025e-09,4.535025e-11
9.668640e+00,1.356142e-10,4.533836e-09,4.533836e-11
9.671528e+00,1.356254e-10,4.517393e-09,4.517393e-11
9.674416e+00,1.351634e-10,4.485231e-09,4.485231e-11
9.677304e+00,1.342238e-10,4.436971e-09,4.436971e-11
9.680191e+00,1.328107e-10,4.372436e-09,4.372436e-11
9.683079e+00,1.309379e-10,4.291784e-09,4.291784e-11
9.685967e+00,1.286308e-10,4.195608e-09,4.195608e-11
9.688855e+00,1.259261e-10,4.084980e-09,4.084980e-11
9.691743e+00,1.228689e-10,3.961444e-09,3.961444e-11
9.694631e+00,1.195092e-10,3.827002e-09,3.827002e-11
9.697519e+00,1.159025e-10,3.684011e-09,3.684011e-11
9.700407e+00,1.121066e-10,3.535039e-09,3.535039e-11
9.703295e+00,1.081793e-10,3.382724e-09,3.382724e-11
9.706182e+00,1.041797e-10,3.229675e-09,3.229675e-11
9.709070e+00,1.001677e-10,3.078345e-09,3.078345e-11
9.711958e+00,9.620282e-11,2.930934e-09,2.930934e-11
9.714846e+00,9.234062e-11,2.789365e-09,2.789365e-11
9.717734e+00,8.863127e-11,2.655277e-09,2.655277e-11
9.720622e+00,8.512121e-11,2.530072e-09,2.530072e-11
9.723510e+00,8.185231e-11,2.414969e-09,2.414969e-11
9.726398e+00,7.886192e-11,2.311068e-09,2.311068e-11
9.729285e+00,7.618668e-11,2.219491e-09,2.219491e-11
9.732173e+00,7.386416e-11,2.141450e-09,2.141450e-11
9.735061e+00,7.192944e-11,2.078234e-09,2.078234e-11
9.737949e+00,7.041550e-11,2.031256e-09,2.031256e-11
9.740837e+00,6.935242e-11,2.002034e-09,2.002034e-11
9.743725e+00,6.876319e-11,1.992059e-09,1.992059e-11
9.746613e+00,6.866304e-11,2.002688e-09,2.002688e-11
9.749501e+00,6.905963e-11,2.034976e-09,2.034976e-11
9.752389e+00,6.995242e-11,2.089524e-09,2.089524e-11
9.755276e+00,7.133256e-11,2.166360e-09,2.166360e-11
9.758164e+00,7.318322e-11,2.264836e-09,2.264836e-11
9.761052e+00,7.547874e-11,2.383609e-09,2.383609e-11
9.763940e+00,7.818239e-11,2.520629e-09,2.520629e-11
9.766828e+00,8.124548e-11,2.673187e-09,2.673187e-11
9.769716e+00,8.461131e-11,2.838086e-09,2.838086e-11
9.772604e+00,8.821899e-11,3.011803e-09,3.011803e-11
9.775492e+00,9.200534e-11,3.190628e-09,3.190628e-11
9.778380e+00,9.590827e-11,3.370841e-09,3.370841e-11
9.781267e+00,9.987053e-11,3.548877e-09,3.548877e-11
9.784155e+00,1.038406e-10,3.721460e-09,3.721460e-11
9.787043e+00,1.077714e-10,3.885736e-09,3.885736e-11
9.789931e+00,1.116204e-10,4.039338e-09,4.039338e-11
9.792819e+00,1.153479e-10,4.180428e-09,4.180428e-11
9.795707e+00,1.189172e-10,4.307732e-09,4.307732e-11
9.798595e+00,1.222977e-10,4.420552e-09,4.420552e-11
9.801483e+00,1.254624e-10,4.518712e-09,4.518712e-11
9.804370e+00,1.283895e-10,4.602506e-09,4.602506e-11
9.807258e+00,1.310617e-10,4.672617e-09,4.672617e-11
9.810146e+00,1.334640e-10,4.730013e-09,4.730013e-11
9.813034e+00,1.355848e-10,4.775841e-09,4.775841e-11
9.815922e+00,1.374131e-10,4.811323e-09,4.811323e-11
9.818810e+00,1.389405e-10,4.837645e-09,4.837645e-11
9.821698e+00,1.401654e-10,4.855899e-09,4.855899e-11
9.824586e+00,1.410925e-10,4.867066e-09,4.867066e-11
9.827474e+00,1.417349e-10,4.872028e-09,4.872028e-11
9.830361e+00,1.421167e-10,4.871602e-09,4.871602e-11
9.833249e+00,1.422680e-10,4.866553e-09,4.866553e-11
9.836137e+00,1.422242e-10,4.857612e-09,4.857612e-11
9.839025e+00,1.420272e-10,4.845506e-09,4.845506e-11
9.841913e+00,1.417200e-10,4.830940e-09,4.830940e-11
9.844801e+00,1.413463e-10,4.814558e-09,4.814558e-11
9.847689e+00,1.409521e-10,4.796921e-09,4.796921e-11
9.850577e+00,1.405816e-10,4.778463e-09,4.778463e-11
9.853465e+00,1.402743e-10,4.759468e-09,4.759468e-11
9.856352e+00,1.400637e-10,4.740113e-09,4.740113e-11
9.859240e+00,1.399753e-10,4.720517e-09,4.720517e-11
9.862128e+00,1.400257e-10,4.700810e-09,4.700810e-11
9.865016e+00,1.402226e-10,4.681204e-09,4.681204e-11
9.867904e+00,1.405678e-10,4.662077e-09,4.662077e-11
9.870792e+00,1.410604e-10,4.644037e-09,4.644037e-11
9.873680e+00,1.416957e-10,4.627931e-09,4.627931e-11
9.876568e+00,1.424681e-10,4.614811e-09,4.614811e-11
9.879456e+00,1.433693e-10,4.605867e-09,4.605867e-11
9.882343e+00,1.443863e-10,4.602300e-09,4.602300e-11
9.885231e+00,1.455019e-10,4.605163e-09,4.605163e-11
9.888119e+00,1.466930e-10,4.615170e-09,4.615170e-11
9.891007e+00,1.479308e-10,4.632533e-09,4.632533e-11
9.893895e+00,1.491814e-10,4.656832e-09,4.656832e-11
9.896783e+00,1.504082e-10,4.686946e-09,4.686946e-11
9.899671e+00,1.515686e-10,4.721073e-09,4.721073e-11
9.902559e+00,1.526146e-10,4.756805e-09,4.756805e-11
9.905446e+00,1.534937e-10,4.791225e-09,4.791225e-11
9.908334e+00,1.541439e-10,4.821087e-09,4.821087e-11
9.911222e+00,1.545014e-10,4.843019e-09,4.843019e-11
9.914110e+00,1.545033e-10,4.853688e-09,4.853688e-11
9.916998e+00,1.540902e-10,4.849992e-09,4.849992e-11
9.919886e+00,1.532143e-10,4.829283e-09,4.829283e-11
9.922774e+00,1.518433e-10,4.789505e-09,4.789505e-11
9.925662e+00,1.499597e-10,4.729308e-09,4.729308e-11
9.928550e+00,1.475639e-10,4.648190e-09,4.648190e-11
9.931437e+00,1.446748e-10,4.546546e-09,4.546546e-11
9.934325e+00,1.413255e-10,4.425644e-09,4.425644e-11
9.937213e+00,1.375637e-10,4.287581e-09,4.287581e-11
9.940101e+00,1.334508e-10,4.135207e-09,4.135207e-11
9.942989e+00,1.290606e-10,3.972004e-09,3.972004e-11
9.945877e+00,1.244766e-10,3.801931e-09,3.801931e-11
9.948765e+00,1.197884e-10,3.629231e-09,3.629231e-11
9.951653e+00,1.150857e-10,3.458255e-09,3.458255e-11
9.954541e+00,1.104528e-10,3.293293e-09,3.293293e-11
9.957428e+00,1.059683e-10,3.138418e-09,3.138418e-11
9.960316e+00,1.017032e-10,2.997323e-09,2.997323e-11
9.963204e+00,9.771821e-11,2.873183e-09,2.873183e-11
9.966092e+00,9.406706e-11,2.768537e-09,2.768537e-11
9.968980e+00,9.079585e-11,2.685159e-09,2.685159e-11
9.971868e+00,8.794247e-11,2.623977e-09,2.623977e-11
9.974756e+00,8.553734e-11,2.585067e-09,2.585067e-11
9.977644e+00,8.360291e-11,2.567687e-09,2.567687e-11
9.980531e+00,8.215373e-11,2.570405e-09,2.570405e-11
9.983419e+00,8.119574e-11,2.591275e-09,2.591275e-11
9.986307e+00,8.072911e-11,2.628070e-09,2.628070e-11
9.989195e+00,8.075013e-11,2.678488e-09,2.678488e-11
9.992083e+00,8.124814e-11,2.740296e-09,2.740296e-11
9.994971e+00,8.220669e-11,2.811480e-09,2.811480e-11
9.997859e+00,8.360491e-11,2.890361e-09,2.890361e-11
1.000075e+01,8.541434e-11,2.975580e-09,2.975580e-11
1.000363e+01,8.759878e-11,3.066048e-09,3.066048e-11
1.000652e+01,9.011570e-11,3.160903e-09,3.160903e-11
1.000941e+01,9.291926e-11,3.259473e-09,3.259473e-11
1.001230e+01,9.596135e-11,3.361172e-09,3.361172e-11
1.001519e+01,9.919267e-11,3.465424e-09,3.465424e-11
1.001807e+01,1.025662e-10,3.571639e-09,3.571639e-11
1.002096e+01,1.060372e-10,3.679176e-09,3.679176e-11
1.002385e+01,1.095605e-10,3.787252e-09,3.787252e-11
1.002674e+01,1.130917e-10,3.894923e-09,3.894923e-11
1.002963e+01,1.165891e-10,4.001153e-09,4.001153e-11
1.003251e+01,1.200136e-10,4.104803e-09,4.104803e-11
1.003540e+01,1.233280e-10,4.204547e-09,4.204547e-11
1.003829e+01,1.264971e-10,4.298926e-09,4.298926e-11
1.004118e+01,1.294884e-10,4.386447e-09,4.386447e-11
1.004406e+01,1.322716e-10,4.465636e-09,4.465636e-11
1.004695e+01,1.348149e-10,4.535079e-09,4.535079e-11
1.004984e+01,1.370863e-10,4.593458e-09,4.593458e-11
1.005273e+01,1.390528e-10,4.639602e-09,4.639602e-11
1.005562e+01,1.406844e-10,4.672556e-09,4.672556e-11
1.005850e+01,1.419547e-10,4.691598e-09,4.691598e-11
1.006139e+01,1.428412e-10,4.696257e-09,4.696257e-11
1.006428e+01,1.433302e-10,4.686343e-09,4.686343e-11
1.006717e+01,1.434146e-10,4.661904e-09,4.661904e-11
1.007006e+01,1.430903e-10,4.623191e-09,4.623191e-11
1.007294e+01,1.423604e-10,4.570707e-09,4.570707e-11
1.007583e+01,1.412353e-10,4.505187e-09,4.505187e-11
1.007872e+01,1.397299e-10,4.427522e-09,4.427522e-11
1.008161e+01,1.378669e-10,4.338799e-09,4.338799e-11
1.008450e+01,1.356777e-10,4.240335e-09,4.240335e-11
1.008738e+01,1.331989e-10,4.133634e-09,4.133634e-11
1.009027e+01,1.304717e-10,4.020364e-09,4.020364e-11
1.009316e+01,1.275393e-10,3.902354e-09,3.902354e-11
1.009605e+01,1.244429e-10,3.781557e-09,3.781557e-11
1.009893e+01,1.212229e-10,3.660015e-09,3.660015e-11
1.010182e+01,1.179187e-10,3.539818e-09,3.539818e-11
1.010471e+01,1.145687e-10,3.423011e-09,3.423011e-11
1.010760e+01,1.112119e-10,3.311524e-09,3.311524e-11
1.011049e+01,1.078882e-10,3.207098e-09,3.207098e-11
1.011337e+01,1.046357e-10,3.111194e-09,3.111194e-11
1.011626e+01,1.014908e-10,3.024971e-09,3.024971e-11
1.011915e+01,9.848811e-11,2.949226e-09,2.949226e-11
1.012204e+01,9.565484e-11,2.884314e-09,2.884314e-11
1.012493e+01,9.301236e-11,2.830156e-09,2.830156e-11
1.012781e+01,9.057923e-11,2.786329e-09,2.786329e-11
1.013070e+01,8.837108e-11,2.752099e-09,2.752099e-11
1.013359e+01,8.640056e-11,2.726489e-09,2.726489e-11
1.013648e+01,8.467735e-11,2.708400e-09,2.708400e-11
1.013937e+01,8.320902e-11,2.696718e-09,2.696718e-11
1.014225e+01,8.200005e-11,2.690391e-09,2.690391e-11
1.014514e+01,8.105059e-11,2.688488e-09,2.688488e-11
1.014803e+01,8.035655e-11,2.690235e-09,2.690235e-11
1.015092e+01,7.991166e-11,2.695062e-09,2.695062e-11
1.015380e+01,7.970938e-11,2.702668e-09,2.702668e-11
1.015669e+01,7.974337e-11,2.713026e-09,2.713026e-11
1.015958e+01,8.000766e-11,2.726377e-09,2.726377e-11
1.016247e+01,8.049433e-11,2.743207e-09,2.743207e-11
1.016536e+01,8.119165e-11,2.764172e-09,2.764172e-11
1.016824e+01,8.208721e-11,2.790060e-09,2.790060e-11
1.017113e+01,8.316535e-11,2.821738e-09,2.821738e-11
1.017402e+01,8.440532e-11,2.859996e-09,2.859996e-11
1.017691e+01,8.578606e-11,2.905388e-09,2.905388e-11
1.017980e+01,8.728411e-11,2.958141e-09,2.958141e-11
1.018268e+01,8.887306e-11,3.018086e-09,3.018086e-11
1.018557e+01,9.052689e-11,3.084648e-09,3.084648e-11
1.018846e+01,9.221807e-11,3.156850e-09,3.156850e-11
1.019135e+01,9.391699e-11,3.233352e-09,3.233352e-11
1.019424e+01,9.559636e-11,3.312551e-09,3.312551e-11
1.019712e+01,9.723122e-11,3.392706e-09,3.392706e-11
1.020001e+01,9.880119e-11,3.472057e-09,3.472057e-11
1.020290e+01,1.002924e-10,3.548900e-09,3.548900e-11
1.020579e+01,1.016944e-10,3.621644e-09,3.621644e-11
1.020867e+01,1.030004e-10,3.688851e-09,3.688851e-11
1.021156e+01,1.042056e-10,3.749275e-09,3.749275e-11
1.021445e+01,1.053063e-10,3.801880e-09,3.801880e-11
1.021734e+01,1.062992e-10,3.845817e-09,3.845817e-11
1.022023e+01,1.071802e-10,3.880387e-09,3.880387e-11
1.022311e+01,1.079458e-10,3.905040e-09,3.905040e-11
1.022600e+01,1.085931e-10,3.919392e-09,3.919392e-11
1.022889e+01,1.091192e-10,3.923222e-09,3.923222e-11
1.023178e+01,1.095197e-10,3.916455e-09,3.916455e-11
1.023467e+01,1.097895e-10,3.899216e-09,3.899216e-11
1.023755e+01,1.099226e-10,3.871873e-09,3.871873e-11
1.024044e+01,1.099131e-10,3.835048e-09,3.835048e-11
1.024333e+01,1.097599e-10,3.789668e-09,3.789668e-11
1.024622e+01,1.094668e-10,3.736989e-09,3.736989e-11
1.024910e+01,1.090428e-10,3.678566e-09,3.678566e-11
1.025199e+01,1.085043e-10,3.616219e-09,3.616219e-11
1.025488e+01,1.078716e-10,3.551972e-09,3.551972e-11
1.025777e+01,1.071664e-10,3.487903e-09,3.487903e-11
1.026066e+01,1.064104e-10,3.425999e-09,3.425999e-11
1.026354e+01,1.056241e-10,3.368034e-09,3.368034e-11
1.026643e+01,1.048275e-10,3.315464e-09,3.315464e-11
1.026932e+01,1.040405e-10,3.269338e-09,3.269338e-11
1.027221e+01,1.032800e-10,3.230219e-09,3.230219e-11
1.027510e+01,1.025611e-10,3.198196e-09,3.198196e-11
1.027798e+01,1.018949e-10,3.172944e-09,3.172944e-11
1.028087e+01,1.012855e-10,3.153806e-09,3.153806e-11
1.028376e+01,1.007320e-10,3.139856e-09,3.139856e-11
1.028665e+01,1.002290e-10,3.129993e-09,3.129993e-11
1.028954e+01,9.976729e-11,3.123004e-09,3.123004e-11
1.029242e+01,9.933666e-11,3.117624e-09,3.117624e-11
1.029531e+01,9.893201e-11,3.112625e-09,3.112625e-11
1.029820e+01,9.855174e-11,3.106860e-09,3.106860e-11
1.030109e+01,9.819439e-11,3.099282e-09,3.099282e-11
1.030397e+01,9.786021e-11,3.089016e-09,3.089016e-11
1.030686e+01,9.754783e-11,3.075442e-09,3.075442e-11
1.030975e+01,9.725234e-11,3.058207e-09,3.058207e-11
1.031264e+01,9.696630e-11,3.037227e-09,3.037227e-11
1.031553e+01,9.668021e-11,3.012686e-09,3.012686e-11
1.031841e+01,9.638321e-11,2.984985e-09,2.984985e-11
1.032130e+01,9.606519e-11,2.954699e-09,2.954699e-11
1.032419e+01,9.571800e-11,2.922543e-09,2.922543e-11
1.032708e+01,9.533308e-11,2.889311e-09,2.889311e-11
1.032997e+01,9.490116e-11,2.855839e-09,2.855839e-11
1.033285e+01,9.441322e-11,2.823047e-09,2.823047e-11
1.033574e+01,9.386353e-11,2.791994e-09,2.791994e-11
1.033863e+01,9.325147e-11,2.763904e-09,2.763904e-11
1.034152e+01,9.258208e-11,2.740182e-09,2.740182e-11
1.034441e+01,9.187126e-11,2.722443e-09,2.722443e-11
1.034729e+01,9.114526e-11,2.712435e-09,2.712435e-11
1.035018e+01,9.043595e-11,2.711847e-09,2.711847e-11
1.035307e+01,8.977894e-11,2.722134e-09,2.722134e-11
1.035596e+01,8.921342e-11,2.744334e-09,2.744334e-11
1.035884e+01,8.877756e-11,2.778865e-09,2.778865e-11
1.036173e+01,8.850560e-11,2.825416e-09,2.825416e-11
1.036462e+01,8.842816e-11,2.882950e-09,2.882950e-11
1.036751e+01,8.856910e-11,2.949805e-09,2.949805e-11
1.037040e+01,8.894491e-11,3.023877e-09,3.023877e-11
1.037328e+01,8.956263e-11,3.102814e-09,3.102814e-11
1.037617e+01,9.041701e-11,3.184205e-09,3.184205e-11
1.037906e+01,9.149055e-11,3.265760e-09,3.265760e-11
1.038195e+01,9.275528e-11,3.345431e-09,3.345431e-11
1.038484e+01,9.417458e-11,3.421455e-09,3.421455e-11
1.038772e+01,9.570497e-11,3.492388e-09,3.492388e-11
1.039061e+01,9.729977e-11,3.557086e-09,3.557086e-11
1.039350e+01,9.891045e-11,3.614630e-09,3.614630e-11
1.039639e+01,1.004863e-10,3.664270e-09,3.664270e-11
1.039927e+01,1.019774e-10,3.705380e-09,3.705380e-11
1.040216e+01,1.033360e-10,3.737392e-09,3.737392e-11
1.040505e+01,1.045164e-10,3.759759e-09,3.759759e-11
1.040794e+01,1.054773e-10,3.771950e-09,3.771950e-11
1.041083e+01,1.061842e-10,3.773440e-09,3.773440e-11
1.041371e+01,1.066105e-10,3.763778e-09,3.763778e-11
1.041660e+01,1.067393e-10,3.742655e-09,3.742655e-11
1.041949e+01,1.065614e-10,3.709926e-09,3.709926e-11
1.042238e+01,1.060732e-10,3.665625e-09,3.665625e-11
1.042527e+01,1.052776e-10,3.610001e-09,3.610001e-11
1.042815e+01,1.041830e-10,3.543528e-09,3.543528e-11
1.043104e+01,1.028040e-10,3.466885e-09,3.466885e-11
1.043393e+01,1.011621e-10,3.380912e-09,3.380912e-11
1.043682e+01,9.928602e-11,3.286587e-09,3.286587e-11
1.043971e+01,9.721066e-11,3.185026e-09,3.185026e-11
1.044259e+01,9.497384e-11,3.077449e-09,3.077449e-11
1.044548e+01,9.261389e-11,2.965162e-09,2.965162e-11
1.044837e+01,9.016877e-11,2.849592e-09,2.849592e-11
1.045126e+01,8.767428e-11,2.732289e-09,2.732289e-11
1.045414e+01,8.516218e-11,2.614944e-09,2.614944e-11
1.045703e+01,8.266262e-11,2.499398e-09,2.499398e-11
1.045992e+01,8.020418e-11,2.387650e-09,2.387650e-11
1.046281e+01,7.781427e-11,2.281833e-09,2.281833e-11
1.046570e+01,7.551917e-11,2.184130e-09,2.184130e-11
1.046858e+01,7.334277e-11,2.096640e-09,2.096640e-11
1.047147e+01,7.130689e-11,2.021238e-09,2.021238e-11
1.047436e+01,6.943073e-11,1.959377e-09,1.959377e-11
1.047725e+01,6.773295e-11,1.911926e-09,1.911926e-11
1.048014e+01,6.623310e-11,1.879099e-09,1.879099e-11
1.048302e+01,6.495238e-11,1.860464e-09,1.860464e-11
1.048591e+01,6.391388e-11,1.855074e-09,1.855074e-11
1.048880e+01,6.313962e-11,1.861721e-09,1.861721e-11
1.049169e+01,6.264962e-11,1.879162e-09,1.879162e-11
1.049458e+01,6.245836e-11,1.906324e-09,1.906324e-11
1.049746e+01,6.257146e-11,1.942424e-09,1.942424e-11
1.050035e+01,6.298754e-11,1.986941e-09,1.986941e-11
1.050324e+01,6.369675e-11,2.039518e-09,2.039518e-11
1.050613e+01,6.468212e-11,2.099850e-09,2.099850e-11
1.050901e+01,6.592353e-11,2.167517e-09,2.167517e-11
1.051190e+01,6.739501e-11,2.241789e-09,2.241789e-11
1.051479e+01,6.906390e-11,2.321538e-09,2.321538e-11
1.051768e+01,7.089309e-11,2.405262e-09,2.405262e-11
1.052057e+01,7.284171e-11,2.491150e-09,2.491150e-11
1.052345e+01,7.486777e-11,2.577221e-09,2.577221e-11
1.052634e+01,7.693387e-11,2.661503e-09,2.661503e-11
1.052923e+01,7.900769e-11,2.742208e-09,2.742208e-11
1.053212e+01,8.106677e-11,2.817899e-09,2.817899e-11
1.053501e+01,8.310017e-11,2.887629e-09,2.887629e-11
1.053789e+01,8.510291e-11,2.951060e-09,2.951060e-11
1.054078e+01,8.708033e-11,3.008537e-09,3.008537e-11
1.054367e+01,8.904350e-11,3.061067e-09,3.061067e-11
1.054656e+01,9.100387e-11,3.110266e-09,3.110266e-11
1.054944e+01,9.297689e-11,3.158285e-09,3.158285e-11
1.055233e+01,9.498150e-11,3.207697e-09,3.207697e-11
1.055522e+01,9.703770e-11,3.261317e-09,3.261317e-11
1.055811e+01,9.916454e-11,3.321984e-09,3.321984e-11
1.056100e+01,1.013799e-10,3.392330e-09,3.392330e-11
1.056388e+01,1.036974e-10,3.474578e-09,3.474578e-11
1.056677e+01,1.061234e-10,3.570347e-09,3.570347e-11
1.056966e+01,1.086565e-10,3.680504e-09,3.680504e-11
1.057255e+01,1.112877e-10,3.805078e-09,3.805078e-11
1.057544e+01,1.140014e-10,3.943273e-09,3.943273e-11
1.057832e+01,1.167788e-10,4.093531e-09,4.093531e-11
1.058121e+01,1.195983e-10,4.253618e-09,4.253618e-11
1.058410e+01,1.224333e-10,4.420738e-09,4.420738e-11
1.058699e+01,1.252538e-10,4.591674e-09,4.591674e-11
1.058988e+01,1.280261e-10,4.762935e-09,4.762935e-11
1.059276e+01,1.307126e-10,4.930858e-09,4.930858e-11
1.059565e+01,1.332710e-10,5.091706e-09,5.091706e-11
1.059854e+01,1.356565e-10,5.241778e-09,5.241778e-11
1.060143e+01,1.378248e-10,5.377521e-09,5.377521e-11
1.060431e+01,1.397307e-10,5.495611e-09,5.495611e-11
1.060720e+01,1.413307e-10,5.593051e-09,5.593051e-11
1.061009e+01,1.425820e-10,5.667262e-09,5.667262e-11
1.061298e+01,1.434450e-10,5.716178e-09,5.716178e-11
1.061587e+01,1.438846e-10,5.738333e-09,5.738333e-11
1.061875e+01,1.438716e-10,5.732911e-09,5.732911e-11
1.062164e+01,1.433855e-10,5.699789e-09,5.699789e-11
1.062453e+01,1.424168e-10,5.639570e-09,5.639570e-11
1.062742e+01,1.409708e-10,5.553564e-09,5.553564e-11
1.063031e+01,1.390670e-10,5.443706e-09,5.443706e-11
1.063319e+01,1.367369e-10,5.312456e-09,5.312456e-11
1.063608e+01,1.340257e-10,5.162645e-09,5.162645e-11
1.063897e+01,1.309910e-10,4.997307e-09,4.997307e-11
1.064186e+01,1.277021e-10,4.819497e-09,4.819497e-11
1.064475e+01,1.242364e-10,4.632119e-09,4.632119e-11
1.064763e+01,1.206786e-10,4.437828e-09,4.437828e-11
1.065052e+01,1.171189e-10,4.239036e-09,4.239036e-11
1.065341e+01,1.136471e-10,4.037999e-09,4.037999e-11
1.065630e+01,1.103481e-10,3.837058e-09,3.837058e-11
1.065918e+01,1.072991e-10,3.638984e-09,3.638984e-11
1.066207e+01,1.045638e-10,3.447373e-09,3.447373e-11
1.066496e+01,1.021911e-10,3.267059e-09,3.267059e-11
1.066785e+01,1.002150e-10,3.104387e-09,3.104387e-11
1.067074e+01,9.865308e-11,2.967141e-09,2.967141e-11
1.067362e+01,9.750746e-11,2.863901e-09,2.863901e-11
1.067651e+01,9.676521e-11,2.802694e-09,2.802694e-11
1.067940e+01,9.639851e-11,2.789108e-09,2.789108e-11
1.068229e+01,9.636565e-11,2.824509e-09,2.824509e-11
1.068518e+01,9.661373e-11,2.905272e-09,2.905272e-11
1.068806e+01,9.708390e-11,3.023424e-09,3.023424e-11
1.069095e+01,9.771411e-11,3.168259e-09,3.168259e-11
1.069384e+01,9.844371e-11,3.328165e-09,3.328165e-11
1.069673e+01,9.921611e-11,3.492053e-09,3.492053e-11
1.069961e+01,9.997860e-11,3.650201e-09,3.650201e-11
1.070250e+01,1.006846e-10,3.794637e-09,3.794637e-11
1.070539e+01,1.012933e-10,3.919248e-09,3.919248e-11
1.070828e+01,1.017691e-10,4.019721e-09,4.019721e-11
1.071117e+01,1.020835e-10,4.093394e-09,4.093394e-11
1.071405e+01,1.022135e-10,4.139055e-09,4.139055e-11
1.071694e+01,1.021435e-10,4.156742e-09,4.156742e-11
1.071983e+01,1.018680e-10,4.147525e-09,4.147525e-11
1.072272e+01,1.013843e-10,4.113267e-09,4.113267e-11
1.072561e+01,1.006925e-10,4.056418e-09,4.056418e-11
1.072849e+01,9.979672e-11,3.979830e-09,3.979830e-11
1.073138e+01,9.870137e-11,3.886555e-09,3.886555e-11
1.073427e+01,9.741273e-11,3.779679e-09,3.779679e-11
1.073716e+01,9.594051e-11,3.662224e-09,3.662224e-11
1.074005e+01,9.429944e-11,3.537090e-09,3.537090e-11
1.074293e+01,9.251312e-11,3.406968e-09,3.406968e-11
1.074582e+01,9.060954e-11,3.274289e-09,3.274289e-11
1.074871e+01,8.862079e-11,3.141268e-09,3.141268e-11
1.075160e+01,8.658338e-11,3.009933e-09,3.009933e-11
1.075448e+01,8.453279e-11,2.882136e-09,2.882136e-11
1.075737e+01,8.250461e-11,2.759599e-09,2.759599e-11
1.076026e+01,8.053550e-11,2.643942e-09,2.643942e-11
1.076315e+01,7.866115e-11,2.536688e-09,2.536688e-11
1.076604e+01,7.691809e-11,2.439302e-09,2.439302e-11
1.076892e+01,7.534281e-11,2.353171e-09,2.353171e-11
1.077181e+01,7.396956e-11,2.279551e-09,2.279551e-11
1.077470e+01,7.282756e-11,2.219508e-09,2.219508e-11
1.077759e+01,7.193741e-11,2.173838e-09,2.173838e-11
1.078048e+01,7.131254e-11,2.143027e-09,2.143027e-11
1.078336e+01,7.096085e-11,2.127209e-09,2.127209e-11
1.078625e+01,7.088406e-11,2.126109e-09,2.126109e-11
1.078914e+01,7.107895e-11,2.139044e-09,2.139044e-11
1.079203e+01,7.153965e-11,2.165004e-09,2.165004e-11
1.079492e+01,7.225776e-11,2.202736e-09,2.202736e-11
1.079780e+01,7.322093e-11,2.250837e-09,2.250837e-11
1.080069e+01,7.441206e-11,2.307841e-09,2.307841e-11
1.080358e+01,7.581003e-11,2.372298e-09,2.372298e-11
1.080647e+01,7.739022e-11,2.442823e-09,2.442823e-11
1.080935e+01,7.912599e-11,2.518117e-09,2.518117e-11
1.081224e+01,8.098936e-11,2.596956e-09,2.596956e-11
1.081513e+01,8.295250e-11,2.678200e-09,2.678200e-11
1.081802e+01,8.499005e-11,2.760809e-09,2.760809e-11
1.082091e+01,8.707526e-11,2.843796e-09,2.843796e-11
1.082379e+01,8.917974e-11,2.926219e-09,2.926219e-11
1.082668e+01,9.127557e-11,3.007239e-09,3.007239e-11
1.082957e+01,9.333411e-11,3.086124e-09,3.086124e-11
1.083246e+01,9.532863e-11,3.162211e-09,3.162211e-11
1.083535e+01,9.723436e-11,3.234884e-09,3.234884e-11
1.083823e+01,9.902696e-11,3.303572e-09,3.303572e-11
1.084112e+01,1.006852e-10,3.367719e-09,3.367719e-11
1.084401e+01,1.021902e-10,3.426729e-09,3.426729e-11
1.084690e+01,1.035218e-10,3.479893e-09,3.479893e-11
1.084978e+01,1.046593e-10,3.526404e-09,3.526404e-11
1.085267e+01,1.055849e-10,3.565382e-09,3.565382e-11
1.085556e+01,1.062822e-10,3.595883e-09,3.595883e-11
1.085845e+01,1.067370e-10,3.616947e-09,3.616947e-11
1.086134e+01,1.069410e-10,3.627719e-09,3.627719e-11
1.086422e+01,1.068924e-10,3.627587e-09,3.627587e-11
1.086711e+01,1.065938e-10,3.616242e-09,3.616242e-11
1.087000e+01,1.060508e-10,3.593733e-09,3.593733e-11
1.087289e+01,1.052755e-10,3.560557e-09,3.560557e-11
1.087578e+01,1.042866e-10,3.517744e-09,3.517744e-11
1.087866e+01,1.031083e-10,3.466790e-09,3.466790e-11
1.088155e+01,1.017712e-10,3.409570e-09,3.409570e-11
1.088444e+01,1.003118e-10,3.348274e-09,3.348274e-11
1.088733e+01,9.876884e-11,3.285287e-09,3.285287e-11
1.089022e+01,9.718228e-11,3.223011e-09,3.223011e-11
1.089310e+01,9.559047e-11,3.163692e-09,3.163692e-11
1.089599e+01,9.402675e-11,3.109247e-09,3.109247e-11
1.089888e+01,9.252023e-11,3.061118e-09,3.061118e-11
1.090177e+01,9.109617e-11,3.020180e-09,3.020180e-11
1.090465e+01,8.977537e-11,2.986683e-09,2.986683e-11
1.090754e+01,8.857439e-11,2.960259e-09,2.960259e-11
1.091043e+01,8.750539e-11,2.939983e-09,2.939983e-11
1.091332e+01,8.657435e-11,2.924523e-09,2.924523e-11
1.091621e+01,8.578139e-11,2.912318e-09,2.912318e-11
1.091909e+01,8.512157e-11,2.901737e-09,2.901737e-11
1.092198e+01,8.458545e-11,2.891244e-09,2.891244e-11
1.092487e+01,8.416444e-11,2.879568e-09,2.879568e-11
1.092776e+01,8.384990e-11,2.865778e-09,2.865778e-11
1.093065e+01,8.363371e-11,2.849330e-09,2.849330e-11
1.093353e+01,8.351161e-11,2.830107e-09,2.830107e-11
1.093642e+01,8.347701e-11,2.808385e-09,2.808385e-11
1.093931e+01,8.351999e-11,2.784733e-09,2.784733e-11
1.094220e+01,8.362610e-11,2.759903e-09,2.759903e-11
1.094509e+01,8.377395e-11,2.734717e-09,2.734717e-11
1.094797e+01,8.394059e-11,2.709974e-09,2.709974e-11
1.095086e+01,8.410332e-11,2.686352e-09,2.686352e-11
1.095375e+01,8.423869e-11,2.664308e-09,2.664308e-11
1.095664e+01,8.432542e-11,2.644067e-09,2.644067e-11
1.095952e+01,8.434605e-11,2.625680e-09,2.625680e-11
1.096241e+01,8.428388e-11,2.609074e-09,2.609074e-11
1.096530e+01,8.412382e-11,2.594113e-09,2.594113e-11
1.096819e+01,8.385309e-11,2.580665e-09,2.580665e-11
1.097108e+01,8.346207e-11,2.568642e-09,2.568642e-11
1.097396e+01,8.294877e-11,2.558008e-09,2.558008e-11
1.097685e+01,8.232054e-11,2.548765e-09,2.548765e-11
1.097974e+01,8.159568e-11,2.540885e-09,2.540885e-11
1.098263e+01,8.080086e-11,2.534225e-09,2.534225e-11
1.098552e+01,7.996748e-11,2.528465e-09,2.528465e-11
1.098840e+01,7.913060e-11,2.523101e-09,2.523101e-11
1.099129e+01,7.832573e-11,2.517481e-09,2.517481e-11
1.099418e+01,7.758539e-11,2.510857e-09,2.510857e-11
1.099707e+01,7.693995e-11,2.502512e-09,2.502512e-11
1.099995e+01,7.641967e-11,2.491910e-09,2.491910e-11
1.100284e+01,7.605259e-11,2.478819e-09,2.478819e-11
1.100573e+01,7.586396e-11,2.463442e-09,2.463442e-11
1.100862e+01,7.587631e-11,2.446522e-09,2.446522e-11
1.101151e+01,7.610675e-11,2.429359e-09,2.429359e-11
1.101439e+01,7.656530e-11,2.413769e-09,2.413769e-11
1.101728e+01,7.725596e-11,2.401989e-09,2.401989e-11
1.102017e+01,7.817745e-11,2.396468e-09,2.396468e-11
1.102306e+01,7.932216e-11,2.399606e-09,2.399606e-11
1.102595e+01,8.067940e-11,2.413508e-09,2.413508e-11
1.102883e+01,8.223500e-11,2.439737e-09,2.439737e-11
1.103172e+01,8.396990e-11,2.479108e-09,2.479108e-11
1.103461e+01,8.586050e-11,2.531637e-09,2.531637e-11
1.103750e+01,8.787799e-11,2.596591e-09,2.596591e-11
1.104039e+01,8.998967e-11,2.672612e-09,2.672612e-11
1.104327e+01,9.215898e-11,2.757891e-09,2.757891e-11
1.104616e+01,9.434905e-11,2.850362e-09,2.850362e-11
1.104905e+01,9.652523e-11,2.947904e-09,2.947904e-11
1.105194e+01,9.865684e-11,3.048478e-09,3.048478e-11
1.105482e+01,1.007177e-10,3.150234e-09,3.150234e-11
1.105771e+01,1.026846e-10,3.251567e-09,3.251567e-11
1.106060e+01,1.045410e-10,3.351140e-09,3.351140e-11
1.106349e+01,1.062750e-10,3.447872e-09,3.447872e-11
1.106638e+01,1.078800e-10,3.540960e-09,3.540960e-11
1.106926e+01,1.093560e-10,3.629822e-09,3.629822e-11
1.107215e+01,1.107076e-10,3.714018e-09,3.714018e-11
1.107504e+01,1.119451e-10,3.793221e-09,3.793221e-11
1.107793e+01,1.130805e-10,3.867184e-09,3.867184e-11
1.108082e+01,1.141240e-10,3.935651e-09,3.935651e-11
1.108370e+01,1.150844e-10,3.998345e-09,3.998345e-11
1.108659e+01,1.159691e-10,4.054975e-09,4.054975e-11
1.108948e+01,1.167811e-10,4.105197e-09,4.105197e-11
1.109237e+01,1.175195e-10,4.148603e-09,4.148603e-11
1.109526e+01,1.181836e-10,4.184771e-09,4.184771e-11
1.109814e+01,1.187716e-10,4.213281e-09,4.213281e-11
1.110103e+01,1.192805e-10,4.233704e-09,4.233704e-11
1.110392e+01,1.197063e-10,4.245669e-09,4.245669e-11
1.110681e+01,1.200451e-10,4.248924e-09,4.248924e-11
1.110969e+01,1.202962e-10,4.243363e-09,4.243363e-11
1.111258e+01,1.204605e-10,4.229076e-09,4.229076e-11
1.111547e+01,1.205424e-10,4.206418e-09,4.206418e-11
1.111836e+01,1.205523e-10,4.176040e-09,4.176040e-11
1.112125e+01,1.205019e-10,4.138887e-09,4.138887e-11
1.112413e+01,1.204044e-10,4.096240e-09,4.096240e-11
1.112702e+01,1.202738e-10,4.049731e-09,4.049731e-11
1.112991e+01,1.201214e-10,4.001274e-09,4.001274e-11
1.113280e+01,1.199559e-10,3.952966e-09,3.952966e-11
1.113569e+01,1.197871e-10,3.907015e-09,3.907015e-11
1.113857e+01,1.196243e-10,3.865619e-09,3.865619e-11
1.114146e+01,1.194791e-10,3.830793e-09,3.830793e-11
1.114435e+01,1.193649e-10,3.804232e-09,3.804232e-11
1.114724e+01,1.192942e-10,3.787180e-09,3.787180e-11
1.115013e+01,1.192798e-10,3.780350e-09,3.780350e-11
1.115301e+01,1.193339e-10,3.783896e-09,3.783896e-11
1.115590e+01,1.194644e-10,3.797433e-09,3.797433e-11
1.115879e+01,1.196782e-10,3.820106e-09,3.820106e-11
1.116168e+01,1.199822e-10,3.850693e-09,3.850693e-11
1.116456e+01,1.203844e-10,3.887734e-09,3.887734e-11
1.116745e+01,1.208923e-10,3.929637e-09,3.929637e-11
1.117034e+01,1.215095e-10,3.974803e-09,3.974803e-11
1.117323e+01,1.222363e-10,4.021749e-09,4.021749e-11
1.117612e+01,1.230653e-10,4.069155e-09,4.069155e-11
1.117900e+01,1.239792e-10,4.115884e-09,4.115884e-11
1.118189e+01,1.249528e-10,4.161037e-09,4.161037e-11
1.118478e+01,1.259551e-10,4.203948e-09,4.203948e-11
1.118767e+01,1.269519e-10,4.244127e-09,4.244127e-11
1.119056e+01,1.279077e-10,4.281204e-09,4.281204e-11
1.119344e+01,1.287866e-10,4.314904e-09,4.314904e-11
1.119633e+01,1.295558e-10,4.344989e-09,4.344989e-11
1.119922e+01,1.301824e-10,4.371185e-09,4.371185e-11
1.120211e+01,1.306338e-10,4.393163e-09,4.393163e-11
1.120499e+01,1.308813e-10,4.410545e-09,4.410545e-11
1.120788e+01,1.309001e-10,4.422864e-09,4.422864e-11
1.121077e+01,1.306697e-10,4.429560e-09,4.429560e-11
1.121366e+01,1.301760e-10,4.430016e-09,4.430016e-11
1.121655e+01,1.294134e-10,4.423598e-09,4.423598e-11
1.121943e+01,1.283822e-10,4.409678e-09,4.409678e-11
1.122232e+01,1.270866e-10,4.387664e-09,4.387664e-11
1.122521e+01,1.255359e-10,4.357042e-09,4.357042e-11
1.122810e+01,1.237446e-10,4.317424e-09,4.317424e-11
1.123099e+01,1.217328e-10,4.268611e-09,4.268611e-11
1.123387e+01,1.195273e-10,4.210663e-09,4.210663e-11
1.123676e+01,1.171632e-10,4.143959e-09,4.143959e-11
1.123965e+01,1.146839e-10,4.069228e-09,4.069228e-11
1.124254e+01,1.121389e-10,3.987582e-09,3.987582e-11
1.124543e+01,1.095828e-10,3.900532e-09,3.900532e-11
1.124831e+01,1.070754e-10,3.809995e-09,3.809995e-11
1.125120e+01,1.046784e-10,3.718252e-09,3.718252e-11
1.125409e+01,1.024532e-10,3.627845e-09,3.627845e-11
1.125698e+01,1.004608e-10,3.541495e-09,3.541495e-11
1.125986e+01,9.876023e-11,3.461997e-09,3.461997e-11
1.126275e+01,9.740590e-11,3.392091e-09,3.392091e-11
1.126564e+01,9.644215e-11,3.334320e-09,3.334320e-11
1.126853e+01,9.590279e-11,3.290916e-09,3.290916e-11
1.127142e+01,9.581124e-11,3.263689e-09,3.263689e-11
1.127430e+01,9.617700e-11,3.253917e-09,3.253917e-11
1.127719e+01,9.699741e-11,3.262258e-09,3.262258e-11
1.128008e+01,9.825938e-11,3.288725e-09,3.288725e-11
1.128297e+01,9.994150e-11,3.332684e-09,3.332684e-11
1.128586e+01,1.020139e-10,3.392895e-09,3.392895e-11
1.128874e+01,1.044388e-10,3.467596e-09,3.467596e-11
1.129163e+01,1.071720e-10,3.554601e-09,3.554601e-11
1.129452e+01,1.101617e-10,3.651400e-09,3.651400e-11
1.129741e+01,1.133512e-10,3.755258e-09,3.755258e-11
1.130030e+01,1.166791e-10,3.863329e-09,3.863329e-11
1.130318e+01,1.200812e-10,3.972725e-09,3.972725e-11
1.130607e+01,1.234900e-10,4.080555e-09,4.080555e-11
1.130896e+01,1.268367e-10,4.183990e-09,4.183990e-11
1.131185e+01,1.300533e-10,4.280308e-09,4.280308e-11
1.131473e+01,1.330679e-10,4.366907e-09,4.366907e-11
1.131762e+01,1.358093e-10,4.441353e-09,4.441353e-11
1.132051e+01,1.382099e-10,4.501449e-09,4.501449e-11
1.132340e+01,1.402070e-10,4.545287e-09,4.545287e-11
1.132629e+01,1.417466e-10,4.571292e-09,4.571292e-11
1.132917e+01,1.427857e-10,4.578292e-09,4.578292e-11
1.133206e+01,1.432955e-10,4.565606e-09,4.565606e-11
1.133495e+01,1.432617e-10,4.533108e-09,4.533108e-11
1.133784e+01,1.426818e-10,4.481239e-09,4.481239e-11
1.134073e+01,1.415669e-10,4.411041e-09,4.411041e-11
1.134361e+01,1.399414e-10,4.324138e-09,4.324138e-11
1.134650e+01,1.378392e-10,4.222640e-09,4.222640e-11
1.134939e+01,1.353044e-10,4.109086e-09,4.109086e-11
1.135228e+01,1.323937e-10,3.986404e-09,3.986404e-11
1.135516e+01,1.291704e-10,3.857728e-09,3.857728e-11
1.135805e+01,1.256976e-10,3.726199e-09,3.726199e-11
1.136094e+01,1.220384e-10,3.594898e-09,3.594898e-11
1.136383e+01,1.182542e-10,3.466760e-09,3.466760e-11
1.136672e+01,1.144007e-10,3.344408e-09,3.344408e-11
1.136960e+01,1.105277e-10,3.230002e-09,3.230002e-11
1.137249e+01,1.066816e-10,3.125214e-09,3.125214e-11
1.137538e+01,1.029097e-10,3.031221e-09,3.031221e-11
1.137827e+01,9.925917e-11,2.948682e-09,2.948682e-11
1.138116e+01,9.577568e-11,2.877751e-09,2.877751e-11
1.138404e+01,9.250565e-11,2.818165e-09,2.818165e-11
1.138693e+01,8.949263e-11,2.769287e-09,2.769287e-11
1.138982e+01,8.677401e-11,2.730126e-09,2.730126e-11
1.139271e+01,8.438319e-11,2.699461e-09,2.699461e-11
1.139560e+01,8.235071e-11,2.676017e-09,2.676017e-11
1.139848e+01,8.070430e-11,2.658507e-09,2.658507e-11
1.140137e+01,7.946613e-11,2.645709e-09,2.645709e-11
1.140426e+01,7.865142e-11,2.636648e-09,2.636648e-11
1.140715e+01,7.826736e-11,2.630696e-09,2.630696e-11
1.141003e+01,7.831080e-11,2.627622e-09,2.627622e-11
1.141292e+01,7.876720e-11,2.627602e-09,2.627602e-11
1.141581e+01,7.961016e-11,2.631144e-09,2.631144e-11
1.141870e+01,8.080410e-11,2.639031e-09,2.639031e-11
1.142159e+01,8.230750e-11,2.652188e-09,2.652188e-11
1.142447e+01,8.407476e-11,2.671496e-09,2.671496e-11
1.142736e+01,8.605953e-11,2.697693e-09,2.697693e-11
1.143025e+01,8.821323e-11,2.731234e-09,2.731234e-11
1.143314e+01,9.048419e-11,2.772165e-09,2.772165e-11
1.143603e+01,9.282058e-11,2.820119e-09,2.820119e-11
1.143891e+01,9.516909e-11,2.874315e-09,2.874315e-11
1.144180e+01,9.747719e-11,2.933548e-09,2.933548e-11
1.144469e+01,9.969629e-11,2.996236e-09,2.996236e-11
1.144758e+01,1.017790e-10,3.060471e-09,3.060471e-11
1.145047e+01,1.036814e-10,3.124092e-09,3.124092e-11
1.145335e+01,1.053650e-10,3.184841e-09,3.184841e-11
1.145624e+01,1.067958e-10,3.240483e-09,3.240483e-11
1.145913e+01,1.079429e-10,3.288902e-09,3.288902e-11
1.146202e+01,1.087796e-10,3.328242e-09,3.328242e-11
1.146490e+01,1.092870e-10,3.357060e-09,3.357060e-11
1.146779e+01,1.094580e-10,3.374463e-09,3.374463e-11
1.147068e+01,1.092978e-10,3.380198e-09,3.380198e-11
1.147357e+01,1.088263e-10,3.374700e-09,3.374700e-11
1.147646e+01,1.080765e-10,3.359069e-09,3.359069e-11
1.147934e+01,1.070905e-10,3.334974e-09,3.334974e-11
1.148223e+01,1.059215e-10,3.304577e-09,3.304577e-11
1.148512e+01,1.046303e-10,3.270375e-09,3.270375e-11
1.148801e+01,1.032802e-10,3.234930e-09,3.234930e-11
1.149090e+01,1.019359e-10,3.200666e-09,3.200666e-11
1.149378e+01,1.006633e-10,3.169736e-09,3.169736e-11
1.149667e+01,9.952610e-11,3.143945e-09,3.143945e-11
1.149956e+01,9.858172e-11,3.124729e-09,3.124729e-11
1.150245e+01,9.787750e-11,3.113172e-09,3.113172e-11
1.150533e+01,9.744926e-11,3.110092e-09,3.110092e-11
1.150822e+01,9.731969e-11,3.116164e-09,3.116164e-11
1.151111e+01,9.749856e-11,3.132013e-09,3.132013e-11
1.151400e+01,9.798564e-11,3.158196e-09,3.158196e-11
1.151689e+01,9.877156e-11,3.195170e-09,3.195170e-11
1.151977e+01,9.984071e-11,3.243283e-09,3.243283e-11
1.152266e+01,1.011738e-10,3.302698e-09,3.302698e-11
1.152555e+01,1.027476e-10,3.373286e-09,3.373286e-11
1.152844e+01,1.045348e-10,3.454578e-09,3.454578e-11
1.153133e+01,1.065043e-10,3.545768e-09,3.545768e-11
1.153421e+01,1.086239e-10,3.645715e-09,3.645715e-11
1.153710e+01,1.108606e-10,3.752963e-09,3.752963e-11
1.153999e+01,1.131792e-10,3.865776e-09,3.865776e-11
1.154288e+01,1.155456e-10,3.982193e-09,3.982193e-11
1.154577e+01,1.179251e-10,4.100077e-09,4.100077e-11
1.154865e+01,1.202796e-10,4.217156e-09,4.217156e-11
1.155154e+01,1.225661e-10,4.331054e-09,4.331054e-11
1.155443e+01,1.247373e-10,4.439349e-09,4.439349e-11
1.155732e+01,1.267457e-10,4.539647e-09,4.539647e-11
1.156020e+01,1.285427e-10,4.629634e-09,4.629634e-11
1.156309e+01,1.300801e-10,4.707110e-09,4.707110e-11
1.156598e+01,1.313155e-10,4.770053e-09,4.770053e-11
1.156887e+01,1.322118e-10,4.816705e-09,4.816705e-11
1.157176e+01,1.327364e-10,4.845620e-09,4.845620e-11
1.157464e+01,1.328635e-10,4.855681e-09,4.855681e-11
1.157753e+01,1.325737e-10,4.846114e-09,4.846114e-11
1.158042e+01,1.318541e-10,4.816529e-09,4.816529e-11
1.158331e+01,1.307017e-10,4.766921e-09,4.766921e-11
1.158620e+01,1.291241e-10,4.697664e-09,4.697664e-11
1.158908e+01,1.271385e-10,4.609495e-09,4.609495e-11
1.159197e+01,1.247720e-10,4.503545e-09,4.503545e-11
1.159486e+01,1.220609e-10,4.381355e-09,4.381355e-11
1.159775e+01,1.190456e-10,4.244847e-09,4.244847e-11
1.160064e+01,1.157690e-10,4.096295e-09,4.096295e-11
1.160352e+01,1.122775e-10,3.938329e-09,3.938329e-11
1.160641e+01,1.086207e-10,3.773902e-09,3.773902e-11
1.160930e+01,1.048524e-10,3.606192e-09,3.606192e-11
1.161219e+01,1.010307e-10,3.438506e-09,3.438506e-11
1.161507e+01,9.721634e-11,3.274171e-09,3.274171e-11
1.161796e+01,9.347156e-11,3.116404e-09,3.116404e-11
1.162085e+01,8.985831e-11,2.968178e-09,2.968178e-11
1.162374e+01,8.643515e-11,2.832096e-09,2.832096e-11
1.162663e+01,8.325517e-11,2.710274e-09,2.710274e-11
1.162951e+01,8.036691e-11,2.604255e-09,2.604255e-11
1.163240e+01,7.781454e-11,2.514958e-09,2.514958e-11
1.163529e+01,7.563485e-11,2.442644e-09,2.442644e-11
1.163818e+01,7.385902e-11,2.386953e-09,2.386953e-11
1.164107e+01,7.251142e-11,2.347013e-09,2.347013e-11
1.164395e+01,7.160589e-11,2.321537e-09,2.321537e-11
1.164684e+01,7.114489e-11,2.308934e-09,2.308934e-11
1.164973e+01,7.111856e-11,2.307447e-09,2.307447e-11
1.165262e+01,7.150621e-11,2.315289e-09,2.315289e-11
1.165550e+01,7.227909e-11,2.330785e-09,2.330785e-11
1.165839e+01,7.340443e-11,2.352478e-09,2.352478e-11
1.166128e+01,7.484553e-11,2.379152e-09,2.379152e-11
1.166417e+01,7.656185e-11,2.409866e-09,2.409866e-11
1.166706e+01,7.851256e-11,2.444040e-09,2.444040e-11
1.166994e+01,8.065516e-11,2.481446e-09,2.481446e-11
1.167283e+01,8.294630e-11,2.522136e-09,2.522136e-11
1.167572e+01,8.534479e-11,2.566384e-09,2.566384e-11
1.167861e+01,8.781092e-11,2.614589e-09,2.614589e-11
1.168150e+01,9.030997e-11,2.667176e-09,2.667176e-11
1.168438e+01,9.281261e-11,2.724480e-09,2.724480e-11
1.168727e+01,9.529218e-11,2.786605e-09,2.786605e-11
1.169016e+01,9.772558e-11,2.853340e-09,2.853340e-11
1.169305e+01,1.000899e-10,2.924116e-09,2.924116e-11
1.169594e+01,1.023594e-10,2.997981e-09,2.997981e-11
1.169882e+01,1.045072e-10,3.073629e-09,3.073629e-11
1.170171e+01,1.065061e-10,3.149454e-09,3.149454e-11
1.170460e+01,1.083269e-10,3.223608e-09,3.223608e-11
1.170749e+01,1.099418e-10,3.294086e-09,3.294086e-11
1.171037e+01,1.113249e-10,3.358810e-09,3.358810e-11
1.171326e+01,1.124514e-10,3.415704e-09,3.415704e-11
1.171615e+01,1.132976e-10,3.462796e-09,3.462796e-11
1.171904e+01,1.138433e-10,3.498320e-09,3.498320e-11
1.172193e+01,1.140726e-10,3.520794e-09,3.520794e-11
1.172481e+01,1.139751e-10,3.529066e-09,3.529066e-11
1.172770e+01,1.135477e-10,3.522384e-09,3.522384e-11
1.173059e+01,1.127952e-10,3.500443e-09,3.500443e-11
1.173348e+01,1.117340e-10,3.463410e-09,3.463410e-11
1.173637e+01,1.103886e-10,3.411919e-09,3.411919e-11
1.173925e+01,1.087892e-10,3.347023e-09,3.347023e-11
1.174214e+01,1.069717e-10,3.270196e-09,3.270196e-11
1.174503e+01,1.049781e-10,3.183338e-09,3.183338e-11
1.174792e+01,1.028540e-10,3.088740e-09,3.088740e-11
1.175081e+01,1.006478e-10,2.989067e-09,2.989067e-11
1.175369e+01,9.841280e-11,2.887389e-09,2.887389e-11
1.175658e+01,9.620233e-11,2.787133e-09,2.787133e-11
1.175947e+01,9.406892e-11,2.692014e-09,2.692014e-11
1.176236e+01,9.206444e-11,2.605951e-09,2.605951e-11
1.176524e+01,9.023802e-11,2.532873e-09,2.532873e-11
1.176813e+01,8.863754e-11,2.476442e-09,2.476442e-11
1.177102e+01,8.730786e-11,2.439699e-09,2.439699e-11
1.177391e+01,8.629306e-11,2.424757e-09,2.424757e-11
1.177680e+01,8.563602e-11,2.432571e-09,2.432571e-11
1.177968e+01,8.537317e-11,2.462851e-09,2.462851e-11
1.178257e+01,8.553530e-11,2.514186e-09,2.514186e-11
1.178546e+01,8.614391e-11,2.584353e-09,2.584353e-11
1.178835e+01,8.720921e-11,2.670657e-09,2.670657e-11
1.179124e+01,8.872947e-11,2.770203e-09,2.770203e-11
1.179412e+01,9.068855e-11,2.880078e-09,2.880078e-11
1.179701e+01,9.305832e-11,2.997511e-09,2.997511e-11
1.179990e+01,9.580130e-11,3.119947e-09,3.119947e-11
1.180279e+01,9.886993e-11,3.244993e-09,3.244993e-11
1.180567e+01,1.022061e-10,3.370384e-09,3.370384e-11
1.180856e+01,1.057428e-10,3.494033e-09,3.494033e-11
1.181145e+01,1.094069e-10,3.614076e-09,3.614076e-11
1.181434e+01,1.131228e-10,3.728951e-09,3.728951e-11
1.181723e+01,1.168154e-10,3.837553e-09,3.837553e-11
1.182011e+01,1.204181e-10,3.939376e-09,3.939376e-11
1.182300e+01,1.238752e-10,4.034588e-09,4.034588e-11
1.182589e+01,1.271427e-10,4.124085e-09,4.124085e-11
1.182878e+01,1.301904e-10,4.209446e-09,4.209446e-11
1.183167e+01,1.330003e-10,4.292776e-09,4.292776e-11
1.183455e+01,1.355644e-10,4.376407e-09,4.376407e-11
1.183744e+01,1.378815e-10,4.462532e-09,4.462532e-11
1.184033e+01,1.399532e-10,4.552844e-09,4.552844e-11
1.184322e+01,1.417853e-10,4.648188e-09,4.648188e-11
1.184611e+01,1.433856e-10,4.748344e-09,4.748344e-11
1.184899e+01,1.447624e-10,4.851973e-09,4.851973e-11
1.185188e+01,1.459219e-10,4.956671e-09,4.956671e-11
1.185477e+01,1.468643e-10,5.059145e-09,5.059145e-11
1.185766e+01,1.475851e-10,5.155528e-09,5.155528e-11
1.186054e+01,1.480768e-10,5.241722e-09,5.241722e-11
1.186343e+01,1.483293e-10,5.313715e-09,5.313715e-11
1.186632e+01,1.483330e-10,5.367882e-09,5.367882e-11
1.186921e+01,1.480851e-10,5.401268e-09,5.401268e-11
1.187210e+01,1.475912e-10,5.411773e-09,5.411773e-11
1.187498e+01,1.468653e-10,5.398297e-09,5.398297e-11
1.187787e+01,1.459302e-10,5.360846e-09,5.360846e-11
1.188076e+01,1.448184e-10,5.300585e-09,5.300585e-11
1.188365e+01,1.435693e-10,5.219799e-09,5.219799e-11
1.188654e+01,1.422255e-10,5.121815e-09,5.121815e-11
1.188942e+01,1.408345e-10,5.010877e-09,5.010877e-11
1.189231e+01,1.394462e-10,4.891935e-09,4.891935e-11
1.189520e+01,1.381069e-10,4.770316e-09,4.770316e-11
1.189809e+01,1.368590e-10,4.651366e-09,4.651366e-11
1.190098e+01,1.357366e-10,4.540063e-09,4.540063e-11
1.190386e+01,1.347616e-10,4.440574e-09,4.440574e-11
1.190675e+01,1.339426e-10,4.355852e-09,4.355852e-11
1.190964e+01,1.332754e-10,4.287375e-09,4.287375e-11
1.191253e+01,1.327455e-10,4.235085e-09,4.235085e-11
1.191541e+01,1.323308e-10,4.197527e-09,4.197527e-11
1.191830e+01,1.320032e-10,4.172137e-09,4.172137e-11
1.192119e+01,1.317307e-10,4.155671e-09,4.155671e-11
1.192408e+01,1.314814e-10,4.144684e-09,4.144684e-11
1.192697e+01,1.312226e-10,4.135912e-09,4.135912e-11
1.192985e+01,1.309203e-10,4.126523e-09,4.126523e-11
1.193274e+01,1.305425e-10,4.114241e-09,4.114241e-11
1.193563e+01,1.300595e-10,4.097414e-09,4.097414e-11
1.193852e+01,1.294461e-10,4.074993e-09,4.074993e-11
1.194141e+01,1.286825e-10,4.046424e-09,4.046424e-11
1.194429e+01,1.277518e-10,4.011523e-09,4.011523e-11
1.194718e+01,1.266399e-10,3.970390e-09,3.970390e-11
1.195007e+01,1.253355e-10,3.923316e-09,3.923316e-11
1.195296e+01,1.238285e-10,3.870716e-09,3.870716e-11
1.195585e+01,1.221103e-10,3.813099e-09,3.813099e-11
1.195873e+01,1.201777e-10,3.751076e-09,3.751076e-11
1.196162e+01,1.180332e-10,3.685344e-09,3.685344e-11
1.196451e+01,1.156859e-10,3.616706e-09,3.616706e-11
1.196740e+01,1.131541e-10,3.546127e-09,3.546127e-11
1.197028e+01,1.104631e-10,3.474762e-09,3.474762e-11
1.197317e+01,1.076430e-10,3.403982e-09,3.403982e-11
1.197606e+01,1.047297e-10,3.335395e-09,3.335395e-11
1.197895e+01,1.017642e-10,3.270816e-09,3.270816e-11
1.198184e+01,9.879031e-11,3.212209e-09,3.212209e-11
1.198472e+01,9.585482e-11,3.161638e-09,3.161638e-11
1.198761e+01,9.300842e-11,3.121189e-09,3.121189e-11
1.199050e+01,9.030054e-11,3.092828e-09,3.092828e-11
1.199339e+01,8.777639e-11,3.078272e-09,3.078272e-11
1.199628e+01,8.547451e-11,3.078861e-09,3.078861e-11
1.199916e+01,8.342425e-11,3.095364e-09,3.095364e-11
1.200205e+01,8.164379e-11,3.127792e-09,3.127792e-11
1.200494e+01,8.014163e-11,3.175291e-09,3.175291e-11
1.200783e+01,7.891910e-11,3.236113e-09,3.236113e-11
1.201071e+01,7.797068e-11,3.307622e-09,3.307622e-11
1.201360e+01,7.728629e-11,3.386374e-09,3.386374e-11
1.201649e+01,7.685026e-11,3.468288e-09,3.468288e-11
1.201938e+01,7.663914e-11,3.548860e-09,3.548860e-11
1.202227e+01,7.662286e-11,3.623393e-09,3.623393e-11
1.202515e+01,7.676529e-11,3.687251e-09,3.687251e-11
1.202804e+01,7.702420e-11,3.736089e-09,3.736089e-11
1.203093e+01,7.735563e-11,3.766081e-09,3.766081e-11
1.203382e+01,7.771862e-11,3.774133e-09,3.774133e-11
1.203671e+01,7.807559e-11,3.758065e-09,3.758065e-11
1.203959e+01,7.839343e-11,3.716733e-09,3.716733e-11
1.204248e+01,7.864348e-11,3.650152e-09,3.650152e-11
1.204537e+01,7.880251e-11,3.559581e-09,3.559581e-11
1.204826e+01,7.885387e-11,3.447552e-09,3.447552e-11
1.205115e+01,7.878619e-11,3.317850e-09,3.317850e-11
1.205403e+01,7.859659e-11,3.175486e-09,3.175486e-11
1.205692e+01,7.829318e-11,3.026617e-09,3.026617e-11
1.205981e+01,7.789476e-11,2.878348e-09,2.878348e-11
1.206270e+01,7.743015e-11,2.738437e-09,2.738437e-11
1.206558e+01,7.693468e-11,2.614780e-09,2.614780e-11
1.206847e+01,7.644891e-11,2.514698e-09,2.514698e-11
1.207136e+01,7.601484e-11,2.444025e-09,2.444025e-11
1.207425e+01,7.567185e-11,2.406152e-09,2.406152e-11
1.207714e+01,7.545738e-11,2.401455e-09,2.401455e-11
1.208002e+01,7.540438e-11,2.427322e-09,2.427322e-11
1.208291e+01,7.554031e-11,2.478843e-09,2.478843e-11
1.208580e+01,7.588741e-11,2.549913e-09,2.549913e-11
1.208869e+01,7.645976e-11,2.634256e-09,2.634256e-11
1.209158e+01,7.726147e-11,2.726145e-09,2.726145e-11
1.209446e+01,7.828739e-11,2.820811e-09,2.820811e-11
1.209735e+01,7.952428e-11,2.914562e-09,2.914562e-11
1.210024e+01,8.095133e-11,3.004742e-09,3.004742e-11
1.210313e+01,8.254385e-11,3.089602e-09,3.089602e-11
1.210602e+01,8.427388e-11,3.168116e-09,3.168116e-11
1.210890e+01,8.611065e-11,3.239806e-09,3.239806e-11
1.211179e+01,8.802134e-11,3.304554e-09,3.304554e-11
1.211468e+01,8.996828e-11,3.362455e-09,3.362455e-11
1.211757e+01,9.191139e-11,3.413707e-09,3.413707e-11
1.212045e+01,9.380802e-11,3.458480e-09,3.458480e-11
1.212334e+01,9.561366e-11,3.496791e-09,3.496791e-11
1.212623e+01,9.728518e-11,3.528435e-09,3.528435e-11
1.212912e+01,9.878073e-11,3.552955e-09,3.552955e-11
1.213201e+01,1.000625e-10,3.569649e-09,3.569649e-11
1.213489e+01,1.010978e-10,3.577612e-09,3.577612e-11
1.213778e+01,1.018581e-10,3.575796e-09,3.575796e-11
1.214067e+01,1.023186e-10,3.563154e-09,3.563154e-11
1.214356e+01,1.024625e-10,3.538813e-09,3.538813e-11
1.214645e+01,1.022838e-10,3.502196e-09,3.502196e-11
1.214933e+01,1.017862e-10,3.453113e-09,3.453113e-11
1.215222e+01,1.009865e-10,3.391920e-09,3.391920e-11
1.215511e+01,9.991490e-11,3.319610e-09,3.319610e-11
1.215800e+01,9.861265e-11,3.237829e-09,3.237829e-11
1.216088e+01,9.712938e-11,3.148837e-09,3.148837e-11
1.216377e+01,9.551893e-11,3.055434e-09,3.055434e-11
1.216666e+01,9.383847e-11,2.960806e-09,2.960806e-11
1.216955e+01,9.214725e-11,2.868328e-09,2.868328e-11
1.217244e+01,9.050302e-11,2.781315e-09,2.781315e-11
1.217532e+01,8.896182e-11,2.702767e-09,2.702767e-11
1.217821e+01,8.757802e-11,2.635149e-09,2.635149e-11
1.218110e+01,8.639964e-11,2.580223e-09,2.580223e-11
1.218399e+01,8.546507e-11,2.538987e-09,2.538987e-11
1.218688e+01,8.480335e-11,2.511793e-09,2.511793e-11
1.218976e+01,8.443360e-11,2.498549e-09,2.498549e-11
1.219265e+01,8.436436e-11,2.498952e-09,2.498952e-11
1.219554e+01,8.459440e-11,2.512713e-09,2.512713e-11
1.219843e+01,8.511479e-11,2.539750e-09,2.539750e-11
1.220132e+01,8.591204e-11,2.580257e-09,2.580257e-11
1.220420e+01,8.696669e-11,2.634648e-09,2.634648e-11
1.220709e+01,8.825193e-11,2.703414e-09,2.703414e-11
1.220998e+01,8.973513e-11,2.786917e-09,2.786917e-11
1.221287e+01,9.137803e-11,2.885189e-09,2.885189e-11
1.221575e+01,9.313813e-11,2.997762e-09,2.997762e-11
1.221864e+01,9.497208e-11,3.123602e-09,3.123602e-11
1.222153e+01,9.683956e-11,3.261119e-09,3.261119e-11
1.222442e+01,9.870557e-11,3.408235e-09,3.408235e-11
1.222731e+01,1.005406e-10,3.562487e-09,3.562487e-11
1.223019e+01,1.023212e-10,3.721192e-09,3.721192e-11
1.223308e+01,1.040329e-10,3.881611e-09,3.881611e-11
1.223597e+01,1.056658e-10,4.041015e-09,4.041015e-11
1.223886e+01,1.072124e-10,4.196775e-09,4.196775e-11
1.224175e+01,1.086741e-10,4.346449e-09,4.346449e-11
1.224463e+01,1.100581e-10,4.487813e-09,4.487813e-11
1.224752e+01,1.113721e-10,4.618868e-09,4.618868e-11
1.225041e+01,1.126278e-10,4.737881e-09,4.737881e-11
1.225330e+01,1.138366e-10,4.843401e-09,4.843401e-11
1.225619e+01,1.150042e-10,4.934255e-09,4.934255e-11
1.225907e+01,1.161300e-10,5.009554e-09,5.009554e-11
1.226196e+01,1.172047e-10,5.068717e-09,5.068717e-11
1.226485e+01,1.182133e-10,5.111464e-09,5.111464e-11
1.226774e+01,1.191348e-10,5.137781e-09,5.137781e-11
1.227062e+01,1.199441e-10,5.147906e-09,5.147906e-11
1.227351e+01,1.206153e-10,5.142333e-09,5.142333e-11
1.227640e+01,1.211229e-10,5.121790e-09,5.121790e-11
1.227929e+01,1.214442e-10,5.087233e-09,5.087233e-11
1.228218e+01,1.215599e-10,5.039884e-09,5.039884e-11
1.228506e+01,1.214572e-10,4.981246e-09,4.981246e-11
1.228795e+01,1.211317e-10,4.913101e-09,4.913101e-11
1.229084e+01,1.205873e-10,4.837521e-09,4.837521e-11
1.229373e+01,1.198368e-10,4.756818e-09,4.756818e-11
1.229662e+01,1.189002e-10,4.673455e-09,4.673455e-11
1.229950e+01,1.178038e-10,4.589978e-09,4.589978e-11
1.230239e+01,1.165761e-10,4.508876e-09,4.508876e-11
1.230528e+01,1.152445e-10,4.432374e-09,4.432374e-11
1.230817e+01,1.138354e-10,4.362269e-09,4.362269e-11
1.231105e+01,1.123733e-10,4.299805e-09,4.299805e-11
1.231394e+01,1.108813e-10,4.245547e-09,4.245547e-11
1.231683e+01,1.093806e-10,4.199256e-09,4.199256e-11
1.231972e+01,1.078908e-10,4.159881e-09,4.159881e-11
1.232261e+01,1.064303e-10,4.125692e-09,4.125692e-11
1.232549e+01,1.050155e-10,4.094498e-09,4.094498e-11
1.232838e+01,1.036620e-10,4.063898e-09,4.063898e-11
1.233127e+01,1.023862e-10,4.031550e-09,4.031550e-11
1.233416e+01,1.012043e-10,3.995484e-09,3.995484e-11
1.233705e+01,1.001363e-10,3.954345e-09,3.954345e-11
1.233993e+01,9.920292e-11,3.907531e-09,3.907531e-11
1.234282e+01,9.842408e-11,3.855246e-09,3.855246e-11
1.234571e+01,9.781854e-11,3.798438e-09,3.798438e-11
1.234860e+01,9.739728e-11,3.738606e-09,3.738606e-11
1.235149e+01,9.716245e-11,3.677556e-09,3.677556e-11
1.235437e+01,9.710671e-11,3.617109e-09,3.617109e-11
1.235726e+01,9.721143e-11,3.558775e-09,3.558775e-11
1.236015e+01,9.744992e-11,3.503475e-09,3.503475e-11
1.236304e+01,9.778824e-11,3.451414e-09,3.451414e-11
1.236592e+01,9.818881e-11,3.402128e-09,3.402128e-11
1.236881e+01,9.861352e-11,3.354642e-09,3.354642e-11
1.237170e+01,9.902227e-11,3.307747e-09,3.307747e-11
1.237459e+01,9.937904e-11,3.260378e-09,3.260378e-11
1.237748e+01,9.965589e-11,3.211982e-09,3.211982e-11
1.238036e+01,9.983251e-11,3.162760e-09,3.162760e-11
1.238325e+01,9.990270e-11,3.113788e-09,3.113788e-11
1.238614e+01,9.987634e-11,3.066964e-09,3.066964e-11
1.238903e+01,9.977732e-11,3.024769e-09,3.024769e-11
1.239192e+01,9.964282e-11,2.989900e-09,2.989900e-11
1.239480e+01,9.951827e-11,2.964805e-09,2.964805e-11
1.239769e+01,9.945346e-11,2.951299e-09,2.951299e-11
1.240058e+01,9.949873e-11,2.950313e-09,2.950313e-11
1.240347e+01,9.970080e-11,2.961813e-09,2.961813e-11
1.240636e+01,1.001021e-10,2.984934e-09,2.984934e-11
1.240924e+01,1.007381e-10,3.018267e-09,3.018267e-11
1.241213e+01,1.016366e-10,3.060197e-09,3.060197e-11
1.241502e+01,1.028161e-10,3.109194e-09,3.109194e-11
1.241791e+01,1.042837e-10,3.163966e-09,3.163966e-11
1.242079e+01,1.060322e-10,3.223528e-09,3.223528e-11
1.242368e+01,1.080437e-10,3.287268e-09,3.287268e-11
1.242657e+01,1.102921e-10,3.354886e-09,3.354886e-11
1.242946e+01,1.127415e-10,3.426276e-09,3.426276e-11
1.243235e+01,1.153526e-10,3.501451e-09,3.501451e-11
1.243523e+01,1.180844e-10,3.580481e-09,3.580481e-11
1.243812e+01,1.208935e-10,3.663433e-09,3.663433e-11
1.244101e+01,1.237366e-10,3.750299e-09,3.750299e-11
1.244390e+01,1.265646e-10,3.840903e-09,3.840903e-11
1.244679e+01,1.293239e-10,3.934827e-09,3.934827e-11
1.244967e+01,1.319595e-10,4.031365e-09,4.031365e-11
1.245256e+01,1.344132e-10,4.129440e-09,4.129440e-11
1.245545e+01,1.366259e-10,4.227536e-09,4.227536e-11
1.245834e+01,1.385412e-10,4.323739e-09,4.323739e-11
1.246122e+01,1.401073e-10,4.415806e-09,4.415806e-11
1.246411e+01,1.412779e-10,4.501228e-09,4.501228e-11
1.246700e+01,1.420123e-10,4.577385e-09,4.577385e-11
1.246989e+01,1.422781e-10,4.641754e-09,4.641754e-11
1.247278e+01,1.420538e-10,4.692098e-09,4.692098e-11
1.247566e+01,1.413307e-10,4.726621e-09,4.726621e-11
1.247855e+01,1.401153e-10,4.744097e-09,4.744097e-11
1.248144e+01,1.384321e-10,4.744007e-09,4.744007e-11
1.248433e+01,1.363228e-10,4.726555e-09,4.726555e-11
1.248722e+01,1.338413e-10,4.692608e-09,4.692608e-11
1.249010e+01,1.310541e-10,4.643628e-09,4.643628e-11
1.249299e+01,1.280357e-10,4.581545e-09,4.581545e-11
1.249588e+01,1.248634e-10,4.508585e-09,4.508585e-11
1.249877e+01,1.216149e-10,4.427118e-09,4.427118e-11
1.250166e+01,1.183671e-10,4.339511e-09,4.339511e-11
1.250454e+01,1.151903e-10,4.247997e-09,4.247997e-11
1.250743e+01,1.121465e-10,4.154610e-09,4.154610e-11
1.251032e+01,1.092874e-10,4.061168e-09,4.061168e-11
1.251321e+01,1.066511e-10,3.969269e-09,3.969269e-11
1.251609e+01,1.042613e-10,3.880288e-09,3.880288e-11
1.251898e+01,1.021269e-10,3.795405e-09,3.795405e-11
1.252187e+01,1.002452e-10,3.715637e-09,3.715637e-11
1.252476e+01,9.860513e-11,3.641855e-09,3.641855e-11
1.252765e+01,9.719035e-11,3.574768e-09,3.574768e-11
1.253053e+01,9.598102e-11,3.514878e-09,3.514878e-11
1.253342e+01,9.495281e-11,3.462433e-09,3.462433e-11
1.253631e+01,9.407989e-11,3.417420e-09,3.417420e-11
1.253920e+01,9.333591e-11,3.379563e-09,3.379563e-11
1.254209e+01,9.269208e-11,3.348311e-09,3.348311e-11
1.254497e+01,9.212104e-11,3.322880e-09,3.322880e-11
1.254786e+01,9.159970e-11,3.302328e-09,3.302328e-11
1.255075e+01,9.110976e-11,3.285631e-09,3.285631e-11
1.255364e+01,9.063690e-11,3.271737e-09,3.271737e-11
1.255653e+01,9.017088e-11,3.259645e-09,3.259645e-11
1.255941e+01,8.970608e-11,3.248442e-09,3.248442e-11
1.256230e+01,8.923650e-11,3.237320e-09,3.237320e-11
1.256519e+01,8.875816e-11,3.225589e-09,3.225589e-11
1.256808e+01,8.827125e-11,3.212691e-09,3.212691e-11
1.257096e+01,8.777845e-11,3.198151e-09,3.198151e-11
1.257385e+01,8.729006e-11,3.181613e-09,3.181613e-11
1.257674e+01,8.682535e-11,3.162921e-09,3.162921e-11
1.257963e+01,8.641085e-11,3.142164e-09,3.142164e-11
1.258252e+01,8.607911e-11,3.119731e-09,3.119731e-11
1.258540e+01,8.586580e-11,3.096409e-09,3.096409e-11
1.258829e+01,8.580827e-11,3.073479e-09,3.073479e-11
1.259118e+01,8.594409e-11,3.052819e-09,3.052819e-11
1.259407e+01,8.631016e-11,3.036935e-09,3.036935e-11
1.259696e+01,8.694058e-11,3.028875e-09,3.028875e-11
1.259984e+01,8.786333e-11,3.032085e-09,3.032085e-11
1.260273e+01,8.909924e-11,3.050160e-09,3.050160e-11
1.260562e+01,9.065760e-11,3.086435e-09,3.086435e-11
1.260851e+01,9.253238e-11,3.143498e-09,3.143498e-11
1.261139e+01,9.470070e-11,3.222729e-09,3.222729e-11
1.261428e+01,9.712305e-11,3.323963e-09,3.323963e-11
1.261717e+01,9.974584e-11,3.445323e-09,3.445323e-11
1.262006e+01,1.025040e-10,3.583282e-09,3.583282e-11
1.262295e+01,1.053239e-10,3.732941e-09,3.732941e-11
1.262583e+01,1.081279e-10,3.888440e-09,3.888440e-11
1.262872e+01,1.108369e-10,4.043384e-09,4.043384e-11
1.263161e+01,1.133700e-10,4.191237e-09,4.191237e-11
1.263450e+01,1.156499e-10,4.325708e-09,4.325708e-11
1.263739e+01,1.176078e-10,4.441078e-09,4.441078e-11
1.264027e+01,1.191860e-10,4.532443e-09,4.532443e-11
1.264316e+01,1.203404e-10,4.595900e-09,4.595900e-11
1.264605e+01,1.210452e-10,4.628680e-09,4.628680e-11
1.264894e+01,1.212910e-10,4.629247e-09,4.629247e-11
1.265183e+01,1.210850e-10,4.597348e-09,4.597348e-11
1.265471e+01,1.204483e-10,4.534011e-09,4.534011e-11
1.265760e+01,1.194105e-10,4.441475e-09,4.441475e-11
1.266049e+01,1.180093e-10,4.323077e-09,4.323077e-11
1.266338e+01,1.162895e-10,4.183117e-09,4.183117e-11
1.266626e+01,1.143027e-10,4.026688e-09,4.026688e-11
1.266915e+01,1.121075e-10,3.859407e-09,3.859407e-11
1.267204e+01,1.097673e-10,3.687113e-09,3.687113e-11
1.267493e+01,1.073483e-10,3.515587e-09,3.515587e-11
1.267782e+01,1.049176e-10,3.350260e-09,3.350260e-11
1.268070e+01,1.025408e-10,3.195916e-09,3.195916e-11
1.268359e+01,1.002795e-10,3.056455e-09,3.056455e-11
1.268648e+01,9.818861e-11,2.934772e-09,2.934772e-11
1.268937e+01,9.632035e-11,2.832758e-09,2.832758e-11
1.269226e+01,9.472151e-11,2.751381e-09,2.751381e-11
1.269514e+01,9.343186e-11,2.690887e-09,2.690887e-11
1.269803e+01,9.248500e-11,2.651052e-09,2.651052e-11
1.270092e+01,9.190420e-11,2.631391e-09,2.631391e-11
1.270381e+01,9.169986e-11,2.631263e-09,2.631263e-11
1.270670e+01,9.186862e-11,2.649847e-09,2.649847e-11
1.270958e+01,9.239408e-11,2.686034e-09,2.686034e-11
1.271247e+01,9.324764e-11,2.738288e-09,2.738288e-11
1.271536e+01,9.439003e-11,2.804505e-09,2.804505e-11
1.271825e+01,9.577491e-11,2.881970e-09,2.881970e-11
1.272113e+01,9.735096e-11,2.967486e-09,2.967486e-11
1.272402e+01,9.906587e-11,3.057578e-09,3.057578e-11
1.272691e+01,1.008668e-10,3.148717e-09,3.148717e-11
1.272980e+01,1.027016e-10,3.237576e-09,3.237576e-11
1.273269e+01,1.045249e-10,3.321314e-09,3.321314e-11
1.273557e+01,1.062995e-10,3.397745e-09,3.397745e-11
1.273846e+01,1.079978e-10,3.465362e-09,3.465362e-11
1.274135e+01,1.096034e-10,3.523339e-09,3.523339e-11
1.274424e+01,1.111097e-10,3.571456e-09,3.571456e-11
1.274713e+01,1.125174e-10,3.609971e-09,3.609971e-11
1.275001e+01,1.138320e-10,3.639492e-09,3.639492e-11
1.275290e+01,1.150634e-10,3.660880e-09,3.660880e-11
1.275579e+01,1.162244e-10,3.675135e-09,3.675135e-11
1.275868e+01,1.173257e-10,3.683334e-09,3.683334e-11
1.276157e+01,1.183778e-10,3.686621e-09,3.686621e-11
1.276445e+01,1.193922e-10,3.686222e-09,3.686222e-11
1.276734e+01,1.203788e-10,3.683468e-09,3.683468e-11
1.277023e+01,1.213443e-10,3.679783e-09,3.679783e-11
1.277312e+01,1.222922e-10,3.676657e-09,3.676657e-11
1.277600e+01,1.232231e-10,3.675611e-09,3.675611e-11
1.277889e+01,1.241347e-10,3.678132e-09,3.678132e-11
1.278178e+01,1.250239e-10,3.685588e-09,3.685588e-11
1.278467e+01,1.258885e-10,3.699140e-09,3.699140e-11
1.278756e+01,1.267271e-10,3.719667e-09,3.719667e-11
1.279044e+01,1.275384e-10,3.747688e-09,3.747688e-11
1.279333e+01,1.283187e-10,3.783315e-09,3.783315e-11
1.279622e+01,1.290617e-10,3.826270e-09,3.826270e-11
1.279911e+01,1.297577e-10,3.875906e-09,3.875906e-11
1.280200e+01,1.303918e-10,3.931184e-09,3.931184e-11
1.280488e+01,1.309434e-10,3.990668e-09,3.990668e-11
1.280777e+01,1.313889e-10,4.052548e-09,4.052548e-11
1.281066e+01,1.317041e-10,4.114693e-09,4.114693e-11
1.281355e+01,1.318641e-10,4.174666e-09,4.174666e-11
1.281643e+01,1.318427e-10,4.229742e-09,4.229742e-11
1.281932e+01,1.316127e-10,4.277006e-09,4.277006e-11
1.282221e+01,1.311513e-10,4.313523e-09,4.313523e-11
1.282510e+01,1.304395e-10,4.336493e-09,4.336493e-11
1.282799e+01,1.294625e-10,4.343429e-09,4.343429e-11
1.283087e+01,1.282176e-10,4.332351e-09,4.332351e-11
1.283376e+01,1.267116e-10,4.301935e-09,4.301935e-11
1.283665e+01,1.249593e-10,4.251617e-09,4.251617e-11
1.283954e+01,1.229842e-10,4.181676e-09,4.181676e-11
1.284243e+01,1.208145e-10,4.093219e-09,4.093219e-11
1.284531e+01,1.184790e-10,3.988093e-09,3.988093e-11
1.284820e+01,1.160058e-10,3.868773e-09,3.868773e-11
1.285109e+01,1.134232e-10,3.738243e-09,3.738243e-11
1.285398e+01,1.107579e-10,3.599801e-09,3.599801e-11
1.285687e+01,1.080342e-10,3.456861e-09,3.456861e-11
1.285975e+01,1.052749e-10,3.312820e-09,3.312820e-11
1.286264e+01,1.025020e-10,3.170904e-09,3.170904e-11
1.286553e+01,9.973318e-11,3.033995e-09,3.033995e-11
1.286842e+01,9.697980e-11,2.904529e-09,2.904529e-11
1.287130e+01,9.425115e-11,2.784442e-09,2.784442e-11
1.287419e+01,9.155598e-11,2.675130e-09,2.675130e-11
1.287708e+01,8.890467e-11,2.577431e-09,2.577431e-11
1.287997e+01,8.631209e-11,2.491658e-09,2.491658e-11
1.288286e+01,8.379846e-11,2.417647e-09,2.417647e-11
1.288574e+01,8.138839e-11,2.354785e-09,2.354785e-11
1.288863e+01,7.910982e-11,2.302124e-09,2.302124e-11
1.289152e+01,7.699140e-11,2.258459e-09,2.258459e-11
1.289441e+01,7.505962e-11,2.222382e-09,2.222382e-11
1.289730e+01,7.333786e-11,2.192362e-09,2.192362e-11
1.290018e+01,7.184421e-11,2.166833e-09,2.166833e-11
1.290307e+01,7.059301e-11,2.144321e-09,2.144321e-11
1.290596e+01,6.959543e-11,2.123548e-09,2.123548e-11
1.290885e+01,6.885669e-11,2.103472e-09,2.103472e-11
1.291174e+01,6.837680e-11,2.083377e-09,2.083377e-11
1.291462e+01,6.815012e-11,2.062982e-09,2.062982e-11
1.291751e+01,6.816628e-11,2.042468e-09,2.042468e-11
1.292040e+01,6.841261e-11,2.022463e-09,2.022463e-11
1.292329e+01,6.887442e-11,2.004022e-09,2.004022e-11
1.292617e+01,6.953848e-11,1.988577e-09,1.988577e-11
1.292906e+01,7.039670e-11,1.977851e-09,1.977851e-11
1.293195e+01,7.144607e-11,1.973727e-09,1.973727e-11
1.293484e+01,7.268857e-11,1.978089e-09,1.978089e-11
1.293773e+01,7.413052e-11,1.992639e-09,1.992639e-11
1.294061e+01,7.578190e-11,2.018741e-09,2.018741e-11
1.294350e+01,7.765611e-11,2.057321e-09,2.057321e-11
1.294639e+01,7.976644e-11,2.108822e-09,2.108822e-11
1.294928e+01,8.212539e-11,2.173206e-09,2.173206e-11
1.295217e+01,8.474407e-11,2.250063e-09,2.250063e-11
1.295505e+01,8.762735e-11,2.338720e-09,2.338720e-11
1.295794e+01,9.077153e-11,2.438314e-09,2.438314e-11
1.296083e+01,9.416135e-11,2.547837e-09,2.547837e-11
1.296372e+01,9.776824e-11,2.666146e-09,2.666146e-11
1.296660e+01,1.015519e-10,2.791952e-09,2.791952e-11
1.296949e+01,1.054612e-10,2.923724e-09,2.923724e-11
1.297238e+01,1.094340e-10,3.059621e-09,3.059621e-11
1.297527e+01,1.134017e-10,3.197491e-09,3.197491e-11
1.297816e+01,1.172918e-10,3.334872e-09,3.334872e-11
1.298104e+01,1.210273e-10,3.469035e-09,3.469035e-11
1.298393e+01,1.245307e-10,3.597100e-09,3.597100e-11
1.298682e+01,1.277266e-10,3.716183e-09,3.716183e-11
1.298971e+01,1.305461e-10,3.823543e-09,3.823543e-11
1.299260e+01,1.329296e-10,3.916732e-09,3.916732e-11
1.299548e+01,1.348292e-10,3.993706e-09,3.993706e-11
1.299837e+01,1.362112e-10,4.052908e-09,4.052908e-11
1.300126e+01,1.370563e-10,4.093328e-09,4.093328e-11
1.300415e+01,1.373564e-10,4.114525e-09,4.114525e-11
1.300704e+01,1.371134e-10,4.116588e-09,4.116588e-11
1.300992e+01,1.363392e-10,4.100084e-09,4.100084e-11
1.301281e+01,1.350523e-10,4.065978e-09,4.065978e-11
1.301570e+01,1.332777e-10,4.015533e-09,4.015533e-11
1.301859e+01,1.310477e-10,3.950199e-09,3.950199e-11
1.302147e+01,1.284012e-10,3.871555e-09,3.871555e-11
1.302436e+01,1.253810e-10,3.781249e-09,3.781249e-11
1.302725e+01,1.220325e-10,3.680947e-09,3.680947e-11
1.303014e+01,1.184017e-10,3.572339e-09,3.572339e-11
1.303303e+01,1.145353e-10,3.457169e-09,3.457169e-11
1.303591e+01,1.104813e-10,3.337269e-09,3.337269e-11
1.303880e+01,1.062903e-10,3.214581e-09,3.214581e-11
1.304169e+01,1.020186e-10,3.091156e-09,3.091156e-11
1.304458e+01,9.772765e-11,2.969103e-09,2.969103e-11
1.304747e+01,9.348552e-11,2.850534e-09,2.850534e-11
1.305035e+01,8.936332e-11,2.737427e-09,2.737427e-11
1.305324e+01,8.543059e-11,2.631476e-09,2.631476e-11
1.305613e+01,8.175267e-11,2.533998e-09,2.533998e-11
1.305902e+01,7.838838e-11,2.445896e-09,2.445896e-11
1.306191e+01,7.538911e-11,2.367685e-09,2.367685e-11
1.306479e+01,7.279797e-11,2.299635e-09,2.299635e-11
1.306768e+01,7.065007e-11,2.241970e-09,2.241970e-11
1.307057e+01,6.897275e-11,2.195093e-09,2.195093e-11
1.307346e+01,6.778444e-11,2.159733e-09,2.159733e-11
1.307634e+01,6.709136e-11,2.136914e-09,2.136914e-11
1.307923e+01,6.688667e-11,2.127854e-09,2.127854e-11
1.308212e+01,6.715364e-11,2.133837e-09,2.133837e-11
1.308501e+01,6.786569e-11,2.155918e-09,2.155918e-11
1.308790e+01,6.898920e-11,2.194660e-09,2.194660e-11
1.309078e+01,7.048916e-11,2.250058e-09,2.250058e-11
1.309367e+01,7.233151e-11,2.321578e-09,2.321578e-11
1.309656e+01,7.448443e-11,2.408260e-09,2.408260e-11
1.309945e+01,7.691753e-11,2.508878e-09,2.508878e-11
1.310234e+01,7.960123e-11,2.622077e-09,2.622077e-11
1.310522e+01,8.250391e-11,2.746421e-09,2.746421e-11
1.310811e+01,8.559064e-11,2.880406e-09,2.880406e-11
1.311100e+01,8.882464e-11,3.022410e-09,3.022410e-11
1.311389e+01,9.216662e-11,3.170624e-09,3.170624e-11
1.311677e+01,9.557697e-11,3.322999e-09,3.322999e-11
1.311966e+01,9.901496e-11,3.477244e-09,3.477244e-11
1.312255e+01,1.024391e-10,3.630876e-09,3.630876e-11
1.312544e+01,1.058094e-10,3.781340e-09,3.781340e-11
1.312833e+01,1.090862e-10,3.926140e-09,3.926140e-11
1.313121e+01,1.122322e-10,4.063021e-09,4.063021e-11
1.313410e+01,1.152167e-10,4.190142e-09,4.190142e-11
1.313699e+01,1.180176e-10,4.306207e-09,4.306207e-11
1.313988e+01,1.206238e-10,4.410561e-09,4.410561e-11
1.314277e+01,1.230364e-10,4.503212e-09,4.503212e-11
1.314565e+01,1.252677e-10,4.584765e-09,4.584765e-11
1.314854e+01,1.273380e-10,4.656324e-09,4.656324e-11
1.315143e+01,1.292749e-10,4.719368e-09,4.719368e-11
1.315432e+01,1.311107e-10,4.775591e-09,4.775591e-11
1.315721e+01,1.328790e-10,4.826753e-09,4.826753e-11
1.316009e+01,1.346122e-10,4.874562e-09,4.874562e-11
1.316298e+01,1.363393e-10,4.920576e-09,4.920576e-11
1.316587e+01,1.380848e-10,4.966143e-09,4.966143e-11
1.316876e+01,1.398646e-10,5.012364e-09,5.012364e-11
1.317164e+01,1.416843e-10,5.060072e-09,5.060072e-11
1.317453e+01,1.435409e-10,5.109820e-09,5.109820e-11
1.317742e+01,1.454225e-10,5.161897e-09,5.161897e-11
1.318031e+01,1.473115e-10,5.216363e-09,5.216363e-11
1.318320e+01,1.491894e-10,5.273098e-09,5.273098e-11
1.318608e+01,1.510380e-10,5.331849e-09,5.331849e-11
1.318897e+01,1.528415e-10,5.392279e-09,5.392279e-11
1.319186e+01,1.545875e-10,5.454023e-09,5.454023e-11
1.319475e+01,1.562661e-10,5.516691e-09,5.516691e-11
1.319764e+01,1.578698e-10,5.579844e-09,5.579844e-11
1.320052e+01,1.593929e-10,5.642949e-09,5.642949e-11
1.320341e+01,1.608308e-10,5.705317e-09,5.705317e-11
1.320630e+01,1.621795e-10,5.766051e-09,5.766051e-11
1.320919e+01,1.634349e-10,5.824021e-09,5.824021e-11
1.321208e+01,1.645935e-10,5.877860e-09,5.877860e-11
1.321496e+01,1.656482e-10,5.925963e-09,5.925963e-11
1.321785e+01,1.665873e-10,5.966561e-09,5.966561e-11
1.322074e+01,1.673970e-10,5.997829e-09,5.997829e-11
1.322363e+01,1.680611e-10,6.017977e-09,6.017977e-11
1.322651e+01,1.685603e-10,6.025348e-09,6.025348e-11
1.322940e+01,1.688793e-10,6.018598e-09,6.018598e-11
1.323229e+01,1.690116e-10,5.996859e-09,5.996859e-11
1.323518e+01,1.689576e-10,5.959886e-09,5.959886e-11
1.323807e+01,1.687249e-10,5.908188e-09,5.908188e-11
1.324095e+01,1.683291e-10,5.843128e-09,5.843128e-11
1.324384e+01,1.677899e-10,5.766943e-09,5.766943e-11
1.324673e+01,1.671300e-10,5.682711e-09,5.682711e-11
1.324962e+01,1.663726e-10,5.594244e-09,5.594244e-11
1.325251e+01,1.655422e-10,5.505834e-09,5.505834e-11
1.325539e+01,1.646622e-10,5.421898e-09,5.421898e-11
1.325828e+01,1.637528e-10,5.346596e-09,5.346596e-11
1.326117e+01,1.628300e-10,5.283393e-09,5.283393e-11
1.326406e+01,1.619014e-10,5.234621e-09,5.234621e-11
1.326694e+01,1.609669e-10,5.201204e-09,5.201204e-11
1.326983e+01,1.600197e-10,5.182569e-09,5.182569e-11
1.327272e+01,1.590497e-10,5.176744e-09,5.176744e-11
1.327561e+01,1.580476e-10,5.180669e-09,5.180669e-11
1.327850e+01,1.570095e-10,5.190669e-09,5.190669e-11
1.328138e+01,1.559419e-10,5.202986e-09,5.202986e-11
1.328427e+01,1.548644e-10,5.214275e-09,5.214275e-11
1.328716e+01,1.538090e-10,5.222001e-09,5.222001e-11
1.329005e+01,1.528178e-10,5.224681e-09,5.224681e-11
1.329294e+01,1.519413e-10,5.221993e-09,5.221993e-11
1.329582e+01,1.512351e-10,5.214748e-09,5.214748e-11
1.329871e+01,1.507576e-10,5.204758e-09,5.204758e-11
1.330160e+01,1.505663e-10,5.194624e-09,5.194624e-11
1.330449e+01,1.507137e-10,5.187497e-09,5.187497e-11
1.330738e+01,1.512444e-10,5.186822e-09,5.186822e-11
1.331026e+01,1.521901e-10,5.196074e-09,5.196074e-11
1.331315e+01,1.535629e-10,5.218482e-09,5.218482e-11
1.331604e+01,1.553535e-10,5.256755e-09,5.256755e-11
1.331893e+01,1.575318e-10,5.312845e-09,5.312845e-11
1.332181e+01,1.600486e-10,5.387741e-09,5.387741e-11
1.332470e+01,1.628380e-10,5.481338e-09,5.481338e-11
1.332759e+01,1.658236e-10,5.592390e-09,5.592390e-11
1.333048e+01,1.689231e-10,5.718607e-09,5.718607e-11
1.333337e+01,1.720519e-10,5.856849e-09,5.856849e-11
1.333625e+01,1.751276e-10,6.003349e-09,6.003349e-11
1.333914e+01,1.780704e-10,6.153950e-09,6.153950e-11
1.334203e+01,1.808058e-10,6.304374e-09,6.304374e-11
1.334492e+01,1.832672e-10,6.450438e-09,6.450438e-11
1.334781e+01,1.853971e-10,6.588175e-09,6.588175e-11
1.335069e+01,1.871463e-10,6.713899e-09,6.713899e-11
1.335358e+01,1.884740e-10,6.824258e-09,6.824258e-11
1.335647e+01,1.893482e-10,6.916268e-09,6.916268e-11
1.335936e+01,1.897406e-10,6.987300e-09,6.987300e-11
1.336225e+01,1.896265e-10,7.035054e-09,7.035054e-11
1.336513e+01,1.889849e-10,7.057587e-09,7.057587e-11
1.336802e+01,1.877987e-10,7.053358e-09,7.053358e-11
1.337091e+01,1.860559e-10,7.021291e-09,7.021291e-11
1.337380e+01,1.837527e-10,6.960842e-09,6.960842e-11
1.337668e+01,1.808954e-10,6.872065e-09,6.872065e-11
1.337957e+01,1.775003e-10,6.755685e-09,6.755685e-11
1.338246e+01,1.735950e-10,6.613146e-09,6.613146e-11
1.338535e+01,1.692198e-10,6.446630e-09,6.446630e-11
1.338824e+01,1.644276e-10,6.259009e-09,6.259009e-11
1.339112e+01,1.592834e-10,6.053740e-09,6.053740e-11
1.339401e+01,1.538643e-10,5.834737e-09,5.834737e-11
1.339690e+01,1.482584e-10,5.606199e-09,5.606199e-11
1.339979e+01,1.425611e-10,5.372410e-09,5.372410e-11
1.340268e+01,1.368714e-10,5.137540e-09,5.137540e-11
1.340556e+01,1.312853e-10,4.905472e-09,4.905472e-11
1.340845e+01,1.258923e-10,4.679700e-09,4.679700e-11
1.341134e+01,1.207746e-10,4.463311e-09,4.463311e-11
1.341423e+01,1.160023e-10,4.258972e-09,4.258972e-11
1.341711e+01,1.116331e-10,4.068940e-09,4.068940e-11
1.342000e+01,1.077137e-10,3.895108e-09,3.895108e-11
1.342289e+01,1.042784e-10,3.739056e-09,3.739056e-11
1.342578e+01,1.013491e-10,3.602058e-09,3.602058e-11
1.342867e+01,9.893660e-11,3.485074e-09,3.485074e-11
1.343155e+01,9.704003e-11,3.388713e-09,3.388713e-11
1.343444e+01,9.564769e-11,3.313188e-09,3.313188e-11
1.343733e+01,9.474013e-11,3.258297e-09,3.258297e-11
1.344022e+01,9.429254e-11,3.223426e-09,3.223426e-11
1.344311e+01,9.427635e-11,3.207554e-09,3.207554e-11
1.344599e+01,9.466058e-11,3.209307e-09,3.209307e-11
1.344888e+01,9.541022e-11,3.227020e-09,3.227020e-11
1.345177e+01,9.648532e-11,3.258804e-09,3.258804e-11
1.345466e+01,9.784171e-11,3.302594e-09,3.302594e-11
1.345755e+01,9.942921e-11,3.356181e-09,3.356181e-11
1.346043e+01,1.011929e-10,3.417253e-09,3.417253e-11
1.346332e+01,1.030752e-10,3.483433e-09,3.483433e-11
1.346621e+01,1.050163e-10,3.552309e-09,3.552309e-11
1.346910e+01,1.069574e-10,3.621500e-09,3.621500e-11
1.347198e+01,1.088420e-10,3.688752e-09,3.688752e-11
1.347487e+01,1.106152e-10,3.752040e-09,3.752040e-11
1.347776e+01,1.122243e-10,3.809667e-09,3.809667e-11
1.348065e+01,1.136221e-10,3.860388e-09,3.860388e-11
1.348354e+01,1.147682e-10,3.903504e-09,3.903504e-11
1.348642e+01,1.156314e-10,3.938915e-09,3.938915e-11
1.348931e+01,1.161921e-10,3.967137e-09,3.967137e-11
1.349220e+01,1.164454e-10,3.989258e-09,3.989258e-11
1.349509e+01,1.163979e-10,4.006824e-09,4.006824e-11
1.349798e+01,1.160669e-10,4.021680e-09,4.021680e-11
1.350086e+01,1.154771e-10,4.035763e-09,4.035763e-11
1.350375e+01,1.146577e-10,4.050890e-09,4.050890e-11
1.350664e+01,1.136435e-10,4.068558e-09,4.068558e-11
1.350953e+01,1.124697e-10,4.089756e-09,4.089756e-11
1.351242e+01,1.111731e-10,4.114870e-09,4.114870e-11
1.351530e+01,1.097928e-10,4.143697e-09,4.143697e-11
1.351819e+01,1.083672e-10,4.175517e-09,4.175517e-11
1.352108e+01,1.069321e-10,4.209178e-09,4.209178e-11
1.352397e+01,1.055174e-10,4.243253e-09,4.243253e-11
1.352685e+01,1.041460e-10,4.276237e-09,4.276237e-11
1.352974e+01,1.028349e-10,4.306681e-09,4.306681e-11
1.353263e+01,1.015943e-10,4.333307e-09,4.333307e-11
1.353552e+01,1.004316e-10,4.355098e-09,4.355098e-11
1.353841e+01,9.935369e-11,4.371334e-09,4.371334e-11
1.354129e+01,9.836531e-11,4.381562e-09,4.381562e-11
1.354418e+01,9.747053e-11,4.385530e-09,4.385530e-11
1.354707e+01,9.667289e-11,4.383128e-09,4.383128e-11
1.354996e+01,9.597334e-11,4.374338e-09,4.374338e-11
1.355285e+01,9.537035e-11,4.359176e-09,4.359176e-11
1.355573e+01,9.486054e-11,4.337619e-09,4.337619e-11
1.355862e+01,9.443996e-11,4.309620e-09,4.309620e-11
1.356151e+01,9.410596e-11,4.275162e-09,4.275162e-11
1.356440e+01,9.385530e-11,4.234268e-09,4.234268e-11
1.356728e+01,9.368583e-11,4.187032e-09,4.187032e-11
1.357017e+01,9.359529e-11,4.133660e-09,4.133660e-11
1.357306e+01,9.357786e-11,4.074504e-09,4.074504e-11
1.357595e+01,9.362621e-11,4.010089e-09,4.010089e-11
1.357884e+01,9.373259e-11,3.941129e-09,3.941129e-11
1.358172e+01,9.389039e-11,3.868510e-09,3.868510e-11
1.358461e+01,9.409432e-11,3.793225e-09,3.793225e-11
1.358750e+01,9.434145e-11,3.716348e-09,3.716348e-11
1.359039e+01,9.463032e-11,3.638990e-09,3.638990e-11
1.359328e+01,9.495922e-11,3.562260e-09,3.562260e-11
1.359616e+01,9.532579e-11,3.487264e-09,3.487264e-11
1.359905e+01,9.572604e-11,3.415089e-09,3.415089e-11
1.360194e+01,9.615481e-11,3.346773e-09,3.346773e-11
1.360483e+01,9.660441e-11,3.283286e-09,3.283286e-11
1.360772e+01,9.706578e-11,3.225514e-09,3.225514e-11
1.361060e+01,9.752910e-11,3.174217e-09,3.174217e-11
1.361349e+01,9.798255e-11,3.129983e-09,3.129983e-11
1.361638e+01,9.841174e-11,3.093147e-09,3.093147e-11
1.361927e+01,9.879817e-11,3.063717e-09,3.063717e-11
1.362215e+01,9.912024e-11,3.041306e-09,3.041306e-11
1.362504e+01,9.935459e-11,3.025084e-09,3.025084e-11
1.362793e+01,9.947798e-11,3.013794e-09,3.013794e-11
1.363082e+01,9.947186e-11,3.005854e-09,3.005854e-11
1.363371e+01,9.932411e-11,2.999482e-09,2.999482e-11
1.363659e+01,9.902835e-11,2.992855e-09,2.992855e-11
1.363948e+01,9.858530e-11,2.984313e-09,2.984313e-11
1.364237e+01,9.800300e-11,2.972534e-09,2.972534e-11
1.364526e+01,9.729479e-11,2.956648e-09,2.956648e-11
1.364815e+01,9.647959e-11,2.936336e-09,2.936336e-11
1.365103e+01,9.558246e-11,2.911855e-09,2.911855e-11
1.365392e+01,9.463439e-11,2.883995e-09,2.883995e-11
1.365681e+01,9.367166e-11,2.853992e-09,2.853992e-11
1.365970e+01,9.273209e-11,2.823416e-09,2.823416e-11
1.366259e+01,9.185273e-11,2.794019e-09,2.794019e-11
1.366547e+01,9.106812e-11,2.767598e-09,2.767598e-11
1.366836e+01,9.040672e-11,2.745863e-09,2.745863e-11
1.367125e+01,8.988979e-11,2.730325e-09,2.730325e-11
1.367414e+01,8.953382e-11,2.722240e-09,2.722240e-11
1.367702e+01,8.935178e-11,2.722588e-09,2.722588e-11
1.367991e+01,8.935223e-11,2.732024e-09,2.732024e-11
1.368280e+01,8.954004e-11,2.750905e-09,2.750905e-11
1.368569e+01,8.991741e-11,2.779333e-09,2.779333e-11
1.368858e+01,9.048040e-11,2.817147e-09,2.817147e-11
1.369146e+01,9.121949e-11,2.863955e-09,2.863955e-11
1.369435e+01,9.212234e-11,2.919211e-09,2.919211e-11
1.369724e+01,9.317309e-11,2.982229e-09,2.982229e-11
1.370013e+01,9.435536e-11,3.052191e-09,3.052191e-11
1.370302e+01,9.565248e-11,3.128176e-09,3.128176e-11
1.370590e+01,9.704691e-11,3.209217e-09,3.209217e-11
1.370879e+01,9.851939e-11,3.294326e-09,3.294326e-11
1.371168e+01,1.000455e-10,3.382478e-09,3.382478e-11
1.371457e+01,1.015950e-10,3.472636e-09,3.472636e-11
1.371746e+01,1.031327e-10,3.563767e-09,3.563767e-11
1.372034e+01,1.046198e-10,3.654773e-09,3.654773e-11
1.372323e+01,1.060164e-10,3.744429e-09,3.744429e-11
1.372612e+01,1.072848e-10,3.831371e-09,3.831371e-11
1.372901e+01,1.083926e-10,3.914096e-09,3.914096e-11
1.373189e+01,1.093135e-10,3.990960e-09,3.990960e-11
1.373478e+01,1.100270e-10,4.060192e-09,4.060192e-11
1.373767e+01,1.105163e-10,4.119961e-09,4.119961e-11
1.374056e+01,1.107706e-10,4.168491e-09,4.168491e-11
1.374345e+01,1.107873e-10,4.204181e-09,4.204181e-11
1.374633e+01,1.105709e-10,4.225695e-09,4.225695e-11
1.374922e+01,1.101360e-10,4.232048e-09,4.232048e-11
1.375211e+01,1.095069e-10,4.222692e-09,4.222692e-11
1.375500e+01,1.087143e-10,4.197568e-09,4.197568e-11
1.375789e+01,1.077956e-10,4.157124e-09,4.157124e-11
1.376077e+01,1.067894e-10,4.102304e-09,4.102304e-11
1.376366e+01,1.057312e-10,4.034518e-09,4.034518e-11
1.376655e+01,1.046540e-10,3.955615e-09,3.955615e-11
1.376944e+01,1.035872e-10,3.867809e-09,3.867809e-11
1.377232e+01,1.025570e-10,3.773593e-09,3.773593e-11
1.377521e+01,1.015867e-10,3.675654e-09,3.675654e-11
1.377810e+01,1.006960e-10,3.576782e-09,3.576782e-11
1.378099e+01,9.990270e-11,3.479774e-09,3.479774e-11
1.378388e+01,9.922065e-11,3.387307e-09,3.387307e-11
1.378676e+01,9.865797e-11,3.301809e-09,3.301809e-11
1.378965e+01,9.822127e-11,3.225342e-09,3.225342e-11
1.379254e+01,9.791572e-11,3.159496e-09,3.159496e-11
1.379543e+01,9.774485e-11,3.105293e-09,3.105293e-11
1.379832e+01,9.771458e-11,3.063158e-09,3.063158e-11
1.380120e+01,9.783237e-11,3.032912e-09,3.032912e-11
1.380409e+01,9.810492e-11,3.013874e-09,3.013874e-11
1.380698e+01,9.853806e-11,3.005006e-09,3.005006e-11
1.380987e+01,9.913503e-11,3.005086e-09,3.005086e-11
1.381276e+01,9.989682e-11,3.012921e-09,3.012921e-11
1.381564e+01,1.008211e-10,3.027521e-09,3.027521e-11
1.381853e+01,1.019036e-10,3.048240e-09,3.048240e-11
1.382142e+01,1.031407e-10,3.074826e-09,3.074826e-11
1.382431e+01,1.045264e-10,3.107371e-09,3.107371e-11
1.382719e+01,1.060554e-10,3.146216e-09,3.146216e-11
1.383008e+01,1.077219e-10,3.191773e-09,3.191773e-11
1.383297e+01,1.095176e-10,3.244300e-09,3.244300e-11
1.383586e+01,1.114346e-10,3.303728e-09,3.303728e-11
1.383875e+01,1.134666e-10,3.369540e-09,3.369540e-11
1.384163e+01,1.156090e-10,3.440716e-09,3.440716e-11
1.384452e+01,1.178593e-10,3.515790e-09,3.515790e-11
1.384741e+01,1.202179e-10,3.592997e-09,3.592997e-11
1.385030e+01,1.226851e-10,3.670509e-09,3.670509e-11
1.385319e+01,1.252597e-10,3.746692e-09,3.746692e-11
1.385607e+01,1.279373e-10,3.820314e-09,3.820314e-11
1.385896e+01,1.307080e-10,3.890733e-09,3.890733e-11
1.386185e+01,1.335560e-10,3.958035e-09,3.958035e-11
1.386474e+01,1.364588e-10,4.023029e-09,4.023029e-11
1.386763e+01,1.393852e-10,4.087111e-09,4.087111e-11
1.387051e+01,1.422982e-10,4.152100e-09,4.152100e-11
1.387340e+01,1.451543e-10,4.219895e-09,4.219895e-11
1.387629e+01,1.478992e-10,4.292069e-09,4.292069e-11
1.387918e+01,1.504734e-10,4.369552e-09,4.369552e-11
1.388206e+01,1.528147e-10,4.452345e-09,4.452345e-11
1.388495e+01,1.548594e-10,4.539356e-09,4.539356e-11
1.388784e+01,1.565494e-10,4.628435e-09,4.628435e-11
1.389073e+01,1.578342e-10,4.716550e-09,4.716550e-11
1.389362e+01,1.586718e-10,4.800079e-09,4.800079e-11
1.389650e+01,1.590340e-10,4.875167e-09,4.875167e-11
1.389939e+01,1.589035e-10,4.938072e-09,4.938072e-11
1.390228e+01,1.582733e-10,4.985491e-09,4.985491e-11
1.390517e+01,1.571507e-10,5.014805e-09,5.014805e-11
1.390806e+01,1.555544e-10,5.024215e-09,5.024215e-11
1.391094e+01,1.535146e-10,5.012806e-09,5.012806e-11
1.391383e+01,1.510734e-10,4.980544e-09,4.980544e-11
1.391672e+01,1.482825e-10,4.928213e-09,4.928213e-11
1.391961e+01,1.451988e-10,4.857297e-09,4.857297e-11
1.392249e+01,1.418806e-10,4.769838e-09,4.769838e-11
1.392538e+01,1.383841e-10,4.668301e-09,4.668301e-11
1.392827e+01,1.347621e-10,4.555450e-09,4.555450e-11
1.393116e+01,1.310645e-10,4.434220e-09,4.434220e-11
1.393405e+01,1.273370e-10,4.307613e-09,4.307613e-11
1.393693e+01,1.236241e-10,4.178638e-09,4.178638e-11
1.393982e+01,1.199712e-10,4.050258e-09,4.050258e-11
1.394271e+01,1.164236e-10,3.925353e-09,3.925353e-11
1.394560e+01,1.130255e-10,3.806658e-09,3.806658e-11
1.394849e+01,1.098193e-10,3.696699e-09,3.696699e-11
1.395137e+01,1.068440e-10,3.597680e-09,3.597680e-11
1.395426e+01,1.041331e-10,3.511345e-09,3.511345e-11
1.395715e+01,1.017161e-10,3.438863e-09,3.438863e-11
1.396004e+01,9.961701e-11,3.380744e-09,3.380744e-11
1.396293e+01,9.785439e-11,3.336847e-09,3.336847e-11
1.396581e+01,9.643980e-11,3.306496e-09,3.306496e-11
1.396870e+01,9.537583e-11,3.288690e-09,3.288690e-11
1.397159e+01,9.465415e-11,3.282350e-09,3.282350e-11
1.397448e+01,9.425412e-11,3.286568e-09,3.286568e-11
1.397736e+01,9.414396e-11,3.300780e-09,3.300780e-11
1.398025e+01,9.428263e-11,3.324839e-09,3.324839e-11
1.398314e+01,9.462384e-11,3.358966e-09,3.358966e-11
1.398603e+01,9.512143e-11,3.403601e-09,3.403601e-11
1.398892e+01,9.573126e-11,3.459187e-09,3.459187e-11
1.399180e+01,9.641351e-11,3.525927e-09,3.525927e-11
1.399469e+01,9.713711e-11,3.603656e-09,3.603656e-11
1.399758e+01,9.788194e-11,3.691751e-09,3.691751e-11
1.400047e+01,9.863915e-11,3.789069e-09,3.789069e-11
1.400336e+01,9.941116e-11,3.893974e-09,3.893974e-11
1.400624e+01,1.002124e-10,4.004423e-09,4.004423e-11
1.400913e+01,1.010689e-10,4.118063e-09,4.118063e-11
1.401202e+01,1.020127e-10,4.232298e-09,4.232298e-11
1.401491e+01,1.030769e-10,4.344360e-09,4.344360e-11
1.401780e+01,1.042927e-10,4.451399e-09,4.451399e-11
1.402068e+01,1.056840e-10,4.550595e-09,4.550595e-11
1.402357e+01,1.072643e-10,4.639276e-09,4.639276e-11
1.402646e+01,1.090356e-10,4.715060e-09,4.715060e-11
1.402935e+01,1.109890e-10,4.776015e-09,4.776015e-11
1.403223e+01,1.131045e-10,4.820823e-09,4.820823e-11
1.403512e+01,1.153540e-10,4.848940e-09,4.848940e-11
1.403801e+01,1.177023e-10,4.860710e-09,4.860710e-11
1.404090e+01,1.201072e-10,4.857443e-09,4.857443e-11
1.404379e+01,1.225255e-10,4.841432e-09,4.841432e-11
1.404667e+01,1.249156e-10,4.815825e-09,4.815825e-11
1.404956e+01,1.272404e-10,4.784375e-09,4.784375e-11
1.405245e+01,1.294716e-10,4.751094e-09,4.751094e-11
1.405534e+01,1.315904e-10,4.719811e-09,4.719811e-11
1.405823e+01,1.335882e-10,4.693717e-09,4.693717e-11
1.406111e+01,1.354640e-10,4.674978e-09,4.674978e-11
1.406400e+01,1.372197e-10,4.664490e-09,4.664490e-11
1.406689e+01,1.388581e-10,4.661845e-09,4.661845e-11
1.406978e+01,1.403799e-10,4.665532e-09,4.665532e-11
1.407266e+01,1.417818e-10,4.673307e-09,4.673307e-11
1.407555e+01,1.430582e-10,4.682619e-09,4.682619e-11
1.407844e+01,1.441990e-10,4.691008e-09,4.691008e-11
1.408133e+01,1.451894e-10,4.696424e-09,4.696424e-11
1.408422e+01,1.460130e-10,4.697450e-09,4.697450e-11
1.408710e+01,1.466501e-10,4.693378e-09,4.693378e-11
1.408999e+01,1.470786e-10,4.684185e-09,4.684185e-11
1.409288e+01,1.472797e-10,4.670460e-09,4.670460e-11
1.409577e+01,1.472393e-10,4.653290e-09,4.653290e-11
1.409866e+01,1.469513e-10,4.634128e-09,4.634128e-11
1.410154e+01,1.464213e-10,4.614648e-09,4.614648e-11
1.410443e+01,1.456646e-10,4.596599e-09,4.596599e-11
1.410732e+01,1.447059e-10,4.581679e-09,4.581679e-11
1.411021e+01,1.435777e-10,4.571402e-09,4.571402e-11
1.411310e+01,1.423123e-10,4.566943e-09,4.566943e-11
1.411598e+01,1.409411e-10,4.569016e-09,4.569016e-11
1.411887e+01,1.394941e-10,4.577789e-09,4.577789e-11
1.412176e+01,1.379973e-10,4.592805e-09,4.592805e-11
1.412465e+01,1.364718e-10,4.612983e-09,4.612983e-11
1.412753e+01,1.349343e-10,4.636664e-09,4.636664e-11
1.413042e+01,1.333957e-10,4.661715e-09,4.661715e-11
1.413331e+01,1.318604e-10,4.685694e-09,4.685694e-11
1.413620e+01,1.303254e-10,4.706064e-09,4.706064e-11
1.413909e+01,1.287835e-10,4.720435e-09,4.720435e-11
1.414197e+01,1.272237e-10,4.726782e-09,4.726782e-11
1.414486e+01,1.256356e-10,4.723616e-09,4.723616e-11
1.414775e+01,1.240135e-10,4.710124e-09,4.710124e-11
1.415064e+01,1.223580e-10,4.686206e-09,4.686206e-11
1.415353e+01,1.206758e-10,4.652395e-09,4.652395e-11
1.415641e+01,1.189774e-10,4.609723e-09,4.609723e-11
1.415930e+01,1.172764e-10,4.559533e-09,4.559533e-11
1.416219e+01,1.155860e-10,4.503258e-09,4.503258e-11
1.416508e+01,1.139169e-10,4.442195e-09,4.442195e-11
1.416797e+01,1.122768e-10,4.377320e-09,4.377320e-11
1.417085e+01,1.106720e-10,4.309185e-09,4.309185e-11
1.417374e+01,1.091070e-10,4.237893e-09,4.237893e-11
1.417663e+01,1.075839e-10,4.163165e-09,4.163165e-11
1.417952e+01,1.061036e-10,4.084509e-09,4.084509e-11
1.418240e+01,1.046656e-10,4.001432e-09,4.001432e-11
1.418529e+01,1.032673e-10,3.913687e-09,3.913687e-11
1.418818e+01,1.019076e-10,3.821529e-09,3.821529e-11
1.419107e+01,1.005886e-10,3.725908e-09,3.725908e-11
1.419396e+01,9.931606e-11,3.628590e-09,3.628590e-11
1.419684e+01,9.810328e-11,3.532158e-09,3.532158e-11
1.419973e+01,9.697023e-11,3.439839e-09,3.439839e-11
1.420262e+01,9.594128e-11,3.355181e-09,3.355181e-11
1.420551e+01,9.504217e-11,3.281609e-09,3.281609e-11
1.420840e+01,9.429847e-11,3.221975e-09,3.221975e-11
1.421128e+01,9.373373e-11,3.178149e-09,3.178149e-11
1.421417e+01,9.336628e-11,3.150773e-09,3.150773e-11
1.421706e+01,9.320923e-11,3.139265e-09,3.139265e-11
1.421995e+01,9.327150e-11,3.142018e-09,3.142018e-11
1.422283e+01,9.355606e-11,3.156770e-09,3.156770e-11
1.422572e+01,9.405856e-11,3.181017e-09,3.181017e-11
1.422861e+01,9.476823e-11,3.212358e-09,3.212358e-11
1.423150e+01,9.566832e-11,3.248726e-09,3.248726e-11
1.423439e+01,9.673750e-11,3.288495e-09,3.288495e-11
1.423727e+01,9.795375e-11,3.330496e-09,3.330496e-11
1.424016e+01,9.929643e-11,3.373959e-09,3.373959e-11
1.424305e+01,1.007481e-10,3.418479e-09,3.418479e-11
1.424594e+01,1.022966e-10,3.463959e-09,3.463959e-11
1.424883e+01,1.039340e-10,3.510518e-09,3.510518e-11
1.425171e+01,1.056534e-10,3.558446e-09,3.558446e-11
1.425460e+01,1.074464e-10,3.608172e-09,3.608172e-11
1.425749e+01,1.093029e-10,3.660157e-09,3.660157e-11
1.426038e+01,1.112096e-10,3.714806e-09,3.714806e-11
1.426327e+01,1.131500e-10,3.772389e-09,3.772389e-11
1.426615e+01,1.151061e-10,3.832922e-09,3.832922e-11
1.426904e+01,1.170575e-10,3.896084e-09,3.896084e-11
1.427193e+01,1.189808e-10,3.961211e-09,3.961211e-11
1.427482e+01,1.208498e-10,4.027308e-09,4.027308e-11
1.427770e+01,1.226354e-10,4.093128e-09,4.093128e-11
1.428059e+01,1.243082e-10,4.157325e-09,4.157325e-11
1.428348e+01,1.258383e-10,4.218598e-09,4.218598e-11
1.428637e+01,1.271989e-10,4.275827e-09,4.275827e-11
1.428926e+01,1.283713e-10,4.328194e-09,4.328194e-11
1.429214e+01,1.293452e-10,4.375242e-09,4.375242e-11
1.429503e+01,1.301169e-10,4.416829e-09,4.416829e-11
1.429792e+01,1.306892e-10,4.453021e-09,4.453021e-11
1.430081e+01,1.310680e-10,4.483954e-09,4.483954e-11
1.430370e+01,1.312592e-10,4.509666e-09,4.509666e-11
1.430658e+01,1.312680e-10,4.529970e-09,4.529970e-11
1.430947e+01,1.310993e-10,4.544366e-09,4.544366e-11
1.431236e+01,1.307554e-10,4.552018e-09,4.552018e-11
1.431525e+01,1.302371e-10,4.551816e-09,4.551816e-11
1.431814e+01,1.295423e-10,4.542525e-09,4.542525e-11
1.432102e+01,1.286676e-10,4.522956e-09,4.522956e-11
1.432391e+01,1.276082e-10,4.492122e-09,4.492122e-11
1.432680e+01,1.263558e-10,4.449374e-09,4.449374e-11
1.432969e+01,1.249039e-10,4.394511e-09,4.394511e-11
1.433257e+01,1.232516e-10,4.327856e-09,4.327856e-11
1.433546e+01,1.214050e-10,4.250255e-09,4.250255e-11
1.433835e+01,1.193814e-10,4.163018e-09,4.163018e-11
1.434124e+01,1.172098e-10,4.067843e-09,4.067843e-11
1.434413e+01,1.149296e-10,3.966718e-09,3.966718e-11
1.434701e+01,1.125888e-10,3.861786e-09,3.861786e-11
1.434990e+01,1.102407e-10,3.755221e-09,3.755221e-11
1.435279e+01,1.079410e-10,3.649132e-09,3.649132e-11
1.435568e+01,1.057463e-10,3.545505e-09,3.545505e-11
1.435857e+01,1.037119e-10,3.446160e-09,3.446160e-11
1.436145e+01,1.018883e-10,3.352751e-09,3.352751e-11
1.436434e+01,1.003203e-10,3.266809e-09,3.266809e-11
1.436723e+01,9.904326e-11,3.189772e-09,3.189772e-11
1.437012e+01,9.807997e-11,3.123005e-09,3.123005e-11
1.437300e+01,9.743851e-11,3.067812e-09,3.067812e-11
1.437589e+01,9.711395e-11,3.025412e-09,3.025412e-11
1.437878e+01,9.709018e-11,2.996837e-09,2.996837e-11
1.438167e+01,9.734072e-11,2.982803e-09,2.982803e-11
1.438456e+01,9.783420e-11,2.983608e-09,2.983608e-11
1.438744e+01,9.853727e-11,2.999071e-09,2.999071e-11
1.439033e+01,9.941576e-11,3.028473e-09,3.028473e-11
1.439322e+01,1.004373e-10,3.070592e-09,3.070592e-11
1.439611e+01,1.015722e-10,3.123821e-09,3.123821e-11
1.439900e+01,1.027954e-10,3.186301e-09,3.186301e-11
1.440188e+01,1.040876e-10,3.256019e-09,3.256019e-11
1.440477e+01,1.054344e-10,3.330938e-09,3.330938e-11
1.440766e+01,1.068290e-10,3.409127e-09,3.409127e-11
1.441055e+01,1.082708e-10,3.488840e-09,3.488840e-11
1.441344e+01,1.097630e-10,3.568555e-09,3.568555e-11
1.441632e+01,1.113102e-10,3.647026e-09,3.647026e-11
1.441921e+01,1.129159e-10,3.723309e-09,3.723309e-11
1.442210e+01,1.145805e-10,3.796740e-09,3.796740e-11
1.442499e+01,1.162999e-10,3.866925e-09,3.866925e-11
1.442787e+01,1.180660e-10,3.933725e-09,3.933725e-11
1.443076e+01,1.198673e-10,3.997187e-09,3.997187e-11
1.443365e+01,1.216876e-10,4.057485e-09,4.057485e-11
1.443654e+01,1.235072e-10,4.114893e-09,4.114893e-11
1.443943e+01,1.253019e-10,4.169736e-09,4.169736e-11
1.444231e+01,1.270426e-10,4.222296e-09,4.222296e-11
1.444520e+01,1.286962e-10,4.272771e-09,4.272771e-11
1.444809e+01,1.302297e-10,4.321279e-09,4.321279e-11
1.445098e+01,1.316114e-10,4.367816e-09,4.367816e-11
1.445387e+01,1.328115e-10,4.412235e-09,4.412235e-11
1.445675e+01,1.338064e-10,4.454259e-09,4.454259e-11
1.445964e+01,1.345780e-10,4.493499e-09,4.493499e-11
1.446253e+01,1.351104e-10,4.529449e-09,4.529449e-11
1.446542e+01,1.353912e-10,4.561520e-09,4.561520e-11
1.446831e+01,1.354114e-10,4.589048e-09,4.589048e-11
1.447119e+01,1.351626e-10,4.611313e-09,4.611313e-11
1.447408e+01,1.346407e-10,4.627553e-09,4.627553e-11
1.447697e+01,1.338453e-10,4.636980e-09,4.636980e-11
1.447986e+01,1.327803e-10,4.638802e-09,4.638802e-11
1.448274e+01,1.314552e-10,4.632257e-09,4.632257e-11
1.448563e+01,1.298830e-10,4.616630e-09,4.616630e-11
1.448852e+01,1.280793e-10,4.591278e-09,4.591278e-11
1.449141e+01,1.260632e-10,4.555682e-09,4.555682e-11
1.449430e+01,1.238580e-10,4.509494e-09,4.509494e-11
1.449718e+01,1.214917e-10,4.452586e-09,4.452586e-11
1.450007e+01,1.189992e-10,4.385100e-09,4.385100e-11
1.450296e+01,1.164218e-10,4.307503e-09,4.307503e-11
1.450585e+01,1.138063e-10,4.220614e-09,4.220614e-11
1.450874e+01,1.112046e-10,4.125647e-09,4.125647e-11
1.451162e+01,1.086706e-10,4.024254e-09,4.024254e-11
1.451451e+01,1.062559e-10,3.918515e-09,3.918515e-11
1.451740e+01,1.040091e-10,3.810872e-09,3.810872e-11
1.452029e+01,1.019746e-10,3.704089e-09,3.704089e-11
1.452318e+01,1.001904e-10,3.601190e-09,3.601190e-11
1.452606e+01,9.868715e-11,3.505287e-09,3.505287e-11
1.452895e+01,9.748839e-11,3.419369e-09,3.419369e-11
1.453184e+01,9.660611e-11,3.346060e-09,3.346060e-11
1.453473e+01,9.604096e-11,3.287389e-09,3.287389e-11
1.453761e+01,9.578434e-11,3.244568e-09,3.244568e-11
1.454050e+01,9.581657e-11,3.217861e-09,3.217861e-11
1.454339e+01,9.611097e-11,3.206609e-09,3.206609e-11
1.454628e+01,9.663975e-11,3.209394e-09,3.209394e-11
1.454917e+01,9.737312e-11,3.224272e-09,3.224272e-11
1.455205e+01,9.828175e-11,3.249081e-09,3.249081e-11
1.455494e+01,9.934001e-11,3.281741e-09,3.281741e-11
1.455783e+01,1.005230e-10,3.320435e-09,3.320435e-11
1.456072e+01,1.018070e-10,3.363695e-09,3.363695e-11
1.456361e+01,1.031710e-10,3.410408e-09,3.410408e-11
1.456649e+01,1.045948e-10,3.459730e-09,3.459730e-11
1.456938e+01,1.060610e-10,3.510998e-09,3.510998e-11
1.457227e+01,1.075558e-10,3.563622e-09,3.563622e-11
1.457516e+01,1.090667e-10,3.616998e-09,3.616998e-11
1.457804e+01,1.105813e-10,3.670457e-09,3.670457e-11
1.458093e+01,1.120858e-10,3.723244e-09,3.723244e-11
1.458382e+01,1.135641e-10,3.774570e-09,3.774570e-11
1.458671e+01,1.149986e-10,3.823662e-09,3.823662e-11
1.458960e+01,1.163706e-10,3.869782e-09,3.869782e-11
1.459248e+01,1.176636e-10,3.912268e-09,3.912268e-11
1.459537e+01,1.188652e-10,3.950589e-09,3.950589e-11
1.459826e+01,1.199683e-10,3.984338e-09,3.984338e-11
1.460115e+01,1.209712e-10,4.013199e-09,4.013199e-11
1.460404e+01,1.218769e-10,4.036953e-09,4.036953e-11
1.460692e+01,1.226921e-10,4.055506e-09,4.055506e-11
1.460981e+01,1.234265e-10,4.068895e-09,4.068895e-11
1.461270e+01,1.240923e-10,4.077293e-09,4.077293e-11
1.461559e+01,1.247026e-10,4.081021e-09,4.081021e-11
1.461848e+01,1.252703e-10,4.080572e-09,4.080572e-11
1.462136e+01,1.258080e-10,4.076638e-09,4.076638e-11
1.462425e+01,1.263251e-10,4.070083e-09,4.070083e-11
1.462714e+01,1.268256e-10,4.061860e-09,4.061860e-11
1.463003e+01,1.273068e-10,4.052921e-09,4.052921e-11
1.463291e+01,1.277593e-10,4.044107e-09,4.044107e-11
1.463580e+01,1.281683e-10,4.036007e-09,4.036007e-11
1.463869e+01,1.285160e-10,4.028849e-09,4.028849e-11
1.464158e+01,1.287828e-10,4.022472e-09,4.022472e-11
1.464447e+01,1.289515e-10,4.016355e-09,4.016355e-11
1.464735e+01,1.290074e-10,4.009668e-09,4.009668e-11
1.465024e+01,1.289359e-10,4.001399e-09,4.001399e-11
1.465313e+01,1.287255e-10,3.990528e-09,3.990528e-11
1.465602e+01,1.283671e-10,3.976140e-09,3.976140e-11
1.465891e+01,1.278542e-10,3.957493e-09,3.957493e-11
1.466179e+01,1.271845e-10,3.934055e-09,3.934055e-11
1.466468e+01,1.263611e-10,3.905518e-09,3.905518e-11
1.466757e+01,1.253919e-10,3.871746e-09,3.871746e-11
1.467046e+01,1.242874e-10,3.832675e-09,3.832675e-11
1.467335e+01,1.230588e-10,3.788242e-09,3.788242e-11
1.467623e+01,1.217162e-10,3.738374e-09,3.738374e-11
1.467912e+01,1.202671e-10,3.682976e-09,3.682976e-11
1.468201e+01,1.187162e-10,3.621958e-09,3.621958e-11
1.468490e+01,1.170695e-10,3.555323e-09,3.555323e-11
1.468778e+01,1.153355e-10,3.483267e-09,3.483267e-11
1.469067e+01,1.135257e-10,3.406255e-09,3.406255e-11
1.469356e+01,1.116559e-10,3.325095e-09,3.325095e-11
1.469645e+01,1.097469e-10,3.241020e-09,3.241020e-11
1.469934e+01,1.078225e-10,3.155703e-09,3.155703e-11
1.470222e+01,1.059082e-10,3.071178e-09,3.071178e-11
1.470511e+01,1.040294e-10,2.989713e-09,2.989713e-11
1.470800e+01,1.022140e-10,2.913660e-09,2.913660e-11
1.471089e+01,1.004908e-10,2.845234e-09,2.845234e-11
1.471378e+01,9.888800e-11,2.786307e-09,2.786307e-11
1.471666e+01,9.743340e-11,2.738211e-09,2.738211e-11
1.471955e+01,9.614944e-11,2.701600e-09,2.701600e-11
1.472244e+01,9.505143e-11,2.676425e-09,2.676425e-11
1.472533e+01,9.414790e-11,2.662036e-09,2.662036e-11
1.472821e+01,9.343861e-11,2.657303e-09,2.657303e-11
1.473110e+01,9.291549e-11,2.660775e-09,2.660775e-11
1.473399e+01,9.256548e-11,2.670871e-09,2.670871e-11
1.473688e+01,9.237282e-11,2.686058e-09,2.686058e-11
1.473977e+01,9.232219e-11,2.704990e-09,2.704990e-11
1.474265e+01,9.239768e-11,2.726578e-09,2.726578e-11
1.474554e+01,9.258291e-11,2.750015e-09,2.750015e-11
1.474843e+01,9.286288e-11,2.774801e-09,2.774801e-11
1.475132e+01,9.322489e-11,2.800768e-09,2.800768e-11
1.475421e+01,9.366042e-11,2.828045e-09,2.828045e-11
1.475709e+01,9.416562e-11,2.856993e-09,2.856993e-11
1.475998e+01,9.474262e-11,2.888152e-09,2.888152e-11
1.476287e+01,9.539882e-11,2.922201e-09,2.922201e-11
1.476576e+01,9.614456e-11,2.959888e-09,2.959888e-11
1.476865e+01,9.698933e-11,3.001937e-09,3.001937e-11
1.477153e+01,9.793842e-11,3.048966e-09,3.048966e-11
1.477442e+01,9.899265e-11,3.101413e-09,3.101413e-11
1.477731e+01,1.001469e-10,3.159441e-09,3.159441e-11
1.478020e+01,1.013908e-10,3.222893e-09,3.222893e-11
1.478308e+01,1.027116e-10,3.291279e-09,3.291279e-11
1.478597e+01,1.040953e-10,3.363747e-09,3.363747e-11
1.478886e+01,1.055246e-10,3.439100e-09,3.439100e-11
1.479175e+01,1.069803e-10,3.515905e-09,3.515905e-11
1.479464e+01,1.084418e-10,3.592590e-09,3.592590e-11
1.479752e+01,1.098849e-10,3.667509e-09,3.667509e-11
1.480041e+01,1.112850e-10,3.739103e-09,3.739103e-11
1.480330e+01,1.126202e-10,3.806035e-09,3.806035e-11
1.480619e+01,1.138730e-10,3.867245e-09,3.867245e-11
1.480908e+01,1.150322e-10,3.922003e-09,3.922003e-11
1.481196e+01,1.160928e-10,3.969954e-09,3.969954e-11
1.481485e+01,1.170551e-10,4.011093e-09,4.011093e-11
1.481774e+01,1.179208e-10,4.045697e-09,4.045697e-11
1.482063e+01,1.186925e-10,4.074250e-09,4.074250e-11
1.482352e+01,1.193730e-10,4.097373e-09,4.097373e-11
1.482640e+01,1.199655e-10,4.115709e-09,4.115709e-11
1.482929e+01,1.204723e-10,4.129806e-09,4.129806e-11
1.483218e+01,1.208949e-10,4.140048e-09,4.140048e-11
1.483507e+01,1.212346e-10,4.146627e-09,4.146627e-11
1.483795e+01,1.214917e-10,4.149526e-09,4.149526e-11
1.484084e+01,1.216654e-10,4.148560e-09,4.148560e-11
1.484373e+01,1.217531e-10,4.143437e-09,4.143437e-11
1.484662e+01,1.217522e-10,4.133824e-09,4.133824e-11
1.484951e+01,1.216606e-10,4.119421e-09,4.119421e-11
1.485239e+01,1.214787e-10,4.100031e-09,4.100031e-11
1.485528e+01,1.212114e-10,4.075626e-09,4.075626e-11
1.485817e+01,1.208678e-10,4.046376e-09,4.046376e-11
1.486106e+01,1.204607e-10,4.012642e-09,4.012642e-11
1.486395e+01,1.200054e-10,3.974976e-09,3.974976e-11
1.486683e+01,1.195181e-10,3.934085e-09,3.934085e-11
1.486972e+01,1.190151e-10,3.890785e-09,3.890785e-11
1.487261e+01,1.185131e-10,3.846009e-09,3.846009e-11
1.487550e+01,1.180288e-10,3.800782e-09,3.800782e-11
1.487838e+01,1.175778e-10,3.756187e-09,3.756187e-11
1.488127e+01,1.171738e-10,3.713356e-09,3.713356e-11
1.488416e+01,1.168287e-10,3.673450e-09,3.673450e-11
1.488705e+01,1.165481e-10,3.637599e-09,3.637599e-11
1.488994e+01,1.163324e-10,3.606839e-09,3.606839e-11
1.489282e+01,1.161773e-10,3.582020e-09,3.582020e-11
1.489571e+01,1.160750e-10,3.563711e-09,3.563711e-11
1.489860e+01,1.160170e-10,3.552141e-09,3.552141e-11
1.490149e+01,1.159960e-10,3.547142e-09,3.547142e-11
1.490438e+01,1.160052e-10,3.548118e-09,3.548118e-11
1.490726e+01,1.160394e-10,3.554078e-09,3.554078e-11
1.491015e+01,1.160940e-10,3.563699e-09,3.563699e-11
1.491304e+01,1.161635e-10,3.575411e-09,3.575411e-11
1.491593e+01,1.162414e-10,3.587496e-09,3.587496e-11
1.491882e+01,1.163194e-10,3.598198e-09,3.598198e-11
1.492170e+01,1.163913e-10,3.605877e-09,3.605877e-11
1.492459e+01,1.164525e-10,3.609126e-09,3.609126e-11
1.492748e+01,1.164969e-10,3.606831e-09,3.606831e-11
1.493037e+01,1.165184e-10,3.598312e-09,3.598312e-11
1.493325e+01,1.165119e-10,3.583470e-09,3.583470e-11
1.493614e+01,1.164702e-10,3.562844e-09,3.562844e-11
1.493903e+01,1.163849e-10,3.537637e-09,3.537637e-11
1.494192e+01,1.162492e-10,3.509773e-09,3.509773e-11
1.494481e+01,1.160607e-10,3.481870e-09,3.481870e-11
1.494769e+01,1.158225e-10,3.457161e-09,3.457161e-11
1.495058e+01,1.155478e-10,3.439331e-09,3.439331e-11
1.495347e+01,1.152571e-10,3.432193e-09,3.432193e-11
1.495636e+01,1.149761e-10,3.439285e-09,3.439285e-11
1.495925e+01,1.147346e-10,3.463486e-09,3.463486e-11
1.496213e+01,1.145649e-10,3.506638e-09,3.506638e-11
1.496502e+01,1.144991e-10,3.569268e-09,3.569268e-11
1.496791e+01,1.145678e-10,3.650516e-09,3.650516e-11
1.497080e+01,1.147984e-10,3.748305e-09,3.748305e-11
1.497369e+01,1.152159e-10,3.859672e-09,3.859672e-11
1.497657e+01,1.158373e-10,3.981111e-09,3.981111e-11
1.497946e+01,1.166689e-10,4.108936e-09,4.108936e-11
1.498235e+01,1.177069e-10,4.239587e-09,4.239587e-11
1.498524e+01,1.189342e-10,4.369793e-09,4.369793e-11
1.498812e+01,1.203210e-10,4.496640e-09,4.496640e-11
1.499101e+01,1.218283e-10,4.617608e-09,4.617608e-11
1.499390e+01,1.234130e-10,4.730566e-09,4.730566e-11
1.499679e+01,1.250316e-10,4.833718e-09,4.833718e-11
1.499968e+01,1.266395e-10,4.925565e-09,4.925565e-11
1.500256e+01,1.281941e-10,5.004910e-09,5.004910e-11
1.500545e+01,1.296571e-10,5.070862e-09,5.070862e-11
1.500834e+01,1.309939e-10,5.122839e-09,5.122839e-11
1.501123e+01,1.321729e-10,5.160545e-09,5.160545e-11
1.501412e+01,1.331658e-10,5.183952e-09,5.183952e-11
1.501700e+01,1.339496e-10,5.193271e-09,5.193271e-11
1.501989e+01,1.345064e-10,5.188885e-09,5.188885e-11
1.502278e+01,1.348209e-10,5.171260e-09,5.171260e-11
1.502567e+01,1.348808e-10,5.140881e-09,5.140881e-11
1.502855e+01,1.346762e-10,5.098188e-09,5.098188e-11
1.503144e+01,1.341962e-10,5.043531e-09,5.043531e-11
1.503433e+01,1.334313e-10,4.977150e-09,4.977150e-11
1.503722e+01,1.323745e-10,4.899202e-09,4.899202e-11
1.504011e+01,1.310221e-10,4.809828e-09,4.809828e-11
1.504299e+01,1.293771e-10,4.709246e-09,4.709246e-11
1.504588e+01,1.274495e-10,4.597868e-09,4.597868e-11
1.504877e+01,1.252574e-10,4.476413e-09,4.476413e-11
1.505166e+01,1.228271e-10,4.345997e-09,4.345997e-11
1.505455e+01,1.201921e-10,4.208176e-09,4.208176e-11
1.505743e+01,1.173935e-10,4.064921e-09,4.064921e-11
1.506032e+01,1.144770e-10,3.918538e-09,3.918538e-11
1.506321e+01,1.114928e-10,3.771583e-09,3.771583e-11
1.506610e+01,1.084950e-10,3.626698e-09,3.626698e-11
1.506899e+01,1.055344e-10,3.486416e-09,3.486416e-11
1.507187e+01,1.026580e-10,3.353031e-09,3.353031e-11
1.507476e+01,9.990780e-11,3.228503e-09,3.228503e-11
1.507765e+01,9.731600e-11,3.114360e-09,3.114360e-11
1.508054e+01,9.490667e-11,3.011684e-09,3.011684e-11
1.508342e+01,9.269723e-11,2.921135e-09,2.921135e-11
1.508631e+01,9.069777e-11,2.842973e-09,2.842973e-11
1.508920e+01,8.891394e-11,2.777140e-09,2.777140e-11
1.509209e+01,8.734970e-11,2.723351e-09,2.723351e-11
1.509498e+01,8.600642e-11,2.681169e-09,2.681169e-11
1.509786e+01,8.488332e-11,2.650050e-09,2.650050e-11
1.510075e+01,8.397831e-11,2.629351e-09,2.629351e-11
1.510364e+01,8.328814e-11,2.618323e-09,2.618323e-11
1.510653e+01,8.281052e-11,2.616141e-09,2.616141e-11
1.510942e+01,8.254448e-11,2.621901e-09,2.621901e-11
1.511230e+01,8.248944e-11,2.634617e-09,2.634617e-11
1.511519e+01,8.264478e-11,2.653255e-09,2.653255e-11
1.511808e+01,8.300632e-11,2.676759e-09,2.676759e-11
1.512097e+01,8.356361e-11,2.704077e-09,2.704077e-11
1.512386e+01,8.429925e-11,2.734208e-09,2.734208e-11
1.512674e+01,8.518765e-11,2.766209e-09,2.766209e-11
1.512963e+01,8.619637e-11,2.799153e-09,2.799153e-11
1.513252e+01,8.728798e-11,2.832102e-09,2.832102e-11
1.513541e+01,8.842288e-11,2.864079e-09,2.864079e-11
1.513829e+01,8.956232e-11,2.894040e-09,2.894040e-11
1.514118e+01,9.066833e-11,2.920868e-09,2.920868e-11
1.514407e+01,9.170341e-11,2.943422e-09,2.943422e-11
1.514696e+01,9.263272e-11,2.960573e-09,2.960573e-11
1.514985e+01,9.342503e-11,2.971273e-09,2.971273e-11
1.515273e+01,9.405300e-11,2.974639e-09,2.974639e-11
1.515562e+01,9.449660e-11,2.970021e-09,2.970021e-11
1.515851e+01,9.474507e-11,2.957068e-09,2.957068e-11
1.516140e+01,9.479713e-11,2.935792e-09,2.935792e-11
1.516429e+01,9.465925e-11,2.906608e-09,2.906608e-11
1.516717e+01,9.434321e-11,2.870354e-09,2.870354e-11
1.517006e+01,9.386560e-11,2.828320e-09,2.828320e-11
1.517295e+01,9.324617e-11,2.782251e-09,2.782251e-11
1.517584e+01,9.250504e-11,2.734332e-09,2.734332e-11
1.517872e+01,9.166585e-11,2.687203e-09,2.687203e-11
1.518161e+01,9.075910e-11,2.643932e-09,2.643932e-11
1.518450e+01,8.981781e-11,2.607861e-09,2.607861e-11
1.518739e+01,8.887832e-11,2.582442e-09,2.582442e-11
1.519028e+01,8.798019e-11,2.571018e-09,2.571018e-11
1.519316e+01,8.716055e-11,2.576459e-09,2.576459e-11
1.519605e+01,8.645277e-11,2.600761e-09,2.600761e-11
1.519894e+01,8.588481e-11,2.644739e-09,2.644739e-11
1.520183e+01,8.547867e-11,2.707840e-09,2.707840e-11
1.520472e+01,8.525128e-11,2.788102e-09,2.788102e-11
1.520760e+01,8.521373e-11,2.882316e-09,2.882316e-11
1.521049e+01,8.537036e-11,2.986331e-09,2.986331e-11
1.521338e+01,8.571826e-11,3.095401e-09,3.095401e-11
1.521627e+01,8.624563e-11,3.204511e-09,3.204511e-11
1.521916e+01,8.693079e-11,3.308670e-09,3.308670e-11
1.522204e+01,8.774369e-11,3.403161e-09,3.403161e-11
1.522493e+01,8.864742e-11,3.483767e-09,3.483767e-11
1.522782e+01,8.960232e-11,3.546944e-09,3.546944e-11
1.523071e+01,9.056894e-11,3.589955e-09,3.589955e-11
1.523359e+01,9.150943e-11,3.611003e-09,3.611003e-11
1.523648e+01,9.238950e-11,3.609325e-09,3.609325e-11
1.523937e+01,9.317729e-11,3.585246e-09,3.585246e-11
1.524226e+01,9.384565e-11,3.540217e-09,3.540217e-11
1.524515e+01,9.437187e-11,3.476786e-09,3.476786e-11
1.524803e+01,9.473595e-11,3.398495e-09,3.398495e-11
1.525092e+01,9.492533e-11,3.309731e-09,3.309731e-11
1.525381e+01,9.493255e-11,3.215467e-09,3.215467e-11
1.525670e+01,9.475405e-11,3.120899e-09,3.120899e-11
1.525959e+01,9.439238e-11,3.031036e-09,3.031036e-11
1.526247e+01,9.385287e-11,2.950222e-09,2.950222e-11
1.526536e+01,9.314261e-11,2.881664e-09,2.881664e-11
1.526825e+01,9.227160e-11,2.827103e-09,2.827103e-11
1.527114e+01,9.125347e-11,2.786682e-09,2.786682e-11
1.527403e+01,9.010553e-11,2.759018e-09,2.759018e-11
1.527691e+01,8.884994e-11,2.741563e-09,2.741563e-11
1.527980e+01,8.751424e-11,2.731123e-09,2.731123e-11
1.528269e+01,8.612892e-11,2.724340e-09,2.724340e-11
1.528558e+01,8.472484e-11,2.718118e-09,2.718118e-11
1.528846e+01,8.333234e-11,2.709964e-09,2.709964e-11
1.529135e+01,8.198091e-11,2.698199e-09,2.698199e-11
1.529424e+01,8.069891e-11,2.682077e-09,2.682077e-11
1.529713e+01,7.951377e-11,2.661750e-09,2.661750e-11
1.530002e+01,7.845123e-11,2.638171e-09,2.638171e-11
1.530290e+01,7.753447e-11,2.612994e-09,2.612994e-11
1.530579e+01,7.678347e-11,2.588423e-09,2.588423e-11
1.530868e+01,7.621242e-11,2.566982e-09,2.566982e-11
1.531157e+01,7.582864e-11,2.551276e-09,2.551276e-11
1.531446e+01,7.563366e-11,2.543762e-09,2.543762e-11
1.531734e+01,7.562419e-11,2.546503e-09,2.546503e-11
1.532023e+01,7.579531e-11,2.560972e-09,2.560972e-11
1.532312e+01,7.614299e-11,2.587940e-09,2.587940e-11
1.532601e+01,7.666525e-11,2.627459e-09,2.627459e-11
1.532890e+01,7.736177e-11,2.678905e-09,2.678905e-11
1.533178e+01,7.823142e-11,2.741094e-09,2.741094e-11
1.533467e+01,7.927194e-11,2.812475e-09,2.812475e-11
1.533756e+01,8.047921e-11,2.891301e-09,2.891301e-11
1.534045e+01,8.184477e-11,2.975777e-09,2.975777e-11
1.534333e+01,8.335800e-11,3.064200e-09,3.064200e-11
1.534622e+01,8.500957e-11,3.155052e-09,3.155052e-11
1.534911e+01,8.678845e-11,3.247038e-09,3.247038e-11
1.535200e+01,8.868122e-11,3.339105e-09,3.339105e-11
1.535489e+01,9.067391e-11,3.430432e-09,3.430432e-11
1.535777e+01,9.274762e-11,3.520387e-09,3.520387e-11
1.536066e+01,9.487743e-11,3.608467e-09,3.608467e-11
1.536355e+01,9.703462e-11,3.694239e-09,3.694239e-11
1.536644e+01,9.918750e-11,3.777259e-09,3.777259e-11
1.536933e+01,1.013038e-10,3.856990e-09,3.856990e-11
1.537221e+01,1.033513e-10,3.932731e-09,3.932731e-11
1.537510e+01,1.052988e-10,4.003584e-09,4.003584e-11
1.537799e+01,1.071150e-10,4.068400e-09,4.068400e-11
1.538088e+01,1.087653e-10,4.125770e-09,4.125770e-11
1.538376e+01,1.102130e-10,4.174075e-09,4.174075e-11
1.538665e+01,1.114205e-10,4.211565e-09,4.211565e-11
1.538954e+01,1.123494e-10,4.236435e-09,4.236435e-11
1.539243e+01,1.129638e-10,4.246936e-09,4.246936e-11
1.539532e+01,1.132336e-10,4.241495e-09,4.241495e-11
1.539820e+01,1.131347e-10,4.218832e-09,4.218832e-11
1.540109e+01,1.126513e-10,4.178084e-09,4.178084e-11
1.540398e+01,1.117770e-10,4.118876e-09,4.118876e-11
1.540687e+01,1.105128e-10,4.041378e-09,4.041378e-11
1.540976e+01,1.088703e-10,3.946373e-09,3.946373e-11
1.541264e+01,1.068739e-10,3.835285e-09,3.835285e-11
1.541553e+01,1.045599e-10,3.710131e-09,3.710131e-11
1.541842e+01,1.019789e-10,3.573480e-09,3.573480e-11
1.542131e+01,9.919510e-11,3.428408e-09,3.428408e-11
1.542420e+01,9.628108e-11,3.278396e-09,3.278396e-11
1.542708e+01,9.331400e-11,3.127186e-09,3.127186e-11
1.542997e+01,9.037245e-11,2.978656e-09,2.978656e-11
1.543286e+01,8.753196e-11,2.836670e-09,2.836670e-11
1.543575e+01,8.486095e-11,2.704881e-09,2.704881e-11
1.543863e+01,8.242130e-11,2.586508e-09,2.586508e-11
1.544152e+01,8.026664e-11,2.484118e-09,2.484118e-11
1.544441e+01,7.844094e-11,2.399436e-09,2.399436e-11
1.544730e+01,7.698060e-11,2.333190e-09,2.333190e-11
1.545019e+01,7.591158e-11,2.285035e-09,2.285035e-11
1.545307e+01,7.524873e-11,2.253702e-09,2.253702e-11
1.545596e+01,7.499869e-11,2.237290e-09,2.237290e-11
1.545885e+01,7.515969e-11,2.233583e-09,2.233583e-11
1.546174e+01,7.572215e-11,2.240414e-09,2.240414e-11
1.546463e+01,7.667263e-11,2.256023e-09,2.256023e-11
1.546751e+01,7.799520e-11,2.279254e-09,2.279254e-11
1.547040e+01,7.966966e-11,2.309578e-09,2.309578e-11
1.547329e+01,8.167066e-11,2.347009e-09,2.347009e-11
1.547618e+01,8.396677e-11,2.391904e-09,2.391904e-11
1.547907e+01,8.651873e-11,2.444689e-09,2.444689e-11
1.548195e+01,8.927820e-11,2.505590e-09,2.505590e-11
1.548484e+01,9.218986e-11,2.574405e-09,2.574405e-11
1.548773e+01,9.519154e-11,2.650321e-09,2.650321e-11
1.549062e+01,9.821516e-11,2.731875e-09,2.731875e-11
1.549350e+01,1.011904e-10,2.817032e-09,2.817032e-11
1.549639e+01,1.040435e-10,2.903276e-09,2.903276e-11
1.549928e+01,1.066999e-10,2.987793e-09,2.987793e-11
1.550217e+01,1.090909e-10,3.067759e-09,3.067759e-11
1.550506e+01,1.111563e-10,3.140542e-09,3.140542e-11
1.550794e+01,1.128460e-10,3.203801e-09,3.203801e-11
1.551083e+01,1.141234e-10,3.255637e-09,3.255637e-11
1.551372e+01,1.149696e-10,3.294780e-09,3.294780e-11
1.551661e+01,1.153820e-10,3.320631e-09,3.320631e-11
1.551950e+01,1.153722e-10,3.333237e-09,3.333237e-11
1.552238e+01,1.149625e-10,3.333289e-09,3.333289e-11
1.552527e+01,1.141830e-10,3.322089e-09,3.322089e-11
1.552816e+01,1.130713e-10,3.301444e-09,3.301444e-11
1.553105e+01,1.116699e-10,3.273528e-09,3.273528e-11
1.553393e+01,1.100224e-10,3.240675e-09,3.240675e-11
1.553682e+01,1.081715e-10,3.205157e-09,3.205157e-11
1.553971e+01,1.061586e-10,3.168966e-09,3.168966e-11
1.554260e+01,1.040211e-10,3.133588e-09,3.133588e-11
1.554549e+01,1.017884e-10,3.099813e-09,3.099813e-11
1.554837e+01,9.948297e-11,3.067673e-09,3.067673e-11
1.555126e+01,9.712114e-11,3.036467e-09,3.036467e-11
1.555415e+01,9.471589e-11,3.004911e-09,3.004911e-11
1.555704e+01,9.227872e-11,2.971382e-09,2.971382e-11
1.555993e+01,8.982181e-11,2.934157e-09,2.934157e-11
1.556281e+01,8.735897e-11,2.891645e-09,2.891645e-11
1.556570e+01,8.490575e-11,2.842610e-09,2.842610e-11
1.556859e+01,8.247901e-11,2.786298e-09,2.786298e-11
1.557148e+01,8.009560e-11,2.722470e-09,2.722470e-11
1.557437e+01,7.777215e-11,2.651397e-09,2.651397e-11
1.557725e+01,7.552444e-11,2.573807e-09,2.573807e-11
1.558014e+01,7.336858e-11,2.490798e-09,2.490798e-11
1.558303e+01,7.132096e-11,2.403749e-09,2.403749e-11
1.558592e+01,6.939655e-11,2.314244e-09,2.314244e-11
1.558880e+01,6.760792e-11,2.224019e-09,2.224019e-11
1.559169e+01,6.596329e-11,2.134922e-09,2.134922e-11
1.559458e+01,6.446632e-11,2.048867e-09,2.048867e-11
1.559747e+01,6.311628e-11,1.967795e-09,1.967795e-11
1.560036e+01,6.190930e-11,1.893621e-09,1.893621e-11
1.560324e+01,6.084114e-11,1.828127e-09,1.828127e-11
1.560613e+01,5.990695e-11,1.772803e-09,1.772803e-11
1.560902e+01,5.910201e-11,1.728678e-09,1.728678e-11
1.561191e+01,5.842333e-11,1.696179e-09,1.696179e-11
1.561480e+01,5.786663e-11,1.675005e-09,1.675005e-11
1.561768e+01,5.742486e-11,1.664100e-09,1.664100e-11
1.562057e+01,5.708878e-11,1.661766e-09,1.661766e-11
1.562346e+01,5.684734e-11,1.665887e-09,1.665887e-11
1.562635e+01,5.668957e-11,1.674183e-09,1.674183e-11
1.562924e+01,5.660509e-11,1.684483e-09,1.684483e-11
1.563212e+01,5.658516e-11,1.694934e-09,1.694934e-11
1.563501e+01,5.662227e-11,1.704111e-09,1.704111e-11
1.563790e+01,5.670871e-11,1.711085e-09,1.711085e-11
1.564079e+01,5.683717e-11,1.715420e-09,1.715420e-11
1.564367e+01,5.699967e-11,1.717093e-09,1.717093e-11
1.564656e+01,5.718969e-11,1.716413e-09,1.716413e-11
1.564945e+01,5.740570e-11,1.713945e-09,1.713945e-11
1.565234e+01,5.765174e-11,1.710429e-09,1.710429e-11
1.565523e+01,5.793881e-11,1.706700e-09,1.706700e-11
1.565811e+01,5.828657e-11,1.703688e-09,1.703688e-11
1.566100e+01,5.872197e-11,1.702439e-09,1.702439e-11
1.566389e+01,5.927533e-11,1.704080e-09,1.704080e-11
1.566678e+01,5.998047e-11,1.709826e-09,1.709826e-11
1.566967e+01,6.087414e-11,1.721050e-09,1.721050e-11
1.567255e+01,6.199470e-11,1.739292e-09,1.739292e-11
1.567544e+01,6.338179e-11,1.766248e-09,1.766248e-11
1.567833e+01,6.507415e-11,1.803734e-09,1.803734e-11
1.568122e+01,6.710800e-11,1.853654e-09,1.853654e-11
1.568410e+01,6.951449e-11,1.917945e-09,1.917945e-11
1.568699e+01,7.231727e-11,1.998473e-09,1.998473e-11
1.568988e+01,7.552993e-11,2.096879e-09,2.096879e-11
1.569277e+01,7.915490e-11,2.214463e-09,2.214463e-11
1.569566e+01,8.318423e-11,2.352054e-09,2.352054e-11
1.569854e+01,8.759882e-11,2.509863e-09,2.509863e-11
1.570143e+01,9.236758e-11,2.687378e-09,2.687378e-11
1.570432e+01,9.744840e-11,2.883341e-09,2.883341e-11
1.570721e+01,1.027894e-10,3.095732e-09,3.095732e-11
1.571010e+01,1.083262e-10,3.321781e-09,3.321781e-11
1.571298e+01,1.139820e-10,3.558051e-09,3.558051e-11
1.571587e+01,1.196744e-10,3.800555e-09,3.800555e-11
1.571876e+01,1.253145e-10,4.044880e-09,4.044880e-11
1.572165e+01,1.308096e-10,4.286347e-09,4.286347e-11
1.572454e+01,1.360677e-10,4.520189e-09,4.520189e-11
1.572742e+01,1.409998e-10,4.741734e-09,4.741734e-11
1.573031e+01,1.455195e-10,4.946587e-09,4.946587e-11
1.573320e+01,1.495454e-10,5.130780e-09,5.130780e-11
1.573609e+01,1.530033e-10,5.290908e-09,5.290908e-11
1.573897e+01,1.558282e-10,5.424237e-09,5.424237e-11
1.574186e+01,1.579682e-10,5.528791e-09,5.528791e-11
1.574475e+01,1.593873e-10,5.603383e-09,5.603383e-11
1.574764e+01,1.600667e-10,5.647582e-09,5.647582e-11
1.575053e+01,1.600054e-10,5.661679e-09,5.661679e-11
1.575341e+01,1.592190e-10,5.646631e-09,5.646631e-11
1.575630e+01,1.577397e-10,5.603938e-09,5.603938e-11
1.575919e+01,1.556138e-10,5.535506e-09,5.535506e-11
1.576208e+01,1.528997e-10,5.443546e-09,5.443546e-11
1.576497e+01,1.496688e-10,5.330457e-09,5.330457e-11
1.576785e+01,1.460034e-10,5.198691e-09,5.198691e-11
1.577074e+01,1.419947e-10,5.050672e-09,5.050672e-11
1.577363e+01,1.377401e-10,4.888745e-09,4.888745e-11
1.577652e+01,1.333377e-10,4.715153e-09,4.715153e-11
1.577941e+01,1.288826e-10,4.532054e-09,4.532054e-11
1.578229e+01,1.244645e-10,4.341578e-09,4.341578e-11
1.578518e+01,1.201641e-10,4.145911e-09,4.145911e-11
1.578807e+01,1.160525e-10,3.947412e-09,3.947412e-11
1.579096e+01,1.121920e-10,3.748746e-09,3.748746e-11
1.579384e+01,1.086370e-10,3.552991e-09,3.552991e-11
1.579673e+01,1.054308e-10,3.363747e-09,3.363747e-11
1.579962e+01,1.026060e-10,3.185198e-09,3.185198e-11
1.580251e+01,1.001846e-10,3.022060e-09,3.022060e-11
1.580540e+01,9.817661e-11,2.879350e-09,2.879350e-11
1.580828e+01,9.658020e-11,2.761990e-09,2.761990e-11
1.581117e+01,9.538470e-11,2.674208e-09,2.674208e-11
1.581406e+01,9.457514e-11,2.618798e-09,2.618798e-11
1.581695e+01,9.413234e-11,2.596462e-09,2.596462e-11
1.581984e+01,9.403350e-11,2.605500e-09,2.605500e-11
1.582272e+01,9.425417e-11,2.641999e-09,2.641999e-11
1.582561e+01,9.476521e-11,2.700432e-09,2.700432e-11
1.582850e+01,9.553004e-11,2.774458e-09,2.774458e-11
1.583139e+01,9.650619e-11,2.857704e-09,2.857704e-11
1.583427e+01,9.764706e-11,2.944346e-09,2.944346e-11
1.583716e+01,9.890417e-11,3.029472e-09,3.029472e-11
1.584005e+01,1.002302e-10,3.109242e-09,3.109242e-11
1.584294e+01,1.015815e-10,3.180916e-09,3.180916e-11
1.584583e+01,1.029193e-10,3.242811e-09,3.242811e-11
1.584871e+01,1.042090e-10,3.294204e-09,3.294204e-11
1.585160e+01,1.054208e-10,3.335197e-09,3.335197e-11
1.585449e+01,1.065297e-10,3.366559e-09,3.366559e-11
1.585738e+01,1.075161e-10,3.389518e-09,3.389518e-11
1.586027e+01,1.083662e-10,3.405557e-09,3.405557e-11
1.586315e+01,1.090741e-10,3.416234e-09,3.416234e-11
1.586604e+01,1.096434e-10,3.422986e-09,3.422986e-11
1.586893e+01,1.100855e-10,3.427005e-09,3.427005e-11
1.587182e+01,1.104168e-10,3.429160e-09,3.429160e-11
1.587471e+01,1.106554e-10,3.429975e-09,3.429975e-11
1.587759e+01,1.108174e-10,3.429655e-09,3.429655e-11
1.588048e+01,1.109144e-10,3.428161e-09,3.428161e-11
1.588337e+01,1.109527e-10,3.425329e-09,3.425329e-11
1.588626e+01,1.109347e-10,3.420975e-09,3.420975e-11
1.588914e+01,1.108581e-10,3.414964e-09,3.414964e-11
1.589203e+01,1.107167e-10,3.407231e-09,3.407231e-11
1.589492e+01,1.105012e-10,3.397800e-09,3.397800e-11
1.589781e+01,1.101989e-10,3.386807e-09,3.386807e-11
1.590070e+01,1.097953e-10,3.374427e-09,3.374427e-11
1.590358e+01,1.092741e-10,3.360817e-09,3.360817e-11
1.590647e+01,1.086216e-10,3.346152e-09,3.346152e-11
1.590936e+01,1.078283e-10,3.330622e-09,3.330622e-11
1.591225e+01,1.068886e-10,3.314383e-09,3.314383e-11
1.591514e+01,1.058035e-10,3.297594e-09,3.297594e-11
1.591802e+01,1.045800e-10,3.280449e-09,3.280449e-11
1.592091e+01,1.032291e-10,3.263135e-09,3.263135e-11
1.592380e+01,1.017643e-10,3.245823e-09,3.245823e-11
1.592669e+01,1.002023e-10,3.228665e-09,3.228665e-11
1.592958e+01,9.856245e-11,3.211761e-09,3.211761e-11
1.593246e+01,9.686777e-11,3.195108e-09,3.195108e-11
1.593535e+01,9.514434e-11,3.178562e-09,3.178562e-11
1.593824e+01,9.342116e-11,3.161839e-09,3.161839e-11
1.594113e+01,9.172961e-11,3.144524e-09,3.144524e-11
1.594401e+01,9.010216e-11,3.126098e-09,3.126098e-11
1.594690e+01,8.857150e-11,3.106004e-09,3.106004e-11
1.594979e+01,8.716995e-11,3.083708e-09,3.083708e-11
1.595268e+01,8.592993e-11,3.058773e-09,3.058773e-11
1.595557e+01,8.488504e-11,3.030947e-09,3.030947e-11
1.595845e+01,8.406878e-11,3.000211e-09,3.000211e-11
1.596134e+01,8.351190e-11,2.966823e-09,2.966823e-11
1.596423e+01,8.324145e-11,2.931353e-09,2.931353e-11
1.596712e+01,8.327677e-11,2.894685e-09,2.894685e-11
1.597001e+01,8.362523e-11,2.858000e-09,2.858000e-11
1.597289e+01,8.428262e-11,2.822729e-09,2.822729e-11
1.597578e+01,8.523299e-11,2.790483e-09,2.790483e-11
1.597867e+01,8.644855e-11,2.762912e-09,2.762912e-11
1.598156e+01,8.789126e-11,2.741555e-09,2.741555e-11
1.598444e+01,8.951663e-11,2.727673e-09,2.727673e-11
1.598733e+01,9.127439e-11,2.722087e-09,2.722087e-11
1.599022e+01,9.310920e-11,2.725064e-09,2.725064e-11
1.599311e+01,9.496361e-11,2.736285e-09,2.736285e-11
1.599600e+01,9.677963e-11,2.754911e-09,2.754911e-11
1.599888e+01,9.850355e-11,2.779721e-09,2.779721e-11
1.600177e+01,1.000896e-10,2.809299e-09,2.809299e-11
1.600466e+01,1.015020e-10,2.842231e-09,2.842231e-11
1.600755e+01,1.027171e-10,2.877281e-09,2.877281e-11
1.601044e+01,1.037221e-10,2.913493e-09,2.913493e-11
1.601332e+01,1.045118e-10,2.950238e-09,2.950238e-11
1.601621e+01,1.050876e-10,2.987231e-09,2.987231e-11
1.601910e+01,1.054559e-10,3.024469e-09,3.024469e-11
1.602199e+01,1.056243e-10,3.062124e-09,3.062124e-11
1.602488e+01,1.056031e-10,3.100460e-09,3.100460e-11
1.602776e+01,1.054072e-10,3.139739e-09,3.139739e-11
1.603065e+01,1.050524e-10,3.180112e-09,3.180112e-11
1.603354e+01,1.045562e-10,3.221561e-09,3.221561e-11
1.603643e+01,1.039367e-10,3.263909e-09,3.263909e-11
1.603931e+01,1.032110e-10,3.306824e-09,3.306824e-11
1.604220e+01,1.023947e-10,3.349856e-09,3.349856e-11
1.604509e+01,1.015030e-10,3.392504e-09,3.392504e-11
1.604798e+01,1.005524e-10,3.434279e-09,3.434279e-11
1.605087e+01,9.956145e-11,3.474733e-09,3.474733e-11
1.605375e+01,9.855340e-11,3.513490e-09,3.513490e-11
1.605664e+01,9.755583e-11,3.550266e-09,3.550266e-11
1.605953e+01,9.659757e-11,3.584862e-09,3.584862e-11
1.606242e+01,9.570728e-11,3.617133e-09,3.617133e-11
1.606531e+01,9.491020e-11,3.646974e-09,3.646974e-11
1.606819e+01,9.422665e-11,3.674318e-09,3.674318e-11
1.607108e+01,9.367302e-11,3.699126e-09,3.699126e-11
1.607397e+01,9.326138e-11,3.721371e-09,3.721371e-11
1.607686e+01,9.300162e-11,3.741061e-09,3.741061e-11
1.607975e+01,9.290165e-11,3.758253e-09,3.758253e-11
1.608263e+01,9.296670e-11,3.773023e-09,3.773023e-11
1.608552e+01,9.320014e-11,3.785469e-09,3.785469e-11
1.608841e+01,9.360222e-11,3.795752e-09,3.795752e-11
1.609130e+01,9.417096e-11,3.804089e-09,3.804089e-11
1.609418e+01,9.490264e-11,3.810736e-09,3.810736e-11
1.609707e+01,9.579187e-11,3.815979e-09,3.815979e-11
1.609996e+01,9.683240e-11,3.820143e-09,3.820143e-11
1.610285e+01,9.801723e-11,3.823592e-09,3.823592e-11
1.610574e+01,9.933741e-11,3.826738e-09,3.826738e-11
1.610862e+01,1.007808e-10,3.830043e-09,3.830043e-11
1.611151e+01,1.023302e-10,3.834001e-09,3.834001e-11
1.611440e+01,1.039623e-10,3.839109e-09,3.839109e-11
1.611729e+01,1.056484e-10,3.845837e-09,3.845837e-11
1.612018e+01,1.073552e-10,3.854539e-09,3.854539e-11
1.612306e+01,1.090459e-10,3.865374e-09,3.865374e-11
1.612595e+01,1.106803e-10,3.878231e-09,3.878231e-11
1.612884e+01,1.122176e-10,3.892673e-09,3.892673e-11
1.613173e+01,1.136171e-10,3.907919e-09,3.907919e-11
1.613462e+01,1.148385e-10,3.922849e-09,3.922849e-11
1.613750e+01,1.158444e-10,3.936068e-09,3.936068e-11
1.614039e+01,1.166036e-10,3.946018e-09,3.946018e-11
1.614328e+01,1.170908e-10,3.951103e-09,3.951103e-11
1.614617e+01,1.172890e-10,3.949773e-09,3.949773e-11
1.614905e+01,1.171897e-10,3.940614e-09,3.940614e-11
1.615194e+01,1.167897e-10,3.922454e-09,3.922454e-11
1.615483e+01,1.160918e-10,3.894430e-09,3.894430e-11
1.615772e+01,1.151041e-10,3.856009e-09,3.856009e-11
1.616061e+01,1.138369e-10,3.806995e-09,3.806995e-11
1.616349e+01,1.123049e-10,3.747558e-09,3.747558e-11
1.616638e+01,1.105279e-10,3.678250e-09,3.678250e-11
1.616927e+01,1.085323e-10,3.600013e-09,3.600013e-11
1.617216e+01,1.063501e-10,3.514181e-09,3.514181e-11
1.617505e+01,1.040183e-10,3.422463e-09,3.422463e-11
1.617793e+01,1.015785e-10,3.326924e-09,3.326924e-11
1.618082e+01,9.907413e-11,3.229926e-09,3.229926e-11
1.618371e+01,9.655045e-11,3.134022e-09,3.134022e-11
1.618660e+01,9.405478e-11,3.041806e-09,3.041806e-11
1.618948e+01,9.163466e-11,2.955755e-09,2.955755e-11
1.619237e+01,8.933932e-11,2.878065e-09,2.878065e-11
1.619526e+01,8.721781e-11,2.810458e-09,2.810458e-11
1.619815e+01,8.531422e-11,2.754052e-09,2.754052e-11
1.620104e+01,8.366586e-11,2.709317e-09,2.709317e-11
1.620392e+01,8.229991e-11,2.676118e-09,2.676118e-11
1.620681e+01,8.123137e-11,2.653816e-09,2.653816e-11
1.620970e+01,8.046507e-11,2.641427e-09,2.641427e-11
1.621259e+01,7.999576e-11,2.637758e-09,2.637758e-11
1.621548e+01,7.980876e-11,2.641535e-09,2.641535e-11
1.621836e+01,7.988387e-11,2.651550e-09,2.651550e-11
1.622125e+01,8.019663e-11,2.666740e-09,2.666740e-11
1.622414e+01,8.071992e-11,2.686241e-09,2.686241e-11
1.622703e+01,8.142410e-11,2.709432e-09,2.709432e-11
1.622992e+01,8.227705e-11,2.735956e-09,2.735956e-11
1.623280e+01,8.324754e-11,2.765737e-09,2.765737e-11
1.623569e+01,8.430649e-11,2.798953e-09,2.798953e-11
1.623858e+01,8.542945e-11,2.835960e-09,2.835960e-11
1.624147e+01,8.659659e-11,2.877198e-09,2.877198e-11
1.624435e+01,8.779076e-11,2.923032e-09,2.923032e-11
1.624724e+01,8.899590e-11,2.973580e-09,2.973580e-11
1.625013e+01,9.019438e-11,3.028604e-09,3.028604e-11
1.625302e+01,9.136526e-11,3.087413e-09,3.087413e-11
1.625591e+01,9.248373e-11,3.148800e-09,3.148800e-11
1.625879e+01,9.352318e-11,3.211115e-09,3.211115e-11
1.626168e+01,9.445656e-11,3.272373e-09,3.272373e-11
1.626457e+01,9.525938e-11,3.330394e-09,3.330394e-11
1.626746e+01,9.591099e-11,3.382958e-09,3.382958e-11
1.627035e+01,9.639410e-11,3.427977e-09,3.427977e-11
1.627323e+01,9.669733e-11,3.463640e-09,3.463640e-11
1.627612e+01,9.681459e-11,3.488525e-09,3.488525e-11
1.627901e+01,9.674561e-11,3.501679e-09,3.501679e-11
1.628190e+01,9.649894e-11,3.502665e-09,3.502665e-11
1.628479e+01,9.609240e-11,3.491564e-09,3.491564e-11
1.628767e+01,9.555118e-11,3.468959e-09,3.468959e-11
1.629056e+01,9.490781e-11,3.435939e-09,3.435939e-11
1.629345e+01,9.420106e-11,3.394086e-09,3.394086e-11
1.629634e+01,9.346968e-11,3.345440e-09,3.345440e-11
1.629922e+01,9.274934e-11,3.292474e-09,3.292474e-11
1.630211e+01,9.207051e-11,3.238030e-09,3.238030e-11
1.630500e+01,9.145610e-11,3.185225e-09,3.185225e-11
1.630789e+01,9.092295e-11,3.137284e-09,3.137284e-11
1.631078e+01,9.048132e-11,3.097296e-09,3.097296e-11
1.631366e+01,9.013393e-11,3.067896e-09,3.067896e-11
1.631655e+01,8.987808e-11,3.050945e-09,3.050945e-11
1.631944e+01,8.970546e-11,3.047237e-09,3.047237e-11
1.632233e+01,8.960109e-11,3.056299e-09,3.056299e-11
1.632522e+01,8.954583e-11,3.076363e-09,3.076363e-11
1.632810e+01,8.951819e-11,3.104526e-09,3.104526e-11
1.633099e+01,8.949669e-11,3.137045e-09,3.137045e-11
1.633388e+01,8.946224e-11,3.169729e-09,3.169729e-11
1.633677e+01,8.939903e-11,3.198346e-09,3.198346e-11
1.633965e+01,8.929498e-11,3.218985e-09,3.218985e-11
1.634254e+01,8.913953e-11,3.228355e-09,3.228355e-11
1.634543e+01,8.892359e-11,3.224021e-09,3.224021e-11
1.634832e+01,8.863910e-11,3.204544e-09,3.204544e-11
1.635121e+01,8.827913e-11,3.169547e-09,3.169547e-11
1.635409e+01,8.783982e-11,3.119737e-09,3.119737e-11
1.635698e+01,8.731985e-11,3.056854e-09,3.056854e-11
1.635987e+01,8.672207e-11,2.983566e-09,2.983566e-11
1.636276e+01,8.605202e-11,2.903333e-09,2.903333e-11
1.636565e+01,8.531519e-11,2.820185e-09,2.820185e-11
1.636853e+01,8.451644e-11,2.738444e-09,2.738444e-11
1.637142e+01,8.365966e-11,2.662413e-09,2.662413e-11
1.637431e+01,8.274839e-11,2.596024e-09,2.596024e-11
1.637720e+01,8.178572e-11,2.542430e-09,2.542430e-11
1.638009e+01,8.077650e-11,2.503672e-09,2.503672e-11
1.638297e+01,7.972851e-11,2.480476e-09,2.480476e-11
1.638586e+01,7.864971e-11,2.472183e-09,2.472183e-11
1.638875e+01,7.754806e-11,2.476908e-09,2.476908e-11
1.639164e+01,7.643062e-11,2.491854e-09,2.491854e-11
1.639452e+01,7.530224e-11,2.513688e-09,2.513688e-11
1.639741e+01,7.416679e-11,2.538897e-09,2.538897e-11
1.640030e+01,7.302824e-11,2.564104e-09,2.564104e-11
1.640319e+01,7.189456e-11,2.586279e-09,2.586279e-11
1.640608e+01,7.077810e-11,2.602854e-09,2.602854e-11
1.640896e+01,6.969372e-11,2.611761e-09,2.611761e-11
1.641185e+01,6.866078e-11,2.611482e-09,2.611482e-11
1.641474e+01,6.770092e-11,2.601061e-09,2.601061e-11
1.641763e+01,6.683533e-11,2.580071e-09,2.580071e-11
1.642052e+01,6.608492e-11,2.548609e-09,2.548609e-11
1.642340e+01,6.547099e-11,2.507314e-09,2.507314e-11
1.642629e+01,6.501362e-11,2.457390e-09,2.457390e-11
1.642918e+01,6.473148e-11,2.400640e-09,2.400640e-11
1.643207e+01,6.464300e-11,2.339488e-09,2.339488e-11
1.643496e+01,6.476234e-11,2.276965e-09,2.276965e-11
1.643784e+01,6.509701e-11,2.216662e-09,2.216662e-11
1.644073e+01,6.564824e-11,2.162599e-09,2.162599e-11
1.644362e+01,6.641011e-11,2.118998e-09,2.118998e-11
1.644651e+01,6.737157e-11,2.089928e-09,2.089928e-11
1.644939e+01,6.851877e-11,2.078830e-09,2.078830e-11
1.645228e+01,6.983578e-11,2.088027e-09,2.088027e-11
1.645517e+01,7.130668e-11,2.118421e-09,2.118421e-11
1.645806e+01,7.291667e-11,2.169381e-09,2.169381e-11
1.646095e+01,7.464948e-11,2.238890e-09,2.238890e-11
1.646383e+01,7.648751e-11,2.323931e-09,2.323931e-11
1.646672e+01,7.841382e-11,2.420931e-09,2.420931e-11
1.646961e+01,8.041115e-11,2.526133e-09,2.526133e-11
1.647250e+01,8.246338e-11,2.635893e-09,2.635893e-11
1.647539e+01,8.455729e-11,2.746880e-09,2.746880e-11
1.647827e+01,8.668199e-11,2.856179e-09,2.856179e-11
1.648116e+01,8.882780e-11,2.961329e-09,2.961329e-11
1.648405e+01,9.098354e-11,3.060315e-09,3.060315e-11
1.648694e+01,9.313548e-11,3.151541e-09,3.151541e-11
1.648982e+01,9.526778e-11,3.233832e-09,3.233832e-11
1.649271e+01,9.736311e-11,3.306434e-09,3.306434e-11
1.649560e+01,9.940302e-11,3.368935e-09,3.368935e-11
1.649849e+01,1.013701e-10,3.421223e-09,3.421223e-11
1.650138e+01,1.032504e-10,3.463479e-09,3.463479e-11
1.650426e+01,1.050326e-10,3.496136e-09,3.496136e-11
1.650715e+01,1.067064e-10,3.519833e-09,3.519833e-11
1.651004e+01,1.082623e-10,3.535372e-09,3.535372e-11
1.651293e+01,1.096904e-10,3.543653e-09,3.543653e-11
1.651582e+01,1.109807e-10,3.545633e-09,3.545633e-11
1.651870e+01,1.121245e-10,3.542293e-09,3.542293e-11
1.652159e+01,1.131148e-10,3.534574e-09,3.534574e-11
1.652448e+01,1.139459e-10,3.523334e-09,3.523334e-11
1.652737e+01,1.146147e-10,3.509319e-09,3.509319e-11
1.653026e+01,1.151195e-10,3.493149e-09,3.493149e-11
1.653314e+01,1.154583e-10,3.475300e-09,3.475300e-11
1.653603e+01,1.156290e-10,3.456118e-09,3.456118e-11
1.653892e+01,1.156293e-10,3.435836e-09,3.435836e-11
1.654181e+01,1.154585e-10,3.414614e-09,3.414614e-11
1.654469e+01,1.151204e-10,3.392586e-09,3.392586e-11
1.654758e+01,1.146229e-10,3.369894e-09,3.369894e-11
1.655047e+01,1.139793e-10,3.346737e-09,3.346737e-11
1.655336e+01,1.132067e-10,3.323399e-09,3.323399e-11
1.655625e+01,1.123259e-10,3.300253e-09,3.300253e-11
1.655913e+01,1.113603e-10,3.277745e-09,3.277745e-11
1.656202e+01,1.103349e-10,3.256382e-09,3.256382e-11
1.656491e+01,1.092774e-10,3.236691e-09,3.236691e-11
1.656780e+01,1.082187e-10,3.219185e-09,3.219185e-11
1.657069e+01,1.071933e-10,3.204329e-09,3.204329e-11
1.657357e+01,1.062374e-10,3.192522e-09,3.192522e-11
1.657646e+01,1.053870e-10,3.184110e-09,3.184110e-11
1.657935e+01,1.046771e-10,3.179403e-09,3.179403e-11
1.658224e+01,1.041385e-10,3.178667e-09,3.178667e-11
1.658513e+01,1.037969e-10,3.182185e-09,3.182185e-11
1.658801e+01,1.036762e-10,3.190332e-09,3.190332e-11
1.659090e+01,1.037962e-10,3.203599e-09,3.203599e-11
1.659379e+01,1.041735e-10,3.222578e-09,3.222578e-11
1.659668e+01,1.048209e-10,3.247985e-09,3.247985e-11
1.659956e+01,1.057466e-10,3.280638e-09,3.280638e-11
1.660245e+01,1.069536e-10,3.321400e-09,3.321400e-11
1.660534e+01,1.084372e-10,3.371112e-09,3.371112e-11
1.660823e+01,1.101847e-10,3.430479e-09,3.430479e-11
1.661112e+01,1.121762e-10,3.499979e-09,3.499979e-11
1.661400e+01,1.143867e-10,3.579804e-09,3.579804e-11
1.661689e+01,1.167880e-10,3.669799e-09,3.669799e-11
1.661978e+01,1.193481e-10,3.769421e-09,3.769421e-11
1.662267e+01,1.220339e-10,3.877771e-09,3.877771e-11
1.662556e+01,1.248095e-10,3.993634e-09,3.993634e-11
1.662844e+01,1.276382e-10,4.115558e-09,4.115558e-11
1.663133e+01,1.304847e-10,4.241946e-09,4.241946e-11
1.663422e+01,1.333159e-10,4.371126e-09,4.371126e-11
1.663711e+01,1.361024e-10,4.501406e-09,4.501406e-11
1.663999e+01,1.388199e-10,4.631140e-09,4.631140e-11
1.664288e+01,1.414497e-10,4.758794e-09,4.758794e-11
1.664577e+01,1.439783e-10,4.882956e-09,4.882956e-11
1.664866e+01,1.463962e-10,5.002341e-09,5.002341e-11
1.665155e+01,1.486947e-10,5.115788e-09,5.115788e-11
1.665443e+01,1.508646e-10,5.222260e-09,5.222260e-11
1.665732e+01,1.528986e-10,5.320833e-09,5.320833e-11
1.666021e+01,1.547892e-10,5.410669e-09,5.410669e-11
1.666310e+01,1.565281e-10,5.491001e-09,5.491001e-11
1.666599e+01,1.581064e-10,5.561130e-09,5.561130e-11
1.666887e+01,1.595137e-10,5.620425e-09,5.620425e-11
1.667176e+01,1.607364e-10,5.668325e-09,5.668325e-11
1.667465e+01,1.617574e-10,5.704354e-09,5.704354e-11
1.667754e+01,1.625572e-10,5.728131e-09,5.728131e-11
1.668043e+01,1.631156e-10,5.739402e-09,5.739402e-11
1.668331e+01,1.634146e-10,5.738065e-09,5.738065e-11
1.668620e+01,1.634415e-10,5.724193e-09,5.724193e-11
1.668909e+01,1.631890e-10,5.698070e-09,5.698070e-11
1.669198e+01,1.626566e-10,5.660209e-09,5.660209e-11
1.669486e+01,1.618487e-10,5.611345e-09,5.611345e-11
1.669775e+01,1.607740e-10,5.552436e-09,5.552436e-11
1.670064e+01,1.594458e-10,5.484660e-09,5.484660e-11
1.670353e+01,1.578803e-10,5.409377e-09,5.409377e-11
1.670642e+01,1.560977e-10,5.328062e-09,5.328062e-11
1.670930e+01,1.541222e-10,5.242247e-09,5.242247e-11
1.671219e+01,1.519824e-10,5.153472e-09,5.153472e-11
1.671508e+01,1.497100e-10,5.063220e-09,5.063220e-11
1.671797e+01,1.473369e-10,4.972851e-09,4.972851e-11
1.672086e+01,1.448936e-10,4.883541e-09,4.883541e-11
1.672374e+01,1.424082e-10,4.796247e-09,4.796247e-11
1.672663e+01,1.399047e-10,4.711700e-09,4.711700e-11
1.672952e+01,1.374050e-10,4.630408e-09,4.630408e-11
1.673241e+01,1.349295e-10,4.552664e-09,4.552664e-11
1.673530e+01,1.324973e-10,4.478574e-09,4.478574e-11
1.673818e+01,1.301284e-10,4.408113e-09,4.408113e-11
1.674107e+01,1.278418e-10,4.341165e-09,4.341165e-11
1.674396e+01,1.256545e-10,4.277556e-09,4.277556e-11
1.674685e+01,1.235824e-10,4.217067e-09,4.217067e-11
1.674973e+01,1.216393e-10,4.159468e-09,4.159468e-11
1.675262e+01,1.198389e-10,4.104534e-09,4.104534e-11
1.675551e+01,1.181956e-10,4.052042e-09,4.052042e-11
1.675840e+01,1.167229e-10,4.001753e-09,4.001753e-11
1.676129e+01,1.154337e-10,3.953429e-09,3.953429e-11
1.676417e+01,1.143401e-10,3.906837e-09,3.906837e-11
1.676706e+01,1.134494e-10,3.861757e-09,3.861757e-11
1.676995e+01,1.127658e-10,3.818018e-09,3.818018e-11
1.677284e+01,1.122888e-10,3.775510e-09,3.775510e-11
1.677573e+01,1.120124e-10,3.734208e-09,3.734208e-11
1.677861e+01,1.119289e-10,3.694211e-09,3.694211e-11
1.678150e+01,1.120283e-10,3.655758e-09,3.655758e-11
1.678439e+01,1.122964e-10,3.619211e-09,3.619211e-11
1.678728e+01,1.127169e-10,3.585033e-09,3.585033e-11
1.679016e+01,1.132700e-10,3.553760e-09,3.553760e-11
1.679305e+01,1.139310e-10,3.525931e-09,3.525931e-11
1.679594e+01,1.146724e-10,3.502023e-09,3.502023e-11
1.679883e+01,1.154658e-10,3.482412e-09,3.482412e-11
1.680172e+01,1.162847e-10,3.467345e-09,3.467345e-11
1.680460e+01,1.171063e-10,3.456907e-09,3.456907e-11
1.680749e+01,1.179101e-10,3.451003e-09,3.451003e-11
1.681038e+01,1.186782e-10,3.449368e-09,3.449368e-11
1.681327e+01,1.193940e-10,3.451613e-09,3.451613e-11
1.681616e+01,1.200411e-10,3.457250e-09,3.457250e-11
1.681904e+01,1.206036e-10,3.465727e-09,3.465727e-11
1.682193e+01,1.210667e-10,3.476457e-09,3.476457e-11
1.682482e+01,1.214170e-10,3.488849e-09,3.488849e-11
1.682771e+01,1.216449e-10,3.502321e-09,3.502321e-11
1.683060e+01,1.217430e-10,3.516297e-09,3.516297e-11
1.683348e+01,1.217046e-10,3.530216e-09,3.530216e-11
1.683637e+01,1.215259e-10,3.543553e-09,3.543553e-11
1.683926e+01,1.212025e-10,3.555810e-09,3.555810e-11
1.684215e+01,1.207294e-10,3.566511e-09,3.566511e-11
1.684503e+01,1.201046e-10,3.575217e-09,3.575217e-11
1.684792e+01,1.193283e-10,3.581526e-09,3.581526e-11
1.685081e+01,1.184064e-10,3.585097e-09,3.585097e-11
1.685370e+01,1.173500e-10,3.585660e-09,3.585660e-11
1.685659e+01,1.161756e-10,3.583011e-09,3.583011e-11
1.685947e+01,1.149023e-10,3.577011e-09,3.577011e-11
1.686236e+01,1.135491e-10,3.567605e-09,3.567605e-11
1.686525e+01,1.121358e-10,3.554820e-09,3.554820e-11
1.686814e+01,1.106818e-10,3.538765e-09,3.538765e-11
1.687103e+01,1.092072e-10,3.519627e-09,3.519627e-11
1.687391e+01,1.077320e-10,3.497647e-09,3.497647e-11
1.687680e+01,1.062747e-10,3.473092e-09,3.473092e-11
1.687969e+01,1.048538e-10,3.446247e-09,3.446247e-11
1.688258e+01,1.034840e-10,3.417376e-09,3.417376e-11
1.688547e+01,1.021742e-10,3.386678e-09,3.386678e-11
1.688835e+01,1.009289e-10,3.354272e-09,3.354272e-11
1.689124e+01,9.974789e-11,3.320196e-09,3.320196e-11
1.689413e+01,9.862813e-11,3.284422e-09,3.284422e-11
1.689702e+01,9.756809e-11,3.246913e-09,3.246913e-11
1.689990e+01,9.656879e-11,3.207677e-09,3.207677e-11
1.690279e+01,9.563260e-11,3.166797e-09,3.166797e-11
1.690568e+01,9.476231e-11,3.124469e-09,3.124469e-11
1.690857e+01,9.396078e-11,3.081062e-09,3.081062e-11
1.691146e+01,9.323026e-11,3.037151e-09,3.037151e-11
1.691434e+01,9.257177e-11,2.993484e-09,2.993484e-11
1.691723e+01,9.198575e-11,2.950920e-09,2.950920e-11
1.692012e+01,9.147340e-11,2.910395e-09,2.910395e-11
1.692301e+01,9.103831e-11,2.872857e-09,2.872857e-11
1.692590e+01,9.068533e-11,2.839169e-09,2.839169e-11
1.692878e+01,9.041974e-11,2.810014e-09,2.810014e-11
1.693167e+01,9.024650e-11,2.785853e-09,2.785853e-11
1.693456e+01,9.016888e-11,2.766907e-09,2.766907e-11
1.693745e+01,9.018742e-11,2.753179e-09,2.753179e-11
1.694033e+01,9.030168e-11,2.744506e-09,2.744506e-11
1.694322e+01,9.051227e-11,2.740634e-09,2.740634e-11
1.694611e+01,9.081934e-11,2.741283e-09,2.741283e-11
1.694900e+01,9.122417e-11,2.746228e-09,2.746228e-11
1.695189e+01,9.172858e-11,2.755331e-09,2.755331e-11
1.695477e+01,9.233104e-11,2.768488e-09,2.768488e-11
1.695766e+01,9.302625e-11,2.785568e-09,2.785568e-11
1.696055e+01,9.380393e-11,2.806341e-09,2.806341e-11
1.696344e+01,9.464870e-11,2.830422e-09,2.830422e-11
1.696633e+01,9.554209e-11,2.857210e-09,2.857210e-11
1.696921e+01,9.646208e-11,2.885851e-09,2.885851e-11
1.697210e+01,9.738438e-11,2.915297e-09,2.915297e-11
1.697499e+01,9.828292e-11,2.944382e-09,2.944382e-11
1.697788e+01,9.912917e-11,2.971887e-09,2.971887e-11
1.698077e+01,9.989528e-11,2.996685e-09,2.996685e-11
1.698365e+01,1.005557e-10,3.017871e-09,3.017871e-11
1.698654e+01,1.010891e-10,3.034841e-09,3.034841e-11
1.698943e+01,1.014817e-10,3.047341e-09,3.047341e-11
1.699232e+01,1.017288e-10,3.055518e-09,3.055518e-11
1.699520e+01,1.018372e-10,3.059901e-09,3.059901e-11
1.699809e+01,1.018225e-10,3.061314e-09,3.061314e-11
1.700098e+01,1.017058e-10,3.060751e-09,3.060751e-11
1.700387e+01,1.015124e-10,3.059261e-09,3.059261e-11
1.700676e+01,1.012693e-10,3.057824e-09,3.057824e-11
1.700964e+01,1.010040e-10,3.057243e-09,3.057243e-11
1.701253e+01,1.007423e-10,3.058087e-09,3.058087e-11
1.701542e+01,1.005082e-10,3.060680e-09,3.060680e-11
1.701831e+01,1.003225e-10,3.065107e-09,3.065107e-11
1.702120e+01,1.001981e-10,3.071235e-09,3.071235e-11
1.702408e+01,1.001390e-10,3.078785e-09,3.078785e-11
1.702697e+01,1.001403e-10,3.087393e-09,3.087393e-11
1.702986e+01,1.001880e-10,3.096622e-09,3.096622e-11
1.703275e+01,1.002597e-10,3.105953e-09,3.105953e-11
1.703564e+01,1.003275e-10,3.114799e-09,3.114799e-11
1.703852e+01,1.003640e-10,3.122546e-09,3.122546e-11
1.704141e+01,1.003440e-10,3.128577e-09,3.128577e-11
1.704430e+01,1.002441e-10,3.132267e-09,3.132267e-11
1.704719e+01,1.000438e-10,3.133017e-09,3.133017e-11
1.705007e+01,9.972463e-11,3.130276e-09,3.130276e-11
1.705296e+01,9.926903e-11,3.123532e-09,3.123532e-11
1.705585e+01,9.866051e-11,3.112298e-09,3.112298e-11
1.705874e+01,9.788433e-11,3.096092e-09,3.096092e-11
1.706163e+01,9.692941e-11,3.074439e-09,3.074439e-11
1.706451e+01,9.579013e-11,3.046884e-09,3.046884e-11
1.706740e+01,9.446445e-11,3.012998e-09,3.012998e-11
1.707029e+01,9.295323e-11,2.972403e-09,2.972403e-11
1.707318e+01,9.126058e-11,2.924813e-09,2.924813e-11
1.707607e+01,8.939232e-11,2.870111e-09,2.870111e-11
1.707895e+01,8.735801e-11,2.808410e-09,2.808410e-11
1.708184e+01,8.517243e-11,2.740103e-09,2.740103e-11
1.708473e+01,8.285815e-11,2.665898e-09,2.665898e-11
1.708762e+01,8.044828e-11,2.586811e-09,2.586811e-11
1.709051e+01,7.798394e-11,2.504159e-09,2.504159e-11
1.709339e+01,7.551367e-11,2.419519e-09,2.419519e-11
1.709628e+01,7.309210e-11,2.334667e-09,2.334667e-11
1.709917e+01,7.077534e-11,2.251520e-09,2.251520e-11
1.710206e+01,6.861828e-11,2.172090e-09,2.172090e-11
1.710494e+01,6.667270e-11,2.098463e-09,2.098463e-11
1.710783e+01,6.498642e-11,2.032840e-09,2.032840e-11
1.711072e+01,6.360145e-11,1.977538e-09,1.977538e-11
1.711361e+01,6.255096e-11,1.934944e-09,1.934944e-11
1.711650e+01,6.185805e-11,1.907448e-09,1.907448e-11
1.711938e+01,6.153460e-11,1.897264e-09,1.897264e-11
1.712227e+01,6.157837e-11,1.906110e-09,1.906110e-11
1.712516e+01,6.197298e-11,1.934903e-09,1.934903e-11
1.712805e+01,6.269245e-11,1.983532e-09,1.983532e-11
1.713094e+01,6.370193e-11,2.050746e-09,2.050746e-11
1.713382e+01,6.495917e-11,2.134235e-09,2.134235e-11
1.713671e+01,6.642003e-11,2.230881e-09,2.230881e-11
1.713960e+01,6.803920e-11,2.337036e-09,2.337036e-11
1.714249e+01,6.976972e-11,2.448791e-09,2.448791e-11
1.714537e+01,7.156533e-11,2.562192e-09,2.562192e-11
1.714826e+01,7.337986e-11,2.673394e-09,2.673394e-11
1.715115e+01,7.516859e-11,2.778787e-09,2.778787e-11
1.715404e+01,7.689117e-11,2.875064e-09,2.875064e-11
1.715693e+01,7.851020e-11,2.959292e-09,2.959292e-11
1.715981e+01,7.999351e-11,3.028981e-09,3.028981e-11
1.716270e+01,8.131465e-11,3.082168e-09,3.082168e-11
1.716559e+01,8.245064e-11,3.117492e-09,3.117492e-11
1.716848e+01,8.338456e-11,3.134272e-09,3.134272e-11
1.717137e+01,8.410446e-11,3.132588e-09,3.132588e-11
1.717425e+01,8.460452e-11,3.113338e-09,3.113338e-11
1.717714e+01,8.488817e-11,3.078279e-09,3.078279e-11
1.718003e+01,8.496712e-11,3.030027e-09,3.030027e-11
1.718292e+01,8.486227e-11,2.971996e-09,2.971996e-11
1.718581e+01,8.460286e-11,2.908246e-09,2.908246e-11
1.718869e+01,8.422334e-11,2.843246e-09,2.843246e-11
1.719158e+01,8.376331e-11,2.781572e-09,2.781572e-11
1.719447e+01,8.326587e-11,2.727486e-09,2.727486e-11
1.719736e+01,8.277418e-11,2.684471e-09,2.684471e-11
1.720024e+01,8.233252e-11,2.654864e-09,2.654864e-11
1.720313e+01,8.198495e-11,2.639644e-09,2.639644e-11
1.720602e+01,8.177180e-11,2.638422e-09,2.638422e-11
1.720891e+01,8.172781e-11,2.649693e-09,2.649693e-11
1.721180e+01,8.187959e-11,2.671274e-09,2.671274e-11
1.721468e+01,8.224317e-11,2.700788e-09,2.700788e-11
1.721757e+01,8.282304e-11,2.736089e-09,2.736089e-11
1.722046e+01,8.361404e-11,2.775556e-09,2.775556e-11
1.722335e+01,8.460282e-11,2.818215e-09,2.818215e-11
1.722624e+01,8.576876e-11,2.863670e-09,2.863670e-11
1.722912e+01,8.708660e-11,2.911903e-09,2.911903e-11
1.723201e+01,8.852586e-11,2.963007e-09,2.963007e-11
1.723490e+01,9.005079e-11,3.016884e-09,3.016884e-11
1.723779e+01,9.162081e-11,3.073005e-09,3.073005e-11
1.724068e+01,9.318959e-11,3.130257e-09,3.130257e-11
1.724356e+01,9.470839e-11,3.186936e-09,3.186936e-11
1.724645e+01,9.612848e-11,3.240854e-09,3.240854e-11
1.724934e+01,9.740285e-11,3.289533e-09,3.289533e-11
1.725223e+01,9.848952e-11,3.330463e-09,3.330463e-11
1.725511e+01,9.935281e-11,3.361379e-09,3.361379e-11
1.725800e+01,9.996386e-11,3.380476e-09,3.380476e-11
1.726089e+01,1.002996e-10,3.386584e-09,3.386584e-11
1.726378e+01,1.003435e-10,3.379288e-09,3.379288e-11
1.726667e+01,1.000875e-10,3.358960e-09,3.358960e-11
1.726955e+01,9.953154e-11,3.326728e-09,3.326728e-11
1.727244e+01,9.868660e-11,3.284399e-09,3.284399e-11
1.727533e+01,9.757498e-11,3.234318e-09,3.234318e-11
1.727822e+01,9.622911e-11,3.179189e-09,3.179189e-11
1.728111e+01,9.468927e-11,3.121872e-09,3.121872e-11
1.728399e+01,9.300103e-11,3.065170e-09,3.065170e-11
1.728688e+01,9.121262e-11,3.011627e-09,3.011627e-11
1.728977e+01,8.937286e-11,2.963323e-09,2.963323e-11
1.729266e+01,8.752967e-11,2.921741e-09,2.921741e-11
1.729554e+01,8.572874e-11,2.887691e-09,2.887691e-11
1.729843e+01,8.401500e-11,2.861331e-09,2.861331e-11
1.730132e+01,8.243067e-11,2.842230e-09,2.842230e-11
1.730421e+01,8.101122e-11,2.829462e-09,2.829462e-11
1.730710e+01,7.978571e-11,2.821784e-09,2.821784e-11
1.730998e+01,7.877583e-11,2.817821e-09,2.817821e-11
1.731287e+01,7.799491e-11,2.816223e-09,2.816223e-11
1.731576e+01,7.744995e-11,2.815808e-09,2.815808e-11
1.731865e+01,7.714197e-11,2.815681e-09,2.815681e-11
1.732154e+01,7.706724e-11,2.815300e-09,2.815300e-11
1.732442e+01,7.721869e-11,2.814553e-09,2.814553e-11
1.732731e+01,7.758631e-11,2.813808e-09,2.813808e-11
1.733020e+01,7.815622e-11,2.813873e-09,2.813873e-11
1.733309e+01,7.890860e-11,2.815917e-09,2.815917e-11
1.733598e+01,7.981926e-11,2.821416e-09,2.821416e-11
1.733886e+01,8.086296e-11,2.832048e-09,2.832048e-11
1.734175e+01,8.201414e-11,2.849487e-09,2.849487e-11
1.734464e+01,8.324732e-11,2.875189e-09,2.875189e-11
1.734753e+01,8.454063e-11,2.910259e-09,2.910259e-11
1.735041e+01,8.587652e-11,2.955324e-09,2.955324e-11
1.735330e+01,8.724074e-11,3.010400e-09,3.010400e-11
1.735619e+01,8.862228e-11,3.074881e-09,3.074881e-11
1.735908e+01,9.001264e-11,3.147621e-09,3.147621e-11
1.736197e+01,9.140763e-11,3.227038e-09,3.227038e-11
1.736485e+01,9.280705e-11,3.311232e-09,3.311232e-11
1.736774e+01,9.421371e-11,3.398128e-09,3.398128e-11
1.737063e+01,9.563317e-11,3.485604e-09,3.485604e-11
1.737352e+01,9.707121e-11,3.571585e-09,3.571585e-11
1.737641e+01,9.853159e-11,3.654121e-09,3.654121e-11
1.737929e+01,1.000125e-10,3.731451e-09,3.731451e-11
1.738218e+01,1.015064e-10,3.802037e-09,3.802037e-11
1.738507e+01,1.030003e-10,3.864585e-09,3.864585e-11
1.738796e+01,1.044764e-10,3.918046e-09,3.918046e-11
1.739085e+01,1.059125e-10,3.961618e-09,3.961618e-11
1.739373e+01,1.072836e-10,3.994709e-09,3.994709e-11
1.739662e+01,1.085624e-10,4.016904e-09,4.016904e-11
1.739951e+01,1.097202e-10,4.027940e-09,4.027940e-11
1.740240e+01,1.107274e-10,4.027667e-09,4.027667e-11
1.740528e+01,1.115550e-10,4.016027e-09,4.016027e-11
1.740817e+01,1.121782e-10,3.993063e-09,3.993063e-11
1.741106e+01,1.125790e-10,3.958942e-09,3.958942e-11
1.741395e+01,1.127474e-10,3.913995e-09,3.913995e-11
1.741684e+01,1.126812e-10,3.858762e-09,3.858762e-11
1.741972e+01,1.123836e-10,3.794027e-09,3.794027e-11
1.742261e+01,1.118624e-10,3.720882e-09,3.720882e-11
1.742550e+01,1.111254e-10,3.640726e-09,3.640726e-11
1.742839e+01,1.101781e-10,3.555224e-09,3.555224e-11
1.743128e+01,1.090254e-10,3.466242e-09,3.466242e-11
1.743416e+01,1.076714e-10,3.375724e-09,3.375724e-11
1.743705e+01,1.061209e-10,3.285521e-09,3.285521e-11
1.743994e+01,1.043817e-10,3.197212e-09,3.197212e-11
1.744283e+01,1.024636e-10,3.111956e-09,3.111956e-11
1.744571e+01,1.003787e-10,3.030377e-09,3.030377e-11
1.744860e+01,9.814080e-11,2.952564e-09,2.952564e-11
1.745149e+01,9.576602e-11,2.878170e-09,2.878170e-11
1.745438e+01,9.327446e-11,2.806557e-09,2.806557e-11
1.745727e+01,9.069113e-11,2.737002e-09,2.737002e-11
1.746015e+01,8.804887e-11,2.668907e-09,2.668907e-11
1.746304e+01,8.538982e-11,2.601956e-09,2.601956e-11
1.746593e+01,8.276245e-11,2.536203e-09,2.536203e-11
1.746882e+01,8.022018e-11,2.472075e-09,2.472075e-11
1.747171e+01,7.781793e-11,2.410298e-09,2.410298e-11
1.747459e+01,7.560578e-11,2.351777e-09,2.351777e-11
1.747748e+01,7.362801e-11,2.297471e-09,2.297471e-11
1.748037e+01,7.192163e-11,2.248253e-09,2.248253e-11
1.748326e+01,7.051484e-11,2.204814e-09,2.204814e-11
1.748615e+01,6.942887e-11,2.167648e-09,2.167648e-11
1.748903e+01,6.867598e-11,2.137031e-09,2.137031e-11
1.749192e+01,6.825961e-11,2.113077e-09,2.113077e-11
1.749481e+01,6.817458e-11,2.095835e-09,2.095835e-11
1.749770e+01,6.840564e-11,2.085373e-09,2.085373e-11
1.750058e+01,6.893060e-11,2.081849e-09,2.081849e-11
1.750347e+01,6.972269e-11,2.085546e-09,2.085546e-11
1.750636e+01,7.075230e-11,2.096853e-09,2.096853e-11
1.750925e+01,7.199105e-11,2.116240e-09,2.116240e-11
1.751214e+01,7.341238e-11,2.144174e-09,2.144174e-11
1.751502e+01,7.499123e-11,2.181028e-09,2.181028e-11
1.751791e+01,7.670391e-11,2.227018e-09,2.227018e-11
1.752080e+01,7.852665e-11,2.282143e-09,2.282143e-11
1.752369e+01,8.043512e-11,2.346129e-09,2.346129e-11
1.752658e+01,8.240457e-11,2.418402e-09,2.418402e-11
1.752946e+01,8.441176e-11,2.498079e-09,2.498079e-11
1.753235e+01,8.643570e-11,2.583956e-09,2.583956e-11
1.753524e+01,8.845747e-11,2.674537e-09,2.674537e-11
1.753813e+01,9.046128e-11,2.768128e-09,2.768128e-11
1.754102e+01,9.243356e-11,2.862913e-09,2.862913e-11
1.754390e+01,9.436170e-11,2.957064e-09,2.957064e-11
1.754679e+01,9.623400e-11,3.048901e-09,3.048901e-11
1.754968e+01,9.804116e-11,3.137024e-09,3.137024e-11
1.755257e+01,9.977797e-11,3.220409e-09,3.220409e-11
1.755545e+01,1.014440e-10,3.298480e-09,3.298480e-11
1.755834e+01,1.030445e-10,3.371132e-09,3.371132e-11
1.756123e+01,1.045899e-10,3.438680e-09,3.438680e-11
1.756412e+01,1.060925e-10,3.501755e-09,3.501755e-11
1.756701e+01,1.075642e-10,3.561180e-09,3.561180e-11
1.756989e+01,1.090160e-10,3.617836e-09,3.617836e-11
1.757278e+01,1.104547e-10,3.672504e-09,3.672504e-11
1.757567e+01,1.118831e-10,3.725745e-09,3.725745e-11
1.757856e+01,1.133022e-10,3.777829e-09,3.777829e-11
1.758145e+01,1.147117e-10,3.828713e-09,3.828713e-11
1.758433e+01,1.161105e-10,3.878051e-09,3.878051e-11
1.758722e+01,1.174960e-10,3.925240e-09,3.925240e-11
1.759011e+01,1.188652e-10,3.969507e-09,3.969507e-11
1.759300e+01,1.202142e-10,4.010035e-09,4.010035e-11
1.759588e+01,1.215404e-10,4.046085e-09,4.046085e-11
1.759877e+01,1.228433e-10,4.077110e-09,4.077110e-11
1.760166e+01,1.241269e-10,4.102867e-09,4.102867e-11
1.760455e+01,1.253998e-10,4.123503e-09,4.123503e-11
1.760744e+01,1.266735e-10,4.139575e-09,4.139575e-11
1.761032e+01,1.279618e-10,4.152026e-09,4.152026e-11
1.761321e+01,1.292786e-10,4.162151e-09,4.162151e-11
1.761610e+01,1.306357e-10,4.171501e-09,4.171501e-11
1.761899e+01,1.320396e-10,4.181748e-09,4.181748e-11
1.762188e+01,1.334922e-10,4.194560e-09,4.194560e-11
1.762476e+01,1.349909e-10,4.211465e-09,4.211465e-11
1.762765e+01,1.365271e-10,4.233700e-09,4.233700e-11
1.763054e+01,1.380860e-10,4.262099e-09,4.262099e-11
1.763343e+01,1.396466e-10,4.296990e-09,4.296990e-11
1.763632e+01,1.411788e-10,4.338127e-09,4.338127e-11
1.763920e+01,1.426451e-10,4.384666e-09,4.384666e-11
1.764209e+01,1.440036e-10,4.435171e-09,4.435171e-11
1.764498e+01,1.452085e-10,4.487666e-09,4.487666e-11
1.764787e+01,1.462148e-10,4.539720e-09,4.539720e-11
1.765075e+01,1.469806e-10,4.588544e-09,4.588544e-11
1.765364e+01,1.474680e-10,4.631123e-09,4.631123e-11
1.765653e+01,1.476438e-10,4.664355e-09,4.664355e-11
1.765942e+01,1.474773e-10,4.685172e-09,4.685172e-11
1.766231e+01,1.469422e-10,4.690714e-09,4.690714e-11
1.766519e+01,1.460169e-10,4.678524e-09,4.678524e-11
1.766808e+01,1.446847e-10,4.646687e-09,4.646687e-11
1.767097e+01,1.429364e-10,4.593973e-09,4.593973e-11
1.767386e+01,1.407712e-10,4.520007e-09,4.520007e-11
1.767675e+01,1.381993e-10,4.425379e-09,4.425379e-11
1.767963e+01,1.352409e-10,4.311708e-09,4.311708e-11
1.768252e+01,1.319260e-10,4.181643e-09,4.181643e-11
1.768541e+01,1.282934e-10,4.038802e-09,4.038802e-11
1.768830e+01,1.243914e-10,3.887654e-09,3.887654e-11
1.769119e+01,1.202797e-10,3.733309e-09,3.733309e-11
1.769407e+01,1.160298e-10,3.581207e-09,3.581207e-11
1.769696e+01,1.117250e-10,3.436742e-09,3.436742e-11
1.769985e+01,1.074598e-10,3.304867e-09,3.304867e-11
1.770274e+01,1.033363e-10,3.189717e-09,3.189717e-11
1.770562e+01,9.946087e-11,3.094336e-09,3.094336e-11
1.770851e+01,9.593792e-11,3.020583e-09,3.020583e-11
1.771140e+01,9.286537e-11,2.969252e-09,2.969252e-11
1.771429e+01,9.033281e-11,2.940398e-09,2.940398e-11
1.771718e+01,8.841616e-11,2.933815e-09,2.933815e-11
1.772006e+01,8.717636e-11,2.949494e-09,2.949494e-11
1.772295e+01,8.665969e-11,2.987876e-09,2.987876e-11
1.772584e+01,8.689144e-11,3.049830e-09,3.049830e-11
1.772873e+01,8.787445e-11,3.136444e-09,3.136444e-11
1.773162e+01,8.959119e-11,3.248611e-09,3.248611e-11
1.773450e+01,9.200233e-11,3.386520e-09,3.386520e-11
1.773739e+01,9.504937e-11,3.549241e-09,3.549241e-11
1.774028e+01,9.865947e-11,3.734551e-09,3.734551e-11
1.774317e+01,1.027500e-10,3.938970e-09,3.938970e-11
1.774605e+01,1.072332e-10,4.157944e-09,4.157944e-11
1.774894e+01,1.120193e-10,4.386184e-09,4.386184e-11
1.775183e+01,1.170194e-10,4.618033e-09,4.618033e-11
1.775472e+01,1.221462e-10,4.847775e-09,4.847775e-11
1.775761e+01,1.273135e-10,5.069904e-09,5.069904e-11
1.776049e+01,1.324380e-10,5.279356e-09,5.279356e-11
1.776338e+01,1.374411e-10,5.471675e-09,5.471675e-11
1.776627e+01,1.422498e-10,5.643100e-09,5.643100e-11
1.776916e+01,1.467960e-10,5.790589e-09,5.790589e-11
1.777205e+01,1.510154e-10,5.911831e-09,5.911831e-11
1.777493e+01,1.548475e-10,6.005254e-09,6.005254e-11
1.777782e+01,1.582346e-10,6.069966e-09,6.069966e-11
1.778071e+01,1.611204e-10,6.105662e-09,6.105662e-11
1.778360e+01,1.634509e-10,6.112541e-09,6.112541e-11
1.778649e+01,1.651763e-10,6.091242e-09,6.091242e-11
1.778937e+01,1.662529e-10,6.042766e-09,6.042766e-11
1.779226e+01,1.666468e-10,5.968414e-09,5.968414e-11
1.779515e+01,1.663368e-10,5.869765e-09,5.869765e-11
1.779804e+01,1.653156e-10,5.748660e-09,5.748660e-11
1.780092e+01,1.635900e-10,5.607206e-09,5.607206e-11
1.780381e+01,1.611821e-10,5.447776e-09,5.447776e-11
1.780670e+01,1.581293e-10,5.273028e-09,5.273028e-11
1.780959e+01,1.544855e-10,5.085914e-09,5.085914e-11
1.781248e+01,1.503186e-10,4.889617e-09,4.889617e-11
1.781536e+01,1.457078e-10,4.687461e-09,4.687461e-11
1.781825e+01,1.407423e-10,4.482832e-09,4.482832e-11
1.782114e+01,1.355177e-10,4.279040e-09,4.279040e-11
1.782403e+01,1.301302e-10,4.079119e-09,4.079119e-11
1.782692e+01,1.246743e-10,3.885683e-09,3.885683e-11
1.782980e+01,1.192413e-10,3.700788e-09,3.700788e-11
1.783269e+01,1.139158e-10,3.525828e-09,3.525828e-11
1.783558e+01,1.087762e-10,3.361532e-09,3.361532e-11
1.783847e+01,1.038955e-10,3.208071e-09,3.208071e-11
1.784136e+01,9.933839e-11,3.065252e-09,3.065252e-11
1.784424e+01,9.516152e-11,2.932819e-09,2.932819e-11
1.784713e+01,9.141281e-11,2.810812e-09,2.810812e-11
1.785002e+01,8.813318e-11,2.699933e-09,2.699933e-11
1.785291e+01,8.535621e-11,2.601853e-09,2.601853e-11
1.785579e+01,8.310895e-11,2.519390e-09,2.519390e-11
1.785868e+01,8.141495e-11,2.456479e-09,2.456479e-11
1.786157e+01,8.029368e-11,2.417861e-09,2.417861e-11
1.786446e+01,7.975965e-11,2.408465e-09,2.408465e-11
1.786735e+01,7.982084e-11,2.432528e-09,2.432528e-11
1.787023e+01,8.047554e-11,2.492711e-09,2.492711e-11
1.787312e+01,8.171094e-11,2.589558e-09,2.589558e-11
1.787601e+01,8.350324e-11,2.721391e-09,2.721391e-11
1.787890e+01,8.581764e-11,2.884667e-09,2.884667e-11
1.788179e+01,8.861083e-11,3.074608e-09,3.074608e-11
1.788467e+01,9.183363e-11,3.285847e-09,3.285847e-11
1.788756e+01,9.543181e-11,3.512900e-09,3.512900e-11
1.789045e+01,9.934627e-11,3.750432e-09,3.750432e-11
1.789334e+01,1.035134e-10,3.993418e-09,3.993418e-11
1.789623e+01,1.078661e-10,4.237230e-09,4.237230e-11
1.789911e+01,1.123361e-10,4.477666e-09,4.477666e-11
1.790200e+01,1.168562e-10,4.710939e-09,4.710939e-11
1.790489e+01,1.213622e-10,4.933663e-09,4.933663e-11
1.790778e+01,1.257959e-10,5.142879e-09,5.142879e-11
1.791066e+01,1.301053e-10,5.336076e-09,5.336076e-11
1.791355e+01,1.342435e-10,5.511185e-09,5.511185e-11
1.791644e+01,1.381662e-10,5.666571e-09,5.666571e-11
1.791933e+01,1.418296e-10,5.801065e-09,5.801065e-11
1.792222e+01,1.451895e-10,5.913964e-09,5.913964e-11
1.792510e+01,1.482008e-10,6.004978e-09,6.004978e-11
1.792799e+01,1.508196e-10,6.074188e-09,6.074188e-11
1.793088e+01,1.530049e-10,6.122006e-09,6.122006e-11
1.793377e+01,1.547207e-10,6.149094e-09,6.149094e-11
1.793666e+01,1.559377e-10,6.156237e-09,6.156237e-11
1.793954e+01,1.566313e-10,6.144280e-09,6.144280e-11
1.794243e+01,1.567834e-10,6.114080e-09,6.114080e-11
1.794532e+01,1.563816e-10,6.066482e-09,6.066482e-11
1.794821e+01,1.554221e-10,6.002318e-09,6.002318e-11
1.795109e+01,1.539117e-10,5.922435e-09,5.922435e-11
1.795398e+01,1.518691e-10,5.827750e-09,5.827750e-11
1.795687e+01,1.493277e-10,5.719268e-09,5.719268e-11
1.795976e+01,1.463322e-10,5.598130e-09,5.598130e-11
1.796265e+01,1.429366e-10,5.465640e-09,5.465640e-11
1.796553e+01,1.392023e-10,5.323252e-09,5.323252e-11
1.796842e+01,1.351930e-10,5.172523e-09,5.172523e-11
1.797131e+01,1.309737e-10,5.015073e-09,5.015073e-11
1.797420e+01,1.266087e-10,4.852528e-09,4.852528e-11
1.797709e+01,1.221610e-10,4.686436e-09,4.686436e-11
1.797997e+01,1.176929e-10,4.518234e-09,4.518234e-11
1.798286e+01,1.132666e-10,4.349250e-09,4.349250e-11
1.798575e+01,1.089418e-10,4.180712e-09,4.180712e-11
1.798864e+01,1.047744e-10,4.013804e-09,4.013804e-11
1.799153e+01,1.008162e-10,3.849770e-09,3.849770e-11
1.799441e+01,9.711390e-11,3.690014e-09,3.690014e-11
1.799730e+01,9.370903e-11,3.536168e-09,3.536168e-11
1.800019e+01,9.063912e-11,3.390132e-09,3.390132e-11
1.800308e+01,8.793819e-11,3.254068e-09,3.254068e-11
1.800596e+01,8.563583e-11,3.130296e-09,3.130296e-11
1.800885e+01,8.375607e-11,3.021132e-09,3.021132e-11
1.801174e+01,8.231557e-11,2.928676e-09,2.928676e-11
1.801463e+01,8.132159e-11,2.854584e-09,2.854584e-11
1.801752e+01,8.077018e-11,2.799858e-09,2.799858e-11
1.802040e+01,8.064834e-11,2.764767e-09,2.764767e-11
1.802329e+01,8.093424e-11,2.748832e-09,2.748832e-11
1.802618e+01,8.159700e-11,2.750878e-09,2.750878e-11
1.802907e+01,8.259944e-11,2.769196e-09,2.769196e-11
1.803196e+01,8.389836e-11,2.801728e-09,2.801728e-11
1.803484e+01,8.544615e-11,2.846251e-09,2.846251e-11
1.803773e+01,8.719274e-11,2.900509e-09,2.900509e-11
1.804062e+01,8.908751e-11,2.962312e-09,2.962312e-11
1.804351e+01,9.108263e-11,3.029617e-09,3.029617e-11
1.804640e+01,9.313504e-11,3.100574e-09,3.100574e-11
1.804928e+01,9.520852e-11,3.173565e-09,3.173565e-11
1.805217e+01,9.727488e-11,3.247231e-09,3.247231e-11
1.805506e+01,9.931202e-11,3.320468e-09,3.320468e-11
1.805795e+01,1.013019e-10,3.392419e-09,3.392419e-11
1.806083e+01,1.032291e-10,3.462448e-09,3.462448e-11
1.806372e+01,1.050804e-10,3.530095e-09,3.530095e-11
1.806661e+01,1.068445e-10,3.595048e-09,3.595048e-11
1.806950e+01,1.085125e-10,3.657115e-09,3.657115e-11
1.807239e+01,1.100781e-10,3.716181e-09,3.716181e-11
1.807527e+01,1.115385e-10,3.772204e-09,3.772204e-11
1.807816e+01,1.128925e-10,3.825205e-09,3.825205e-11
1.808105e+01,1.141390e-10,3.875275e-09,3.875275e-11
1.808394e+01,1.152757e-10,3.922581e-09,3.922581e-11
1.808683e+01,1.162997e-10,3.967369e-09,3.967369e-11
1.808971e+01,1.172088e-10,4.009955e-09,4.009955e-11
1.809260e+01,1.180035e-10,4.050732e-09,4.050732e-11
1.809549e+01,1.186897e-10,4.090154e-09,4.090154e-11
1.809838e+01,1.192782e-10,4.128681e-09,4.128681e-11
1.810126e+01,1.197831e-10,4.166741e-09,4.166741e-11
1.810415e+01,1.202216e-10,4.204707e-09,4.204707e-11
1.810704e+01,1.206102e-10,4.242837e-09,4.242837e-11
1.810993e+01,1.209613e-10,4.281226e-09,4.281226e-11
1.811282e+01,1.212837e-10,4.319775e-09,4.319775e-11
1.811570e+01,1.215832e-10,4.358194e-09,4.358194e-11
1.811859e+01,1.218630e-10,4.395996e-09,4.395996e-11
1.812148e+01,1.221240e-10,4.432486e-09,4.432486e-11
1.812437e+01,1.223644e-10,4.466777e-09,4.466777e-11
1.812726e+01,1.225801e-10,4.497819e-09,4.497819e-11
1.813014e+01,1.227611e-10,4.524430e-09,4.524430e-11
1.813303e+01,1.228923e-10,4.545350e-09,4.545350e-11
1.813592e+01,1.229551e-10,4.559265e-09,4.559265e-11
1.813881e+01,1.229271e-10,4.564824e-09,4.564824e-11
1.814170e+01,1.227854e-10,4.560738e-09,4.560738e-11
1.814458e+01,1.225103e-10,4.545877e-09,4.545877e-11
1.814747e+01,1.220852e-10,4.519288e-09,4.519288e-11
1.815036e+01,1.214962e-10,4.480220e-09,4.480220e-11
1.815325e+01,1.207315e-10,4.428211e-09,4.428211e-11
1.815613e+01,1.197807e-10,4.363140e-09,4.363140e-11
1.815902e+01,1.186360e-10,4.285240e-09,4.285240e-11
1.816191e+01,1.172920e-10,4.195110e-09,4.195110e-11
1.816480e+01,1.157483e-10,4.093717e-09,4.093717e-11
1.816769e+01,1.140114e-10,3.982379e-09,3.982379e-11
1.817057e+01,1.120942e-10,3.862720e-09,3.862720e-11
1.817346e+01,1.100156e-10,3.736632e-09,3.736632e-11
1.817635e+01,1.077991e-10,3.606198e-09,3.606198e-11
1.817924e+01,1.054707e-10,3.473611e-09,3.473611e-11
1.818213e+01,1.030584e-10,3.341111e-09,3.341111e-11
1.818501e+01,1.005902e-10,3.210910e-09,3.210910e-11
1.818790e+01,9.809528e-11,3.085093e-09,3.085093e-11
1.819079e+01,9.560456e-11,2.965528e-09,2.965528e-11
1.819368e+01,9.314980e-11,2.853846e-09,2.853846e-11
1.819657e+01,9.076315e-11,2.751377e-09,2.751377e-11
1.819945e+01,8.847426e-11,2.659086e-09,2.659086e-11
1.820234e+01,8.630970e-11,2.577601e-09,2.577601e-11
1.820523e+01,8.429254e-11,2.507216e-09,2.507216e-11
1.820812e+01,8.244120e-11,2.447895e-09,2.447895e-11
1.821100e+01,8.077099e-11,2.399353e-09,2.399353e-11
1.821389e+01,7.929747e-11,2.361140e-09,2.361140e-11
1.821678e+01,7.803667e-11,2.332684e-09,2.332684e-11
1.821967e+01,7.700344e-11,2.313350e-09,2.313350e-11
1.822256e+01,7.621357e-11,2.302537e-09,2.302537e-11
1.822544e+01,7.568283e-11,2.299725e-09,2.299725e-11
1.822833e+01,7.542513e-11,2.304488e-09,2.304488e-11
1.823122e+01,7.545236e-11,2.316492e-09,2.316492e-11
1.823411e+01,7.577368e-11,2.335515e-09,2.335515e-11
1.823700e+01,7.639646e-11,2.361448e-09,2.361448e-11
1.823988e+01,7.732520e-11,2.394255e-09,2.394255e-11
1.824277e+01,7.855916e-11,2.433931e-09,2.433931e-11
1.824566e+01,8.009155e-11,2.480481e-09,2.480481e-11
1.824855e+01,8.190979e-11,2.533919e-09,2.533919e-11
1.825143e+01,8.399485e-11,2.594229e-09,2.594229e-11
1.825432e+01,8.632077e-11,2.661358e-09,2.661358e-11
1.825721e+01,8.885756e-11,2.735240e-09,2.735240e-11
1.826010e+01,9.157280e-11,2.815819e-09,2.815819e-11
1.826299e+01,9.443157e-11,2.903065e-09,2.903065e-11
1.826587e+01,9.739864e-11,2.997002e-09,2.997002e-11
1.826876e+01,1.004376e-10,3.097698e-09,3.097698e-11
1.827165e+01,1.035109e-10,3.205230e-09,3.205230e-11
1.827454e+01,1.065807e-10,3.319617e-09,3.319617e-11
1.827743e+01,1.096095e-10,3.440733e-09,3.440733e-11
1.828031e+01,1.125622e-10,3.568205e-09,3.568205e-11
1.828320e+01,1.154067e-10,3.701317e-09,3.701317e-11
1.828609e+01,1.181143e-10,3.838956e-09,3.838956e-11
1.828898e+01,1.206584e-10,3.979569e-09,3.979569e-11
1.829187e+01,1.230127e-10,4.121173e-09,4.121173e-11
1.829475e+01,1.251512e-10,4.261425e-09,4.261425e-11
1.829764e+01,1.270474e-10,4.397690e-09,4.397690e-11
1.830053e+01,1.286748e-10,4.527128e-09,4.527128e-11
1.830342e+01,1.300095e-10,4.646825e-09,4.646825e-11
1.830630e+01,1.310333e-10,4.753929e-09,4.753929e-11
1.830919e+01,1.317354e-10,4.845750e-09,4.845750e-11
1.831208e+01,1.321108e-10,4.919859e-09,4.919859e-11
1.831497e+01,1.321617e-10,4.974191e-09,4.974191e-11
1.831786e+01,1.318963e-10,5.007135e-09,5.007135e-11
1.832074e+01,1.313259e-10,5.017592e-09,5.017592e-11
1.832363e+01,1.304647e-10,5.005007e-09,5.005007e-11
1.832652e+01,1.293300e-10,4.969393e-09,4.969393e-11
1.832941e+01,1.279413e-10,4.911338e-09,4.911338e-11
1.833230e+01,1.263205e-10,4.831980e-09,4.831980e-11
1.833518e+01,1.244906e-10,4.732933e-09,4.732933e-11
1.833807e+01,1.224733e-10,4.616210e-09,4.616210e-11
1.834096e+01,1.202876e-10,4.484126e-09,4.484126e-11
1.834385e+01,1.179493e-10,4.339181e-09,4.339181e-11
1.834674e+01,1.154702e-10,4.183937e-09,4.183937e-11
1.834962e+01,1.128600e-10,4.020929e-09,4.020929e-11
1.835251e+01,1.101296e-10,3.852618e-09,3.852618e-11
1.835540e+01,1.072930e-10,3.681392e-09,3.681392e-11
1.835829e+01,1.043674e-10,3.509616e-09,3.509616e-11
1.836117e+01,1.013748e-10,3.339725e-09,3.339725e-11
1.836406e+01,9.834105e-11,3.174330e-09,3.174330e-11
1.836695e+01,9.529534e-11,3.016287e-09,3.016287e-11
1.836984e+01,9.226917e-11,2.868692e-09,2.868692e-11
1.837273e+01,8.929675e-11,2.734758e-09,2.734758e-11
1.837561e+01,8.641382e-11,2.617547e-09,2.617547e-11
1.837850e+01,8.365741e-11,2.519584e-09,2.519584e-11
1.838139e+01,8.106503e-11,2.442446e-09,2.442446e-11
1.838428e+01,7.867219e-11,2.386405e-09,2.386405e-11
1.838717e+01,7.650924e-11,2.350265e-09,2.350265e-11
1.839005e+01,7.459971e-11,2.331515e-09,2.331515e-11
1.839294e+01,7.296095e-11,2.326752e-09,2.326752e-11
1.839583e+01,7.160521e-11,2.332199e-09,2.332199e-11
1.839872e+01,7.053968e-11,2.344214e-09,2.344214e-11
1.840160e+01,6.976932e-11,2.359728e-09,2.359728e-11
1.840449e+01,6.930017e-11,2.376533e-09,2.376533e-11
1.840738e+01,6.913748e-11,2.393337e-09,2.393337e-11
1.841027e+01,6.928531e-11,2.409699e-09,2.409699e-11
1.841316e+01,6.974634e-11,2.425933e-09,2.425933e-11
1.841604e+01,7.051995e-11,2.442952e-09,2.442952e-11
1.841893e+01,7.160271e-11,2.462058e-09,2.462058e-11
1.842182e+01,7.298774e-11,2.484736e-09,2.484736e-11
1.842471e+01,7.466466e-11,2.512488e-09,2.512488e-11
1.842760e+01,7.661942e-11,2.546686e-09,2.546686e-11
1.843048e+01,7.883217e-11,2.588420e-09,2.588420e-11
1.843337e+01,8.127634e-11,2.638384e-09,2.638384e-11
1.843626e+01,8.391786e-11,2.696783e-09,2.696783e-11
1.843915e+01,8.671552e-11,2.763261e-09,2.763261e-11
1.844204e+01,8.962208e-11,2.836885e-09,2.836885e-11
1.844492e+01,9.258741e-11,2.916205e-09,2.916205e-11
1.844781e+01,9.556363e-11,2.999385e-09,2.999385e-11
1.845070e+01,9.850613e-11,3.084342e-09,3.084342e-11
1.845359e+01,1.013752e-10,3.168944e-09,3.168944e-11
1.845647e+01,1.041382e-10,3.251204e-09,3.251204e-11
1.845936e+01,1.067699e-10,3.329449e-09,3.329449e-11
1.846225e+01,1.092527e-10,3.402421e-09,3.402421e-11
1.846514e+01,1.115751e-10,3.469315e-09,3.469315e-11
1.846803e+01,1.137336e-10,3.529780e-09,3.529780e-11
1.847091e+01,1.157315e-10,3.583857e-09,3.583857e-11
1.847380e+01,1.175753e-10,3.631873e-09,3.631873e-11
1.847669e+01,1.192749e-10,3.674337e-09,3.674337e-11
1.847958e+01,1.208396e-10,3.711836e-09,3.711836e-11
1.848247e+01,1.222732e-10,3.744886e-09,3.744886e-11
1.848535e+01,1.235734e-10,3.773846e-09,3.773846e-11
1.848824e+01,1.247334e-10,3.798882e-09,3.798882e-11
1.849113e+01,1.257418e-10,3.819953e-09,3.819953e-11
1.849402e+01,1.265853e-10,3.836807e-09,3.836807e-11
1.849691e+01,1.272509e-10,3.849037e-09,3.849037e-11
1.849979e+01,1.277272e-10,3.856182e-09,3.856182e-11
1.850268e+01,1.280063e-10,3.857825e-09,3.857825e-11
1.850557e+01,1.280828e-10,3.853689e-09,3.853689e-11
1.850846e+01,1.279544e-10,3.843707e-09,3.843707e-11
1.851134e+01,1.276232e-10,3.828091e-09,3.828091e-11
1.851423e+01,1.270968e-10,3.807361e-09,3.807361e-11
1.851712e+01,1.263901e-10,3.782323e-09,3.782323e-11
1.852001e+01,1.255242e-10,3.754049e-09,3.754049e-11
1.852290e+01,1.245260e-10,3.723823e-09,3.723823e-11
1.852578e+01,1.234246e-10,3.693088e-09,3.693088e-11
1.852867e+01,1.222488e-10,3.663408e-09,3.663408e-11
1.853156e+01,1.210262e-10,3.636422e-09,3.636422e-11
1.853445e+01,1.197804e-10,3.613771e-09,3.613771e-11
1.853734e+01,1.185302e-10,3.597033e-09,3.597033e-11
1.854022e+01,1.172929e-10,3.587669e-09,3.587669e-11
1.854311e+01,1.160834e-10,3.586932e-09,3.586932e-11
1.854600e+01,1.149144e-10,3.595783e-09,3.595783e-11
1.854889e+01,1.137980e-10,3.614773e-09,3.614773e-11
1.855177e+01,1.127410e-10,3.643939e-09,3.643939e-11
1.855466e+01,1.117468e-10,3.682745e-09,3.682745e-11
1.855755e+01,1.108155e-10,3.730043e-09,3.730043e-11
1.856044e+01,1.099438e-10,3.784049e-09,3.784049e-11
1.856333e+01,1.091259e-10,3.842383e-09,3.842383e-11
1.856621e+01,1.083555e-10,3.902181e-09,3.902181e-11
1.856910e+01,1.076264e-10,3.960226e-09,3.960226e-11
1.857199e+01,1.069285e-10,4.013105e-09,4.013105e-11
1.857488e+01,1.062479e-10,4.057392e-09,4.057392e-11
1.857777e+01,1.055675e-10,4.089844e-09,4.089844e-11
1.858065e+01,1.048651e-10,4.107558e-09,4.107558e-11
1.858354e+01,1.041150e-10,4.108114e-09,4.108114e-11
1.858643e+01,1.032920e-10,4.089719e-09,4.089719e-11
1.858932e+01,1.023753e-10,4.051324e-09,4.051324e-11
1.859221e+01,1.013486e-10,3.992672e-09,3.992672e-11
1.859509e+01,1.002023e-10,3.914333e-09,3.914333e-11
1.859798e+01,9.893193e-11,3.817698e-09,3.817698e-11
1.860087e+01,9.753821e-11,3.704951e-09,3.704951e-11
1.860376e+01,9.602693e-11,3.578980e-09,3.578980e-11
1.860664e+01,9.440980e-11,3.443252e-09,3.443252e-11
1.860953e+01,9.270502e-11,3.301631e-09,3.301631e-11
1.861242e+01,9.093746e-11,3.158164e-09,3.158164e-11
1.861531e+01,8.913908e-11,3.016820e-09,3.016820e-11
1.861820e+01,8.734857e-11,2.881236e-09,2.881236e-11
1.862108e+01,8.560672e-11,2.754453e-09,2.754453e-11
1.862397e+01,8.395176e-11,2.638717e-09,2.638717e-11
1.862686e+01,8.241858e-11,2.535375e-09,2.535375e-11
1.862975e+01,8.103730e-11,2.444895e-09,2.444895e-11
1.863264e+01,7.983087e-11,2.367013e-09,2.367013e-11
1.863552e+01,7.881723e-11,2.301012e-09,2.301012e-11
1.863841e+01,7.801157e-11,2.246031e-09,2.246031e-11
1.864130e+01,7.742444e-11,2.201350e-09,2.201350e-11
1.864419e+01,7.706114e-11,2.166613e-09,2.166613e-11
1.864708e+01,7.692236e-11,2.141944e-09,2.141944e-11
1.864996e+01,7.700303e-11,2.127916e-09,2.127916e-11
1.865285e+01,7.729254e-11,2.125399e-09,2.125399e-11
1.865574e+01,7.777605e-11,2.135320e-09,2.135320e-11
1.865863e+01,7.843605e-11,2.158389e-09,2.158389e-11
1.866151e+01,7.925348e-11,2.194838e-09,2.194838e-11
1.866440e+01,8.020888e-11,2.244249e-09,2.244249e-11
1.866729e+01,8.128253e-11,2.305473e-09,2.305473e-11
1.867018e+01,8.245159e-11,2.376652e-09,2.376652e-11
1.867307e+01,8.369062e-11,2.455355e-09,2.455355e-11
1.867595e+01,8.497259e-11,2.538747e-09,2.538747e-11
1.867884e+01,8.626814e-11,2.623757e-09,2.623757e-11
1.868173e+01,8.754785e-11,2.707265e-09,2.707265e-11
1.868462e+01,8.878323e-11,2.786248e-09,2.786248e-11
1.868751e+01,8.994689e-11,2.857891e-09,2.857891e-11
1.869039e+01,9.101388e-11,2.919696e-09,2.919696e-11
1.869328e+01,9.196075e-11,2.969597e-09,2.969597e-11
1.869617e+01,9.276484e-11,3.006022e-09,3.006022e-11
1.869906e+01,9.340536e-11,3.027940e-09,3.027940e-11
1.870195e+01,9.386603e-11,3.034930e-09,3.034930e-11
1.870483e+01,9.413613e-11,3.027239e-09,3.027239e-11
1.870772e+01,9.421135e-11,3.005775e-09,3.005775e-11
1.871061e+01,9.409489e-11,2.972080e-09,2.972080e-11
1.871350e+01,9.379553e-11,2.928284e-09,2.928284e-11
1.871638e+01,9.332714e-11,2.877014e-09,2.877014e-11
1.871927e+01,9.270717e-11,2.821233e-09,2.821233e-11
1.872216e+01,9.195364e-11,2.764012e-09,2.764012e-11
1.872505e+01,9.108546e-11,2.708274e-09,2.708274e-11
1.872794e+01,9.012358e-11,2.656544e-09,2.656544e-11
1.873082e+01,8.908963e-11,2.610697e-09,2.610697e-11
1.873371e+01,8.800463e-11,2.571762e-09,2.571762e-11
1.873660e+01,8.688860e-11,2.539853e-09,2.539853e-11
1.873949e+01,8.575874e-11,2.514264e-09,2.514264e-11
1.874238e+01,8.462832e-11,2.493642e-09,2.493642e-11
1.874526e+01,8.350611e-11,2.476232e-09,2.476232e-11
1.874815e+01,8.239694e-11,2.460173e-09,2.460173e-11
1.875104e+01,8.130477e-11,2.443778e-09,2.443778e-11
1.875393e+01,8.023461e-11,2.425741e-09,2.425741e-11
1.875681e+01,7.919314e-11,2.405268e-09,2.405268e-11
1.875970e+01,7.818955e-11,2.382116e-09,2.382116e-11
1.876259e+01,7.723570e-11,2.356576e-09,2.356576e-11
1.876548e+01,7.634430e-11,2.329374e-09,2.329374e-11
1.876837e+01,7.552875e-11,2.301536e-09,2.301536e-11
1.877125e+01,7.480453e-11,2.274263e-09,2.274263e-11
1.877414e+01,7.418820e-11,2.248785e-09,2.248785e-11
1.877703e+01,7.369733e-11,2.226220e-09,2.226220e-11
1.877992e+01,7.335101e-11,2.207512e-09,2.207512e-11
1.878281e+01,7.316781e-11,2.193402e-09,2.193402e-11
1.878569e+01,7.316229e-11,2.184438e-09,2.184438e-11
1.878858e+01,7.334384e-11,2.181067e-09,2.181067e-11
1.879147e+01,7.371674e-11,2.183733e-09,2.183733e-11
1.879436e+01,7.427936e-11,2.192943e-09,2.192943e-11
1.879725e+01,7.502562e-11,2.209325e-09,2.209325e-11
1.880013e+01,7.594799e-11,2.233670e-09,2.233670e-11
1.880302e+01,7.703886e-11,2.266915e-09,2.266915e-11
1.880591e+01,7.829126e-11,2.310110e-09,2.310110e-11
1.880880e+01,7.969897e-11,2.364321e-09,2.364321e-11
1.881168e+01,8.125534e-11,2.430518e-09,2.430518e-11
1.881457e+01,8.295213e-11,2.509487e-09,2.509487e-11
1.881746e+01,8.478123e-11,2.601750e-09,2.601750e-11
1.882035e+01,8.673445e-11,2.707468e-09,2.707468e-11
1.882324e+01,8.880259e-11,2.826390e-09,2.826390e-11
1.882612e+01,9.097838e-11,2.957850e-09,2.957850e-11
1.882901e+01,9.325358e-11,3.100769e-09,3.100769e-11
1.883190e+01,9.561585e-11,3.253653e-09,3.253653e-11
1.883479e+01,9.804907e-11,3.414625e-09,3.414625e-11
1.883768e+01,1.005297e-10,3.581465e-09,3.581465e-11
1.884056e+01,1.030256e-10,3.751648e-09,3.751648e-11
1.884345e+01,1.054986e-10,3.922406e-09,3.922406e-11
1.884634e+01,1.079065e-10,4.090789e-09,4.090789e-11
1.884923e+01,1.102060e-10,4.253742e-09,4.253742e-11
1.885212e+01,1.123542e-10,4.408181e-09,4.408181e-11
1.885500e+01,1.143110e-10,4.551093e-09,4.551093e-11
1.885789e+01,1.160418e-10,4.679641e-09,4.679641e-11
1.886078e+01,1.175186e-10,4.791240e-09,4.791240e-11
1.886367e+01,1.187205e-10,4.883642e-09,4.883642e-11
1.886655e+01,1.196368e-10,4.954997e-09,4.954997e-11
1.886944e+01,1.202679e-10,5.003899e-09,5.003899e-11
1.887233e+01,1.206252e-10,5.029421e-09,5.029421e-11
1.887522e+01,1.207310e-10,5.031126e-09,5.031126e-11
1.887811e+01,1.206169e-10,5.009076e-09,5.009076e-11
1.888099e+01,1.203202e-10,4.963852e-09,4.963852e-11
1.888388e+01,1.198809e-10,4.896574e-09,4.896574e-11
1.888677e+01,1.193400e-10,4.808934e-09,4.808934e-11
1.888966e+01,1.187365e-10,4.703230e-09,4.703230e-11
1.889255e+01,1.181070e-10,4.582418e-09,4.582418e-11
1.889543e+01,1.174833e-10,4.450139e-09,4.450139e-11
1.889832e+01,1.168910e-10,4.310693e-09,4.310693e-11
1.890121e+01,1.163475e-10,4.168966e-09,4.168966e-11
1.890410e+01,1.158617e-10,4.030269e-09,4.030269e-11
1.890698e+01,1.154332e-10,3.899999e-09,3.899999e-11
1.890987e+01,1.150523e-10,3.783194e-09,3.783194e-11
1.891276e+01,1.147035e-10,3.683986e-09,3.683986e-11
1.891565e+01,1.143677e-10,3.605020e-09,3.605020e-11
1.891854e+01,1.140240e-10,3.547010e-09,3.547010e-11
1.892142e+01,1.136525e-10,3.508590e-09,3.508590e-11
1.892431e+01,1.132340e-10,3.486482e-09,3.486482e-11
1.892720e+01,1.127510e-10,3.475977e-09,3.475977e-11
1.893009e+01,1.121887e-10,3.471632e-09,3.471632e-11
1.893298e+01,1.115355e-10,3.468003e-09,3.468003e-11
1.893586e+01,1.107844e-10,3.460266e-09,3.460266e-11
1.893875e+01,1.099363e-10,3.444670e-09,3.444670e-11
1.894164e+01,1.090003e-10,3.418809e-09,3.418809e-11
1.894453e+01,1.079938e-10,3.381737e-09,3.381737e-11
1.894742e+01,1.069417e-10,3.333931e-09,3.333931e-11
1.895030e+01,1.058725e-10,3.277149e-09,3.277149e-11
1.895319e+01,1.048167e-10,3.214265e-09,3.214265e-11
1.895608e+01,1.038055e-10,3.149007e-09,3.149007e-11
1.895897e+01,1.028683e-10,3.085618e-09,3.085618e-11
1.896185e+01,1.020329e-10,3.028498e-09,3.028498e-11
1.896474e+01,1.013249e-10,2.981821e-09,2.981821e-11
1.896763e+01,1.007673e-10,2.949131e-09,2.949131e-11
1.897052e+01,1.003783e-10,2.933006e-09,2.933006e-11
1.897341e+01,1.001695e-10,2.934841e-09,2.934841e-11
1.897629e+01,1.001456e-10,2.954767e-09,2.954767e-11
1.897918e+01,1.003029e-10,2.991729e-09,2.991729e-11
1.898207e+01,1.006301e-10,3.043709e-09,3.043709e-11
1.898496e+01,1.011109e-10,3.108037e-09,3.108037e-11
1.898785e+01,1.017250e-10,3.181697e-09,3.181697e-11
1.899073e+01,1.024509e-10,3.261584e-09,3.261584e-11
1.899362e+01,1.032669e-10,3.344697e-09,3.344697e-11
1.899651e+01,1.041504e-10,3.428262e-09,3.428262e-11
1.899940e+01,1.050770e-10,3.509793e-09,3.509793e-11
1.900229e+01,1.060209e-10,3.587126e-09,3.587126e-11
1.900517e+01,1.069573e-10,3.658419e-09,3.658419e-11
1.900806e+01,1.078621e-10,3.722130e-09,3.722130e-11
1.901095e+01,1.087146e-10,3.777047e-09,3.777047e-11
1.901384e+01,1.094998e-10,3.822289e-09,3.822289e-11
1.901672e+01,1.102067e-10,3.857276e-09,3.857276e-11
1.901961e+01,1.108281e-10,3.881745e-09,3.881745e-11
1.902250e+01,1.113595e-10,3.895802e-09,3.895802e-11
1.902539e+01,1.117991e-10,3.899940e-09,3.899940e-11
1.902828e+01,1.121471e-10,3.895044e-09,3.895044e-11
1.903116e+01,1.124074e-10,3.882414e-09,3.882414e-11
1.903405e+01,1.125888e-10,3.863794e-09,3.863794e-11
1.903694e+01,1.127048e-10,3.841372e-09,3.841372e-11
1.903983e+01,1.127740e-10,3.817756e-09,3.817756e-11
1.904272e+01,1.128181e-10,3.795933e-09,3.795933e-11
1.904560e+01,1.128585e-10,3.779177e-09,3.779177e-11
1.904849e+01,1.129139e-10,3.770898e-09,3.770898e-11
1.905138e+01,1.129986e-10,3.774441e-09,3.774441e-11
1.905427e+01,1.131215e-10,3.792801e-09,3.792801e-11
1.905715e+01,1.132852e-10,3.828315e-09,3.828315e-11
1.906004e+01,1.134877e-10,3.882359e-09,3.882359e-11
1.906293e+01,1.137212e-10,3.955081e-09,3.955081e-11
1.906582e+01,1.139700e-10,4.045242e-09,4.045242e-11
1.906871e+01,1.142114e-10,4.150186e-09,4.150186e-11
1.907159e+01,1.144149e-10,4.265959e-09,4.265959e-11
1.907448e+01,1.145429e-10,4.387543e-09,4.387543e-11
1.907737e+01,1.145547e-10,4.509152e-09,4.509152e-11
1.908026e+01,1.144083e-10,4.624571e-09,4.624571e-11
1.908315e+01,1.140632e-10,4.727502e-09,4.727502e-11
1.908603e+01,1.134844e-10,4.811905e-09,4.811905e-11
1.908892e+01,1.126426e-10,4.872284e-09,4.872284e-11
1.909181e+01,1.115151e-10,4.903950e-09,4.903950e-11
1.909470e+01,1.100864e-10,4.903231e-09,4.903231e-11
1.909759e+01,1.083491e-10,4.867639e-09,4.867639e-11
1.910047e+01,1.063064e-10,4.795987e-09,4.795987e-11
1.910336e+01,1.039733e-10,4.688438e-09,4.688438e-11
1.910625e+01,1.013764e-10,4.546528e-09,4.546528e-11
1.910914e+01,9.855563e-11,4.373131e-09,4.373131e-11
1.911202e+01,9.556265e-11,4.172403e-09,4.172403e-11
1.911491e+01,9.245752e-11,3.949685e-09,3.949685e-11
1.911780e+01,8.930680e-11,3.711404e-09,3.711404e-11
1.912069e+01,8.618138e-11,3.464968e-09,3.464968e-11
1.912358e+01,8.315684e-11,3.218659e-09,3.218659e-11
1.912646e+01,8.031173e-11,2.981455e-09,2.981455e-11
1.912935e+01,7.772621e-11,2.762770e-09,2.762770e-11
1.913224e+01,7.548097e-11,2.571971e-09,2.571971e-11
1.913513e+01,7.365313e-11,2.417539e-09,2.417539e-11
1.913802e+01,7.231250e-11,2.305901e-09,2.305901e-11
1.914090e+01,7.151751e-11,2.240181e-09,2.240181e-11
1.914379e+01,7.131244e-11,2.219447e-09,2.219447e-11
1.914668e+01,7.172591e-11,2.239032e-09,2.239032e-11
1.914957e+01,7.277070e-11,2.291910e-09,2.291910e-11
1.915246e+01,7.444697e-11,2.370492e-09,2.370492e-11
1.915534e+01,7.674279e-11,2.468090e-09,2.468090e-11
1.915823e+01,7.963398e-11,2.579719e-09,2.579719e-11
1.916112e+01,8.308434e-11,2.702313e-09,2.702313e-11
1.916401e+01,8.704509e-11,2.834534e-09,2.834534e-11
1.916689e+01,9.145689e-11,2.976373e-09,2.976373e-11
1.916978e+01,9.625084e-11,3.128599e-09,3.128599e-11
1.917267e+01,1.013494e-10,3.292154e-09,3.292154e-11
1.917556e+01,1.066706e-10,3.467603e-09,3.467603e-11
1.917845e+01,1.121313e-10,3.654681e-09,3.654681e-11
1.918133e+01,1.176464e-10,3.851967e-09,3.851967e-11
1.918422e+01,1.231307e-10,4.056765e-09,4.056765e-11
1.918711e+01,1.284988e-10,4.265170e-09,4.265170e-11
1.919000e+01,1.336625e-10,4.472286e-09,4.472286e-11
1.919289e+01,1.385344e-10,4.672549e-09,4.672549e-11
1.919577e+01,1.430290e-10,4.860132e-09,4.860132e-11
1.919866e+01,1.470672e-10,5.029349e-09,5.029349e-11
1.920155e+01,1.505806e-10,5.175014e-09,5.175014e-11
1.920444e+01,1.535127e-10,5.292739e-09,5.292739e-11
1.920732e+01,1.558221e-10,5.379196e-09,5.379196e-11
1.921021e+01,1.574844e-10,5.432281e-09,5.432281e-11
1.921310e+01,1.584931e-10,5.451211e-09,5.451211e-11
1.921599e+01,1.588599e-10,5.436544e-09,5.436544e-11
1.921888e+01,1.586154e-10,5.390118e-09,5.390118e-11
1.922176e+01,1.578088e-10,5.314921e-09,5.314921e-11
1.922465e+01,1.565077e-10,5.214945e-09,5.214945e-11
1.922754e+01,1.547946e-10,5.094976e-09,5.094976e-11
1.923043e+01,1.527604e-10,4.960343e-09,4.960343e-11
1.923332e+01,1.504991e-10,4.816654e-09,4.816654e-11
1.923620e+01,1.481027e-10,4.669551e-09,4.669551e-11
1.923909e+01,1.456549e-10,4.524426e-09,4.524426e-11
1.924198e+01,1.432287e-10,4.386130e-09,4.386130e-11
1.924487e+01,1.408822e-10,4.258698e-09,4.258698e-11
1.924776e+01,1.386598e-10,4.145120e-09,4.145120e-11
1.925064e+01,1.365931e-10,4.047171e-09,4.047171e-11
1.925353e+01,1.346991e-10,3.965353e-09,3.965353e-11
1.925642e+01,1.329821e-10,3.898972e-09,3.898972e-11
1.925931e+01,1.314361e-10,3.846355e-09,3.846355e-11
1.926219e+01,1.300477e-10,3.805187e-09,3.805187e-11
1.926508e+01,1.287987e-10,3.772900e-09,3.772900e-11
1.926797e+01,1.276715e-10,3.747066e-09,3.747066e-11
1.927086e+01,1.266531e-10,3.725680e-09,3.725680e-11
1.927375e+01,1.257360e-10,3.707324e-09,3.707324e-11
1.927663e+01,1.249176e-10,3.691237e-09,3.691237e-11
1.927952e+01,1.242015e-10,3.677259e-09,3.677259e-11
1.928241e+01,1.235939e-10,3.665686e-09,3.665686e-11
1.928530e+01,1.231011e-10,3.657104e-09,3.657104e-11
1.928819e+01,1.227287e-10,3.652229e-09,3.652229e-11
1.929107e+01,1.224815e-10,3.651780e-09,3.651780e-11
1.929396e+01,1.223626e-10,3.656390e-09,3.656390e-11
1.929685e+01,1.223730e-10,3.666547e-09,3.666547e-11
1.929974e+01,1.225107e-10,3.682581e-09,3.682581e-11
1.930263e+01,1.227702e-10,3.704653e-09,3.704653e-11
1.930551e+01,1.231426e-10,3.732735e-09,3.732735e-11
1.930840e+01,1.236149e-10,3.766579e-09,3.766579e-11
1.931129e+01,1.241733e-10,3.805706e-09,3.805706e-11
1.931418e+01,1.248045e-10,3.849377e-09,3.849377e-11
1.931706e+01,1.254976e-10,3.896585e-09,3.896585e-11
1.931995e+01,1.262447e-10,3.946089e-09,3.946089e-11
1.932284e+01,1.270397e-10,3.996470e-09,3.996470e-11
1.932573e+01,1.278766e-10,4.046206e-09,4.046206e-11
1.932862e+01,1.287470e-10,4.093770e-09,4.093770e-11
1.933150e+01,1.296380e-10,4.137752e-09,4.137752e-11
1.933439e+01,1.305307e-10,4.176920e-09,4.176920e-11
1.933728e+01,1.314014e-10,4.210225e-09,4.210225e-11
1.934017e+01,1.322224e-10,4.236802e-09,4.236802e-11
1.934306e+01,1.329629e-10,4.255977e-09,4.255977e-11
1.934594e+01,1.335919e-10,4.267208e-09,4.267208e-11
1.934883e+01,1.340765e-10,4.270020e-09,4.270020e-11
1.935172e+01,1.343849e-10,4.264014e-09,4.264014e-11
1.935461e+01,1.344869e-10,4.248906e-09,4.248906e-11
1.935749e+01,1.343543e-10,4.224556e-09,4.224556e-11
1.936038e+01,1.339666e-10,4.191071e-09,4.191071e-11
1.936327e+01,1.333142e-10,4.148930e-09,4.148930e-11
1.936616e+01,1.323988e-10,4.099038e-09,4.099038e-11
1.936905e+01,1.312338e-10,4.042745e-09,4.042745e-11
1.937193e+01,1.298449e-10,3.981834e-09,3.981834e-11
1.937482e+01,1.282658e-10,3.918450e-09,3.918450e-11
1.937771e+01,1.265355e-10,3.854937e-09,3.854937e-11
1.938060e+01,1.246950e-10,3.793651e-09,3.793651e-11
1.938349e+01,1.227848e-10,3.736756e-09,3.736756e-11
1.938637e+01,1.208454e-10,3.686013e-09,3.686013e-11
1.938926e+01,1.189150e-10,3.642619e-09,3.642619e-11
1.939215e+01,1.170278e-10,3.607099e-09,3.607099e-11
1.939504e+01,1.152139e-10,3.579278e-09,3.579278e-11
1.939793e+01,1.134991e-10,3.558329e-09,3.558329e-11
1.940081e+01,1.119016e-10,3.542879e-09,3.542879e-11
1.940370e+01,1.104335e-10,3.531168e-09,3.531168e-11
1.940659e+01,1.091022e-10,3.521224e-09,3.521224e-11
1.940948e+01,1.079111e-10,3.511041e-09,3.511041e-11
1.941236e+01,1.068606e-10,3.498736e-09,3.498736e-11
1.941525e+01,1.059496e-10,3.482676e-09,3.482676e-11
1.941814e+01,1.051739e-10,3.461573e-09,3.461573e-11
1.942103e+01,1.045259e-10,3.434576e-09,3.434576e-11
1.942392e+01,1.039936e-10,3.401324e-09,3.401324e-11
1.942680e+01,1.035606e-10,3.361963e-09,3.361963e-11
1.942969e+01,1.032059e-10,3.317141e-09,3.317141e-11
1.943258e+01,1.029062e-10,3.267994e-09,3.267994e-11
1.943547e+01,1.026365e-10,3.216034e-09,3.216034e-11
1.943836e+01,1.023713e-10,3.163016e-09,3.163016e-11
1.944124e+01,1.020844e-10,3.110774e-09,3.110774e-11
1.944413e+01,1.017510e-10,3.061035e-09,3.061035e-11
1.944702e+01,1.013466e-10,3.015224e-09,3.015224e-11
1.944991e+01,1.008494e-10,2.974318e-09,2.974318e-11
1.945280e+01,1.002429e-10,2.938741e-09,2.938741e-11
1.945568e+01,9.951523e-11,2.908310e-09,2.908310e-11
1.945857e+01,9.866234e-11,2.882286e-09,2.882286e-11
1.946146e+01,9.768831e-11,2.859480e-09,2.859480e-11
1.946435e+01,9.660301e-11,2.838390e-09,2.838390e-11
1.946723e+01,9.542146e-11,2.817372e-09,2.817372e-11
1.947012e+01,9.416072e-11,2.794796e-09,2.794796e-11
1.947301e+01,9.283731e-11,2.769166e-09,2.769166e-11
1.947590e+01,9.146886e-11,2.739264e-09,2.739264e-11
1.947879e+01,9.007396e-11,2.704261e-09,2.704261e-11
1.948167e+01,8.867064e-11,2.663795e-09,2.663795e-11
1.948456e+01,8.727789e-11,2.618003e-09,2.618003e-11
1.948745e+01,8.591601e-11,2.567607e-09,2.567607e-11
1.949034e+01,8.460546e-11,2.514004e-09,2.514004e-11
1.949323e+01,8.336607e-11,2.459302e-09,2.459302e-11
1.949611e+01,8.221743e-11,2.406327e-09,2.406327e-11
1.949900e+01,8.117929e-11,2.358591e-09,2.358591e-11
1.950189e+01,8.027273e-11,2.320164e-09,2.320164e-11
1.950478e+01,7.952104e-11,2.295384e-09,2.295384e-11
1.950766e+01,7.894896e-11,2.288413e-09,2.288413e-11
1.951055e+01,7.858247e-11,2.302678e-09,2.302678e-11
1.951344e+01,7.844480e-11,2.340332e-09,2.340332e-11
1.951633e+01,7.855459e-11,2.401868e-09,2.401868e-11
1.951922e+01,7.892452e-11,2.486054e-09,2.486054e-11
1.952210e+01,7.955948e-11,2.590187e-09,2.590187e-11
1.952499e+01,8.045873e-11,2.710536e-09,2.710536e-11
1.952788e+01,8.161502e-11,2.842832e-09,2.842832e-11
1.953077e+01,8.301544e-11,2.982711e-09,2.982711e-11
1.953366e+01,8.464173e-11,3.126017e-09,3.126017e-11
1.953654e+01,8.646914e-11,3.268996e-09,3.268996e-11
1.953943e+01,8.846660e-11,3.408380e-09,3.408380e-11
1.954232e+01,9.059615e-11,3.541402e-09,3.541402e-11
1.954521e+01,9.281509e-11,3.665765e-09,3.665765e-11
1.954810e+01,9.507822e-11,3.779581e-09,3.779581e-11
1.955098e+01,9.734066e-11,3.881317e-09,3.881317e-11
1.955387e+01,9.955950e-11,3.969745e-09,3.969745e-11
1.955676e+01,1.016939e-10,4.043897e-09,4.043897e-11
1.955965e+01,1.037047e-10,4.102998e-09,4.102998e-11
1.956253e+01,1.055527e-10,4.146447e-09,4.146447e-11
1.956542e+01,1.071978e-10,4.173813e-09,4.173813e-11
1.956831e+01,1.086003e-10,4.184810e-09,4.184810e-11
1.957120e+01,1.097214e-10,4.179288e-09,4.179288e-11
1.957409e+01,1.105260e-10,4.157240e-09,4.157240e-11
1.957697e+01,1.109853e-10,4.118816e-09,4.118816e-11
1.957986e+01,1.110781e-10,4.064333e-09,4.064333e-11
1.958275e+01,1.107904e-10,3.994293e-09,3.994293e-11
1.958564e+01,1.101152e-10,3.909400e-09,3.909400e-11
1.958853e+01,1.090530e-10,3.810583e-09,3.810583e-11
1.959141e+01,1.076110e-10,3.699016e-09,3.699016e-11
1.959430e+01,1.058036e-10,3.576138e-09,3.576138e-11
1.959719e+01,1.036538e-10,3.443660e-09,3.443660e-11
1.960008e+01,1.011943e-10,3.303560e-09,3.303560e-11
1.960297e+01,9.846680e-11,3.158060e-09,3.158060e-11
1.960585e+01,9.551895e-11,3.009592e-09,3.009592e-11
1.960874e+01,9.240265e-11,2.860755e-09,2.860755e-11
1.961163e+01,8.917137e-11,2.714236e-09,2.714236e-11
1.961452e+01,8.587792e-11,2.572735e-09,2.572735e-11
1.961740e+01,8.257373e-11,2.438860e-09,2.438860e-11
1.962029e+01,7.930807e-11,2.314999e-09,2.314999e-11
1.962318e+01,7.612921e-11,2.203210e-09,2.203210e-11
1.962607e+01,7.308486e-11,2.105116e-09,2.105116e-11
1.962896e+01,7.022055e-11,2.021801e-09,2.021801e-11
1.963184e+01,6.757948e-11,1.953759e-09,1.953759e-11
1.963473e+01,6.520055e-11,1.900889e-09,1.900889e-11
1.963762e+01,6.311705e-11,1.862591e-09,1.862591e-11
1.964051e+01,6.135816e-11,1.837930e-09,1.837930e-11
1.964340e+01,5.994939e-11,1.825806e-09,1.825806e-11
1.964628e+01,5.891397e-11,1.825158e-09,1.825158e-11
1.964917e+01,5.827210e-11,1.835148e-09,1.835148e-11
1.965206e+01,5.803974e-11,1.855233e-09,1.855233e-11
1.965495e+01,5.822629e-11,1.885182e-09,1.885182e-11
1.965784e+01,5.883166e-11,1.925062e-09,1.925062e-11
1.966072e+01,5.984687e-11,1.975166e-09,1.975166e-11
1.966361e+01,6.125343e-11,2.035886e-09,2.035886e-11
1.966650e+01,6.302349e-11,2.107544e-09,2.107544e-11
1.966939e+01,6.512146e-11,2.190239e-09,2.190239e-11
1.967227e+01,6.750645e-11,2.283735e-09,2.283735e-11
1.967516e+01,7.013308e-11,2.387366e-09,2.387366e-11
1.967805e+01,7.294994e-11,2.499952e-09,2.499952e-11
1.968094e+01,7.590132e-11,2.619792e-09,2.619792e-11
1.968383e+01,7.892676e-11,2.744719e-09,2.744719e-11
1.968671e+01,8.196244e-11,2.872145e-09,2.872145e-11
1.968960e+01,8.494537e-11,2.999160e-09,2.999160e-11
1.969249e+01,8.781493e-11,3.122687e-09,3.122687e-11
1.969538e+01,9.051555e-11,3.239600e-09,3.239600e-11
1.969827e+01,9.299834e-11,3.346858e-09,3.346858e-11
1.970115e+01,9.522152e-11,3.441656e-09,3.441656e-11
1.970404e+01,9.714968e-11,3.521551e-09,3.521551e-11
1.970693e+01,9.875335e-11,3.584539e-09,3.584539e-11
1.970982e+01,1.000093e-10,3.629127e-09,3.629127e-11
1.971270e+01,1.009010e-10,3.654397e-09,3.654397e-11
1.971559e+01,1.014211e-10,3.660014e-09,3.660014e-11
1.971848e+01,1.015704e-10,3.646200e-09,3.646200e-11
1.972137e+01,1.013586e-10,3.613716e-09,3.613716e-11
1.972426e+01,1.008034e-10,3.563821e-09,3.563821e-11
1.972714e+01,9.992819e-11,3.498197e-09,3.498197e-11
1.973003e+01,9.876110e-11,3.418884e-09,3.418884e-11
1.973292e+01,9.733375e-11,3.328224e-09,3.328224e-11
1.973581e+01,9.568105e-11,3.228802e-09,3.228802e-11
1.973870e+01,9.384223e-11,3.123369e-09,3.123369e-11
1.974158e+01,9.186120e-11,3.014800e-09,3.014800e-11
1.974447e+01,8.978502e-11,2.906054e-09,2.906054e-11
1.974736e+01,8.766191e-11,2.800111e-09,2.800111e-11
1.975025e+01,8.554006e-11,2.699892e-09,2.699892e-11
1.975314e+01,8.346522e-11,2.608170e-09,2.608170e-11
1.975602e+01,8.147988e-11,2.527480e-09,2.527480e-11
1.975891e+01,7.962455e-11,2.460012e-09,2.460012e-11
1.976180e+01,7.793695e-11,2.407474e-09,2.407474e-11
1.976469e+01,7.645193e-11,2.370986e-09,2.370986e-11
1.976757e+01,7.520202e-11,2.351049e-09,2.351049e-11
1.977046e+01,7.421521e-11,2.347548e-09,2.347548e-11
1.977335e+01,7.351148e-11,2.359809e-09,2.359809e-11
1.977624e+01,7.310245e-11,2.386720e-09,2.386720e-11
1.977913e+01,7.299027e-11,2.426858e-09,2.426858e-11
1.978201e+01,7.316695e-11,2.478605e-09,2.478605e-11
1.978490e+01,7.361757e-11,2.540242e-09,2.540242e-11
1.978779e+01,7.432142e-11,2.610003e-09,2.610003e-11
1.979068e+01,7.525245e-11,2.686106e-09,2.686106e-11
1.979357e+01,7.638080e-11,2.766761e-09,2.766761e-11
1.979645e+01,7.767139e-11,2.850157e-09,2.850157e-11
1.979934e+01,7.908324e-11,2.934465e-09,2.934465e-11
1.980223e+01,8.057065e-11,3.017852e-09,3.017852e-11
1.980512e+01,8.208371e-11,3.098496e-09,3.098496e-11
1.980801e+01,8.357275e-11,3.174630e-09,3.174630e-11
1.981089e+01,8.499071e-11,3.244582e-09,3.244582e-11
1.981378e+01,8.629355e-11,3.306814e-09,3.306814e-11
1.981667e+01,8.744338e-11,3.359977e-09,3.359977e-11
1.981956e+01,8.840708e-11,3.402954e-09,3.402954e-11
1.982244e+01,8.915482e-11,3.434901e-09,3.434901e-11
1.982533e+01,8.966103e-11,3.455264e-09,3.455264e-11
1.982822e+01,8.990394e-11,3.463796e-09,3.463796e-11
1.983111e+01,8.986581e-11,3.460566e-09,3.460566e-11
1.983400e+01,8.953646e-11,3.445964e-09,3.445964e-11
1.983688e+01,8.891419e-11,3.420690e-09,3.420690e-11
1.983977e+01,8.800580e-11,3.385740e-09,3.385740e-11
1.984266e+01,8.682636e-11,3.342369e-09,3.342369e-11
1.984555e+01,8.539650e-11,3.292058e-09,3.292058e-11
1.984844e+01,8.374249e-11,3.236463e-09,3.236463e-11
1.985132e+01,8.189527e-11,3.177331e-09,3.177331e-11
1.985421e+01,7.988913e-11,3.116420e-09,3.116420e-11
1.985710e+01,7.776372e-11,3.055411e-09,3.055411e-11
1.985999e+01,7.556397e-11,2.995791e-09,2.995791e-11
1.986287e+01,7.333868e-11,2.938744e-09,2.938744e-11
1.986576e+01,7.113828e-11,2.885071e-09,2.885071e-11
1.986865e+01,6.901383e-11,2.835128e-09,2.835128e-11
1.987154e+01,6.701555e-11,2.788811e-09,2.788811e-11
1.987443e+01,6.518927e-11,2.745591e-09,2.745591e-11
1.987731e+01,6.357789e-11,2.704591e-09,2.704591e-11
1.988020e+01,6.222146e-11,2.664715e-09,2.664715e-11
1.988309e+01,6.115638e-11,2.624827e-09,2.624827e-11
1.988598e+01,6.041673e-11,2.583938e-09,2.583938e-11
1.988887e+01,6.003237e-11,2.541417e-09,2.541417e-11
1.989175e+01,6.002787e-11,2.497212e-09,2.497212e-11
1.989464e+01,6.042135e-11,2.452058e-09,2.452058e-11
1.989753e+01,6.122358e-11,2.407657e-09,2.407657e-11
1.990042e+01,6.243760e-11,2.366794e-09,2.366794e-11
1.990331e+01,6.405909e-11,2.333359e-09,2.333359e-11
1.990619e+01,6.607679e-11,2.312183e-09,2.312183e-11
1.990908e+01,6.847294e-11,2.308637e-09,2.308637e-11
1.991197e+01,7.122330e-11,2.327942e-09,2.327942e-11
1.991486e+01,7.429629e-11,2.374308e-09,2.374308e-11
1.991774e+01,7.765380e-11,2.450116e-09,2.450116e-11
1.992063e+01,8.125176e-11,2.555417e-09,2.555417e-11
1.992352e+01,8.504340e-11,2.687929e-09,2.687929e-11
1.992641e+01,8.898092e-11,2.843466e-09,2.843466e-11
1.992930e+01,9.301670e-11,3.016635e-09,3.016635e-11
1.993218e+01,9.710735e-11,3.201557e-09,3.201557e-11
1.993507e+01,1.012133e-10,3.392438e-09,3.392438e-11
1.993796e+01,1.052988e-10,3.583996e-09,3.583996e-11
1.994085e+01,1.093332e-10,3.771732e-09,3.771732e-11
1.994374e+01,1.132899e-10,3.952076e-09,3.952076e-11
1.994662e+01,1.171468e-10,4.122434e-09,4.122434e-11
1.994951e+01,1.208871e-10,4.281162e-09,4.281162e-11
1.995240e+01,1.244974e-10,4.427468e-09,4.427468e-11
1.995529e+01,1.279668e-10,4.561295e-09,4.561295e-11
1.995818e+01,1.312837e-10,4.683131e-09,4.683131e-11
1.996106e+01,1.344331e-10,4.793827e-09,4.793827e-11
1.996395e+01,1.373974e-10,4.894427e-09,4.894427e-11
1.996684e+01,1.401538e-10,4.985996e-09,4.985996e-11
1.996973e+01,1.426773e-10,5.069468e-09,5.069468e-11
1.997261e+01,1.449431e-10,5.145544e-09,5.145544e-11
1.997550e+01,1.469287e-10,5.214628e-09,5.214628e-11
1.997839e+01,1.486163e-10,5.276803e-09,5.276803e-11
1.998128e+01,1.499929e-10,5.331873e-09,5.331873e-11
1.998417e+01,1.510507e-10,5.379423e-09,5.379423e-11
1.998705e+01,1.517877e-10,5.418884e-09,5.418884e-11
1.998994e+01,1.522072e-10,5.449630e-09,5.449630e-11
1.999283e+01,1.523191e-10,5.471083e-09,5.471083e-11
1.999572e+01,1.521403e-10,5.482777e-09,5.482777e-11
1.999861e+01,1.516955e-10,5.484426e-09,5.484426e-11
2.000149e+01,1.510161e-10,5.475988e-09,5.475988e-11
2.000438e+01,1.501363e-10,5.457679e-09,5.457679e-11
2.000727e+01,1.490902e-10,5.429978e-09,5.429978e-11
2.001016e+01,1.479066e-10,5.393596e-09,5.393596e-11
2.001304e+01,1.466087e-10,5.349443e-09,5.349443e-11
2.001593e+01,1.452131e-10,5.298550e-09,5.298550e-11
2.001882e+01,1.437282e-10,5.241982e-09,5.241982e-11
2.002171e+01,1.421582e-10,5.180771e-09,5.180771e-11
2.002460e+01,1.405063e-10,5.115862e-09,5.115862e-11
2.002748e+01,1.387750e-10,5.048053e-09,5.048053e-11
2.003037e+01,1.369655e-10,4.977972e-09,4.977972e-11
2.003326e+01,1.350787e-10,4.906077e-09,4.906077e-11
2.003615e+01,1.331159e-10,4.832703e-09,4.832703e-11
2.003904e+01,1.310802e-10,4.758106e-09,4.758106e-11
2.004192e+01,1.289773e-10,4.682490e-09,4.682490e-11
2.004481e+01,1.268156e-10,4.606045e-09,4.606045e-11
2.004770e+01,1.246097e-10,4.528969e-09,4.528969e-11
2.005059e+01,1.223786e-10,4.451465e-09,4.451465e-11
2.005348e+01,1.201425e-10,4.373704e-09,4.373704e-11
2.005636e+01,1.179214e-10,4.295807e-09,4.295807e-11
2.005925e+01,1.157335e-10,4.217798e-09,4.217798e-11
2.006214e+01,1.135933e-10,4.139583e-09,4.139583e-11
2.006503e+01,1.115121e-10,4.060928e-09,4.060928e-11
2.006791e+01,1.094986e-10,3.981471e-09,3.981471e-11
2.007080e+01,1.075607e-10,3.900769e-09,3.900769e-11
2.007369e+01,1.057066e-10,3.818388e-09,3.818388e-11
2.007658e+01,1.039435e-10,3.733988e-09,3.733988e-11
2.007947e+01,1.022776e-10,3.647417e-09,3.647417e-11
2.008235e+01,1.007138e-10,3.558820e-09,3.558820e-11
2.008524e+01,9.925603e-11,3.468711e-09,3.468711e-11
2.008813e+01,9.790610e-11,3.377987e-09,3.377987e-11
2.009102e+01,9.666623e-11,3.287905e-09,3.287905e-11
2.009391e+01,9.553935e-11,3.199992e-09,3.199992e-11
2.009679e+01,9.452696e-11,3.115910e-09,3.115910e-11
2.009968e+01,9.363001e-11,3.037296e-09,3.037296e-11
2.010257e+01,9.284820e-11,2.965610e-09,2.965610e-11
2.010546e+01,9.217717e-11,2.901969e-09,2.901969e-11
2.010835e+01,9.160874e-11,2.847011e-09,2.847011e-11
2.011123e+01,9.113276e-11,2.800850e-09,2.800850e-11
2.011412e+01,9.073733e-11,2.763082e-09,2.763082e-11
2.011701e+01,9.041058e-11,2.732857e-09,2.732857e-11
2.011990e+01,9.014378e-11,2.709012e-09,2.709012e-11
2.012278e+01,8.992987e-11,2.690210e-09,2.690210e-11
2.012567e+01,8.976364e-11,2.675102e-09,2.675102e-11
2.012856e+01,8.964235e-11,2.662474e-09,2.662474e-11
2.013145e+01,8.956326e-11,2.651331e-09,2.651331e-11
2.013434e+01,8.952532e-11,2.640972e-09,2.640972e-11
2.013722e+01,8.952963e-11,2.631032e-09,2.631032e-11
2.014011e+01,8.957664e-11,2.621460e-09,2.621460e-11
2.014300e+01,8.966641e-11,2.612460e-09,2.612460e-11
2.014589e+01,8.979666e-11,2.604398e-09,2.604398e-11
2.014878e+01,8.996032e-11,2.597723e-09,2.597723e-11
2.015166e+01,9.014475e-11,2.592836e-09,2.592836e-11
2.015455e+01,9.033188e-11,2.589945e-09,2.589945e-11
2.015744e+01,9.050043e-11,2.588972e-09,2.588972e-11
2.016033e+01,9.062700e-11,2.589497e-09,2.589497e-11
2.016321e+01,9.068879e-11,2.590774e-09,2.590774e-11
2.016610e+01,9.066635e-11,2.591798e-09,2.591798e-11
2.016899e+01,9.054246e-11,2.591418e-09,2.591418e-11
2.017188e+01,9.030181e-11,2.588492e-09,2.588492e-11
2.017477e+01,8.993236e-11,2.582043e-09,2.582043e-11
2.017765e+01,8.942561e-11,2.571388e-09,2.571388e-11
2.018054e+01,8.877845e-11,2.556219e-09,2.556219e-11
2.018343e+01,8.799412e-11,2.536608e-09,2.536608e-11
2.018632e+01,8.708222e-11,2.512986e-09,2.512986e-11
2.018921e+01,8.606002e-11,2.486100e-09,2.486100e-11
2.019209e+01,8.495047e-11,2.456916e-09,2.456916e-11
2.019498e+01,8.377750e-11,2.426505e-09,2.426505e-11
2.019787e+01,8.256335e-11,2.395976e-09,2.395976e-11
2.020076e+01,8.132931e-11,2.366415e-09,2.366415e-11
2.020365e+01,8.009390e-11,2.338822e-09,2.338822e-11
2.020653e+01,7.887471e-11,2.314100e-09,2.314100e-11
2.020942e+01,7.769302e-11,2.293048e-09,2.293048e-11
2.021231e+01,7.657290e-11,2.276341e-09,2.276341e-11
2.021520e+01,7.554142e-11,2.264516e-09,2.264516e-11
2.021808e+01,7.462807e-11,2.257967e-09,2.257967e-11
2.022097e+01,7.386172e-11,2.256941e-09,2.256941e-11
2.022386e+01,7.326823e-11,2.261508e-09,2.261508e-11
2.022675e+01,7.286778e-11,2.271553e-09,2.271553e-11
2.022964e+01,7.267558e-11,2.286803e-09,2.286803e-11
2.023252e+01,7.270330e-11,2.306840e-09,2.306840e-11
2.023541e+01,7.295698e-11,2.331110e-09,2.331110e-11
2.023830e+01,7.343632e-11,2.358937e-09,2.358937e-11
2.024119e+01,7.413425e-11,2.389566e-09,2.389566e-11
2.024408e+01,7.503411e-11,2.422158e-09,2.422158e-11
2.024696e+01,7.610854e-11,2.455795e-09,2.455795e-11
2.024985e+01,7.732079e-11,2.489494e-09,2.489494e-11
2.025274e+01,7.862560e-11,2.522227e-09,2.522227e-11
2.025563e+01,7.997337e-11,2.552990e-09,2.552990e-11
2.025852e+01,8.131608e-11,2.580881e-09,2.580881e-11
2.026140e+01,8.260855e-11,2.605170e-09,2.605170e-11
2.026429e+01,8.381165e-11,2.625407e-09,2.625407e-11
2.026718e+01,8.489425e-11,2.641517e-09,2.641517e-11
2.027007e+01,8.583270e-11,2.653841e-09,2.653841e-11
2.027295e+01,8.661199e-11,2.663125e-09,2.663125e-11
2.027584e+01,8.722649e-11,2.670478e-09,2.670478e-11
2.027873e+01,8.768136e-11,2.677266e-09,2.677266e-11
2.028162e+01,8.799223e-11,2.684914e-09,2.684914e-11
2.028451e+01,8.818496e-11,2.694711e-09,2.694711e-11
2.028739e+01,8.829316e-11,2.707614e-09,2.707614e-11
2.029028e+01,8.835333e-11,2.724072e-09,2.724072e-11
2.029317e+01,8.840353e-11,2.743946e-09,2.743946e-11
2.029606e+01,8.848078e-11,2.766543e-09,2.766543e-11
2.029895e+01,8.861818e-11,2.790722e-09,2.790722e-11
2.030183e+01,8.884514e-11,2.815050e-09,2.815050e-11
2.030472e+01,8.918681e-11,2.838037e-09,2.838037e-11
2.030761e+01,8.966381e-11,2.858410e-09,2.858410e-11
2.031050e+01,9.029207e-11,2.875320e-09,2.875320e-11
2.031338e+01,9.108006e-11,2.888462e-09,2.888462e-11
2.031627e+01,9.202698e-11,2.898162e-09,2.898162e-11
2.031916e+01,9.312283e-11,2.905403e-09,2.905403e-11
2.032205e+01,9.434918e-11,2.911735e-09,2.911735e-11
2.032494e+01,9.567979e-11,2.919109e-09,2.919109e-11
2.032782e+01,9.708342e-11,2.929649e-09,2.929649e-11
2.033071e+01,9.852643e-11,2.945404e-09,2.945404e-11
2.033360e+01,9.997291e-11,2.968071e-09,2.968071e-11
2.033649e+01,1.013862e-10,2.998757e-09,2.998757e-11
2.033938e+01,1.027304e-10,3.037838e-09,3.037838e-11
2.034226e+01,1.039710e-10,3.084912e-09,3.084912e-11
2.034515e+01,1.050770e-10,3.138853e-09,3.138853e-11
2.034804e+01,1.060224e-10,3.197926e-09,3.197926e-11
2.035093e+01,1.067884e-10,3.259973e-09,3.259973e-11
2.035382e+01,1.073643e-10,3.322628e-09,3.322628e-11
2.035670e+01,1.077487e-10,3.383529e-09,3.383529e-11
2.035959e+01,1.079473e-10,3.440460e-09,3.440460e-11
2.036248e+01,1.079701e-10,3.491459e-09,3.491459e-11
2.036537e+01,1.078303e-10,3.534911e-09,3.534911e-11
2.036825e+01,1.075428e-10,3.569599e-09,3.569599e-11
2.037114e+01,1.071236e-10,3.594731e-09,3.594731e-11
2.037403e+01,1.065888e-10,3.609936e-09,3.609936e-11
2.037692e+01,1.059531e-10,3.615242e-09,3.615242e-11
2.037981e+01,1.052300e-10,3.611053e-09,3.611053e-11
2.038269e+01,1.044310e-10,3.598115e-09,3.598115e-11
2.038558e+01,1.035649e-10,3.577446e-09,3.577446e-11
2.038847e+01,1.026378e-10,3.550279e-09,3.550279e-11
2.039136e+01,1.016540e-10,3.517986e-09,3.517986e-11
2.039425e+01,1.006208e-10,3.482020e-09,3.482020e-11
2.039713e+01,9.954993e-11,3.443842e-09,3.443842e-11
2.040002e+01,9.845717e-11,3.404860e-09,3.404860e-11
2.040291e+01,9.736538e-11,3.366379e-09,3.366379e-11
2.040580e+01,9.630215e-11,3.329553e-09,3.329553e-11
2.040869e+01,9.529529e-11,3.295339e-09,3.295339e-11
2.041157e+01,9.437267e-11,3.264488e-09,3.264488e-11
2.041446e+01,9.356058e-11,3.237535e-09,3.237535e-11
2.041735e+01,9.288156e-11,3.214793e-09,3.214793e-11
2.042024e+01,9.235433e-11,3.196402e-09,3.196402e-11
2.042312e+01,9.199442e-11,3.182404e-09,3.182404e-11
2.042601e+01,9.181266e-11,3.172767e-09,3.172767e-11
2.042890e+01,9.181312e-11,3.167420e-09,3.167420e-11
2.043179e+01,9.199287e-11,3.166350e-09,3.166350e-11
2.043468e+01,9.234183e-11,3.169649e-09,3.169649e-11
2.043756e+01,9.284351e-11,3.177518e-09,3.177518e-11
2.044045e+01,9.347757e-11,3.190294e-09,3.190294e-11
2.044334e+01,9.422271e-11,3.208482e-09,3.208482e-11
2.044623e+01,9.506047e-11,3.232762e-09,3.232762e-11
2.044912e+01,9.597777e-11,3.263979e-09,3.263979e-11
2.045200e+01,9.696622e-11,3.303098e-09,3.303098e-11
2.045489e+01,9.802114e-11,3.351134e-09,3.351134e-11
2.045778e+01,9.914063e-11,3.409066e-09,3.409066e-11
2.046067e+01,1.003239e-10,3.477720e-09,3.477720e-11
2.046356e+01,1.015701e-10,3.557650e-09,3.557650e-11
2.046644e+01,1.028788e-10,3.649044e-09,3.649044e-11
2.046933e+01,1.042489e-10,3.751651e-09,3.751651e-11
2.047222e+01,1.056779e-10,3.864749e-09,3.864749e-11
2.047511e+01,1.071594e-10,3.987164e-09,3.987164e-11
2.047799e+01,1.086831e-10,4.117343e-09,4.117343e-11
2.048088e+01,1.102339e-10,4.253460e-09,4.253460e-11
2.048377e+01,1.117907e-10,4.393531e-09,4.393531e-11
2.048666e+01,1.133285e-10,4.535528e-09,4.535528e-11
2.048955e+01,1.148210e-10,4.677474e-09,4.677474e-11
2.049243e+01,1.162435e-10,4.817508e-09,4.817508e-11
2.049532e+01,1.175738e-10,4.953902e-09,4.953902e-11
2.049821e+01,1.187933e-10,5.085039e-09,5.085039e-11
2.050110e+01,1.198876e-10,5.209359e-09,5.209359e-11
2.050399e+01,1.208435e-10,5.325273e-09,5.325273e-11
2.050687e+01,1.216498e-10,5.431093e-09,5.431093e-11
2.050976e+01,1.222961e-10,5.524961e-09,5.524961e-11
2.051265e+01,1.227723e-10,5.604830e-09,5.604830e-11
2.051554e+01,1.230705e-10,5.668465e-09,5.668465e-11
2.051842e+01,1.231839e-10,5.713502e-09,5.713502e-11
2.052131e+01,1.231049e-10,5.737540e-09,5.737540e-11
2.052420e+01,1.228258e-10,5.738272e-09,5.738272e-11
2.052709e+01,1.223376e-10,5.713627e-09,5.713627e-11
2.052998e+01,1.216285e-10,5.661923e-09,5.661923e-11
2.053286e+01,1.206872e-10,5.582015e-09,5.582015e-11
2.053575e+01,1.195036e-10,5.473441e-09,5.473441e-11
2.053864e+01,1.180714e-10,5.336562e-09,5.336562e-11
2.054153e+01,1.163930e-10,5.172677e-09,5.172677e-11
2.054442e+01,1.144783e-10,4.984119e-09,4.984119e-11
2.054730e+01,1.123451e-10,4.774320e-09,4.774320e-11
2.055019e+01,1.100209e-10,4.547863e-09,4.547863e-11
2.055308e+01,1.075393e-10,4.310458e-09,4.310458e-11
2.055597e+01,1.049399e-10,4.068859e-09,4.068859e-11
2.055886e+01,1.022689e-10,3.830680e-09,3.830680e-11
2.056174e+01,9.957662e-11,3.604050e-09,3.604050e-11
2.056463e+01,9.691494e-11,3.397079e-09,3.397079e-11
2.056752e+01,9.433725e-11,3.217098e-09,3.217098e-11
2.057041e+01,9.189393e-11,3.069721e-09,3.069721e-11
2.057329e+01,8.962864e-11,2.957924e-09,2.957924e-11
2.057618e+01,8.757741e-11,2.881481e-09,2.881481e-11
2.057907e+01,8.576721e-11,2.837008e-09,2.837008e-11
2.058196e+01,8.421510e-11,2.818682e-09,2.818682e-11
2.058485e+01,8.292854e-11,2.819428e-09,2.819428e-11
2.058773e+01,8.190701e-11,2.832169e-09,2.832169e-11
2.059062e+01,8.114084e-11,2.850734e-09,2.850734e-11
2.059351e+01,8.061086e-11,2.870347e-09,2.870347e-11
2.059640e+01,8.029099e-11,2.887786e-09,2.887786e-11
2.059929e+01,8.014744e-11,2.901247e-09,2.901247e-11
2.060217e+01,8.014093e-11,2.909998e-09,2.909998e-11
2.060506e+01,8.022972e-11,2.913993e-09,2.913993e-11
2.060795e+01,8.037192e-11,2.913555e-09,2.913555e-11
2.061084e+01,8.052955e-11,2.909106e-09,2.909106e-11
2.061373e+01,8.066782e-11,2.900959e-09,2.900959e-11
2.061661e+01,8.075572e-11,2.889229e-09,2.889229e-11
2.061950e+01,8.076727e-11,2.873858e-09,2.873858e-11
2.062239e+01,8.068033e-11,2.854708e-09,2.854708e-11
2.062528e+01,8.047787e-11,2.831664e-09,2.831664e-11
2.062816e+01,8.015041e-11,2.804750e-09,2.804750e-11
2.063105e+01,7.969658e-11,2.774217e-09,2.774217e-11
2.063394e+01,7.912345e-11,2.740572e-09,2.740572e-11
2.063683e+01,7.844648e-11,2.704556e-09,2.704556e-11
2.063972e+01,7.768788e-11,2.667111e-09,2.667111e-11
2.064260e+01,7.687412e-11,2.629277e-09,2.629277e-11
2.064549e+01,7.603245e-11,2.592080e-09,2.592080e-11
2.064838e+01,7.519072e-11,2.556437e-09,2.556437e-11
2.065127e+01,7.437742e-11,2.523063e-09,2.523063e-11
2.065416e+01,7.361966e-11,2.492409e-09,2.492409e-11
2.065704e+01,7.294435e-11,2.464655e-09,2.464655e-11
2.065993e+01,7.237811e-11,2.439736e-09,2.439736e-11
2.066282e+01,7.194457e-11,2.417395e-09,2.417395e-11
2.066571e+01,7.166059e-11,2.397250e-09,2.397250e-11
2.066859e+01,7.153598e-11,2.378895e-09,2.378895e-11
2.067148e+01,7.157422e-11,2.361995e-09,2.361995e-11
2.067437e+01,7.177000e-11,2.346327e-09,2.346327e-11
2.067726e+01,7.211226e-11,2.331807e-09,2.331807e-11
2.068015e+01,7.258757e-11,2.318522e-09,2.318522e-11
2.068303e+01,7.317904e-11,2.306691e-09,2.306691e-11
2.068592e+01,7.386691e-11,2.296587e-09,2.296587e-11
2.068881e+01,7.462892e-11,2.288469e-09,2.288469e-11
2.069170e+01,7.543911e-11,2.282497e-09,2.282497e-11
2.069459e+01,7.626744e-11,2.278632e-09,2.278632e-11
2.069747e+01,7.708213e-11,2.276580e-09,2.276580e-11
2.070036e+01,7.785241e-11,2.275799e-09,2.275799e-11
2.070325e+01,7.855050e-11,2.275509e-09,2.275509e-11
2.070614e+01,7.915322e-11,2.274756e-09,2.274756e-11
2.070903e+01,7.964248e-11,2.272550e-09,2.272550e-11
2.071191e+01,8.000526e-11,2.267998e-09,2.267998e-11
2.071480e+01,8.023161e-11,2.260433e-09,2.260433e-11
2.071769e+01,8.031261e-11,2.249536e-09,2.249536e-11
2.072058e+01,8.024143e-11,2.235417e-09,2.235417e-11
2.072346e+01,8.001494e-11,2.218646e-09,2.218646e-11
2.072635e+01,7.963419e-11,2.200238e-09,2.200238e-11
2.072924e+01,7.910640e-11,2.181574e-09,2.181574e-11
2.073213e+01,7.844469e-11,2.164255e-09,2.164255e-11
2.073502e+01,7.766536e-11,2.149923e-09,2.149923e-11
2.073790e+01,7.678801e-11,2.140108e-09,2.140108e-11
2.074079e+01,7.583352e-11,2.136057e-09,2.136057e-11
2.074368e+01,7.482187e-11,2.138590e-09,2.138590e-11
2.074657e+01,7.377254e-11,2.148047e-09,2.148047e-11
2.074946e+01,7.270638e-11,2.164295e-09,2.164295e-11
2.075234e+01,7.164735e-11,2.186812e-09,2.186812e-11
2.075523e+01,7.061994e-11,2.214755e-09,2.214755e-11
2.075812e+01,6.964909e-11,2.247058e-09,2.247058e-11
2.076101e+01,6.875947e-11,2.282554e-09,2.282554e-11
2.076390e+01,6.797262e-11,2.320038e-09,2.320038e-11
2.076678e+01,6.730622e-11,2.358295e-09,2.358295e-11
2.076967e+01,6.677310e-11,2.396134e-09,2.396134e-11
2.077256e+01,6.638232e-11,2.432415e-09,2.432415e-11
2.077545e+01,6.614026e-11,2.466058e-09,2.466058e-11
2.077833e+01,6.605050e-11,2.496100e-09,2.496100e-11
2.078122e+01,6.611425e-11,2.521728e-09,2.521728e-11
2.078411e+01,6.632911e-11,2.542273e-09,2.542273e-11
2.078700e+01,6.668915e-11,2.557261e-09,2.557261e-11
2.078989e+01,6.718655e-11,2.566489e-09,2.566489e-11
2.079277e+01,6.781236e-11,2.570042e-09,2.570042e-11
2.079566e+01,6.855761e-11,2.568291e-09,2.568291e-11
2.079855e+01,6.941507e-11,2.561954e-09,2.561954e-11
2.080144e+01,7.038059e-11,2.552114e-09,2.552114e-11
2.080433e+01,7.145171e-11,2.540149e-09,2.540149e-11
2.080721e+01,7.262577e-11,2.527687e-09,2.527687e-11
2.081010e+01,7.390047e-11,2.516560e-09,2.516560e-11
2.081299e+01,7.527385e-11,2.508676e-09,2.508676e-11
2.081588e+01,7.674233e-11,2.505830e-09,2.505830e-11
2.081876e+01,7.830164e-11,2.509559e-09,2.509559e-11
2.082165e+01,7.994848e-11,2.521000e-09,2.521000e-11
2.082454e+01,8.167934e-11,2.540745e-09,2.540745e-11
2.082743e+01,8.348877e-11,2.568773e-09,2.568773e-11
2.083032e+01,8.536824e-11,2.604471e-09,2.604471e-11
2.083320e+01,8.730488e-11,2.646725e-09,2.646725e-11
2.083609e+01,8.928250e-11,2.694065e-09,2.694065e-11
2.083898e+01,9.128289e-11,2.744844e-09,2.744844e-11
2.084187e+01,9.328662e-11,2.797426e-09,2.797426e-11
2.084476e+01,9.527648e-11,2.850360e-09,2.850360e-11
2.084764e+01,9.723821e-11,2.902530e-09,2.902530e-11
2.085053e+01,9.915933e-11,2.953233e-09,2.953233e-11
2.085342e+01,1.010295e-10,3.002217e-09,3.002217e-11
2.085631e+01,1.028377e-10,3.049660e-09,3.049660e-11
2.085920e+01,1.045717e-10,3.096107e-09,3.096107e-11
2.086208e+01,1.062193e-10,3.142375e-09,3.142375e-11
2.086497e+01,1.077688e-10,3.189436e-09,3.189436e-11
2.086786e+01,1.092109e-10,3.238296e-09,3.238296e-11
2.087075e+01,1.105405e-10,3.289890e-09,3.289890e-11
2.087363e+01,1.117548e-10,3.344976e-09,3.344976e-11
2.087652e+01,1.128544e-10,3.404088e-09,3.404088e-11
2.087941e+01,1.138417e-10,3.467492e-09,3.467492e-11
2.088230e+01,1.147200e-10,3.535150e-09,3.535150e-11
2.088519e+01,1.154937e-10,3.606729e-09,3.606729e-11
2.088807e+01,1.161720e-10,3.681586e-09,3.681586e-11
2.089096e+01,1.167691e-10,3.758771e-09,3.758771e-11
2.089385e+01,1.173049e-10,3.837033e-09,3.837033e-11
2.089674e+01,1.178045e-10,3.914841e-09,3.914841e-11
2.089963e+01,1.182964e-10,3.990445e-09,3.990445e-11
2.090251e+01,1.188092e-10,4.061938e-09,4.061938e-11
2.090540e+01,1.193676e-10,4.127362e-09,4.127362e-11
2.090829e+01,1.199922e-10,4.184843e-09,4.184843e-11
2.091118e+01,1.206964e-10,4.232727e-09,4.232727e-11
2.091407e+01,1.214862e-10,4.269718e-09,4.269718e-11
2.091695e+01,1.223622e-10,4.295018e-09,4.295018e-11
2.091984e+01,1.233167e-10,4.308407e-09,4.308407e-11
2.092273e+01,1.243334e-10,4.310261e-09,4.310261e-11
2.092562e+01,1.253868e-10,4.301539e-09,4.301539e-11
2.092850e+01,1.264421e-10,4.283697e-09,4.283697e-11
2.093139e+01,1.274564e-10,4.258571e-09,4.258571e-11
2.093428e+01,1.283833e-10,4.228210e-09,4.228210e-11
2.093717e+01,1.291766e-10,4.194691e-09,4.194691e-11
2.094006e+01,1.297930e-10,4.159937e-09,4.159937e-11
2.094294e+01,1.301963e-10,4.125599e-09,4.125599e-11
2.094583e+01,1.303607e-10,4.092965e-09,4.092965e-11
2.094872e+01,1.302689e-10,4.062906e-09,4.062906e-11
2.095161e+01,1.299125e-10,4.035892e-09,4.035892e-11
2.095450e+01,1.292925e-10,4.012042e-09,4.012042e-11
2.095738e+01,1.284176e-10,3.991178e-09,3.991178e-11
2.096027e+01,1.273059e-10,3.972908e-09,3.972908e-11
2.096316e+01,1.259842e-10,3.956683e-09,3.956683e-11
2.096605e+01,1.244868e-10,3.941850e-09,3.941850e-11
2.096893e+01,1.228531e-10,3.927677e-09,3.927677e-11
2.097182e+01,1.211258e-10,3.913394e-09,3.913394e-11
2.097471e+01,1.193480e-10,3.898222e-09,3.898222e-11
2.097760e+01,1.175613e-10,3.881390e-09,3.881390e-11
2.098049e+01,1.158036e-10,3.862169e-09,3.862169e-11
2.098337e+01,1.141100e-10,3.839929e-09,3.839929e-11
2.098626e+01,1.125136e-10,3.814199e-09,3.814199e-11
2.098915e+01,1.110448e-10,3.784712e-09,3.784712e-11
2.099204e+01,1.097302e-10,3.751455e-09,3.751455e-11
2.099493e+01,1.085929e-10,3.714714e-09,3.714714e-11
2.099781e+01,1.076515e-10,3.675130e-09,3.675130e-11
2.100070e+01,1.069197e-10,3.633703e-09,3.633703e-11
2.100359e+01,1.064053e-10,3.591740e-09,3.591740e-11
2.100648e+01,1.061100e-10,3.550799e-09,3.550799e-11
2.100937e+01,1.060310e-10,3.512613e-09,3.512613e-11
2.101225e+01,1.061605e-10,3.478956e-09,3.478956e-11
2.101514e+01,1.064835e-10,3.451465e-09,3.451465e-11
2.101803e+01,1.069786e-10,3.431482e-09,3.431482e-11
2.102092e+01,1.076171e-10,3.419906e-09,3.419906e-11
2.102380e+01,1.083635e-10,3.417091e-09,3.417091e-11
2.102669e+01,1.091784e-10,3.422770e-09,3.422770e-11
2.102958e+01,1.100184e-10,3.436071e-09,3.436071e-11
2.103247e+01,1.108390e-10,3.455626e-09,3.455626e-11
2.103536e+01,1.115993e-10,3.479729e-09,3.479729e-11
2.103824e+01,1.122607e-10,3.506493e-09,3.506493e-11
2.104113e+01,1.127875e-10,3.534029e-09,3.534029e-11
2.104402e+01,1.131504e-10,3.560629e-09,3.560629e-11
2.104691e+01,1.133263e-10,3.584878e-09,3.584878e-11
2.104980e+01,1.132997e-10,3.605709e-09,3.605709e-11
2.105268e+01,1.130664e-10,3.622420e-09,3.622420e-11
2.105557e+01,1.126340e-10,3.634646e-09,3.634646e-11
2.105846e+01,1.120232e-10,3.642277e-09,3.642277e-11
2.106135e+01,1.112658e-10,3.645363e-09,3.645363e-11
2.106424e+01,1.104012e-10,3.644020e-09,3.644020e-11
2.106712e+01,1.094748e-10,3.638377e-09,3.638377e-11
2.107001e+01,1.085342e-10,3.628539e-09,3.628539e-11
2.107290e+01,1.076252e-10,3.614591e-09,3.614591e-11
2.107579e+01,1.067927e-10,3.596662e-09,3.596662e-11
2.107867e+01,1.060780e-10,3.575023e-09,3.575023e-11
2.108156e+01,1.055173e-10,3.550200e-09,3.550200e-11
2.108445e+01,1.051413e-10,3.523081e-09,3.523081e-11
2.108734e+01,1.049729e-10,3.494981e-09,3.494981e-11
2.109023e+01,1.050232e-10,3.467656e-09,3.467656e-11
2.109311e+01,1.052932e-10,3.443276e-09,3.443276e-11
2.109600e+01,1.057733e-10,3.424288e-09,3.424288e-11
2.109889e+01,1.064446e-10,3.413223e-09,3.413223e-11
2.110178e+01,1.072837e-10,3.412459e-09,3.412459e-11
2.110467e+01,1.082638e-10,3.423969e-09,3.423969e-11
2.110755e+01,1.093562e-10,3.449126e-09,3.449126e-11
2.111044e+01,1.105322e-10,3.488578e-09,3.488578e-11
2.111333e+01,1.117629e-10,3.542165e-09,3.542165e-11
2.111622e+01,1.130185e-10,3.608918e-09,3.608918e-11
2.111910e+01,1.142676e-10,3.687179e-09,3.687179e-11
2.112199e+01,1.154790e-10,3.774746e-09,3.774746e-11
2.112488e+01,1.166217e-10,3.868971e-09,3.868971e-11
2.112777e+01,1.176644e-10,3.966851e-09,3.966851e-11
2.113066e+01,1.185750e-10,4.065111e-09,4.065111e-11
2.113354e+01,1.193200e-10,4.160262e-09,4.160262e-11
2.113643e+01,1.198636e-10,4.248655e-09,4.248655e-11
2.113932e+01,1.201674e-10,4.326527e-09,4.326527e-11
2.114221e+01,1.201913e-10,4.390091e-09,4.390091e-11
2.114510e+01,1.198961e-10,4.435661e-09,4.435661e-11
2.114798e+01,1.192482e-10,4.459825e-09,4.459825e-11
2.115087e+01,1.182235e-10,4.459637e-09,4.459637e-11
2.115376e+01,1.168099e-10,4.432844e-09,4.432844e-11
2.115665e+01,1.150105e-10,4.378089e-09,4.378089e-11
2.115954e+01,1.128445e-10,4.295102e-09,4.295102e-11
2.116242e+01,1.103457e-10,4.184849e-09,4.184849e-11
2.116531e+01,1.075631e-10,4.049626e-09,4.049626e-11
2.116820e+01,1.045622e-10,3.893095e-09,3.893095e-11
2.117109e+01,1.014218e-10,3.720226e-09,3.720226e-11
2.117397e+01,9.823266e-11,3.537175e-09,3.537175e-11
2.117686e+01,9.509357e-11,3.351091e-09,3.351091e-11
2.117975e+01,9.210593e-11,3.169829e-09,3.169829e-11
2.118264e+01,8.936800e-11,3.001540e-09,3.001540e-11
2.118553e+01,8.696900e-11,2.854125e-09,2.854125e-11
2.118841e+01,8.498414e-11,2.734538e-09,2.734538e-11
2.119130e+01,8.347319e-11,2.648011e-09,2.648011e-11
2.119419e+01,8.247918e-11,2.597384e-09,2.597384e-11
2.119708e+01,8.202849e-11,2.582785e-09,2.582785e-11
2.119997e+01,8.213198e-11,2.601823e-09,2.601823e-11
2.120285e+01,8.278571e-11,2.650280e-09,2.650280e-11
2.120574e+01,8.397210e-11,2.723013e-09,2.723013e-11
2.120863e+01,8.566045e-11,2.814781e-09,2.814781e-11
2.121152e+01,8.780811e-11,2.920803e-09,2.920803e-11
2.121441e+01,9.036417e-11,3.037032e-09,3.037032e-11
2.121729e+01,9.327278e-11,3.160200e-09,3.160200e-11
2.122018e+01,9.647519e-11,3.287739e-09,3.287739e-11
2.122307e+01,9.991170e-11,3.417631e-09,3.417631e-11
2.122596e+01,1.035209e-10,3.548248e-09,3.548248e-11
2.122884e+01,1.072388e-10,3.678210e-09,3.678210e-11
2.123173e+01,1.109990e-10,3.806255e-09,3.806255e-11
2.123462e+01,1.147317e-10,3.931122e-09,3.931122e-11
2.123751e+01,1.183649e-10,4.051476e-09,4.051476e-11
2.124040e+01,1.218279e-10,4.165874e-09,4.165874e-11
2.124328e+01,1.250530e-10,4.272754e-09,4.272754e-11
2.124617e+01,1.279792e-10,4.370452e-09,4.370452e-11
2.124906e+01,1.305539e-10,4.457304e-09,4.457304e-11
2.125195e+01,1.327339e-10,4.531762e-09,4.531762e-11
2.125484e+01,1.344864e-10,4.592520e-09,4.592520e-11
2.125772e+01,1.357880e-10,4.638651e-09,4.638651e-11
2.126061e+01,1.366276e-10,4.669726e-09,4.669726e-11
2.126350e+01,1.370075e-10,4.685867e-09,4.685867e-11
2.126639e+01,1.369427e-10,4.687772e-09,4.687772e-11
2.126928e+01,1.364607e-10,4.676709e-09,4.676709e-11
2.127216e+01,1.356006e-10,4.654445e-09,4.654445e-11
2.127505e+01,1.344076e-10,4.623141e-09,4.623141e-11
2.127794e+01,1.329289e-10,4.585216e-09,4.585216e-11
2.128083e+01,1.312106e-10,4.543191e-09,4.543191e-11
2.128371e+01,1.292937e-10,4.499489e-09,4.499489e-11
2.128660e+01,1.272129e-10,4.456222e-09,4.456222e-11
2.128949e+01,1.249976e-10,4.414998e-09,4.414998e-11
2.129238e+01,1.226725e-10,4.376759e-09,4.376759e-11
2.129527e+01,1.202582e-10,4.341670e-09,4.341670e-11
2.129815e+01,1.177724e-10,4.309094e-09,4.309094e-11
2.130104e+01,1.152298e-10,4.277655e-09,4.277655e-11
2.130393e+01,1.126422e-10,4.245379e-09,4.245379e-11
2.130682e+01,1.100204e-10,4.209868e-09,4.209868e-11
2.130971e+01,1.073757e-10,4.168535e-09,4.168535e-11
2.131259e+01,1.047214e-10,4.118834e-09,4.118834e-11
2.131548e+01,1.020760e-10,4.058470e-09,4.058470e-11
2.131837e+01,9.946197e-11,3.985564e-09,3.985564e-11
2.132126e+01,9.690447e-11,3.898823e-09,3.898823e-11
2.132414e+01,9.443039e-11,3.797689e-09,3.797689e-11
2.132703e+01,9.206663e-11,3.682463e-09,3.682463e-11
2.132992e+01,8.983828e-11,3.554392e-09,3.554392e-11
2.133281e+01,8.776871e-11,3.415773e-09,3.415773e-11
2.133570e+01,8.588121e-11,3.269985e-09,3.269985e-11
2.133858e+01,8.419936e-11,3.121471e-09,3.121471e-11
2.134147e+01,8.274735e-11,2.975633e-09,2.975633e-11
2.134436e+01,8.155031e-11,2.838639e-09,2.838639e-11
2.134725e+01,8.063216e-11,2.717056e-09,2.717056e-11
2.135014e+01,8.001537e-11,2.617312e-09,2.617312e-11
2.135302e+01,7.972116e-11,2.544975e-09,2.544975e-11
2.135591e+01,7.976699e-11,2.503978e-09,2.503978e-11
2.135880e+01,8.016805e-11,2.496006e-09,2.496006e-11
2.136169e+01,8.093834e-11,2.520282e-09,2.520282e-11
2.136458e+01,8.208626e-11,2.573843e-09,2.573843e-11
2.136746e+01,8.361352e-11,2.652201e-09,2.652201e-11
2.137035e+01,8.551332e-11,2.750139e-09,2.750139e-11
2.137324e+01,8.776585e-11,2.862354e-09,2.862354e-11
2.137613e+01,9.033689e-11,2.983875e-09,2.983875e-11
2.137901e+01,9.318010e-11,3.110270e-09,3.110270e-11
2.138190e+01,9.623991e-11,3.237703e-09,3.237703e-11
2.138479e+01,9.945366e-11,3.362901e-09,3.362901e-11
2.138768e+01,1.027576e-10,3.483150e-09,3.483150e-11
2.139057e+01,1.060894e-10,3.596323e-09,3.596323e-11
2.139345e+01,1.093899e-10,3.700933e-09,3.700933e-11
2.139634e+01,1.126068e-10,3.796198e-09,3.796198e-11
2.139923e+01,1.156954e-10,3.882121e-09,3.882121e-11
2.140212e+01,1.186209e-10,3.959504e-09,3.959504e-11
2.140501e+01,1.213613e-10,4.029878e-09,4.029878e-11
2.140789e+01,1.239075e-10,4.095340e-09,4.095340e-11
2.141078e+01,1.262634e-10,4.158286e-09,4.158286e-11
2.141367e+01,1.284439e-10,4.221093e-09,4.221093e-11
2.141656e+01,1.304707e-10,4.285760e-09,4.285760e-11
2.141945e+01,1.323674e-10,4.353600e-09,4.353600e-11
2.142233e+01,1.341556e-10,4.425046e-09,4.425046e-11
2.142522e+01,1.358508e-10,4.499576e-09,4.499576e-11
2.142811e+01,1.374617e-10,4.575795e-09,4.575795e-11
2.143100e+01,1.389903e-10,4.651627e-09,4.651627e-11
2.143388e+01,1.404335e-10,4.724574e-09,4.724574e-11
2.143677e+01,1.417828e-10,4.791992e-09,4.791992e-11
2.143966e+01,1.430264e-10,4.851352e-09,4.851352e-11
2.144255e+01,1.441498e-10,4.900447e-09,4.900447e-11
2.144544e+01,1.451361e-10,4.937558e-09,4.937558e-11
2.144832e+01,1.459691e-10,4.961559e-09,4.961559e-11
2.145121e+01,1.466351e-10,4.971961e-09,4.971961e-11
2.145410e+01,1.471267e-10,4.968915e-09,4.968915e-11
2.145699e+01,1.474441e-10,4.953186e-09,4.953186e-11
2.145988e+01,1.475936e-10,4.926065e-09,4.926065e-11
2.146276e+01,1.475870e-10,4.889256e-09,4.889256e-11
2.146565e+01,1.474379e-10,4.844729e-09,4.844729e-11
2.146854e+01,1.471569e-10,4.794542e-09,4.794542e-11
2.147143e+01,1.467509e-10,4.740677e-09,4.740677e-11
2.147431e+01,1.462219e-10,4.684862e-09,4.684862e-11
2.147720e+01,1.455646e-10,4.628390e-09,4.628390e-11
2.148009e+01,1.447689e-10,4.571979e-09,4.571979e-11
2.148298e+01,1.438214e-10,4.515726e-09,4.515726e-11
2.148587e+01,1.427044e-10,4.459130e-09,4.459130e-11
2.148875e+01,1.413988e-10,4.401199e-09,4.401199e-11
2.149164e+01,1.398848e-10,4.340629e-09,4.340629e-11
2.149453e+01,1.381443e-10,4.276030e-09,4.276030e-11
2.149742e+01,1.361640e-10,4.206187e-09,4.206187e-11
2.150031e+01,1.339379e-10,4.130283e-09,4.130283e-11
2.150319e+01,1.314707e-10,4.048055e-09,4.048055e-11
2.150608e+01,1.287800e-10,3.959900e-09,3.959900e-11
2.150897e+01,1.258961e-10,3.866880e-09,3.866880e-11
2.151186e+01,1.228594e-10,3.770609e-09,3.770609e-11
2.151475e+01,1.197189e-10,3.673078e-09,3.673078e-11
2.151763e+01,1.165282e-10,3.576466e-09,3.576466e-11
2.152052e+01,1.133444e-10,3.482924e-09,3.482924e-11
2.152341e+01,1.102255e-10,3.394355e-09,3.394355e-11
2.152630e+01,1.072285e-10,3.312256e-09,3.312256e-11
2.152918e+01,1.044077e-10,3.237670e-09,3.237670e-11
2.153207e+01,1.018131e-10,3.171170e-09,3.171170e-11
2.153496e+01,9.948813e-11,3.112902e-09,3.112902e-11
2.153785e+01,9.746750e-11,3.062683e-09,3.062683e-11
2.154074e+01,9.577829e-11,3.020159e-09,3.020159e-11
2.154362e+01,9.444021e-11,2.984922e-09,2.984922e-11
2.154651e+01,9.346585e-11,2.956617e-09,2.956617e-11
2.154940e+01,9.286388e-11,2.935015e-09,2.935015e-11
2.155229e+01,9.263821e-11,2.920054e-09,2.920054e-11
2.155518e+01,9.278846e-11,2.911852e-09,2.911852e-11
2.155806e+01,9.331046e-11,2.910700e-09,2.910700e-11
2.156095e+01,9.419290e-11,2.917013e-09,2.917013e-11
2.156384e+01,9.541830e-11,2.931265e-09,2.931265e-11
2.156673e+01,9.696294e-11,2.953907e-09,2.953907e-11
2.156962e+01,9.879634e-11,2.985301e-09,2.985301e-11
2.157250e+01,1.008837e-10,3.025647e-09,3.025647e-11
2.157539e+01,1.031866e-10,3.074919e-09,3.074919e-11
2.157828e+01,1.056619e-10,3.132782e-09,3.132782e-11
2.158117e+01,1.082614e-10,3.198548e-09,3.198548e-11
2.158405e+01,1.109332e-10,3.271173e-09,3.271173e-11
2.158694e+01,1.136219e-10,3.349264e-09,3.349264e-11
2.158983e+01,1.162694e-10,3.431092e-09,3.431092e-11
2.159272e+01,1.188191e-10,3.514654e-09,3.514654e-11
2.159561e+01,1.212204e-10,3.597794e-09,3.597794e-11
2.159849e+01,1.234309e-10,3.678294e-09,3.678294e-11
2.160138e+01,1.254164e-10,3.753950e-09,3.753950e-11
2.160427e+01,1.271526e-10,3.822655e-09,3.822655e-11
2.160716e+01,1.286247e-10,3.882514e-09,3.882514e-11
2.161005e+01,1.298258e-10,3.931908e-09,3.931908e-11
2.161293e+01,1.307564e-10,3.969544e-09,3.969544e-11
2.161582e+01,1.314230e-10,3.994496e-09,3.994496e-11
2.161871e+01,1.318395e-10,4.006273e-09,4.006273e-11
2.162160e+01,1.320261e-10,4.004862e-09,4.004862e-11
2.162448e+01,1.320060e-10,3.990729e-09,3.990729e-11
2.162737e+01,1.318041e-10,3.964853e-09,3.964853e-11
2.163026e+01,1.314441e-10,3.928722e-09,3.928722e-11
2.163315e+01,1.309456e-10,3.884250e-09,3.884250e-11
2.163604e+01,1.303229e-10,3.833676e-09,3.833676e-11
2.163892e+01,1.295856e-10,3.779465e-09,3.779465e-11
2.164181e+01,1.287400e-10,3.724131e-09,3.724131e-11
2.164470e+01,1.277895e-10,3.669986e-09,3.669986e-11
2.164759e+01,1.267350e-10,3.618943e-09,3.618943e-11
2.165048e+01,1.255761e-10,3.572340e-09,3.572340e-11
2.165336e+01,1.243113e-10,3.530784e-09,3.530784e-11
2.165625e+01,1.229374e-10,3.494128e-09,3.494128e-11
2.165914e+01,1.214518e-10,3.461525e-09,3.461525e-11
2.166203e+01,1.198545e-10,3.431556e-09,3.431556e-11
2.166492e+01,1.181483e-10,3.402448e-09,3.402448e-11
2.166780e+01,1.163426e-10,3.372346e-09,3.372346e-11
2.167069e+01,1.144533e-10,3.339546e-09,3.339546e-11
2.167358e+01,1.125002e-10,3.302693e-09,3.302693e-11
2.167647e+01,1.105068e-10,3.260946e-09,3.260946e-11
2.167935e+01,1.084976e-10,3.214107e-09,3.214107e-11
2.168224e+01,1.064982e-10,3.162673e-09,3.162673e-11
2.168513e+01,1.045346e-10,3.107815e-09,3.107815e-11
2.168802e+01,1.026336e-10,3.051325e-09,3.051325e-11
2.169091e+01,1.008239e-10,2.995504e-09,2.995504e-11
2.169379e+01,9.913428e-11,2.942977e-09,2.942977e-11
2.169668e+01,9.759344e-11,2.896499e-09,2.896499e-11
2.169957e+01,9.622921e-11,2.858720e-09,2.858720e-11
2.170246e+01,9.506500e-11,2.831909e-09,2.831909e-11
2.170535e+01,9.411873e-11,2.817701e-09,2.817701e-11
2.170823e+01,9.340450e-11,2.816934e-09,2.816934e-11
2.171112e+01,9.293228e-11,2.829537e-09,2.829537e-11
2.171401e+01,9.271015e-11,2.854544e-09,2.854544e-11
2.171690e+01,9.274335e-11,2.890218e-09,2.890218e-11
2.171979e+01,9.303461e-11,2.934265e-09,2.934265e-11
2.172267e+01,9.358391e-11,2.984102e-09,2.984102e-11
2.172556e+01,9.438506e-11,3.037098e-09,3.037098e-11
2.172845e+01,9.542561e-11,3.090809e-09,3.090809e-11
2.173134e+01,9.668798e-11,3.143185e-09,3.143185e-11
2.173422e+01,9.815089e-11,3.192715e-09,3.192715e-11
2.173711e+01,9.979011e-11,3.238505e-09,3.238505e-11
2.174000e+01,1.015798e-10,3.280306e-09,3.280306e-11
2.174289e+01,1.034952e-10,3.318520e-09,3.318520e-11
2.174578e+01,1.055126e-10,3.354137e-09,3.354137e-11
2.174866e+01,1.076078e-10,3.388609e-09,3.388609e-11
2.175155e+01,1.097568e-10,3.423704e-09,3.423704e-11
2.175444e+01,1.119380e-10,3.461353e-09,3.461353e-11
2.175733e+01,1.141330e-10,3.503462e-09,3.503462e-11
2.176022e+01,1.163279e-10,3.551728e-09,3.551728e-11
2.176310e+01,1.185127e-10,3.607463e-09,3.607463e-11
2.176599e+01,1.206812e-10,3.671445e-09,3.671445e-11
2.176888e+01,1.228291e-10,3.743854e-09,3.743854e-11
2.177177e+01,1.249526e-10,3.824234e-09,3.824234e-11
2.177465e+01,1.270443e-10,3.911511e-09,3.911511e-11
2.177754e+01,1.290938e-10,4.004076e-09,4.004076e-11
2.178043e+01,1.310894e-10,4.099915e-09,4.099915e-11
2.178332e+01,1.330166e-10,4.196739e-09,4.196739e-11
2.178621e+01,1.348584e-10,4.292115e-09,4.292115e-11
2.178909e+01,1.365976e-10,4.383613e-09,4.383613e-11
2.179198e+01,1.382150e-10,4.468933e-09,4.468933e-11
2.179487e+01,1.396892e-10,4.545994e-09,4.545994e-11
2.179776e+01,1.409973e-10,4.613026e-09,4.613026e-11
2.180065e+01,1.421159e-10,4.668627e-09,4.668627e-11
2.180353e+01,1.430236e-10,4.711797e-09,4.711797e-11
2.180642e+01,1.437037e-10,4.741960e-09,4.741960e-11
2.180931e+01,1.441472e-10,4.758958e-09,4.758958e-11
2.181220e+01,1.443518e-10,4.763025e-09,4.763025e-11
2.181509e+01,1.443216e-10,4.754753e-09,4.754753e-11
2.181797e+01,1.440650e-10,4.735037e-09,4.735037e-11
2.182086e+01,1.435922e-10,4.705005e-09,4.705005e-11
2.182375e+01,1.429145e-10,4.665958e-09,4.665958e-11
2.182664e+01,1.420438e-10,4.619302e-09,4.619302e-11
2.182952e+01,1.409915e-10,4.566474e-09,4.566474e-11
2.183241e+01,1.397681e-10,4.508870e-09,4.508870e-11
2.183530e+01,1.383843e-10,4.447782e-09,4.447782e-11
2.183819e+01,1.368492e-10,4.384345e-09,4.384345e-11
2.184108e+01,1.351680e-10,4.319459e-09,4.319459e-11
2.184396e+01,1.333423e-10,4.253734e-09,4.253734e-11
2.184685e+01,1.313701e-10,4.187459e-09,4.187459e-11
2.184974e+01,1.292485e-10,4.120593e-09,4.120593e-11
2.185263e+01,1.269765e-10,4.052799e-09,4.052799e-11
2.185552e+01,1.245576e-10,3.983489e-09,3.983489e-11
2.185840e+01,1.220004e-10,3.911915e-09,3.911915e-11
2.186129e+01,1.193203e-10,3.837279e-09,3.837279e-11
2.186418e+01,1.165380e-10,3.758850e-09,3.758850e-11
2.186707e+01,1.136783e-10,3.676071e-09,3.676071e-11
2.186996e+01,1.107704e-10,3.588685e-09,3.588685e-11
2.187284e+01,1.078478e-10,3.496813e-09,3.496813e-11
2.187573e+01,1.049485e-10,3.401003e-09,3.401003e-11
2.187862e+01,1.021146e-10,3.302256e-09,3.302256e-11
2.188151e+01,9.939136e-11,3.202037e-09,3.202037e-11
2.188439e+01,9.682536e-11,3.102262e-09,3.102262e-11
2.188728e+01,9.446032e-11,3.005203e-09,3.005203e-11
2.189017e+01,9.233353e-11,2.913406e-09,2.913406e-11
2.189306e+01,9.047557e-11,2.829609e-09,2.829609e-11
2.189595e+01,8.891002e-11,2.756586e-09,2.756586e-11
2.189883e+01,8.765248e-11,2.696931e-09,2.696931e-11
2.190172e+01,8.671402e-11,2.652897e-09,2.652897e-11
2.190461e+01,8.610265e-11,2.626192e-09,2.626192e-11
2.190750e+01,8.582070e-11,2.617792e-09,2.617792e-11
2.191039e+01,8.586475e-11,2.627835e-09,2.627835e-11
2.191327e+01,8.622557e-11,2.655603e-09,2.655603e-11
2.191616e+01,8.688526e-11,2.699561e-09,2.699561e-11
2.191905e+01,8.781692e-11,2.757464e-09,2.757464e-11
2.192194e+01,8.898874e-11,2.826539e-09,2.826539e-11
2.192482e+01,9.036500e-11,2.903672e-09,2.903672e-11
2.192771e+01,9.190666e-11,2.985564e-09,2.985564e-11
2.193060e+01,9.357399e-11,3.068890e-09,3.068890e-11
2.193349e+01,9.532533e-11,3.150435e-09,3.150435e-11
2.193638e+01,9.711613e-11,3.227204e-09,3.227204e-11
2.193926e+01,9.889866e-11,3.296510e-09,3.296510e-11
2.194215e+01,1.006218e-10,3.356056e-09,3.356056e-11
2.194504e+01,1.022338e-10,3.404002e-09,3.404002e-11
2.194793e+01,1.036853e-10,3.439023e-09,3.439023e-11
2.195082e+01,1.049315e-10,3.460342e-09,3.460342e-11
2.195370e+01,1.059361e-10,3.467749e-09,3.467749e-11
2.195659e+01,1.066711e-10,3.461586e-09,3.461586e-11
2.195948e+01,1.071169e-10,3.442711e-09,3.442711e-11
2.196237e+01,1.072633e-10,3.412439e-09,3.412439e-11
2.196526e+01,1.071081e-10,3.372440e-09,3.372440e-11
2.196814e+01,1.066570e-10,3.324617e-09,3.324617e-11
2.197103e+01,1.059259e-10,3.270969e-09,3.270969e-11
2.197392e+01,1.049404e-10,3.213450e-09,3.213450e-11
2.197681e+01,1.037340e-10,3.153835e-09,3.153835e-11
2.197969e+01,1.023463e-10,3.093601e-09,3.093601e-11
2.198258e+01,1.008205e-10,3.033870e-09,3.033870e-11
2.198547e+01,9.920062e-11,2.975407e-09,2.975407e-11
2.198836e+01,9.752815e-11,2.918668e-09,2.918668e-11
2.199125e+01,9.584194e-11,2.863860e-09,2.863860e-11
2.199413e+01,9.417771e-11,2.811051e-09,2.811051e-11
2.199702e+01,9.256650e-11,2.760265e-09,2.760265e-11
2.199991e+01,9.103602e-11,2.711580e-09,2.711580e-11
2.200280e+01,8.961029e-11,2.665199e-09,2.665199e-11
2.200569e+01,8.830817e-11,2.621489e-09,2.621489e-11
2.200857e+01,8.714420e-11,2.580979e-09,2.580979e-11
2.201146e+01,8.612825e-11,2.544351e-09,2.544351e-11
2.201435e+01,8.526657e-11,2.512416e-09,2.512416e-11
2.201724e+01,8.456345e-11,2.486066e-09,2.486066e-11
2.202013e+01,8.402172e-11,2.466218e-09,2.466218e-11
2.202301e+01,8.364397e-11,2.453733e-09,2.453733e-11
2.202590e+01,8.343078e-11,2.449323e-09,2.449323e-11
2.202879e+01,8.337890e-11,2.453436e-09,2.453436e-11
2.203168e+01,8.348092e-11,2.466139e-09,2.466139e-11
2.203456e+01,8.372334e-11,2.487025e-09,2.487025e-11
2.203745e+01,8.408628e-11,2.515148e-09,2.515148e-11
2.204034e+01,8.454515e-11,2.549015e-09,2.549015e-11
2.204323e+01,8.507064e-11,2.586631e-09,2.586631e-11
2.204612e+01,8.562943e-11,2.625610e-09,2.625610e-11
2.204900e+01,8.618629e-11,2.663355e-09,2.663355e-11
2.205189e+01,8.670470e-11,2.697256e-09,2.697256e-11
2.205478e+01,8.714765e-11,2.724899e-09,2.724899e-11
2.205767e+01,8.747975e-11,2.744302e-09,2.744302e-11
2.206056e+01,8.767199e-11,2.754127e-09,2.754127e-11
2.206344e+01,8.770468e-11,2.753817e-09,2.753817e-11
2.206633e+01,8.756851e-11,2.743652e-09,2.743652e-11
2.206922e+01,8.726744e-11,2.724749e-09,2.724749e-11
2.207211e+01,8.681811e-11,2.698981e-09,2.698981e-11
2.207500e+01,8.624706e-11,2.668777e-09,2.668777e-11
2.207788e+01,8.558818e-11,2.636872e-09,2.636872e-11
2.208077e+01,8.488085e-11,2.606055e-09,2.606055e-11
2.208366e+01,8.416787e-11,2.578937e-09,2.578937e-11
2.208655e+01,8.349309e-11,2.557779e-09,2.557779e-11
2.208943e+01,8.290113e-11,2.544431e-09,2.544431e-11
2.209232e+01,8.243603e-11,2.540373e-09,2.540373e-11
2.209521e+01,8.213635e-11,2.546818e-09,2.546818e-11
2.209810e+01,8.203292e-11,2.564840e-09,2.564840e-11
2.210099e+01,8.214899e-11,2.595487e-09,2.595487e-11
2.210387e+01,8.249687e-11,2.639825e-09,2.639825e-11
2.210676e+01,8.307889e-11,2.698865e-09,2.698865e-11
2.210965e+01,8.389129e-11,2.773461e-09,2.773461e-11
2.211254e+01,8.492615e-11,2.864210e-09,2.864210e-11
2.211543e+01,8.617490e-11,2.971337e-09,2.971337e-11
2.211831e+01,8.762868e-11,3.094611e-09,3.094611e-11
2.212120e+01,8.927705e-11,3.233313e-09,3.233313e-11
2.212409e+01,9.110748e-11,3.386268e-09,3.386268e-11
2.212698e+01,9.310300e-11,3.551862e-09,3.551862e-11
2.212986e+01,9.524048e-11,3.728063e-09,3.728063e-11
2.213275e+01,9.749143e-11,3.912414e-09,3.912414e-11
2.213564e+01,9.982277e-11,4.102033e-09,4.102033e-11
2.213853e+01,1.021977e-10,4.293625e-09,4.293625e-11
2.214142e+01,1.045761e-10,4.483485e-09,4.483485e-11
2.214430e+01,1.069153e-10,4.667546e-09,4.667546e-11
2.214719e+01,1.091706e-10,4.841509e-09,4.841509e-11
2.215008e+01,1.112954e-10,5.001023e-09,5.001023e-11
2.215297e+01,1.132436e-10,5.141894e-09,5.141894e-11
2.215586e+01,1.149725e-10,5.260336e-09,5.260336e-11
2.215874e+01,1.164462e-10,5.353229e-09,5.353229e-11
2.216163e+01,1.176388e-10,5.418351e-09,5.418351e-11
2.216452e+01,1.185369e-10,5.454543e-09,5.454543e-11
2.216741e+01,1.191402e-10,5.461801e-09,5.461801e-11
2.217030e+01,1.194601e-10,5.441280e-09,5.441280e-11
2.217318e+01,1.195183e-10,5.395180e-09,5.395180e-11
2.217607e+01,1.193426e-10,5.326547e-09,5.326547e-11
2.217896e+01,1.189647e-10,5.239002e-09,5.239002e-11
2.218185e+01,1.184175e-10,5.136447e-09,5.136447e-11
2.218473e+01,1.177328e-10,5.022773e-09,5.022773e-11
2.218762e+01,1.169391e-10,4.901586e-09,4.901586e-11
2.219051e+01,1.160583e-10,4.775977e-09,4.775977e-11
2.219340e+01,1.151033e-10,4.648397e-09,4.648397e-11
2.219629e+01,1.140794e-10,4.520636e-09,4.520636e-11
2.219917e+01,1.129843e-10,4.393855e-09,4.393855e-11
2.220206e+01,1.118101e-10,4.268678e-09,4.268678e-11
2.220495e+01,1.105472e-10,4.145376e-09,4.145376e-11
2.220784e+01,1.091891e-10,4.024081e-09,4.024081e-11
2.221073e+01,1.077351e-10,3.904957e-09,3.904957e-11
2.221361e+01,1.061922e-10,3.788342e-09,3.788342e-11
2.221650e+01,1.045766e-10,3.674852e-09,3.674852e-11
2.221939e+01,1.029139e-10,3.565438e-09,3.565438e-11
2.222228e+01,1.012393e-10,3.461366e-09,3.461366e-11
2.222517e+01,9.959589e-11,3.364139e-09,3.364139e-11
2.222805e+01,9.803483e-11,3.275381e-09,3.275381e-11
2.223094e+01,9.661242e-11,3.196713e-09,3.196713e-11
2.223383e+01,9.538620e-11,3.129648e-09,3.129648e-11
2.223672e+01,9.441303e-11,3.075525e-09,3.075525e-11
2.223960e+01,9.374384e-11,3.035451e-09,3.035451e-11
2.224249e+01,9.342027e-11,3.010289e-09,3.010289e-11
2.224538e+01,9.347357e-11,3.000685e-09,3.000685e-11
2.224827e+01,9.392373e-11,3.007084e-09,3.007084e-11
2.225116e+01,9.478080e-11,3.029775e-09,3.029775e-11
2.225404e+01,9.604561e-11,3.068907e-09,3.068907e-11
2.225693e+01,9.771101e-11,3.124476e-09,3.124476e-11
2.225982e+01,9.976277e-11,3.196312e-09,3.196312e-11
2.226271e+01,1.021786e-10,3.284036e-09,3.284036e-11
2.226560e+01,1.049285e-10,3.386968e-09,3.386968e-11
2.226848e+01,1.079756e-10,3.504035e-09,3.504035e-11
2.227137e+01,1.112772e-10,3.633704e-09,3.633704e-11
2.227426e+01,1.147857e-10,3.773944e-09,3.773944e-11
2.227715e+01,1.184501e-10,3.922249e-09,3.922249e-11
2.228003e+01,1.222161e-10,4.075711e-09,4.075711e-11
2.228292e+01,1.260247e-10,4.231168e-09,4.231168e-11
2.228581e+01,1.298128e-10,4.385394e-09,4.385394e-11
2.228870e+01,1.335133e-10,4.535281e-09,4.535281e-11
2.229159e+01,1.370549e-10,4.678017e-09,4.678017e-11
2.229447e+01,1.403658e-10,4.811247e-09,4.811247e-11
2.229736e+01,1.433783e-10,4.933217e-09,4.933217e-11
2.230025e+01,1.460334e-10,5.042862e-09,5.042862e-11
2.230314e+01,1.482851e-10,5.139844e-09,5.139844e-11
2.230603e+01,1.501007e-10,5.224517e-09,5.224517e-11
2.230891e+01,1.514615e-10,5.297855e-09,5.297855e-11
2.231180e+01,1.523631e-10,5.361288e-09,5.361288e-11
2.231469e+01,1.528119e-10,5.416465e-09,5.416465e-11
2.231758e+01,1.528244e-10,5.464993e-09,5.464993e-11
2.232047e+01,1.524279e-10,5.508170e-09,5.508170e-11
2.232335e+01,1.516589e-10,5.546753e-09,5.546753e-11
2.232624e+01,1.505611e-10,5.580807e-09,5.580807e-11
2.232913e+01,1.491840e-10,5.609673e-09,5.609673e-11
2.233202e+01,1.475781e-10,5.632036e-09,5.632036e-11
2.233490e+01,1.457905e-10,5.646096e-09,5.646096e-11
2.233779e+01,1.438616e-10,5.649821e-09,5.649821e-11
2.234068e+01,1.418239e-10,5.641237e-09,5.641237e-11
2.234357e+01,1.397028e-10,5.618646e-09,5.618646e-11
2.234646e+01,1.375178e-10,5.580792e-09,5.580792e-11
2.234934e+01,1.352859e-10,5.527023e-09,5.527023e-11
2.235223e+01,1.330249e-10,5.457386e-09,5.457386e-11
2.235512e+01,1.307539e-10,5.372618e-09,5.372618e-11
2.235801e+01,1.284918e-10,5.274056e-09,5.274056e-11
2.236090e+01,1.262573e-10,5.163573e-09,5.163573e-11
2.236378e+01,1.240689e-10,5.043511e-09,5.043511e-11
2.236667e+01,1.219445e-10,4.916568e-09,4.916568e-11
2.236956e+01,1.199012e-10,4.785659e-09,4.785659e-11
2.237245e+01,1.179560e-10,4.653795e-09,4.653795e-11
2.237534e+01,1.161253e-10,4.524001e-09,4.524001e-11
2.237822e+01,1.144242e-10,4.399208e-09,4.399208e-11
2.238111e+01,1.128636e-10,4.282104e-09,4.282104e-11
2.238400e+01,1.114492e-10,4.174983e-09,4.174983e-11
2.238689e+01,1.101809e-10,4.079617e-09,4.079617e-11
2.238977e+01,1.090531e-10,3.997152e-09,3.997152e-11
2.239266e+01,1.080583e-10,3.928043e-09,3.928043e-11
2.239555e+01,1.071888e-10,3.872059e-09,3.872059e-11
2.239844e+01,1.064392e-10,3.828365e-09,3.828365e-11
2.240133e+01,1.058088e-10,3.795685e-09,3.795685e-11
2.240421e+01,1.052995e-10,3.772515e-09,3.772515e-11
2.240710e+01,1.049186e-10,3.757340e-09,3.757340e-11
2.240999e+01,1.046763e-10,3.748831e-09,3.748831e-11
2.241288e+01,1.045861e-10,3.745969e-09,3.745969e-11
2.241577e+01,1.046643e-10,3.748101e-09,3.748101e-11
2.241865e+01,1.049302e-10,3.754899e-09,3.754899e-11
2.242154e+01,1.054036e-10,3.766258e-09,3.766258e-11
2.242443e+01,1.061021e-10,3.782152e-09,3.782152e-11
2.242732e+01,1.070389e-10,3.802494e-09,3.802494e-11
2.243020e+01,1.082186e-10,3.827020e-09,3.827020e-11
2.243309e+01,1.096352e-10,3.855198e-09,3.855198e-11
2.243598e+01,1.112725e-10,3.886209e-09,3.886209e-11
2.243887e+01,1.131051e-10,3.918984e-09,3.918984e-11
2.244176e+01,1.151000e-10,3.952292e-09,3.952292e-11
2.244464e+01,1.172195e-10,3.984856e-09,3.984856e-11
2.244753e+01,1.194233e-10,4.015494e-09,4.015494e-11
2.245042e+01,1.216699e-10,4.043259e-09,4.043259e-11
2.245331e+01,1.239179e-10,4.067570e-09,4.067570e-11
2.245620e+01,1.261262e-10,4.088296e-09,4.088296e-11
2.245908e+01,1.282577e-10,4.105815e-09,4.105815e-11
2.246197e+01,1.302811e-10,4.121038e-09,4.121038e-11
2.246486e+01,1.321723e-10,4.135367e-09,4.135367e-11
2.246775e+01,1.339160e-10,4.150573e-09,4.150573e-11
2.247064e+01,1.355060e-10,4.168658e-09,4.168658e-11
2.247352e+01,1.369430e-10,4.191666e-09,4.191666e-11
2.247641e+01,1.382313e-10,4.221445e-09,4.221445e-11
2.247930e+01,1.393777e-10,4.259452e-09,4.259452e-11
2.248219e+01,1.403907e-10,4.306593e-09,4.306593e-11
2.248507e+01,1.412790e-10,4.363094e-09,4.363094e-11
2.248796e+01,1.420512e-10,4.428432e-09,4.428432e-11
2.249085e+01,1.427168e-10,4.501377e-09,4.501377e-11
2.249374e+01,1.432860e-10,4.580099e-09,4.580099e-11
2.249663e+01,1.437676e-10,4.662283e-09,4.662283e-11
2.249951e+01,1.441684e-10,4.745283e-09,4.745283e-11
2.250240e+01,1.444937e-10,4.826328e-09,4.826328e-11
2.250529e+01,1.447486e-10,4.902693e-09,4.902693e-11
2.250818e+01,1.449372e-10,4.971817e-09,4.971817e-11
2.251107e+01,1.450656e-10,5.031466e-09,5.031466e-11
2.251395e+01,1.451455e-10,5.079868e-09,5.079868e-11
2.251684e+01,1.451917e-10,5.115784e-09,5.115784e-11
2.251973e+01,1.452204e-10,5.138593e-09,5.138593e-11
2.252262e+01,1.452481e-10,5.148379e-09,5.148379e-11
2.252551e+01,1.452895e-10,5.145958e-09,5.145958e-11
2.252839e+01,1.453554e-10,5.132872e-09,5.132872e-11
2.253128e+01,1.454507e-10,5.111318e-09,5.111318e-11
2.253417e+01,1.455756e-10,5.084035e-09,5.084035e-11
2.253706e+01,1.457256e-10,5.054141e-09,5.054141e-11
2.253994e+01,1.458908e-10,5.024871e-09,5.024871e-11
2.254283e+01,1.460546e-10,4.999227e-09,4.999227e-11
2.254572e+01,1.461908e-10,4.979596e-09,4.979596e-11
2.254861e+01,1.462650e-10,4.967451e-09,4.967451e-11
2.255150e+01,1.462346e-10,4.963084e-09,4.963084e-11
2.255438e+01,1.460505e-10,4.965466e-09,4.965466e-11
2.255727e+01,1.456637e-10,4.972295e-09,4.972295e-11
2.256016e+01,1.450291e-10,4.980213e-09,4.980213e-11
2.256305e+01,1.441089e-10,4.985156e-09,4.985156e-11
2.256594e+01,1.428757e-10,4.982777e-09,4.982777e-11
2.256882e+01,1.413135e-10,4.968890e-09,4.968890e-11
2.257171e+01,1.394177e-10,4.939852e-09,4.939852e-11
2.257460e+01,1.371955e-10,4.892882e-09,4.892882e-11
2.257749e+01,1.346661e-10,4.826289e-09,4.826289e-11
2.258037e+01,1.318599e-10,4.739579e-09,4.739579e-11
2.258326e+01,1.288189e-10,4.633467e-09,4.633467e-11
2.258615e+01,1.255957e-10,4.509821e-09,4.509821e-11
2.258904e+01,1.222507e-10,4.371528e-09,4.371528e-11
2.259193e+01,1.188474e-10,4.222294e-09,4.222294e-11
2.259481e+01,1.154478e-10,4.066422e-09,4.066422e-11
2.259770e+01,1.121102e-10,3.908558e-09,3.908558e-11
2.260059e+01,1.088855e-10,3.753386e-09,3.753386e-11
2.260348e+01,1.058178e-10,3.605353e-09,3.605353e-11
2.260637e+01,1.029456e-10,3.468398e-09,3.468398e-11
2.260925e+01,1.003018e-10,3.345698e-09,3.345698e-11
2.261214e+01,9.791660e-11,3.239486e-09,3.239486e-11
2.261503e+01,9.581630e-11,3.150975e-09,3.150975e-11
2.261792e+01,9.402444e-11,3.080386e-09,3.080386e-11
2.262081e+01,9.256183e-11,3.027086e-09,3.027086e-11
2.262369e+01,9.144599e-11,2.989836e-09,2.989836e-11
2.262658e+01,9.069332e-11,2.967117e-09,2.967117e-11
2.262947e+01,9.031856e-11,2.957441e-09,2.957441e-11
2.263236e+01,9.033460e-11,2.959632e-09,2.959632e-11
2.263524e+01,9.075167e-11,2.973041e-09,2.973041e-11
2.263813e+01,9.157523e-11,2.997654e-09,2.997654e-11
2.264102e+01,9.280323e-11,3.034068e-09,3.034068e-11
2.264391e+01,9.442251e-11,3.083323e-09,3.083323e-11
2.264680e+01,9.640802e-11,3.146611e-09,3.146611e-11
2.264968e+01,9.872332e-11,3.224934e-09,3.224934e-11
2.265257e+01,1.013212e-10,3.318730e-09,3.318730e-11
2.265546e+01,1.041457e-10,3.427569e-09,3.427569e-11
2.265835e+01,1.071353e-10,3.550009e-09,3.550009e-11
2.266124e+01,1.102243e-10,3.683639e-09,3.683639e-11
2.266412e+01,1.133453e-10,3.825245e-09,3.825245e-11
2.266701e+01,1.164318e-10,3.971074e-09,3.971074e-11
2.266990e+01,1.194204e-10,4.117144e-09,4.117144e-11
2.267279e+01,1.222533e-10,4.259562e-09,4.259562e-11
2.267568e+01,1.248816e-10,4.394750e-09,4.394750e-11
2.267856e+01,1.272678e-10,4.519597e-09,4.519597e-11
2.268145e+01,1.293834e-10,4.631529e-09,4.631529e-11
2.268434e+01,1.312104e-10,4.728549e-09,4.728549e-11
2.268723e+01,1.327403e-10,4.809223e-09,4.809223e-11
2.269011e+01,1.339693e-10,4.872600e-09,4.872600e-11
2.269300e+01,1.348984e-10,4.918179e-09,4.918179e-11
2.269589e+01,1.355339e-10,4.945909e-09,4.945909e-11
2.269878e+01,1.358861e-10,4.956155e-09,4.956155e-11
2.270167e+01,1.359678e-10,4.949671e-09,4.949671e-11
2.270455e+01,1.357955e-10,4.927641e-09,4.927641e-11
2.270744e+01,1.353884e-10,4.891687e-09,4.891687e-11
2.271033e+01,1.347677e-10,4.843855e-09,4.843855e-11
2.271322e+01,1.339569e-10,4.786582e-09,4.786582e-11
2.271611e+01,1.329816e-10,4.722606e-09,4.722606e-11
2.271899e+01,1.318713e-10,4.654833e-09,4.654833e-11
2.272188e+01,1.306605e-10,4.586154e-09,4.586154e-11
2.272477e+01,1.293886e-10,4.519223e-09,4.519223e-11
2.272766e+01,1.280973e-10,4.456237e-09,4.456237e-11
2.273054e+01,1.268293e-10,4.398788e-09,4.398788e-11
2.273343e+01,1.256258e-10,4.347784e-09,4.347784e-11
2.273632e+01,1.245221e-10,4.303468e-09,4.303468e-11
2.273921e+01,1.235463e-10,4.265553e-09,4.265553e-11
2.274210e+01,1.227184e-10,4.233427e-09,4.233427e-11
2.274498e+01,1.220511e-10,4.206371e-09,4.206371e-11
2.274787e+01,1.215502e-10,4.183745e-09,4.183745e-11
2.275076e+01,1.212143e-10,4.165113e-09,4.165113e-11
2.275365e+01,1.210340e-10,4.150266e-09,4.150266e-11
2.275654e+01,1.209920e-10,4.139189e-09,4.139189e-11
2.275942e+01,1.210635e-10,4.131996e-09,4.131996e-11
2.276231e+01,1.212168e-10,4.128851e-09,4.128851e-11
2.276520e+01,1.214171e-10,4.129881e-09,4.129881e-11
2.276809e+01,1.216295e-10,4.135112e-09,4.135112e-11
2.277098e+01,1.218208e-10,4.144430e-09,4.144430e-11
2.277386e+01,1.219626e-10,4.157604e-09,4.157604e-11
2.277675e+01,1.220330e-10,4.174302e-09,4.174302e-11
2.277964e+01,1.220139e-10,4.194077e-09,4.194077e-11
2.278253e+01,1.218898e-10,4.216364e-09,4.216364e-11
2.278541e+01,1.216475e-10,4.240461e-09,4.240461e-11
2.278830e+01,1.212768e-10,4.265496e-09,4.265496e-11
2.279119e+01,1.207708e-10,4.290380e-09,4.290380e-11
2.279408e+01,1.201280e-10,4.313790e-09,4.313790e-11
2.279697e+01,1.193539e-10,4.334185e-09,4.334185e-11
2.279985e+01,1.184615e-10,4.349849e-09,4.349849e-11
2.280274e+01,1.174691e-10,4.358976e-09,4.358976e-11
2.280563e+01,1.163991e-10,4.359777e-09,4.359777e-11
2.280852e+01,1.152771e-10,4.350640e-09,4.350640e-11
2.281141e+01,1.141322e-10,4.330307e-09,4.330307e-11
2.281429e+01,1.129963e-10,4.298018e-09,4.298018e-11
2.281718e+01,1.119039e-10,4.253627e-09,4.253627e-11
2.282007e+01,1.108930e-10,4.197717e-09,4.197717e-11
2.282296e+01,1.100021e-10,4.131635e-09,4.131635e-11
2.282585e+01,1.092683e-10,4.057472e-09,4.057472e-11
2.282873e+01,1.087237e-10,3.977991e-09,3.977991e-11
2.283162e+01,1.083908e-10,3.896467e-09,3.896467e-11
2.283451e+01,1.082821e-10,3.816499e-09,3.816499e-11
2.283740e+01,1.083989e-10,3.741780e-09,3.741780e-11
2.284028e+01,1.087314e-10,3.675825e-09,3.675825e-11
2.284317e+01,1.092614e-10,3.621693e-09,3.621693e-11
2.284606e+01,1.099626e-10,3.581732e-09,3.581732e-11
2.284895e+01,1.108019e-10,3.557376e-09,3.557376e-11
2.285184e+01,1.117414e-10,3.549037e-09,3.549037e-11
2.285472e+01,1.127379e-10,3.556097e-09,3.556097e-11
2.285761e+01,1.137449e-10,3.576989e-09,3.576989e-11
2.286050e+01,1.147170e-10,3.609388e-09,3.609388e-11
2.286339e+01,1.156127e-10,3.650444e-09,3.650444e-11
2.286628e+01,1.163966e-10,3.696995e-09,3.696995e-11
2.286916e+01,1.170414e-10,3.745777e-09,3.745777e-11
2.287205e+01,1.175285e-10,3.793610e-09,3.793610e-11
2.287494e+01,1.178468e-10,3.837513e-09,3.837513e-11
2.287783e+01,1.179900e-10,3.874789e-09,3.874789e-11
2.288071e+01,1.179561e-10,3.903090e-09,3.903090e-11
2.288360e+01,1.177460e-10,3.920457e-09,3.920457e-11
2.288649e+01,1.173618e-10,3.925350e-09,3.925350e-11
2.288938e+01,1.168070e-10,3.916680e-09,3.916680e-11
2.289227e+01,1.160858e-10,3.893824e-09,3.893824e-11
2.289515e+01,1.152016e-10,3.856629e-09,3.856629e-11
2.289804e+01,1.141560e-10,3.805421e-09,3.805421e-11
2.290093e+01,1.129488e-10,3.740984e-09,3.740984e-11
2.290382e+01,1.115778e-10,3.664522e-09,3.664522e-11
2.290671e+01,1.100410e-10,3.577597e-09,3.577597e-11
2.290959e+01,1.083375e-10,3.482072e-09,3.482072e-11
2.291248e+01,1.064715e-10,3.380046e-09,3.380046e-11
2.291537e+01,1.044514e-10,3.273764e-09,3.273764e-11
2.291826e+01,1.022908e-10,3.165533e-09,3.165533e-11
2.292115e+01,1.000087e-10,3.057662e-09,3.057662e-11
2.292403e+01,9.762754e-11,2.952400e-09,2.952400e-11
2.292692e+01,9.517360e-11,2.851850e-09,2.851850e-11
2.292981e+01,9.267603e-11,2.757924e-09,2.757924e-11
2.293270e+01,9.016697e-11,2.672275e-09,2.672275e-11
2.293558e+01,8.768163e-11,2.596214e-09,2.596214e-11
2.293847e+01,8.525596e-11,2.530640e-09,2.530640e-11
2.294136e+01,8.292385e-11,2.475949e-09,2.475949e-11
2.294425e+01,8.071420e-11,2.431972e-09,2.431972e-11
2.294714e+01,7.865009e-11,2.397981e-09,2.397981e-11
2.295002e+01,7.674647e-11,2.372705e-09,2.372705e-11
2.295291e+01,7.501078e-11,2.354398e-09,2.354398e-11
2.295580e+01,7.344741e-11,2.341017e-09,2.341017e-11
2.295869e+01,7.205920e-11,2.330417e-09,2.330417e-11
2.296158e+01,7.084897e-11,2.320572e-09,2.320572e-11
2.296446e+01,6.982045e-11,2.309798e-09,2.309798e-11
2.296735e+01,6.897790e-11,2.296919e-09,2.296919e-11
2.297024e+01,6.832497e-11,2.281412e-09,2.281412e-11
2.297313e+01,6.786469e-11,2.263493e-09,2.263493e-11
2.297602e+01,6.760040e-11,2.244069e-09,2.244069e-11
2.297890e+01,6.753519e-11,2.224634e-09,2.224634e-11
2.298179e+01,6.767442e-11,2.207118e-09,2.207118e-11
2.298468e+01,6.802653e-11,2.193675e-09,2.193675e-11
2.298757e+01,6.860070e-11,2.186427e-09,2.186427e-11
2.299045e+01,6.940461e-11,2.187288e-09,2.187288e-11
2.299334e+01,7.044224e-11,2.197833e-09,2.197833e-11
2.299623e+01,7.171134e-11,2.219189e-09,2.219189e-11
2.299912e+01,7.320081e-11,2.252015e-09,2.252015e-11
2.300201e+01,7.489381e-11,2.296552e-09,2.296552e-11
2.300489e+01,7.677058e-11,2.352671e-09,2.352671e-11
2.300778e+01,7.880929e-11,2.419885e-09,2.419885e-11
2.301067e+01,8.098896e-11,2.497400e-09,2.497400e-11
2.301356e+01,8.329090e-11,2.584148e-09,2.584148e-11
2.301645e+01,8.569747e-11,2.678802e-09,2.678802e-11
2.301933e+01,8.819215e-11,2.779817e-09,2.779817e-11
2.302222e+01,9.076019e-11,2.885538e-09,2.885538e-11
2.302511e+01,9.338785e-11,2.994270e-09,2.994270e-11
2.302800e+01,9.606267e-11,3.104358e-09,3.104358e-11
2.303089e+01,9.877431e-11,3.214302e-09,3.214302e-11
2.303377e+01,1.015138e-10,3.322831e-09,3.322831e-11
2.303666e+01,1.042710e-10,3.428920e-09,3.428920e-11
2.303955e+01,1.070312e-10,3.531782e-09,3.531782e-11
2.304244e+01,1.097740e-10,3.630828e-09,3.630828e-11
2.304532e+01,1.124705e-10,3.725549e-09,3.725549e-11
2.304821e+01,1.150831e-10,3.815421e-09,3.815421e-11
2.305110e+01,1.175697e-10,3.899840e-09,3.899840e-11
2.305399e+01,1.198864e-10,3.978049e-09,3.978049e-11
2.305688e+01,1.219890e-10,4.049118e-09,4.049118e-11
2.305976e+01,1.238373e-10,4.111997e-09,4.111997e-11
2.306265e+01,1.253969e-10,4.165619e-09,4.165619e-11
2.306554e+01,1.266395e-10,4.209005e-09,4.209005e-11
2.306843e+01,1.275461e-10,4.241386e-09,4.241386e-11
2.307132e+01,1.281087e-10,4.262298e-09,4.262298e-11
2.307420e+01,1.283321e-10,4.271632e-09,4.271632e-11
2.307709e+01,1.282348e-10,4.269629e-09,4.269629e-11
2.307998e+01,1.278473e-10,4.256823e-09,4.256823e-11
2.308287e+01,1.272116e-10,4.233976e-09,4.233976e-11
2.308575e+01,1.263767e-10,4.202029e-09,4.202029e-11
2.308864e+01,1.253939e-10,4.162041e-09,4.162041e-11
2.309153e+01,1.243139e-10,4.115144e-09,4.115144e-11
2.309442e+01,1.231828e-10,4.062569e-09,4.062569e-11
2.309731e+01,1.220408e-10,4.005688e-09,4.005688e-11
2.310019e+01,1.209237e-10,3.946056e-09,3.946056e-11
2.310308e+01,1.198611e-10,3.885415e-09,3.885415e-11
2.310597e+01,1.188767e-10,3.825715e-09,3.825715e-11
2.310886e+01,1.179903e-10,3.769100e-09,3.769100e-11
2.311175e+01,1.172168e-10,3.717821e-09,3.717821e-11
2.311463e+01,1.165667e-10,3.674140e-09,3.674140e-11
2.311752e+01,1.160478e-10,3.640200e-09,3.640200e-11
2.312041e+01,1.156654e-10,3.617856e-09,3.617856e-11
2.312330e+01,1.154258e-10,3.608531e-09,3.608531e-11
2.312619e+01,1.153345e-10,3.613061e-09,3.613061e-11
2.312907e+01,1.153965e-10,3.631584e-09,3.631584e-11
2.313196e+01,1.156139e-10,3.663471e-09,3.663471e-11
2.313485e+01,1.159829e-10,3.707359e-09,3.707359e-11
2.313774e+01,1.164948e-10,3.761217e-09,3.761217e-11
2.314062e+01,1.171322e-10,3.822484e-09,3.822484e-11
2.314351e+01,1.178699e-10,3.888227e-09,3.888227e-11
2.314640e+01,1.186778e-10,3.955318e-09,3.955318e-11
2.314929e+01,1.195200e-10,4.020638e-09,4.020638e-11
2.315218e+01,1.203580e-10,4.081244e-09,4.081244e-11
2.315506e+01,1.211512e-10,4.134495e-09,4.134495e-11
2.315795e+01,1.218576e-10,4.178209e-09,4.178209e-11
2.316084e+01,1.224381e-10,4.210780e-09,4.210780e-11
2.316373e+01,1.228572e-10,4.231219e-09,4.231219e-11
2.316662e+01,1.230857e-10,4.239166e-09,4.239166e-11
2.316950e+01,1.231048e-10,4.234873e-09,4.234873e-11
2.317239e+01,1.229068e-10,4.219131e-09,4.219131e-11
2.317528e+01,1.224941e-10,4.193142e-09,4.193142e-11
2.317817e+01,1.218770e-10,4.158346e-09,4.158346e-11
2.318106e+01,1.210707e-10,4.116281e-09,4.116281e-11
2.318394e+01,1.200922e-10,4.068450e-09,4.068450e-11
2.318683e+01,1.189580e-10,4.016197e-09,4.016197e-11
2.318972e+01,1.176835e-10,3.960639e-09,3.960639e-11
2.319261e+01,1.162831e-10,3.902655e-09,3.902655e-11
2.319549e+01,1.147707e-10,3.842903e-09,3.842903e-11
2.319838e+01,1.131604e-10,3.781881e-09,3.781881e-11
2.320127e+01,1.114663e-10,3.720016e-09,3.720016e-11
2.320416e+01,1.097022e-10,3.657741e-09,3.657741e-11
2.320705e+01,1.078826e-10,3.595578e-09,3.595578e-11
2.320993e+01,1.060234e-10,3.534207e-09,3.534207e-11
2.321282e+01,1.041430e-10,3.474491e-09,3.474491e-11
2.321571e+01,1.022654e-10,3.417459e-09,3.417459e-11
2.321860e+01,1.004203e-10,3.364237e-09,3.364237e-11
2.322149e+01,9.864255e-11,3.315926e-09,3.315926e-11
2.322437e+01,9.697144e-11,3.273481e-09,3.273481e-11
2.322726e+01,9.544793e-11,3.237584e-09,3.237584e-11
2.323015e+01,9.410957e-11,3.208549e-09,3.208549e-11
2.323304e+01,9.298893e-11,3.186296e-09,3.186296e-11
2.323592e+01,9.211201e-11,3.170389e-09,3.170389e-11
2.323881e+01,9.149674e-11,3.160134e-09,3.160134e-11
2.324170e+01,9.115164e-11,3.154689e-09,3.154689e-11
2.324459e+01,9.107553e-11,3.153187e-09,3.153187e-11
2.324748e+01,9.125881e-11,3.154853e-09,3.154853e-11
2.325036e+01,9.168250e-11,3.159052e-09,3.159052e-11
2.325325e+01,9.231861e-11,3.165282e-09,3.165282e-11
2.325614e+01,9.313093e-11,3.173139e-09,3.173139e-11
2.325903e+01,9.407815e-11,3.182272e-09,3.182272e-11
2.326192e+01,9.511796e-11,3.192351e-09,3.192351e-11
2.326480e+01,9.620930e-11,3.203031e-09,3.203031e-11
2.326769e+01,9.731460e-11,3.213935e-09,3.213935e-11
2.327058e+01,9.840102e-11,3.224670e-09,3.224670e-11
2.327347e+01,9.944007e-11,3.234851e-09,3.234851e-11
2.327636e+01,1.004065e-10,3.244126e-09,3.244126e-11
2.327924e+01,1.012790e-10,3.252192e-09,3.252192e-11
2.328213e+01,1.020413e-10,3.258802e-09,3.258802e-11
2.328502e+01,1.026812e-10,3.263743e-09,3.263743e-11
2.328791e+01,1.031926e-10,3.266811e-09,3.266811e-11
2.329079e+01,1.035760e-10,3.267786e-09,3.267786e-11
2.329368e+01,1.038383e-10,3.266414e-09,3.266414e-11
2.329657e+01,1.039897e-10,3.262429e-09,3.262429e-11
2.329946e+01,1.040433e-10,3.255588e-09,3.255588e-11
2.330235e+01,1.040132e-10,3.245727e-09,3.245727e-11
2.330523e+01,1.039135e-10,3.232835e-09,3.232835e-11
2.330812e+01,1.037593e-10,3.217157e-09,3.217157e-11
2.331101e+01,1.035671e-10,3.199259e-09,3.199259e-11
2.331390e+01,1.033538e-10,3.180057e-09,3.180057e-11
2.331679e+01,1.031368e-10,3.160794e-09,3.160794e-11
2.331967e+01,1.029334e-10,3.142983e-09,3.142983e-11
2.332256e+01,1.027563e-10,3.128273e-09,3.128273e-11
2.332545e+01,1.026143e-10,3.118259e-09,3.118259e-11
2.332834e+01,1.025121e-10,3.114290e-09,3.114290e-11
2.333123e+01,1.024511e-10,3.117300e-09,3.117300e-11
2.333411e+01,1.024316e-10,3.127642e-09,3.127642e-11
2.333700e+01,1.024527e-10,3.145005e-09,3.145005e-11
2.333989e+01,1.025141e-10,3.168439e-09,3.168439e-11
2.334278e+01,1.026164e-10,3.196459e-09,3.196459e-11
2.334566e+01,1.027606e-10,3.227216e-09,3.227216e-11
2.334855e+01,1.029475e-10,3.258706e-09,3.258706e-11
2.335144e+01,1.031771e-10,3.288980e-09,3.288980e-11
2.335433e+01,1.034502e-10,3.316343e-09,3.316343e-11
2.335722e+01,1.037691e-10,3.339514e-09,3.339514e-11
2.336010e+01,1.041364e-10,3.357718e-09,3.357718e-11
2.336299e+01,1.045551e-10,3.370731e-09,3.370731e-11
2.336588e+01,1.050268e-10,3.378886e-09,3.378886e-11
2.336877e+01,1.055500e-10,3.383014e-09,3.383014e-11
2.337166e+01,1.061176e-10,3.384356e-09,3.384356e-11
2.337454e+01,1.067193e-10,3.384462e-09,3.384462e-11
2.337743e+01,1.073414e-10,3.385054e-09,3.385054e-11
2.338032e+01,1.079678e-10,3.387891e-09,3.387891e-11
2.338321e+01,1.085840e-10,3.394658e-09,3.394658e-11
2.338609e+01,1.091773e-10,3.406851e-09,3.406851e-11
2.338898e+01,1.097365e-10,3.425674e-09,3.425674e-11
2.339187e+01,1.102528e-10,3.451972e-09,3.451972e-11
2.339476e+01,1.107191e-10,3.486182e-09,3.486182e-11
2.339765e+01,1.111295e-10,3.528327e-09,3.528327e-11
2.340053e+01,1.114803e-10,3.578020e-09,3.578020e-11
2.340342e+01,1.117712e-10,3.634472e-09,3.634472e-11
2.340631e+01,1.120043e-10,3.696549e-09,3.696549e-11
2.340920e+01,1.121856e-10,3.762854e-09,3.762854e-11
2.341209e+01,1.123219e-10,3.831775e-09,3.831775e-11
2.341497e+01,1.124187e-10,3.901555e-09,3.901555e-11
2.341786e+01,1.124785e-10,3.970367e-09,3.970367e-11
2.342075e+01,1.125005e-10,4.036362e-09,4.036362e-11
2.342364e+01,1.124816e-10,4.097728e-09,4.097728e-11
2.342653e+01,1.124159e-10,4.152738e-09,4.152738e-11
2.342941e+01,1.122982e-10,4.199787e-09,4.199787e-11
2.343230e+01,1.121253e-10,4.237437e-09,4.237437e-11
2.343519e+01,1.118939e-10,4.264458e-09,4.264458e-11
2.343808e+01,1.116019e-10,4.279850e-09,4.279850e-11
2.344096e+01,1.112472e-10,4.282863e-09,4.282863e-11
2.344385e+01,1.108270e-10,4.273029e-09,4.273029e-11
2.344674e+01,1.103391e-10,4.250179e-09,4.250179e-11
2.344963e+01,1.097820e-10,4.214433e-09,4.214433e-11
2.345252e+01,1.091561e-10,4.166211e-09,4.166211e-11
2.345540e+01,1.084650e-10,4.106237e-09,4.106237e-11
2.345829e+01,1.077116e-10,4.035529e-09,4.035529e-11
2.346118e+01,1.068990e-10,3.955370e-09,3.955370e-11
2.346407e+01,1.060288e-10,3.867304e-09,3.867304e-11
2.346696e+01,1.050990e-10,3.773110e-09,3.773110e-11
2.346984e+01,1.041071e-10,3.674765e-09,3.674765e-11
2.347273e+01,1.030526e-10,3.574417e-09,3.574417e-11
2.347562e+01,1.019384e-10,3.474343e-09,3.474343e-11
2.347851e+01,1.007730e-10,3.376897e-09,3.376897e-11
2.348140e+01,9.957053e-11,3.284435e-09,3.284435e-11
2.348428e+01,9.834996e-11,3.199227e-09,3.199227e-11
2.348717e+01,9.713317e-11,3.123340e-09,3.123340e-11
2.349006e+01,9.594202e-11,3.058494e-09,3.058494e-11
2.349295e+01,9.479839e-11,3.005909e-09,3.005909e-11
2.349583e+01,9.372399e-11,2.966177e-09,2.966177e-11
2.349872e+01,9.274078e-11,2.939188e-09,2.939188e-11
2.350161e+01,9.187062e-11,2.924122e-09,2.924122e-11
2.350450e+01,9.113353e-11,2.919511e-09,2.919511e-11
2.350739e+01,9.054639e-11,2.923380e-09,2.923380e-11
2.351027e+01,9.012031e-11,2.933462e-09,2.933462e-11
2.351316e+01,8.985913e-11,2.947414e-09,2.947414e-11
2.351605e+01,8.975957e-11,2.963017e-09,2.963017e-11
2.351894e+01,8.981278e-11,2.978366e-09,2.978366e-11
2.352183e+01,9.000788e-11,2.992034e-09,2.992034e-11
2.352471e+01,9.033436e-11,3.003170e-09,3.003170e-11
2.352760e+01,9.078382e-11,3.011530e-09,3.011530e-11
2.353049e+01,9.135050e-11,3.017463e-09,3.017463e-11
2.353338e+01,9.203068e-11,3.021860e-09,3.021860e-11
2.353626e+01,9.282169e-11,3.026044e-09,3.026044e-11
2.353915e+01,9.371968e-11,3.031592e-09,3.031592e-11
2.354204e+01,9.471906e-11,3.040154e-09,3.040154e-11
2.354493e+01,9.581336e-11,3.053303e-09,3.053303e-11
2.354782e+01,9.699542e-11,3.072403e-09,3.072403e-11
2.355070e+01,9.825598e-11,3.098485e-09,3.098485e-11
2.355359e+01,9.958243e-11,3.132176e-09,3.132176e-11
2.355648e+01,1.009582e-10,3.173656e-09,3.173656e-11
2.355937e+01,1.023612e-10,3.222659e-09,3.222659e-11
2.356226e+01,1.037643e-10,3.278481e-09,3.278481e-11
2.356514e+01,1.051366e-10,3.340012e-09,3.340012e-11
2.356803e+01,1.064473e-10,3.405813e-09,3.405813e-11
2.357092e+01,1.076679e-10,3.474170e-09,3.474170e-11
2.357381e+01,1.087722e-10,3.543171e-09,3.543171e-11
2.357670e+01,1.097402e-10,3.610832e-09,3.610832e-11
2.357958e+01,1.105567e-10,3.675217e-09,3.675217e-11
2.358247e+01,1.112090e-10,3.734495e-09,3.734495e-11
2.358536e+01,1.116875e-10,3.787006e-09,3.787006e-11
2.358825e+01,1.119850e-10,3.831309e-09,3.831309e-11
2.359113e+01,1.120954e-10,3.866180e-09,3.866180e-11
2.359402e+01,1.120144e-10,3.890598e-09,3.890598e-11
2.359691e+01,1.117387e-10,3.903731e-09,3.903731e-11
2.359980e+01,1.112649e-10,3.904892e-09,3.904892e-11
2.360269e+01,1.105876e-10,3.893534e-09,3.893534e-11
2.360557e+01,1.096983e-10,3.869243e-09,3.869243e-11
2.360846e+01,1.085852e-10,3.831768e-09,3.831768e-11
2.361135e+01,1.072371e-10,3.781070e-09,3.781070e-11
2.361424e+01,1.056455e-10,3.717386e-09,3.717386e-11
2.361713e+01,1.038073e-10,3.641271e-09,3.641271e-11
2.362001e+01,1.017280e-10,3.553666e-09,3.553666e-11
2.362290e+01,9.942510e-11,3.455949e-09,3.455949e-11
2.362579e+01,9.692684e-11,3.349926e-09,3.349926e-11
2.362868e+01,9.427217e-11,3.237780e-09,3.237780e-11
2.363157e+01,9.150910e-11,3.121976e-09,3.121976e-11
2.363445e+01,8.869286e-11,3.005122e-09,3.005122e-11
2.363734e+01,8.588588e-11,2.889805e-09,2.889805e-11
2.364023e+01,8.315480e-11,2.778447e-09,2.778447e-11
2.364312e+01,8.056756e-11,2.673172e-09,2.673172e-11
2.364600e+01,7.819092e-11,2.575726e-09,2.575726e-11
2.364889e+01,7.608572e-11,2.487485e-09,2.487485e-11
2.365178e+01,7.430364e-11,2.409522e-09,2.409522e-11
2.365467e+01,7.288475e-11,2.342711e-09,2.342711e-11
2.365756e+01,7.185529e-11,2.287872e-09,2.287872e-11
2.366044e+01,7.122912e-11,2.245905e-09,2.245905e-11
2.366333e+01,7.100931e-11,2.217873e-09,2.217873e-11
2.366622e+01,7.119004e-11,2.205028e-09,2.205028e-11
2.366911e+01,7.175867e-11,2.208754e-09,2.208754e-11
2.367200e+01,7.269558e-11,2.230415e-09,2.230415e-11
2.367488e+01,7.397647e-11,2.271172e-09,2.271172e-11
2.367777e+01,7.557256e-11,2.331740e-09,2.331740e-11
2.368066e+01,7.745218e-11,2.412150e-09,2.412150e-11
2.368355e+01,7.958352e-11,2.511598e-09,2.511598e-11
2.368643e+01,8.193572e-11,2.628392e-09,2.628392e-11
2.368932e+01,8.448033e-11,2.760006e-09,2.760006e-11
2.369221e+01,8.719025e-11,2.903218e-09,2.903218e-11
2.369510e+01,9.003980e-11,3.054327e-09,3.054327e-11
2.369799e+01,9.300157e-11,3.209394e-09,3.209394e-11
2.370087e+01,9.604421e-11,3.364463e-09,3.364463e-11
2.370376e+01,9.913454e-11,3.515783e-09,3.515783e-11
2.370665e+01,1.022362e-10,3.660001e-09,3.660001e-11
2.370954e+01,1.053119e-10,3.794297e-09,3.794297e-11
2.371243e+01,1.083265e-10,3.916487e-09,3.916487e-11
2.371531e+01,1.112468e-10,4.025073e-09,4.025073e-11
2.371820e+01,1.140430e-10,4.119263e-09,4.119263e-11
2.372109e+01,1.166878e-10,4.198933e-09,4.198933e-11
2.372398e+01,1.191545e-10,4.264535e-09,4.264535e-11
2.372687e+01,1.214194e-10,4.316987e-09,4.316987e-11
2.372975e+01,1.234618e-10,4.357530e-09,4.357530e-11
2.373264e+01,1.252641e-10,4.387566e-09,4.387566e-11
2.373553e+01,1.268133e-10,4.408506e-09,4.408506e-11
2.373842e+01,1.281023e-10,4.421657e-09,4.421657e-11
2.374130e+01,1.291294e-10,4.428143e-09,4.428143e-11
2.374419e+01,1.298958e-10,4.428830e-09,4.428830e-11
2.374708e+01,1.304041e-10,4.424323e-09,4.424323e-11
2.374997e+01,1.306577e-10,4.414995e-09,4.414995e-11
2.375286e+01,1.306602e-10,4.401011e-09,4.401011e-11
2.375574e+01,1.304170e-10,4.382377e-09,4.382377e-11
2.375863e+01,1.299364e-10,4.358986e-09,4.358986e-11
2.376152e+01,1.292294e-10,4.330637e-09,4.330637e-11
2.376441e+01,1.283106e-10,4.297071e-09,4.297071e-11
2.376730e+01,1.271975e-10,4.257989e-09,4.257989e-11
2.377018e+01,1.259091e-10,4.213073e-09,4.213073e-11
2.377307e+01,1.244667e-10,4.162030e-09,4.162030e-11
2.377596e+01,1.228933e-10,4.104641e-09,4.104641e-11
2.377885e+01,1.212145e-10,4.040819e-09,4.040819e-11
2.378174e+01,1.194582e-10,3.970667e-09,3.970667e-11
2.378462e+01,1.176546e-10,3.894566e-09,3.894566e-11
2.378751e+01,1.158348e-10,3.813248e-09,3.813248e-11
2.379040e+01,1.140291e-10,3.727842e-09,3.727842e-11
2.379329e+01,1.122652e-10,3.639897e-09,3.639897e-11
2.379617e+01,1.105666e-10,3.551382e-09,3.551382e-11
2.379906e+01,1.089524e-10,3.464643e-09,3.464643e-11
2.380195e+01,1.074386e-10,3.382303e-09,3.382303e-11
2.380484e+01,1.060394e-10,3.307105e-09,3.307105e-11
2.380773e+01,1.047668e-10,3.241691e-09,3.241691e-11
2.381061e+01,1.036313e-10,3.188358e-09,3.188358e-11
2.381350e+01,1.026417e-10,3.148811e-09,3.148811e-11
2.381639e+01,1.018031e-10,3.123962e-09,3.123962e-11
2.381928e+01,1.011181e-10,3.113832e-09,3.113832e-11
2.382217e+01,1.005876e-10,3.117567e-09,3.117567e-11
2.382505e+01,1.002110e-10,3.133568e-09,3.133568e-11
2.382794e+01,9.998789e-11,3.159721e-09,3.159721e-11
2.383083e+01,9.991987e-11,3.193684e-09,3.193684e-11
2.383372e+01,1.000093e-10,3.233125e-09,3.233125e-11
2.383661e+01,1.002571e-10,3.275925e-09,3.275925e-11
2.383949e+01,1.006608e-10,3.320306e-09,3.320306e-11
2.384238e+01,1.012125e-10,3.364894e-09,3.364894e-11
2.384527e+01,1.018991e-10,3.408715e-09,3.408715e-11
2.384816e+01,1.027015e-10,3.451145e-09,3.451145e-11
2.385104e+01,1.035946e-10,3.491815e-09,3.491815e-11
2.385393e+01,1.045500e-10,3.530506e-09,3.530506e-11
2.385682e+01,1.055349e-10,3.567046e-09,3.567046e-11
2.385971e+01,1.065139e-10,3.601244e-09,3.601244e-11
2.386260e+01,1.074494e-10,3.632833e-09,3.632833e-11
2.386548e+01,1.083018e-10,3.661426e-09,3.661426e-11
2.386837e+01,1.090317e-10,3.686540e-09,3.686540e-11
2.387126e+01,1.096040e-10,3.707631e-09,3.707631e-11
2.387415e+01,1.099879e-10,3.724105e-09,3.724105e-11
2.387704e+01,1.101610e-10,3.735366e-09,3.735366e-11
2.387992e+01,1.101107e-10,3.740843e-09,3.740843e-11
2.388281e+01,1.098320e-10,3.739986e-09,3.739986e-11
2.388570e+01,1.093287e-10,3.732256e-09,3.732256e-11
2.388859e+01,1.086122e-10,3.717113e-09,3.717113e-11
2.389147e+01,1.076991e-10,3.693985e-09,3.693985e-11
2.389436e+01,1.066119e-10,3.662287e-09,3.662287e-11
2.389725e+01,1.053778e-10,3.621494e-09,3.621494e-11
2.390014e+01,1.040293e-10,3.571238e-09,3.571238e-11
2.390303e+01,1.026027e-10,3.511426e-09,3.511426e-11
2.390591e+01,1.011356e-10,3.442412e-09,3.442412e-11
2.390880e+01,9.966507e-11,3.365179e-09,3.365179e-11
2.391169e+01,9.822693e-11,3.281494e-09,3.281494e-11
2.391458e+01,9.685565e-11,3.194013e-09,3.194013e-11
2.391747e+01,9.558478e-11,3.106345e-09,3.106345e-11
2.392035e+01,9.444873e-11,3.023005e-09,3.023005e-11
2.392324e+01,9.348353e-11,2.949227e-09,2.949227e-11
2.392613e+01,9.272643e-11,2.890623e-09,2.890623e-11
2.392902e+01,9.221452e-11,2.852695e-09,2.852695e-11
2.393191e+01,9.198188e-11,2.840206e-09,2.840206e-11
2.393479e+01,9.205604e-11,2.856542e-09,2.856542e-11
2.393768e+01,9.245632e-11,2.903237e-09,2.903237e-11
2.394057e+01,9.319293e-11,2.979823e-09,2.979823e-11
2.394346e+01,9.426449e-11,3.083996e-09,3.083996e-11
2.394634e+01,9.565865e-11,3.212034e-09,3.212034e-11
2.394923e+01,9.735214e-11,3.359308e-09,3.359308e-11
2.395212e+01,9.930757e-11,3.520714e-09,3.520714e-11
2.395501e+01,1.014738e-10,3.691006e-09,3.691006e-11
2.395790e+01,1.037874e-10,3.865024e-09,3.865024e-11
2.396078e+01,1.061740e-10,4.037792e-09,4.037792e-11
2.396367e+01,1.085511e-10,4.204600e-09,4.204600e-11
2.396656e+01,1.108346e-10,4.361092e-09,4.361092e-11
2.396945e+01,1.129440e-10,4.503321e-09,4.503321e-11
2.397234e+01,1.148067e-10,4.627815e-09,4.627815e-11
2.397522e+01,1.163604e-10,4.731651e-09,4.731651e-11
2.397811e+01,1.175548e-10,4.812494e-09,4.812494e-11
2.398100e+01,1.183516e-10,4.868633e-09,4.868633e-11
2.398389e+01,1.187251e-10,4.898977e-09,4.898977e-11
2.398678e+01,1.186619e-10,4.903021e-09,4.903021e-11
2.398966e+01,1.181614e-10,4.880821e-09,4.880821e-11
2.399255e+01,1.172360e-10,4.832929e-09,4.832929e-11
2.399544e+01,1.159085e-10,4.760327e-09,4.760327e-11
2.399833e+01,1.142089e-10,4.664375e-09,4.664375e-11
2.400121e+01,1.121719e-10,4.546771e-09,4.546771e-11
2.400410e+01,1.098329e-10,4.409503e-09,4.409503e-11
2.400699e+01,1.072250e-10,4.254815e-09,4.254815e-11
2.400988e+01,1.043793e-10,4.085170e-09,4.085170e-11
2.401277e+01,1.013249e-10,3.903201e-09,3.903201e-11
2.401565e+01,9.809124e-11,3.711685e-09,3.711685e-11
2.401854e+01,9.471070e-11,3.513506e-09,3.513506e-11
2.402143e+01,9.121864e-11,3.311610e-09,3.311610e-11
2.402432e+01,8.765288e-11,3.108972e-09,3.108972e-11
2.402721e+01,8.405176e-11,2.908561e-09,2.908561e-11
2.403009e+01,8.045386e-11,2.713316e-09,2.713316e-11
2.403298e+01,7.689575e-11,2.526104e-09,2.526104e-11
2.403587e+01,7.341229e-11,2.349685e-09,2.349685e-11
2.403876e+01,7.003814e-11,2.186664e-09,2.186664e-11
2.404164e+01,6.680719e-11,2.039401e-09,2.039401e-11
2.404453e+01,6.375231e-11,1.909890e-09,1.909890e-11
2.404742e+01,6.090350e-11,1.799590e-09,1.799590e-11
2.405031e+01,5.828592e-11,1.709234e-09,1.709234e-11
2.405320e+01,5.591776e-11,1.638681e-09,1.638681e-11
2.405608e+01,5.381012e-11,1.586848e-09,1.586848e-11
2.405897e+01,5.196812e-11,1.551804e-09,1.551804e-11
2.406186e+01,5.039142e-11,1.530997e-09,1.530997e-11
2.406475e+01,4.907777e-11,1.521594e-09,1.521594e-11
2.406764e+01,4.802519e-11,1.520835e-09,1.520835e-11
2.407052e+01,4.723154e-11,1.526281e-09,1.526281e-11
2.407341e+01,4.669483e-11,1.535956e-09,1.535956e-11
2.407630e+01,4.641207e-11,1.548389e-09,1.548389e-11
2.407919e+01,4.637800e-11,1.562551e-09,1.562551e-11
2.408208e+01,4.658577e-11,1.577776e-09,1.577776e-11
2.408496e+01,4.702729e-11,1.593658e-09,1.593658e-11
2.408785e+01,4.769158e-11,1.609955e-09,1.609955e-11
2.409074e+01,4.856513e-11,1.626543e-09,1.626543e-11
2.409363e+01,4.963236e-11,1.643414e-09,1.643414e-11
2.409651e+01,5.087317e-11,1.660664e-09,1.660664e-11
2.409940e+01,5.226248e-11,1.678497e-09,1.678497e-11
2.410229e+01,5.377122e-11,1.697241e-09,1.697241e-11
2.410518e+01,5.536652e-11,1.717343e-09,1.717343e-11
2.410807e+01,5.701470e-11,1.739369e-09,1.739369e-11
2.411095e+01,5.868388e-11,1.763975e-09,1.763975e-11
2.411384e+01,6.034462e-11,1.791856e-09,1.791856e-11
2.411673e+01,6.197080e-11,1.823684e-09,1.823684e-11
2.411962e+01,6.353947e-11,1.860044e-09,1.860044e-11
2.412251e+01,6.503163e-11,1.901360e-09,1.901360e-11
2.412539e+01,6.643077e-11,1.947797e-09,1.947797e-11
2.412828e+01,6.772304e-11,1.999200e-09,1.999200e-11
2.413117e+01,6.889957e-11,2.055068e-09,2.055068e-11
2.413406e+01,6.995599e-11,2.114576e-09,2.114576e-11
2.413695e+01,7.089181e-11,2.176605e-09,2.176605e-11
2.413983e+01,7.170987e-11,2.239809e-09,2.239809e-11
2.414272e+01,7.241503e-11,2.302709e-09,2.302709e-11
2.414561e+01,7.301170e-11,2.363774e-09,2.363774e-11
2.414850e+01,7.350524e-11,2.421486e-09,2.421486e-11
2.415138e+01,7.390138e-11,2.474401e-09,2.474401e-11
2.415427e+01,7.420690e-11,2.521193e-09,2.521193e-11
2.415716e+01,7.443388e-11,2.560723e-09,2.560723e-11
2.416005e+01,7.459833e-11,2.592092e-09,2.592092e-11
2.416294e+01,7.472016e-11,2.614660e-09,2.614660e-11
2.416582e+01,7.482191e-11,2.628101e-09,2.628101e-11
2.416871e+01,7.492508e-11,2.632455e-09,2.632455e-11
2.417160e+01,7.504945e-11,2.628164e-09,2.628164e-11
2.417449e+01,7.521174e-11,2.616090e-09,2.616090e-11
2.417738e+01,7.542500e-11,2.597511e-09,2.597511e-11
2.418026e+01,7.569981e-11,2.574118e-09,2.574118e-11
2.418315e+01,7.604426e-11,2.547980e-09,2.547980e-11
2.418604e+01,7.646287e-11,2.521456e-09,2.521456e-11
2.418893e+01,7.695573e-11,2.497085e-09,2.497085e-11
2.419181e+01,7.751722e-11,2.477443e-09,2.477443e-11
2.419470e+01,7.813622e-11,2.464942e-09,2.464942e-11
2.419759e+01,7.879718e-11,2.461642e-09,2.461642e-11
2.420048e+01,7.948284e-11,2.469062e-09,2.469062e-11
2.420337e+01,8.017761e-11,2.488036e-09,2.488036e-11
2.420625e+01,8.086971e-11,2.518629e-09,2.518629e-11
2.420914e+01,8.155269e-11,2.560155e-09,2.560155e-11
2.421203e+01,8.222517e-11,2.611266e-09,2.611266e-11
2.421492e+01,8.288857e-11,2.670090e-09,2.670090e-11
2.421781e+01,8.354497e-11,2.734404e-09,2.734404e-11
2.422069e+01,8.419619e-11,2.801827e-09,2.801827e-11
2.422358e+01,8.484336e-11,2.869983e-09,2.869983e-11
2.422647e+01,8.548702e-11,2.936636e-09,2.936636e-11
2.422936e+01,8.612753e-11,2.999786e-09,2.999786e-11
2.423225e+01,8.676455e-11,3.057755e-09,3.057755e-11
2.423513e+01,8.739690e-11,3.109228e-09,3.109228e-11
2.423802e+01,8.802062e-11,3.153254e-09,3.153254e-11
2.424091e+01,8.862678e-11,3.189235e-09,3.189235e-11
2.424380e+01,8.920254e-11,3.216886e-09,3.216886e-11
2.424668e+01,8.973183e-11,3.236161e-09,3.236161e-11
2.424957e+01,9.019686e-11,3.247204e-09,3.247204e-11
2.425246e+01,9.058264e-11,3.250308e-09,3.250308e-11
2.425535e+01,9.087840e-11,3.245848e-09,3.245848e-11
2.425824e+01,9.107730e-11,3.234215e-09,3.234215e-11
2.426112e+01,9.117678e-11,3.215782e-09,3.215782e-11
2.426401e+01,9.117743e-11,3.190925e-09,3.190925e-11
2.426690e+01,9.108184e-11,3.160043e-09,3.160043e-11
2.426979e+01,9.089403e-11,3.123581e-09,3.123581e-11
2.427268e+01,9.061933e-11,3.082046e-09,3.082046e-11
2.427556e+01,9.026408e-11,3.036064e-09,3.036064e-11
2.427845e+01,8.983633e-11,2.986430e-09,2.986430e-11
2.428134e+01,8.934653e-11,2.934136e-09,2.934136e-11
2.428423e+01,8.880566e-11,2.880343e-09,2.880343e-11
2.428712e+01,8.822530e-11,2.826350e-09,2.826350e-11
2.429000e+01,8.761717e-11,2.773529e-09,2.773529e-11
2.429289e+01,8.699161e-11,2.723226e-09,2.723226e-11
2.429578e+01,8.636093e-11,2.676648e-09,2.676648e-11
2.429867e+01,8.573935e-11,2.634756e-09,2.634756e-11
2.430155e+01,8.514117e-11,2.598151e-09,2.598151e-11
2.430444e+01,8.458299e-11,2.567030e-09,2.567030e-11
2.430733e+01,8.408164e-11,2.541233e-09,2.541233e-11
2.431022e+01,8.365334e-11,2.520325e-09,2.520325e-11
2.431311e+01,8.331228e-11,2.503720e-09,2.503720e-11
2.431599e+01,8.306954e-11,2.490855e-09,2.490855e-11
2.431888e+01,8.293499e-11,2.481363e-09,2.481363e-11
2.432177e+01,8.291503e-11,2.475181e-09,2.475181e-11
2.432466e+01,8.301338e-11,2.472622e-09,2.472622e-11
2.432755e+01,8.323141e-11,2.474378e-09,2.474378e-11
2.433043e+01,8.356625e-11,2.481426e-09,2.481426e-11
2.433332e+01,8.401155e-11,2.494892e-09,2.494892e-11
2.433621e+01,8.455829e-11,2.515887e-09,2.515887e-11
2.433910e+01,8.519550e-11,2.545323e-09,2.545323e-11
2.434198e+01,8.591179e-11,2.583747e-09,2.583747e-11
2.434487e+01,8.669751e-11,2.631246e-09,2.631246e-11
2.434776e+01,8.754456e-11,2.687394e-09,2.687394e-11
2.435065e+01,8.844615e-11,2.751270e-09,2.751270e-11
2.435354e+01,8.939617e-11,2.821526e-09,2.821526e-11
2.435642e+01,9.038609e-11,2.896460e-09,2.896460e-11
2.435931e+01,9.140469e-11,2.974102e-09,2.974102e-11
2.436220e+01,9.243780e-11,3.052312e-09,3.052312e-11
2.436509e+01,9.346768e-11,3.128865e-09,3.128865e-11
2.436798e+01,9.447513e-11,3.201528e-09,3.201528e-11
2.437086e+01,9.544027e-11,3.268142e-09,3.268142e-11
2.437375e+01,9.634215e-11,3.326679e-09,3.326679e-11
2.437664e+01,9.715820e-11,3.375307e-09,3.375307e-11
2.437953e+01,9.786356e-11,3.412476e-09,3.412476e-11
2.438242e+01,9.843313e-11,3.436993e-09,3.436993e-11
2.438530e+01,9.884206e-11,3.448054e-09,3.448054e-11
2.438819e+01,9.906678e-11,3.445283e-09,3.445283e-11
2.439108e+01,9.908919e-11,3.428759e-09,3.428759e-11
2.439397e+01,9.889789e-11,3.399002e-09,3.399002e-11
2.439685e+01,9.848707e-11,3.356920e-09,3.356920e-11
2.439974e+01,9.785653e-11,3.303758e-09,3.303758e-11
2.440263e+01,9.701009e-11,3.241013e-09,3.241013e-11
2.440552e+01,9.595412e-11,3.170352e-09,3.170352e-11
2.440841e+01,9.469717e-11,3.093527e-09,3.093527e-11
2.441129e+01,9.324948e-11,3.012307e-09,3.012307e-11
2.441418e+01,9.162527e-11,2.928430e-09,2.928430e-11
2.441707e+01,8.984401e-11,2.843560e-09,2.843560e-11
2.441996e+01,8.792906e-11,2.759241e-09,2.759241e-11
2.442285e+01,8.590737e-11,2.676877e-09,2.676877e-11
2.442573e+01,8.380833e-11,2.597727e-09,2.597727e-11
2.442862e+01,8.166286e-11,2.522859e-09,2.522859e-11
2.443151e+01,7.950264e-11,2.453111e-09,2.453111e-11
2.443440e+01,7.736160e-11,2.389080e-09,2.389080e-11
2.443729e+01,7.527806e-11,2.331116e-09,2.331116e-11
2.444017e+01,7.329379e-11,2.279305e-09,2.279305e-11
2.444306e+01,7.145417e-11,2.233502e-09,2.233502e-11
2.444595e+01,6.980608e-11,2.193422e-09,2.193422e-11
2.444884e+01,6.839548e-11,2.158747e-09,2.158747e-11
2.445172e+01,6.726411e-11,2.129259e-09,2.129259e-11
2.445461e+01,6.644571e-11,2.104986e-09,2.104986e-11
2.445750e+01,6.596685e-11,2.086324e-09,2.086324e-11
2.446039e+01,6.584670e-11,2.074130e-09,2.074130e-11
2.446328e+01,6.609762e-11,2.069743e-09,2.069743e-11
2.446616e+01,6.672616e-11,2.074926e-09,2.074926e-11
2.446905e+01,6.773312e-11,2.091736e-09,2.091736e-11
2.447194e+01,6.911202e-11,2.122258e-09,2.122258e-11
2.447483e+01,7.084757e-11,2.168316e-09,2.168316e-11
2.447772e+01,7.291692e-11,2.231231e-09,2.231231e-11
2.448060e+01,7.528969e-11,2.311607e-09,2.311607e-11
2.448349e+01,7.792897e-11,2.409173e-09,2.409173e-11
2.448638e+01,8.079411e-11,2.522783e-09,2.522783e-11
2.448927e+01,8.384160e-11,2.650488e-09,2.650488e-11
2.449215e+01,8.702525e-11,2.789635e-09,2.789635e-11
2.449504e+01,9.029677e-11,2.937003e-09,2.937003e-11
2.449793e+01,9.360392e-11,3.088960e-09,3.088960e-11
2.450082e+01,9.688985e-11,3.241587e-09,3.241587e-11
2.450371e+01,1.000948e-10,3.390816e-09,3.390816e-11
2.450659e+01,1.031575e-10,3.532589e-09,3.532589e-11
2.450948e+01,1.060184e-10,3.663015e-09,3.663015e-11
2.451237e+01,1.086213e-10,3.778510e-09,3.778510e-11
2.451526e+01,1.109167e-10,3.875980e-09,3.875980e-11
2.451815e+01,1.128631e-10,3.952983e-09,3.952983e-11
2.452103e+01,1.144275e-10,4.007848e-09,4.007848e-11
2.452392e+01,1.155872e-10,4.039782e-09,4.039782e-11
2.452681e+01,1.163306e-10,4.048962e-09,4.048962e-11
2.452970e+01,1.166593e-10,4.036524e-09,4.036524e-11
2.453259e+01,1.165875e-10,4.004494e-09,4.004494e-11
2.453547e+01,1.161429e-10,3.955676e-09,3.955676e-11
2.453836e+01,1.153647e-10,3.893475e-09,3.893475e-11
2.454125e+01,1.142995e-10,3.821633e-09,3.821633e-11
2.454414e+01,1.129989e-10,3.743937e-09,3.743937e-11
2.454702e+01,1.115159e-10,3.663934e-09,3.663934e-11
2.454991e+01,1.099021e-10,3.584642e-09,3.584642e-11
2.455280e+01,1.082059e-10,3.508321e-09,3.508321e-11
2.455569e+01,1.064724e-10,3.436352e-09,3.436352e-11
2.455858e+01,1.047435e-10,3.369253e-09,3.369253e-11
2.456146e+01,1.030559e-10,3.306792e-09,3.306792e-11
2.456435e+01,1.014398e-10,3.248199e-09,3.248199e-11
2.456724e+01,9.991831e-11,3.192417e-09,3.192417e-11
2.457013e+01,9.850605e-11,3.138395e-09,3.138395e-11
2.457302e+01,9.721146e-11,3.085349e-09,3.085349e-11
2.457590e+01,9.603775e-11,3.032899e-09,3.032899e-11
2.457879e+01,9.498340e-11,2.981144e-09,2.981144e-11
2.458168e+01,9.404666e-11,2.930685e-09,2.930685e-11
2.458457e+01,9.322546e-11,2.882539e-09,2.882539e-11
2.458746e+01,9.251588e-11,2.837986e-09,2.837986e-11
2.459034e+01,9.191214e-11,2.798373e-09,2.798373e-11
2.459323e+01,9.140449e-11,2.764901e-09,2.764901e-11
2.459612e+01,9.098029e-11,2.738471e-09,2.738471e-11
2.459901e+01,9.062454e-11,2.719559e-09,2.719559e-11
2.460189e+01,9.032152e-11,2.708128e-09,2.708128e-11
2.460478e+01,9.005794e-11,2.703657e-09,2.703657e-11
2.460767e+01,8.982253e-11,2.705228e-09,2.705228e-11
2.461056e+01,8.960636e-11,2.711648e-09,2.711648e-11
2.461345e+01,8.940285e-11,2.721609e-09,2.721609e-11
2.461633e+01,8.920781e-11,2.733852e-09,2.733852e-11
2.461922e+01,8.901975e-11,2.747282e-09,2.747282e-11
2.462211e+01,8.883991e-11,2.761051e-09,2.761051e-11
2.462500e+01,8.867419e-11,2.774615e-09,2.774615e-11
2.462789e+01,8.853441e-11,2.787748e-09,2.787748e-11
2.463077e+01,8.843718e-11,2.800499e-09,2.800499e-11
2.463366e+01,8.840171e-11,2.813158e-09,2.813158e-11
2.463655e+01,8.844696e-11,2.826184e-09,2.826184e-11
2.463944e+01,8.858849e-11,2.840126e-09,2.840126e-11
2.464233e+01,8.883689e-11,2.855542e-09,2.855542e-11
2.464521e+01,8.919756e-11,2.872930e-09,2.872930e-11
2.464810e+01,8.966970e-11,2.892658e-09,2.892658e-11
2.465099e+01,9.024718e-11,2.914905e-09,2.914905e-11
2.465388e+01,9.092050e-11,2.939630e-09,2.939630e-11
2.465676e+01,9.167541e-11,2.966559e-09,2.966559e-11
2.465965e+01,9.249164e-11,2.995191e-09,2.995191e-11
2.466254e+01,9.334261e-11,3.024835e-09,3.024835e-11
2.466543e+01,9.419506e-11,3.054647e-09,3.054647e-11
2.466832e+01,9.501198e-11,3.083687e-09,3.083687e-11
2.467120e+01,9.575502e-11,3.110975e-09,3.110975e-11
2.467409e+01,9.638730e-11,3.135554e-09,3.135554e-11
2.467698e+01,9.687736e-11,3.156558e-09,3.156558e-11
2.467987e+01,9.719979e-11,3.173276e-09,3.173276e-11
2.468276e+01,9.733489e-11,3.185210e-09,3.185210e-11
2.468564e+01,9.726716e-11,3.192114e-09,3.192114e-11
2.468853e+01,9.698509e-11,3.194028e-09,3.194028e-11
2.469142e+01,9.648113e-11,3.191296e-09,3.191296e-11
2.469431e+01,9.575191e-11,3.184555e-09,3.184555e-11
2.469719e+01,9.480120e-11,3.174664e-09,3.174664e-11
2.470008e+01,9.364104e-11,3.162615e-09,3.162615e-11
2.470297e+01,9.229219e-11,3.149430e-09,3.149430e-11
2.470586e+01,9.078220e-11,3.136006e-09,3.136006e-11
2.470875e+01,8.914265e-11,3.122952e-09,3.122952e-11
2.471163e+01,8.740792e-11,3.110484e-09,3.110484e-11
2.471452e+01,8.561257e-11,3.098354e-09,3.098354e-11
2.471741e+01,8.379021e-11,3.085822e-09,3.085822e-11
2.472030e+01,8.197455e-11,3.071709e-09,3.071709e-11
2.472319e+01,8.019917e-11,3.054510e-09,3.054510e-11
2.472607e+01,7.849648e-11,3.032544e-09,3.032544e-11
2.472896e+01,7.689740e-11,3.004143e-09,3.004143e-11
2.473185e+01,7.542999e-11,2.967858e-09,2.967858e-11
2.473474e+01,7.411777e-11,2.922661e-09,2.922661e-11
2.473763e+01,7.297839e-11,2.868109e-09,2.868109e-11
2.474051e+01,7.202357e-11,2.804489e-09,2.804489e-11
2.474340e+01,7.126102e-11,2.732933e-09,2.732933e-11
2.474629e+01,7.069534e-11,2.655461e-09,2.655461e-11
2.474918e+01,7.032873e-11,2.574975e-09,2.574975e-11
2.475206e+01,7.016177e-11,2.495224e-09,2.495224e-11
2.475495e+01,7.019278e-11,2.420611e-09,2.420611e-11
2.475784e+01,7.041687e-11,2.355828e-09,2.355828e-11
2.476073e+01,7.082540e-11,2.305412e-09,2.305412e-11
2.476362e+01,7.140633e-11,2.273161e-09,2.273161e-11
2.476650e+01,7.214438e-11,2.261514e-09,2.261514e-11
2.476939e+01,7.302169e-11,2.271094e-09,2.271094e-11
2.477228e+01,7.401778e-11,2.300565e-09,2.300565e-11
2.477517e+01,7.510871e-11,2.346841e-09,2.346841e-11
2.477806e+01,7.626722e-11,2.405573e-09,2.405573e-11
2.478094e+01,7.746205e-11,2.471749e-09,2.471749e-11
2.478383e+01,7.865728e-11,2.540253e-09,2.540253e-11
2.478672e+01,7.981450e-11,2.606279e-09,2.606279e-11
2.478961e+01,8.089502e-11,2.665627e-09,2.665627e-11
2.479250e+01,8.186078e-11,2.714856e-09,2.714856e-11
2.479538e+01,8.267780e-11,2.751348e-09,2.751348e-11
2.479827e+01,8.331771e-11,2.773335e-09,2.773335e-11
2.480116e+01,8.375703e-11,2.779902e-09,2.779902e-11
2.480405e+01,8.397903e-11,2.770935e-09,2.770935e-11
2.480693e+01,8.397443e-11,2.747042e-09,2.747042e-11
2.480982e+01,8.374203e-11,2.709488e-09,2.709488e-11
2.481271e+01,8.329041e-11,2.660121e-09,2.660121e-11
2.481560e+01,8.263717e-11,2.601237e-09,2.601237e-11
2.481849e+01,8.180728e-11,2.535420e-09,2.535420e-11
2.482137e+01,8.083254e-11,2.465395e-09,2.465395e-11
2.482426e+01,7.974787e-11,2.393880e-09,2.393880e-11
2.482715e+01,7.858895e-11,2.323428e-09,2.323428e-11
2.483004e+01,7.739061e-11,2.256260e-09,2.256260e-11
2.483293e+01,7.618390e-11,2.194134e-09,2.194134e-11
2.483581e+01,7.499738e-11,2.138280e-09,2.138280e-11
2.483870e+01,7.385641e-11,2.089369e-09,2.089369e-11
2.484159e+01,7.278150e-11,2.047513e-09,2.047513e-11
2.484448e+01,7.178818e-11,2.012360e-09,2.012360e-11
2.484736e+01,7.088603e-11,1.983201e-09,1.983201e-11
2.485025e+01,7.007763e-11,1.959112e-09,1.959112e-11
2.485314e+01,6.935951e-11,1.939113e-09,1.939113e-11
2.485603e+01,6.872495e-11,1.922315e-09,1.922315e-11
2.485892e+01,6.816629e-11,1.908049e-09,1.908049e-11
2.486180e+01,6.767804e-11,1.895966e-09,1.895966e-11
2.486469e+01,6.725930e-11,1.886104e-09,1.886104e-11
2.486758e+01,6.691331e-11,1.878921e-09,1.878921e-11
2.487047e+01,6.664665e-11,1.875296e-09,1.875296e-11
2.487336e+01,6.646869e-11,1.876467e-09,1.876467e-11
2.487624e+01,6.638973e-11,1.883910e-09,1.883910e-11
2.487913e+01,6.641970e-11,1.899180e-09,1.899180e-11
2.488202e+01,6.656924e-11,1.923740e-09,1.923740e-11
2.488491e+01,6.685083e-11,1.958766e-09,1.958766e-11
2.488780e+01,6.727813e-11,2.004997e-09,2.004997e-11
2.489068e+01,6.786473e-11,2.062661e-09,2.062661e-11
2.489357e+01,6.862296e-11,2.131442e-09,2.131442e-11
2.489646e+01,6.955956e-11,2.210520e-09,2.210520e-11
2.489935e+01,7.067334e-11,2.298659e-09,2.298659e-11
2.490223e+01,7.195665e-11,2.394330e-09,2.394330e-11
2.490512e+01,7.339453e-11,2.495826e-09,2.495826e-11
2.490801e+01,7.496668e-11,2.601330e-09,2.601330e-11
2.491090e+01,7.665107e-11,2.709000e-09,2.709000e-11
2.491379e+01,7.842420e-11,2.817020e-09,2.817020e-11
2.491667e+01,8.026231e-11,2.923631e-09,2.923631e-11
2.491956e+01,8.214169e-11,3.027160e-09,3.027160e-11
2.492245e+01,8.403748e-11,3.126037e-09,3.126037e-11
2.492534e+01,8.592368e-11,3.218809e-09,3.218809e-11
2.492823e+01,8.777426e-11,3.304146e-09,3.304146e-11
2.493111e+01,8.956500e-11,3.380861e-09,3.380861e-11
2.493400e+01,9.127362e-11,3.447904e-09,3.447904e-11
2.493689e+01,9.288129e-11,3.504360e-09,3.504360e-11
2.493978e+01,9.437341e-11,3.549472e-09,3.549472e-11
2.494267e+01,9.573786e-11,3.582644e-09,3.582644e-11
2.494555e+01,9.696432e-11,3.603429e-09,3.603429e-11
2.494844e+01,9.804476e-11,3.611557e-09,3.611557e-11
2.495133e+01,9.897359e-11,3.606947e-09,3.606947e-11
2.495422e+01,9.974894e-11,3.589737e-09,3.589737e-11
2.495710e+01,1.003751e-10,3.560340e-09,3.560340e-11
2.495999e+01,1.008632e-10,3.519497e-09,3.519497e-11
2.496288e+01,1.012304e-10,3.468339e-09,3.468339e-11
2.496577e+01,1.015002e-10,3.408463e-09,3.408463e-11
2.496866e+01,1.017006e-10,3.342035e-09,3.342035e-11
2.497154e+01,1.018632e-10,3.271866e-09,3.271866e-11
2.497443e+01,1.020216e-10,3.201478e-09,3.201478e-11
2.497732e+01,1.022112e-10,3.135126e-09,3.135126e-11
2.498021e+01,1.024686e-10,3.077737e-09,3.077737e-11
2.498310e+01,1.028276e-10,3.034691e-09,3.034691e-11
2.498598e+01,1.033186e-10,3.011411e-09,3.011411e-11
2.498887e+01,1.039649e-10,3.012773e-09,3.012773e-11
2.499176e+01,1.047803e-10,3.042431e-09,3.042431e-11
2.499465e+01,1.057690e-10,3.102167e-09,3.102167e-11
2.499753e+01,1.069241e-10,3.191466e-09,3.191466e-11
2.500042e+01,1.082286e-10,3.307474e-09,3.307474e-11
2.500331e+01,1.096580e-10,3.445323e-09,3.445323e-11
2.500620e+01,1.111813e-10,3.598689e-09,3.598689e-11
2.500909e+01,1.127632e-10,3.760416e-09,3.760416e-11
2.501197e+01,1.143651e-10,3.923107e-09,3.923107e-11
2.501486e+01,1.159458e-10,4.079574e-09,4.079574e-11
2.501775e+01,1.174644e-10,4.223195e-09,4.223195e-11
2.502064e+01,1.188822e-10,4.348195e-09,4.348195e-11
2.502353e+01,1.201652e-10,4.449852e-09,4.449852e-11
2.502641e+01,1.212862e-10,4.524633e-09,4.524633e-11
2.502930e+01,1.222247e-10,4.570296e-09,4.570296e-11
2.503219e+01,1.229668e-10,4.585951e-09,4.585951e-11
2.503508e+01,1.235043e-10,4.572090e-09,4.572090e-11
2.503797e+01,1.238337e-10,4.530552e-09,4.530552e-11
2.504085e+01,1.239542e-10,4.464436e-09,4.464436e-11
2.504374e+01,1.238689e-10,4.377966e-09,4.377966e-11
2.504663e+01,1.235857e-10,4.276291e-09,4.276291e-11
2.504952e+01,1.231166e-10,4.165215e-09,4.165215e-11
2.505240e+01,1.224794e-10,4.050856e-09,4.050856e-11
2.505529e+01,1.216963e-10,3.939221e-09,3.939221e-11
2.505818e+01,1.207894e-10,3.835735e-09,3.835735e-11
2.506107e+01,1.197809e-10,3.744769e-09,3.744769e-11
2.506396e+01,1.186918e-10,3.669245e-09,3.669245e-11
2.506684e+01,1.175412e-10,3.610366e-09,3.610366e-11
2.506973e+01,1.163469e-10,3.567555e-09,3.567555e-11
2.507262e+01,1.151274e-10,3.538643e-09,3.538643e-11
2.507551e+01,1.139012e-10,3.520248e-09,3.520248e-11
2.507840e+01,1.126862e-10,3.508274e-09,3.508274e-11
2.508128e+01,1.114972e-10,3.498413e-09,3.498413e-11
2.508417e+01,1.103445e-10,3.486618e-09,3.486618e-11
2.508706e+01,1.092318e-10,3.469466e-09,3.469466e-11
2.508995e+01,1.081571e-10,3.444418e-09,3.444418e-11
2.509284e+01,1.071150e-10,3.409976e-09,3.409976e-11
2.509572e+01,1.061001e-10,3.365794e-09,3.365794e-11
2.509861e+01,1.051105e-10,3.312738e-09,3.312738e-11
2.510150e+01,1.041504e-10,3.252893e-09,3.252893e-11
2.510439e+01,1.032293e-10,3.189515e-09,3.189515e-11
2.510727e+01,1.023615e-10,3.126920e-09,3.126920e-11
2.511016e+01,1.015648e-10,3.070262e-09,3.070262e-11
2.511305e+01,1.008604e-10,3.025145e-09,3.025145e-11
2.511594e+01,1.002707e-10,2.997079e-09,2.997079e-11
2.511883e+01,9.981972e-11,2.990790e-09,2.990790e-11
2.512171e+01,9.953408e-11,3.009565e-09,3.009565e-11
2.512460e+01,9.944137e-11,3.054758e-09,3.054758e-11
2.512749e+01,9.956719e-11,3.125623e-09,3.125623e-11
2.513038e+01,9.993285e-11,3.219525e-09,3.219525e-11
2.513327e+01,1.005519e-10,3.332437e-09,3.332437e-11
2.513615e+01,1.014271e-10,3.459547e-09,3.459547e-11
2.513904e+01,1.025505e-10,3.595822e-09,3.595822e-11
2.514193e+01,1.039051e-10,3.736452e-09,3.736452e-11
2.514482e+01,1.054682e-10,3.877106e-09,3.877106e-11
2.514770e+01,1.072114e-10,4.014076e-09,4.014076e-11
2.515059e+01,1.091027e-10,4.144313e-09,4.144313e-11
2.515348e+01,1.111081e-10,4.265403e-09,4.265403e-11
2.515637e+01,1.131919e-10,4.375527e-09,4.375527e-11
2.515926e+01,1.153170e-10,4.473398e-09,4.473398e-11
2.516214e+01,1.174460e-10,4.558190e-09,4.558190e-11
2.516503e+01,1.195425e-10,4.629470e-09,4.629470e-11
2.516792e+01,1.215728e-10,4.687139e-09,4.687139e-11
2.517081e+01,1.235062e-10,4.731359e-09,4.731359e-11
2.517370e+01,1.253139e-10,4.762493e-09,4.762493e-11
2.517658e+01,1.269677e-10,4.781039e-09,4.781039e-11
2.517947e+01,1.284391e-10,4.787566e-09,4.787566e-11
2.518236e+01,1.296967e-10,4.782649e-09,4.782649e-11
2.518525e+01,1.307081e-10,4.766823e-09,4.766823e-11
2.518814e+01,1.314415e-10,4.740562e-09,4.740562e-11
2.519102e+01,1.318668e-10,4.704255e-09,4.704255e-11
2.519391e+01,1.319587e-10,4.658216e-09,4.658216e-11
2.519680e+01,1.316993e-10,4.602728e-09,4.602728e-11
2.519969e+01,1.310778e-10,4.538065e-09,4.538065e-11
2.520257e+01,1.300905e-10,4.464545e-09,4.464545e-11
2.520546e+01,1.287415e-10,4.382595e-09,4.382595e-11
2.520835e+01,1.270436e-10,4.292797e-09,4.292797e-11
2.521124e+01,1.250186e-10,4.195908e-09,4.195908e-11
2.521413e+01,1.226979e-10,4.092882e-09,4.092882e-11
2.521701e+01,1.201232e-10,3.984857e-09,3.984857e-11
2.521990e+01,1.173450e-10,3.873122e-09,3.873122e-11
2.522279e+01,1.144178e-10,3.759077e-09,3.759077e-11
2.522568e+01,1.113991e-10,3.644199e-09,3.644199e-11
2.522857e+01,1.083458e-10,3.529989e-09,3.529989e-11
2.523145e+01,1.053108e-10,3.417896e-09,3.417896e-11
2.523434e+01,1.023424e-10,3.309257e-09,3.309257e-11
2.523723e+01,9.948376e-11,3.205251e-09,3.205251e-11
2.524012e+01,9.677331e-11,3.106873e-09,3.106873e-11
2.524301e+01,9.424479e-11,3.014923e-09,3.014923e-11
2.524589e+01,9.192636e-11,2.930003e-09,2.930003e-11
2.524878e+01,8.983951e-11,2.852534e-09,2.852534e-11
2.525167e+01,8.799873e-11,2.782816e-09,2.782816e-11
2.525456e+01,8.641192e-11,2.721080e-09,2.721080e-11
2.525744e+01,8.508194e-11,2.667531e-09,2.667531e-11
2.526033e+01,8.400721e-11,2.622376e-09,2.622376e-11
2.526322e+01,8.318314e-11,2.585834e-09,2.585834e-11
2.526611e+01,8.260336e-11,2.558115e-09,2.558115e-11
2.526900e+01,8.225809e-11,2.539356e-09,2.539356e-11
2.527188e+01,8.213344e-11,2.529559e-09,2.529559e-11
2.527477e+01,8.221183e-11,2.528521e-09,2.528521e-11
2.527766e+01,8.247120e-11,2.535779e-09,2.535779e-11
2.528055e+01,8.288640e-11,2.550579e-09,2.550579e-11
2.528344e+01,8.343238e-11,2.571894e-09,2.571894e-11
2.528632e+01,8.408456e-11,2.598466e-09,2.598466e-11
2.528921e+01,8.481922e-11,2.628867e-09,2.628867e-11
2.529210e+01,8.561425e-11,2.661597e-09,2.661597e-11
2.529499e+01,8.644904e-11,2.695180e-09,2.695180e-11
2.529787e+01,8.730198e-11,2.728233e-09,2.728233e-11
2.530076e+01,8.815003e-11,2.759507e-09,2.759507e-11
2.530365e+01,8.897106e-11,2.787935e-09,2.787935e-11
2.530654e+01,8.974394e-11,2.812649e-09,2.812649e-11
2.530943e+01,9.044986e-11,2.832976e-09,2.832976e-11
2.531231e+01,9.107308e-11,2.848403e-09,2.848403e-11
2.531520e+01,9.160040e-11,2.858560e-09,2.858560e-11
2.531809e+01,9.202004e-11,2.863201e-09,2.863201e-11
2.532098e+01,9.231974e-11,2.862159e-09,2.862159e-11
2.532387e+01,9.248702e-11,2.855326e-09,2.855326e-11
2.532675e+01,9.251048e-11,2.842659e-09,2.842659e-11
2.532964e+01,9.238143e-11,2.824182e-09,2.824182e-11
2.533253e+01,9.209545e-11,2.799962e-09,2.799962e-11
2.533542e+01,9.165318e-11,2.770139e-09,2.770139e-11
2.533831e+01,9.106228e-11,2.734961e-09,2.734961e-11
2.534119e+01,9.033569e-11,2.694793e-09,2.694793e-11
2.534408e+01,8.948887e-11,2.650133e-09,2.650133e-11
2.534697e+01,8.854012e-11,2.601632e-09,2.601632e-11
2.534986e+01,8.750874e-11,2.550069e-09,2.550069e-11
2.535274e+01,8.641457e-11,2.496332e-09,2.496332e-11
2.535563e+01,8.527911e-11,2.441418e-09,2.441418e-11
2.535852e+01,8.412372e-11,2.386409e-09,2.386409e-11
2.536141e+01,8.296965e-11,2.332432e-09,2.332432e-11
2.536430e+01,8.183705e-11,2.280642e-09,2.280642e-11
2.536718e+01,8.074193e-11,2.232211e-09,2.232211e-11
2.537007e+01,7.969634e-11,2.188290e-09,2.188290e-11
2.537296e+01,7.870877e-11,2.149976e-09,2.149976e-11
2.537585e+01,7.778479e-11,2.118322e-09,2.118322e-11
2.537874e+01,7.692939e-11,2.094304e-09,2.094304e-11
2.538162e+01,7.614900e-11,2.078784e-09,2.078784e-11
2.538451e+01,7.545225e-11,2.072486e-09,2.072486e-11
2.538740e+01,7.484937e-11,2.075962e-09,2.075962e-11
2.539029e+01,7.435112e-11,2.089534e-09,2.089534e-11
2.539318e+01,7.396774e-11,2.113248e-09,2.113248e-11
2.539606e+01,7.370864e-11,2.146843e-09,2.146843e-11
2.539895e+01,7.358168e-11,2.189737e-09,2.189737e-11
2.540184e+01,7.359414e-11,2.241042e-09,2.241042e-11
2.540473e+01,7.375318e-11,2.299624e-09,2.299624e-11
2.540761e+01,7.406443e-11,2.364167e-09,2.364167e-11
2.541050e+01,7.453086e-11,2.433231e-09,2.433231e-11
2.541339e+01,7.515197e-11,2.505342e-09,2.505342e-11
2.541628e+01,7.592176e-11,2.579056e-09,2.579056e-11
2.541917e+01,7.682891e-11,2.653010e-09,2.653010e-11
2.542205e+01,7.785928e-11,2.725973e-09,2.725973e-11
2.542494e+01,7.899629e-11,2.796865e-09,2.796865e-11
2.542783e+01,8.022410e-11,2.864767e-09,2.864767e-11
2.543072e+01,8.152839e-11,2.928923e-09,2.928923e-11
2.543361e+01,8.289522e-11,2.988758e-09,2.988758e-11
2.543649e+01,8.431212e-11,3.043893e-09,3.043893e-11
2.543938e+01,8.576686e-11,3.094155e-09,3.094155e-11
2.544227e+01,8.724584e-11,3.139596e-09,3.139596e-11
2.544516e+01,8.873468e-11,3.180495e-09,3.180495e-11
2.544805e+01,9.021752e-11,3.217342e-09,3.217342e-11
2.545093e+01,9.167716e-11,3.250815e-09,3.250815e-11
2.545382e+01,9.309613e-11,3.281704e-09,3.281704e-11
2.545671e+01,9.445440e-11,3.310803e-09,3.310803e-11
2.545960e+01,9.572934e-11,3.338767e-09,3.338767e-11
2.546248e+01,9.689611e-11,3.365989e-09,3.365989e-11
2.546537e+01,9.792678e-11,3.392480e-09,3.392480e-11
2.546826e+01,9.879321e-11,3.417779e-09,3.417779e-11
2.547115e+01,9.946963e-11,3.440939e-09,3.440939e-11
2.547404e+01,9.993325e-11,3.460595e-09,3.460595e-11
2.547692e+01,1.001665e-10,3.475066e-09,3.475066e-11
2.547981e+01,1.001577e-10,3.482508e-09,3.482508e-11
2.548270e+01,9.990080e-11,3.481101e-09,3.481101e-11
2.548559e+01,9.939546e-11,3.469201e-09,3.469201e-11
2.548848e+01,9.864628e-11,3.445475e-09,3.445475e-11
2.549136e+01,9.766300e-11,3.409019e-09,3.409019e-11
2.549425e+01,9.646120e-11,3.359438e-09,3.359438e-11
2.549714e+01,9.506275e-11,3.296884e-09,3.296884e-11
2.550003e+01,9.349434e-11,3.222072e-09,3.222072e-11
2.550291e+01,9.178573e-11,3.136296e-09,3.136296e-11
2.550580e+01,8.996919e-11,3.041438e-09,3.041438e-11
2.550869e+01,8.807809e-11,2.939940e-09,2.939940e-11
2.551158e+01,8.614492e-11,2.834747e-09,2.834747e-11
2.551447e+01,8.420301e-11,2.729237e-09,2.729237e-11
2.551735e+01,8.228838e-11,2.627111e-09,2.627111e-11
2.552024e+01,8.043932e-11,2.532168e-09,2.532168e-11
2.552313e+01,7.869730e-11,2.447975e-09,2.447975e-11
2.552602e+01,7.710477e-11,2.377463e-09,2.377463e-11
2.552891e+01,7.570280e-11,2.322536e-09,2.322536e-11
2.553179e+01,7.452918e-11,2.283770e-09,2.283770e-11
2.553468e+01,7.361597e-11,2.260290e-09,2.260290e-11
2.553757e+01,7.298818e-11,2.249917e-09,2.249917e-11
2.554046e+01,7.266306e-11,2.249606e-09,2.249606e-11
2.554335e+01,7.265046e-11,2.256008e-09,2.256008e-11
2.554623e+01,7.295217e-11,2.266063e-09,2.266063e-11
2.554912e+01,7.356105e-11,2.277503e-09,2.277503e-11
2.555201e+01,7.446036e-11,2.289198e-09,2.289198e-11
2.555490e+01,7.562323e-11,2.301335e-09,2.301335e-11
2.555778e+01,7.701412e-11,2.315432e-09,2.315432e-11
2.556067e+01,7.859170e-11,2.334184e-09,2.334184e-11
2.556356e+01,8.031210e-11,2.361155e-09,2.361155e-11
2.556645e+01,8.213433e-11,2.400371e-09,2.400371e-11
2.556934e+01,8.402353e-11,2.455795e-09,2.455795e-11
2.557222e+01,8.595169e-11,2.530761e-09,2.530761e-11
2.557511e+01,8.789901e-11,2.627500e-09,2.627500e-11
2.557800e+01,8.985246e-11,2.746866e-09,2.746866e-11
2.558089e+01,9.180534e-11,2.888254e-09,2.888254e-11
2.558378e+01,9.375643e-11,3.049716e-09,3.049716e-11
2.558666e+01,9.570876e-11,3.228217e-09,3.228217e-11
2.558955e+01,9.767089e-11,3.419965e-09,3.419965e-11
2.559244e+01,9.965541e-11,3.620717e-09,3.620717e-11
2.559533e+01,1.016762e-10,3.826028e-09,3.826028e-11
2.559822e+01,1.037458e-10,4.031477e-09,4.031477e-11
2.560110e+01,1.058732e-10,4.232831e-09,4.232831e-11
2.560399e+01,1.080624e-10,4.426183e-09,4.426183e-11
2.560688e+01,1.103097e-10,4.608049e-09,4.608049e-11
2.560977e+01,1.126069e-10,4.775467e-09,4.775467e-11
2.561265e+01,1.149447e-10,4.926054e-09,4.926054e-11
2.561554e+01,1.173129e-10,5.058054e-09,5.058054e-11
2.561843e+01,1.197032e-10,5.170357e-09,5.170357e-11
2.562132e+01,1.221087e-10,5.262493e-09,5.262493e-11
2.562421e+01,1.245234e-10,5.334587e-09,5.334587e-11
2.562709e+01,1.269394e-10,5.387293e-09,5.387293e-11
2.562998e+01,1.293466e-10,5.421706e-09,5.421706e-11
2.563287e+01,1.317317e-10,5.439257e-09,5.439257e-11
2.563576e+01,1.340785e-10,5.441602e-09,5.441602e-11
2.563865e+01,1.363679e-10,5.430532e-09,5.430532e-11
2.564153e+01,1.385785e-10,5.407890e-09,5.407890e-11
2.564442e+01,1.406856e-10,5.375512e-09,5.375512e-11
2.564731e+01,1.426603e-10,5.335183e-09,5.335183e-11
2.565020e+01,1.444692e-10,5.288607e-09,5.288607e-11
2.565308e+01,1.460742e-10,5.237387e-09,5.237387e-11
2.565597e+01,1.474356e-10,5.183001e-09,5.183001e-11
2.565886e+01,1.485157e-10,5.126802e-09,5.126802e-11
2.566175e+01,1.492815e-10,5.070020e-09,5.070020e-11
2.566464e+01,1.497086e-10,5.013736e-09,5.013736e-11
2.566752e+01,1.497832e-10,4.958868e-09,4.958868e-11
2.567041e+01,1.495025e-10,4.906175e-09,4.906175e-11
2.567330e+01,1.488760e-10,4.856239e-09,4.856239e-11
2.567619e+01,1.479225e-10,4.809430e-09,4.809430e-11
2.567908e+01,1.466697e-10,4.765910e-09,4.765910e-11
2.568196e+01,1.451543e-10,4.725639e-09,4.725639e-11
2.568485e+01,1.434207e-10,4.688406e-09,4.688406e-11
2.568774e+01,1.415189e-10,4.653871e-09,4.653871e-11
2.569063e+01,1.394986e-10,4.621624e-09,4.621624e-11
2.569352e+01,1.374087e-10,4.591246e-09,4.591246e-11
2.569640e+01,1.352938e-10,4.562366e-09,4.562366e-11
2.569929e+01,1.331905e-10,4.534714e-09,4.534714e-11
2.570218e+01,1.311292e-10,4.508134e-09,4.508134e-11
2.570507e+01,1.291342e-10,4.482562e-09,4.482562e-11
2.570795e+01,1.272249e-10,4.458025e-09,4.458025e-11
2.571084e+01,1.254177e-10,4.434615e-09,4.434615e-11
2.571373e+01,1.237277e-10,4.412473e-09,4.412473e-11
2.571662e+01,1.221681e-10,4.391789e-09,4.391789e-11
2.571951e+01,1.207501e-10,4.372801e-09,4.372801e-11
2.572239e+01,1.194829e-10,4.355790e-09,4.355790e-11
2.572528e+01,1.183744e-10,4.341078e-09,4.341078e-11
2.572817e+01,1.174330e-10,4.329002e-09,4.329002e-11
2.573106e+01,1.166686e-10,4.319853e-09,4.319853e-11
2.573395e+01,1.160915e-10,4.313825e-09,4.313825e-11
2.573683e+01,1.157119e-10,4.310953e-09,4.310953e-11
2.573972e+01,1.155387e-10,4.311051e-09,4.311051e-11
2.574261e+01,1.155751e-10,4.313691e-09,4.313691e-11
2.574550e+01,1.158182e-10,4.318229e-09,4.318229e-11
2.574839e+01,1.162585e-10,4.323863e-09,4.323863e-11
2.575127e+01,1.168803e-10,4.329725e-09,4.329725e-11
2.575416e+01,1.176658e-10,4.335015e-09,4.335015e-11
2.575705e+01,1.185963e-10,4.339146e-09,4.339146e-11
2.575994e+01,1.196533e-10,4.341875e-09,4.341875e-11
2.576282e+01,1.208214e-10,4.343396e-09,4.343396e-11
2.576571e+01,1.220855e-10,4.344391e-09,4.344391e-11
2.576860e+01,1.234308e-10,4.345987e-09,4.345987e-11
2.577149e+01,1.248442e-10,4.349666e-09,4.349666e-11
2.577438e+01,1.263141e-10,4.357086e-09,4.357086e-11
2.577726e+01,1.278314e-10,4.369857e-09,4.369857e-11
2.578015e+01,1.293892e-10,4.389291e-09,4.389291e-11
2.578304e+01,1.309812e-10,4.416196e-09,4.416196e-11
2.578593e+01,1.326013e-10,4.450737e-09,4.450737e-11
2.578882e+01,1.342404e-10,4.492375e-09,4.492375e-11
2.579170e+01,1.358822e-10,4.539902e-09,4.539902e-11
2.579459e+01,1.375039e-10,4.591559e-09,4.591559e-11
2.579748e+01,1.390762e-10,4.645211e-09,4.645211e-11
2.580037e+01,1.405648e-10,4.698537e-09,4.698537e-11
2.580325e+01,1.419337e-10,4.749196e-09,4.749196e-11
2.580614e+01,1.431462e-10,4.794954e-09,4.794954e-11
2.580903e+01,1.441661e-10,4.833798e-09,4.833798e-11
2.581192e+01,1.449600e-10,4.864010e-09,4.864010e-11
2.581481e+01,1.454967e-10,4.884211e-09,4.884211e-11
2.581769e+01,1.457493e-10,4.893401e-09,4.893401e-11
2.582058e+01,1.456971e-10,4.890980e-09,4.890980e-11
2.582347e+01,1.453270e-10,4.876756e-09,4.876756e-11
2.582636e+01,1.446361e-10,4.850938e-09,4.850938e-11
2.582925e+01,1.436321e-10,4.814114e-09,4.814114e-11
2.583213e+01,1.423308e-10,4.767199e-09,4.767199e-11
2.583502e+01,1.407535e-10,4.711368e-09,4.711368e-11
2.583791e+01,1.389255e-10,4.647976e-09,4.647976e-11
2.584080e+01,1.368718e-10,4.578466e-09,4.578466e-11
2.584369e+01,1.346170e-10,4.504295e-09,4.504295e-11
2.584657e+01,1.321858e-10,4.426822e-09,4.426822e-11
2.584946e+01,1.296019e-10,4.347223e-09,4.347223e-11
2.585235e+01,1.268898e-10,4.266472e-09,4.266472e-11
2.585524e+01,1.240761e-10,4.185351e-09,4.185351e-11
2.585812e+01,1.211887e-10,4.104454e-09,4.104454e-11
2.586101e+01,1.182568e-10,4.024229e-09,4.024229e-11
2.586390e+01,1.153105e-10,3.945051e-09,3.945051e-11
2.586679e+01,1.123822e-10,3.867293e-09,3.867293e-11
2.586968e+01,1.095082e-10,3.791355e-09,3.791355e-11
2.587256e+01,1.067286e-10,3.717667e-09,3.717667e-11
2.587545e+01,1.040891e-10,3.646668e-09,3.646668e-11
2.587834e+01,1.016387e-10,3.578788e-09,3.578788e-11
2.588123e+01,9.942682e-11,3.514402e-09,3.514402e-11
2.588412e+01,9.749976e-11,3.453806e-09,3.453806e-11
2.588700e+01,9.589792e-11,3.397238e-09,3.397238e-11
2.588989e+01,9.465246e-11,3.344950e-09,3.344950e-11
2.589278e+01,9.378317e-11,3.297315e-09,3.297315e-11
2.589567e+01,9.329798e-11,3.254925e-09,3.254925e-11
2.589856e+01,9.319252e-11,3.218659e-09,3.218659e-11
2.590144e+01,9.344981e-11,3.189705e-09,3.189705e-11
2.590433e+01,9.404069e-11,3.169487e-09,3.169487e-11
2.590722e+01,9.492430e-11,3.159481e-09,3.159481e-11
2.591011e+01,9.604963e-11,3.160962e-09,3.160962e-11
2.591299e+01,9.735884e-11,3.174736e-09,3.174736e-11
2.591588e+01,9.879189e-11,3.200908e-09,3.200908e-11
2.591877e+01,1.002895e-10,3.238747e-09,3.238747e-11
2.592166e+01,1.017980e-10,3.286674e-09,3.286674e-11
2.592455e+01,1.032720e-10,3.342399e-09,3.342399e-11
2.592743e+01,1.046731e-10,3.403145e-09,3.403145e-11
2.593032e+01,1.059719e-10,3.465907e-09,3.465907e-11
2.593321e+01,1.071468e-10,3.527720e-09,3.527720e-11
2.593610e+01,1.081826e-10,3.585878e-09,3.585878e-11
2.593899e+01,1.090701e-10,3.638082e-09,3.638082e-11
2.594187e+01,1.098061e-10,3.682518e-09,3.682518e-11
2.594476e+01,1.103933e-10,3.717897e-09,3.717897e-11
2.594765e+01,1.108384e-10,3.743437e-09,3.743437e-11
2.595054e+01,1.111513e-10,3.758808e-09,3.758808e-11
2.595342e+01,1.113422e-10,3.764074e-09,3.764074e-11
2.595631e+01,1.114201e-10,3.759630e-09,3.759630e-11
2.595920e+01,1.113941e-10,3.746167e-09,3.746167e-11
2.596209e+01,1.112725e-10,3.724661e-09,3.724661e-11
2.596498e+01,1.110657e-10,3.696374e-09,3.696374e-11
2.596786e+01,1.107879e-10,3.662889e-09,3.662889e-11
2.597075e+01,1.104579e-10,3.626121e-09,3.626121e-11
2.597364e+01,1.100991e-10,3.588294e-09,3.588294e-11
2.597653e+01,1.097383e-10,3.551860e-09,3.551860e-11
2.597942e+01,1.094023e-10,3.519378e-09,3.519378e-11
2.598230e+01,1.091186e-10,3.493320e-09,3.493320e-11
2.598519e+01,1.089134e-10,3.475833e-09,3.475833e-11
2.598808e+01,1.088087e-10,3.468493e-09,3.468493e-11
2.599097e+01,1.088238e-10,3.472110e-09,3.472110e-11
2.599386e+01,1.089731e-10,3.486600e-09,3.486600e-11
2.599674e+01,1.092638e-10,3.510986e-09,3.510986e-11
2.599963e+01,1.096954e-10,3.543508e-09,3.543508e-11
2.600252e+01,1.102598e-10,3.581828e-09,3.581828e-11
2.600541e+01,1.109397e-10,3.623282e-09,3.623282e-11
2.600829e+01,1.117115e-10,3.665158e-09,3.665158e-11
2.601118e+01,1.125479e-10,3.704952e-09,3.704952e-11
2.601407e+01,1.134209e-10,3.740570e-09,3.740570e-11
2.601696e+01,1.143028e-10,3.770439e-09,3.770439e-11
2.601985e+01,1.151681e-10,3.793570e-09,3.793570e-11
2.602273e+01,1.159943e-10,3.809525e-09,3.809525e-11
2.602562e+01,1.167608e-10,3.818328e-09,3.818328e-11
2.602851e+01,1.174490e-10,3.820344e-09,3.820344e-11
2.603140e+01,1.180449e-10,3.816152e-09,3.816152e-11
2.603429e+01,1.185379e-10,3.806426e-09,3.806426e-11
2.603717e+01,1.189223e-10,3.791849e-09,3.791849e-11
2.604006e+01,1.191969e-10,3.773075e-09,3.773075e-11
2.604295e+01,1.193620e-10,3.750722e-09,3.750722e-11
2.604584e+01,1.194187e-10,3.725395e-09,3.725395e-11
2.604873e+01,1.193675e-10,3.697719e-09,3.697719e-11
2.605161e+01,1.192076e-10,3.668361e-09,3.668361e-11
2.605450e+01,1.189367e-10,3.638019e-09,3.638019e-11
2.605739e+01,1.185554e-10,3.607429e-09,3.607429e-11
2.606028e+01,1.180682e-10,3.577321e-09,3.577321e-11
2.606316e+01,1.174844e-10,3.548344e-09,3.548344e-11
2.606605e+01,1.168185e-10,3.521047e-09,3.521047e-11
2.606894e+01,1.160886e-10,3.495874e-09,3.495874e-11
2.607183e+01,1.153153e-10,3.473172e-09,3.473172e-11
2.607472e+01,1.145195e-10,3.453186e-09,3.453186e-11
2.607760e+01,1.137222e-10,3.436103e-09,3.436103e-11
2.608049e+01,1.129438e-10,3.422080e-09,3.422080e-11
2.608338e+01,1.122045e-10,3.411225e-09,3.411225e-11
2.608627e+01,1.115233e-10,3.403569e-09,3.403569e-11
2.608916e+01,1.109171e-10,3.399041e-09,3.399041e-11
2.609204e+01,1.103994e-10,3.397431e-09,3.397431e-11
2.609493e+01,1.099767e-10,3.398352e-09,3.398352e-11
2.609782e+01,1.096482e-10,3.401226e-09,3.401226e-11
2.610071e+01,1.094065e-10,3.405335e-09,3.405335e-11
2.610359e+01,1.092385e-10,3.409908e-09,3.409908e-11
2.610648e+01,1.091293e-10,3.414246e-09,3.414246e-11
2.610937e+01,1.090644e-10,3.417860e-09,3.417860e-11
2.611226e+01,1.090300e-10,3.420611e-09,3.420611e-11
2.611515e+01,1.090149e-10,3.422797e-09,3.422797e-11
2.611803e+01,1.090104e-10,3.425152e-09,3.425152e-11
2.612092e+01,1.090084e-10,3.428766e-09,3.428766e-11
2.612381e+01,1.090003e-10,3.434898e-09,3.434898e-11
2.612670e+01,1.089789e-10,3.444750e-09,3.444750e-11
2.612959e+01,1.089392e-10,3.459221e-09,3.459221e-11
2.613247e+01,1.088783e-10,3.478682e-09,3.478682e-11
2.613536e+01,1.087950e-10,3.502846e-09,3.502846e-11
2.613825e+01,1.086887e-10,3.530746e-09,3.530746e-11
2.614114e+01,1.085582e-10,3.560833e-09,3.560833e-11
2.614403e+01,1.083996e-10,3.591149e-09,3.591149e-11
2.614691e+01,1.082059e-10,3.619567e-09,3.619567e-11
2.614980e+01,1.079687e-10,3.644016e-09,3.644016e-11
2.615269e+01,1.076799e-10,3.662661e-09,3.662661e-11
2.615558e+01,1.073341e-10,3.674022e-09,3.674022e-11
2.615846e+01,1.069284e-10,3.677049e-09,3.677049e-11
2.616135e+01,1.064646e-10,3.671153e-09,3.671153e-11
2.616424e+01,1.059482e-10,3.656174e-09,3.656174e-11
2.616713e+01,1.053856e-10,3.632311e-09,3.632311e-11
2.617002e+01,1.047841e-10,3.600067e-09,3.600067e-11
2.617290e+01,1.041509e-10,3.560182e-09,3.560182e-11
2.617579e+01,1.034928e-10,3.513553e-09,3.513553e-11
2.617868e+01,1.028164e-10,3.461175e-09,3.461175e-11
2.618157e+01,1.021272e-10,3.404098e-09,3.404098e-11
2.618446e+01,1.014291e-10,3.343382e-09,3.343382e-11
2.618734e+01,1.007224e-10,3.280041e-09,3.280041e-11
2.619023e+01,1.000025e-10,3.215012e-09,3.215012e-11
2.619312e+01,9.926043e-11,3.149127e-09,3.149127e-11
2.619601e+01,9.848360e-11,3.083092e-09,3.083092e-11
2.619890e+01,9.765733e-11,3.017465e-09,3.017465e-11
2.620178e+01,9.676822e-11,2.952663e-09,2.952663e-11
2.620467e+01,9.580573e-11,2.888978e-09,2.888978e-11
2.620756e+01,9.476365e-11,2.826595e-09,2.826595e-11
2.621045e+01,9.364030e-11,2.765635e-09,2.765635e-11
2.621333e+01,9.243861e-11,2.706219e-09,2.706219e-11
2.621622e+01,9.116751e-11,2.648522e-09,2.648522e-11
2.621911e+01,8.984081e-11,2.592814e-09,2.592814e-11
2.622200e+01,8.847768e-11,2.539502e-09,2.539502e-11
2.622489e+01,8.710353e-11,2.489187e-09,2.489187e-11
2.622777e+01,8.574820e-11,2.442668e-09,2.442668e-11
2.623066e+01,8.444334e-11,2.400923e-09,2.400923e-11
2.623355e+01,8.321910e-11,2.365074e-09,2.365074e-11
2.623644e+01,8.210041e-11,2.336301e-09,2.336301e-11
2.623933e+01,8.110543e-11,2.315745e-09,2.315745e-11
2.624221e+01,8.024515e-11,2.304379e-09,2.304379e-11
2.624510e+01,7.952310e-11,2.302837e-09,2.302837e-11
2.624799e+01,7.893623e-11,2.311240e-09,2.311240e-11
2.625088e+01,7.847652e-11,2.329111e-09,2.329111e-11
2.625376e+01,7.813155e-11,2.355331e-09,2.355331e-11
2.625665e+01,7.788278e-11,2.388150e-09,2.388150e-11
2.625954e+01,7.770608e-11,2.425307e-09,2.425307e-11
2.626243e+01,7.757383e-11,2.464215e-09,2.464215e-11
2.626532e+01,7.745645e-11,2.502158e-09,2.502158e-11
2.626820e+01,7.732585e-11,2.536481e-09,2.536481e-11
2.627109e+01,7.715917e-11,2.564794e-09,2.564794e-11
2.627398e+01,7.694232e-11,2.585135e-09,2.585135e-11
2.627687e+01,7.667080e-11,2.596088e-09,2.596088e-11
2.627976e+01,7.634846e-11,2.596851e-09,2.596851e-11
2.628264e+01,7.598731e-11,2.587289e-09,2.587289e-11
2.628553e+01,7.560416e-11,2.567929e-09,2.567929e-11
2.628842e+01,7.521860e-11,2.539916e-09,2.539916e-11
2.629131e+01,7.485402e-11,2.504956e-09,2.504956e-11
2.629420e+01,7.453684e-11,2.465235e-09,2.465235e-11
2.629708e+01,7.429660e-11,2.423312e-09,2.423312e-11
2.629997e+01,7.416376e-11,2.381974e-09,2.381974e-11
2.630286e+01,7.416706e-11,2.344103e-09,2.344103e-11
2.630575e+01,7.433109e-11,2.312489e-09,2.312489e-11
2.630863e+01,7.467279e-11,2.289630e-09,2.289630e-11
2.631152e+01,7.520072e-11,2.277580e-09,2.277580e-11
2.631441e+01,7.591546e-11,2.277810e-09,2.277810e-11
2.631730e+01,7.681132e-11,2.291104e-09,2.291104e-11
2.632019e+01,7.787869e-11,2.317558e-09,2.317558e-11
2.632307e+01,7.910658e-11,2.356645e-09,2.356645e-11
2.632596e+01,8.048303e-11,2.407326e-09,2.407326e-11
2.632885e+01,8.199463e-11,2.468195e-09,2.468195e-11
2.633174e+01,8.362622e-11,2.537632e-09,2.537632e-11
2.633463e+01,8.536006e-11,2.613927e-09,2.613927e-11
2.633751e+01,8.717691e-11,2.695378e-09,2.695378e-11
2.634040e+01,8.905693e-11,2.780345e-09,2.780345e-11
2.634329e+01,9.097991e-11,2.867286e-09,2.867286e-11
2.634618e+01,9.292488e-11,2.954785e-09,2.954785e-11
2.634907e+01,9.487056e-11,3.041575e-09,3.041575e-11
2.635195e+01,9.679360e-11,3.126533e-09,3.126533e-11
2.635484e+01,9.866536e-11,3.208668e-09,3.208668e-11
2.635773e+01,1.004526e-10,3.287074e-09,3.287074e-11
2.636062e+01,1.021179e-10,3.360879e-09,3.360879e-11
2.636350e+01,1.036204e-10,3.429188e-09,3.429188e-11
2.636639e+01,1.049216e-10,3.491029e-09,3.491029e-11
2.636928e+01,1.059882e-10,3.545326e-09,3.545326e-11
2.637217e+01,1.067935e-10,3.590877e-09,3.590877e-11
2.637506e+01,1.073198e-10,3.626402e-09,3.626402e-11
2.637794e+01,1.075600e-10,3.650612e-09,3.650612e-11
2.638083e+01,1.075171e-10,3.662298e-09,3.662298e-11
2.638372e+01,1.072041e-10,3.660429e-09,3.660429e-11
2.638661e+01,1.066445e-10,3.644269e-09,3.644269e-11
2.638950e+01,1.058736e-10,3.613479e-09,3.613479e-11
2.639238e+01,1.049354e-10,3.568187e-09,3.568187e-11
2.639527e+01,1.038804e-10,3.509081e-09,3.509081e-11
2.639816e+01,1.027633e-10,3.437519e-09,3.437519e-11
2.640105e+01,1.016388e-10,3.355614e-09,3.355614e-11
2.640394e+01,1.005572e-10,3.266311e-09,3.266311e-11
2.640682e+01,9.956225e-11,3.173491e-09,3.173491e-11
2.640971e+01,9.869041e-11,3.082003e-09,3.082003e-11
2.641260e+01,9.797013e-11,2.997585e-09,2.997585e-11
2.641549e+01,9.742303e-11,2.926621e-09,2.926621e-11
2.641837e+01,9.706475e-11,2.875641e-09,2.875641e-11
2.642126e+01,9.690517e-11,2.850562e-09,2.850562e-11
2.642415e+01,9.694912e-11,2.855780e-09,2.855780e-11
2.642704e+01,9.719845e-11,2.893373e-09,2.893373e-11
2.642993e+01,9.765308e-11,2.962645e-09,2.962645e-11
2.643281e+01,9.831040e-11,3.060257e-09,3.060257e-11
2.643570e+01,9.916704e-11,3.180868e-09,3.180868e-11
2.643859e+01,1.002190e-10,3.318013e-09,3.318013e-11
2.644148e+01,1.014590e-10,3.464953e-09,3.464953e-11
2.644437e+01,1.028749e-10,3.615371e-09,3.615371e-11
2.644725e+01,1.044477e-10,3.763806e-09,3.763806e-11
2.645014e+01,1.061492e-10,3.905847e-09,3.905847e-11
2.645303e+01,1.079420e-10,4.038179e-09,4.038179e-11
2.645592e+01,1.097814e-10,4.158482e-09,4.158482e-11
2.645880e+01,1.116166e-10,4.265248e-09,4.265248e-11
2.646169e+01,1.133945e-10,4.357563e-09,4.357563e-11
2.646458e+01,1.150621e-10,4.434899e-09,4.434899e-11
2.646747e+01,1.165668e-10,4.496943e-09,4.496943e-11
2.647036e+01,1.178616e-10,4.543523e-09,4.543523e-11
2.647324e+01,1.189060e-10,4.574589e-09,4.574589e-11
2.647613e+01,1.196682e-10,4.590242e-09,4.590242e-11
2.647902e+01,1.201296e-10,4.590829e-09,4.590829e-11
2.648191e+01,1.202874e-10,4.577026e-09,4.577026e-11
2.648480e+01,1.201544e-10,4.549848e-09,4.549848e-11
2.648768e+01,1.197589e-10,4.510651e-09,4.510651e-11
2.649057e+01,1.191427e-10,4.461063e-09,4.461063e-11
2.649346e+01,1.183550e-10,4.402852e-09,4.402852e-11
2.649635e+01,1.174482e-10,4.337775e-09,4.337775e-11
2.649924e+01,1.164749e-10,4.267481e-09,4.267481e-11
2.650212e+01,1.154854e-10,4.193461e-09,4.193461e-11
2.650501e+01,1.145264e-10,4.117053e-09,4.117053e-11
2.650790e+01,1.136396e-10,4.039555e-09,4.039555e-11
2.651079e+01,1.128634e-10,3.962418e-09,3.962418e-11
2.651367e+01,1.122318e-10,3.887459e-09,3.887459e-11
2.651656e+01,1.117731e-10,3.817044e-09,3.817044e-11
2.651945e+01,1.115097e-10,3.754206e-09,3.754206e-11
2.652234e+01,1.114596e-10,3.702613e-09,3.702613e-11
2.652523e+01,1.116373e-10,3.666359e-09,3.666359e-11
2.652811e+01,1.120557e-10,3.649543e-09,3.649543e-11
2.653100e+01,1.127277e-10,3.655708e-09,3.655708e-11
2.653389e+01,1.136654e-10,3.687267e-09,3.687267e-11
2.653678e+01,1.148804e-10,3.745065e-09,3.745065e-11
2.653967e+01,1.163798e-10,3.828208e-09,3.828208e-11
2.654255e+01,1.181646e-10,3.934184e-09,3.934184e-11
2.654544e+01,1.202275e-10,4.059257e-09,4.059257e-11
2.654833e+01,1.225522e-10,4.198973e-09,4.198973e-11
2.655122e+01,1.251144e-10,4.348645e-09,4.348645e-11
2.655411e+01,1.278832e-10,4.503733e-09,4.503733e-11
2.655699e+01,1.308228e-10,4.660081e-09,4.660081e-11
2.655988e+01,1.338936e-10,4.814015e-09,4.814015e-11
2.656277e+01,1.370528e-10,4.962355e-09,4.962355e-11
2.656566e+01,1.402567e-10,5.102402e-09,5.102402e-11
2.656854e+01,1.434613e-10,5.231898e-09,5.231898e-11
2.657143e+01,1.466250e-10,5.348984e-09,5.348984e-11
2.657432e+01,1.497115e-10,5.452195e-09,5.452195e-11
2.657721e+01,1.526911e-10,5.540455e-09,5.540455e-11
2.658010e+01,1.555421e-10,5.613080e-09,5.613080e-11
2.658298e+01,1.582501e-10,5.669795e-09,5.669795e-11
2.658587e+01,1.608054e-10,5.710725e-09,5.710725e-11
2.658876e+01,1.631987e-10,5.736371e-09,5.736371e-11
2.659165e+01,1.654182e-10,5.747579e-09,5.747579e-11
2.659454e+01,1.674483e-10,5.745471e-09,5.745471e-11
2.659742e+01,1.692680e-10,5.731361e-09,5.731361e-11
2.660031e+01,1.708512e-10,5.706648e-09,5.706648e-11
2.660320e+01,1.721699e-10,5.672705e-09,5.672705e-11
2.660609e+01,1.731942e-10,5.630767e-09,5.630767e-11
2.660897e+01,1.738920e-10,5.581824e-09,5.581824e-11
2.661186e+01,1.742331e-10,5.526576e-09,5.526576e-11
2.661475e+01,1.741901e-10,5.465435e-09,5.465435e-11
2.661764e+01,1.737403e-10,5.398578e-09,5.398578e-11
2.662053e+01,1.728695e-10,5.326041e-09,5.326041e-11
2.662341e+01,1.715742e-10,5.247851e-09,5.247851e-11
2.662630e+01,1.698653e-10,5.164168e-09,5.164168e-11
2.662919e+01,1.677681e-10,5.075403e-09,5.075403e-11
2.663208e+01,1.653204e-10,4.982279e-09,4.982279e-11
2.663497e+01,1.625718e-10,4.885856e-09,4.885856e-11
2.663785e+01,1.595803e-10,4.787517e-09,4.787517e-11
2.664074e+01,1.564094e-10,4.688898e-09,4.688898e-11
2.664363e+01,1.531262e-10,4.591769e-09,4.591769e-11
2.664652e+01,1.497980e-10,4.497936e-09,4.497936e-11
2.664941e+01,1.464916e-10,4.409150e-09,4.409150e-11
2.665229e+01,1.432717e-10,4.327022e-09,4.327022e-11
2.665518e+01,1.401953e-10,4.252948e-09,4.252948e-11
2.665807e+01,1.373122e-10,4.188113e-09,4.188113e-11
2.666096e+01,1.346647e-10,4.133529e-09,4.133529e-11
2.666384e+01,1.322865e-10,4.090075e-09,4.090075e-11
2.666673e+01,1.302044e-10,4.058533e-09,4.058533e-11
2.666962e+01,1.284405e-10,4.039599e-09,4.039599e-11
2.667251e+01,1.270124e-10,4.033857e-09,4.033857e-11
2.667540e+01,1.259347e-10,4.041732e-09,4.041732e-11
2.667828e+01,1.252183e-10,4.063386e-09,4.063386e-11
2.668117e+01,1.248682e-10,4.098607e-09,4.098607e-11
2.668406e+01,1.248826e-10,4.146735e-09,4.146735e-11
2.668695e+01,1.252530e-10,4.206623e-09,4.206623e-11
2.668984e+01,1.259636e-10,4.276670e-09,4.276670e-11
2.669272e+01,1.269930e-10,4.354920e-09,4.354920e-11
2.669561e+01,1.283142e-10,4.439198e-09,4.439198e-11
2.669850e+01,1.298954e-10,4.527264e-09,4.527264e-11
2.670139e+01,1.316994e-10,4.616970e-09,4.616970e-11
2.670428e+01,1.336828e-10,4.706374e-09,4.706374e-11
2.670716e+01,1.357961e-10,4.793799e-09,4.793799e-11
2.671005e+01,1.379838e-10,4.877858e-09,4.877858e-11
2.671294e+01,1.401874e-10,4.957445e-09,4.957445e-11
2.671583e+01,1.423493e-10,5.031713e-09,5.031713e-11
2.671871e+01,1.444149e-10,5.100011e-09,5.100011e-11
2.672160e+01,1.463353e-10,5.161805e-09,5.161805e-11
2.672449e+01,1.480670e-10,5.216620e-09,5.216620e-11
2.672738e+01,1.495736e-10,5.264043e-09,5.264043e-11
2.673027e+01,1.508242e-10,5.303678e-09,5.303678e-11
2.673315e+01,1.517923e-10,5.335100e-09,5.335100e-11
2.673604e+01,1.524575e-10,5.357861e-09,5.357861e-11
2.673893e+01,1.528064e-10,5.371530e-09,5.371530e-11
2.674182e+01,1.528334e-10,5.375697e-09,5.375697e-11
2.674471e+01,1.525401e-10,5.369966e-09,5.369966e-11
2.674759e+01,1.519336e-10,5.353973e-09,5.353973e-11
2.675048e+01,1.510260e-10,5.327424e-09,5.327424e-11
2.675337e+01,1.498306e-10,5.290114e-09,5.290114e-11
2.675626e+01,1.483610e-10,5.241931e-09,5.241931e-11
2.675914e+01,1.466318e-10,5.182860e-09,5.182860e-11
2.676203e+01,1.446590e-10,5.112986e-09,5.112986e-11
2.676492e+01,1.424622e-10,5.032526e-09,5.032526e-11
2.676781e+01,1.400667e-10,4.941865e-09,4.941865e-11
2.677070e+01,1.375024e-10,4.841558e-09,4.841558e-11
2.677358e+01,1.348015e-10,4.732342e-09,4.732342e-11
2.677647e+01,1.319989e-10,4.615172e-09,4.615172e-11
2.677936e+01,1.291284e-10,4.491221e-09,4.491221e-11
2.678225e+01,1.262230e-10,4.361868e-09,4.361868e-11
2.678514e+01,1.233169e-10,4.228681e-09,4.228681e-11
2.678802e+01,1.204450e-10,4.093355e-09,4.093355e-11
2.679091e+01,1.176433e-10,3.957642e-09,3.957642e-11
2.679380e+01,1.149502e-10,3.823297e-09,3.823297e-11
2.679669e+01,1.124031e-10,3.692031e-09,3.692031e-11
2.679958e+01,1.100342e-10,3.565441e-09,3.565441e-11
2.680246e+01,1.078699e-10,3.444980e-09,3.444980e-11
2.680535e+01,1.059291e-10,3.331939e-09,3.331939e-11
2.680824e+01,1.042226e-10,3.227442e-09,3.227442e-11
2.681113e+01,1.027560e-10,3.132455e-09,3.132455e-11
2.681401e+01,1.015319e-10,3.047796e-09,3.047796e-11
2.681690e+01,1.005514e-10,2.974135e-09,2.974135e-11
2.681979e+01,9.981491e-11,2.912028e-09,2.912028e-11
2.682268e+01,9.932211e-11,2.861937e-09,2.861937e-11
2.682557e+01,9.907127e-11,2.824265e-09,2.824265e-11
2.682845e+01,9.905862e-11,2.799385e-09,2.799385e-11
2.683134e+01,9.927839e-11,2.787649e-09,2.787649e-11
2.683423e+01,9.972422e-11,2.789397e-09,2.789397e-11
2.683712e+01,1.003903e-10,2.804932e-09,2.804932e-11
2.684001e+01,1.012721e-10,2.834457e-09,2.834457e-11
2.684289e+01,1.023654e-10,2.877975e-09,2.877975e-11
2.684578e+01,1.036638e-10,2.935188e-09,2.935188e-11
2.684867e+01,1.051576e-10,3.005430e-09,3.005430e-11
2.685156e+01,1.068324e-10,3.087636e-09,3.087636e-11
2.685445e+01,1.086681e-10,3.180345e-09,3.180345e-11
2.685733e+01,1.106396e-10,3.281744e-09,3.281744e-11
2.686022e+01,1.127179e-10,3.389763e-09,3.389763e-11
2.686311e+01,1.148725e-10,3.502226e-09,3.502226e-11
2.686600e+01,1.170722e-10,3.616984e-09,3.616984e-11
2.686888e+01,1.192863e-10,3.732024e-09,3.732024e-11
2.687177e+01,1.214851e-10,3.845582e-09,3.845582e-11
2.687466e+01,1.236416e-10,3.956271e-09,3.956271e-11
2.687755e+01,1.257339e-10,4.063124e-09,4.063124e-11
2.688044e+01,1.277450e-10,4.165592e-09,4.165592e-11
2.688332e+01,1.296653e-10,4.263511e-09,4.263511e-11
2.688621e+01,1.314926e-10,4.357033e-09,4.357033e-11
2.688910e+01,1.332296e-10,4.446505e-09,4.446505e-11
2.689199e+01,1.348821e-10,4.532357e-09,4.532357e-11
2.689488e+01,1.364570e-10,4.614985e-09,4.614985e-11
2.689776e+01,1.379596e-10,4.694656e-09,4.694656e-11
2.690065e+01,1.393916e-10,4.771457e-09,4.771457e-11
2.690354e+01,1.407519e-10,4.845252e-09,4.845252e-11
2.690643e+01,1.420352e-10,4.915666e-09,4.915666e-11
2.690931e+01,1.432323e-10,4.982118e-09,4.982118e-11
2.691220e+01,1.443310e-10,5.043871e-09,5.043871e-11
2.691509e+01,1.453149e-10,5.100052e-09,5.100052e-11
2.691798e+01,1.461639e-10,5.149705e-09,5.149705e-11
2.692087e+01,1.468569e-10,5.191868e-09,5.191868e-11
2.692375e+01,1.473734e-10,5.225609e-09,5.225609e-11
2.692664e+01,1.476959e-10,5.250064e-09,5.250064e-11
2.692953e+01,1.478133e-10,5.264486e-09,5.264486e-11
2.693242e+01,1.477211e-10,5.268258e-09,5.268258e-11
2.693531e+01,1.474218e-10,5.260897e-09,5.260897e-11
2.693819e+01,1.469233e-10,5.242068e-09,5.242068e-11
2.694108e+01,1.462361e-10,5.211602e-09,5.211602e-11
2.694397e+01,1.453723e-10,5.169487e-09,5.169487e-11
2.694686e+01,1.443438e-10,5.115840e-09,5.115840e-11
2.694975e+01,1.431601e-10,5.050918e-09,5.050918e-11
2.695263e+01,1.418308e-10,4.975142e-09,4.975142e-11
2.695552e+01,1.403647e-10,4.889110e-09,4.889110e-11
2.695841e+01,1.387680e-10,4.793608e-09,4.793608e-11
2.696130e+01,1.370456e-10,4.689648e-09,4.689648e-11
2.696418e+01,1.351992e-10,4.578441e-09,4.578441e-11
2.696707e+01,1.332265e-10,4.461363e-09,4.461363e-11
2.696996e+01,1.311244e-10,4.339951e-09,4.339951e-11
2.697285e+01,1.288936e-10,4.215894e-09,4.215894e-11
2.697574e+01,1.265403e-10,4.090959e-09,4.090959e-11
2.697862e+01,1.240784e-10,3.966923e-09,3.966923e-11
2.698151e+01,1.215316e-10,3.845541e-09,3.845541e-11
2.698440e+01,1.189324e-10,3.728487e-09,3.728487e-11
2.698729e+01,1.163192e-10,3.617256e-09,3.617256e-11
2.699018e+01,1.137322e-10,3.513085e-09,3.513085e-11
2.699306e+01,1.112124e-10,3.416900e-09,3.416900e-11
2.699595e+01,1.087996e-10,3.329264e-09,3.329264e-11
2.699884e+01,1.065320e-10,3.250360e-09,3.250360e-11
2.700173e+01,1.044453e-10,3.180001e-09,3.180001e-11
2.700462e+01,1.025716e-10,3.117708e-09,3.117708e-11
2.700750e+01,1.009388e-10,3.062831e-09,3.062831e-11
2.701039e+01,9.956747e-11,3.014689e-09,3.014689e-11
2.701328e+01,9.846914e-11,2.972748e-09,2.972748e-11
2.701617e+01,9.764645e-11,2.936798e-09,2.936798e-11
2.701905e+01,9.709380e-11,2.907099e-09,2.907099e-11
2.702194e+01,9.679918e-11,2.884481e-09,2.884481e-11
2.702483e+01,9.674876e-11,2.870382e-09,2.870382e-11
2.702772e+01,9.692952e-11,2.866786e-09,2.866786e-11
2.703061e+01,9.733106e-11,2.876020e-09,2.876020e-11
2.703349e+01,9.794549e-11,2.900427e-09,2.900427e-11
2.703638e+01,9.876511e-11,2.941980e-09,2.941980e-11
2.703927e+01,9.978277e-11,3.001938e-09,3.001938e-11
2.704216e+01,1.009923e-10,3.080583e-09,3.080583e-11
2.704505e+01,1.023866e-10,3.177084e-09,3.177084e-11
2.704793e+01,1.039569e-10,3.289542e-09,3.289542e-11
2.705082e+01,1.056933e-10,3.415221e-09,3.415221e-11
2.705371e+01,1.075841e-10,3.550844e-09,3.550844e-11
2.705660e+01,1.096133e-10,3.692889e-09,3.692889e-11
2.705948e+01,1.117598e-10,3.837859e-09,3.837859e-11
2.706237e+01,1.139971e-10,3.982490e-09,3.982490e-11
2.706526e+01,1.162922e-10,4.123855e-09,4.123855e-11
2.706815e+01,1.186065e-10,4.259420e-09,4.259420e-11
2.707104e+01,1.208987e-10,4.387061e-09,4.387061e-11
2.707392e+01,1.231252e-10,4.505030e-09,4.505030e-11
2.707681e+01,1.252419e-10,4.611904e-09,4.611904e-11
2.707970e+01,1.272053e-10,4.706548e-09,4.706548e-11
2.708259e+01,1.289738e-10,4.788080e-09,4.788080e-11
2.708548e+01,1.305087e-10,4.855837e-09,4.855837e-11
2.708836e+01,1.317748e-10,4.909350e-09,4.909350e-11
2.709125e+01,1.327431e-10,4.948342e-09,4.948342e-11
2.709414e+01,1.333910e-10,4.972743e-09,4.972743e-11
2.709703e+01,1.337035e-10,4.982679e-09,4.982679e-11
2.709992e+01,1.336727e-10,4.978465e-09,4.978465e-11
2.710280e+01,1.332969e-10,4.960602e-09,4.960602e-11
2.710569e+01,1.325789e-10,4.929763e-09,4.929763e-11
2.710858e+01,1.315256e-10,4.886741e-09,4.886741e-11
2.711147e+01,1.301480e-10,4.832405e-09,4.832405e-11
2.711435e+01,1.284610e-10,4.767651e-09,4.767651e-11
2.711724e+01,1.264841e-10,4.693336e-09,4.693336e-11
2.712013e+01,1.242410e-10,4.610223e-09,4.610223e-11
2.712302e+01,1.217599e-10,4.518965e-09,4.518965e-11
2.712591e+01,1.190720e-10,4.420121e-09,4.420121e-11
2.712879e+01,1.162097e-10,4.314173e-09,4.314173e-11
2.713168e+01,1.132071e-10,4.201590e-09,4.201590e-11
2.713457e+01,1.101001e-10,4.082920e-09,4.082920e-11
2.713746e+01,1.069263e-10,3.958901e-09,3.958901e-11
2.714035e+01,1.037269e-10,3.830542e-09,3.830542e-11
2.714323e+01,1.005461e-10,3.699191e-09,3.699191e-11
2.714612e+01,9.742937e-11,3.566580e-09,3.566580e-11
2.714901e+01,9.442242e-11,3.434823e-09,3.434823e-11
2.715190e+01,9.156871e-11,3.306356e-09,3.306356e-11
2.715479e+01,8.890667e-11,3.183804e-09,3.183804e-11
2.715767e+01,8.646992e-11,3.069798e-09,3.069798e-11
2.716056e+01,8.428735e-11,2.966744e-09,2.966744e-11
2.716345e+01,8.238239e-11,2.876580e-09,2.876580e-11
2.716634e+01,8.077475e-11,2.800568e-09,2.800568e-11
2.716922e+01,7.948008e-11,2.739149e-09,2.739149e-11
2.717211e+01,7.850769e-11,2.691917e-09,2.691917e-11
2.717500e+01,7.786084e-11,2.657740e-09,2.657740e-11
2.717789e+01,7.753619e-11,2.635017e-09,2.635017e-11
2.718078e+01,7.752476e-11,2.621987e-09,2.621987e-11
2.718366e+01,7.781491e-11,2.617046e-09,2.617046e-11
2.718655e+01,7.839437e-11,2.619013e-09,2.619013e-11
2.718944e+01,7.925275e-11,2.627292e-09,2.627292e-11
2.719233e+01,8.038148e-11,2.641900e-09,2.641900e-11
2.719522e+01,8.177304e-11,2.663391e-09,2.663391e-11
2.719810e+01,8.341896e-11,2.692700e-09,2.692700e-11
2.720099e+01,8.530686e-11,2.730932e-09,2.730932e-11
2.720388e+01,8.742020e-11,2.779133e-09,2.779133e-11
2.720677e+01,8.973736e-11,2.838112e-09,2.838112e-11
2.720966e+01,9.223386e-11,2.908324e-09,2.908324e-11
2.721254e+01,9.488430e-11,2.989794e-09,2.989794e-11
2.721543e+01,9.766121e-11,3.082124e-09,3.082124e-11
2.721832e+01,1.005370e-10,3.184552e-09,3.184552e-11
2.722121e+01,1.034830e-10,3.296021e-09,3.296021e-11
2.722409e+01,1.064687e-10,3.415260e-09,3.415260e-11
2.722698e+01,1.094629e-10,3.540879e-09,3.540879e-11
2.722987e+01,1.124358e-10,3.671433e-09,3.671433e-11
2.723276e+01,1.153616e-10,3.805490e-09,3.805490e-11
2.723565e+01,1.182212e-10,3.941687e-09,3.941687e-11
2.723853e+01,1.210049e-10,4.078764e-09,4.078764e-11
2.724142e+01,1.237111e-10,4.215581e-09,4.215581e-11
2.724431e+01,1.263441e-10,4.351155e-09,4.351155e-11
2.724720e+01,1.289122e-10,4.484673e-09,4.484673e-11
2.725009e+01,1.314223e-10,4.615498e-09,4.615498e-11
2.725297e+01,1.338791e-10,4.743195e-09,4.743195e-11
2.725586e+01,1.362835e-10,4.867514e-09,4.867514e-11
2.725875e+01,1.386321e-10,4.988345e-09,4.988345e-11
2.726164e+01,1.409168e-10,5.105639e-09,5.105639e-11
2.726452e+01,1.431242e-10,5.219319e-09,5.219319e-11
2.726741e+01,1.452363e-10,5.329142e-09,5.329142e-11
2.727030e+01,1.472296e-10,5.434573e-09,5.434573e-11
2.727319e+01,1.490766e-10,5.534714e-09,5.534714e-11
2.727608e+01,1.507484e-10,5.628313e-09,5.628313e-11
2.727896e+01,1.522181e-10,5.713816e-09,5.713816e-11
2.728185e+01,1.534625e-10,5.789483e-09,5.789483e-11
2.728474e+01,1.544663e-10,5.853608e-09,5.853608e-11
2.728763e+01,1.552248e-10,5.904716e-09,5.904716e-11
2.729052e+01,1.557402e-10,5.941724e-09,5.941724e-11
2.729340e+01,1.560208e-10,5.964041e-09,5.964041e-11
2.729629e+01,1.560792e-10,5.971634e-09,5.971634e-11
2.729918e+01,1.559293e-10,5.964980e-09,5.964980e-11
2.730207e+01,1.555844e-10,5.944968e-09,5.944968e-11
2.730496e+01,1.550565e-10,5.912746e-09,5.912746e-11
2.730784e+01,1.543545e-10,5.869563e-09,5.869563e-11
2.731073e+01,1.534834e-10,5.816626e-09,5.816626e-11
2.731362e+01,1.524440e-10,5.754999e-09,5.754999e-11
2.731651e+01,1.512313e-10,5.685557e-09,5.685557e-11
2.731939e+01,1.498369e-10,5.609007e-09,5.609007e-11
2.732228e+01,1.482512e-10,5.525970e-09,5.525970e-11
2.732517e+01,1.464679e-10,5.437095e-09,5.437095e-11
2.732806e+01,1.444875e-10,5.343211e-09,5.343211e-11
2.733095e+01,1.423220e-10,5.245470e-09,5.245470e-11
2.733383e+01,1.399978e-10,5.145434e-09,5.145434e-11
2.733672e+01,1.375534e-10,5.045095e-09,5.045095e-11
2.733961e+01,1.350377e-10,4.946853e-09,4.946853e-11
2.734250e+01,1.325073e-10,4.853438e-09,4.853438e-11
2.734539e+01,1.300221e-10,4.767768e-09,4.767768e-11
2.734827e+01,1.276406e-10,4.692786e-09,4.692786e-11
2.735116e+01,1.254168e-10,4.631288e-09,4.631288e-11
2.735405e+01,1.233953e-10,4.585718e-09,4.585718e-11
2.735694e+01,1.216084e-10,4.557957e-09,4.557957e-11
2.735983e+01,1.200730e-10,4.549096e-09,4.549096e-11
2.736271e+01,1.187869e-10,4.559198e-09,4.559198e-11
2.736560e+01,1.177291e-10,4.587110e-09,4.587110e-11
2.736849e+01,1.168603e-10,4.630353e-09,4.630353e-11
2.737138e+01,1.161268e-10,4.685190e-09,4.685190e-11
2.737426e+01,1.154685e-10,4.746878e-09,4.746878e-11
2.737715e+01,1.148236e-10,4.810056e-09,4.810056e-11
2.738004e+01,1.141337e-10,4.869219e-09,4.869219e-11
2.738293e+01,1.133497e-10,4.919195e-09,4.919195e-11
2.738582e+01,1.124341e-10,4.955560e-09,4.955560e-11
2.738870e+01,1.113625e-10,4.974920e-09,4.974920e-11
2.739159e+01,1.101249e-10,4.975088e-09,4.975088e-11
2.739448e+01,1.087257e-10,4.955084e-09,4.955084e-11
2.739737e+01,1.071829e-10,4.914998e-09,4.914998e-11
2.740026e+01,1.055267e-10,4.855802e-09,4.855802e-11
2.740314e+01,1.037968e-10,4.779123e-09,4.779123e-11
2.740603e+01,1.020383e-10,4.687002e-09,4.687002e-11
2.740892e+01,1.002975e-10,4.581700e-09,4.581700e-11
2.741181e+01,9.861751e-11,4.465579e-09,4.465579e-11
2.741469e+01,9.703649e-11,4.341052e-09,4.341052e-11
2.741758e+01,9.558619e-11,4.210594e-09,4.210594e-11
2.742047e+01,9.429382e-11,4.076811e-09,4.076811e-11
2.742336e+01,9.318398e-11,3.942548e-09,3.942548e-11
2.742625e+01,9.227977e-11,3.810975e-09,3.810975e-11
2.742913e+01,9.160353e-11,3.685607e-09,3.685607e-11
2.743202e+01,9.117657e-11,3.570216e-09,3.570216e-11
2.743491e+01,9.101683e-11,3.468643e-09,3.468643e-11
2.743780e+01,9.113725e-11,3.384479e-09,3.384479e-11
2.744069e+01,9.154545e-11,3.320698e-09,3.320698e-11
2.744357e+01,9.224326e-11,3.279296e-09,3.279296e-11
2.744646e+01,9.322618e-11,3.261043e-09,3.261043e-11
2.744935e+01,9.448274e-11,3.265415e-09,3.265415e-11
2.745224e+01,9.599337e-11,3.290728e-09,3.290728e-11
2.745513e+01,9.772755e-11,3.334382e-09,3.334382e-11
2.745801e+01,9.964318e-11,3.393145e-09,3.393145e-11
2.746090e+01,1.016860e-10,3.463419e-09,3.463419e-11
2.746379e+01,1.037901e-10,3.541424e-09,3.541424e-11
2.746668e+01,1.058823e-10,3.623325e-09,3.623325e-11
2.746956e+01,1.078881e-10,3.705328e-09,3.705328e-11
2.747245e+01,1.097363e-10,3.783792e-09,3.783792e-11
2.747534e+01,1.113634e-10,3.855360e-09,3.855360e-11
2.747823e+01,1.127165e-10,3.917117e-09,3.917117e-11
2.748112e+01,1.137557e-10,3.966724e-09,3.966724e-11
2.748400e+01,1.144523e-10,4.002518e-09,4.002518e-11
2.748689e+01,1.147901e-10,4.023576e-09,4.023576e-11
2.748978e+01,1.147659e-10,4.029714e-09,4.029714e-11
2.749267e+01,1.143896e-10,4.021417e-09,4.021417e-11
2.749556e+01,1.136824e-10,3.999708e-09,3.999708e-11
2.749844e+01,1.126753e-10,3.965967e-09,3.965967e-11
2.750133e+01,1.114066e-10,3.921763e-09,3.921763e-11
2.750422e+01,1.099185e-10,3.868678e-09,3.868678e-11
2.750711e+01,1.082523e-10,3.808157e-09,3.808157e-11
2.751000e+01,1.064465e-10,3.741409e-09,3.741409e-11
2.751288e+01,1.045376e-10,3.669375e-09,3.669375e-11
2.751577e+01,1.025589e-10,3.592736e-09,3.592736e-11
2.751866e+01,1.005417e-10,3.511971e-09,3.511971e-11
2.752155e+01,9.851752e-11,3.427472e-09,3.427472e-11
2.752443e+01,9.651789e-11,3.339678e-09,3.339678e-11
2.752732e+01,9.457307e-11,3.249194e-09,3.249194e-11
2.753021e+01,9.271229e-11,3.156905e-09,3.156905e-11
2.753310e+01,9.096238e-11,3.064022e-09,3.064022e-11
2.753599e+01,8.934770e-11,2.972069e-09,2.972069e-11
2.753887e+01,8.789081e-11,2.882821e-09,2.882821e-11
2.754176e+01,8.661130e-11,2.798181e-09,2.798181e-11
2.754465e+01,8.552650e-11,2.720028e-09,2.720028e-11
2.754754e+01,8.465041e-11,2.650054e-09,2.650054e-11
2.755043e+01,8.399098e-11,2.589622e-09,2.589622e-11
2.755331e+01,8.355006e-11,2.539677e-09,2.539677e-11
2.755620e+01,8.332288e-11,2.500702e-09,2.500702e-11
2.755909e+01,8.329782e-11,2.472731e-09,2.472731e-11
2.756198e+01,8.345778e-11,2.455410e-09,2.455410e-11
2.756486e+01,8.378221e-11,2.448065e-09,2.448065e-11
2.756775e+01,8.424918e-11,2.449784e-09,2.449784e-11
2.757064e+01,8.483621e-11,2.459489e-09,2.459489e-11
2.757353e+01,8.552071e-11,2.475965e-09,2.475965e-11
2.757642e+01,8.627987e-11,2.497856e-09,2.497856e-11
2.757930e+01,8.709113e-11,2.523709e-09,2.523709e-11
2.758219e+01,8.793319e-11,2.551976e-09,2.551976e-11
2.758508e+01,8.878571e-11,2.581031e-09,2.581031e-11
2.758797e+01,8.962989e-11,2.609232e-09,2.609232e-11
2.759086e+01,9.044848e-11,2.634993e-09,2.634993e-11
2.759374e+01,9.122475e-11,2.656876e-09,2.656876e-11
2.759663e+01,9.194243e-11,2.673721e-09,2.673721e-11
2.759952e+01,9.258426e-11,2.684754e-09,2.684754e-11
2.760241e+01,9.313223e-11,2.689653e-09,2.689653e-11
2.760530e+01,9.356945e-11,2.688625e-09,2.688625e-11
2.760818e+01,9.388124e-11,2.682413e-09,2.682413e-11
2.761107e+01,9.405706e-11,2.672224e-09,2.672224e-11
2.761396e+01,9.409240e-11,2.659621e-09,2.659621e-11
2.761685e+01,9.398931e-11,2.646373e-09,2.646373e-11
2.761973e+01,9.375497e-11,2.634247e-09,2.634247e-11
2.762262e+01,9.340191e-11,2.624818e-09,2.624818e-11
2.762551e+01,9.294809e-11,2.619279e-09,2.619279e-11
2.762840e+01,9.241562e-11,2.618317e-09,2.618317e-11
2.763129e+01,9.183237e-11,2.622085e-09,2.622085e-11
2.763417e+01,9.123174e-11,2.630235e-09,2.630235e-11
2.763706e+01,9.065107e-11,2.642021e-09,2.642021e-11
2.763995e+01,9.012906e-11,2.656446e-09,2.656446e-11
2.764284e+01,8.970150e-11,2.672433e-09,2.672433e-11
2.764573e+01,8.939961e-11,2.688996e-09,2.688996e-11
2.764861e+01,8.924643e-11,2.705351e-09,2.705351e-11
2.765150e+01,8.925542e-11,2.720970e-09,2.720970e-11
2.765439e+01,8.943230e-11,2.735625e-09,2.735625e-11
2.765728e+01,8.977513e-11,2.749369e-09,2.749369e-11
2.766017e+01,9.027634e-11,2.762490e-09,2.762490e-11
2.766305e+01,9.092315e-11,2.775441e-09,2.775441e-11
2.766594e+01,9.169715e-11,2.788806e-09,2.788806e-11
2.766883e+01,9.257555e-11,2.803268e-09,2.803268e-11
2.767172e+01,9.353103e-11,2.819575e-09,2.819575e-11
2.767460e+01,9.453227e-11,2.838561e-09,2.838561e-11
2.767749e+01,9.554830e-11,2.861148e-09,2.861148e-11
2.768038e+01,9.655109e-11,2.888329e-09,2.888329e-11
2.768327e+01,9.751694e-11,2.921148e-09,2.921148e-11
2.768616e+01,9.842939e-11,2.960646e-09,2.960646e-11
2.768904e+01,9.927763e-11,3.007743e-09,3.007743e-11
2.769193e+01,1.000550e-10,3.063093e-09,3.063093e-11
2.769482e+01,1.007583e-10,3.126948e-09,3.126948e-11
2.769771e+01,1.013856e-10,3.199019e-09,3.199019e-11
2.770060e+01,1.019359e-10,3.278389e-09,3.278389e-11
2.770348e+01,1.024090e-10,3.363503e-09,3.363503e-11
2.770637e+01,1.028063e-10,3.452231e-09,3.452231e-11
2.770926e+01,1.031307e-10,3.541979e-09,3.541979e-11
2.771215e+01,1.033845e-10,3.629824e-09,3.629824e-11
2.771503e+01,1.035682e-10,3.712717e-09,3.712717e-11
2.771792e+01,1.036804e-10,3.787668e-09,3.787668e-11
2.772081e+01,1.037167e-10,3.851877e-09,3.851877e-11
2.772370e+01,1.036700e-10,3.902848e-09,3.902848e-11
2.772659e+01,1.035343e-10,3.938516e-09,3.938516e-11
2.772947e+01,1.033075e-10,3.957335e-09,3.957335e-11
2.773236e+01,1.029913e-10,3.958330e-09,3.958330e-11
2.773525e+01,1.025915e-10,3.941117e-09,3.941117e-11
2.773814e+01,1.021188e-10,3.905951e-09,3.905951e-11
2.774103e+01,1.015875e-10,3.853760e-09,3.853760e-11
2.774391e+01,1.010132e-10,3.786131e-09,3.786131e-11
2.774680e+01,1.004121e-10,3.705288e-09,3.705288e-11
2.774969e+01,9.980150e-11,3.614071e-09,3.614071e-11
2.775258e+01,9.919929e-11,3.515868e-09,3.515868e-11
2.775547e+01,9.862305e-11,3.414495e-09,3.414495e-11
2.775835e+01,9.808779e-11,3.314023e-09,3.314023e-11
2.776124e+01,9.760529e-11,3.218568e-09,3.218568e-11
2.776413e+01,9.718196e-11,3.132009e-09,3.132009e-11
2.776702e+01,9.681735e-11,3.057675e-09,3.057675e-11
2.776990e+01,9.650539e-11,2.998056e-09,2.998056e-11
2.777279e+01,9.623581e-11,2.954573e-09,2.954573e-11
2.777568e+01,9.599634e-11,2.927459e-09,2.927459e-11
2.777857e+01,9.577542e-11,2.915833e-09,2.915833e-11
2.778146e+01,9.556365e-11,2.917910e-09,2.917910e-11
2.778434e+01,9.535425e-11,2.931309e-09,2.931309e-11
2.778723e+01,9.514390e-11,2.953398e-09,2.953398e-11
2.779012e+01,9.493299e-11,2.981599e-09,2.981599e-11
2.779301e+01,9.472534e-11,3.013588e-09,3.013588e-11
2.779590e+01,9.452870e-11,3.047411e-09,3.047411e-11
2.779878e+01,9.435580e-11,3.081517e-09,3.081517e-11
2.780167e+01,9.422176e-11,3.114734e-09,3.114734e-11
2.780456e+01,9.414278e-11,3.146194e-09,3.146194e-11
2.780745e+01,9.413522e-11,3.175260e-09,3.175260e-11
2.781034e+01,9.421069e-11,3.201445e-09,3.201445e-11
2.781322e+01,9.437567e-11,3.224346e-09,3.224346e-11
2.781611e+01,9.463200e-11,3.243590e-09,3.243590e-11
2.781900e+01,9.497639e-11,3.258823e-09,3.258823e-11
2.782189e+01,9.540263e-11,3.269692e-09,3.269692e-11
2.782477e+01,9.590261e-11,3.275868e-09,3.275868e-11
2.782766e+01,9.646648e-11,3.277107e-09,3.277107e-11
2.783055e+01,9.708302e-11,3.273336e-09,3.273336e-11
2.783344e+01,9.773906e-11,3.264736e-09,3.264736e-11
2.783633e+01,9.841865e-11,3.251812e-09,3.251812e-11
2.783921e+01,9.910462e-11,3.235468e-09,3.235468e-11
2.784210e+01,9.978069e-11,3.217021e-09,3.217021e-11
2.784499e+01,1.004315e-10,3.198144e-09,3.198144e-11
2.784788e+01,1.010443e-10,3.180739e-09,3.180739e-11
2.785077e+01,1.016082e-10,3.166736e-09,3.166736e-11
2.785365e+01,1.021111e-10,3.157846e-09,3.157846e-11
2.785654e+01,1.025380e-10,3.155280e-09,3.155280e-11
2.785943e+01,1.028704e-10,3.159487e-09,3.159487e-11
2.786232e+01,1.030843e-10,3.169971e-09,3.169971e-11
2.786520e+01,1.031531e-10,3.185236e-09,3.185236e-11
2.786809e+01,1.030508e-10,3.202856e-09,3.202856e-11
2.787098e+01,1.027549e-10,3.219684e-09,3.219684e-11
2.787387e+01,1.022493e-10,3.232168e-09,3.232168e-11
2.787676e+01,1.015266e-10,3.236689e-09,3.236689e-11
2.787964e+01,1.005868e-10,3.229918e-09,3.229918e-11
2.788253e+01,9.943801e-11,3.209152e-09,3.209152e-11
2.788542e+01,9.809769e-11,3.172590e-09,3.172590e-11
2.788831e+01,9.659266e-11,3.119542e-09,3.119542e-11
2.789120e+01,9.495947e-11,3.050547e-09,3.050547e-11
2.789408e+01,9.324568e-11,2.967438e-09,2.967438e-11
2.789697e+01,9.150867e-11,2.873320e-09,2.873320e-11
2.789986e+01,8.981217e-11,2.772453e-09,2.772453e-11
2.790275e+01,8.822313e-11,2.670049e-09,2.670049e-11
2.790564e+01,8.680685e-11,2.571952e-09,2.571952e-11
2.790852e+01,8.562317e-11,2.484184e-09,2.484184e-11
2.791141e+01,8.472398e-11,2.412346e-09,2.412346e-11
2.791430e+01,8.415168e-11,2.360966e-09,2.360966e-11
2.791719e+01,8.394007e-11,2.332926e-09,2.332926e-11
2.792007e+01,8.411380e-11,2.329106e-09,2.329106e-11
2.792296e+01,8.468728e-11,2.348420e-09,2.348420e-11
2.792585e+01,8.566377e-11,2.388254e-09,2.388254e-11
2.792874e+01,8.703611e-11,2.445131e-09,2.445131e-11
2.793163e+01,8.878722e-11,2.515402e-09,2.515402e-11
2.793451e+01,9.089028e-11,2.595752e-09,2.595752e-11
2.793740e+01,9.331178e-11,2.683495e-09,2.683495e-11
2.794029e+01,9.601518e-11,2.776695e-09,2.776695e-11
2.794318e+01,9.896262e-11,2.874106e-09,2.874106e-11
2.794607e+01,1.021142e-10,2.974984e-09,2.974984e-11
2.794895e+01,1.054295e-10,3.078890e-09,3.078890e-11
2.795184e+01,1.088658e-10,3.185509e-09,3.185509e-11
2.795473e+01,1.123764e-10,3.294481e-09,3.294481e-11
2.795762e+01,1.159134e-10,3.405266e-09,3.405266e-11
2.796051e+01,1.194263e-10,3.517063e-09,3.517063e-11
2.796339e+01,1.228652e-10,3.628809e-09,3.628809e-11
2.796628e+01,1.261831e-10,3.739200e-09,3.739200e-11
2.796917e+01,1.293356e-10,3.846736e-09,3.846736e-11
2.797206e+01,1.322812e-10,3.949797e-09,3.949797e-11
2.797494e+01,1.349807e-10,4.046722e-09,4.046722e-11
2.797783e+01,1.373969e-10,4.135877e-09,4.135877e-11
2.798072e+01,1.394964e-10,4.215731e-09,4.215731e-11
2.798361e+01,1.412506e-10,4.284928e-09,4.284928e-11
2.798650e+01,1.426386e-10,4.342340e-09,4.342340e-11
2.798938e+01,1.436494e-10,4.387102e-09,4.387102e-11
2.799227e+01,1.442825e-10,4.418649e-09,4.418649e-11
2.799516e+01,1.445479e-10,4.436745e-09,4.436745e-11
2.799805e+01,1.444638e-10,4.441482e-09,4.441482e-11
2.800094e+01,1.440540e-10,4.433256e-09,4.433256e-11
2.800382e+01,1.433471e-10,4.412773e-09,4.412773e-11
2.800671e+01,1.423749e-10,4.381023e-09,4.381023e-11
2.800960e+01,1.411705e-10,4.339228e-09,4.339228e-11
2.801249e+01,1.397687e-10,4.288787e-09,4.288787e-11
2.801538e+01,1.382040e-10,4.231237e-09,4.231237e-11
2.801826e+01,1.365080e-10,4.168172e-09,4.168172e-11
2.802115e+01,1.347093e-10,4.101170e-09,4.101170e-11
2.802404e+01,1.328303e-10,4.031711e-09,4.031711e-11
2.802693e+01,1.308863e-10,3.961085e-09,3.961085e-11
2.802981e+01,1.288873e-10,3.890318e-09,3.890318e-11
2.803270e+01,1.268396e-10,3.820140e-09,3.820140e-11
2.803559e+01,1.247476e-10,3.750955e-09,3.750955e-11
2.803848e+01,1.226154e-10,3.682849e-09,3.682849e-11
2.804137e+01,1.204486e-10,3.615651e-09,3.615651e-11
2.804425e+01,1.182537e-10,3.549035e-09,3.549035e-11
2.804714e+01,1.160401e-10,3.482624e-09,3.482624e-11
2.805003e+01,1.138191e-10,3.416090e-09,3.416090e-11
2.805292e+01,1.116051e-10,3.349237e-09,3.349237e-11
2.805581e+01,1.094158e-10,3.282064e-09,3.282064e-11
2.805869e+01,1.072723e-10,3.214764e-09,3.214764e-11
2.806158e+01,1.051995e-10,3.147709e-09,3.147709e-11
2.806447e+01,1.032230e-10,3.081403e-09,3.081403e-11
2.806736e+01,1.013663e-10,3.016433e-09,3.016433e-11
2.807024e+01,9.965004e-11,2.953415e-09,2.953415e-11
2.807313e+01,9.808899e-11,2.892955e-09,2.892955e-11
2.807602e+01,9.669136e-11,2.835633e-09,2.835633e-11
2.807891e+01,9.546149e-11,2.782042e-09,2.782042e-11
2.808180e+01,9.440119e-11,2.732848e-09,2.732848e-11
2.808468e+01,9.351072e-11,2.688830e-09,2.688830e-11
2.808757e+01,9.279074e-11,2.650918e-09,2.650918e-11
2.809046e+01,9.224289e-11,2.620198e-09,2.620198e-11
2.809335e+01,9.186931e-11,2.597868e-09,2.597868e-11
2.809624e+01,9.167346e-11,2.585131e-09,2.585131e-11
2.809912e+01,9.166087e-11,2.583049e-09,2.583049e-11
2.810201e+01,9.184000e-11,2.592404e-09,2.592404e-11
2.810490e+01,9.222361e-11,2.613583e-09,2.613583e-11
2.810779e+01,9.282695e-11,2.646500e-09,2.646500e-11
2.811068e+01,9.366562e-11,2.690612e-09,2.690612e-11
2.811356e+01,9.475390e-11,2.745020e-09,2.745020e-11
2.811645e+01,9.610123e-11,2.808624e-09,2.808624e-11
2.811934e+01,9.771035e-11,2.880280e-09,2.880280e-11
2.812223e+01,9.957667e-11,2.958923e-09,2.958923e-11
2.812511e+01,1.016876e-10,3.043640e-09,3.043640e-11
2.812800e+01,1.040248e-10,3.133697e-09,3.133697e-11
2.813089e+01,1.065656e-10,3.228515e-09,3.228515e-11
2.813378e+01,1.092840e-10,3.327611e-09,3.327611e-11
2.813667e+01,1.121517e-10,3.430571e-09,3.430571e-11
2.813955e+01,1.151398e-10,3.537010e-09,3.537010e-11
2.814244e+01,1.182203e-10,3.646567e-09,3.646567e-11
2.814533e+01,1.213681e-10,3.758914e-09,3.758914e-11
2.814822e+01,1.245634e-10,3.873778e-09,3.873778e-11
2.815111e+01,1.277932e-10,3.990947e-09,3.990947e-11
2.815399e+01,1.310512e-10,4.110275e-09,4.110275e-11
2.815688e+01,1.343361e-10,4.231680e-09,4.231680e-11
2.815977e+01,1.376498e-10,4.355101e-09,4.355101e-11
2.816266e+01,1.409917e-10,4.480450e-09,4.480450e-11
2.816555e+01,1.443563e-10,4.607544e-09,4.607544e-11
2.816843e+01,1.477321e-10,4.736025e-09,4.736025e-11
2.817132e+01,1.510992e-10,4.865281e-09,4.865281e-11
2.817421e+01,1.544298e-10,4.994405e-09,4.994405e-11
2.817710e+01,1.576898e-10,5.122166e-09,5.122166e-11
2.817998e+01,1.608386e-10,5.247031e-09,5.247031e-11
2.818287e+01,1.638289e-10,5.367247e-09,5.367247e-11
2.818576e+01,1.666083e-10,5.480947e-09,5.480947e-11
2.818865e+01,1.691197e-10,5.586226e-09,5.586226e-11
2.819154e+01,1.713023e-10,5.681245e-09,5.681245e-11
2.819442e+01,1.730964e-10,5.764335e-09,5.764335e-11
2.819731e+01,1.744465e-10,5.834053e-09,5.834053e-11
2.820020e+01,1.753043e-10,5.889173e-09,5.889173e-11
2.820309e+01,1.756309e-10,5.928671e-09,5.928671e-11
2.820598e+01,1.753980e-10,5.951706e-09,5.951706e-11
2.820886e+01,1.745871e-10,5.957580e-09,5.957580e-11
2.821175e+01,1.731874e-10,5.945705e-09,5.945705e-11
2.821464e+01,1.711966e-10,5.915606e-09,5.915606e-11
2.821753e+01,1.686209e-10,5.866972e-09,5.866972e-11
2.822041e+01,1.654763e-10,5.799707e-09,5.799707e-11
2.822330e+01,1.617910e-10,5.714005e-09,5.714005e-11
2.822619e+01,1.576055e-10,5.610411e-09,5.610411e-11
2.822908e+01,1.529729e-10,5.489870e-09,5.489870e-11
2.823197e+01,1.479583e-10,5.353747e-09,5.353747e-11
2.823485e+01,1.426367e-10,5.203796e-09,5.203796e-11
2.823774e+01,1.370918e-10,5.042099e-09,5.042099e-11
2.824063e+01,1.314152e-10,4.870969e-09,4.870969e-11
2.824352e+01,1.257040e-10,4.692833e-09,4.692833e-11
2.824641e+01,1.200590e-10,4.510111e-09,4.510111e-11
2.824929e+01,1.145813e-10,4.325130e-09,4.325130e-11
2.825218e+01,1.093678e-10,4.140087e-09,4.140087e-11
2.825507e+01,1.045074e-10,3.957095e-09,3.957095e-11
2.825796e+01,1.000763e-10,3.778294e-09,3.778294e-11
2.826085e+01,9.613246e-11,3.605994e-09,3.605994e-11
2.826373e+01,9.271521e-11,3.442820e-09,3.442820e-11
2.826662e+01,8.984494e-11,3.291801e-09,3.291801e-11
2.826951e+01,8.752434e-11,3.156335e-09,3.156335e-11
2.827240e+01,8.574063e-11,3.039947e-09,3.039947e-11
2.827528e+01,8.446679e-11,2.945841e-09,2.945841e-11
2.827817e+01,8.366360e-11,2.876361e-09,2.876361e-11
2.828106e+01,8.328409e-11,2.832486e-09,2.832486e-11
2.828395e+01,8.327569e-11,2.813520e-09,2.813520e-11
2.828684e+01,8.358459e-11,2.817121e-09,2.817121e-11
2.828972e+01,8.415996e-11,2.839677e-09,2.839677e-11
2.829261e+01,8.495625e-11,2.876865e-09,2.876865e-11
2.829550e+01,8.593669e-11,2.924277e-09,2.924277e-11
2.829839e+01,8.707208e-11,2.977895e-09,2.977895e-11
2.830128e+01,8.834021e-11,3.034348e-09,3.034348e-11
2.830416e+01,8.972371e-11,3.091016e-09,3.091016e-11
2.830705e+01,9.120775e-11,3.146011e-09,3.146011e-11
2.830994e+01,9.278097e-11,3.198103e-09,3.198103e-11
2.831283e+01,9.443346e-11,3.246612e-09,3.246612e-11
2.831572e+01,9.615693e-11,3.291340e-09,3.291340e-11
2.831860e+01,9.794588e-11,3.332570e-09,3.332570e-11
2.832149e+01,9.979696e-11,3.371088e-09,3.371088e-11
2.832438e+01,1.017076e-10,3.408226e-09,3.408226e-11
2.832727e+01,1.036759e-10,3.445912e-09,3.445912e-11
2.833015e+01,1.057009e-10,3.486660e-09,3.486660e-11
2.833304e+01,1.077832e-10,3.533456e-09,3.533456e-11
2.833593e+01,1.099258e-10,3.589524e-09,3.589524e-11
2.833882e+01,1.121340e-10,3.657987e-09,3.657987e-11
2.834171e+01,1.144162e-10,3.741457e-09,3.741457e-11
2.834459e+01,1.167809e-10,3.841587e-09,3.841587e-11
2.834748e+01,1.192320e-10,3.958700e-09,3.958700e-11
2.835037e+01,1.217654e-10,4.091596e-09,4.091596e-11
2.835326e+01,1.243669e-10,4.237566e-09,4.237566e-11
2.835615e+01,1.270110e-10,4.392576e-09,4.392576e-11
2.835903e+01,1.296591e-10,4.551562e-09,4.551562e-11
2.836192e+01,1.322633e-10,4.708795e-09,4.708795e-11
2.836481e+01,1.347678e-10,4.858267e-09,4.858267e-11
2.836770e+01,1.371109e-10,4.994020e-09,4.994020e-11
2.837058e+01,1.392267e-10,5.110429e-09,5.110429e-11
2.837347e+01,1.410460e-10,5.202455e-09,5.202455e-11
2.837636e+01,1.424998e-10,5.265845e-09,5.265845e-11
2.837925e+01,1.435230e-10,5.297311e-09,5.297311e-11
2.838214e+01,1.440603e-10,5.294665e-09,5.294665e-11
2.838502e+01,1.440715e-10,5.256920e-09,5.256920e-11
2.838791e+01,1.435339e-10,5.184335e-09,5.184335e-11
2.839080e+01,1.424455e-10,5.078430e-09,5.078430e-11
2.839369e+01,1.408242e-10,4.941960e-09,4.941960e-11
2.839658e+01,1.387050e-10,4.778825e-09,4.778825e-11
2.839946e+01,1.361349e-10,4.593935e-09,4.593935e-11
2.840235e+01,1.331706e-10,4.393046e-09,4.393046e-11
2.840524e+01,1.298760e-10,4.182553e-09,4.182553e-11
2.840813e+01,1.263191e-10,3.969223e-09,3.969223e-11
2.841102e+01,1.225722e-10,3.759913e-09,3.759913e-11
2.841390e+01,1.187100e-10,3.561239e-09,3.561239e-11
2.841679e+01,1.148071e-10,3.379196e-09,3.379196e-11
2.841968e+01,1.109343e-10,3.218733e-09,3.218733e-11
2.842257e+01,1.071556e-10,3.083368e-09,3.083368e-11
2.842545e+01,1.035280e-10,2.974925e-09,2.974925e-11
2.842834e+01,1.001007e-10,2.893432e-09,2.893432e-11
2.843123e+01,9.691589e-11,2.837273e-09,2.837273e-11
2.843412e+01,9.401076e-11,2.803615e-09,2.803615e-11
2.843701e+01,9.141975e-11,2.788967e-09,2.788967e-11
2.843989e+01,8.917340e-11,2.789755e-09,2.789755e-11
2.844278e+01,8.729853e-11,2.802803e-09,2.802803e-11
2.844567e+01,8.581657e-11,2.825655e-09,2.825655e-11
2.844856e+01,8.474162e-11,2.856706e-09,2.856706e-11
2.845145e+01,8.408102e-11,2.895193e-09,2.895193e-11
2.845433e+01,8.383477e-11,2.941074e-09,2.941074e-11
2.845722e+01,8.399633e-11,2.994814e-09,2.994814e-11
2.846011e+01,8.455406e-11,3.057117e-09,3.057117e-11
2.846300e+01,8.549049e-11,3.128658e-09,3.128658e-11
2.846589e+01,8.678142e-11,3.209843e-09,3.209843e-11
2.846877e+01,8.839493e-11,3.300597e-09,3.300597e-11
2.847166e+01,9.029125e-11,3.400224e-09,3.400224e-11
2.847455e+01,9.242360e-11,3.507398e-09,3.507398e-11
2.847744e+01,9.474113e-11,3.620210e-09,3.620210e-11
2.848032e+01,9.719033e-11,3.736266e-09,3.736266e-11
2.848321e+01,9.971666e-11,3.852853e-09,3.852853e-11
2.848610e+01,1.022680e-10,3.967137e-09,3.967137e-11
2.848899e+01,1.047946e-10,4.076313e-09,4.076313e-11
2.849188e+01,1.072485e-10,4.177780e-09,4.177780e-11
2.849476e+01,1.095851e-10,4.269291e-09,4.269291e-11
2.849765e+01,1.117629e-10,4.349032e-09,4.349032e-11
2.850054e+01,1.137455e-10,4.415681e-09,4.415681e-11
2.850343e+01,1.155040e-10,4.468442e-09,4.468442e-11
2.850632e+01,1.170179e-10,4.507026e-09,4.507026e-11
2.850920e+01,1.182744e-10,4.531598e-09,4.531598e-11
2.851209e+01,1.192688e-10,4.542710e-09,4.542710e-11
2.851498e+01,1.200031e-10,4.541214e-09,4.541214e-11
2.851787e+01,1.204823e-10,4.528161e-09,4.528161e-11
2.852075e+01,1.207137e-10,4.504693e-09,4.504693e-11
2.852364e+01,1.207072e-10,4.471950e-09,4.471950e-11
2.852653e+01,1.204748e-10,4.430986e-09,4.430986e-11
2.852942e+01,1.200287e-10,4.382708e-09,4.382708e-11
2.853231e+01,1.193831e-10,4.327853e-09,4.327853e-11
2.853519e+01,1.185536e-10,4.266981e-09,4.266981e-11
2.853808e+01,1.175534e-10,4.200489e-09,4.200489e-11
2.854097e+01,1.163942e-10,4.128651e-09,4.128651e-11
2.854386e+01,1.150871e-10,4.051694e-09,4.051694e-11
2.854675e+01,1.136429e-10,3.969867e-09,3.969867e-11
2.854963e+01,1.120723e-10,3.883498e-09,3.883498e-11
2.855252e+01,1.103886e-10,3.793072e-09,3.793072e-11
2.855541e+01,1.086084e-10,3.699299e-09,3.699299e-11
2.855830e+01,1.067498e-10,3.603137e-09,3.603137e-11
2.856119e+01,1.048322e-10,3.505797e-09,3.505797e-11
2.856407e+01,1.028742e-10,3.408709e-09,3.408709e-11
2.856696e+01,1.008935e-10,3.313460e-09,3.313460e-11
2.856985e+01,9.890651e-11,3.221695e-09,3.221695e-11
2.857274e+01,9.692914e-11,3.134966e-09,3.134966e-11
2.857562e+01,9.497669e-11,3.054566e-09,3.054566e-11
2.857851e+01,9.306287e-11,2.981362e-09,2.981362e-11
2.858140e+01,9.119934e-11,2.915668e-09,2.915668e-11
2.858429e+01,8.939382e-11,2.857173e-09,2.857173e-11
2.858718e+01,8.764802e-11,2.804952e-09,2.804952e-11
2.859006e+01,8.595925e-11,2.757553e-09,2.757553e-11
2.859295e+01,8.432110e-11,2.713176e-09,2.713176e-11
2.859584e+01,8.272528e-11,2.669906e-09,2.669906e-11
2.859873e+01,8.116530e-11,2.625944e-09,2.625944e-11
2.860162e+01,7.963731e-11,2.579798e-09,2.579798e-11
2.860450e+01,7.814076e-11,2.530431e-09,2.530431e-11
2.860739e+01,7.667746e-11,2.477344e-09,2.477344e-11
2.861028e+01,7.524967e-11,2.420606e-09,2.420606e-11
2.861317e+01,7.386003e-11,2.360779e-09,2.360779e-11
2.861606e+01,7.251026e-11,2.298818e-09,2.298818e-11
2.861894e+01,7.120124e-11,2.235959e-09,2.235959e-11
2.862183e+01,6.993494e-11,2.173612e-09,2.173612e-11
2.862472e+01,6.871471e-11,2.113229e-09,2.113229e-11
2.862761e+01,6.754342e-11,2.056189e-09,2.056189e-11
2.863049e+01,6.642214e-11,2.003731e-09,2.003731e-11
2.863338e+01,6.535024e-11,1.956890e-09,1.956890e-11
2.863627e+01,6.432449e-11,1.916447e-09,1.916447e-11
2.863916e+01,6.333805e-11,1.882876e-09,1.882876e-11
2.864205e+01,6.238317e-11,1.856303e-09,1.856303e-11
2.864493e+01,6.145348e-11,1.836514e-09,1.836514e-11
2.864782e+01,6.054610e-11,1.822958e-09,1.822958e-11
2.865071e+01,5.966194e-11,1.814778e-09,1.814778e-11
2.865360e+01,5.880423e-11,1.810869e-09,1.810869e-11
2.865649e+01,5.797970e-11,1.809990e-09,1.809990e-11
2.865937e+01,5.719651e-11,1.810853e-09,1.810853e-11
2.866226e+01,5.646319e-11,1.812202e-09,1.812202e-11
2.866515e+01,5.578967e-11,1.812919e-09,1.812919e-11
2.866804e+01,5.518647e-11,1.812079e-09,1.812079e-11
2.867092e+01,5.466528e-11,1.808947e-09,1.808947e-11
2.867381e+01,5.423815e-11,1.803024e-09,1.803024e-11
2.867670e+01,5.391617e-11,1.794067e-09,1.794067e-11
2.867959e+01,5.370872e-11,1.782069e-09,1.782069e-11
2.868248e+01,5.362172e-11,1.767289e-09,1.767289e-11
2.868536e+01,5.365710e-11,1.750318e-09,1.750318e-11
2.868825e+01,5.381527e-11,1.732132e-09,1.732132e-11
2.869114e+01,5.409652e-11,1.714139e-09,1.714139e-11
2.869403e+01,5.450120e-11,1.698234e-09,1.698234e-11
2.869692e+01,5.503159e-11,1.686794e-09,1.686794e-11
2.869980e+01,5.569112e-11,1.682541e-09,1.682541e-11
2.870269e+01,5.648192e-11,1.688262e-09,1.688262e-11
2.870558e+01,5.740346e-11,1.706413e-09,1.706413e-11
2.870847e+01,5.845091e-11,1.738726e-09,1.738726e-11
2.871136e+01,5.961608e-11,1.785862e-09,1.785862e-11
2.871424e+01,6.088656e-11,1.847226e-09,1.847226e-11
2.871713e+01,6.224560e-11,1.921056e-09,1.921056e-11
2.872002e+01,6.367369e-11,2.004685e-09,2.004685e-11
2.872291e+01,6.514742e-11,2.094908e-09,2.094908e-11
2.872579e+01,6.663982e-11,2.188336e-09,2.188336e-11
2.872868e+01,6.811998e-11,2.281688e-09,2.281688e-11
2.873157e+01,6.955341e-11,2.371977e-09,2.371977e-11
2.873446e+01,7.090444e-11,2.456631e-09,2.456631e-11
2.873735e+01,7.213893e-11,2.533556e-09,2.533556e-11
2.874023e+01,7.322684e-11,2.601145e-09,2.601145e-11
2.874312e+01,7.414484e-11,2.658261e-09,2.658261e-11
2.874601e+01,7.487725e-11,2.704205e-09,2.704205e-11
2.874890e+01,7.541554e-11,2.738680e-09,2.738680e-11
2.875179e+01,7.575897e-11,2.761752e-09,2.761752e-11
2.875467e+01,7.591305e-11,2.773807e-09,2.773807e-11
2.875756e+01,7.588829e-11,2.775507e-09,2.775507e-11
2.876045e+01,7.570060e-11,2.767758e-09,2.767758e-11
2.876334e+01,7.536953e-11,2.751683e-09,2.751683e-11
2.876623e+01,7.491648e-11,2.728566e-09,2.728566e-11
2.876911e+01,7.436334e-11,2.699795e-09,2.699795e-11
2.877200e+01,7.373066e-11,2.666802e-09,2.666802e-11
2.877489e+01,7.303532e-11,2.630979e-09,2.630979e-11
2.877778e+01,7.229068e-11,2.593581e-09,2.593581e-11
2.878066e+01,7.150842e-11,2.555646e-09,2.555646e-11
2.878355e+01,7.069935e-11,2.517913e-09,2.517913e-11
2.878644e+01,6.987440e-11,2.480771e-09,2.480771e-11
2.878933e+01,6.904638e-11,2.444243e-09,2.444243e-11
2.879222e+01,6.823008e-11,2.408052e-09,2.408052e-11
2.879510e+01,6.744122e-11,2.371733e-09,2.371733e-11
2.879799e+01,6.669621e-11,2.334769e-09,2.334769e-11
2.880088e+01,6.601212e-11,2.296758e-09,2.296758e-11
2.880377e+01,6.540658e-11,2.257558e-09,2.257558e-11
2.880666e+01,6.489825e-11,2.217438e-09,2.217438e-11
2.880954e+01,6.450681e-11,2.177173e-09,2.177173e-11
2.881243e+01,6.425148e-11,2.138064e-09,2.138064e-11
2.881532e+01,6.414915e-11,2.101878e-09,2.101878e-11
2.881821e+01,6.421100e-11,2.070676e-09,2.070676e-11
2.882109e+01,6.443976e-11,2.046594e-09,2.046594e-11
2.882398e+01,6.483038e-11,2.031566e-09,2.031566e-11
2.882687e+01,6.536960e-11,2.026982e-09,2.026982e-11
2.882976e+01,6.603714e-11,2.033412e-09,2.033412e-11
2.883265e+01,6.680905e-11,2.050502e-09,2.050502e-11
2.883553e+01,6.765960e-11,2.077003e-09,2.077003e-11
2.883842e+01,6.856285e-11,2.110956e-09,2.110956e-11
2.884131e+01,6.949227e-11,2.149947e-09,2.149947e-11
2.884420e+01,7.042032e-11,2.191421e-09,2.191421e-11
2.884709e+01,7.132038e-11,2.232961e-09,2.232961e-11
2.884997e+01,7.216760e-11,2.272495e-09,2.272495e-11
2.885286e+01,7.294075e-11,2.308409e-09,2.308409e-11
2.885575e+01,7.362546e-11,2.339624e-09,2.339624e-11
2.885864e+01,7.421492e-11,2.365598e-09,2.365598e-11
2.886153e+01,7.470965e-11,2.386311e-09,2.386311e-11
2.886441e+01,7.511542e-11,2.402239e-09,2.402239e-11
2.886730e+01,7.544044e-11,2.414287e-09,2.414287e-11
2.887019e+01,7.569444e-11,2.423742e-09,2.423742e-11
2.887308e+01,7.588616e-11,2.432205e-09,2.432205e-11
2.887596e+01,7.602446e-11,2.441497e-09,2.441497e-11
2.887885e+01,7.612065e-11,2.453551e-09,2.453551e-11
2.888174e+01,7.618805e-11,2.470269e-09,2.470269e-11
2.888463e+01,7.624212e-11,2.493361e-09,2.493361e-11
2.888752e+01,7.629971e-11,2.524184e-09,2.524184e-11
2.889040e+01,7.637726e-11,2.563602e-09,2.563602e-11
2.889329e+01,7.648873e-11,2.611885e-09,2.611885e-11
2.889618e+01,7.664520e-11,2.668675e-09,2.668675e-11
2.889907e+01,7.685570e-11,2.733009e-09,2.733009e-11
2.890196e+01,7.712735e-11,2.803428e-09,2.803428e-11
2.890484e+01,7.746772e-11,2.878123e-09,2.878123e-11
2.890773e+01,7.788544e-11,2.955086e-09,2.955086e-11
2.891062e+01,7.838805e-11,3.032275e-09,3.032275e-11
2.891351e+01,7.898162e-11,3.107781e-09,3.107781e-11
2.891640e+01,7.966722e-11,3.179923e-09,3.179923e-11
2.891928e+01,8.043940e-11,3.247319e-09,3.247319e-11
2.892217e+01,8.128842e-11,3.308925e-09,3.308925e-11
2.892506e+01,8.219956e-11,3.364051e-09,3.364051e-11
2.892795e+01,8.315585e-11,3.412327e-09,3.412327e-11
2.893083e+01,8.414089e-11,3.453650e-09,3.453650e-11
2.893372e+01,8.513902e-11,3.488129e-09,3.488129e-11
2.893661e+01,8.613565e-11,3.516040e-09,3.516040e-11
2.893950e+01,8.711703e-11,3.537774e-09,3.537774e-11
2.894239e+01,8.807071e-11,3.553820e-09,3.553820e-11
2.894527e+01,8.898543e-11,3.564737e-09,3.564737e-11
2.894816e+01,8.985227e-11,3.571154e-09,3.571154e-11
2.895105e+01,9.066718e-11,3.573769e-09,3.573769e-11
2.895394e+01,9.143089e-11,3.573351e-09,3.573351e-11
2.895683e+01,9.214791e-11,3.570719e-09,3.570719e-11
2.895971e+01,9.282608e-11,3.566719e-09,3.566719e-11
2.896260e+01,9.347432e-11,3.562185e-09,3.562185e-11
2.896549e+01,9.409963e-11,3.557888e-09,3.557888e-11
2.896838e+01,9.470633e-11,3.554491e-09,3.554491e-11
2.897127e+01,9.529641e-11,3.552500e-09,3.552500e-11
2.897415e+01,9.586726e-11,3.552202e-09,3.552202e-11
2.897704e+01,9.641185e-11,3.553640e-09,3.553640e-11
2.897993e+01,9.692075e-11,3.556614e-09,3.556614e-11
2.898282e+01,9.737967e-11,3.560642e-09,3.560642e-11
2.898570e+01,9.776898e-11,3.564955e-09,3.564955e-11
2.898859e+01,9.806612e-11,3.568545e-09,3.568545e-11
2.899148e+01,9.824684e-11,3.570187e-09,3.570187e-11
2.899437e+01,9.828640e-11,3.568472e-09,3.568472e-11
2.899726e+01,9.816251e-11,3.561878e-09,3.561878e-11
2.900014e+01,9.785758e-11,3.548857e-09,3.548857e-11
2.900303e+01,9.735839e-11,3.527904e-09,3.527904e-11
2.900592e+01,9.665598e-11,3.497618e-09,3.497618e-11
2.900881e+01,9.574550e-11,3.456798e-09,3.456798e-11
2.901170e+01,9.462551e-11,3.404546e-09,3.404546e-11
2.901458e+01,9.329882e-11,3.340322e-09,3.340322e-11
2.901747e+01,9.177270e-11,3.263992e-09,3.263992e-11
2.902036e+01,9.005991e-11,3.175893e-09,3.175893e-11
2.902325e+01,8.817915e-11,3.076843e-09,3.076843e-11
2.902613e+01,8.615338e-11,2.968131e-09,2.968131e-11
2.902902e+01,8.400943e-11,2.851477e-09,2.851477e-11
2.903191e+01,8.177610e-11,2.728994e-09,2.728994e-11
2.903480e+01,7.948303e-11,2.603115e-09,2.603115e-11
2.903769e+01,7.716186e-11,2.476504e-09,2.476504e-11
2.904057e+01,7.484682e-11,2.351967e-09,2.351967e-11
2.904346e+01,7.257704e-11,2.232388e-09,2.232388e-11
2.904635e+01,7.039699e-11,2.120646e-09,2.120646e-11
2.904924e+01,6.835585e-11,2.019543e-09,2.019543e-11
2.905213e+01,6.650598e-11,1.931748e-09,1.931748e-11
2.905501e+01,6.489878e-11,1.859684e-09,1.859684e-11
2.905790e+01,6.358257e-11,1.805403e-09,1.805403e-11
2.906079e+01,6.260018e-11,1.770455e-09,1.770455e-11
2.906368e+01,6.198707e-11,1.755777e-09,1.755777e-11
2.906657e+01,6.177282e-11,1.761650e-09,1.761650e-11
2.906945e+01,6.198058e-11,1.787719e-09,1.787719e-11
2.907234e+01,6.262513e-11,1.833099e-09,1.833099e-11
2.907523e+01,6.371200e-11,1.896545e-09,1.896545e-11
2.907812e+01,6.523552e-11,1.976622e-09,1.976622e-11
2.908100e+01,6.717745e-11,2.071812e-09,2.071812e-11
2.908389e+01,6.950744e-11,2.180591e-09,2.180591e-11
2.908678e+01,7.218459e-11,2.301446e-09,2.301446e-11
2.908967e+01,7.516091e-11,2.432858e-09,2.432858e-11
2.909256e+01,7.838579e-11,2.573268e-09,2.573268e-11
2.909544e+01,8.180744e-11,2.721031e-09,2.721031e-11
2.909833e+01,8.537372e-11,2.874369e-09,2.874369e-11
2.910122e+01,8.903346e-11,3.031353e-09,3.031353e-11
2.910411e+01,9.273419e-11,3.189884e-09,3.189884e-11
2.910700e+01,9.642203e-11,3.347709e-09,3.347709e-11
2.910988e+01,1.000432e-10,3.502463e-09,3.502463e-11
2.911277e+01,1.035436e-10,3.651718e-09,3.651718e-11
2.911566e+01,1.068728e-10,3.793056e-09,3.793056e-11
2.911855e+01,1.099848e-10,3.924157e-09,3.924157e-11
2.912144e+01,1.128379e-10,4.042868e-09,4.042868e-11
2.912432e+01,1.153953e-10,4.147289e-09,4.147289e-11
2.912721e+01,1.176245e-10,4.235831e-09,4.235831e-11
2.913010e+01,1.194961e-10,4.307253e-09,4.307253e-11
2.913299e+01,1.209847e-10,4.360684e-09,4.360684e-11
2.913587e+01,1.220720e-10,4.395652e-09,4.395652e-11
2.913876e+01,1.227493e-10,4.412075e-09,4.412075e-11
2.914165e+01,1.230180e-10,4.410224e-09,4.410224e-11
2.914454e+01,1.228905e-10,4.390711e-09,4.390711e-11
2.914743e+01,1.223908e-10,4.354478e-09,4.354478e-11
2.915031e+01,1.215522e-10,4.302776e-09,4.302776e-11
2.915320e+01,1.204136e-10,4.237134e-09,4.237134e-11
2.915609e+01,1.190175e-10,4.159315e-09,4.159315e-11
2.915898e+01,1.174077e-10,4.071285e-09,4.071285e-11
2.916187e+01,1.156284e-10,3.975170e-09,3.975170e-11
2.916475e+01,1.137229e-10,3.873183e-09,3.873183e-11
2.916764e+01,1.117313e-10,3.767539e-09,3.767539e-11
2.917053e+01,1.096907e-10,3.660371e-09,3.660371e-11
2.917342e+01,1.076321e-10,3.553621e-09,3.553621e-11
2.917630e+01,1.055793e-10,3.448923e-09,3.448923e-11
2.917919e+01,1.035498e-10,3.347536e-09,3.347536e-11
2.918208e+01,1.015545e-10,3.250308e-09,3.250308e-11
2.918497e+01,9.959928e-11,3.157674e-09,3.157674e-11
2.918786e+01,9.768771e-11,3.069729e-09,3.069729e-11
2.919074e+01,9.582113e-11,2.986332e-09,2.986332e-11
2.919363e+01,9.399989e-11,2.907242e-09,2.907242e-11
2.919652e+01,9.222478e-11,2.832251e-09,2.832251e-11
2.919941e+01,9.049680e-11,2.761291e-09,2.761291e-11
2.920230e+01,8.881670e-11,2.694491e-09,2.694491e-11
2.920518e+01,8.718615e-11,2.632207e-09,2.632207e-11
2.920807e+01,8.560916e-11,2.575005e-09,2.575005e-11
2.921096e+01,8.409120e-11,2.523602e-09,2.523602e-11
2.921385e+01,8.263895e-11,2.478799e-09,2.478799e-11
2.921674e+01,8.126006e-11,2.441423e-09,2.441423e-11
2.921962e+01,7.996152e-11,2.412240e-09,2.412240e-11
2.922251e+01,7.875061e-11,2.391901e-09,2.391901e-11
2.922540e+01,7.763519e-11,2.380900e-09,2.380900e-11
2.922829e+01,7.662331e-11,2.379491e-09,2.379491e-11
2.923117e+01,7.572548e-11,2.387636e-09,2.387636e-11
2.923406e+01,7.495469e-11,2.404970e-09,2.404970e-11
2.923695e+01,7.432530e-11,2.430768e-09,2.430768e-11
2.923984e+01,7.385182e-11,2.463944e-09,2.463944e-11
2.924273e+01,7.354591e-11,2.503092e-09,2.503092e-11
2.924561e+01,7.341497e-11,2.546563e-09,2.546563e-11
2.924850e+01,7.345986e-11,2.592542e-09,2.592542e-11
2.925139e+01,7.367442e-11,2.639162e-09,2.639162e-11
2.925428e+01,7.404726e-11,2.684633e-09,2.684633e-11
2.925717e+01,7.456086e-11,2.727334e-09,2.727334e-11
2.926005e+01,7.519160e-11,2.765873e-09,2.765873e-11
2.926294e+01,7.590995e-11,2.799112e-09,2.799112e-11
2.926583e+01,7.668045e-11,2.826163e-09,2.826163e-11
2.926872e+01,7.746260e-11,2.846396e-09,2.846396e-11
2.927161e+01,7.821304e-11,2.859401e-09,2.859401e-11
2.927449e+01,7.888908e-11,2.864944e-09,2.864944e-11
2.927738e+01,7.945257e-11,2.862965e-09,2.862965e-11
2.928027e+01,7.987357e-11,2.853567e-09,2.853567e-11
2.928316e+01,8.013221e-11,2.837008e-09,2.837008e-11
2.928604e+01,8.022021e-11,2.813747e-09,2.813747e-11
2.928893e+01,8.014045e-11,2.784453e-09,2.784453e-11
2.929182e+01,7.990382e-11,2.749946e-09,2.749946e-11
2.929471e+01,7.952783e-11,2.711170e-09,2.711170e-11
2.929760e+01,7.903691e-11,2.669164e-09,2.669164e-11
2.930048e+01,7.846080e-11,2.624986e-09,2.624986e-11
2.930337e+01,7.783236e-11,2.579617e-09,2.579617e-11
2.930626e+01,7.718675e-11,2.533908e-09,2.533908e-11
2.930915e+01,7.655858e-11,2.488545e-09,2.488545e-11
2.931204e+01,7.597862e-11,2.444027e-09,2.444027e-11
2.931492e+01,7.547137e-11,2.400706e-09,2.400706e-11
2.931781e+01,7.505428e-11,2.358862e-09,2.358862e-11
2.932070e+01,7.473846e-11,2.318769e-09,2.318769e-11
2.932359e+01,7.452982e-11,2.280773e-09,2.280773e-11
2.932647e+01,7.443147e-11,2.245409e-09,2.245409e-11
2.932936e+01,7.444671e-11,2.213467e-09,2.213467e-11
2.933225e+01,7.457905e-11,2.186005e-09,2.186005e-11
2.933514e+01,7.483117e-11,2.164335e-09,2.164335e-11
2.933803e+01,7.520482e-11,2.149964e-09,2.149964e-11
2.934091e+01,7.569900e-11,2.144446e-09,2.144446e-11
2.934380e+01,7.630997e-11,2.149221e-09,2.149221e-11
2.934669e+01,7.703269e-11,2.165460e-09,2.165460e-11
2.934958e+01,7.786078e-11,2.193873e-09,2.193873e-11
2.935247e+01,7.878720e-11,2.234567e-09,2.234567e-11
2.935535e+01,7.980415e-11,2.287000e-09,2.287000e-11
2.935824e+01,8.090103e-11,2.349982e-09,2.349982e-11
2.936113e+01,8.206314e-11,2.421751e-09,2.421751e-11
2.936402e+01,8.327092e-11,2.500123e-09,2.500123e-11
2.936691e+01,8.449985e-11,2.582642e-09,2.582642e-11
2.936979e+01,8.572152e-11,2.666720e-09,2.666720e-11
2.937268e+01,8.690654e-11,2.749801e-09,2.749801e-11
2.937557e+01,8.802726e-11,2.829492e-09,2.829492e-11
2.937846e+01,8.905858e-11,2.903641e-09,2.903641e-11
2.938134e+01,8.997843e-11,2.970392e-09,2.970392e-11
2.938423e+01,9.076737e-11,3.028205e-09,3.028205e-11
2.938712e+01,9.140890e-11,3.075891e-09,3.075891e-11
2.939001e+01,9.188863e-11,3.112621e-09,3.112621e-11
2.939290e+01,9.219456e-11,3.137898e-09,3.137898e-11
2.939578e+01,9.231916e-11,3.151536e-09,3.151536e-11
2.939867e+01,9.225897e-11,3.153652e-09,3.153652e-11
2.940156e+01,9.201591e-11,3.144652e-09,3.144652e-11
2.940445e+01,9.159835e-11,3.125217e-09,3.125217e-11
2.940734e+01,9.101864e-11,3.096289e-09,3.096289e-11
2.941022e+01,9.029273e-11,3.059033e-09,3.059033e-11
2.941311e+01,8.944104e-11,3.014833e-09,3.014833e-11
2.941600e+01,8.848834e-11,2.965299e-09,2.965299e-11
2.941889e+01,8.746490e-11,2.912241e-09,2.912241e-11
2.942178e+01,8.640613e-11,2.857661e-09,2.857661e-11
2.942466e+01,8.535187e-11,2.803751e-09,2.803751e-11
2.942755e+01,8.434530e-11,2.752845e-09,2.752845e-11
2.943044e+01,8.342949e-11,2.707350e-09,2.707350e-11
2.943333e+01,8.264541e-11,2.669665e-09,2.669665e-11
2.943621e+01,8.203056e-11,2.642066e-09,2.642066e-11
2.943910e+01,8.161771e-11,2.626555e-09,2.626555e-11
2.944199e+01,8.143463e-11,2.624725e-09,2.624725e-11
2.944488e+01,8.150417e-11,2.637653e-09,2.637653e-11
2.944777e+01,8.184389e-11,2.665831e-09,2.665831e-11
2.945065e+01,8.246520e-11,2.709137e-09,2.709137e-11
2.945354e+01,8.337155e-11,2.766886e-09,2.766886e-11
2.945643e+01,8.455841e-11,2.837923e-09,2.837923e-11
2.945932e+01,8.601439e-11,2.920723e-09,2.920723e-11
2.946221e+01,8.772162e-11,3.013488e-09,3.013488e-11
2.946509e+01,8.965897e-11,3.114261e-09,3.114261e-11
2.946798e+01,9.180405e-11,3.220985e-09,3.220985e-11
2.947087e+01,9.413273e-11,3.331562e-09,3.331562e-11
2.947376e+01,9.661989e-11,3.443894e-09,3.443894e-11
2.947664e+01,9.923849e-11,3.555916e-09,3.555916e-11
2.947953e+01,1.019571e-10,3.665626e-09,3.665626e-11
2.948242e+01,1.047392e-10,3.771110e-09,3.771110e-11
2.948531e+01,1.075434e-10,3.870569e-09,3.870569e-11
2.948820e+01,1.103242e-10,3.962319e-09,3.962319e-11
2.949108e+01,1.130335e-10,4.044821e-09,4.044821e-11
2.949397e+01,1.156230e-10,4.116706e-09,4.116706e-11
2.949686e+01,1.180437e-10,4.176769e-09,4.176769e-11
2.949975e+01,1.202468e-10,4.223971e-09,4.223971e-11
2.950264e+01,1.221846e-10,4.257476e-09,4.257476e-11
2.950552e+01,1.238126e-10,4.276664e-09,4.276664e-11
2.950841e+01,1.250908e-10,4.281139e-09,4.281139e-11
2.951130e+01,1.259868e-10,4.270786e-09,4.270786e-11
2.951419e+01,1.264804e-10,4.245815e-09,4.245815e-11
2.951708e+01,1.265641e-10,4.206771e-09,4.206771e-11
2.951996e+01,1.262415e-10,4.154518e-09,4.154518e-11
2.952285e+01,1.255262e-10,4.090242e-09,4.090242e-11
2.952574e+01,1.244392e-10,4.015390e-09,4.015390e-11
2.952863e+01,1.230070e-10,3.931601e-09,3.931601e-11
2.953151e+01,1.212593e-10,3.840638e-09,3.840638e-11
2.953440e+01,1.192287e-10,3.744275e-09,3.744275e-11
2.953729e+01,1.169510e-10,3.644213e-09,3.644213e-11
2.954018e+01,1.144651e-10,3.542051e-09,3.542051e-11
2.954307e+01,1.118116e-10,3.439239e-09,3.439239e-11
2.954595e+01,1.090328e-10,3.337090e-09,3.337090e-11
2.954884e+01,1.061706e-10,3.236842e-09,3.236842e-11
2.955173e+01,1.032658e-10,3.139727e-09,3.139727e-11
2.955462e+01,1.003599e-10,3.047025e-09,3.047025e-11
2.955751e+01,9.749741e-11,2.960151e-09,2.960151e-11
2.956039e+01,9.472953e-11,2.880681e-09,2.880681e-11
2.956328e+01,9.211551e-11,2.810290e-09,2.810290e-11
2.956617e+01,8.972179e-11,2.750636e-09,2.750636e-11
2.956906e+01,8.762050e-11,2.703215e-09,2.703215e-11
2.957195e+01,8.588574e-11,2.669177e-09,2.669177e-11
2.957483e+01,8.458781e-11,2.649179e-09,2.649179e-11
2.957772e+01,8.378925e-11,2.643313e-09,2.643313e-11
2.958061e+01,8.354155e-11,2.651159e-09,2.651159e-11
2.958350e+01,8.388269e-11,2.671975e-09,2.671975e-11
2.958638e+01,8.483567e-11,2.704973e-09,2.704973e-11
2.958927e+01,8.640669e-11,2.749597e-09,2.749597e-11
2.959216e+01,8.858481e-11,2.805768e-09,2.805768e-11
2.959505e+01,9.133917e-11,2.873976e-09,2.873976e-11
2.959794e+01,9.461723e-11,2.955198e-09,2.955198e-11
2.960082e+01,9.834615e-11,3.050691e-09,3.050691e-11
2.960371e+01,1.024351e-10,3.161655e-09,3.161655e-11
2.960660e+01,1.067805e-10,3.288822e-09,3.288822e-11
2.960949e+01,1.112709e-10,3.432084e-09,3.432084e-11
2.961238e+01,1.157921e-10,3.590268e-09,3.590268e-11
2.961526e+01,1.202332e-10,3.761047e-09,3.761047e-11
2.961815e+01,1.244888e-10,3.940994e-09,3.940994e-11
2.962104e+01,1.284608e-10,4.125789e-09,4.125789e-11
2.962393e+01,1.320608e-10,4.310520e-09,4.310520e-11
2.962681e+01,1.352105e-10,4.489998e-09,4.489998e-11
2.962970e+01,1.378444e-10,4.659057e-09,4.659057e-11
2.963259e+01,1.399127e-10,4.812843e-09,4.812843e-11
2.963548e+01,1.413793e-10,4.947025e-09,4.947025e-11
2.963837e+01,1.422240e-10,5.057959e-09,5.057959e-11
2.964125e+01,1.424410e-10,5.142796e-09,5.142796e-11
2.964414e+01,1.420364e-10,5.199542e-09,5.199542e-11
2.964703e+01,1.410272e-10,5.227053e-09,5.227053e-11
2.964992e+01,1.394409e-10,5.225013e-09,5.225013e-11
2.965281e+01,1.373137e-10,5.193878e-09,5.193878e-11
2.965569e+01,1.346909e-10,5.134814e-09,5.134814e-11
2.965858e+01,1.316278e-10,5.049606e-09,5.049606e-11
2.966147e+01,1.281874e-10,4.940579e-09,4.940579e-11
2.966436e+01,1.244378e-10,4.810519e-09,4.810519e-11
2.966725e+01,1.204511e-10,4.662577e-09,4.662577e-11
2.967013e+01,1.163012e-10,4.500185e-09,4.500185e-11
2.967302e+01,1.120611e-10,4.326982e-09,4.326982e-11
2.967591e+01,1.078019e-10,4.146747e-09,4.146747e-11
2.967880e+01,1.035925e-10,3.963317e-09,3.963317e-11
2.968168e+01,9.949867e-11,3.780523e-09,3.780523e-11
2.968457e+01,9.558051e-11,3.602102e-09,3.602102e-11
2.968746e+01,9.189061e-11,3.431606e-09,3.431606e-11
2.969035e+01,8.847336e-11,3.272305e-09,3.272305e-11
2.969324e+01,8.536319e-11,3.127096e-09,3.127096e-11
2.969612e+01,8.258342e-11,2.998365e-09,2.998365e-11
2.969901e+01,8.014759e-11,2.887878e-09,2.887878e-11
2.970190e+01,7.806147e-11,2.796694e-09,2.796694e-11
2.970479e+01,7.632269e-11,2.725108e-09,2.725108e-11
2.970768e+01,7.492140e-11,2.672618e-09,2.672618e-11
2.971056e+01,7.384141e-11,2.638012e-09,2.638012e-11
2.971345e+01,7.305973e-11,2.619466e-09,2.619466e-11
2.971634e+01,7.254669e-11,2.614654e-09,2.614654e-11
2.971923e+01,7.226805e-11,2.620930e-09,2.620930e-11
2.972212e+01,7.218858e-11,2.635528e-09,2.635528e-11
2.972500e+01,7.227349e-11,2.655689e-09,2.655689e-11
2.972789e+01,7.249043e-11,2.678774e-09,2.678774e-11
2.973078e+01,7.281185e-11,2.702384e-09,2.702384e-11
2.973367e+01,7.321437e-11,2.724458e-09,2.724458e-11
2.973655e+01,7.367809e-11,2.743334e-09,2.743334e-11
2.973944e+01,7.418773e-11,2.757828e-09,2.757828e-11
2.974233e+01,7.473264e-11,2.767299e-09,2.767299e-11
2.974522e+01,7.530851e-11,2.771740e-09,2.771740e-11
2.974811e+01,7.591839e-11,2.771862e-09,2.771862e-11
2.975099e+01,7.657280e-11,2.769172e-09,2.769172e-11
2.975388e+01,7.728950e-11,2.766012e-09,2.766012e-11
2.975677e+01,7.808941e-11,2.765561e-09,2.765561e-11
2.975966e+01,7.899479e-11,2.771753e-09,2.771753e-11
2.976255e+01,8.002529e-11,2.789046e-09,2.789046e-11
2.976543e+01,8.119459e-11,2.822031e-09,2.822031e-11
2.976832e+01,8.251183e-11,2.874914e-09,2.874914e-11
2.977121e+01,8.398108e-11,2.950943e-09,2.950943e-11
2.977410e+01,8.560248e-11,3.051878e-09,3.051878e-11
2.977699e+01,8.737258e-11,3.177690e-09,3.177690e-11
2.977987e+01,8.928256e-11,3.326516e-09,3.326516e-11
2.978276e+01,9.131875e-11,3.494864e-09,3.494864e-11
2.978565e+01,9.346126e-11,3.678003e-09,3.678003e-11
2.978854e+01,9.568375e-11,3.870402e-09,3.870402e-11
2.979142e+01,9.795533e-11,4.066122e-09,4.066122e-11
2.979431e+01,1.002422e-10,4.259146e-09,4.259146e-11
2.979720e+01,1.025113e-10,4.443627e-09,4.443627e-11
2.980009e+01,1.047321e-10,4.614071e-09,4.614071e-11
2.980298e+01,1.068766e-10,4.765474e-09,4.765474e-11
2.980586e+01,1.089203e-10,4.893424e-09,4.893424e-11
2.980875e+01,1.108413e-10,4.994182e-09,4.994182e-11
2.981164e+01,1.126187e-10,5.064755e-09,5.064755e-11
2.981453e+01,1.142340e-10,5.102968e-09,5.102968e-11
2.981742e+01,1.156718e-10,5.107554e-09,5.107554e-11
2.982030e+01,1.169202e-10,5.078224e-09,5.078224e-11
2.982319e+01,1.179724e-10,5.015761e-09,5.015761e-11
2.982608e+01,1.188276e-10,4.922093e-09,4.922093e-11
2.982897e+01,1.194893e-10,4.800369e-09,4.800369e-11
2.983185e+01,1.199664e-10,4.655005e-09,4.655005e-11
2.983474e+01,1.202716e-10,4.491691e-09,4.491691e-11
2.983763e+01,1.204212e-10,4.317305e-09,4.317305e-11
2.984052e+01,1.204363e-10,4.139729e-09,4.139729e-11
2.984341e+01,1.203426e-10,3.967500e-09,3.967500e-11
2.984629e+01,1.201706e-10,3.809229e-09,3.809229e-11
2.984918e+01,1.199544e-10,3.672815e-09,3.672815e-11
2.985207e+01,1.197295e-10,3.564496e-09,3.564496e-11
2.985496e+01,1.195306e-10,3.487932e-09,3.487932e-11
2.985785e+01,1.193886e-10,3.443630e-09,3.443630e-11
2.986073e+01,1.193284e-10,3.428933e-09,3.428933e-11
2.986362e+01,1.193694e-10,3.438637e-09,3.438637e-11
2.986651e+01,1.195237e-10,3.466055e-09,3.466055e-11
2.986940e+01,1.197953e-10,3.504160e-09,3.504160e-11
2.987229e+01,1.201804e-10,3.546541e-09,3.546541e-11
2.987517e+01,1.206645e-10,3.588011e-09,3.588011e-11
2.987806e+01,1.212230e-10,3.624864e-09,3.624864e-11
2.988095e+01,1.218220e-10,3.654867e-09,3.654867e-11
2.988384e+01,1.224187e-10,3.677036e-09,3.677036e-11
2.988672e+01,1.229643e-10,3.691301e-09,3.691301e-11
2.988961e+01,1.234071e-10,3.698136e-09,3.698136e-11
2.989250e+01,1.236974e-10,3.698220e-09,3.698220e-11
2.989539e+01,1.237888e-10,3.692149e-09,3.692149e-11
2.989828e+01,1.236390e-10,3.680231e-09,3.680231e-11
2.990116e+01,1.232126e-10,3.662417e-09,3.662417e-11
2.990405e+01,1.224833e-10,3.638356e-09,3.638356e-11
2.990694e+01,1.214338e-10,3.607491e-09,3.607491e-11
2.990983e+01,1.200573e-10,3.569210e-09,3.569210e-11
2.991272e+01,1.183599e-10,3.523046e-09,3.523046e-11
2.991560e+01,1.163613e-10,3.468832e-09,3.468832e-11
2.991849e+01,1.140920e-10,3.406807e-09,3.406807e-11
2.992138e+01,1.115914e-10,3.337679e-09,3.337679e-11
2.992427e+01,1.089062e-10,3.262635e-09,3.262635e-11
2.992716e+01,1.060872e-10,3.183311e-09,3.183311e-11
2.993004e+01,1.031872e-10,3.101714e-09,3.101714e-11
2.993293e+01,1.002601e-10,3.020092e-09,3.020092e-11
2.993582e+01,9.735869e-11,2.940793e-09,2.940793e-11
2.993871e+01,9.453554e-11,2.866128e-09,2.866128e-11
2.994159e+01,9.184006e-11,2.798201e-09,2.798201e-11
2.994448e+01,8.931591e-11,2.738752e-09,2.738752e-11
2.994737e+01,8.699961e-11,2.689042e-09,2.689042e-11
2.995026e+01,8.491924e-11,2.649774e-09,2.649774e-11
2.995315e+01,8.309417e-11,2.621037e-09,2.621037e-11
2.995603e+01,8.153570e-11,2.602337e-09,2.602337e-11
2.995892e+01,8.024989e-11,2.592705e-09,2.592705e-11
2.996181e+01,7.924014e-11,2.590819e-09,2.590819e-11
2.996470e+01,7.850681e-11,2.595173e-09,2.595173e-11
2.996759e+01,7.804758e-11,2.604266e-09,2.604266e-11
2.997047e+01,7.785673e-11,2.616746e-09,2.616746e-11
2.997336e+01,7.792273e-11,2.631544e-09,2.631544e-11
2.997625e+01,7.823008e-11,2.647992e-09,2.647992e-11
2.997914e+01,7.876043e-11,2.665857e-09,2.665857e-11
2.998202e+01,7.949278e-11,2.685347e-09,2.685347e-11
2.998491e+01,8.040843e-11,2.707121e-09,2.707121e-11
2.998780e+01,8.149208e-11,2.732224e-09,2.732224e-11
2.999069e+01,8.272971e-11,2.761957e-09,2.761957e-11
2.999358e+01,8.410821e-11,2.797735e-09,2.797735e-11
2.999646e+01,8.561472e-11,2.840956e-09,2.840956e-11
2.999935e+01,8.723568e-11,2.892838e-09,2.892838e-11
3.000224e+01,8.895587e-11,2.954233e-09,2.954233e-11
3.000513e+01,9.075967e-11,3.025497e-09,3.025497e-11
3.000802e+01,9.263322e-11,3.106449e-09,3.106449e-11
3.001090e+01,9.456449e-11,3.196336e-09,3.196336e-11
3.001379e+01,9.654308e-11,3.293879e-09,3.293879e-11
3.001668e+01,9.855921e-11,3.397372e-09,3.397372e-11
3.001957e+01,1.006004e-10,3.504790e-09,3.504790e-11
3.002246e+01,1.026499e-10,3.613911e-09,3.613911e-11
3.002534e+01,1.046871e-10,3.722462e-09,3.722462e-11
3.002823e+01,1.066884e-10,3.828230e-09,3.828230e-11
3.003112e+01,1.086272e-10,3.929138e-09,3.929138e-11
3.003401e+01,1.104757e-10,4.023311e-09,4.023311e-11
3.003689e+01,1.122065e-10,4.109128e-09,4.109128e-11
3.003978e+01,1.137917e-10,4.185236e-09,4.185236e-11
3.004267e+01,1.152026e-10,4.250553e-09,4.250553e-11
3.004556e+01,1.164105e-10,4.304272e-09,4.304272e-11
3.004845e+01,1.173867e-10,4.345852e-09,4.345852e-11
3.005133e+01,1.181057e-10,4.375003e-09,4.375003e-11
3.005422e+01,1.185463e-10,4.391695e-09,4.391695e-11
3.005711e+01,1.186948e-10,4.396153e-09,4.396153e-11
3.006000e+01,1.185450e-10,4.388839e-09,4.388839e-11
3.006289e+01,1.180971e-10,4.370425e-09,4.370425e-11
3.006577e+01,1.173569e-10,4.341762e-09,4.341762e-11
3.006866e+01,1.163351e-10,4.303846e-09,4.303846e-11
3.007155e+01,1.150464e-10,4.257735e-09,4.257735e-11
3.007444e+01,1.135105e-10,4.204456e-09,4.204456e-11
3.007733e+01,1.117523e-10,4.144929e-09,4.144929e-11
3.008021e+01,1.098028e-10,4.079902e-09,4.079902e-11
3.008310e+01,1.076989e-10,4.009900e-09,4.009900e-11
3.008599e+01,1.054814e-10,3.935209e-09,3.935209e-11
3.008888e+01,1.031936e-10,3.855909e-09,3.855909e-11
3.009176e+01,1.008777e-10,3.771936e-09,3.771936e-11
3.009465e+01,9.857367e-11,3.683167e-09,3.683167e-11
3.009754e+01,9.631919e-11,3.589547e-09,3.589547e-11
3.010043e+01,9.415046e-11,3.491209e-09,3.491209e-11
3.010332e+01,9.210224e-11,3.388583e-09,3.388583e-11
3.010620e+01,9.020790e-11,3.282487e-09,3.282487e-11
3.010909e+01,8.849793e-11,3.174172e-09,3.174172e-11
3.011198e+01,8.699797e-11,3.065339e-09,3.065339e-11
3.011487e+01,8.572711e-11,2.958157e-09,2.958157e-11
3.011776e+01,8.469746e-11,2.855215e-09,2.855215e-11
3.012064e+01,8.391356e-11,2.759410e-09,2.759410e-11
3.012353e+01,8.337329e-11,2.673806e-09,2.673806e-11
3.012642e+01,8.307202e-11,2.601465e-09,2.601465e-11
3.012931e+01,8.300263e-11,2.545195e-09,2.545195e-11
3.013219e+01,8.315571e-11,2.507244e-09,2.507244e-11
3.013508e+01,8.352185e-11,2.489028e-09,2.489028e-11
3.013797e+01,8.408911e-11,2.490929e-09,2.490929e-11
3.014086e+01,8.484356e-11,2.512206e-09,2.512206e-11
3.014375e+01,8.577073e-11,2.551071e-09,2.551071e-11
3.014663e+01,8.685524e-11,2.604889e-09,2.604889e-11
3.014952e+01,8.808304e-11,2.670459e-09,2.670459e-11
3.015241e+01,8.944037e-11,2.744313e-09,2.744313e-11
3.015530e+01,9.091327e-11,2.822975e-09,2.822975e-11
3.015819e+01,9.248749e-11,2.903173e-09,2.903173e-11
3.016107e+01,9.414562e-11,2.981973e-09,2.981973e-11
3.016396e+01,9.586690e-11,3.056872e-09,3.056872e-11
3.016685e+01,9.762865e-11,3.125848e-09,3.125848e-11
3.016974e+01,9.940620e-11,3.187380e-09,3.187380e-11
3.017263e+01,1.011748e-10,3.240444e-09,3.240444e-11
3.017551e+01,1.029119e-10,3.284512e-09,3.284512e-11
3.017840e+01,1.045975e-10,3.319541e-09,3.319541e-11
3.018129e+01,1.062136e-10,3.345948e-09,3.345948e-11
3.018418e+01,1.077448e-10,3.364582e-09,3.364582e-11
3.018706e+01,1.091774e-10,3.376666e-09,3.376666e-11
3.018995e+01,1.105008e-10,3.383732e-09,3.383732e-11
3.019284e+01,1.117078e-10,3.387538e-09,3.387538e-11
3.019573e+01,1.127958e-10,3.389953e-09,3.389953e-11
3.019862e+01,1.137670e-10,3.392827e-09,3.392827e-11
3.020150e+01,1.146267e-10,3.397868e-09,3.397868e-11
3.020439e+01,1.153817e-10,3.406524e-09,3.406524e-11
3.020728e+01,1.160375e-10,3.419903e-09,3.419903e-11
3.021017e+01,1.165968e-10,3.438727e-09,3.438727e-11
3.021306e+01,1.170591e-10,3.463313e-09,3.463313e-11
3.021594e+01,1.174215e-10,3.493586e-09,3.493586e-11
3.021883e+01,1.176802e-10,3.529113e-09,3.529113e-11
3.022172e+01,1.178323e-10,3.569154e-09,3.569154e-11
3.022461e+01,1.178774e-10,3.612720e-09,3.612720e-11
3.022750e+01,1.178163e-10,3.658625e-09,3.658625e-11
3.023038e+01,1.176507e-10,3.705544e-09,3.705544e-11
3.023327e+01,1.173847e-10,3.752061e-09,3.752061e-11
3.023616e+01,1.170238e-10,3.796745e-09,3.796745e-11
3.023905e+01,1.165758e-10,3.838224e-09,3.838224e-11
3.024193e+01,1.160510e-10,3.875253e-09,3.875253e-11
3.024482e+01,1.154638e-10,3.906778e-09,3.906778e-11
3.024771e+01,1.148305e-10,3.932008e-09,3.932008e-11
3.025060e+01,1.141672e-10,3.950466e-09,3.950466e-11
3.025349e+01,1.134886e-10,3.962009e-09,3.962009e-11
3.025637e+01,1.128050e-10,3.966824e-09,3.966824e-11
3.025926e+01,1.121218e-10,3.965371e-09,3.965371e-11
3.026215e+01,1.114396e-10,3.958302e-09,3.958302e-11
3.026504e+01,1.107561e-10,3.946372e-09,3.946372e-11
3.026793e+01,1.100686e-10,3.930345e-09,3.930345e-11
3.027081e+01,1.093755e-10,3.910909e-09,3.910909e-11
3.027370e+01,1.086765e-10,3.888631e-09,3.888631e-11
3.027659e+01,1.079730e-10,3.863969e-09,3.863969e-11
3.027948e+01,1.072682e-10,3.837301e-09,3.837301e-11
3.028236e+01,1.065660e-10,3.809000e-09,3.809000e-11
3.028525e+01,1.058732e-10,3.779509e-09,3.779509e-11
3.028814e+01,1.052002e-10,3.749389e-09,3.749389e-11
3.029103e+01,1.045598e-10,3.719337e-09,3.719337e-11
3.029392e+01,1.039675e-10,3.690141e-09,3.690141e-11
3.029680e+01,1.034387e-10,3.662598e-09,3.662598e-11
3.029969e+01,1.029852e-10,3.637410e-09,3.637410e-11
3.030258e+01,1.026132e-10,3.615038e-09,3.615038e-11
3.030547e+01,1.023197e-10,3.595579e-09,3.595579e-11
3.030836e+01,1.020929e-10,3.578690e-09,3.578690e-11
3.031124e+01,1.019141e-10,3.563560e-09,3.563560e-11
3.031413e+01,1.017588e-10,3.548924e-09,3.548924e-11
3.031702e+01,1.016005e-10,3.533198e-09,3.533198e-11
3.031991e+01,1.014140e-10,3.514653e-09,3.514653e-11
3.032280e+01,1.011756e-10,3.491590e-09,3.491590e-11
3.032568e+01,1.008657e-10,3.462542e-09,3.462542e-11
3.032857e+01,1.004705e-10,3.426488e-09,3.426488e-11
3.033146e+01,9.998323e-11,3.383000e-09,3.383000e-11
3.033435e+01,9.940649e-11,3.332325e-09,3.332325e-11
3.033723e+01,9.875342e-11,3.275403e-09,3.275403e-11
3.034012e+01,9.804828e-11,3.213845e-09,3.213845e-11
3.034301e+01,9.732465e-11,3.149822e-09,3.149822e-11
3.034590e+01,9.662374e-11,3.085891e-09,3.085891e-11
3.034879e+01,9.599049e-11,3.024797e-09,3.024797e-11
3.035167e+01,9.547015e-11,2.969273e-09,2.969273e-11
3.035456e+01,9.510586e-11,2.921839e-09,2.921839e-11
3.035745e+01,9.493635e-11,2.884618e-09,2.884618e-11
3.036034e+01,9.499558e-11,2.859210e-09,2.859210e-11
3.036323e+01,9.531155e-11,2.846647e-09,2.846647e-11
3.036611e+01,9.590514e-11,2.847408e-09,2.847408e-11
3.036900e+01,9.678956e-11,2.861493e-09,2.861493e-11
3.037189e+01,9.797068e-11,2.888531e-09,2.888531e-11
3.037478e+01,9.944659e-11,2.927891e-09,2.927891e-11
3.037767e+01,1.012076e-10,2.978781e-09,2.978781e-11
3.038055e+01,1.032385e-10,3.040317e-09,3.040317e-11
3.038344e+01,1.055199e-10,3.111563e-09,3.111563e-11
3.038633e+01,1.080283e-10,3.191537e-09,3.191537e-11
3.038922e+01,1.107354e-10,3.279181e-09,3.279181e-11
3.039210e+01,1.136076e-10,3.373353e-09,3.373353e-11
3.039499e+01,1.166055e-10,3.472817e-09,3.472817e-11
3.039788e+01,1.196837e-10,3.576226e-09,3.576226e-11
3.040077e+01,1.227901e-10,3.682089e-09,3.682089e-11
3.040366e+01,1.258673e-10,3.788775e-09,3.788775e-11
3.040654e+01,1.288559e-10,3.894520e-09,3.894520e-11
3.040943e+01,1.316964e-10,3.997441e-09,3.997441e-11
3.041232e+01,1.343286e-10,4.095554e-09,4.095554e-11
3.041521e+01,1.366938e-10,4.186819e-09,4.186819e-11
3.041810e+01,1.387357e-10,4.269204e-09,4.269204e-11
3.042098e+01,1.404015e-10,4.340755e-09,4.340755e-11
3.042387e+01,1.416438e-10,4.399669e-09,4.399669e-11
3.042676e+01,1.424234e-10,4.444349e-09,4.444349e-11
3.042965e+01,1.427108e-10,4.473462e-09,4.473462e-11
3.043253e+01,1.424885e-10,4.485970e-09,4.485970e-11
3.043542e+01,1.417509e-10,4.481145e-09,4.481145e-11
3.043831e+01,1.405010e-10,4.458565e-09,4.458565e-11
3.044120e+01,1.387502e-10,4.418109e-09,4.418109e-11
3.044409e+01,1.365178e-10,4.359968e-09,4.359968e-11
3.044697e+01,1.338287e-10,4.284644e-09,4.284644e-11
3.044986e+01,1.307135e-10,4.192925e-09,4.192925e-11
3.045275e+01,1.272094e-10,4.085886e-09,4.085886e-11
3.045564e+01,1.233607e-10,3.964917e-09,3.964917e-11
3.045853e+01,1.192187e-10,3.831749e-09,3.831749e-11
3.046141e+01,1.148404e-10,3.688410e-09,3.688410e-11
3.046430e+01,1.102845e-10,3.537212e-09,3.537212e-11
3.046719e+01,1.056111e-10,3.380742e-09,3.380742e-11
3.047008e+01,1.008815e-10,3.221799e-09,3.221799e-11
3.047297e+01,9.615553e-11,3.063305e-09,3.063305e-11
3.047585e+01,9.149388e-11,2.908220e-09,2.908220e-11
3.047874e+01,8.695808e-11,2.759445e-09,2.759445e-11
3.048163e+01,8.260782e-11,2.619680e-09,2.619680e-11
3.048452e+01,7.850045e-11,2.491290e-09,2.491290e-11
3.048740e+01,7.468674e-11,2.376175e-09,2.376175e-11
3.049029e+01,7.120792e-11,2.275669e-09,2.275669e-11
3.049318e+01,6.809507e-11,2.190455e-09,2.190455e-11
3.049607e+01,6.536950e-11,2.120549e-09,2.120549e-11
3.049896e+01,6.304377e-11,2.065324e-09,2.065324e-11
3.050184e+01,6.112335e-11,2.023633e-09,2.023633e-11
3.050473e+01,5.960969e-11,1.993995e-09,1.993995e-11
3.050762e+01,5.850038e-11,1.974788e-09,1.974788e-11
3.051051e+01,5.778859e-11,1.964437e-09,1.964437e-11
3.051340e+01,5.746259e-11,1.961587e-09,1.961587e-11
3.051628e+01,5.750495e-11,1.965239e-09,1.965239e-11
3.051917e+01,5.789446e-11,1.974817e-09,1.974817e-11
3.052206e+01,5.860744e-11,1.990181e-09,1.990181e-11
3.052495e+01,5.961877e-11,2.011579e-09,2.011579e-11
3.052784e+01,6.090428e-11,2.039567e-09,2.039567e-11
3.053072e+01,6.244051e-11,2.074882e-09,2.074882e-11
3.053361e+01,6.420291e-11,2.118291e-09,2.118291e-11
3.053650e+01,6.616554e-11,2.170443e-09,2.170443e-11
3.053939e+01,6.829960e-11,2.231711e-09,2.231711e-11
3.054227e+01,7.057200e-11,2.302085e-09,2.302085e-11
3.054516e+01,7.294808e-11,2.381128e-09,2.381128e-11
3.054805e+01,7.539332e-11,2.467968e-09,2.467968e-11
3.055094e+01,7.787448e-11,2.561340e-09,2.561340e-11
3.055383e+01,8.036098e-11,2.659664e-09,2.659664e-11
3.055671e+01,8.282390e-11,2.761141e-09,2.761141e-11
3.055960e+01,8.523675e-11,2.863853e-09,2.863853e-11
3.056249e+01,8.757444e-11,2.965842e-09,2.965842e-11
3.056538e+01,8.981272e-11,3.065178e-09,3.065178e-11
3.056827e+01,9.192922e-11,3.160025e-09,3.160025e-11
3.057115e+01,9.390443e-11,3.248683e-09,3.248683e-11
3.057404e+01,9.572268e-11,3.329596e-09,3.329596e-11
3.057693e+01,9.737011e-11,3.401362e-09,3.401362e-11
3.057982e+01,9.883527e-11,3.462758e-09,3.462758e-11
3.058271e+01,1.001083e-10,3.512749e-09,3.512749e-11
3.058559e+01,1.011787e-10,3.550499e-09,3.550499e-11
3.058848e+01,1.020365e-10,3.575384e-09,3.575384e-11
3.059137e+01,1.026737e-10,3.587028e-09,3.587028e-11
3.059426e+01,1.030855e-10,3.585344e-09,3.585344e-11
3.059714e+01,1.032724e-10,3.570571e-09,3.570571e-11
3.060003e+01,1.032401e-10,3.543285e-09,3.543285e-11
3.060292e+01,1.029994e-10,3.504457e-09,3.504457e-11
3.060581e+01,1.025663e-10,3.455483e-09,3.455483e-11
3.060870e+01,1.019588e-10,3.398166e-09,3.398166e-11
3.061158e+01,1.011971e-10,3.334696e-09,3.334696e-11
3.061447e+01,1.003052e-10,3.267623e-09,3.267623e-11
3.061736e+01,9.931096e-11,3.199771e-09,3.199771e-11
3.062025e+01,9.824458e-11,3.134094e-09,3.134094e-11
3.062314e+01,9.713965e-11,3.073527e-09,3.073527e-11
3.062602e+01,9.603164e-11,3.020795e-09,3.020795e-11
3.062891e+01,9.495392e-11,2.978186e-09,2.978186e-11
3.063180e+01,9.393655e-11,2.947348e-09,2.947348e-11
3.063469e+01,9.300544e-11,2.929135e-09,2.929135e-11
3.063757e+01,9.218184e-11,2.923543e-09,2.923543e-11
3.064046e+01,9.148401e-11,2.929734e-09,2.929734e-11
3.064335e+01,9.092692e-11,2.946159e-09,2.946159e-11
3.064624e+01,9.052233e-11,2.970746e-09,2.970746e-11
3.064913e+01,9.027961e-11,3.001129e-09,3.001129e-11
3.065201e+01,9.020405e-11,3.034858e-09,3.034858e-11
3.065490e+01,9.029492e-11,3.069585e-09,3.069585e-11
3.065779e+01,9.054437e-11,3.103176e-09,3.103176e-11
3.066068e+01,9.093771e-11,3.133795e-09,3.133795e-11
3.066357e+01,9.145555e-11,3.159964e-09,3.159964e-11
3.066645e+01,9.207560e-11,3.180605e-09,3.180605e-11
3.066934e+01,9.277383e-11,3.195022e-09,3.195022e-11
3.067223e+01,9.352463e-11,3.202903e-09,3.202903e-11
3.067512e+01,9.430128e-11,3.204332e-09,3.204332e-11
3.067801e+01,9.507754e-11,3.199795e-09,3.199795e-11
3.068089e+01,9.582848e-11,3.190181e-09,3.190181e-11
3.068378e+01,9.653218e-11,3.176776e-09,3.176776e-11
3.068667e+01,9.717307e-11,3.161228e-09,3.161228e-11
3.068956e+01,9.774263e-11,3.145481e-09,3.145481e-11
3.069244e+01,9.824133e-11,3.131707e-09,3.131707e-11
3.069533e+01,9.867882e-11,3.122195e-09,3.122195e-11
3.069822e+01,9.907053e-11,3.119181e-09,3.119181e-11
3.070111e+01,9.943454e-11,3.124646e-09,3.124646e-11
3.070400e+01,9.978832e-11,3.140107e-09,3.140107e-11
3.070688e+01,1.001483e-10,3.166481e-09,3.166481e-11
3.070977e+01,1.005288e-10,3.203966e-09,3.203966e-11
3.071266e+01,1.009396e-10,3.251998e-09,3.251998e-11
3.071555e+01,1.013863e-10,3.309305e-09,3.309305e-11
3.071844e+01,1.018704e-10,3.374035e-09,3.374035e-11
3.072132e+01,1.023857e-10,3.443904e-09,3.443904e-11
3.072421e+01,1.029190e-10,3.516409e-09,3.516409e-11
3.072710e+01,1.034510e-10,3.589015e-09,3.589015e-11
3.072999e+01,1.039573e-10,3.659311e-09,3.659311e-11
3.073288e+01,1.044115e-10,3.725128e-09,3.725128e-11
3.073576e+01,1.047919e-10,3.784636e-09,3.784636e-11
3.073865e+01,1.050830e-10,3.836388e-09,3.836388e-11
3.074154e+01,1.052784e-10,3.879324e-09,3.879324e-11
3.074443e+01,1.053803e-10,3.912733e-09,3.912733e-11
3.074731e+01,1.053985e-10,3.936207e-09,3.936207e-11
3.075020e+01,1.053489e-10,3.949591e-09,3.949591e-11
3.075309e+01,1.052513e-10,3.952925e-09,3.952925e-11
3.075598e+01,1.051276e-10,3.946422e-09,3.946422e-11
3.075887e+01,1.050019e-10,3.930460e-09,3.930460e-11
3.076175e+01,1.048990e-10,3.905589e-09,3.905589e-11
3.076464e+01,1.048419e-10,3.872558e-09,3.872558e-11
3.076753e+01,1.048496e-10,3.832350e-09,3.832350e-11
3.077042e+01,1.049349e-10,3.786199e-09,3.786199e-11
3.077331e+01,1.051017e-10,3.735576e-09,3.735576e-11
3.077619e+01,1.053434e-10,3.682157e-09,3.682157e-11
3.077908e+01,1.056459e-10,3.627751e-09,3.627751e-11
3.078197e+01,1.059873e-10,3.574208e-09,3.574208e-11
3.078486e+01,1.063414e-10,3.523312e-09,3.523312e-11
3.078774e+01,1.066816e-10,3.476672e-09,3.476672e-11
3.079063e+01,1.069804e-10,3.435615e-09,3.435615e-11
3.079352e+01,1.072100e-10,3.401091e-09,3.401091e-11
3.079641e+01,1.073444e-10,3.373626e-09,3.373626e-11
3.079930e+01,1.073582e-10,3.353275e-09,3.353275e-11
3.080218e+01,1.072273e-10,3.339603e-09,3.339603e-11
3.080507e+01,1.069310e-10,3.331700e-09,3.331700e-11
3.080796e+01,1.064531e-10,3.328217e-09,3.328217e-11
3.081085e+01,1.057822e-10,3.327430e-09,3.327430e-11
3.081374e+01,1.049128e-10,3.327323e-09,3.327323e-11
3.081662e+01,1.038445e-10,3.325702e-09,3.325702e-11
3.081951e+01,1.025803e-10,3.320318e-09,3.320318e-11
3.082240e+01,1.011274e-10,3.309036e-09,3.309036e-11
3.082529e+01,9.949754e-11,3.290007e-09,3.290007e-11
3.082818e+01,9.770834e-11,3.261840e-09,3.261840e-11
3.083106e+01,9.578407e-11,3.223749e-09,3.223749e-11
3.083395e+01,9.375626e-11,3.175716e-09,3.175716e-11
3.083684e+01,9.166405e-11,3.118575e-09,3.118575e-11
3.083973e+01,8.955175e-11,3.054008e-09,3.054008e-11
3.084261e+01,8.746546e-11,2.984488e-09,2.984488e-11
3.084550e+01,8.545245e-11,2.913181e-09,2.913181e-11
3.084839e+01,8.355880e-11,2.843723e-09,2.843723e-11
3.085128e+01,8.182738e-11,2.779923e-09,2.779923e-11
3.085417e+01,8.029735e-11,2.725467e-09,2.725467e-11
3.085705e+01,7.900225e-11,2.683592e-09,2.683592e-11
3.085994e+01,7.796872e-11,2.656771e-09,2.656771e-11
3.086283e+01,7.721608e-11,2.646533e-09,2.646533e-11
3.086572e+01,7.675532e-11,2.653400e-09,2.653400e-11
3.086861e+01,7.658746e-11,2.676908e-09,2.676908e-11
3.087149e+01,7.670543e-11,2.715748e-09,2.715748e-11
3.087438e+01,7.709580e-11,2.767989e-09,2.767989e-11
3.087727e+01,7.774036e-11,2.831311e-09,2.831311e-11
3.088016e+01,7.861935e-11,2.903200e-09,2.903200e-11
3.088305e+01,7.971189e-11,2.981097e-09,2.981097e-11
3.088593e+01,8.099613e-11,3.062525e-09,3.062525e-11
3.088882e+01,8.245041e-11,3.145159e-09,3.145159e-11
3.089171e+01,8.405399e-11,3.226877e-09,3.226877e-11
3.089460e+01,8.578731e-11,3.305814e-09,3.305814e-11
3.089748e+01,8.763280e-11,3.380392e-09,3.380392e-11
3.090037e+01,8.957501e-11,3.449345e-09,3.449345e-11
3.090326e+01,9.160048e-11,3.511755e-09,3.511755e-11
3.090615e+01,9.369750e-11,3.567077e-09,3.567077e-11
3.090904e+01,9.585318e-11,3.615167e-09,3.615167e-11
3.091192e+01,9.805276e-11,3.656296e-09,3.656296e-11
3.091481e+01,1.002798e-10,3.691155e-09,3.691155e-11
3.091770e+01,1.025154e-10,3.720831e-09,3.720831e-11
3.092059e+01,1.047399e-10,3.746781e-09,3.746781e-11
3.092348e+01,1.069348e-10,3.770770e-09,3.770770e-11
3.092636e+01,1.090832e-10,3.794757e-09,3.794757e-11
3.092925e+01,1.111689e-10,3.820762e-09,3.820762e-11
3.093214e+01,1.131762e-10,3.850709e-09,3.850709e-11
3.093503e+01,1.150886e-10,3.886199e-09,3.886199e-11
3.093791e+01,1.168869e-10,3.928300e-09,3.928300e-11
3.094080e+01,1.185498e-10,3.977363e-09,3.977363e-11
3.094369e+01,1.200563e-10,4.032872e-09,4.032872e-11
3.094658e+01,1.213867e-10,4.093379e-09,4.093379e-11
3.094947e+01,1.225227e-10,4.156544e-09,4.156544e-11
3.095235e+01,1.234485e-10,4.219265e-09,4.219265e-11
3.095524e+01,1.241498e-10,4.277883e-09,4.277883e-11
3.095813e+01,1.246116e-10,4.328462e-09,4.328462e-11
3.096102e+01,1.248185e-10,4.367090e-09,4.367090e-11
3.096391e+01,1.247557e-10,4.390156e-09,4.390156e-11
3.096679e+01,1.244091e-10,4.394602e-09,4.394602e-11
3.096968e+01,1.237697e-10,4.378150e-09,4.378150e-11
3.097257e+01,1.228371e-10,4.339460e-09,4.339460e-11
3.097546e+01,1.216192e-10,4.278229e-09,4.278229e-11
3.097835e+01,1.201336e-10,4.195243e-09,4.195243e-11
3.098123e+01,1.184067e-10,4.092360e-09,4.092360e-11
3.098412e+01,1.164696e-10,3.972441e-09,3.972441e-11
3.098701e+01,1.143588e-10,3.839237e-09,3.839237e-11
3.098990e+01,1.121151e-10,3.697230e-09,3.697230e-11
3.099278e+01,1.097839e-10,3.551406e-09,3.551406e-11
3.099567e+01,1.074140e-10,3.406973e-09,3.406973e-11
3.099856e+01,1.050560e-10,3.269033e-09,3.269033e-11
3.100145e+01,1.027614e-10,3.142227e-09,3.142227e-11
3.100434e+01,1.005788e-10,3.030343e-09,3.030343e-11
3.100722e+01,9.855045e-11,2.935982e-09,2.935982e-11
3.101011e+01,9.670964e-11,2.860340e-09,2.860340e-11
3.101300e+01,9.508069e-11,2.803186e-09,2.803186e-11
3.101589e+01,9.367978e-11,2.763062e-09,2.763062e-11
3.101878e+01,9.251601e-11,2.737648e-09,2.737648e-11
3.102166e+01,9.159425e-11,2.724251e-09,2.724251e-11
3.102455e+01,9.091603e-11,2.720302e-09,2.720302e-11
3.102744e+01,9.047955e-11,2.723766e-09,2.723766e-11
3.103033e+01,9.028128e-11,2.733443e-09,2.733443e-11
3.103322e+01,9.031567e-11,2.749131e-09,2.749131e-11
3.103610e+01,9.057669e-11,2.771612e-09,2.771612e-11
3.103899e+01,9.105954e-11,2.802514e-09,2.802514e-11
3.104188e+01,9.176163e-11,2.844066e-09,2.844066e-11
3.104477e+01,9.268460e-11,2.898730e-09,2.898730e-11
3.104765e+01,9.383232e-11,2.968763e-09,2.968763e-11
3.105054e+01,9.520903e-11,3.055771e-09,3.055771e-11
3.105343e+01,9.681729e-11,3.160378e-09,3.160378e-11
3.105632e+01,9.865463e-11,3.282035e-09,3.282035e-11
3.105921e+01,1.007133e-10,3.419006e-09,3.419006e-11
3.106209e+01,1.029791e-10,3.568517e-09,3.568517e-11
3.106498e+01,1.054316e-10,3.727022e-09,3.727022e-11
3.106787e+01,1.080451e-10,3.890500e-09,3.890500e-11
3.107076e+01,1.107894e-10,4.054790e-09,4.054790e-11
3.107365e+01,1.136317e-10,4.215912e-09,4.215912e-11
3.107653e+01,1.165368e-10,4.370335e-09,4.370335e-11
3.107942e+01,1.194685e-10,4.515192e-09,4.515192e-11
3.108231e+01,1.223937e-10,4.648457e-09,4.648457e-11
3.108520e+01,1.252841e-10,4.769057e-09,4.769057e-11
3.108808e+01,1.281185e-10,4.876913e-09,4.876913e-11
3.109097e+01,1.308858e-10,4.972913e-09,4.972913e-11
3.109386e+01,1.335838e-10,5.058790e-09,5.058790e-11
3.109675e+01,1.362180e-10,5.136924e-09,5.136924e-11
3.109964e+01,1.387989e-10,5.210083e-09,5.210083e-11
3.110252e+01,1.413405e-10,5.281110e-09,5.281110e-11
3.110541e+01,1.438566e-10,5.352594e-09,5.352594e-11
3.110830e+01,1.463591e-10,5.426585e-09,5.426585e-11
3.111119e+01,1.488566e-10,5.504369e-09,5.504369e-11
3.111408e+01,1.513515e-10,5.586326e-09,5.586326e-11
3.111696e+01,1.538375e-10,5.671906e-09,5.671906e-11
3.111985e+01,1.562981e-10,5.759706e-09,5.759706e-11
3.112274e+01,1.587059e-10,5.847609e-09,5.847609e-11
3.112563e+01,1.610219e-10,5.932957e-09,5.932957e-11
3.112852e+01,1.631981e-10,6.012764e-09,6.012764e-11
3.113140e+01,1.651816e-10,6.083906e-09,6.083906e-11
3.113429e+01,1.669189e-10,6.143294e-09,6.143294e-11
3.113718e+01,1.683595e-10,6.188024e-09,6.188024e-11
3.114007e+01,1.694601e-10,6.215516e-09,6.215516e-11
3.114295e+01,1.701831e-10,6.223607e-09,6.223607e-11
3.114584e+01,1.704977e-10,6.210626e-09,6.210626e-11
3.114873e+01,1.703797e-10,6.175481e-09,6.175481e-11
3.115162e+01,1.698119e-10,6.117719e-09,6.117719e-11
3.115451e+01,1.687853e-10,6.037554e-09,6.037554e-11
3.115739e+01,1.673000e-10,5.935859e-09,5.935859e-11
3.116028e+01,1.653663e-10,5.814153e-09,5.814153e-11
3.116317e+01,1.630058e-10,5.674564e-09,5.674564e-11
3.116606e+01,1.602479e-10,5.519720e-09,5.519720e-11
3.116895e+01,1.571287e-10,5.352614e-09,5.352614e-11
3.117183e+01,1.536892e-10,5.176490e-09,5.176490e-11
3.117472e+01,1.499737e-10,4.994723e-09,4.994723e-11
3.117761e+01,1.460311e-10,4.810669e-09,4.810669e-11
3.118050e+01,1.419164e-10,4.627570e-09,4.627570e-11
3.118339e+01,1.376936e-10,4.448522e-09,4.448522e-11
3.118627e+01,1.334362e-10,4.276493e-09,4.276493e-11
3.118916e+01,1.292250e-10,4.114335e-09,4.114335e-11
3.119205e+01,1.251452e-10,3.964820e-09,3.964820e-11
3.119494e+01,1.212818e-10,3.830717e-09,3.830717e-11
3.119782e+01,1.177162e-10,3.714821e-09,3.714821e-11
3.120071e+01,1.145216e-10,3.619896e-09,3.619896e-11
3.120360e+01,1.117623e-10,3.548565e-09,3.548565e-11
3.120649e+01,1.094911e-10,3.503094e-09,3.503094e-11
3.120938e+01,1.077477e-10,3.485095e-09,3.485095e-11
3.121226e+01,1.065575e-10,3.495184e-09,3.495184e-11
3.121515e+01,1.059293e-10,3.532699e-09,3.532699e-11
3.121804e+01,1.058526e-10,3.595531e-09,3.595531e-11
3.122093e+01,1.062994e-10,3.680128e-09,3.680128e-11
3.122382e+01,1.072250e-10,3.781662e-09,3.781662e-11
3.122670e+01,1.085705e-10,3.894378e-09,3.894378e-11
3.122959e+01,1.102693e-10,4.012011e-09,4.012011e-11
3.123248e+01,1.122509e-10,4.128240e-09,4.128240e-11
3.123537e+01,1.144442e-10,4.237125e-09,4.237125e-11
3.123825e+01,1.167812e-10,4.333517e-09,4.333517e-11
3.124114e+01,1.191974e-10,4.413403e-09,4.413403e-11
3.124403e+01,1.216327e-10,4.474173e-09,4.474173e-11
3.124692e+01,1.240323e-10,4.514805e-09,4.514805e-11
3.124981e+01,1.263476e-10,4.535960e-09,4.535960e-11
3.125269e+01,1.285378e-10,4.539945e-09,4.539945e-11
3.125558e+01,1.305723e-10,4.530558e-09,4.530558e-11
3.125847e+01,1.324289e-10,4.512759e-09,4.512759e-11
3.126136e+01,1.340937e-10,4.492214e-09,4.492214e-11
3.126425e+01,1.355600e-10,4.474697e-09,4.474697e-11
3.126713e+01,1.368263e-10,4.465435e-09,4.465435e-11
3.127002e+01,1.378943e-10,4.468473e-09,4.468473e-11
3.127291e+01,1.387698e-10,4.486213e-09,4.486213e-11
3.127580e+01,1.394621e-10,4.519200e-09,4.519200e-11
3.127869e+01,1.399851e-10,4.566214e-09,4.566214e-11
3.128157e+01,1.403577e-10,4.624627e-09,4.624627e-11
3.128446e+01,1.406005e-10,4.690900e-09,4.690900e-11
3.128735e+01,1.407351e-10,4.761107e-09,4.761107e-11
3.129024e+01,1.407814e-10,4.831422e-09,4.831422e-11
3.129312e+01,1.407543e-10,4.898473e-09,4.898473e-11
3.129601e+01,1.406637e-10,4.959507e-09,4.959507e-11
3.129890e+01,1.405128e-10,5.012444e-09,5.012444e-11
3.130179e+01,1.402974e-10,5.055848e-09,5.055848e-11
3.130468e+01,1.400078e-10,5.088846e-09,5.088846e-11
3.130756e+01,1.396282e-10,5.110998e-09,5.110998e-11
3.131045e+01,1.391366e-10,5.122141e-09,5.122141e-11
3.131334e+01,1.385071e-10,5.122280e-09,5.122280e-11
3.131623e+01,1.377111e-10,5.111501e-09,5.111501e-11
3.131912e+01,1.367198e-10,5.089926e-09,5.089926e-11
3.132200e+01,1.355083e-10,5.057695e-09,5.057695e-11
3.132489e+01,1.340579e-10,5.014987e-09,5.014987e-11
3.132778e+01,1.323568e-10,4.962055e-09,4.962055e-11
3.133067e+01,1.304019e-10,4.899258e-09,4.899258e-11
3.133356e+01,1.281982e-10,4.827087e-09,4.827087e-11
3.133644e+01,1.257583e-10,4.746178e-09,4.746178e-11
3.133933e+01,1.231018e-10,4.657298e-09,4.657298e-11
3.134222e+01,1.202544e-10,4.561326e-09,4.561326e-11
3.134511e+01,1.172480e-10,4.459228e-09,4.459228e-11
3.134799e+01,1.141205e-10,4.352034e-09,4.352034e-11
3.135088e+01,1.109133e-10,4.240804e-09,4.240804e-11
3.135377e+01,1.076694e-10,4.126617e-09,4.126617e-11
3.135666e+01,1.044313e-10,4.010578e-09,4.010578e-11
3.135955e+01,1.012377e-10,3.893809e-09,3.893809e-11
3.136243e+01,9.812318e-11,3.777449e-09,3.777449e-11
3.136532e+01,9.511843e-11,3.662650e-09,3.662650e-11
3.136821e+01,9.225093e-11,3.550544e-09,3.550544e-11
3.137110e+01,8.954609e-11,3.442201e-09,3.442201e-11
3.137399e+01,8.702782e-11,3.338608e-09,3.338608e-11
3.137687e+01,8.471743e-11,3.240646e-09,3.240646e-11
3.137976e+01,8.263208e-11,3.149061e-09,3.149061e-11
3.138265e+01,8.078222e-11,3.064434e-09,3.064434e-11
3.138554e+01,7.917120e-11,2.987194e-09,2.987194e-11
3.138843e+01,7.779478e-11,2.917636e-09,2.917636e-11
3.139131e+01,7.664236e-11,2.855938e-09,2.855938e-11
3.139420e+01,7.569845e-11,2.802139e-09,2.802139e-11
3.139709e+01,7.494405e-11,2.756153e-09,2.756153e-11
3.139998e+01,7.435899e-11,2.717779e-09,2.717779e-11
3.140286e+01,7.392181e-11,2.686720e-09,2.686720e-11
3.140575e+01,7.361005e-11,2.662593e-09,2.662593e-11
3.140864e+01,7.340127e-11,2.644982e-09,2.644982e-11
3.141153e+01,7.327483e-11,2.633492e-09,2.633492e-11
3.141442e+01,7.321544e-11,2.627823e-09,2.627823e-11
