k_s_per_km,P_k_mean_km_per_s,P_k_std,P_k_err
0.000000e+00,6.083476e+00,6.246389e+01,6.246389e-01
2.887885e-03,3.677581e+00,8.357424e+00,8.357424e-02
5.775771e-03,3.099027e+00,5.417639e+00,5.417639e-02
8.663656e-03,2.595303e+00,4.215483e+00,4.215483e-02
1.155154e-02,2.204631e+00,3.439576e+00,3.439576e-02
1.443943e-02,1.845141e+00,2.807846e+00,2.807846e-02
1.732731e-02,1.517410e+00,2.207397e+00,2.207397e-02
2.021520e-02,1.304166e+00,1.851354e+00,1.851354e-02
2.310308e-02,1.072696e+00,1.481983e+00,1.481983e-02
2.599097e-02,9.109554e-01,1.238153e+00,1.238153e-02
2.887885e-02,7.767013e-01,1.063751e+00,1.063751e-02
3.176674e-02,6.667288e-01,8.913730e-01,8.913730e-03
3.465462e-02,5.633780e-01,7.361950e-01,7.361950e-03
3.754251e-02,4.964620e-01,6.738735e-01,6.738735e-03
4.043039e-02,4.205240e-01,5.545646e-01,5.545646e-03
4.331828e-02,3.658007e-01,4.859878e-01,4.859878e-03
4.620616e-02,3.191853e-01,4.257798e-01,4.257798e-03
4.909405e-02,2.720366e-01,3.566068e-01,3.566068e-03
5.198193e-02,2.331379e-01,3.125162e-01,3.125162e-03
5.486982e-02,1.991373e-01,2.547555e-01,2.547555e-03
5.775771e-02,1.773443e-01,2.257618e-01,2.257618e-03
6.064559e-02,1.537657e-01,2.013274e-01,2.013274e-03
6.353348e-02,1.370385e-01,1.753453e-01,1.753453e-03
6.642136e-02,1.214838e-01,1.594323e-01,1.594323e-03
6.930925e-02,1.041513e-01,1.331204e-01,1.331204e-03
7.219713e-02,9.180076e-02,1.173177e-01,1.173177e-03
7.508502e-02,8.057043e-02,1.031676e-01,1.031676e-03
7.797290e-02,7.173654e-02,9.357238e-02,9.357238e-04
8.086079e-02,6.253403e-02,8.185752e-02,8.185752e-04
8.374867e-02,5.625086e-02,7.480579e-02,7.480579e-04
8.663656e-02,4.843922e-02,6.192619e-02,6.192619e-04
8.952444e-02,4.331314e-02,5.576216e-02,5.576216e-04
9.241233e-02,3.732689e-02,4.851596e-02,4.851596e-04
9.530021e-02,3.323036e-02,4.335064e-02,4.335064e-04
9.818810e-02,2.916294e-02,3.718937e-02,3.718937e-04
1.010760e-01,2.567255e-02,3.342883e-02,3.342883e-04
1.039639e-01,2.241068e-02,2.892912e-02,2.892912e-04
1.068518e-01,1.977123e-02,2.522094e-02,2.522094e-04
1.097396e-01,1.791277e-02,2.303984e-02,2.303984e-04
1.126275e-01,1.549112e-02,2.050782e-02,2.050782e-04
1.155154e-01,1.370308e-02,1.765439e-02,1.765439e-04
1.184033e-01,1.230034e-02,1.628458e-02,1.628458e-04
1.212912e-01,1.077452e-02,1.404538e-02,1.404538e-04
1.241791e-01,9.528719e-03,1.237593e-02,1.237593e-04
1.270670e-01,8.510480e-03,1.139696e-02,1.139696e-04
1.299548e-01,7.500224e-03,1.026173e-02,1.026173e-04
1.328427e-01,6.580062e-03,8.706760e-03,8.706760e-05
1.357306e-01,5.903800e-03,7.875082e-03,7.875082e-05
1.386185e-01,5.246373e-03,6.984590e-03,6.984590e-05
1.415064e-01,4.658765e-03,6.377760e-03,6.377760e-05
1.443943e-01,4.054839e-03,5.560152e-03,5.560152e-05
1.472821e-01,3.575345e-03,4.858639e-03,4.858639e-05
1.501700e-01,3.128052e-03,4.287287e-03,4.287287e-05
1.530579e-01,2.799126e-03,3.835735e-03,3.835735e-05
1.559458e-01,2.457171e-03,3.382667e-03,3.382667e-05
1.588337e-01,2.189990e-03,3.003538e-03,3.003538e-05
1.617216e-01,1.965361e-03,2.799683e-03,2.799683e-05
1.646095e-01,1.729222e-03,2.522848e-03,2.522848e-05
1.674973e-01,1.474402e-03,2.185244e-03,2.185244e-05
1.703852e-01,1.338646e-03,2.047895e-03,2.047895e-05
1.732731e-01,1.193450e-03,1.822557e-03,1.822557e-05
1.761610e-01,1.049751e-03,1.590441e-03,1.590441e-05
1.790489e-01,9.401600e-04,1.466589e-03,1.466589e-05
1.819368e-01,8.153566e-04,1.339611e-03,1.339611e-05
1.848247e-01,7.375446e-04,1.213511e-03,1.213511e-05
1.877125e-01,6.553908e-04,1.010737e-03,1.010737e-05
1.906004e-01,5.775057e-04,9.541185e-04,9.541185e-06
1.934883e-01,5.115560e-04,8.343479e-04,8.343479e-06
1.963762e-01,4.590617e-04,7.724392e-04,7.724392e-06
1.992641e-01,4.024585e-04,7.259610e-04,7.259610e-06
2.021520e-01,3.724010e-04,6.978942e-04,6.978942e-06
2.050399e-01,3.258074e-04,6.209372e-04,6.209372e-06
2.079277e-01,2.880360e-04,5.370852e-04,5.370852e-06
2.108156e-01,2.649928e-04,5.370098e-04,5.370098e-06
2.137035e-01,2.354128e-04,5.047306e-04,5.047306e-06
2.165914e-01,2.118862e-04,4.589865e-04,4.589865e-06
2.194793e-01,1.833389e-04,3.971399e-04,3.971399e-06
2.223672e-01,1.675604e-04,3.914724e-04,3.914724e-06
2.252551e-01,1.476198e-04,3.596925e-04,3.596925e-06
2.281429e-01,1.354764e-04,3.419610e-04,3.419610e-06
2.310308e-01,1.208610e-04,3.135504e-04,3.135504e-06
2.339187e-01,1.068776e-04,2.739136e-04,2.739136e-06
2.368066e-01,9.776765e-05,2.607178e-04,2.607178e-06
2.396945e-01,8.654288e-05,2.327589e-04,2.327589e-06
2.425824e-01,7.798167e-05,2.126420e-04,2.126420e-06
2.454702e-01,6.938448e-05,1.948302e-04,1.948302e-06
2.483581e-01,6.430566e-05,1.884417e-04,1.884417e-06
2.512460e-01,5.836440e-05,1.813412e-04,1.813412e-06
2.541339e-01,5.293576e-05,1.704203e-04,1.704203e-06
2.570218e-01,4.846191e-05,1.689582e-04,1.689582e-06
2.599097e-01,4.402213e-05,1.561756e-04,1.561756e-06
2.627976e-01,3.974258e-05,1.542411e-04,1.542411e-06
2.656854e-01,3.572849e-05,1.415951e-04,1.415951e-06
2.685733e-01,3.250244e-05,1.324023e-04,1.324023e-06
2.714612e-01,2.984391e-05,1.316112e-04,1.316112e-06
2.743491e-01,2.717840e-05,1.292518e-04,1.292518e-06
2.772370e-01,2.493038e-05,1.224550e-04,1.224550e-06
2.801249e-01,2.214741e-05,1.101693e-04,1.101693e-06
2.830128e-01,2.004552e-05,1.034522e-04,1.034522e-06
2.859006e-01,1.848355e-05,9.607289e-05,9.607289e-07
2.887885e-01,1.694146e-05,9.098471e-05,9.098471e-07
2.916764e-01,1.530428e-05,7.913214e-05,7.913214e-07
2.945643e-01,1.421818e-05,7.241400e-05,7.241400e-07
2.974522e-01,1.297161e-05,6.788612e-05,6.788612e-07
3.003401e-01,1.190164e-05,6.116705e-05,6.116705e-07
3.032280e-01,1.098643e-05,5.953606e-05,5.953606e-07
3.061158e-01,1.040316e-05,5.961361e-05,5.961361e-07
3.090037e-01,9.792893e-06,5.690733e-05,5.690733e-07
3.118916e-01,9.165989e-06,5.569779e-05,5.569779e-07
3.147795e-01,8.512112e-06,5.444161e-05,5.444161e-07
3.176674e-01,8.114980e-06,5.524149e-05,5.524149e-07
3.205553e-01,7.569962e-06,5.433352e-05,5.433352e-07
3.234432e-01,6.969086e-06,5.147469e-05,5.147469e-07
3.263310e-01,6.402827e-06,4.923408e-05,4.923408e-07
3.292189e-01,5.943484e-06,4.713323e-05,4.713323e-07
3.321068e-01,5.597780e-06,4.723280e-05,4.723280e-07
3.349947e-01,5.194331e-06,4.448909e-05,4.448909e-07
3.378826e-01,4.735623e-06,4.066250e-05,4.066250e-07
3.407705e-01,4.342059e-06,3.670144e-05,3.670144e-07
3.436583e-01,3.985249e-06,3.307233e-05,3.307233e-07
3.465462e-01,3.665318e-06,2.981394e-05,2.981394e-07
3.494341e-01,3.459570e-06,2.783676e-05,2.783676e-07
3.523220e-01,3.269165e-06,2.653252e-05,2.653252e-07
3.552099e-01,3.072212e-06,2.493206e-05,2.493206e-07
3.580978e-01,2.886080e-06,2.420211e-05,2.420211e-07
3.609857e-01,2.785663e-06,2.373823e-05,2.373823e-07
3.638735e-01,2.706531e-06,2.405270e-05,2.405270e-07
3.667614e-01,2.565383e-06,2.273487e-05,2.273487e-07
3.696493e-01,2.431107e-06,2.158485e-05,2.158485e-07
3.725372e-01,2.297264e-06,2.102441e-05,2.102441e-07
3.754251e-01,2.195775e-06,2.092143e-05,2.092143e-07
3.783130e-01,2.068387e-06,2.093528e-05,2.093528e-07
3.812009e-01,1.958154e-06,2.081427e-05,2.081427e-07
3.840887e-01,1.844721e-06,2.000901e-05,2.000901e-07
3.869766e-01,1.695576e-06,1.848525e-05,1.848525e-07
3.898645e-01,1.579289e-06,1.737308e-05,1.737308e-07
3.927524e-01,1.506947e-06,1.656488e-05,1.656488e-07
3.956403e-01,1.435728e-06,1.609608e-05,1.609608e-07
3.985282e-01,1.357069e-06,1.459457e-05,1.459457e-07
4.014161e-01,1.242824e-06,1.285988e-05,1.285988e-07
4.043039e-01,1.154119e-06,1.194335e-05,1.194335e-07
4.071918e-01,1.113026e-06,1.159549e-05,1.159549e-07
4.100797e-01,1.066634e-06,1.131061e-05,1.131061e-07
4.129676e-01,1.013130e-06,1.076295e-05,1.076295e-07
4.158555e-01,9.639525e-07,1.031683e-05,1.031683e-07
4.187434e-01,9.202666e-07,9.857993e-06,9.857993e-08
4.216312e-01,8.918134e-07,9.568768e-06,9.568768e-08
4.245191e-01,8.651027e-07,9.443654e-06,9.443654e-08
4.274070e-01,8.292529e-07,9.325277e-06,9.325277e-08
4.302949e-01,7.774473e-07,8.840321e-06,8.840321e-08
4.331828e-01,7.337416e-07,8.541844e-06,8.541844e-08
4.360707e-01,7.068996e-07,8.551186e-06,8.551186e-08
4.389586e-01,6.956414e-07,8.948873e-06,8.948873e-08
4.418464e-01,6.716706e-07,8.968967e-06,8.968967e-08
4.447343e-01,6.218984e-07,8.032458e-06,8.032458e-08
4.476222e-01,5.775062e-07,7.254359e-06,7.254359e-08
4.505101e-01,5.410692e-07,6.740633e-06,6.740633e-08
4.533980e-01,5.196108e-07,6.493747e-06,6.493747e-08
4.562859e-01,4.978009e-07,6.295708e-06,6.295708e-08
4.591738e-01,4.682556e-07,5.837758e-06,5.837758e-08
4.620616e-01,4.353154e-07,5.332080e-06,5.332080e-08
4.649495e-01,4.047668e-07,4.997112e-06,4.997112e-08
4.678374e-01,3.903106e-07,4.761771e-06,4.761771e-08
4.707253e-01,3.835779e-07,4.675235e-06,4.675235e-08
4.736132e-01,3.709102e-07,4.473787e-06,4.473787e-08
4.765011e-01,3.522927e-07,4.205310e-06,4.205310e-08
4.793890e-01,3.361474e-07,4.074112e-06,4.074112e-08
4.822768e-01,3.325453e-07,4.079358e-06,4.079358e-08
4.851647e-01,3.269239e-07,4.243046e-06,4.243046e-08
4.880526e-01,3.116668e-07,4.188086e-06,4.188086e-08
4.909405e-01,2.926715e-07,3.984471e-06,3.984471e-08
4.938284e-01,2.767594e-07,3.836238e-06,3.836238e-08
4.967163e-01,2.676097e-07,3.746853e-06,3.746853e-08
4.996042e-01,2.617794e-07,3.770505e-06,3.770505e-08
5.024920e-01,2.536457e-07,3.736169e-06,3.736169e-08
5.053799e-01,2.373533e-07,3.379754e-06,3.379754e-08
5.082678e-01,2.178168e-07,2.970674e-06,2.970674e-08
5.111557e-01,2.034719e-07,2.762744e-06,2.762744e-08
5.140436e-01,1.966138e-07,2.706739e-06,2.706739e-08
5.169315e-01,1.920117e-07,2.752422e-06,2.752422e-08
5.198193e-01,1.813021e-07,2.568835e-06,2.568835e-08
5.227072e-01,1.676825e-07,2.279260e-06,2.279260e-08
5.255951e-01,1.571753e-07,2.126427e-06,2.126427e-08
5.284830e-01,1.528832e-07,2.041306e-06,2.041306e-08
5.313709e-01,1.511265e-07,2.018278e-06,2.018278e-08
5.342588e-01,1.462957e-07,1.961227e-06,1.961227e-08
5.371467e-01,1.391021e-07,1.885321e-06,1.885321e-08
5.400345e-01,1.339398e-07,1.867028e-06,1.867028e-08
5.429224e-01,1.319229e-07,1.871912e-06,1.871912e-08
5.458103e-01,1.305524e-07,1.930202e-06,1.930202e-08
5.486982e-01,1.261511e-07,1.929862e-06,1.929862e-08
5.515861e-01,1.186174e-07,1.801353e-06,1.801353e-08
5.544740e-01,1.108480e-07,1.684460e-06,1.684460e-08
5.573619e-01,1.070239e-07,1.621064e-06,1.621064e-08
5.602497e-01,1.063616e-07,1.660706e-06,1.660706e-08
5.631376e-01,1.039589e-07,1.686423e-06,1.686423e-08
5.660255e-01,9.750991e-08,1.508782e-06,1.508782e-08
5.689134e-01,8.964944e-08,1.318667e-06,1.318667e-08
5.718013e-01,8.398693e-08,1.232591e-06,1.232591e-08
5.746892e-01,8.177793e-08,1.214796e-06,1.214796e-08
5.775771e-01,7.987746e-08,1.231125e-06,1.231125e-08
5.804649e-01,7.568490e-08,1.155518e-06,1.155518e-08
5.833528e-01,6.986443e-08,1.022207e-06,1.022207e-08
5.862407e-01,6.499735e-08,9.513078e-07,9.513078e-09
5.891286e-01,6.295630e-08,9.208744e-07,9.208744e-09
5.920165e-01,6.233473e-08,9.249491e-07,9.249491e-09
5.949044e-01,6.074448e-08,9.175345e-07,9.175345e-09
5.977923e-01,5.771693e-08,8.792848e-07,8.792848e-09
6.006801e-01,5.525833e-08,8.637496e-07,8.637496e-09
6.035680e-01,5.470571e-08,8.587525e-07,8.587525e-09
6.064559e-01,5.478817e-08,8.799072e-07,8.799072e-09
6.093438e-01,5.344112e-08,8.746438e-07,8.746438e-09
6.122317e-01,5.029094e-08,8.100841e-07,8.100841e-09
6.151196e-01,4.712409e-08,7.597714e-07,7.597714e-09
6.180074e-01,4.567228e-08,7.364187e-07,7.364187e-09
6.208953e-01,4.545048e-08,7.572803e-07,7.572803e-09
6.237832e-01,4.477684e-08,7.815963e-07,7.815963e-09
6.266711e-01,4.225334e-08,7.151227e-07,7.151227e-09
6.295590e-01,3.873062e-08,6.212082e-07,6.212082e-09
6.324469e-01,3.613531e-08,5.743083e-07,5.743083e-09
6.353348e-01,3.520290e-08,5.610306e-07,5.610306e-09
6.382226e-01,3.469739e-08,5.776771e-07,5.776771e-09
6.411105e-01,3.305448e-08,5.501141e-07,5.501141e-09
6.439984e-01,3.044443e-08,4.815187e-07,4.815187e-09
6.468863e-01,2.826652e-08,4.501589e-07,4.501589e-09
6.497742e-01,2.747691e-08,4.412204e-07,4.412204e-09
6.526621e-01,2.738290e-08,4.469039e-07,4.469039e-09
6.555500e-01,2.680145e-08,4.444808e-07,4.444808e-09
6.584378e-01,2.544178e-08,4.224543e-07,4.224543e-09
6.613257e-01,2.420492e-08,4.076952e-07,4.076952e-09
6.642136e-01,2.368735e-08,3.963881e-07,3.963881e-09
6.671015e-01,2.364014e-08,3.973392e-07,3.973392e-09
6.699894e-01,2.306641e-08,3.944472e-07,3.944472e-09
6.728773e-01,2.165896e-08,3.641327e-07,3.641327e-09
6.757652e-01,2.013877e-08,3.398179e-07,3.398179e-09
6.786530e-01,1.948006e-08,3.321306e-07,3.321306e-09
6.815409e-01,1.965923e-08,3.487489e-07,3.487489e-09
6.844288e-01,1.970740e-08,3.715740e-07,3.715740e-09
6.873167e-01,1.883735e-08,3.460392e-07,3.460392e-09
6.902046e-01,1.744233e-08,3.040924e-07,3.040924e-09
6.930925e-01,1.649723e-08,2.845345e-07,2.845345e-09
6.959804e-01,1.631286e-08,2.802993e-07,2.802993e-09
6.988682e-01,1.627850e-08,2.893179e-07,2.893179e-09
7.017561e-01,1.560987e-08,2.783345e-07,2.783345e-09
7.046440e-01,1.435829e-08,2.443831e-07,2.443831e-09
7.075319e-01,1.316219e-08,2.248678e-07,2.248678e-09
7.104198e-01,1.259414e-08,2.173325e-07,2.173325e-09
7.133077e-01,1.239978e-08,2.165573e-07,2.165573e-09
7.161955e-01,1.202843e-08,2.140556e-07,2.140556e-09
7.190834e-01,1.127130e-08,2.003129e-07,2.003129e-09
7.219713e-01,1.052603e-08,1.898204e-07,1.898204e-09
7.248592e-01,1.019604e-08,1.826720e-07,1.826720e-09
7.277471e-01,1.017970e-08,1.815008e-07,1.815008e-09
7.306350e-01,1.000992e-08,1.807996e-07,1.807996e-09
7.335229e-01,9.473120e-09,1.672818e-07,1.672818e-09
7.364107e-01,8.885958e-09,1.565380e-07,1.565380e-09
7.392986e-01,8.692287e-09,1.538209e-07,1.538209e-09
7.421865e-01,8.902368e-09,1.623891e-07,1.623891e-09
7.450744e-01,9.064519e-09,1.758874e-07,1.758874e-09
7.479623e-01,8.781823e-09,1.678886e-07,1.678886e-09
7.508502e-01,8.180876e-09,1.500684e-07,1.500684e-09
7.537381e-01,7.733622e-09,1.424899e-07,1.424899e-09
7.566259e-01,7.644360e-09,1.420341e-07,1.420341e-09
7.595138e-01,7.675160e-09,1.483451e-07,1.483451e-09
7.624017e-01,7.393201e-09,1.455053e-07,1.455053e-09
7.652896e-01,6.776696e-09,1.281381e-07,1.281381e-09
7.681775e-01,6.156477e-09,1.160676e-07,1.160676e-09
7.710654e-01,5.859826e-09,1.100092e-07,1.100092e-09
7.739533e-01,5.799051e-09,1.074693e-07,1.074693e-09
7.768411e-01,5.658638e-09,1.050012e-07,1.050012e-09
7.797290e-01,5.318860e-09,9.712278e-08,9.712278e-10
7.826169e-01,4.937076e-09,9.089434e-08,9.089434e-10
7.855048e-01,4.754895e-09,8.755295e-08,8.755295e-10
7.883927e-01,4.722621e-09,8.653761e-08,8.653761e-10
7.912806e-01,4.637916e-09,8.679080e-08,8.679080e-10
7.941684e-01,4.366215e-09,8.103525e-08,8.103525e-10
7.970563e-01,4.054198e-09,7.544380e-08,7.544380e-10
7.999442e-01,3.921803e-09,7.307730e-08,7.307730e-10
8.028321e-01,4.008062e-09,7.573117e-08,7.573117e-10
8.057200e-01,4.100145e-09,8.242495e-08,8.242495e-10
8.086079e-01,3.997794e-09,7.947490e-08,7.947490e-10
8.114958e-01,3.745409e-09,7.134174e-08,7.134174e-10
8.143836e-01,3.572241e-09,6.877275e-08,6.877275e-10
8.172715e-01,3.585749e-09,7.006452e-08,7.006452e-10
8.201594e-01,3.667697e-09,7.486275e-08,7.486275e-10
8.230473e-01,3.610507e-09,7.546215e-08,7.546215e-10
8.259352e-01,3.364407e-09,6.791820e-08,6.791820e-10
8.288231e-01,3.088101e-09,6.195282e-08,6.195282e-10
8.317110e-01,2.943011e-09,5.865236e-08,5.865236e-10
8.345988e-01,2.924514e-09,5.681359e-08,5.681359e-10
8.374867e-01,2.863134e-09,5.510806e-08,5.510806e-10
8.403746e-01,2.687213e-09,5.052212e-08,5.052212e-10
8.432625e-01,2.462519e-09,4.621510e-08,4.621510e-10
8.461504e-01,2.326961e-09,4.392300e-08,4.392300e-10
8.490383e-01,2.277696e-09,4.261935e-08,4.261935e-10
8.519262e-01,2.218402e-09,4.253491e-08,4.253491e-10
8.548140e-01,2.073917e-09,4.000048e-08,4.000048e-10
8.577019e-01,1.906740e-09,3.732350e-08,3.732350e-10
8.605898e-01,1.831582e-09,3.599390e-08,3.599390e-10
8.634777e-01,1.871698e-09,3.663113e-08,3.663113e-10
8.663656e-01,1.928584e-09,3.948492e-08,3.948492e-10
8.692535e-01,1.894658e-09,3.832388e-08,3.832388e-10
8.721414e-01,1.789536e-09,3.422944e-08,3.422944e-10
8.750292e-01,1.716195e-09,3.282378e-08,3.282378e-10
8.779171e-01,1.735333e-09,3.341859e-08,3.341859e-10
8.808050e-01,1.789250e-09,3.624468e-08,3.624468e-10
8.836929e-01,1.778927e-09,3.740162e-08,3.740162e-10
8.865808e-01,1.674417e-09,3.433691e-08,3.433691e-10
8.894687e-01,1.542768e-09,3.181794e-08,3.181794e-10
8.923565e-01,1.476968e-09,3.086202e-08,3.086202e-10
8.952444e-01,1.474068e-09,3.058499e-08,3.058499e-10
8.981323e-01,1.464577e-09,3.029000e-08,3.029000e-10
9.010202e-01,1.389278e-09,2.828477e-08,2.828477e-10
9.039081e-01,1.284123e-09,2.579777e-08,2.579777e-10
9.067960e-01,1.207938e-09,2.425822e-08,2.425822e-10
9.096839e-01,1.177662e-09,2.285294e-08,2.285294e-10
9.125717e-01,1.147027e-09,2.219707e-08,2.219707e-10
9.154596e-01,1.071976e-09,2.065312e-08,2.065312e-10
9.183475e-01,9.796051e-10,1.911271e-08,1.911271e-10
9.212354e-01,9.208583e-10,1.824890e-08,1.824890e-10
9.241233e-01,9.250497e-10,1.827283e-08,1.827283e-10
9.270112e-01,9.396345e-10,1.939649e-08,1.939649e-10
9.298991e-01,9.201087e-10,1.901236e-08,1.901236e-10
9.327869e-01,8.610098e-10,1.696585e-08,1.696585e-10
9.356748e-01,8.237179e-10,1.606423e-08,1.606423e-10
9.385627e-01,8.326307e-10,1.595966e-08,1.595966e-10
9.414506e-01,8.695561e-10,1.725311e-08,1.725311e-10
9.443385e-01,8.749008e-10,1.794379e-08,1.794379e-10
9.472264e-01,8.381755e-10,1.655702e-08,1.655702e-10
9.501143e-01,7.832257e-10,1.538691e-08,1.538691e-10
9.530021e-01,7.629163e-10,1.535556e-08,1.535556e-10
9.558900e-01,7.737065e-10,1.577175e-08,1.577175e-10
9.587779e-01,7.831845e-10,1.624784e-08,1.624784e-10
9.616658e-01,7.581189e-10,1.578106e-08,1.578106e-10
9.645537e-01,7.105040e-10,1.477213e-08,1.477213e-10
9.674416e-01,6.732541e-10,1.418425e-08,1.418425e-10
9.703295e-01,6.542972e-10,1.338484e-08,1.338484e-10
9.732173e-01,6.419033e-10,1.287613e-08,1.287613e-10
9.761052e-01,6.058412e-10,1.189043e-08,1.189043e-10
9.789931e-01,5.599312e-10,1.088711e-08,1.088711e-10
9.818810e-01,5.227970e-10,1.009560e-08,1.009560e-10
9.847689e-01,5.175648e-10,9.771924e-09,9.771924e-11
9.876568e-01,5.206924e-10,9.968898e-09,9.968898e-11
9.905446e-01,5.103579e-10,9.822533e-09,9.822533e-11
9.934325e-01,4.782007e-10,8.889502e-09,8.889502e-11
9.963204e-01,4.553730e-10,8.490260e-09,8.490260e-11
9.992083e-01,4.541488e-10,8.311717e-09,8.311717e-11
1.002096e+00,4.709872e-10,8.819411e-09,8.819411e-11
1.004984e+00,4.719727e-10,9.063288e-09,9.063288e-11
1.007872e+00,4.544751e-10,8.347915e-09,8.347915e-11
1.010760e+00,4.235975e-10,7.555862e-09,7.555862e-11
1.013648e+00,4.141122e-10,7.493088e-09,7.493088e-11
1.016536e+00,4.217596e-10,7.754848e-09,7.754848e-11
1.019424e+00,4.322835e-10,8.224135e-09,8.224135e-11
1.022311e+00,4.245173e-10,8.237298e-09,8.237298e-11
1.025199e+00,4.045290e-10,7.941686e-09,7.941686e-11
1.028087e+00,3.899969e-10,7.931901e-09,7.931901e-11
1.030975e+00,3.834387e-10,7.764232e-09,7.764232e-11
1.033863e+00,3.825286e-10,7.713431e-09,7.713431e-11
1.036751e+00,3.682748e-10,7.345955e-09,7.345955e-11
1.039639e+00,3.485093e-10,6.926078e-09,6.926078e-11
1.042527e+00,3.282681e-10,6.430813e-09,6.430813e-11
1.045414e+00,3.222803e-10,6.113769e-09,6.113769e-11
1.048302e+00,3.193017e-10,5.879470e-09,5.879470e-11
1.051190e+00,3.114827e-10,5.679604e-09,5.679604e-11
1.054078e+00,2.911779e-10,5.146610e-09,5.146610e-11
1.056966e+00,2.741783e-10,4.891428e-09,4.891428e-11
1.059854e+00,2.651534e-10,4.704239e-09,4.704239e-11
1.062742e+00,2.676576e-10,4.859886e-09,4.859886e-11
1.065630e+00,2.621764e-10,4.919456e-09,4.919456e-11
1.068518e+00,2.496973e-10,4.564785e-09,4.564785e-11
1.071405e+00,2.282965e-10,4.064451e-09,4.064451e-11
1.074293e+00,2.192540e-10,3.897513e-09,3.897513e-11
1.077181e+00,2.201739e-10,3.873224e-09,3.873224e-11
1.080069e+00,2.249560e-10,4.047789e-09,4.047789e-11
1.082957e+00,2.210312e-10,4.003879e-09,4.003879e-11
1.085845e+00,2.100652e-10,3.820497e-09,3.820497e-11
1.088733e+00,2.026684e-10,3.864852e-09,3.864852e-11
1.091621e+00,2.000099e-10,3.892289e-09,3.892289e-11
1.094509e+00,2.019921e-10,4.024822e-09,4.024822e-11
1.097396e+00,1.972913e-10,3.997586e-09,3.997586e-11
1.100284e+00,1.890280e-10,3.939307e-09,3.939307e-11
1.103172e+00,1.803166e-10,3.780182e-09,3.780182e-11
1.106060e+00,1.781435e-10,3.695242e-09,3.695242e-11
1.108948e+00,1.779548e-10,3.538551e-09,3.538551e-11
1.111836e+00,1.753054e-10,3.428885e-09,3.428885e-11
1.114724e+00,1.667440e-10,3.137565e-09,3.137565e-11
1.117612e+00,1.597700e-10,2.974543e-09,2.974543e-11
1.120499e+00,1.555528e-10,2.810911e-09,2.810911e-11
1.123387e+00,1.572646e-10,2.827782e-09,2.827782e-11
1.126275e+00,1.548226e-10,2.839571e-09,2.839571e-11
1.129163e+00,1.505296e-10,2.740429e-09,2.740429e-11
1.132051e+00,1.408409e-10,2.572461e-09,2.572461e-11
1.134939e+00,1.375826e-10,2.557418e-09,2.557418e-11
1.137827e+00,1.392719e-10,2.589083e-09,2.589083e-11
1.140715e+00,1.444252e-10,2.712687e-09,2.712687e-11
1.143603e+00,1.452917e-10,2.725877e-09,2.725877e-11
1.146490e+00,1.430958e-10,2.692234e-09,2.692234e-11
1.149378e+00,1.415765e-10,2.743154e-09,2.743154e-11
1.152266e+00,1.437624e-10,2.833074e-09,2.833074e-11
1.155154e+00,1.483841e-10,2.981952e-09,2.981952e-11
1.158042e+00,1.514114e-10,3.121583e-09,3.121583e-11
1.160930e+00,1.507190e-10,3.264006e-09,3.264006e-11
1.163818e+00,1.502997e-10,3.397677e-09,3.397677e-11
1.166706e+00,1.523232e-10,3.569021e-09,3.569021e-11
1.169594e+00,1.563143e-10,3.712338e-09,3.712338e-11
1.172481e+00,1.584289e-10,3.872539e-09,3.872539e-11
1.175369e+00,1.568970e-10,3.972619e-09,3.972619e-11
1.178257e+00,1.559333e-10,4.090466e-09,4.090466e-11
1.181145e+00,1.549249e-10,4.175640e-09,4.175640e-11
1.184033e+00,1.566428e-10,4.273815e-09,4.273815e-11
1.186921e+00,1.542034e-10,4.337800e-09,4.337800e-11
1.189809e+00,1.516297e-10,4.373113e-09,4.373113e-11
1.192697e+00,1.445179e-10,4.362924e-09,4.362924e-11
1.195585e+00,1.408156e-10,4.351373e-09,4.351373e-11
1.198472e+00,1.377379e-10,4.314392e-09,4.314392e-11
1.201360e+00,1.373463e-10,4.269525e-09,4.269525e-11
1.204248e+00,1.338365e-10,4.175938e-09,4.175938e-11
1.207136e+00,1.295546e-10,4.049290e-09,4.049290e-11
1.210024e+00,1.246326e-10,3.910398e-09,3.910398e-11
1.212912e+00,1.221823e-10,3.767018e-09,3.767018e-11
1.215800e+00,1.211007e-10,3.620214e-09,3.620214e-11
1.218688e+00,1.201841e-10,3.476455e-09,3.476455e-11
1.221575e+00,1.171901e-10,3.329043e-09,3.329043e-11
1.224463e+00,1.141514e-10,3.195177e-09,3.195177e-11
1.227351e+00,1.125910e-10,3.083735e-09,3.083735e-11
1.230239e+00,1.125713e-10,2.987333e-09,2.987333e-11
1.233127e+00,1.123605e-10,2.915656e-09,2.915656e-11
1.236015e+00,1.102869e-10,2.844466e-09,2.844466e-11
1.238903e+00,1.087497e-10,2.798187e-09,2.798187e-11
1.241791e+00,1.072159e-10,2.752941e-09,2.752941e-11
1.244679e+00,1.077006e-10,2.733407e-09,2.733407e-11
1.247566e+00,1.061852e-10,2.710775e-09,2.710775e-11
1.250454e+00,1.050763e-10,2.702559e-09,2.702559e-11
1.253342e+00,1.017268e-10,2.685205e-09,2.685205e-11
1.256230e+00,1.005212e-10,2.688166e-09,2.688166e-11
1.259118e+00,9.933451e-11,2.687356e-09,2.687356e-11
1.262006e+00,9.979579e-11,2.697012e-09,2.697012e-11
1.264894e+00,9.825542e-11,2.687028e-09,2.687028e-11
1.267782e+00,9.659610e-11,2.664344e-09,2.664344e-11
1.270670e+00,9.386795e-11,2.625386e-09,2.625386e-11
1.273557e+00,9.237851e-11,2.574364e-09,2.574364e-11
1.276445e+00,9.092433e-11,2.502550e-09,2.502550e-11
1.279333e+00,8.975831e-11,2.416621e-09,2.416621e-11
1.282221e+00,8.691836e-11,2.305777e-09,2.305777e-11
1.285109e+00,8.400534e-11,2.187234e-09,2.187234e-11
1.287997e+00,8.137120e-11,2.062222e-09,2.062222e-11
1.290885e+00,7.981207e-11,1.942423e-09,1.942423e-11
1.293773e+00,7.829806e-11,1.831477e-09,1.831477e-11
1.296660e+00,7.624698e-11,1.734661e-09,1.734661e-11
1.299548e+00,7.439369e-11,1.661343e-09,1.661343e-11
1.302436e+00,7.267501e-11,1.607305e-09,1.607305e-11
1.305324e+00,7.233817e-11,1.583326e-09,1.583326e-11
1.308212e+00,7.150712e-11,1.571107e-09,1.571107e-11
1.311100e+00,7.130425e-11,1.582429e-09,1.582429e-11
1.313988e+00,6.993873e-11,1.592628e-09,1.592628e-11
1.316876e+00,7.004022e-11,1.622987e-09,1.622987e-11
1.319764e+00,7.030201e-11,1.651958e-09,1.651958e-11
1.322651e+00,7.178993e-11,1.696976e-09,1.696976e-11
1.325539e+00,7.195227e-11,1.736094e-09,1.736094e-11
1.328427e+00,7.236821e-11,1.783138e-09,1.783138e-11
1.331315e+00,7.218265e-11,1.829676e-09,1.829676e-11
1.334203e+00,7.286138e-11,1.882029e-09,1.882029e-11
1.337091e+00,7.326113e-11,1.930527e-09,1.930527e-11
1.339979e+00,7.404504e-11,1.977443e-09,1.977443e-11
1.342867e+00,7.380859e-11,2.012717e-09,2.012717e-11
1.345755e+00,7.371399e-11,2.039385e-09,2.039385e-11
1.348642e+00,7.338988e-11,2.052185e-09,2.052185e-11
1.351530e+00,7.365532e-11,2.052256e-09,2.052256e-11
1.354418e+00,7.361086e-11,2.036419e-09,2.036419e-11
1.357306e+00,7.338822e-11,2.006833e-09,2.006833e-11
1.360194e+00,7.274331e-11,1.963622e-09,1.963622e-11
1.363082e+00,7.183355e-11,1.909652e-09,1.909652e-11
1.365970e+00,7.122431e-11,1.848531e-09,1.848531e-11
1.368858e+00,7.020823e-11,1.780516e-09,1.780516e-11
1.371746e+00,6.932319e-11,1.711770e-09,1.711770e-11
1.374633e+00,6.742944e-11,1.638982e-09,1.638982e-11
1.377521e+00,6.604841e-11,1.571496e-09,1.571496e-11
1.380409e+00,6.447869e-11,1.503357e-09,1.503357e-11
1.383297e+00,6.355077e-11,1.444609e-09,1.444609e-11
1.386185e+00,6.172381e-11,1.386570e-09,1.386570e-11
1.389073e+00,5.997508e-11,1.338373e-09,1.338373e-11
1.391961e+00,5.797439e-11,1.293848e-09,1.293848e-11
1.394849e+00,5.646724e-11,1.259793e-09,1.259793e-11
1.397736e+00,5.492725e-11,1.229787e-09,1.229787e-11
1.400624e+00,5.369909e-11,1.207331e-09,1.207331e-11
1.403512e+00,5.208624e-11,1.186290e-09,1.186290e-11
1.406400e+00,5.071539e-11,1.168677e-09,1.168677e-11
1.409288e+00,4.924675e-11,1.151897e-09,1.151897e-11
1.412176e+00,4.839616e-11,1.136857e-09,1.136857e-11
1.415064e+00,4.730820e-11,1.122262e-09,1.122262e-11
1.417952e+00,4.645436e-11,1.109782e-09,1.109782e-11
1.420840e+00,4.527287e-11,1.099946e-09,1.099946e-11
1.423727e+00,4.433962e-11,1.095532e-09,1.095532e-11
1.426615e+00,4.356733e-11,1.097690e-09,1.097690e-11
1.429503e+00,4.293821e-11,1.107308e-09,1.107308e-11
1.432391e+00,4.255515e-11,1.125033e-09,1.125033e-11
1.435279e+00,4.208905e-11,1.149113e-09,1.149113e-11
1.438167e+00,4.219035e-11,1.179959e-09,1.179959e-11
1.441055e+00,4.242827e-11,1.213947e-09,1.213947e-11
1.443943e+00,4.325681e-11,1.251988e-09,1.251988e-11
1.446831e+00,4.396140e-11,1.290416e-09,1.290416e-11
1.449718e+00,4.503943e-11,1.331863e-09,1.331863e-11
1.452606e+00,4.605771e-11,1.374199e-09,1.374199e-11
1.455494e+00,4.740927e-11,1.421106e-09,1.421106e-11
1.458382e+00,4.886650e-11,1.471846e-09,1.471846e-11
1.461270e+00,5.072617e-11,1.530102e-09,1.530102e-11
1.464158e+00,5.232747e-11,1.594973e-09,1.594973e-11
1.467046e+00,5.406877e-11,1.668522e-09,1.668522e-11
1.469934e+00,5.578617e-11,1.749813e-09,1.749813e-11
1.472821e+00,5.804400e-11,1.838871e-09,1.838871e-11
1.475709e+00,6.010663e-11,1.933934e-09,1.933934e-11
1.478597e+00,6.224682e-11,2.033892e-09,2.033892e-11
1.481485e+00,6.418467e-11,2.137060e-09,2.137060e-11
1.484373e+00,6.625434e-11,2.241879e-09,2.241879e-11
1.487261e+00,6.832721e-11,2.346511e-09,2.346511e-11
1.490149e+00,7.022738e-11,2.449683e-09,2.449683e-11
1.493037e+00,7.215273e-11,2.551159e-09,2.551159e-11
1.495925e+00,7.394141e-11,2.651783e-09,2.651783e-11
1.498812e+00,7.588367e-11,2.753211e-09,2.753211e-11
1.501700e+00,7.775165e-11,2.858131e-09,2.858131e-11
1.504588e+00,7.979667e-11,2.969881e-09,2.969881e-11
1.507476e+00,8.199542e-11,3.092150e-09,3.092150e-11
1.510364e+00,8.436672e-11,3.228277e-09,3.228277e-11
1.513252e+00,8.697954e-11,3.380770e-09,3.380770e-11
1.516140e+00,8.971817e-11,3.551352e-09,3.551352e-11
1.519028e+00,9.293236e-11,3.740362e-09,3.740362e-11
1.521916e+00,9.641201e-11,3.946934e-09,3.946934e-11
1.524803e+00,9.998204e-11,4.168115e-09,4.168115e-11
1.527691e+00,1.035484e-10,4.400048e-09,4.400048e-11
1.530579e+00,1.071809e-10,4.637205e-09,4.637205e-11
1.533467e+00,1.110201e-10,4.873297e-09,4.873297e-11
1.536355e+00,1.145028e-10,5.100917e-09,5.100917e-11
1.539243e+00,1.177837e-10,5.312663e-09,5.312663e-11
1.542131e+00,1.205949e-10,5.500847e-09,5.500847e-11
1.545019e+00,1.231420e-10,5.658320e-09,5.658320e-11
1.547907e+00,1.250543e-10,5.778555e-09,5.778555e-11
1.550794e+00,1.264100e-10,5.856450e-09,5.856450e-11
1.553682e+00,1.271329e-10,5.888265e-09,5.888265e-11
1.556570e+00,1.272328e-10,5.871859e-09,5.871859e-11
1.559458e+00,1.266135e-10,5.806749e-09,5.806749e-11
1.562346e+00,1.253659e-10,5.694384e-09,5.694384e-11
1.565234e+00,1.235173e-10,5.538049e-09,5.538049e-11
1.568122e+00,1.212750e-10,5.342921e-09,5.342921e-11
1.571010e+00,1.184308e-10,5.115517e-09,5.115517e-11
1.573897e+00,1.153486e-10,4.863815e-09,4.863815e-11
1.576785e+00,1.119127e-10,4.596806e-09,4.596806e-11
1.579673e+00,1.085801e-10,4.324126e-09,4.324126e-11
1.582561e+00,1.050912e-10,4.055423e-09,4.055423e-11
1.585449e+00,1.016999e-10,3.800032e-09,3.800032e-11
1.588337e+00,9.839609e-11,3.566328e-09,3.566328e-11
1.591225e+00,9.539644e-11,3.360895e-09,3.360895e-11
1.594113e+00,9.274210e-11,3.188154e-09,3.188154e-11
1.597001e+00,9.028594e-11,3.049447e-09,3.049447e-11
1.599888e+00,8.825632e-11,2.943784e-09,2.943784e-11
1.602776e+00,8.646422e-11,2.867888e-09,2.867888e-11
1.605664e+00,8.503412e-11,2.817681e-09,2.817681e-11
1.608552e+00,8.367043e-11,2.788459e-09,2.788459e-11
1.611440e+00,8.263205e-11,2.776556e-09,2.776556e-11
1.614328e+00,8.169933e-11,2.778947e-09,2.778947e-11
1.617216e+00,8.093167e-11,2.793395e-09,2.793395e-11
1.620104e+00,8.011062e-11,2.817908e-09,2.817908e-11
1.622992e+00,7.956161e-11,2.850961e-09,2.850961e-11
1.625879e+00,7.917009e-11,2.890717e-09,2.890717e-11
1.628767e+00,7.911000e-11,2.935104e-09,2.935104e-11
1.631655e+00,7.913004e-11,2.982048e-09,2.982048e-11
1.634543e+00,7.962249e-11,3.030003e-09,3.030003e-11
1.637431e+00,8.038188e-11,3.077906e-09,3.077906e-11
1.640319e+00,8.159451e-11,3.125419e-09,3.125419e-11
1.643207e+00,8.292148e-11,3.172680e-09,3.172680e-11
1.646095e+00,8.451549e-11,3.220207e-09,3.220207e-11
1.648982e+00,8.626071e-11,3.268624e-09,3.268624e-11
1.651870e+00,8.813071e-11,3.318349e-09,3.318349e-11
1.654758e+00,9.001523e-11,3.369442e-09,3.369442e-11
1.657646e+00,9.184743e-11,3.421679e-09,3.421679e-11
1.660534e+00,9.382034e-11,3.474648e-09,3.474648e-11
1.663422e+00,9.574481e-11,3.527559e-09,3.527559e-11
1.666310e+00,9.768987e-11,3.579746e-09,3.579746e-11
1.669198e+00,9.955689e-11,3.630540e-09,3.630540e-11
1.672086e+00,1.015800e-10,3.679381e-09,3.679381e-11
1.674973e+00,1.035533e-10,3.725889e-09,3.725889e-11
1.677861e+00,1.054553e-10,3.770023e-09,3.770023e-11
1.680749e+00,1.071589e-10,3.811602e-09,3.811602e-11
1.683637e+00,1.088199e-10,3.850245e-09,3.850245e-11
1.686525e+00,1.102212e-10,3.885106e-09,3.885106e-11
1.689413e+00,1.113310e-10,3.914963e-09,3.914963e-11
1.692301e+00,1.119351e-10,3.938352e-09,3.938352e-11
1.695189e+00,1.122274e-10,3.953611e-09,3.953611e-11
1.698077e+00,1.119723e-10,3.959103e-09,3.959103e-11
1.700964e+00,1.112405e-10,3.953640e-09,3.953640e-11
1.703852e+00,1.098667e-10,3.936614e-09,3.936614e-11
1.706740e+00,1.080826e-10,3.908032e-09,3.908032e-11
1.709628e+00,1.058359e-10,3.868337e-09,3.868337e-11
1.712516e+00,1.031981e-10,3.818237e-09,3.818237e-11
1.715404e+00,1.002388e-10,3.758670e-09,3.758670e-11
1.718292e+00,9.707226e-11,3.690788e-09,3.690788e-11
1.721180e+00,9.383711e-11,3.615792e-09,3.615792e-11
1.724068e+00,9.046025e-11,3.534758e-09,3.534758e-11
1.726955e+00,8.703586e-11,3.448759e-09,3.448759e-11
1.729843e+00,8.359736e-11,3.358980e-09,3.358980e-11
1.732731e+00,8.024882e-11,3.266658e-09,3.266658e-11
1.735619e+00,7.693349e-11,3.172813e-09,3.172813e-11
1.738507e+00,7.366696e-11,3.078334e-09,3.078334e-11
1.741395e+00,7.057926e-11,2.984003e-09,2.984003e-11
1.744283e+00,6.775230e-11,2.890693e-09,2.890693e-11
1.747171e+00,6.522339e-11,2.799211e-09,2.799211e-11
1.750058e+00,6.303945e-11,2.710164e-09,2.710164e-11
1.752946e+00,6.130322e-11,2.624151e-09,2.624151e-11
1.755834e+00,6.009797e-11,2.542051e-09,2.542051e-11
1.758722e+00,5.930985e-11,2.464962e-09,2.464962e-11
1.761610e+00,5.898828e-11,2.394183e-09,2.394183e-11
1.764498e+00,5.904365e-11,2.331191e-09,2.331191e-11
1.767386e+00,5.951317e-11,2.277267e-09,2.277267e-11
1.770274e+00,6.015516e-11,2.233274e-09,2.233274e-11
1.773162e+00,6.098228e-11,2.199580e-09,2.199580e-11
1.776049e+00,6.189891e-11,2.175856e-09,2.175856e-11
1.778937e+00,6.293098e-11,2.161036e-09,2.161036e-11
1.781825e+00,6.391231e-11,2.153505e-09,2.153505e-11
1.784713e+00,6.485910e-11,2.151421e-09,2.151421e-11
1.787601e+00,6.574876e-11,2.152892e-09,2.152892e-11
1.790489e+00,6.666432e-11,2.156040e-09,2.156040e-11
1.793377e+00,6.746857e-11,2.159190e-09,2.159190e-11
1.796265e+00,6.822697e-11,2.161107e-09,2.161107e-11
1.799153e+00,6.889532e-11,2.161074e-09,2.161074e-11
1.802040e+00,6.960581e-11,2.158784e-09,2.158784e-11
1.804928e+00,7.022432e-11,2.154321e-09,2.154321e-11
1.807816e+00,7.077942e-11,2.148083e-09,2.148083e-11
1.810704e+00,7.127959e-11,2.140768e-09,2.140768e-11
1.813592e+00,7.176056e-11,2.133308e-09,2.133308e-11
1.816480e+00,7.218225e-11,2.127146e-09,2.127146e-11
1.819368e+00,7.242768e-11,2.124505e-09,2.124505e-11
1.822256e+00,7.264930e-11,2.128751e-09,2.128751e-11
1.825143e+00,7.280358e-11,2.144466e-09,2.144466e-11
1.828031e+00,7.300278e-11,2.177114e-09,2.177114e-11
1.830919e+00,7.313170e-11,2.232307e-09,2.232307e-11
1.833807e+00,7.345418e-11,2.314946e-09,2.314946e-11
1.836695e+00,7.398435e-11,2.428007e-09,2.428007e-11
1.839583e+00,7.485465e-11,2.571703e-09,2.571703e-11
1.842471e+00,7.596620e-11,2.743434e-09,2.743434e-11
1.845359e+00,7.748281e-11,2.938306e-09,2.938306e-11
1.848247e+00,7.933935e-11,3.149841e-09,3.149841e-11
1.851134e+00,8.154611e-11,3.370700e-09,3.370700e-11
1.854022e+00,8.388087e-11,3.593338e-09,3.593338e-11
1.856910e+00,8.641335e-11,3.810576e-09,3.810576e-11
1.859798e+00,8.901340e-11,4.015869e-09,4.015869e-11
1.862686e+00,9.165799e-11,4.203429e-09,4.203429e-11
1.865574e+00,9.415161e-11,4.368399e-09,4.368399e-11
1.868462e+00,9.652904e-11,4.507019e-09,4.507019e-11
1.871350e+00,9.876183e-11,4.616668e-09,4.616668e-11
1.874238e+00,1.007741e-10,4.695923e-09,4.695923e-11
1.877125e+00,1.024870e-10,4.744588e-09,4.744588e-11
1.880013e+00,1.038316e-10,4.763630e-09,4.763630e-11
1.882901e+00,1.049310e-10,4.755080e-09,4.755080e-11
1.885789e+00,1.056464e-10,4.721955e-09,4.721955e-11
1.888677e+00,1.060436e-10,4.668018e-09,4.668018e-11
1.891565e+00,1.060654e-10,4.597502e-09,4.597502e-11
1.894453e+00,1.059484e-10,4.514869e-09,4.514869e-11
1.897341e+00,1.056157e-10,4.424511e-09,4.424511e-11
1.900229e+00,1.051607e-10,4.330432e-09,4.330432e-11
1.903116e+00,1.045612e-10,4.236037e-09,4.236037e-11
1.906004e+00,1.039980e-10,4.143912e-09,4.143912e-11
1.908892e+00,1.033846e-10,4.055733e-09,4.055733e-11
1.911780e+00,1.027121e-10,3.972261e-09,3.972261e-11
1.914668e+00,1.019128e-10,3.893405e-09,3.893405e-11
1.917556e+00,1.011142e-10,3.818275e-09,3.818275e-11
1.920444e+00,1.002038e-10,3.745508e-09,3.745508e-11
1.923332e+00,9.916472e-11,3.673559e-09,3.673559e-11
1.926219e+00,9.794612e-11,3.600651e-09,3.600651e-11
1.929107e+00,9.666341e-11,3.525057e-09,3.525057e-11
1.931995e+00,9.529269e-11,3.445654e-09,3.445654e-11
1.934883e+00,9.376570e-11,3.361835e-09,3.361835e-11
1.937771e+00,9.211472e-11,3.273239e-09,3.273239e-11
1.940659e+00,9.038713e-11,3.179896e-09,3.179896e-11
1.943547e+00,8.867411e-11,3.082273e-09,3.082273e-11
1.946435e+00,8.682668e-11,2.981197e-09,2.981197e-11
1.949323e+00,8.494873e-11,2.878036e-09,2.878036e-11
1.952210e+00,8.309072e-11,2.774767e-09,2.774767e-11
1.955098e+00,8.139679e-11,2.673756e-09,2.673756e-11
1.957986e+00,7.970837e-11,2.577505e-09,2.577505e-11
1.960874e+00,7.811235e-11,2.488536e-09,2.488536e-11
1.963762e+00,7.667079e-11,2.409221e-09,2.409221e-11
1.966650e+00,7.548567e-11,2.341364e-09,2.341364e-11
1.969538e+00,7.441355e-11,2.285871e-09,2.285871e-11
1.972426e+00,7.349388e-11,2.242867e-09,2.242867e-11
1.975314e+00,7.283411e-11,2.211946e-09,2.211946e-11
1.978201e+00,7.254656e-11,2.192178e-09,2.192178e-11
1.981089e+00,7.254409e-11,2.182362e-09,2.182362e-11
1.983977e+00,7.286227e-11,2.181348e-09,2.181348e-11
1.986865e+00,7.360517e-11,2.188280e-09,2.188280e-11
1.989753e+00,7.483420e-11,2.202413e-09,2.202413e-11
1.992641e+00,7.641553e-11,2.223010e-09,2.223010e-11
1.995529e+00,7.821558e-11,2.249370e-09,2.249370e-11
1.998417e+00,8.026200e-11,2.280850e-09,2.280850e-11
2.001304e+00,8.248055e-11,2.316563e-09,2.316563e-11
2.004192e+00,8.472937e-11,2.355489e-09,2.355489e-11
2.007080e+00,8.681610e-11,2.396662e-09,2.396662e-11
2.009968e+00,8.882223e-11,2.439430e-09,2.439430e-11
2.012856e+00,9.075448e-11,2.483298e-09,2.483298e-11
2.015744e+00,9.257026e-11,2.527709e-09,2.527709e-11
2.018632e+00,9.414795e-11,2.571994e-09,2.571994e-11
2.021520e+00,9.560381e-11,2.615676e-09,2.615676e-11
2.024408e+00,9.701225e-11,2.658296e-09,2.658296e-11
2.027295e+00,9.830584e-11,2.699112e-09,2.699112e-11
2.030183e+00,9.936032e-11,2.737051e-09,2.737051e-11
2.033071e+00,1.002403e-10,2.771100e-09,2.771100e-11
2.035959e+00,1.010258e-10,2.800249e-09,2.800249e-11
2.038847e+00,1.016541e-10,2.823419e-09,2.823419e-11
2.041735e+00,1.020125e-10,2.839717e-09,2.839717e-11
2.044623e+00,1.021899e-10,2.848662e-09,2.848662e-11
2.047511e+00,1.022763e-10,2.850065e-09,2.850065e-11
2.050399e+00,1.022221e-10,2.844199e-09,2.844199e-11
2.053286e+00,1.019157e-10,2.831933e-09,2.831933e-11
2.056174e+00,1.014046e-10,2.814704e-09,2.814704e-11
2.059062e+00,1.007825e-10,2.794056e-09,2.794056e-11
2.061950e+00,9.999832e-11,2.771042e-09,2.771042e-11
2.064838e+00,9.897080e-11,2.745830e-09,2.745830e-11
2.067726e+00,9.775096e-11,2.717806e-09,2.717806e-11
2.070614e+00,9.648866e-11,2.685954e-09,2.685954e-11
2.073502e+00,9.518157e-11,2.649202e-09,2.649202e-11
2.076390e+00,9.377649e-11,2.606512e-09,2.606512e-11
2.079277e+00,9.231524e-11,2.557410e-09,2.557410e-11
2.082165e+00,9.092494e-11,2.502261e-09,2.502261e-11
2.085053e+00,8.956221e-11,2.442049e-09,2.442049e-11
2.087941e+00,8.811708e-11,2.378446e-09,2.378446e-11
2.090829e+00,8.659464e-11,2.313953e-09,2.313953e-11
2.093717e+00,8.507915e-11,2.251583e-09,2.251583e-11
2.096605e+00,8.355831e-11,2.194416e-09,2.194416e-11
2.099493e+00,8.198542e-11,2.145065e-09,2.145065e-11
2.102380e+00,8.041454e-11,2.105197e-09,2.105197e-11
2.105268e+00,7.900820e-11,2.075155e-09,2.075155e-11
2.108156e+00,7.780103e-11,2.053825e-09,2.053825e-11
2.111044e+00,7.676816e-11,2.039100e-09,2.039100e-11
2.113932e+00,7.592064e-11,2.028705e-09,2.028705e-11
2.116820e+00,7.533957e-11,2.020941e-09,2.020941e-11
2.119708e+00,7.496802e-11,2.015299e-09,2.015299e-11
2.122596e+00,7.468746e-11,2.012507e-09,2.012507e-11
2.125484e+00,7.444082e-11,2.014232e-09,2.014232e-11
2.128371e+00,7.425854e-11,2.022761e-09,2.022761e-11
2.131259e+00,7.412020e-11,2.040400e-09,2.040400e-11
2.134147e+00,7.395265e-11,2.068733e-09,2.068733e-11
2.137035e+00,7.377508e-11,2.107778e-09,2.107778e-11
2.139923e+00,7.365982e-11,2.155257e-09,2.155257e-11
2.142811e+00,7.360446e-11,2.206990e-09,2.206990e-11
2.145699e+00,7.353008e-11,2.257848e-09,2.257848e-11
2.148587e+00,7.339376e-11,2.302291e-09,2.302291e-11
2.151475e+00,7.319171e-11,2.335133e-09,2.335133e-11
2.154362e+00,7.288550e-11,2.352354e-09,2.352354e-11
2.157250e+00,7.236223e-11,2.351340e-09,2.351340e-11
2.160138e+00,7.159380e-11,2.331115e-09,2.331115e-11
2.163026e+00,7.064295e-11,2.292598e-09,2.292598e-11
2.165914e+00,6.957951e-11,2.238308e-09,2.238308e-11
2.168802e+00,6.839481e-11,2.171973e-09,2.171973e-11
2.171690e+00,6.717904e-11,2.098528e-09,2.098528e-11
2.174578e+00,6.606731e-11,2.023914e-09,2.023914e-11
2.177465e+00,6.517364e-11,1.954566e-09,1.954566e-11
2.180353e+00,6.450684e-11,1.896853e-09,1.896853e-11
2.183241e+00,6.413759e-11,1.856476e-09,1.856476e-11
2.186129e+00,6.417257e-11,1.838101e-09,1.838101e-11
2.189017e+00,6.468106e-11,1.845036e-09,1.845036e-11
2.191905e+00,6.564770e-11,1.879200e-09,1.879200e-11
2.194793e+00,6.709258e-11,1.941395e-09,1.941395e-11
2.197681e+00,6.908093e-11,2.031439e-09,2.031439e-11
2.200569e+00,7.160352e-11,2.148115e-09,2.148115e-11
2.203456e+00,7.456879e-11,2.289015e-09,2.289015e-11
2.206344e+00,7.789173e-11,2.450416e-09,2.450416e-11
2.209232e+00,8.152432e-11,2.627324e-09,2.627324e-11
2.212120e+00,8.535618e-11,2.813649e-09,2.813649e-11
2.215008e+00,8.920936e-11,3.002590e-09,3.002590e-11
2.217896e+00,9.294694e-11,3.187067e-09,3.187067e-11
2.220784e+00,9.651850e-11,3.360126e-09,3.360126e-11
2.223672e+00,9.982370e-11,3.515310e-09,3.515310e-11
2.226560e+00,1.027507e-10,3.646940e-09,3.646940e-11
2.229447e+00,1.052121e-10,3.750318e-09,3.750318e-11
2.232335e+00,1.072284e-10,3.821902e-09,3.821902e-11
2.235223e+00,1.087611e-10,3.859436e-09,3.859436e-11
2.238111e+00,1.097481e-10,3.862146e-09,3.862146e-11
2.240999e+00,1.101377e-10,3.830861e-09,3.830861e-11
2.243887e+00,1.100034e-10,3.768013e-09,3.768013e-11
2.246775e+00,1.094031e-10,3.677503e-09,3.677503e-11
2.249663e+00,1.083688e-10,3.564494e-09,3.564494e-11
2.252551e+00,1.069725e-10,3.435211e-09,3.435211e-11
2.255438e+00,1.054034e-10,3.296769e-09,3.296769e-11
2.258326e+00,1.038567e-10,3.156699e-09,3.156699e-11
2.261214e+00,1.024115e-10,3.022254e-09,3.022254e-11
2.264102e+00,1.011430e-10,2.899985e-09,2.899985e-11
2.266990e+00,1.001604e-10,2.795302e-09,2.795302e-11
2.269878e+00,9.951931e-11,2.711673e-09,2.711673e-11
2.272766e+00,9.911928e-11,2.650113e-09,2.650113e-11
2.275654e+00,9.883065e-11,2.609219e-09,2.609219e-11
2.278541e+00,9.858502e-11,2.585676e-09,2.585676e-11
2.281429e+00,9.833059e-11,2.575003e-09,2.575003e-11
2.284317e+00,9.792137e-11,2.572607e-09,2.572607e-11
2.287205e+00,9.725483e-11,2.574781e-09,2.574781e-11
2.290093e+00,9.632802e-11,2.579098e-09,2.579098e-11
2.292981e+00,9.521063e-11,2.584305e-09,2.584305e-11
2.295869e+00,9.386860e-11,2.590190e-09,2.590190e-11
2.298757e+00,9.228242e-11,2.597066e-09,2.597066e-11
2.301645e+00,9.051441e-11,2.605308e-09,2.605308e-11
2.304532e+00,8.868808e-11,2.615090e-09,2.615090e-11
2.307420e+00,8.682585e-11,2.626268e-09,2.626268e-11
2.310308e+00,8.492009e-11,2.638612e-09,2.638612e-11
2.313196e+00,8.306326e-11,2.652295e-09,2.652295e-11
2.316084e+00,8.140004e-11,2.667955e-09,2.667955e-11
2.318972e+00,7.998208e-11,2.686431e-09,2.686431e-11
2.321860e+00,7.877126e-11,2.708376e-09,2.708376e-11
2.324748e+00,7.780657e-11,2.734006e-09,2.734006e-11
2.327636e+00,7.716646e-11,2.762928e-09,2.762928e-11
2.330523e+00,7.681954e-11,2.794057e-09,2.794057e-11
2.333411e+00,7.663277e-11,2.825926e-09,2.825926e-11
2.336299e+00,7.658067e-11,2.857294e-09,2.857294e-11
2.339187e+00,7.671725e-11,2.887669e-09,2.887669e-11
2.342075e+00,7.704507e-11,2.917585e-09,2.917585e-11
2.344963e+00,7.748928e-11,2.948565e-09,2.948565e-11
2.347851e+00,7.807536e-11,2.982819e-09,2.982819e-11
2.350739e+00,7.891370e-11,3.022553e-09,3.022553e-11
2.353626e+00,8.004852e-11,3.069014e-09,3.069014e-11
2.356514e+00,8.136789e-11,3.122058e-09,3.122058e-11
2.359402e+00,8.280540e-11,3.180235e-09,3.180235e-11
2.362290e+00,8.438044e-11,3.241016e-09,3.241016e-11
2.365178e+00,8.605899e-11,3.301106e-09,3.301106e-11
2.368066e+00,8.767664e-11,3.357250e-09,3.357250e-11
2.370954e+00,8.915218e-11,3.407116e-09,3.407116e-11
2.373842e+00,9.056380e-11,3.449738e-09,3.449738e-11
2.376730e+00,9.198072e-11,3.485297e-09,3.485297e-11
2.379617e+00,9.336245e-11,3.514650e-09,3.514650e-11
2.382505e+00,9.469415e-11,3.538892e-09,3.538892e-11
2.385393e+00,9.610026e-11,3.559034e-09,3.559034e-11
2.388281e+00,9.764162e-11,3.575558e-09,3.575558e-11
2.391169e+00,9.921938e-11,3.588256e-09,3.588256e-11
2.394057e+00,1.007283e-10,3.596418e-09,3.596418e-11
2.396945e+00,1.022029e-10,3.599423e-09,3.599423e-11
2.399833e+00,1.036848e-10,3.597251e-09,3.597251e-11
2.402721e+00,1.050880e-10,3.590823e-09,3.590823e-11
2.405608e+00,1.063481e-10,3.582115e-09,3.582115e-11
2.408496e+00,1.075907e-10,3.573930e-09,3.573930e-11
2.411384e+00,1.089435e-10,3.569092e-09,3.569092e-11
2.414272e+00,1.103702e-10,3.569708e-09,3.569708e-11
2.417160e+00,1.117935e-10,3.576713e-09,3.576713e-11
2.420048e+00,1.132604e-10,3.589828e-09,3.589828e-11
2.422936e+00,1.147993e-10,3.607707e-09,3.607707e-11
2.425824e+00,1.162829e-10,3.628364e-09,3.628364e-11
2.428712e+00,1.175458e-10,3.649794e-09,3.649794e-11
2.431599e+00,1.185963e-10,3.670565e-09,3.670565e-11
2.434487e+00,1.194961e-10,3.689882e-09,3.689882e-11
2.437375e+00,1.201909e-10,3.707251e-09,3.707251e-11
2.440263e+00,1.206063e-10,3.721994e-09,3.721994e-11
2.443151e+00,1.208075e-10,3.733029e-09,3.733029e-11
2.446039e+00,1.208991e-10,3.738659e-09,3.738659e-11
2.448927e+00,1.208300e-10,3.736596e-09,3.736596e-11
2.451815e+00,1.204840e-10,3.724380e-09,3.724380e-11
2.454702e+00,1.198755e-10,3.699866e-09,3.699866e-11
2.457590e+00,1.190735e-10,3.661561e-09,3.661561e-11
2.460478e+00,1.180398e-10,3.609017e-09,3.609017e-11
2.463366e+00,1.167044e-10,3.542990e-09,3.542990e-11
2.466254e+00,1.151371e-10,3.465425e-09,3.465425e-11
2.469142e+00,1.134878e-10,3.379141e-09,3.379141e-11
2.472030e+00,1.117895e-10,3.287178e-09,3.287178e-11
2.474918e+00,1.099991e-10,3.192349e-09,3.192349e-11
2.477806e+00,1.081620e-10,3.097110e-09,3.097110e-11
2.480693e+00,1.063709e-10,3.003349e-09,3.003349e-11
2.483581e+00,1.045976e-10,2.912406e-09,2.912406e-11
2.486469e+00,1.027580e-10,2.825249e-09,2.825249e-11
2.489357e+00,1.008725e-10,2.742810e-09,2.742810e-11
2.492245e+00,9.905444e-11,2.666328e-09,2.666328e-11
2.495133e+00,9.733499e-11,2.597364e-09,2.597364e-11
2.498021e+00,9.569380e-11,2.537599e-09,2.537599e-11
2.500909e+00,9.419325e-11,2.488451e-09,2.488451e-11
2.503797e+00,9.293761e-11,2.450411e-09,2.450411e-11
2.506684e+00,9.190023e-11,2.422659e-09,2.422659e-11
2.509572e+00,9.094772e-11,2.403160e-09,2.403160e-11
2.512460e+00,8.999944e-11,2.388911e-09,2.388911e-11
2.515348e+00,8.902876e-11,2.376394e-09,2.376394e-11
2.518236e+00,8.793027e-11,2.362340e-09,2.362340e-11
2.521124e+00,8.657093e-11,2.344528e-09,2.344528e-11
2.524012e+00,8.494199e-11,2.322297e-09,2.322297e-11
2.526900e+00,8.315150e-11,2.296452e-09,2.296452e-11
2.529787e+00,8.126275e-11,2.268686e-09,2.268686e-11
2.532675e+00,7.930018e-11,2.240840e-09,2.240840e-11
2.535563e+00,7.737034e-11,2.214236e-09,2.214236e-11
2.538451e+00,7.561848e-11,2.189219e-09,2.189219e-11
2.541339e+00,7.408287e-11,2.165072e-09,2.165072e-11
2.544227e+00,7.270016e-11,2.140364e-09,2.140364e-11
2.547115e+00,7.146199e-11,2.113592e-09,2.113592e-11
2.550003e+00,7.040367e-11,2.083748e-09,2.083748e-11
2.552891e+00,6.948054e-11,2.050638e-09,2.050638e-11
2.555778e+00,6.859255e-11,2.014945e-09,2.014945e-11
2.558666e+00,6.773556e-11,1.977983e-09,1.977983e-11
2.561554e+00,6.695939e-11,1.941189e-09,1.941189e-11
2.564442e+00,6.624439e-11,1.905821e-09,1.905821e-11
2.567330e+00,6.551469e-11,1.872872e-09,1.872872e-11
2.570218e+00,6.476131e-11,1.842929e-09,1.842929e-11
2.573106e+00,6.402645e-11,1.816144e-09,1.816144e-11
2.575994e+00,6.329989e-11,1.792402e-09,1.792402e-11
2.578882e+00,6.252145e-11,1.771554e-09,1.771554e-11
2.581769e+00,6.171783e-11,1.753710e-09,1.753710e-11
2.584657e+00,6.098396e-11,1.739358e-09,1.739358e-11
2.587545e+00,6.036656e-11,1.729160e-09,1.729160e-11
2.590433e+00,5.984212e-11,1.723579e-09,1.723579e-11
2.593321e+00,5.943273e-11,1.722517e-09,1.722517e-11
2.596209e+00,5.920231e-11,1.725160e-09,1.725160e-11
2.599097e+00,5.913779e-11,1.730091e-09,1.730091e-11
2.601985e+00,5.913738e-11,1.735463e-09,1.735463e-11
2.604873e+00,5.913945e-11,1.739302e-09,1.739302e-11
2.607760e+00,5.917615e-11,1.740025e-09,1.740025e-11
2.610648e+00,5.924645e-11,1.736736e-09,1.736736e-11
2.613536e+00,5.928761e-11,1.729430e-09,1.729430e-11
2.616424e+00,5.930492e-11,1.719148e-09,1.719148e-11
2.619312e+00,5.940693e-11,1.707857e-09,1.707857e-11
2.622200e+00,5.964565e-11,1.698017e-09,1.698017e-11
2.625088e+00,5.997127e-11,1.692101e-09,1.692101e-11
2.627976e+00,6.034855e-11,1.692196e-09,1.692196e-11
2.630863e+00,6.083053e-11,1.699658e-09,1.699658e-11
2.633751e+00,6.139745e-11,1.714654e-09,1.714654e-11
2.636639e+00,6.192280e-11,1.736212e-09,1.736212e-11
2.639527e+00,6.233691e-11,1.762771e-09,1.762771e-11
2.642415e+00,6.268411e-11,1.792694e-09,1.792694e-11
2.645303e+00,6.298270e-11,1.824472e-09,1.824472e-11
2.648191e+00,6.318138e-11,1.857055e-09,1.857055e-11
2.651079e+00,6.327964e-11,1.889925e-09,1.889925e-11
2.653967e+00,6.339387e-11,1.922880e-09,1.922880e-11
2.656854e+00,6.361891e-11,1.955905e-09,1.955905e-11
2.659742e+00,6.394493e-11,1.989055e-09,1.989055e-11
2.662630e+00,6.436649e-11,2.022161e-09,2.022161e-11
2.665518e+00,6.496852e-11,2.055112e-09,2.055112e-11
2.668406e+00,6.582032e-11,2.087979e-09,2.087979e-11
2.671294e+00,6.686005e-11,2.120725e-09,2.120725e-11
2.674182e+00,6.801977e-11,2.153212e-09,2.153212e-11
2.677070e+00,6.933209e-11,2.185501e-09,2.185501e-11
2.679958e+00,7.082496e-11,2.217655e-09,2.217655e-11
2.682845e+00,7.241047e-11,2.249648e-09,2.249648e-11
2.685733e+00,7.399707e-11,2.281509e-09,2.281509e-11
2.688621e+00,7.559921e-11,2.313392e-09,2.313392e-11
2.691509e+00,7.725790e-11,2.345431e-09,2.345431e-11
2.694397e+00,7.891474e-11,2.377621e-09,2.377621e-11
2.697285e+00,8.049449e-11,2.409814e-09,2.409814e-11
2.700173e+00,8.202969e-11,2.442168e-09,2.442168e-11
2.703061e+00,8.359123e-11,2.475443e-09,2.475443e-11
2.705948e+00,8.514560e-11,2.511093e-09,2.511093e-11
2.708836e+00,8.662135e-11,2.551399e-09,2.551399e-11
2.711724e+00,8.804306e-11,2.599552e-09,2.599552e-11
2.714612e+00,8.947764e-11,2.659220e-09,2.659220e-11
2.717500e+00,9.088920e-11,2.733751e-09,2.733751e-11
2.720388e+00,9.218192e-11,2.825406e-09,2.825406e-11
2.723276e+00,9.335722e-11,2.934975e-09,2.934975e-11
2.726164e+00,9.447876e-11,3.061310e-09,3.061310e-11
2.729052e+00,9.551165e-11,3.201036e-09,3.201036e-11
2.731939e+00,9.635663e-11,3.348982e-09,3.348982e-11
2.734827e+00,9.701150e-11,3.498792e-09,3.498792e-11
2.737715e+00,9.753661e-11,3.643252e-09,3.643252e-11
2.740603e+00,9.790588e-11,3.774774e-09,3.774774e-11
2.743491e+00,9.801474e-11,3.886097e-09,3.886097e-11
2.746379e+00,9.783352e-11,3.970874e-09,3.970874e-11
2.749267e+00,9.741627e-11,4.024067e-09,4.024067e-11
2.752155e+00,9.674184e-11,4.042201e-09,4.042201e-11
2.755043e+00,9.570448e-11,4.023530e-09,4.023530e-11
2.757930e+00,9.428190e-11,3.968116e-09,3.968116e-11
2.760818e+00,9.254538e-11,3.877799e-09,3.877799e-11
2.763706e+00,9.051605e-11,3.756063e-09,3.756063e-11
2.766594e+00,8.814316e-11,3.607858e-09,3.607858e-11
2.769482e+00,8.544115e-11,3.439298e-09,3.439298e-11
2.772370e+00,8.253644e-11,3.257338e-09,3.257338e-11
2.775258e+00,7.952526e-11,3.069287e-09,3.069287e-11
2.778146e+00,7.641282e-11,2.882321e-09,2.882321e-11
2.781034e+00,7.326733e-11,2.703172e-09,2.703172e-11
2.783921e+00,7.026188e-11,2.537877e-09,2.537877e-11
2.786809e+00,6.752298e-11,2.391322e-09,2.391322e-11
2.789697e+00,6.506097e-11,2.267015e-09,2.267015e-11
2.792585e+00,6.290268e-11,2.167232e-09,2.167232e-11
2.795473e+00,6.115413e-11,2.093249e-09,2.093249e-11
2.798361e+00,5.986462e-11,2.045252e-09,2.045252e-11
2.801249e+00,5.896687e-11,2.022279e-09,2.022279e-11
2.804137e+00,5.840454e-11,2.022324e-09,2.022324e-11
2.807024e+00,5.821769e-11,2.042515e-09,2.042515e-11
2.809912e+00,5.842955e-11,2.079028e-09,2.079028e-11
2.812800e+00,5.896190e-11,2.127198e-09,2.127198e-11
2.815688e+00,5.975229e-11,2.181939e-09,2.181939e-11
2.818576e+00,6.083768e-11,2.238165e-09,2.238165e-11
2.821464e+00,6.223648e-11,2.291005e-09,2.291005e-11
2.824352e+00,6.383948e-11,2.336200e-09,2.336200e-11
2.827240e+00,6.552129e-11,2.370554e-09,2.370554e-11
2.830128e+00,6.725465e-11,2.392296e-09,2.392296e-11
2.833015e+00,6.900998e-11,2.401101e-09,2.401101e-11
2.835903e+00,7.065463e-11,2.398099e-09,2.398099e-11
2.838791e+00,7.206435e-11,2.385888e-09,2.385888e-11
2.841679e+00,7.325632e-11,2.368398e-09,2.368398e-11
2.844567e+00,7.429234e-11,2.350332e-09,2.350332e-11
2.847455e+00,7.515887e-11,2.336426e-09,2.336426e-11
2.850343e+00,7.584618e-11,2.330587e-09,2.330587e-11
2.853231e+00,7.646224e-11,2.335247e-09,2.335247e-11
2.856119e+00,7.714347e-11,2.351002e-09,2.351002e-11
2.859006e+00,7.791225e-11,2.376548e-09,2.376548e-11
2.861894e+00,7.874373e-11,2.409091e-09,2.409091e-11
2.864782e+00,7.970817e-11,2.445276e-09,2.445276e-11
2.867670e+00,8.089493e-11,2.481923e-09,2.481923e-11
2.870558e+00,8.227043e-11,2.516583e-09,2.516583e-11
2.873446e+00,8.375341e-11,2.547965e-09,2.547965e-11
2.876334e+00,8.536029e-11,2.576003e-09,2.576003e-11
2.879222e+00,8.713200e-11,2.601416e-09,2.601416e-11
2.882109e+00,8.899191e-11,2.625216e-09,2.625216e-11
2.884997e+00,9.080831e-11,2.648290e-09,2.648290e-11
2.887885e+00,9.252853e-11,2.671076e-09,2.671076e-11
2.890773e+00,9.413499e-11,2.693335e-09,2.693335e-11
2.893661e+00,9.552374e-11,2.714106e-09,2.714106e-11
2.896549e+00,9.655842e-11,2.731813e-09,2.731813e-11
2.899437e+00,9.720451e-11,2.744709e-09,2.744709e-11
2.902325e+00,9.750705e-11,2.751299e-09,2.751299e-11
2.905213e+00,9.745959e-11,2.750395e-09,2.750395e-11
2.908100e+00,9.702021e-11,2.741240e-09,2.741240e-11
2.910988e+00,9.624101e-11,2.723736e-09,2.723736e-11
2.913876e+00,9.523053e-11,2.698243e-09,2.698243e-11
2.916764e+00,9.400357e-11,2.665326e-09,2.665326e-11
2.919652e+00,9.251200e-11,2.625718e-09,2.625718e-11
2.922540e+00,9.077189e-11,2.580175e-09,2.580175e-11
2.925428e+00,8.885186e-11,2.529287e-09,2.529287e-11
2.928316e+00,8.675619e-11,2.473608e-09,2.473608e-11
2.931204e+00,8.444836e-11,2.414059e-09,2.414059e-11
2.934091e+00,8.198622e-11,2.352114e-09,2.352114e-11
2.936979e+00,7.950260e-11,2.289698e-09,2.289698e-11
2.939867e+00,7.707618e-11,2.229131e-09,2.229131e-11
2.942755e+00,7.472479e-11,2.172915e-09,2.172915e-11
2.945643e+00,7.251344e-11,2.123261e-09,2.123261e-11
2.948531e+00,7.055036e-11,2.081737e-09,2.081737e-11
2.951419e+00,6.886272e-11,2.049087e-09,2.049087e-11
2.954307e+00,6.739417e-11,2.025174e-09,2.025174e-11
2.957195e+00,6.613612e-11,2.009222e-09,2.009222e-11
2.960082e+00,6.514158e-11,2.000223e-09,2.000223e-11
2.962970e+00,6.440749e-11,1.997244e-09,1.997244e-11
2.965858e+00,6.386525e-11,1.999527e-09,1.999527e-11
2.968746e+00,6.350444e-11,2.006409e-09,2.006409e-11
2.971634e+00,6.337560e-11,2.017064e-09,2.017064e-11
2.974522e+00,6.346081e-11,2.030258e-09,2.030258e-11
2.977410e+00,6.365388e-11,2.044327e-09,2.044327e-11
2.980298e+00,6.388737e-11,2.057278e-09,2.057278e-11
2.983185e+00,6.416884e-11,2.067020e-09,2.067020e-11
2.986073e+00,6.446170e-11,2.071576e-09,2.071576e-11
2.988961e+00,6.466292e-11,2.069436e-09,2.069436e-11
2.991849e+00,6.474814e-11,2.060076e-09,2.060076e-11
2.994737e+00,6.481308e-11,2.044172e-09,2.044172e-11
2.997625e+00,6.492392e-11,2.023375e-09,2.023375e-11
3.000513e+00,6.507061e-11,2.000131e-09,2.000131e-11
3.003401e+00,6.529604e-11,1.977547e-09,1.977547e-11
3.006289e+00,6.572354e-11,1.959144e-09,1.959144e-11
3.009176e+00,6.640897e-11,1.948435e-09,1.948435e-11
3.012064e+00,6.728896e-11,1.948654e-09,1.948654e-11
3.014952e+00,6.832946e-11,1.962743e-09,1.962743e-11
3.017840e+00,6.959034e-11,1.993479e-09,1.993479e-11
3.020728e+00,7.108327e-11,2.043366e-09,2.043366e-11
3.023616e+00,7.272801e-11,2.114390e-09,2.114390e-11
3.026504e+00,7.449766e-11,2.207629e-09,2.207629e-11
3.029392e+00,7.647859e-11,2.322738e-09,2.322738e-11
3.032280e+00,7.871878e-11,2.457451e-09,2.457451e-11
3.035167e+00,8.114112e-11,2.607633e-09,2.607633e-11
3.038055e+00,8.368186e-11,2.767870e-09,2.767870e-11
3.040943e+00,8.637004e-11,2.932300e-09,2.932300e-11
3.043831e+00,8.918840e-11,3.095127e-09,3.095127e-11
3.046719e+00,9.198919e-11,3.251151e-09,3.251151e-11
3.049607e+00,9.465758e-11,3.396501e-09,3.396501e-11
3.052495e+00,9.721034e-11,3.529058e-09,3.529058e-11
3.055383e+00,9.966369e-11,3.648337e-09,3.648337e-11
3.058271e+00,1.019402e-10,3.755238e-09,3.755238e-11
3.061158e+00,1.039827e-10,3.851448e-09,3.851448e-11
3.064046e+00,1.058517e-10,3.938767e-09,3.938767e-11
3.066934e+00,1.075957e-10,4.018642e-09,4.018642e-11
3.069822e+00,1.091293e-10,4.091950e-09,4.091950e-11
3.072710e+00,1.103562e-10,4.158952e-09,4.158952e-11
3.075598e+00,1.113040e-10,4.219480e-09,4.219480e-11
3.078486e+00,1.120174e-10,4.273240e-09,4.273240e-11
3.081374e+00,1.124309e-10,4.320248e-09,4.320248e-11
3.084261e+00,1.125035e-10,4.361046e-09,4.361046e-11
3.087149e+00,1.123546e-10,4.396626e-09,4.396626e-11
3.090037e+00,1.121189e-10,4.428045e-09,4.428045e-11
3.092925e+00,1.117959e-10,4.455905e-09,4.455905e-11
3.095813e+00,1.113502e-10,4.479903e-09,4.479903e-11
3.098701e+00,1.108350e-10,4.498760e-09,4.498760e-11
3.101589e+00,1.102874e-10,4.510266e-09,4.510266e-11
3.104477e+00,1.095903e-10,4.511534e-09,4.511534e-11
3.107365e+00,1.085904e-10,4.499499e-09,4.499499e-11
3.110252e+00,1.072783e-10,4.471586e-09,4.471586e-11
3.113140e+00,1.057040e-10,4.426173e-09,4.426173e-11
3.116028e+00,1.038291e-10,4.362837e-09,4.362837e-11
3.118916e+00,1.016223e-10,4.282398e-09,4.282398e-11
3.121804e+00,9.920745e-11,4.186702e-09,4.186702e-11
3.124692e+00,9.675324e-11,4.078082e-09,4.078082e-11
3.127580e+00,9.428786e-11,3.958813e-09,3.958813e-11
3.130468e+00,9.177618e-11,3.830855e-09,3.830855e-11
3.133356e+00,8.928544e-11,3.695880e-09,3.695880e-11
3.136243e+00,8.690292e-11,3.555215e-09,3.555215e-11
3.139131e+00,8.458502e-11,3.410018e-09,3.410018e-11
3.142019e+00,8.224536e-11,3.261857e-09,3.261857e-11
3.144907e+00,7.994300e-11,3.113376e-09,3.113376e-11
3.147795e+00,7.782377e-11,2.968455e-09,2.968455e-11
3.150683e+00,7.593512e-11,2.831830e-09,2.831830e-11
3.153571e+00,7.426970e-11,2.708503e-09,2.708503e-11
3.156459e+00,7.292496e-11,2.603004e-09,2.603004e-11
3.159346e+00,7.204353e-11,2.518354e-09,2.518354e-11
3.162234e+00,7.161842e-11,2.455250e-09,2.455250e-11
3.165122e+00,7.153141e-11,2.411941e-09,2.411941e-11
3.168010e+00,7.173707e-11,2.384877e-09,2.384877e-11
3.170898e+00,7.225209e-11,2.369755e-09,2.369755e-11
3.173786e+00,7.299489e-11,2.362648e-09,2.362648e-11
3.176674e+00,7.380506e-11,2.360926e-09,2.360926e-11
3.179562e+00,7.463449e-11,2.363619e-09,2.363619e-11
3.182450e+00,7.553670e-11,2.370841e-09,2.370841e-11
3.185337e+00,7.647992e-11,2.382637e-09,2.382637e-11
3.188225e+00,7.732810e-11,2.398166e-09,2.398166e-11
3.191113e+00,7.800567e-11,2.415545e-09,2.415545e-11
3.194001e+00,7.852897e-11,2.432089e-09,2.432089e-11
3.196889e+00,7.884591e-11,2.444735e-09,2.444735e-11
3.199777e+00,7.881513e-11,2.450826e-09,2.450826e-11
3.202665e+00,7.838641e-11,2.448985e-09,2.448985e-11
3.205553e+00,7.766661e-11,2.439731e-09,2.439731e-11
3.208441e+00,7.676505e-11,2.425446e-09,2.425446e-11
3.211328e+00,7.572015e-11,2.409779e-09,2.409779e-11
3.214216e+00,7.463340e-11,2.396694e-09,2.396694e-11
3.217104e+00,7.370549e-11,2.389488e-09,2.389488e-11
3.219992e+00,7.306809e-11,2.389883e-09,2.389883e-11
3.222880e+00,7.269800e-11,2.397648e-09,2.397648e-11
3.225768e+00,7.254302e-11,2.410759e-09,2.410759e-11
3.228656e+00,7.261239e-11,2.425948e-09,2.425948e-11
3.231544e+00,7.287784e-11,2.439559e-09,2.439559e-11
3.234432e+00,7.321631e-11,2.448743e-09,2.448743e-11
3.237319e+00,7.353868e-11,2.452443e-09,2.452443e-11
3.240207e+00,7.389356e-11,2.451804e-09,2.451804e-11
3.243095e+00,7.435635e-11,2.449729e-09,2.449729e-11
3.245983e+00,7.491532e-11,2.449827e-09,2.449827e-11
3.248871e+00,7.555100e-11,2.455051e-09,2.455051e-11
3.251759e+00,7.631064e-11,2.466645e-09,2.466645e-11
3.254647e+00,7.721145e-11,2.483658e-09,2.483658e-11
3.257535e+00,7.814222e-11,2.503053e-09,2.503053e-11
3.260422e+00,7.895697e-11,2.520380e-09,2.520380e-11
3.263310e+00,7.959515e-11,2.530979e-09,2.530979e-11
3.266198e+00,8.003903e-11,2.531319e-09,2.531319e-11
3.269086e+00,8.023835e-11,2.520002e-09,2.520002e-11
3.271974e+00,8.016155e-11,2.497907e-09,2.497907e-11
3.274862e+00,7.988524e-11,2.467786e-09,2.467786e-11
3.277750e+00,7.953777e-11,2.433535e-09,2.433535e-11
3.280638e+00,7.916665e-11,2.399180e-09,2.399180e-11
3.283526e+00,7.875635e-11,2.367879e-09,2.367879e-11
3.286413e+00,7.832427e-11,2.341252e-09,2.341252e-11
3.289301e+00,7.789222e-11,2.319017e-09,2.319017e-11
3.292189e+00,7.739667e-11,2.299275e-09,2.299275e-11
3.295077e+00,7.673459e-11,2.279543e-09,2.279543e-11
3.297965e+00,7.589224e-11,2.258081e-09,2.258081e-11
3.300853e+00,7.494054e-11,2.234996e-09,2.234996e-11
3.303741e+00,7.392380e-11,2.212535e-09,2.212535e-11
3.306629e+00,7.286576e-11,2.194332e-09,2.194332e-11
3.309517e+00,7.185613e-11,2.184161e-09,2.184161e-11
3.312404e+00,7.101585e-11,2.184622e-09,2.184622e-11
3.315292e+00,7.038113e-11,2.196069e-09,2.196069e-11
3.318180e+00,6.990308e-11,2.216272e-09,2.216272e-11
3.321068e+00,6.955472e-11,2.240999e-09,2.240999e-11
3.323956e+00,6.934602e-11,2.265405e-09,2.265405e-11
3.326844e+00,6.924691e-11,2.285897e-09,2.285897e-11
3.329732e+00,6.920280e-11,2.301451e-09,2.301451e-11
3.332620e+00,6.923433e-11,2.313720e-09,2.313720e-11
3.335507e+00,6.942714e-11,2.326207e-09,2.326207e-11
3.338395e+00,6.981989e-11,2.342693e-09,2.342693e-11
3.341283e+00,7.038092e-11,2.365500e-09,2.365500e-11
3.344171e+00,7.108237e-11,2.394474e-09,2.394474e-11
3.347059e+00,7.190956e-11,2.426890e-09,2.426890e-11
3.349947e+00,7.277962e-11,2.458093e-09,2.458093e-11
3.352835e+00,7.353656e-11,2.482827e-09,2.482827e-11
3.355723e+00,7.409011e-11,2.497021e-09,2.497021e-11
3.358611e+00,7.446447e-11,2.499288e-09,2.499288e-11
3.361498e+00,7.469294e-11,2.491689e-09,2.491689e-11
3.364386e+00,7.480072e-11,2.479610e-09,2.479610e-11
3.367274e+00,7.490184e-11,2.470495e-09,2.470495e-11
3.370162e+00,7.518853e-11,2.471865e-09,2.471865e-11
3.373050e+00,7.579012e-11,2.489459e-09,2.489459e-11
3.375938e+00,7.672338e-11,2.526133e-09,2.526133e-11
3.378826e+00,7.800379e-11,2.581931e-09,2.581931e-11
3.381714e+00,7.967656e-11,2.655319e-09,2.655319e-11
3.384602e+00,8.171130e-11,2.744939e-09,2.744939e-11
3.387489e+00,8.400511e-11,2.851209e-09,2.851209e-11
3.390377e+00,8.650788e-11,2.976979e-09,2.976979e-11
3.393265e+00,8.926449e-11,3.126789e-09,3.126789e-11
3.396153e+00,9.230103e-11,3.304915e-09,3.304915e-11
3.399041e+00,9.556061e-11,3.513123e-09,3.513123e-11
3.401929e+00,9.900764e-11,3.749178e-09,3.749178e-11
3.404817e+00,1.026580e-10,4.006662e-09,4.006662e-11
3.407705e+00,1.064429e-10,4.275837e-09,4.275837e-11
3.410593e+00,1.101601e-10,4.545037e-09,4.545037e-11
3.413480e+00,1.136185e-10,4.802114e-09,4.802114e-11
3.416368e+00,1.167272e-10,5.035716e-09,5.035716e-11
3.419256e+00,1.193804e-10,5.236213e-09,5.236213e-11
3.422144e+00,1.214066e-10,5.396264e-09,5.396264e-11
3.425032e+00,1.227187e-10,5.510972e-09,5.510972e-11
3.427920e+00,1.233911e-10,5.577767e-09,5.577767e-11
3.430808e+00,1.235019e-10,5.596051e-09,5.596051e-11
3.433696e+00,1.230236e-10,5.566826e-09,5.566826e-11
3.436583e+00,1.219644e-10,5.492455e-09,5.492455e-11
3.439471e+00,1.204564e-10,5.376535e-09,5.376535e-11
3.442359e+00,1.185986e-10,5.223626e-09,5.223626e-11
3.445247e+00,1.163574e-10,5.039075e-09,5.039075e-11
3.448135e+00,1.137362e-10,4.829076e-09,4.829076e-11
3.451023e+00,1.109051e-10,4.600849e-09,4.600849e-11
3.453911e+00,1.080329e-10,4.362466e-09,4.362466e-11
3.456799e+00,1.051542e-10,4.122406e-09,4.122406e-11
3.459687e+00,1.023214e-10,3.888986e-09,3.888986e-11
3.462574e+00,9.971333e-11,3.669620e-09,3.669620e-11
3.465462e+00,9.745940e-11,3.469872e-09,3.469872e-11
3.468350e+00,9.549312e-11,3.292845e-09,3.292845e-11
3.471238e+00,9.371242e-11,3.139023e-09,3.139023e-11
3.474126e+00,9.214397e-11,3.006653e-09,3.006653e-11
3.477014e+00,9.080059e-11,2.892436e-09,2.892436e-11
3.479902e+00,8.954189e-11,2.792657e-09,2.792657e-11
3.482790e+00,8.824890e-11,2.704301e-09,2.704301e-11
3.485678e+00,8.698175e-11,2.625631e-09,2.625631e-11
3.488565e+00,8.582904e-11,2.555702e-09,2.555702e-11
3.491453e+00,8.471871e-11,2.493640e-09,2.493640e-11
3.494341e+00,8.353856e-11,2.438001e-09,2.438001e-11
3.497229e+00,8.232188e-11,2.386522e-09,2.386522e-11
3.500117e+00,8.110697e-11,2.336014e-09,2.336014e-11
3.503005e+00,7.975049e-11,2.282672e-09,2.282672e-11
3.505893e+00,7.807391e-11,2.222742e-09,2.222742e-11
3.508781e+00,7.608463e-11,2.153631e-09,2.153631e-11
3.511668e+00,7.388297e-11,2.074508e-09,2.074508e-11
3.514556e+00,7.145429e-11,1.986492e-09,1.986492e-11
3.517444e+00,6.876012e-11,1.892598e-09,1.892598e-11
3.520332e+00,6.594938e-11,1.797628e-09,1.797628e-11
3.523220e+00,6.325069e-11,1.707200e-09,1.707200e-11
3.526108e+00,6.072229e-11,1.626393e-09,1.626393e-11
3.528996e+00,5.831421e-11,1.558656e-09,1.558656e-11
3.531884e+00,5.609422e-11,1.505457e-09,1.505457e-11
3.534772e+00,5.418859e-11,1.465918e-09,1.465918e-11
3.537659e+00,5.255580e-11,1.436999e-09,1.436999e-11
3.540547e+00,5.105644e-11,1.414814e-09,1.414814e-11
3.543435e+00,4.970143e-11,1.396443e-09,1.396443e-11
3.546323e+00,4.860608e-11,1.380696e-09,1.380696e-11
3.549211e+00,4.776518e-11,1.367938e-09,1.367938e-11
3.552099e+00,4.708948e-11,1.359522e-09,1.359522e-11
3.554987e+00,4.661488e-11,1.357223e-09,1.357223e-11
3.557875e+00,4.646747e-11,1.362405e-09,1.362405e-11
3.560763e+00,4.664510e-11,1.375222e-09,1.375222e-11
3.563650e+00,4.702706e-11,1.394564e-09,1.394564e-11
3.566538e+00,4.758582e-11,1.418759e-09,1.418759e-11
3.569426e+00,4.839330e-11,1.446124e-09,1.446124e-11
3.572314e+00,4.941945e-11,1.475064e-09,1.475064e-11
3.575202e+00,5.052466e-11,1.504370e-09,1.504370e-11
3.578090e+00,5.167608e-11,1.533567e-09,1.533567e-11
3.580978e+00,5.296397e-11,1.562702e-09,1.562702e-11
3.583866e+00,5.439178e-11,1.591876e-09,1.591876e-11
3.586754e+00,5.585459e-11,1.621260e-09,1.621260e-11
3.589641e+00,5.733244e-11,1.651288e-09,1.651288e-11
3.592529e+00,5.891148e-11,1.682605e-09,1.682605e-11
3.595417e+00,6.059341e-11,1.715795e-09,1.715795e-11
3.598305e+00,6.227503e-11,1.751257e-09,1.751257e-11
3.601193e+00,6.391589e-11,1.789098e-09,1.789098e-11
3.604081e+00,6.558138e-11,1.829152e-09,1.829152e-11
3.606969e+00,6.728962e-11,1.870970e-09,1.870970e-11
3.609857e+00,6.894724e-11,1.913857e-09,1.913857e-11
3.612744e+00,7.051414e-11,1.956907e-09,1.956907e-11
3.615632e+00,7.205221e-11,1.999075e-09,1.999075e-11
3.618520e+00,7.356778e-11,2.039116e-09,2.039116e-11
3.621408e+00,7.495507e-11,2.075447e-09,2.075447e-11
3.624296e+00,7.612873e-11,2.106161e-09,2.106161e-11
3.627184e+00,7.710029e-11,2.129422e-09,2.129422e-11
3.630072e+00,7.785816e-11,2.143544e-09,2.143544e-11
3.632960e+00,7.830617e-11,2.147049e-09,2.147049e-11
3.635848e+00,7.838824e-11,2.138960e-09,2.138960e-11
3.638735e+00,7.816267e-11,2.119103e-09,2.119103e-11
3.641623e+00,7.770290e-11,2.088297e-09,2.088297e-11
3.644511e+00,7.701756e-11,2.048416e-09,2.048416e-11
3.647399e+00,7.613208e-11,2.002211e-09,2.002211e-11
3.650287e+00,7.515917e-11,1.953060e-09,1.953060e-11
3.653175e+00,7.420352e-11,1.904495e-09,1.904495e-11
3.656063e+00,7.326713e-11,1.859742e-09,1.859742e-11
3.658951e+00,7.233019e-11,1.821230e-09,1.821230e-11
3.661839e+00,7.145017e-11,1.790225e-09,1.790225e-11
3.664726e+00,7.068376e-11,1.766812e-09,1.766812e-11
3.667614e+00,7.000457e-11,1.750353e-09,1.750353e-11
3.670502e+00,6.939606e-11,1.740169e-09,1.740169e-11
3.673390e+00,6.894517e-11,1.736234e-09,1.736234e-11
3.676278e+00,6.875711e-11,1.739291e-09,1.739291e-11
3.679166e+00,6.886086e-11,1.750687e-09,1.750687e-11
3.682054e+00,6.927543e-11,1.772063e-09,1.772063e-11
3.684942e+00,7.007192e-11,1.804758e-09,1.804758e-11
3.687829e+00,7.129768e-11,1.849237e-09,1.849237e-11
3.690717e+00,7.289329e-11,1.904856e-09,1.904856e-11
3.693605e+00,7.474805e-11,1.969813e-09,1.969813e-11
3.696493e+00,7.678694e-11,2.041364e-09,2.041364e-11
3.699381e+00,7.894044e-11,2.116196e-09,2.116196e-11
3.702269e+00,8.107753e-11,2.190883e-09,2.190883e-11
3.705157e+00,8.306589e-11,2.262276e-09,2.262276e-11
3.708045e+00,8.486340e-11,2.327774e-09,2.327774e-11
3.710933e+00,8.646793e-11,2.385494e-09,2.385494e-11
3.713820e+00,8.784692e-11,2.434385e-09,2.434385e-11
3.716708e+00,8.896622e-11,2.474147e-09,2.474147e-11
3.719596e+00,8.985495e-11,2.505126e-09,2.505126e-11
3.722484e+00,9.058296e-11,2.528221e-09,2.528221e-11
3.725372e+00,9.116957e-11,2.544713e-09,2.544713e-11
3.728260e+00,9.160341e-11,2.556230e-09,2.556230e-11
3.731148e+00,9.193888e-11,2.564906e-09,2.564906e-11
3.734036e+00,9.227734e-11,2.573421e-09,2.573421e-11
3.736924e+00,9.266590e-11,2.584824e-09,2.584824e-11
3.739811e+00,9.311479e-11,2.602175e-09,2.602175e-11
3.742699e+00,9.369004e-11,2.628091e-09,2.628091e-11
3.745587e+00,9.447104e-11,2.664468e-09,2.664468e-11
3.748475e+00,9.545224e-11,2.712479e-09,2.712479e-11
3.751363e+00,9.657687e-11,2.772564e-09,2.772564e-11
3.754251e+00,9.782661e-11,2.844404e-09,2.844404e-11
3.757139e+00,9.920336e-11,2.927043e-09,2.927043e-11
3.760027e+00,1.006484e-10,3.019086e-09,3.019086e-11
3.762915e+00,1.020697e-10,3.118852e-09,3.118852e-11
3.765802e+00,1.034438e-10,3.224389e-09,3.224389e-11
3.768690e+00,1.048011e-10,3.333266e-09,3.333266e-11
3.771578e+00,1.061149e-10,3.442414e-09,3.442414e-11
3.774466e+00,1.073020e-10,3.548152e-09,3.548152e-11
3.777354e+00,1.083307e-10,3.646289e-09,3.646289e-11
3.780242e+00,1.092164e-10,3.732352e-09,3.732352e-11
3.783130e+00,1.099028e-10,3.801953e-09,3.801953e-11
3.786018e+00,1.102616e-10,3.851185e-09,3.851185e-11
3.788905e+00,1.102338e-10,3.877024e-09,3.877024e-11
3.791793e+00,1.098597e-10,3.877728e-09,3.877728e-11
3.794681e+00,1.091437e-10,3.852992e-09,3.852992e-11
3.797569e+00,1.080407e-10,3.803886e-09,3.803886e-11
3.800457e+00,1.065977e-10,3.732784e-09,3.732784e-11
3.803345e+00,1.049625e-10,3.643079e-09,3.643079e-11
3.806233e+00,1.032308e-10,3.538745e-09,3.538745e-11
3.809121e+00,1.014020e-10,3.424057e-09,3.424057e-11
3.812009e+00,9.950751e-11,3.303337e-09,3.303337e-11
3.814896e+00,9.765069e-11,3.180672e-09,3.180672e-11
3.817784e+00,9.586624e-11,3.059640e-09,3.059640e-11
3.820672e+00,9.406893e-11,2.943098e-09,2.943098e-11
3.823560e+00,9.221193e-11,2.833185e-09,2.833185e-11
3.826448e+00,9.036640e-11,2.731434e-09,2.731434e-11
3.829336e+00,8.857637e-11,2.638674e-09,2.638674e-11
3.832224e+00,8.677841e-11,2.555015e-09,2.555015e-11
3.835112e+00,8.495123e-11,2.479962e-09,2.479962e-11
3.838000e+00,8.319524e-11,2.412674e-09,2.412674e-11
3.840887e+00,8.157392e-11,2.352033e-09,2.352033e-11
3.843775e+00,8.001763e-11,2.296761e-09,2.296761e-11
3.846663e+00,7.846888e-11,2.245783e-09,2.245783e-11
3.849551e+00,7.698572e-11,2.198640e-09,2.198640e-11
3.852439e+00,7.561505e-11,2.155495e-09,2.155495e-11
3.855327e+00,7.428944e-11,2.117299e-09,2.117299e-11
3.858215e+00,7.295918e-11,2.085810e-09,2.085810e-11
3.861103e+00,7.172304e-11,2.063118e-09,2.063118e-11
3.863990e+00,7.069604e-11,2.050771e-09,2.050771e-11
3.866878e+00,6.986115e-11,2.049289e-09,2.049289e-11
3.869766e+00,6.918081e-11,2.058009e-09,2.058009e-11
3.872654e+00,6.873768e-11,2.075364e-09,2.075364e-11
3.875542e+00,6.861765e-11,2.099107e-09,2.099107e-11
3.878430e+00,6.874842e-11,2.126617e-09,2.126617e-11
3.881318e+00,6.901522e-11,2.155298e-09,2.155298e-11
3.884206e+00,6.943425e-11,2.183091e-09,2.183091e-11
3.887094e+00,7.006413e-11,2.208559e-09,2.208559e-11
3.889981e+00,7.083487e-11,2.230819e-09,2.230819e-11
3.892869e+00,7.162884e-11,2.249459e-09,2.249459e-11
3.895757e+00,7.246921e-11,2.264601e-09,2.264601e-11
3.898645e+00,7.343650e-11,2.276665e-09,2.276665e-11
3.901533e+00,7.447558e-11,2.286142e-09,2.286142e-11
3.904421e+00,7.545961e-11,2.293617e-09,2.293617e-11
3.907309e+00,7.638789e-11,2.300094e-09,2.300094e-11
3.910197e+00,7.733944e-11,2.306932e-09,2.306932e-11
3.913085e+00,7.826421e-11,2.315523e-09,2.315523e-11
3.915972e+00,7.904687e-11,2.327325e-09,2.327325e-11
3.918860e+00,7.971367e-11,2.344069e-09,2.344069e-11
3.921748e+00,8.037240e-11,2.367321e-09,2.367321e-11
3.924636e+00,8.101690e-11,2.397809e-09,2.397809e-11
3.927524e+00,8.155560e-11,2.435101e-09,2.435101e-11
3.930412e+00,8.199842e-11,2.477718e-09,2.477718e-11
3.933300e+00,8.242709e-11,2.523176e-09,2.523176e-11
3.936188e+00,8.280103e-11,2.568098e-09,2.568098e-11
3.939076e+00,8.297749e-11,2.608720e-09,2.608720e-11
3.941963e+00,8.290926e-11,2.641548e-09,2.641548e-11
3.944851e+00,8.265675e-11,2.663727e-09,2.663727e-11
3.947739e+00,8.220485e-11,2.673206e-09,2.673206e-11
3.950627e+00,8.145980e-11,2.668978e-09,2.668978e-11
3.953515e+00,8.044387e-11,2.651264e-09,2.651264e-11
3.956403e+00,7.930758e-11,2.621476e-09,2.621476e-11
3.959291e+00,7.813457e-11,2.581880e-09,2.581880e-11
3.962179e+00,7.689998e-11,2.535287e-09,2.535287e-11
3.965066e+00,7.564525e-11,2.484908e-09,2.484908e-11
3.967954e+00,7.450889e-11,2.434170e-09,2.434170e-11
3.970842e+00,7.353873e-11,2.386318e-09,2.386318e-11
3.973730e+00,7.265476e-11,2.344187e-09,2.344187e-11
3.976618e+00,7.183420e-11,2.310195e-09,2.310195e-11
3.979506e+00,7.117323e-11,2.286444e-09,2.286444e-11
3.982394e+00,7.072147e-11,2.274740e-09,2.274740e-11
3.985282e+00,7.042356e-11,2.276572e-09,2.276572e-11
3.988170e+00,7.028958e-11,2.293078e-09,2.293078e-11
3.991057e+00,7.045115e-11,2.324929e-09,2.324929e-11
3.993945e+00,7.097936e-11,2.371945e-09,2.371945e-11
3.996833e+00,7.180577e-11,2.432924e-09,2.432924e-11
3.999721e+00,7.288049e-11,2.505696e-09,2.505696e-11
4.002609e+00,7.424265e-11,2.587301e-09,2.587301e-11
4.005497e+00,7.587435e-11,2.674165e-09,2.674165e-11
4.008385e+00,7.763258e-11,2.762416e-09,2.762416e-11
4.011273e+00,7.940888e-11,2.848261e-09,2.848261e-11
4.014161e+00,8.122461e-11,2.928396e-09,2.928396e-11
4.017048e+00,8.309131e-11,3.000152e-09,3.000152e-11
4.019936e+00,8.491900e-11,3.061546e-09,3.061546e-11
4.022824e+00,8.664806e-11,3.111288e-09,3.111288e-11
4.025712e+00,8.833895e-11,3.148815e-09,3.148815e-11
4.028600e+00,9.002174e-11,3.174253e-09,3.174253e-11
4.031488e+00,9.159092e-11,3.188478e-09,3.188478e-11
4.034376e+00,9.295840e-11,3.193086e-09,3.193086e-11
4.037264e+00,9.415490e-11,3.190234e-09,3.190234e-11
4.040151e+00,9.519545e-11,3.182438e-09,3.182438e-11
4.043039e+00,9.599819e-11,3.172554e-09,3.172554e-11
4.045927e+00,9.652015e-11,3.163623e-09,3.163623e-11
4.048815e+00,9.685547e-11,3.158429e-09,3.158429e-11
4.051703e+00,9.710702e-11,3.159035e-09,3.159035e-11
4.054591e+00,9.727111e-11,3.166721e-09,3.166721e-11
4.057479e+00,9.734621e-11,3.181999e-09,3.181999e-11
4.060367e+00,9.743375e-11,3.204680e-09,3.204680e-11
4.063255e+00,9.762240e-11,3.234052e-09,3.234052e-11
4.066142e+00,9.788178e-11,3.269223e-09,3.269223e-11
4.069030e+00,9.816650e-11,3.309384e-09,3.309384e-11
4.071918e+00,9.853814e-11,3.354027e-09,3.354027e-11
4.074806e+00,9.907698e-11,3.402994e-09,3.402994e-11
4.077694e+00,9.975796e-11,3.456375e-09,3.456375e-11
4.080582e+00,1.005391e-10,3.514183e-09,3.514183e-11
4.083470e+00,1.014704e-10,3.576051e-09,3.576051e-11
4.086358e+00,1.025989e-10,3.640938e-09,3.640938e-11
4.089246e+00,1.038397e-10,3.706988e-09,3.706988e-11
4.092133e+00,1.050568e-10,3.771640e-09,3.771640e-11
4.095021e+00,1.061989e-10,3.831942e-09,3.831942e-11
4.097909e+00,1.072320e-10,3.884862e-09,3.884862e-11
4.100797e+00,1.080345e-10,3.927676e-09,3.927676e-11
4.103685e+00,1.084862e-10,3.958356e-09,3.958356e-11
4.106573e+00,1.086028e-10,3.975851e-09,3.975851e-11
4.109461e+00,1.084714e-10,3.980092e-09,3.980092e-11
4.112349e+00,1.081109e-10,3.971829e-09,3.971829e-11
4.115237e+00,1.075197e-10,3.952339e-09,3.952339e-11
4.118124e+00,1.067867e-10,3.923091e-09,3.923091e-11
4.121012e+00,1.060125e-10,3.885405e-09,3.885405e-11
4.123900e+00,1.051689e-10,3.840329e-09,3.840329e-11
4.126788e+00,1.041694e-10,3.788652e-09,3.788652e-11
4.129676e+00,1.030129e-10,3.730911e-09,3.730911e-11
4.132564e+00,1.017313e-10,3.667488e-09,3.667488e-11
4.135452e+00,1.002790e-10,3.598935e-09,3.598935e-11
4.138340e+00,9.860330e-11,3.526262e-09,3.526262e-11
4.141227e+00,9.677483e-11,3.451035e-09,3.451035e-11
4.144115e+00,9.492692e-11,3.375134e-09,3.375134e-11
4.147003e+00,9.310379e-11,3.300303e-09,3.300303e-11
4.149891e+00,9.130022e-11,3.227752e-09,3.227752e-11
4.152779e+00,8.959000e-11,3.157903e-09,3.157903e-11
4.155667e+00,8.805962e-11,3.090172e-09,3.090172e-11
4.158555e+00,8.667631e-11,3.023061e-09,3.023061e-11
4.161443e+00,8.534834e-11,2.954616e-09,2.954616e-11
4.164331e+00,8.407071e-11,2.883163e-09,2.883163e-11
4.167218e+00,8.288607e-11,2.807991e-09,2.807991e-11
4.170106e+00,8.175486e-11,2.729679e-09,2.729679e-11
4.172994e+00,8.061208e-11,2.649962e-09,2.649962e-11
4.175882e+00,7.948595e-11,2.571318e-09,2.571318e-11
4.178770e+00,7.844892e-11,2.496406e-09,2.496406e-11
4.181658e+00,7.748679e-11,2.427464e-09,2.427464e-11
4.184546e+00,7.652932e-11,2.365858e-09,2.365858e-11
4.187434e+00,7.559145e-11,2.312003e-09,2.312003e-11
4.190322e+00,7.474437e-11,2.265362e-09,2.265362e-11
4.193209e+00,7.398348e-11,2.224686e-09,2.224686e-11
4.196097e+00,7.326417e-11,2.188718e-09,2.188718e-11
4.198985e+00,7.264046e-11,2.156840e-09,2.156840e-11
4.201873e+00,7.223369e-11,2.129149e-09,2.129149e-11
4.204761e+00,7.207998e-11,2.106200e-09,2.106200e-11
4.207649e+00,7.213366e-11,2.088573e-09,2.088573e-11
4.210537e+00,7.239889e-11,2.076338e-09,2.076338e-11
4.213425e+00,7.291624e-11,2.068769e-09,2.068769e-11
4.216312e+00,7.362613e-11,2.064519e-09,2.064519e-11
4.219200e+00,7.438168e-11,2.061998e-09,2.061998e-11
4.222088e+00,7.511287e-11,2.059934e-09,2.059934e-11
4.224976e+00,7.585161e-11,2.057995e-09,2.057995e-11
4.227864e+00,7.659344e-11,2.057003e-09,2.057003e-11
4.230752e+00,7.728952e-11,2.058787e-09,2.058787e-11
4.233640e+00,7.797569e-11,2.065763e-09,2.065763e-11
4.236528e+00,7.877777e-11,2.080155e-09,2.080155e-11
4.239416e+00,7.975105e-11,2.103089e-09,2.103089e-11
4.242303e+00,8.082231e-11,2.134089e-09,2.134089e-11
4.245191e+00,8.193150e-11,2.171196e-09,2.171196e-11
4.248079e+00,8.308435e-11,2.211527e-09,2.211527e-11
4.250967e+00,8.422312e-11,2.251835e-09,2.251835e-11
4.253855e+00,8.519932e-11,2.289330e-09,2.289330e-11
4.256743e+00,8.593493e-11,2.322757e-09,2.322757e-11
4.259631e+00,8.649659e-11,2.353231e-09,2.353231e-11
4.262519e+00,8.696887e-11,2.384156e-09,2.384156e-11
4.265407e+00,8.737160e-11,2.420454e-09,2.420454e-11
4.268294e+00,8.776311e-11,2.467544e-09,2.467544e-11
4.271182e+00,8.830297e-11,2.530300e-09,2.530300e-11
4.274070e+00,8.911149e-11,2.611960e-09,2.611960e-11
4.276958e+00,9.016949e-11,2.713561e-09,2.713561e-11
4.279846e+00,9.143915e-11,2.834048e-09,2.834048e-11
4.282734e+00,9.296368e-11,2.970786e-09,2.970786e-11
4.285622e+00,9.476536e-11,3.120113e-09,3.120113e-11
4.288510e+00,9.676000e-11,3.277934e-09,3.277934e-11
4.291398e+00,9.886540e-11,3.440021e-09,3.440021e-11
4.294285e+00,1.011019e-10,3.602011e-09,3.602011e-11
4.297173e+00,1.034890e-10,3.759170e-09,3.759170e-11
4.300061e+00,1.059291e-10,3.906303e-09,3.906303e-11
4.302949e+00,1.082905e-10,4.037999e-09,4.037999e-11
4.305837e+00,1.105184e-10,4.149118e-09,4.149118e-11
4.308725e+00,1.125729e-10,4.235195e-09,4.235195e-11
4.311613e+00,1.143285e-10,4.292878e-09,4.292878e-11
4.314501e+00,1.156458e-10,4.320373e-09,4.320373e-11
4.317388e+00,1.165113e-10,4.317856e-09,4.317856e-11
4.320276e+00,1.169959e-10,4.287601e-09,4.287601e-11
4.323164e+00,1.171139e-10,4.233712e-09,4.233712e-11
4.326052e+00,1.168443e-10,4.161677e-09,4.161677e-11
4.328940e+00,1.162604e-10,4.077849e-09,4.077849e-11
4.331828e+00,1.154854e-10,3.988656e-09,3.988656e-11
4.334716e+00,1.145382e-10,3.899827e-09,3.899827e-11
4.337604e+00,1.133601e-10,3.816011e-09,3.816011e-11
4.340492e+00,1.119675e-10,3.740577e-09,3.740577e-11
4.343379e+00,1.104541e-10,3.675609e-09,3.675609e-11
4.346267e+00,1.088612e-10,3.622225e-09,3.622225e-11
4.349155e+00,1.071796e-10,3.580919e-09,3.580919e-11
4.352043e+00,1.054953e-10,3.551871e-09,3.551871e-11
4.354931e+00,1.039941e-10,3.535140e-09,3.535140e-11
4.357819e+00,1.027881e-10,3.530477e-09,3.530477e-11
4.360707e+00,1.018662e-10,3.537133e-09,3.537133e-11
4.363595e+00,1.012388e-10,3.553812e-09,3.553812e-11
4.366483e+00,1.009599e-10,3.578592e-09,3.578592e-11
4.369370e+00,1.009728e-10,3.608922e-09,3.608922e-11
4.372258e+00,1.010900e-10,3.641753e-09,3.641753e-11
4.375146e+00,1.011624e-10,3.673810e-09,3.673810e-11
4.378034e+00,1.011535e-10,3.702070e-09,3.702070e-11
4.380922e+00,1.010125e-10,3.724083e-09,3.724083e-11
4.383810e+00,1.006175e-10,3.738132e-09,3.738132e-11
4.386698e+00,9.991563e-11,3.743300e-09,3.743300e-11
4.389586e+00,9.898545e-11,3.739443e-09,3.739443e-11
4.392473e+00,9.789279e-11,3.726973e-09,3.726973e-11
4.395361e+00,9.659190e-11,3.706642e-09,3.706642e-11
4.398249e+00,9.505201e-11,3.679431e-09,3.679431e-11
4.401137e+00,9.335722e-11,3.646626e-09,3.646626e-11
4.404025e+00,9.158495e-11,3.609678e-09,3.609678e-11
4.406913e+00,8.970417e-11,3.569982e-09,3.569982e-11
4.409801e+00,8.770842e-11,3.528935e-09,3.528935e-11
4.412689e+00,8.573535e-11,3.488067e-09,3.488067e-11
4.415577e+00,8.393239e-11,3.448704e-09,3.448704e-11
4.418464e+00,8.232767e-11,3.411670e-09,3.411670e-11
4.421352e+00,8.093168e-11,3.377286e-09,3.377286e-11
4.424240e+00,7.984533e-11,3.345503e-09,3.345503e-11
4.427128e+00,7.915504e-11,3.315936e-09,3.315936e-11
4.430016e+00,7.880528e-11,3.288017e-09,3.288017e-11
4.432904e+00,7.869623e-11,3.261248e-09,3.261248e-11
4.435792e+00,7.882935e-11,3.235479e-09,3.235479e-11
4.438680e+00,7.923109e-11,3.210900e-09,3.210900e-11
4.441568e+00,7.981709e-11,3.187931e-09,3.187931e-11
4.444455e+00,8.047545e-11,3.167004e-09,3.167004e-11
4.447343e+00,8.120116e-11,3.148294e-09,3.148294e-11
4.450231e+00,8.200970e-11,3.131398e-09,3.131398e-11
4.453119e+00,8.280008e-11,3.115214e-09,3.115214e-11
4.456007e+00,8.342732e-11,3.098079e-09,3.098079e-11
4.458895e+00,8.384473e-11,3.078087e-09,3.078087e-11
4.461783e+00,8.404857e-11,3.053395e-09,3.053395e-11
4.464671e+00,8.395093e-11,3.022530e-09,3.022530e-11
4.467559e+00,8.345306e-11,2.984645e-09,2.984645e-11
4.470446e+00,8.258884e-11,2.939751e-09,2.939751e-11
4.473334e+00,8.147015e-11,2.888679e-09,2.888679e-11
4.476222e+00,8.013092e-11,2.832831e-09,2.832831e-11
4.479110e+00,7.856848e-11,2.773933e-09,2.773933e-11
4.481998e+00,7.688503e-11,2.713862e-09,2.713862e-11
4.484886e+00,7.521488e-11,2.654404e-09,2.654404e-11
4.487774e+00,7.357661e-11,2.597043e-09,2.597043e-11
4.490662e+00,7.193433e-11,2.542838e-09,2.542838e-11
4.493549e+00,7.034273e-11,2.492430e-09,2.492430e-11
4.496437e+00,6.888933e-11,2.446038e-09,2.446038e-11
4.499325e+00,6.756254e-11,2.403565e-09,2.403565e-11
4.502213e+00,6.632660e-11,2.364809e-09,2.364809e-11
4.505101e+00,6.524261e-11,2.329649e-09,2.329649e-11
4.507989e+00,6.440351e-11,2.298026e-09,2.298026e-11
4.510877e+00,6.380359e-11,2.269938e-09,2.269938e-11
4.513765e+00,6.338735e-11,2.245413e-09,2.245413e-11
4.516653e+00,6.318127e-11,2.224597e-09,2.224597e-11
4.519540e+00,6.323470e-11,2.207696e-09,2.207696e-11
4.522428e+00,6.349124e-11,2.194864e-09,2.194864e-11
4.525316e+00,6.385632e-11,2.186230e-09,2.186230e-11
4.528204e+00,6.433644e-11,2.181962e-09,2.181962e-11
4.531092e+00,6.498059e-11,2.182174e-09,2.182174e-11
4.533980e+00,6.574938e-11,2.186874e-09,2.186874e-11
4.536868e+00,6.657850e-11,2.195923e-09,2.195923e-11
4.539756e+00,6.750316e-11,2.209079e-09,2.209079e-11
4.542644e+00,6.858773e-11,2.225933e-09,2.225933e-11
4.545531e+00,6.979536e-11,2.245885e-09,2.245885e-11
4.548419e+00,7.104813e-11,2.268186e-09,2.268186e-11
4.551307e+00,7.235526e-11,2.292016e-09,2.292016e-11
4.554195e+00,7.375771e-11,2.316490e-09,2.316490e-11
4.557083e+00,7.519923e-11,2.340804e-09,2.340804e-11
4.559971e+00,7.658489e-11,2.364322e-09,2.364322e-11
4.562859e+00,7.792541e-11,2.386745e-09,2.386745e-11
4.565747e+00,7.928526e-11,2.408312e-09,2.408312e-11
4.568634e+00,8.062694e-11,2.429959e-09,2.429959e-11
4.571522e+00,8.186901e-11,2.453299e-09,2.453299e-11
4.574410e+00,8.304842e-11,2.480648e-09,2.480648e-11
4.577298e+00,8.425412e-11,2.514861e-09,2.514861e-11
4.580186e+00,8.545840e-11,2.558840e-09,2.558840e-11
4.583074e+00,8.658032e-11,2.614981e-09,2.614981e-11
4.585962e+00,8.765347e-11,2.684899e-09,2.684899e-11
4.588850e+00,8.876018e-11,2.769092e-09,2.769092e-11
4.591738e+00,8.985566e-11,2.866688e-09,2.866688e-11
4.594625e+00,9.082958e-11,2.975524e-09,2.975524e-11
4.597513e+00,9.168122e-11,3.092467e-09,3.092467e-11
4.600401e+00,9.245670e-11,3.213635e-09,3.213635e-11
4.603289e+00,9.307699e-11,3.334662e-09,3.334662e-11
4.606177e+00,9.340187e-11,3.451071e-09,3.451071e-11
4.609065e+00,9.341525e-11,3.558652e-09,3.558652e-11
4.611953e+00,9.317596e-11,3.653601e-09,3.653601e-11
4.614841e+00,9.264138e-11,3.732654e-09,3.732654e-11
4.617729e+00,9.171902e-11,3.793299e-09,3.793299e-11
4.620616e+00,9.045010e-11,3.833957e-09,3.833957e-11
4.623504e+00,8.897485e-11,3.853943e-09,3.853943e-11
4.626392e+00,8.733747e-11,3.853322e-09,3.853322e-11
4.629280e+00,8.550744e-11,3.832840e-09,3.832840e-11
4.632168e+00,8.356812e-11,3.794002e-09,3.794002e-11
4.635056e+00,8.169343e-11,3.739025e-09,3.739025e-11
4.637944e+00,7.994788e-11,3.670632e-09,3.670632e-11
4.640832e+00,7.828451e-11,3.591944e-09,3.591944e-11
4.643720e+00,7.674176e-11,3.506496e-09,3.506496e-11
4.646607e+00,7.544954e-11,3.418061e-09,3.418061e-11
4.649495e+00,7.443165e-11,3.330311e-09,3.330311e-11
4.652383e+00,7.359575e-11,3.246591e-09,3.246591e-11
4.655271e+00,7.293276e-11,3.169812e-09,3.169812e-11
4.658159e+00,7.254732e-11,3.102289e-09,3.102289e-11
4.661047e+00,7.246398e-11,3.045484e-09,3.045484e-11
4.663935e+00,7.258260e-11,2.999960e-09,2.999960e-11
4.666823e+00,7.286880e-11,2.965495e-09,2.965495e-11
4.669710e+00,7.339765e-11,2.941195e-09,2.941195e-11
4.672598e+00,7.416257e-11,2.925398e-09,2.925398e-11
4.675486e+00,7.501714e-11,2.915687e-09,2.915687e-11
4.678374e+00,7.584975e-11,2.909022e-09,2.909022e-11
4.681262e+00,7.666576e-11,2.901940e-09,2.901940e-11
4.684150e+00,7.743378e-11,2.890695e-09,2.890695e-11
4.687038e+00,7.800109e-11,2.871678e-09,2.871678e-11
4.689926e+00,7.825804e-11,2.841951e-09,2.841951e-11
4.692814e+00,7.824742e-11,2.799653e-09,2.799653e-11
4.695701e+00,7.802562e-11,2.744040e-09,2.744040e-11
4.698589e+00,7.754461e-11,2.675434e-09,2.675434e-11
4.701477e+00,7.677431e-11,2.595089e-09,2.595089e-11
4.704365e+00,7.582734e-11,2.505170e-09,2.505170e-11
4.707253e+00,7.483217e-11,2.408603e-09,2.408603e-11
4.710141e+00,7.378540e-11,2.308889e-09,2.308889e-11
4.713029e+00,7.265522e-11,2.209946e-09,2.209946e-11
4.715917e+00,7.152414e-11,2.115960e-09,2.115960e-11
4.718805e+00,7.048837e-11,2.030757e-09,2.030757e-11
4.721692e+00,6.950946e-11,1.957011e-09,1.957011e-11
4.724580e+00,6.850604e-11,1.895789e-09,1.895789e-11
4.727468e+00,6.751017e-11,1.846686e-09,1.846686e-11
4.730356e+00,6.659454e-11,1.808010e-09,1.808010e-11
4.733244e+00,6.572552e-11,1.777201e-09,1.777201e-11
4.736132e+00,6.482408e-11,1.751592e-09,1.751592e-11
4.739020e+00,6.391223e-11,1.729048e-09,1.729048e-11
4.741908e+00,6.306803e-11,1.708021e-09,1.708021e-11
4.744795e+00,6.227758e-11,1.687466e-09,1.687466e-11
4.747683e+00,6.146511e-11,1.666961e-09,1.666961e-11
4.750571e+00,6.062896e-11,1.646672e-09,1.646672e-11
4.753459e+00,5.983120e-11,1.627097e-09,1.627097e-11
4.756347e+00,5.907022e-11,1.608872e-09,1.608872e-11
4.759235e+00,5.827749e-11,1.592623e-09,1.592623e-11
4.762123e+00,5.744456e-11,1.578889e-09,1.578889e-11
4.765011e+00,5.664495e-11,1.568068e-09,1.568068e-11
4.767899e+00,5.590651e-11,1.560172e-09,1.560172e-11
4.770786e+00,5.517126e-11,1.554850e-09,1.554850e-11
4.773674e+00,5.442488e-11,1.551652e-09,1.551652e-11
4.776562e+00,5.373501e-11,1.550060e-09,1.550060e-11
4.779450e+00,5.312593e-11,1.549338e-09,1.549338e-11
4.782338e+00,5.253503e-11,1.548562e-09,1.548562e-11
4.785226e+00,5.193573e-11,1.546682e-09,1.546682e-11
4.788114e+00,5.139400e-11,1.542542e-09,1.542542e-11
4.791002e+00,5.095041e-11,1.534873e-09,1.534873e-11
4.793890e+00,5.055866e-11,1.522565e-09,1.522565e-11
4.796777e+00,5.019200e-11,1.505021e-09,1.505021e-11
4.799665e+00,4.990560e-11,1.482417e-09,1.482417e-11
4.802553e+00,4.972715e-11,1.455708e-09,1.455708e-11
4.805441e+00,4.958792e-11,1.426475e-09,1.426475e-11
4.808329e+00,4.942181e-11,1.396534e-09,1.396534e-11
4.811217e+00,4.924278e-11,1.367726e-09,1.367726e-11
4.814105e+00,4.906249e-11,1.341796e-09,1.341796e-11
4.816993e+00,4.881465e-11,1.320052e-09,1.320052e-11
4.819881e+00,4.845082e-11,1.303075e-09,1.303075e-11
4.822768e+00,4.802449e-11,1.290720e-09,1.290720e-11
4.825656e+00,4.760049e-11,1.281957e-09,1.281957e-11
4.828544e+00,4.716766e-11,1.275024e-09,1.275024e-11
4.831432e+00,4.671733e-11,1.267857e-09,1.267857e-11
4.834320e+00,4.631561e-11,1.258637e-09,1.258637e-11
4.837208e+00,4.601521e-11,1.246239e-09,1.246239e-11
4.840096e+00,4.577440e-11,1.230360e-09,1.230360e-11
4.842984e+00,4.552812e-11,1.211261e-09,1.211261e-11
4.845871e+00,4.527673e-11,1.189655e-09,1.189655e-11
4.848759e+00,4.503274e-11,1.166508e-09,1.166508e-11
4.851647e+00,4.474152e-11,1.142847e-09,1.142847e-11
4.854535e+00,4.435077e-11,1.119758e-09,1.119758e-11
4.857423e+00,4.391028e-11,1.098511e-09,1.098511e-11
4.860311e+00,4.350600e-11,1.080232e-09,1.080232e-11
4.863199e+00,4.315674e-11,1.065490e-09,1.065490e-11
4.866087e+00,4.286941e-11,1.054228e-09,1.054228e-11
4.868975e+00,4.271856e-11,1.045866e-09,1.045866e-11
4.871862e+00,4.277315e-11,1.039459e-09,1.039459e-11
4.874750e+00,4.300120e-11,1.034325e-09,1.034325e-11
4.877638e+00,4.333653e-11,1.030512e-09,1.030512e-11
4.880526e+00,4.377949e-11,1.029128e-09,1.029128e-11
4.883414e+00,4.434366e-11,1.032365e-09,1.032365e-11
4.886302e+00,4.497295e-11,1.043008e-09,1.043008e-11
4.889190e+00,4.560494e-11,1.063684e-09,1.063684e-11
4.892078e+00,4.626519e-11,1.096129e-09,1.096129e-11
4.894966e+00,4.700657e-11,1.140364e-09,1.140364e-11
4.897853e+00,4.779984e-11,1.194415e-09,1.194415e-11
4.900741e+00,4.858074e-11,1.254830e-09,1.254830e-11
4.903629e+00,4.935616e-11,1.317635e-09,1.317635e-11
4.906517e+00,5.015011e-11,1.379041e-09,1.379041e-11
4.909405e+00,5.089995e-11,1.435927e-09,1.435927e-11
4.912293e+00,5.153094e-11,1.486291e-09,1.486291e-11
4.915181e+00,5.207448e-11,1.529666e-09,1.529666e-11
4.918069e+00,5.260744e-11,1.567053e-09,1.567053e-11
4.920957e+00,5.314239e-11,1.600697e-09,1.600697e-11
4.923844e+00,5.368610e-11,1.633826e-09,1.633826e-11
4.926732e+00,5.434022e-11,1.670309e-09,1.670309e-11
4.929620e+00,5.522473e-11,1.714172e-09,1.714172e-11
4.932508e+00,5.635228e-11,1.769288e-09,1.769288e-11
4.935396e+00,5.769229e-11,1.839241e-09,1.839241e-11
4.938284e+00,5.929824e-11,1.927343e-09,1.927343e-11
4.941172e+00,6.123864e-11,2.036493e-09,2.036493e-11
4.944060e+00,6.347562e-11,2.169059e-09,2.169059e-11
4.946947e+00,6.594386e-11,2.326703e-09,2.326703e-11
4.949835e+00,6.868109e-11,2.510021e-09,2.510021e-11
4.952723e+00,7.174845e-11,2.717992e-09,2.717992e-11
4.955611e+00,7.508438e-11,2.947649e-09,2.947649e-11
4.958499e+00,7.857414e-11,3.194048e-09,3.194048e-11
4.961387e+00,8.218329e-11,3.450532e-09,3.450532e-11
4.964275e+00,8.588065e-11,3.709071e-09,3.709071e-11
4.967163e+00,8.950579e-11,3.960746e-09,3.960746e-11
4.970051e+00,9.285601e-11,4.196320e-09,4.196320e-11
4.972938e+00,9.584741e-11,4.406880e-09,4.406880e-11
4.975826e+00,9.845616e-11,4.584310e-09,4.584310e-11
4.978714e+00,1.005729e-10,4.721706e-09,4.721706e-11
4.981602e+00,1.020713e-10,4.813743e-09,4.813743e-11
4.984490e+00,1.029626e-10,4.856899e-09,4.856899e-11
4.987378e+00,1.033255e-10,4.849510e-09,4.849510e-11
4.990266e+00,1.031286e-10,4.791825e-09,4.791825e-11
4.993154e+00,1.022794e-10,4.686018e-09,4.686018e-11
4.996042e+00,1.007993e-10,4.536105e-09,4.536105e-11
4.998929e+00,9.878674e-11,4.347677e-09,4.347677e-11
5.001817e+00,9.625035e-11,4.127626e-09,4.127626e-11
5.004705e+00,9.314762e-11,3.883907e-09,3.883907e-11
5.007593e+00,8.957548e-11,3.625283e-09,3.625283e-11
5.010481e+00,8.575593e-11,3.360904e-09,3.360904e-11
5.013369e+00,8.182818e-11,3.099742e-09,3.099742e-11
5.016257e+00,7.783593e-11,2.850006e-09,2.850006e-11
5.019145e+00,7.391483e-11,2.618674e-09,2.618674e-11
5.022032e+00,7.028424e-11,2.411042e-09,2.411042e-11
5.024920e+00,6.702875e-11,2.230268e-09,2.230268e-11
5.027808e+00,6.408168e-11,2.077186e-09,2.077186e-11
5.030696e+00,6.145051e-11,1.950717e-09,1.950717e-11
5.033584e+00,5.924803e-11,1.848516e-09,1.848516e-11
5.036472e+00,5.748454e-11,1.767481e-09,1.767481e-11
5.039360e+00,5.604393e-11,1.704374e-09,1.704374e-11
5.042248e+00,5.489591e-11,1.656264e-09,1.656264e-11
5.045136e+00,5.413811e-11,1.620549e-09,1.620549e-11
5.048023e+00,5.378060e-11,1.594532e-09,1.594532e-11
5.050911e+00,5.368169e-11,1.575279e-09,1.575279e-11
5.053799e+00,5.374668e-11,1.559901e-09,1.559901e-11
5.056687e+00,5.400808e-11,1.545983e-09,1.545983e-11
5.059575e+00,5.444686e-11,1.531607e-09,1.531607e-11
5.062463e+00,5.489944e-11,1.515563e-09,1.515563e-11
5.065351e+00,5.525902e-11,1.497746e-09,1.497746e-11
5.068239e+00,5.559199e-11,1.479393e-09,1.479393e-11
5.071127e+00,5.594496e-11,1.462443e-09,1.462443e-11
5.074014e+00,5.623042e-11,1.448904e-09,1.448904e-11
5.076902e+00,5.639339e-11,1.440368e-09,1.440368e-11
5.079790e+00,5.652836e-11,1.437813e-09,1.437813e-11
5.082678e+00,5.670843e-11,1.441122e-09,1.441122e-11
5.085566e+00,5.685505e-11,1.449084e-09,1.449084e-11
5.088454e+00,5.690306e-11,1.459900e-09,1.459900e-11
5.091342e+00,5.693667e-11,1.471864e-09,1.471864e-11
5.094230e+00,5.704720e-11,1.483574e-09,1.483574e-11
5.097118e+00,5.719671e-11,1.494296e-09,1.494296e-11
5.100005e+00,5.734341e-11,1.503996e-09,1.503996e-11
5.102893e+00,5.757864e-11,1.513301e-09,1.513301e-11
5.105781e+00,5.799944e-11,1.522999e-09,1.522999e-11
5.108669e+00,5.853730e-11,1.533511e-09,1.533511e-11
5.111557e+00,5.906910e-11,1.544625e-09,1.544625e-11
5.114445e+00,5.958436e-11,1.555732e-09,1.555732e-11
5.117333e+00,6.008786e-11,1.565755e-09,1.565755e-11
5.120221e+00,6.045030e-11,1.573264e-09,1.573264e-11
5.123108e+00,6.051377e-11,1.576964e-09,1.576964e-11
5.125996e+00,6.027855e-11,1.576410e-09,1.576410e-11
5.128884e+00,5.982652e-11,1.572032e-09,1.572032e-11
5.131772e+00,5.914834e-11,1.564785e-09,1.564785e-11
5.134660e+00,5.821089e-11,1.555860e-09,1.555860e-11
5.137548e+00,5.711402e-11,1.546573e-09,1.546573e-11
5.140436e+00,5.601731e-11,1.537870e-09,1.537870e-11
5.143324e+00,5.495289e-11,1.530006e-09,1.530006e-11
5.146212e+00,5.387011e-11,1.522685e-09,1.522685e-11
5.149099e+00,5.281487e-11,1.515459e-09,1.515459e-11
5.151987e+00,5.188870e-11,1.507918e-09,1.507918e-11
5.154875e+00,5.107815e-11,1.499737e-09,1.499737e-11
5.157763e+00,5.029815e-11,1.490767e-09,1.490767e-11
5.160651e+00,4.957172e-11,1.481312e-09,1.481312e-11
5.163539e+00,4.900596e-11,1.472008e-09,1.472008e-11
5.166427e+00,4.861771e-11,1.463534e-09,1.463534e-11
5.169315e+00,4.834383e-11,1.456516e-09,1.456516e-11
5.172203e+00,4.820554e-11,1.451491e-09,1.451491e-11
5.175090e+00,4.830143e-11,1.448881e-09,1.448881e-11
5.177978e+00,4.864012e-11,1.448858e-09,1.448858e-11
5.180866e+00,4.913829e-11,1.451291e-09,1.451291e-11
5.183754e+00,4.978567e-11,1.456157e-09,1.456157e-11
5.186642e+00,5.065066e-11,1.463849e-09,1.463849e-11
5.189530e+00,5.171456e-11,1.474745e-09,1.474745e-11
5.192418e+00,5.286070e-11,1.488755e-09,1.488755e-11
5.195306e+00,5.402832e-11,1.505275e-09,1.505275e-11
5.198193e+00,5.522206e-11,1.523206e-09,1.523206e-11
5.201081e+00,5.637298e-11,1.540835e-09,1.540835e-11
5.203969e+00,5.732789e-11,1.556051e-09,1.556051e-11
5.206857e+00,5.800038e-11,1.566946e-09,1.566946e-11
5.209745e+00,5.840982e-11,1.572255e-09,1.572255e-11
5.212633e+00,5.855194e-11,1.571361e-09,1.571361e-11
5.215521e+00,5.837250e-11,1.564326e-09,1.564326e-11
5.218409e+00,5.789310e-11,1.551878e-09,1.551878e-11
5.221297e+00,5.723438e-11,1.535116e-09,1.535116e-11
5.224184e+00,5.648492e-11,1.515075e-09,1.515075e-11
5.227072e+00,5.564987e-11,1.492596e-09,1.492596e-11
5.229960e+00,5.475399e-11,1.468300e-09,1.468300e-11
5.232848e+00,5.388956e-11,1.442676e-09,1.442676e-11
5.235736e+00,5.311170e-11,1.416225e-09,1.416225e-11
5.238624e+00,5.238779e-11,1.389700e-09,1.389700e-11
5.241512e+00,5.171046e-11,1.364335e-09,1.364335e-11
5.244400e+00,5.116111e-11,1.342081e-09,1.342081e-11
5.247288e+00,5.080594e-11,1.325489e-09,1.325489e-11
5.250175e+00,5.063172e-11,1.317412e-09,1.317412e-11
5.253063e+00,5.064299e-11,1.320652e-09,1.320652e-11
5.255951e+00,5.092226e-11,1.337588e-09,1.337588e-11
5.258839e+00,5.152550e-11,1.369629e-09,1.369629e-11
5.261727e+00,5.241186e-11,1.416894e-09,1.416894e-11
5.264615e+00,5.354509e-11,1.478332e-09,1.478332e-11
5.267503e+00,5.496201e-11,1.552149e-09,1.552149e-11
5.270391e+00,5.667888e-11,1.636181e-09,1.636181e-11
5.273279e+00,5.862869e-11,1.728231e-09,1.728231e-11
5.276166e+00,6.074969e-11,1.826203e-09,1.826203e-11
5.279054e+00,6.305378e-11,1.928125e-09,1.928125e-11
5.281942e+00,6.553875e-11,2.032068e-09,2.032068e-11
5.284830e+00,6.811933e-11,2.136181e-09,2.136181e-11
5.287718e+00,7.072190e-11,2.238798e-09,2.238798e-11
5.290606e+00,7.335146e-11,2.338513e-09,2.338513e-11
5.293494e+00,7.601452e-11,2.434167e-09,2.434167e-11
5.296382e+00,7.866255e-11,2.524876e-09,2.524876e-11
5.299269e+00,8.126711e-11,2.610116e-09,2.610116e-11
5.302157e+00,8.388584e-11,2.689833e-09,2.689833e-11
5.305045e+00,8.657947e-11,2.764402e-09,2.764402e-11
5.307933e+00,8.932717e-11,2.834487e-09,2.834487e-11
5.310821e+00,9.208967e-11,2.900863e-09,2.900863e-11
5.313709e+00,9.487836e-11,2.964151e-09,2.964151e-11
5.316597e+00,9.768098e-11,3.024503e-09,3.024503e-11
5.319485e+00,1.003856e-10,3.081527e-09,3.081527e-11
5.322373e+00,1.028658e-10,3.134431e-09,3.134431e-11
5.325260e+00,1.050818e-10,3.182253e-09,3.182253e-11
5.328148e+00,1.070218e-10,3.224070e-09,3.224070e-11
5.331036e+00,1.086265e-10,3.259248e-09,3.259248e-11
5.333924e+00,1.098613e-10,3.287578e-09,3.287578e-11
5.336812e+00,1.107898e-10,3.309185e-09,3.309185e-11
5.339700e+00,1.114968e-10,3.324299e-09,3.324299e-11
5.342588e+00,1.119900e-10,3.333094e-09,3.333094e-11
5.345476e+00,1.122421e-10,3.335565e-09,3.335565e-11
5.348364e+00,1.122754e-10,3.331428e-09,3.331428e-11
5.351251e+00,1.121106e-10,3.319988e-09,3.319988e-11
5.354139e+00,1.116807e-10,3.300250e-09,3.300250e-11
5.357027e+00,1.108941e-10,3.271271e-09,3.271271e-11
5.359915e+00,1.097515e-10,3.232530e-09,3.232530e-11
5.362803e+00,1.083075e-10,3.184069e-09,3.184069e-11
5.365691e+00,1.065598e-10,3.126587e-09,3.126587e-11
5.368579e+00,1.044897e-10,3.061482e-09,3.061482e-11
5.371467e+00,1.021676e-10,2.990621e-09,2.990621e-11
5.374354e+00,9.970241e-11,2.915911e-09,2.915911e-11
5.377242e+00,9.711729e-11,2.839068e-09,2.839068e-11
5.380130e+00,9.438254e-11,2.761514e-09,2.761514e-11
5.383018e+00,9.154460e-11,2.684235e-09,2.684235e-11
5.385906e+00,8.870984e-11,2.607765e-09,2.607765e-11
5.388794e+00,8.592126e-11,2.532361e-09,2.532361e-11
5.391682e+00,8.317613e-11,2.458213e-09,2.458213e-11
5.394570e+00,8.056031e-11,2.385643e-09,2.385643e-11
5.397458e+00,7.822349e-11,2.315098e-09,2.315098e-11
5.400345e+00,7.621831e-11,2.246942e-09,2.246942e-11
5.403233e+00,7.449898e-11,2.181317e-09,2.181317e-11
5.406121e+00,7.306190e-11,2.118186e-09,2.118186e-11
5.409009e+00,7.194171e-11,2.057330e-09,2.057330e-11
5.411897e+00,7.107230e-11,1.998357e-09,1.998357e-11
5.414785e+00,7.029963e-11,1.940846e-09,1.940846e-11
5.417673e+00,6.955419e-11,1.884625e-09,1.884625e-11
5.420561e+00,6.888103e-11,1.830133e-09,1.830133e-11
5.423449e+00,6.828356e-11,1.778407e-09,1.778407e-11
5.426336e+00,6.769881e-11,1.730830e-09,1.730830e-11
5.429224e+00,6.714966e-11,1.689028e-09,1.689028e-11
5.432112e+00,6.675871e-11,1.654599e-09,1.654599e-11
5.435000e+00,6.657203e-11,1.628514e-09,1.628514e-11
5.437888e+00,6.650439e-11,1.610952e-09,1.610952e-11
5.440776e+00,6.650721e-11,1.601416e-09,1.601416e-11
5.443664e+00,6.663686e-11,1.598878e-09,1.598878e-11
5.446552e+00,6.689904e-11,1.601903e-09,1.601903e-11
5.449440e+00,6.719104e-11,1.609168e-09,1.609168e-11
5.452327e+00,6.747843e-11,1.620197e-09,1.620197e-11
5.455215e+00,6.788285e-11,1.635795e-09,1.635795e-11
5.458103e+00,6.850387e-11,1.657523e-09,1.657523e-11
5.460991e+00,6.930323e-11,1.687124e-09,1.687124e-11
5.463879e+00,7.025436e-11,1.726178e-09,1.726178e-11
5.466767e+00,7.144169e-11,1.775932e-09,1.775932e-11
5.469655e+00,7.289446e-11,1.836783e-09,1.836783e-11
5.472543e+00,7.446092e-11,1.908089e-09,1.908089e-11
5.475430e+00,7.598483e-11,1.988477e-09,1.988477e-11
5.478318e+00,7.746826e-11,2.076426e-09,2.076426e-11
5.481206e+00,7.892523e-11,2.170343e-09,2.170343e-11
5.484094e+00,8.023989e-11,2.268605e-09,2.268605e-11
5.486982e+00,8.131908e-11,2.369418e-09,2.369418e-11
5.489870e+00,8.224974e-11,2.470586e-09,2.470586e-11
5.492758e+00,8.313857e-11,2.569028e-09,2.569028e-11
5.495646e+00,8.391734e-11,2.660717e-09,2.660717e-11
5.498534e+00,8.447975e-11,2.741075e-09,2.741075e-11
5.501421e+00,8.486922e-11,2.805635e-09,2.805635e-11
5.504309e+00,8.515138e-11,2.850398e-09,2.850398e-11
5.507197e+00,8.523440e-11,2.872335e-09,2.872335e-11
5.510085e+00,8.500840e-11,2.870029e-09,2.870029e-11
5.512973e+00,8.455670e-11,2.844317e-09,2.844317e-11
5.515861e+00,8.404189e-11,2.798246e-09,2.798246e-11
5.518749e+00,8.348697e-11,2.736648e-09,2.736648e-11
5.521637e+00,8.286319e-11,2.665595e-09,2.665595e-11
5.524525e+00,8.228861e-11,2.591888e-09,2.591888e-11
5.527412e+00,8.192523e-11,2.522139e-09,2.522139e-11
5.530300e+00,8.175191e-11,2.461794e-09,2.461794e-11
5.533188e+00,8.164546e-11,2.414456e-09,2.414456e-11
5.536076e+00,8.162343e-11,2.381810e-09,2.381810e-11
5.538964e+00,8.178491e-11,2.363692e-09,2.363692e-11
5.541852e+00,8.209129e-11,2.358539e-09,2.358539e-11
5.544740e+00,8.243586e-11,2.364284e-09,2.364284e-11
5.547628e+00,8.286685e-11,2.379198e-09,2.379198e-11
5.550515e+00,8.353377e-11,2.401960e-09,2.401960e-11
5.553403e+00,8.444412e-11,2.431349e-09,2.431349e-11
5.556291e+00,8.548163e-11,2.466085e-09,2.466085e-11
5.559179e+00,8.662769e-11,2.504851e-09,2.504851e-11
5.562067e+00,8.793535e-11,2.546012e-09,2.546012e-11
5.564955e+00,8.930747e-11,2.587309e-09,2.587309e-11
5.567843e+00,9.052600e-11,2.625929e-09,2.625929e-11
5.570731e+00,9.149252e-11,2.658852e-09,2.658852e-11
5.573619e+00,9.223055e-11,2.683141e-09,2.683141e-11
5.576506e+00,9.268037e-11,2.696138e-09,2.696138e-11
5.579394e+00,9.270424e-11,2.695702e-09,2.695702e-11
5.582282e+00,9.229007e-11,2.680410e-09,2.680410e-11
5.585170e+00,9.155594e-11,2.649602e-09,2.649602e-11
5.588058e+00,9.053959e-11,2.603363e-09,2.603363e-11
5.590946e+00,8.916849e-11,2.542628e-09,2.542628e-11
5.593834e+00,8.745251e-11,2.469232e-09,2.469232e-11
5.596722e+00,8.552184e-11,2.385815e-09,2.385815e-11
5.599610e+00,8.344664e-11,2.295619e-09,2.295619e-11
5.602497e+00,8.120037e-11,2.202321e-09,2.202321e-11
5.605385e+00,7.884379e-11,2.109842e-09,2.109842e-11
5.608273e+00,7.657663e-11,2.022140e-09,2.022140e-11
5.611161e+00,7.454984e-11,1.942733e-09,1.942733e-11
5.614049e+00,7.279395e-11,1.874269e-09,1.874269e-11
5.616937e+00,7.137715e-11,1.818348e-09,1.818348e-11
5.619825e+00,7.043987e-11,1.775670e-09,1.775670e-11
5.622713e+00,7.001955e-11,1.746233e-09,1.746233e-11
5.625601e+00,6.999844e-11,1.729679e-09,1.729679e-11
5.628488e+00,7.027040e-11,1.725591e-09,1.725591e-11
5.631376e+00,7.081445e-11,1.733644e-09,1.733644e-11
5.634264e+00,7.155908e-11,1.753479e-09,1.753479e-11
5.637152e+00,7.234910e-11,1.784677e-09,1.784677e-11
5.640040e+00,7.310166e-11,1.826657e-09,1.826657e-11
5.642928e+00,7.384871e-11,1.878319e-09,1.878319e-11
5.645816e+00,7.460019e-11,1.937533e-09,1.937533e-11
5.648704e+00,7.528584e-11,2.000941e-09,2.000941e-11
5.651591e+00,7.585759e-11,2.064111e-09,2.064111e-11
5.654479e+00,7.632981e-11,2.122005e-09,2.122005e-11
5.657367e+00,7.667192e-11,2.169483e-09,2.169483e-11
5.660255e+00,7.676704e-11,2.201898e-09,2.201898e-11
5.663143e+00,7.652779e-11,2.215705e-09,2.215705e-11
5.666031e+00,7.596241e-11,2.208973e-09,2.208973e-11
5.668919e+00,7.509059e-11,2.181659e-09,2.181659e-11
5.671807e+00,7.390335e-11,2.135625e-09,2.135625e-11
5.674695e+00,7.244466e-11,2.074369e-09,2.074369e-11
5.677582e+00,7.085115e-11,2.002611e-09,2.002611e-11
5.680470e+00,6.925612e-11,1.925719e-09,1.925719e-11
5.683358e+00,6.771559e-11,1.849054e-09,1.849054e-11
5.686246e+00,6.627996e-11,1.777358e-09,1.777358e-11
5.689134e+00,6.503933e-11,1.714332e-09,1.714332e-11
5.692022e+00,6.404255e-11,1.662360e-09,1.662360e-11
5.694910e+00,6.324964e-11,1.622485e-09,1.622485e-11
5.697798e+00,6.262272e-11,1.594747e-09,1.594747e-11
5.700686e+00,6.218645e-11,1.578692e-09,1.578692e-11
5.703573e+00,6.194713e-11,1.573552e-09,1.573552e-11
5.706461e+00,6.185371e-11,1.578306e-09,1.578306e-11
5.709349e+00,6.187574e-11,1.591668e-09,1.591668e-11
5.712237e+00,6.204144e-11,1.612020e-09,1.612020e-11
5.715125e+00,6.235919e-11,1.637370e-09,1.637370e-11
5.718013e+00,6.277586e-11,1.665507e-09,1.665507e-11
5.720901e+00,6.325948e-11,1.694328e-09,1.694328e-11
5.723789e+00,6.384365e-11,1.722191e-09,1.722191e-11
5.726676e+00,6.455662e-11,1.748229e-09,1.748229e-11
5.729564e+00,6.538163e-11,1.772856e-09,1.772856e-11
5.732452e+00,6.633086e-11,1.798029e-09,1.798029e-11
5.735340e+00,6.748527e-11,1.826838e-09,1.826838e-11
5.738228e+00,6.890536e-11,1.862676e-09,1.862676e-11
5.741116e+00,7.056562e-11,1.908320e-09,1.908320e-11
5.744004e+00,7.242130e-11,1.964946e-09,1.964946e-11
5.746892e+00,7.446017e-11,2.031459e-09,2.031459e-11
5.749780e+00,7.663128e-11,2.104446e-09,2.104446e-11
5.752667e+00,7.879795e-11,2.178921e-09,2.178921e-11
5.755555e+00,8.082560e-11,2.249534e-09,2.249534e-11
5.758443e+00,8.267395e-11,2.311885e-09,2.311885e-11
5.761331e+00,8.434044e-11,2.363486e-09,2.363486e-11
5.764219e+00,8.578346e-11,2.404177e-09,2.404177e-11
5.767107e+00,8.699529e-11,2.435897e-09,2.435897e-11
5.769995e+00,8.806943e-11,2.461972e-09,2.461972e-11
5.772883e+00,8.910877e-11,2.486020e-09,2.486020e-11
5.775771e+00,9.011783e-11,2.510908e-09,2.510908e-11
5.778658e+00,9.105716e-11,2.538210e-09,2.538210e-11
5.781546e+00,9.194088e-11,2.568206e-09,2.568206e-11
5.784434e+00,9.276847e-11,2.600049e-09,2.600049e-11
5.787322e+00,9.343355e-11,2.632252e-09,2.632252e-11
5.790210e+00,9.381406e-11,2.663283e-09,2.663283e-11
5.793098e+00,9.389124e-11,2.691956e-09,2.691956e-11
5.795986e+00,9.369748e-11,2.717496e-09,2.717496e-11
5.798874e+00,9.321495e-11,2.739540e-09,2.739540e-11
5.801762e+00,9.242184e-11,2.758066e-09,2.758066e-11
5.804649e+00,9.139291e-11,2.773262e-09,2.773262e-11
5.807537e+00,9.025672e-11,2.785416e-09,2.785416e-11
5.810425e+00,8.906666e-11,2.794812e-09,2.794812e-11
5.813313e+00,8.781100e-11,2.801729e-09,2.801729e-11
5.816201e+00,8.654491e-11,2.806697e-09,2.806697e-11
5.819089e+00,8.538047e-11,2.810640e-09,2.810640e-11
5.821977e+00,8.434362e-11,2.814841e-09,2.814841e-11
5.824865e+00,8.337790e-11,2.820899e-09,2.820899e-11
5.827752e+00,8.249154e-11,2.830587e-09,2.830587e-11
5.830640e+00,8.176891e-11,2.845521e-09,2.845521e-11
5.833528e+00,8.121392e-11,2.866803e-09,2.866803e-11
5.836416e+00,8.072170e-11,2.894818e-09,2.894818e-11
5.839304e+00,8.024422e-11,2.929249e-09,2.929249e-11
5.842192e+00,7.983602e-11,2.969148e-09,2.969148e-11
5.845080e+00,7.949533e-11,3.012931e-09,3.012931e-11
5.847968e+00,7.911392e-11,3.058512e-09,3.058512e-11
5.850856e+00,7.864908e-11,3.103543e-09,3.103543e-11
5.853743e+00,7.819521e-11,3.145591e-09,3.145591e-11
5.856631e+00,7.781009e-11,3.182084e-09,3.182084e-11
5.859519e+00,7.742109e-11,3.210320e-09,3.210320e-11
5.862407e+00,7.698454e-11,3.227626e-09,3.227626e-11
5.865295e+00,7.658020e-11,3.231581e-09,3.231581e-11
5.868183e+00,7.624070e-11,3.220003e-09,3.220003e-11
5.871071e+00,7.584138e-11,3.191051e-09,3.191051e-11
5.873959e+00,7.527172e-11,3.143495e-09,3.143495e-11
5.876847e+00,7.457270e-11,3.077049e-09,3.077049e-11
5.879734e+00,7.379407e-11,2.992381e-09,2.992381e-11
5.882622e+00,7.286368e-11,2.891185e-09,2.891185e-11
5.885510e+00,7.173835e-11,2.776301e-09,2.776301e-11
5.888398e+00,7.054744e-11,2.651783e-09,2.651783e-11
5.891286e+00,6.945023e-11,2.522460e-09,2.522460e-11
5.894174e+00,6.846164e-11,2.393455e-09,2.393455e-11
5.897062e+00,6.755449e-11,2.269810e-09,2.269810e-11
5.899950e+00,6.683262e-11,2.156327e-09,2.156327e-11
5.902837e+00,6.641825e-11,2.057024e-09,2.057024e-11
5.905725e+00,6.625684e-11,1.974653e-09,1.974653e-11
5.908613e+00,6.622119e-11,1.910543e-09,1.910543e-11
5.911501e+00,6.632555e-11,1.864848e-09,1.864848e-11
5.914389e+00,6.664654e-11,1.836405e-09,1.836405e-11
5.917277e+00,6.711032e-11,1.822686e-09,1.822686e-11
5.920165e+00,6.757194e-11,1.820303e-09,1.820303e-11
5.923053e+00,6.803729e-11,1.825842e-09,1.825842e-11
5.925941e+00,6.859569e-11,1.836095e-09,1.836095e-11
5.928828e+00,6.919598e-11,1.848066e-09,1.848066e-11
5.931716e+00,6.969527e-11,1.859226e-09,1.859226e-11
5.934604e+00,7.008148e-11,1.868003e-09,1.868003e-11
5.937492e+00,7.044227e-11,1.873712e-09,1.873712e-11
5.940380e+00,7.074562e-11,1.876129e-09,1.876129e-11
5.943268e+00,7.086328e-11,1.875392e-09,1.875392e-11
5.946156e+00,7.079104e-11,1.872165e-09,1.872165e-11
5.949044e+00,7.064389e-11,1.867390e-09,1.867390e-11
5.951932e+00,7.044483e-11,1.861822e-09,1.861822e-11
5.954819e+00,7.011347e-11,1.855973e-09,1.855973e-11
5.957707e+00,6.967680e-11,1.850492e-09,1.850492e-11
5.960595e+00,6.928788e-11,1.846296e-09,1.846296e-11
5.963483e+00,6.900816e-11,1.844276e-09,1.844276e-11
5.966371e+00,6.877775e-11,1.845256e-09,1.845256e-11
5.969259e+00,6.861713e-11,1.850167e-09,1.850167e-11
5.972147e+00,6.865562e-11,1.859926e-09,1.859926e-11
5.975035e+00,6.893299e-11,1.875031e-09,1.875031e-11
5.977923e+00,6.935571e-11,1.895596e-09,1.895596e-11
5.980810e+00,6.988970e-11,1.921684e-09,1.921684e-11
5.983698e+00,7.060859e-11,1.953445e-09,1.953445e-11
5.986586e+00,7.150683e-11,1.990885e-09,1.990885e-11
5.989474e+00,7.245371e-11,2.033928e-09,2.033928e-11
5.992362e+00,7.337859e-11,2.082667e-09,2.082667e-11
5.995250e+00,7.432312e-11,2.137422e-09,2.137422e-11
5.998138e+00,7.527022e-11,2.198499e-09,2.198499e-11
6.001026e+00,7.610717e-11,2.266182e-09,2.266182e-11
6.003913e+00,7.679532e-11,2.340757e-09,2.340757e-11
6.006801e+00,7.741511e-11,2.422412e-09,2.422412e-11
6.009689e+00,7.801704e-11,2.511034e-09,2.511034e-11
6.012577e+00,7.857237e-11,2.606159e-09,2.606159e-11
6.015465e+00,7.910659e-11,2.706960e-09,2.706960e-11
6.018353e+00,7.973778e-11,2.812299e-09,2.812299e-11
6.021241e+00,8.053425e-11,2.920787e-09,2.920787e-11
6.024129e+00,8.145424e-11,3.030949e-09,3.030949e-11
6.027017e+00,8.246674e-11,3.141415e-09,3.141415e-11
6.029904e+00,8.361020e-11,3.251069e-09,3.251069e-11
6.032792e+00,8.487781e-11,3.359073e-09,3.359073e-11
6.035680e+00,8.617034e-11,3.464901e-09,3.464901e-11
6.038568e+00,8.742616e-11,3.568400e-09,3.568400e-11
6.041456e+00,8.868672e-11,3.669808e-09,3.669808e-11
6.044344e+00,8.998440e-11,3.769606e-09,3.769606e-11
6.047232e+00,9.128114e-11,3.868373e-09,3.868373e-11
6.050120e+00,9.257419e-11,3.966648e-09,3.966648e-11
6.053008e+00,9.394466e-11,4.064801e-09,4.064801e-11
6.055895e+00,9.543397e-11,4.162876e-09,4.162876e-11
6.058783e+00,9.697888e-11,4.260533e-09,4.260533e-11
6.061671e+00,9.852009e-11,4.357083e-09,4.357083e-11
6.064559e+00,1.000672e-10,4.451582e-09,4.451582e-11
6.067447e+00,1.016000e-10,4.542917e-09,4.542917e-11
6.070335e+00,1.030158e-10,4.629962e-09,4.629962e-11
6.073223e+00,1.042512e-10,4.711753e-09,4.711753e-11
6.076111e+00,1.053487e-10,4.787615e-09,4.787615e-11
6.078998e+00,1.063442e-10,4.857133e-09,4.857133e-11
6.081886e+00,1.072063e-10,4.920129e-09,4.920129e-11
6.084774e+00,1.079386e-10,4.976623e-09,4.976623e-11
6.087662e+00,1.086196e-10,5.026751e-09,5.026751e-11
6.090550e+00,1.092870e-10,5.070616e-09,5.070616e-11
6.093438e+00,1.098866e-10,5.108217e-09,5.108217e-11
6.096326e+00,1.103779e-10,5.139424e-09,5.139424e-11
6.099214e+00,1.107888e-10,5.164004e-09,5.164004e-11
6.102102e+00,1.111275e-10,5.181736e-09,5.181736e-11
6.104989e+00,1.113370e-10,5.192555e-09,5.192555e-11
6.107877e+00,1.113979e-10,5.196633e-09,5.196633e-11
6.110765e+00,1.113874e-10,5.194389e-09,5.194389e-11
6.113653e+00,1.113680e-10,5.186375e-09,5.186375e-11
6.116541e+00,1.113176e-10,5.173149e-09,5.173149e-11
6.119429e+00,1.112240e-10,5.155199e-09,5.155199e-11
6.122317e+00,1.111435e-10,5.132889e-09,5.132889e-11
6.125205e+00,1.111004e-10,5.106411e-09,5.106411e-11
6.128093e+00,1.110295e-10,5.075882e-09,5.075882e-11
6.130980e+00,1.108921e-10,5.041564e-09,5.041564e-11
6.133868e+00,1.107512e-10,5.004132e-09,5.004132e-11
6.136756e+00,1.106784e-10,4.964866e-09,4.964866e-11
6.139644e+00,1.106793e-10,4.925741e-09,4.925741e-11
6.142532e+00,1.107833e-10,4.889308e-09,4.889308e-11
6.145420e+00,1.111042e-10,4.858390e-09,4.858390e-11
6.148308e+00,1.117226e-10,4.835627e-09,4.835627e-11
6.151196e+00,1.125934e-10,4.823036e-09,4.823036e-11
6.154084e+00,1.136343e-10,4.821614e-09,4.821614e-11
6.156971e+00,1.148273e-10,4.831100e-09,4.831100e-11
6.159859e+00,1.161346e-10,4.849850e-09,4.849850e-11
6.162747e+00,1.174136e-10,4.875017e-09,4.875017e-11
6.165635e+00,1.185312e-10,4.902971e-09,4.902971e-11
6.168523e+00,1.194781e-10,4.929701e-09,4.929701e-11
6.171411e+00,1.202767e-10,4.951043e-09,4.951043e-11
6.174299e+00,1.208566e-10,4.962865e-09,4.962865e-11
6.177187e+00,1.211319e-10,4.961245e-09,4.961245e-11
6.180074e+00,1.211189e-10,4.942689e-09,4.942689e-11
6.182962e+00,1.208473e-10,4.904302e-09,4.904302e-11
6.185850e+00,1.202277e-10,4.843961e-09,4.843961e-11
6.188738e+00,1.191426e-10,4.760505e-09,4.760505e-11
6.191626e+00,1.176105e-10,4.654025e-09,4.654025e-11
6.194514e+00,1.157262e-10,4.526072e-09,4.526072e-11
6.197402e+00,1.135153e-10,4.379761e-09,4.379761e-11
6.200290e+00,1.109971e-10,4.219701e-09,4.219701e-11
6.203178e+00,1.083370e-10,4.051725e-09,4.051725e-11
6.206065e+00,1.057632e-10,3.882313e-09,3.882313e-11
6.208953e+00,1.033724e-10,3.717874e-09,3.717874e-11
6.211841e+00,1.011671e-10,3.564089e-09,3.564089e-11
6.214729e+00,9.921520e-11,3.425394e-09,3.425394e-11
6.217617e+00,9.760722e-11,3.304508e-09,3.304508e-11
6.220505e+00,9.629273e-11,3.202153e-09,3.202153e-11
6.223393e+00,9.512794e-11,3.117317e-09,3.117317e-11
6.226281e+00,9.407576e-11,3.048122e-09,3.048122e-11
6.229169e+00,9.320354e-11,2.992644e-09,2.992644e-11
6.232056e+00,9.250433e-11,2.949326e-09,2.949326e-11
6.234944e+00,9.189865e-11,2.917127e-09,2.917127e-11
6.237832e+00,9.140708e-11,2.895362e-09,2.895362e-11
6.240720e+00,9.113548e-11,2.883156e-09,2.883156e-11
6.243608e+00,9.107992e-11,2.878760e-09,2.878760e-11
6.246496e+00,9.110172e-11,2.879218e-09,2.879218e-11
6.249384e+00,9.111036e-11,2.880581e-09,2.880581e-11
6.252272e+00,9.110305e-11,2.878465e-09,2.878465e-11
6.255159e+00,9.100338e-11,2.868777e-09,2.868777e-11
6.258047e+00,9.063997e-11,2.848671e-09,2.848671e-11
6.260935e+00,8.992769e-11,2.817296e-09,2.817296e-11
6.263823e+00,8.893033e-11,2.775853e-09,2.775853e-11
6.266711e+00,8.769137e-11,2.726922e-09,2.726922e-11
6.269599e+00,8.615719e-11,2.673687e-09,2.673687e-11
6.272487e+00,8.432697e-11,2.619279e-09,2.619279e-11
6.275375e+00,8.232243e-11,2.566109e-09,2.566109e-11
6.278263e+00,8.023520e-11,2.515138e-09,2.515138e-11
6.281150e+00,7.803530e-11,2.465620e-09,2.465620e-11
6.284038e+00,7.571971e-11,2.415514e-09,2.415514e-11
6.286926e+00,7.342018e-11,2.362500e-09,2.362500e-11
6.289814e+00,7.126837e-11,2.305028e-09,2.305028e-11
6.292702e+00,6.928027e-11,2.243150e-09,2.243150e-11
6.295590e+00,6.747443e-11,2.178675e-09,2.178675e-11
6.298478e+00,6.597784e-11,2.114785e-09,2.114785e-11
6.301366e+00,6.489333e-11,2.055126e-09,2.055126e-11
6.304254e+00,6.416488e-11,2.002847e-09,2.002847e-11
6.307141e+00,6.368878e-11,1.959857e-09,1.959857e-11
6.310029e+00,6.345718e-11,1.926606e-09,1.926606e-11
6.312917e+00,6.346841e-11,1.902062e-09,1.902062e-11
6.315805e+00,6.360804e-11,1.884146e-09,1.884146e-11
6.318693e+00,6.375602e-11,1.870620e-09,1.870620e-11
6.321581e+00,6.393638e-11,1.860120e-09,1.860120e-11
6.324469e+00,6.423264e-11,1.852382e-09,1.852382e-11
6.327357e+00,6.462886e-11,1.847780e-09,1.847780e-11
6.330245e+00,6.507352e-11,1.846732e-09,1.846732e-11
6.333132e+00,6.561272e-11,1.849426e-09,1.849426e-11
6.336020e+00,6.631148e-11,1.855456e-09,1.855456e-11
6.338908e+00,6.710029e-11,1.863524e-09,1.863524e-11
6.341796e+00,6.783960e-11,1.871663e-09,1.871663e-11
6.344684e+00,6.848844e-11,1.877978e-09,1.877978e-11
6.347572e+00,6.907618e-11,1.881141e-09,1.881141e-11
6.350460e+00,6.956126e-11,1.880831e-09,1.880831e-11
6.353348e+00,6.987895e-11,1.878273e-09,1.878273e-11
6.356235e+00,7.009717e-11,1.876411e-09,1.876411e-11
6.359123e+00,7.037468e-11,1.879214e-09,1.879214e-11
6.362011e+00,7.079115e-11,1.890590e-09,1.890590e-11
6.364899e+00,7.134374e-11,1.913438e-09,1.913438e-11
6.367787e+00,7.208235e-11,1.949034e-09,1.949034e-11
6.370675e+00,7.308927e-11,1.996715e-09,1.996715e-11
6.373563e+00,7.432737e-11,2.053923e-09,2.053923e-11
6.376451e+00,7.564554e-11,2.116827e-09,2.116827e-11
6.379339e+00,7.694166e-11,2.181251e-09,2.181251e-11
6.382226e+00,7.819095e-11,2.243312e-09,2.243312e-11
6.385114e+00,7.931361e-11,2.299694e-09,2.299694e-11
6.388002e+00,8.016853e-11,2.347814e-09,2.347814e-11
6.390890e+00,8.069147e-11,2.385741e-09,2.385741e-11
6.393778e+00,8.092686e-11,2.412073e-09,2.412073e-11
6.396666e+00,8.089260e-11,2.425825e-09,2.425825e-11
6.399554e+00,8.052677e-11,2.426343e-09,2.426343e-11
6.402442e+00,7.982136e-11,2.413333e-09,2.413333e-11
6.405330e+00,7.887548e-11,2.386953e-09,2.386953e-11
6.408217e+00,7.776176e-11,2.347883e-09,2.347883e-11
6.411105e+00,7.647169e-11,2.297592e-09,2.297592e-11
6.413993e+00,7.504532e-11,2.238649e-09,2.238649e-11
6.416881e+00,7.361980e-11,2.174755e-09,2.174755e-11
6.419769e+00,7.229080e-11,2.110145e-09,2.110145e-11
6.422657e+00,7.105144e-11,2.048713e-09,2.048713e-11
6.425545e+00,6.990420e-11,1.993292e-09,1.993292e-11
6.428433e+00,6.891101e-11,1.945103e-09,1.945103e-11
6.431320e+00,6.808721e-11,1.903558e-09,1.903558e-11
6.434208e+00,6.735119e-11,1.866888e-09,1.866888e-11
6.437096e+00,6.664663e-11,1.833199e-09,1.833199e-11
6.439984e+00,6.601603e-11,1.801476e-09,1.801476e-11
6.442872e+00,6.550173e-11,1.772266e-09,1.772266e-11
6.445760e+00,6.508684e-11,1.747943e-09,1.747943e-11
6.448648e+00,6.478858e-11,1.732216e-09,1.732216e-11
6.451536e+00,6.470737e-11,1.729015e-09,1.729015e-11
6.454424e+00,6.491536e-11,1.741186e-09,1.741186e-11
6.457311e+00,6.538935e-11,1.769592e-09,1.769592e-11
6.460199e+00,6.609383e-11,1.812755e-09,1.812755e-11
6.463087e+00,6.703668e-11,1.867301e-09,1.867301e-11
6.465975e+00,6.820362e-11,1.928886e-09,1.928886e-11
6.468863e+00,6.950483e-11,1.993188e-09,1.993188e-11
6.471751e+00,7.085755e-11,2.056749e-09,2.056749e-11
6.474639e+00,7.227079e-11,2.117535e-09,2.117535e-11
6.477527e+00,7.377229e-11,2.174942e-09,2.174942e-11
6.480415e+00,7.533012e-11,2.229581e-09,2.229581e-11
6.483302e+00,7.692494e-11,2.282888e-09,2.282888e-11
6.486190e+00,7.861457e-11,2.336653e-09,2.336653e-11
6.489078e+00,8.045070e-11,2.392708e-09,2.392708e-11
6.491966e+00,8.239842e-11,2.452726e-09,2.452726e-11
6.494854e+00,8.441406e-11,2.518025e-09,2.518025e-11
6.497742e+00,8.652900e-11,2.589620e-09,2.589620e-11
6.500630e+00,8.877664e-11,2.668366e-09,2.668366e-11
6.503518e+00,9.111806e-11,2.755145e-09,2.755145e-11
6.506406e+00,9.352311e-11,2.850905e-09,2.850905e-11
6.509293e+00,9.605093e-11,2.956422e-09,2.956422e-11
6.512181e+00,9.876125e-11,3.071904e-09,3.071904e-11
6.515069e+00,1.016202e-10,3.196673e-09,3.196673e-11
6.517957e+00,1.045672e-10,3.328838e-09,3.328838e-11
6.520845e+00,1.076011e-10,3.465204e-09,3.465204e-11
6.523733e+00,1.107073e-10,3.601490e-09,3.601490e-11
6.526621e+00,1.137580e-10,3.732682e-09,3.732682e-11
6.529509e+00,1.166019e-10,3.853445e-09,3.853445e-11
6.532396e+00,1.191861e-10,3.958725e-09,3.958725e-11
6.535284e+00,1.214788e-10,4.044183e-09,4.044183e-11
6.538172e+00,1.233595e-10,4.106348e-09,4.106348e-11
6.541060e+00,1.247070e-10,4.142685e-09,4.142685e-11
6.543948e+00,1.255135e-10,4.151631e-09,4.151631e-11
6.546836e+00,1.257883e-10,4.132448e-09,4.132448e-11
6.549724e+00,1.254368e-10,4.085131e-09,4.085131e-11
6.552612e+00,1.243562e-10,4.010393e-09,4.010393e-11
6.555500e+00,1.225630e-10,3.909691e-09,3.909691e-11
6.558387e+00,1.201181e-10,3.785261e-09,3.785261e-11
6.561275e+00,1.170123e-10,3.640231e-09,3.640231e-11
6.564163e+00,1.132553e-10,3.478766e-09,3.478766e-11
6.567051e+00,1.090078e-10,3.306151e-09,3.306151e-11
6.569939e+00,1.044856e-10,3.128562e-09,3.128562e-11
6.572827e+00,9.980877e-11,2.952601e-09,2.952601e-11
6.575715e+00,9.506848e-11,2.784690e-09,2.784690e-11
6.578603e+00,9.044581e-11,2.630395e-09,2.630395e-11
6.581491e+00,8.612303e-11,2.493644e-09,2.493644e-11
6.584378e+00,8.213756e-11,2.376162e-09,2.376162e-11
6.587266e+00,7.846269e-11,2.277447e-09,2.277447e-11
6.590154e+00,7.517359e-11,2.195503e-09,2.195503e-11
6.593042e+00,7.237955e-11,2.127930e-09,2.127930e-11
6.595930e+00,7.007021e-11,2.072945e-09,2.072945e-11
6.598818e+00,6.818772e-11,2.029981e-09,2.029981e-11
6.601706e+00,6.678566e-11,1.999707e-09,1.999707e-11
6.604594e+00,6.595294e-11,1.983171e-09,1.983171e-11
6.607481e+00,6.562531e-11,1.980664e-09,1.980664e-11
6.610369e+00,6.564454e-11,1.990938e-09,1.990938e-11
6.613257e+00,6.594777e-11,2.011156e-09,2.011156e-11
6.616145e+00,6.651898e-11,2.037233e-09,2.037233e-11
6.619033e+00,6.721694e-11,2.064633e-09,2.064633e-11
6.621921e+00,6.785317e-11,2.089596e-09,2.089596e-11
6.624809e+00,6.840261e-11,2.110375e-09,2.110375e-11
6.627697e+00,6.895523e-11,2.127467e-09,2.127467e-11
6.630585e+00,6.951374e-11,2.142996e-09,2.142996e-11
6.633472e+00,7.002441e-11,2.159742e-09,2.159742e-11
6.636360e+00,7.055658e-11,2.180155e-09,2.180155e-11
6.639248e+00,7.125178e-11,2.205347e-09,2.205347e-11
6.642136e+00,7.210902e-11,2.234464e-09,2.234464e-11
6.645024e+00,7.299738e-11,2.264844e-09,2.264844e-11
6.647912e+00,7.387708e-11,2.293017e-09,2.293017e-11
6.650800e+00,7.481593e-11,2.315976e-09,2.315976e-11
6.653688e+00,7.578594e-11,2.332248e-09,2.332248e-11
6.656576e+00,7.666662e-11,2.342656e-09,2.342656e-11
6.659463e+00,7.747161e-11,2.350648e-09,2.350648e-11
6.662351e+00,7.836028e-11,2.361568e-09,2.361568e-11
6.665239e+00,7.939372e-11,2.380874e-09,2.380874e-11
6.668127e+00,8.048864e-11,2.412449e-09,2.412449e-11
6.671015e+00,8.162733e-11,2.457627e-09,2.457627e-11
6.673903e+00,8.288542e-11,2.514846e-09,2.514846e-11
6.676791e+00,8.421780e-11,2.579965e-09,2.579965e-11
6.679679e+00,8.542846e-11,2.647513e-09,2.647513e-11
6.682567e+00,8.640782e-11,2.712415e-09,2.712415e-11
6.685454e+00,8.720672e-11,2.771393e-09,2.771393e-11
6.688342e+00,8.783955e-11,2.823366e-09,2.823366e-11
6.691230e+00,8.821716e-11,2.869207e-09,2.869207e-11
6.694118e+00,8.833217e-11,2.910924e-09,2.910924e-11
6.697006e+00,8.832409e-11,2.950588e-09,2.950588e-11
6.699894e+00,8.826980e-11,2.989289e-09,2.989289e-11
6.702782e+00,8.808255e-11,3.026784e-09,3.026784e-11
6.705670e+00,8.769303e-11,3.061673e-09,3.061673e-11
6.708557e+00,8.715667e-11,3.091893e-09,3.091893e-11
6.711445e+00,8.651454e-11,3.115350e-09,3.115350e-11
6.714333e+00,8.570077e-11,3.130879e-09,3.130879e-11
6.717221e+00,8.469595e-11,3.138981e-09,3.138981e-11
6.720109e+00,8.365034e-11,3.141937e-09,3.141937e-11
6.722997e+00,8.274238e-11,3.143130e-09,3.143130e-11
6.725885e+00,8.202564e-11,3.146047e-09,3.146047e-11
6.728773e+00,8.151257e-11,3.153327e-09,3.153327e-11
6.731661e+00,8.130059e-11,3.166294e-09,3.166294e-11
6.734548e+00,8.146598e-11,3.184707e-09,3.184707e-11
6.737436e+00,8.191512e-11,3.206957e-09,3.206957e-11
6.740324e+00,8.249600e-11,3.230742e-09,3.230742e-11
6.743212e+00,8.317610e-11,3.253965e-09,3.253965e-11
6.746100e+00,8.398516e-11,3.275397e-09,3.275397e-11
6.748988e+00,8.487191e-11,3.295013e-09,3.295013e-11
6.751876e+00,8.576729e-11,3.313818e-09,3.313818e-11
6.754764e+00,8.672820e-11,3.333264e-09,3.333264e-11
6.757652e+00,8.785877e-11,3.354417e-09,3.354417e-11
6.760539e+00,8.913196e-11,3.377332e-09,3.377332e-11
6.763427e+00,9.041841e-11,3.400817e-09,3.400817e-11
6.766315e+00,9.163508e-11,3.422557e-09,3.422557e-11
6.769203e+00,9.273400e-11,3.439442e-09,3.439442e-11
6.772091e+00,9.357899e-11,3.448109e-09,3.448109e-11
6.774979e+00,9.398798e-11,3.445712e-09,3.445712e-11
6.777867e+00,9.390687e-11,3.430763e-09,3.430763e-11
6.780755e+00,9.341635e-11,3.403600e-09,3.403600e-11
6.783642e+00,9.258522e-11,3.366231e-09,3.366231e-11
6.786530e+00,9.145278e-11,3.321737e-09,3.321737e-11
6.789418e+00,9.013367e-11,3.273444e-09,3.273444e-11
6.792306e+00,8.879908e-11,3.224135e-09,3.224135e-11
6.795194e+00,8.753863e-11,3.175474e-09,3.175474e-11
6.798082e+00,8.632847e-11,3.127776e-09,3.127776e-11
6.800970e+00,8.515452e-11,3.080160e-09,3.080160e-11
6.803858e+00,8.406519e-11,3.031101e-09,3.031101e-11
6.806746e+00,8.307438e-11,2.979248e-09,2.979248e-11
6.809633e+00,8.213816e-11,2.924263e-09,2.924263e-11
6.812521e+00,8.126802e-11,2.867297e-09,2.867297e-11
6.815409e+00,8.056798e-11,2.810988e-09,2.810988e-11
6.818297e+00,8.011757e-11,2.759030e-09,2.759030e-11
6.821185e+00,7.990228e-11,2.715539e-09,2.715539e-11
6.824073e+00,7.989546e-11,2.684394e-09,2.684394e-11
6.826961e+00,8.011051e-11,2.668683e-09,2.668683e-11
6.829849e+00,8.051803e-11,2.670134e-09,2.670134e-11
6.832737e+00,8.100005e-11,2.688810e-09,2.688810e-11
6.835624e+00,8.145562e-11,2.723229e-09,2.723229e-11
6.838512e+00,8.187765e-11,2.770783e-09,2.770783e-11
6.841400e+00,8.227637e-11,2.828042e-09,2.828042e-11
6.844288e+00,8.261335e-11,2.890911e-09,2.890911e-11
6.847176e+00,8.286175e-11,2.954732e-09,2.954732e-11
6.850064e+00,8.305855e-11,3.014475e-09,3.014475e-11
6.852952e+00,8.321964e-11,3.065031e-09,3.065031e-11
6.855840e+00,8.326364e-11,3.101678e-09,3.101678e-11
6.858728e+00,8.309630e-11,3.120576e-09,3.120576e-11
6.861615e+00,8.269541e-11,3.119174e-09,3.119174e-11
6.864503e+00,8.205778e-11,3.096525e-09,3.096525e-11
6.867391e+00,8.114997e-11,3.053528e-09,3.053528e-11
6.870279e+00,7.998432e-11,2.992908e-09,2.992908e-11
6.873167e+00,7.868060e-11,2.918937e-09,2.918937e-11
6.876055e+00,7.738631e-11,2.836839e-09,2.836839e-11
6.878943e+00,7.618374e-11,2.752051e-09,2.752051e-11
6.881831e+00,7.512577e-11,2.669529e-09,2.669529e-11
6.884718e+00,7.429140e-11,2.593238e-09,2.593238e-11
6.887606e+00,7.371488e-11,2.525745e-09,2.525745e-11
6.890494e+00,7.331135e-11,2.467897e-09,2.467897e-11
6.893382e+00,7.295825e-11,2.418717e-09,2.418717e-11
6.896270e+00,7.259542e-11,2.375765e-09,2.375765e-11
6.899158e+00,7.217310e-11,2.335763e-09,2.335763e-11
6.902046e+00,7.158886e-11,2.295347e-09,2.295347e-11
6.904934e+00,7.077695e-11,2.251841e-09,2.251841e-11
6.907822e+00,6.978817e-11,2.203734e-09,2.203734e-11
6.910709e+00,6.869505e-11,2.150639e-09,2.150639e-11
6.913597e+00,6.750373e-11,2.093063e-09,2.093063e-11
6.916485e+00,6.623235e-11,2.032040e-09,2.032040e-11
6.919373e+00,6.497015e-11,1.968688e-09,1.968688e-11
6.922261e+00,6.378220e-11,1.903824e-09,1.903824e-11
6.925149e+00,6.263883e-11,1.837894e-09,1.837894e-11
6.928037e+00,6.150158e-11,1.771156e-09,1.771156e-11
6.930925e+00,6.040448e-11,1.703963e-09,1.703963e-11
6.933813e+00,5.938023e-11,1.636959e-09,1.636959e-11
6.936700e+00,5.838418e-11,1.571277e-09,1.571277e-11
6.939588e+00,5.737959e-11,1.508565e-09,1.508565e-11
6.942476e+00,5.642814e-11,1.450953e-09,1.450953e-11
6.945364e+00,5.560875e-11,1.400836e-09,1.400836e-11
6.948252e+00,5.491500e-11,1.360593e-09,1.360593e-11
6.951140e+00,5.433682e-11,1.332153e-09,1.332153e-11
6.954028e+00,5.396665e-11,1.316584e-09,1.316584e-11
6.956916e+00,5.390518e-11,1.313663e-09,1.313663e-11
6.959804e+00,5.413921e-11,1.321928e-09,1.321928e-11
6.962691e+00,5.462887e-11,1.339164e-09,1.339164e-11
6.965579e+00,5.543294e-11,1.363272e-09,1.363272e-11
6.968467e+00,5.661228e-11,1.392790e-09,1.392790e-11
6.971355e+00,5.808711e-11,1.427056e-09,1.427056e-11
6.974243e+00,5.972876e-11,1.465979e-09,1.465979e-11
6.977131e+00,6.151736e-11,1.509832e-09,1.509832e-11
6.980019e+00,6.345527e-11,1.558667e-09,1.558667e-11
6.982907e+00,6.540573e-11,1.611798e-09,1.611798e-11
6.985794e+00,6.719998e-11,1.667811e-09,1.667811e-11
6.988682e+00,6.882624e-11,1.725139e-09,1.725139e-11
6.991570e+00,7.033705e-11,1.782151e-09,1.782151e-11
6.994458e+00,7.166807e-11,1.837272e-09,1.837272e-11
6.997346e+00,7.273989e-11,1.889310e-09,1.889310e-11
7.000234e+00,7.364146e-11,1.937773e-09,1.937773e-11
7.003122e+00,7.452896e-11,1.982680e-09,1.982680e-11
7.006010e+00,7.542405e-11,2.024345e-09,2.024345e-11
7.008898e+00,7.628501e-11,2.063275e-09,2.063275e-11
7.011785e+00,7.719850e-11,2.100382e-09,2.100382e-11
7.014673e+00,7.830120e-11,2.136798e-09,2.136798e-11
7.017561e+00,7.956322e-11,2.173494e-09,2.173494e-11
7.020449e+00,8.084458e-11,2.211161e-09,2.211161e-11
7.023337e+00,8.212245e-11,2.250399e-09,2.250399e-11
7.026225e+00,8.345173e-11,2.291551e-09,2.291551e-11
7.029113e+00,8.474359e-11,2.334635e-09,2.334635e-11
7.032001e+00,8.581619e-11,2.379540e-09,2.379540e-11
7.034889e+00,8.663720e-11,2.426309e-09,2.426309e-11
7.037776e+00,8.729858e-11,2.475167e-09,2.475167e-11
7.040664e+00,8.778401e-11,2.526218e-09,2.526218e-11
7.043552e+00,8.798073e-11,2.579087e-09,2.579087e-11
7.046440e+00,8.790493e-11,2.632840e-09,2.632840e-11
7.049328e+00,8.769089e-11,2.685806e-09,2.685806e-11
7.052216e+00,8.734972e-11,2.735343e-09,2.735343e-11
7.055104e+00,8.675641e-11,2.778053e-09,2.778053e-11
7.057992e+00,8.588471e-11,2.810326e-09,2.810326e-11
7.060879e+00,8.483596e-11,2.828776e-09,2.828776e-11
7.063767e+00,8.361577e-11,2.830417e-09,2.830417e-11
7.066655e+00,8.210084e-11,2.813000e-09,2.813000e-11
7.069543e+00,8.026997e-11,2.775413e-09,2.775413e-11
7.072431e+00,7.826045e-11,2.717833e-09,2.717833e-11
7.075319e+00,7.614241e-11,2.641506e-09,2.641506e-11
7.078207e+00,7.384592e-11,2.548683e-09,2.548683e-11
7.081095e+00,7.137222e-11,2.442661e-09,2.442661e-11
7.083983e+00,6.887551e-11,2.327729e-09,2.327729e-11
7.086870e+00,6.645916e-11,2.208671e-09,2.208671e-11
7.089758e+00,6.407756e-11,2.090297e-09,2.090297e-11
7.092646e+00,6.173391e-11,1.977156e-09,1.977156e-11
7.095534e+00,5.959384e-11,1.873418e-09,1.873418e-11
7.098422e+00,5.779486e-11,1.782389e-09,1.782389e-11
7.101310e+00,5.631533e-11,1.706233e-09,1.706233e-11
7.104198e+00,5.514503e-11,1.646083e-09,1.646083e-11
7.107086e+00,5.440817e-11,1.602453e-09,1.602453e-11
7.109974e+00,5.418207e-11,1.575206e-09,1.575206e-11
7.112861e+00,5.435777e-11,1.563630e-09,1.563630e-11
7.115749e+00,5.480537e-11,1.566543e-09,1.566543e-11
7.118637e+00,5.551822e-11,1.582387e-09,1.582387e-11
7.121525e+00,5.647614e-11,1.608857e-09,1.608857e-11
7.124413e+00,5.751578e-11,1.642780e-09,1.642780e-11
7.127301e+00,5.847129e-11,1.680264e-09,1.680264e-11
7.130189e+00,5.932618e-11,1.717191e-09,1.717191e-11
7.133077e+00,6.010227e-11,1.749401e-09,1.749401e-11
7.135965e+00,6.070896e-11,1.772961e-09,1.772961e-11
7.138852e+00,6.103491e-11,1.784617e-09,1.784617e-11
7.141740e+00,6.109768e-11,1.782296e-09,1.782296e-11
7.144628e+00,6.095920e-11,1.765143e-09,1.765143e-11
7.147516e+00,6.057397e-11,1.733514e-09,1.733514e-11
7.150404e+00,5.986354e-11,1.689012e-09,1.689012e-11
7.153292e+00,5.886983e-11,1.634500e-09,1.634500e-11
7.156180e+00,5.770058e-11,1.573801e-09,1.573801e-11
7.159068e+00,5.638450e-11,1.511203e-09,1.511203e-11
7.161955e+00,5.491428e-11,1.450886e-09,1.450886e-11
7.164843e+00,5.338068e-11,1.396417e-09,1.396417e-11
7.167731e+00,5.192819e-11,1.350120e-09,1.350120e-11
7.170619e+00,5.061410e-11,1.312683e-09,1.312683e-11
7.173507e+00,4.942627e-11,1.283365e-09,1.283365e-11
7.176395e+00,4.841049e-11,1.260671e-09,1.260671e-11
7.179283e+00,4.766524e-11,1.243251e-09,1.243251e-11
7.182171e+00,4.721542e-11,1.230714e-09,1.230714e-11
7.185059e+00,4.701195e-11,1.224155e-09,1.224155e-11
7.187946e+00,4.706433e-11,1.226319e-09,1.226319e-11
7.190834e+00,4.744704e-11,1.240981e-09,1.240981e-11
7.193722e+00,4.816617e-11,1.271595e-09,1.271595e-11
7.196610e+00,4.914292e-11,1.319935e-09,1.319935e-11
7.199498e+00,5.033446e-11,1.385282e-09,1.385282e-11
7.202386e+00,5.174905e-11,1.464420e-09,1.464420e-11
7.205274e+00,5.332875e-11,1.552224e-09,1.552224e-11
7.208162e+00,5.494401e-11,1.642709e-09,1.642709e-11
7.211050e+00,5.652097e-11,1.730121e-09,1.730121e-11
7.213937e+00,5.806312e-11,1.809662e-09,1.809662e-11
7.216825e+00,5.955069e-11,1.877823e-09,1.877823e-11
7.219713e+00,6.092287e-11,1.932559e-09,1.932559e-11
7.222601e+00,6.217364e-11,1.973294e-09,1.973294e-11
7.225489e+00,6.336787e-11,2.000821e-09,2.000821e-11
7.228377e+00,6.453070e-11,2.017034e-09,2.017034e-11
7.231265e+00,6.560920e-11,2.024646e-09,2.024646e-11
7.234153e+00,6.657165e-11,2.026860e-09,2.026860e-11
7.237040e+00,6.744365e-11,2.026879e-09,2.026879e-11
7.239928e+00,6.821120e-11,2.027318e-09,2.027318e-11
7.242816e+00,6.879991e-11,2.029863e-09,2.029863e-11
7.245704e+00,6.918187e-11,2.035211e-09,2.035211e-11
7.248592e+00,6.941016e-11,2.043254e-09,2.043254e-11
7.251480e+00,6.952839e-11,2.053342e-09,2.053342e-11
7.254368e+00,6.952990e-11,2.064626e-09,2.064626e-11
7.257256e+00,6.943731e-11,2.076351e-09,2.076351e-11
7.260144e+00,6.933068e-11,2.087987e-09,2.087987e-11
7.263031e+00,6.925123e-11,2.099076e-09,2.099076e-11
7.265919e+00,6.916040e-11,2.109085e-09,2.109085e-11
7.268807e+00,6.903202e-11,2.117416e-09,2.117416e-11
7.271695e+00,6.890201e-11,2.123518e-09,2.123518e-11
7.274583e+00,6.878553e-11,2.126983e-09,2.126983e-11
7.277471e+00,6.864041e-11,2.127703e-09,2.127703e-11
7.280359e+00,6.846690e-11,2.126043e-09,2.126043e-11
7.283247e+00,6.834718e-11,2.122852e-09,2.122852e-11
7.286135e+00,6.834173e-11,2.119214e-09,2.119214e-11
7.289022e+00,6.843861e-11,2.116170e-09,2.116170e-11
7.291910e+00,6.863420e-11,2.114547e-09,2.114547e-11
7.294798e+00,6.897378e-11,2.114798e-09,2.114798e-11
7.297686e+00,6.946663e-11,2.116748e-09,2.116748e-11
7.300574e+00,7.003742e-11,2.119571e-09,2.119571e-11
7.303462e+00,7.062395e-11,2.122106e-09,2.122106e-11
7.306350e+00,7.125170e-11,2.123364e-09,2.123364e-11
7.309238e+00,7.195456e-11,2.122874e-09,2.122874e-11
7.312126e+00,7.270436e-11,2.120850e-09,2.120850e-11
7.315013e+00,7.349498e-11,2.118283e-09,2.118283e-11
7.317901e+00,7.441194e-11,2.116955e-09,2.116955e-11
7.320789e+00,7.552185e-11,2.119099e-09,2.119099e-11
7.323677e+00,7.677950e-11,2.126999e-09,2.126999e-11
7.326565e+00,7.812783e-11,2.142703e-09,2.142703e-11
7.329453e+00,7.959099e-11,2.167816e-09,2.167816e-11
7.332341e+00,8.118505e-11,2.203387e-09,2.203387e-11
7.335229e+00,8.283992e-11,2.250186e-09,2.250186e-11
7.338116e+00,8.451053e-11,2.309172e-09,2.309172e-11
7.341004e+00,8.627446e-11,2.381626e-09,2.381626e-11
7.343892e+00,8.822410e-11,2.468618e-09,2.468618e-11
7.346780e+00,9.034739e-11,2.570257e-09,2.570257e-11
7.349668e+00,9.260329e-11,2.685113e-09,2.685113e-11
7.352556e+00,9.501532e-11,2.810063e-09,2.810063e-11
7.355444e+00,9.756938e-11,2.940441e-09,2.940441e-11
7.358332e+00,1.001023e-10,3.070538e-09,3.070538e-11
7.361220e+00,1.024175e-10,3.194364e-09,3.194364e-11
7.364107e+00,1.044276e-10,3.306520e-09,3.306520e-11
7.366995e+00,1.060878e-10,3.402876e-09,3.402876e-11
7.369883e+00,1.072984e-10,3.481056e-09,3.481056e-11
7.372771e+00,1.079938e-10,3.540547e-09,3.540547e-11
7.375659e+00,1.082649e-10,3.582423e-09,3.582423e-11
7.378547e+00,1.082645e-10,3.608689e-09,3.608689e-11
7.381435e+00,1.080451e-10,3.621609e-09,3.621609e-11
7.384323e+00,1.076056e-10,3.623180e-09,3.623180e-11
7.387211e+00,1.070235e-10,3.614841e-09,3.614841e-11
7.390098e+00,1.063908e-10,3.597328e-09,3.597328e-11
7.392986e+00,1.056595e-10,3.570799e-09,3.570799e-11
7.395874e+00,1.047190e-10,3.535327e-09,3.535327e-11
7.398762e+00,1.035842e-10,3.491675e-09,3.491675e-11
7.401650e+00,1.023567e-10,3.441764e-09,3.441764e-11
7.404538e+00,1.010594e-10,3.388647e-09,3.388647e-11
7.407426e+00,9.967536e-11,3.336063e-09,3.336063e-11
7.410314e+00,9.831627e-11,3.287765e-09,3.287765e-11
7.413201e+00,9.716825e-11,3.246704e-09,3.246704e-11
7.416089e+00,9.628901e-11,3.214373e-09,3.214373e-11
7.418977e+00,9.562912e-11,3.190584e-09,3.190584e-11
7.421865e+00,9.521292e-11,3.173781e-09,3.173781e-11
7.424753e+00,9.512609e-11,3.161664e-09,3.161664e-11
7.427641e+00,9.534327e-11,3.151955e-09,3.151955e-11
7.430529e+00,9.573818e-11,3.143165e-09,3.143165e-11
7.433417e+00,9.627795e-11,3.135086e-09,3.135086e-11
7.436305e+00,9.703493e-11,3.128478e-09,3.128478e-11
7.439192e+00,9.797910e-11,3.123988e-09,3.123988e-11
7.442080e+00,9.894431e-11,3.121123e-09,3.121123e-11
7.444968e+00,9.982527e-11,3.117828e-09,3.117828e-11
7.447856e+00,1.006087e-10,3.110623e-09,3.110623e-11
7.450744e+00,1.011803e-10,3.095104e-09,3.095104e-11
7.453632e+00,1.013086e-10,3.066877e-09,3.066877e-11
7.456520e+00,1.008736e-10,3.022730e-09,3.022730e-11
7.459408e+00,9.993894e-11,2.961659e-09,2.961659e-11
7.462296e+00,9.857115e-11,2.885330e-09,2.885330e-11
7.465183e+00,9.677714e-11,2.798042e-09,2.798042e-11
7.468071e+00,9.467415e-11,2.706053e-09,2.706053e-11
7.470959e+00,9.253356e-11,2.616304e-09,2.616304e-11
7.473847e+00,9.055769e-11,2.534712e-09,2.534712e-11
7.476735e+00,8.876084e-11,2.464903e-09,2.464903e-11
7.479623e+00,8.713845e-11,2.407734e-09,2.407734e-11
7.482511e+00,8.576329e-11,2.361533e-09,2.361533e-11
7.485399e+00,8.461767e-11,2.322587e-09,2.322587e-11
7.488287e+00,8.352002e-11,2.286310e-09,2.286310e-11
7.491174e+00,8.233217e-11,2.248862e-09,2.248862e-11
7.494062e+00,8.109105e-11,2.208499e-09,2.208499e-11
7.496950e+00,7.985279e-11,2.165769e-09,2.165769e-11
7.499838e+00,7.857055e-11,2.122961e-09,2.122961e-11
7.502726e+00,7.723630e-11,2.083115e-09,2.083115e-11
7.505614e+00,7.598097e-11,2.049035e-09,2.049035e-11
7.508502e+00,7.490962e-11,2.022305e-09,2.022305e-11
7.511390e+00,7.396207e-11,2.002809e-09,2.002809e-11
7.514277e+00,7.304411e-11,1.988804e-09,1.988804e-11
7.517165e+00,7.218173e-11,1.977679e-09,1.977679e-11
7.520053e+00,7.141337e-11,1.966850e-09,1.966850e-11
7.522941e+00,7.065567e-11,1.954810e-09,1.954810e-11
7.525829e+00,6.983445e-11,1.941889e-09,1.941889e-11
7.528717e+00,6.904022e-11,1.930348e-09,1.930348e-11
7.531605e+00,6.840530e-11,1.923425e-09,1.923425e-11
7.534493e+00,6.793179e-11,1.924233e-09,1.924233e-11
7.537381e+00,6.758221e-11,1.934950e-09,1.934950e-11
7.540268e+00,6.743134e-11,1.956558e-09,1.956558e-11
7.543156e+00,6.757604e-11,1.988701e-09,1.988701e-11
7.546044e+00,6.797171e-11,2.029929e-09,2.029929e-11
7.548932e+00,6.852234e-11,2.078367e-09,2.078367e-11
7.551820e+00,6.927035e-11,2.132695e-09,2.132695e-11
7.554708e+00,7.033246e-11,2.192668e-09,2.192668e-11
7.557596e+00,7.170914e-11,2.259036e-09,2.259036e-11
7.560484e+00,7.333245e-11,2.332915e-09,2.332915e-11
7.563372e+00,7.524235e-11,2.414929e-09,2.414929e-11
7.566259e+00,7.751032e-11,2.504283e-09,2.504283e-11
7.569147e+00,8.003760e-11,2.598385e-09,2.598385e-11
7.572035e+00,8.261064e-11,2.693119e-09,2.693119e-11
7.574923e+00,8.509716e-11,2.783523e-09,2.783523e-11
7.577811e+00,8.742700e-11,2.864504e-09,2.864504e-11
7.580699e+00,8.944153e-11,2.931608e-09,2.931608e-11
7.583587e+00,9.094783e-11,2.981689e-09,2.981689e-11
7.586475e+00,9.190731e-11,3.013298e-09,3.013298e-11
7.589362e+00,9.241151e-11,3.026535e-09,3.026535e-11
7.592250e+00,9.249458e-11,3.022471e-09,3.022471e-11
7.595138e+00,9.212760e-11,3.002513e-09,3.002513e-11
7.598026e+00,9.136844e-11,2.967990e-09,2.967990e-11
7.600914e+00,9.033575e-11,2.919912e-09,2.919912e-11
7.603802e+00,8.903489e-11,2.858878e-09,2.858878e-11
7.606690e+00,8.737034e-11,2.785217e-09,2.785217e-11
7.609578e+00,8.532619e-11,2.699375e-09,2.699375e-11
7.612466e+00,8.298551e-11,2.602382e-09,2.602382e-11
7.615353e+00,8.038676e-11,2.496269e-09,2.496269e-11
7.618241e+00,7.752760e-11,2.384397e-09,2.384397e-11
7.621129e+00,7.450614e-11,2.271323e-09,2.271323e-11
7.624017e+00,7.151562e-11,2.162134e-09,2.162134e-11
7.626905e+00,6.868833e-11,2.061533e-09,2.061533e-11
7.629793e+00,6.605247e-11,1.973050e-09,1.973050e-11
7.632681e+00,6.365794e-11,1.898480e-09,1.898480e-11
7.635569e+00,6.160283e-11,1.837703e-09,1.837703e-11
7.638457e+00,5.990090e-11,1.788916e-09,1.788916e-11
7.641344e+00,5.846609e-11,1.749486e-09,1.749486e-11
7.644232e+00,5.726534e-11,1.717106e-09,1.717106e-11
7.647120e+00,5.635525e-11,1.690523e-09,1.690523e-11
7.650008e+00,5.574583e-11,1.669615e-09,1.669615e-11
7.652896e+00,5.537172e-11,1.655047e-09,1.655047e-11
7.655784e+00,5.521815e-11,1.647541e-09,1.647541e-11
7.658672e+00,5.533529e-11,1.647164e-09,1.647164e-11
7.661560e+00,5.570137e-11,1.652957e-09,1.652957e-11
7.664448e+00,5.619975e-11,1.663077e-09,1.663077e-11
7.667335e+00,5.674990e-11,1.675346e-09,1.675346e-11
7.670223e+00,5.734259e-11,1.687835e-09,1.687835e-11
7.673111e+00,5.793684e-11,1.699317e-09,1.699317e-11
7.675999e+00,5.844224e-11,1.709732e-09,1.709732e-11
7.678887e+00,5.883871e-11,1.720395e-09,1.720395e-11
7.681775e+00,5.920853e-11,1.733773e-09,1.733773e-11
7.684663e+00,5.961518e-11,1.752852e-09,1.752852e-11
7.687551e+00,6.005591e-11,1.780580e-09,1.780580e-11
7.690438e+00,6.056954e-11,1.819722e-09,1.819722e-11
7.693326e+00,6.126615e-11,1.872782e-09,1.872782e-11
7.696214e+00,6.219727e-11,1.941884e-09,1.941884e-11
7.699102e+00,6.332414e-11,2.028934e-09,2.028934e-11
7.701990e+00,6.464253e-11,2.135695e-09,2.135695e-11
7.704878e+00,6.621361e-11,2.263599e-09,2.263599e-11
7.707766e+00,6.805222e-11,2.413327e-09,2.413327e-11
7.710654e+00,7.008891e-11,2.584301e-09,2.584301e-11
7.713542e+00,7.227927e-11,2.774249e-09,2.774249e-11
7.716429e+00,7.464371e-11,2.978991e-09,2.978991e-11
7.719317e+00,7.714671e-11,3.192495e-09,3.192495e-11
7.722205e+00,7.965898e-11,3.407334e-09,3.407334e-11
7.725093e+00,8.207731e-11,3.615342e-09,3.615342e-11
7.727981e+00,8.437132e-11,3.808251e-09,3.808251e-11
7.730869e+00,8.649079e-11,3.978243e-09,3.978243e-11
7.733757e+00,8.832675e-11,4.118431e-09,4.118431e-11
7.736645e+00,8.982001e-11,4.223283e-09,4.223283e-11
7.739533e+00,9.101485e-11,4.288951e-09,4.288951e-11
7.742420e+00,9.194843e-11,4.313436e-09,4.313436e-11
7.745308e+00,9.258908e-11,4.296648e-09,4.296648e-11
7.748196e+00,9.292744e-11,4.240408e-09,4.240408e-11
7.751084e+00,9.302760e-11,4.148364e-09,4.148364e-11
7.753972e+00,9.292756e-11,4.025742e-09,4.025742e-11
7.756860e+00,9.258151e-11,3.879031e-09,3.879031e-11
7.759748e+00,9.196089e-11,3.715633e-09,3.715633e-11
7.762636e+00,9.112671e-11,3.543457e-09,3.543457e-11
7.765523e+00,9.015275e-11,3.370425e-09,3.370425e-11
7.768411e+00,8.905295e-11,3.203969e-09,3.203969e-11
7.771299e+00,8.785444e-11,3.050568e-09,3.050568e-11
7.774187e+00,8.667872e-11,2.915410e-09,2.915410e-11
7.777075e+00,8.565622e-11,2.802058e-09,2.802058e-11
7.779963e+00,8.482194e-11,2.712245e-09,2.712245e-11
7.782851e+00,8.418573e-11,2.645915e-09,2.645915e-11
7.785739e+00,8.382180e-11,2.601507e-09,2.601507e-11
7.788627e+00,8.379456e-11,2.576244e-09,2.576244e-11
7.791514e+00,8.406382e-11,2.566522e-09,2.566522e-11
7.794402e+00,8.454814e-11,2.568354e-09,2.568354e-11
7.797290e+00,8.522868e-11,2.577809e-09,2.577809e-11
7.800178e+00,8.609215e-11,2.591245e-09,2.591245e-11
7.803066e+00,8.702111e-11,2.605445e-09,2.605445e-11
7.805954e+00,8.785924e-11,2.617779e-09,2.617779e-11
7.808842e+00,8.853945e-11,2.626386e-09,2.626386e-11
7.811730e+00,8.903756e-11,2.630180e-09,2.630180e-11
7.814618e+00,8.926022e-11,2.628789e-09,2.628789e-11
7.817505e+00,8.910653e-11,2.622551e-09,2.622551e-11
7.820393e+00,8.860118e-11,2.612530e-09,2.612530e-11
7.823281e+00,8.784593e-11,2.600302e-09,2.600302e-11
7.826169e+00,8.688217e-11,2.587646e-09,2.587646e-11
7.829057e+00,8.572193e-11,2.576292e-09,2.576292e-11
7.831945e+00,8.446396e-11,2.567768e-09,2.567768e-11
7.834833e+00,8.325250e-11,2.563075e-09,2.563075e-11
7.837721e+00,8.214343e-11,2.562405e-09,2.562405e-11
7.840609e+00,8.111532e-11,2.565131e-09,2.565131e-11
7.843496e+00,8.020296e-11,2.570042e-09,2.570042e-11
7.846384e+00,7.950361e-11,2.575633e-09,2.575633e-11
7.849272e+00,7.904218e-11,2.580425e-09,2.580425e-11
7.852160e+00,7.875795e-11,2.583323e-09,2.583323e-11
7.855048e+00,7.865244e-11,2.583971e-09,2.583971e-11
7.857936e+00,7.881636e-11,2.582876e-09,2.582876e-11
7.860824e+00,7.926650e-11,2.581180e-09,2.581180e-11
7.863712e+00,7.990276e-11,2.580442e-09,2.580442e-11
7.866599e+00,8.066412e-11,2.582467e-09,2.582467e-11
7.869487e+00,8.157991e-11,2.588950e-09,2.588950e-11
7.872375e+00,8.262045e-11,2.600927e-09,2.600927e-11
7.875263e+00,8.362798e-11,2.618510e-09,2.618510e-11
7.878151e+00,8.447949e-11,2.640903e-09,2.640903e-11
7.881039e+00,8.518342e-11,2.666562e-09,2.666562e-11
7.883927e+00,8.572722e-11,2.693267e-09,2.693267e-11
7.886815e+00,8.597737e-11,2.718397e-09,2.718397e-11
7.889703e+00,8.583163e-11,2.739300e-09,2.739300e-11
7.892590e+00,8.533895e-11,2.753620e-09,2.753620e-11
7.895478e+00,8.455252e-11,2.759303e-09,2.759303e-11
7.898366e+00,8.340261e-11,2.754685e-09,2.754685e-11
7.901254e+00,8.184175e-11,2.738724e-09,2.738724e-11
7.904142e+00,7.998075e-11,2.711357e-09,2.711357e-11
7.907030e+00,7.795546e-11,2.673551e-09,2.673551e-11
7.909918e+00,7.577709e-11,2.627261e-09,2.627261e-11
7.912806e+00,7.344625e-11,2.575269e-09,2.575269e-11
7.915694e+00,7.110035e-11,2.520889e-09,2.520889e-11
7.918581e+00,6.889788e-11,2.467275e-09,2.467275e-11
7.921469e+00,6.684477e-11,2.416803e-09,2.416803e-11
7.924357e+00,6.488369e-11,2.370753e-09,2.370753e-11
7.927245e+00,6.307817e-11,2.329479e-09,2.329479e-11
7.930133e+00,6.153341e-11,2.292591e-09,2.292591e-11
7.933021e+00,6.020752e-11,2.259248e-09,2.259248e-11
7.935909e+00,5.898989e-11,2.228486e-09,2.228486e-11
7.938797e+00,5.790232e-11,2.199504e-09,2.199504e-11
7.941684e+00,5.703321e-11,2.171447e-09,2.171447e-11
7.944572e+00,5.633272e-11,2.143059e-09,2.143059e-11
7.947460e+00,5.566637e-11,2.112595e-09,2.112595e-11
7.950348e+00,5.501556e-11,2.078084e-09,2.078084e-11
7.953236e+00,5.443501e-11,2.037526e-09,2.037526e-11
7.956124e+00,5.386227e-11,1.989118e-09,1.989118e-11
7.959012e+00,5.316389e-11,1.931641e-09,1.931641e-11
7.961900e+00,5.233811e-11,1.864919e-09,1.864919e-11
7.964788e+00,5.149503e-11,1.789957e-09,1.789957e-11
7.967675e+00,5.066639e-11,1.708817e-09,1.708817e-11
7.970563e+00,4.981191e-11,1.624479e-09,1.624479e-11
7.973451e+00,4.900069e-11,1.540735e-09,1.540735e-11
7.976339e+00,4.839770e-11,1.461858e-09,1.461858e-11
7.979227e+00,4.806187e-11,1.392039e-09,1.392039e-11
7.982115e+00,4.793460e-11,1.334899e-09,1.334899e-11
7.985003e+00,4.802677e-11,1.293223e-09,1.293223e-11
7.987891e+00,4.843412e-11,1.268689e-09,1.268689e-11
7.990779e+00,4.915753e-11,1.261600e-09,1.261600e-11
7.993666e+00,5.009043e-11,1.271080e-09,1.271080e-11
7.996554e+00,5.120272e-11,1.295625e-09,1.295625e-11
7.999442e+00,5.256519e-11,1.333590e-09,1.333590e-11
8.002330e+00,5.417495e-11,1.383407e-09,1.383407e-11
8.005218e+00,5.592338e-11,1.443767e-09,1.443767e-11
8.008106e+00,5.776735e-11,1.513787e-09,1.513787e-11
8.010994e+00,5.976648e-11,1.593033e-09,1.593033e-11
8.013882e+00,6.191280e-11,1.681153e-09,1.681153e-11
8.016770e+00,6.410311e-11,1.777637e-09,1.777637e-11
8.019657e+00,6.631645e-11,1.881818e-09,1.881818e-11
8.022545e+00,6.863993e-11,1.992821e-09,1.992821e-11
8.025433e+00,7.109530e-11,2.109391e-09,2.109391e-11
8.028321e+00,7.360377e-11,2.229912e-09,2.229912e-11
8.031209e+00,7.613853e-11,2.352437e-09,2.352437e-11
8.034097e+00,7.873925e-11,2.474633e-09,2.474633e-11
8.036985e+00,8.135058e-11,2.593742e-09,2.593742e-11
8.039873e+00,8.380795e-11,2.706668e-09,2.706668e-11
8.042760e+00,8.599830e-11,2.810220e-09,2.810220e-11
8.045648e+00,8.789895e-11,2.901555e-09,2.901555e-11
8.048536e+00,8.945678e-11,2.978663e-09,2.978663e-11
8.051424e+00,9.058181e-11,3.040777e-09,3.040777e-11
8.054312e+00,9.129118e-11,3.088562e-09,3.088562e-11
8.057200e+00,9.172924e-11,3.123967e-09,3.123967e-11
8.060088e+00,9.201480e-11,3.149679e-09,3.149679e-11
8.062976e+00,9.219312e-11,3.168454e-09,3.168454e-11
8.065864e+00,9.235142e-11,3.182639e-09,3.182639e-11
8.068751e+00,9.261919e-11,3.193932e-09,3.193932e-11
8.071639e+00,9.301910e-11,3.203293e-09,3.203293e-11
8.074527e+00,9.344863e-11,3.210945e-09,3.210945e-11
8.077415e+00,9.382897e-11,3.216510e-09,3.216510e-11
8.080303e+00,9.414476e-11,3.219297e-09,3.219297e-11
8.083191e+00,9.432413e-11,3.218460e-09,3.218460e-11
8.086079e+00,9.423236e-11,3.213054e-09,3.213054e-11
8.088967e+00,9.381734e-11,3.202184e-09,3.202184e-11
8.091855e+00,9.313213e-11,3.185096e-09,3.185096e-11
8.094742e+00,9.218977e-11,3.161083e-09,3.161083e-11
8.097630e+00,9.092871e-11,3.129453e-09,3.129453e-11
8.100518e+00,8.934712e-11,3.089577e-09,3.089577e-11
8.103406e+00,8.752330e-11,3.040879e-09,3.040879e-11
8.106294e+00,8.547978e-11,2.982761e-09,2.982761e-11
8.109182e+00,8.317030e-11,2.914650e-09,2.914650e-11
8.112070e+00,8.062436e-11,2.836250e-09,2.836250e-11
8.114958e+00,7.797387e-11,2.747808e-09,2.747808e-11
8.117845e+00,7.530945e-11,2.650179e-09,2.650179e-11
8.120733e+00,7.265091e-11,2.544834e-09,2.544834e-11
8.123621e+00,7.007675e-11,2.433864e-09,2.433864e-11
8.126509e+00,6.772906e-11,2.319896e-09,2.319896e-11
8.129397e+00,6.567058e-11,2.205923e-09,2.205923e-11
8.132285e+00,6.385753e-11,2.095216e-09,2.095216e-11
8.135173e+00,6.227692e-11,1.991259e-09,1.991259e-11
8.138061e+00,6.099768e-11,1.897632e-09,1.897632e-11
8.140949e+00,6.004248e-11,1.817816e-09,1.817816e-11
8.143836e+00,5.934648e-11,1.755040e-09,1.755040e-11
8.146724e+00,5.890578e-11,1.712114e-09,1.712114e-11
8.149612e+00,5.882284e-11,1.691081e-09,1.691081e-11
8.152500e+00,5.915014e-11,1.692582e-09,1.692582e-11
8.155388e+00,5.982275e-11,1.715502e-09,1.715502e-11
8.158276e+00,6.079586e-11,1.757146e-09,1.757146e-11
8.161164e+00,6.210346e-11,1.813749e-09,1.813749e-11
8.164052e+00,6.371226e-11,1.880869e-09,1.880869e-11
8.166940e+00,6.546475e-11,1.953845e-09,1.953845e-11
8.169827e+00,6.723721e-11,2.028295e-09,2.028295e-11
8.172715e+00,6.902595e-11,2.100512e-09,2.100512e-11
8.175603e+00,7.081520e-11,2.167507e-09,2.167507e-11
8.178491e+00,7.249756e-11,2.227092e-09,2.227092e-11
8.181379e+00,7.401300e-11,2.278028e-09,2.278028e-11
8.184267e+00,7.543552e-11,2.320078e-09,2.320078e-11
8.187155e+00,7.683021e-11,2.353742e-09,2.353742e-11
8.190043e+00,7.814624e-11,2.380094e-09,2.380094e-11
8.192931e+00,7.933499e-11,2.400609e-09,2.400609e-11
8.195818e+00,8.045501e-11,2.416981e-09,2.416981e-11
8.198706e+00,8.155891e-11,2.430728e-09,2.430728e-11
8.201594e+00,8.258095e-11,2.442888e-09,2.442888e-11
8.204482e+00,8.344699e-11,2.453960e-09,2.453960e-11
8.207370e+00,8.420087e-11,2.464102e-09,2.464102e-11
8.210258e+00,8.491231e-11,2.473151e-09,2.473151e-11
8.213146e+00,8.554802e-11,2.480729e-09,2.480729e-11
8.216034e+00,8.605055e-11,2.486445e-09,2.486445e-11
8.218921e+00,8.646664e-11,2.490110e-09,2.490110e-11
8.221809e+00,8.687401e-11,2.491790e-09,2.491790e-11
8.224697e+00,8.723912e-11,2.491815e-09,2.491815e-11
8.227585e+00,8.747298e-11,2.490757e-09,2.490757e-11
8.230473e+00,8.758543e-11,2.489448e-09,2.489448e-11
8.233361e+00,8.764685e-11,2.488783e-09,2.488783e-11
8.236249e+00,8.763758e-11,2.489456e-09,2.489456e-11
8.239137e+00,8.748643e-11,2.491837e-09,2.491837e-11
8.242025e+00,8.722773e-11,2.495933e-09,2.495933e-11
8.244912e+00,8.697290e-11,2.501293e-09,2.501293e-11
8.247800e+00,8.674366e-11,2.507007e-09,2.507007e-11
8.250688e+00,8.646716e-11,2.511802e-09,2.511802e-11
8.253576e+00,8.612700e-11,2.514294e-09,2.514294e-11
8.256464e+00,8.577079e-11,2.513180e-09,2.513180e-11
8.259352e+00,8.535192e-11,2.507163e-09,2.507163e-11
8.262240e+00,8.471532e-11,2.494857e-09,2.494857e-11
8.265128e+00,8.376796e-11,2.474904e-09,2.474904e-11
8.268016e+00,8.252467e-11,2.446083e-09,2.446083e-11
8.270903e+00,8.096431e-11,2.407298e-09,2.407298e-11
8.273791e+00,7.899738e-11,2.357775e-09,2.357775e-11
8.276679e+00,7.661780e-11,2.297433e-09,2.297433e-11
8.279567e+00,7.395042e-11,2.227180e-09,2.227180e-11
8.282455e+00,7.110541e-11,2.148901e-09,2.148901e-11
8.285343e+00,6.810855e-11,2.065407e-09,2.065407e-11
8.288231e+00,6.502865e-11,1.980308e-09,1.980308e-11
8.291119e+00,6.204457e-11,1.897743e-09,1.897743e-11
8.294006e+00,5.931335e-11,1.821755e-09,1.821755e-11
8.296894e+00,5.687716e-11,1.755758e-09,1.755758e-11
8.299782e+00,5.477200e-11,1.702307e-09,1.702307e-11
8.302670e+00,5.312098e-11,1.663182e-09,1.663182e-11
8.305558e+00,5.201689e-11,1.639249e-09,1.639249e-11
8.308446e+00,5.140590e-11,1.630358e-09,1.630358e-11
8.311334e+00,5.119618e-11,1.635380e-09,1.635380e-11
8.314222e+00,5.137634e-11,1.652383e-09,1.652383e-11
8.317110e+00,5.192033e-11,1.678599e-09,1.678599e-11
8.319997e+00,5.268423e-11,1.710599e-09,1.710599e-11
8.322885e+00,5.351163e-11,1.744725e-09,1.744725e-11
8.325773e+00,5.436771e-11,1.777647e-09,1.777647e-11
8.328661e+00,5.526504e-11,1.806554e-09,1.806554e-11
8.331549e+00,5.614218e-11,1.829277e-09,1.829277e-11
8.334437e+00,5.693225e-11,1.844512e-09,1.844512e-11
8.337325e+00,5.768253e-11,1.852088e-09,1.852088e-11
8.340213e+00,5.848520e-11,1.852943e-09,1.852943e-11
8.343101e+00,5.933201e-11,1.849014e-09,1.849014e-11
8.345988e+00,6.015546e-11,1.843105e-09,1.843105e-11
8.348876e+00,6.096708e-11,1.838696e-09,1.838696e-11
8.351764e+00,6.182470e-11,1.839404e-09,1.839404e-11
8.354652e+00,6.269531e-11,1.848392e-09,1.848392e-11
8.357540e+00,6.349811e-11,1.868019e-09,1.868019e-11
8.360428e+00,6.426405e-11,1.899859e-09,1.899859e-11
8.363316e+00,6.511092e-11,1.944768e-09,1.944768e-11
8.366204e+00,6.609725e-11,2.003026e-09,2.003026e-11
8.369092e+00,6.723246e-11,2.074632e-09,2.074632e-11
8.371979e+00,6.860899e-11,2.159648e-09,2.159648e-11
8.374867e+00,7.037726e-11,2.258386e-09,2.258386e-11
8.377755e+00,7.258081e-11,2.371395e-09,2.371395e-11
8.380643e+00,7.516069e-11,2.499305e-09,2.499305e-11
8.383531e+00,7.810343e-11,2.642581e-09,2.642581e-11
8.386419e+00,8.143302e-11,2.801081e-09,2.801081e-11
8.389307e+00,8.506784e-11,2.973550e-09,2.973550e-11
8.392195e+00,8.884192e-11,3.157385e-09,3.157385e-11
8.395082e+00,9.266459e-11,3.348723e-09,3.348723e-11
8.397970e+00,9.650778e-11,3.542615e-09,3.542615e-11
8.400858e+00,1.002685e-10,3.733350e-09,3.733350e-11
8.403746e+00,1.037895e-10,3.915033e-09,3.915033e-11
8.406634e+00,1.069921e-10,4.082134e-09,4.082134e-11
8.409522e+00,1.098675e-10,4.229899e-09,4.229899e-11
8.412410e+00,1.123566e-10,4.354729e-09,4.354729e-11
8.415298e+00,1.143599e-10,4.454488e-09,4.454488e-11
8.418186e+00,1.158591e-10,4.528669e-09,4.528669e-11
8.421073e+00,1.169254e-10,4.578426e-09,4.578426e-11
8.423961e+00,1.176013e-10,4.606406e-09,4.606406e-11
8.426849e+00,1.178845e-10,4.616443e-09,4.616443e-11
8.429737e+00,1.178408e-10,4.613181e-09,4.613181e-11
8.432625e+00,1.176108e-10,4.601553e-09,4.601553e-11
8.435513e+00,1.172789e-10,4.586231e-09,4.586231e-11
8.438401e+00,1.168499e-10,4.571239e-09,4.571239e-11
8.441289e+00,1.163773e-10,4.559707e-09,4.559707e-11
8.444177e+00,1.159719e-10,4.553720e-09,4.553720e-11
8.447064e+00,1.156714e-10,4.554292e-09,4.554292e-11
8.449952e+00,1.154312e-10,4.561480e-09,4.561480e-11
8.452840e+00,1.152518e-10,4.574553e-09,4.574553e-11
8.455728e+00,1.151939e-10,4.592169e-09,4.592169e-11
8.458616e+00,1.152442e-10,4.612533e-09,4.612533e-11
8.461504e+00,1.152960e-10,4.633588e-09,4.633588e-11
8.464392e+00,1.152887e-10,4.653202e-09,4.653202e-11
8.467280e+00,1.152265e-10,4.669311e-09,4.669311e-11
8.470167e+00,1.150476e-10,4.680050e-09,4.680050e-11
8.473055e+00,1.146159e-10,4.683904e-09,4.683904e-11
8.475943e+00,1.138680e-10,4.679784e-09,4.679784e-11
8.478831e+00,1.128430e-10,4.667058e-09,4.667058e-11
8.481719e+00,1.115410e-10,4.645526e-09,4.645526e-11
8.484607e+00,1.099018e-10,4.615380e-09,4.615380e-11
8.487495e+00,1.079484e-10,4.577142e-09,4.577142e-11
8.490383e+00,1.057999e-10,4.531530e-09,4.531530e-11
8.493271e+00,1.035175e-10,4.479280e-09,4.479280e-11
8.496158e+00,1.010704e-10,4.421005e-09,4.421005e-11
8.499046e+00,9.847593e-11,4.357109e-09,4.357109e-11
8.501934e+00,9.583501e-11,4.287821e-09,4.287821e-11
8.504822e+00,9.318619e-11,4.213273e-09,4.213273e-11
8.507710e+00,9.046596e-11,4.133606e-09,4.133606e-11
8.510598e+00,8.766744e-11,4.049087e-09,4.049087e-11
8.513486e+00,8.489422e-11,3.960190e-09,3.960190e-11
8.516374e+00,8.220861e-11,3.867528e-09,3.867528e-11
8.519262e+00,7.957493e-11,3.771807e-09,3.771807e-11
8.522149e+00,7.701135e-11,3.673851e-09,3.673851e-11
8.525037e+00,7.464943e-11,3.574640e-09,3.574640e-11
8.527925e+00,7.257712e-11,3.475250e-09,3.475250e-11
8.530813e+00,7.076457e-11,3.376833e-09,3.376833e-11
8.533701e+00,6.921008e-11,3.280619e-09,3.280619e-11
8.536589e+00,6.801195e-11,3.187879e-09,3.187879e-11
8.539477e+00,6.721684e-11,3.099731e-09,3.099731e-11
8.542365e+00,6.673137e-11,3.016994e-09,3.016994e-11
8.545253e+00,6.646538e-11,2.940062e-09,2.940062e-11
8.548140e+00,6.642876e-11,2.868844e-09,2.868844e-11
8.551028e+00,6.659541e-11,2.802607e-09,2.802607e-11
8.553916e+00,6.681168e-11,2.740058e-09,2.740058e-11
8.556804e+00,6.694668e-11,2.679662e-09,2.679662e-11
8.559692e+00,6.701840e-11,2.620109e-09,2.620109e-11
8.562580e+00,6.706909e-11,2.560612e-09,2.560612e-11
8.565468e+00,6.704915e-11,2.501164e-09,2.501164e-11
8.568356e+00,6.694413e-11,2.442692e-09,2.442692e-11
8.571243e+00,6.688538e-11,2.387126e-09,2.387126e-11
8.574131e+00,6.701438e-11,2.337094e-09,2.337094e-11
8.577019e+00,6.733638e-11,2.295482e-09,2.295482e-11
8.579907e+00,6.782138e-11,2.264975e-09,2.264975e-11
8.582795e+00,6.853483e-11,2.247676e-09,2.247676e-11
8.585683e+00,6.953295e-11,2.244538e-09,2.244538e-11
8.588571e+00,7.072762e-11,2.255072e-09,2.255072e-11
8.591459e+00,7.199275e-11,2.277553e-09,2.277553e-11
8.594347e+00,7.333494e-11,2.309711e-09,2.309711e-11
8.597234e+00,7.481103e-11,2.349164e-09,2.349164e-11
8.600122e+00,7.636245e-11,2.393716e-09,2.393716e-11
8.603010e+00,7.790309e-11,2.441665e-09,2.441665e-11
8.605898e+00,7.948732e-11,2.491945e-09,2.491945e-11
8.608786e+00,8.121586e-11,2.543707e-09,2.543707e-11
8.611674e+00,8.304675e-11,2.595941e-09,2.595941e-11
8.614562e+00,8.487019e-11,2.647256e-09,2.647256e-11
8.617450e+00,8.669049e-11,2.695942e-09,2.695942e-11
8.620338e+00,8.855217e-11,2.740042e-09,2.740042e-11
8.623225e+00,9.036018e-11,2.777420e-09,2.777420e-11
8.626113e+00,9.195428e-11,2.805967e-09,2.805967e-11
8.629001e+00,9.329705e-11,2.824035e-09,2.824035e-11
8.631889e+00,9.442012e-11,2.830498e-09,2.830498e-11
8.634777e+00,9.524344e-11,2.824615e-09,2.824615e-11
8.637665e+00,9.562569e-11,2.806106e-09,2.806106e-11
8.640553e+00,9.555330e-11,2.775360e-09,2.775360e-11
8.643441e+00,9.510362e-11,2.733430e-09,2.733430e-11
8.646328e+00,9.426285e-11,2.681840e-09,2.681840e-11
8.649216e+00,9.296484e-11,2.622389e-09,2.622389e-11
8.652104e+00,9.128042e-11,2.557037e-09,2.557037e-11
8.654992e+00,8.938754e-11,2.487625e-09,2.487625e-11
8.657880e+00,8.738298e-11,2.415566e-09,2.415566e-11
8.660768e+00,8.528549e-11,2.341797e-09,2.341797e-11
8.663656e+00,8.319865e-11,2.267054e-09,2.267054e-11
8.666544e+00,8.129756e-11,2.192162e-09,2.192162e-11
8.669432e+00,7.963630e-11,2.118110e-09,2.118110e-11
8.672319e+00,7.812625e-11,2.046148e-09,2.046148e-11
8.675207e+00,7.672208e-11,1.978020e-09,1.978020e-11
8.678095e+00,7.546177e-11,1.915869e-09,1.915869e-11
8.680983e+00,7.429851e-11,1.861700e-09,1.861700e-11
8.683871e+00,7.308676e-11,1.817116e-09,1.817116e-11
8.686759e+00,7.178401e-11,1.783428e-09,1.783428e-11
8.689647e+00,7.049609e-11,1.761622e-09,1.761622e-11
8.692535e+00,6.929254e-11,1.751957e-09,1.751957e-11
8.695423e+00,6.815128e-11,1.753766e-09,1.753766e-11
8.698310e+00,6.711771e-11,1.765529e-09,1.765529e-11
8.701198e+00,6.633463e-11,1.785080e-09,1.785080e-11
8.704086e+00,6.586203e-11,1.809725e-09,1.809725e-11
8.706974e+00,6.561184e-11,1.836589e-09,1.836589e-11
8.709862e+00,6.551457e-11,1.863089e-09,1.863089e-11
8.712750e+00,6.560324e-11,1.887339e-09,1.887339e-11
8.715638e+00,6.586425e-11,1.908130e-09,1.908130e-11
8.718526e+00,6.617552e-11,1.924962e-09,1.924962e-11
8.721414e+00,6.646895e-11,1.938089e-09,1.938089e-11
8.724301e+00,6.681127e-11,1.948364e-09,1.948364e-11
8.727189e+00,6.725331e-11,1.956727e-09,1.956727e-11
8.730077e+00,6.773082e-11,1.963964e-09,1.963964e-11
8.732965e+00,6.819521e-11,1.970734e-09,1.970734e-11
8.735853e+00,6.870018e-11,1.977725e-09,1.977725e-11
8.738741e+00,6.927214e-11,1.985473e-09,1.985473e-11
8.741629e+00,6.981815e-11,1.994236e-09,1.994236e-11
8.744517e+00,7.025322e-11,2.004062e-09,2.004062e-11
8.747404e+00,7.060987e-11,2.014977e-09,2.014977e-11
8.750292e+00,7.092915e-11,2.026820e-09,2.026820e-11
8.753180e+00,7.115377e-11,2.039075e-09,2.039075e-11
8.756068e+00,7.122898e-11,2.050867e-09,2.050867e-11
8.758956e+00,7.120643e-11,2.061093e-09,2.061093e-11
8.761844e+00,7.113609e-11,2.068343e-09,2.068343e-11
8.764732e+00,7.095293e-11,2.071001e-09,2.071001e-11
8.767620e+00,7.057238e-11,2.067517e-09,2.067517e-11
8.770508e+00,7.000426e-11,2.056689e-09,2.056689e-11
8.773395e+00,6.928247e-11,2.037728e-09,2.037728e-11
8.776283e+00,6.836251e-11,2.010331e-09,2.010331e-11
8.779171e+00,6.719489e-11,1.974799e-09,1.974799e-11
8.782059e+00,6.584218e-11,1.932162e-09,1.932162e-11
8.784947e+00,6.441741e-11,1.883968e-09,1.883968e-11
8.787835e+00,6.296020e-11,1.832046e-09,1.832046e-11
8.790723e+00,6.147509e-11,1.778428e-09,1.778428e-11
8.793611e+00,6.004053e-11,1.725334e-09,1.725334e-11
8.796499e+00,5.876240e-11,1.674979e-09,1.674979e-11
8.799386e+00,5.765480e-11,1.629351e-09,1.629351e-11
8.802274e+00,5.667968e-11,1.590070e-09,1.590070e-11
8.805162e+00,5.586623e-11,1.558314e-09,1.558314e-11
8.808050e+00,5.528876e-11,1.534686e-09,1.534686e-11
8.810938e+00,5.495214e-11,1.519196e-09,1.519196e-11
8.813826e+00,5.481018e-11,1.511422e-09,1.511422e-11
8.816714e+00,5.487887e-11,1.510631e-09,1.510631e-11
8.819602e+00,5.520798e-11,1.515725e-09,1.515725e-11
8.822490e+00,5.576038e-11,1.525303e-09,1.525303e-11
8.825377e+00,5.642523e-11,1.537774e-09,1.537774e-11
8.828265e+00,5.713553e-11,1.551458e-09,1.551458e-11
8.831153e+00,5.786860e-11,1.564695e-09,1.564695e-11
8.834041e+00,5.854557e-11,1.575920e-09,1.575920e-11
8.836929e+00,5.904856e-11,1.583799e-09,1.583799e-11
8.839817e+00,5.933961e-11,1.587369e-09,1.587369e-11
8.842705e+00,5.946613e-11,1.586038e-09,1.586038e-11
8.845593e+00,5.944450e-11,1.579492e-09,1.579492e-11
8.848480e+00,5.924489e-11,1.567565e-09,1.567565e-11
8.851368e+00,5.889060e-11,1.550216e-09,1.550216e-11
8.854256e+00,5.845648e-11,1.527592e-09,1.527592e-11
8.857144e+00,5.795467e-11,1.500005e-09,1.500005e-11
8.860032e+00,5.732340e-11,1.467902e-09,1.467902e-11
8.862920e+00,5.654933e-11,1.431909e-09,1.431909e-11
8.865808e+00,5.569108e-11,1.392926e-09,1.392926e-11
8.868696e+00,5.477554e-11,1.352276e-09,1.352276e-11
8.871584e+00,5.379228e-11,1.311990e-09,1.311990e-11
8.874471e+00,5.280390e-11,1.275064e-09,1.275064e-11
8.877359e+00,5.195416e-11,1.245468e-09,1.245468e-11
8.880247e+00,5.135081e-11,1.227885e-09,1.227885e-11
8.883135e+00,5.103019e-11,1.227357e-09,1.227357e-11
8.886023e+00,5.104513e-11,1.248623e-09,1.248623e-11
8.888911e+00,5.148983e-11,1.295311e-09,1.295311e-11
8.891799e+00,5.239959e-11,1.369234e-09,1.369234e-11
8.894687e+00,5.371314e-11,1.470111e-09,1.470111e-11
8.897575e+00,5.537945e-11,1.595827e-09,1.595827e-11
8.900462e+00,5.741407e-11,1.743074e-09,1.743074e-11
8.903350e+00,5.980419e-11,1.907813e-09,1.907813e-11
8.906238e+00,6.245557e-11,2.085585e-09,2.085585e-11
8.909126e+00,6.529379e-11,2.271709e-09,2.271709e-11
8.912014e+00,6.832428e-11,2.461376e-09,2.461376e-11
8.914902e+00,7.152398e-11,2.649608e-09,2.649608e-11
8.917790e+00,7.476843e-11,2.831313e-09,2.831313e-11
8.920678e+00,7.793996e-11,3.001424e-09,3.001424e-11
8.923565e+00,8.101116e-11,3.155113e-09,3.155113e-11
8.926453e+00,8.394101e-11,3.287977e-09,3.287977e-11
8.929341e+00,8.659494e-11,3.396307e-09,3.396307e-11
8.932229e+00,8.886596e-11,3.477368e-09,3.477368e-11
8.935117e+00,9.077393e-11,3.529604e-09,3.529604e-11
8.938005e+00,9.234866e-11,3.552544e-09,3.552544e-11
8.940893e+00,9.352245e-11,3.546659e-09,3.546659e-11
8.943781e+00,9.424116e-11,3.513277e-09,3.513277e-11
8.946669e+00,9.456526e-11,3.454591e-09,3.454591e-11
8.949556e+00,9.455324e-11,3.373572e-09,3.373572e-11
8.952444e+00,9.415318e-11,3.273977e-09,3.273977e-11
8.955332e+00,9.331375e-11,3.160409e-09,3.160409e-11
8.958220e+00,9.210968e-11,3.038439e-09,3.038439e-11
8.961108e+00,9.065216e-11,2.914474e-09,2.914474e-11
8.963996e+00,8.896544e-11,2.795376e-09,2.795376e-11
8.966884e+00,8.708040e-11,2.687876e-09,2.687876e-11
8.969772e+00,8.516802e-11,2.597914e-09,2.597914e-11
8.972660e+00,8.342987e-11,2.529673e-09,2.529673e-11
8.975547e+00,8.193295e-11,2.484833e-09,2.484833e-11
8.978435e+00,8.068978e-11,2.462534e-09,2.462534e-11
8.981323e+00,7.979820e-11,2.459991e-09,2.459991e-11
8.984211e+00,7.934700e-11,2.473146e-09,2.473146e-11
8.987099e+00,7.926019e-11,2.497313e-09,2.497313e-11
8.989987e+00,7.938980e-11,2.527764e-09,2.527764e-11
8.992875e+00,7.969765e-11,2.560203e-09,2.560203e-11
8.995763e+00,8.018835e-11,2.590801e-09,2.590801e-11
8.998651e+00,8.074834e-11,2.616126e-09,2.616126e-11
9.001538e+00,8.122691e-11,2.633228e-09,2.633228e-11
9.004426e+00,8.161579e-11,2.639838e-09,2.639838e-11
9.007314e+00,8.198096e-11,2.634305e-09,2.634305e-11
9.010202e+00,8.226960e-11,2.615648e-09,2.615648e-11
9.013090e+00,8.236961e-11,2.583796e-09,2.583796e-11
9.015978e+00,8.230101e-11,2.539918e-09,2.539918e-11
9.018866e+00,8.215935e-11,2.486430e-09,2.486430e-11
9.021754e+00,8.192182e-11,2.426833e-09,2.426833e-11
9.024641e+00,8.149698e-11,2.365506e-09,2.365506e-11
9.027529e+00,8.093325e-11,2.307597e-09,2.307597e-11
9.030417e+00,8.038280e-11,2.258472e-09,2.258472e-11
9.033305e+00,7.988144e-11,2.222773e-09,2.222773e-11
9.036193e+00,7.937131e-11,2.203580e-09,2.203580e-11
9.039081e+00,7.891709e-11,2.201934e-09,2.201934e-11
9.041969e+00,7.867383e-11,2.216440e-09,2.216440e-11
9.044857e+00,7.865387e-11,2.243305e-09,2.243305e-11
9.047745e+00,7.873566e-11,2.277150e-09,2.277150e-11
9.050632e+00,7.889843e-11,2.312331e-09,2.312331e-11
9.053520e+00,7.922864e-11,2.343942e-09,2.343942e-11
9.056408e+00,7.968753e-11,2.368228e-09,2.368228e-11
9.059296e+00,8.011452e-11,2.382944e-09,2.382944e-11
9.062184e+00,8.047790e-11,2.387633e-09,2.387633e-11
9.065072e+00,8.088694e-11,2.383293e-09,2.383293e-11
9.067960e+00,8.134573e-11,2.371653e-09,2.371653e-11
9.070848e+00,8.173346e-11,2.354776e-09,2.354776e-11
9.073736e+00,8.203685e-11,2.334874e-09,2.334874e-11
9.076623e+00,8.237131e-11,2.313996e-09,2.313996e-11
9.079511e+00,8.274406e-11,2.293558e-09,2.293558e-11
9.082399e+00,8.301539e-11,2.274230e-09,2.274230e-11
9.085287e+00,8.313795e-11,2.256163e-09,2.256163e-11
9.088175e+00,8.321146e-11,2.239152e-09,2.239152e-11
9.091063e+00,8.325811e-11,2.222509e-09,2.222509e-11
9.093951e+00,8.316729e-11,2.205279e-09,2.205279e-11
9.096839e+00,8.291428e-11,2.186655e-09,2.186655e-11
9.099726e+00,8.262600e-11,2.166288e-09,2.166288e-11
9.102614e+00,8.236472e-11,2.144255e-09,2.144255e-11
9.105502e+00,8.204377e-11,2.121104e-09,2.121104e-11
9.108390e+00,8.162807e-11,2.097834e-09,2.097834e-11
9.111278e+00,8.122263e-11,2.075723e-09,2.075723e-11
9.114166e+00,8.088297e-11,2.055782e-09,2.055782e-11
9.117054e+00,8.052170e-11,2.038539e-09,2.038539e-11
9.119942e+00,8.009207e-11,2.024137e-09,2.024137e-11
9.122830e+00,7.969009e-11,2.012594e-09,2.012594e-11
9.125717e+00,7.938097e-11,2.003786e-09,2.003786e-11
9.128605e+00,7.908542e-11,1.997602e-09,1.997602e-11
9.131493e+00,7.873313e-11,1.994026e-09,1.994026e-11
9.134381e+00,7.837697e-11,1.993144e-09,1.993144e-11
9.137269e+00,7.804809e-11,1.994803e-09,1.994803e-11
9.140157e+00,7.764151e-11,1.998435e-09,1.998435e-11
9.143045e+00,7.706189e-11,2.003078e-09,2.003078e-11
9.145933e+00,7.635441e-11,2.007642e-09,2.007642e-11
9.148821e+00,7.558395e-11,2.010997e-09,2.010997e-11
9.151708e+00,7.471236e-11,2.012195e-09,2.012195e-11
9.154596e+00,7.371202e-11,2.010724e-09,2.010724e-11
9.157484e+00,7.268361e-11,2.006719e-09,2.006719e-11
9.160372e+00,7.173660e-11,2.000872e-09,2.000872e-11
9.163260e+00,7.085917e-11,1.994394e-09,1.994394e-11
9.166148e+00,7.001611e-11,1.988897e-09,1.988897e-11
9.169036e+00,6.926262e-11,1.986139e-09,1.986139e-11
9.171924e+00,6.865362e-11,1.987627e-09,1.987627e-11
9.174812e+00,6.813806e-11,1.994297e-09,1.994297e-11
9.177699e+00,6.764770e-11,2.006196e-09,2.006196e-11
9.180587e+00,6.721141e-11,2.022476e-09,2.022476e-11
9.183475e+00,6.688140e-11,2.041479e-09,2.041479e-11
9.186363e+00,6.662328e-11,2.060961e-09,2.060961e-11
9.189251e+00,6.638413e-11,2.078565e-09,2.078565e-11
9.192139e+00,6.619517e-11,2.092381e-09,2.092381e-11
9.195027e+00,6.610496e-11,2.101186e-09,2.101186e-11
9.197915e+00,6.607683e-11,2.104564e-09,2.104564e-11
9.200802e+00,6.605081e-11,2.102882e-09,2.102882e-11
9.203690e+00,6.604339e-11,2.097244e-09,2.097244e-11
9.206578e+00,6.609468e-11,2.089259e-09,2.089259e-11
9.209466e+00,6.617636e-11,2.080714e-09,2.080714e-11
9.212354e+00,6.623444e-11,2.073257e-09,2.073257e-11
9.215242e+00,6.627812e-11,2.068142e-09,2.068142e-11
9.218130e+00,6.633693e-11,2.065936e-09,2.065936e-11
9.221018e+00,6.636571e-11,2.066430e-09,2.066430e-11
9.223906e+00,6.628787e-11,2.068809e-09,2.068809e-11
9.226793e+00,6.609282e-11,2.071969e-09,2.071969e-11
9.229681e+00,6.580598e-11,2.074825e-09,2.074825e-11
9.232569e+00,6.541224e-11,2.076662e-09,2.076662e-11
9.235457e+00,6.490025e-11,2.077458e-09,2.077458e-11
9.238345e+00,6.434846e-11,2.078084e-09,2.078084e-11
9.241233e+00,6.388411e-11,2.080254e-09,2.080254e-11
9.244121e+00,6.359233e-11,2.086365e-09,2.086365e-11
9.247009e+00,6.352864e-11,2.099313e-09,2.099313e-11
9.249897e+00,6.377941e-11,2.122283e-09,2.122283e-11
9.252784e+00,6.443011e-11,2.158475e-09,2.158475e-11
9.255672e+00,6.547821e-11,2.210787e-09,2.210787e-11
9.258560e+00,6.684761e-11,2.281357e-09,2.281357e-11
9.261448e+00,6.847940e-11,2.371119e-09,2.371119e-11
9.264336e+00,7.033608e-11,2.479494e-09,2.479494e-11
9.267224e+00,7.232740e-11,2.604271e-09,2.604271e-11
9.270112e+00,7.431903e-11,2.741706e-09,2.741706e-11
9.273000e+00,7.622978e-11,2.886829e-09,2.886829e-11
9.275887e+00,7.803762e-11,3.033870e-09,3.033870e-11
9.278775e+00,7.967742e-11,3.176677e-09,3.176677e-11
9.281663e+00,8.103271e-11,3.309133e-09,3.309133e-11
9.284551e+00,8.204081e-11,3.425524e-09,3.425524e-11
9.287439e+00,8.269981e-11,3.520764e-09,3.520764e-11
9.290327e+00,8.296500e-11,3.590487e-09,3.590487e-11
9.293215e+00,8.274807e-11,3.631165e-09,3.631165e-11
9.296103e+00,8.203460e-11,3.640251e-09,3.640251e-11
9.298991e+00,8.089747e-11,3.616295e-09,3.616295e-11
9.301878e+00,7.938249e-11,3.559000e-09,3.559000e-11
9.304766e+00,7.749106e-11,3.469275e-09,3.469275e-11
9.307654e+00,7.528537e-11,3.349299e-09,3.349299e-11
9.310542e+00,7.289862e-11,3.202506e-09,3.202506e-11
9.313430e+00,7.041657e-11,3.033449e-09,3.033449e-11
9.316318e+00,6.784880e-11,2.847613e-09,2.847613e-11
9.319206e+00,6.523577e-11,2.651206e-09,2.651206e-11
9.322094e+00,6.267775e-11,2.450863e-09,2.450863e-11
9.324982e+00,6.023447e-11,2.253259e-09,2.253259e-11
9.327869e+00,5.788843e-11,2.064729e-09,2.064729e-11
9.330757e+00,5.564779e-11,1.890905e-09,1.890905e-11
9.333645e+00,5.360219e-11,1.736435e-09,1.736435e-11
9.336533e+00,5.182018e-11,1.604532e-09,1.604532e-11
9.339421e+00,5.028365e-11,1.496715e-09,1.496715e-11
9.342309e+00,4.898794e-11,1.412920e-09,1.412920e-11
9.345197e+00,4.801461e-11,1.351944e-09,1.351944e-11
9.348085e+00,4.742636e-11,1.311899e-09,1.311899e-11
9.350973e+00,4.717640e-11,1.290701e-09,1.290701e-11
9.353860e+00,4.721034e-11,1.286462e-09,1.286462e-11
9.356748e+00,4.756860e-11,1.297723e-09,1.297723e-11
9.359636e+00,4.828708e-11,1.323148e-09,1.323148e-11
9.362524e+00,4.928575e-11,1.361256e-09,1.361256e-11
9.365412e+00,5.047053e-11,1.410380e-09,1.410380e-11
9.368300e+00,5.186151e-11,1.468951e-09,1.468951e-11
9.371188e+00,5.349859e-11,1.535411e-09,1.535411e-11
9.374076e+00,5.530739e-11,1.608106e-09,1.608106e-11
9.376963e+00,5.719054e-11,1.685382e-09,1.685382e-11
9.379851e+00,5.917016e-11,1.765859e-09,1.765859e-11
9.382739e+00,6.130164e-11,1.848231e-09,1.848231e-11
9.385627e+00,6.352028e-11,1.931057e-09,1.931057e-11
9.388515e+00,6.571912e-11,2.012821e-09,2.012821e-11
9.391403e+00,6.791011e-11,2.092124e-09,2.092124e-11
9.394291e+00,7.015494e-11,2.167529e-09,2.167529e-11
9.397179e+00,7.239613e-11,2.237545e-09,2.237545e-11
9.400067e+00,7.452010e-11,2.300865e-09,2.300865e-11
9.402954e+00,7.653489e-11,2.356667e-09,2.356667e-11
9.405842e+00,7.851847e-11,2.404575e-09,2.404575e-11
9.408730e+00,8.043087e-11,2.444488e-09,2.444488e-11
9.411618e+00,8.214765e-11,2.476523e-09,2.476523e-11
9.414506e+00,8.365318e-11,2.501177e-09,2.501177e-11
9.417394e+00,8.501253e-11,2.519237e-09,2.519237e-11
9.420282e+00,8.617295e-11,2.531559e-09,2.531559e-11
9.423170e+00,8.698511e-11,2.538997e-09,2.538997e-11
9.426058e+00,8.741652e-11,2.542530e-09,2.542530e-11
9.428945e+00,8.756056e-11,2.543245e-09,2.543245e-11
9.431833e+00,8.743487e-11,2.542115e-09,2.542115e-11
9.434721e+00,8.697865e-11,2.539909e-09,2.539909e-11
9.437609e+00,8.625820e-11,2.537269e-09,2.537269e-11
9.440497e+00,8.547092e-11,2.534575e-09,2.534575e-11
9.443385e+00,8.471689e-11,2.531614e-09,2.531614e-11
9.446273e+00,8.395722e-11,2.527566e-09,2.527566e-11
9.449161e+00,8.320889e-11,2.521298e-09,2.521298e-11
9.452048e+00,8.256778e-11,2.511581e-09,2.511581e-11
9.454936e+00,8.201485e-11,2.497000e-09,2.497000e-11
9.457824e+00,8.138677e-11,2.476064e-09,2.476064e-11
9.460712e+00,8.059051e-11,2.447702e-09,2.447702e-11
9.463600e+00,7.968218e-11,2.411803e-09,2.411803e-11
9.466488e+00,7.869002e-11,2.369300e-09,2.369300e-11
9.469376e+00,7.755079e-11,2.322151e-09,2.322151e-11
9.472264e+00,7.629039e-11,2.273216e-09,2.273216e-11
9.475152e+00,7.508417e-11,2.225846e-09,2.225846e-11
9.478039e+00,7.405524e-11,2.183022e-09,2.183022e-11
9.480927e+00,7.317419e-11,2.146778e-09,2.146778e-11
9.483815e+00,7.242592e-11,2.117987e-09,2.117987e-11
9.486703e+00,7.190069e-11,2.096469e-09,2.096469e-11
9.489591e+00,7.163057e-11,2.081257e-09,2.081257e-11
9.492479e+00,7.150847e-11,2.071301e-09,2.071301e-11
9.495367e+00,7.146469e-11,2.066202e-09,2.066202e-11
9.498255e+00,7.157329e-11,2.066485e-09,2.066485e-11
9.501143e+00,7.189408e-11,2.073042e-09,2.073042e-11
9.504030e+00,7.235915e-11,2.086447e-09,2.086447e-11
9.506918e+00,7.291952e-11,2.106505e-09,2.106505e-11
9.509806e+00,7.364535e-11,2.132156e-09,2.132156e-11
9.512694e+00,7.456856e-11,2.161419e-09,2.161419e-11
9.515582e+00,7.557391e-11,2.191723e-09,2.191723e-11
9.518470e+00,7.655841e-11,2.220589e-09,2.220589e-11
9.521358e+00,7.755644e-11,2.246486e-09,2.246486e-11
9.524246e+00,7.859946e-11,2.269248e-09,2.269248e-11
9.527134e+00,7.960957e-11,2.290095e-09,2.290095e-11
9.530021e+00,8.054049e-11,2.311064e-09,2.311064e-11
9.532909e+00,8.147284e-11,2.334056e-09,2.334056e-11
9.535797e+00,8.246956e-11,2.359728e-09,2.359728e-11
9.538685e+00,8.346013e-11,2.387043e-09,2.387043e-11
9.541573e+00,8.435534e-11,2.413502e-09,2.413502e-11
9.544461e+00,8.516035e-11,2.435804e-09,2.435804e-11
9.547349e+00,8.587452e-11,2.450478e-09,2.450478e-11
9.550237e+00,8.639803e-11,2.454618e-09,2.454618e-11
9.553124e+00,8.665230e-11,2.446660e-09,2.446660e-11
9.556012e+00,8.670198e-11,2.427015e-09,2.427015e-11
9.558900e+00,8.666056e-11,2.398197e-09,2.398197e-11
9.561788e+00,8.656735e-11,2.364556e-09,2.364556e-11
9.564676e+00,8.646322e-11,2.331701e-09,2.331701e-11
9.567564e+00,8.648288e-11,2.305754e-09,2.305754e-11
9.570452e+00,8.675209e-11,2.292411e-09,2.292411e-11
9.573340e+00,8.726196e-11,2.296055e-09,2.296055e-11
9.576228e+00,8.794135e-11,2.319119e-09,2.319119e-11
9.579115e+00,8.878289e-11,2.361961e-09,2.361961e-11
9.582003e+00,8.978593e-11,2.423239e-09,2.423239e-11
9.584891e+00,9.085296e-11,2.500661e-09,2.500661e-11
9.587779e+00,9.186983e-11,2.591620e-09,2.591620e-11
9.590667e+00,9.283108e-11,2.693436e-09,2.693436e-11
9.593555e+00,9.377077e-11,2.803066e-09,2.803066e-11
9.596443e+00,9.463651e-11,2.916741e-09,2.916741e-11
9.599331e+00,9.534466e-11,3.029854e-09,3.029854e-11
9.602219e+00,9.588684e-11,3.137118e-09,3.137118e-11
9.605106e+00,9.626611e-11,3.232895e-09,3.232895e-11
9.607994e+00,9.638891e-11,3.311758e-09,3.311758e-11
9.610882e+00,9.613947e-11,3.369165e-09,3.369165e-11
9.613770e+00,9.550622e-11,3.402168e-09,3.402168e-11
9.616658e+00,9.453363e-11,3.409939e-09,3.409939e-11
9.619546e+00,9.321753e-11,3.393985e-09,3.393985e-11
9.622434e+00,9.155484e-11,3.357848e-09,3.357848e-11
9.625322e+00,8.964416e-11,3.306420e-09,3.306420e-11
9.628209e+00,8.761897e-11,3.245045e-09,3.245045e-11
9.631097e+00,8.552006e-11,3.178643e-09,3.178643e-11
9.633985e+00,8.333660e-11,3.110997e-09,3.110997e-11
9.636873e+00,8.111832e-11,3.044345e-09,3.044345e-11
9.639761e+00,7.893978e-11,2.979408e-09,2.979408e-11
9.642649e+00,7.679540e-11,2.915943e-09,2.915943e-11
9.645537e+00,7.465122e-11,2.853649e-09,2.853649e-11
9.648425e+00,7.257628e-11,2.793152e-09,2.793152e-11
9.651313e+00,7.070095e-11,2.736544e-09,2.736544e-11
9.654200e+00,6.907767e-11,2.687088e-09,2.687088e-11
9.657088e+00,6.770800e-11,2.648218e-09,2.648218e-11
9.659976e+00,6.666054e-11,2.622330e-09,2.622330e-11
9.662864e+00,6.601502e-11,2.609744e-09,2.609744e-11
9.665752e+00,6.572300e-11,2.608262e-09,2.608262e-11
9.668640e+00,6.565452e-11,2.613568e-09,2.613568e-11
9.671528e+00,6.574620e-11,2.620349e-09,2.620349e-11
9.674416e+00,6.598207e-11,2.623683e-09,2.623683e-11
9.677304e+00,6.626800e-11,2.620278e-09,2.620278e-11
9.680191e+00,6.647193e-11,2.609167e-09,2.609167e-11
9.683079e+00,6.657124e-11,2.591753e-09,2.591753e-11
9.685967e+00,6.662283e-11,2.571061e-09,2.571061e-11
9.688855e+00,6.660961e-11,2.550594e-09,2.550594e-11
9.691743e+00,6.645254e-11,2.533276e-09,2.533276e-11
9.694631e+00,6.615359e-11,2.520737e-09,2.520737e-11
9.697519e+00,6.578625e-11,2.512958e-09,2.512958e-11
9.700407e+00,6.535311e-11,2.508450e-09,2.508450e-11
9.703295e+00,6.479463e-11,2.504959e-09,2.504959e-11
9.706182e+00,6.414923e-11,2.500530e-09,2.500530e-11
9.709070e+00,6.356359e-11,2.494425e-09,2.494425e-11
9.711958e+00,6.313163e-11,2.487454e-09,2.487454e-11
9.714846e+00,6.286324e-11,2.481725e-09,2.481725e-11
9.717734e+00,6.282188e-11,2.479946e-09,2.479946e-11
9.720622e+00,6.313719e-11,2.484437e-09,2.484437e-11
9.723510e+00,6.383342e-11,2.496142e-09,2.496142e-11
9.726398e+00,6.478409e-11,2.514144e-09,2.514144e-11
9.729285e+00,6.587880e-11,2.535842e-09,2.535842e-11
9.732173e+00,6.709013e-11,2.557703e-09,2.557703e-11
9.735061e+00,6.833564e-11,2.576204e-09,2.576204e-11
9.737949e+00,6.943822e-11,2.588809e-09,2.588809e-11
9.740837e+00,7.029547e-11,2.594672e-09,2.594672e-11
9.743725e+00,7.095551e-11,2.594747e-09,2.594747e-11
9.746613e+00,7.146085e-11,2.591089e-09,2.591089e-11
9.749501e+00,7.176248e-11,2.585901e-09,2.585901e-11
9.752389e+00,7.185509e-11,2.580738e-09,2.580738e-11
9.755276e+00,7.184304e-11,2.576016e-09,2.576016e-11
9.758164e+00,7.179739e-11,2.570798e-09,2.570798e-11
9.761052e+00,7.167235e-11,2.563174e-09,2.563174e-11
9.763940e+00,7.144041e-11,2.551204e-09,2.551204e-11
9.766828e+00,7.119085e-11,2.533955e-09,2.533955e-11
9.769716e+00,7.101487e-11,2.512003e-09,2.512003e-11
9.772604e+00,7.090876e-11,2.487535e-09,2.487535e-11
9.775492e+00,7.088112e-11,2.464093e-09,2.464093e-11
9.778380e+00,7.105122e-11,2.445915e-09,2.445915e-11
9.781267e+00,7.152949e-11,2.436866e-09,2.436866e-11
9.784155e+00,7.229933e-11,2.439675e-09,2.439675e-11
9.787043e+00,7.331252e-11,2.455753e-09,2.455753e-11
9.789931e+00,7.460158e-11,2.485489e-09,2.485489e-11
9.792819e+00,7.619828e-11,2.528621e-09,2.528621e-11
9.795707e+00,7.802435e-11,2.584652e-09,2.584652e-11
9.798595e+00,7.997622e-11,2.653139e-09,2.653139e-11
9.801483e+00,8.204508e-11,2.733611e-09,2.733611e-11
9.804370e+00,8.424939e-11,2.824948e-09,2.824948e-11
9.807258e+00,8.650833e-11,2.924681e-09,2.924681e-11
9.810146e+00,8.869169e-11,3.028680e-09,3.028680e-11
9.813034e+00,9.074591e-11,3.131414e-09,3.131414e-11
9.815922e+00,9.264463e-11,3.226452e-09,3.226452e-11
9.818810e+00,9.426922e-11,3.307154e-09,3.307154e-11
9.821698e+00,9.546987e-11,3.367530e-09,3.367530e-11
9.824586e+00,9.620768e-11,3.403084e-09,3.403084e-11
9.827474e+00,9.652995e-11,3.411326e-09,3.411326e-11
9.830361e+00,9.644834e-11,3.392004e-09,3.392004e-11
9.833249e+00,9.596433e-11,3.347134e-09,3.347134e-11
9.836137e+00,9.518794e-11,3.280764e-09,3.280764e-11
9.839025e+00,9.430111e-11,3.198439e-09,3.198439e-11
9.841913e+00,9.340847e-11,3.106496e-09,3.106496e-11
9.844801e+00,9.253093e-11,3.011409e-09,3.011409e-11
9.847689e+00,9.173480e-11,2.919275e-09,2.919275e-11
9.850577e+00,9.113233e-11,2.835359e-09,2.835359e-11
9.853465e+00,9.074710e-11,2.763786e-09,2.763786e-11
9.856352e+00,9.052412e-11,2.707625e-09,2.707625e-11
9.859240e+00,9.047884e-11,2.669185e-09,2.669185e-11
9.862128e+00,9.070761e-11,2.650120e-09,2.650120e-11
9.865016e+00,9.124666e-11,2.651124e-09,2.651124e-11
9.867904e+00,9.204607e-11,2.671504e-09,2.671504e-11
9.870792e+00,9.309165e-11,2.708951e-09,2.708951e-11
9.873680e+00,9.441595e-11,2.759630e-09,2.759630e-11
9.876568e+00,9.596266e-11,2.818500e-09,2.818500e-11
9.879456e+00,9.755849e-11,2.879998e-09,2.879998e-11
9.882343e+00,9.905757e-11,2.938910e-09,2.938910e-11
9.885231e+00,1.004037e-10,2.991128e-09,2.991128e-11
9.888119e+00,1.015211e-10,3.034068e-09,3.034068e-11
9.891007e+00,1.022790e-10,3.066830e-09,3.066830e-11
9.893895e+00,1.026223e-10,3.090008e-09,3.090008e-11
9.896783e+00,1.026268e-10,3.105214e-09,3.105214e-11
9.899671e+00,1.023672e-10,3.114403e-09,3.114403e-11
9.902559e+00,1.018346e-10,3.119320e-09,3.119320e-11
9.905446e+00,1.010427e-10,3.121213e-09,3.121213e-11
9.908334e+00,1.000923e-10,3.120810e-09,3.120810e-11
9.911222e+00,9.906335e-11,3.118413e-09,3.118413e-11
9.914110e+00,9.794725e-11,3.114212e-09,3.114212e-11
9.916998e+00,9.675609e-11,3.108723e-09,3.108723e-11
9.919886e+00,9.561203e-11,3.103183e-09,3.103183e-11
9.922774e+00,9.464982e-11,3.099582e-09,3.099582e-11
9.925662e+00,9.391948e-11,3.100373e-09,3.100373e-11
9.928550e+00,9.346431e-11,3.107968e-09,3.107968e-11
9.931437e+00,9.339975e-11,3.124309e-09,3.124309e-11
9.934325e+00,9.381585e-11,3.150525e-09,3.150525e-11
9.937213e+00,9.466963e-11,3.186839e-09,3.186839e-11
9.940101e+00,9.587399e-11,3.232723e-09,3.232723e-11
9.942989e+00,9.741677e-11,3.287228e-09,3.287228e-11
9.945877e+00,9.929650e-11,3.349248e-09,3.349248e-11
9.948765e+00,1.014243e-10,3.417726e-09,3.417726e-11
9.951653e+00,1.037000e-10,3.491636e-09,3.491636e-11
9.954541e+00,1.061249e-10,3.569728e-09,3.569728e-11
9.957428e+00,1.087244e-10,3.650111e-09,3.650111e-11
9.960316e+00,1.114143e-10,3.729929e-09,3.729929e-11
9.963204e+00,1.140493e-10,3.805225e-09,3.805225e-11
9.966092e+00,1.165407e-10,3.871198e-09,3.871198e-11
9.968980e+00,1.188076e-10,3.922718e-09,3.922718e-11
9.971868e+00,1.206682e-10,3.954947e-09,3.954947e-11
9.974756e+00,1.219176e-10,3.963989e-09,3.963989e-11
9.977644e+00,1.224859e-10,3.947659e-09,3.947659e-11
9.980531e+00,1.224052e-10,3.906006e-09,3.906006e-11
9.983419e+00,1.216834e-10,3.841447e-09,3.841447e-11
9.986307e+00,1.203528e-10,3.758486e-09,3.758486e-11
9.989195e+00,1.185802e-10,3.663091e-09,3.663091e-11
9.992083e+00,1.165841e-10,3.561758e-09,3.561758e-11
9.994971e+00,1.144816e-10,3.460581e-09,3.460581e-11
9.997859e+00,1.123123e-10,3.364480e-09,3.364480e-11
1.000075e+01,1.101500e-10,3.276666e-09,3.276666e-11
1.000363e+01,1.080684e-10,3.198408e-09,3.198408e-11
1.000652e+01,1.060305e-10,3.129259e-09,3.129259e-11
1.000941e+01,1.039438e-10,3.067795e-09,3.067795e-11
1.001230e+01,1.018101e-10,3.012553e-09,3.012553e-11
1.001519e+01,9.971052e-11,2.962763e-09,2.962763e-11
1.001807e+01,9.767598e-11,2.918659e-09,2.918659e-11
1.002096e+01,9.570271e-11,2.881276e-09,2.881276e-11
1.002385e+01,9.387337e-11,2.851864e-09,2.851864e-11
1.002674e+01,9.231306e-11,2.831156e-09,2.831156e-11
1.002963e+01,9.103248e-11,2.818821e-09,2.818821e-11
1.003251e+01,8.995073e-11,2.813289e-09,2.813289e-11
1.003540e+01,8.904318e-11,2.812011e-09,2.812011e-11
1.003829e+01,8.832727e-11,2.811999e-09,2.811999e-11
1.004118e+01,8.773743e-11,2.810554e-09,2.810554e-11
1.004406e+01,8.715996e-11,2.805891e-09,2.805891e-11
1.004695e+01,8.658439e-11,2.797422e-09,2.797422e-11
1.004984e+01,8.608905e-11,2.785491e-09,2.785491e-11
1.005273e+01,8.568048e-11,2.770738e-09,2.770738e-11
1.005562e+01,8.529331e-11,2.753517e-09,2.753517e-11
1.005850e+01,8.493963e-11,2.733643e-09,2.733643e-11
1.006139e+01,8.469549e-11,2.710395e-09,2.710395e-11
1.006428e+01,8.454112e-11,2.682742e-09,2.682742e-11
1.006717e+01,8.437973e-11,2.649836e-09,2.649836e-11
1.007006e+01,8.421769e-11,2.611719e-09,2.611719e-11
1.007294e+01,8.416462e-11,2.569937e-09,2.569937e-11
1.007583e+01,8.426461e-11,2.527836e-09,2.527836e-11
1.007872e+01,8.449524e-11,2.490443e-09,2.490443e-11
1.008161e+01,8.492154e-11,2.463835e-09,2.463835e-11
1.008450e+01,8.567460e-11,2.453885e-09,2.453885e-11
1.008738e+01,8.676234e-11,2.464792e-09,2.464792e-11
1.009027e+01,8.805340e-11,2.498044e-09,2.498044e-11
1.009316e+01,8.946015e-11,2.552200e-09,2.552200e-11
1.009605e+01,9.096460e-11,2.623409e-09,2.623409e-11
1.009893e+01,9.245365e-11,2.706429e-09,2.706429e-11
1.010182e+01,9.373210e-11,2.795857e-09,2.795857e-11
1.010471e+01,9.473427e-11,2.887115e-09,2.887115e-11
1.010760e+01,9.555096e-11,2.976808e-09,2.976808e-11
1.011049e+01,9.623304e-11,3.062459e-09,3.062459e-11
1.011337e+01,9.675910e-11,3.142146e-09,3.142146e-11
1.011626e+01,9.720805e-11,3.214359e-09,3.214359e-11
1.011915e+01,9.775604e-11,3.278016e-09,3.278016e-11
1.012204e+01,9.846630e-11,3.332531e-09,3.332531e-11
1.012493e+01,9.925201e-11,3.377995e-09,3.377995e-11
1.012781e+01,1.000711e-10,3.415294e-09,3.415294e-11
1.013070e+01,1.009734e-10,3.446028e-09,3.446028e-11
1.013359e+01,1.019246e-10,3.472191e-09,3.472191e-11
1.013648e+01,1.027861e-10,3.495951e-09,3.495951e-11
1.013937e+01,1.035200e-10,3.519566e-09,3.519566e-11
1.014225e+01,1.042378e-10,3.545220e-09,3.545220e-11
1.014514e+01,1.050056e-10,3.574701e-09,3.574701e-11
1.014803e+01,1.057761e-10,3.609237e-09,3.609237e-11
1.015092e+01,1.065660e-10,3.649529e-09,3.649529e-11
1.015380e+01,1.075070e-10,3.695898e-09,3.695898e-11
1.015669e+01,1.086486e-10,3.748274e-09,3.748274e-11
1.015958e+01,1.098875e-10,3.806263e-09,3.806263e-11
1.016247e+01,1.111569e-10,3.869333e-09,3.869333e-11
1.016536e+01,1.125124e-10,3.936935e-09,3.936935e-11
1.016824e+01,1.139601e-10,4.008320e-09,4.008320e-11
1.017113e+01,1.153733e-10,4.082399e-09,4.082399e-11
1.017402e+01,1.166617e-10,4.157716e-09,4.157716e-11
1.017691e+01,1.178688e-10,4.232473e-09,4.232473e-11
1.017980e+01,1.190031e-10,4.304407e-09,4.304407e-11
1.018268e+01,1.199248e-10,4.370840e-09,4.370840e-11
1.018557e+01,1.205105e-10,4.428886e-09,4.428886e-11
1.018846e+01,1.207751e-10,4.475714e-09,4.475714e-11
1.019135e+01,1.207203e-10,4.508652e-09,4.508652e-11
1.019424e+01,1.202208e-10,4.525374e-09,4.525374e-11
1.019712e+01,1.191868e-10,4.524152e-09,4.524152e-11
1.020001e+01,1.176917e-10,4.504084e-09,4.504084e-11
1.020290e+01,1.158257e-10,4.465107e-09,4.465107e-11
1.020579e+01,1.135635e-10,4.408012e-09,4.408012e-11
1.020867e+01,1.108906e-10,4.334413e-09,4.334413e-11
1.021156e+01,1.079353e-10,4.246701e-09,4.246701e-11
1.021445e+01,1.048374e-10,4.147776e-09,4.147776e-11
1.021734e+01,1.016029e-10,4.040742e-09,4.040742e-11
1.022023e+01,9.821910e-11,3.928694e-09,3.928694e-11
1.022311e+01,9.479730e-11,3.814609e-09,3.814609e-11
1.022600e+01,9.146773e-11,3.701093e-09,3.701093e-11
1.022889e+01,8.823561e-11,3.590191e-09,3.590191e-11
1.023178e+01,8.507491e-11,3.483328e-09,3.483328e-11
1.023467e+01,8.207010e-11,3.381392e-09,3.381392e-11
1.023755e+01,7.933385e-11,3.284710e-09,3.284710e-11
1.024044e+01,7.686257e-11,3.193081e-09,3.193081e-11
1.024333e+01,7.460566e-11,3.105944e-09,3.105944e-11
1.024622e+01,7.260934e-11,3.022685e-09,3.022685e-11
1.024910e+01,7.096206e-11,2.942760e-09,2.942760e-11
1.025199e+01,6.965284e-11,2.865744e-09,2.865744e-11
1.025488e+01,6.861091e-11,2.791391e-09,2.791391e-11
1.025777e+01,6.785273e-11,2.719738e-09,2.719738e-11
1.026066e+01,6.745756e-11,2.651061e-09,2.651061e-11
1.026354e+01,6.741645e-11,2.585770e-09,2.585770e-11
1.026643e+01,6.764229e-11,2.524437e-09,2.524437e-11
1.026932e+01,6.812338e-11,2.467921e-09,2.467921e-11
1.027221e+01,6.891536e-11,2.417322e-09,2.417322e-11
1.027510e+01,6.998510e-11,2.373704e-09,2.373704e-11
1.027798e+01,7.121134e-11,2.337831e-09,2.337831e-11
1.028087e+01,7.252894e-11,2.309988e-09,2.309988e-11
1.028376e+01,7.394028e-11,2.289767e-09,2.289767e-11
1.028665e+01,7.538379e-11,2.275900e-09,2.275900e-11
1.028954e+01,7.672128e-11,2.266419e-09,2.266419e-11
1.029242e+01,7.787403e-11,2.259085e-09,2.259085e-11
1.029531e+01,7.885707e-11,2.251757e-09,2.251757e-11
1.029820e+01,7.966623e-11,2.242626e-09,2.242626e-11
1.030109e+01,8.023885e-11,2.230439e-09,2.230439e-11
1.030397e+01,8.055857e-11,2.214558e-09,2.214558e-11
1.030686e+01,8.070617e-11,2.194875e-09,2.194875e-11
1.030975e+01,8.074525e-11,2.171584e-09,2.171584e-11
1.031264e+01,8.064240e-11,2.144945e-09,2.144945e-11
1.031553e+01,8.036415e-11,2.115174e-09,2.115174e-11
1.031841e+01,7.995205e-11,2.082473e-09,2.082473e-11
1.032130e+01,7.942164e-11,2.046926e-09,2.046926e-11
1.032419e+01,7.868524e-11,2.008491e-09,2.008491e-11
1.032708e+01,7.766332e-11,1.967262e-09,1.967262e-11
1.032997e+01,7.637804e-11,1.923737e-09,1.923737e-11
1.033285e+01,7.487277e-11,1.878864e-09,1.878864e-11
1.033574e+01,7.313557e-11,1.834060e-09,1.834060e-11
1.033863e+01,7.117847e-11,1.791048e-09,1.791048e-11
1.034152e+01,6.912207e-11,1.751518e-09,1.751518e-11
1.034441e+01,6.711025e-11,1.716549e-09,1.716549e-11
1.034729e+01,6.520569e-11,1.686134e-09,1.686134e-11
1.035018e+01,6.345061e-11,1.659172e-09,1.659172e-11
1.035307e+01,6.194923e-11,1.633991e-09,1.633991e-11
1.035596e+01,6.079471e-11,1.609019e-09,1.609019e-11
1.035884e+01,5.998456e-11,1.583609e-09,1.583609e-11
1.036173e+01,5.948902e-11,1.558884e-09,1.558884e-11
1.036462e+01,5.933061e-11,1.537978e-09,1.537978e-11
1.036751e+01,5.953585e-11,1.525365e-09,1.525365e-11
1.037040e+01,6.005825e-11,1.525594e-09,1.525594e-11
1.037328e+01,6.081299e-11,1.541640e-09,1.541640e-11
1.037617e+01,6.176211e-11,1.573667e-09,1.573667e-11
1.037906e+01,6.288404e-11,1.618778e-09,1.618778e-11
1.038195e+01,6.408753e-11,1.671808e-09,1.671808e-11
1.038484e+01,6.525131e-11,1.726789e-09,1.726789e-11
1.038772e+01,6.633048e-11,1.778503e-09,1.778503e-11
1.039061e+01,6.733764e-11,1.823538e-09,1.823538e-11
1.039350e+01,6.824983e-11,1.860777e-09,1.860777e-11
1.039639e+01,6.903546e-11,1.891322e-09,1.891322e-11
1.039927e+01,6.974496e-11,1.917913e-09,1.917913e-11
1.040216e+01,7.046713e-11,1.943964e-09,1.943964e-11
1.040505e+01,7.121360e-11,1.972529e-09,1.972529e-11
1.040794e+01,7.194392e-11,2.005480e-09,2.005480e-11
1.041083e+01,7.266729e-11,2.043154e-09,2.043154e-11
1.041371e+01,7.341323e-11,2.084470e-09,2.084470e-11
1.041660e+01,7.414033e-11,2.127531e-09,2.127531e-11
1.041949e+01,7.478225e-11,2.170545e-09,2.170545e-11
1.042238e+01,7.536826e-11,2.212716e-09,2.212716e-11
1.042527e+01,7.599181e-11,2.254641e-09,2.254641e-11
1.042815e+01,7.668826e-11,2.298126e-09,2.298126e-11
1.043104e+01,7.745801e-11,2.345552e-09,2.345552e-11
1.043393e+01,7.836513e-11,2.399099e-09,2.399099e-11
1.043682e+01,7.948943e-11,2.460009e-09,2.460009e-11
1.043971e+01,8.080059e-11,2.528150e-09,2.528150e-11
1.044259e+01,8.219606e-11,2.602181e-09,2.602181e-11
1.044548e+01,8.363759e-11,2.680302e-09,2.680302e-11
1.044837e+01,8.513198e-11,2.761144e-09,2.761144e-11
1.045126e+01,8.662212e-11,2.844490e-09,2.844490e-11
1.045414e+01,8.803178e-11,2.931540e-09,2.931540e-11
1.045703e+01,8.939703e-11,3.024580e-09,3.024580e-11
1.045992e+01,9.082482e-11,3.126081e-09,3.126081e-11
1.046281e+01,9.233914e-11,3.237609e-09,3.237609e-11
1.046570e+01,9.389421e-11,3.359090e-09,3.359090e-11
1.046858e+01,9.550703e-11,3.488651e-09,3.488651e-11
1.047147e+01,9.722739e-11,3.622848e-09,3.622848e-11
1.047436e+01,9.898469e-11,3.757137e-09,3.757137e-11
1.047725e+01,1.006250e-10,3.886496e-09,3.886496e-11
1.048014e+01,1.020959e-10,4.006063e-09,4.006063e-11
1.048302e+01,1.034334e-10,4.111537e-09,4.111537e-11
1.048591e+01,1.045987e-10,4.199341e-09,4.199341e-11
1.048880e+01,1.054982e-10,4.266667e-09,4.266667e-11
1.049169e+01,1.061493e-10,4.311474e-09,4.311474e-11
1.049458e+01,1.066565e-10,4.332395e-09,4.332395e-11
1.049746e+01,1.070196e-10,4.328669e-09,4.328669e-11
1.050035e+01,1.071355e-10,4.300183e-09,4.300183e-11
1.050324e+01,1.069832e-10,4.247661e-09,4.247661e-11
1.050613e+01,1.066374e-10,4.172900e-09,4.172900e-11
1.050901e+01,1.060953e-10,4.078937e-09,4.078937e-11
1.051190e+01,1.052707e-10,3.970175e-09,3.970175e-11
1.051479e+01,1.041950e-10,3.852381e-09,3.852381e-11
1.051768e+01,1.030431e-10,3.732269e-09,3.732269e-11
1.052057e+01,1.019176e-10,3.616600e-09,3.616600e-11
1.052345e+01,1.008003e-10,3.511174e-09,3.511174e-11
1.052634e+01,9.974152e-11,3.420046e-09,3.420046e-11
1.052923e+01,9.889337e-11,3.345087e-09,3.345087e-11
1.053212e+01,9.829963e-11,3.285889e-09,3.285889e-11
1.053501e+01,9.784610e-11,3.240297e-09,3.240297e-11
1.053789e+01,9.747992e-11,3.205477e-09,3.205477e-11
1.054078e+01,9.728485e-11,3.178948e-09,3.178948e-11
1.054367e+01,9.728710e-11,3.159025e-09,3.159025e-11
1.054656e+01,9.737765e-11,3.144853e-09,3.144853e-11
1.054944e+01,9.750481e-11,3.136079e-09,3.136079e-11
1.055233e+01,9.775820e-11,3.132222e-09,3.132222e-11
1.055522e+01,9.815667e-11,3.131869e-09,3.131869e-11
1.055811e+01,9.853189e-11,3.132360e-09,3.132360e-11
1.056100e+01,9.873150e-11,3.129993e-09,3.129993e-11
1.056388e+01,9.875331e-11,3.120606e-09,3.120606e-11
1.056677e+01,9.855942e-11,3.100129e-09,3.100129e-11
1.056966e+01,9.797000e-11,3.065384e-09,3.065384e-11
1.057255e+01,9.688300e-11,3.014955e-09,3.014955e-11
1.057544e+01,9.541111e-11,2.949795e-09,2.949795e-11
1.057832e+01,9.368982e-11,2.873034e-09,2.873034e-11
1.058121e+01,9.172627e-11,2.789427e-09,2.789427e-11
1.058410e+01,8.955561e-11,2.704586e-09,2.704586e-11
1.058699e+01,8.736469e-11,2.624167e-09,2.624167e-11
1.058988e+01,8.531268e-11,2.552787e-09,2.552787e-11
1.059276e+01,8.337151e-11,2.493229e-09,2.493229e-11
1.059565e+01,8.147296e-11,2.446144e-09,2.446144e-11
1.059854e+01,7.968039e-11,2.410346e-09,2.410346e-11
1.060143e+01,7.807139e-11,2.383200e-09,2.383200e-11
1.060431e+01,7.658071e-11,2.361292e-09,2.361292e-11
1.060720e+01,7.512516e-11,2.341177e-09,2.341177e-11
1.061009e+01,7.377841e-11,2.320139e-09,2.320139e-11
1.061298e+01,7.266123e-11,2.296453e-09,2.296453e-11
1.061587e+01,7.175577e-11,2.269491e-09,2.269491e-11
1.061875e+01,7.098476e-11,2.239741e-09,2.239741e-11
1.062164e+01,7.038503e-11,2.208741e-09,2.208741e-11
1.062453e+01,7.003742e-11,2.178574e-09,2.178574e-11
1.062742e+01,6.988661e-11,2.151322e-09,2.151322e-11
1.063031e+01,6.980665e-11,2.128777e-09,2.128777e-11
1.063319e+01,6.980065e-11,2.112515e-09,2.112515e-11
1.063608e+01,6.995820e-11,2.103746e-09,2.103746e-11
1.063897e+01,7.026124e-11,2.103000e-09,2.103000e-11
1.064186e+01,7.061897e-11,2.110030e-09,2.110030e-11
1.064475e+01,7.105037e-11,2.124013e-09,2.124013e-11
1.064763e+01,7.164355e-11,2.143653e-09,2.143653e-11
1.065052e+01,7.236873e-11,2.167235e-09,2.167235e-11
1.065341e+01,7.310319e-11,2.192845e-09,2.192845e-11
1.065630e+01,7.381275e-11,2.218664e-09,2.218664e-11
1.065918e+01,7.455135e-11,2.243165e-09,2.243165e-11
1.066207e+01,7.530959e-11,2.265275e-09,2.265275e-11
1.066496e+01,7.601851e-11,2.284641e-09,2.284641e-11
1.066785e+01,7.670524e-11,2.301774e-09,2.301774e-11
1.067074e+01,7.750010e-11,2.317848e-09,2.317848e-11
1.067362e+01,7.846647e-11,2.334213e-09,2.334213e-11
1.067651e+01,7.956000e-11,2.352033e-09,2.352033e-11
1.067940e+01,8.076720e-11,2.372106e-09,2.372106e-11
1.068229e+01,8.212948e-11,2.394738e-09,2.394738e-11
1.068518e+01,8.359685e-11,2.419570e-09,2.419570e-11
1.068806e+01,8.500710e-11,2.445616e-09,2.445616e-11
1.069095e+01,8.624801e-11,2.471573e-09,2.471573e-11
1.069384e+01,8.730928e-11,2.496213e-09,2.496213e-11
1.069673e+01,8.815817e-11,2.518563e-09,2.518563e-11
1.069961e+01,8.870882e-11,2.537999e-09,2.537999e-11
1.070250e+01,8.894957e-11,2.554262e-09,2.554262e-11
1.070539e+01,8.897498e-11,2.567388e-09,2.567388e-11
1.070828e+01,8.885258e-11,2.577517e-09,2.577517e-11
1.071117e+01,8.856512e-11,2.584841e-09,2.584841e-11
1.071405e+01,8.812367e-11,2.589579e-09,2.589579e-11
1.071694e+01,8.761746e-11,2.591940e-09,2.591940e-11
1.071983e+01,8.710344e-11,2.592067e-09,2.592067e-11
1.072272e+01,8.656254e-11,2.590126e-09,2.590126e-11
1.072561e+01,8.601434e-11,2.586563e-09,2.586563e-11
1.072849e+01,8.557315e-11,2.582458e-09,2.582458e-11
1.073138e+01,8.533543e-11,2.579551e-09,2.579551e-11
1.073427e+01,8.531698e-11,2.580061e-09,2.580061e-11
1.073716e+01,8.554474e-11,2.586351e-09,2.586351e-11
1.074005e+01,8.609945e-11,2.600394e-09,2.600394e-11
1.074293e+01,8.701612e-11,2.623267e-09,2.623267e-11
1.074582e+01,8.822143e-11,2.655003e-09,2.655003e-11
1.074871e+01,8.962983e-11,2.694673e-09,2.694673e-11
1.075160e+01,9.122485e-11,2.740806e-09,2.740806e-11
1.075448e+01,9.298482e-11,2.792123e-09,2.792123e-11
1.075737e+01,9.482148e-11,2.848163e-09,2.848163e-11
1.076026e+01,9.667136e-11,2.909462e-09,2.909462e-11
1.076315e+01,9.857204e-11,2.977388e-09,2.977388e-11
1.076604e+01,1.005691e-10,3.053529e-09,3.053529e-11
1.076892e+01,1.026220e-10,3.138876e-09,3.138876e-11
1.077181e+01,1.046790e-10,3.233267e-09,3.233267e-11
1.077470e+01,1.067483e-10,3.335143e-09,3.335143e-11
1.077759e+01,1.088035e-10,3.441490e-09,3.441490e-11
1.078048e+01,1.107116e-10,3.548207e-09,3.548207e-11
1.078336e+01,1.123342e-10,3.650662e-09,3.650662e-11
1.078625e+01,1.136194e-10,3.744304e-09,3.744304e-11
1.078914e+01,1.145308e-10,3.825292e-09,3.825292e-11
1.079203e+01,1.149800e-10,3.890985e-09,3.890985e-11
1.079492e+01,1.149150e-10,3.940108e-09,3.940108e-11
1.079780e+01,1.143963e-10,3.972685e-09,3.972685e-11
1.080069e+01,1.135059e-10,3.989826e-09,3.989826e-11
1.080358e+01,1.122525e-10,3.993410e-09,3.993410e-11
1.080647e+01,1.106428e-10,3.985723e-09,3.985723e-11
1.080935e+01,1.087664e-10,3.969178e-09,3.969178e-11
1.081224e+01,1.067166e-10,3.946047e-09,3.946047e-11
1.081513e+01,1.045057e-10,3.918375e-09,3.918375e-11
1.081802e+01,1.021507e-10,3.888062e-09,3.888062e-11
1.082091e+01,9.976723e-11,3.857000e-09,3.857000e-11
1.082379e+01,9.748749e-11,3.827078e-09,3.827078e-11
1.082668e+01,9.536145e-11,3.800021e-09,3.800021e-11
1.082957e+01,9.342165e-11,3.777129e-09,3.777129e-11
1.083246e+01,9.176452e-11,3.759036e-09,3.759036e-11
1.083535e+01,9.047416e-11,3.745548e-09,3.745548e-11
1.083823e+01,8.952159e-11,3.735643e-09,3.735643e-11
1.084112e+01,8.883553e-11,3.727613e-09,3.727613e-11
1.084401e+01,8.842330e-11,3.719393e-09,3.719393e-11
1.084690e+01,8.831662e-11,3.708905e-09,3.708905e-11
1.084978e+01,8.846557e-11,3.694442e-09,3.694442e-11
1.085267e+01,8.880297e-11,3.674956e-09,3.674956e-11
1.085556e+01,8.935937e-11,3.650179e-09,3.650179e-11
1.085845e+01,9.019683e-11,3.620507e-09,3.620507e-11
1.086134e+01,9.126692e-11,3.586710e-09,3.586710e-11
1.086422e+01,9.245231e-11,3.549543e-09,3.549543e-11
1.086711e+01,9.369820e-11,3.509432e-09,3.509432e-11
1.087000e+01,9.496666e-11,3.466127e-09,3.466127e-11
1.087289e+01,9.610604e-11,3.418494e-09,3.418494e-11
1.087578e+01,9.691083e-11,3.364619e-09,3.364619e-11
1.087866e+01,9.728963e-11,3.302245e-09,3.302245e-11
1.088155e+01,9.724447e-11,3.229305e-09,3.229305e-11
1.088444e+01,9.672012e-11,3.144457e-09,3.144457e-11
1.088733e+01,9.563678e-11,3.047531e-09,3.047531e-11
1.089022e+01,9.405308e-11,2.939817e-09,2.939817e-11
1.089310e+01,9.212680e-11,2.823951e-09,2.823951e-11
1.089599e+01,8.992667e-11,2.703444e-09,2.703444e-11
1.089888e+01,8.744061e-11,2.582137e-09,2.582137e-11
1.090177e+01,8.474422e-11,2.463715e-09,2.463715e-11
1.090465e+01,8.198734e-11,2.351120e-09,2.351120e-11
1.090754e+01,7.921588e-11,2.246049e-09,2.246049e-11
1.091043e+01,7.637284e-11,2.148881e-09,2.148881e-11
1.091332e+01,7.348131e-11,2.059062e-09,2.059062e-11
1.091621e+01,7.066599e-11,1.975588e-09,1.975588e-11
1.091909e+01,6.797793e-11,1.897284e-09,1.897284e-11
1.092198e+01,6.535802e-11,1.823070e-09,1.823070e-11
1.092487e+01,6.281541e-11,1.752284e-09,1.752284e-11
1.092776e+01,6.047550e-11,1.684830e-09,1.684830e-11
1.093065e+01,5.839345e-11,1.620859e-09,1.620859e-11
1.093353e+01,5.649392e-11,1.560502e-09,1.560502e-11
1.093642e+01,5.475622e-11,1.503913e-09,1.503913e-11
1.093931e+01,5.328179e-11,1.451505e-09,1.451505e-11
1.094220e+01,5.211165e-11,1.403727e-09,1.403727e-11
1.094509e+01,5.115119e-11,1.360954e-09,1.360954e-11
1.094797e+01,5.034205e-11,1.323523e-09,1.323523e-11
1.095086e+01,4.974561e-11,1.291655e-09,1.291655e-11
1.095375e+01,4.938421e-11,1.264896e-09,1.264896e-11
1.095664e+01,4.914303e-11,1.242019e-09,1.242019e-11
1.095952e+01,4.892350e-11,1.221515e-09,1.221515e-11
1.096241e+01,4.876730e-11,1.202326e-09,1.202326e-11
1.096530e+01,4.872176e-11,1.183846e-09,1.183846e-11
1.096819e+01,4.871279e-11,1.165945e-09,1.165945e-11
1.097108e+01,4.867949e-11,1.149100e-09,1.149100e-11
1.097396e+01,4.871133e-11,1.134640e-09,1.134640e-11
1.097685e+01,4.891257e-11,1.124266e-09,1.124266e-11
1.097974e+01,4.924595e-11,1.119652e-09,1.119652e-11
1.098263e+01,4.964400e-11,1.122294e-09,1.122294e-11
1.098552e+01,5.015389e-11,1.133550e-09,1.133550e-11
1.098840e+01,5.082717e-11,1.154036e-09,1.154036e-11
1.099129e+01,5.156629e-11,1.183281e-09,1.183281e-11
1.099418e+01,5.222956e-11,1.219892e-09,1.219892e-11
1.099707e+01,5.280590e-11,1.262069e-09,1.262069e-11
1.099995e+01,5.333305e-11,1.307584e-09,1.307584e-11
1.100284e+01,5.373170e-11,1.353849e-09,1.353849e-11
1.100573e+01,5.389192e-11,1.398169e-09,1.398169e-11
1.100862e+01,5.384919e-11,1.438098e-09,1.438098e-11
1.101151e+01,5.370597e-11,1.471407e-09,1.471407e-11
1.101439e+01,5.344504e-11,1.496016e-09,1.496016e-11
1.101728e+01,5.299546e-11,1.510192e-09,1.510192e-11
1.102017e+01,5.241391e-11,1.513089e-09,1.513089e-11
1.102306e+01,5.181687e-11,1.504742e-09,1.504742e-11
1.102595e+01,5.120031e-11,1.485921e-09,1.485921e-11
1.102883e+01,5.049830e-11,1.458312e-09,1.458312e-11
1.103172e+01,4.975902e-11,1.424706e-09,1.424706e-11
1.103461e+01,4.910104e-11,1.388703e-09,1.388703e-11
1.103750e+01,4.854230e-11,1.354204e-09,1.354204e-11
1.104039e+01,4.803133e-11,1.324969e-09,1.324969e-11
1.104327e+01,4.762158e-11,1.304428e-09,1.304428e-11
1.104616e+01,4.745164e-11,1.295340e-09,1.295340e-11
1.104905e+01,4.756345e-11,1.299374e-09,1.299374e-11
1.105194e+01,4.791443e-11,1.317155e-09,1.317155e-11
1.105482e+01,4.855424e-11,1.348722e-09,1.348722e-11
1.105771e+01,4.961371e-11,1.393670e-09,1.393670e-11
1.106060e+01,5.112062e-11,1.451136e-09,1.451136e-11
1.106349e+01,5.298682e-11,1.520056e-09,1.520056e-11
1.106638e+01,5.518603e-11,1.599474e-09,1.599474e-11
1.106926e+01,5.776482e-11,1.688387e-09,1.688387e-11
1.107215e+01,6.066061e-11,1.785273e-09,1.785273e-11
1.107504e+01,6.368956e-11,1.888003e-09,1.888003e-11
1.107793e+01,6.673159e-11,1.994061e-09,1.994061e-11
1.108082e+01,6.977080e-11,2.100748e-09,2.100748e-11
1.108370e+01,7.273763e-11,2.205386e-09,2.205386e-11
1.108659e+01,7.547890e-11,2.305696e-09,2.305696e-11
1.108948e+01,7.793349e-11,2.400019e-09,2.400019e-11
1.109237e+01,8.017948e-11,2.487305e-09,2.487305e-11
1.109526e+01,8.225856e-11,2.566845e-09,2.566845e-11
1.109814e+01,8.411438e-11,2.638132e-09,2.638132e-11
1.110103e+01,8.574622e-11,2.700862e-09,2.700862e-11
1.110392e+01,8.725561e-11,2.754861e-09,2.754861e-11
1.110681e+01,8.867724e-11,2.799886e-09,2.799886e-11
1.110969e+01,8.991476e-11,2.835606e-09,2.835606e-11
1.111258e+01,9.090631e-11,2.861692e-09,2.861692e-11
1.111547e+01,9.170034e-11,2.878020e-09,2.878020e-11
1.111836e+01,9.231019e-11,2.884935e-09,2.884935e-11
1.112125e+01,9.265398e-11,2.883654e-09,2.883654e-11
1.112413e+01,9.270907e-11,2.876676e-09,2.876676e-11
1.112702e+01,9.258672e-11,2.867993e-09,2.867993e-11
1.112991e+01,9.238778e-11,2.862814e-09,2.862814e-11
1.113280e+01,9.211702e-11,2.866982e-09,2.866982e-11
1.113569e+01,9.181025e-11,2.886156e-09,2.886156e-11
1.113857e+01,9.160610e-11,2.924914e-09,2.924914e-11
1.114146e+01,9.159960e-11,2.985779e-09,2.985779e-11
1.114435e+01,9.175622e-11,3.068647e-09,3.068647e-11
1.114724e+01,9.204305e-11,3.170790e-09,3.170790e-11
1.115013e+01,9.249736e-11,3.287268e-09,3.287268e-11
1.115301e+01,9.310222e-11,3.411475e-09,3.411475e-11
1.115590e+01,9.372217e-11,3.535864e-09,3.535864e-11
1.115879e+01,9.422965e-11,3.652648e-09,3.652648e-11
1.116168e+01,9.459057e-11,3.754396e-09,3.754396e-11
1.116456e+01,9.476090e-11,3.834482e-09,3.834482e-11
1.116745e+01,9.462232e-11,3.887477e-09,3.887477e-11
1.117034e+01,9.410220e-11,3.909438e-09,3.909438e-11
1.117323e+01,9.325375e-11,3.898139e-09,3.898139e-11
1.117612e+01,9.214722e-11,3.853148e-09,3.853148e-11
1.117900e+01,9.078397e-11,3.775803e-09,3.775803e-11
1.118189e+01,8.919480e-11,3.669141e-09,3.669141e-11
1.118478e+01,8.750812e-11,3.537738e-09,3.537738e-11
1.118767e+01,8.583118e-11,3.387401e-09,3.387401e-11
1.119056e+01,8.417065e-11,3.224844e-09,3.224844e-11
1.119344e+01,8.253409e-11,3.057269e-09,3.057269e-11
1.119633e+01,8.099686e-11,2.891828e-09,2.891828e-11
1.119922e+01,7.960720e-11,2.735003e-09,2.735003e-11
1.120211e+01,7.832160e-11,2.592010e-09,2.592010e-11
1.120499e+01,7.710150e-11,2.466300e-09,2.466300e-11
1.120788e+01,7.598931e-11,2.359357e-09,2.359357e-11
1.121077e+01,7.502280e-11,2.270813e-09,2.270813e-11
1.121366e+01,7.415784e-11,2.198934e-09,2.198934e-11
1.121655e+01,7.335013e-11,2.141250e-09,2.141250e-11
1.121943e+01,7.264243e-11,2.095208e-09,2.095208e-11
1.122232e+01,7.207654e-11,2.058497e-09,2.058497e-11
1.122521e+01,7.159511e-11,2.029081e-09,2.029081e-11
1.122810e+01,7.113457e-11,2.005072e-09,2.005072e-11
1.123099e+01,7.071908e-11,1.984581e-09,1.984581e-11
1.123387e+01,7.036736e-11,1.965528e-09,1.965528e-11
1.123676e+01,7.000215e-11,1.945690e-09,1.945690e-11
1.123965e+01,6.954200e-11,1.922985e-09,1.922985e-11
1.124254e+01,6.899787e-11,1.895880e-09,1.895880e-11
1.124543e+01,6.838939e-11,1.863639e-09,1.863639e-11
1.124831e+01,6.765230e-11,1.826444e-09,1.826444e-11
1.125120e+01,6.672668e-11,1.785312e-09,1.785312e-11
1.125409e+01,6.565977e-11,1.741926e-09,1.741926e-11
1.125698e+01,6.452709e-11,1.698268e-09,1.698268e-11
1.125986e+01,6.332658e-11,1.656273e-09,1.656273e-11
1.126275e+01,6.205644e-11,1.617591e-09,1.617591e-11
1.126564e+01,6.082102e-11,1.583605e-09,1.583605e-11
1.126853e+01,5.973893e-11,1.555308e-09,1.555308e-11
1.127142e+01,5.882501e-11,1.533243e-09,1.533243e-11
1.127430e+01,5.805848e-11,1.517590e-09,1.517590e-11
1.127719e+01,5.748344e-11,1.508353e-09,1.508353e-11
1.128008e+01,5.714329e-11,1.505300e-09,1.505300e-11
1.128297e+01,5.697229e-11,1.507956e-09,1.507956e-11
1.128586e+01,5.686159e-11,1.515727e-09,1.515727e-11
1.128874e+01,5.678340e-11,1.528128e-09,1.528128e-11
1.129163e+01,5.675173e-11,1.544736e-09,1.544736e-11
1.129452e+01,5.671917e-11,1.565155e-09,1.565155e-11
1.129741e+01,5.661351e-11,1.589002e-09,1.589002e-11
1.130030e+01,5.645415e-11,1.615874e-09,1.615874e-11
1.130318e+01,5.632586e-11,1.645234e-09,1.645234e-11
1.130607e+01,5.624067e-11,1.676287e-09,1.676287e-11
1.130896e+01,5.615272e-11,1.708026e-09,1.708026e-11
1.131185e+01,5.609377e-11,1.739536e-09,1.739536e-11
1.131473e+01,5.615670e-11,1.770159e-09,1.770159e-11
1.131762e+01,5.636024e-11,1.799590e-09,1.799590e-11
1.132051e+01,5.665914e-11,1.828195e-09,1.828195e-11
1.132340e+01,5.708575e-11,1.857250e-09,1.857250e-11
1.132629e+01,5.774977e-11,1.888718e-09,1.888718e-11
1.132917e+01,5.868977e-11,1.924798e-09,1.924798e-11
1.133206e+01,5.985432e-11,1.967574e-09,1.967574e-11
1.133495e+01,6.123622e-11,2.018818e-09,2.018818e-11
1.133784e+01,6.289582e-11,2.079878e-09,2.079878e-11
1.134073e+01,6.482060e-11,2.151618e-09,2.151618e-11
1.134361e+01,6.688906e-11,2.234575e-09,2.234575e-11
1.134650e+01,6.902283e-11,2.329225e-09,2.329225e-11
1.134939e+01,7.124827e-11,2.436025e-09,2.436025e-11
1.135228e+01,7.356004e-11,2.555077e-09,2.555077e-11
1.135516e+01,7.585679e-11,2.685768e-09,2.685768e-11
1.135805e+01,7.808196e-11,2.826516e-09,2.826516e-11
1.136094e+01,8.029544e-11,2.974628e-09,2.974628e-11
1.136383e+01,8.252505e-11,3.126183e-09,3.126183e-11
1.136672e+01,8.467285e-11,3.276232e-09,3.276232e-11
1.136960e+01,8.664706e-11,3.419223e-09,3.419223e-11
1.137249e+01,8.846700e-11,3.549480e-09,3.549480e-11
1.137538e+01,9.013808e-11,3.661520e-09,3.661520e-11
1.137827e+01,9.154122e-11,3.750439e-09,3.750439e-11
1.138116e+01,9.256330e-11,3.812274e-09,3.812274e-11
1.138404e+01,9.323298e-11,3.844338e-09,3.844338e-11
1.138693e+01,9.360440e-11,3.845310e-09,3.845310e-11
1.138982e+01,9.361224e-11,3.815284e-09,3.815284e-11
1.139271e+01,9.318099e-11,3.755789e-09,3.755789e-11
1.139560e+01,9.237029e-11,3.669770e-09,3.669770e-11
1.139848e+01,9.127413e-11,3.561342e-09,3.561342e-11
1.140137e+01,8.986917e-11,3.435446e-09,3.435446e-11
1.140426e+01,8.810335e-11,3.297533e-09,3.297533e-11
1.140715e+01,8.606095e-11,3.153319e-09,3.153319e-11
1.141003e+01,8.389498e-11,3.008355e-09,3.008355e-11
1.141292e+01,8.165738e-11,2.867564e-09,2.867564e-11
1.141581e+01,7.934778e-11,2.734940e-09,2.734940e-11
1.141870e+01,7.708189e-11,2.613484e-09,2.613484e-11
1.142159e+01,7.504025e-11,2.505093e-09,2.505093e-11
1.142447e+01,7.326995e-11,2.410498e-09,2.410498e-11
1.142736e+01,7.170820e-11,2.329501e-09,2.329501e-11
1.143025e+01,7.037809e-11,2.261477e-09,2.261477e-11
1.143314e+01,6.937242e-11,2.205647e-09,2.205647e-11
1.143603e+01,6.866244e-11,2.161106e-09,2.161106e-11
1.143891e+01,6.811288e-11,2.126935e-09,2.126935e-11
1.144180e+01,6.768771e-11,2.102384e-09,2.102384e-11
1.144469e+01,6.745965e-11,2.086781e-09,2.086781e-11
1.144758e+01,6.740668e-11,2.079138e-09,2.079138e-11
1.145047e+01,6.738769e-11,2.077977e-09,2.077977e-11
1.145335e+01,6.734009e-11,2.081458e-09,2.081458e-11
1.145624e+01,6.730864e-11,2.087467e-09,2.087467e-11
1.145913e+01,6.724711e-11,2.093577e-09,2.093577e-11
1.146202e+01,6.698818e-11,2.097332e-09,2.097332e-11
1.146490e+01,6.645489e-11,2.096755e-09,2.096755e-11
1.146779e+01,6.571836e-11,2.090681e-09,2.090681e-11
1.147068e+01,6.480481e-11,2.078756e-09,2.078756e-11
1.147357e+01,6.364848e-11,2.061509e-09,2.061509e-11
1.147646e+01,6.228779e-11,2.040387e-09,2.040387e-11
1.147934e+01,6.090289e-11,2.017537e-09,2.017537e-11
1.148223e+01,5.961205e-11,1.995304e-09,1.995304e-11
1.148512e+01,5.840948e-11,1.975977e-09,1.975977e-11
1.148801e+01,5.733438e-11,1.961698e-09,1.961698e-11
1.149090e+01,5.652322e-11,1.954406e-09,1.954406e-11
1.149378e+01,5.604275e-11,1.955607e-09,1.955607e-11
1.149667e+01,5.582470e-11,1.966301e-09,1.966301e-11
1.149956e+01,5.582654e-11,1.987000e-09,1.987000e-11
1.150245e+01,5.611234e-11,2.017759e-09,2.017759e-11
1.150533e+01,5.670061e-11,2.057927e-09,2.057927e-11
1.150822e+01,5.748028e-11,2.106003e-09,2.106003e-11
1.151111e+01,5.836100e-11,2.159655e-09,2.159655e-11
1.151400e+01,5.935771e-11,2.215937e-09,2.215937e-11
1.151689e+01,6.044998e-11,2.271440e-09,2.271440e-11
1.151977e+01,6.150404e-11,2.322569e-09,2.322569e-11
1.152266e+01,6.241751e-11,2.365872e-09,2.365872e-11
1.152555e+01,6.321348e-11,2.398351e-09,2.398351e-11
1.152844e+01,6.391209e-11,2.417518e-09,2.417518e-11
1.153133e+01,6.444377e-11,2.421476e-09,2.421476e-11
1.153421e+01,6.477556e-11,2.409034e-09,2.409034e-11
1.153710e+01,6.499264e-11,2.379844e-09,2.379844e-11
1.153999e+01,6.516609e-11,2.334391e-09,2.334391e-11
1.154288e+01,6.525473e-11,2.274006e-09,2.274006e-11
1.154577e+01,6.522241e-11,2.200869e-09,2.200869e-11
1.154865e+01,6.512650e-11,2.117987e-09,2.117987e-11
1.155154e+01,6.500138e-11,2.028949e-09,2.028949e-11
1.155443e+01,6.478097e-11,1.937732e-09,1.937732e-11
1.155732e+01,6.442361e-11,1.848475e-09,1.848475e-11
1.156020e+01,6.399766e-11,1.765187e-09,1.765187e-11
1.156309e+01,6.356812e-11,1.691314e-09,1.691314e-11
1.156598e+01,6.312147e-11,1.629397e-09,1.629397e-11
1.156887e+01,6.266810e-11,1.580884e-09,1.580884e-11
1.157176e+01,6.230252e-11,1.546256e-09,1.546256e-11
1.157464e+01,6.208723e-11,1.525189e-09,1.525189e-11
1.157753e+01,6.197479e-11,1.516708e-09,1.516708e-11
1.158042e+01,6.191547e-11,1.519283e-09,1.519283e-11
1.158331e+01,6.193032e-11,1.530891e-09,1.530891e-11
1.158620e+01,6.201085e-11,1.549006e-09,1.549006e-11
1.158908e+01,6.206422e-11,1.570955e-09,1.570955e-11
1.159197e+01,6.203198e-11,1.594499e-09,1.594499e-11
1.159486e+01,6.196178e-11,1.618325e-09,1.618325e-11
1.159775e+01,6.190291e-11,1.642135e-09,1.642135e-11
1.160064e+01,6.183615e-11,1.666423e-09,1.666423e-11
1.160352e+01,6.177328e-11,1.692008e-09,1.692008e-11
1.160641e+01,6.181445e-11,1.719543e-09,1.719543e-11
1.160930e+01,6.202888e-11,1.749170e-09,1.749170e-11
1.161219e+01,6.238739e-11,1.780537e-09,1.780537e-11
1.161507e+01,6.287060e-11,1.813057e-09,1.813057e-11
1.161796e+01,6.353289e-11,1.846250e-09,1.846250e-11
1.162085e+01,6.439482e-11,1.879909e-09,1.879909e-11
1.162374e+01,6.538364e-11,1.914170e-09,1.914170e-11
1.162663e+01,6.645204e-11,1.949478e-09,1.949478e-11
1.162951e+01,6.764201e-11,1.986458e-09,1.986458e-11
1.163240e+01,6.896846e-11,2.025701e-09,2.025701e-11
1.163529e+01,7.035305e-11,2.067646e-09,2.067646e-11
1.163818e+01,7.174076e-11,2.112573e-09,2.112573e-11
1.164107e+01,7.316887e-11,2.160719e-09,2.160719e-11
1.164395e+01,7.464862e-11,2.212254e-09,2.212254e-11
1.164684e+01,7.609748e-11,2.267308e-09,2.267308e-11
1.164973e+01,7.745505e-11,2.326000e-09,2.326000e-11
1.165262e+01,7.875775e-11,2.388404e-09,2.388404e-11
1.165550e+01,8.003297e-11,2.454357e-09,2.454357e-11
1.165839e+01,8.121508e-11,2.523383e-09,2.523383e-11
1.166128e+01,8.224763e-11,2.594609e-09,2.594609e-11
1.166417e+01,8.317346e-11,2.666825e-09,2.666825e-11
1.166706e+01,8.403670e-11,2.738521e-09,2.738521e-11
1.166994e+01,8.477858e-11,2.807928e-09,2.807928e-11
1.167283e+01,8.532961e-11,2.873121e-09,2.873121e-11
1.167572e+01,8.573386e-11,2.932310e-09,2.932310e-11
1.167861e+01,8.605601e-11,2.983919e-09,2.983919e-11
1.168150e+01,8.624834e-11,3.026592e-09,3.026592e-11
1.168438e+01,8.624834e-11,3.059273e-09,3.059273e-11
1.168727e+01,8.612183e-11,3.081351e-09,3.081351e-11
1.169016e+01,8.596418e-11,3.092591e-09,3.092591e-11
1.169305e+01,8.574550e-11,3.093089e-09,3.093089e-11
1.169594e+01,8.540066e-11,3.083346e-09,3.083346e-11
1.169882e+01,8.497593e-11,3.064381e-09,3.064381e-11
1.170171e+01,8.454328e-11,3.037634e-09,3.037634e-11
1.170460e+01,8.404841e-11,3.004893e-09,3.004893e-11
1.170749e+01,8.338382e-11,2.968213e-09,2.968213e-11
1.171037e+01,8.255489e-11,2.929848e-09,2.929848e-11
1.171326e+01,8.163532e-11,2.892095e-09,2.892095e-11
1.171615e+01,8.060970e-11,2.857142e-09,2.857142e-11
1.171904e+01,7.941722e-11,2.826985e-09,2.826985e-11
1.172193e+01,7.812173e-11,2.803442e-09,2.803442e-11
1.172481e+01,7.687598e-11,2.787954e-09,2.787954e-11
1.172770e+01,7.573982e-11,2.781270e-09,2.781270e-11
1.173059e+01,7.468280e-11,2.783283e-09,2.783283e-11
1.173348e+01,7.374252e-11,2.793054e-09,2.793054e-11
1.173637e+01,7.301962e-11,2.808892e-09,2.808892e-11
1.173925e+01,7.250648e-11,2.828425e-09,2.828425e-11
1.174214e+01,7.207330e-11,2.848750e-09,2.848750e-11
1.174503e+01,7.164563e-11,2.866686e-09,2.866686e-11
1.174792e+01,7.125102e-11,2.878984e-09,2.878984e-11
1.175081e+01,7.086043e-11,2.882369e-09,2.882369e-11
1.175369e+01,7.033897e-11,2.873659e-09,2.873659e-11
1.175658e+01,6.961709e-11,2.850016e-09,2.850016e-11
1.175947e+01,6.876128e-11,2.809251e-09,2.809251e-11
1.176236e+01,6.780650e-11,2.749930e-09,2.749930e-11
1.176524e+01,6.667454e-11,2.671497e-09,2.671497e-11
1.176813e+01,6.533315e-11,2.574481e-09,2.574481e-11
1.177102e+01,6.388868e-11,2.460721e-09,2.460721e-11
1.177391e+01,6.244035e-11,2.333292e-09,2.333292e-11
1.177680e+01,6.097725e-11,2.196429e-09,2.196429e-11
1.177968e+01,5.951274e-11,2.055553e-09,2.055553e-11
1.178257e+01,5.819433e-11,1.917300e-09,1.917300e-11
1.178546e+01,5.716950e-11,1.789005e-09,1.789005e-11
1.178835e+01,5.645171e-11,1.677894e-09,1.677894e-11
1.179124e+01,5.602634e-11,1.590132e-09,1.590132e-11
1.179412e+01,5.598475e-11,1.529970e-09,1.529970e-11
1.179701e+01,5.642409e-11,1.498748e-09,1.498748e-11
1.179990e+01,5.729930e-11,1.494638e-09,1.494638e-11
1.180279e+01,5.852373e-11,1.513715e-09,1.513715e-11
1.180567e+01,6.013484e-11,1.551881e-09,1.551881e-11
1.180856e+01,6.221105e-11,1.605974e-09,1.605974e-11
1.181145e+01,6.471339e-11,1.674130e-09,1.674130e-11
1.181434e+01,6.755069e-11,1.755680e-09,1.755680e-11
1.181723e+01,7.073332e-11,1.850729e-09,1.850729e-11
1.182011e+01,7.431322e-11,1.959245e-09,1.959245e-11
1.182300e+01,7.821360e-11,2.080267e-09,2.080267e-11
1.182589e+01,8.227037e-11,2.211653e-09,2.211653e-11
1.182878e+01,8.640421e-11,2.350341e-09,2.350341e-11
1.183167e+01,9.060140e-11,2.492601e-09,2.492601e-11
1.183455e+01,9.475462e-11,2.634317e-09,2.634317e-11
1.183744e+01,9.869304e-11,2.771443e-09,2.771443e-11
1.184033e+01,1.023550e-10,2.900485e-09,2.900485e-11
1.184322e+01,1.057727e-10,3.018648e-09,3.018648e-11
1.184611e+01,1.089072e-10,3.123739e-09,3.123739e-11
1.184899e+01,1.116435e-10,3.214150e-09,3.214150e-11
1.185188e+01,1.139403e-10,3.288885e-09,3.288885e-11
1.185477e+01,1.158368e-10,3.347524e-09,3.347524e-11
1.185766e+01,1.173034e-10,3.390037e-09,3.390037e-11
1.186054e+01,1.182285e-10,3.416677e-09,3.416677e-11
1.186343e+01,1.185738e-10,3.428012e-09,3.428012e-11
1.186632e+01,1.184139e-10,3.424946e-09,3.424946e-11
1.186921e+01,1.177998e-10,3.408608e-09,3.408608e-11
1.187210e+01,1.167158e-10,3.380261e-09,3.380261e-11
1.187498e+01,1.152079e-10,3.341278e-09,3.341278e-11
1.187787e+01,1.134226e-10,3.293137e-09,3.293137e-11
1.188076e+01,1.114606e-10,3.237271e-09,3.237271e-11
1.188365e+01,1.093157e-10,3.174973e-09,3.174973e-11
1.188654e+01,1.070012e-10,3.107453e-09,3.107453e-11
1.188942e+01,1.046058e-10,3.035876e-09,3.035876e-11
1.189231e+01,1.021727e-10,2.961289e-09,2.961289e-11
1.189520e+01,9.965328e-11,2.884703e-09,2.884703e-11
1.189809e+01,9.703390e-11,2.807201e-09,2.807201e-11
1.190098e+01,9.439759e-11,2.729972e-09,2.729972e-11
1.190386e+01,9.180300e-11,2.654122e-09,2.654122e-11
1.190675e+01,8.921703e-11,2.580468e-09,2.580468e-11
1.190964e+01,8.662747e-11,2.509484e-09,2.509484e-11
1.191253e+01,8.410347e-11,2.441317e-09,2.441317e-11
1.191541e+01,8.167728e-11,2.375719e-09,2.375719e-11
1.191830e+01,7.928333e-11,2.312157e-09,2.312157e-11
1.192119e+01,7.688355e-11,2.250067e-09,2.250067e-11
1.192408e+01,7.453395e-11,2.189049e-09,2.189049e-11
1.192697e+01,7.227351e-11,2.128901e-09,2.128901e-11
1.192985e+01,7.007205e-11,2.069684e-09,2.069684e-11
1.193274e+01,6.793748e-11,2.011718e-09,2.011718e-11
1.193563e+01,6.596217e-11,1.955516e-09,1.955516e-11
1.193852e+01,6.421112e-11,1.901728e-09,1.901728e-11
1.194141e+01,6.267000e-11,1.851293e-09,1.851293e-11
1.194429e+01,6.134617e-11,1.805590e-09,1.805590e-11
1.194718e+01,6.031470e-11,1.766500e-09,1.766500e-11
1.195007e+01,5.962786e-11,1.736342e-09,1.736342e-11
1.195296e+01,5.927017e-11,1.717711e-09,1.717711e-11
1.195585e+01,5.924653e-11,1.713161e-09,1.713161e-11
1.195873e+01,5.963725e-11,1.724849e-09,1.724849e-11
1.196162e+01,6.049674e-11,1.754041e-09,1.754041e-11
1.196451e+01,6.177829e-11,1.800693e-09,1.800693e-11
1.196740e+01,6.342201e-11,1.863272e-09,1.863272e-11
1.197028e+01,6.541038e-11,1.938864e-09,1.938864e-11
1.197317e+01,6.767319e-11,2.023370e-09,2.023370e-11
1.197606e+01,7.002949e-11,2.111832e-09,2.111832e-11
1.197895e+01,7.230154e-11,2.198888e-09,2.198888e-11
1.198184e+01,7.440075e-11,2.279365e-09,2.279365e-11
1.198472e+01,7.624314e-11,2.348826e-09,2.348826e-11
1.198761e+01,7.770470e-11,2.404106e-09,2.404106e-11
1.199050e+01,7.872775e-11,2.443686e-09,2.443686e-11
1.199339e+01,7.937919e-11,2.467837e-09,2.467837e-11
1.199628e+01,7.974577e-11,2.478481e-09,2.478481e-11
1.199916e+01,7.985653e-11,2.478903e-09,2.478903e-11
1.200205e+01,7.976640e-11,2.473286e-09,2.473286e-11
1.200494e+01,7.961478e-11,2.466196e-09,2.466196e-11
1.200783e+01,7.951829e-11,2.461997e-09,2.461997e-11
1.201071e+01,7.949231e-11,2.464489e-09,2.464489e-11
1.201360e+01,7.955310e-11,2.476841e-09,2.476841e-11
1.201649e+01,7.979754e-11,2.501725e-09,2.501725e-11
1.201938e+01,8.030198e-11,2.541316e-09,2.541316e-11
1.202227e+01,8.103560e-11,2.597179e-09,2.597179e-11
1.202515e+01,8.195676e-11,2.670007e-09,2.670007e-11
1.202804e+01,8.310256e-11,2.759434e-09,2.759434e-11
1.203093e+01,8.449010e-11,2.863828e-09,2.863828e-11
1.203382e+01,8.602017e-11,2.980243e-09,2.980243e-11
1.203671e+01,8.757988e-11,3.104574e-09,3.104574e-11
1.203959e+01,8.915844e-11,3.231923e-09,3.231923e-11
1.204248e+01,9.075767e-11,3.356959e-09,3.356959e-11
1.204537e+01,9.227827e-11,3.474348e-09,3.474348e-11
1.204826e+01,9.361995e-11,3.579150e-09,3.579150e-11
1.205115e+01,9.480416e-11,3.667112e-09,3.667112e-11
1.205403e+01,9.586324e-11,3.734701e-09,3.734701e-11
1.205692e+01,9.670358e-11,3.779144e-09,3.779144e-11
1.205981e+01,9.721157e-11,3.798521e-09,3.798521e-11
1.206270e+01,9.739332e-11,3.791918e-09,3.791918e-11
1.206558e+01,9.728229e-11,3.759452e-09,3.759452e-11
1.206847e+01,9.681431e-11,3.702354e-09,3.702354e-11
1.207136e+01,9.593292e-11,3.623037e-09,3.623037e-11
1.207425e+01,9.474136e-11,3.525146e-09,3.525146e-11
1.207714e+01,9.341605e-11,3.413397e-09,3.413397e-11
1.208002e+01,9.204008e-11,3.293245e-09,3.293245e-11
1.208291e+01,9.066090e-11,3.170432e-09,3.170432e-11
1.208580e+01,8.943171e-11,3.050564e-09,3.050564e-11
1.208869e+01,8.852635e-11,2.938563e-09,2.938563e-11
1.209158e+01,8.795645e-11,2.838167e-09,2.838167e-11
1.209446e+01,8.762653e-11,2.751634e-09,2.751634e-11
1.209735e+01,8.752101e-11,2.679797e-09,2.679797e-11
1.210024e+01,8.766343e-11,2.622125e-09,2.622125e-11
1.210313e+01,8.794373e-11,2.576948e-09,2.576948e-11
1.210602e+01,8.817975e-11,2.541915e-09,2.541915e-11
1.210890e+01,8.831875e-11,2.514468e-09,2.514468e-11
1.211179e+01,8.840610e-11,2.492023e-09,2.492023e-11
1.211468e+01,8.838828e-11,2.472029e-09,2.472029e-11
1.211757e+01,8.812977e-11,2.452056e-09,2.452056e-11
1.212045e+01,8.761163e-11,2.430038e-09,2.430038e-11
1.212334e+01,8.692241e-11,2.404376e-09,2.404376e-11
1.212623e+01,8.604854e-11,2.373877e-09,2.373877e-11
1.212912e+01,8.486916e-11,2.337802e-09,2.337802e-11
1.213201e+01,8.337442e-11,2.296077e-09,2.296077e-11
1.213489e+01,8.168723e-11,2.249346e-09,2.249346e-11
1.213778e+01,7.984858e-11,2.198766e-09,2.198766e-11
1.214067e+01,7.778815e-11,2.145892e-09,2.145892e-11
1.214356e+01,7.553519e-11,2.092724e-09,2.092724e-11
1.214645e+01,7.325256e-11,2.041654e-09,2.041654e-11
1.214933e+01,7.102155e-11,1.995119e-09,1.995119e-11
1.215222e+01,6.879088e-11,1.955432e-09,1.955432e-11
1.215511e+01,6.658213e-11,1.924701e-09,1.924701e-11
1.215800e+01,6.455232e-11,1.904580e-09,1.904580e-11
1.216088e+01,6.279561e-11,1.895644e-09,1.895644e-11
1.216377e+01,6.126968e-11,1.897232e-09,1.897232e-11
1.216666e+01,5.999056e-11,1.907909e-09,1.907909e-11
1.216955e+01,5.910944e-11,1.926133e-09,1.926133e-11
1.217244e+01,5.870767e-11,1.950431e-09,1.950431e-11
1.217532e+01,5.869310e-11,1.979594e-09,1.979594e-11
1.217821e+01,5.898241e-11,2.012851e-09,2.012851e-11
1.218110e+01,5.959893e-11,2.049810e-09,2.049810e-11
1.218399e+01,6.049632e-11,2.089888e-09,2.089888e-11
1.218688e+01,6.146887e-11,2.132078e-09,2.132078e-11
1.218976e+01,6.233988e-11,2.175153e-09,2.175153e-11
1.219265e+01,6.308864e-11,2.218057e-09,2.218057e-11
1.219554e+01,6.370849e-11,2.259913e-09,2.259913e-11
1.219843e+01,6.409734e-11,2.300078e-09,2.300078e-11
1.220132e+01,6.420221e-11,2.338249e-09,2.338249e-11
1.220420e+01,6.413187e-11,2.374501e-09,2.374501e-11
1.220709e+01,6.400393e-11,2.408945e-09,2.408945e-11
1.220998e+01,6.380356e-11,2.441580e-09,2.441580e-11
1.221287e+01,6.350116e-11,2.472392e-09,2.472392e-11
1.221575e+01,6.318129e-11,2.501537e-09,2.501537e-11
1.221864e+01,6.292583e-11,2.529144e-09,2.529144e-11
1.222153e+01,6.268372e-11,2.555230e-09,2.555230e-11
1.222442e+01,6.239247e-11,2.579816e-09,2.579816e-11
1.222731e+01,6.212813e-11,2.603119e-09,2.603119e-11
1.223019e+01,6.200438e-11,2.625427e-09,2.625427e-11
1.223308e+01,6.202464e-11,2.646983e-09,2.646983e-11
1.223597e+01,6.216754e-11,2.668052e-09,2.668052e-11
1.223886e+01,6.251683e-11,2.689039e-09,2.689039e-11
1.224175e+01,6.316995e-11,2.710367e-09,2.710367e-11
1.224463e+01,6.409076e-11,2.732379e-09,2.732379e-11
1.224752e+01,6.517551e-11,2.755313e-09,2.755313e-11
1.225041e+01,6.639850e-11,2.779306e-09,2.779306e-11
1.225330e+01,6.776422e-11,2.804268e-09,2.804268e-11
1.225619e+01,6.917545e-11,2.829749e-09,2.829749e-11
1.225907e+01,7.048953e-11,2.854916e-09,2.854916e-11
1.226196e+01,7.166863e-11,2.878700e-09,2.878700e-11
1.226485e+01,7.274306e-11,2.899923e-09,2.899923e-11
1.226774e+01,7.366923e-11,2.917464e-09,2.917464e-11
1.227062e+01,7.436328e-11,2.930479e-09,2.930479e-11
1.227351e+01,7.483996e-11,2.938619e-09,2.938619e-11
1.227640e+01,7.518819e-11,2.942043e-09,2.942043e-11
1.227929e+01,7.543317e-11,2.941265e-09,2.941265e-11
1.228218e+01,7.555064e-11,2.937022e-09,2.937022e-11
1.228506e+01,7.560365e-11,2.930244e-09,2.930244e-11
1.228795e+01,7.573391e-11,2.922000e-09,2.922000e-11
1.229084e+01,7.601782e-11,2.913405e-09,2.913405e-11
1.229373e+01,7.645535e-11,2.905585e-09,2.905585e-11
1.229662e+01,7.709425e-11,2.899684e-09,2.899684e-11
1.229950e+01,7.802544e-11,2.896796e-09,2.896796e-11
1.230239e+01,7.925118e-11,2.897864e-09,2.897864e-11
1.230528e+01,8.067984e-11,2.903767e-09,2.903767e-11
1.230817e+01,8.224792e-11,2.915493e-09,2.915493e-11
1.231105e+01,8.394444e-11,2.934267e-09,2.934267e-11
1.231394e+01,8.571821e-11,2.961642e-09,2.961642e-11
1.231683e+01,8.746609e-11,2.999557e-09,2.999557e-11
1.231972e+01,8.913958e-11,3.050256e-09,3.050256e-11
1.232261e+01,9.077447e-11,3.115961e-09,3.115961e-11
1.232549e+01,9.239091e-11,3.198346e-09,3.198346e-11
1.232838e+01,9.395093e-11,3.298017e-09,3.298017e-11
1.233127e+01,9.543786e-11,3.414157e-09,3.414157e-11
1.233416e+01,9.688935e-11,3.544406e-09,3.544406e-11
1.233705e+01,9.830900e-11,3.684973e-09,3.684973e-11
1.233993e+01,9.962020e-11,3.830983e-09,3.830983e-11
1.234282e+01,1.007556e-10,3.976927e-09,3.976927e-11
1.234571e+01,1.017147e-10,4.117129e-09,4.117129e-11
1.234860e+01,1.024886e-10,4.246142e-09,4.246142e-11
1.235149e+01,1.030117e-10,4.359048e-09,4.359048e-11
1.235437e+01,1.032442e-10,4.451687e-09,4.451687e-11
1.235726e+01,1.032251e-10,4.520819e-09,4.520819e-11
1.236015e+01,1.029874e-10,4.564216e-09,4.564216e-11
1.236304e+01,1.025054e-10,4.580731e-09,4.580731e-11
1.236592e+01,1.017711e-10,4.570330e-09,4.570330e-11
1.236881e+01,1.008439e-10,4.534086e-09,4.534086e-11
1.237170e+01,9.977815e-11,4.474075e-09,4.474075e-11
1.237459e+01,9.856861e-11,4.393265e-09,4.393265e-11
1.237748e+01,9.722911e-11,4.295368e-09,4.295368e-11
1.238036e+01,9.584767e-11,4.184665e-09,4.184665e-11
1.238325e+01,9.450785e-11,4.065767e-09,4.065767e-11
1.238614e+01,9.322723e-11,3.943365e-09,3.943365e-11
1.238903e+01,9.202625e-11,3.821988e-09,3.821988e-11
1.239192e+01,9.098512e-11,3.705790e-09,3.705790e-11
1.239480e+01,9.016578e-11,3.598312e-09,3.598312e-11
1.239769e+01,8.954841e-11,3.502312e-09,3.502312e-11
1.240058e+01,8.910502e-11,3.419672e-09,3.419672e-11
1.240347e+01,8.886300e-11,3.351361e-09,3.351361e-11
1.240636e+01,8.884082e-11,3.297454e-09,3.297454e-11
1.240924e+01,8.898798e-11,3.257244e-09,3.257244e-11
1.241213e+01,8.925122e-11,3.229316e-09,3.229316e-11
1.241502e+01,8.964669e-11,3.211665e-09,3.211665e-11
1.241791e+01,9.019672e-11,3.201893e-09,3.201893e-11
1.242079e+01,9.084832e-11,3.197351e-09,3.197351e-11
1.242368e+01,9.153834e-11,3.195190e-09,3.195190e-11
1.242657e+01,9.227319e-11,3.192521e-09,3.192521e-11
1.242946e+01,9.305532e-11,3.186523e-09,3.186523e-11
1.243235e+01,9.379691e-11,3.174505e-09,3.174505e-11
1.243523e+01,9.439263e-11,3.154013e-09,3.154013e-11
1.243812e+01,9.481703e-11,3.122975e-09,3.122975e-11
1.244101e+01,9.506094e-11,3.079810e-09,3.079810e-11
1.244390e+01,9.503803e-11,3.023573e-09,3.023573e-11
1.244679e+01,9.465655e-11,2.954096e-09,2.954096e-11
1.244967e+01,9.392798e-11,2.872135e-09,2.872135e-11
1.245256e+01,9.290471e-11,2.779353e-09,2.779353e-11
1.245545e+01,9.156283e-11,2.678185e-09,2.678185e-11
1.245834e+01,8.985758e-11,2.571622e-09,2.571622e-11
1.246122e+01,8.784880e-11,2.462964e-09,2.462964e-11
1.246411e+01,8.564026e-11,2.355369e-09,2.355369e-11
1.246700e+01,8.324173e-11,2.251433e-09,2.251433e-11
1.246989e+01,8.062806e-11,2.152916e-09,2.152916e-11
1.247278e+01,7.787875e-11,2.060726e-09,2.060726e-11
1.247566e+01,7.512050e-11,1.974959e-09,1.974959e-11
1.247855e+01,7.237478e-11,1.895045e-09,1.895045e-11
1.248144e+01,6.960351e-11,1.820058e-09,1.820058e-11
1.248433e+01,6.686721e-11,1.749238e-09,1.749238e-11
1.248722e+01,6.427746e-11,1.682231e-09,1.682231e-11
1.249010e+01,6.182570e-11,1.619044e-09,1.619044e-11
1.249299e+01,5.942646e-11,1.560062e-09,1.560062e-11
1.249588e+01,5.710003e-11,1.506213e-09,1.506213e-11
1.249877e+01,5.494459e-11,1.458766e-09,1.458766e-11
1.250166e+01,5.295460e-11,1.419005e-09,1.419005e-11
1.250454e+01,5.104986e-11,1.388022e-09,1.388022e-11
1.250743e+01,4.927175e-11,1.366735e-09,1.366735e-11
1.251032e+01,4.776340e-11,1.355661e-09,1.355661e-11
1.251321e+01,4.655952e-11,1.354511e-09,1.354511e-11
1.251609e+01,4.559228e-11,1.362201e-09,1.362201e-11
1.251898e+01,4.489961e-11,1.377484e-09,1.377484e-11
1.252187e+01,4.461177e-11,1.399285e-09,1.399285e-11
1.252476e+01,4.472697e-11,1.426616e-09,1.426616e-11
1.252765e+01,4.511262e-11,1.458642e-09,1.458642e-11
1.253053e+01,4.573690e-11,1.494936e-09,1.494936e-11
1.253342e+01,4.668137e-11,1.535330e-09,1.535330e-11
1.253631e+01,4.791692e-11,1.579516e-09,1.579516e-11
1.253920e+01,4.929514e-11,1.627166e-09,1.627166e-11
1.254209e+01,5.078770e-11,1.678441e-09,1.678441e-11
1.254497e+01,5.251562e-11,1.734148e-09,1.734148e-11
1.254786e+01,5.450754e-11,1.795283e-09,1.795283e-11
1.255075e+01,5.665053e-11,1.862769e-09,1.862769e-11
1.255364e+01,5.891810e-11,1.937367e-09,1.937367e-11
1.255653e+01,6.141725e-11,2.019372e-09,2.019372e-11
1.255941e+01,6.414799e-11,2.107961e-09,2.107961e-11
1.256230e+01,6.692967e-11,2.201074e-09,2.201074e-11
1.256519e+01,6.963564e-11,2.295749e-09,2.295749e-11
1.256808e+01,7.229179e-11,2.388557e-09,2.388557e-11
1.257096e+01,7.485918e-11,2.475729e-09,2.475729e-11
1.257385e+01,7.713825e-11,2.553605e-09,2.553605e-11
1.257674e+01,7.900332e-11,2.619244e-09,2.619244e-11
1.257963e+01,8.053270e-11,2.670919e-09,2.670919e-11
1.258252e+01,8.178504e-11,2.708018e-09,2.708018e-11
1.258540e+01,8.265942e-11,2.731007e-09,2.731007e-11
1.258829e+01,8.311695e-11,2.741466e-09,2.741466e-11
1.259118e+01,8.332025e-11,2.742050e-09,2.742050e-11
1.259407e+01,8.340980e-11,2.735918e-09,2.735918e-11
1.259696e+01,8.334391e-11,2.726328e-09,2.726328e-11
1.259984e+01,8.310183e-11,2.716388e-09,2.716388e-11
1.260273e+01,8.284189e-11,2.708873e-09,2.708873e-11
1.260562e+01,8.269829e-11,2.705670e-09,2.705670e-11
1.260851e+01,8.261198e-11,2.707534e-09,2.707534e-11
1.261139e+01,8.250961e-11,2.714138e-09,2.714138e-11
1.261428e+01,8.247485e-11,2.724431e-09,2.724431e-11
1.261717e+01,8.258890e-11,2.736773e-09,2.736773e-11
1.262006e+01,8.275794e-11,2.749284e-09,2.749284e-11
1.262295e+01,8.286585e-11,2.760292e-09,2.760292e-11
1.262583e+01,8.296106e-11,2.768794e-09,2.768794e-11
1.262872e+01,8.313022e-11,2.774411e-09,2.774411e-11
1.263161e+01,8.331764e-11,2.777259e-09,2.777259e-11
1.263450e+01,8.344002e-11,2.777774e-09,2.777774e-11
1.263739e+01,8.356538e-11,2.776620e-09,2.776620e-11
1.264027e+01,8.380381e-11,2.774359e-09,2.774359e-11
1.264316e+01,8.411669e-11,2.771178e-09,2.771178e-11
1.264605e+01,8.439920e-11,2.766785e-09,2.766785e-11
1.264894e+01,8.465890e-11,2.760555e-09,2.760555e-11
1.265183e+01,8.494308e-11,2.751516e-09,2.751516e-11
1.265471e+01,8.516400e-11,2.738325e-09,2.738325e-11
1.265760e+01,8.517026e-11,2.719504e-09,2.719504e-11
1.266049e+01,8.493547e-11,2.693933e-09,2.693933e-11
1.266338e+01,8.451579e-11,2.661157e-09,2.661157e-11
1.266626e+01,8.389029e-11,2.621533e-09,2.621533e-11
1.266915e+01,8.300557e-11,2.576338e-09,2.576338e-11
1.267204e+01,8.193093e-11,2.527798e-09,2.527798e-11
1.267493e+01,8.082099e-11,2.478906e-09,2.478906e-11
1.267782e+01,7.975354e-11,2.433134e-09,2.433134e-11
1.268070e+01,7.873830e-11,2.394228e-09,2.394228e-11
1.268359e+01,7.784750e-11,2.366150e-09,2.366150e-11
1.268648e+01,7.719458e-11,2.352930e-09,2.352930e-11
1.268937e+01,7.680128e-11,2.358341e-09,2.358341e-11
1.269226e+01,7.660516e-11,2.385494e-09,2.385494e-11
1.269514e+01,7.658960e-11,2.436405e-09,2.436405e-11
1.269803e+01,7.679481e-11,2.511542e-09,2.511542e-11
1.270092e+01,7.720523e-11,2.609478e-09,2.609478e-11
1.270381e+01,7.774300e-11,2.726842e-09,2.726842e-11
1.270670e+01,7.838074e-11,2.858536e-09,2.858536e-11
1.270958e+01,7.915524e-11,2.998141e-09,2.998141e-11
1.271247e+01,8.005391e-11,3.138390e-09,3.138390e-11
1.271536e+01,8.098842e-11,3.271689e-09,3.271689e-11
1.271825e+01,8.190001e-11,3.390653e-09,3.390653e-11
1.272113e+01,8.278498e-11,3.488573e-09,3.488573e-11
1.272402e+01,8.359722e-11,3.559780e-09,3.559780e-11
1.272691e+01,8.423170e-11,3.599970e-09,3.599970e-11
1.272980e+01,8.462846e-11,3.606465e-09,3.606465e-11
1.273269e+01,8.480462e-11,3.578397e-09,3.578397e-11
1.273557e+01,8.476488e-11,3.516805e-09,3.516805e-11
1.273846e+01,8.447903e-11,3.424692e-09,3.424692e-11
1.274135e+01,8.397063e-11,3.306996e-09,3.306996e-11
1.274424e+01,8.333489e-11,3.170417e-09,3.170417e-11
1.274713e+01,8.265173e-11,3.023045e-09,3.023045e-11
1.275001e+01,8.195683e-11,2.873825e-09,2.873825e-11
1.275290e+01,8.131991e-11,2.731860e-09,2.731860e-11
1.275579e+01,8.086695e-11,2.605657e-09,2.605657e-11
1.275868e+01,8.069310e-11,2.502327e-09,2.502327e-11
1.276157e+01,8.083276e-11,2.426884e-09,2.426884e-11
1.276445e+01,8.132901e-11,2.381786e-09,2.381786e-11
1.276734e+01,8.225067e-11,2.366819e-09,2.366819e-11
1.277023e+01,8.361180e-11,2.379327e-09,2.379327e-11
1.277312e+01,8.534271e-11,2.414879e-09,2.414879e-11
1.277600e+01,8.736282e-11,2.468203e-09,2.468203e-11
1.277889e+01,8.961246e-11,2.534069e-09,2.534069e-11
1.278178e+01,9.200012e-11,2.607937e-09,2.607937e-11
1.278467e+01,9.439116e-11,2.686448e-09,2.686448e-11
1.278756e+01,9.668552e-11,2.767681e-09,2.767681e-11
1.279044e+01,9.885953e-11,2.851108e-09,2.851108e-11
1.279333e+01,1.009040e-10,2.937204e-09,2.937204e-11
1.279622e+01,1.027828e-10,3.026882e-09,3.026882e-11
1.279911e+01,1.044869e-10,3.120882e-09,3.120882e-11
1.280200e+01,1.060610e-10,3.219283e-09,3.219283e-11
1.280488e+01,1.075233e-10,3.321171e-09,3.321171e-11
1.280777e+01,1.088138e-10,3.424597e-09,3.424597e-11
1.281066e+01,1.098682e-10,3.526804e-09,3.526804e-11
1.281355e+01,1.106752e-10,3.624616e-09,3.624616e-11
1.281643e+01,1.112148e-10,3.714923e-09,3.714923e-11
1.281932e+01,1.114215e-10,3.795216e-09,3.795216e-11
1.282221e+01,1.112676e-10,3.863896e-09,3.863896e-11
1.282510e+01,1.108185e-10,3.920293e-09,3.920293e-11
1.282799e+01,1.101540e-10,3.964511e-09,3.964511e-11
1.283087e+01,1.092938e-10,3.997189e-09,3.997189e-11
1.283376e+01,1.082614e-10,4.019233e-09,4.019233e-11
1.283665e+01,1.071446e-10,4.031659e-09,4.031659e-11
1.283954e+01,1.060125e-10,4.035496e-09,4.035496e-11
1.284243e+01,1.048441e-10,4.031817e-09,4.031817e-11
1.284531e+01,1.036198e-10,4.021946e-09,4.021946e-11
1.284820e+01,1.024119e-10,4.007741e-09,4.007741e-11
1.285109e+01,1.013054e-10,3.991641e-09,3.991641e-11
1.285398e+01,1.003088e-10,3.976455e-09,3.976455e-11
1.285687e+01,9.943124e-11,3.964926e-09,3.964926e-11
1.285975e+01,9.876914e-11,3.959153e-09,3.959153e-11
1.286264e+01,9.841415e-11,3.959999e-09,3.959999e-11
1.286553e+01,9.833407e-11,3.966801e-09,3.966801e-11
1.286842e+01,9.845108e-11,3.977491e-09,3.977491e-11
1.287130e+01,9.877013e-11,3.989129e-09,3.989129e-11
1.287419e+01,9.931736e-11,3.998591e-09,3.998591e-11
1.287708e+01,1.000179e-10,4.003343e-09,4.003343e-11
1.287997e+01,1.007756e-10,4.002171e-09,4.002171e-11
1.288286e+01,1.016263e-10,3.995596e-09,3.995596e-11
1.288574e+01,1.026651e-10,3.985631e-09,3.985631e-11
1.288863e+01,1.038747e-10,3.975099e-09,3.975099e-11
1.289152e+01,1.051751e-10,3.966841e-09,3.966841e-11
1.289441e+01,1.065806e-10,3.963093e-09,3.963093e-11
1.289730e+01,1.081370e-10,3.964968e-09,3.964968e-11
1.290018e+01,1.097509e-10,3.972273e-09,3.972273e-11
1.290307e+01,1.112505e-10,3.983826e-09,3.983826e-11
1.290596e+01,1.125857e-10,3.998174e-09,3.998174e-11
1.290885e+01,1.138096e-10,4.014302e-09,4.014302e-11
1.291174e+01,1.149000e-10,4.032081e-09,4.032081e-11
1.291462e+01,1.157758e-10,4.052307e-09,4.052307e-11
1.291751e+01,1.164820e-10,4.076271e-09,4.076271e-11
1.292040e+01,1.171712e-10,4.104928e-09,4.104928e-11
1.292329e+01,1.178800e-10,4.137991e-09,4.137991e-11
1.292617e+01,1.184943e-10,4.173427e-09,4.173427e-11
1.292906e+01,1.189560e-10,4.207513e-09,4.207513e-11
1.293195e+01,1.193062e-10,4.235288e-09,4.235288e-11
1.293484e+01,1.194861e-10,4.251236e-09,4.251236e-11
1.293773e+01,1.193092e-10,4.250351e-09,4.250351e-11
1.294061e+01,1.187004e-10,4.229276e-09,4.229276e-11
1.294350e+01,1.177717e-10,4.186994e-09,4.186994e-11
1.294639e+01,1.166015e-10,4.124741e-09,4.124741e-11
1.294928e+01,1.151434e-10,4.045475e-09,4.045475e-11
1.295217e+01,1.134273e-10,3.953166e-09,3.953166e-11
1.295505e+01,1.116318e-10,3.852000e-09,3.852000e-11
1.295794e+01,1.098508e-10,3.745455e-09,3.745455e-11
1.296083e+01,1.079872e-10,3.635784e-09,3.635784e-11
1.296372e+01,1.059813e-10,3.524127e-09,3.524127e-11
1.296660e+01,1.039432e-10,3.411204e-09,3.411204e-11
1.296949e+01,1.019538e-10,3.298128e-09,3.298128e-11
1.297238e+01,9.995285e-11,3.187288e-09,3.187288e-11
1.297527e+01,9.794813e-11,3.082802e-09,3.082802e-11
1.297816e+01,9.613247e-11,2.990081e-09,2.990081e-11
1.298104e+01,9.466752e-11,2.914241e-09,2.914241e-11
1.298393e+01,9.352095e-11,2.858453e-09,2.858453e-11
1.298682e+01,9.263188e-11,2.822862e-09,2.822862e-11
1.298971e+01,9.205496e-11,2.804538e-09,2.804538e-11
1.299260e+01,9.180014e-11,2.798096e-09,2.798096e-11
1.299548e+01,9.169591e-11,2.797170e-09,2.797170e-11
1.299837e+01,9.156732e-11,2.796334e-09,2.796334e-11
1.300126e+01,9.142385e-11,2.792750e-09,2.792750e-11
1.300415e+01,9.133043e-11,2.786542e-09,2.786542e-11
1.300704e+01,9.123373e-11,2.780204e-09,2.780204e-11
1.300992e+01,9.107818e-11,2.777310e-09,2.777310e-11
1.301281e+01,9.096294e-11,2.781070e-09,2.781070e-11
1.301570e+01,9.100240e-11,2.792887e-09,2.792887e-11
1.301859e+01,9.112895e-11,2.811644e-09,2.811644e-11
1.302147e+01,9.120047e-11,2.833893e-09,2.833893e-11
1.302436e+01,9.119239e-11,2.854831e-09,2.854831e-11
1.302725e+01,9.111688e-11,2.869463e-09,2.869463e-11
1.303014e+01,9.086115e-11,2.873925e-09,2.873925e-11
1.303303e+01,9.029000e-11,2.866539e-09,2.866539e-11
1.303591e+01,8.943725e-11,2.848165e-09,2.848165e-11
1.303880e+01,8.842842e-11,2.821536e-09,2.821536e-11
1.304169e+01,8.728771e-11,2.790116e-09,2.790116e-11
1.304458e+01,8.598721e-11,2.756996e-09,2.756996e-11
1.304747e+01,8.460951e-11,2.724149e-09,2.724149e-11
1.305035e+01,8.328599e-11,2.691995e-09,2.691995e-11
1.305324e+01,8.202249e-11,2.659454e-09,2.659454e-11
1.305613e+01,8.074551e-11,2.624554e-09,2.624554e-11
1.305902e+01,7.948468e-11,2.585487e-09,2.585487e-11
1.306191e+01,7.834900e-11,2.541572e-09,2.541572e-11
1.306479e+01,7.735975e-11,2.493818e-09,2.493818e-11
1.306768e+01,7.647215e-11,2.444931e-09,2.444931e-11
1.307057e+01,7.573014e-11,2.398665e-09,2.398665e-11
1.307346e+01,7.523643e-11,2.358639e-09,2.358639e-11
1.307634e+01,7.497909e-11,2.327116e-09,2.327116e-11
1.307923e+01,7.483289e-11,2.304279e-09,2.304279e-11
1.308212e+01,7.472097e-11,2.288199e-09,2.288199e-11
1.308501e+01,7.462799e-11,2.275345e-09,2.275345e-11
1.308790e+01,7.446363e-11,2.261483e-09,2.261483e-11
1.309078e+01,7.408175e-11,2.242879e-09,2.242879e-11
1.309367e+01,7.344760e-11,2.217391e-09,2.217391e-11
1.309656e+01,7.264682e-11,2.184976e-09,2.184976e-11
1.309945e+01,7.173940e-11,2.147434e-09,2.147434e-11
1.310234e+01,7.074103e-11,2.107640e-09,2.107640e-11
1.310522e+01,6.973664e-11,2.068585e-09,2.068585e-11
1.310811e+01,6.886665e-11,2.032533e-09,2.032533e-11
1.311100e+01,6.818580e-11,2.000511e-09,2.000511e-11
1.311389e+01,6.764938e-11,1.972343e-09,1.972343e-11
1.311677e+01,6.723755e-11,1.947161e-09,1.947161e-11
1.311966e+01,6.697943e-11,1.924141e-09,1.924141e-11
1.312255e+01,6.685446e-11,1.903193e-09,1.903193e-11
1.312544e+01,6.679004e-11,1.885421e-09,1.885421e-11
1.312833e+01,6.677949e-11,1.873047e-09,1.873047e-11
1.313121e+01,6.690203e-11,1.868780e-09,1.868780e-11
1.313410e+01,6.720585e-11,1.874860e-09,1.874860e-11
1.313699e+01,6.767218e-11,1.892290e-09,1.892290e-11
1.313988e+01,6.831288e-11,1.920519e-09,1.920519e-11
1.314277e+01,6.918504e-11,1.957555e-09,1.957555e-11
1.314565e+01,7.027930e-11,2.000353e-09,2.000353e-11
1.314854e+01,7.149787e-11,2.045402e-09,2.045402e-11
1.315143e+01,7.276528e-11,2.089355e-09,2.089355e-11
1.315432e+01,7.406603e-11,2.129550e-09,2.129550e-11
1.315721e+01,7.534897e-11,2.164265e-09,2.164265e-11
1.316009e+01,7.650068e-11,2.192677e-09,2.192677e-11
1.316298e+01,7.745416e-11,2.214609e-09,2.214609e-11
1.316587e+01,7.822293e-11,2.230224e-09,2.230224e-11
1.316876e+01,7.878984e-11,2.239773e-09,2.239773e-11
1.317164e+01,7.907180e-11,2.243523e-09,2.243523e-11
1.317453e+01,7.903716e-11,2.241790e-09,2.241790e-11
1.317742e+01,7.874536e-11,2.235037e-09,2.235037e-11
1.318031e+01,7.823374e-11,2.223898e-09,2.223898e-11
1.318320e+01,7.748530e-11,2.209225e-09,2.209225e-11
1.318608e+01,7.654999e-11,2.192253e-09,2.192253e-11
1.318897e+01,7.557848e-11,2.174805e-09,2.174805e-11
1.319186e+01,7.468784e-11,2.159268e-09,2.159268e-11
1.319475e+01,7.391065e-11,2.148414e-09,2.148414e-11
1.319764e+01,7.330821e-11,2.145218e-09,2.145218e-11
1.320052e+01,7.299683e-11,2.152566e-09,2.152566e-11
1.320341e+01,7.301715e-11,2.172762e-09,2.172762e-11
1.320630e+01,7.329592e-11,2.207275e-09,2.207275e-11
1.320919e+01,7.377772e-11,2.256848e-09,2.256848e-11
1.321208e+01,7.448076e-11,2.321737e-09,2.321737e-11
1.321496e+01,7.538522e-11,2.401919e-09,2.401919e-11
1.321785e+01,7.639484e-11,2.497272e-09,2.497272e-11
1.322074e+01,7.746730e-11,2.607523e-09,2.607523e-11
1.322363e+01,7.866279e-11,2.731883e-09,2.731883e-11
1.322651e+01,8.000808e-11,2.868515e-09,2.868515e-11
1.322940e+01,8.143012e-11,3.014306e-09,3.014306e-11
1.323229e+01,8.286891e-11,3.164919e-09,3.164919e-11
1.323518e+01,8.433151e-11,3.315071e-09,3.315071e-11
1.323807e+01,8.577216e-11,3.458926e-09,3.458926e-11
1.324095e+01,8.703247e-11,3.590603e-09,3.590603e-11
1.324384e+01,8.797008e-11,3.704633e-09,3.704633e-11
1.324673e+01,8.854814e-11,3.796333e-09,3.796333e-11
1.324962e+01,8.873803e-11,3.862030e-09,3.862030e-11
1.325251e+01,8.844509e-11,3.899250e-09,3.899250e-11
1.325539e+01,8.761908e-11,3.906817e-09,3.906817e-11
1.325828e+01,8.634215e-11,3.884896e-09,3.884896e-11
1.326117e+01,8.471616e-11,3.834877e-09,3.834877e-11
1.326406e+01,8.275641e-11,3.759253e-09,3.759253e-11
1.326694e+01,8.048864e-11,3.661491e-09,3.661491e-11
1.326983e+01,7.804615e-11,3.545922e-09,3.545922e-11
1.327272e+01,7.556536e-11,3.417491e-09,3.417491e-11
1.327561e+01,7.307962e-11,3.281494e-09,3.281494e-11
1.327850e+01,7.061399e-11,3.143387e-09,3.143387e-11
1.328138e+01,6.829578e-11,3.008610e-09,3.008610e-11
1.328427e+01,6.626262e-11,2.882235e-09,2.882235e-11
1.328716e+01,6.453822e-11,2.768598e-09,2.768598e-11
1.329005e+01,6.310869e-11,2.670999e-09,2.670999e-11
1.329294e+01,6.204114e-11,2.591560e-09,2.591560e-11
1.329582e+01,6.140669e-11,2.530966e-09,2.530966e-11
1.329871e+01,6.114993e-11,2.488303e-09,2.488303e-11
1.330160e+01,6.115563e-11,2.461133e-09,2.461133e-11
1.330449e+01,6.139259e-11,2.445842e-09,2.445842e-11
1.330738e+01,6.186473e-11,2.437924e-09,2.437924e-11
1.331026e+01,6.247136e-11,2.432295e-09,2.432295e-11
1.331315e+01,6.306086e-11,2.423777e-09,2.423777e-11
1.331604e+01,6.358221e-11,2.407707e-09,2.407707e-11
1.331893e+01,6.404378e-11,2.380227e-09,2.380227e-11
1.332181e+01,6.436242e-11,2.338396e-09,2.338396e-11
1.332470e+01,6.439622e-11,2.280351e-09,2.280351e-11
1.332759e+01,6.410299e-11,2.205550e-09,2.205550e-11
1.333048e+01,6.352396e-11,2.114764e-09,2.114764e-11
1.333337e+01,6.263422e-11,2.009938e-09,2.009938e-11
1.333625e+01,6.136266e-11,1.894191e-09,1.894191e-11
1.333914e+01,5.975416e-11,1.771936e-09,1.771936e-11
1.334203e+01,5.796799e-11,1.648743e-09,1.648743e-11
1.334492e+01,5.611441e-11,1.530771e-09,1.530771e-11
1.334781e+01,5.423542e-11,1.424107e-09,1.424107e-11
1.335069e+01,5.244360e-11,1.334091e-09,1.334091e-11
1.335358e+01,5.092629e-11,1.264448e-09,1.264448e-11
1.335647e+01,4.978525e-11,1.216402e-09,1.216402e-11
1.335936e+01,4.899674e-11,1.188647e-09,1.188647e-11
1.336225e+01,4.855302e-11,1.178275e-09,1.178275e-11
1.336513e+01,4.851380e-11,1.182096e-09,1.182096e-11
1.336802e+01,4.888179e-11,1.197500e-09,1.197500e-11
1.337091e+01,4.955066e-11,1.223009e-09,1.223009e-11
1.337380e+01,5.044010e-11,1.258399e-09,1.258399e-11
1.337668e+01,5.157862e-11,1.304294e-09,1.304294e-11
1.337957e+01,5.297572e-11,1.360973e-09,1.360973e-11
1.338246e+01,5.452286e-11,1.427485e-09,1.427485e-11
1.338535e+01,5.611550e-11,1.501466e-09,1.501466e-11
1.338824e+01,5.775474e-11,1.579456e-09,1.579456e-11
1.339112e+01,5.942344e-11,1.657185e-09,1.657185e-11
1.339401e+01,6.098061e-11,1.730211e-09,1.730211e-11
1.339690e+01,6.228906e-11,1.794614e-09,1.794614e-11
1.339979e+01,6.334549e-11,1.847640e-09,1.847640e-11
1.340268e+01,6.418055e-11,1.887885e-09,1.887885e-11
1.340556e+01,6.473403e-11,1.915328e-09,1.915328e-11
1.340845e+01,6.495430e-11,1.931244e-09,1.931244e-11
1.341134e+01,6.493086e-11,1.938139e-09,1.938139e-11
1.341423e+01,6.479335e-11,1.939271e-09,1.939271e-11
1.341711e+01,6.456014e-11,1.938039e-09,1.938039e-11
1.342000e+01,6.421294e-11,1.937520e-09,1.937520e-11
1.342289e+01,6.383793e-11,1.940160e-09,1.940160e-11
1.342578e+01,6.355001e-11,1.947332e-09,1.947332e-11
1.342867e+01,6.334195e-11,1.959193e-09,1.959193e-11
1.343155e+01,6.315255e-11,1.974854e-09,1.974854e-11
1.343444e+01,6.302109e-11,1.992761e-09,1.992761e-11
1.343733e+01,6.302995e-11,2.010951e-09,2.010951e-11
1.344022e+01,6.314925e-11,2.027287e-09,2.027287e-11
1.344311e+01,6.328353e-11,2.039737e-09,2.039737e-11
1.344599e+01,6.342414e-11,2.046637e-09,2.046637e-11
1.344888e+01,6.361123e-11,2.046652e-09,2.046652e-11
1.345177e+01,6.378231e-11,2.038744e-09,2.038744e-11
1.345466e+01,6.380009e-11,2.022199e-09,2.022199e-11
1.345755e+01,6.361537e-11,1.996616e-09,1.996616e-11
1.346043e+01,6.326505e-11,1.961894e-09,1.961894e-11
1.346332e+01,6.271932e-11,1.918183e-09,1.918183e-11
1.346621e+01,6.188617e-11,1.865901e-09,1.865901e-11
1.346910e+01,6.077356e-11,1.805902e-09,1.805902e-11
1.347198e+01,5.949538e-11,1.739487e-09,1.739487e-11
1.347487e+01,5.810650e-11,1.668174e-09,1.668174e-11
1.347776e+01,5.658051e-11,1.593606e-09,1.593606e-11
1.348065e+01,5.496278e-11,1.517550e-09,1.517550e-11
1.348354e+01,5.338986e-11,1.441758e-09,1.441758e-11
1.348642e+01,5.193240e-11,1.367723e-09,1.367723e-11
1.348931e+01,5.056751e-11,1.296717e-09,1.296717e-11
1.349220e+01,4.933459e-11,1.230017e-09,1.230017e-11
1.349509e+01,4.837378e-11,1.169316e-09,1.169316e-11
1.349798e+01,4.777042e-11,1.117134e-09,1.117134e-11
1.350086e+01,4.750388e-11,1.077279e-09,1.077279e-11
1.350375e+01,4.759379e-11,1.055005e-09,1.055005e-11
1.350664e+01,4.814040e-11,1.056413e-09,1.056413e-11
1.350953e+01,4.916454e-11,1.086734e-09,1.086734e-11
1.351242e+01,5.055105e-11,1.148487e-09,1.148487e-11
1.351530e+01,5.220220e-11,1.240541e-09,1.240541e-11
1.351819e+01,5.410129e-11,1.358553e-09,1.358553e-11
1.352108e+01,5.617667e-11,1.496104e-09,1.496104e-11
1.352397e+01,5.826062e-11,1.646027e-09,1.646027e-11
1.352685e+01,6.024122e-11,1.801347e-09,1.801347e-11
1.352974e+01,6.212755e-11,1.955747e-09,1.955747e-11
1.353263e+01,6.391510e-11,2.103639e-09,2.103639e-11
1.353552e+01,6.552060e-11,2.240264e-09,2.240264e-11
1.353841e+01,6.691198e-11,2.361814e-09,2.361814e-11
1.354129e+01,6.816265e-11,2.465560e-09,2.465560e-11
1.354418e+01,6.931027e-11,2.549878e-09,2.549878e-11
1.354707e+01,7.029225e-11,2.614296e-09,2.614296e-11
1.354996e+01,7.108190e-11,2.659493e-09,2.659493e-11
1.355285e+01,7.175629e-11,2.687249e-09,2.687249e-11
1.355573e+01,7.236447e-11,2.700253e-09,2.700253e-11
1.355862e+01,7.287066e-11,2.701954e-09,2.701954e-11
1.356151e+01,7.329309e-11,2.696410e-09,2.696410e-11
1.356440e+01,7.375827e-11,2.688064e-09,2.688064e-11
1.356728e+01,7.435918e-11,2.681428e-09,2.681428e-11
1.357017e+01,7.508826e-11,2.680800e-09,2.680800e-11
1.357306e+01,7.596249e-11,2.689946e-09,2.689946e-11
1.357595e+01,7.706986e-11,2.711854e-09,2.711854e-11
1.357884e+01,7.843027e-11,2.748485e-09,2.748485e-11
1.358172e+01,7.994317e-11,2.800642e-09,2.800642e-11
1.358461e+01,8.152462e-11,2.867998e-09,2.867998e-11
1.358750e+01,8.316944e-11,2.949236e-09,2.949236e-11
1.359039e+01,8.482783e-11,3.042187e-09,3.042187e-11
1.359328e+01,8.636066e-11,3.144033e-09,3.144033e-11
1.359616e+01,8.767958e-11,3.251490e-09,3.251490e-11
1.359905e+01,8.880679e-11,3.360925e-09,3.360925e-11
1.360194e+01,8.974013e-11,3.468371e-09,3.468371e-11
1.360483e+01,9.039189e-11,3.569644e-09,3.569644e-11
1.360772e+01,9.072440e-11,3.660528e-09,3.660528e-11
1.361060e+01,9.080685e-11,3.736989e-09,3.736989e-11
1.361349e+01,9.067896e-11,3.795319e-09,3.795319e-11
1.361638e+01,9.028741e-11,3.832318e-09,3.832318e-11
1.361927e+01,8.961924e-11,3.845498e-09,3.845498e-11
1.362215e+01,8.877198e-11,3.833309e-09,3.833309e-11
1.362504e+01,8.781521e-11,3.795186e-09,3.795186e-11
1.362793e+01,8.670662e-11,3.731487e-09,3.731487e-11
1.363082e+01,8.542931e-11,3.643382e-09,3.643382e-11
1.363371e+01,8.407277e-11,3.532749e-09,3.532749e-11
1.363659e+01,8.267911e-11,3.401988e-09,3.401988e-11
1.363948e+01,8.116105e-11,3.253957e-09,3.253957e-11
1.364237e+01,7.946597e-11,3.092067e-09,3.092067e-11
1.364526e+01,7.766953e-11,2.920414e-09,2.920414e-11
1.364815e+01,7.582177e-11,2.743705e-09,2.743705e-11
1.365103e+01,7.386797e-11,2.567125e-09,2.567125e-11
1.365392e+01,7.181749e-11,2.396171e-09,2.396171e-11
1.365681e+01,6.982268e-11,2.236397e-09,2.236397e-11
1.365970e+01,6.800590e-11,2.092799e-09,2.092799e-11
1.366259e+01,6.635874e-11,1.969214e-09,1.969214e-11
1.366547e+01,6.488516e-11,1.867909e-09,1.867909e-11
1.366836e+01,6.368217e-11,1.789383e-09,1.789383e-11
1.367125e+01,6.277838e-11,1.732019e-09,1.732019e-11
1.367414e+01,6.203694e-11,1.692079e-09,1.692079e-11
1.367702e+01,6.131494e-11,1.664196e-09,1.664196e-11
1.367991e+01,6.058727e-11,1.642254e-09,1.642254e-11
1.368280e+01,5.981980e-11,1.620137e-09,1.620137e-11
1.368569e+01,5.887402e-11,1.592699e-09,1.592699e-11
1.368858e+01,5.766305e-11,1.556740e-09,1.556740e-11
1.369146e+01,5.627368e-11,1.511649e-09,1.511649e-11
1.369435e+01,5.482351e-11,1.459092e-09,1.459092e-11
1.369724e+01,5.332341e-11,1.402339e-09,1.402339e-11
1.370013e+01,5.179066e-11,1.345554e-09,1.345554e-11
1.370302e+01,5.036188e-11,1.293110e-09,1.293110e-11
1.370590e+01,4.915814e-11,1.248398e-09,1.248398e-11
1.370879e+01,4.814265e-11,1.213016e-09,1.213016e-11
1.371168e+01,4.723892e-11,1.186779e-09,1.186779e-11
1.371457e+01,4.648665e-11,1.168604e-09,1.168604e-11
1.371746e+01,4.594852e-11,1.157235e-09,1.157235e-11
1.372034e+01,4.556790e-11,1.151923e-09,1.151923e-11
1.372323e+01,4.527026e-11,1.152842e-09,1.152842e-11
1.372612e+01,4.512172e-11,1.161162e-09,1.161162e-11
1.372901e+01,4.523245e-11,1.178073e-09,1.178073e-11
1.373189e+01,4.558091e-11,1.203772e-09,1.203772e-11
1.373478e+01,4.608415e-11,1.237171e-09,1.237171e-11
1.373767e+01,4.675786e-11,1.276307e-09,1.276307e-11
1.374056e+01,4.765339e-11,1.318568e-09,1.318568e-11
1.374345e+01,4.869775e-11,1.361217e-09,1.361217e-11
1.374633e+01,4.975350e-11,1.402349e-09,1.402349e-11
1.374922e+01,5.080219e-11,1.441741e-09,1.441741e-11
1.375211e+01,5.191530e-11,1.480744e-09,1.480744e-11
1.375500e+01,5.307916e-11,1.521475e-09,1.521475e-11
1.375789e+01,5.420645e-11,1.565902e-09,1.565902e-11
1.376077e+01,5.530608e-11,1.615179e-09,1.615179e-11
1.376366e+01,5.647288e-11,1.669181e-09,1.669181e-11
1.376655e+01,5.770165e-11,1.726337e-09,1.726337e-11
1.376944e+01,5.888156e-11,1.784036e-09,1.784036e-11
1.377232e+01,5.998280e-11,1.839440e-09,1.839440e-11
1.377521e+01,6.108707e-11,1.890257e-09,1.890257e-11
1.377810e+01,6.222592e-11,1.935240e-09,1.935240e-11
1.378099e+01,6.334757e-11,1.974531e-09,1.974531e-11
1.378388e+01,6.447140e-11,2.009685e-09,2.009685e-11
1.378676e+01,6.572884e-11,2.043262e-09,2.043262e-11
1.378965e+01,6.719119e-11,2.077873e-09,2.077873e-11
1.379254e+01,6.878616e-11,2.115309e-09,2.115309e-11
1.379543e+01,7.043639e-11,2.155994e-09,2.155994e-11
1.379832e+01,7.213632e-11,2.198762e-09,2.198762e-11
1.380120e+01,7.382754e-11,2.240838e-09,2.240838e-11
1.380409e+01,7.533115e-11,2.278463e-09,2.278463e-11
1.380698e+01,7.649847e-11,2.307994e-09,2.307994e-11
1.380987e+01,7.732973e-11,2.327149e-09,2.327149e-11
1.381276e+01,7.787302e-11,2.335706e-09,2.335706e-11
1.381564e+01,7.812276e-11,2.335699e-09,2.335699e-11
1.381853e+01,7.810625e-11,2.330987e-09,2.330987e-11
1.382142e+01,7.797638e-11,2.326334e-09,2.326334e-11
1.382431e+01,7.790634e-11,2.326197e-09,2.326197e-11
1.382719e+01,7.794679e-11,2.333690e-09,2.333690e-11
1.383008e+01,7.807932e-11,2.350011e-09,2.350011e-11
1.383297e+01,7.834348e-11,2.374594e-09,2.374594e-11
1.383586e+01,7.879510e-11,2.405702e-09,2.405702e-11
1.383875e+01,7.938194e-11,2.441235e-09,2.441235e-11
1.384163e+01,7.999768e-11,2.479572e-09,2.479572e-11
1.384452e+01,8.063951e-11,2.520154e-09,2.520154e-11
1.384741e+01,8.138404e-11,2.563453e-09,2.563453e-11
1.385030e+01,8.224027e-11,2.610504e-09,2.610504e-11
1.385319e+01,8.316155e-11,2.662319e-09,2.662319e-11
1.385607e+01,8.417878e-11,2.719449e-09,2.719449e-11
1.385896e+01,8.537954e-11,2.781670e-09,2.781670e-11
1.386185e+01,8.676242e-11,2.847905e-09,2.847905e-11
1.386474e+01,8.824105e-11,2.916586e-09,2.916586e-11
1.386763e+01,8.978812e-11,2.986332e-09,2.986332e-11
1.387051e+01,9.144917e-11,3.056554e-09,3.056554e-11
1.387340e+01,9.321437e-11,3.127752e-09,3.127752e-11
1.387629e+01,9.500739e-11,3.201521e-09,3.201521e-11
1.387918e+01,9.681408e-11,3.280179e-09,3.280179e-11
1.388206e+01,9.869456e-11,3.366136e-09,3.366136e-11
1.388495e+01,1.006462e-10,3.461189e-09,3.461189e-11
1.388784e+01,1.025792e-10,3.566087e-09,3.566087e-11
1.389073e+01,1.044408e-10,3.680372e-09,3.680372e-11
1.389362e+01,1.062432e-10,3.802432e-09,3.802432e-11
1.389650e+01,1.079564e-10,3.929723e-09,3.929723e-11
1.389939e+01,1.094935e-10,4.059139e-09,4.059139e-11
1.390228e+01,1.108256e-10,4.187346e-09,4.187346e-11
1.390517e+01,1.120102e-10,4.310954e-09,4.310954e-11
1.390806e+01,1.130830e-10,4.426524e-09,4.426524e-11
1.391094e+01,1.140102e-10,4.530547e-09,4.530547e-11
1.391383e+01,1.147760e-10,4.619440e-09,4.619440e-11
1.391672e+01,1.154150e-10,4.689641e-09,4.689641e-11
1.391961e+01,1.159089e-10,4.737787e-09,4.737787e-11
1.392249e+01,1.161450e-10,4.761001e-09,4.761001e-11
1.392538e+01,1.160331e-10,4.757223e-09,4.757223e-11
1.392827e+01,1.155718e-10,4.725556e-09,4.725556e-11
1.393116e+01,1.147552e-10,4.666504e-09,4.666504e-11
1.393405e+01,1.135360e-10,4.582115e-09,4.582115e-11
1.393693e+01,1.119380e-10,4.475929e-09,4.475929e-11
1.393982e+01,1.100934e-10,4.352762e-09,4.352762e-11
1.394271e+01,1.081262e-10,4.218318e-09,4.218318e-11
1.394560e+01,1.060948e-10,4.078730e-09,4.078730e-11
1.394849e+01,1.040788e-10,3.940074e-09,3.940074e-11
1.395137e+01,1.022186e-10,3.807990e-09,3.807990e-11
1.395426e+01,1.006091e-10,3.687361e-09,3.687361e-11
1.395715e+01,9.925125e-11,3.582085e-09,3.582085e-11
1.396004e+01,9.815981e-11,3.495009e-09,3.495009e-11
1.396293e+01,9.741855e-11,3.427972e-09,3.427972e-11
1.396581e+01,9.707438e-11,3.381768e-09,3.381768e-11
1.396870e+01,9.708211e-11,3.356077e-09,3.356077e-11
1.397159e+01,9.741329e-11,3.349445e-09,3.349445e-11
1.397448e+01,9.810367e-11,3.359308e-09,3.359308e-11
1.397736e+01,9.913385e-11,3.382022e-09,3.382022e-11
1.398025e+01,1.003751e-10,3.413085e-09,3.413085e-11
1.398314e+01,1.017126e-10,3.447548e-09,3.447548e-11
1.398603e+01,1.031104e-10,3.480450e-09,3.480450e-11
1.398892e+01,1.044984e-10,3.507180e-09,3.507180e-11
1.399180e+01,1.057224e-10,3.523813e-09,3.523813e-11
1.399469e+01,1.066766e-10,3.527383e-09,3.527383e-11
1.399758e+01,1.073710e-10,3.516033e-09,3.516033e-11
1.400047e+01,1.077978e-10,3.489010e-09,3.489010e-11
1.400336e+01,1.078617e-10,3.446610e-09,3.446610e-11
1.400624e+01,1.075158e-10,3.390119e-09,3.390119e-11
1.400913e+01,1.068244e-10,3.321741e-09,3.321741e-11
1.401202e+01,1.058176e-10,3.244383e-09,3.244383e-11
1.401491e+01,1.044302e-10,3.161462e-09,3.161462e-11
1.401780e+01,1.026555e-10,3.076704e-09,3.076704e-11
1.402068e+01,1.006105e-10,2.993884e-09,2.993884e-11
1.402357e+01,9.838930e-11,2.916395e-09,2.916395e-11
1.402646e+01,9.599778e-11,2.846839e-09,2.846839e-11
1.402935e+01,9.348797e-11,2.786676e-09,2.786676e-11
1.403223e+01,9.102115e-11,2.736046e-09,2.736046e-11
1.403512e+01,8.871923e-11,2.693751e-09,2.693751e-11
1.403801e+01,8.657408e-11,2.657556e-09,2.657556e-11
1.404090e+01,8.458391e-11,2.624688e-09,2.624688e-11
1.404379e+01,8.284713e-11,2.592459e-09,2.592459e-11
1.404667e+01,8.142562e-11,2.558689e-09,2.558689e-11
1.404956e+01,8.024498e-11,2.522018e-09,2.522018e-11
1.405245e+01,7.924195e-11,2.482072e-09,2.482072e-11
1.405534e+01,7.848270e-11,2.439538e-09,2.439538e-11
1.405823e+01,7.801806e-11,2.395830e-09,2.395830e-11
1.406111e+01,7.775824e-11,2.352679e-09,2.352679e-11
1.406400e+01,7.761532e-11,2.311853e-09,2.311853e-11
1.406689e+01,7.763281e-11,2.275047e-09,2.275047e-11
1.406978e+01,7.784250e-11,2.243529e-09,2.243529e-11
1.407266e+01,7.812656e-11,2.217989e-09,2.217989e-11
1.407555e+01,7.836433e-11,2.198621e-09,2.198621e-11
1.407844e+01,7.859309e-11,2.185410e-09,2.185410e-11
1.408133e+01,7.887754e-11,2.178102e-09,2.178102e-11
1.408422e+01,7.914835e-11,2.176244e-09,2.176244e-11
1.408710e+01,7.933417e-11,2.179284e-09,2.179284e-11
1.408999e+01,7.953248e-11,2.186804e-09,2.186804e-11
1.409288e+01,7.987321e-11,2.198331e-09,2.198331e-11
1.409577e+01,8.032409e-11,2.213191e-09,2.213191e-11
1.409866e+01,8.080440e-11,2.230607e-09,2.230607e-11
1.410154e+01,8.137012e-11,2.250000e-09,2.250000e-11
1.410443e+01,8.210339e-11,2.270863e-09,2.270863e-11
1.410732e+01,8.292338e-11,2.292709e-09,2.292709e-11
1.411021e+01,8.369165e-11,2.315186e-09,2.315186e-11
1.411310e+01,8.442171e-11,2.338340e-09,2.338340e-11
1.411598e+01,8.520142e-11,2.362425e-09,2.362425e-11
1.411887e+01,8.598890e-11,2.387582e-09,2.387582e-11
1.412176e+01,8.667911e-11,2.413555e-09,2.413555e-11
1.412465e+01,8.730550e-11,2.439573e-09,2.439573e-11
1.412753e+01,8.797559e-11,2.464064e-09,2.464064e-11
1.413042e+01,8.864948e-11,2.484550e-09,2.484550e-11
1.413331e+01,8.917536e-11,2.497936e-09,2.497936e-11
1.413620e+01,8.951126e-11,2.501151e-09,2.501151e-11
1.413909e+01,8.970800e-11,2.491689e-09,2.491689e-11
1.414197e+01,8.969692e-11,2.467985e-09,2.467985e-11
1.414486e+01,8.931975e-11,2.429821e-09,2.429821e-11
1.414775e+01,8.855751e-11,2.378695e-09,2.378695e-11
1.415064e+01,8.752886e-11,2.317746e-09,2.317746e-11
1.415353e+01,8.627525e-11,2.251209e-09,2.251209e-11
1.415641e+01,8.474079e-11,2.183877e-09,2.183877e-11
1.415930e+01,8.297247e-11,2.120636e-09,2.120636e-11
1.416219e+01,8.113760e-11,2.065807e-09,2.065807e-11
1.416508e+01,7.931510e-11,2.022267e-09,2.022267e-11
1.416797e+01,7.745424e-11,1.990978e-09,1.990978e-11
1.417085e+01,7.557195e-11,1.971171e-09,1.971171e-11
1.417374e+01,7.381089e-11,1.960948e-09,1.960948e-11
1.417663e+01,7.224920e-11,1.957880e-09,1.957880e-11
1.417952e+01,7.083437e-11,1.959845e-09,1.959845e-11
1.418240e+01,6.956707e-11,1.965783e-09,1.965783e-11
1.418529e+01,6.856860e-11,1.976000e-09,1.976000e-11
1.418818e+01,6.789381e-11,1.991775e-09,1.991775e-11
1.419107e+01,6.744790e-11,2.014881e-09,2.014881e-11
1.419396e+01,6.715626e-11,2.047132e-09,2.047132e-11
1.419684e+01,6.705695e-11,2.089875e-09,2.089875e-11
1.419973e+01,6.715246e-11,2.143259e-09,2.143259e-11
1.420262e+01,6.731912e-11,2.206012e-09,2.206012e-11
1.420551e+01,6.746361e-11,2.275765e-09,2.275765e-11
1.420840e+01,6.763550e-11,2.349579e-09,2.349579e-11
1.421128e+01,6.788380e-11,2.424253e-09,2.424253e-11
1.421417e+01,6.813579e-11,2.496687e-09,2.496687e-11
1.421706e+01,6.832382e-11,2.564247e-09,2.564247e-11
1.421995e+01,6.850166e-11,2.625103e-09,2.625103e-11
1.422283e+01,6.871124e-11,2.678212e-09,2.678212e-11
1.422572e+01,6.886042e-11,2.723299e-09,2.723299e-11
1.422861e+01,6.885891e-11,2.760913e-09,2.760913e-11
1.423150e+01,6.875242e-11,2.792461e-09,2.792461e-11
1.423439e+01,6.861676e-11,2.820043e-09,2.820043e-11
1.423727e+01,6.844476e-11,2.846369e-09,2.846369e-11
1.424016e+01,6.825396e-11,2.874676e-09,2.874676e-11
1.424305e+01,6.820323e-11,2.908559e-09,2.908559e-11
1.424594e+01,6.847919e-11,2.951505e-09,2.951505e-11
1.424883e+01,6.915040e-11,3.006385e-09,3.006385e-11
1.425171e+01,7.023791e-11,3.075084e-09,3.075084e-11
1.425460e+01,7.182317e-11,3.158297e-09,3.158297e-11
1.425749e+01,7.395797e-11,3.255329e-09,3.255329e-11
1.426038e+01,7.654363e-11,3.364064e-09,3.364064e-11
1.426327e+01,7.941276e-11,3.481143e-09,3.481143e-11
1.426615e+01,8.246541e-11,3.602321e-09,3.602321e-11
1.426904e+01,8.562571e-11,3.722810e-09,3.722810e-11
1.427193e+01,8.874217e-11,3.837613e-09,3.837613e-11
1.427482e+01,9.164732e-11,3.941818e-09,3.941818e-11
1.427770e+01,9.427578e-11,4.030895e-09,4.030895e-11
1.428059e+01,9.662780e-11,4.100980e-09,4.100980e-11
1.428348e+01,9.864836e-11,4.149150e-09,4.149150e-11
1.428637e+01,1.002501e-10,4.173634e-09,4.173634e-11
1.428926e+01,1.014353e-10,4.173940e-09,4.173940e-11
1.429214e+01,1.022724e-10,4.150788e-09,4.150788e-11
1.429503e+01,1.027665e-10,4.105926e-09,4.105926e-11
1.429792e+01,1.028869e-10,4.041968e-09,4.041968e-11
1.430081e+01,1.026929e-10,3.962286e-09,3.962286e-11
1.430370e+01,1.022986e-10,3.870772e-09,3.870772e-11
1.430658e+01,1.017421e-10,3.771493e-09,3.771493e-11
1.430947e+01,1.010041e-10,3.668327e-09,3.668327e-11
1.431236e+01,1.001198e-10,3.564652e-09,3.564652e-11
1.431525e+01,9.915453e-11,3.463146e-09,3.463146e-11
1.431814e+01,9.809654e-11,3.365761e-09,3.365761e-11
1.432102e+01,9.688643e-11,3.273850e-09,3.273850e-11
1.432391e+01,9.553489e-11,3.188369e-09,3.188369e-11
1.432680e+01,9.411567e-11,3.109996e-09,3.109996e-11
1.432969e+01,9.266362e-11,3.039126e-09,3.039126e-11
1.433257e+01,9.117900e-11,2.975814e-09,2.975814e-11
1.433546e+01,8.972362e-11,2.919687e-09,2.919687e-11
1.433835e+01,8.840006e-11,2.869888e-09,2.869888e-11
1.434124e+01,8.723074e-11,2.825161e-09,2.825161e-11
1.434413e+01,8.615810e-11,2.784050e-09,2.784050e-11
1.434701e+01,8.515372e-11,2.745112e-09,2.745112e-11
1.434990e+01,8.422157e-11,2.707136e-09,2.707136e-11
1.435279e+01,8.330344e-11,2.669266e-09,2.669266e-11
1.435568e+01,8.229661e-11,2.631041e-09,2.631041e-11
1.435857e+01,8.117643e-11,2.592459e-09,2.592459e-11
1.436145e+01,8.000731e-11,2.554007e-09,2.554007e-11
1.436434e+01,7.883096e-11,2.516516e-09,2.516516e-11
1.436723e+01,7.765050e-11,2.480949e-09,2.480949e-11
1.437012e+01,7.653049e-11,2.448218e-09,2.448218e-11
1.437300e+01,7.559469e-11,2.419027e-09,2.419027e-11
1.437589e+01,7.489934e-11,2.393639e-09,2.393639e-11
1.437878e+01,7.440737e-11,2.371733e-09,2.371733e-11
1.438167e+01,7.410550e-11,2.352416e-09,2.352416e-11
1.438456e+01,7.402801e-11,2.334287e-09,2.334287e-11
1.438744e+01,7.414144e-11,2.315549e-09,2.315549e-11
1.439033e+01,7.433584e-11,2.294397e-09,2.294397e-11
1.439322e+01,7.455419e-11,2.269579e-09,2.269579e-11
1.439611e+01,7.482135e-11,2.240878e-09,2.240878e-11
1.439900e+01,7.513102e-11,2.209407e-09,2.209407e-11
1.440188e+01,7.541703e-11,2.177788e-09,2.177788e-11
1.440477e+01,7.566861e-11,2.149993e-09,2.149993e-11
1.440766e+01,7.596528e-11,2.130760e-09,2.130760e-11
1.441055e+01,7.636045e-11,2.124643e-09,2.124643e-11
1.441344e+01,7.682824e-11,2.135009e-09,2.135009e-11
1.441632e+01,7.736786e-11,2.163256e-09,2.163256e-11
1.441921e+01,7.806133e-11,2.208569e-09,2.208569e-11
1.442210e+01,7.895729e-11,2.268122e-09,2.268122e-11
1.442499e+01,7.999139e-11,2.337734e-09,2.337734e-11
1.442787e+01,8.109773e-11,2.412702e-09,2.412702e-11
1.443076e+01,8.229245e-11,2.488503e-09,2.488503e-11
1.443365e+01,8.356299e-11,2.561149e-09,2.561149e-11
1.443654e+01,8.478793e-11,2.627437e-09,2.627437e-11
1.443943e+01,8.585858e-11,2.685118e-09,2.685118e-11
1.444231e+01,8.678290e-11,2.733024e-09,2.733024e-11
1.444520e+01,8.758551e-11,2.771020e-09,2.771020e-11
1.444809e+01,8.820910e-11,2.799870e-09,2.799870e-11
1.445098e+01,8.861754e-11,2.821046e-09,2.821046e-11
1.445387e+01,8.890213e-11,2.836566e-09,2.836566e-11
1.445675e+01,8.917468e-11,2.848666e-09,2.848666e-11
1.445964e+01,8.943817e-11,2.859533e-09,2.859533e-11
1.446253e+01,8.967366e-11,2.871199e-09,2.871199e-11
1.446542e+01,8.996500e-11,2.885540e-09,2.885540e-11
1.446831e+01,9.040520e-11,2.904135e-09,2.904135e-11
1.447119e+01,9.096140e-11,2.928198e-09,2.928198e-11
1.447408e+01,9.156600e-11,2.958599e-09,2.958599e-11
1.447697e+01,9.225651e-11,2.995947e-09,2.995947e-11
1.447986e+01,9.309790e-11,3.040532e-09,3.040532e-11
1.448274e+01,9.404367e-11,3.092285e-09,3.092285e-11
1.448563e+01,9.500548e-11,3.150776e-09,3.150776e-11
1.448852e+01,9.599594e-11,3.215291e-09,3.215291e-11
1.449141e+01,9.706772e-11,3.284741e-09,3.284741e-11
1.449430e+01,9.816747e-11,3.357577e-09,3.357577e-11
1.449718e+01,9.918755e-11,3.431869e-09,3.431869e-11
1.450007e+01,1.001226e-10,3.505512e-09,3.505512e-11
1.450296e+01,1.010281e-10,3.576334e-09,3.576334e-11
1.450585e+01,1.018585e-10,3.642209e-09,3.642209e-11
1.450874e+01,1.025053e-10,3.701239e-09,3.701239e-11
1.451162e+01,1.029635e-10,3.751991e-09,3.751991e-11
1.451451e+01,1.032999e-10,3.793575e-09,3.793575e-11
1.451740e+01,1.034853e-10,3.825655e-09,3.825655e-11
1.452029e+01,1.034180e-10,3.848490e-09,3.848490e-11
1.452318e+01,1.031002e-10,3.863015e-09,3.863015e-11
1.452606e+01,1.026311e-10,3.870762e-09,3.870762e-11
1.452895e+01,1.020320e-10,3.873671e-09,3.873671e-11
1.453184e+01,1.012415e-10,3.873893e-09,3.873893e-11
1.453473e+01,1.002955e-10,3.873621e-09,3.873621e-11
1.453761e+01,9.933937e-11,3.874831e-09,3.874831e-11
1.454050e+01,9.842871e-11,3.878992e-09,3.878992e-11
1.454339e+01,9.749986e-11,3.886920e-09,3.886920e-11
1.454628e+01,9.656935e-11,3.898864e-09,3.898864e-11
1.454917e+01,9.576395e-11,3.914641e-09,3.914641e-11
1.455205e+01,9.511700e-11,3.933743e-09,3.933743e-11
1.455494e+01,9.454054e-11,3.955567e-09,3.955567e-11
1.455783e+01,9.403506e-11,3.979710e-09,3.979710e-11
1.456072e+01,9.373021e-11,4.006115e-09,4.006115e-11
1.456361e+01,9.368234e-11,4.034967e-09,4.034967e-11
1.456649e+01,9.381714e-11,4.066597e-09,4.066597e-11
1.456938e+01,9.412137e-11,4.101416e-09,4.101416e-11
1.457227e+01,9.470009e-11,4.139751e-09,4.139751e-11
1.457516e+01,9.557218e-11,4.181494e-09,4.181494e-11
1.457804e+01,9.658804e-11,4.225899e-09,4.225899e-11
1.458093e+01,9.762451e-11,4.271550e-09,4.271550e-11
1.458382e+01,9.868679e-11,4.316400e-09,4.316400e-11
1.458671e+01,9.972459e-11,4.357740e-09,4.357740e-11
1.458960e+01,1.005376e-10,4.392388e-09,4.392388e-11
1.459248e+01,1.009826e-10,4.417076e-09,4.417076e-11
1.459537e+01,1.010927e-10,4.428863e-09,4.428863e-11
1.459826e+01,1.008906e-10,4.425320e-09,4.425320e-11
1.460115e+01,1.002743e-10,4.404746e-09,4.404746e-11
1.460404e+01,9.919622e-11,4.366363e-09,4.366363e-11
1.460692e+01,9.778039e-11,4.310435e-09,4.310435e-11
1.460981e+01,9.614392e-11,4.238080e-09,4.238080e-11
1.461270e+01,9.426077e-11,4.151104e-09,4.151104e-11
1.461559e+01,9.212345e-11,4.051870e-09,4.051870e-11
1.461848e+01,8.988049e-11,3.943197e-09,3.943197e-11
1.462136e+01,8.767465e-11,3.828038e-09,3.828038e-11
1.462425e+01,8.549245e-11,3.709237e-09,3.709237e-11
1.462714e+01,8.330897e-11,3.589376e-09,3.589376e-11
1.463003e+01,8.123646e-11,3.470717e-09,3.470717e-11
1.463291e+01,7.938005e-11,3.354992e-09,3.354992e-11
1.463580e+01,7.768052e-11,3.243301e-09,3.243301e-11
1.463869e+01,7.604904e-11,3.136165e-09,3.136165e-11
1.464158e+01,7.452774e-11,3.033721e-09,3.033721e-11
1.464447e+01,7.317312e-11,2.935795e-09,2.935795e-11
1.464735e+01,7.190416e-11,2.842032e-09,2.842032e-11
1.465024e+01,7.061897e-11,2.752044e-09,2.752044e-11
1.465313e+01,6.935313e-11,2.665550e-09,2.665550e-11
1.465602e+01,6.817564e-11,2.582243e-09,2.582243e-11
1.465891e+01,6.702946e-11,2.501665e-09,2.501665e-11
1.466179e+01,6.582291e-11,2.423178e-09,2.423178e-11
1.466468e+01,6.459338e-11,2.346130e-09,2.346130e-11
1.466757e+01,6.342243e-11,2.269937e-09,2.269937e-11
1.467046e+01,6.227627e-11,2.194212e-09,2.194212e-11
1.467335e+01,6.109749e-11,2.118957e-09,2.118957e-11
1.467623e+01,5.996860e-11,2.044799e-09,2.044799e-11
1.467912e+01,5.903098e-11,1.972923e-09,1.972923e-11
1.468201e+01,5.832058e-11,1.904923e-09,1.904923e-11
1.468490e+01,5.782970e-11,1.842652e-09,1.842652e-11
1.468778e+01,5.765034e-11,1.788119e-09,1.788119e-11
1.469067e+01,5.789493e-11,1.743175e-09,1.743175e-11
1.469356e+01,5.853995e-11,1.709179e-09,1.709179e-11
1.469645e+01,5.948766e-11,1.686750e-09,1.686750e-11
1.469934e+01,6.071498e-11,1.675774e-09,1.675774e-11
1.470222e+01,6.222870e-11,1.675512e-09,1.675512e-11
1.470511e+01,6.393660e-11,1.684960e-09,1.684960e-11
1.470800e+01,6.570756e-11,1.703359e-09,1.703359e-11
1.471089e+01,6.751339e-11,1.730569e-09,1.730569e-11
1.471378e+01,6.938450e-11,1.766961e-09,1.766961e-11
1.471666e+01,7.127264e-11,1.812959e-09,1.812959e-11
1.471955e+01,7.308856e-11,1.868498e-09,1.868498e-11
1.472244e+01,7.482899e-11,1.932637e-09,1.932637e-11
1.472533e+01,7.653221e-11,2.003334e-09,2.003334e-11
1.472821e+01,7.815591e-11,2.077563e-09,2.077563e-11
1.473110e+01,7.961795e-11,2.151817e-09,2.151817e-11
1.473399e+01,8.092028e-11,2.222761e-09,2.222761e-11
1.473688e+01,8.212259e-11,2.287756e-09,2.287756e-11
1.473977e+01,8.322878e-11,2.345202e-09,2.345202e-11
1.474265e+01,8.420741e-11,2.394656e-09,2.394656e-11
1.474554e+01,8.509666e-11,2.436735e-09,2.436735e-11
1.474843e+01,8.598198e-11,2.472844e-09,2.472844e-11
1.475132e+01,8.687661e-11,2.504886e-09,2.504886e-11
1.475421e+01,8.773298e-11,2.535023e-09,2.535023e-11
1.475709e+01,8.856124e-11,2.565594e-09,2.565594e-11
1.475998e+01,8.942220e-11,2.599132e-09,2.599132e-11
1.476287e+01,9.032100e-11,2.638492e-09,2.638492e-11
1.476576e+01,9.122646e-11,2.687041e-09,2.687041e-11
1.476865e+01,9.218376e-11,2.748735e-09,2.748735e-11
1.477153e+01,9.329650e-11,2.827779e-09,2.827779e-11
1.477442e+01,9.460791e-11,2.927932e-09,2.927932e-11
1.477731e+01,9.609187e-11,3.051647e-09,3.051647e-11
1.478020e+01,9.774547e-11,3.199354e-09,3.199354e-11
1.478308e+01,9.958800e-11,3.369099e-09,3.369099e-11
1.478597e+01,1.015542e-10,3.556625e-09,3.556625e-11
1.478886e+01,1.034932e-10,3.755825e-09,3.755825e-11
1.479175e+01,1.052967e-10,3.959414e-09,3.959414e-11
1.479464e+01,1.069316e-10,4.159596e-09,4.159596e-11
1.479752e+01,1.083392e-10,4.348585e-09,4.348585e-11
1.480041e+01,1.094274e-10,4.519014e-09,4.519014e-11
1.480330e+01,1.101806e-10,4.664244e-09,4.664244e-11
1.480619e+01,1.106609e-10,4.778623e-09,4.778623e-11
1.480908e+01,1.108852e-10,4.857706e-09,4.857706e-11
1.481196e+01,1.108004e-10,4.898476e-09,4.898476e-11
1.481485e+01,1.103803e-10,4.899490e-09,4.899490e-11
1.481774e+01,1.096466e-10,4.860903e-09,4.860903e-11
1.482063e+01,1.085851e-10,4.784399e-09,4.784399e-11
1.482352e+01,1.071328e-10,4.673115e-09,4.673115e-11
1.482640e+01,1.052896e-10,4.531620e-09,4.531620e-11
1.482929e+01,1.031655e-10,4.365857e-09,4.365857e-11
1.483218e+01,1.008768e-10,4.182909e-09,4.182909e-11
1.483507e+01,9.849031e-11,3.990615e-09,3.990615e-11
1.483795e+01,9.610906e-11,3.797036e-09,3.797036e-11
1.484084e+01,9.390023e-11,3.609834e-09,3.609834e-11
1.484373e+01,9.197564e-11,3.435605e-09,3.435605e-11
1.484662e+01,9.032979e-11,3.279375e-09,3.279375e-11
1.484951e+01,8.894265e-11,3.144341e-09,3.144341e-11
1.485239e+01,8.784657e-11,3.031930e-09,3.031930e-11
1.485528e+01,8.704184e-11,2.942027e-09,2.942027e-11
1.485817e+01,8.644762e-11,2.873390e-09,2.873390e-11
1.486106e+01,8.600091e-11,2.824050e-09,2.824050e-11
1.486395e+01,8.572611e-11,2.791515e-09,2.791515e-11
1.486683e+01,8.564539e-11,2.772670e-09,2.772670e-11
1.486972e+01,8.568736e-11,2.763677e-09,2.763677e-11
1.487261e+01,8.575842e-11,2.760041e-09,2.760041e-11
1.487550e+01,8.583522e-11,2.756910e-09,2.756910e-11
1.487838e+01,8.588996e-11,2.749360e-09,2.749360e-11
1.488127e+01,8.579343e-11,2.732744e-09,2.732744e-11
1.488416e+01,8.540460e-11,2.703109e-09,2.703109e-11
1.488705e+01,8.470091e-11,2.657700e-09,2.657700e-11
1.488994e+01,8.371812e-11,2.595208e-09,2.595208e-11
1.489282e+01,8.242767e-11,2.515831e-09,2.515831e-11
1.489571e+01,8.079320e-11,2.421248e-09,2.421248e-11
1.489860e+01,7.889260e-11,2.314548e-09,2.314548e-11
1.490149e+01,7.685290e-11,2.199886e-09,2.199886e-11
1.490438e+01,7.469655e-11,2.081992e-09,2.081992e-11
1.490726e+01,7.238114e-11,1.965659e-09,1.965659e-11
1.491015e+01,6.995799e-11,1.855405e-09,1.855405e-11
1.491304e+01,6.754222e-11,1.754984e-09,1.754984e-11
1.491593e+01,6.515744e-11,1.666912e-09,1.666912e-11
1.491882e+01,6.277656e-11,1.592444e-09,1.592444e-11
1.492170e+01,6.049370e-11,1.532052e-09,1.532052e-11
1.492459e+01,5.848500e-11,1.485577e-09,1.485577e-11
1.492748e+01,5.682104e-11,1.452193e-09,1.452193e-11
1.493037e+01,5.547265e-11,1.430716e-09,1.430716e-11
1.493325e+01,5.446887e-11,1.420098e-09,1.420098e-11
1.493614e+01,5.388067e-11,1.419498e-09,1.419498e-11
1.493903e+01,5.364562e-11,1.427931e-09,1.427931e-11
1.494192e+01,5.357418e-11,1.443905e-09,1.443905e-11
1.494481e+01,5.354626e-11,1.465362e-09,1.465362e-11
1.494769e+01,5.355216e-11,1.489696e-09,1.489696e-11
1.495058e+01,5.352749e-11,1.513677e-09,1.513677e-11
1.495347e+01,5.332175e-11,1.533778e-09,1.533778e-11
1.495636e+01,5.288441e-11,1.546821e-09,1.546821e-11
1.495925e+01,5.231131e-11,1.550354e-09,1.550354e-11
1.496213e+01,5.164486e-11,1.542532e-09,1.542532e-11
1.496502e+01,5.080038e-11,1.522197e-09,1.522197e-11
1.496791e+01,4.974942e-11,1.489092e-09,1.489092e-11
1.497080e+01,4.859221e-11,1.443952e-09,1.443952e-11
1.497369e+01,4.737511e-11,1.388144e-09,1.388144e-11
1.497657e+01,4.601278e-11,1.323476e-09,1.323476e-11
1.497946e+01,4.447846e-11,1.252291e-09,1.252291e-11
1.498235e+01,4.290337e-11,1.177634e-09,1.177634e-11
1.498524e+01,4.139374e-11,1.102666e-09,1.102666e-11
1.498812e+01,3.991786e-11,1.030266e-09,1.030266e-11
1.499101e+01,3.847713e-11,9.630618e-10,9.630618e-12
1.499390e+01,3.721833e-11,9.037166e-10,9.037166e-12
1.499679e+01,3.625226e-11,8.544397e-10,8.544397e-12
1.499968e+01,3.552405e-11,8.168451e-10,8.168451e-12
1.500256e+01,3.498389e-11,7.922387e-10,7.922387e-12
1.500545e+01,3.472338e-11,7.821461e-10,7.821461e-12
1.500834e+01,3.481933e-11,7.877771e-10,7.877771e-12
1.501123e+01,3.519643e-11,8.096741e-10,8.096741e-12
1.501412e+01,3.577641e-11,8.476505e-10,8.476505e-12
1.501700e+01,3.662188e-11,9.009932e-10,9.009932e-12
1.501989e+01,3.779670e-11,9.678936e-10,9.678936e-12
1.502278e+01,3.921326e-11,1.045512e-09,1.045512e-11
1.502567e+01,4.075785e-11,1.130486e-09,1.130486e-11
1.502855e+01,4.244882e-11,1.219599e-09,1.219599e-11
1.503144e+01,4.432483e-11,1.309718e-09,1.309718e-11
1.503433e+01,4.628845e-11,1.397889e-09,1.397889e-11
1.503722e+01,4.822272e-11,1.481534e-09,1.481534e-11
1.504011e+01,5.016356e-11,1.558775e-09,1.558775e-11
1.504299e+01,5.219460e-11,1.628337e-09,1.628337e-11
1.504588e+01,5.427667e-11,1.689493e-09,1.689493e-11
1.504877e+01,5.634864e-11,1.742155e-09,1.742155e-11
1.505166e+01,5.848161e-11,1.787145e-09,1.787145e-11
1.505455e+01,6.076858e-11,1.826099e-09,1.826099e-11
1.505743e+01,6.316633e-11,1.861435e-09,1.861435e-11
1.506032e+01,6.558589e-11,1.896399e-09,1.896399e-11
1.506321e+01,6.803778e-11,1.934994e-09,1.934994e-11
1.506610e+01,7.055537e-11,1.981484e-09,1.981484e-11
1.506899e+01,7.306691e-11,2.039812e-09,2.039812e-11
1.507187e+01,7.547192e-11,2.113066e-09,2.113066e-11
1.507476e+01,7.777668e-11,2.203058e-09,2.203058e-11
1.507765e+01,8.003585e-11,2.309961e-09,2.309961e-11
1.508054e+01,8.221843e-11,2.432267e-09,2.432267e-11
1.508342e+01,8.425634e-11,2.567073e-09,2.567073e-11
1.508631e+01,8.616994e-11,2.710563e-09,2.710563e-11
1.508920e+01,8.801319e-11,2.858424e-09,2.858424e-11
1.509209e+01,8.974475e-11,3.006194e-09,3.006194e-11
1.509498e+01,9.128259e-11,3.149548e-09,3.149548e-11
1.509786e+01,9.263409e-11,3.284557e-09,3.284557e-11
1.510075e+01,9.385305e-11,3.407863e-09,3.407863e-11
1.510364e+01,9.492521e-11,3.516834e-09,3.516834e-11
1.510653e+01,9.581087e-11,3.609672e-09,3.609672e-11
1.510942e+01,9.655678e-11,3.685489e-09,3.685489e-11
1.511230e+01,9.725434e-11,3.744329e-09,3.744329e-11
1.511519e+01,9.791500e-11,3.787153e-09,3.787153e-11
1.511808e+01,9.849852e-11,3.815769e-09,3.815769e-11
1.512097e+01,9.903203e-11,3.832704e-09,3.832704e-11
1.512386e+01,9.957733e-11,3.840996e-09,3.840996e-11
1.512674e+01,1.001131e-10,3.843967e-09,3.843967e-11
1.512963e+01,1.005805e-10,3.845015e-09,3.845015e-11
1.513252e+01,1.010117e-10,3.847449e-09,3.847449e-11
1.513541e+01,1.014891e-10,3.854318e-09,3.854318e-11
1.513829e+01,1.020237e-10,3.868264e-09,3.868264e-11
1.514118e+01,1.025980e-10,3.891423e-09,3.891423e-11
1.514407e+01,1.032782e-10,3.925358e-09,3.925358e-11
1.514696e+01,1.041600e-10,3.970929e-09,3.970929e-11
1.514985e+01,1.052468e-10,4.028180e-09,4.028180e-11
1.515273e+01,1.064878e-10,4.096297e-09,4.096297e-11
1.515562e+01,1.078936e-10,4.173672e-09,4.173672e-11
1.515851e+01,1.094964e-10,4.257960e-09,4.257960e-11
1.516140e+01,1.112331e-10,4.346211e-09,4.346211e-11
1.516429e+01,1.129856e-10,4.435030e-09,4.435030e-11
1.516717e+01,1.147022e-10,4.520749e-09,4.520749e-11
1.517006e+01,1.163695e-10,4.599564e-09,4.599564e-11
1.517295e+01,1.178945e-10,4.667689e-09,4.667689e-11
1.517584e+01,1.191389e-10,4.721565e-09,4.721565e-11
1.517872e+01,1.200452e-10,4.758145e-09,4.758145e-11
1.518161e+01,1.206170e-10,4.775149e-09,4.775149e-11
1.518450e+01,1.207994e-10,4.771243e-09,4.771243e-11
1.518739e+01,1.205022e-10,4.746158e-09,4.746158e-11
1.519028e+01,1.197294e-10,4.700760e-09,4.700760e-11
1.519316e+01,1.185633e-10,4.636981e-09,4.636981e-11
1.519605e+01,1.170324e-10,4.557682e-09,4.557682e-11
1.519894e+01,1.151104e-10,4.466451e-09,4.466451e-11
1.520183e+01,1.128450e-10,4.367392e-09,4.367392e-11
1.520472e+01,1.103559e-10,4.264870e-09,4.264870e-11
1.520760e+01,1.076906e-10,4.163206e-09,4.163206e-11
1.521049e+01,1.048145e-10,4.066379e-09,4.066379e-11
1.521338e+01,1.017550e-10,3.977752e-09,3.977752e-11
1.521627e+01,9.862221e-11,3.899852e-09,3.899852e-11
1.521916e+01,9.547334e-11,3.834200e-09,3.834200e-11
1.522204e+01,9.229391e-11,3.781249e-09,3.781249e-11
1.522493e+01,8.914055e-11,3.740466e-09,3.740466e-11
1.522782e+01,8.617037e-11,3.710517e-09,3.710517e-11
1.523071e+01,8.349483e-11,3.689455e-09,3.689455e-11
1.523359e+01,8.113182e-11,3.674979e-09,3.674979e-11
1.523648e+01,7.913301e-11,3.664757e-09,3.664757e-11
1.523937e+01,7.762291e-11,3.656731e-09,3.656731e-11
1.524226e+01,7.665675e-11,3.649293e-09,3.649293e-11
1.524515e+01,7.615678e-11,3.641429e-09,3.641429e-11
1.524803e+01,7.604911e-11,3.632779e-09,3.632779e-11
1.525092e+01,7.633976e-11,3.623572e-09,3.623572e-11
1.525381e+01,7.698629e-11,3.614315e-09,3.614315e-11
1.525670e+01,7.782571e-11,3.605451e-09,3.605451e-11
1.525959e+01,7.871657e-11,3.597092e-09,3.597092e-11
1.526247e+01,7.963828e-11,3.588892e-09,3.588892e-11
1.526536e+01,8.056758e-11,3.579965e-09,3.579965e-11
1.526825e+01,8.138419e-11,3.568986e-09,3.568986e-11
1.527114e+01,8.199878e-11,3.554470e-09,3.554470e-11
1.527403e+01,8.246123e-11,3.535166e-09,3.535166e-11
1.527691e+01,8.283924e-11,3.510283e-09,3.510283e-11
1.527980e+01,8.309465e-11,3.479682e-09,3.479682e-11
1.528269e+01,8.318901e-11,3.443991e-09,3.443991e-11
1.528558e+01,8.320259e-11,3.404551e-09,3.404551e-11
1.528846e+01,8.321908e-11,3.362962e-09,3.362962e-11
1.529135e+01,8.318862e-11,3.320530e-09,3.320530e-11
1.529424e+01,8.303209e-11,3.277927e-09,3.277927e-11
1.529713e+01,8.278243e-11,3.235155e-09,3.235155e-11
1.530002e+01,8.249334e-11,3.191612e-09,3.191612e-11
1.530290e+01,8.210980e-11,3.146432e-09,3.146432e-11
1.530579e+01,8.156155e-11,3.098951e-09,3.098951e-11
1.530868e+01,8.090314e-11,3.049049e-09,3.049049e-11
1.531157e+01,8.024330e-11,2.997141e-09,2.997141e-11
1.531446e+01,7.959652e-11,2.943944e-09,2.943944e-11
1.531734e+01,7.892490e-11,2.890150e-09,2.890150e-11
1.532023e+01,7.827708e-11,2.836234e-09,2.836234e-11
1.532312e+01,7.774794e-11,2.782276e-09,2.782276e-11
1.532601e+01,7.732438e-11,2.727772e-09,2.727772e-11
1.532890e+01,7.690329e-11,2.671706e-09,2.671706e-11
1.533178e+01,7.645690e-11,2.612989e-09,2.612989e-11
1.533467e+01,7.604166e-11,2.550879e-09,2.550879e-11
1.533756e+01,7.563968e-11,2.485169e-09,2.485169e-11
1.534045e+01,7.515452e-11,2.416397e-09,2.416397e-11
1.534333e+01,7.458320e-11,2.346129e-09,2.346129e-11
1.534622e+01,7.402594e-11,2.276850e-09,2.276850e-11
1.534911e+01,7.351036e-11,2.211403e-09,2.211403e-11
1.535200e+01,7.296896e-11,2.152477e-09,2.152477e-11
1.535489e+01,7.240253e-11,2.102282e-09,2.102282e-11
1.535777e+01,7.190464e-11,2.062254e-09,2.062254e-11
1.536066e+01,7.150320e-11,2.032781e-09,2.032781e-11
1.536355e+01,7.113261e-11,2.013333e-09,2.013333e-11
1.536644e+01,7.079398e-11,2.002964e-09,2.002964e-11
1.536933e+01,7.059892e-11,2.000791e-09,2.000791e-11
1.537221e+01,7.061095e-11,2.006045e-09,2.006045e-11
1.537510e+01,7.078567e-11,2.018061e-09,2.018061e-11
1.537799e+01,7.111428e-11,2.036294e-09,2.036294e-11
1.538088e+01,7.166894e-11,2.060194e-09,2.060194e-11
1.538376e+01,7.245369e-11,2.088881e-09,2.088881e-11
1.538665e+01,7.334951e-11,2.121074e-09,2.121074e-11
1.538954e+01,7.425518e-11,2.155258e-09,2.155258e-11
1.539243e+01,7.516457e-11,2.189871e-09,2.189871e-11
1.539532e+01,7.605343e-11,2.223323e-09,2.223323e-11
1.539820e+01,7.681372e-11,2.254129e-09,2.254129e-11
1.540109e+01,7.737586e-11,2.281095e-09,2.281095e-11
1.540398e+01,7.778755e-11,2.303459e-09,2.303459e-11
1.540687e+01,7.809186e-11,2.320807e-09,2.320807e-11
1.540976e+01,7.823091e-11,2.333046e-09,2.333046e-11
1.541264e+01,7.815595e-11,2.340503e-09,2.340503e-11
1.541553e+01,7.792068e-11,2.344008e-09,2.344008e-11
1.541842e+01,7.757679e-11,2.344812e-09,2.344812e-11
1.542131e+01,7.709025e-11,2.344591e-09,2.344591e-11
1.542420e+01,7.645491e-11,2.345581e-09,2.345581e-11
1.542708e+01,7.579460e-11,2.350735e-09,2.350735e-11
1.542997e+01,7.526299e-11,2.363572e-09,2.363572e-11
1.543286e+01,7.493344e-11,2.387873e-09,2.387873e-11
1.543575e+01,7.487190e-11,2.427269e-09,2.427269e-11
1.543863e+01,7.521827e-11,2.484832e-09,2.484832e-11
1.544152e+01,7.608646e-11,2.562618e-09,2.562618e-11
1.544441e+01,7.744892e-11,2.661409e-09,2.661409e-11
1.544730e+01,7.921646e-11,2.780677e-09,2.780677e-11
1.545019e+01,8.135639e-11,2.918743e-09,2.918743e-11
1.545307e+01,8.383031e-11,3.072932e-09,3.072932e-11
1.545596e+01,8.650121e-11,3.239844e-09,3.239844e-11
1.545885e+01,8.922325e-11,3.415603e-09,3.415603e-11
1.546174e+01,9.196224e-11,3.595990e-09,3.595990e-11
1.546463e+01,9.472215e-11,3.776388e-09,3.776388e-11
1.546751e+01,9.742568e-11,3.951763e-09,3.951763e-11
1.547040e+01,9.997486e-11,4.116765e-09,4.116765e-11
1.547329e+01,1.023559e-10,4.265932e-09,4.265932e-11
1.547618e+01,1.045700e-10,4.393941e-09,4.393941e-11
1.547907e+01,1.065199e-10,4.495914e-09,4.495914e-11
1.548195e+01,1.080746e-10,4.567758e-09,4.567758e-11
1.548484e+01,1.091976e-10,4.606516e-09,4.606516e-11
1.548773e+01,1.099021e-10,4.610595e-09,4.610595e-11
1.549062e+01,1.101413e-10,4.579948e-09,4.579948e-11
1.549350e+01,1.098633e-10,4.516124e-09,4.516124e-11
1.549639e+01,1.091238e-10,4.422160e-09,4.422160e-11
1.549928e+01,1.080292e-10,4.302371e-09,4.302371e-11
1.550217e+01,1.066111e-10,4.162098e-09,4.162098e-11
1.550506e+01,1.048675e-10,4.007347e-09,4.007347e-11
1.550794e+01,1.028770e-10,3.844356e-09,3.844356e-11
1.551083e+01,1.007496e-10,3.679143e-09,3.679143e-11
1.551372e+01,9.851473e-11,3.517106e-09,3.517106e-11
1.551661e+01,9.617257e-11,3.362750e-09,3.362750e-11
1.551950e+01,9.381071e-11,3.219593e-09,3.219593e-11
1.552238e+01,9.155896e-11,3.090172e-09,3.090172e-11
1.552527e+01,8.946362e-11,2.976052e-09,2.976052e-11
1.552816e+01,8.751265e-11,2.877831e-09,2.877831e-11
1.553105e+01,8.574359e-11,2.795145e-09,2.795145e-11
1.553393e+01,8.420292e-11,2.726602e-09,2.726602e-11
1.553682e+01,8.282279e-11,2.669766e-09,2.669766e-11
1.553971e+01,8.145706e-11,2.621238e-09,2.621238e-11
1.554260e+01,8.002172e-11,2.576867e-09,2.576867e-11
1.554549e+01,7.848644e-11,2.532122e-09,2.532122e-11
1.554837e+01,7.676449e-11,2.482573e-09,2.482573e-11
1.555126e+01,7.474731e-11,2.424353e-09,2.424353e-11
1.555415e+01,7.243858e-11,2.354549e-09,2.354549e-11
1.555704e+01,6.993266e-11,2.271327e-09,2.271327e-11
1.555993e+01,6.726848e-11,2.173888e-09,2.173888e-11
1.556281e+01,6.443312e-11,2.062491e-09,2.062491e-11
1.556570e+01,6.148944e-11,1.938502e-09,1.938502e-11
1.556859e+01,5.856188e-11,1.804336e-09,1.804336e-11
1.557148e+01,5.569669e-11,1.663439e-09,1.663439e-11
1.557437e+01,5.286101e-11,1.520318e-09,1.520318e-11
1.557725e+01,5.009949e-11,1.380661e-09,1.380661e-11
1.558014e+01,4.755562e-11,1.251454e-09,1.251454e-11
1.558303e+01,4.530933e-11,1.140722e-09,1.140722e-11
1.558592e+01,4.335106e-11,1.056618e-09,1.056618e-11
1.558880e+01,4.174450e-11,1.005756e-09,1.005756e-11
1.559169e+01,4.063950e-11,9.909321e-10,9.909321e-12
1.559458e+01,4.008811e-11,1.009546e-09,1.009546e-11
1.559747e+01,4.001328e-11,1.054645e-09,1.054645e-11
1.560036e+01,4.038286e-11,1.117831e-09,1.117831e-11
1.560324e+01,4.124370e-11,1.191639e-09,1.191639e-11
1.560613e+01,4.255529e-11,1.270332e-09,1.270332e-11
1.560902e+01,4.416097e-11,1.350004e-09,1.350004e-11
1.561191e+01,4.596804e-11,1.428424e-09,1.428424e-11
1.561480e+01,4.799978e-11,1.504709e-09,1.504709e-11
1.561768e+01,5.022505e-11,1.578669e-09,1.578669e-11
1.562057e+01,5.250147e-11,1.650430e-09,1.650430e-11
1.562346e+01,5.475179e-11,1.720342e-09,1.720342e-11
1.562635e+01,5.703103e-11,1.788929e-09,1.788929e-11
1.562924e+01,5.934899e-11,1.856626e-09,1.856626e-11
1.563212e+01,6.159736e-11,1.923766e-09,1.923766e-11
1.563501e+01,6.372580e-11,1.990731e-09,1.990731e-11
1.563790e+01,6.582515e-11,2.058082e-09,2.058082e-11
1.564079e+01,6.795810e-11,2.126339e-09,2.126339e-11
1.564367e+01,7.006509e-11,2.195876e-09,2.195876e-11
1.564656e+01,7.212317e-11,2.266942e-09,2.266942e-11
1.564945e+01,7.424153e-11,2.339678e-09,2.339678e-11
1.565234e+01,7.649987e-11,2.413851e-09,2.413851e-11
1.565523e+01,7.883334e-11,2.488762e-09,2.488762e-11
1.565811e+01,8.117712e-11,2.563310e-09,2.563310e-11
1.566100e+01,8.358184e-11,2.636152e-09,2.636152e-11
1.566389e+01,8.606723e-11,2.705622e-09,2.705622e-11
1.566678e+01,8.850031e-11,2.769803e-09,2.769803e-11
1.566967e+01,9.074317e-11,2.826763e-09,2.826763e-11
1.567255e+01,9.278490e-11,2.874856e-09,2.874856e-11
1.567544e+01,9.461030e-11,2.912755e-09,2.912755e-11
1.567833e+01,9.607849e-11,2.939494e-09,2.939494e-11
1.568122e+01,9.705833e-11,2.954558e-09,2.954558e-11
1.568410e+01,9.756703e-11,2.957922e-09,2.957922e-11
1.568699e+01,9.765300e-11,2.949792e-09,2.949792e-11
1.568988e+01,9.725896e-11,2.930372e-09,2.930372e-11
1.569277e+01,9.633546e-11,2.899799e-09,2.899799e-11
1.569566e+01,9.498302e-11,2.858280e-09,2.858280e-11
1.569854e+01,9.333966e-11,2.806062e-09,2.806062e-11
1.570143e+01,9.142416e-11,2.743501e-09,2.743501e-11
1.570432e+01,8.923855e-11,2.671387e-09,2.671387e-11
1.570721e+01,8.691531e-11,2.591353e-09,2.591353e-11
1.571010e+01,8.460518e-11,2.505826e-09,2.505826e-11
1.571298e+01,8.232222e-11,2.417842e-09,2.417842e-11
1.571587e+01,8.004387e-11,2.330897e-09,2.330897e-11
1.571876e+01,7.786347e-11,2.248682e-09,2.248682e-11
1.572165e+01,7.589337e-11,2.174381e-09,2.174381e-11
1.572454e+01,7.411532e-11,2.109993e-09,2.109993e-11
1.572742e+01,7.247208e-11,2.056012e-09,2.056012e-11
1.573031e+01,7.102140e-11,2.011763e-09,2.011763e-11
1.573320e+01,6.986057e-11,1.975961e-09,1.975961e-11
1.573609e+01,6.897055e-11,1.947484e-09,1.947484e-11
1.573897e+01,6.828803e-11,1.926395e-09,1.926395e-11
1.574186e+01,6.786720e-11,1.914768e-09,1.914768e-11
1.574475e+01,6.781502e-11,1.916429e-09,1.916429e-11
1.574764e+01,6.812833e-11,1.935952e-09,1.935952e-11
1.575053e+01,6.874354e-11,1.977500e-09,1.977500e-11
1.575341e+01,6.968921e-11,2.043793e-09,2.043793e-11
1.575630e+01,7.103254e-11,2.135252e-09,2.135252e-11
1.575919e+01,7.271750e-11,2.249760e-09,2.249760e-11
1.576208e+01,7.460108e-11,2.383128e-09,2.383128e-11
1.576497e+01,7.660843e-11,2.529896e-09,2.529896e-11
1.576785e+01,7.871610e-11,2.683950e-09,2.683950e-11
1.577074e+01,8.081363e-11,2.838988e-09,2.838988e-11
1.577363e+01,8.272973e-11,2.989043e-09,2.989043e-11
1.577652e+01,8.439554e-11,3.128997e-09,3.128997e-11
1.577941e+01,8.584966e-11,3.254813e-09,3.254813e-11
1.578229e+01,8.708693e-11,3.363544e-09,3.363544e-11
1.578518e+01,8.804509e-11,3.453341e-09,3.453341e-11
1.578807e+01,8.874641e-11,3.523452e-09,3.523452e-11
1.579096e+01,8.930204e-11,3.574105e-09,3.574105e-11
1.579384e+01,8.975257e-11,3.606294e-09,3.606294e-11
1.579673e+01,9.003601e-11,3.621646e-09,3.621646e-11
1.579962e+01,9.012861e-11,3.622308e-09,3.622308e-11
1.580251e+01,9.008662e-11,3.610804e-09,3.610804e-11
1.580540e+01,8.991813e-11,3.589810e-09,3.589810e-11
1.580828e+01,8.954431e-11,3.562016e-09,3.562016e-11
1.581117e+01,8.893861e-11,3.530084e-09,3.530084e-11
1.581406e+01,8.818388e-11,3.496584e-09,3.496584e-11
1.581695e+01,8.734687e-11,3.463830e-09,3.463830e-11
1.581984e+01,8.641350e-11,3.433778e-09,3.433778e-11
1.582272e+01,8.539814e-11,3.407957e-09,3.407957e-11
1.582561e+01,8.440404e-11,3.387417e-09,3.387417e-11
1.582850e+01,8.350664e-11,3.372636e-09,3.372636e-11
1.583139e+01,8.267683e-11,3.363504e-09,3.363504e-11
1.583427e+01,8.188861e-11,3.359355e-09,3.359355e-11
1.583716e+01,8.119905e-11,3.359037e-09,3.359037e-11
1.584005e+01,8.064817e-11,3.360912e-09,3.360912e-11
1.584294e+01,8.018078e-11,3.362910e-09,3.362910e-11
1.584583e+01,7.974309e-11,3.362652e-09,3.362652e-11
1.584871e+01,7.936098e-11,3.357603e-09,3.357603e-11
1.585160e+01,7.905273e-11,3.345205e-09,3.345205e-11
1.585449e+01,7.874917e-11,3.323068e-09,3.323068e-11
1.585738e+01,7.836991e-11,3.289215e-09,3.289215e-11
1.586027e+01,7.790999e-11,3.242334e-09,3.242334e-11
1.586315e+01,7.738000e-11,3.181921e-09,3.181921e-11
1.586604e+01,7.673006e-11,3.108334e-09,3.108334e-11
1.586893e+01,7.591169e-11,3.022712e-09,3.022712e-11
1.587182e+01,7.496367e-11,2.926792e-09,2.926792e-11
1.587471e+01,7.396152e-11,2.822701e-09,2.822701e-11
1.587759e+01,7.292010e-11,2.712804e-09,2.712804e-11
1.588048e+01,7.183116e-11,2.599596e-09,2.599596e-11
1.588337e+01,7.074607e-11,2.485648e-09,2.485648e-11
1.588626e+01,6.972557e-11,2.373547e-09,2.373547e-11
1.588914e+01,6.874894e-11,2.265731e-09,2.265731e-11
1.589203e+01,6.775506e-11,2.164196e-09,2.164196e-11
1.589492e+01,6.674383e-11,2.070292e-09,2.070292e-11
1.589781e+01,6.575325e-11,1.984676e-09,1.984676e-11
1.590070e+01,6.476934e-11,1.907343e-09,1.907343e-11
1.590358e+01,6.375707e-11,1.837779e-09,1.837779e-11
1.590647e+01,6.275842e-11,1.775299e-09,1.775299e-11
1.590936e+01,6.186239e-11,1.719243e-09,1.719243e-11
1.591225e+01,6.109132e-11,1.668948e-09,1.668948e-11
1.591514e+01,6.041348e-11,1.623788e-09,1.623788e-11
1.591802e+01,5.984477e-11,1.583321e-09,1.583321e-11
1.592091e+01,5.942880e-11,1.547229e-09,1.547229e-11
1.592380e+01,5.913395e-11,1.515208e-09,1.515208e-11
1.592669e+01,5.887771e-11,1.486981e-09,1.486981e-11
1.592958e+01,5.864329e-11,1.462419e-09,1.462419e-11
1.593246e+01,5.847516e-11,1.441679e-09,1.441679e-11
1.593535e+01,5.836935e-11,1.425230e-09,1.425230e-11
1.593824e+01,5.827647e-11,1.413745e-09,1.413745e-11
1.594113e+01,5.821767e-11,1.408037e-09,1.408037e-11
1.594401e+01,5.827662e-11,1.408852e-09,1.408852e-11
1.594690e+01,5.846344e-11,1.416527e-09,1.416527e-11
1.594979e+01,5.871407e-11,1.430901e-09,1.430901e-11
1.595268e+01,5.902598e-11,1.451558e-09,1.451558e-11
1.595557e+01,5.945794e-11,1.478065e-09,1.478065e-11
1.595845e+01,5.999618e-11,1.510155e-09,1.510155e-11
1.596134e+01,6.056038e-11,1.547902e-09,1.547902e-11
1.596423e+01,6.114415e-11,1.591760e-09,1.591760e-11
1.596712e+01,6.181410e-11,1.642302e-09,1.642302e-11
1.597001e+01,6.257357e-11,1.699861e-09,1.699861e-11
1.597289e+01,6.335536e-11,1.764310e-09,1.764310e-11
1.597578e+01,6.415095e-11,1.835014e-09,1.835014e-11
1.597867e+01,6.502129e-11,1.910865e-09,1.910865e-11
1.598156e+01,6.596386e-11,1.990376e-09,1.990376e-11
1.598444e+01,6.689177e-11,2.071851e-09,2.071851e-11
1.598733e+01,6.777235e-11,2.153563e-09,2.153563e-11
1.599022e+01,6.866163e-11,2.233845e-09,2.233845e-11
1.599311e+01,6.956319e-11,2.311015e-09,2.311015e-11
1.599600e+01,7.038836e-11,2.383382e-09,2.383382e-11
1.599888e+01,7.110439e-11,2.449403e-09,2.449403e-11
1.600177e+01,7.178177e-11,2.507831e-09,2.507831e-11
1.600466e+01,7.244106e-11,2.557704e-09,2.557704e-11
1.600755e+01,7.299999e-11,2.598374e-09,2.598374e-11
1.601044e+01,7.343143e-11,2.629575e-09,2.629575e-11
1.601332e+01,7.382969e-11,2.651456e-09,2.651456e-11
1.601621e+01,7.425727e-11,2.664455e-09,2.664455e-11
1.601910e+01,7.467288e-11,2.669312e-09,2.669312e-11
1.602199e+01,7.508890e-11,2.667241e-09,2.667241e-11
1.602488e+01,7.564573e-11,2.660120e-09,2.660120e-11
1.602776e+01,7.643865e-11,2.650363e-09,2.650363e-11
1.603065e+01,7.741966e-11,2.640718e-09,2.640718e-11
1.603354e+01,7.855969e-11,2.634003e-09,2.634003e-11
1.603643e+01,7.993837e-11,2.632723e-09,2.632723e-11
1.603931e+01,8.157012e-11,2.638453e-09,2.638453e-11
1.604220e+01,8.331368e-11,2.651529e-09,2.651529e-11
1.604509e+01,8.506141e-11,2.671223e-09,2.671223e-11
1.604798e+01,8.685494e-11,2.696215e-09,2.696215e-11
1.605087e+01,8.871649e-11,2.724917e-09,2.724917e-11
1.605375e+01,9.054384e-11,2.755861e-09,2.755861e-11
1.605664e+01,9.228604e-11,2.787970e-09,2.787970e-11
1.605953e+01,9.405372e-11,2.820618e-09,2.820618e-11
1.606242e+01,9.593510e-11,2.853225e-09,2.853225e-11
1.606531e+01,9.785553e-11,2.884941e-09,2.884941e-11
1.606819e+01,9.973485e-11,2.914564e-09,2.914564e-11
1.607108e+01,1.016226e-10,2.940691e-09,2.940691e-11
1.607397e+01,1.035352e-10,2.961667e-09,2.961667e-11
1.607686e+01,1.053128e-10,2.975754e-09,2.975754e-11
1.607975e+01,1.067913e-10,2.981526e-09,2.981526e-11
1.608263e+01,1.079725e-10,2.978293e-09,2.978293e-11
1.608552e+01,1.088757e-10,2.966093e-09,2.966093e-11
1.608841e+01,1.093816e-10,2.945672e-09,2.945672e-11
1.609130e+01,1.093867e-10,2.918472e-09,2.918472e-11
1.609418e+01,1.089735e-10,2.886626e-09,2.886626e-11
1.609707e+01,1.082640e-10,2.852487e-09,2.852487e-11
1.609996e+01,1.072375e-10,2.818112e-09,2.818112e-11
1.610285e+01,1.058635e-10,2.784959e-09,2.784959e-11
1.610574e+01,1.042822e-10,2.753901e-09,2.753901e-11
1.610862e+01,1.026753e-10,2.725159e-09,2.725159e-11
1.611151e+01,1.010734e-10,2.698627e-09,2.698627e-11
1.611440e+01,9.946473e-11,2.674557e-09,2.674557e-11
1.611729e+01,9.798196e-11,2.654320e-09,2.654320e-11
1.612018e+01,9.679098e-11,2.640532e-09,2.640532e-11
1.612306e+01,9.588476e-11,2.636724e-09,2.636724e-11
1.612595e+01,9.516942e-11,2.646737e-09,2.646737e-11
1.612884e+01,9.466218e-11,2.674014e-09,2.674014e-11
1.613173e+01,9.441191e-11,2.720426e-09,2.720426e-11
1.613462e+01,9.431027e-11,2.785321e-09,2.785321e-11
1.613750e+01,9.417488e-11,2.865400e-09,2.865400e-11
1.614039e+01,9.395829e-11,2.955303e-09,2.955303e-11
1.614328e+01,9.370244e-11,3.048318e-09,3.048318e-11
1.614617e+01,9.335059e-11,3.137196e-09,3.137196e-11
1.614905e+01,9.279007e-11,3.214929e-09,3.214929e-11
1.615194e+01,9.204006e-11,3.275382e-09,3.275382e-11
1.615483e+01,9.121007e-11,3.313546e-09,3.313546e-11
1.615772e+01,9.029205e-11,3.325630e-09,3.325630e-11
1.616061e+01,8.917521e-11,3.309194e-09,3.309194e-11
1.616349e+01,8.783952e-11,3.263261e-09,3.263261e-11
1.616638e+01,8.635169e-11,3.188281e-09,3.188281e-11
1.616927e+01,8.469087e-11,3.086042e-09,3.086042e-11
1.617216e+01,8.276079e-11,2.959701e-09,2.959701e-11
1.617505e+01,8.058735e-11,2.813955e-09,2.813955e-11
1.617793e+01,7.833549e-11,2.655107e-09,2.655107e-11
1.618082e+01,7.612291e-11,2.490785e-09,2.490785e-11
1.618371e+01,7.398895e-11,2.329485e-09,2.329485e-11
1.618660e+01,7.204735e-11,2.179916e-09,2.179916e-11
1.618948e+01,7.048932e-11,2.050057e-09,2.050057e-11
1.619237e+01,6.940078e-11,1.945844e-09,1.945844e-11
1.619526e+01,6.872452e-11,1.870068e-09,1.870068e-11
1.619815e+01,6.842148e-11,1.821990e-09,1.821990e-11
1.620104e+01,6.851396e-11,1.797940e-09,1.797940e-11
1.620392e+01,6.895249e-11,1.792671e-09,1.792671e-11
1.620681e+01,6.959554e-11,1.801137e-09,1.801137e-11
1.620970e+01,7.035992e-11,1.819756e-09,1.819756e-11
1.621259e+01,7.126521e-11,1.846621e-09,1.846621e-11
1.621548e+01,7.230402e-11,1.880832e-09,1.880832e-11
1.621836e+01,7.338758e-11,1.921678e-09,1.921678e-11
1.622125e+01,7.444867e-11,1.967915e-09,1.967915e-11
1.622414e+01,7.549034e-11,2.017409e-09,2.017409e-11
1.622703e+01,7.648397e-11,2.067119e-09,2.067119e-11
1.622992e+01,7.731375e-11,2.113545e-09,2.113545e-11
1.623280e+01,7.788041e-11,2.153468e-09,2.153468e-11
1.623569e+01,7.818745e-11,2.184850e-09,2.184850e-11
1.623858e+01,7.826780e-11,2.207395e-09,2.207395e-11
1.624147e+01,7.810452e-11,2.222585e-09,2.222585e-11
1.624435e+01,7.771071e-11,2.233228e-09,2.233228e-11
1.624724e+01,7.720509e-11,2.242730e-09,2.242730e-11
1.625013e+01,7.670902e-11,2.254160e-09,2.254160e-11
1.625302e+01,7.624442e-11,2.269503e-09,2.269503e-11
1.625591e+01,7.581105e-11,2.289240e-09,2.289240e-11
1.625879e+01,7.546704e-11,2.312362e-09,2.312362e-11
1.626168e+01,7.525131e-11,2.336821e-09,2.336821e-11
1.626457e+01,7.511687e-11,2.360535e-09,2.360535e-11
1.626746e+01,7.502099e-11,2.382516e-09,2.382516e-11
1.627035e+01,7.501198e-11,2.403607e-09,2.403607e-11
1.627323e+01,7.515896e-11,2.426375e-09,2.426375e-11
1.627612e+01,7.546740e-11,2.454237e-09,2.454237e-11
1.627901e+01,7.593266e-11,2.490207e-09,2.490207e-11
1.628190e+01,7.660341e-11,2.535737e-09,2.535737e-11
1.628479e+01,7.751150e-11,2.589985e-09,2.589985e-11
1.628767e+01,7.859431e-11,2.649794e-09,2.649794e-11
1.629056e+01,7.975955e-11,2.710354e-09,2.710354e-11
1.629345e+01,8.097611e-11,2.766411e-09,2.766411e-11
1.629634e+01,8.223957e-11,2.813677e-09,2.813677e-11
1.629922e+01,8.350948e-11,2.850023e-09,2.850023e-11
1.630211e+01,8.476473e-11,2.876077e-09,2.876077e-11
1.630500e+01,8.607674e-11,2.894990e-09,2.894990e-11
1.630789e+01,8.754232e-11,2.911395e-09,2.911395e-11
1.631078e+01,8.918009e-11,2.930054e-09,2.930054e-11
1.631366e+01,9.096194e-11,2.954643e-09,2.954643e-11
1.631655e+01,9.288796e-11,2.986954e-09,2.986954e-11
1.631944e+01,9.493732e-11,3.026620e-09,3.026620e-11
1.632233e+01,9.699482e-11,3.071580e-09,3.071580e-11
1.632522e+01,9.892168e-11,3.119182e-09,3.119182e-11
1.632810e+01,1.006724e-10,3.167541e-09,3.167541e-11
1.633099e+01,1.022678e-10,3.216608e-09,3.216608e-11
1.633388e+01,1.037026e-10,3.268492e-09,3.268492e-11
1.633677e+01,1.049856e-10,3.326899e-09,3.326899e-11
1.633965e+01,1.062230e-10,3.395915e-09,3.395915e-11
1.634254e+01,1.075460e-10,3.478571e-09,3.478571e-11
1.634543e+01,1.089820e-10,3.575698e-09,3.575698e-11
1.634832e+01,1.104820e-10,3.685434e-09,3.685434e-11
1.635121e+01,1.120211e-10,3.803443e-09,3.803443e-11
1.635409e+01,1.135625e-10,3.923629e-09,3.923629e-11
1.635698e+01,1.149618e-10,4.039111e-09,4.039111e-11
1.635987e+01,1.160243e-10,4.143168e-09,4.143168e-11
1.636276e+01,1.166435e-10,4.229903e-09,4.229903e-11
1.636565e+01,1.167860e-10,4.294512e-09,4.294512e-11
1.636853e+01,1.163736e-10,4.333264e-09,4.333264e-11
1.637142e+01,1.153082e-10,4.343456e-09,4.343456e-11
1.637431e+01,1.136057e-10,4.323439e-09,4.323439e-11
1.637720e+01,1.113722e-10,4.272614e-09,4.272614e-11
1.638009e+01,1.086537e-10,4.191405e-09,4.191405e-11
1.638297e+01,1.054435e-10,4.081249e-09,4.081249e-11
1.638586e+01,1.018311e-10,3.944648e-09,3.944648e-11
1.638875e+01,9.800059e-11,3.785227e-09,3.785227e-11
1.639164e+01,9.407089e-11,3.607755e-09,3.607755e-11
1.639452e+01,9.008386e-11,3.418080e-09,3.418080e-11
1.639741e+01,8.616286e-11,3.222941e-09,3.222941e-11
1.640030e+01,8.251927e-11,3.029508e-09,3.029508e-11
1.640319e+01,7.927231e-11,2.844731e-09,2.844731e-11
1.640608e+01,7.641647e-11,2.674785e-09,2.674785e-11
1.640896e+01,7.399378e-11,2.524776e-09,2.524776e-11
1.641185e+01,7.212962e-11,2.398561e-09,2.398561e-11
1.641474e+01,7.085631e-11,2.298478e-09,2.298478e-11
1.641763e+01,7.007658e-11,2.225277e-09,2.225277e-11
1.642052e+01,6.975413e-11,2.178383e-09,2.178383e-11
1.642340e+01,6.997105e-11,2.156265e-09,2.156265e-11
1.642629e+01,7.074365e-11,2.156481e-09,2.156481e-11
1.642918e+01,7.195217e-11,2.175773e-09,2.175773e-11
1.643207e+01,7.350973e-11,2.210242e-09,2.210242e-11
1.643496e+01,7.543147e-11,2.255512e-09,2.255512e-11
1.643784e+01,7.765743e-11,2.306691e-09,2.306691e-11
1.644073e+01,7.995960e-11,2.358616e-09,2.358616e-11
1.644362e+01,8.211927e-11,2.406273e-09,2.406273e-11
1.644651e+01,8.404817e-11,2.445241e-09,2.445241e-11
1.644939e+01,8.564526e-11,2.471747e-09,2.471747e-11
1.645228e+01,8.669791e-11,2.482865e-09,2.482865e-11
1.645517e+01,8.705168e-11,2.476861e-09,2.476861e-11
1.645806e+01,8.675150e-11,2.453461e-09,2.453461e-11
1.646095e+01,8.588997e-11,2.413648e-09,2.413648e-11
1.646383e+01,8.445632e-11,2.359444e-09,2.359444e-11
1.646672e+01,8.247143e-11,2.293735e-09,2.293735e-11
1.646961e+01,8.012430e-11,2.220161e-09,2.220161e-11
1.647250e+01,7.762108e-11,2.142595e-09,2.142595e-11
1.647539e+01,7.501554e-11,2.064667e-09,2.064667e-11
1.647827e+01,7.233095e-11,1.989487e-09,1.989487e-11
1.648116e+01,6.972607e-11,1.919753e-09,1.919753e-11
1.648405e+01,6.737541e-11,1.857629e-09,1.857629e-11
1.648694e+01,6.528969e-11,1.804682e-09,1.804682e-11
1.648982e+01,6.342563e-11,1.761958e-09,1.761958e-11
1.649271e+01,6.187088e-11,1.730195e-09,1.730195e-11
1.649560e+01,6.073981e-11,1.709429e-09,1.709429e-11
1.649849e+01,5.998475e-11,1.698625e-09,1.698625e-11
1.650138e+01,5.949081e-11,1.695786e-09,1.695786e-11
1.650426e+01,5.926908e-11,1.698472e-09,1.698472e-11
1.650715e+01,5.937780e-11,1.704067e-09,1.704067e-11
1.651004e+01,5.973805e-11,1.710100e-09,1.710100e-11
1.651293e+01,6.020875e-11,1.714684e-09,1.714684e-11
1.651582e+01,6.077900e-11,1.716934e-09,1.716934e-11
1.651870e+01,6.151033e-11,1.716776e-09,1.716776e-11
1.652159e+01,6.234484e-11,1.714495e-09,1.714495e-11
1.652448e+01,6.315164e-11,1.710504e-09,1.710504e-11
1.652737e+01,6.391518e-11,1.705426e-09,1.705426e-11
1.653026e+01,6.469782e-11,1.699977e-09,1.699977e-11
1.653314e+01,6.545090e-11,1.694780e-09,1.694780e-11
1.653603e+01,6.604188e-11,1.690402e-09,1.690402e-11
1.653892e+01,6.644657e-11,1.687510e-09,1.687510e-11
1.654181e+01,6.673877e-11,1.686694e-09,1.686694e-11
1.654469e+01,6.690577e-11,1.688101e-09,1.688101e-11
1.654758e+01,6.685527e-11,1.691407e-09,1.691407e-11
1.655047e+01,6.659842e-11,1.696067e-09,1.696067e-11
1.655336e+01,6.624766e-11,1.701437e-09,1.701437e-11
1.655625e+01,6.583669e-11,1.706762e-09,1.706762e-11
1.655913e+01,6.530688e-11,1.711280e-09,1.711280e-11
1.656202e+01,6.467346e-11,1.714379e-09,1.714379e-11
1.656491e+01,6.404301e-11,1.715591e-09,1.715591e-11
1.656780e+01,6.344654e-11,1.714343e-09,1.714343e-11
1.657069e+01,6.281476e-11,1.709949e-09,1.709949e-11
1.657357e+01,6.214224e-11,1.701813e-09,1.701813e-11
1.657646e+01,6.151942e-11,1.689570e-09,1.689570e-11
1.657935e+01,6.097802e-11,1.673030e-09,1.673030e-11
1.658224e+01,6.045256e-11,1.652251e-09,1.652251e-11
1.658513e+01,5.992922e-11,1.627638e-09,1.627638e-11
1.658801e+01,5.949138e-11,1.599965e-09,1.599965e-11
1.659090e+01,5.917486e-11,1.570189e-09,1.570189e-11
1.659379e+01,5.891674e-11,1.539387e-09,1.539387e-11
1.659668e+01,5.869674e-11,1.508805e-09,1.508805e-11
1.659956e+01,5.860006e-11,1.479946e-09,1.479946e-11
1.660245e+01,5.868508e-11,1.454497e-09,1.454497e-11
1.660534e+01,5.891924e-11,1.434392e-09,1.434392e-11
1.660823e+01,5.930879e-11,1.421963e-09,1.421963e-11
1.661112e+01,5.996235e-11,1.420068e-09,1.420068e-11
1.661400e+01,6.095619e-11,1.431851e-09,1.431851e-11
1.661689e+01,6.225538e-11,1.460399e-09,1.460399e-11
1.661978e+01,6.383663e-11,1.508353e-09,1.508353e-11
1.662267e+01,6.575832e-11,1.577483e-09,1.577483e-11
1.662556e+01,6.803187e-11,1.668139e-09,1.668139e-11
1.662844e+01,7.055294e-11,1.779168e-09,1.779168e-11
1.663133e+01,7.323421e-11,1.908288e-09,1.908288e-11
1.663422e+01,7.608366e-11,2.052621e-09,2.052621e-11
1.663711e+01,7.908856e-11,2.209090e-09,2.209090e-11
1.663999e+01,8.214919e-11,2.374809e-09,2.374809e-11
1.664288e+01,8.519593e-11,2.547269e-09,2.547269e-11
1.664577e+01,8.826151e-11,2.724340e-09,2.724340e-11
1.664866e+01,9.136631e-11,2.904079e-09,2.904079e-11
1.665155e+01,9.443609e-11,3.084520e-09,3.084520e-11
1.665443e+01,9.740628e-11,3.263467e-09,3.263467e-11
1.665732e+01,1.002970e-10,3.438425e-09,3.438425e-11
1.666021e+01,1.031097e-10,3.606598e-09,3.606598e-11
1.666310e+01,1.057494e-10,3.764978e-09,3.764978e-11
1.666599e+01,1.081253e-10,3.910484e-09,3.910484e-11
1.666887e+01,1.102383e-10,4.040187e-09,4.040187e-11
1.667176e+01,1.120873e-10,4.151483e-09,4.151483e-11
1.667465e+01,1.135847e-10,4.242243e-09,4.242243e-11
1.667754e+01,1.146566e-10,4.310919e-09,4.310919e-11
1.668043e+01,1.153309e-10,4.356682e-09,4.356682e-11
1.668331e+01,1.156442e-10,4.379511e-09,4.379511e-11
1.668620e+01,1.155563e-10,4.380253e-09,4.380253e-11
1.668909e+01,1.150459e-10,4.360637e-09,4.360637e-11
1.669198e+01,1.142085e-10,4.323256e-09,4.323256e-11
1.669486e+01,1.131626e-10,4.271432e-09,4.271432e-11
1.669775e+01,1.119464e-10,4.209017e-09,4.209017e-11
1.670064e+01,1.106055e-10,4.140170e-09,4.140170e-11
1.670353e+01,1.092833e-10,4.069119e-09,4.069119e-11
1.670642e+01,1.081162e-10,3.999828e-09,3.999828e-11
1.670930e+01,1.071194e-10,3.935700e-09,3.935700e-11
1.671219e+01,1.062728e-10,3.879368e-09,3.879368e-11
1.671508e+01,1.056247e-10,3.832581e-09,3.832581e-11
1.671797e+01,1.052055e-10,3.796127e-09,3.796127e-11
1.672086e+01,1.049285e-10,3.769828e-09,3.769828e-11
1.672374e+01,1.046915e-10,3.752657e-09,3.752657e-11
1.672663e+01,1.044930e-10,3.742918e-09,3.742918e-11
1.672952e+01,1.043530e-10,3.738331e-09,3.738331e-11
1.673241e+01,1.042033e-10,3.736143e-09,3.736143e-11
1.673530e+01,1.039642e-10,3.733281e-09,3.733281e-11
1.673818e+01,1.036583e-10,3.726547e-09,3.726547e-11
1.674107e+01,1.033258e-10,3.712785e-09,3.712785e-11
1.674396e+01,1.028951e-10,3.689101e-09,3.689101e-11
1.674685e+01,1.022603e-10,3.653067e-09,3.653067e-11
1.674973e+01,1.014166e-10,3.602948e-09,3.602948e-11
1.675262e+01,1.003960e-10,3.537853e-09,3.537853e-11
1.675551e+01,9.913652e-11,3.457865e-09,3.457865e-11
1.675840e+01,9.756186e-11,3.364147e-09,3.364147e-11
1.676129e+01,9.572879e-11,3.259066e-09,3.259066e-11
1.676417e+01,9.375441e-11,3.146101e-09,3.146101e-11
1.676706e+01,9.166798e-11,3.029586e-09,3.029586e-11
1.676995e+01,8.946792e-11,2.914365e-09,2.914365e-11
1.677284e+01,8.725831e-11,2.805447e-09,2.805447e-11
1.677573e+01,8.518069e-11,2.707445e-09,2.707445e-11
1.677861e+01,8.326071e-11,2.623967e-09,2.623967e-11
1.678150e+01,8.145856e-11,2.557165e-09,2.557165e-11
1.678439e+01,7.981850e-11,2.507603e-09,2.507603e-11
1.678728e+01,7.842949e-11,2.474267e-09,2.474267e-11
1.679016e+01,7.727947e-11,2.454834e-09,2.454834e-11
1.679305e+01,7.628931e-11,2.446241e-09,2.446241e-11
1.679594e+01,7.546846e-11,2.445399e-09,2.445399e-11
1.679883e+01,7.489714e-11,2.449694e-09,2.449694e-11
1.680172e+01,7.456748e-11,2.457158e-09,2.457158e-11
1.680460e+01,7.438941e-11,2.466560e-09,2.466560e-11
1.680749e+01,7.434454e-11,2.477471e-09,2.477471e-11
1.681038e+01,7.448658e-11,2.490061e-09,2.490061e-11
1.681327e+01,7.478883e-11,2.504717e-09,2.504717e-11
1.681616e+01,7.513129e-11,2.521780e-09,2.521780e-11
1.681904e+01,7.545725e-11,2.541480e-09,2.541480e-11
1.682193e+01,7.580582e-11,2.563912e-09,2.563912e-11
1.682482e+01,7.616420e-11,2.588955e-09,2.588955e-11
1.682771e+01,7.643090e-11,2.616334e-09,2.616334e-11
1.683060e+01,7.656719e-11,2.645817e-09,2.645817e-11
1.683348e+01,7.664749e-11,2.677323e-09,2.677323e-11
1.683637e+01,7.670997e-11,2.710803e-09,2.710803e-11
1.683926e+01,7.669504e-11,2.746246e-09,2.746246e-11
1.684215e+01,7.659240e-11,2.783790e-09,2.783790e-11
1.684503e+01,7.651201e-11,2.823782e-09,2.823782e-11
1.684792e+01,7.653956e-11,2.866561e-09,2.866561e-11
1.685081e+01,7.665614e-11,2.912302e-09,2.912302e-11
1.685370e+01,7.686903e-11,2.961009e-09,2.961009e-11
1.685659e+01,7.728993e-11,3.012576e-09,3.012576e-11
1.685947e+01,7.799987e-11,3.066714e-09,3.066714e-11
1.686236e+01,7.894314e-11,3.123001e-09,3.123001e-11
1.686525e+01,8.003925e-11,3.180974e-09,3.180974e-11
1.686814e+01,8.128754e-11,3.240173e-09,3.240173e-11
1.687103e+01,8.265953e-11,3.299986e-09,3.299986e-11
1.687391e+01,8.399904e-11,3.359606e-09,3.359606e-11
1.687680e+01,8.514084e-11,3.418166e-09,3.418166e-11
1.687969e+01,8.603850e-11,3.474943e-09,3.474943e-11
1.688258e+01,8.668376e-11,3.529378e-09,3.529378e-11
1.688547e+01,8.699895e-11,3.581067e-09,3.581067e-11
1.688835e+01,8.692327e-11,3.629735e-09,3.629735e-11
1.689124e+01,8.653023e-11,3.675208e-09,3.675208e-11
1.689413e+01,8.594612e-11,3.717310e-09,3.717310e-11
1.689702e+01,8.521272e-11,3.755840e-09,3.755840e-11
1.689990e+01,8.433821e-11,3.790670e-09,3.790670e-11
1.690279e+01,8.341796e-11,3.821916e-09,3.821916e-11
1.690568e+01,8.257541e-11,3.849935e-09,3.849935e-11
1.690857e+01,8.182402e-11,3.875196e-09,3.875196e-11
1.691146e+01,8.111235e-11,3.898161e-09,3.898161e-11
1.691434e+01,8.047173e-11,3.919218e-09,3.919218e-11
1.691723e+01,7.998912e-11,3.938544e-09,3.938544e-11
1.692012e+01,7.966743e-11,3.956025e-09,3.956025e-11
1.692301e+01,7.945763e-11,3.971350e-09,3.971350e-11
1.692590e+01,7.940614e-11,3.984225e-09,3.984225e-11
1.692878e+01,7.962991e-11,3.994498e-09,3.994498e-11
1.693167e+01,8.016194e-11,4.002233e-09,4.002233e-11
1.693456e+01,8.095401e-11,4.007819e-09,4.007819e-11
1.693745e+01,8.201769e-11,4.012065e-09,4.012065e-11
1.694033e+01,8.341474e-11,4.016152e-09,4.016152e-11
1.694322e+01,8.510476e-11,4.021431e-09,4.021431e-11
1.694611e+01,8.694552e-11,4.029190e-09,4.029190e-11
1.694900e+01,8.885362e-11,4.040439e-09,4.040439e-11
1.695189e+01,9.082571e-11,4.055669e-09,4.055669e-11
1.695477e+01,9.279421e-11,4.074607e-09,4.074607e-11
1.695766e+01,9.461399e-11,4.096144e-09,4.096144e-11
1.696055e+01,9.622151e-11,4.118447e-09,4.118447e-11
1.696344e+01,9.766563e-11,4.139190e-09,4.139190e-11
1.696633e+01,9.895064e-11,4.155803e-09,4.155803e-11
1.696921e+01,9.999566e-11,4.165820e-09,4.165820e-11
1.697210e+01,1.007853e-10,4.167225e-09,4.167225e-11
1.697499e+01,1.014156e-10,4.158709e-09,4.158709e-11
1.697788e+01,1.019422e-10,4.139774e-09,4.139774e-11
1.698077e+01,1.023226e-10,4.110813e-09,4.110813e-11
1.698365e+01,1.025665e-10,4.073174e-09,4.073174e-11
1.698654e+01,1.027992e-10,4.029078e-09,4.029078e-11
1.698943e+01,1.031053e-10,3.981315e-09,3.981315e-11
1.699232e+01,1.034494e-10,3.932891e-09,3.932891e-11
1.699520e+01,1.038241e-10,3.886755e-09,3.886755e-11
1.699809e+01,1.043193e-10,3.845634e-09,3.845634e-11
1.700098e+01,1.049713e-10,3.811932e-09,3.811932e-11
1.700387e+01,1.056879e-10,3.787809e-09,3.787809e-11
1.700676e+01,1.064026e-10,3.775302e-09,3.775302e-11
1.700964e+01,1.071649e-10,3.776367e-09,3.776367e-11
1.701253e+01,1.080063e-10,3.792673e-09,3.792673e-11
1.701542e+01,1.088598e-10,3.825334e-09,3.825334e-11
1.701831e+01,1.096933e-10,3.874584e-09,3.874584e-11
1.702120e+01,1.105928e-10,3.939461e-09,3.939461e-11
1.702408e+01,1.116233e-10,4.017537e-09,4.017537e-11
1.702697e+01,1.127237e-10,4.104937e-09,4.104937e-11
1.702986e+01,1.138119e-10,4.196547e-09,4.196547e-11
1.703275e+01,1.148798e-10,4.286379e-09,4.286379e-11
1.703564e+01,1.158867e-10,4.367941e-09,4.367941e-11
1.703852e+01,1.166640e-10,4.434694e-09,4.434694e-11
1.704141e+01,1.170419e-10,4.480546e-09,4.480546e-11
1.704430e+01,1.169772e-10,4.500362e-09,4.500362e-11
1.704719e+01,1.164616e-10,4.490399e-09,4.490399e-11
1.705007e+01,1.154219e-10,4.448675e-09,4.448675e-11
1.705296e+01,1.138265e-10,4.375136e-09,4.375136e-11
1.705585e+01,1.117860e-10,4.271621e-09,4.271621e-11
1.705874e+01,1.094343e-10,4.141589e-09,4.141589e-11
1.706163e+01,1.067999e-10,3.989738e-09,3.989738e-11
1.706451e+01,1.038980e-10,3.821536e-09,3.821536e-11
1.706740e+01,1.008375e-10,3.642715e-09,3.642715e-11
1.707029e+01,9.771568e-11,3.458718e-09,3.458718e-11
1.707318e+01,9.451498e-11,3.274365e-09,3.274365e-11
1.707607e+01,9.121607e-11,3.093792e-09,3.093792e-11
1.707895e+01,8.791865e-11,2.920662e-09,2.920662e-11
1.708184e+01,8.473909e-11,2.758351e-09,2.758351e-11
1.708473e+01,8.169212e-11,2.609998e-09,2.609998e-11
1.708762e+01,7.878874e-11,2.478335e-09,2.478335e-11
1.709051e+01,7.613517e-11,2.365363e-09,2.365363e-11
1.709339e+01,7.381176e-11,2.271809e-09,2.271809e-11
1.709628e+01,7.175882e-11,2.196757e-09,2.196757e-11
1.709917e+01,6.989195e-11,2.137651e-09,2.137651e-11
1.710206e+01,6.821815e-11,2.090802e-09,2.090802e-11
1.710494e+01,6.673748e-11,2.052175e-09,2.052175e-11
1.710783e+01,6.535260e-11,2.018371e-09,2.018371e-11
1.711072e+01,6.398861e-11,1.987361e-09,1.987361e-11
1.711361e+01,6.270350e-11,1.958796e-09,1.958796e-11
1.711650e+01,6.157492e-11,1.933637e-09,1.933637e-11
1.711938e+01,6.057787e-11,1.913410e-09,1.913410e-11
1.712227e+01,5.968326e-11,1.899397e-09,1.899397e-11
1.712516e+01,5.896251e-11,1.892124e-09,1.892124e-11
1.712805e+01,5.847312e-11,1.891024e-09,1.891024e-11
1.713094e+01,5.814605e-11,1.894535e-09,1.894535e-11
1.713382e+01,5.790176e-11,1.900640e-09,1.900640e-11
1.713671e+01,5.777770e-11,1.907687e-09,1.907687e-11
1.713960e+01,5.783007e-11,1.914933e-09,1.914933e-11
1.714249e+01,5.801796e-11,1.922884e-09,1.922884e-11
1.714537e+01,5.830721e-11,1.933199e-09,1.933199e-11
1.714826e+01,5.878810e-11,1.948271e-09,1.948271e-11
1.715115e+01,5.956220e-11,1.970401e-09,1.970401e-11
1.715404e+01,6.060121e-11,2.001071e-09,2.001071e-11
1.715693e+01,6.184075e-11,2.040573e-09,2.040573e-11
1.715981e+01,6.331607e-11,2.088161e-09,2.088161e-11
1.716270e+01,6.506512e-11,2.142248e-09,2.142248e-11
1.716559e+01,6.699161e-11,2.200817e-09,2.200817e-11
1.716848e+01,6.897204e-11,2.262002e-09,2.262002e-11
1.717137e+01,7.101067e-11,2.324531e-09,2.324531e-11
1.717425e+01,7.314582e-11,2.387592e-09,2.387592e-11
1.717714e+01,7.529724e-11,2.450534e-09,2.450534e-11
1.718003e+01,7.735459e-11,2.512559e-09,2.512559e-11
1.718292e+01,7.932682e-11,2.572576e-09,2.572576e-11
1.718581e+01,8.125491e-11,2.629077e-09,2.629077e-11
1.718869e+01,8.305938e-11,2.680250e-09,2.680250e-11
1.719158e+01,8.462409e-11,2.724325e-09,2.724325e-11
1.719447e+01,8.596136e-11,2.760100e-09,2.760100e-11
1.719736e+01,8.715044e-11,2.787198e-09,2.787198e-11
1.720024e+01,8.818113e-11,2.806173e-09,2.806173e-11
1.720313e+01,8.901102e-11,2.818507e-09,2.818507e-11
1.720602e+01,8.971988e-11,2.826455e-09,2.826455e-11
1.720891e+01,9.044518e-11,2.832548e-09,2.832548e-11
1.721180e+01,9.120033e-11,2.839027e-09,2.839027e-11
1.721468e+01,9.190624e-11,2.847419e-09,2.847419e-11
1.721757e+01,9.255952e-11,2.858390e-09,2.858390e-11
1.722046e+01,9.320275e-11,2.871716e-09,2.871716e-11
1.722335e+01,9.376143e-11,2.886411e-09,2.886411e-11
1.722624e+01,9.408206e-11,2.901112e-09,2.901112e-11
1.722912e+01,9.412024e-11,2.914651e-09,2.914651e-11
1.723201e+01,9.393719e-11,2.926318e-09,2.926318e-11
1.723490e+01,9.352787e-11,2.935763e-09,2.935763e-11
1.723779e+01,9.282239e-11,2.942806e-09,2.942806e-11
1.724068e+01,9.185203e-11,2.947261e-09,2.947261e-11
1.724356e+01,9.074636e-11,2.948680e-09,2.948680e-11
1.724645e+01,8.955518e-11,2.946118e-09,2.946118e-11
1.724934e+01,8.822912e-11,2.938243e-09,2.938243e-11
1.725223e+01,8.678947e-11,2.923712e-09,2.923712e-11
1.725511e+01,8.535310e-11,2.901498e-09,2.901498e-11
1.725800e+01,8.397000e-11,2.871049e-09,2.871049e-11
1.726089e+01,8.259181e-11,2.832449e-09,2.832449e-11
1.726378e+01,8.122749e-11,2.786517e-09,2.786517e-11
1.726667e+01,7.998405e-11,2.734705e-09,2.734705e-11
1.726955e+01,7.891388e-11,2.678752e-09,2.678752e-11
1.727244e+01,7.795649e-11,2.620420e-09,2.620420e-11
1.727533e+01,7.707467e-11,2.561353e-09,2.561353e-11
1.727822e+01,7.633383e-11,2.503100e-09,2.503100e-11
1.728111e+01,7.578491e-11,2.447061e-09,2.447061e-11
1.728399e+01,7.537769e-11,2.394551e-09,2.394551e-11
1.728688e+01,7.508222e-11,2.347009e-09,2.347009e-11
1.728977e+01,7.499433e-11,2.306300e-09,2.306300e-11
1.729266e+01,7.522319e-11,2.274659e-09,2.274659e-11
1.729554e+01,7.576187e-11,2.254519e-09,2.254519e-11
1.729843e+01,7.657421e-11,2.248424e-09,2.248424e-11
1.730132e+01,7.771615e-11,2.258973e-09,2.258973e-11
1.730421e+01,7.923858e-11,2.288447e-09,2.288447e-11
1.730710e+01,8.105438e-11,2.338449e-09,2.338449e-11
1.730998e+01,8.303058e-11,2.409735e-09,2.409735e-11
1.731287e+01,8.513617e-11,2.502188e-09,2.502188e-11
1.731576e+01,8.738092e-11,2.614639e-09,2.614639e-11
1.731865e+01,8.968469e-11,2.744786e-09,2.744786e-11
1.732154e+01,9.193857e-11,2.889272e-09,2.889272e-11
1.732442e+01,9.414321e-11,3.043937e-09,3.043937e-11
1.732731e+01,9.635461e-11,3.203998e-09,3.203998e-11
1.733020e+01,9.853142e-11,3.364256e-09,3.364256e-11
1.733309e+01,1.005610e-10,3.519393e-09,3.519393e-11
1.733598e+01,1.023983e-10,3.664283e-09,3.664283e-11
1.733886e+01,1.040494e-10,3.794122e-09,3.794122e-11
1.734175e+01,1.054409e-10,3.904508e-09,3.904508e-11
1.734464e+01,1.064340e-10,3.991623e-09,3.991623e-11
1.734753e+01,1.069725e-10,4.052522e-09,4.052522e-11
1.735041e+01,1.070995e-10,4.085395e-09,4.085395e-11
1.735330e+01,1.068252e-10,4.089686e-09,4.089686e-11
1.735619e+01,1.060997e-10,4.066150e-09,4.066150e-11
1.735908e+01,1.049377e-10,4.016786e-09,4.016786e-11
1.736197e+01,1.034475e-10,3.944578e-09,3.944578e-11
1.736485e+01,1.016922e-10,3.853057e-09,3.853057e-11
1.736774e+01,9.964283e-11,3.745966e-09,3.745966e-11
1.737063e+01,9.731289e-11,3.627138e-09,3.627138e-11
1.737352e+01,9.480939e-11,3.500542e-09,3.500542e-11
1.737641e+01,9.220799e-11,3.370310e-09,3.370310e-11
1.737929e+01,8.950321e-11,3.240797e-09,3.240797e-11
1.738218e+01,8.672840e-11,3.116546e-09,3.116546e-11
1.738507e+01,8.400571e-11,3.002031e-09,3.002031e-11
1.738796e+01,8.142523e-11,2.901135e-09,2.901135e-11
1.739085e+01,7.897722e-11,2.816680e-09,2.816680e-11
1.739373e+01,7.665301e-11,2.750131e-09,2.750131e-11
1.739662e+01,7.451343e-11,2.701501e-09,2.701501e-11
1.739951e+01,7.259504e-11,2.669375e-09,2.669375e-11
1.740240e+01,7.083907e-11,2.651180e-09,2.651180e-11
1.740528e+01,6.919236e-11,2.643618e-09,2.643618e-11
1.740817e+01,6.769670e-11,2.643091e-09,2.643091e-11
1.741106e+01,6.639380e-11,2.645853e-09,2.645853e-11
1.741395e+01,6.523604e-11,2.648068e-09,2.648068e-11
1.741684e+01,6.417783e-11,2.645921e-09,2.645921e-11
1.741972e+01,6.325579e-11,2.635793e-09,2.635793e-11
1.742261e+01,6.248923e-11,2.614401e-09,2.614401e-11
1.742550e+01,6.179750e-11,2.579074e-09,2.579074e-11
1.742839e+01,6.109855e-11,2.528057e-09,2.528057e-11
1.743128e+01,6.040029e-11,2.460774e-09,2.460774e-11
1.743416e+01,5.972023e-11,2.377977e-09,2.377977e-11
1.743705e+01,5.900619e-11,2.281806e-09,2.281806e-11
1.743994e+01,5.822908e-11,2.175681e-09,2.175681e-11
1.744283e+01,5.746763e-11,2.064054e-09,2.064054e-11
1.744571e+01,5.681241e-11,1.951920e-09,1.951920e-11
1.744860e+01,5.626947e-11,1.844238e-09,1.844238e-11
1.745149e+01,5.583508e-11,1.745439e-09,1.745439e-11
1.745438e+01,5.557545e-11,1.659080e-09,1.659080e-11
1.745727e+01,5.553580e-11,1.587468e-09,1.587468e-11
1.746015e+01,5.565365e-11,1.531427e-09,1.531427e-11
1.746304e+01,5.585456e-11,1.490292e-09,1.490292e-11
1.746593e+01,5.614516e-11,1.462198e-09,1.462198e-11
1.746882e+01,5.653266e-11,1.444442e-09,1.444442e-11
1.747171e+01,5.695053e-11,1.434085e-09,1.434085e-11
1.747459e+01,5.735066e-11,1.428659e-09,1.428659e-11
1.747748e+01,5.778174e-11,1.426668e-09,1.426668e-11
1.748037e+01,5.829564e-11,1.427581e-09,1.427581e-11
1.748326e+01,5.885995e-11,1.431593e-09,1.431593e-11
1.748615e+01,5.943778e-11,1.439189e-09,1.439189e-11
1.748903e+01,6.006595e-11,1.450699e-09,1.450699e-11
1.749192e+01,6.076618e-11,1.465842e-09,1.465842e-11
1.749481e+01,6.145973e-11,1.483597e-09,1.483597e-11
1.749770e+01,6.206020e-11,1.502398e-09,1.502398e-11
1.750058e+01,6.257180e-11,1.520545e-09,1.520545e-11
1.750347e+01,6.300533e-11,1.536403e-09,1.536403e-11
1.750636e+01,6.328800e-11,1.548583e-09,1.548583e-11
1.750925e+01,6.336181e-11,1.556124e-09,1.556124e-11
1.751214e+01,6.328167e-11,1.558747e-09,1.558747e-11
1.751502e+01,6.312037e-11,1.556961e-09,1.556961e-11
1.751791e+01,6.286831e-11,1.552224e-09,1.552224e-11
1.752080e+01,6.252884e-11,1.547028e-09,1.547028e-11
1.752369e+01,6.221978e-11,1.544927e-09,1.544927e-11
1.752658e+01,6.206854e-11,1.550206e-09,1.550206e-11
1.752946e+01,6.209496e-11,1.567412e-09,1.567412e-11
1.753235e+01,6.230458e-11,1.600729e-09,1.600729e-11
1.753524e+01,6.280153e-11,1.653416e-09,1.653416e-11
1.753813e+01,6.367689e-11,1.727123e-09,1.727123e-11
1.754102e+01,6.487192e-11,1.821476e-09,1.821476e-11
1.754390e+01,6.628637e-11,1.934071e-09,1.934071e-11
1.754679e+01,6.792166e-11,2.060926e-09,2.060926e-11
1.754968e+01,6.977255e-11,2.196818e-09,2.196818e-11
1.755257e+01,7.169024e-11,2.335766e-09,2.335766e-11
1.755545e+01,7.351106e-11,2.471574e-09,2.471574e-11
1.755834e+01,7.521444e-11,2.598370e-09,2.598370e-11
1.756123e+01,7.681388e-11,2.710823e-09,2.710823e-11
1.756412e+01,7.820854e-11,2.804424e-09,2.804424e-11
1.756701e+01,7.929298e-11,2.875762e-09,2.875762e-11
1.756989e+01,8.011281e-11,2.922838e-09,2.922838e-11
1.757278e+01,8.075845e-11,2.945150e-09,2.945150e-11
1.757567e+01,8.119353e-11,2.943715e-09,2.943715e-11
1.757856e+01,8.134246e-11,2.921032e-09,2.921032e-11
1.758145e+01,8.126762e-11,2.881036e-09,2.881036e-11
1.758433e+01,8.108500e-11,2.828741e-09,2.828741e-11
1.758722e+01,8.077340e-11,2.769719e-09,2.769719e-11
1.759011e+01,8.025621e-11,2.709583e-09,2.709583e-11
1.759300e+01,7.960506e-11,2.653640e-09,2.653640e-11
1.759588e+01,7.897416e-11,2.606345e-09,2.606345e-11
1.759877e+01,7.839161e-11,2.570776e-09,2.570776e-11
1.760166e+01,7.781521e-11,2.548439e-09,2.548439e-11
1.760455e+01,7.734299e-11,2.539536e-09,2.539536e-11
1.760744e+01,7.715962e-11,2.543188e-09,2.543188e-11
1.761032e+01,7.731379e-11,2.557707e-09,2.557707e-11
1.761321e+01,7.774061e-11,2.581024e-09,2.581024e-11
1.761610e+01,7.847747e-11,2.611206e-09,2.611206e-11
1.761899e+01,7.964681e-11,2.646613e-09,2.646613e-11
1.762188e+01,8.123115e-11,2.685807e-09,2.685807e-11
1.762476e+01,8.307568e-11,2.727526e-09,2.727526e-11
1.762765e+01,8.511243e-11,2.770722e-09,2.770722e-11
1.763054e+01,8.737951e-11,2.814461e-09,2.814461e-11
1.763343e+01,8.980367e-11,2.857654e-09,2.857654e-11
1.763632e+01,9.217171e-11,2.898982e-09,2.898982e-11
1.763920e+01,9.435469e-11,2.937045e-09,2.937045e-11
1.764209e+01,9.636518e-11,2.970481e-09,2.970481e-11
1.764498e+01,9.815225e-11,2.997914e-09,2.997914e-11
1.764787e+01,9.954231e-11,3.018107e-09,3.018107e-11
1.765075e+01,1.004546e-10,3.030221e-09,3.030221e-11
1.765364e+01,1.009925e-10,3.034020e-09,3.034020e-11
1.765653e+01,1.012406e-10,3.029740e-09,3.029740e-11
1.765942e+01,1.011550e-10,3.017999e-09,3.017999e-11
1.766231e+01,1.007581e-10,2.999798e-09,2.999798e-11
1.766519e+01,1.002419e-10,2.976578e-09,2.976578e-11
1.766808e+01,9.975403e-11,2.950005e-09,2.950005e-11
1.767097e+01,9.926931e-11,2.921952e-09,2.921952e-11
1.767386e+01,9.877455e-11,2.894716e-09,2.894716e-11
1.767675e+01,9.838317e-11,2.871191e-09,2.871191e-11
1.767963e+01,9.815370e-11,2.854497e-09,2.854497e-11
1.768252e+01,9.797197e-11,2.847552e-09,2.847552e-11
1.768541e+01,9.772170e-11,2.852572e-09,2.852572e-11
1.768830e+01,9.741482e-11,2.870575e-09,2.870575e-11
1.769119e+01,9.705073e-11,2.900832e-09,2.900832e-11
1.769407e+01,9.649404e-11,2.940816e-09,2.940816e-11
1.769696e+01,9.561376e-11,2.986641e-09,2.986641e-11
1.769985e+01,9.442955e-11,3.033804e-09,3.033804e-11
1.770274e+01,9.299733e-11,3.077662e-09,3.077662e-11
1.770562e+01,9.126396e-11,3.113773e-09,3.113773e-11
1.770851e+01,8.917610e-11,3.138127e-09,3.138127e-11
1.771140e+01,8.682690e-11,3.147324e-09,3.147324e-11
1.771429e+01,8.435176e-11,3.138499e-09,3.138499e-11
1.771718e+01,8.177171e-11,3.109321e-09,3.109321e-11
1.772006e+01,7.907403e-11,3.058203e-09,3.058203e-11
1.772295e+01,7.635863e-11,2.984673e-09,2.984673e-11
1.772584e+01,7.376125e-11,2.889560e-09,2.889560e-11
1.772873e+01,7.130347e-11,2.775101e-09,2.775101e-11
1.773162e+01,6.895764e-11,2.644994e-09,2.644994e-11
1.773450e+01,6.679934e-11,2.504405e-09,2.504405e-11
1.773739e+01,6.495610e-11,2.359698e-09,2.359698e-11
1.774028e+01,6.345549e-11,2.217968e-09,2.217968e-11
1.774317e+01,6.226895e-11,2.086618e-09,2.086618e-11
1.774605e+01,6.146009e-11,1.973010e-09,1.973010e-11
1.774894e+01,6.114202e-11,1.883842e-09,1.883842e-11
1.775183e+01,6.132528e-11,1.824395e-09,1.824395e-11
1.775472e+01,6.194577e-11,1.797866e-09,1.797866e-11
1.775761e+01,6.300807e-11,1.804984e-09,1.804984e-11
1.776049e+01,6.455721e-11,1.843834e-09,1.843834e-11
1.776338e+01,6.653255e-11,1.909952e-09,1.909952e-11
1.776627e+01,6.878818e-11,1.996802e-09,1.996802e-11
1.776916e+01,7.123048e-11,2.096523e-09,2.096523e-11
1.777205e+01,7.380527e-11,2.200635e-09,2.200635e-11
1.777493e+01,7.637273e-11,2.300680e-09,2.300680e-11
1.777782e+01,7.872495e-11,2.388971e-09,2.388971e-11
1.778071e+01,8.072447e-11,2.459475e-09,2.459475e-11
1.778360e+01,8.231650e-11,2.508476e-09,2.508476e-11
1.778649e+01,8.341989e-11,2.534856e-09,2.534856e-11
1.778937e+01,8.393485e-11,2.540129e-09,2.540129e-11
1.779226e+01,8.386890e-11,2.528133e-09,2.528133e-11
1.779515e+01,8.333962e-11,2.504161e-09,2.504161e-11
1.779804e+01,8.244870e-11,2.473720e-09,2.473720e-11
1.780092e+01,8.126096e-11,2.441298e-09,2.441298e-11
1.780381e+01,7.989802e-11,2.409531e-09,2.409531e-11
1.780670e+01,7.853042e-11,2.378944e-09,2.378944e-11
1.780959e+01,7.725407e-11,2.348240e-09,2.348240e-11
1.781248e+01,7.607097e-11,2.315116e-09,2.315116e-11
1.781536e+01,7.499408e-11,2.277325e-09,2.277325e-11
1.781825e+01,7.406802e-11,2.233507e-09,2.233507e-11
1.782114e+01,7.328108e-11,2.183706e-09,2.183706e-11
1.782403e+01,7.255992e-11,2.129647e-09,2.129647e-11
1.782692e+01,7.187477e-11,2.074730e-09,2.074730e-11
1.782980e+01,7.126518e-11,2.023712e-09,2.023712e-11
1.783269e+01,7.074897e-11,1.981981e-09,1.981981e-11
1.783558e+01,7.029326e-11,1.954490e-09,1.954490e-11
1.783847e+01,6.989598e-11,1.944708e-09,1.944708e-11
1.784136e+01,6.960417e-11,1.953825e-09,1.953825e-11
1.784424e+01,6.941955e-11,1.980376e-09,1.980376e-11
1.784713e+01,6.927384e-11,2.020610e-09,2.020610e-11
1.785002e+01,6.911966e-11,2.069410e-09,2.069410e-11
1.785291e+01,6.896241e-11,2.121330e-09,2.121330e-11
1.785579e+01,6.878548e-11,2.171457e-09,2.171457e-11
1.785868e+01,6.852616e-11,2.216015e-09,2.216015e-11
1.786157e+01,6.816164e-11,2.252693e-09,2.252693e-11
1.786446e+01,6.774812e-11,2.280682e-09,2.280682e-11
1.786735e+01,6.733389e-11,2.300467e-09,2.300467e-11
1.787023e+01,6.691222e-11,2.313537e-09,2.313537e-11
1.787312e+01,6.650490e-11,2.322087e-09,2.322087e-11
1.787601e+01,6.620617e-11,2.328762e-09,2.328762e-11
1.787890e+01,6.608875e-11,2.336417e-09,2.336417e-11
1.788179e+01,6.615062e-11,2.347973e-09,2.347973e-11
1.788467e+01,6.640524e-11,2.366308e-09,2.366308e-11
1.788756e+01,6.692700e-11,2.394098e-09,2.394098e-11
1.789045e+01,6.775349e-11,2.433517e-09,2.433517e-11
1.789334e+01,6.882793e-11,2.485957e-09,2.485957e-11
1.789623e+01,7.008718e-11,2.551859e-09,2.551859e-11
1.789911e+01,7.152148e-11,2.630689e-09,2.630689e-11
1.790200e+01,7.308501e-11,2.720998e-09,2.720998e-11
1.790489e+01,7.464003e-11,2.820598e-09,2.820598e-11
1.790778e+01,7.606455e-11,2.926808e-09,2.926808e-11
1.791066e+01,7.733205e-11,3.036653e-09,3.036653e-11
1.791355e+01,7.842213e-11,3.146909e-09,3.146909e-11
1.791644e+01,7.925324e-11,3.254123e-09,3.254123e-11
1.791933e+01,7.978130e-11,3.354620e-09,3.354620e-11
1.792222e+01,8.006934e-11,3.444566e-09,3.444566e-11
1.792510e+01,8.018198e-11,3.520023e-09,3.520023e-11
1.792799e+01,8.009906e-11,3.577156e-09,3.577156e-11
1.793088e+01,7.979947e-11,3.612509e-09,3.612509e-11
1.793377e+01,7.933864e-11,3.623286e-09,3.623286e-11
1.793666e+01,7.876679e-11,3.607525e-09,3.607525e-11
1.793954e+01,7.804491e-11,3.564256e-09,3.564256e-11
1.794243e+01,7.712418e-11,3.493584e-09,3.493584e-11
1.794532e+01,7.605161e-11,3.396771e-09,3.396771e-11
1.794821e+01,7.490813e-11,3.276215e-09,3.276215e-11
1.795109e+01,7.369653e-11,3.135376e-09,3.135376e-11
1.795398e+01,7.239829e-11,2.978650e-09,2.978650e-11
1.795687e+01,7.109466e-11,2.811267e-09,2.811267e-11
1.795976e+01,6.990443e-11,2.639051e-09,2.639051e-11
1.796265e+01,6.883997e-11,2.468116e-09,2.468116e-11
1.796553e+01,6.785850e-11,2.304589e-09,2.304589e-11
1.796842e+01,6.700795e-11,2.154419e-09,2.154419e-11
1.797131e+01,6.638026e-11,2.023057e-09,2.023057e-11
1.797420e+01,6.596009e-11,1.914976e-09,1.914976e-11
1.797709e+01,6.566330e-11,1.833141e-09,1.833141e-11
1.797997e+01,6.549720e-11,1.778646e-09,1.778646e-11
1.798286e+01,6.553165e-11,1.750460e-09,1.750460e-11
1.798575e+01,6.573238e-11,1.745478e-09,1.745478e-11
1.798864e+01,6.598048e-11,1.759123e-09,1.759123e-11
1.799153e+01,6.624749e-11,1.786332e-09,1.786332e-11
1.799441e+01,6.659272e-11,1.822258e-09,1.822258e-11
1.799730e+01,6.698968e-11,1.862606e-09,1.862606e-11
1.800019e+01,6.732695e-11,1.903911e-09,1.903911e-11
1.800308e+01,6.759240e-11,1.943752e-09,1.943752e-11
1.800596e+01,6.788006e-11,1.980611e-09,1.980611e-11
1.800885e+01,6.819658e-11,2.013448e-09,2.013448e-11
1.801174e+01,6.843617e-11,2.041372e-09,2.041372e-11
1.801463e+01,6.856462e-11,2.063459e-09,2.063459e-11
1.801752e+01,6.864788e-11,2.078598e-09,2.078598e-11
1.802040e+01,6.866825e-11,2.085315e-09,2.085315e-11
1.802329e+01,6.848837e-11,2.081977e-09,2.081977e-11
1.802618e+01,6.805263e-11,2.067377e-09,2.067377e-11
1.802907e+01,6.745826e-11,2.041310e-09,2.041310e-11
1.803196e+01,6.676803e-11,2.004687e-09,2.004687e-11
1.803484e+01,6.593427e-11,1.959567e-09,1.959567e-11
1.803773e+01,6.498466e-11,1.909035e-09,1.909035e-11
1.804062e+01,6.409569e-11,1.856825e-09,1.856825e-11
1.804351e+01,6.338184e-11,1.806450e-09,1.806450e-11
1.804640e+01,6.278500e-11,1.760549e-09,1.760549e-11
1.804928e+01,6.226083e-11,1.720669e-09,1.720669e-11
1.805217e+01,6.188703e-11,1.687368e-09,1.687368e-11
1.805506e+01,6.168316e-11,1.660053e-09,1.660053e-11
1.805795e+01,6.150687e-11,1.637339e-09,1.637339e-11
1.806083e+01,6.124876e-11,1.617789e-09,1.617789e-11
1.806372e+01,6.097307e-11,1.600683e-09,1.600683e-11
1.806661e+01,6.075006e-11,1.585973e-09,1.585973e-11
1.806950e+01,6.050997e-11,1.574130e-09,1.574130e-11
1.807239e+01,6.020425e-11,1.565969e-09,1.565969e-11
1.807527e+01,5.995122e-11,1.562505e-09,1.562505e-11
1.807816e+01,5.986396e-11,1.564147e-09,1.564147e-11
1.808105e+01,5.987830e-11,1.570244e-09,1.570244e-11
1.808394e+01,5.990728e-11,1.579241e-09,1.579241e-11
1.808683e+01,6.001916e-11,1.589372e-09,1.589372e-11
1.808971e+01,6.029411e-11,1.598949e-09,1.598949e-11
1.809260e+01,6.065086e-11,1.606843e-09,1.606843e-11
1.809549e+01,6.099111e-11,1.612955e-09,1.612955e-11
1.809838e+01,6.138359e-11,1.618531e-09,1.618531e-11
1.810126e+01,6.193050e-11,1.625519e-09,1.625519e-11
1.810415e+01,6.257380e-11,1.635848e-09,1.635848e-11
1.810704e+01,6.321185e-11,1.650995e-09,1.650995e-11
1.810993e+01,6.389512e-11,1.671983e-09,1.671983e-11
1.811282e+01,6.471648e-11,1.698978e-09,1.698978e-11
1.811570e+01,6.561522e-11,1.731203e-09,1.731203e-11
1.811859e+01,6.649342e-11,1.767379e-09,1.767379e-11
1.812148e+01,6.742960e-11,1.806520e-09,1.806520e-11
1.812437e+01,6.857440e-11,1.848068e-09,1.848068e-11
1.812726e+01,6.993268e-11,1.891823e-09,1.891823e-11
1.813014e+01,7.145033e-11,1.937882e-09,1.937882e-11
1.813303e+01,7.320453e-11,1.986596e-09,1.986596e-11
1.813592e+01,7.529482e-11,2.038068e-09,2.038068e-11
1.813881e+01,7.763134e-11,2.091750e-09,2.091750e-11
1.814170e+01,8.001698e-11,2.146352e-09,2.146352e-11
1.814458e+01,8.235898e-11,2.200064e-09,2.200064e-11
1.814747e+01,8.462043e-11,2.250653e-09,2.250653e-11
1.815036e+01,8.664653e-11,2.295762e-09,2.295762e-11
1.815325e+01,8.824562e-11,2.333423e-09,2.333423e-11
1.815613e+01,8.939778e-11,2.362565e-09,2.362565e-11
1.815902e+01,9.020680e-11,2.383043e-09,2.383043e-11
1.816191e+01,9.069811e-11,2.395409e-09,2.395409e-11
1.816480e+01,9.084780e-11,2.400723e-09,2.400723e-11
1.816769e+01,9.075513e-11,2.400517e-09,2.400517e-11
1.817057e+01,9.058424e-11,2.396637e-09,2.396637e-11
1.817346e+01,9.037481e-11,2.391064e-09,2.391064e-11
1.817635e+01,9.007749e-11,2.385925e-09,2.385925e-11
1.817924e+01,8.973086e-11,2.383622e-09,2.383622e-11
1.818213e+01,8.944717e-11,2.386829e-09,2.386829e-11
1.818501e+01,8.925448e-11,2.398373e-09,2.398373e-11
1.818790e+01,8.910801e-11,2.421050e-09,2.421050e-11
1.819079e+01,8.904920e-11,2.457339e-09,2.457339e-11
1.819368e+01,8.920093e-11,2.509087e-09,2.509087e-11
1.819657e+01,8.959520e-11,2.577317e-09,2.577317e-11
1.819945e+01,9.015795e-11,2.662326e-09,2.662326e-11
1.820234e+01,9.087001e-11,2.764001e-09,2.764001e-11
1.820523e+01,9.178160e-11,2.882001e-09,2.882001e-11
1.820812e+01,9.286236e-11,3.015684e-09,3.015684e-11
1.821100e+01,9.399963e-11,3.163936e-09,3.163936e-11
1.821389e+01,9.516039e-11,3.324945e-09,3.324945e-11
1.821678e+01,9.640330e-11,3.495921e-09,3.495921e-11
1.821967e+01,9.772635e-11,3.672874e-09,3.672874e-11
1.822256e+01,9.904902e-11,3.850637e-09,3.850637e-11
1.822544e+01,1.003417e-10,4.023172e-09,4.023172e-11
1.822833e+01,1.016261e-10,4.184022e-09,4.184022e-11
1.823122e+01,1.028408e-10,4.326790e-09,4.326790e-11
1.823411e+01,1.038342e-10,4.445656e-09,4.445656e-11
1.823700e+01,1.044983e-10,4.535822e-09,4.535822e-11
1.823988e+01,1.047991e-10,4.593830e-09,4.593830e-11
1.824277e+01,1.046741e-10,4.617755e-09,4.617755e-11
1.824566e+01,1.040261e-10,4.607291e-09,4.607291e-11
1.824855e+01,1.028413e-10,4.563738e-09,4.563738e-11
1.825143e+01,1.012075e-10,4.489859e-09,4.489859e-11
1.825432e+01,9.919769e-11,4.389616e-09,4.389616e-11
1.825721e+01,9.684054e-11,4.267873e-09,4.267873e-11
1.826010e+01,9.421314e-11,4.130114e-09,4.130114e-11
1.826299e+01,9.144970e-11,3.982168e-09,3.982168e-11
1.826587e+01,8.863903e-11,3.829940e-09,3.829940e-11
1.826876e+01,8.580363e-11,3.679145e-09,3.679145e-11
1.827165e+01,8.299569e-11,3.535075e-09,3.535075e-11
1.827454e+01,8.031908e-11,3.402351e-09,3.402351e-11
1.827743e+01,7.783542e-11,3.284639e-09,3.284639e-11
1.828031e+01,7.553907e-11,3.184408e-09,3.184408e-11
1.828320e+01,7.344503e-11,3.102784e-09,3.102784e-11
1.828609e+01,7.161027e-11,3.039539e-09,3.039539e-11
1.828898e+01,7.004081e-11,2.993160e-09,2.993160e-11
1.829187e+01,6.866958e-11,2.961002e-09,2.961002e-11
1.829475e+01,6.745369e-11,2.939486e-09,2.939486e-11
1.829764e+01,6.640888e-11,2.924300e-09,2.924300e-11
1.830053e+01,6.552952e-11,2.910638e-09,2.910638e-11
1.830342e+01,6.476762e-11,2.893567e-09,2.893567e-11
1.830630e+01,6.411747e-11,2.868521e-09,2.868521e-11
1.830919e+01,6.363851e-11,2.831848e-09,2.831848e-11
1.831208e+01,6.336655e-11,2.781310e-09,2.781310e-11
1.831497e+01,6.326919e-11,2.716527e-09,2.716527e-11
1.831786e+01,6.331740e-11,2.639240e-09,2.639240e-11
1.832074e+01,6.352569e-11,2.553340e-09,2.553340e-11
1.832363e+01,6.387690e-11,2.464551e-09,2.464551e-11
1.832652e+01,6.428324e-11,2.379809e-09,2.379809e-11
1.832941e+01,6.468064e-11,2.306416e-09,2.306416e-11
1.833230e+01,6.509742e-11,2.251039e-09,2.251039e-11
1.833518e+01,6.557794e-11,2.218640e-09,2.218640e-11
1.833807e+01,6.611877e-11,2.211693e-09,2.211693e-11
1.834096e+01,6.674742e-11,2.230002e-09,2.230002e-11
1.834385e+01,6.758135e-11,2.271159e-09,2.271159e-11
1.834674e+01,6.872739e-11,2.331309e-09,2.331309e-11
1.834962e+01,7.019427e-11,2.406060e-09,2.406060e-11
1.835251e+01,7.196517e-11,2.491203e-09,2.491203e-11
1.835540e+01,7.407229e-11,2.583116e-09,2.583116e-11
1.835829e+01,7.652233e-11,2.678787e-09,2.678787e-11
1.836117e+01,7.921099e-11,2.775680e-09,2.775680e-11
1.836406e+01,8.200172e-11,2.871589e-09,2.871589e-11
1.836695e+01,8.483528e-11,2.964586e-09,2.964586e-11
1.836984e+01,8.766380e-11,3.052936e-09,3.052936e-11
1.837273e+01,9.034870e-11,3.135138e-09,3.135138e-11
1.837561e+01,9.274041e-11,3.210086e-09,3.210086e-11
1.837850e+01,9.479367e-11,3.277238e-09,3.277238e-11
1.838139e+01,9.650356e-11,3.336616e-09,3.336616e-11
1.838428e+01,9.779594e-11,3.388752e-09,3.388752e-11
1.838717e+01,9.858906e-11,3.434565e-09,3.434565e-11
1.839005e+01,9.891315e-11,3.475177e-09,3.475177e-11
1.839294e+01,9.886253e-11,3.511632e-09,3.511632e-11
1.839583e+01,9.846614e-11,3.544663e-09,3.544663e-11
1.839872e+01,9.770907e-11,3.574626e-09,3.574626e-11
1.840160e+01,9.666064e-11,3.601591e-09,3.601591e-11
1.840449e+01,9.545312e-11,3.625418e-09,3.625418e-11
1.840738e+01,9.412854e-11,3.645839e-09,3.645839e-11
1.841027e+01,9.263922e-11,3.662576e-09,3.662576e-11
1.841316e+01,9.100610e-11,3.675509e-09,3.675509e-11
1.841604e+01,8.933367e-11,3.684737e-09,3.684737e-11
1.841893e+01,8.765160e-11,3.690505e-09,3.690505e-11
1.842182e+01,8.590154e-11,3.693173e-09,3.693173e-11
1.842471e+01,8.410747e-11,3.693252e-09,3.693252e-11
1.842760e+01,8.240369e-11,3.691341e-09,3.691341e-11
1.843048e+01,8.086225e-11,3.687930e-09,3.687930e-11
1.843337e+01,7.944088e-11,3.683282e-09,3.683282e-11
1.843626e+01,7.814565e-11,3.677461e-09,3.677461e-11
1.843915e+01,7.708557e-11,3.670393e-09,3.670393e-11
1.844204e+01,7.629470e-11,3.661799e-09,3.661799e-11
1.844492e+01,7.565618e-11,3.651243e-09,3.651243e-11
1.844781e+01,7.508722e-11,3.638316e-09,3.638316e-11
1.845070e+01,7.463979e-11,3.622762e-09,3.622762e-11
1.845359e+01,7.432735e-11,3.604365e-09,3.604365e-11
1.845647e+01,7.402835e-11,3.582941e-09,3.582941e-11
1.845936e+01,7.367427e-11,3.558429e-09,3.558429e-11
1.846225e+01,7.336718e-11,3.530997e-09,3.530997e-11
1.846514e+01,7.319971e-11,3.500870e-09,3.500870e-11
1.846803e+01,7.312457e-11,3.468264e-09,3.468264e-11
1.847091e+01,7.311788e-11,3.433477e-09,3.433477e-11
1.847380e+01,7.330892e-11,3.397059e-09,3.397059e-11
1.847669e+01,7.381338e-11,3.359667e-09,3.359667e-11
1.847958e+01,7.457652e-11,3.321985e-09,3.321985e-11
1.848247e+01,7.551844e-11,3.284719e-09,3.284719e-11
1.848535e+01,7.669906e-11,3.248667e-09,3.248667e-11
1.848824e+01,7.817890e-11,3.214492e-09,3.214492e-11
1.849113e+01,7.984169e-11,3.182657e-09,3.182657e-11
1.849402e+01,8.153520e-11,3.153622e-09,3.153622e-11
1.849691e+01,8.326940e-11,3.128285e-09,3.128285e-11
1.849979e+01,8.509676e-11,3.108050e-09,3.108050e-11
1.850268e+01,8.692162e-11,3.094732e-09,3.094732e-11
1.850557e+01,8.861657e-11,3.090298e-09,3.090298e-11
1.850846e+01,9.022355e-11,3.096497e-09,3.096497e-11
1.851134e+01,9.184908e-11,3.114107e-09,3.114107e-11
1.851423e+01,9.345166e-11,3.142399e-09,3.142399e-11
1.851712e+01,9.492057e-11,3.179121e-09,3.179121e-11
1.852001e+01,9.627807e-11,3.221012e-09,3.221012e-11
1.852290e+01,9.760800e-11,3.264322e-09,3.264322e-11
1.852578e+01,9.884815e-11,3.305316e-09,3.305316e-11
1.852867e+01,9.985219e-11,3.340777e-09,3.340777e-11
1.853156e+01,1.006082e-10,3.368444e-09,3.368444e-11
1.853445e+01,1.012031e-10,3.387084e-09,3.387084e-11
1.853734e+01,1.016201e-10,3.396438e-09,3.396438e-11
1.854022e+01,1.017759e-10,3.397192e-09,3.397192e-11
1.854311e+01,1.017249e-10,3.390992e-09,3.390992e-11
1.854600e+01,1.016297e-10,3.380255e-09,3.380255e-11
1.854889e+01,1.015519e-10,3.367851e-09,3.367851e-11
1.855177e+01,1.014549e-10,3.356822e-09,3.356822e-11
1.855466e+01,1.013925e-10,3.350194e-09,3.350194e-11
1.855755e+01,1.014985e-10,3.350728e-09,3.350728e-11
1.856044e+01,1.017885e-10,3.360641e-09,3.360641e-11
1.856333e+01,1.021564e-10,3.381485e-09,3.381485e-11
1.856621e+01,1.025676e-10,3.414157e-09,3.414157e-11
1.856910e+01,1.030749e-10,3.458887e-09,3.458887e-11
1.857199e+01,1.036413e-10,3.515186e-09,3.515186e-11
1.857488e+01,1.041337e-10,3.581900e-09,3.581900e-11
1.857777e+01,1.045070e-10,3.657327e-09,3.657327e-11
1.858065e+01,1.048190e-10,3.739273e-09,3.739273e-11
1.858354e+01,1.050616e-10,3.825007e-09,3.825007e-11
1.858643e+01,1.051472e-10,3.911315e-09,3.911315e-11
1.858932e+01,1.050619e-10,3.994622e-09,3.994622e-11
1.859221e+01,1.048730e-10,4.071116e-09,4.071116e-11
1.859509e+01,1.045811e-10,4.136878e-09,4.136878e-11
1.859798e+01,1.041037e-10,4.188100e-09,4.188100e-11
1.860087e+01,1.034088e-10,4.221313e-09,4.221313e-11
1.860376e+01,1.025360e-10,4.233616e-09,4.233616e-11
1.860664e+01,1.014717e-10,4.222845e-09,4.222845e-11
1.860953e+01,1.001301e-10,4.187684e-09,4.187684e-11
1.861242e+01,9.847916e-11,4.127756e-09,4.127756e-11
1.861531e+01,9.657000e-11,4.043690e-09,4.043690e-11
1.861820e+01,9.442369e-11,3.937085e-09,3.937085e-11
1.862108e+01,9.200865e-11,3.810455e-09,3.810455e-11
1.862397e+01,8.935539e-11,3.667163e-09,3.667163e-11
1.862686e+01,8.658117e-11,3.511301e-09,3.511301e-11
1.862975e+01,8.377938e-11,3.347504e-09,3.347504e-11
1.863264e+01,8.098945e-11,3.180751e-09,3.180751e-11
1.863552e+01,7.829008e-11,3.016144e-09,3.016144e-11
1.863841e+01,7.581335e-11,2.858656e-09,2.858656e-11
1.864130e+01,7.363503e-11,2.712800e-09,2.712800e-11
1.864419e+01,7.173903e-11,2.582275e-09,2.582275e-11
1.864708e+01,7.011388e-11,2.469619e-09,2.469619e-11
1.864996e+01,6.878294e-11,2.375928e-09,2.375928e-11
1.865285e+01,6.770892e-11,2.300747e-09,2.300747e-11
1.865574e+01,6.677616e-11,2.242264e-09,2.242264e-11
1.865863e+01,6.590976e-11,2.197790e-09,2.197790e-11
1.866151e+01,6.511740e-11,2.164375e-09,2.164375e-11
1.866440e+01,6.438621e-11,2.139318e-09,2.139318e-11
1.866729e+01,6.365883e-11,2.120472e-09,2.120472e-11
1.867018e+01,6.294302e-11,2.106315e-09,2.106315e-11
1.867307e+01,6.232270e-11,2.095806e-09,2.095806e-11
1.867595e+01,6.183679e-11,2.088122e-09,2.088122e-11
1.867884e+01,6.145087e-11,2.082487e-09,2.082487e-11
1.868173e+01,6.115336e-11,2.078106e-09,2.078106e-11
1.868462e+01,6.097238e-11,2.074157e-09,2.074157e-11
1.868751e+01,6.088012e-11,2.069783e-09,2.069783e-11
1.869039e+01,6.077439e-11,2.064166e-09,2.064166e-11
1.869328e+01,6.058835e-11,2.056641e-09,2.056641e-11
1.869617e+01,6.033527e-11,2.046788e-09,2.046788e-11
1.869906e+01,6.000985e-11,2.034421e-09,2.034421e-11
1.870195e+01,5.955075e-11,2.019567e-09,2.019567e-11
1.870483e+01,5.895458e-11,2.002447e-09,2.002447e-11
1.870772e+01,5.831493e-11,1.983397e-09,1.983397e-11
1.871061e+01,5.769268e-11,1.962683e-09,1.962683e-11
1.871350e+01,5.706594e-11,1.940403e-09,1.940403e-11
1.871638e+01,5.645144e-11,1.916495e-09,1.916495e-11
1.871927e+01,5.594707e-11,1.890849e-09,1.890849e-11
1.872216e+01,5.560542e-11,1.863433e-09,1.863433e-11
1.872505e+01,5.538392e-11,1.834528e-09,1.834528e-11
1.872794e+01,5.527043e-11,1.804949e-09,1.804949e-11
1.873082e+01,5.533666e-11,1.776144e-09,1.776144e-11
1.873371e+01,5.561125e-11,1.749961e-09,1.749961e-11
1.873660e+01,5.601553e-11,1.728278e-09,1.728278e-11
1.873949e+01,5.648796e-11,1.712627e-09,1.712627e-11
1.874238e+01,5.705796e-11,1.703935e-09,1.703935e-11
1.874526e+01,5.772293e-11,1.702227e-09,1.702227e-11
1.874815e+01,5.837705e-11,1.706654e-09,1.706654e-11
1.875104e+01,5.894711e-11,1.715805e-09,1.715805e-11
1.875393e+01,5.948368e-11,1.728180e-09,1.728180e-11
1.875681e+01,6.003902e-11,1.742379e-09,1.742379e-11
1.875970e+01,6.056989e-11,1.757265e-09,1.757265e-11
1.876259e+01,6.104998e-11,1.772119e-09,1.772119e-11
1.876548e+01,6.156863e-11,1.786740e-09,1.786740e-11
1.876837e+01,6.221059e-11,1.801198e-09,1.801198e-11
1.877125e+01,6.292678e-11,1.815676e-09,1.815676e-11
1.877414e+01,6.363811e-11,1.830376e-09,1.830376e-11
1.877703e+01,6.437541e-11,1.845487e-09,1.845487e-11
1.877992e+01,6.518241e-11,1.860843e-09,1.860843e-11
1.878281e+01,6.597421e-11,1.875728e-09,1.875728e-11
1.878569e+01,6.664140e-11,1.888952e-09,1.888952e-11
1.878858e+01,6.721163e-11,1.899231e-09,1.899231e-11
1.879147e+01,6.775958e-11,1.905346e-09,1.905346e-11
1.879436e+01,6.823736e-11,1.906373e-09,1.906373e-11
1.879725e+01,6.855323e-11,1.901945e-09,1.901945e-11
1.880013e+01,6.874218e-11,1.892588e-09,1.892588e-11
1.880302e+01,6.889061e-11,1.879547e-09,1.879547e-11
1.880591e+01,6.895806e-11,1.864345e-09,1.864345e-11
1.880880e+01,6.884048e-11,1.848467e-09,1.848467e-11
1.881168e+01,6.856065e-11,1.833282e-09,1.833282e-11
1.881457e+01,6.822756e-11,1.819759e-09,1.819759e-11
1.881746e+01,6.784481e-11,1.808232e-09,1.808232e-11
1.882035e+01,6.733797e-11,1.798521e-09,1.798521e-11
1.882324e+01,6.674557e-11,1.790386e-09,1.790386e-11
1.882612e+01,6.619732e-11,1.783753e-09,1.783753e-11
1.882901e+01,6.571068e-11,1.778609e-09,1.778609e-11
1.883190e+01,6.518888e-11,1.775043e-09,1.775043e-11
1.883479e+01,6.461462e-11,1.773482e-09,1.773482e-11
1.883768e+01,6.406831e-11,1.774641e-09,1.774641e-11
1.884056e+01,6.355094e-11,1.779177e-09,1.779177e-11
1.884345e+01,6.296340e-11,1.787655e-09,1.787655e-11
1.884634e+01,6.229246e-11,1.800859e-09,1.800859e-11
1.884923e+01,6.166164e-11,1.819991e-09,1.819991e-11
1.885212e+01,6.115823e-11,1.846415e-09,1.846415e-11
1.885500e+01,6.076323e-11,1.881574e-09,1.881574e-11
1.885789e+01,6.050587e-11,1.927072e-09,1.927072e-11
1.886078e+01,6.053355e-11,1.984654e-09,1.984654e-11
1.886367e+01,6.094265e-11,2.055776e-09,2.055776e-11
1.886655e+01,6.167911e-11,2.141383e-09,2.141383e-11
1.886944e+01,6.269325e-11,2.241964e-09,2.241964e-11
1.887233e+01,6.404570e-11,2.357650e-09,2.357650e-11
1.887522e+01,6.576400e-11,2.487971e-09,2.487971e-11
1.887811e+01,6.773670e-11,2.631771e-09,2.631771e-11
1.888099e+01,6.985642e-11,2.787285e-09,2.787285e-11
1.888388e+01,7.213785e-11,2.952216e-09,2.952216e-11
1.888677e+01,7.459114e-11,3.123539e-09,3.123539e-11
1.888966e+01,7.710065e-11,3.297498e-09,3.297498e-11
1.889255e+01,7.953816e-11,3.469793e-09,3.469793e-11
1.889543e+01,8.189380e-11,3.635852e-09,3.635852e-11
1.889832e+01,8.417965e-11,3.790961e-09,3.790961e-11
1.890121e+01,8.629993e-11,3.930475e-09,3.930475e-11
1.890410e+01,8.814510e-11,4.050152e-09,4.050152e-11
1.890698e+01,8.973206e-11,4.146542e-09,4.146542e-11
1.890987e+01,9.112039e-11,4.217169e-09,4.217169e-11
1.891276e+01,9.226770e-11,4.260668e-09,4.260668e-11
1.891565e+01,9.309738e-11,4.276874e-09,4.276874e-11
1.891854e+01,9.363609e-11,4.266857e-09,4.266857e-11
1.892142e+01,9.394962e-11,4.232774e-09,4.232774e-11
1.892431e+01,9.400267e-11,4.177642e-09,4.177642e-11
1.892720e+01,9.371799e-11,4.105156e-09,4.105156e-11
1.893009e+01,9.312791e-11,4.019546e-09,4.019546e-11
1.893298e+01,9.234019e-11,3.925336e-09,3.925336e-11
1.893586e+01,9.139819e-11,3.827058e-09,3.827058e-11
1.893875e+01,9.031081e-11,3.729040e-09,3.729040e-11
1.894164e+01,8.919332e-11,3.635214e-09,3.635214e-11
1.894453e+01,8.823276e-11,3.548904e-09,3.548904e-11
1.894742e+01,8.752532e-11,3.472629e-09,3.472629e-11
1.895030e+01,8.708178e-11,3.408025e-09,3.408025e-11
1.895319e+01,8.696189e-11,3.355930e-09,3.355930e-11
1.895608e+01,8.724911e-11,3.316410e-09,3.316410e-11
1.895897e+01,8.790662e-11,3.288704e-09,3.288704e-11
1.896185e+01,8.880100e-11,3.271290e-09,3.271290e-11
1.896474e+01,8.984538e-11,3.262016e-09,3.262016e-11
1.896763e+01,9.099829e-11,3.258208e-09,3.258208e-11
1.897052e+01,9.215576e-11,3.256861e-09,3.256861e-11
1.897341e+01,9.316731e-11,3.254963e-09,3.254963e-11
1.897629e+01,9.396295e-11,3.249818e-09,3.249818e-11
1.897918e+01,9.456604e-11,3.239312e-09,3.239312e-11
1.898207e+01,9.497696e-11,3.222037e-09,3.222037e-11
1.898496e+01,9.514999e-11,3.197379e-09,3.197379e-11
1.898785e+01,9.510183e-11,3.165548e-09,3.165548e-11
1.899073e+01,9.492775e-11,3.127475e-09,3.127475e-11
1.899362e+01,9.467586e-11,3.084614e-09,3.084614e-11
1.899651e+01,9.431263e-11,3.038728e-09,3.038728e-11
1.899940e+01,9.383509e-11,2.991627e-09,2.991627e-11
1.900229e+01,9.330463e-11,2.944947e-09,2.944947e-11
1.900517e+01,9.273701e-11,2.899912e-09,2.899912e-11
1.900806e+01,9.206969e-11,2.857159e-09,2.857159e-11
1.901095e+01,9.127791e-11,2.816726e-09,2.816726e-11
1.901384e+01,9.041356e-11,2.778092e-09,2.778092e-11
1.901672e+01,8.949349e-11,2.740174e-09,2.740174e-11
1.901961e+01,8.846263e-11,2.701476e-09,2.701476e-11
1.902250e+01,8.730375e-11,2.660348e-09,2.660348e-11
1.902539e+01,8.607119e-11,2.615280e-09,2.615280e-11
1.902828e+01,8.477898e-11,2.565160e-09,2.565160e-11
1.903116e+01,8.336728e-11,2.509486e-09,2.509486e-11
1.903405e+01,8.181403e-11,2.448444e-09,2.448444e-11
1.903694e+01,8.017020e-11,2.382820e-09,2.382820e-11
1.903983e+01,7.845388e-11,2.313762e-09,2.313762e-11
1.904272e+01,7.661796e-11,2.242601e-09,2.242601e-11
1.904560e+01,7.465576e-11,2.170717e-09,2.170717e-11
1.904849e+01,7.263503e-11,2.099471e-09,2.099471e-11
1.905138e+01,7.059469e-11,2.030145e-09,2.030145e-11
1.905427e+01,6.850703e-11,1.963895e-09,1.963895e-11
1.905715e+01,6.637840e-11,1.901616e-09,1.901616e-11
1.906004e+01,6.429181e-11,1.843799e-09,1.843799e-11
1.906293e+01,6.230572e-11,1.790389e-09,1.790389e-11
1.906582e+01,6.040777e-11,1.740795e-09,1.740795e-11
1.906871e+01,5.862441e-11,1.694151e-09,1.694151e-11
1.907159e+01,5.706871e-11,1.649776e-09,1.649776e-11
1.907448e+01,5.582057e-11,1.607606e-09,1.607606e-11
1.907737e+01,5.487414e-11,1.568636e-09,1.568636e-11
1.908026e+01,5.424963e-11,1.535242e-09,1.535242e-11
1.908315e+01,5.403571e-11,1.511235e-09,1.511235e-11
1.908603e+01,5.426502e-11,1.501444e-09,1.501444e-11
1.908892e+01,5.485936e-11,1.510961e-09,1.510961e-11
1.909181e+01,5.575072e-11,1.544135e-09,1.544135e-11
1.909470e+01,5.694236e-11,1.603557e-09,1.603557e-11
1.909759e+01,5.839855e-11,1.689283e-09,1.689283e-11
1.910047e+01,5.998734e-11,1.798709e-09,1.798709e-11
1.910336e+01,6.160582e-11,1.926981e-09,1.926981e-11
1.910625e+01,6.326038e-11,2.067714e-09,2.067714e-11
1.910914e+01,6.494523e-11,2.213593e-09,2.213593e-11
1.911202e+01,6.655606e-11,2.356964e-09,2.356964e-11
1.911491e+01,6.801411e-11,2.490411e-09,2.490411e-11
1.911780e+01,6.935324e-11,2.607246e-09,2.607246e-11
1.912069e+01,7.058451e-11,2.701760e-09,2.701760e-11
1.912358e+01,7.160179e-11,2.769465e-09,2.769465e-11
1.912646e+01,7.232266e-11,2.807357e-09,2.807357e-11
1.912935e+01,7.279663e-11,2.814159e-09,2.814159e-11
1.913224e+01,7.307471e-11,2.790356e-09,2.790356e-11
1.913513e+01,7.310435e-11,2.738277e-09,2.738277e-11
1.913802e+01,7.286637e-11,2.662086e-09,2.662086e-11
1.914090e+01,7.248643e-11,2.567644e-09,2.567644e-11
1.914379e+01,7.209399e-11,2.462009e-09,2.462009e-11
1.914668e+01,7.168445e-11,2.352821e-09,2.352821e-11
1.914957e+01,7.123807e-11,2.247589e-09,2.247589e-11
1.915246e+01,7.085407e-11,2.152904e-09,2.152904e-11
1.915534e+01,7.061725e-11,2.073354e-09,2.073354e-11
1.915823e+01,7.045300e-11,2.010761e-09,2.010761e-11
1.916112e+01,7.026419e-11,1.964075e-09,1.964075e-11
1.916401e+01,7.009292e-11,1.930216e-09,1.930216e-11
1.916689e+01,7.000223e-11,1.905227e-09,1.905227e-11
1.916978e+01,6.992071e-11,1.885572e-09,1.885572e-11
1.917267e+01,6.977115e-11,1.869292e-09,1.869292e-11
1.917556e+01,6.963239e-11,1.856792e-09,1.856792e-11
1.917845e+01,6.961149e-11,1.850490e-09,1.850490e-11
1.918133e+01,6.967130e-11,1.853848e-09,1.853848e-11
1.918422e+01,6.973816e-11,1.870201e-09,1.870201e-11
1.918711e+01,6.987228e-11,1.901820e-09,1.901820e-11
1.919000e+01,7.016160e-11,1.948962e-09,1.948962e-11
1.919289e+01,7.054190e-11,2.009519e-09,2.009519e-11
1.919577e+01,7.089904e-11,2.079529e-09,2.079529e-11
1.919866e+01,7.126051e-11,2.154259e-09,2.154259e-11
1.920155e+01,7.170494e-11,2.228878e-09,2.228878e-11
1.920444e+01,7.217074e-11,2.298948e-09,2.298948e-11
1.920732e+01,7.254371e-11,2.360927e-09,2.360927e-11
1.921021e+01,7.284835e-11,2.412628e-09,2.412628e-11
1.921310e+01,7.316832e-11,2.453134e-09,2.453134e-11
1.921599e+01,7.345495e-11,2.482556e-09,2.482556e-11
1.921888e+01,7.359866e-11,2.501936e-09,2.501936e-11
1.922176e+01,7.362507e-11,2.513261e-09,2.513261e-11
1.922465e+01,7.363883e-11,2.519103e-09,2.519103e-11
1.922754e+01,7.363239e-11,2.522233e-09,2.522233e-11
1.923043e+01,7.352982e-11,2.525417e-09,2.525417e-11
1.923332e+01,7.337787e-11,2.531347e-09,2.531347e-11
1.923620e+01,7.331131e-11,2.542409e-09,2.542409e-11
1.923909e+01,7.334528e-11,2.560353e-09,2.560353e-11
1.924198e+01,7.338742e-11,2.586141e-09,2.586141e-11
1.924487e+01,7.344356e-11,2.620069e-09,2.620069e-11
1.924776e+01,7.360980e-11,2.661736e-09,2.661736e-11
1.925064e+01,7.386799e-11,2.709875e-09,2.709875e-11
1.925353e+01,7.408995e-11,2.762454e-09,2.762454e-11
1.925642e+01,7.424713e-11,2.817020e-09,2.817020e-11
1.925931e+01,7.442613e-11,2.870879e-09,2.870879e-11
1.926219e+01,7.462692e-11,2.921104e-09,2.921104e-11
1.926508e+01,7.473986e-11,2.964685e-09,2.964685e-11
1.926797e+01,7.473831e-11,2.998778e-09,2.998778e-11
1.927086e+01,7.470820e-11,3.020825e-09,3.020825e-11
1.927375e+01,7.465974e-11,3.028506e-09,3.028506e-11
1.927663e+01,7.448446e-11,3.019881e-09,3.019881e-11
1.927952e+01,7.414249e-11,2.993688e-09,2.993688e-11
1.928241e+01,7.371826e-11,2.949605e-09,2.949605e-11
1.928530e+01,7.324876e-11,2.888285e-09,2.888285e-11
1.928819e+01,7.266598e-11,2.811403e-09,2.811403e-11
1.929107e+01,7.195840e-11,2.721670e-09,2.721670e-11
1.929396e+01,7.123673e-11,2.622662e-09,2.622662e-11
1.929685e+01,7.057734e-11,2.518343e-09,2.518343e-11
1.929974e+01,6.993776e-11,2.412660e-09,2.412660e-11
1.930263e+01,6.929032e-11,2.309281e-09,2.309281e-11
1.930551e+01,6.871307e-11,2.211507e-09,2.211507e-11
1.930840e+01,6.826787e-11,2.122060e-09,2.122060e-11
1.931129e+01,6.790386e-11,2.043043e-09,2.043043e-11
1.931418e+01,6.757668e-11,1.976045e-09,1.976045e-11
1.931706e+01,6.736103e-11,1.922305e-09,1.922305e-11
1.931995e+01,6.734855e-11,1.882614e-09,1.882614e-11
1.932284e+01,6.752885e-11,1.857255e-09,1.857255e-11
1.932573e+01,6.787980e-11,1.846053e-09,1.846053e-11
1.932862e+01,6.847599e-11,1.848497e-09,1.848497e-11
1.933150e+01,6.939232e-11,1.863622e-09,1.863622e-11
1.933439e+01,7.058615e-11,1.889976e-09,1.889976e-11
1.933728e+01,7.196993e-11,1.925700e-09,1.925700e-11
1.934017e+01,7.352740e-11,1.968657e-09,1.968657e-11
1.934306e+01,7.526180e-11,2.016494e-09,2.016494e-11
1.934594e+01,7.709030e-11,2.066840e-09,2.066840e-11
1.934883e+01,7.889794e-11,2.117602e-09,2.117602e-11
1.935172e+01,8.066317e-11,2.167236e-09,2.167236e-11
1.935461e+01,8.242929e-11,2.214746e-09,2.214746e-11
1.935749e+01,8.417853e-11,2.259580e-09,2.259580e-11
1.936038e+01,8.584996e-11,2.301506e-09,2.301506e-11
1.936327e+01,8.745945e-11,2.340489e-09,2.340489e-11
1.936616e+01,8.907856e-11,2.376550e-09,2.376550e-11
1.936905e+01,9.070693e-11,2.409717e-09,2.409717e-11
1.937193e+01,9.227852e-11,2.440100e-09,2.440100e-11
1.937482e+01,9.378435e-11,2.468067e-09,2.468067e-11
1.937771e+01,9.527301e-11,2.494407e-09,2.494407e-11
1.938060e+01,9.673550e-11,2.520377e-09,2.520377e-11
1.938349e+01,9.810344e-11,2.547623e-09,2.547623e-11
1.938637e+01,9.935777e-11,2.577993e-09,2.577993e-11
1.938926e+01,1.005381e-10,2.613306e-09,2.613306e-11
1.939215e+01,1.016363e-10,2.655097e-09,2.655097e-11
1.939504e+01,1.025794e-10,2.704465e-09,2.704465e-11
1.939793e+01,1.033400e-10,2.762064e-09,2.762064e-11
1.940081e+01,1.039666e-10,2.828157e-09,2.828157e-11
1.940370e+01,1.044836e-10,2.902609e-09,2.902609e-11
1.940659e+01,1.048697e-10,2.984941e-09,2.984941e-11
1.940948e+01,1.051636e-10,3.074374e-09,3.074374e-11
1.941236e+01,1.054860e-10,3.169797e-09,3.169797e-11
1.941525e+01,1.059300e-10,3.269734e-09,3.269734e-11
1.941814e+01,1.065177e-10,3.372378e-09,3.372378e-11
1.942103e+01,1.072772e-10,3.475669e-09,3.475669e-11
1.942392e+01,1.082685e-10,3.577434e-09,3.577434e-11
1.942680e+01,1.094897e-10,3.675500e-09,3.675500e-11
1.942969e+01,1.108388e-10,3.767796e-09,3.767796e-11
1.943258e+01,1.122094e-10,3.852439e-09,3.852439e-11
1.943547e+01,1.135500e-10,3.927812e-09,3.927812e-11
1.943836e+01,1.147969e-10,3.992633e-09,3.992633e-11
1.944124e+01,1.158394e-10,4.046048e-09,4.046048e-11
1.944413e+01,1.166139e-10,4.087724e-09,4.087724e-11
1.944702e+01,1.171562e-10,4.117856e-09,4.117856e-11
1.944991e+01,1.175126e-10,4.137051e-09,4.137051e-11
1.945280e+01,1.176757e-10,4.146182e-09,4.146182e-11
1.945568e+01,1.176568e-10,4.146229e-09,4.146229e-11
1.945857e+01,1.175300e-10,4.138142e-09,4.138142e-11
1.946146e+01,1.173417e-10,4.122753e-09,4.122753e-11
1.946435e+01,1.170464e-10,4.100759e-09,4.100759e-11
1.946723e+01,1.165959e-10,4.072767e-09,4.072767e-11
1.947012e+01,1.160094e-10,4.039375e-09,4.039375e-11
1.947301e+01,1.152987e-10,4.001212e-09,4.001212e-11
1.947590e+01,1.144092e-10,3.958903e-09,3.958903e-11
1.947879e+01,1.133099e-10,3.912995e-09,3.912995e-11
1.948167e+01,1.120667e-10,3.863866e-09,3.863866e-11
1.948456e+01,1.107494e-10,3.811588e-09,3.811588e-11
1.948745e+01,1.093506e-10,3.755831e-09,3.755831e-11
1.949034e+01,1.078741e-10,3.695867e-09,3.695867e-11
1.949323e+01,1.064040e-10,3.630694e-09,3.630694e-11
1.949611e+01,1.049977e-10,3.559190e-09,3.559190e-11
1.949900e+01,1.036092e-10,3.480366e-09,3.480366e-11
1.950189e+01,1.021982e-10,3.393672e-09,3.393672e-11
1.950478e+01,1.008069e-10,3.299260e-09,3.299260e-11
1.950766e+01,9.945324e-11,3.198019e-09,3.198019e-11
1.951055e+01,9.805601e-11,3.091452e-09,3.091452e-11
1.951344e+01,9.654807e-11,2.981474e-09,2.981474e-11
1.951633e+01,9.495790e-11,2.870204e-09,2.870204e-11
1.951922e+01,9.330344e-11,2.759705e-09,2.759705e-11
1.952210e+01,9.151106e-11,2.651839e-09,2.651839e-11
1.952499e+01,8.953113e-11,2.548228e-09,2.548228e-11
1.952788e+01,8.743750e-11,2.450324e-09,2.450324e-11
1.953077e+01,8.532113e-11,2.359412e-09,2.359412e-11
1.953366e+01,8.319031e-11,2.276665e-09,2.276665e-11
1.953654e+01,8.108115e-11,2.203190e-09,2.203190e-11
1.953943e+01,7.915352e-11,2.140076e-09,2.140076e-11
1.954232e+01,7.755915e-11,2.088219e-09,2.088219e-11
1.954521e+01,7.631311e-11,2.048156e-09,2.048156e-11
1.954810e+01,7.539976e-11,2.020024e-09,2.020024e-11
1.955098e+01,7.488689e-11,2.003743e-09,2.003743e-11
1.955387e+01,7.480411e-11,1.998977e-09,1.998977e-11
1.955676e+01,7.501870e-11,2.005082e-09,2.005082e-11
1.955965e+01,7.537139e-11,2.021210e-09,2.021210e-11
1.956253e+01,7.583631e-11,2.046611e-09,2.046611e-11
1.956542e+01,7.641026e-11,2.080480e-09,2.080480e-11
1.956831e+01,7.696783e-11,2.121755e-09,2.121755e-11
1.957120e+01,7.739277e-11,2.168997e-09,2.168997e-11
1.957409e+01,7.773516e-11,2.220342e-09,2.220342e-11
1.957697e+01,7.807599e-11,2.273189e-09,2.273189e-11
1.957986e+01,7.834932e-11,2.324163e-09,2.324163e-11
1.958275e+01,7.845515e-11,2.369438e-09,2.369438e-11
1.958564e+01,7.843082e-11,2.405378e-09,2.405378e-11
1.958853e+01,7.833980e-11,2.428930e-09,2.428930e-11
1.959141e+01,7.809490e-11,2.438061e-09,2.438061e-11
1.959430e+01,7.757202e-11,2.432236e-09,2.432236e-11
1.959719e+01,7.681297e-11,2.412850e-09,2.412850e-11
1.960008e+01,7.593899e-11,2.382979e-09,2.382979e-11
1.960297e+01,7.494468e-11,2.346821e-09,2.346821e-11
1.960585e+01,7.377535e-11,2.308989e-09,2.308989e-11
1.960874e+01,7.254300e-11,2.273940e-09,2.273940e-11
1.961163e+01,7.144347e-11,2.245063e-09,2.245063e-11
1.961452e+01,7.051094e-11,2.223925e-09,2.223925e-11
1.961740e+01,6.968038e-11,2.210234e-09,2.210234e-11
1.962029e+01,6.902868e-11,2.202693e-09,2.202693e-11
1.962318e+01,6.871046e-11,2.199833e-09,2.199833e-11
1.962607e+01,6.871173e-11,2.200660e-09,2.200660e-11
1.962896e+01,6.890345e-11,2.205078e-09,2.205078e-11
1.963184e+01,6.928427e-11,2.213897e-09,2.213897e-11
1.963473e+01,6.993680e-11,2.228020e-09,2.228020e-11
1.963762e+01,7.078696e-11,2.247438e-09,2.247438e-11
1.964051e+01,7.163537e-11,2.270838e-09,2.270838e-11
1.964340e+01,7.240170e-11,2.295895e-09,2.295895e-11
1.964628e+01,7.312275e-11,2.319705e-09,2.319705e-11
1.964917e+01,7.372964e-11,2.339245e-09,2.339245e-11
1.965206e+01,7.405659e-11,2.352155e-09,2.352155e-11
1.965495e+01,7.408201e-11,2.357578e-09,2.357578e-11
1.965784e+01,7.394573e-11,2.356467e-09,2.356467e-11
1.966072e+01,7.371250e-11,2.351176e-09,2.351176e-11
1.966361e+01,7.332886e-11,2.344845e-09,2.344845e-11
1.966650e+01,7.283285e-11,2.340669e-09,2.340669e-11
1.966939e+01,7.238837e-11,2.341050e-09,2.341050e-11
1.967227e+01,7.206226e-11,2.346761e-09,2.346761e-11
1.967516e+01,7.176257e-11,2.356828e-09,2.356828e-11
1.967805e+01,7.145198e-11,2.369139e-09,2.369139e-11
1.968094e+01,7.123741e-11,2.381459e-09,2.381459e-11
1.968383e+01,7.118505e-11,2.392258e-09,2.392258e-11
1.968671e+01,7.123266e-11,2.401485e-09,2.401485e-11
1.968960e+01,7.137417e-11,2.410901e-09,2.410901e-11
1.969249e+01,7.175765e-11,2.423734e-09,2.423734e-11
1.969538e+01,7.249629e-11,2.443512e-09,2.443512e-11
1.969827e+01,7.353567e-11,2.472890e-09,2.472890e-11
1.970115e+01,7.480788e-11,2.512832e-09,2.512832e-11
1.970404e+01,7.635020e-11,2.562336e-09,2.562336e-11
1.970693e+01,7.815142e-11,2.618450e-09,2.618450e-11
1.970982e+01,8.003589e-11,2.676944e-09,2.676944e-11
1.971270e+01,8.182097e-11,2.733340e-09,2.733340e-11
1.971559e+01,8.346496e-11,2.783871e-09,2.783871e-11
1.971848e+01,8.495345e-11,2.825843e-09,2.825843e-11
1.972137e+01,8.617068e-11,2.857664e-09,2.857664e-11
1.972426e+01,8.701308e-11,2.878613e-09,2.878613e-11
1.972714e+01,8.752469e-11,2.888523e-09,2.888523e-11
1.973003e+01,8.779296e-11,2.887390e-09,2.887390e-11
1.973292e+01,8.780069e-11,2.875182e-09,2.875182e-11
1.973581e+01,8.750665e-11,2.851911e-09,2.851911e-11
1.973870e+01,8.698723e-11,2.817980e-09,2.817980e-11
1.974158e+01,8.636541e-11,2.774563e-09,2.774563e-11
1.974447e+01,8.567271e-11,2.724078e-09,2.724078e-11
1.974736e+01,8.491134e-11,2.670575e-09,2.670575e-11
1.975025e+01,8.418542e-11,2.619832e-09,2.619832e-11
1.975314e+01,8.364327e-11,2.578864e-09,2.578864e-11
1.975602e+01,8.333687e-11,2.554970e-09,2.554970e-11
1.975891e+01,8.325167e-11,2.554562e-09,2.554562e-11
1.976180e+01,8.342911e-11,2.582138e-09,2.582138e-11
1.976469e+01,8.393406e-11,2.639633e-09,2.639633e-11
1.976757e+01,8.473355e-11,2.726389e-09,2.726389e-11
1.977046e+01,8.572866e-11,2.839664e-09,2.839664e-11
1.977335e+01,8.688701e-11,2.975371e-09,2.975371e-11
1.977624e+01,8.823507e-11,3.128651e-09,3.128651e-11
1.977913e+01,8.974215e-11,3.294120e-09,3.294120e-11
1.978201e+01,9.133035e-11,3.465899e-09,3.465899e-11
1.978490e+01,9.298174e-11,3.637621e-09,3.637621e-11
1.978779e+01,9.471988e-11,3.802498e-09,3.802498e-11
1.979068e+01,9.649574e-11,3.953569e-09,3.953569e-11
1.979357e+01,9.818868e-11,4.084155e-09,4.084155e-11
1.979645e+01,9.970865e-11,4.188396e-09,4.188396e-11
1.979934e+01,1.010082e-10,4.261723e-09,4.261723e-11
1.980223e+01,1.020052e-10,4.301236e-09,4.301236e-11
1.980512e+01,1.025907e-10,4.305946e-09,4.305946e-11
1.980801e+01,1.027276e-10,4.276861e-09,4.276861e-11
1.981089e+01,1.024686e-10,4.216892e-09,4.216892e-11
1.981378e+01,1.018644e-10,4.130582e-09,4.130582e-11
1.981667e+01,1.009391e-10,4.023672e-09,4.023672e-11
1.981956e+01,9.977021e-11,3.902621e-09,3.902621e-11
1.982244e+01,9.849086e-11,3.774140e-09,3.774140e-11
1.982533e+01,9.718734e-11,3.644723e-09,3.644723e-11
1.982822e+01,9.587954e-11,3.520207e-09,3.520207e-11
1.983111e+01,9.461661e-11,3.405411e-09,3.405411e-11
1.983400e+01,9.349310e-11,3.303885e-09,3.303885e-11
1.983688e+01,9.255411e-11,3.217783e-09,3.217783e-11
1.983977e+01,9.178531e-11,3.147854e-09,3.147854e-11
1.984266e+01,9.120561e-11,3.093528e-09,3.093528e-11
1.984555e+01,9.087644e-11,3.053101e-09,3.053101e-11
1.984844e+01,9.080225e-11,3.023952e-09,3.023952e-11
1.985132e+01,9.090935e-11,3.002761e-09,3.002761e-11
1.985421e+01,9.114310e-11,2.985776e-09,2.985776e-11
1.985710e+01,9.148555e-11,2.969107e-09,2.969107e-11
1.985999e+01,9.185615e-11,2.948915e-09,2.948915e-11
1.986287e+01,9.210752e-11,2.921639e-09,2.921639e-11
1.986576e+01,9.214282e-11,2.884360e-09,2.884360e-11
1.986865e+01,9.192940e-11,2.835104e-09,2.835104e-11
1.987154e+01,9.139828e-11,2.773014e-09,2.773014e-11
1.987443e+01,9.044558e-11,2.698528e-09,2.698528e-11
1.987731e+01,8.903798e-11,2.613386e-09,2.613386e-11
1.988020e+01,8.722106e-11,2.520342e-09,2.520342e-11
1.988309e+01,8.501780e-11,2.422664e-09,2.422664e-11
1.988598e+01,8.241366e-11,2.323594e-09,2.323594e-11
1.988887e+01,7.945503e-11,2.225842e-09,2.225842e-11
1.989175e+01,7.626875e-11,2.131302e-09,2.131302e-11
1.989464e+01,7.295690e-11,2.041012e-09,2.041012e-11
1.989753e+01,6.956083e-11,1.955417e-09,1.955417e-11
1.990042e+01,6.616088e-11,1.874821e-09,1.874821e-11
1.990331e+01,6.290775e-11,1.799737e-09,1.799737e-11
1.990619e+01,5.990878e-11,1.730868e-09,1.730868e-11
1.990908e+01,5.717685e-11,1.668920e-09,1.668920e-11
1.991197e+01,5.473906e-11,1.614416e-09,1.614416e-11
1.991486e+01,5.268889e-11,1.567612e-09,1.567612e-11
1.991774e+01,5.106607e-11,1.528377e-09,1.528377e-11
1.992063e+01,4.979862e-11,1.496329e-09,1.496329e-11
1.992352e+01,4.882744e-11,1.471126e-09,1.471126e-11
1.992641e+01,4.817448e-11,1.452585e-09,1.452585e-11
1.992930e+01,4.782251e-11,1.440398e-09,1.440398e-11
1.993218e+01,4.764334e-11,1.433810e-09,1.433810e-11
1.993507e+01,4.752606e-11,1.431459e-09,1.431459e-11
1.993796e+01,4.746595e-11,1.431441e-09,1.431441e-11
1.994085e+01,4.744292e-11,1.431291e-09,1.431291e-11
1.994374e+01,4.733151e-11,1.428220e-09,1.428220e-11
1.994662e+01,4.703097e-11,1.419578e-09,1.419578e-11
1.994951e+01,4.657133e-11,1.403349e-09,1.403349e-11
1.995240e+01,4.599389e-11,1.378230e-09,1.378230e-11
1.995529e+01,4.524237e-11,1.343654e-09,1.343654e-11
1.995818e+01,4.427881e-11,1.299929e-09,1.299929e-11
1.996106e+01,4.320131e-11,1.248479e-09,1.248479e-11
1.996395e+01,4.212495e-11,1.191498e-09,1.191498e-11
1.996684e+01,4.104440e-11,1.131532e-09,1.131532e-11
1.996973e+01,3.993859e-11,1.071323e-09,1.071323e-11
1.997261e+01,3.890441e-11,1.013873e-09,1.013873e-11
1.997550e+01,3.804942e-11,9.619646e-10,9.619646e-12
1.997839e+01,3.734151e-11,9.177118e-10,9.177118e-12
1.998128e+01,3.670686e-11,8.824607e-10,8.824607e-12
1.998417e+01,3.619576e-11,8.572012e-10,8.572012e-12
1.998705e+01,3.589597e-11,8.423557e-10,8.423557e-12
1.998994e+01,3.576389e-11,8.376240e-10,8.376240e-12
1.999283e+01,3.571346e-11,8.423105e-10,8.423105e-12
1.999572e+01,3.579695e-11,8.560752e-10,8.560752e-12
1.999861e+01,3.612824e-11,8.787228e-10,8.787228e-12
2.000149e+01,3.669685e-11,9.098025e-10,9.098025e-12
2.000438e+01,3.742772e-11,9.486739e-10,9.486739e-12
2.000727e+01,3.836309e-11,9.949778e-10,9.949778e-12
2.001016e+01,3.960587e-11,1.048376e-09,1.048376e-11
2.001304e+01,4.112805e-11,1.108221e-09,1.108221e-11
2.001593e+01,4.280635e-11,1.173647e-09,1.173647e-11
2.001882e+01,4.461519e-11,1.243906e-09,1.243906e-11
2.002171e+01,4.661189e-11,1.318233e-09,1.318233e-11
2.002460e+01,4.874844e-11,1.395555e-09,1.395555e-11
2.002748e+01,5.088309e-11,1.474589e-09,1.474589e-11
2.003037e+01,5.298499e-11,1.554199e-09,1.554199e-11
2.003326e+01,5.515034e-11,1.633447e-09,1.633447e-11
2.003615e+01,5.740357e-11,1.711405e-09,1.711405e-11
2.003904e+01,5.966613e-11,1.787294e-09,1.787294e-11
2.004192e+01,6.195308e-11,1.860881e-09,1.860881e-11
2.004481e+01,6.441021e-11,1.932672e-09,1.932672e-11
2.004770e+01,6.710390e-11,2.003749e-09,2.003749e-11
2.005059e+01,6.995600e-11,2.075712e-09,2.075712e-11
2.005348e+01,7.293691e-11,2.150619e-09,2.150619e-11
2.005636e+01,7.613390e-11,2.230681e-09,2.230681e-11
2.005925e+01,7.955524e-11,2.317606e-09,2.317606e-11
2.006214e+01,8.304584e-11,2.412220e-09,2.412220e-11
2.006503e+01,8.648253e-11,2.514409e-09,2.514409e-11
2.006791e+01,8.987366e-11,2.623226e-09,2.623226e-11
2.007080e+01,9.317821e-11,2.736847e-09,2.736847e-11
2.007369e+01,9.621603e-11,2.852886e-09,2.852886e-11
2.007658e+01,9.885872e-11,2.968887e-09,2.968887e-11
2.007947e+01,1.011393e-10,3.082672e-09,3.082672e-11
2.008235e+01,1.030876e-10,3.192332e-09,3.192332e-11
2.008524e+01,1.046282e-10,3.296213e-09,3.296213e-11
2.008813e+01,1.057366e-10,3.392877e-09,3.392877e-11
2.009102e+01,1.065479e-10,3.481058e-09,3.481058e-11
2.009391e+01,1.072021e-10,3.559543e-09,3.559543e-11
2.009679e+01,1.077093e-10,3.627251e-09,3.627251e-11
2.009968e+01,1.080752e-10,3.683454e-09,3.683454e-11
2.010257e+01,1.084229e-10,3.727992e-09,3.727992e-11
2.010546e+01,1.088590e-10,3.761228e-09,3.761228e-11
2.010835e+01,1.093369e-10,3.783974e-09,3.783974e-11
2.011123e+01,1.097787e-10,3.797398e-09,3.797398e-11
2.011412e+01,1.102232e-10,3.802949e-09,3.802949e-11
2.011701e+01,1.107258e-10,3.802160e-09,3.802160e-11
2.011990e+01,1.112237e-10,3.796558e-09,3.796558e-11
2.012278e+01,1.116395e-10,3.787653e-09,3.787653e-11
2.012567e+01,1.120285e-10,3.777002e-09,3.777002e-11
2.012856e+01,1.124845e-10,3.766145e-09,3.766145e-11
2.013145e+01,1.129850e-10,3.756500e-09,3.756500e-11
2.013434e+01,1.134647e-10,3.749271e-09,3.749271e-11
2.013722e+01,1.139595e-10,3.745412e-09,3.745412e-11
2.014011e+01,1.145276e-10,3.745441e-09,3.745441e-11
2.014300e+01,1.150948e-10,3.749312e-09,3.749312e-11
2.014589e+01,1.155275e-10,3.756361e-09,3.756361e-11
2.014878e+01,1.157969e-10,3.765393e-09,3.765393e-11
2.015166e+01,1.159270e-10,3.774748e-09,3.774748e-11
2.015455e+01,1.158438e-10,3.782435e-09,3.782435e-11
2.015744e+01,1.154366e-10,3.786292e-09,3.786292e-11
2.016033e+01,1.147188e-10,3.784167e-09,3.784167e-11
2.016321e+01,1.137739e-10,3.773969e-09,3.773969e-11
2.016610e+01,1.125935e-10,3.753696e-09,3.753696e-11
2.016899e+01,1.111191e-10,3.721512e-09,3.721512e-11
2.017188e+01,1.093939e-10,3.675880e-09,3.675880e-11
2.017477e+01,1.075167e-10,3.615656e-09,3.615656e-11
2.017765e+01,1.054896e-10,3.540174e-09,3.540174e-11
2.018054e+01,1.032599e-10,3.449389e-09,3.449389e-11
2.018343e+01,1.008706e-10,3.344049e-09,3.344049e-11
2.018632e+01,9.842567e-11,3.225745e-09,3.225745e-11
2.018921e+01,9.594249e-11,3.096856e-09,3.096856e-11
2.019209e+01,9.338033e-11,2.960423e-09,2.960423e-11
2.019498e+01,9.078503e-11,2.820014e-09,2.820014e-11
2.019787e+01,8.825648e-11,2.679481e-09,2.679481e-11
2.020076e+01,8.580255e-11,2.542662e-09,2.542662e-11
2.020365e+01,8.336580e-11,2.413044e-09,2.413044e-11
2.020653e+01,8.096829e-11,2.293450e-09,2.293450e-11
2.020942e+01,7.869279e-11,2.185658e-09,2.185658e-11
2.021231e+01,7.654374e-11,2.090083e-09,2.090083e-11
2.021520e+01,7.446926e-11,2.005805e-09,2.005805e-11
2.021808e+01,7.249830e-11,1.931033e-09,1.931033e-11
2.022097e+01,7.071771e-11,1.863733e-09,1.863733e-11
2.022386e+01,6.913373e-11,1.802238e-09,1.802238e-11
2.022675e+01,6.768360e-11,1.745694e-09,1.745694e-11
2.022964e+01,6.636557e-11,1.694233e-09,1.694233e-11
2.023252e+01,6.522444e-11,1.648701e-09,1.648701e-11
2.023541e+01,6.422327e-11,1.610122e-09,1.610122e-11
2.023830e+01,6.326595e-11,1.579229e-09,1.579229e-11
2.024119e+01,6.233631e-11,1.556268e-09,1.556268e-11
2.024408e+01,6.148838e-11,1.540955e-09,1.540955e-11
2.024696e+01,6.072167e-11,1.532606e-09,1.532606e-11
2.024985e+01,5.999601e-11,1.530438e-09,1.530438e-11
2.025274e+01,5.935183e-11,1.533859e-09,1.533859e-11
2.025563e+01,5.889190e-11,1.542455e-09,1.542455e-11
2.025852e+01,5.864763e-11,1.555801e-09,1.555801e-11
2.026140e+01,5.857571e-11,1.573293e-09,1.573293e-11
2.026429e+01,5.867784e-11,1.594065e-09,1.594065e-11
2.026718e+01,5.900247e-11,1.616920e-09,1.616920e-11
2.027007e+01,5.952392e-11,1.640354e-09,1.640354e-11
2.027295e+01,6.014502e-11,1.662814e-09,1.662814e-11
2.027584e+01,6.083513e-11,1.683150e-09,1.683150e-11
2.027873e+01,6.164439e-11,1.701034e-09,1.701034e-11
2.028162e+01,6.257440e-11,1.717086e-09,1.717086e-11
2.028451e+01,6.356155e-11,1.732753e-09,1.732753e-11
2.028739e+01,6.460277e-11,1.750051e-09,1.750051e-11
2.029028e+01,6.576112e-11,1.771112e-09,1.771112e-11
2.029317e+01,6.701970e-11,1.797531e-09,1.797531e-11
2.029606e+01,6.826101e-11,1.829862e-09,1.829862e-11
2.029895e+01,6.940962e-11,1.867503e-09,1.867503e-11
2.030183e+01,7.046232e-11,1.908822e-09,1.908822e-11
2.030472e+01,7.135876e-11,1.951381e-09,1.951381e-11
2.030761e+01,7.196969e-11,1.992421e-09,1.992421e-11
2.031050e+01,7.224741e-11,2.029396e-09,2.029396e-11
2.031338e+01,7.225636e-11,2.060212e-09,2.060212e-11
2.031627e+01,7.203284e-11,2.083164e-09,2.083164e-11
2.031916e+01,7.154434e-11,2.096877e-09,2.096877e-11
2.032205e+01,7.081302e-11,2.100309e-09,2.100309e-11
2.032494e+01,6.994585e-11,2.092813e-09,2.092813e-11
2.032782e+01,6.899799e-11,2.074154e-09,2.074154e-11
2.033071e+01,6.792830e-11,2.044677e-09,2.044677e-11
2.033360e+01,6.673095e-11,2.005621e-09,2.005621e-11
2.033649e+01,6.548838e-11,1.959397e-09,1.959397e-11
2.033938e+01,6.425573e-11,1.909541e-09,1.909541e-11
2.034226e+01,6.300847e-11,1.860474e-09,1.860474e-11
2.034515e+01,6.175616e-11,1.817003e-09,1.817003e-11
2.034804e+01,6.060293e-11,1.783539e-09,1.783539e-11
2.035093e+01,5.963174e-11,1.763057e-09,1.763057e-11
2.035382e+01,5.882519e-11,1.756429e-09,1.756429e-11
2.035670e+01,5.816715e-11,1.762426e-09,1.762426e-11
2.035959e+01,5.772891e-11,1.778324e-09,1.778324e-11
2.036248e+01,5.757387e-11,1.800666e-09,1.800666e-11
2.036537e+01,5.766798e-11,1.826226e-09,1.826226e-11
2.036825e+01,5.797843e-11,1.852973e-09,1.852973e-11
2.037114e+01,5.857488e-11,1.880710e-09,1.880710e-11
2.037403e+01,5.953563e-11,1.910946e-09,1.910946e-11
2.037692e+01,6.083290e-11,1.946269e-09,1.946269e-11
2.037981e+01,6.240487e-11,1.989435e-09,1.989435e-11
2.038269e+01,6.425766e-11,2.042398e-09,2.042398e-11
2.038558e+01,6.638762e-11,2.105314e-09,2.105314e-11
2.038847e+01,6.866932e-11,2.176104e-09,2.176104e-11
2.039136e+01,7.093058e-11,2.250792e-09,2.250792e-11
2.039425e+01,7.309017e-11,2.324481e-09,2.324481e-11
2.039713e+01,7.511693e-11,2.392389e-09,2.392389e-11
2.040002e+01,7.691386e-11,2.450787e-09,2.450787e-11
2.040291e+01,7.837901e-11,2.497700e-09,2.497700e-11
2.040580e+01,7.954130e-11,2.533171e-09,2.533171e-11
2.040869e+01,8.050791e-11,2.558851e-09,2.558851e-11
2.041157e+01,8.131066e-11,2.577221e-09,2.577221e-11
2.041446e+01,8.192989e-11,2.590862e-09,2.590862e-11
2.041735e+01,8.243053e-11,2.601965e-09,2.601965e-11
2.042024e+01,8.292735e-11,2.612005e-09,2.612005e-11
2.042312e+01,8.343790e-11,2.621741e-09,2.621741e-11
2.042601e+01,8.391004e-11,2.631683e-09,2.631683e-11
2.042890e+01,8.438135e-11,2.642846e-09,2.642846e-11
2.043179e+01,8.497469e-11,2.657260e-09,2.657260e-11
2.043468e+01,8.574492e-11,2.677958e-09,2.677958e-11
2.043756e+01,8.667313e-11,2.708525e-09,2.708525e-11
2.044045e+01,8.781200e-11,2.752387e-09,2.752387e-11
2.044334e+01,8.928245e-11,2.811901e-09,2.811901e-11
2.044623e+01,9.110255e-11,2.887516e-09,2.887516e-11
2.044912e+01,9.316085e-11,2.977495e-09,2.977495e-11
2.045200e+01,9.538112e-11,3.078222e-09,3.078222e-11
2.045489e+01,9.776498e-11,3.184792e-09,3.184792e-11
2.045778e+01,1.002446e-10,3.291675e-09,3.291675e-11
2.046067e+01,1.026524e-10,3.393489e-09,3.393489e-11
2.046356e+01,1.048938e-10,3.485684e-09,3.485684e-11
2.046644e+01,1.070127e-10,3.564921e-09,3.564921e-11
2.046933e+01,1.090281e-10,3.628987e-09,3.628987e-11
2.047222e+01,1.108497e-10,3.676596e-09,3.676596e-11
2.047511e+01,1.124249e-10,3.707240e-09,3.707240e-11
2.047799e+01,1.138158e-10,3.721030e-09,3.721030e-11
2.048088e+01,1.150437e-10,3.718476e-09,3.718476e-11
2.048377e+01,1.159911e-10,3.700478e-09,3.700478e-11
2.048666e+01,1.165567e-10,3.668479e-09,3.668479e-11
2.048955e+01,1.167838e-10,3.624697e-09,3.624697e-11
2.049243e+01,1.167285e-10,3.572158e-09,3.572158e-11
2.049532e+01,1.163407e-10,3.514642e-09,3.514642e-11
2.049821e+01,1.156029e-10,3.456452e-09,3.456452e-11
2.050110e+01,1.146548e-10,3.401965e-09,3.401965e-11
2.050399e+01,1.136488e-10,3.354825e-09,3.354825e-11
2.050687e+01,1.125910e-10,3.317281e-09,3.317281e-11
2.050976e+01,1.114531e-10,3.289853e-09,3.289853e-11
2.051265e+01,1.103178e-10,3.271398e-09,3.271398e-11
2.051554e+01,1.092636e-10,3.259306e-09,3.259306e-11
2.051842e+01,1.082109e-10,3.250035e-09,3.250035e-11
2.052131e+01,1.070403e-10,3.239831e-09,3.239831e-11
2.052420e+01,1.057740e-10,3.225453e-09,3.225453e-11
2.052709e+01,1.044784e-10,3.204483e-09,3.204483e-11
2.052998e+01,1.030913e-10,3.175395e-09,3.175395e-11
2.053286e+01,1.015153e-10,3.137431e-09,3.137431e-11
2.053575e+01,9.978551e-11,3.090402e-09,3.090402e-11
2.053864e+01,9.797365e-11,3.034348e-09,3.034348e-11
2.054153e+01,9.601337e-11,2.969369e-09,2.969369e-11
2.054442e+01,9.378658e-11,2.895669e-09,2.895669e-11
2.054730e+01,9.130525e-11,2.813850e-09,2.813850e-11
2.055019e+01,8.865156e-11,2.725218e-09,2.725218e-11
2.055308e+01,8.582186e-11,2.632090e-09,2.632090e-11
2.055597e+01,8.279571e-11,2.537909e-09,2.537909e-11
2.055886e+01,7.969629e-11,2.446961e-09,2.446961e-11
2.056174e+01,7.672335e-11,2.363500e-09,2.363500e-11
2.056463e+01,7.397191e-11,2.290625e-09,2.290625e-11
2.056752e+01,7.145563e-11,2.229411e-09,2.229411e-11
2.057041e+01,6.925095e-11,2.178763e-09,2.178763e-11
2.057329e+01,6.745049e-11,2.135849e-09,2.135849e-11
2.057618e+01,6.600548e-11,2.096941e-09,2.096941e-11
2.057907e+01,6.477102e-11,2.058386e-09,2.058386e-11
2.058196e+01,6.368384e-11,2.017479e-09,2.017479e-11
2.058485e+01,6.275541e-11,1.972943e-09,1.972943e-11
2.058773e+01,6.193154e-11,1.925089e-09,1.925089e-11
2.059062e+01,6.112296e-11,1.875715e-09,1.875715e-11
2.059351e+01,6.035577e-11,1.827782e-09,1.827782e-11
2.059640e+01,5.974132e-11,1.784734e-09,1.784734e-11
2.059929e+01,5.931022e-11,1.749662e-09,1.749662e-11
2.060217e+01,5.901532e-11,1.724649e-09,1.724649e-11
2.060506e+01,5.887310e-11,1.710500e-09,1.710500e-11
2.060795e+01,5.894430e-11,1.706761e-09,1.706761e-11
2.061084e+01,5.918740e-11,1.712062e-09,1.712062e-11
2.061373e+01,5.948521e-11,1.724671e-09,1.724671e-11
2.061661e+01,5.980681e-11,1.743049e-09,1.743049e-11
2.061950e+01,6.019745e-11,1.766090e-09,1.766090e-11
2.062239e+01,6.063395e-11,1.793110e-09,1.793110e-11
2.062528e+01,6.104696e-11,1.823765e-09,1.823765e-11
2.062816e+01,6.146466e-11,1.858016e-09,1.858016e-11
2.063105e+01,6.198568e-11,1.896041e-09,1.896041e-11
2.063394e+01,6.263109e-11,1.938178e-09,1.938178e-11
2.063683e+01,6.336120e-11,1.984956e-09,1.984956e-11
2.063972e+01,6.421089e-11,2.037164e-09,2.037164e-11
2.064260e+01,6.527338e-11,2.095794e-09,2.095794e-11
2.064549e+01,6.656383e-11,2.161892e-09,2.161892e-11
2.064838e+01,6.802934e-11,2.236335e-09,2.236335e-11
2.065127e+01,6.968258e-11,2.319577e-09,2.319577e-11
2.065416e+01,7.158575e-11,2.411335e-09,2.411335e-11
2.065704e+01,7.370730e-11,2.510305e-09,2.510305e-11
2.065993e+01,7.592826e-11,2.614065e-09,2.614065e-11
2.066282e+01,7.818225e-11,2.719232e-09,2.719232e-11
2.066571e+01,8.044843e-11,2.821728e-09,2.821728e-11
2.066859e+01,8.261794e-11,2.917118e-09,2.917118e-11
2.067148e+01,8.452077e-11,3.001069e-09,3.001069e-11
2.067437e+01,8.607955e-11,3.069854e-09,3.069854e-11
2.067726e+01,8.730354e-11,3.120668e-09,3.120668e-11
2.068015e+01,8.815765e-11,3.151796e-09,3.151796e-11
2.068303e+01,8.857656e-11,3.162658e-09,3.162658e-11
2.068592e+01,8.859120e-11,3.153747e-09,3.153747e-11
2.068881e+01,8.830960e-11,3.126489e-09,3.126489e-11
2.069170e+01,8.777512e-11,3.083090e-09,3.083090e-11
2.069459e+01,8.696122e-11,3.026430e-09,3.026430e-11
2.069747e+01,8.589710e-11,2.960021e-09,2.960021e-11
2.070036e+01,8.466664e-11,2.887848e-09,2.887848e-11
2.070325e+01,8.328193e-11,2.813974e-09,2.813974e-11
2.070614e+01,8.168917e-11,2.742094e-09,2.742094e-11
2.070903e+01,7.990444e-11,2.675163e-09,2.675163e-11
2.071191e+01,7.802440e-11,2.615081e-09,2.615081e-11
2.071480e+01,7.610035e-11,2.562514e-09,2.562514e-11
2.071769e+01,7.412448e-11,2.517037e-09,2.517037e-11
2.072058e+01,7.215406e-11,2.477531e-09,2.477531e-11
2.072346e+01,7.032305e-11,2.442663e-09,2.442663e-11
2.072635e+01,6.870643e-11,2.411288e-09,2.411288e-11
2.072924e+01,6.728739e-11,2.382819e-09,2.382819e-11
2.073213e+01,6.608540e-11,2.357556e-09,2.357556e-11
2.073502e+01,6.519200e-11,2.336815e-09,2.336815e-11
2.073790e+01,6.463304e-11,2.322691e-09,2.322691e-11
2.074079e+01,6.432681e-11,2.317599e-09,2.317599e-11
2.074368e+01,6.422600e-11,2.323758e-09,2.323758e-11
2.074657e+01,6.436801e-11,2.342598e-09,2.342598e-11
2.074946e+01,6.473699e-11,2.374128e-09,2.374128e-11
2.075234e+01,6.521292e-11,2.416697e-09,2.416697e-11
2.075523e+01,6.571798e-11,2.467258e-09,2.467258e-11
2.075812e+01,6.627764e-11,2.521897e-09,2.521897e-11
2.076101e+01,6.688286e-11,2.576305e-09,2.576305e-11
2.076390e+01,6.742933e-11,2.626326e-09,2.626326e-11
2.076678e+01,6.785393e-11,2.668448e-09,2.668448e-11
2.076967e+01,6.820730e-11,2.700106e-09,2.700106e-11
2.077256e+01,6.852011e-11,2.719661e-09,2.719661e-11
2.077545e+01,6.871869e-11,2.726339e-09,2.726339e-11
2.077833e+01,6.875309e-11,2.720192e-09,2.720192e-11
2.078122e+01,6.869188e-11,2.702090e-09,2.702090e-11
2.078411e+01,6.859966e-11,2.673501e-09,2.673501e-11
2.078700e+01,6.843265e-11,2.636335e-09,2.636335e-11
2.078989e+01,6.815681e-11,2.592875e-09,2.592875e-11
2.079277e+01,6.785922e-11,2.545747e-09,2.545747e-11
2.079566e+01,6.763956e-11,2.497655e-09,2.497655e-11
2.079855e+01,6.748752e-11,2.451143e-09,2.451143e-11
2.080144e+01,6.737298e-11,2.408465e-09,2.408465e-11
2.080433e+01,6.737177e-11,2.371597e-09,2.371597e-11
2.080721e+01,6.758091e-11,2.342073e-09,2.342073e-11
2.081010e+01,6.797844e-11,2.320856e-09,2.320856e-11
2.081299e+01,6.848914e-11,2.308361e-09,2.308361e-11
2.081588e+01,6.912986e-11,2.304611e-09,2.304611e-11
2.081876e+01,6.995660e-11,2.309169e-09,2.309169e-11
2.082165e+01,7.091012e-11,2.321013e-09,2.321013e-11
2.082454e+01,7.185856e-11,2.338563e-09,2.338563e-11
2.082743e+01,7.276480e-11,2.359924e-09,2.359924e-11
2.083032e+01,7.366159e-11,2.382974e-09,2.382974e-11
2.083320e+01,7.448601e-11,2.405362e-09,2.405362e-11
2.083609e+01,7.510187e-11,2.424655e-09,2.424655e-11
2.083898e+01,7.547562e-11,2.438631e-09,2.438631e-11
2.084187e+01,7.567250e-11,2.445370e-09,2.445370e-11
2.084476e+01,7.568598e-11,2.443208e-09,2.443208e-11
2.084764e+01,7.542735e-11,2.430805e-09,2.430805e-11
2.085053e+01,7.489366e-11,2.407368e-09,2.407368e-11
2.085342e+01,7.418985e-11,2.372758e-09,2.372758e-11
2.085631e+01,7.335778e-11,2.327373e-09,2.327373e-11
2.085920e+01,7.233704e-11,2.272124e-09,2.272124e-11
2.086208e+01,7.112828e-11,2.208526e-09,2.208526e-11
2.086497e+01,6.984664e-11,2.138705e-09,2.138705e-11
2.086786e+01,6.856217e-11,2.065117e-09,2.065117e-11
2.087075e+01,6.723334e-11,1.990344e-09,1.990344e-11
2.087363e+01,6.586352e-11,1.917044e-09,1.917044e-11
2.087652e+01,6.457447e-11,1.847868e-09,1.847868e-11
2.087941e+01,6.344969e-11,1.785040e-09,1.785040e-11
2.088230e+01,6.244216e-11,1.730087e-09,1.730087e-11
2.088519e+01,6.151674e-11,1.683792e-09,1.683792e-11
2.088807e+01,6.074638e-11,1.646281e-09,1.646281e-11
2.089096e+01,6.017346e-11,1.616901e-09,1.616901e-11
2.089385e+01,5.970568e-11,1.594342e-09,1.594342e-11
2.089674e+01,5.925411e-11,1.576989e-09,1.576989e-11
2.089963e+01,5.885767e-11,1.563412e-09,1.563412e-11
2.090251e+01,5.856089e-11,1.552379e-09,1.552379e-11
2.090540e+01,5.829162e-11,1.542771e-09,1.542771e-11
2.090829e+01,5.798063e-11,1.533623e-09,1.533623e-11
2.091118e+01,5.768467e-11,1.524208e-09,1.524208e-11
2.091407e+01,5.747000e-11,1.513743e-09,1.513743e-11
2.091695e+01,5.728133e-11,1.501322e-09,1.501322e-11
2.091984e+01,5.703994e-11,1.486074e-09,1.486074e-11
2.092273e+01,5.677070e-11,1.467450e-09,1.467450e-11
2.092562e+01,5.651937e-11,1.445226e-09,1.445226e-11
2.092850e+01,5.622866e-11,1.419530e-09,1.419530e-11
2.093139e+01,5.581812e-11,1.390873e-09,1.390873e-11
2.093428e+01,5.532246e-11,1.360260e-09,1.360260e-11
2.093717e+01,5.483038e-11,1.329101e-09,1.329101e-11
2.094006e+01,5.434460e-11,1.299125e-09,1.299125e-11
2.094294e+01,5.383146e-11,1.272390e-09,1.272390e-11
2.094583e+01,5.336479e-11,1.251554e-09,1.251554e-11
2.094872e+01,5.307338e-11,1.239818e-09,1.239818e-11
2.095161e+01,5.298450e-11,1.240591e-09,1.240591e-11
2.095450e+01,5.306917e-11,1.257226e-09,1.257226e-11
2.095738e+01,5.339399e-11,1.292858e-09,1.292858e-11
2.096027e+01,5.407298e-11,1.349864e-09,1.349864e-11
2.096316e+01,5.511361e-11,1.429334e-09,1.429334e-11
2.096605e+01,5.645701e-11,1.530874e-09,1.530874e-11
2.096893e+01,5.812044e-11,1.652706e-09,1.652706e-11
2.097182e+01,6.015291e-11,1.791738e-09,1.791738e-11
2.097471e+01,6.248949e-11,1.943774e-09,1.943774e-11
2.097760e+01,6.499206e-11,2.103886e-09,2.103886e-11
2.098049e+01,6.759493e-11,2.266825e-09,2.266825e-11
2.098337e+01,7.027259e-11,2.427270e-09,2.427270e-11
2.098626e+01,7.291212e-11,2.580077e-09,2.580077e-11
2.098915e+01,7.536223e-11,2.720567e-09,2.720567e-11
2.099204e+01,7.757268e-11,2.844821e-09,2.844821e-11
2.099493e+01,7.955788e-11,2.949827e-09,2.949827e-11
2.099781e+01,8.127099e-11,3.033580e-09,3.033580e-11
2.100070e+01,8.263794e-11,3.095166e-09,3.095166e-11
2.100359e+01,8.367455e-11,3.134789e-09,3.134789e-11
2.100648e+01,8.445107e-11,3.153675e-09,3.153675e-11
2.100937e+01,8.497006e-11,3.153910e-09,3.153910e-11
2.101225e+01,8.519202e-11,3.138265e-09,3.138265e-11
2.101514e+01,8.515578e-11,3.110036e-09,3.110036e-11
2.101803e+01,8.495910e-11,3.072833e-09,3.072833e-11
2.102092e+01,8.464010e-11,3.030362e-09,3.030362e-11
2.102380e+01,8.419871e-11,2.986238e-09,2.986238e-11
2.102669e+01,8.371925e-11,2.943816e-09,2.943816e-11
2.102958e+01,8.334121e-11,2.905958e-09,2.905958e-11
2.103247e+01,8.312210e-11,2.874864e-09,2.874864e-11
2.103536e+01,8.305466e-11,2.851995e-09,2.851995e-11
2.103824e+01,8.318786e-11,2.838128e-09,2.838128e-11
2.104113e+01,8.359171e-11,2.833428e-09,2.833428e-11
2.104402e+01,8.422567e-11,2.837478e-09,2.837478e-11
2.104691e+01,8.497366e-11,2.849226e-09,2.849226e-11
2.104980e+01,8.578545e-11,2.866977e-09,2.866977e-11
2.105268e+01,8.665851e-11,2.888420e-09,2.888420e-11
2.105557e+01,8.751484e-11,2.910812e-09,2.910812e-11
2.105846e+01,8.823541e-11,2.931381e-09,2.931381e-11
2.106135e+01,8.880002e-11,2.947829e-09,2.947829e-11
2.106424e+01,8.926422e-11,2.958627e-09,2.958627e-11
2.106712e+01,8.961463e-11,2.963037e-09,2.963037e-11
2.107001e+01,8.977897e-11,2.960907e-09,2.960907e-11
2.107290e+01,8.976371e-11,2.952376e-09,2.952376e-11
2.107579e+01,8.963619e-11,2.937532e-09,2.937532e-11
2.107867e+01,8.937375e-11,2.916106e-09,2.916106e-11
2.108156e+01,8.887505e-11,2.887374e-09,2.887374e-11
2.108445e+01,8.811821e-11,2.850288e-09,2.850288e-11
2.108734e+01,8.716280e-11,2.803649e-09,2.803649e-11
2.109023e+01,8.599973e-11,2.746321e-09,2.746321e-11
2.109311e+01,8.455502e-11,2.677583e-09,2.677583e-11
2.109600e+01,8.285261e-11,2.597609e-09,2.597609e-11
2.109889e+01,8.102419e-11,2.507814e-09,2.507814e-11
2.110178e+01,7.914359e-11,2.410922e-09,2.410922e-11
2.110467e+01,7.720326e-11,2.310877e-09,2.310877e-11
2.110755e+01,7.527469e-11,2.212605e-09,2.212605e-11
2.111044e+01,7.352726e-11,2.121518e-09,2.121518e-11
2.111333e+01,7.205103e-11,2.042794e-09,2.042794e-11
2.111622e+01,7.081268e-11,1.980692e-09,1.980692e-11
2.111910e+01,6.982015e-11,1.937917e-09,1.937917e-11
2.112199e+01,6.916555e-11,1.915125e-09,1.915125e-11
2.112488e+01,6.885054e-11,1.910560e-09,1.910560e-11
2.112777e+01,6.873464e-11,1.920230e-09,1.920230e-11
2.113066e+01,6.871530e-11,1.938646e-09,1.938646e-11
2.113354e+01,6.879562e-11,1.959794e-09,1.959794e-11
2.113643e+01,6.892115e-11,1.977824e-09,1.977824e-11
2.113932e+01,6.892113e-11,1.987750e-09,1.987750e-11
2.114221e+01,6.868704e-11,1.986063e-09,1.986063e-11
2.114510e+01,6.825724e-11,1.971129e-09,1.971129e-11
2.114798e+01,6.765606e-11,1.943088e-09,1.943088e-11
2.115087e+01,6.680765e-11,1.903661e-09,1.903661e-11
2.115376e+01,6.569216e-11,1.855821e-09,1.855821e-11
2.115665e+01,6.443996e-11,1.803345e-09,1.803345e-11
2.115954e+01,6.316893e-11,1.749914e-09,1.749914e-11
2.116242e+01,6.186360e-11,1.698422e-09,1.698422e-11
2.116531e+01,6.051615e-11,1.650680e-09,1.650680e-11
2.116820e+01,5.923922e-11,1.607565e-09,1.607565e-11
2.117109e+01,5.812471e-11,1.569089e-09,1.569089e-11
2.117397e+01,5.711829e-11,1.534743e-09,1.534743e-11
2.117686e+01,5.615371e-11,1.503987e-09,1.503987e-11
2.117975e+01,5.529851e-11,1.476773e-09,1.476773e-11
2.118264e+01,5.463858e-11,1.453459e-09,1.453459e-11
2.118553e+01,5.413293e-11,1.434612e-09,1.434612e-11
2.118841e+01,5.372548e-11,1.420895e-09,1.420895e-11
2.119130e+01,5.349767e-11,1.413145e-09,1.413145e-11
2.119419e+01,5.355351e-11,1.411918e-09,1.411918e-11
2.119708e+01,5.384236e-11,1.417081e-09,1.417081e-11
2.119997e+01,5.425706e-11,1.427837e-09,1.427837e-11
2.120285e+01,5.480845e-11,1.443163e-09,1.443163e-11
2.120574e+01,5.552838e-11,1.461720e-09,1.461720e-11
2.120863e+01,5.630210e-11,1.481856e-09,1.481856e-11
2.121152e+01,5.697395e-11,1.502023e-09,1.502023e-11
2.121441e+01,5.753702e-11,1.521511e-09,1.521511e-11
2.121729e+01,5.806005e-11,1.540689e-09,1.540689e-11
2.122018e+01,5.851514e-11,1.561089e-09,1.561089e-11
2.122307e+01,5.885097e-11,1.585452e-09,1.585452e-11
2.122596e+01,5.916685e-11,1.617525e-09,1.617525e-11
2.122884e+01,5.964706e-11,1.660989e-09,1.660989e-11
2.123173e+01,6.037211e-11,1.718211e-09,1.718211e-11
2.123462e+01,6.135327e-11,1.789759e-09,1.789759e-11
2.123751e+01,6.270344e-11,1.874809e-09,1.874809e-11
2.124040e+01,6.459201e-11,1.971721e-09,1.971721e-11
2.124328e+01,6.705530e-11,2.078658e-09,2.078658e-11
2.124617e+01,7.001649e-11,2.194217e-09,2.194217e-11
2.124906e+01,7.346001e-11,2.317784e-09,2.317784e-11
2.125195e+01,7.741371e-11,2.449255e-09,2.449255e-11
2.125484e+01,8.177792e-11,2.588479e-09,2.588479e-11
2.125772e+01,8.633842e-11,2.734936e-09,2.734936e-11
2.126061e+01,9.094771e-11,2.887671e-09,2.887671e-11
2.126350e+01,9.554534e-11,3.045219e-09,3.045219e-11
2.126639e+01,1.000044e-10,3.205537e-09,3.205537e-11
2.126928e+01,1.041250e-10,3.366204e-09,3.366204e-11
2.127216e+01,1.078070e-10,3.524747e-09,3.524747e-11
2.127505e+01,1.110814e-10,3.678834e-09,3.678834e-11
2.127794e+01,1.139454e-10,3.826296e-09,3.826296e-11
2.128083e+01,1.163218e-10,3.965237e-09,3.965237e-11
2.128371e+01,1.182088e-10,4.094236e-09,4.094236e-11
2.128660e+01,1.197084e-10,4.212493e-09,4.212493e-11
2.128949e+01,1.208698e-10,4.319811e-09,4.319811e-11
2.129238e+01,1.216469e-10,4.416593e-09,4.416593e-11
2.129527e+01,1.220419e-10,4.503855e-09,4.503855e-11
2.129815e+01,1.221552e-10,4.583157e-09,4.583157e-11
2.130104e+01,1.220583e-10,4.656380e-09,4.656380e-11
2.130393e+01,1.217449e-10,4.725561e-09,4.725561e-11
2.130682e+01,1.212548e-10,4.792777e-09,4.792777e-11
2.130971e+01,1.207334e-10,4.860047e-09,4.860047e-11
2.131259e+01,1.203063e-10,4.929197e-09,4.929197e-11
2.131548e+01,1.199982e-10,5.001814e-09,5.001814e-11
2.131837e+01,1.198396e-10,5.079255e-09,5.079255e-11
2.132126e+01,1.199377e-10,5.162693e-09,5.162693e-11
2.132414e+01,1.203598e-10,5.253061e-09,5.253061e-11
2.132703e+01,1.210526e-10,5.350974e-09,5.350974e-11
2.132992e+01,1.219539e-10,5.456623e-09,5.456623e-11
2.133281e+01,1.230781e-10,5.569658e-09,5.569658e-11
2.133570e+01,1.244200e-10,5.689004e-09,5.689004e-11
2.133858e+01,1.258752e-10,5.812749e-09,5.812749e-11
2.134147e+01,1.273398e-10,5.938123e-09,5.938123e-11
2.134436e+01,1.287963e-10,6.061584e-09,6.061584e-11
2.134725e+01,1.302229e-10,6.178971e-09,6.178971e-11
2.135014e+01,1.315146e-10,6.285781e-09,6.285781e-11
2.135302e+01,1.325709e-10,6.377502e-09,6.377502e-11
2.135591e+01,1.333834e-10,6.449981e-09,6.449981e-11
2.135880e+01,1.339613e-10,6.499709e-09,6.499709e-11
2.136169e+01,1.342479e-10,6.524062e-09,6.524062e-11
2.136458e+01,1.341968e-10,6.521481e-09,6.521481e-11
2.136746e+01,1.338561e-10,6.491594e-09,6.491594e-11
2.137035e+01,1.332972e-10,6.435209e-09,6.435209e-11
2.137324e+01,1.325226e-10,6.354207e-09,6.354207e-11
2.137613e+01,1.315237e-10,6.251383e-09,6.251383e-11
2.137901e+01,1.303681e-10,6.130244e-09,6.130244e-11
2.138190e+01,1.291407e-10,5.994759e-09,5.994759e-11
2.138479e+01,1.278523e-10,5.849064e-09,5.849064e-11
2.138768e+01,1.264912e-10,5.697165e-09,5.697165e-11
2.139057e+01,1.251154e-10,5.542696e-09,5.542696e-11
2.139345e+01,1.238077e-10,5.388720e-09,5.388720e-11
2.139634e+01,1.225769e-10,5.237589e-09,5.237589e-11
2.139923e+01,1.213950e-10,5.090873e-09,5.090873e-11
2.140212e+01,1.202940e-10,4.949403e-09,4.949403e-11
2.140501e+01,1.193262e-10,4.813365e-09,4.813365e-11
2.140789e+01,1.184606e-10,4.682437e-09,4.682437e-11
2.141078e+01,1.176218e-10,4.555938e-09,4.555938e-11
2.141367e+01,1.167983e-10,4.433016e-09,4.433016e-11
2.141656e+01,1.160139e-10,4.312799e-09,4.312799e-11
2.141945e+01,1.152260e-10,4.194503e-09,4.194503e-11
2.142233e+01,1.143598e-10,4.077505e-09,4.077505e-11
2.142522e+01,1.134163e-10,3.961409e-09,3.961409e-11
2.142811e+01,1.124453e-10,3.846040e-09,3.846040e-11
2.143100e+01,1.114336e-10,3.731426e-09,3.731426e-11
2.143388e+01,1.103219e-10,3.617797e-09,3.617797e-11
2.143677e+01,1.091117e-10,3.505562e-09,3.505562e-11
2.143966e+01,1.078527e-10,3.395239e-09,3.395239e-11
2.144255e+01,1.065270e-10,3.287411e-09,3.287411e-11
2.144544e+01,1.050582e-10,3.182698e-09,3.182698e-11
2.144832e+01,1.034407e-10,3.081755e-09,3.081755e-11
2.145121e+01,1.017361e-10,2.985206e-09,2.985206e-11
2.145410e+01,9.994660e-11,2.893559e-09,2.893559e-11
2.145699e+01,9.802417e-11,2.807175e-09,2.807175e-11
2.145988e+01,9.599701e-11,2.726226e-09,2.726226e-11
2.146276e+01,9.396226e-11,2.650616e-09,2.650616e-11
2.146565e+01,9.195644e-11,2.579960e-09,2.579960e-11
2.146854e+01,8.994696e-11,2.513647e-09,2.513647e-11
2.147143e+01,8.795721e-11,2.450968e-09,2.450968e-11
2.147431e+01,8.607840e-11,2.391254e-09,2.391254e-11
2.147720e+01,8.433764e-11,2.333944e-09,2.333944e-11
2.148009e+01,8.267348e-11,2.278626e-09,2.278626e-11
2.148298e+01,8.106698e-11,2.225051e-09,2.225051e-11
2.148587e+01,7.957501e-11,2.173083e-09,2.173083e-11
2.148875e+01,7.819477e-11,2.122523e-09,2.122523e-11
2.149164e+01,7.682287e-11,2.072935e-09,2.072935e-11
2.149453e+01,7.539703e-11,2.023655e-09,2.023655e-11
2.149742e+01,7.395155e-11,1.973984e-09,1.973984e-11
2.150031e+01,7.248584e-11,1.923256e-09,1.923256e-11
2.150319e+01,7.091355e-11,1.871032e-09,1.871032e-11
2.150608e+01,6.920518e-11,1.817420e-09,1.817420e-11
2.150897e+01,6.745525e-11,1.763317e-09,1.763317e-11
2.151186e+01,6.574388e-11,1.710275e-09,1.710275e-11
2.151475e+01,6.405354e-11,1.660318e-09,1.660318e-11
2.151763e+01,6.239488e-11,1.615693e-09,1.615693e-11
2.152052e+01,6.088663e-11,1.578556e-09,1.578556e-11
2.152341e+01,5.961404e-11,1.550379e-09,1.550379e-11
2.152630e+01,5.852539e-11,1.531529e-09,1.531529e-11
2.152918e+01,5.756923e-11,1.521246e-09,1.521246e-11
2.153207e+01,5.681020e-11,1.518042e-09,1.518042e-11
2.153496e+01,5.629618e-11,1.519930e-09,1.519930e-11
2.153785e+01,5.594608e-11,1.524777e-09,1.524777e-11
2.154074e+01,5.569098e-11,1.530720e-09,1.530720e-11
2.154362e+01,5.559664e-11,1.536517e-09,1.536517e-11
2.154651e+01,5.572694e-11,1.541371e-09,1.541371e-11
2.154940e+01,5.600878e-11,1.544805e-09,1.544805e-11
2.155229e+01,5.635512e-11,1.546640e-09,1.546640e-11
2.155518e+01,5.680319e-11,1.547068e-09,1.547068e-11
2.155806e+01,5.739259e-11,1.546235e-09,1.546235e-11
2.156095e+01,5.801740e-11,1.543944e-09,1.543944e-11
2.156384e+01,5.855309e-11,1.539797e-09,1.539797e-11
2.156673e+01,5.902642e-11,1.533754e-09,1.533754e-11
2.156962e+01,5.949725e-11,1.526202e-09,1.526202e-11
2.157250e+01,5.988792e-11,1.517909e-09,1.517909e-11
2.157539e+01,6.010456e-11,1.509979e-09,1.509979e-11
2.157828e+01,6.020662e-11,1.503728e-09,1.503728e-11
2.158117e+01,6.028045e-11,1.499817e-09,1.499817e-11
2.158405e+01,6.025687e-11,1.497666e-09,1.497666e-11
2.158694e+01,6.002551e-11,1.495703e-09,1.495703e-11
2.158983e+01,5.961751e-11,1.492272e-09,1.492272e-11
2.159272e+01,5.910305e-11,1.486148e-09,1.486148e-11
2.159561e+01,5.841840e-11,1.476978e-09,1.476978e-11
2.159849e+01,5.747046e-11,1.465717e-09,1.465717e-11
2.160138e+01,5.632759e-11,1.454882e-09,1.454882e-11
2.160427e+01,5.513315e-11,1.447845e-09,1.447845e-11
2.160716e+01,5.390731e-11,1.447841e-09,1.447841e-11
2.161005e+01,5.262248e-11,1.457398e-09,1.457398e-11
2.161293e+01,5.139407e-11,1.478391e-09,1.478391e-11
2.161582e+01,5.039322e-11,1.511824e-09,1.511824e-11
2.161871e+01,4.964030e-11,1.557808e-09,1.557808e-11
2.162160e+01,4.907542e-11,1.616035e-09,1.616035e-11
2.162448e+01,4.876396e-11,1.686397e-09,1.686397e-11
2.162737e+01,4.883579e-11,1.768851e-09,1.768851e-11
2.163026e+01,4.927725e-11,1.863040e-09,1.863040e-11
2.163315e+01,4.998942e-11,1.968199e-09,1.968199e-11
2.163604e+01,5.100200e-11,2.083346e-09,2.083346e-11
2.163892e+01,5.241934e-11,2.207067e-09,2.207067e-11
2.164181e+01,5.419897e-11,2.337269e-09,2.337269e-11
2.164470e+01,5.619164e-11,2.471301e-09,2.471301e-11
2.164759e+01,5.836306e-11,2.606265e-09,2.606265e-11
2.165048e+01,6.076363e-11,2.739006e-09,2.739006e-11
2.165336e+01,6.331250e-11,2.866108e-09,2.866108e-11
2.165625e+01,6.583002e-11,2.984141e-09,2.984141e-11
2.165914e+01,6.826678e-11,3.090054e-09,3.090054e-11
2.166203e+01,7.068736e-11,3.181308e-09,3.181308e-11
2.166492e+01,7.304418e-11,3.255885e-09,3.255885e-11
2.166780e+01,7.518484e-11,3.312395e-09,3.312395e-11
2.167069e+01,7.706471e-11,3.350276e-09,3.350276e-11
2.167358e+01,7.874026e-11,3.369765e-09,3.369765e-11
2.167647e+01,8.015580e-11,3.371651e-09,3.371651e-11
2.167935e+01,8.113948e-11,3.357049e-09,3.357049e-11
2.168224e+01,8.162652e-11,3.327272e-09,3.327272e-11
2.168513e+01,8.169253e-11,3.283722e-09,3.283722e-11
2.168802e+01,8.135580e-11,3.227829e-09,3.227829e-11
2.169091e+01,8.055453e-11,3.161316e-09,3.161316e-11
2.169379e+01,7.935131e-11,3.086628e-09,3.086628e-11
2.169668e+01,7.796227e-11,3.007175e-09,3.007175e-11
2.169957e+01,7.654394e-11,2.927152e-09,2.927152e-11
2.170246e+01,7.513283e-11,2.851139e-09,2.851139e-11
2.170535e+01,7.381677e-11,2.783533e-09,2.783533e-11
2.170823e+01,7.277010e-11,2.727899e-09,2.727899e-11
2.171112e+01,7.206868e-11,2.686304e-09,2.686304e-11
2.171401e+01,7.163480e-11,2.659042e-09,2.659042e-11
2.171690e+01,7.140831e-11,2.644746e-09,2.644746e-11
2.171979e+01,7.141491e-11,2.640689e-09,2.640689e-11
2.172267e+01,7.162224e-11,2.643032e-09,2.643032e-11
2.172556e+01,7.188332e-11,2.647212e-09,2.647212e-11
2.172845e+01,7.208653e-11,2.648396e-09,2.648396e-11
2.173134e+01,7.223137e-11,2.641952e-09,2.641952e-11
2.173422e+01,7.229634e-11,2.623781e-09,2.623781e-11
2.173711e+01,7.216509e-11,2.590679e-09,2.590679e-11
2.174000e+01,7.175596e-11,2.540603e-09,2.540603e-11
2.174289e+01,7.110183e-11,2.472847e-09,2.472847e-11
2.174578e+01,7.023188e-11,2.388028e-09,2.388028e-11
2.174866e+01,6.909580e-11,2.288055e-09,2.288055e-11
2.175155e+01,6.767521e-11,2.176038e-09,2.176038e-11
2.175444e+01,6.605633e-11,2.056167e-09,2.056167e-11
2.175733e+01,6.432713e-11,1.933408e-09,1.933408e-11
2.176022e+01,6.249679e-11,1.813193e-09,1.813193e-11
2.176310e+01,6.057623e-11,1.701000e-09,1.701000e-11
2.176599e+01,5.865537e-11,1.601826e-09,1.601826e-11
2.176888e+01,5.682539e-11,1.519438e-09,1.519438e-11
2.177177e+01,5.509434e-11,1.455676e-09,1.455676e-11
2.177465e+01,5.346205e-11,1.410043e-09,1.410043e-11
2.177754e+01,5.200957e-11,1.379988e-09,1.379988e-11
2.178043e+01,5.082693e-11,1.361624e-09,1.361624e-11
2.178332e+01,4.992126e-11,1.350728e-09,1.350728e-11
2.178621e+01,4.928294e-11,1.343715e-09,1.343715e-11
2.178909e+01,4.896447e-11,1.338293e-09,1.338293e-11
2.179198e+01,4.900369e-11,1.333591e-09,1.333591e-11
2.179487e+01,4.933904e-11,1.330008e-09,1.330008e-11
2.179776e+01,4.987738e-11,1.328815e-09,1.328815e-11
2.180065e+01,5.057955e-11,1.331611e-09,1.331611e-11
2.180353e+01,5.141106e-11,1.339701e-09,1.339701e-11
2.180642e+01,5.227482e-11,1.353680e-09,1.353680e-11
2.180931e+01,5.307498e-11,1.373308e-09,1.373308e-11
2.181220e+01,5.380535e-11,1.397701e-09,1.397701e-11
2.181509e+01,5.450092e-11,1.425580e-09,1.425580e-11
2.181797e+01,5.515058e-11,1.455539e-09,1.455539e-11
2.182086e+01,5.573884e-11,1.486253e-09,1.486253e-11
2.182375e+01,5.632276e-11,1.516616e-09,1.516616e-11
2.182664e+01,5.697531e-11,1.545692e-09,1.545692e-11
2.182952e+01,5.769701e-11,1.572679e-09,1.572679e-11
2.183241e+01,5.846138e-11,1.596976e-09,1.596976e-11
2.183530e+01,5.929519e-11,1.618395e-09,1.618395e-11
2.183819e+01,6.024216e-11,1.637344e-09,1.637344e-11
2.184108e+01,6.128518e-11,1.654995e-09,1.654995e-11
2.184396e+01,6.237886e-11,1.673304e-09,1.673304e-11
2.184685e+01,6.353565e-11,1.694855e-09,1.694855e-11
2.184974e+01,6.480140e-11,1.722403e-09,1.722403e-11
2.185263e+01,6.616567e-11,1.758236e-09,1.758236e-11
2.185552e+01,6.757498e-11,1.803621e-09,1.803621e-11
2.185840e+01,6.902539e-11,1.858486e-09,1.858486e-11
2.186129e+01,7.055508e-11,1.921329e-09,1.921329e-11
2.186418e+01,7.214371e-11,1.989397e-09,1.989397e-11
2.186707e+01,7.371756e-11,2.059099e-09,2.059099e-11
2.186996e+01,7.525340e-11,2.126554e-09,2.126554e-11
2.187284e+01,7.677809e-11,2.188080e-09,2.188080e-11
2.187573e+01,7.826474e-11,2.240556e-09,2.240556e-11
2.187862e+01,7.962633e-11,2.281747e-09,2.281747e-11
2.188151e+01,8.082508e-11,2.310585e-09,2.310585e-11
2.188439e+01,8.188478e-11,2.327305e-09,2.327305e-11
2.188728e+01,8.278224e-11,2.333396e-09,2.333396e-11
2.189017e+01,8.343590e-11,2.331445e-09,2.331445e-11
2.189306e+01,8.382048e-11,2.324850e-09,2.324850e-11
2.189595e+01,8.399348e-11,2.317371e-09,2.317371e-11
2.189883e+01,8.398214e-11,2.312511e-09,2.312511e-11
2.190172e+01,8.375347e-11,2.312902e-09,2.312902e-11
2.190461e+01,8.333169e-11,2.319877e-09,2.319877e-11
2.190750e+01,8.282960e-11,2.333302e-09,2.333302e-11
2.191039e+01,8.232464e-11,2.351628e-09,2.351628e-11
2.191327e+01,8.181107e-11,2.372266e-09,2.372266e-11
2.191616e+01,8.131094e-11,2.392220e-09,2.392220e-11
2.191905e+01,8.092207e-11,2.408777e-09,2.408777e-11
2.192194e+01,8.070069e-11,2.419966e-09,2.419966e-11
2.192482e+01,8.059901e-11,2.424877e-09,2.424877e-11
2.192771e+01,8.058120e-11,2.423851e-09,2.423851e-11
2.193060e+01,8.069935e-11,2.418478e-09,2.418478e-11
2.193349e+01,8.098270e-11,2.411203e-09,2.411203e-11
2.193638e+01,8.135054e-11,2.404800e-09,2.404800e-11
2.193926e+01,8.172924e-11,2.401854e-09,2.401854e-11
2.194215e+01,8.215071e-11,2.404316e-09,2.404316e-11
2.194504e+01,8.262633e-11,2.412964e-09,2.412964e-11
2.194793e+01,8.304149e-11,2.427163e-09,2.427163e-11
2.195082e+01,8.328513e-11,2.445079e-09,2.445079e-11
2.195370e+01,8.336282e-11,2.464185e-09,2.464185e-11
2.195659e+01,8.327888e-11,2.481641e-09,2.481641e-11
2.195948e+01,8.293147e-11,2.494765e-09,2.494765e-11
2.196237e+01,8.223829e-11,2.501563e-09,2.501563e-11
2.196526e+01,8.126543e-11,2.501162e-09,2.501162e-11
2.196814e+01,8.012079e-11,2.493784e-09,2.493784e-11
2.197103e+01,7.881963e-11,2.480594e-09,2.480594e-11
2.197392e+01,7.738029e-11,2.463502e-09,2.463502e-11
2.197681e+01,7.596086e-11,2.444988e-09,2.444988e-11
2.197969e+01,7.475511e-11,2.427595e-09,2.427595e-11
2.198258e+01,7.382167e-11,2.413490e-09,2.413490e-11
2.198547e+01,7.316116e-11,2.404324e-09,2.404324e-11
2.198836e+01,7.288061e-11,2.401442e-09,2.401442e-11
2.199125e+01,7.310610e-11,2.405907e-09,2.405907e-11
2.199413e+01,7.379851e-11,2.418548e-09,2.418548e-11
2.199702e+01,7.483305e-11,2.440154e-09,2.440154e-11
2.199991e+01,7.619650e-11,2.471702e-09,2.471702e-11
2.200280e+01,7.792604e-11,2.514097e-09,2.514097e-11
2.200569e+01,7.991692e-11,2.567726e-09,2.567726e-11
2.200857e+01,8.198536e-11,2.632183e-09,2.632183e-11
2.201146e+01,8.408447e-11,2.706244e-09,2.706244e-11
2.201435e+01,8.626312e-11,2.787674e-09,2.787674e-11
2.201724e+01,8.844602e-11,2.873102e-09,2.873102e-11
2.202013e+01,9.046615e-11,2.958251e-09,2.958251e-11
2.202301e+01,9.228978e-11,3.038536e-09,3.038536e-11
2.202590e+01,9.398654e-11,3.109452e-09,3.109452e-11
2.202879e+01,9.549569e-11,3.166780e-09,3.166780e-11
2.203168e+01,9.664960e-11,3.206953e-09,3.206953e-11
2.203456e+01,9.740524e-11,3.227457e-09,3.227457e-11
2.203745e+01,9.783084e-11,3.226883e-09,3.226883e-11
2.204034e+01,9.789162e-11,3.204834e-09,3.204834e-11
2.204323e+01,9.746550e-11,3.161989e-09,3.161989e-11
2.204612e+01,9.655825e-11,3.100164e-09,3.100164e-11
2.204900e+01,9.530888e-11,3.022148e-09,3.022148e-11
2.205189e+01,9.378642e-11,2.931378e-09,2.931378e-11
2.205478e+01,9.196650e-11,2.831697e-09,2.831697e-11
2.205767e+01,8.992182e-11,2.727200e-09,2.727200e-11
2.206056e+01,8.784636e-11,2.622005e-09,2.622005e-11
2.206344e+01,8.585072e-11,2.519834e-09,2.519834e-11
2.206633e+01,8.390939e-11,2.423759e-09,2.423759e-11
2.206922e+01,8.204802e-11,2.336055e-09,2.336055e-11
2.207211e+01,8.039243e-11,2.258066e-09,2.258066e-11
2.207500e+01,7.898052e-11,2.189998e-09,2.189998e-11
2.207788e+01,7.770782e-11,2.131002e-09,2.131002e-11
2.208077e+01,7.651234e-11,2.079510e-09,2.079510e-11
2.208366e+01,7.544478e-11,2.033679e-09,2.033679e-11
2.208655e+01,7.450351e-11,1.991596e-09,1.991596e-11
2.208943e+01,7.356709e-11,1.951551e-09,1.951551e-11
2.209232e+01,7.256139e-11,1.912261e-09,1.912261e-11
2.209521e+01,7.154182e-11,1.873035e-09,1.873035e-11
2.209810e+01,7.053634e-11,1.833607e-09,1.833607e-11
2.210099e+01,6.946004e-11,1.794004e-09,1.794004e-11
2.210387e+01,6.826903e-11,1.754487e-09,1.754487e-11
2.210676e+01,6.704704e-11,1.715561e-09,1.715561e-11
2.210965e+01,6.585305e-11,1.677726e-09,1.677726e-11
2.211254e+01,6.463074e-11,1.641352e-09,1.641352e-11
2.211543e+01,6.335074e-11,1.606694e-09,1.606694e-11
2.211831e+01,6.209713e-11,1.573946e-09,1.573946e-11
2.212120e+01,6.093077e-11,1.543095e-09,1.543095e-11
2.212409e+01,5.980389e-11,1.513939e-09,1.513939e-11
2.212698e+01,5.868961e-11,1.486235e-09,1.486235e-11
2.212986e+01,5.767261e-11,1.459959e-09,1.459959e-11
2.213275e+01,5.683494e-11,1.435375e-09,1.435375e-11
2.213564e+01,5.616552e-11,1.413157e-09,1.413157e-11
2.213853e+01,5.566789e-11,1.394484e-09,1.394484e-11
2.214142e+01,5.544703e-11,1.381128e-09,1.381128e-11
2.214430e+01,5.559386e-11,1.375276e-09,1.375276e-11
2.214719e+01,5.608232e-11,1.379328e-09,1.379328e-11
2.215008e+01,5.686416e-11,1.395578e-09,1.395578e-11
2.215297e+01,5.795815e-11,1.425752e-09,1.425752e-11
2.215586e+01,5.934767e-11,1.470312e-09,1.470312e-11
2.215874e+01,6.089687e-11,1.528138e-09,1.528138e-11
2.216163e+01,6.246283e-11,1.596702e-09,1.596702e-11
2.216452e+01,6.399526e-11,1.672680e-09,1.672680e-11
2.216741e+01,6.545732e-11,1.752605e-09,1.752605e-11
2.217030e+01,6.675022e-11,1.833441e-09,1.833441e-11
2.217318e+01,6.780467e-11,1.912806e-09,1.912806e-11
2.217607e+01,6.866617e-11,1.988955e-09,1.988955e-11
2.217896e+01,6.940542e-11,2.060516e-09,2.060516e-11
2.218185e+01,7.001876e-11,2.126321e-09,2.126321e-11
2.218473e+01,7.049559e-11,2.185357e-09,2.185357e-11
2.218762e+01,7.090125e-11,2.236856e-09,2.236856e-11
2.219051e+01,7.129385e-11,2.280342e-09,2.280342e-11
2.219340e+01,7.163445e-11,2.315681e-09,2.315681e-11
2.219629e+01,7.186996e-11,2.343049e-09,2.343049e-11
2.219917e+01,7.202718e-11,2.362922e-09,2.362922e-11
2.220206e+01,7.214151e-11,2.375969e-09,2.375969e-11
2.220495e+01,7.217338e-11,2.382950e-09,2.382950e-11
2.220784e+01,7.208461e-11,2.384637e-09,2.384637e-11
2.221073e+01,7.192263e-11,2.381750e-09,2.381750e-11
2.221361e+01,7.174480e-11,2.374841e-09,2.374841e-11
2.221650e+01,7.152644e-11,2.364268e-09,2.364268e-11
2.221939e+01,7.122389e-11,2.350153e-09,2.350153e-11
2.222228e+01,7.087006e-11,2.332442e-09,2.332442e-11
2.222517e+01,7.051509e-11,2.310973e-09,2.310973e-11
2.222805e+01,7.012186e-11,2.285535e-09,2.285535e-11
2.223094e+01,6.962791e-11,2.255909e-09,2.255909e-11
2.223383e+01,6.906289e-11,2.221988e-09,2.221988e-11
2.223672e+01,6.848426e-11,2.183746e-09,2.183746e-11
2.223960e+01,6.785189e-11,2.141152e-09,2.141152e-11
2.224249e+01,6.709352e-11,2.094177e-09,2.094177e-11
2.224538e+01,6.623431e-11,2.042944e-09,2.042944e-11
2.224827e+01,6.533081e-11,1.987715e-09,1.987715e-11
2.225116e+01,6.434306e-11,1.928882e-09,1.928882e-11
2.225404e+01,6.321083e-11,1.867050e-09,1.867050e-11
2.225693e+01,6.199232e-11,1.803201e-09,1.803201e-11
2.225982e+01,6.079407e-11,1.738653e-09,1.738653e-11
2.226271e+01,5.963154e-11,1.674976e-09,1.674976e-11
2.226560e+01,5.848849e-11,1.613940e-09,1.613940e-11
2.226848e+01,5.744748e-11,1.557523e-09,1.557523e-11
2.227137e+01,5.662243e-11,1.507627e-09,1.507627e-11
2.227426e+01,5.600749e-11,1.465681e-09,1.465681e-11
2.227715e+01,5.552813e-11,1.432379e-09,1.432379e-11
2.228003e+01,5.519615e-11,1.407757e-09,1.407757e-11
2.228292e+01,5.506981e-11,1.391312e-09,1.391312e-11
2.228581e+01,5.510802e-11,1.382292e-09,1.382292e-11
2.228870e+01,5.521826e-11,1.380283e-09,1.380283e-11
2.229159e+01,5.541317e-11,1.385785e-09,1.385785e-11
2.229447e+01,5.578098e-11,1.400195e-09,1.400195e-11
2.229736e+01,5.632940e-11,1.425320e-09,1.425320e-11
2.230025e+01,5.699354e-11,1.462759e-09,1.462759e-11
2.230314e+01,5.778293e-11,1.513478e-09,1.513478e-11
2.230603e+01,5.877578e-11,1.577458e-09,1.577458e-11
2.230891e+01,5.995826e-11,1.653433e-09,1.653433e-11
2.231180e+01,6.121183e-11,1.739043e-09,1.739043e-11
2.231469e+01,6.248264e-11,1.831318e-09,1.831318e-11
2.231758e+01,6.381133e-11,1.926927e-09,1.926927e-11
2.232047e+01,6.516929e-11,2.022162e-09,2.022162e-11
2.232335e+01,6.643135e-11,2.113117e-09,2.113117e-11
2.232624e+01,6.754707e-11,2.196030e-09,2.196030e-11
2.232913e+01,6.858238e-11,2.267539e-09,2.267539e-11
2.233202e+01,6.955442e-11,2.324748e-09,2.324748e-11
2.233490e+01,7.037896e-11,2.365436e-09,2.365436e-11
2.233779e+01,7.102381e-11,2.388335e-09,2.388335e-11
2.234068e+01,7.156983e-11,2.393306e-09,2.393306e-11
2.234357e+01,7.206374e-11,2.381205e-09,2.381205e-11
2.234646e+01,7.244076e-11,2.353810e-09,2.353810e-11
2.234934e+01,7.265899e-11,2.313781e-09,2.313781e-11
2.235223e+01,7.278898e-11,2.264593e-09,2.264593e-11
2.235512e+01,7.288194e-11,2.210096e-09,2.210096e-11
2.235801e+01,7.286707e-11,2.154085e-09,2.154085e-11
2.236090e+01,7.268022e-11,2.100036e-09,2.100036e-11
2.236378e+01,7.237433e-11,2.050974e-09,2.050974e-11
2.236667e+01,7.200307e-11,2.009130e-09,2.009130e-11
2.236956e+01,7.151241e-11,1.975802e-09,1.975802e-11
2.237245e+01,7.085745e-11,1.951507e-09,1.951507e-11
2.237534e+01,7.012056e-11,1.936284e-09,1.936284e-11
2.237822e+01,6.940672e-11,1.929683e-09,1.929683e-11
2.238111e+01,6.871904e-11,1.930781e-09,1.930781e-11
2.238400e+01,6.804157e-11,1.938354e-09,1.938354e-11
2.238689e+01,6.745706e-11,1.951126e-09,1.951126e-11
2.238977e+01,6.705856e-11,1.967670e-09,1.967670e-11
2.239266e+01,6.681317e-11,1.986295e-09,1.986295e-11
2.239555e+01,6.663707e-11,2.005131e-09,2.005131e-11
2.239844e+01,6.653335e-11,2.022336e-09,2.022336e-11
2.240133e+01,6.653336e-11,2.036053e-09,2.036053e-11
2.240421e+01,6.657650e-11,2.044419e-09,2.044419e-11
2.240710e+01,6.657342e-11,2.045826e-09,2.045826e-11
2.240999e+01,6.653668e-11,2.039309e-09,2.039309e-11
2.241288e+01,6.653656e-11,2.024650e-09,2.024650e-11
2.241577e+01,6.656970e-11,2.002393e-09,2.002393e-11
2.241865e+01,6.658334e-11,1.973905e-09,1.973905e-11
2.242154e+01,6.659578e-11,1.941382e-09,1.941382e-11
2.242443e+01,6.667545e-11,1.907578e-09,1.907578e-11
2.242732e+01,6.680943e-11,1.875333e-09,1.875333e-11
2.243020e+01,6.691045e-11,1.847082e-09,1.847082e-11
2.243309e+01,6.696031e-11,1.824551e-09,1.824551e-11
2.243598e+01,6.701675e-11,1.808491e-09,1.808491e-11
2.243887e+01,6.707056e-11,1.798436e-09,1.798436e-11
2.244176e+01,6.703899e-11,1.792826e-09,1.792826e-11
2.244464e+01,6.690809e-11,1.789517e-09,1.789517e-11
2.244753e+01,6.674097e-11,1.786272e-09,1.786272e-11
2.245042e+01,6.653392e-11,1.781044e-09,1.781044e-11
2.245331e+01,6.619978e-11,1.772308e-09,1.772308e-11
2.245620e+01,6.571054e-11,1.759369e-09,1.759369e-11
2.245908e+01,6.512459e-11,1.742403e-09,1.742403e-11
2.246197e+01,6.445850e-11,1.722226e-09,1.722226e-11
2.246486e+01,6.365919e-11,1.700159e-09,1.700159e-11
2.246775e+01,6.273073e-11,1.677885e-09,1.677885e-11
2.247064e+01,6.176970e-11,1.657192e-09,1.657192e-11
2.247352e+01,6.083000e-11,1.639560e-09,1.639560e-11
2.247641e+01,5.986971e-11,1.625917e-09,1.625917e-11
2.247930e+01,5.887572e-11,1.616641e-09,1.616641e-11
2.248219e+01,5.791658e-11,1.611674e-09,1.611674e-11
2.248507e+01,5.701886e-11,1.610554e-09,1.610554e-11
2.248796e+01,5.612135e-11,1.612613e-09,1.612613e-11
2.249085e+01,5.521124e-11,1.617322e-09,1.617322e-11
2.249374e+01,5.438441e-11,1.624591e-09,1.624591e-11
2.249663e+01,5.372728e-11,1.634816e-09,1.634816e-11
2.249951e+01,5.325457e-11,1.648900e-09,1.648900e-11
2.250240e+01,5.301234e-11,1.668219e-09,1.668219e-11
2.250529e+01,5.312961e-11,1.694579e-09,1.694579e-11
2.250818e+01,5.370127e-11,1.730077e-09,1.730077e-11
2.251107e+01,5.471284e-11,1.777062e-09,1.777062e-11
2.251395e+01,5.613662e-11,1.838075e-09,1.838075e-11
2.251684e+01,5.800643e-11,1.915734e-09,1.915734e-11
2.251973e+01,6.032833e-11,2.012351e-09,2.012351e-11
2.252262e+01,6.300859e-11,2.129516e-09,2.129516e-11
2.252551e+01,6.595232e-11,2.267675e-09,2.267675e-11
2.252839e+01,6.914915e-11,2.425782e-09,2.425782e-11
2.253128e+01,7.257953e-11,2.600979e-09,2.600979e-11
2.253417e+01,7.612616e-11,2.788585e-09,2.788585e-11
2.253706e+01,7.966242e-11,2.982347e-09,2.982347e-11
2.253994e+01,8.313742e-11,3.174888e-09,3.174888e-11
2.254283e+01,8.648982e-11,3.358200e-09,3.358200e-11
2.254572e+01,8.956474e-11,3.524210e-09,3.524210e-11
2.254861e+01,9.220665e-11,3.665362e-09,3.665362e-11
2.255150e+01,9.436511e-11,3.775149e-09,3.775149e-11
2.255438e+01,9.602440e-11,3.848544e-09,3.848544e-11
2.255727e+01,9.710952e-11,3.882371e-09,3.882371e-11
2.256016e+01,9.756623e-11,3.875498e-09,3.875498e-11
2.256305e+01,9.746029e-11,3.828881e-09,3.828881e-11
2.256594e+01,9.689070e-11,3.745449e-09,3.745449e-11
2.256882e+01,9.587449e-11,3.629884e-09,3.629884e-11
2.257171e+01,9.441881e-11,3.488288e-09,3.488288e-11
2.257460e+01,9.262438e-11,3.327814e-09,3.327814e-11
2.257749e+01,9.060364e-11,3.156164e-09,3.156164e-11
2.258037e+01,8.837469e-11,2.981037e-09,2.981037e-11
2.258326e+01,8.594524e-11,2.809589e-09,2.809589e-11
2.258615e+01,8.342527e-11,2.647992e-09,2.647992e-11
2.258904e+01,8.094844e-11,2.501003e-09,2.501003e-11
2.259193e+01,7.855206e-11,2.371702e-09,2.371702e-11
2.259481e+01,7.624634e-11,2.261427e-09,2.261427e-11
2.259770e+01,7.413299e-11,2.170038e-09,2.170038e-11
2.260059e+01,7.232206e-11,2.096303e-09,2.096303e-11
2.260348e+01,7.079610e-11,2.038451e-09,2.038451e-11
2.260637e+01,6.949371e-11,1.994581e-09,1.994581e-11
2.260925e+01,6.845139e-11,1.962890e-09,1.962890e-11
2.261214e+01,6.772448e-11,1.941625e-09,1.941625e-11
2.261503e+01,6.725263e-11,1.928973e-09,1.928973e-11
2.261792e+01,6.694802e-11,1.923035e-09,1.923035e-11
2.262081e+01,6.683356e-11,1.922024e-09,1.922024e-11
2.262369e+01,6.695284e-11,1.924286e-09,1.924286e-11
2.262658e+01,6.722321e-11,1.928214e-09,1.928214e-11
2.262947e+01,6.751484e-11,1.932144e-09,1.932144e-11
2.263236e+01,6.779504e-11,1.934351e-09,1.934351e-11
2.263524e+01,6.805641e-11,1.932997e-09,1.932997e-11
2.263813e+01,6.817817e-11,1.926320e-09,1.926320e-11
2.264102e+01,6.800989e-11,1.912969e-09,1.912969e-11
2.264391e+01,6.754263e-11,1.892433e-09,1.892433e-11
2.264680e+01,6.684963e-11,1.865107e-09,1.865107e-11
2.264968e+01,6.592404e-11,1.832145e-09,1.832145e-11
2.265257e+01,6.473928e-11,1.795199e-09,1.795199e-11
2.265546e+01,6.340684e-11,1.756230e-09,1.756230e-11
2.265835e+01,6.210699e-11,1.717172e-09,1.717172e-11
2.266124e+01,6.090101e-11,1.679789e-09,1.679789e-11
2.266412e+01,5.976841e-11,1.645744e-09,1.645744e-11
2.266701e+01,5.878020e-11,1.616860e-09,1.616860e-11
2.266990e+01,5.805732e-11,1.595075e-09,1.595075e-11
2.267279e+01,5.759197e-11,1.582236e-09,1.582236e-11
2.267568e+01,5.728595e-11,1.579850e-09,1.579850e-11
2.267856e+01,5.714956e-11,1.589035e-09,1.589035e-11
2.268145e+01,5.728198e-11,1.610247e-09,1.610247e-11
2.268434e+01,5.767059e-11,1.642873e-09,1.642873e-11
2.268723e+01,5.821311e-11,1.685107e-09,1.685107e-11
2.269011e+01,5.892002e-11,1.734280e-09,1.734280e-11
2.269300e+01,5.988584e-11,1.787113e-09,1.787113e-11
2.269589e+01,6.107782e-11,1.839937e-09,1.839937e-11
2.269878e+01,6.235443e-11,1.889160e-09,1.889160e-11
2.270167e+01,6.367399e-11,1.931830e-09,1.931830e-11
2.270455e+01,6.508616e-11,1.965881e-09,1.965881e-11
2.270744e+01,6.653621e-11,1.990107e-09,1.990107e-11
2.271033e+01,6.787660e-11,2.004230e-09,2.004230e-11
2.271322e+01,6.906957e-11,2.009083e-09,2.009083e-11
2.271611e+01,7.019460e-11,2.006530e-09,2.006530e-11
2.271899e+01,7.125302e-11,1.999053e-09,1.999053e-11
2.272188e+01,7.215164e-11,1.989405e-09,1.989405e-11
2.272477e+01,7.289322e-11,1.980402e-09,1.980402e-11
2.272766e+01,7.359533e-11,1.974539e-09,1.974539e-11
2.273054e+01,7.429433e-11,1.973441e-09,1.973441e-11
2.273343e+01,7.491624e-11,1.977703e-09,1.977703e-11
2.273632e+01,7.546618e-11,1.987175e-09,1.987175e-11
2.273921e+01,7.605675e-11,2.001296e-09,2.001296e-11
2.274210e+01,7.671837e-11,2.019183e-09,2.019183e-11
2.274498e+01,7.736063e-11,2.039848e-09,2.039848e-11
2.274787e+01,7.795193e-11,2.062442e-09,2.062442e-11
2.275076e+01,7.856084e-11,2.086236e-09,2.086236e-11
2.275365e+01,7.918344e-11,2.110301e-09,2.110301e-11
2.275654e+01,7.969637e-11,2.133507e-09,2.133507e-11
2.275942e+01,8.002749e-11,2.154807e-09,2.154807e-11
2.276231e+01,8.022201e-11,2.173569e-09,2.173569e-11
2.276520e+01,8.029011e-11,2.189619e-09,2.189619e-11
2.276809e+01,8.014097e-11,2.203312e-09,2.203312e-11
2.277098e+01,7.973471e-11,2.215547e-09,2.215547e-11
2.277386e+01,7.916183e-11,2.227606e-09,2.227606e-11
2.277675e+01,7.849618e-11,2.240634e-09,2.240634e-11
2.277964e+01,7.770458e-11,2.255262e-09,2.255262e-11
2.278253e+01,7.678270e-11,2.271552e-09,2.271552e-11
2.278541e+01,7.584185e-11,2.289138e-09,2.289138e-11
2.278830e+01,7.497504e-11,2.307197e-09,2.307197e-11
2.279119e+01,7.416205e-11,2.324596e-09,2.324596e-11
2.279408e+01,7.339016e-11,2.340188e-09,2.340188e-11
2.279697e+01,7.275230e-11,2.353117e-09,2.353117e-11
2.279985e+01,7.233329e-11,2.362826e-09,2.362826e-11
2.280274e+01,7.210292e-11,2.369100e-09,2.369100e-11
2.280563e+01,7.201771e-11,2.372198e-09,2.372198e-11
2.280852e+01,7.212993e-11,2.372997e-09,2.372997e-11
2.281141e+01,7.249354e-11,2.372873e-09,2.372873e-11
2.281429e+01,7.304965e-11,2.373548e-09,2.373548e-11
2.281718e+01,7.371488e-11,2.377000e-09,2.377000e-11
2.282007e+01,7.450361e-11,2.385346e-09,2.385346e-11
2.282296e+01,7.545181e-11,2.400468e-09,2.400468e-11
2.282585e+01,7.650135e-11,2.423637e-09,2.423637e-11
2.282873e+01,7.757205e-11,2.455280e-09,2.455280e-11
2.283162e+01,7.868042e-11,2.494927e-09,2.494927e-11
2.283451e+01,7.987940e-11,2.541179e-09,2.541179e-11
2.283740e+01,8.113755e-11,2.591878e-09,2.591878e-11
2.284028e+01,8.238785e-11,2.644483e-09,2.644483e-11
2.284317e+01,8.364803e-11,2.696550e-09,2.696550e-11
2.284606e+01,8.497938e-11,2.746006e-09,2.746006e-11
2.284895e+01,8.636159e-11,2.791329e-09,2.791329e-11
2.285184e+01,8.772360e-11,2.831722e-09,2.831722e-11
2.285472e+01,8.907037e-11,2.867198e-09,2.867198e-11
2.285761e+01,9.045655e-11,2.898481e-09,2.898481e-11
2.286050e+01,9.185523e-11,2.926763e-09,2.926763e-11
2.286339e+01,9.317436e-11,2.953480e-09,2.953480e-11
2.286628e+01,9.438273e-11,2.980129e-09,2.980129e-11
2.286916e+01,9.550306e-11,3.008068e-09,3.008068e-11
2.287205e+01,9.649916e-11,3.038410e-09,3.038410e-11
2.287494e+01,9.728093e-11,3.072081e-09,3.072081e-11
2.287783e+01,9.782192e-11,3.109983e-09,3.109983e-11
2.288071e+01,9.818295e-11,3.153125e-09,3.153125e-11
2.288360e+01,9.840914e-11,3.202628e-09,3.202628e-11
2.288649e+01,9.849529e-11,3.259583e-09,3.259583e-11
2.288938e+01,9.848064e-11,3.324786e-09,3.324786e-11
2.289227e+01,9.848287e-11,3.398407e-09,3.398407e-11
2.289515e+01,9.858308e-11,3.479659e-09,3.479659e-11
2.289804e+01,9.876070e-11,3.566645e-09,3.566645e-11
2.290093e+01,9.899352e-11,3.656442e-09,3.656442e-11
2.290382e+01,9.931613e-11,3.745361e-09,3.745361e-11
2.290671e+01,9.972301e-11,3.829249e-09,3.829249e-11
2.290959e+01,1.001146e-10,3.903886e-09,3.903886e-11
2.291248e+01,1.004069e-10,3.965398e-09,3.965398e-11
2.291537e+01,1.006129e-10,4.010609e-09,4.010609e-11
2.291826e+01,1.007523e-10,4.037233e-09,4.037233e-11
2.292115e+01,1.007749e-10,4.043993e-09,4.043993e-11
2.292403e+01,1.006495e-10,4.030671e-09,4.030671e-11
2.292692e+01,1.004416e-10,3.998131e-09,3.998131e-11
2.292981e+01,1.002145e-10,3.948264e-09,3.948264e-11
2.293270e+01,9.993693e-11,3.883928e-09,3.883928e-11
2.293558e+01,9.957341e-11,3.808918e-09,3.808918e-11
2.293847e+01,9.917071e-11,3.727885e-09,3.727885e-11
2.294136e+01,9.877346e-11,3.646116e-09,3.646116e-11
2.294425e+01,9.834863e-11,3.569277e-09,3.569277e-11
2.294714e+01,9.787292e-11,3.503061e-09,3.503061e-11
2.295002e+01,9.741299e-11,3.452679e-09,3.452679e-11
2.295291e+01,9.704984e-11,3.422225e-09,3.422225e-11
2.295580e+01,9.679468e-11,3.414126e-09,3.414126e-11
2.295869e+01,9.664514e-11,3.428781e-09,3.428781e-11
2.296158e+01,9.666504e-11,3.464601e-09,3.464601e-11
2.296446e+01,9.691964e-11,3.518335e-09,3.518335e-11
2.296735e+01,9.737779e-11,3.585620e-09,3.585620e-11
2.297024e+01,9.797047e-11,3.661653e-09,3.661653e-11
2.297313e+01,9.869497e-11,3.741845e-09,3.741845e-11
2.297602e+01,9.956256e-11,3.822268e-09,3.822268e-11
2.297890e+01,1.004988e-10,3.899900e-09,3.899900e-11
2.298179e+01,1.014048e-10,3.972713e-09,3.972713e-11
2.298468e+01,1.022663e-10,4.039600e-09,4.039600e-11
2.298757e+01,1.030943e-10,4.100158e-09,4.100158e-11
2.299045e+01,1.038153e-10,4.154428e-09,4.154428e-11
2.299334e+01,1.043303e-10,4.202712e-09,4.202712e-11
2.299623e+01,1.046272e-10,4.245468e-09,4.245468e-11
2.299912e+01,1.047223e-10,4.283173e-09,4.283173e-11
2.300201e+01,1.045546e-10,4.316249e-09,4.316249e-11
2.300489e+01,1.040537e-10,4.345054e-09,4.345054e-11
2.300778e+01,1.032587e-10,4.369949e-09,4.369949e-11
2.301067e+01,1.022589e-10,4.391346e-09,4.391346e-11
2.301356e+01,1.010715e-10,4.409695e-09,4.409695e-11
2.301645e+01,9.969542e-11,4.425417e-09,4.425417e-11
2.301933e+01,9.822945e-11,4.438863e-09,4.438863e-11
2.302222e+01,9.680299e-11,4.450229e-09,4.450229e-11
2.302511e+01,9.543427e-11,4.459463e-09,4.459463e-11
2.302800e+01,9.409087e-11,4.466235e-09,4.466235e-11
2.303089e+01,9.283309e-11,4.470012e-09,4.470012e-11
2.303377e+01,9.175590e-11,4.470138e-09,4.470138e-11
2.303666e+01,9.085119e-11,4.465942e-09,4.465942e-11
2.303955e+01,9.007608e-11,4.456903e-09,4.456903e-11
2.304244e+01,8.950254e-11,4.442847e-09,4.442847e-11
2.304532e+01,8.925534e-11,4.423961e-09,4.423961e-11
2.304821e+01,8.934635e-11,4.400708e-09,4.400708e-11
2.305110e+01,8.972063e-11,4.373708e-09,4.373708e-11
2.305399e+01,9.041353e-11,4.343678e-09,4.343678e-11
2.305688e+01,9.148490e-11,4.311310e-09,4.311310e-11
2.305976e+01,9.284443e-11,4.277136e-09,4.277136e-11
2.306265e+01,9.431404e-11,4.241460e-09,4.241460e-11
2.306554e+01,9.582059e-11,4.204398e-09,4.204398e-11
2.306843e+01,9.735655e-11,4.165864e-09,4.165864e-11
2.307132e+01,9.880481e-11,4.125560e-09,4.125560e-11
2.307420e+01,1.000012e-10,4.083044e-09,4.083044e-11
2.307709e+01,1.009358e-10,4.037873e-09,4.037873e-11
2.307998e+01,1.017054e-10,3.989646e-09,3.989646e-11
2.308287e+01,1.023078e-10,3.938004e-09,3.938004e-11
2.308575e+01,1.026714e-10,3.882719e-09,3.882719e-11
2.308864e+01,1.028476e-10,3.823883e-09,3.823883e-11
2.309153e+01,1.029716e-10,3.761932e-09,3.761932e-11
2.309442e+01,1.030517e-10,3.697538e-09,3.697538e-11
2.309731e+01,1.029914e-10,3.631503e-09,3.631503e-11
2.310019e+01,1.028020e-10,3.564729e-09,3.564729e-11
2.310308e+01,1.025943e-10,3.498070e-09,3.498070e-11
2.310597e+01,1.023691e-10,3.432105e-09,3.432105e-11
2.310886e+01,1.020252e-10,3.367071e-09,3.367071e-11
2.311175e+01,1.015745e-10,3.303027e-09,3.303027e-11
2.311463e+01,1.011427e-10,3.239955e-09,3.239955e-11
2.311752e+01,1.007489e-10,3.177756e-09,3.177756e-11
2.312041e+01,1.002862e-10,3.116323e-09,3.116323e-11
2.312330e+01,9.973446e-11,3.055674e-09,3.055674e-11
2.312619e+01,9.918870e-11,2.995949e-09,2.995949e-11
2.312907e+01,9.864705e-11,2.937244e-09,2.937244e-11
2.313196e+01,9.796932e-11,2.879572e-09,2.879572e-11
2.313485e+01,9.709444e-11,2.822947e-09,2.822947e-11
2.313774e+01,9.610289e-11,2.767426e-09,2.767426e-11
2.314062e+01,9.500230e-11,2.712863e-09,2.712863e-11
2.314351e+01,9.365571e-11,2.658807e-09,2.658807e-11
2.314640e+01,9.200055e-11,2.604690e-09,2.604690e-11
2.314929e+01,9.013180e-11,2.550072e-09,2.550072e-11
2.315218e+01,8.808911e-11,2.494599e-09,2.494599e-11
2.315506e+01,8.577303e-11,2.438086e-09,2.438086e-11
2.315795e+01,8.316315e-11,2.380768e-09,2.380768e-11
2.316084e+01,8.041601e-11,2.323509e-09,2.323509e-11
2.316373e+01,7.765565e-11,2.267587e-09,2.267587e-11
2.316662e+01,7.486996e-11,2.214554e-09,2.214554e-11
2.316950e+01,7.210296e-11,2.166150e-09,2.166150e-11
2.317239e+01,6.955361e-11,2.124212e-09,2.124212e-11
2.317528e+01,6.737831e-11,2.090242e-09,2.090242e-11
2.317817e+01,6.556380e-11,2.065255e-09,2.065255e-11
2.318106e+01,6.410181e-11,2.050060e-09,2.050060e-11
2.318394e+01,6.311815e-11,2.045868e-09,2.045868e-11
2.318683e+01,6.270574e-11,2.054445e-09,2.054445e-11
2.318972e+01,6.279220e-11,2.078250e-09,2.078250e-11
2.319261e+01,6.329962e-11,2.120384e-09,2.120384e-11
2.319549e+01,6.428664e-11,2.184113e-09,2.184113e-11
2.319838e+01,6.580867e-11,2.271665e-09,2.271665e-11
2.320127e+01,6.776778e-11,2.383261e-09,2.383261e-11
2.320416e+01,7.003334e-11,2.516742e-09,2.516742e-11
2.320705e+01,7.259356e-11,2.667839e-09,2.667839e-11
2.320993e+01,7.544438e-11,2.830574e-09,2.830574e-11
2.321282e+01,7.843248e-11,2.997923e-09,2.997923e-11
2.321571e+01,8.135332e-11,3.162551e-09,3.162551e-11
2.321860e+01,8.412303e-11,3.317424e-09,3.317424e-11
2.322149e+01,8.670626e-11,3.456042e-09,3.456042e-11
2.322437e+01,8.895287e-11,3.572642e-09,3.572642e-11
2.322726e+01,9.067937e-11,3.662479e-09,3.662479e-11
2.323015e+01,9.185075e-11,3.722178e-09,3.722178e-11
2.323304e+01,9.252309e-11,3.749901e-09,3.749901e-11
2.323592e+01,9.267616e-11,3.745467e-09,3.745467e-11
2.323881e+01,9.226637e-11,3.710430e-09,3.710430e-11
2.324170e+01,9.138814e-11,3.648059e-09,3.648059e-11
2.324459e+01,9.022578e-11,3.563023e-09,3.563023e-11
2.324748e+01,8.888447e-11,3.460935e-09,3.460935e-11
2.325036e+01,8.740516e-11,3.347900e-09,3.347900e-11
2.325325e+01,8.590486e-11,3.230086e-09,3.230086e-11
2.325614e+01,8.455104e-11,3.113251e-09,3.113251e-11
2.325903e+01,8.340579e-11,3.002291e-09,3.002291e-11
2.326192e+01,8.242534e-11,2.900925e-09,2.900925e-11
2.326480e+01,8.160734e-11,2.811580e-09,2.811580e-11
2.326769e+01,8.100234e-11,2.735341e-09,2.735341e-11
2.327058e+01,8.057611e-11,2.671960e-09,2.671960e-11
2.327347e+01,8.020890e-11,2.620072e-09,2.620072e-11
2.327636e+01,7.984571e-11,2.577561e-09,2.577561e-11
2.327924e+01,7.951626e-11,2.541863e-09,2.541863e-11
2.328213e+01,7.920201e-11,2.510121e-09,2.510121e-11
2.328502e+01,7.881761e-11,2.479375e-09,2.479375e-11
2.328791e+01,7.834015e-11,2.446814e-09,2.446814e-11
2.329079e+01,7.782758e-11,2.409965e-09,2.409965e-11
2.329368e+01,7.728798e-11,2.366837e-09,2.366837e-11
2.329657e+01,7.665223e-11,2.316142e-09,2.316142e-11
2.329946e+01,7.589159e-11,2.257516e-09,2.257516e-11
2.330235e+01,7.504575e-11,2.191643e-09,2.191643e-11
2.330523e+01,7.411441e-11,2.120229e-09,2.120229e-11
2.330812e+01,7.303108e-11,2.045903e-09,2.045903e-11
2.331101e+01,7.177454e-11,1.972037e-09,1.972037e-11
2.331390e+01,7.040307e-11,1.902404e-09,1.902404e-11
2.331679e+01,6.895431e-11,1.840577e-09,1.840577e-11
2.331967e+01,6.741468e-11,1.789319e-09,1.789319e-11
2.332256e+01,6.581392e-11,1.750068e-09,1.750068e-11
2.332545e+01,6.425416e-11,1.722709e-09,1.722709e-11
2.332834e+01,6.281371e-11,1.705708e-09,1.705708e-11
2.333123e+01,6.150647e-11,1.696682e-09,1.696682e-11
2.333411e+01,6.036605e-11,1.693152e-09,1.693152e-11
2.333700e+01,5.948063e-11,1.693178e-09,1.693178e-11
2.333989e+01,5.890223e-11,1.695601e-09,1.695601e-11
2.334278e+01,5.859999e-11,1.699989e-09,1.699989e-11
2.334566e+01,5.854511e-11,1.706412e-09,1.706412e-11
2.334855e+01,5.875979e-11,1.715207e-09,1.715207e-11
2.335144e+01,5.923190e-11,1.726691e-09,1.726691e-11
2.335433e+01,5.986676e-11,1.740961e-09,1.740961e-11
2.335722e+01,6.058073e-11,1.757812e-09,1.757812e-11
2.336010e+01,6.135807e-11,1.776714e-09,1.776714e-11
2.336299e+01,6.216586e-11,1.796753e-09,1.796753e-11
2.336588e+01,6.290729e-11,1.816672e-09,1.816672e-11
2.336877e+01,6.351501e-11,1.835052e-09,1.835052e-11
2.337166e+01,6.400233e-11,1.850556e-09,1.850556e-11
2.337454e+01,6.437280e-11,1.862086e-09,1.862086e-11
2.337743e+01,6.456954e-11,1.868885e-09,1.868885e-11
2.338032e+01,6.456431e-11,1.870617e-09,1.870617e-11
2.338321e+01,6.441010e-11,1.867369e-09,1.867369e-11
2.338609e+01,6.415124e-11,1.859520e-09,1.859520e-11
2.338898e+01,6.376383e-11,1.847651e-09,1.847651e-11
2.339187e+01,6.324497e-11,1.832454e-09,1.832454e-11
2.339476e+01,6.267633e-11,1.814725e-09,1.814725e-11
2.339765e+01,6.213069e-11,1.795338e-09,1.795338e-11
2.340053e+01,6.160086e-11,1.775214e-09,1.775214e-11
2.340342e+01,6.109014e-11,1.755339e-09,1.755339e-11
2.340631e+01,6.068161e-11,1.736843e-09,1.736843e-11
2.340920e+01,6.044460e-11,1.720915e-09,1.720915e-11
2.341209e+01,6.035774e-11,1.708679e-09,1.708679e-11
2.341497e+01,6.039781e-11,1.701095e-09,1.701095e-11
2.341786e+01,6.061814e-11,1.698936e-09,1.698936e-11
2.342075e+01,6.105784e-11,1.702653e-09,1.702653e-11
2.342364e+01,6.165555e-11,1.712353e-09,1.712353e-11
2.342653e+01,6.233698e-11,1.727848e-09,1.727848e-11
2.342941e+01,6.310781e-11,1.748731e-09,1.748731e-11
2.343230e+01,6.396806e-11,1.774208e-09,1.774208e-11
2.343519e+01,6.481308e-11,1.802879e-09,1.802879e-11
2.343808e+01,6.552662e-11,1.832601e-09,1.832601e-11
2.344096e+01,6.609728e-11,1.860569e-09,1.860569e-11
2.344385e+01,6.653430e-11,1.883421e-09,1.883421e-11
2.344674e+01,6.675577e-11,1.897653e-09,1.897653e-11
2.344963e+01,6.667880e-11,1.900283e-09,1.900283e-11
2.345252e+01,6.634362e-11,1.889595e-09,1.889595e-11
2.345540e+01,6.583421e-11,1.865527e-09,1.865527e-11
2.345829e+01,6.514898e-11,1.829804e-09,1.829804e-11
2.346118e+01,6.426918e-11,1.785786e-09,1.785786e-11
2.346407e+01,6.329214e-11,1.738088e-09,1.738088e-11
2.346696e+01,6.236810e-11,1.691724e-09,1.691724e-11
2.346984e+01,6.154841e-11,1.651177e-09,1.651177e-11
2.347273e+01,6.082986e-11,1.619707e-09,1.619707e-11
2.347562e+01,6.030595e-11,1.599227e-09,1.599227e-11
2.347851e+01,6.011673e-11,1.590375e-09,1.590375e-11
2.348140e+01,6.027306e-11,1.592810e-09,1.592810e-11
2.348428e+01,6.068488e-11,1.605714e-09,1.605714e-11
2.348717e+01,6.133572e-11,1.628329e-09,1.628329e-11
2.349006e+01,6.226267e-11,1.659991e-09,1.659991e-11
2.349295e+01,6.338027e-11,1.699821e-09,1.699821e-11
2.349583e+01,6.450159e-11,1.746566e-09,1.746566e-11
2.349872e+01,6.554009e-11,1.798709e-09,1.798709e-11
2.350161e+01,6.652831e-11,1.854501e-09,1.854501e-11
2.350450e+01,6.743420e-11,1.911895e-09,1.911895e-11
2.350739e+01,6.814261e-11,1.968686e-09,1.968686e-11
2.351027e+01,6.865267e-11,2.022829e-09,2.022829e-11
2.351316e+01,6.910472e-11,2.072635e-09,2.072635e-11
2.351605e+01,6.956834e-11,2.116732e-09,2.116732e-11
2.351894e+01,6.998479e-11,2.154198e-09,2.154198e-11
2.352183e+01,7.035676e-11,2.184776e-09,2.184776e-11
2.352471e+01,7.080133e-11,2.208940e-09,2.208940e-11
2.352760e+01,7.135421e-11,2.227552e-09,2.227552e-11
2.353049e+01,7.190626e-11,2.241625e-09,2.241625e-11
2.353338e+01,7.240099e-11,2.252256e-09,2.252256e-11
2.353626e+01,7.292335e-11,2.260585e-09,2.260585e-11
2.353915e+01,7.352218e-11,2.267530e-09,2.267530e-11
2.354204e+01,7.411732e-11,2.273802e-09,2.273802e-11
2.354493e+01,7.467074e-11,2.280081e-09,2.280081e-11
2.354782e+01,7.529097e-11,2.287227e-09,2.287227e-11
2.355070e+01,7.606416e-11,2.296166e-09,2.296166e-11
2.355359e+01,7.692308e-11,2.307815e-09,2.307815e-11
2.355648e+01,7.779791e-11,2.323064e-09,2.323064e-11
2.355937e+01,7.875324e-11,2.342811e-09,2.342811e-11
2.356226e+01,7.984539e-11,2.367682e-09,2.367682e-11
2.356514e+01,8.097638e-11,2.397895e-09,2.397895e-11
2.356803e+01,8.202921e-11,2.433277e-09,2.433277e-11
2.357092e+01,8.302902e-11,2.473347e-09,2.473347e-11
2.357381e+01,8.402192e-11,2.517066e-09,2.517066e-11
2.357670e+01,8.490899e-11,2.562695e-09,2.562695e-11
2.357958e+01,8.556010e-11,2.607855e-09,2.607855e-11
2.358247e+01,8.598674e-11,2.649822e-09,2.649822e-11
2.358536e+01,8.624191e-11,2.685552e-09,2.685552e-11
2.358825e+01,8.624763e-11,2.711821e-09,2.711821e-11
2.359113e+01,8.589221e-11,2.725551e-09,2.725551e-11
2.359402e+01,8.521461e-11,2.724253e-09,2.724253e-11
2.359691e+01,8.431917e-11,2.706163e-09,2.706163e-11
2.359980e+01,8.319038e-11,2.670377e-09,2.670377e-11
2.360269e+01,8.176771e-11,2.617032e-09,2.617032e-11
2.360557e+01,8.012091e-11,2.547416e-09,2.547416e-11
2.360846e+01,7.837251e-11,2.463726e-09,2.463726e-11
2.361135e+01,7.651022e-11,2.368682e-09,2.368682e-11
2.361424e+01,7.444449e-11,2.265253e-09,2.265253e-11
2.361713e+01,7.219138e-11,2.156543e-09,2.156543e-11
2.362001e+01,6.982929e-11,2.045574e-09,2.045574e-11
2.362290e+01,6.733048e-11,1.935107e-09,1.935107e-11
2.362579e+01,6.461185e-11,1.827685e-09,1.827685e-11
2.362868e+01,6.172179e-11,1.725915e-09,1.725915e-11
2.363157e+01,5.881350e-11,1.632552e-09,1.632552e-11
2.363445e+01,5.596247e-11,1.550329e-09,1.550329e-11
2.363734e+01,5.317977e-11,1.481740e-09,1.481740e-11
2.364023e+01,5.058012e-11,1.428866e-09,1.428866e-11
2.364312e+01,4.834854e-11,1.392897e-09,1.392897e-11
2.364600e+01,4.654393e-11,1.373549e-09,1.373549e-11
2.364889e+01,4.510825e-11,1.368978e-09,1.368978e-11
2.365178e+01,4.405010e-11,1.376275e-09,1.376275e-11
2.365467e+01,4.343988e-11,1.392038e-09,1.392038e-11
2.365756e+01,4.324101e-11,1.412965e-09,1.412965e-11
2.366044e+01,4.333199e-11,1.436701e-09,1.436701e-11
2.366333e+01,4.369522e-11,1.462596e-09,1.462596e-11
2.366622e+01,4.441791e-11,1.491747e-09,1.491747e-11
2.366911e+01,4.551858e-11,1.526347e-09,1.526347e-11
2.367200e+01,4.693798e-11,1.568887e-09,1.568887e-11
2.367488e+01,4.869599e-11,1.621447e-09,1.621447e-11
2.367777e+01,5.088834e-11,1.685063e-09,1.685063e-11
2.368066e+01,5.351454e-11,1.759358e-09,1.759358e-11
2.368355e+01,5.646548e-11,1.842772e-09,1.842772e-11
2.368643e+01,5.968586e-11,1.933147e-09,1.933147e-11
2.368932e+01,6.319399e-11,2.028273e-09,2.028273e-11
2.369221e+01,6.693613e-11,2.126245e-09,2.126245e-11
2.369510e+01,7.077815e-11,2.225749e-09,2.225749e-11
2.369799e+01,7.466295e-11,2.326153e-09,2.326153e-11
2.370087e+01,7.863207e-11,2.427313e-09,2.427313e-11
2.370376e+01,8.267199e-11,2.529193e-09,2.529193e-11
2.370665e+01,8.668246e-11,2.631622e-09,2.631622e-11
2.370954e+01,9.061734e-11,2.734212e-09,2.734212e-11
2.371243e+01,9.450975e-11,2.836353e-09,2.836353e-11
2.371531e+01,9.832404e-11,2.937174e-09,2.937174e-11
2.371820e+01,1.019210e-10,3.035605e-09,3.035605e-11
2.372109e+01,1.052097e-10,3.130534e-09,3.130534e-11
2.372398e+01,1.081955e-10,3.220933e-09,3.220933e-11
2.372687e+01,1.108384e-10,3.305854e-09,3.305854e-11
2.372975e+01,1.130196e-10,3.384387e-09,3.384387e-11
2.373264e+01,1.146919e-10,3.455578e-09,3.455578e-11
2.373553e+01,1.159141e-10,3.518306e-09,3.518306e-11
2.373842e+01,1.167004e-10,3.571162e-09,3.571162e-11
2.374130e+01,1.169846e-10,3.612483e-09,3.612483e-11
2.374419e+01,1.167615e-10,3.640532e-09,3.640532e-11
2.374708e+01,1.161146e-10,3.653684e-09,3.653684e-11
2.374997e+01,1.150778e-10,3.650553e-09,3.650553e-11
2.375286e+01,1.136136e-10,3.630176e-09,3.630176e-11
2.375574e+01,1.117531e-10,3.592227e-09,3.592227e-11
2.375863e+01,1.096243e-10,3.537270e-09,3.537270e-11
2.376152e+01,1.073147e-10,3.466870e-09,3.466870e-11
2.376441e+01,1.048339e-10,3.383537e-09,3.383537e-11
2.376730e+01,1.022339e-10,3.290522e-09,3.290522e-11
2.377018e+01,9.963116e-11,3.191455e-09,3.191455e-11
2.377307e+01,9.706584e-11,3.089789e-09,3.089789e-11
2.377596e+01,9.446697e-11,2.988265e-09,2.988265e-11
2.377885e+01,9.179129e-11,2.888610e-09,2.888610e-11
2.378174e+01,8.906979e-11,2.791505e-09,2.791505e-11
2.378462e+01,8.629391e-11,2.696848e-09,2.696848e-11
2.378751e+01,8.339880e-11,2.604298e-09,2.604298e-11
2.379040e+01,8.039986e-11,2.513881e-09,2.513881e-11
2.379329e+01,7.743148e-11,2.426376e-09,2.426376e-11
2.379617e+01,7.461292e-11,2.343173e-09,2.343173e-11
2.379906e+01,7.198694e-11,2.265828e-09,2.265828e-11
2.380195e+01,6.962435e-11,2.195568e-09,2.195568e-11
2.380484e+01,6.765433e-11,2.132937e-09,2.132937e-11
2.380773e+01,6.612631e-11,2.077591e-09,2.077591e-11
2.381061e+01,6.494944e-11,2.028395e-09,2.028395e-11
2.381350e+01,6.402640e-11,1.983714e-09,1.983714e-11
2.381639e+01,6.333374e-11,1.941777e-09,1.941777e-11
2.381928e+01,6.281675e-11,1.900961e-09,1.900961e-11
2.382217e+01,6.233688e-11,1.860119e-09,1.860119e-11
2.382505e+01,6.180471e-11,1.818827e-09,1.818827e-11
2.382794e+01,6.126198e-11,1.777462e-09,1.777462e-11
2.383083e+01,6.075979e-11,1.736931e-09,1.736931e-11
2.383372e+01,6.026296e-11,1.698389e-09,1.698389e-11
2.383661e+01,5.975147e-11,1.663028e-09,1.663028e-11
2.383949e+01,5.930095e-11,1.631976e-09,1.631976e-11
2.384238e+01,5.896728e-11,1.606036e-09,1.606036e-11
2.384527e+01,5.869012e-11,1.585531e-09,1.585531e-11
2.384816e+01,5.840264e-11,1.570311e-09,1.570311e-11
2.385104e+01,5.814362e-11,1.559988e-09,1.559988e-11
2.385393e+01,5.796456e-11,1.554030e-09,1.554030e-11
2.385682e+01,5.782502e-11,1.551906e-09,1.551906e-11
2.385971e+01,5.768884e-11,1.553326e-09,1.553326e-11
2.386260e+01,5.763223e-11,1.558536e-09,1.558536e-11
2.386548e+01,5.775167e-11,1.568298e-09,1.568298e-11
2.386837e+01,5.803970e-11,1.583803e-09,1.583803e-11
2.387126e+01,5.845401e-11,1.606505e-09,1.606505e-11
2.387415e+01,5.903915e-11,1.637905e-09,1.637905e-11
2.387704e+01,5.986560e-11,1.679029e-09,1.679029e-11
2.387992e+01,6.090527e-11,1.729994e-09,1.729994e-11
2.388281e+01,6.208689e-11,1.789927e-09,1.789927e-11
2.388570e+01,6.343083e-11,1.857211e-09,1.857211e-11
2.388859e+01,6.500555e-11,1.929630e-09,1.929630e-11
2.389147e+01,6.678636e-11,2.004520e-09,2.004520e-11
2.389436e+01,6.867871e-11,2.079022e-09,2.079022e-11
2.389725e+01,7.065135e-11,2.150436e-09,2.150436e-11
2.390014e+01,7.271427e-11,2.216382e-09,2.216382e-11
2.390303e+01,7.477762e-11,2.274845e-09,2.274845e-11
2.390591e+01,7.667289e-11,2.324316e-09,2.324316e-11
2.390880e+01,7.831106e-11,2.364041e-09,2.364041e-11
2.391169e+01,7.969315e-11,2.394134e-09,2.394134e-11
2.391458e+01,8.078061e-11,2.415491e-09,2.415491e-11
2.391747e+01,8.149419e-11,2.429633e-09,2.429633e-11
2.392035e+01,8.185378e-11,2.438501e-09,2.438501e-11
2.392324e+01,8.199278e-11,2.444034e-09,2.444034e-11
2.392613e+01,8.200653e-11,2.447603e-09,2.447603e-11
2.392902e+01,8.190146e-11,2.449725e-09,2.449725e-11
2.393191e+01,8.171736e-11,2.450166e-09,2.450166e-11
2.393479e+01,8.156748e-11,2.448241e-09,2.448241e-11
2.393768e+01,8.150311e-11,2.443034e-09,2.443034e-11
2.394057e+01,8.145330e-11,2.433690e-09,2.433690e-11
2.394346e+01,8.136029e-11,2.419717e-09,2.419717e-11
2.394634e+01,8.126407e-11,2.401167e-09,2.401167e-11
2.394923e+01,8.118202e-11,2.378441e-09,2.378441e-11
2.395212e+01,8.102468e-11,2.352039e-09,2.352039e-11
2.395501e+01,8.072353e-11,2.322424e-09,2.322424e-11
2.395790e+01,8.032781e-11,2.289969e-09,2.289969e-11
2.396078e+01,7.987858e-11,2.254727e-09,2.254727e-11
2.396367e+01,7.929792e-11,2.216468e-09,2.216468e-11
2.396656e+01,7.851015e-11,2.174900e-09,2.174900e-11
2.396945e+01,7.756336e-11,2.129945e-09,2.129945e-11
2.397234e+01,7.651473e-11,2.081757e-09,2.081757e-11
2.397522e+01,7.530751e-11,2.030772e-09,2.030772e-11
2.397811e+01,7.388678e-11,1.977776e-09,1.977776e-11
2.398100e+01,7.233668e-11,1.923963e-09,1.923963e-11
2.398389e+01,7.077342e-11,1.870651e-09,1.870651e-11
2.398678e+01,6.919752e-11,1.818984e-09,1.818984e-11
2.398966e+01,6.758589e-11,1.769786e-09,1.769786e-11
2.399255e+01,6.603492e-11,1.723640e-09,1.723640e-11
2.399544e+01,6.466874e-11,1.680786e-09,1.680786e-11
2.399833e+01,6.348465e-11,1.641139e-09,1.641139e-11
2.400121e+01,6.242812e-11,1.604612e-09,1.604612e-11
2.400410e+01,6.155086e-11,1.571657e-09,1.571657e-11
2.400699e+01,6.095099e-11,1.543427e-09,1.543427e-11
2.400988e+01,6.061237e-11,1.521717e-09,1.521717e-11
2.401277e+01,6.045520e-11,1.508837e-09,1.508837e-11
2.401565e+01,6.050442e-11,1.507429e-09,1.507429e-11
2.401854e+01,6.084556e-11,1.519709e-09,1.519709e-11
2.402143e+01,6.144538e-11,1.546567e-09,1.546567e-11
2.402432e+01,6.218431e-11,1.587153e-09,1.587153e-11
2.402721e+01,6.303465e-11,1.639075e-09,1.639075e-11
2.403009e+01,6.403589e-11,1.698698e-09,1.698698e-11
2.403298e+01,6.511875e-11,1.761558e-09,1.761558e-11
2.403587e+01,6.612476e-11,1.823050e-09,1.823050e-11
2.403876e+01,6.699448e-11,1.879168e-09,1.879168e-11
2.404164e+01,6.776783e-11,1.926858e-09,1.926858e-11
2.404453e+01,6.840570e-11,1.964074e-09,1.964074e-11
2.404742e+01,6.879101e-11,1.989897e-09,1.989897e-11
2.405031e+01,6.891162e-11,2.004674e-09,2.004674e-11
2.405320e+01,6.887202e-11,2.009937e-09,2.009937e-11
2.405608e+01,6.871154e-11,2.008133e-09,2.008133e-11
2.405897e+01,6.838388e-11,2.002477e-09,2.002477e-11
2.406186e+01,6.793371e-11,1.996925e-09,1.996925e-11
2.406475e+01,6.751303e-11,1.996047e-09,1.996047e-11
2.406764e+01,6.719620e-11,2.004670e-09,2.004670e-11
2.407052e+01,6.694987e-11,2.027587e-09,2.027587e-11
2.407341e+01,6.680268e-11,2.069224e-09,2.069224e-11
2.407630e+01,6.686802e-11,2.133092e-09,2.133092e-11
2.407919e+01,6.717066e-11,2.221040e-09,2.221040e-11
2.408208e+01,6.761635e-11,2.332828e-09,2.332828e-11
2.408496e+01,6.816277e-11,2.466081e-09,2.466081e-11
2.408785e+01,6.886208e-11,2.616518e-09,2.616518e-11
2.409074e+01,6.970288e-11,2.778280e-09,2.778280e-11
2.409363e+01,7.057668e-11,2.944481e-09,2.944481e-11
2.409651e+01,7.144301e-11,3.107765e-09,3.107765e-11
2.409940e+01,7.237011e-11,3.260760e-09,3.260760e-11
2.410229e+01,7.337886e-11,3.396376e-09,3.396376e-11
2.410518e+01,7.439639e-11,3.508158e-09,3.508158e-11
2.410807e+01,7.539863e-11,3.590667e-09,3.590667e-11
2.411095e+01,7.644804e-11,3.639836e-09,3.639836e-11
2.411384e+01,7.754412e-11,3.653195e-09,3.653195e-11
2.411673e+01,7.857867e-11,3.630059e-09,3.630059e-11
2.411962e+01,7.947703e-11,3.571592e-09,3.571592e-11
2.412251e+01,8.024723e-11,3.480760e-09,3.480760e-11
2.412539e+01,8.084968e-11,3.362089e-09,3.362089e-11
2.412828e+01,8.115915e-11,3.221369e-09,3.221369e-11
2.413117e+01,8.110906e-11,3.065348e-09,3.065348e-11
2.413406e+01,8.074191e-11,2.901402e-09,2.901402e-11
2.413695e+01,8.007955e-11,2.737050e-09,2.737050e-11
2.413983e+01,7.907987e-11,2.579454e-09,2.579454e-11
2.414272e+01,7.776360e-11,2.434885e-09,2.434885e-11
2.414561e+01,7.625502e-11,2.308097e-09,2.308097e-11
2.414850e+01,7.464921e-11,2.201707e-09,2.201707e-11
2.415138e+01,7.295998e-11,2.115927e-09,2.115927e-11
2.415427e+01,7.123757e-11,2.048766e-09,2.048766e-11
2.415716e+01,6.960610e-11,1.996692e-09,1.996692e-11
2.416005e+01,6.813670e-11,1.955467e-09,1.955467e-11
2.416294e+01,6.680318e-11,1.921029e-09,1.921029e-11
2.416582e+01,6.559893e-11,1.890150e-09,1.890150e-11
2.416871e+01,6.457780e-11,1.860743e-09,1.860743e-11
2.417160e+01,6.373991e-11,1.831746e-09,1.831746e-11
2.417449e+01,6.299266e-11,1.802854e-09,1.802854e-11
2.417738e+01,6.227105e-11,1.774152e-09,1.774152e-11
2.418026e+01,6.158788e-11,1.745788e-09,1.745788e-11
2.418315e+01,6.092331e-11,1.717667e-09,1.717667e-11
2.418604e+01,6.017874e-11,1.689366e-09,1.689366e-11
2.418893e+01,5.929802e-11,1.660221e-09,1.660221e-11
2.419181e+01,5.832416e-11,1.629565e-09,1.629565e-11
2.419470e+01,5.727604e-11,1.596891e-09,1.596891e-11
2.419759e+01,5.609124e-11,1.562001e-09,1.562001e-11
2.420048e+01,5.475073e-11,1.525148e-09,1.525148e-11
2.420337e+01,5.333319e-11,1.487076e-09,1.487076e-11
2.420625e+01,5.188572e-11,1.448781e-09,1.448781e-11
2.420914e+01,5.036834e-11,1.411309e-09,1.411309e-11
2.421203e+01,4.878464e-11,1.375686e-09,1.375686e-11
2.421492e+01,4.723980e-11,1.342905e-09,1.342905e-11
2.421781e+01,4.580943e-11,1.313760e-09,1.313760e-11
2.422069e+01,4.448286e-11,1.288814e-09,1.288814e-11
2.422358e+01,4.329498e-11,1.268502e-09,1.268502e-11
2.422647e+01,4.238009e-11,1.253282e-09,1.253282e-11
2.422936e+01,4.183346e-11,1.243580e-09,1.243580e-11
2.423225e+01,4.164084e-11,1.239918e-09,1.239918e-11
2.423513e+01,4.180070e-11,1.243099e-09,1.243099e-11
2.423802e+01,4.238663e-11,1.254227e-09,1.254227e-11
2.424091e+01,4.341509e-11,1.274261e-09,1.274261e-11
2.424380e+01,4.476803e-11,1.303535e-09,1.303535e-11
2.424668e+01,4.632120e-11,1.341346e-09,1.341346e-11
2.424957e+01,4.803837e-11,1.385894e-09,1.385894e-11
2.425246e+01,4.986463e-11,1.434351e-09,1.434351e-11
2.425535e+01,5.164239e-11,1.483352e-09,1.483352e-11
2.425824e+01,5.323427e-11,1.529651e-09,1.529651e-11
2.426112e+01,5.463636e-11,1.570737e-09,1.570737e-11
2.426401e+01,5.587148e-11,1.604873e-09,1.604873e-11
2.426690e+01,5.686865e-11,1.630985e-09,1.630985e-11
2.426979e+01,5.756007e-11,1.648515e-09,1.648515e-11
2.427268e+01,5.800347e-11,1.657424e-09,1.657424e-11
2.427556e+01,5.827621e-11,1.657975e-09,1.657975e-11
2.427845e+01,5.833201e-11,1.650678e-09,1.650678e-11
2.428134e+01,5.809927e-11,1.636394e-09,1.636394e-11
2.428423e+01,5.763144e-11,1.616577e-09,1.616577e-11
2.428712e+01,5.702176e-11,1.593125e-09,1.593125e-11
2.429000e+01,5.625585e-11,1.568096e-09,1.568096e-11
2.429289e+01,5.529347e-11,1.543450e-09,1.543450e-11
2.429578e+01,5.422485e-11,1.521017e-09,1.521017e-11
2.429867e+01,5.320015e-11,1.502206e-09,1.502206e-11
2.430155e+01,5.225821e-11,1.487715e-09,1.487715e-11
2.430444e+01,5.136819e-11,1.477477e-09,1.477477e-11
2.430733e+01,5.059659e-11,1.470987e-09,1.470987e-11
2.431022e+01,5.006612e-11,1.467375e-09,1.467375e-11
2.431311e+01,4.977362e-11,1.465427e-09,1.465427e-11
2.431599e+01,4.961696e-11,1.463906e-09,1.463906e-11
2.431888e+01,4.958227e-11,1.462060e-09,1.462060e-11
2.432177e+01,4.973756e-11,1.459651e-09,1.459651e-11
2.432466e+01,5.004782e-11,1.456586e-09,1.456586e-11
2.432755e+01,5.037495e-11,1.452670e-09,1.452670e-11
2.433043e+01,5.067210e-11,1.447716e-09,1.447716e-11
2.433332e+01,5.099969e-11,1.441545e-09,1.441545e-11
2.433621e+01,5.133792e-11,1.433757e-09,1.433757e-11
2.433910e+01,5.156177e-11,1.423785e-09,1.423785e-11
2.434198e+01,5.163293e-11,1.411219e-09,1.411219e-11
2.434487e+01,5.164527e-11,1.396068e-09,1.396068e-11
2.434776e+01,5.164305e-11,1.378630e-09,1.378630e-11
2.435065e+01,5.156486e-11,1.359532e-09,1.359532e-11
2.435354e+01,5.141495e-11,1.339994e-09,1.339994e-11
2.435642e+01,5.132676e-11,1.321965e-09,1.321965e-11
2.435931e+01,5.138667e-11,1.307539e-09,1.307539e-11
2.436220e+01,5.154405e-11,1.298551e-09,1.298551e-11
2.436509e+01,5.176269e-11,1.296479e-09,1.296479e-11
2.436798e+01,5.211218e-11,1.302473e-09,1.302473e-11
2.437086e+01,5.262791e-11,1.316909e-09,1.316909e-11
2.437375e+01,5.321238e-11,1.339419e-09,1.339419e-11
2.437664e+01,5.377664e-11,1.369461e-09,1.369461e-11
2.437953e+01,5.436896e-11,1.407062e-09,1.407062e-11
2.438242e+01,5.506033e-11,1.452850e-09,1.452850e-11
2.438530e+01,5.581360e-11,1.507913e-09,1.507913e-11
2.438819e+01,5.659030e-11,1.573570e-09,1.573570e-11
2.439108e+01,5.748463e-11,1.651099e-09,1.651099e-11
2.439397e+01,5.860957e-11,1.740983e-09,1.740983e-11
2.439685e+01,5.993320e-11,1.842448e-09,1.842448e-11
2.439974e+01,6.136430e-11,1.953583e-09,1.953583e-11
2.440263e+01,6.291282e-11,2.071817e-09,2.071817e-11
2.440552e+01,6.461090e-11,2.194096e-09,2.194096e-11
2.440841e+01,6.635577e-11,2.317136e-09,2.317136e-11
2.441129e+01,6.799636e-11,2.437808e-09,2.437808e-11
2.441418e+01,6.951184e-11,2.553522e-09,2.553522e-11
2.441707e+01,7.095563e-11,2.662241e-09,2.662241e-11
2.441996e+01,7.229054e-11,2.762397e-09,2.762397e-11
2.442285e+01,7.343757e-11,2.852897e-09,2.852897e-11
2.442573e+01,7.443653e-11,2.933169e-09,2.933169e-11
2.442862e+01,7.539876e-11,3.002989e-09,3.002989e-11
2.443151e+01,7.633461e-11,3.062285e-09,3.062285e-11
2.443440e+01,7.717867e-11,3.111137e-09,3.111137e-11
2.443729e+01,7.795077e-11,3.149940e-09,3.149940e-11
2.444017e+01,7.873499e-11,3.179497e-09,3.179497e-11
2.444306e+01,7.952404e-11,3.201027e-09,3.201027e-11
2.444595e+01,8.023544e-11,3.216156e-09,3.216156e-11
2.444884e+01,8.086801e-11,3.226843e-09,3.226843e-11
2.445172e+01,8.149781e-11,3.235126e-09,3.235126e-11
2.445461e+01,8.213050e-11,3.242830e-09,3.242830e-11
2.445750e+01,8.269688e-11,3.251423e-09,3.251423e-11
2.446039e+01,8.319306e-11,3.261985e-09,3.261985e-11
2.446328e+01,8.369180e-11,3.275172e-09,3.275172e-11
2.446616e+01,8.420539e-11,3.291148e-09,3.291148e-11
2.446905e+01,8.466746e-11,3.309619e-09,3.309619e-11
2.447194e+01,8.506476e-11,3.329966e-09,3.329966e-11
2.447483e+01,8.546020e-11,3.351373e-09,3.351373e-11
2.447772e+01,8.586753e-11,3.372922e-09,3.372922e-11
2.448060e+01,8.622445e-11,3.393709e-09,3.393709e-11
2.448349e+01,8.651186e-11,3.412962e-09,3.412962e-11
2.448638e+01,8.678049e-11,3.430089e-09,3.430089e-11
2.448927e+01,8.703232e-11,3.444686e-09,3.444686e-11
2.449215e+01,8.719248e-11,3.456570e-09,3.456570e-11
2.449504e+01,8.722490e-11,3.465826e-09,3.465826e-11
2.449793e+01,8.716483e-11,3.472800e-09,3.472800e-11
2.450082e+01,8.701345e-11,3.478034e-09,3.478034e-11
2.450371e+01,8.671342e-11,3.482233e-09,3.482233e-11
2.450659e+01,8.626128e-11,3.486225e-09,3.486225e-11
2.450948e+01,8.573899e-11,3.490859e-09,3.490859e-11
2.451237e+01,8.520733e-11,3.496851e-09,3.496851e-11
2.451526e+01,8.466898e-11,3.504641e-09,3.504641e-11
2.451815e+01,8.416264e-11,3.514276e-09,3.514276e-11
2.452103e+01,8.378650e-11,3.525348e-09,3.525348e-11
2.452392e+01,8.358689e-11,3.536981e-09,3.536981e-11
2.452681e+01,8.352402e-11,3.547961e-09,3.547961e-11
2.452970e+01,8.357444e-11,3.556921e-09,3.556921e-11
2.453259e+01,8.375806e-11,3.562504e-09,3.562504e-11
2.453547e+01,8.404586e-11,3.563539e-09,3.563539e-11
2.453836e+01,8.434578e-11,3.559234e-09,3.559234e-11
2.454125e+01,8.460449e-11,3.549245e-09,3.549245e-11
2.454414e+01,8.483569e-11,3.533664e-09,3.533664e-11
2.454702e+01,8.502355e-11,3.512923e-09,3.512923e-11
2.454991e+01,8.509266e-11,3.487635e-09,3.487635e-11
2.455280e+01,8.500665e-11,3.458427e-09,3.458427e-11
2.455569e+01,8.479611e-11,3.425829e-09,3.425829e-11
2.455858e+01,8.444943e-11,3.390166e-09,3.390166e-11
2.456146e+01,8.388435e-11,3.351520e-09,3.351520e-11
2.456435e+01,8.306968e-11,3.309805e-09,3.309805e-11
2.456724e+01,8.206067e-11,3.264893e-09,3.264893e-11
2.457013e+01,8.088279e-11,3.216676e-09,3.216676e-11
2.457302e+01,7.950837e-11,3.165177e-09,3.165177e-11
2.457590e+01,7.797794e-11,3.110656e-09,3.110656e-11
2.457879e+01,7.641554e-11,3.053611e-09,3.053611e-11
2.458168e+01,7.489991e-11,2.994655e-09,2.994655e-11
2.458457e+01,7.343676e-11,2.934437e-09,2.934437e-11
2.458746e+01,7.206729e-11,2.873569e-09,2.873569e-11
2.459034e+01,7.088786e-11,2.812579e-09,2.812579e-11
2.459323e+01,6.993753e-11,2.751876e-09,2.751876e-11
2.459612e+01,6.917023e-11,2.691837e-09,2.691837e-11
2.459901e+01,6.857151e-11,2.632949e-09,2.632949e-11
2.460189e+01,6.820484e-11,2.575974e-09,2.575974e-11
2.460478e+01,6.810167e-11,2.522023e-09,2.522023e-11
2.460767e+01,6.820989e-11,2.472546e-09,2.472546e-11
2.461056e+01,6.850753e-11,2.429151e-09,2.429151e-11
2.461345e+01,6.906084e-11,2.393339e-09,2.393339e-11
2.461633e+01,6.990054e-11,2.366099e-09,2.366099e-11
2.461922e+01,7.094284e-11,2.347586e-09,2.347586e-11
2.462211e+01,7.210705e-11,2.336949e-09,2.336949e-11
2.462500e+01,7.340097e-11,2.332407e-09,2.332407e-11
2.462789e+01,7.480124e-11,2.331388e-09,2.331388e-11
2.463077e+01,7.616243e-11,2.330877e-09,2.330877e-11
2.463366e+01,7.734896e-11,2.327870e-09,2.327870e-11
2.463655e+01,7.835054e-11,2.319874e-09,2.319874e-11
2.463944e+01,7.916223e-11,2.305189e-09,2.305189e-11
2.464233e+01,7.967127e-11,2.283107e-09,2.283107e-11
2.464521e+01,7.978981e-11,2.254036e-09,2.254036e-11
2.464810e+01,7.958874e-11,2.219583e-09,2.219583e-11
2.465099e+01,7.916776e-11,2.182215e-09,2.182215e-11
2.465388e+01,7.851329e-11,2.144786e-09,2.144786e-11
2.465676e+01,7.762636e-11,2.110057e-09,2.110057e-11
2.465965e+01,7.666410e-11,2.080330e-09,2.080330e-11
2.466254e+01,7.580507e-11,2.056973e-09,2.056973e-11
2.466543e+01,7.508598e-11,2.040254e-09,2.040254e-11
2.466832e+01,7.450800e-11,2.029543e-09,2.029543e-11
2.467120e+01,7.418911e-11,2.023862e-09,2.023862e-11
2.467409e+01,7.425324e-11,2.022205e-09,2.022205e-11
2.467698e+01,7.465338e-11,2.023831e-09,2.023831e-11
2.467987e+01,7.526400e-11,2.028547e-09,2.028547e-11
2.468276e+01,7.607279e-11,2.037053e-09,2.037053e-11
2.468564e+01,7.710998e-11,2.050791e-09,2.050791e-11
2.468853e+01,7.826425e-11,2.071557e-09,2.071557e-11
2.469142e+01,7.936398e-11,2.101064e-09,2.101064e-11
2.469431e+01,8.038976e-11,2.140577e-09,2.140577e-11
2.469719e+01,8.141866e-11,2.190223e-09,2.190223e-11
2.470008e+01,8.241371e-11,2.248443e-09,2.248443e-11
2.470297e+01,8.327002e-11,2.312056e-09,2.312056e-11
2.470586e+01,8.402142e-11,2.376910e-09,2.376910e-11
2.470875e+01,8.479577e-11,2.438532e-09,2.438532e-11
2.471163e+01,8.559113e-11,2.492713e-09,2.492713e-11
2.471452e+01,8.629280e-11,2.536127e-09,2.536127e-11
2.471741e+01,8.689250e-11,2.566895e-09,2.566895e-11
2.472030e+01,8.748459e-11,2.584678e-09,2.584678e-11
2.472319e+01,8.805091e-11,2.590366e-09,2.590366e-11
2.472607e+01,8.845949e-11,2.585817e-09,2.585817e-11
2.472896e+01,8.869319e-11,2.573720e-09,2.573720e-11
2.473185e+01,8.887994e-11,2.557310e-09,2.557310e-11
2.473474e+01,8.907759e-11,2.539878e-09,2.539878e-11
2.473763e+01,8.923524e-11,2.524497e-09,2.524497e-11
2.474051e+01,8.940414e-11,2.514023e-09,2.514023e-11
2.474340e+01,8.977923e-11,2.511141e-09,2.511141e-11
2.474629e+01,9.047648e-11,2.518222e-09,2.518222e-11
2.474918e+01,9.145895e-11,2.537430e-09,2.537430e-11
2.475206e+01,9.272690e-11,2.570982e-09,2.570982e-11
2.475495e+01,9.438457e-11,2.621159e-09,2.621159e-11
2.475784e+01,9.644283e-11,2.689738e-09,2.689738e-11
2.476073e+01,9.873365e-11,2.777446e-09,2.777446e-11
2.476362e+01,1.011063e-10,2.883607e-09,2.883607e-11
2.476650e+01,1.035383e-10,3.005959e-09,3.005959e-11
2.476939e+01,1.059677e-10,3.140467e-09,3.140467e-11
2.477228e+01,1.081990e-10,3.281580e-09,3.281580e-11
2.477517e+01,1.100856e-10,3.422803e-09,3.422803e-11
2.477806e+01,1.116452e-10,3.557316e-09,3.557316e-11
2.478094e+01,1.128964e-10,3.678343e-09,3.678343e-11
2.478383e+01,1.137410e-10,3.779574e-09,3.779574e-11
2.478672e+01,1.141069e-10,3.855614e-09,3.855614e-11
2.478961e+01,1.140576e-10,3.902361e-09,3.902361e-11
2.479250e+01,1.136502e-10,3.917059e-09,3.917059e-11
2.479538e+01,1.128178e-10,3.898302e-09,3.898302e-11
2.479827e+01,1.114969e-10,3.846062e-09,3.846062e-11
2.480116e+01,1.097489e-10,3.761720e-09,3.761720e-11
2.480405e+01,1.076507e-10,3.647935e-09,3.647935e-11
2.480693e+01,1.051795e-10,3.508536e-09,3.508536e-11
2.480982e+01,1.023187e-10,3.348451e-09,3.348451e-11
2.481271e+01,9.917613e-11,3.173603e-09,3.173603e-11
2.481560e+01,9.588364e-11,2.990532e-09,2.990532e-11
2.481849e+01,9.247242e-11,2.805904e-09,2.805904e-11
2.482137e+01,8.895787e-11,2.626022e-09,2.626022e-11
2.482426e+01,8.545255e-11,2.456424e-09,2.456424e-11
2.482715e+01,8.208315e-11,2.301403e-09,2.301403e-11
2.483004e+01,7.887548e-11,2.163708e-09,2.163708e-11
2.483293e+01,7.581923e-11,2.044529e-09,2.044529e-11
2.483581e+01,7.297873e-11,1.943717e-09,1.943717e-11
2.483870e+01,7.043682e-11,1.859992e-09,1.859992e-11
2.484159e+01,6.817788e-11,1.791212e-09,1.791212e-11
2.484448e+01,6.612965e-11,1.734734e-09,1.734734e-11
2.484736e+01,6.428145e-11,1.687848e-09,1.687848e-11
2.485025e+01,6.265435e-11,1.648021e-09,1.648021e-11
2.485314e+01,6.118725e-11,1.613005e-09,1.613005e-11
2.485603e+01,5.977461e-11,1.580982e-09,1.580982e-11
2.485892e+01,5.839772e-11,1.550797e-09,1.550797e-11
2.486180e+01,5.710147e-11,1.521979e-09,1.521979e-11
2.486469e+01,5.587387e-11,1.494594e-09,1.494594e-11
2.486758e+01,5.466952e-11,1.469093e-09,1.469093e-11
2.487047e+01,5.352058e-11,1.446189e-09,1.446189e-11
2.487336e+01,5.250408e-11,1.426550e-09,1.426550e-11
2.487624e+01,5.161922e-11,1.410407e-09,1.410407e-11
2.487913e+01,5.080204e-11,1.397362e-09,1.397362e-11
2.488202e+01,5.003757e-11,1.386347e-09,1.386347e-11
2.488491e+01,4.935170e-11,1.375712e-09,1.375712e-11
2.488780e+01,4.871261e-11,1.363587e-09,1.363587e-11
2.489068e+01,4.804907e-11,1.348434e-09,1.348434e-11
2.489357e+01,4.736308e-11,1.329552e-09,1.329552e-11
2.489646e+01,4.672954e-11,1.307389e-09,1.307389e-11
2.489935e+01,4.618952e-11,1.283523e-09,1.283523e-11
2.490223e+01,4.574405e-11,1.260405e-09,1.260405e-11
2.490512e+01,4.544254e-11,1.240976e-09,1.240976e-11
2.490801e+01,4.537032e-11,1.228175e-09,1.228175e-11
2.491090e+01,4.554698e-11,1.224377e-09,1.224377e-11
2.491379e+01,4.591871e-11,1.230887e-09,1.230887e-11
2.491667e+01,4.644937e-11,1.247528e-09,1.247528e-11
2.491956e+01,4.713558e-11,1.272513e-09,1.272513e-11
2.492245e+01,4.792923e-11,1.302705e-09,1.302705e-11
2.492534e+01,4.873214e-11,1.334315e-09,1.334315e-11
2.492823e+01,4.949051e-11,1.363858e-09,1.363858e-11
2.493111e+01,5.022091e-11,1.388965e-09,1.388965e-11
2.493400e+01,5.091988e-11,1.408687e-09,1.408687e-11
2.493689e+01,5.153802e-11,1.423388e-09,1.423388e-11
2.493978e+01,5.206828e-11,1.434310e-09,1.434310e-11
2.494267e+01,5.256613e-11,1.442961e-09,1.442961e-11
2.494555e+01,5.305542e-11,1.450559e-09,1.450559e-11
2.494844e+01,5.350151e-11,1.457814e-09,1.457814e-11
2.495133e+01,5.390256e-11,1.465055e-09,1.465055e-11
2.495422e+01,5.431575e-11,1.472471e-09,1.472471e-11
2.495710e+01,5.476755e-11,1.480276e-09,1.480276e-11
2.495999e+01,5.522317e-11,1.488800e-09,1.488800e-11
2.496288e+01,5.567069e-11,1.498441e-09,1.498441e-11
2.496577e+01,5.615389e-11,1.509588e-09,1.509588e-11
2.496866e+01,5.668221e-11,1.522471e-09,1.522471e-11
2.497154e+01,5.719009e-11,1.537075e-09,1.537075e-11
2.497443e+01,5.763477e-11,1.553159e-09,1.553159e-11
2.497732e+01,5.804833e-11,1.570357e-09,1.570357e-11
2.498021e+01,5.844664e-11,1.588217e-09,1.588217e-11
2.498310e+01,5.878195e-11,1.606280e-09,1.606280e-11
2.498598e+01,5.904364e-11,1.624128e-09,1.624128e-11
2.498887e+01,5.931094e-11,1.641326e-09,1.641326e-11
2.499176e+01,5.964068e-11,1.657238e-09,1.657238e-11
2.499465e+01,5.999661e-11,1.670953e-09,1.670953e-11
2.499753e+01,6.034462e-11,1.681320e-09,1.681320e-11
2.500042e+01,6.071728e-11,1.687095e-09,1.687095e-11
2.500331e+01,6.111195e-11,1.687015e-09,1.687015e-11
2.500620e+01,6.142178e-11,1.679964e-09,1.679964e-11
2.500909e+01,6.155500e-11,1.665232e-09,1.665232e-11
2.501197e+01,6.153204e-11,1.642841e-09,1.642841e-11
2.501486e+01,6.138538e-11,1.613652e-09,1.613652e-11
2.501775e+01,6.107233e-11,1.579389e-09,1.579389e-11
2.502064e+01,6.058393e-11,1.542548e-09,1.542548e-11
2.502353e+01,6.003511e-11,1.506244e-09,1.506244e-11
2.502641e+01,5.954103e-11,1.473747e-09,1.473747e-11
2.502930e+01,5.909965e-11,1.448027e-09,1.448027e-11
2.503219e+01,5.869467e-11,1.431393e-09,1.431393e-11
2.503508e+01,5.840781e-11,1.425345e-09,1.425345e-11
2.503797e+01,5.831337e-11,1.430362e-09,1.430362e-11
2.504085e+01,5.836087e-11,1.446039e-09,1.446039e-11
2.504374e+01,5.848469e-11,1.471532e-09,1.471532e-11
2.504663e+01,5.874216e-11,1.506187e-09,1.506187e-11
2.504952e+01,5.922080e-11,1.549664e-09,1.549664e-11
2.505240e+01,5.989126e-11,1.601850e-09,1.601850e-11
2.505529e+01,6.069103e-11,1.662690e-09,1.662690e-11
2.505818e+01,6.167712e-11,1.732149e-09,1.732149e-11
2.506107e+01,6.293805e-11,1.809796e-09,1.809796e-11
2.506396e+01,6.442227e-11,1.894480e-09,1.894480e-11
2.506684e+01,6.602050e-11,1.984374e-09,1.984374e-11
2.506973e+01,6.774693e-11,2.077391e-09,2.077391e-11
2.507262e+01,6.966287e-11,2.171326e-09,2.171326e-11
2.507551e+01,7.169347e-11,2.263966e-09,2.263966e-11
2.507840e+01,7.369978e-11,2.353226e-09,2.353226e-11
2.508128e+01,7.566734e-11,2.437335e-09,2.437335e-11
2.508417e+01,7.763988e-11,2.514655e-09,2.514655e-11
2.508706e+01,7.951921e-11,2.583444e-09,2.583444e-11
2.508995e+01,8.111882e-11,2.641856e-09,2.641856e-11
2.509284e+01,8.237804e-11,2.688226e-09,2.688226e-11
2.509572e+01,8.333221e-11,2.721192e-09,2.721192e-11
2.509861e+01,8.390609e-11,2.739807e-09,2.739807e-11
2.510150e+01,8.395668e-11,2.743815e-09,2.743815e-11
2.510439e+01,8.351035e-11,2.734047e-09,2.734047e-11
2.510727e+01,8.274149e-11,2.712432e-09,2.712432e-11
2.511016e+01,8.173322e-11,2.681632e-09,2.681632e-11
2.511305e+01,8.048705e-11,2.644685e-09,2.644685e-11
2.511594e+01,7.914670e-11,2.604844e-09,2.604844e-11
2.511883e+01,7.796626e-11,2.565296e-09,2.565296e-11
2.512171e+01,7.705742e-11,2.528865e-09,2.528865e-11
2.512460e+01,7.638748e-11,2.498061e-09,2.498061e-11
2.512749e+01,7.601019e-11,2.475390e-09,2.475390e-11
2.513038e+01,7.606534e-11,2.463314e-09,2.463314e-11
2.513327e+01,7.654763e-11,2.463704e-09,2.463704e-11
2.513615e+01,7.729940e-11,2.477309e-09,2.477309e-11
2.513904e+01,7.825032e-11,2.503435e-09,2.503435e-11
2.514193e+01,7.944721e-11,2.539713e-09,2.539713e-11
2.514482e+01,8.082134e-11,2.582043e-09,2.582043e-11
2.514770e+01,8.215906e-11,2.625248e-09,2.625248e-11
2.515059e+01,8.334324e-11,2.664187e-09,2.664187e-11
2.515348e+01,8.440341e-11,2.694642e-09,2.694642e-11
2.515637e+01,8.529285e-11,2.713646e-09,2.713646e-11
2.515926e+01,8.584428e-11,2.719736e-09,2.719736e-11
2.516214e+01,8.600299e-11,2.713100e-09,2.713100e-11
2.516503e+01,8.589290e-11,2.695404e-09,2.695404e-11
2.516792e+01,8.559678e-11,2.669201e-09,2.669201e-11
2.517081e+01,8.507215e-11,2.637516e-09,2.637516e-11
2.517370e+01,8.434966e-11,2.603595e-09,2.603595e-11
2.517658e+01,8.361089e-11,2.570684e-09,2.570684e-11
2.517947e+01,8.297126e-11,2.541540e-09,2.541540e-11
2.518236e+01,8.237069e-11,2.518182e-09,2.518182e-11
2.518525e+01,8.177276e-11,2.501849e-09,2.501849e-11
2.518814e+01,8.127896e-11,2.493012e-09,2.493012e-11
2.519102e+01,8.094409e-11,2.491157e-09,2.491157e-11
2.519391e+01,8.066830e-11,2.494876e-09,2.494876e-11
2.519680e+01,8.038596e-11,2.502201e-09,2.502201e-11
2.519969e+01,8.019209e-11,2.511026e-09,2.511026e-11
2.520257e+01,8.017328e-11,2.519210e-09,2.519210e-11
2.520546e+01,8.027252e-11,2.524758e-09,2.524758e-11
2.520835e+01,8.043378e-11,2.526048e-09,2.526048e-11
2.521124e+01,8.073102e-11,2.522075e-09,2.522075e-11
2.521413e+01,8.122346e-11,2.512314e-09,2.512314e-11
2.521701e+01,8.181206e-11,2.496639e-09,2.496639e-11
2.521990e+01,8.236935e-11,2.475313e-09,2.475313e-11
2.522279e+01,8.289161e-11,2.449031e-09,2.449031e-11
2.522568e+01,8.339122e-11,2.418693e-09,2.418693e-11
2.522857e+01,8.376002e-11,2.385264e-09,2.385264e-11
2.523145e+01,8.388604e-11,2.349759e-09,2.349759e-11
2.523434e+01,8.380190e-11,2.313324e-09,2.313324e-11
2.523723e+01,8.358958e-11,2.277147e-09,2.277147e-11
2.524012e+01,8.324149e-11,2.242433e-09,2.242433e-11
2.524301e+01,8.274431e-11,2.210452e-09,2.210452e-11
2.524589e+01,8.220899e-11,2.182611e-09,2.182611e-11
2.524878e+01,8.178655e-11,2.160335e-09,2.160335e-11
2.525167e+01,8.152898e-11,2.145014e-09,2.145014e-11
2.525456e+01,8.144655e-11,2.138072e-09,2.138072e-11
2.525744e+01,8.162396e-11,2.141122e-09,2.141122e-11
2.526033e+01,8.215982e-11,2.155908e-09,2.155908e-11
2.526322e+01,8.303965e-11,2.184092e-09,2.184092e-11
2.526611e+01,8.417719e-11,2.226881e-09,2.226881e-11
2.526900e+01,8.553519e-11,2.284692e-09,2.284692e-11
2.527188e+01,8.709509e-11,2.356967e-09,2.356967e-11
2.527477e+01,8.875581e-11,2.442312e-09,2.442312e-11
2.527766e+01,9.037239e-11,2.538894e-09,2.538894e-11
2.528055e+01,9.187039e-11,2.644848e-09,2.644848e-11
2.528344e+01,9.323544e-11,2.758421e-09,2.758421e-11
2.528632e+01,9.441870e-11,2.877787e-09,2.877787e-11
2.528921e+01,9.534702e-11,3.000639e-09,3.000639e-11
2.529210e+01,9.601197e-11,3.123825e-09,3.123825e-11
2.529499e+01,9.646117e-11,3.243195e-09,3.243195e-11
2.529787e+01,9.669838e-11,3.353728e-09,3.353728e-11
2.530076e+01,9.667056e-11,3.449884e-09,3.449884e-11
2.530365e+01,9.635972e-11,3.526167e-09,3.526167e-11
2.530654e+01,9.579418e-11,3.577700e-09,3.577700e-11
2.530943e+01,9.495693e-11,3.600681e-09,3.600681e-11
2.531231e+01,9.378266e-11,3.592732e-09,3.592732e-11
2.531520e+01,9.226141e-11,3.553154e-09,3.553154e-11
2.531809e+01,9.045381e-11,3.483039e-09,3.483039e-11
2.532098e+01,8.840153e-11,3.385240e-09,3.385240e-11
2.532387e+01,8.612137e-11,3.264277e-09,3.264277e-11
2.532675e+01,8.369014e-11,3.126123e-09,3.126123e-11
2.532964e+01,8.124504e-11,2.977879e-09,2.977879e-11
2.533253e+01,7.889332e-11,2.827326e-09,2.827326e-11
2.533542e+01,7.669631e-11,2.682402e-09,2.682402e-11
2.533831e+01,7.474101e-11,2.550545e-09,2.550545e-11
2.534119e+01,7.314346e-11,2.437989e-09,2.437989e-11
2.534408e+01,7.196468e-11,2.349102e-09,2.349102e-11
2.534697e+01,7.119115e-11,2.285952e-09,2.285952e-11
2.534986e+01,7.081245e-11,2.248258e-09,2.248258e-11
2.535274e+01,7.084220e-11,2.233779e-09,2.233779e-11
2.535563e+01,7.123940e-11,2.238993e-09,2.238993e-11
2.535852e+01,7.189501e-11,2.259873e-09,2.259873e-11
2.536141e+01,7.272595e-11,2.292564e-09,2.292564e-11
2.536430e+01,7.370509e-11,2.333796e-09,2.333796e-11
2.536718e+01,7.478584e-11,2.380969e-09,2.380969e-11
2.537007e+01,7.588603e-11,2.431991e-09,2.431991e-11
2.537296e+01,7.697130e-11,2.485030e-09,2.485030e-11
2.537585e+01,7.807453e-11,2.538300e-09,2.538300e-11
2.537874e+01,7.920951e-11,2.589983e-09,2.589983e-11
2.538162e+01,8.033532e-11,2.638369e-09,2.638369e-11
2.538451e+01,8.142659e-11,2.682151e-09,2.682151e-11
2.538740e+01,8.250297e-11,2.720651e-09,2.720651e-11
2.539029e+01,8.354545e-11,2.753828e-09,2.753828e-11
2.539318e+01,8.446188e-11,2.782164e-09,2.782164e-11
2.539606e+01,8.518391e-11,2.806532e-09,2.806532e-11
2.539895e+01,8.571758e-11,2.828077e-09,2.828077e-11
2.540184e+01,8.606322e-11,2.848125e-09,2.848125e-11
2.540473e+01,8.617997e-11,2.868146e-09,2.868146e-11
2.540761e+01,8.607961e-11,2.889654e-09,2.889654e-11
2.541050e+01,8.586892e-11,2.914011e-09,2.914011e-11
2.541339e+01,8.565070e-11,2.942083e-09,2.942083e-11
2.541628e+01,8.545999e-11,2.973994e-09,2.973994e-11
2.541917e+01,8.534018e-11,3.009125e-09,3.009125e-11
2.542205e+01,8.539551e-11,3.046385e-09,3.046385e-11
2.542494e+01,8.569489e-11,3.084532e-09,3.084532e-11
2.542783e+01,8.619554e-11,3.122462e-09,3.122462e-11
2.543072e+01,8.683779e-11,3.159437e-09,3.159437e-11
2.543361e+01,8.763440e-11,3.195155e-09,3.195155e-11
2.543649e+01,8.858101e-11,3.229543e-09,3.229543e-11
2.543938e+01,8.956830e-11,3.262491e-09,3.262491e-11
2.544227e+01,9.048709e-11,3.293639e-09,3.293639e-11
2.544516e+01,9.133453e-11,3.322236e-09,3.322236e-11
2.544805e+01,9.211285e-11,3.347007e-09,3.347007e-11
2.545093e+01,9.271931e-11,3.366167e-09,3.366167e-11
2.545382e+01,9.304909e-11,3.377631e-09,3.377631e-11
2.545671e+01,9.311842e-11,3.379362e-09,3.379362e-11
2.545960e+01,9.296779e-11,3.369624e-09,3.369624e-11
2.546248e+01,9.252838e-11,3.347190e-09,3.347190e-11
2.546537e+01,9.171990e-11,3.311536e-09,3.311536e-11
2.546826e+01,9.060203e-11,3.263045e-09,3.263045e-11
2.547115e+01,8.927838e-11,3.202910e-09,3.202910e-11
2.547404e+01,8.773083e-11,3.132900e-09,3.132900e-11
2.547692e+01,8.591248e-11,3.055181e-09,3.055181e-11
2.547981e+01,8.391603e-11,2.972222e-09,2.972222e-11
2.548270e+01,8.188036e-11,2.886441e-09,2.886441e-11
2.548559e+01,7.981106e-11,2.799867e-09,2.799867e-11
2.548848e+01,7.766077e-11,2.714007e-09,2.714007e-11
2.549136e+01,7.551231e-11,2.629934e-09,2.629934e-11
2.549425e+01,7.350422e-11,2.548204e-09,2.548204e-11
2.549714e+01,7.163768e-11,2.468819e-09,2.468819e-11
2.550003e+01,6.983025e-11,2.391392e-09,2.391392e-11
2.550291e+01,6.811051e-11,2.315494e-09,2.315494e-11
2.550580e+01,6.657858e-11,2.240756e-09,2.240756e-11
2.550869e+01,6.519565e-11,2.166794e-09,2.166794e-11
2.551158e+01,6.380871e-11,2.093205e-09,2.093205e-11
2.551447e+01,6.237892e-11,2.019789e-09,2.019789e-11
2.551735e+01,6.098271e-11,1.946502e-09,1.946502e-11
2.552024e+01,5.958852e-11,1.873188e-09,1.873188e-11
2.552313e+01,5.805583e-11,1.799560e-09,1.799560e-11
2.552602e+01,5.637495e-11,1.725558e-09,1.725558e-11
2.552891e+01,5.469032e-11,1.651528e-09,1.651528e-11
2.553179e+01,5.306064e-11,1.577934e-09,1.577934e-11
2.553468e+01,5.141350e-11,1.505283e-09,1.505283e-11
2.553757e+01,4.977294e-11,1.434399e-09,1.434399e-11
2.554046e+01,4.830556e-11,1.366523e-09,1.366523e-11
2.554335e+01,4.708134e-11,1.302790e-09,1.302790e-11
2.554623e+01,4.600170e-11,1.244022e-09,1.244022e-11
2.554912e+01,4.503064e-11,1.190903e-09,1.190903e-11
2.555201e+01,4.428230e-11,1.144165e-09,1.144165e-11
2.555490e+01,4.379887e-11,1.104189e-09,1.104189e-11
2.555778e+01,4.346195e-11,1.071200e-09,1.071200e-11
2.556067e+01,4.322000e-11,1.046066e-09,1.046066e-11
2.556356e+01,4.319317e-11,1.031091e-09,1.031091e-11
2.556645e+01,4.345738e-11,1.029564e-09,1.029564e-11
2.556934e+01,4.392946e-11,1.045152e-09,1.045152e-11
2.557222e+01,4.456590e-11,1.081153e-09,1.081153e-11
2.557511e+01,4.547645e-11,1.139604e-09,1.139604e-11
2.557800e+01,4.673003e-11,1.219978e-09,1.219978e-11
2.558089e+01,4.822594e-11,1.319215e-09,1.319215e-11
2.558378e+01,4.986665e-11,1.432687e-09,1.432687e-11
2.558666e+01,5.169644e-11,1.555370e-09,1.555370e-11
2.558955e+01,5.374625e-11,1.682183e-09,1.682183e-11
2.559244e+01,5.588984e-11,1.808404e-09,1.808404e-11
2.559533e+01,5.799426e-11,1.930074e-09,1.930074e-11
2.559822e+01,6.008090e-11,2.044335e-09,2.044335e-11
2.560110e+01,6.219322e-11,2.149324e-09,2.149324e-11
2.560399e+01,6.423675e-11,2.244212e-09,2.244212e-11
2.560688e+01,6.611102e-11,2.329267e-09,2.329267e-11
2.560977e+01,6.787746e-11,2.405935e-09,2.405935e-11
2.561265e+01,6.963841e-11,2.476505e-09,2.476505e-11
2.561554e+01,7.137120e-11,2.543730e-09,2.543730e-11
2.561843e+01,7.303647e-11,2.610494e-09,2.610494e-11
2.562132e+01,7.473265e-11,2.679557e-09,2.679557e-11
2.562421e+01,7.659222e-11,2.753177e-09,2.753177e-11
2.562709e+01,7.862071e-11,2.832940e-09,2.832940e-11
2.562998e+01,8.077260e-11,2.919783e-09,2.919783e-11
2.563287e+01,8.310284e-11,3.014163e-09,3.014163e-11
2.563576e+01,8.569771e-11,3.116089e-09,3.116089e-11
2.563865e+01,8.851940e-11,3.225080e-09,3.225080e-11
2.564153e+01,9.146383e-11,3.340106e-09,3.340106e-11
2.564442e+01,9.451268e-11,3.459550e-09,3.459550e-11
2.564731e+01,9.768710e-11,3.581109e-09,3.581109e-11
2.565020e+01,1.009029e-10,3.701770e-09,3.701770e-11
2.565308e+01,1.040129e-10,3.817963e-09,3.817963e-11
2.565597e+01,1.069503e-10,3.925822e-09,3.925822e-11
2.565886e+01,1.097015e-10,4.021412e-09,4.021412e-11
2.566175e+01,1.121744e-10,4.100994e-09,4.100994e-11
2.566464e+01,1.142250e-10,4.161291e-09,4.161291e-11
2.566752e+01,1.157970e-10,4.199710e-09,4.199710e-11
2.567041e+01,1.169113e-10,4.214512e-09,4.214512e-11
2.567330e+01,1.175326e-10,4.204933e-09,4.204933e-11
2.567619e+01,1.175824e-10,4.171277e-09,4.171277e-11
2.567908e+01,1.170752e-10,4.115013e-09,4.115013e-11
2.568196e+01,1.161073e-10,4.038818e-09,4.038818e-11
2.568485e+01,1.147205e-10,3.946557e-09,3.946557e-11
2.568774e+01,1.129144e-10,3.843219e-09,3.843219e-11
2.569063e+01,1.107747e-10,3.734767e-09,3.734767e-11
2.569352e+01,1.084542e-10,3.627766e-09,3.627766e-11
2.569640e+01,1.060487e-10,3.528824e-09,3.528824e-11
2.569929e+01,1.036099e-10,3.443845e-09,3.443845e-11
2.570218e+01,1.012522e-10,3.377226e-09,3.377226e-11
2.570507e+01,9.913035e-11,3.331154e-09,3.331154e-11
2.570795e+01,9.732555e-11,3.305286e-09,3.305286e-11
2.571084e+01,9.585138e-11,3.297011e-09,3.297011e-11
2.571373e+01,9.475138e-11,3.302199e-09,3.302199e-11
2.571662e+01,9.408552e-11,3.316098e-09,3.316098e-11
2.571951e+01,9.382791e-11,3.334120e-09,3.334120e-11
2.572239e+01,9.387874e-11,3.352363e-09,3.352363e-11
2.572528e+01,9.417389e-11,3.367772e-09,3.367772e-11
2.572817e+01,9.468121e-11,3.378018e-09,3.378018e-11
2.573106e+01,9.530271e-11,3.381251e-09,3.381251e-11
2.573395e+01,9.589301e-11,3.375904e-09,3.375904e-11
2.573683e+01,9.636730e-11,3.360614e-09,3.360614e-11
2.573972e+01,9.669534e-11,3.334240e-09,3.334240e-11
2.574261e+01,9.680460e-11,3.295958e-09,3.295958e-11
2.574550e+01,9.659113e-11,3.245377e-09,3.245377e-11
2.574839e+01,9.602549e-11,3.182642e-09,3.182642e-11
2.575127e+01,9.515469e-11,3.108457e-09,3.108457e-11
2.575416e+01,9.399790e-11,3.024013e-09,3.024013e-11
2.575705e+01,9.254611e-11,2.930903e-09,2.930903e-11
2.575994e+01,9.087189e-11,2.831120e-09,2.831120e-11
2.576282e+01,8.912072e-11,2.727054e-09,2.727054e-11
2.576571e+01,8.737983e-11,2.621426e-09,2.621426e-11
2.576860e+01,8.566870e-11,2.517177e-09,2.517177e-11
2.577149e+01,8.405278e-11,2.417311e-09,2.417311e-11
2.577438e+01,8.263105e-11,2.324584e-09,2.324584e-11
2.577726e+01,8.140635e-11,2.241097e-09,2.241097e-11
2.578015e+01,8.029457e-11,2.167965e-09,2.167965e-11
2.578304e+01,7.926554e-11,2.105282e-09,2.105282e-11
2.578593e+01,7.835364e-11,2.052329e-09,2.052329e-11
2.578882e+01,7.753824e-11,2.007997e-09,2.007997e-11
2.579170e+01,7.674781e-11,1.971309e-09,1.971309e-11
2.579459e+01,7.599334e-11,1.941843e-09,1.941843e-11
2.579748e+01,7.537752e-11,1.919839e-09,1.919839e-11
2.580037e+01,7.494969e-11,1.905927e-09,1.905927e-11
2.580325e+01,7.467189e-11,1.900777e-09,1.900777e-11
2.580614e+01,7.455185e-11,1.904854e-09,1.904854e-11
2.580903e+01,7.466643e-11,1.918231e-09,1.918231e-11
2.581192e+01,7.501387e-11,1.940389e-09,1.940389e-11
2.581481e+01,7.548314e-11,1.970243e-09,1.970243e-11
2.581769e+01,7.600963e-11,2.006330e-09,2.006330e-11
2.582058e+01,7.662088e-11,2.046979e-09,2.046979e-11
2.582347e+01,7.729266e-11,2.090298e-09,2.090298e-11
2.582636e+01,7.790751e-11,2.134222e-09,2.134222e-11
2.582925e+01,7.840221e-11,2.176616e-09,2.176616e-11
2.583213e+01,7.882121e-11,2.215457e-09,2.215457e-11
2.583502e+01,7.917404e-11,2.248929e-09,2.248929e-11
2.583791e+01,7.937091e-11,2.275563e-09,2.275563e-11
2.584080e+01,7.936320e-11,2.294416e-09,2.294416e-11
2.584369e+01,7.922504e-11,2.305187e-09,2.305187e-11
2.584657e+01,7.901811e-11,2.307977e-09,2.307977e-11
2.584946e+01,7.869823e-11,2.303073e-09,2.303073e-11
2.585235e+01,7.824735e-11,2.290903e-09,2.290903e-11
2.585524e+01,7.776530e-11,2.272134e-09,2.272134e-11
2.585812e+01,7.732755e-11,2.247503e-09,2.247503e-11
2.586101e+01,7.687389e-11,2.217633e-09,2.217633e-11
2.586390e+01,7.633024e-11,2.182972e-09,2.182972e-11
2.586679e+01,7.572245e-11,2.143886e-09,2.143886e-11
2.586968e+01,7.506769e-11,2.100444e-09,2.100444e-11
2.587256e+01,7.426556e-11,2.052435e-09,2.052435e-11
2.587545e+01,7.322017e-11,1.999821e-09,1.999821e-11
2.587834e+01,7.197694e-11,1.943319e-09,1.943319e-11
2.588123e+01,7.063098e-11,1.884519e-09,1.884519e-11
2.588412e+01,6.919242e-11,1.825814e-09,1.825814e-11
2.588700e+01,6.765822e-11,1.770185e-09,1.770185e-11
2.588989e+01,6.614418e-11,1.720861e-09,1.720861e-11
2.589278e+01,6.480212e-11,1.680521e-09,1.680521e-11
2.589567e+01,6.365006e-11,1.650486e-09,1.650486e-11
2.589856e+01,6.262331e-11,1.630374e-09,1.630374e-11
2.590144e+01,6.173975e-11,1.618402e-09,1.618402e-11
2.590433e+01,6.105928e-11,1.611737e-09,1.611737e-11
2.590722e+01,6.052627e-11,1.607066e-09,1.607066e-11
2.591011e+01,6.002014e-11,1.601518e-09,1.601518e-11
2.591299e+01,5.953651e-11,1.593675e-09,1.593675e-11
2.591588e+01,5.916880e-11,1.583893e-09,1.583893e-11
2.591877e+01,5.893697e-11,1.574052e-09,1.574052e-11
2.592166e+01,5.879363e-11,1.567211e-09,1.567211e-11
2.592455e+01,5.878974e-11,1.567261e-09,1.567261e-11
2.592743e+01,5.906610e-11,1.578276e-09,1.578276e-11
2.593032e+01,5.967058e-11,1.603682e-09,1.603682e-11
2.593321e+01,6.054493e-11,1.645893e-09,1.645893e-11
2.593610e+01,6.169842e-11,1.706503e-09,1.706503e-11
2.593899e+01,6.322609e-11,1.786487e-09,1.786487e-11
2.594187e+01,6.514283e-11,1.886285e-09,1.886285e-11
2.594476e+01,6.735637e-11,2.006089e-09,2.006089e-11
2.594765e+01,6.982503e-11,2.145979e-09,2.145979e-11
2.595054e+01,7.259936e-11,2.305688e-09,2.305688e-11
2.595342e+01,7.566966e-11,2.484047e-09,2.484047e-11
2.595631e+01,7.890330e-11,2.678682e-09,2.678682e-11
2.595920e+01,8.218793e-11,2.885955e-09,2.885955e-11
2.596209e+01,8.551371e-11,3.101100e-09,3.101100e-11
2.596498e+01,8.884269e-11,3.318359e-09,3.318359e-11
2.596786e+01,9.202305e-11,3.531339e-09,3.531339e-11
2.597075e+01,9.493023e-11,3.733498e-09,3.733498e-11
2.597364e+01,9.757435e-11,3.918615e-09,3.918615e-11
2.597653e+01,9.996990e-11,4.081053e-09,4.081053e-11
2.597942e+01,1.020248e-10,4.216033e-09,4.216033e-11
2.598230e+01,1.036614e-10,4.319864e-09,4.319864e-11
2.598519e+01,1.049235e-10,4.390105e-09,4.390105e-11
2.598808e+01,1.058557e-10,4.425523e-09,4.425523e-11
2.599097e+01,1.063890e-10,4.426032e-09,4.426032e-11
2.599386e+01,1.064464e-10,4.392642e-09,4.392642e-11
2.599674e+01,1.060676e-10,4.327449e-09,4.327449e-11
2.599963e+01,1.053243e-10,4.233524e-09,4.233524e-11
2.600252e+01,1.041967e-10,4.114803e-09,4.114803e-11
2.600541e+01,1.026555e-10,3.975964e-09,3.975964e-11
2.600829e+01,1.007971e-10,3.822289e-09,3.822289e-11
2.601118e+01,9.876737e-11,3.659373e-09,3.659373e-11
2.601407e+01,9.661342e-11,3.492779e-09,3.492779e-11
2.601696e+01,9.434467e-11,3.327720e-09,3.327720e-11
2.601985e+01,9.207080e-11,3.168822e-09,3.168822e-11
2.602273e+01,8.993439e-11,3.019851e-09,3.019851e-11
2.602562e+01,8.796597e-11,2.883507e-09,2.883507e-11
2.602851e+01,8.613905e-11,2.761338e-09,2.761338e-11
2.603140e+01,8.451130e-11,2.653868e-09,2.653868e-11
2.603429e+01,8.317662e-11,2.560735e-09,2.560735e-11
2.603717e+01,8.212193e-11,2.480865e-09,2.480865e-11
2.604006e+01,8.126524e-11,2.412697e-09,2.412697e-11
2.604295e+01,8.059997e-11,2.354425e-09,2.354425e-11
2.604584e+01,8.016041e-11,2.304076e-09,2.304076e-11
2.604873e+01,7.987319e-11,2.259475e-09,2.259475e-11
2.605161e+01,7.959156e-11,2.218281e-09,2.218281e-11
2.605450e+01,7.925098e-11,2.178171e-09,2.178171e-11
2.605739e+01,7.884768e-11,2.137013e-09,2.137013e-11
2.606028e+01,7.830005e-11,2.093044e-09,2.093044e-11
2.606316e+01,7.747996e-11,2.045118e-09,2.045118e-11
2.606605e+01,7.636099e-11,1.992926e-09,1.992926e-11
2.606894e+01,7.500332e-11,1.937015e-09,1.937015e-11
2.607183e+01,7.341623e-11,1.878654e-09,1.878654e-11
2.607472e+01,7.156825e-11,1.819630e-09,1.819630e-11
2.607760e+01,6.951648e-11,1.761947e-09,1.761947e-11
2.608049e+01,6.739612e-11,1.707459e-09,1.707459e-11
2.608338e+01,6.528187e-11,1.657587e-09,1.657587e-11
2.608627e+01,6.317846e-11,1.613118e-09,1.613118e-11
2.608916e+01,6.114937e-11,1.574167e-09,1.574167e-11
2.609204e+01,5.931858e-11,1.540296e-09,1.540296e-11
2.609493e+01,5.772735e-11,1.510614e-09,1.510614e-11
2.609782e+01,5.632602e-11,1.483966e-09,1.483966e-11
2.610071e+01,5.511605e-11,1.459240e-09,1.459240e-11
2.610359e+01,5.415902e-11,1.435656e-09,1.435656e-11
2.610648e+01,5.343935e-11,1.412893e-09,1.412893e-11
2.610937e+01,5.286227e-11,1.391182e-09,1.391182e-11
2.611226e+01,5.240225e-11,1.371382e-09,1.371382e-11
2.611515e+01,5.211609e-11,1.354833e-09,1.354833e-11
2.611803e+01,5.200245e-11,1.342963e-09,1.342963e-11
2.612092e+01,5.199173e-11,1.336962e-09,1.336962e-11
2.612381e+01,5.208526e-11,1.337600e-09,1.337600e-11
2.612670e+01,5.236212e-11,1.345141e-09,1.345141e-11
2.612959e+01,5.283109e-11,1.359347e-09,1.359347e-11
2.613247e+01,5.341259e-11,1.379652e-09,1.379652e-11
2.613536e+01,5.408143e-11,1.405394e-09,1.405394e-11
2.613825e+01,5.488228e-11,1.435889e-09,1.435889e-11
2.614114e+01,5.578354e-11,1.470272e-09,1.470272e-11
2.614403e+01,5.666872e-11,1.507408e-09,1.507408e-11
2.614691e+01,5.749825e-11,1.545966e-09,1.545966e-11
2.614980e+01,5.832673e-11,1.584526e-09,1.584526e-11
2.615269e+01,5.915059e-11,1.621716e-09,1.621716e-11
2.615558e+01,5.990054e-11,1.656492e-09,1.656492e-11
2.615846e+01,6.059403e-11,1.688444e-09,1.688444e-11
2.616135e+01,6.134175e-11,1.717915e-09,1.717915e-11
2.616424e+01,6.218627e-11,1.745867e-09,1.745867e-11
2.616713e+01,6.307999e-11,1.773631e-09,1.773631e-11
2.617002e+01,6.403542e-11,1.802628e-09,1.802628e-11
2.617290e+01,6.513788e-11,1.834007e-09,1.834007e-11
2.617579e+01,6.638455e-11,1.868235e-09,1.868235e-11
2.617868e+01,6.766879e-11,1.904946e-09,1.904946e-11
2.618157e+01,6.894474e-11,1.943105e-09,1.943105e-11
2.618446e+01,7.024868e-11,1.981278e-09,1.981278e-11
2.618734e+01,7.154095e-11,2.017842e-09,2.017842e-11
2.619023e+01,7.269400e-11,2.051308e-09,2.051308e-11
2.619312e+01,7.366050e-11,2.080679e-09,2.080679e-11
2.619601e+01,7.449289e-11,2.105602e-09,2.105602e-11
2.619890e+01,7.518427e-11,2.126248e-09,2.126248e-11
2.620178e+01,7.564854e-11,2.143208e-09,2.143208e-11
2.620467e+01,7.588108e-11,2.157421e-09,2.157421e-11
2.620756e+01,7.599185e-11,2.169973e-09,2.169973e-11
2.621045e+01,7.604335e-11,2.181729e-09,2.181729e-11
2.621333e+01,7.600738e-11,2.193178e-09,2.193178e-11
2.621622e+01,7.592783e-11,2.204505e-09,2.204505e-11
2.621911e+01,7.596305e-11,2.215726e-09,2.215726e-11
2.622200e+01,7.621104e-11,2.226749e-09,2.226749e-11
2.622489e+01,7.665040e-11,2.237728e-09,2.237728e-11
2.622777e+01,7.730390e-11,2.249518e-09,2.249518e-11
2.623066e+01,7.829037e-11,2.263902e-09,2.263902e-11
2.623355e+01,7.964897e-11,2.283415e-09,2.283415e-11
2.623644e+01,8.127974e-11,2.311016e-09,2.311016e-11
2.623933e+01,8.311384e-11,2.349610e-09,2.349610e-11
2.624221e+01,8.517462e-11,2.401408e-09,2.401408e-11
2.624510e+01,8.742036e-11,2.467172e-09,2.467172e-11
2.624799e+01,8.968268e-11,2.545818e-09,2.545818e-11
2.625088e+01,9.182520e-11,2.634453e-09,2.634453e-11
2.625376e+01,9.382915e-11,2.728824e-09,2.728824e-11
2.625665e+01,9.564864e-11,2.823776e-09,2.823776e-11
2.625954e+01,9.712456e-11,2.913818e-09,2.913818e-11
2.626243e+01,9.813986e-11,2.993731e-09,2.993731e-11
2.626532e+01,9.872493e-11,3.059068e-09,3.059068e-11
2.626820e+01,9.890838e-11,3.106254e-09,3.106254e-11
2.627109e+01,9.861008e-11,3.132672e-09,3.132672e-11
2.627398e+01,9.779093e-11,3.136815e-09,3.136815e-11
2.627687e+01,9.655754e-11,3.118418e-09,3.118418e-11
2.627976e+01,9.501547e-11,3.078351e-09,3.078351e-11
2.628264e+01,9.315591e-11,3.018586e-09,3.018586e-11
2.628553e+01,9.098360e-11,2.942257e-09,2.942257e-11
2.628842e+01,8.862909e-11,2.853711e-09,2.853711e-11
2.629131e+01,8.622322e-11,2.758298e-09,2.758298e-11
2.629420e+01,8.377406e-11,2.662099e-09,2.662099e-11
2.629708e+01,8.127936e-11,2.571655e-09,2.571655e-11
2.629997e+01,7.885720e-11,2.493633e-09,2.493633e-11
2.630286e+01,7.664063e-11,2.434148e-09,2.434148e-11
2.630575e+01,7.464040e-11,2.398074e-09,2.398074e-11
2.630863e+01,7.284580e-11,2.388661e-09,2.388661e-11
2.631152e+01,7.136077e-11,2.407507e-09,2.407507e-11
2.631441e+01,7.030764e-11,2.454514e-09,2.454514e-11
2.631730e+01,6.968311e-11,2.528016e-09,2.528016e-11
2.632019e+01,6.942858e-11,2.625053e-09,2.625053e-11
2.632307e+01,6.956271e-11,2.741632e-09,2.741632e-11
2.632596e+01,7.011648e-11,2.872730e-09,2.872730e-11
2.632885e+01,7.099255e-11,3.012369e-09,3.012369e-11
2.633174e+01,7.201328e-11,3.153906e-09,3.153906e-11
2.633463e+01,7.307494e-11,3.290493e-09,3.290493e-11
2.633751e+01,7.413287e-11,3.415451e-09,3.415451e-11
2.634040e+01,7.506470e-11,3.522578e-09,3.522578e-11
2.634329e+01,7.569711e-11,3.606465e-09,3.606465e-11
2.634618e+01,7.596925e-11,3.662793e-09,3.662793e-11
2.634907e+01,7.593384e-11,3.688454e-09,3.688454e-11
2.635195e+01,7.559759e-11,3.681523e-09,3.681523e-11
2.635484e+01,7.490651e-11,3.641268e-09,3.641268e-11
2.635773e+01,7.389488e-11,3.568215e-09,3.568215e-11
2.636062e+01,7.269279e-11,3.464162e-09,3.464162e-11
2.636350e+01,7.136080e-11,3.332066e-09,3.332066e-11
2.636639e+01,6.985431e-11,3.175939e-09,3.175939e-11
2.636928e+01,6.817465e-11,3.000734e-09,3.000734e-11
2.637217e+01,6.641468e-11,2.812105e-09,2.812105e-11
2.637506e+01,6.461756e-11,2.615931e-09,2.615931e-11
2.637794e+01,6.272442e-11,2.417933e-09,2.417933e-11
2.638083e+01,6.072228e-11,2.223496e-09,2.223496e-11
2.638372e+01,5.872112e-11,2.037697e-09,2.037697e-11
2.638661e+01,5.681844e-11,1.865317e-09,1.865317e-11
2.638950e+01,5.501596e-11,1.711014e-09,1.711014e-11
2.639238e+01,5.334209e-11,1.579490e-09,1.579490e-11
2.639527e+01,5.193512e-11,1.475391e-09,1.475391e-11
2.639816e+01,5.091826e-11,1.402496e-09,1.402496e-11
2.640105e+01,5.029182e-11,1.362620e-09,1.362620e-11
2.640394e+01,5.003180e-11,1.354688e-09,1.354688e-11
2.640682e+01,5.019180e-11,1.374661e-09,1.374661e-11
2.640971e+01,5.080555e-11,1.416124e-09,1.416124e-11
2.641260e+01,5.177158e-11,1.471441e-09,1.471441e-11
2.641549e+01,5.294206e-11,1.533020e-09,1.533020e-11
2.641837e+01,5.425226e-11,1.594294e-09,1.594294e-11
2.642126e+01,5.565582e-11,1.649963e-09,1.649963e-11
2.642415e+01,5.700775e-11,1.696042e-09,1.696042e-11
2.642704e+01,5.813869e-11,1.729914e-09,1.729914e-11
2.642993e+01,5.899943e-11,1.750416e-09,1.750416e-11
2.643281e+01,5.961696e-11,1.757755e-09,1.757755e-11
2.643570e+01,5.996177e-11,1.753356e-09,1.753356e-11
2.643859e+01,5.998991e-11,1.739607e-09,1.739607e-11
2.644148e+01,5.977394e-11,1.719538e-09,1.719538e-11
2.644437e+01,5.946025e-11,1.696296e-09,1.696296e-11
2.644725e+01,5.912164e-11,1.672618e-09,1.672618e-11
2.645014e+01,5.876529e-11,1.650436e-09,1.650436e-11
2.645303e+01,5.845677e-11,1.630750e-09,1.630750e-11
2.645592e+01,5.830112e-11,1.613704e-09,1.613704e-11
2.645880e+01,5.830080e-11,1.598793e-09,1.598793e-11
2.646169e+01,5.836635e-11,1.585186e-09,1.585186e-11
2.646458e+01,5.846485e-11,1.572135e-09,1.572135e-11
2.646747e+01,5.862402e-11,1.559259e-09,1.559259e-11
2.647036e+01,5.880180e-11,1.546736e-09,1.546736e-11
2.647324e+01,5.889896e-11,1.535452e-09,1.535452e-11
2.647613e+01,5.890151e-11,1.527018e-09,1.527018e-11
2.647902e+01,5.887885e-11,1.523469e-09,1.523469e-11
2.648191e+01,5.884854e-11,1.526609e-09,1.526609e-11
2.648480e+01,5.876596e-11,1.537378e-09,1.537378e-11
2.648768e+01,5.864472e-11,1.555524e-09,1.555524e-11
2.649057e+01,5.855982e-11,1.579613e-09,1.579613e-11
2.649346e+01,5.851712e-11,1.607233e-09,1.607233e-11
2.649635e+01,5.843724e-11,1.635479e-09,1.635479e-11
2.649924e+01,5.828324e-11,1.661476e-09,1.661476e-11
2.650212e+01,5.808433e-11,1.682707e-09,1.682707e-11
2.650501e+01,5.781441e-11,1.697112e-09,1.697112e-11
2.650790e+01,5.738025e-11,1.703171e-09,1.703171e-11
2.651079e+01,5.676093e-11,1.699959e-09,1.699959e-11
2.651367e+01,5.602733e-11,1.687162e-09,1.687162e-11
2.651656e+01,5.520529e-11,1.665017e-09,1.665017e-11
2.651945e+01,5.426560e-11,1.634346e-09,1.634346e-11
2.652234e+01,5.325657e-11,1.596675e-09,1.596675e-11
2.652523e+01,5.229979e-11,1.554255e-09,1.554255e-11
2.652811e+01,5.145203e-11,1.509898e-09,1.509898e-11
2.653100e+01,5.069682e-11,1.466743e-09,1.466743e-11
2.653389e+01,5.007034e-11,1.427921e-09,1.427921e-11
2.653678e+01,4.966408e-11,1.396073e-09,1.396073e-11
2.653967e+01,4.949619e-11,1.372895e-09,1.372895e-11
2.654255e+01,4.950662e-11,1.358997e-09,1.358997e-11
2.654544e+01,4.968546e-11,1.354134e-09,1.354134e-11
2.654833e+01,5.008635e-11,1.357571e-09,1.357571e-11
2.655122e+01,5.070044e-11,1.368369e-09,1.368369e-11
2.655411e+01,5.144269e-11,1.385635e-09,1.385635e-11
2.655699e+01,5.228478e-11,1.408657e-09,1.408657e-11
2.655988e+01,5.327116e-11,1.436838e-09,1.436838e-11
2.656277e+01,5.438419e-11,1.469463e-09,1.469463e-11
2.656566e+01,5.552767e-11,1.505596e-09,1.505596e-11
2.656854e+01,5.666371e-11,1.544133e-09,1.544133e-11
2.657143e+01,5.783469e-11,1.583884e-09,1.583884e-11
2.657432e+01,5.902464e-11,1.623583e-09,1.623583e-11
2.657721e+01,6.013289e-11,1.661960e-09,1.661960e-11
2.658010e+01,6.112183e-11,1.697908e-09,1.697908e-11
2.658298e+01,6.205273e-11,1.730645e-09,1.730645e-11
2.658587e+01,6.293438e-11,1.759690e-09,1.759690e-11
2.658876e+01,6.368683e-11,1.784871e-09,1.784871e-11
2.659165e+01,6.430313e-11,1.806469e-09,1.806469e-11
2.659454e+01,6.488775e-11,1.825301e-09,1.825301e-11
2.659742e+01,6.548858e-11,1.842516e-09,1.842516e-11
2.660031e+01,6.605655e-11,1.859453e-09,1.859453e-11
2.660320e+01,6.661096e-11,1.877645e-09,1.877645e-11
2.660609e+01,6.727249e-11,1.898717e-09,1.898717e-11
2.660897e+01,6.808788e-11,1.924115e-09,1.924115e-11
2.661186e+01,6.898901e-11,1.955035e-09,1.955035e-11
2.661475e+01,6.996173e-11,1.992493e-09,1.992493e-11
2.661764e+01,7.108454e-11,2.037334e-09,2.037334e-11
2.662053e+01,7.235967e-11,2.090039e-09,2.090039e-11
2.662341e+01,7.366944e-11,2.150658e-09,2.150658e-11
2.662630e+01,7.494979e-11,2.218864e-09,2.218864e-11
2.662919e+01,7.624886e-11,2.293958e-09,2.293958e-11
2.663208e+01,7.755838e-11,2.374682e-09,2.374682e-11
2.663497e+01,7.875288e-11,2.459216e-09,2.459216e-11
2.663785e+01,7.976463e-11,2.545310e-09,2.545310e-11
2.664074e+01,8.065721e-11,2.630442e-09,2.630442e-11
2.664363e+01,8.145014e-11,2.711829e-09,2.711829e-11
2.664652e+01,8.203731e-11,2.786591e-09,2.786591e-11
2.664941e+01,8.236109e-11,2.852001e-09,2.852001e-11
2.665229e+01,8.250139e-11,2.905791e-09,2.905791e-11
2.665518e+01,8.250708e-11,2.946209e-09,2.946209e-11
2.665807e+01,8.229647e-11,2.972106e-09,2.972106e-11
2.666096e+01,8.182673e-11,2.983098e-09,2.983098e-11
2.666384e+01,8.120838e-11,2.979719e-09,2.979719e-11
2.666673e+01,8.053779e-11,2.963219e-09,2.963219e-11
2.666962e+01,7.977249e-11,2.935427e-09,2.935427e-11
2.667251e+01,7.889128e-11,2.898653e-09,2.898653e-11
2.667540e+01,7.802350e-11,2.855617e-09,2.855617e-11
2.667828e+01,7.728643e-11,2.809070e-09,2.809070e-11
2.668117e+01,7.663566e-11,2.761494e-09,2.761494e-11
2.668406e+01,7.601312e-11,2.714944e-09,2.714944e-11
2.668695e+01,7.550173e-11,2.671051e-09,2.671051e-11
2.668984e+01,7.518258e-11,2.630780e-09,2.630780e-11
2.669272e+01,7.497198e-11,2.594370e-09,2.594370e-11
2.669561e+01,7.475501e-11,2.561497e-09,2.561497e-11
2.669850e+01,7.456222e-11,2.531634e-09,2.531634e-11
2.670139e+01,7.445958e-11,2.504096e-09,2.504096e-11
2.670428e+01,7.436816e-11,2.478123e-09,2.478123e-11
2.670716e+01,7.416607e-11,2.453004e-09,2.453004e-11
2.671005e+01,7.388370e-11,2.428321e-09,2.428321e-11
2.671294e+01,7.362200e-11,2.403791e-09,2.403791e-11
2.671583e+01,7.334834e-11,2.379066e-09,2.379066e-11
2.671871e+01,7.296620e-11,2.353681e-09,2.353681e-11
2.672160e+01,7.252634e-11,2.327258e-09,2.327258e-11
2.672449e+01,7.216234e-11,2.299509e-09,2.299509e-11
2.672738e+01,7.187346e-11,2.270240e-09,2.270240e-11
2.673027e+01,7.157225e-11,2.239594e-09,2.239594e-11
2.673315e+01,7.129887e-11,2.208455e-09,2.208455e-11
2.673604e+01,7.118331e-11,2.178460e-09,2.178460e-11
2.673893e+01,7.123099e-11,2.151668e-09,2.151668e-11
2.674182e+01,7.134566e-11,2.130160e-09,2.130160e-11
2.674471e+01,7.153709e-11,2.115661e-09,2.115661e-11
2.674759e+01,7.191663e-11,2.109039e-09,2.109039e-11
2.675048e+01,7.249276e-11,2.109846e-09,2.109846e-11
2.675337e+01,7.315751e-11,2.116422e-09,2.116422e-11
2.675626e+01,7.388694e-11,2.126460e-09,2.126460e-11
2.675914e+01,7.476649e-11,2.137593e-09,2.137593e-11
2.676203e+01,7.579535e-11,2.147685e-09,2.147685e-11
2.676492e+01,7.685234e-11,2.155182e-09,2.155182e-11
2.676781e+01,7.788379e-11,2.159401e-09,2.159401e-11
2.677070e+01,7.894765e-11,2.160552e-09,2.160552e-11
2.677358e+01,8.004135e-11,2.159447e-09,2.159447e-11
2.677647e+01,8.105149e-11,2.157333e-09,2.157333e-11
2.677936e+01,8.191535e-11,2.155776e-09,2.155776e-11
2.678225e+01,8.268625e-11,2.156476e-09,2.156476e-11
2.678514e+01,8.338708e-11,2.160857e-09,2.160857e-11
2.678802e+01,8.393404e-11,2.169782e-09,2.169782e-11
2.679091e+01,8.427754e-11,2.183424e-09,2.183424e-11
2.679380e+01,8.449358e-11,2.201393e-09,2.201393e-11
2.679669e+01,8.465075e-11,2.222815e-09,2.222815e-11
2.679958e+01,8.471096e-11,2.246588e-09,2.246588e-11
2.680246e+01,8.465654e-11,2.271775e-09,2.271775e-11
2.680535e+01,8.459416e-11,2.297955e-09,2.297955e-11
2.680824e+01,8.462972e-11,2.325205e-09,2.325205e-11
2.681113e+01,8.475701e-11,2.354055e-09,2.354055e-11
2.681401e+01,8.497152e-11,2.385513e-09,2.385513e-11
2.681690e+01,8.537523e-11,2.421172e-09,2.421172e-11
2.681979e+01,8.606745e-11,2.463175e-09,2.463175e-11
2.682268e+01,8.703466e-11,2.514140e-09,2.514140e-11
2.682557e+01,8.824658e-11,2.576954e-09,2.576954e-11
2.682845e+01,8.976413e-11,2.654394e-09,2.654394e-11
2.683134e+01,9.164423e-11,2.748441e-09,2.748441e-11
2.683423e+01,9.382772e-11,2.859754e-09,2.859754e-11
2.683712e+01,9.622325e-11,2.987482e-09,2.987482e-11
2.684001e+01,9.881306e-11,3.129362e-09,3.129362e-11
2.684289e+01,1.015730e-10,3.281892e-09,3.281892e-11
2.684578e+01,1.043714e-10,3.440618e-09,3.440618e-11
2.684867e+01,1.070488e-10,3.600429e-09,3.600429e-11
2.685156e+01,1.095283e-10,3.755862e-09,3.755862e-11
2.685445e+01,1.117614e-10,3.901375e-09,3.901375e-11
2.685733e+01,1.136404e-10,4.031683e-09,4.031683e-11
2.686022e+01,1.150605e-10,4.142063e-09,4.142063e-11
2.686311e+01,1.160217e-10,4.228638e-09,4.228638e-11
2.686600e+01,1.165819e-10,4.288553e-09,4.288553e-11
2.686888e+01,1.167538e-10,4.320093e-09,4.320093e-11
2.687177e+01,1.165363e-10,4.322825e-09,4.322825e-11
2.687466e+01,1.160056e-10,4.297755e-09,4.297755e-11
2.687755e+01,1.152675e-10,4.247371e-09,4.247371e-11
2.688044e+01,1.143534e-10,4.175588e-09,4.175588e-11
2.688332e+01,1.132561e-10,4.087573e-09,4.087573e-11
2.688621e+01,1.120292e-10,3.989393e-09,3.989393e-11
2.688910e+01,1.107548e-10,3.887437e-09,3.887437e-11
2.689199e+01,1.094522e-10,3.787714e-09,3.787714e-11
2.689488e+01,1.081158e-10,3.695181e-09,3.695181e-11
2.689776e+01,1.068089e-10,3.613228e-09,3.613228e-11
2.690065e+01,1.056281e-10,3.543410e-09,3.543410e-11
2.690354e+01,1.046048e-10,3.485496e-09,3.485496e-11
2.690643e+01,1.037238e-10,3.437859e-09,3.437859e-11
2.690931e+01,1.030095e-10,3.398068e-09,3.398068e-11
2.691220e+01,1.025003e-10,3.363475e-09,3.363475e-11
2.691509e+01,1.021534e-10,3.331670e-09,3.331670e-11
2.691798e+01,1.018662e-10,3.300736e-09,3.300736e-11
2.692087e+01,1.015791e-10,3.269355e-09,3.269355e-11
2.692375e+01,1.012678e-10,3.236742e-09,3.236742e-11
2.692664e+01,1.008544e-10,3.202507e-09,3.202507e-11
2.692953e+01,1.002299e-10,3.166515e-09,3.166515e-11
2.693242e+01,9.935922e-11,3.128785e-09,3.128785e-11
2.693531e+01,9.827147e-11,3.089362e-09,3.089362e-11
2.693819e+01,9.695710e-11,3.048217e-09,3.048217e-11
2.694108e+01,9.537931e-11,3.005228e-09,3.005228e-11
2.694397e+01,9.357919e-11,2.960243e-09,2.960243e-11
2.694686e+01,9.166074e-11,2.913172e-09,2.913172e-11
2.694975e+01,8.967413e-11,2.864065e-09,2.864065e-11
2.695263e+01,8.762051e-11,2.813193e-09,2.813193e-11
2.695552e+01,8.556455e-11,2.761122e-09,2.761122e-11
2.695841e+01,8.362192e-11,2.708675e-09,2.708675e-11
2.696130e+01,8.183191e-11,2.656750e-09,2.656750e-11
2.696418e+01,8.015701e-11,2.606131e-09,2.606131e-11
2.696707e+01,7.861120e-11,2.557386e-09,2.557386e-11
2.696996e+01,7.725765e-11,2.510751e-09,2.510751e-11
2.697285e+01,7.607991e-11,2.466096e-09,2.466096e-11
2.697574e+01,7.499304e-11,2.423171e-09,2.423171e-11
2.697862e+01,7.398279e-11,2.382001e-09,2.382001e-11
2.698151e+01,7.311292e-11,2.343162e-09,2.343162e-11
2.698440e+01,7.239844e-11,2.307826e-09,2.307826e-11
2.698729e+01,7.179877e-11,2.277638e-09,2.277638e-11
2.699018e+01,7.134604e-11,2.254409e-09,2.254409e-11
2.699306e+01,7.115216e-11,2.239618e-09,2.239618e-11
2.699595e+01,7.126615e-11,2.233931e-09,2.233931e-11
2.699884e+01,7.163538e-11,2.237010e-09,2.237010e-11
2.700173e+01,7.222959e-11,2.247565e-09,2.247565e-11
2.700462e+01,7.308069e-11,2.263553e-09,2.263553e-11
2.700750e+01,7.414988e-11,2.282323e-09,2.282323e-11
2.701039e+01,7.527770e-11,2.300854e-09,2.300854e-11
2.701328e+01,7.633501e-11,2.316091e-09,2.316091e-11
2.701617e+01,7.730673e-11,2.325310e-09,2.325310e-11
2.701905e+01,7.816247e-11,2.326312e-09,2.326312e-11
2.702194e+01,7.878399e-11,2.317687e-09,2.317687e-11
2.702483e+01,7.910932e-11,2.299045e-09,2.299045e-11
2.702772e+01,7.922126e-11,2.271131e-09,2.271131e-11
2.703061e+01,7.920171e-11,2.235590e-09,2.235590e-11
2.703349e+01,7.902086e-11,2.194707e-09,2.194707e-11
2.703638e+01,7.866349e-11,2.151188e-09,2.151188e-11
2.703927e+01,7.823411e-11,2.107974e-09,2.107974e-11
2.704216e+01,7.781901e-11,2.067764e-09,2.067764e-11
2.704505e+01,7.736070e-11,2.032650e-09,2.032650e-11
2.704793e+01,7.679200e-11,2.004000e-09,2.004000e-11
2.705082e+01,7.617550e-11,1.982546e-09,1.982546e-11
2.705371e+01,7.557961e-11,1.968302e-09,1.968302e-11
2.705660e+01,7.493940e-11,1.960691e-09,1.960691e-11
2.705948e+01,7.418132e-11,1.958853e-09,1.958853e-11
2.706237e+01,7.337569e-11,1.962061e-09,1.962061e-11
2.706526e+01,7.262178e-11,1.969721e-09,1.969721e-11
2.706815e+01,7.188378e-11,1.981327e-09,1.981327e-11
2.707104e+01,7.109336e-11,1.996456e-09,1.996456e-11
2.707392e+01,7.031618e-11,2.014892e-09,2.014892e-11
2.707681e+01,6.965639e-11,2.036427e-09,2.036427e-11
2.707970e+01,6.908106e-11,2.060742e-09,2.060742e-11
2.708259e+01,6.850493e-11,2.087503e-09,2.087503e-11
2.708548e+01,6.797548e-11,2.116636e-09,2.116636e-11
2.708836e+01,6.759824e-11,2.148197e-09,2.148197e-11
2.709125e+01,6.734648e-11,2.182173e-09,2.182173e-11
2.709414e+01,6.712781e-11,2.218401e-09,2.218401e-11
2.709703e+01,6.697747e-11,2.256675e-09,2.256675e-11
2.709992e+01,6.699786e-11,2.296636e-09,2.296636e-11
2.710280e+01,6.716080e-11,2.337675e-09,2.337675e-11
2.710569e+01,6.736004e-11,2.379045e-09,2.379045e-11
2.710858e+01,6.761427e-11,2.420200e-09,2.420200e-11
2.711147e+01,6.802970e-11,2.460896e-09,2.460896e-11
2.711435e+01,6.859876e-11,2.501124e-09,2.501124e-11
2.711724e+01,6.922766e-11,2.541198e-09,2.541198e-11
2.712013e+01,6.994027e-11,2.581947e-09,2.581947e-11
2.712302e+01,7.085853e-11,2.624618e-09,2.624618e-11
2.712591e+01,7.199027e-11,2.670591e-09,2.670591e-11
2.712879e+01,7.322858e-11,2.721258e-09,2.721258e-11
2.713168e+01,7.456110e-11,2.778061e-09,2.778061e-11
2.713457e+01,7.607936e-11,2.842357e-09,2.842357e-11
2.713746e+01,7.776565e-11,2.915141e-09,2.915141e-11
2.714035e+01,7.948277e-11,2.996968e-09,2.996968e-11
2.714323e+01,8.119540e-11,3.088033e-09,3.088033e-11
2.714612e+01,8.299547e-11,3.188112e-09,3.188112e-11
2.714901e+01,8.488779e-11,3.296325e-09,3.296325e-11
2.715190e+01,8.675425e-11,3.411095e-09,3.411095e-11
2.715479e+01,8.856353e-11,3.530282e-09,3.530282e-11
2.715767e+01,9.041019e-11,3.651299e-09,3.651299e-11
2.716056e+01,9.229757e-11,3.771143e-09,3.771143e-11
2.716345e+01,9.408252e-11,3.886626e-09,3.886626e-11
2.716634e+01,9.569199e-11,3.994714e-09,3.994714e-11
2.716922e+01,9.719282e-11,4.092788e-09,4.092788e-11
2.717211e+01,9.858697e-11,4.178691e-09,4.178691e-11
2.717500e+01,9.974899e-11,4.250836e-09,4.250836e-11
2.717789e+01,1.006387e-10,4.308300e-09,4.308300e-11
2.718078e+01,1.013783e-10,4.350819e-09,4.350819e-11
2.718366e+01,1.020459e-10,4.378610e-09,4.378610e-11
2.718655e+01,1.025886e-10,4.392267e-09,4.392267e-11
2.718944e+01,1.030102e-10,4.392704e-09,4.392704e-11
2.719233e+01,1.034437e-10,4.381131e-09,4.381131e-11
2.719522e+01,1.039572e-10,4.358919e-09,4.358919e-11
2.719810e+01,1.044654e-10,4.327518e-09,4.327518e-11
2.720099e+01,1.049096e-10,4.288436e-09,4.288436e-11
2.720388e+01,1.053520e-10,4.243229e-09,4.243229e-11
2.720677e+01,1.058092e-10,4.193325e-09,4.193325e-11
2.720966e+01,1.061659e-10,4.139930e-09,4.139930e-11
2.721254e+01,1.063488e-10,4.084031e-09,4.084031e-11
2.721543e+01,1.064250e-10,4.026447e-09,4.026447e-11
2.721832e+01,1.064450e-10,3.967738e-09,3.967738e-11
2.722121e+01,1.063438e-10,3.908183e-09,3.908183e-11
2.722409e+01,1.060873e-10,3.847819e-09,3.847819e-11
2.722698e+01,1.057695e-10,3.786529e-09,3.786529e-11
2.722987e+01,1.054654e-10,3.724021e-09,3.724021e-11
2.723276e+01,1.051252e-10,3.659930e-09,3.659930e-11
2.723565e+01,1.047050e-10,3.593982e-09,3.593982e-11
2.723853e+01,1.042654e-10,3.526114e-09,3.526114e-11
2.724142e+01,1.038469e-10,3.456440e-09,3.456440e-11
2.724431e+01,1.033655e-10,3.385158e-09,3.385158e-11
2.724720e+01,1.027282e-10,3.312372e-09,3.312372e-11
2.725009e+01,1.019424e-10,3.237921e-09,3.237921e-11
2.725297e+01,1.010098e-10,3.161176e-09,3.161176e-11
2.725586e+01,9.982347e-11,3.081007e-09,3.081007e-11
2.725875e+01,9.828268e-11,2.995960e-09,2.995960e-11
2.726164e+01,9.641024e-11,2.904641e-09,2.904641e-11
2.726452e+01,9.425005e-11,2.806042e-09,2.806042e-11
2.726741e+01,9.176122e-11,2.699873e-09,2.699873e-11
2.727030e+01,8.892273e-11,2.586753e-09,2.586753e-11
2.727319e+01,8.583389e-11,2.468252e-09,2.468252e-11
2.727608e+01,8.260771e-11,2.346625e-09,2.346625e-11
2.727896e+01,7.926222e-11,2.224441e-09,2.224441e-11
2.728185e+01,7.581001e-11,2.104167e-09,2.104167e-11
2.728474e+01,7.235466e-11,1.987864e-09,1.987864e-11
2.728763e+01,6.900272e-11,1.877000e-09,1.877000e-11
2.729052e+01,6.576863e-11,1.772574e-09,1.772574e-11
2.729340e+01,6.266101e-11,1.675472e-09,1.675472e-11
2.729629e+01,5.978502e-11,1.586978e-09,1.586978e-11
2.729918e+01,5.726236e-11,1.509073e-09,1.509073e-11
2.730207e+01,5.512855e-11,1.444445e-09,1.444445e-11
2.730496e+01,5.340294e-11,1.396093e-09,1.396093e-11
2.730784e+01,5.217628e-11,1.366599e-09,1.366599e-11
2.731073e+01,5.152693e-11,1.357082e-09,1.357082e-11
2.731362e+01,5.141317e-11,1.366352e-09,1.366352e-11
2.731651e+01,5.174136e-11,1.390725e-09,1.390725e-11
2.731939e+01,5.246842e-11,1.424724e-09,1.424724e-11
2.732228e+01,5.354177e-11,1.462229e-09,1.462229e-11
2.732517e+01,5.481186e-11,1.497793e-09,1.497793e-11
2.732806e+01,5.610853e-11,1.527808e-09,1.527808e-11
2.733095e+01,5.735667e-11,1.551250e-09,1.551250e-11
2.733383e+01,5.852792e-11,1.569567e-09,1.569567e-11
2.733672e+01,5.954357e-11,1.585952e-09,1.585952e-11
2.733961e+01,6.032967e-11,1.604201e-09,1.604201e-11
2.734250e+01,6.091425e-11,1.627521e-09,1.627521e-11
2.734539e+01,6.137365e-11,1.657654e-09,1.657654e-11
2.734827e+01,6.172530e-11,1.694715e-09,1.694715e-11
2.735116e+01,6.196254e-11,1.737685e-09,1.737685e-11
2.735405e+01,6.214942e-11,1.785216e-09,1.785216e-11
2.735694e+01,6.238117e-11,1.836184e-09,1.836184e-11
2.735983e+01,6.268197e-11,1.889933e-09,1.889933e-11
2.736271e+01,6.303090e-11,1.946321e-09,1.946321e-11
2.736560e+01,6.345796e-11,2.005649e-09,2.005649e-11
2.736849e+01,6.402386e-11,2.068450e-09,2.068450e-11
2.737138e+01,6.471723e-11,2.135200e-09,2.135200e-11
2.737426e+01,6.546183e-11,2.206080e-09,2.206080e-11
2.737715e+01,6.622320e-11,2.280800e-09,2.280800e-11
2.738004e+01,6.701208e-11,2.358478e-09,2.358478e-11
2.738293e+01,6.778304e-11,2.437626e-09,2.437626e-11
2.738582e+01,6.843439e-11,2.516397e-09,2.516397e-11
2.738870e+01,6.892399e-11,2.592999e-09,2.592999e-11
2.739159e+01,6.928789e-11,2.666090e-09,2.666090e-11
2.739448e+01,6.953493e-11,2.734995e-09,2.734995e-11
2.739737e+01,6.962975e-11,2.799776e-09,2.799776e-11
2.740026e+01,6.959689e-11,2.861133e-09,2.861133e-11
2.740314e+01,6.953947e-11,2.920146e-09,2.920146e-11
2.740603e+01,6.952886e-11,2.977889e-09,2.977889e-11
2.740892e+01,6.957019e-11,3.035179e-09,3.035179e-11
2.741181e+01,6.970382e-11,3.092486e-09,3.092486e-11
2.741469e+01,7.003777e-11,3.149980e-09,3.149980e-11
2.741758e+01,7.064053e-11,3.207572e-09,3.207572e-11
2.742047e+01,7.149671e-11,3.265014e-09,3.265014e-11
2.742336e+01,7.260864e-11,3.322023e-09,3.322023e-11
2.742625e+01,7.404351e-11,3.378386e-09,3.378386e-11
2.742913e+01,7.582422e-11,3.433937e-09,3.433937e-11
2.743202e+01,7.786946e-11,3.488537e-09,3.488537e-11
2.743491e+01,8.009536e-11,3.542094e-09,3.542094e-11
2.743780e+01,8.247842e-11,3.594527e-09,3.594527e-11
2.744069e+01,8.496189e-11,3.645551e-09,3.645551e-11
2.744357e+01,8.739539e-11,3.694546e-09,3.694546e-11
2.744646e+01,8.963607e-11,3.740594e-09,3.740594e-11
2.744935e+01,9.163634e-11,3.782703e-09,3.782703e-11
2.745224e+01,9.336958e-11,3.820026e-09,3.820026e-11
2.745513e+01,9.475032e-11,3.852058e-09,3.852058e-11
2.745801e+01,9.571697e-11,3.878727e-09,3.878727e-11
2.746090e+01,9.632549e-11,3.900320e-09,3.900320e-11
2.746379e+01,9.666781e-11,3.917141e-09,3.917141e-11
2.746668e+01,9.675891e-11,3.929235e-09,3.929235e-11
2.746956e+01,9.659882e-11,3.936354e-09,3.936354e-11
2.747245e+01,9.627913e-11,3.938183e-09,3.938183e-11
2.747534e+01,9.590927e-11,3.934561e-09,3.934561e-11
2.747823e+01,9.549233e-11,3.925686e-09,3.925686e-11
2.748112e+01,9.499005e-11,3.912232e-09,3.912232e-11
2.748400e+01,9.446055e-11,3.895374e-09,3.895374e-11
2.748689e+01,9.401011e-11,3.876637e-09,3.876637e-11
2.748978e+01,9.365464e-11,3.857727e-09,3.857727e-11
2.749267e+01,9.336966e-11,3.840536e-09,3.840536e-11
2.749556e+01,9.324518e-11,3.827347e-09,3.827347e-11
2.749844e+01,9.344156e-11,3.820950e-09,3.820950e-11
2.750133e+01,9.401670e-11,3.824606e-09,3.824606e-11
2.750422e+01,9.495135e-11,3.841962e-09,3.841962e-11
2.750711e+01,9.631104e-11,3.876861e-09,3.876861e-11
2.751000e+01,9.820865e-11,3.932796e-09,3.932796e-11
2.751288e+01,1.006215e-10,4.012129e-09,4.012129e-11
2.751577e+01,1.034112e-10,4.115443e-09,4.115443e-11
2.751866e+01,1.065087e-10,4.241175e-09,4.241175e-11
2.752155e+01,1.099029e-10,4.385423e-09,4.385423e-11
2.752443e+01,1.134626e-10,4.542019e-09,4.542019e-11
2.752732e+01,1.169532e-10,4.703047e-09,4.703047e-11
2.753021e+01,1.202345e-10,4.859627e-09,4.859627e-11
2.753310e+01,1.232719e-10,5.002640e-09,5.002640e-11
2.753599e+01,1.259531e-10,5.123347e-09,5.123347e-11
2.753887e+01,1.280789e-10,5.213992e-09,5.213992e-11
2.754176e+01,1.295577e-10,5.268351e-09,5.268351e-11
2.754465e+01,1.304365e-10,5.282097e-09,5.282097e-11
2.754754e+01,1.307067e-10,5.252917e-09,5.252917e-11
2.755043e+01,1.302598e-10,5.180590e-09,5.180590e-11
2.755331e+01,1.290844e-10,5.067026e-09,5.067026e-11
2.755620e+01,1.273147e-10,4.916131e-09,4.916131e-11
2.755909e+01,1.250275e-10,4.733429e-09,4.733429e-11
2.756198e+01,1.221806e-10,4.525676e-09,4.525676e-11
2.756486e+01,1.188092e-10,4.300466e-09,4.300466e-11
2.756775e+01,1.150898e-10,4.065765e-09,4.065765e-11
2.757064e+01,1.111426e-10,3.829289e-09,3.829289e-11
2.757353e+01,1.069556e-10,3.598000e-09,3.598000e-11
2.757642e+01,1.025773e-10,3.377736e-09,3.377736e-11
2.757930e+01,9.819776e-11,3.172972e-09,3.172972e-11
2.758219e+01,9.395709e-11,2.986574e-09,2.986574e-11
2.758508e+01,8.985228e-11,2.819814e-09,2.819814e-11
2.758797e+01,8.591587e-11,2.672630e-09,2.672630e-11
2.759086e+01,8.231135e-11,2.544096e-09,2.544096e-11
2.759374e+01,7.914941e-11,2.432708e-09,2.432708e-11
2.759663e+01,7.637416e-11,2.336658e-09,2.336658e-11
2.759952e+01,7.393113e-11,2.254078e-09,2.254078e-11
2.760241e+01,7.188474e-11,2.183243e-09,2.183243e-11
2.760530e+01,7.025910e-11,2.122424e-09,2.122424e-11
2.760818e+01,6.892000e-11,2.069849e-09,2.069849e-11
2.761107e+01,6.773771e-11,2.023813e-09,2.023813e-11
2.761396e+01,6.672532e-11,1.983013e-09,1.983013e-11
2.761685e+01,6.590171e-11,1.946637e-09,1.946637e-11
2.761973e+01,6.516269e-11,1.914480e-09,1.914480e-11
2.762262e+01,6.442201e-11,1.886974e-09,1.886974e-11
2.762551e+01,6.374916e-11,1.865175e-09,1.865175e-11
2.762840e+01,6.322990e-11,1.850311e-09,1.850311e-11
2.763129e+01,6.282073e-11,1.843360e-09,1.843360e-11
2.763417e+01,6.247760e-11,1.844785e-09,1.844785e-11
2.763706e+01,6.228913e-11,1.854469e-09,1.854469e-11
2.763995e+01,6.234249e-11,1.871577e-09,1.871577e-11
2.764284e+01,6.258819e-11,1.894695e-09,1.894695e-11
2.764573e+01,6.296388e-11,1.922134e-09,1.922134e-11
2.764861e+01,6.352199e-11,1.952251e-09,1.952251e-11
2.765150e+01,6.431168e-11,1.983487e-09,1.983487e-11
2.765439e+01,6.525607e-11,2.014426e-09,2.014426e-11
2.765728e+01,6.626025e-11,2.043802e-09,2.043802e-11
2.766017e+01,6.732852e-11,2.070495e-09,2.070495e-11
2.766305e+01,6.846784e-11,2.093417e-09,2.093417e-11
2.766594e+01,6.957675e-11,2.111539e-09,2.111539e-11
2.766883e+01,7.054029e-11,2.123985e-09,2.123985e-11
2.767172e+01,7.134822e-11,2.130220e-09,2.130220e-11
2.767460e+01,7.201335e-11,2.130095e-09,2.130095e-11
2.767749e+01,7.246422e-11,2.123865e-09,2.123865e-11
2.768038e+01,7.262998e-11,2.112096e-09,2.112096e-11
2.768327e+01,7.254738e-11,2.095538e-09,2.095538e-11
2.768616e+01,7.228149e-11,2.074878e-09,2.074878e-11
2.768904e+01,7.181618e-11,2.050599e-09,2.050599e-11
2.769193e+01,7.112179e-11,2.022928e-09,2.022928e-11
2.769482e+01,7.026210e-11,1.991986e-09,1.991986e-11
2.769771e+01,6.932469e-11,1.957922e-09,1.957922e-11
2.770060e+01,6.830851e-11,1.921036e-09,1.921036e-11
2.770348e+01,6.719041e-11,1.881905e-09,1.881905e-11
2.770637e+01,6.603662e-11,1.841491e-09,1.841491e-11
2.770926e+01,6.493719e-11,1.801028e-09,1.801028e-11
2.771215e+01,6.389227e-11,1.761853e-09,1.761853e-11
2.771503e+01,6.287362e-11,1.725257e-09,1.725257e-11
2.771792e+01,6.193433e-11,1.692420e-09,1.692420e-11
2.772081e+01,6.114154e-11,1.664284e-09,1.664284e-11
2.772370e+01,6.046534e-11,1.641535e-09,1.641535e-11
2.772659e+01,5.984610e-11,1.624635e-09,1.624635e-11
2.772947e+01,5.930578e-11,1.613898e-09,1.613898e-11
2.773236e+01,5.888530e-11,1.609479e-09,1.609479e-11
2.773525e+01,5.853704e-11,1.611354e-09,1.611354e-11
2.773814e+01,5.819088e-11,1.619280e-09,1.619280e-11
2.774103e+01,5.786743e-11,1.632800e-09,1.632800e-11
2.774391e+01,5.761445e-11,1.651099e-09,1.651099e-11
2.774680e+01,5.738969e-11,1.672948e-09,1.672948e-11
2.774969e+01,5.711991e-11,1.696772e-09,1.696772e-11
2.775258e+01,5.681923e-11,1.720840e-09,1.720840e-11
2.775547e+01,5.653591e-11,1.743404e-09,1.743404e-11
2.775835e+01,5.623415e-11,1.762901e-09,1.762901e-11
2.776124e+01,5.584771e-11,1.778175e-09,1.778175e-11
2.776413e+01,5.541098e-11,1.788724e-09,1.788724e-11
2.776702e+01,5.501377e-11,1.794755e-09,1.794755e-11
2.776990e+01,5.466892e-11,1.797084e-09,1.797084e-11
2.777279e+01,5.435182e-11,1.796921e-09,1.796921e-11
2.777568e+01,5.412478e-11,1.795674e-09,1.795674e-11
2.777857e+01,5.408939e-11,1.794624e-09,1.794624e-11
2.778146e+01,5.424714e-11,1.794606e-09,1.794606e-11
2.778434e+01,5.452866e-11,1.795866e-09,1.795866e-11
2.778723e+01,5.492855e-11,1.798223e-09,1.798223e-11
2.779012e+01,5.548362e-11,1.801310e-09,1.801310e-11
2.779301e+01,5.614143e-11,1.804859e-09,1.804859e-11
2.779590e+01,5.678765e-11,1.809029e-09,1.809029e-11
2.779878e+01,5.739753e-11,1.814796e-09,1.814796e-11
2.780167e+01,5.802992e-11,1.824032e-09,1.824032e-11
2.780456e+01,5.868204e-11,1.839168e-09,1.839168e-11
2.780745e+01,5.929399e-11,1.862685e-09,1.862685e-11
2.781034e+01,5.989285e-11,1.896590e-09,1.896590e-11
2.781322e+01,6.058714e-11,1.941818e-09,1.941818e-11
2.781611e+01,6.141230e-11,1.997741e-09,1.997741e-11
2.781900e+01,6.231687e-11,2.062254e-09,2.062254e-11
2.782189e+01,6.330673e-11,2.132352e-09,2.132352e-11
2.782477e+01,6.445989e-11,2.204755e-09,2.204755e-11
2.782766e+01,6.578132e-11,2.276338e-09,2.276338e-11
2.783055e+01,6.718053e-11,2.344521e-09,2.344521e-11
2.783344e+01,6.861812e-11,2.407513e-09,2.407513e-11
2.783633e+01,7.014478e-11,2.464304e-09,2.464304e-11
2.783921e+01,7.175901e-11,2.514410e-09,2.514410e-11
2.784210e+01,7.336114e-11,2.557725e-09,2.557725e-11
2.784499e+01,7.489926e-11,2.594496e-09,2.594496e-11
2.784788e+01,7.643005e-11,2.625329e-09,2.625329e-11
2.785077e+01,7.797654e-11,2.651041e-09,2.651041e-11
2.785365e+01,7.945571e-11,2.672648e-09,2.672648e-11
2.785654e+01,8.082235e-11,2.691480e-09,2.691480e-11
2.785943e+01,8.215366e-11,2.709253e-09,2.709253e-11
2.786232e+01,8.350555e-11,2.727783e-09,2.727783e-11
2.786520e+01,8.481417e-11,2.748723e-09,2.748723e-11
2.786809e+01,8.602968e-11,2.773426e-09,2.773426e-11
2.787098e+01,8.721735e-11,2.802835e-09,2.802835e-11
2.787387e+01,8.842139e-11,2.837198e-09,2.837198e-11
2.787676e+01,8.955353e-11,2.875966e-09,2.875966e-11
2.787964e+01,9.052279e-11,2.917959e-09,2.917959e-11
2.788253e+01,9.135728e-11,2.961635e-09,2.961635e-11
2.788542e+01,9.209046e-11,3.005136e-09,3.005136e-11
2.788831e+01,9.264298e-11,3.046376e-09,3.046376e-11
2.789120e+01,9.294027e-11,3.083243e-09,3.083243e-11
2.789408e+01,9.303993e-11,3.113818e-09,3.113818e-11
2.789697e+01,9.302602e-11,3.136297e-09,3.136297e-11
2.789986e+01,9.287529e-11,3.148976e-09,3.148976e-11
2.790275e+01,9.253547e-11,3.150371e-09,3.150371e-11
2.790564e+01,9.205447e-11,3.139385e-09,3.139385e-11
2.790852e+01,9.150690e-11,3.115271e-09,3.115271e-11
2.791141e+01,9.084708e-11,3.077514e-09,3.077514e-11
2.791430e+01,8.996633e-11,3.025772e-09,3.025772e-11
2.791719e+01,8.885195e-11,2.959984e-09,2.959984e-11
2.792007e+01,8.755809e-11,2.880397e-09,2.880397e-11
2.792296e+01,8.605414e-11,2.787640e-09,2.787640e-11
2.792585e+01,8.425579e-11,2.682959e-09,2.682959e-11
2.792874e+01,8.219520e-11,2.568586e-09,2.568586e-11
2.793163e+01,8.000520e-11,2.447818e-09,2.447818e-11
2.793451e+01,7.774528e-11,2.324734e-09,2.324734e-11
2.793740e+01,7.539854e-11,2.203820e-09,2.203820e-11
2.794029e+01,7.303331e-11,2.089663e-09,2.089663e-11
2.794318e+01,7.079671e-11,1.986494e-09,1.986494e-11
2.794607e+01,6.874079e-11,1.897580e-09,1.897580e-11
2.794895e+01,6.681204e-11,1.824879e-09,1.824879e-11
2.795184e+01,6.501183e-11,1.768960e-09,1.768960e-11
2.795473e+01,6.341839e-11,1.728956e-09,1.728956e-11
2.795762e+01,6.203781e-11,1.702564e-09,1.702564e-11
2.796051e+01,6.077755e-11,1.686526e-09,1.686526e-11
2.796339e+01,5.959833e-11,1.677453e-09,1.677453e-11
2.796628e+01,5.855787e-11,1.672443e-09,1.672443e-11
2.796917e+01,5.766890e-11,1.669178e-09,1.669178e-11
2.797206e+01,5.684501e-11,1.665892e-09,1.665892e-11
2.797494e+01,5.603548e-11,1.661263e-09,1.661263e-11
2.797783e+01,5.528540e-11,1.654171e-09,1.654171e-11
2.798072e+01,5.460217e-11,1.643375e-09,1.643375e-11
2.798361e+01,5.389034e-11,1.627538e-09,1.627538e-11
2.798650e+01,5.308168e-11,1.605449e-09,1.605449e-11
2.798938e+01,5.221039e-11,1.576283e-09,1.576283e-11
2.799227e+01,5.129664e-11,1.539681e-09,1.539681e-11
2.799516e+01,5.027558e-11,1.495870e-09,1.495870e-11
2.799805e+01,4.911967e-11,1.445808e-09,1.445808e-11
2.800094e+01,4.791660e-11,1.391309e-09,1.391309e-11
2.800382e+01,4.675391e-11,1.334912e-09,1.334912e-11
2.800671e+01,4.563984e-11,1.279764e-09,1.279764e-11
2.800960e+01,4.460786e-11,1.229482e-09,1.229482e-11
2.801249e+01,4.378943e-11,1.187993e-09,1.187993e-11
2.801538e+01,4.330200e-11,1.159129e-09,1.159129e-11
2.801826e+01,4.316225e-11,1.146288e-09,1.146288e-11
2.802115e+01,4.337793e-11,1.152275e-09,1.152275e-11
2.802404e+01,4.402199e-11,1.179278e-09,1.179278e-11
2.802693e+01,4.513838e-11,1.228631e-09,1.228631e-11
2.802981e+01,4.666310e-11,1.300645e-09,1.300645e-11
2.803270e+01,4.851091e-11,1.394447e-09,1.394447e-11
2.803559e+01,5.066142e-11,1.507889e-09,1.507889e-11
2.803848e+01,5.309200e-11,1.637510e-09,1.637510e-11
2.804137e+01,5.570211e-11,1.778732e-09,1.778732e-11
2.804425e+01,5.839050e-11,1.926217e-09,1.926217e-11
2.804714e+01,6.114620e-11,2.074323e-09,2.074323e-11
2.805003e+01,6.397920e-11,2.217450e-09,2.217450e-11
2.805292e+01,6.682955e-11,2.350359e-09,2.350359e-11
2.805581e+01,6.963219e-11,2.468459e-09,2.468459e-11
2.805869e+01,7.240093e-11,2.568075e-09,2.568075e-11
2.806158e+01,7.515618e-11,2.646596e-09,2.646596e-11
2.806447e+01,7.783129e-11,2.702609e-09,2.702609e-11
2.806736e+01,8.033885e-11,2.735971e-09,2.735971e-11
2.807024e+01,8.266822e-11,2.747835e-09,2.747835e-11
2.807313e+01,8.482443e-11,2.740533e-09,2.740533e-11
2.807602e+01,8.673760e-11,2.717397e-09,2.717397e-11
2.807891e+01,8.833348e-11,2.682503e-09,2.682503e-11
2.808180e+01,8.963542e-11,2.640381e-09,2.640381e-11
2.808468e+01,9.070280e-11,2.595601e-09,2.595601e-11
2.808757e+01,9.153135e-11,2.552356e-09,2.552356e-11
2.809046e+01,9.211391e-11,2.514097e-09,2.514097e-11
2.809335e+01,9.253614e-11,2.483246e-09,2.483246e-11
2.809624e+01,9.290843e-11,2.461039e-09,2.461039e-11
2.809912e+01,9.325636e-11,2.447598e-09,2.447598e-11
2.810201e+01,9.357671e-11,2.442236e-09,2.442236e-11
2.810490e+01,9.393663e-11,2.443924e-09,2.443924e-11
2.810779e+01,9.440488e-11,2.451696e-09,2.451696e-11
2.811068e+01,9.494107e-11,2.464930e-09,2.464930e-11
2.811356e+01,9.545837e-11,2.483406e-09,2.483406e-11
2.811645e+01,9.593910e-11,2.507158e-09,2.507158e-11
2.811934e+01,9.637863e-11,2.536112e-09,2.536112e-11
2.812223e+01,9.667682e-11,2.569722e-09,2.569722e-11
2.812511e+01,9.670633e-11,2.606704e-09,2.606704e-11
2.812800e+01,9.644043e-11,2.644989e-09,2.644989e-11
2.813089e+01,9.590485e-11,2.681822e-09,2.681822e-11
2.813378e+01,9.505523e-11,2.713993e-09,2.713993e-11
2.813667e+01,9.382678e-11,2.738145e-09,2.738145e-11
2.813955e+01,9.226383e-11,2.751155e-09,2.751155e-11
2.814244e+01,9.046790e-11,2.750402e-09,2.750402e-11
2.814533e+01,8.845486e-11,2.734027e-09,2.734027e-11
2.814822e+01,8.619342e-11,2.701124e-09,2.701124e-11
2.815111e+01,8.374566e-11,2.651927e-09,2.651927e-11
2.815399e+01,8.122909e-11,2.587823e-09,2.587823e-11
2.815688e+01,7.866826e-11,2.511236e-09,2.511236e-11
2.815977e+01,7.603012e-11,2.425419e-09,2.425419e-11
2.816266e+01,7.338617e-11,2.334289e-09,2.334289e-11
2.816555e+01,7.088689e-11,2.242130e-09,2.242130e-11
2.816843e+01,6.859335e-11,2.153225e-09,2.153225e-11
2.817132e+01,6.649400e-11,2.071590e-09,2.071590e-11
2.817421e+01,6.467320e-11,2.000942e-09,2.000942e-11
2.817710e+01,6.329164e-11,1.944615e-09,1.944615e-11
2.817998e+01,6.239598e-11,1.905459e-09,1.905459e-11
2.818287e+01,6.191808e-11,1.885817e-09,1.885817e-11
2.818576e+01,6.186016e-11,1.887578e-09,1.887578e-11
2.818865e+01,6.229525e-11,1.911963e-09,1.911963e-11
2.819154e+01,6.317710e-11,1.958981e-09,1.958981e-11
2.819442e+01,6.433488e-11,2.027028e-09,2.027028e-11
2.819731e+01,6.567262e-11,2.112812e-09,2.112812e-11
2.820020e+01,6.719436e-11,2.211472e-09,2.211472e-11
2.820309e+01,6.881675e-11,2.316796e-09,2.316796e-11
2.820598e+01,7.034476e-11,2.421817e-09,2.421817e-11
2.820886e+01,7.167358e-11,2.519596e-09,2.519596e-11
2.821175e+01,7.283720e-11,2.603846e-09,2.603846e-11
2.821464e+01,7.381088e-11,2.669215e-09,2.669215e-11
2.821753e+01,7.445724e-11,2.711614e-09,2.711614e-11
2.822041e+01,7.472885e-11,2.728524e-09,2.728524e-11
2.822330e+01,7.473304e-11,2.719124e-09,2.719124e-11
2.822619e+01,7.452315e-11,2.684069e-09,2.684069e-11
2.822908e+01,7.401807e-11,2.625338e-09,2.625338e-11
2.823197e+01,7.320401e-11,2.546157e-09,2.546157e-11
2.823485e+01,7.221341e-11,2.450853e-09,2.450853e-11
2.823774e+01,7.112191e-11,2.344343e-09,2.344343e-11
2.824063e+01,6.986010e-11,2.231739e-09,2.231739e-11
2.824352e+01,6.840832e-11,2.118121e-09,2.118121e-11
2.824641e+01,6.689234e-11,2.008332e-09,2.008332e-11
2.824929e+01,6.539953e-11,1.906435e-09,1.906435e-11
2.825218e+01,6.387978e-11,1.815356e-09,1.815356e-11
2.825507e+01,6.232027e-11,1.736832e-09,1.736832e-11
2.825796e+01,6.084979e-11,1.671609e-09,1.671609e-11
2.826085e+01,5.957072e-11,1.619263e-09,1.619263e-11
2.826373e+01,5.844118e-11,1.578308e-09,1.578308e-11
2.826662e+01,5.742893e-11,1.546687e-09,1.546687e-11
2.826951e+01,5.662961e-11,1.522412e-09,1.522412e-11
2.827240e+01,5.611734e-11,1.503579e-09,1.503579e-11
2.827528e+01,5.582021e-11,1.488452e-09,1.488452e-11
2.827817e+01,5.565867e-11,1.475730e-09,1.475730e-11
2.828106e+01,5.567898e-11,1.464893e-09,1.464893e-11
2.828395e+01,5.592819e-11,1.455931e-09,1.455931e-11
2.828684e+01,5.631629e-11,1.449096e-09,1.449096e-11
2.828972e+01,5.673582e-11,1.444910e-09,1.444910e-11
2.829261e+01,5.720825e-11,1.444334e-09,1.444334e-11
2.829550e+01,5.777492e-11,1.448307e-09,1.448307e-11
2.829839e+01,5.835082e-11,1.457312e-09,1.457312e-11
2.830128e+01,5.883394e-11,1.471320e-09,1.471320e-11
2.830416e+01,5.925768e-11,1.490057e-09,1.490057e-11
2.830705e+01,5.969208e-11,1.512813e-09,1.512813e-11
2.830994e+01,6.009927e-11,1.538418e-09,1.538418e-11
2.831283e+01,6.042769e-11,1.565610e-09,1.565610e-11
2.831572e+01,6.075483e-11,1.593508e-09,1.593508e-11
2.831860e+01,6.119463e-11,1.621608e-09,1.621608e-11
2.832149e+01,6.174809e-11,1.649741e-09,1.649741e-11
2.832438e+01,6.237875e-11,1.678195e-09,1.678195e-11
2.832727e+01,6.314872e-11,1.707854e-09,1.707854e-11
2.833015e+01,6.414212e-11,1.739892e-09,1.739892e-11
2.833304e+01,6.532138e-11,1.775404e-09,1.775404e-11
2.833593e+01,6.659104e-11,1.815194e-09,1.815194e-11
2.833882e+01,6.794162e-11,1.859685e-09,1.859685e-11
2.834171e+01,6.939842e-11,1.908644e-09,1.908644e-11
2.834459e+01,7.088491e-11,1.961056e-09,1.961056e-11
2.834748e+01,7.227456e-11,2.015360e-09,2.015360e-11
2.835037e+01,7.353793e-11,2.069876e-09,2.069876e-11
2.835326e+01,7.470871e-11,2.123018e-09,2.123018e-11
2.835615e+01,7.574940e-11,2.173497e-09,2.173497e-11
2.835903e+01,7.658704e-11,2.220588e-09,2.220588e-11
2.836192e+01,7.725037e-11,2.264312e-09,2.264312e-11
2.836481e+01,7.784390e-11,2.305364e-09,2.305364e-11
2.836770e+01,7.841038e-11,2.344905e-09,2.344905e-11
2.837058e+01,7.893980e-11,2.384351e-09,2.384351e-11
2.837347e+01,7.949178e-11,2.425179e-09,2.425179e-11
2.837636e+01,8.017962e-11,2.468689e-09,2.468689e-11
2.837925e+01,8.103308e-11,2.515763e-09,2.515763e-11
2.838214e+01,8.199082e-11,2.566808e-09,2.566808e-11
2.838502e+01,8.302794e-11,2.621860e-09,2.621860e-11
2.838791e+01,8.416910e-11,2.680660e-09,2.680660e-11
2.839080e+01,8.536837e-11,2.742693e-09,2.742693e-11
2.839369e+01,8.650276e-11,2.807340e-09,2.807340e-11
2.839658e+01,8.750092e-11,2.874002e-09,2.874002e-11
2.839946e+01,8.837352e-11,2.942124e-09,2.942124e-11
2.840235e+01,8.910731e-11,3.011091e-09,3.011091e-11
2.840524e+01,8.963503e-11,3.080055e-09,3.080055e-11
2.840813e+01,8.993826e-11,3.147724e-09,3.147724e-11
2.841102e+01,9.008354e-11,3.212160e-09,3.212160e-11
2.841390e+01,9.011712e-11,3.270612e-09,3.270612e-11
2.841679e+01,9.001060e-11,3.319581e-09,3.319581e-11
2.841968e+01,8.975285e-11,3.355100e-09,3.355100e-11
2.842257e+01,8.940148e-11,3.373174e-09,3.373174e-11
2.842545e+01,8.898716e-11,3.370242e-09,3.370242e-11
2.842834e+01,8.845577e-11,3.343641e-09,3.343641e-11
2.843123e+01,8.776613e-11,3.291977e-09,3.291977e-11
2.843412e+01,8.695714e-11,3.215387e-09,3.215387e-11
2.843701e+01,8.605633e-11,3.115564e-09,3.115564e-11
2.843989e+01,8.501945e-11,2.995667e-09,2.995667e-11
2.844278e+01,8.382588e-11,2.860131e-09,2.860131e-11
2.844567e+01,8.254269e-11,2.714377e-09,2.714377e-11
2.844856e+01,8.123799e-11,2.564434e-09,2.564434e-11
2.845145e+01,7.991344e-11,2.416542e-09,2.416542e-11
2.845433e+01,7.857931e-11,2.276711e-09,2.276711e-11
2.845722e+01,7.732075e-11,2.150231e-09,2.150231e-11
2.846011e+01,7.621978e-11,2.041081e-09,2.041081e-11
2.846300e+01,7.527501e-11,1.951427e-09,1.951427e-11
2.846589e+01,7.446979e-11,1.881463e-09,1.881463e-11
2.846877e+01,7.385060e-11,1.829753e-09,1.829753e-11
2.847166e+01,7.345500e-11,1.793918e-09,1.793918e-11
2.847455e+01,7.323182e-11,1.771510e-09,1.771510e-11
2.847744e+01,7.311724e-11,1.760694e-09,1.760694e-11
2.848032e+01,7.312221e-11,1.760546e-09,1.760546e-11
2.848321e+01,7.326675e-11,1.770819e-09,1.770819e-11
2.848610e+01,7.349993e-11,1.791441e-09,1.791441e-11
2.848899e+01,7.376832e-11,1.822041e-09,1.822041e-11
2.849188e+01,7.410108e-11,1.861692e-09,1.861692e-11
2.849476e+01,7.454601e-11,1.908778e-09,1.908778e-11
2.849765e+01,7.507512e-11,1.961128e-09,1.961128e-11
2.850054e+01,7.563553e-11,2.016252e-09,2.016252e-11
2.850343e+01,7.624420e-11,2.071554e-09,2.071554e-11
2.850632e+01,7.693886e-11,2.124435e-09,2.124435e-11
2.850920e+01,7.767444e-11,2.172474e-09,2.172474e-11
2.851209e+01,7.837204e-11,2.213659e-09,2.213659e-11
2.851498e+01,7.903652e-11,2.246641e-09,2.246641e-11
2.851787e+01,7.971764e-11,2.270930e-09,2.270930e-11
2.852075e+01,8.039126e-11,2.286995e-09,2.286995e-11
2.852364e+01,8.099697e-11,2.296147e-09,2.296147e-11
2.852653e+01,8.156568e-11,2.300298e-09,2.300298e-11
2.852942e+01,8.217991e-11,2.301573e-09,2.301573e-11
2.853231e+01,8.283084e-11,2.301932e-09,2.301932e-11
2.853519e+01,8.345067e-11,2.302900e-09,2.302900e-11
2.853808e+01,8.405844e-11,2.305541e-09,2.305541e-11
2.854097e+01,8.473150e-11,2.310541e-09,2.310541e-11
2.854386e+01,8.545369e-11,2.318284e-09,2.318284e-11
2.854675e+01,8.614149e-11,2.328927e-09,2.328927e-11
2.854963e+01,8.680653e-11,2.342533e-09,2.342533e-11
2.855252e+01,8.753534e-11,2.359078e-09,2.359078e-11
2.855541e+01,8.831964e-11,2.378319e-09,2.378319e-11
2.855830e+01,8.906686e-11,2.399702e-09,2.399702e-11
2.856119e+01,8.976742e-11,2.422406e-09,2.422406e-11
2.856407e+01,9.048254e-11,2.445296e-09,2.445296e-11
2.856696e+01,9.117389e-11,2.466791e-09,2.466791e-11
2.856985e+01,9.170831e-11,2.484924e-09,2.484924e-11
2.857274e+01,9.203027e-11,2.497604e-09,2.497604e-11
2.857562e+01,9.217480e-11,2.502893e-09,2.502893e-11
2.857851e+01,9.210028e-11,2.499253e-09,2.499253e-11
2.858140e+01,9.167361e-11,2.485821e-09,2.485821e-11
2.858429e+01,9.084874e-11,2.462654e-09,2.462654e-11
2.858718e+01,8.969620e-11,2.430722e-09,2.430722e-11
2.859006e+01,8.822304e-11,2.391578e-09,2.391578e-11
2.859295e+01,8.633994e-11,2.347071e-09,2.347071e-11
2.859584e+01,8.404889e-11,2.299226e-09,2.299226e-11
2.859873e+01,8.148476e-11,2.250149e-09,2.250149e-11
2.860162e+01,7.872885e-11,2.201824e-09,2.201824e-11
2.860450e+01,7.576170e-11,2.156054e-09,2.156054e-11
2.860739e+01,7.264673e-11,2.114514e-09,2.114514e-11
2.861028e+01,6.957819e-11,2.078643e-09,2.078643e-11
2.861317e+01,6.668609e-11,2.049188e-09,2.049188e-11
2.861606e+01,6.396528e-11,2.025996e-09,2.025996e-11
2.861894e+01,6.145192e-11,2.008190e-09,2.008190e-11
2.862183e+01,5.928617e-11,1.994494e-09,1.994494e-11
2.862472e+01,5.752778e-11,1.983312e-09,1.983312e-11
2.862761e+01,5.608026e-11,1.972951e-09,1.972951e-11
2.863049e+01,5.488056e-11,1.961982e-09,1.961982e-11
2.863338e+01,5.399348e-11,1.949520e-09,1.949520e-11
2.863627e+01,5.343703e-11,1.935064e-09,1.935064e-11
2.863916e+01,5.309939e-11,1.918518e-09,1.918518e-11
2.864205e+01,5.292304e-11,1.900443e-09,1.900443e-11
2.864493e+01,5.300032e-11,1.882231e-09,1.882231e-11
2.864782e+01,5.338845e-11,1.865672e-09,1.865672e-11
2.865071e+01,5.399721e-11,1.852543e-09,1.852543e-11
2.865360e+01,5.475843e-11,1.844333e-09,1.844333e-11
2.865649e+01,5.573282e-11,1.841983e-09,1.841983e-11
2.865937e+01,5.693706e-11,1.845317e-09,1.845317e-11
2.866226e+01,5.822777e-11,1.852940e-09,1.852940e-11
2.866515e+01,5.947690e-11,1.862760e-09,1.862760e-11
2.866804e+01,6.071072e-11,1.872809e-09,1.872809e-11
2.867092e+01,6.195515e-11,1.881683e-09,1.881683e-11
2.867381e+01,6.310716e-11,1.889032e-09,1.889032e-11
2.867670e+01,6.409941e-11,1.896024e-09,1.896024e-11
2.867959e+01,6.504259e-11,1.905568e-09,1.905568e-11
2.868248e+01,6.606140e-11,1.921703e-09,1.921703e-11
2.868536e+01,6.713837e-11,1.948885e-09,1.948885e-11
2.868825e+01,6.826336e-11,1.991468e-09,1.991468e-11
2.869114e+01,6.957420e-11,2.053388e-09,2.053388e-11
2.869403e+01,7.119776e-11,2.137556e-09,2.137556e-11
2.869692e+01,7.309418e-11,2.245635e-09,2.245635e-11
2.869980e+01,7.519609e-11,2.378165e-09,2.378165e-11
2.870269e+01,7.756035e-11,2.534759e-09,2.534759e-11
2.870558e+01,8.023755e-11,2.713893e-09,2.713893e-11
2.870847e+01,8.311954e-11,2.912833e-09,2.912833e-11
2.871136e+01,8.605773e-11,3.127709e-09,3.127709e-11
2.871424e+01,8.902787e-11,3.353739e-09,3.353739e-11
2.871713e+01,9.203327e-11,3.585285e-09,3.585285e-11
2.872002e+01,9.494388e-11,3.816068e-09,3.816068e-11
2.872291e+01,9.759453e-11,4.039525e-09,4.039525e-11
2.872579e+01,9.995663e-11,4.249217e-09,4.249217e-11
2.872868e+01,1.020591e-10,4.439070e-09,4.439070e-11
2.873157e+01,1.038246e-10,4.603609e-09,4.603609e-11
2.873446e+01,1.051413e-10,4.738226e-09,4.738226e-11
2.873735e+01,1.060265e-10,4.839446e-09,4.839446e-11
2.874023e+01,1.065648e-10,4.905029e-09,4.905029e-11
2.874312e+01,1.067431e-10,4.934025e-09,4.934025e-11
2.874601e+01,1.064962e-10,4.926838e-09,4.926838e-11
2.874890e+01,1.058655e-10,4.885255e-09,4.885255e-11
2.875179e+01,1.049662e-10,4.812327e-09,4.812327e-11
2.875467e+01,1.038228e-10,4.712161e-09,4.712161e-11
2.875756e+01,1.023897e-10,4.589701e-09,4.589701e-11
2.876045e+01,1.007183e-10,4.450486e-09,4.450486e-11
2.876334e+01,9.894085e-11,4.300316e-09,4.300316e-11
2.876623e+01,9.710477e-11,4.144871e-09,4.144871e-11
2.876911e+01,9.517789e-11,3.989370e-09,3.989370e-11
2.877200e+01,9.320702e-11,3.838339e-09,3.838339e-11
2.877489e+01,9.131634e-11,3.695402e-09,3.695402e-11
2.877778e+01,8.954933e-11,3.563123e-09,3.563123e-11
2.878066e+01,8.785960e-11,3.442985e-09,3.442985e-11
2.878355e+01,8.625938e-11,3.335498e-09,3.335498e-11
2.878644e+01,8.483218e-11,3.240328e-09,3.240328e-11
2.878933e+01,8.358940e-11,3.156396e-09,3.156396e-11
2.879222e+01,8.245083e-11,3.082009e-09,3.082009e-11
2.879510e+01,8.138004e-11,3.014998e-09,3.014998e-11
2.879799e+01,8.041229e-11,2.952844e-09,2.952844e-11
2.880088e+01,7.952593e-11,2.892756e-09,2.892756e-11
2.880377e+01,7.861177e-11,2.831817e-09,2.831817e-11
2.880666e+01,7.760139e-11,2.767167e-09,2.767167e-11
2.880954e+01,7.650777e-11,2.696213e-09,2.696213e-11
2.881243e+01,7.531430e-11,2.616804e-09,2.616804e-11
2.881532e+01,7.393786e-11,2.527466e-09,2.527466e-11
2.881821e+01,7.234120e-11,2.427634e-09,2.427634e-11
2.882109e+01,7.058427e-11,2.317893e-09,2.317893e-11
2.882398e+01,6.872644e-11,2.200105e-09,2.200105e-11
2.882687e+01,6.677155e-11,2.077487e-09,2.077487e-11
2.882976e+01,6.475775e-11,1.954548e-09,1.954548e-11
2.883265e+01,6.281628e-11,1.836905e-09,1.836905e-11
2.883553e+01,6.107504e-11,1.730781e-09,1.730781e-11
2.883842e+01,5.958485e-11,1.642258e-09,1.642258e-11
2.884131e+01,5.840367e-11,1.576330e-09,1.576330e-11
2.884420e+01,5.765573e-11,1.535986e-09,1.535986e-11
2.884709e+01,5.743571e-11,1.521548e-09,1.521548e-11
2.884997e+01,5.773676e-11,1.530753e-09,1.530753e-11
2.885286e+01,5.853251e-11,1.559579e-09,1.559579e-11
2.885575e+01,5.984012e-11,1.603371e-09,1.603371e-11
2.885864e+01,6.163799e-11,1.657669e-09,1.657669e-11
2.886153e+01,6.380636e-11,1.718715e-09,1.718715e-11
2.886441e+01,6.621025e-11,1.783626e-09,1.783626e-11
2.886730e+01,6.877484e-11,1.850356e-09,1.850356e-11
2.887019e+01,7.142739e-11,1.917508e-09,1.917508e-11
2.887308e+01,7.403532e-11,1.984210e-09,1.984210e-11
2.887596e+01,7.647892e-11,2.049981e-09,2.049981e-11
2.887885e+01,7.873427e-11,2.114604e-09,2.114604e-11
2.888174e+01,8.080944e-11,2.177914e-09,2.177914e-11
2.888463e+01,8.266024e-11,2.239655e-09,2.239655e-11
2.888752e+01,8.424900e-11,2.299415e-09,2.299415e-11
2.889040e+01,8.562078e-11,2.356655e-09,2.356655e-11
2.889329e+01,8.683233e-11,2.410750e-09,2.410750e-11
2.889618e+01,8.786226e-11,2.461064e-09,2.461064e-11
2.889907e+01,8.867581e-11,2.507007e-09,2.507007e-11
2.890196e+01,8.931234e-11,2.548078e-09,2.548078e-11
2.890484e+01,8.982376e-11,2.583788e-09,2.583788e-11
2.890773e+01,9.018950e-11,2.613585e-09,2.613585e-11
2.891062e+01,9.038293e-11,2.636830e-09,2.636830e-11
2.891351e+01,9.046922e-11,2.652880e-09,2.652880e-11
2.891640e+01,9.053924e-11,2.661131e-09,2.661131e-11
2.891928e+01,9.060144e-11,2.661099e-09,2.661099e-11
2.892217e+01,9.064123e-11,2.652609e-09,2.652609e-11
2.892506e+01,9.072092e-11,2.636027e-09,2.636027e-11
2.892795e+01,9.090632e-11,2.612294e-09,2.612294e-11
2.893083e+01,9.115368e-11,2.582814e-09,2.582814e-11
2.893372e+01,9.137591e-11,2.549299e-09,2.549299e-11
2.893661e+01,9.155866e-11,2.513582e-09,2.513582e-11
2.893950e+01,9.170206e-11,2.477305e-09,2.477305e-11
2.894239e+01,9.171629e-11,2.441713e-09,2.441713e-11
2.894527e+01,9.149250e-11,2.407636e-09,2.407636e-11
2.894816e+01,9.102416e-11,2.375637e-09,2.375637e-11
2.895105e+01,9.035972e-11,2.346134e-09,2.346134e-11
2.895394e+01,8.948747e-11,2.319541e-09,2.319541e-11
2.895683e+01,8.837792e-11,2.296349e-09,2.296349e-11
2.895971e+01,8.710731e-11,2.277202e-09,2.277202e-11
2.896260e+01,8.581754e-11,2.262813e-09,2.262813e-11
2.896549e+01,8.456915e-11,2.253753e-09,2.253753e-11
2.896838e+01,8.335767e-11,2.250255e-09,2.250255e-11
2.897127e+01,8.225643e-11,2.252179e-09,2.252179e-11
2.897415e+01,8.139093e-11,2.258836e-09,2.258836e-11
2.897704e+01,8.077135e-11,2.268770e-09,2.268770e-11
2.897993e+01,8.030317e-11,2.279783e-09,2.279783e-11
2.898282e+01,7.996000e-11,2.289346e-09,2.289346e-11
2.898570e+01,7.978231e-11,2.295035e-09,2.295035e-11
2.898859e+01,7.971062e-11,2.294968e-09,2.294968e-11
2.899148e+01,7.959332e-11,2.288426e-09,2.288426e-11
2.899437e+01,7.937413e-11,2.276507e-09,2.276507e-11
2.899726e+01,7.911174e-11,2.262306e-09,2.262306e-11
2.900014e+01,7.880258e-11,2.250441e-09,2.250441e-11
2.900303e+01,7.836062e-11,2.246178e-09,2.246178e-11
2.900592e+01,7.780078e-11,2.254313e-09,2.254313e-11
2.900881e+01,7.726476e-11,2.277915e-09,2.277915e-11
2.901170e+01,7.682343e-11,2.317317e-09,2.317317e-11
2.901458e+01,7.642759e-11,2.370094e-09,2.370094e-11
2.901747e+01,7.609263e-11,2.432037e-09,2.432037e-11
2.902036e+01,7.594386e-11,2.498447e-09,2.498447e-11
2.902325e+01,7.602428e-11,2.565083e-09,2.565083e-11
2.902613e+01,7.623459e-11,2.628897e-09,2.628897e-11
2.902902e+01,7.652555e-11,2.688467e-09,2.688467e-11
2.903191e+01,7.697789e-11,2.743974e-09,2.743974e-11
2.903480e+01,7.762559e-11,2.796683e-09,2.796683e-11
2.903769e+01,7.837412e-11,2.848516e-09,2.848516e-11
2.904057e+01,7.918195e-11,2.901864e-09,2.901864e-11
2.904346e+01,8.016411e-11,2.959509e-09,2.959509e-11
2.904635e+01,8.141510e-11,3.024366e-09,3.024366e-11
2.904924e+01,8.288901e-11,3.099370e-09,3.099370e-11
2.905213e+01,8.456670e-11,3.187479e-09,3.187479e-11
2.905501e+01,8.657004e-11,3.291592e-09,3.291592e-11
2.905790e+01,8.898643e-11,3.414104e-09,3.414104e-11
2.906079e+01,9.173769e-11,3.556573e-09,3.556573e-11
2.906368e+01,9.473562e-11,3.719560e-09,3.719560e-11
2.906657e+01,9.801510e-11,3.902562e-09,3.902562e-11
2.906945e+01,1.015909e-10,4.103800e-09,4.103800e-11
2.907234e+01,1.053203e-10,4.320160e-09,4.320160e-11
2.907523e+01,1.090431e-10,4.547277e-09,4.547277e-11
2.907812e+01,1.127399e-10,4.779749e-09,4.779749e-11
2.908100e+01,1.164156e-10,5.011240e-09,5.011240e-11
2.908389e+01,1.199377e-10,5.234735e-09,5.234735e-11
2.908678e+01,1.231485e-10,5.442968e-09,5.442968e-11
2.908967e+01,1.260362e-10,5.628915e-09,5.628915e-11
2.909256e+01,1.286301e-10,5.786108e-09,5.786108e-11
2.909544e+01,1.308228e-10,5.908921e-09,5.908921e-11
2.909833e+01,1.324666e-10,5.992853e-09,5.992853e-11
2.910122e+01,1.335547e-10,6.034793e-09,6.034793e-11
2.910411e+01,1.341423e-10,6.033115e-09,6.033115e-11
2.910700e+01,1.341741e-10,5.987759e-09,5.987759e-11
2.910988e+01,1.335608e-10,5.900351e-09,5.900351e-11
2.911277e+01,1.323625e-10,5.774280e-09,5.774280e-11
2.911566e+01,1.307266e-10,5.614557e-09,5.614557e-11
2.911855e+01,1.287010e-10,5.427554e-09,5.427554e-11
2.912144e+01,1.262731e-10,5.220663e-09,5.220663e-11
2.912432e+01,1.235475e-10,5.001905e-09,5.001905e-11
2.912721e+01,1.206982e-10,4.779375e-09,4.779375e-11
2.913010e+01,1.177736e-10,4.560641e-09,4.560641e-11
2.913299e+01,1.147271e-10,4.352203e-09,4.352203e-11
2.913587e+01,1.116094e-10,4.159103e-09,4.159103e-11
2.913876e+01,1.085429e-10,3.984586e-09,3.984586e-11
2.914165e+01,1.055456e-10,3.830010e-09,3.830010e-11
2.914454e+01,1.025562e-10,3.695148e-09,3.695148e-11
2.914743e+01,9.960868e-11,3.578735e-09,3.578735e-11
2.915031e+01,9.681923e-11,3.478984e-09,3.478984e-11
2.915320e+01,9.421859e-11,3.393953e-09,3.393953e-11
2.915609e+01,9.174800e-11,3.321754e-09,3.321754e-11
2.915898e+01,8.941270e-11,3.260617e-09,3.260617e-11
2.916187e+01,8.729128e-11,3.208800e-09,3.208800e-11
2.916475e+01,8.538605e-11,3.164451e-09,3.164451e-11
2.916764e+01,8.360882e-11,3.125674e-09,3.125674e-11
2.917053e+01,8.193398e-11,3.090730e-09,3.090730e-11
2.917342e+01,8.042722e-11,3.058238e-09,3.058238e-11
2.917630e+01,7.910527e-11,3.027280e-09,3.027280e-11
2.917919e+01,7.790496e-11,2.997446e-09,2.997446e-11
2.918208e+01,7.681728e-11,2.968795e-09,2.968795e-11
2.918497e+01,7.591691e-11,2.941721e-09,2.941721e-11
2.918786e+01,7.522402e-11,2.916694e-09,2.916694e-11
2.919074e+01,7.466464e-11,2.894072e-09,2.894072e-11
2.919363e+01,7.419797e-11,2.873987e-09,2.873987e-11
2.919652e+01,7.386183e-11,2.856287e-09,2.856287e-11
2.919941e+01,7.365737e-11,2.840525e-09,2.840525e-11
2.920230e+01,7.350688e-11,2.826033e-09,2.826033e-11
2.920518e+01,7.337636e-11,2.812052e-09,2.812052e-11
2.920807e+01,7.332854e-11,2.797902e-09,2.797902e-11
2.921096e+01,7.340243e-11,2.783046e-09,2.783046e-11
2.921385e+01,7.355304e-11,2.767134e-09,2.767134e-11
2.921674e+01,7.376594e-11,2.750062e-09,2.750062e-11
2.921962e+01,7.410743e-11,2.731988e-09,2.731988e-11
2.922251e+01,7.459832e-11,2.713218e-09,2.713218e-11
2.922540e+01,7.516511e-11,2.694125e-09,2.694125e-11
2.922829e+01,7.576856e-11,2.675112e-09,2.675112e-11
2.923117e+01,7.645555e-11,2.656614e-09,2.656614e-11
2.923406e+01,7.724361e-11,2.639079e-09,2.639079e-11
2.923695e+01,7.807781e-11,2.623001e-09,2.623001e-11
2.923984e+01,7.894462e-11,2.608908e-09,2.608908e-11
2.924273e+01,7.991200e-11,2.597308e-09,2.597308e-11
2.924561e+01,8.100815e-11,2.588539e-09,2.588539e-11
2.924850e+01,8.216216e-11,2.582655e-09,2.582655e-11
2.925139e+01,8.331064e-11,2.579345e-09,2.579345e-11
2.925428e+01,8.445120e-11,2.577896e-09,2.577896e-11
2.925717e+01,8.553487e-11,2.577172e-09,2.577172e-11
2.926005e+01,8.642204e-11,2.575718e-09,2.575718e-11
2.926294e+01,8.701030e-11,2.571994e-09,2.571994e-11
2.926583e+01,8.730357e-11,2.564692e-09,2.564692e-11
2.926872e+01,8.730291e-11,2.552943e-09,2.552943e-11
2.927161e+01,8.695253e-11,2.536419e-09,2.536419e-11
2.927449e+01,8.625725e-11,2.515303e-09,2.515303e-11
2.927738e+01,8.533008e-11,2.490124e-09,2.490124e-11
2.928027e+01,8.426050e-11,2.461460e-09,2.461460e-11
2.928316e+01,8.304775e-11,2.429751e-09,2.429751e-11
2.928604e+01,8.171662e-11,2.395257e-09,2.395257e-11
2.928893e+01,8.037694e-11,2.358197e-09,2.358197e-11
2.929182e+01,7.910220e-11,2.318952e-09,2.318952e-11
2.929471e+01,7.786812e-11,2.278372e-09,2.278372e-11
2.929760e+01,7.668048e-11,2.238030e-09,2.238030e-11
2.930048e+01,7.564470e-11,2.200313e-09,2.200313e-11
2.930337e+01,7.484048e-11,2.168161e-09,2.168161e-11
2.930626e+01,7.424411e-11,2.144557e-09,2.144557e-11
2.930915e+01,7.384320e-11,2.131873e-09,2.131873e-11
2.931204e+01,7.370815e-11,2.131354e-09,2.131354e-11
2.931492e+01,7.387163e-11,2.142718e-09,2.142718e-11
2.931781e+01,7.424872e-11,2.164121e-09,2.164121e-11
2.932070e+01,7.475203e-11,2.192525e-09,2.192525e-11
2.932359e+01,7.538911e-11,2.224407e-09,2.224407e-11
2.932647e+01,7.616685e-11,2.256350e-09,2.256350e-11
2.932936e+01,7.699227e-11,2.285522e-09,2.285522e-11
2.933225e+01,7.777617e-11,2.309923e-09,2.309923e-11
2.933514e+01,7.855165e-11,2.328530e-09,2.328530e-11
2.933803e+01,7.936872e-11,2.341087e-09,2.341087e-11
2.934091e+01,8.015859e-11,2.347828e-09,2.347828e-11
2.934380e+01,8.083400e-11,2.349265e-09,2.349265e-11
2.934669e+01,8.142749e-11,2.346188e-09,2.346188e-11
2.934958e+01,8.198828e-11,2.339501e-09,2.339501e-11
2.935247e+01,8.244235e-11,2.330147e-09,2.330147e-11
2.935535e+01,8.269884e-11,2.319250e-09,2.319250e-11
2.935824e+01,8.279952e-11,2.308422e-09,2.308422e-11
2.936113e+01,8.282575e-11,2.299770e-09,2.299770e-11
2.936402e+01,8.275222e-11,2.295840e-09,2.295840e-11
2.936691e+01,8.252990e-11,2.299515e-09,2.299515e-11
2.936979e+01,8.223002e-11,2.313868e-09,2.313868e-11
2.937268e+01,8.196650e-11,2.341726e-09,2.341726e-11
2.937557e+01,8.173920e-11,2.385239e-09,2.385239e-11
2.937846e+01,8.149282e-11,2.445628e-09,2.445628e-11
2.938134e+01,8.127697e-11,2.523187e-09,2.523187e-11
2.938423e+01,8.119491e-11,2.617199e-09,2.617199e-11
2.938712e+01,8.123942e-11,2.725891e-09,2.725891e-11
2.939001e+01,8.133630e-11,2.846597e-09,2.846597e-11
2.939290e+01,8.150682e-11,2.976062e-09,2.976062e-11
2.939578e+01,8.183519e-11,3.110584e-09,3.110584e-11
2.939867e+01,8.230242e-11,3.246113e-09,3.246113e-11
2.940156e+01,8.279534e-11,3.378443e-09,3.378443e-11
2.940445e+01,8.326899e-11,3.503459e-09,3.503459e-11
2.940734e+01,8.375382e-11,3.617274e-09,3.617274e-11
2.941022e+01,8.419951e-11,3.716269e-09,3.716269e-11
2.941311e+01,8.446294e-11,3.797241e-09,3.797241e-11
2.941600e+01,8.448072e-11,3.857653e-09,3.857653e-11
2.941889e+01,8.431365e-11,3.895833e-09,3.895833e-11
2.942178e+01,8.399112e-11,3.911033e-09,3.911033e-11
2.942466e+01,8.346618e-11,3.903538e-09,3.903538e-11
2.942755e+01,8.276994e-11,3.874760e-09,3.874760e-11
2.943044e+01,8.205882e-11,3.827212e-09,3.827212e-11
2.943333e+01,8.144996e-11,3.764258e-09,3.764258e-11
2.943621e+01,8.094339e-11,3.689860e-09,3.689860e-11
2.943910e+01,8.055611e-11,3.608344e-09,3.608344e-11
2.944199e+01,8.039277e-11,3.524148e-09,3.524148e-11
2.944488e+01,8.050876e-11,3.441419e-09,3.441419e-11
2.944777e+01,8.082459e-11,3.363687e-09,3.363687e-11
2.945065e+01,8.126110e-11,3.293703e-09,3.293703e-11
2.945354e+01,8.184907e-11,3.233453e-09,3.233453e-11
2.945643e+01,8.261831e-11,3.184081e-09,3.184081e-11
2.945932e+01,8.349286e-11,3.145936e-09,3.145936e-11
2.946221e+01,8.440563e-11,3.118744e-09,3.118744e-11
2.946509e+01,8.541610e-11,3.101822e-09,3.101822e-11
2.946798e+01,8.659988e-11,3.094064e-09,3.094064e-11
2.947087e+01,8.791759e-11,3.093975e-09,3.093975e-11
2.947376e+01,8.930308e-11,3.099803e-09,3.099803e-11
2.947664e+01,9.078408e-11,3.109776e-09,3.109776e-11
2.947953e+01,9.239276e-11,3.122145e-09,3.122145e-11
2.948242e+01,9.403647e-11,3.135221e-09,3.135221e-11
2.948531e+01,9.557700e-11,3.147474e-09,3.147474e-11
2.948820e+01,9.696841e-11,3.157699e-09,3.157699e-11
2.949108e+01,9.820257e-11,3.164981e-09,3.164981e-11
2.949397e+01,9.918466e-11,3.168652e-09,3.168652e-11
2.949686e+01,9.979556e-11,3.168394e-09,3.168394e-11
2.949975e+01,1.000357e-10,3.164392e-09,3.164392e-11
2.950264e+01,9.998361e-11,3.157279e-09,3.157279e-11
2.950552e+01,9.965554e-11,3.147978e-09,3.147978e-11
2.950841e+01,9.903782e-11,3.137498e-09,3.137498e-11
2.951130e+01,9.822219e-11,3.126737e-09,3.126737e-11
2.951419e+01,9.736743e-11,3.116218e-09,3.116218e-11
2.951708e+01,9.654777e-11,3.105869e-09,3.105869e-11
2.951996e+01,9.576763e-11,3.095066e-09,3.095066e-11
2.952285e+01,9.509311e-11,3.082942e-09,3.082942e-11
2.952574e+01,9.462954e-11,3.068632e-09,3.068632e-11
2.952863e+01,9.438090e-11,3.051414e-09,3.051414e-11
2.953151e+01,9.425887e-11,3.030855e-09,3.030855e-11
2.953440e+01,9.422161e-11,3.006869e-09,3.006869e-11
2.953729e+01,9.427924e-11,2.979608e-09,2.979608e-11
2.954018e+01,9.436452e-11,2.949294e-09,2.949294e-11
2.954307e+01,9.433489e-11,2.916159e-09,2.916159e-11
2.954595e+01,9.412284e-11,2.880482e-09,2.880482e-11
2.954884e+01,9.375639e-11,2.842633e-09,2.842633e-11
2.955173e+01,9.322076e-11,2.803045e-09,2.803045e-11
2.955462e+01,9.244149e-11,2.762214e-09,2.762214e-11
2.955751e+01,9.142999e-11,2.720775e-09,2.720775e-11
2.956039e+01,9.030144e-11,2.679487e-09,2.679487e-11
2.956328e+01,8.911837e-11,2.639116e-09,2.639116e-11
2.956617e+01,8.785485e-11,2.600421e-09,2.600421e-11
2.956906e+01,8.653723e-11,2.564182e-09,2.564182e-11
2.957195e+01,8.527787e-11,2.531191e-09,2.531191e-11
2.957483e+01,8.412705e-11,2.502176e-09,2.502176e-11
2.957772e+01,8.303197e-11,2.477816e-09,2.477816e-11
2.958061e+01,8.199251e-11,2.458873e-09,2.458873e-11
2.958350e+01,8.111509e-11,2.446350e-09,2.446350e-11
2.958638e+01,8.046159e-11,2.441434e-09,2.441434e-11
2.958927e+01,7.999855e-11,2.445379e-09,2.445379e-11
2.959216e+01,7.975017e-11,2.459351e-09,2.459351e-11
2.959505e+01,7.983376e-11,2.484093e-09,2.484093e-11
2.959794e+01,8.029421e-11,2.519452e-09,2.519452e-11
2.960082e+01,8.105440e-11,2.564158e-09,2.564158e-11
2.960371e+01,8.205379e-11,2.615773e-09,2.615773e-11
2.960660e+01,8.328874e-11,2.670737e-09,2.670737e-11
2.960949e+01,8.467995e-11,2.724533e-09,2.724533e-11
2.961238e+01,8.603535e-11,2.772099e-09,2.772099e-11
2.961526e+01,8.719509e-11,2.808373e-09,2.808373e-11
2.961815e+01,8.810371e-11,2.828939e-09,2.828939e-11
2.962104e+01,8.869564e-11,2.830568e-09,2.830568e-11
2.962393e+01,8.884160e-11,2.811636e-09,2.811636e-11
2.962681e+01,8.848517e-11,2.772355e-09,2.772355e-11
2.962970e+01,8.771012e-11,2.714789e-09,2.714789e-11
2.963259e+01,8.660197e-11,2.642553e-09,2.642553e-11
2.963548e+01,8.517052e-11,2.560445e-09,2.560445e-11
2.963837e+01,8.347659e-11,2.474047e-09,2.474047e-11
2.964125e+01,8.169063e-11,2.389266e-09,2.389266e-11
2.964414e+01,7.994838e-11,2.311730e-09,2.311730e-11
2.964703e+01,7.828172e-11,2.246236e-09,2.246236e-11
2.964992e+01,7.674787e-11,2.196281e-09,2.196281e-11
2.965281e+01,7.549410e-11,2.163867e-09,2.163867e-11
2.965569e+01,7.462623e-11,2.149604e-09,2.149604e-11
2.965858e+01,7.413216e-11,2.153192e-09,2.153192e-11
2.966147e+01,7.401097e-11,2.174095e-09,2.174095e-11
2.966436e+01,7.434877e-11,2.212159e-09,2.212159e-11
2.966725e+01,7.518019e-11,2.267760e-09,2.267760e-11
2.967013e+01,7.640417e-11,2.341466e-09,2.341466e-11
2.967302e+01,7.792633e-11,2.433364e-09,2.433364e-11
2.967591e+01,7.974371e-11,2.542360e-09,2.542360e-11
2.967880e+01,8.180329e-11,2.665583e-09,2.665583e-11
2.968168e+01,8.392799e-11,2.798224e-09,2.798224e-11
2.968457e+01,8.596657e-11,2.933869e-09,2.933869e-11
2.968746e+01,8.788076e-11,3.065189e-09,3.065189e-11
2.969035e+01,8.960655e-11,3.184589e-09,3.184589e-11
2.969324e+01,9.097566e-11,3.284869e-09,3.284869e-11
2.969612e+01,9.186355e-11,3.359819e-09,3.359819e-11
2.969901e+01,9.227963e-11,3.404731e-09,3.404731e-11
2.970190e+01,9.223133e-11,3.416668e-09,3.416668e-11
2.970479e+01,9.163312e-11,3.394642e-09,3.394642e-11
2.970768e+01,9.045253e-11,3.339732e-09,3.339732e-11
2.971056e+01,8.881541e-11,3.255149e-09,3.255149e-11
2.971345e+01,8.685521e-11,3.146030e-09,3.146030e-11
2.971634e+01,8.460174e-11,3.019175e-09,3.019175e-11
2.971923e+01,8.212421e-11,2.882724e-09,2.882724e-11
2.972212e+01,7.963039e-11,2.745724e-09,2.745724e-11
2.972500e+01,7.730945e-11,2.617336e-09,2.617336e-11
2.972789e+01,7.521015e-11,2.505946e-09,2.505946e-11
2.973078e+01,7.337849e-11,2.418304e-09,2.418304e-11
2.973367e+01,7.197154e-11,2.358995e-09,2.358995e-11
2.973655e+01,7.111872e-11,2.330198e-09,2.330198e-11
2.973944e+01,7.080194e-11,2.332112e-09,2.332112e-11
2.974233e+01,7.098837e-11,2.363834e-09,2.363834e-11
2.974522e+01,7.175988e-11,2.424200e-09,2.424200e-11
2.974811e+01,7.318663e-11,2.511868e-09,2.511868e-11
2.975099e+01,7.518989e-11,2.624990e-09,2.624990e-11
2.975388e+01,7.765784e-11,2.760745e-09,2.760745e-11
2.975677e+01,8.058185e-11,2.915083e-09,2.915083e-11
2.975966e+01,8.394301e-11,3.082581e-09,3.082581e-11
2.976255e+01,8.756826e-11,3.256707e-09,3.256707e-11
2.976543e+01,9.124153e-11,3.430375e-09,3.430375e-11
2.976832e+01,9.486179e-11,3.596639e-09,3.596639e-11
2.977121e+01,9.835861e-11,3.749147e-09,3.749147e-11
2.977410e+01,1.015518e-10,3.882524e-09,3.882524e-11
2.977699e+01,1.042471e-10,3.992704e-09,3.992704e-11
2.977987e+01,1.064000e-10,4.077180e-09,4.077180e-11
2.978276e+01,1.080461e-10,4.134976e-09,4.134976e-11
2.978565e+01,1.091446e-10,4.166503e-09,4.166503e-11
2.978854e+01,1.096357e-10,4.173411e-09,4.173411e-11
2.979142e+01,1.095940e-10,4.158455e-09,4.158455e-11
2.979431e+01,1.091709e-10,4.125198e-09,4.125198e-11
2.979720e+01,1.084212e-10,4.077667e-09,4.077667e-11
2.980009e+01,1.073362e-10,4.020065e-09,4.020065e-11
2.980298e+01,1.060022e-10,3.956581e-09,3.956581e-11
2.980586e+01,1.045630e-10,3.891081e-09,3.891081e-11
2.980875e+01,1.030527e-10,3.826777e-09,3.826777e-11
2.981164e+01,1.014204e-10,3.766042e-09,3.766042e-11
2.981453e+01,9.969814e-11,3.710409e-09,3.710409e-11
2.981742e+01,9.798817e-11,3.660578e-09,3.660578e-11
2.982030e+01,9.630288e-11,3.616455e-09,3.616455e-11
2.982319e+01,9.457106e-11,3.577339e-09,3.577339e-11
2.982608e+01,9.280111e-11,3.542223e-09,3.542223e-11
2.982897e+01,9.108808e-11,3.510006e-09,3.510006e-11
2.983185e+01,8.944928e-11,3.479544e-09,3.479544e-11
2.983474e+01,8.780562e-11,3.449730e-09,3.449730e-11
2.983763e+01,8.614157e-11,3.419618e-09,3.419618e-11
2.984052e+01,8.452726e-11,3.388450e-09,3.388450e-11
2.984341e+01,8.296141e-11,3.355529e-09,3.355529e-11
2.984629e+01,8.134635e-11,3.320207e-09,3.320207e-11
2.984918e+01,7.964444e-11,3.281979e-09,3.281979e-11
2.985207e+01,7.791567e-11,3.240499e-09,3.240499e-11
2.985496e+01,7.618318e-11,3.195535e-09,3.195535e-11
2.985785e+01,7.439803e-11,3.147015e-09,3.147015e-11
2.986073e+01,7.256612e-11,3.095086e-09,3.095086e-11
2.986362e+01,7.080329e-11,3.040160e-09,3.040160e-11
2.986651e+01,6.921660e-11,2.982789e-09,2.982789e-11
2.986940e+01,6.782309e-11,2.923601e-09,2.923601e-11
2.987229e+01,6.665193e-11,2.863347e-09,2.863347e-11
2.987517e+01,6.582761e-11,2.803043e-09,2.803043e-11
2.987806e+01,6.545559e-11,2.743925e-09,2.743925e-11
2.988095e+01,6.551242e-11,2.687457e-09,2.687457e-11
2.988384e+01,6.595056e-11,2.635422e-09,2.635422e-11
2.988672e+01,6.681148e-11,2.589966e-09,2.589966e-11
2.988961e+01,6.812675e-11,2.553353e-09,2.553353e-11
2.989250e+01,6.980597e-11,2.527729e-09,2.527729e-11
2.989539e+01,7.173475e-11,2.514930e-09,2.514930e-11
2.989828e+01,7.389727e-11,2.516297e-09,2.516297e-11
2.990116e+01,7.629704e-11,2.532337e-09,2.532337e-11
2.990405e+01,7.883706e-11,2.562539e-09,2.562539e-11
2.990694e+01,8.138698e-11,2.605406e-09,2.605406e-11
2.990983e+01,8.391372e-11,2.658690e-09,2.658690e-11
2.991272e+01,8.642927e-11,2.719593e-09,2.719593e-11
2.991560e+01,8.885563e-11,2.784998e-09,2.784998e-11
2.991849e+01,9.107437e-11,2.851764e-09,2.851764e-11
2.992138e+01,9.307096e-11,2.917072e-09,2.917072e-11
2.992427e+01,9.489846e-11,2.978570e-09,2.978570e-11
2.992716e+01,9.653508e-11,3.034385e-09,3.034385e-11
2.993004e+01,9.791148e-11,3.083172e-09,3.083172e-11
2.993293e+01,9.905087e-11,3.124182e-09,3.124182e-11
2.993582e+01,1.000467e-10,3.157195e-09,3.157195e-11
2.993871e+01,1.009159e-10,3.182379e-09,3.182379e-11
2.994159e+01,1.016031e-10,3.200209e-09,3.200209e-11
2.994448e+01,1.021199e-10,3.211433e-09,3.211433e-11
2.994737e+01,1.025457e-10,3.216952e-09,3.216952e-11
2.995026e+01,1.028885e-10,3.217657e-09,3.217657e-11
2.995315e+01,1.030738e-10,3.214313e-09,3.214313e-11
2.995603e+01,1.030867e-10,3.207535e-09,3.207535e-11
2.995892e+01,1.029904e-10,3.197743e-09,3.197743e-11
2.996181e+01,1.027888e-10,3.185064e-09,3.185064e-11
2.996470e+01,1.024089e-10,3.169358e-09,3.169358e-11
2.996759e+01,1.018341e-10,3.150338e-09,3.150338e-11
2.997047e+01,1.011294e-10,3.127669e-09,3.127669e-11
2.997336e+01,1.003162e-10,3.100988e-09,3.100988e-11
2.997625e+01,9.934380e-11,3.069956e-09,3.069956e-11
2.997914e+01,9.821454e-11,3.034319e-09,3.034319e-11
2.998202e+01,9.701979e-11,2.993948e-09,2.993948e-11
2.998491e+01,9.581901e-11,2.948844e-09,2.948844e-11
2.998780e+01,9.459436e-11,2.899214e-09,2.899214e-11
2.999069e+01,9.336162e-11,2.845565e-09,2.845565e-11
2.999358e+01,9.221410e-11,2.788773e-09,2.788773e-11
2.999646e+01,9.119991e-11,2.729960e-09,2.729960e-11
2.999935e+01,9.026145e-11,2.670286e-09,2.670286e-11
3.000224e+01,8.935167e-11,2.610734e-09,2.610734e-11
3.000513e+01,8.849201e-11,2.551908e-09,2.551908e-11
3.000802e+01,8.766203e-11,2.493846e-09,2.493846e-11
3.001090e+01,8.675306e-11,2.436125e-09,2.436125e-11
3.001379e+01,8.569365e-11,2.378202e-09,2.378202e-11
3.001668e+01,8.451539e-11,2.319891e-09,2.319891e-11
3.001957e+01,8.324666e-11,2.261725e-09,2.261725e-11
3.002246e+01,8.185713e-11,2.205152e-09,2.205152e-11
3.002534e+01,8.036542e-11,2.152475e-09,2.152475e-11
3.002823e+01,7.888956e-11,2.106499e-09,2.106499e-11
3.003112e+01,7.752205e-11,2.069894e-09,2.069894e-11
3.003401e+01,7.625852e-11,2.044594e-09,2.044594e-11
3.003689e+01,7.510425e-11,2.031412e-09,2.031412e-11
3.003978e+01,7.412965e-11,2.029947e-09,2.029947e-11
3.004267e+01,7.335500e-11,2.038698e-09,2.038698e-11
3.004556e+01,7.269616e-11,2.055477e-09,2.055477e-11
3.004845e+01,7.209407e-11,2.077970e-09,2.077970e-11
3.005133e+01,7.158272e-11,2.104212e-09,2.104212e-11
3.005422e+01,7.117595e-11,2.132733e-09,2.132733e-11
3.005711e+01,7.081949e-11,2.162572e-09,2.162572e-11
3.006000e+01,7.050926e-11,2.193107e-09,2.193107e-11
3.006289e+01,7.033814e-11,2.223735e-09,2.223735e-11
3.006577e+01,7.037280e-11,2.253534e-09,2.253534e-11
3.006866e+01,7.059298e-11,2.281183e-09,2.281183e-11
3.007155e+01,7.100010e-11,2.305133e-09,2.305133e-11
3.007444e+01,7.166769e-11,2.323991e-09,2.323991e-11
3.007733e+01,7.262237e-11,2.336885e-09,2.336885e-11
3.008021e+01,7.378484e-11,2.343775e-09,2.343775e-11
3.008310e+01,7.509370e-11,2.345559e-09,2.345559e-11
3.008599e+01,7.657519e-11,2.343977e-09,2.343977e-11
3.008888e+01,7.822220e-11,2.341252e-09,2.341252e-11
3.009176e+01,7.993106e-11,2.339710e-09,2.339710e-11
3.009465e+01,8.163167e-11,2.341488e-09,2.341488e-11
3.009754e+01,8.335805e-11,2.348344e-09,2.348344e-11
3.010043e+01,8.512218e-11,2.361427e-09,2.361427e-11
3.010332e+01,8.684094e-11,2.381236e-09,2.381236e-11
3.010620e+01,8.846298e-11,2.407742e-09,2.407742e-11
3.010909e+01,9.004516e-11,2.440600e-09,2.440600e-11
3.011198e+01,9.162649e-11,2.479241e-09,2.479241e-11
3.011487e+01,9.314342e-11,2.522967e-09,2.522967e-11
3.011776e+01,9.454919e-11,2.570942e-09,2.570942e-11
3.012064e+01,9.590387e-11,2.622099e-09,2.622099e-11
3.012353e+01,9.724550e-11,2.674890e-09,2.674890e-11
3.012642e+01,9.848201e-11,2.727203e-09,2.727203e-11
3.012931e+01,9.952007e-11,2.776476e-09,2.776476e-11
3.013219e+01,1.003772e-10,2.819968e-09,2.819968e-11
3.013508e+01,1.010499e-10,2.854913e-09,2.854913e-11
3.013797e+01,1.014047e-10,2.878800e-09,2.878800e-11
3.014086e+01,1.013236e-10,2.889688e-09,2.889688e-11
3.014375e+01,1.008332e-10,2.886527e-09,2.886527e-11
3.014663e+01,9.997787e-11,2.869223e-09,2.869223e-11
3.014952e+01,9.869914e-11,2.838672e-09,2.838672e-11
3.015241e+01,9.696100e-11,2.796716e-09,2.796716e-11
3.015530e+01,9.487853e-11,2.745987e-09,2.745987e-11
3.015819e+01,9.259237e-11,2.689436e-09,2.689436e-11
3.016107e+01,9.011219e-11,2.629871e-09,2.629871e-11
3.016396e+01,8.741874e-11,2.569585e-09,2.569585e-11
3.016685e+01,8.461983e-11,2.510178e-09,2.510178e-11
3.016974e+01,8.184345e-11,2.452372e-09,2.452372e-11
3.017263e+01,7.906745e-11,2.396135e-09,2.396135e-11
3.017551e+01,7.622793e-11,2.341084e-09,2.341084e-11
3.017840e+01,7.340954e-11,2.287124e-09,2.287124e-11
3.018129e+01,7.075406e-11,2.234716e-09,2.234716e-11
3.018418e+01,6.827187e-11,2.184859e-09,2.184859e-11
3.018706e+01,6.592628e-11,2.138850e-09,2.138850e-11
3.018995e+01,6.382346e-11,2.098033e-09,2.098033e-11
3.019284e+01,6.212763e-11,2.063234e-09,2.063234e-11
3.019573e+01,6.084906e-11,2.034356e-09,2.034356e-11
3.019862e+01,5.989953e-11,2.010459e-09,2.010459e-11
3.020150e+01,5.929526e-11,1.990376e-09,1.990376e-11
3.020439e+01,5.911347e-11,1.973171e-09,1.973171e-11
3.020728e+01,5.928852e-11,1.958358e-09,1.958358e-11
3.021017e+01,5.964904e-11,1.946043e-09,1.946043e-11
3.021306e+01,6.013998e-11,1.937021e-09,1.937021e-11
3.021594e+01,6.081415e-11,1.932390e-09,1.932390e-11
3.021883e+01,6.162522e-11,1.932914e-09,1.932914e-11
3.022172e+01,6.243039e-11,1.938692e-09,1.938692e-11
3.022461e+01,6.319608e-11,1.949208e-09,1.949208e-11
3.022750e+01,6.401563e-11,1.963521e-09,1.963521e-11
3.023038e+01,6.490635e-11,1.980458e-09,1.980458e-11
3.023327e+01,6.577008e-11,1.999076e-09,1.999076e-11
3.023616e+01,6.659700e-11,2.019326e-09,2.019326e-11
3.023905e+01,6.752464e-11,2.042526e-09,2.042526e-11
3.024193e+01,6.863368e-11,2.071165e-09,2.071165e-11
3.024482e+01,6.987090e-11,2.108648e-09,2.108648e-11
3.024771e+01,7.124712e-11,2.159083e-09,2.159083e-11
3.025060e+01,7.291371e-11,2.226865e-09,2.226865e-11
3.025349e+01,7.495102e-11,2.315829e-09,2.315829e-11
3.025637e+01,7.726700e-11,2.428800e-09,2.428800e-11
3.025926e+01,7.978393e-11,2.567433e-09,2.567433e-11
3.026215e+01,8.253764e-11,2.732068e-09,2.732068e-11
3.026504e+01,8.550029e-11,2.921380e-09,2.921380e-11
3.026793e+01,8.848149e-11,3.132363e-09,3.132363e-11
3.027081e+01,9.130675e-11,3.360523e-09,3.360523e-11
3.027370e+01,9.394264e-11,3.600138e-09,3.600138e-11
3.027659e+01,9.635522e-11,3.844349e-09,3.844349e-11
3.027948e+01,9.839328e-11,4.085419e-09,4.085419e-11
3.028236e+01,9.992946e-11,4.315115e-09,4.315115e-11
3.028525e+01,1.009892e-10,4.525147e-09,4.525147e-11
3.028814e+01,1.016173e-10,4.707464e-09,4.707464e-11
3.029103e+01,1.017410e-10,4.854628e-09,4.854628e-11
3.029392e+01,1.012857e-10,4.960258e-09,4.960258e-11
3.029680e+01,1.003109e-10,5.019471e-09,5.019471e-11
3.029969e+01,9.890419e-11,5.029135e-09,5.029135e-11
3.030258e+01,9.704490e-11,4.988058e-09,4.988058e-11
3.030547e+01,9.470233e-11,4.897144e-09,4.897144e-11
3.030836e+01,9.197692e-11,4.759462e-09,4.759462e-11
3.031124e+01,8.901506e-11,4.580060e-09,4.580060e-11
3.031413e+01,8.586429e-11,4.365666e-09,4.365666e-11
3.031702e+01,8.254016e-11,4.124359e-09,4.124359e-11
3.031991e+01,7.916309e-11,3.865221e-09,3.865221e-11
3.032280e+01,7.589155e-11,3.597832e-09,3.597832e-11
3.032568e+01,7.277775e-11,3.331717e-09,3.331717e-11
3.032857e+01,6.981999e-11,3.075866e-09,3.075866e-11
3.033146e+01,6.710271e-11,2.838352e-09,2.838352e-11
3.033435e+01,6.474993e-11,2.625895e-09,2.625895e-11
3.033723e+01,6.278601e-11,2.443459e-09,2.443459e-11
3.034012e+01,6.117528e-11,2.294012e-09,2.294012e-11
3.034301e+01,5.994927e-11,2.178491e-09,2.178491e-11
3.034590e+01,5.916525e-11,2.095794e-09,2.095794e-11
3.034879e+01,5.877746e-11,2.042875e-09,2.042875e-11
3.035167e+01,5.866462e-11,2.015116e-09,2.015116e-11
3.035456e+01,5.875171e-11,2.006886e-09,2.006886e-11
3.035745e+01,5.899803e-11,2.012016e-09,2.012016e-11
3.036034e+01,5.929578e-11,2.024183e-09,2.024183e-11
3.036323e+01,5.949004e-11,2.037284e-09,2.037284e-11
3.036611e+01,5.950014e-11,2.045824e-09,2.045824e-11
3.036900e+01,5.932922e-11,2.045175e-09,2.045175e-11
3.037189e+01,5.895669e-11,2.031692e-09,2.031692e-11
3.037478e+01,5.833097e-11,2.002824e-09,2.002824e-11
3.037767e+01,5.747350e-11,1.957271e-09,1.957271e-11
3.038055e+01,5.647754e-11,1.895052e-09,1.895052e-11
3.038344e+01,5.539019e-11,1.817465e-09,1.817465e-11
3.038633e+01,5.420045e-11,1.727088e-09,1.727088e-11
3.038922e+01,5.294383e-11,1.627821e-09,1.627821e-11
3.039210e+01,5.170521e-11,1.524811e-09,1.524811e-11
3.039499e+01,5.051776e-11,1.424182e-09,1.424182e-11
3.039788e+01,4.936487e-11,1.332689e-09,1.332689e-11
3.040077e+01,4.828449e-11,1.257237e-09,1.257237e-11
3.040366e+01,4.737377e-11,1.204009e-09,1.204009e-11
3.040654e+01,4.668910e-11,1.177244e-09,1.177244e-11
3.040943e+01,4.623684e-11,1.178278e-09,1.178278e-11
3.041232e+01,4.606495e-11,1.205476e-09,1.205476e-11
3.041521e+01,4.626240e-11,1.255036e-09,1.255036e-11
3.041810e+01,4.685341e-11,1.322126e-09,1.322126e-11
3.042098e+01,4.778771e-11,1.401907e-09,1.401907e-11
3.042387e+01,4.903614e-11,1.490074e-09,1.490074e-11
3.042676e+01,5.059478e-11,1.582886e-09,1.582886e-11
3.042965e+01,5.239662e-11,1.676943e-09,1.676943e-11
3.043253e+01,5.431649e-11,1.769020e-09,1.769020e-11
3.043542e+01,5.626687e-11,1.856045e-09,1.856045e-11
3.043831e+01,5.820894e-11,1.935174e-09,1.935174e-11
3.044120e+01,6.007484e-11,2.003931e-09,2.003931e-11
3.044409e+01,6.176487e-11,2.060434e-09,2.060434e-11
3.044697e+01,6.323415e-11,2.103622e-09,2.103622e-11
3.044986e+01,6.450592e-11,2.133362e-09,2.133362e-11
3.045275e+01,6.558311e-11,2.150393e-09,2.150393e-11
3.045564e+01,6.642604e-11,2.156174e-09,2.156174e-11
3.045853e+01,6.704179e-11,2.152643e-09,2.152643e-11
3.046141e+01,6.750397e-11,2.141925e-09,2.141925e-11
3.046430e+01,6.784851e-11,2.126023e-09,2.126023e-11
3.046719e+01,6.804457e-11,2.106548e-09,2.106548e-11
3.047008e+01,6.809402e-11,2.084548e-09,2.084548e-11
3.047297e+01,6.805877e-11,2.060461e-09,2.060461e-11
3.047585e+01,6.795600e-11,2.034118e-09,2.034118e-11
3.047874e+01,6.772387e-11,2.004839e-09,2.004839e-11
3.048163e+01,6.733416e-11,1.971724e-09,1.971724e-11
3.048452e+01,6.683838e-11,1.934010e-09,1.934010e-11
3.048740e+01,6.625970e-11,1.891291e-09,1.891291e-11
3.049029e+01,6.555029e-11,1.843711e-09,1.843711e-11
3.049318e+01,6.471210e-11,1.792113e-09,1.792113e-11
3.049607e+01,6.385042e-11,1.738010e-09,1.738010e-11
3.049896e+01,6.304524e-11,1.683335e-09,1.683335e-11
3.050184e+01,6.228660e-11,1.630222e-09,1.630222e-11
3.050473e+01,6.159592e-11,1.580816e-09,1.580816e-11
3.050762e+01,6.108206e-11,1.537134e-09,1.537134e-11
3.051051e+01,6.080592e-11,1.500819e-09,1.500819e-11
3.051340e+01,6.070684e-11,1.473055e-09,1.473055e-11
3.051628e+01,6.073051e-11,1.454565e-09,1.454565e-11
3.051917e+01,6.091463e-11,1.445714e-09,1.445714e-11
3.052206e+01,6.127685e-11,1.446437e-09,1.446437e-11
3.052495e+01,6.172948e-11,1.456327e-09,1.456327e-11
3.052784e+01,6.220134e-11,1.474790e-09,1.474790e-11
3.053072e+01,6.275261e-11,1.501306e-09,1.501306e-11
3.053361e+01,6.346599e-11,1.535322e-09,1.535322e-11
3.053650e+01,6.431926e-11,1.576147e-09,1.576147e-11
3.053939e+01,6.528592e-11,1.622978e-09,1.622978e-11
3.054227e+01,6.646189e-11,1.675207e-09,1.675207e-11
3.054516e+01,6.795132e-11,1.732493e-09,1.732493e-11
3.054805e+01,6.971328e-11,1.794904e-09,1.794904e-11
3.055094e+01,7.165600e-11,1.863091e-09,1.863091e-11
3.055383e+01,7.379424e-11,1.938376e-09,1.938376e-11
3.055671e+01,7.616260e-11,2.022329e-09,2.022329e-11
3.055960e+01,7.865743e-11,2.116313e-09,2.116313e-11
3.056249e+01,8.113049e-11,2.221142e-09,2.221142e-11
3.056538e+01,8.357213e-11,2.336988e-09,2.336988e-11
3.056827e+01,8.604613e-11,2.463183e-09,2.463183e-11
3.057115e+01,8.850869e-11,2.598139e-09,2.598139e-11
3.057404e+01,9.086375e-11,2.739481e-09,2.739481e-11
3.057693e+01,9.314927e-11,2.884423e-09,2.884423e-11
3.057982e+01,9.548438e-11,3.029993e-09,3.029993e-11
3.058271e+01,9.786257e-11,3.173268e-09,3.173268e-11
3.058559e+01,1.001793e-10,3.311689e-09,3.311689e-11
3.058848e+01,1.024358e-10,3.443405e-09,3.443405e-11
3.059137e+01,1.047218e-10,3.567362e-09,3.567362e-11
3.059426e+01,1.070112e-10,3.683241e-09,3.683241e-11
3.059714e+01,1.091730e-10,3.791405e-09,3.791405e-11
3.060003e+01,1.111900e-10,3.892925e-09,3.892925e-11
3.060292e+01,1.131716e-10,3.989427e-09,3.989427e-11
3.060581e+01,1.151378e-10,4.082816e-09,4.082816e-11
3.060870e+01,1.169929e-10,4.175067e-09,4.175067e-11
3.061158e+01,1.187416e-10,4.268078e-09,4.268078e-11
3.061447e+01,1.205238e-10,4.363471e-09,4.363471e-11
3.061736e+01,1.223877e-10,4.462288e-09,4.462288e-11
3.062025e+01,1.242288e-10,4.564821e-09,4.564821e-11
3.062314e+01,1.260129e-10,4.670630e-09,4.670630e-11
3.062602e+01,1.278434e-10,4.778599e-09,4.778599e-11
3.062891e+01,1.297306e-10,4.886855e-09,4.886855e-11
3.063180e+01,1.315117e-10,4.992852e-09,4.992852e-11
3.063469e+01,1.330811e-10,5.093582e-09,5.093582e-11
3.063757e+01,1.344768e-10,5.185772e-09,5.185772e-11
3.064046e+01,1.356649e-10,5.265938e-09,5.265938e-11
3.064335e+01,1.364558e-10,5.330597e-09,5.330597e-11
3.064624e+01,1.367242e-10,5.376578e-09,5.376578e-11
3.064913e+01,1.365173e-10,5.401303e-09,5.401303e-11
3.065201e+01,1.358618e-10,5.402852e-09,5.402852e-11
3.065490e+01,1.346603e-10,5.380028e-09,5.380028e-11
3.065779e+01,1.328807e-10,5.332336e-09,5.332336e-11
3.066068e+01,1.306693e-10,5.259903e-09,5.259903e-11
3.066357e+01,1.281609e-10,5.163203e-09,5.163203e-11
3.066645e+01,1.253361e-10,5.042903e-09,5.042903e-11
3.066934e+01,1.221830e-10,4.899893e-09,4.899893e-11
3.067223e+01,1.188262e-10,4.735476e-09,4.735476e-11
3.067512e+01,1.153541e-10,4.551386e-09,4.551386e-11
3.067801e+01,1.116771e-10,4.349797e-09,4.349797e-11
3.068089e+01,1.076919e-10,4.133325e-09,4.133325e-11
3.068378e+01,1.034422e-10,3.905007e-09,3.905007e-11
3.068667e+01,9.898605e-11,3.668096e-09,3.668096e-11
3.068956e+01,9.425440e-11,3.425941e-09,3.425941e-11
3.069244e+01,8.919665e-11,3.182029e-09,3.182029e-11
3.069533e+01,8.394283e-11,2.940138e-09,2.940138e-11
3.069822e+01,7.867066e-11,2.704166e-09,2.704166e-11
3.070111e+01,7.343643e-11,2.477843e-09,2.477843e-11
3.070400e+01,6.828496e-11,2.264460e-09,2.264460e-11
3.070688e+01,6.339541e-11,2.066729e-09,2.066729e-11
3.070977e+01,5.895092e-11,1.886463e-09,1.886463e-11
3.071266e+01,5.497060e-11,1.724453e-09,1.724453e-11
3.071555e+01,5.141836e-11,1.580638e-09,1.580638e-11
3.071844e+01,4.835931e-11,1.454555e-09,1.454555e-11
3.072132e+01,4.585956e-11,1.345457e-09,1.345457e-11
3.072421e+01,4.384271e-11,1.252375e-09,1.252375e-11
3.072710e+01,4.219616e-11,1.174285e-09,1.174285e-11
3.072999e+01,4.093017e-11,1.110447e-09,1.110447e-11
3.073288e+01,4.009433e-11,1.060305e-09,1.060305e-11
3.073576e+01,3.962861e-11,1.023371e-09,1.023371e-11
3.073865e+01,3.944602e-11,9.993311e-10,9.993311e-12
3.074154e+01,3.957852e-11,9.883564e-10,9.883564e-12
3.074443e+01,4.009394e-11,9.908649e-10,9.908649e-12
3.074731e+01,4.094572e-11,1.007186e-09,1.007186e-11
3.075020e+01,4.204209e-11,1.037324e-09,1.037324e-11
3.075309e+01,4.338591e-11,1.080851e-09,1.080851e-11
3.075598e+01,4.500379e-11,1.136475e-09,1.136475e-11
3.075887e+01,4.681234e-11,1.201823e-09,1.201823e-11
3.076175e+01,4.868862e-11,1.273612e-09,1.273612e-11
3.076464e+01,5.060400e-11,1.348112e-09,1.348112e-11
3.076753e+01,5.257049e-11,1.421480e-09,1.421480e-11
3.077042e+01,5.452252e-11,1.490232e-09,1.490232e-11
3.077331e+01,5.637551e-11,1.551833e-09,1.551833e-11
3.077619e+01,5.814963e-11,1.605247e-09,1.605247e-11
3.077908e+01,5.992413e-11,1.651147e-09,1.651147e-11
3.078197e+01,6.171523e-11,1.691865e-09,1.691865e-11
3.078486e+01,6.350906e-11,1.731075e-09,1.731075e-11
3.078774e+01,6.537327e-11,1.773236e-09,1.773236e-11
3.079063e+01,6.741277e-11,1.822703e-09,1.822703e-11
3.079352e+01,6.964431e-11,1.882857e-09,1.882857e-11
3.079641e+01,7.202242e-11,1.955501e-09,1.955501e-11
3.079930e+01,7.454756e-11,2.040669e-09,2.040669e-11
3.080218e+01,7.723713e-11,2.136762e-09,2.136762e-11
3.080507e+01,8.002139e-11,2.240948e-09,2.240948e-11
3.080796e+01,8.277247e-11,2.349688e-09,2.349688e-11
3.081085e+01,8.541621e-11,2.459264e-09,2.459264e-11
3.081374e+01,8.792118e-11,2.566139e-09,2.566139e-11
3.081662e+01,9.020130e-11,2.667153e-09,2.667153e-11
3.081951e+01,9.214066e-11,2.759671e-09,2.759671e-11
3.082240e+01,9.370147e-11,2.841642e-09,2.841642e-11
3.082529e+01,9.490875e-11,2.911543e-09,2.911543e-11
3.082818e+01,9.575168e-11,2.968317e-09,2.968317e-11
3.083106e+01,9.619365e-11,3.011356e-09,3.011356e-11
3.083395e+01,9.626936e-11,3.040473e-09,3.040473e-11
3.083684e+01,9.607310e-11,3.055846e-09,3.055846e-11
3.083973e+01,9.565106e-11,3.057937e-09,3.057937e-11
3.084261e+01,9.500320e-11,3.047421e-09,3.047421e-11
3.084550e+01,9.417958e-11,3.025124e-09,3.025124e-11
3.084839e+01,9.327195e-11,2.991956e-09,2.991956e-11
3.085128e+01,9.231419e-11,2.948897e-09,2.948897e-11
3.085417e+01,9.128256e-11,2.897070e-09,2.897070e-11
3.085705e+01,9.019268e-11,2.837843e-09,2.837843e-11
3.085994e+01,8.910599e-11,2.772961e-09,2.772961e-11
3.086283e+01,8.803473e-11,2.704632e-09,2.704632e-11
3.086572e+01,8.693628e-11,2.635465e-09,2.635465e-11
3.086861e+01,8.581318e-11,2.568279e-09,2.568279e-11
3.087149e+01,8.472193e-11,2.505775e-09,2.505775e-11
3.087438e+01,8.367270e-11,2.450079e-09,2.450079e-11
3.087727e+01,8.261408e-11,2.402293e-09,2.402293e-11
3.088016e+01,8.153278e-11,2.362269e-09,2.362269e-11
3.088305e+01,8.047143e-11,2.328657e-09,2.328657e-11
3.088593e+01,7.942607e-11,2.299140e-09,2.299140e-11
3.088882e+01,7.832991e-11,2.270895e-09,2.270895e-11
3.089171e+01,7.715731e-11,2.241209e-09,2.241209e-11
3.089460e+01,7.595100e-11,2.207976e-09,2.207976e-11
3.089748e+01,7.473089e-11,2.170009e-09,2.170009e-11
3.090037e+01,7.346579e-11,2.127256e-09,2.127256e-11
3.090326e+01,7.216513e-11,2.080836e-09,2.080836e-11
3.090615e+01,7.091659e-11,2.032912e-09,2.032912e-11
3.090904e+01,6.979541e-11,1.986403e-09,1.986403e-11
3.091192e+01,6.881220e-11,1.944635e-09,1.944635e-11
3.091481e+01,6.799645e-11,1.911051e-09,1.911051e-11
3.091770e+01,6.745210e-11,1.889055e-09,1.889055e-11
3.092059e+01,6.726692e-11,1.881904e-09,1.881904e-11
3.092348e+01,6.744479e-11,1.892813e-09,1.892813e-11
3.092636e+01,6.799216e-11,1.925160e-09,1.925160e-11
3.092925e+01,6.899224e-11,1.982599e-09,1.982599e-11
3.093214e+01,7.051785e-11,2.068740e-09,2.068740e-11
3.093503e+01,7.253921e-11,2.186530e-09,2.186530e-11
3.093791e+01,7.500187e-11,2.337524e-09,2.337524e-11
3.094080e+01,7.792126e-11,2.521329e-09,2.521329e-11
3.094369e+01,8.130032e-11,2.735235e-09,2.735235e-11
3.094658e+01,8.501918e-11,2.974259e-09,2.974259e-11
3.094947e+01,8.891179e-11,3.231538e-09,3.231538e-11
3.095235e+01,9.289390e-11,3.498927e-09,3.498927e-11
3.095524e+01,9.690334e-11,3.767493e-09,3.767493e-11
3.095813e+01,1.007814e-10,4.028017e-09,4.028017e-11
3.096102e+01,1.043450e-10,4.271501e-09,4.271501e-11
3.096391e+01,1.075299e-10,4.489667e-09,4.489667e-11
3.096679e+01,1.103382e-10,4.675284e-09,4.675284e-11
3.096968e+01,1.126940e-10,4.822416e-09,4.822416e-11
3.097257e+01,1.144884e-10,4.926654e-09,4.926654e-11
3.097546e+01,1.157223e-10,4.985341e-09,4.985341e-11
3.097835e+01,1.164650e-10,4.997642e-09,4.997642e-11
3.098123e+01,1.166959e-10,4.964484e-09,4.964484e-11
3.098412e+01,1.163317e-10,4.888465e-09,4.888465e-11
3.098701e+01,1.153963e-10,4.773777e-09,4.773777e-11
3.098990e+01,1.140063e-10,4.625971e-09,4.625971e-11
3.099278e+01,1.122029e-10,4.451603e-09,4.451603e-11
3.099567e+01,1.099605e-10,4.257919e-09,4.257919e-11
3.099856e+01,1.073672e-10,4.052581e-09,4.052581e-11
3.100145e+01,1.046197e-10,3.843270e-09,3.843270e-11
3.100434e+01,1.018329e-10,3.637151e-09,3.637151e-11
3.100722e+01,9.901961e-11,3.440429e-09,3.440429e-11
3.101011e+01,9.626436e-11,3.258053e-09,3.258053e-11
3.101300e+01,9.373990e-11,3.093461e-09,3.093461e-11
3.101589e+01,9.151654e-11,2.948333e-09,2.948333e-11
3.101878e+01,8.952429e-11,2.822680e-09,2.822680e-11
3.102166e+01,8.773542e-11,2.715273e-09,2.715273e-11
3.102455e+01,8.621871e-11,2.624112e-09,2.624112e-11
3.102744e+01,8.496171e-11,2.546616e-09,2.546616e-11
3.103033e+01,8.380791e-11,2.479820e-09,2.479820e-11
3.103322e+01,8.265075e-11,2.420710e-09,2.420710e-11
3.103610e+01,8.152319e-11,2.366614e-09,2.366614e-11
3.103899e+01,8.041515e-11,2.315286e-09,2.315286e-11
3.104188e+01,7.918359e-11,2.265104e-09,2.265104e-11
3.104477e+01,7.774872e-11,2.215398e-09,2.215398e-11
3.104765e+01,7.620569e-11,2.166646e-09,2.166646e-11
3.105054e+01,7.463281e-11,2.120067e-09,2.120067e-11
3.105343e+01,7.297076e-11,2.077214e-09,2.077214e-11
3.105632e+01,7.120553e-11,2.039763e-09,2.039763e-11
3.105921e+01,6.949196e-11,2.009450e-09,2.009450e-11
3.106209e+01,6.796364e-11,1.987524e-09,1.987524e-11
3.106498e+01,6.658434e-11,1.974405e-09,1.974405e-11
3.106787e+01,6.531908e-11,1.969694e-09,1.969694e-11
3.107076e+01,6.427973e-11,1.972452e-09,1.972452e-11
3.107365e+01,6.355396e-11,1.981066e-09,1.981066e-11
3.107653e+01,6.304723e-11,1.993368e-09,1.993368e-11
3.107942e+01,6.265242e-11,2.007033e-09,2.007033e-11
3.108231e+01,6.242187e-11,2.020075e-09,2.020075e-11
3.108520e+01,6.240949e-11,2.030760e-09,2.030760e-11
3.108808e+01,6.250445e-11,2.037563e-09,2.037563e-11
3.109097e+01,6.258672e-11,2.039243e-09,2.039243e-11
3.109386e+01,6.270005e-11,2.034987e-09,2.034987e-11
3.109675e+01,6.290535e-11,2.024101e-09,2.024101e-11
3.109964e+01,6.309938e-11,2.005833e-09,2.005833e-11
3.110252e+01,6.314860e-11,1.979475e-09,1.979475e-11
3.110541e+01,6.307150e-11,1.944700e-09,1.944700e-11
3.110830e+01,6.291998e-11,1.901518e-09,1.901518e-11
3.111119e+01,6.260204e-11,1.850314e-09,1.850314e-11
3.111408e+01,6.199889e-11,1.792018e-09,1.792018e-11
3.111696e+01,6.115829e-11,1.728417e-09,1.728417e-11
3.111985e+01,6.020096e-11,1.661991e-09,1.661991e-11
3.112274e+01,5.913738e-11,1.595661e-09,1.595661e-11
3.112563e+01,5.795167e-11,1.532554e-09,1.532554e-11
3.112852e+01,5.677559e-11,1.475854e-09,1.475854e-11
3.113140e+01,5.580418e-11,1.428305e-09,1.428305e-11
3.113429e+01,5.510458e-11,1.391780e-09,1.391780e-11
3.113718e+01,5.466999e-11,1.367231e-09,1.367231e-11
3.114007e+01,5.458677e-11,1.355128e-09,1.355128e-11
3.114295e+01,5.497374e-11,1.355751e-09,1.355751e-11
3.114584e+01,5.580936e-11,1.369350e-09,1.369350e-11
3.114873e+01,5.697910e-11,1.396181e-09,1.396181e-11
3.115162e+01,5.844929e-11,1.436388e-09,1.436388e-11
3.115451e+01,6.023689e-11,1.489509e-09,1.489509e-11
3.115739e+01,6.225231e-11,1.554113e-09,1.554113e-11
3.116028e+01,6.433671e-11,1.627921e-09,1.627921e-11
3.116317e+01,6.643032e-11,1.708297e-09,1.708297e-11
3.116606e+01,6.855153e-11,1.792567e-09,1.792567e-11
3.116895e+01,7.064160e-11,1.878129e-09,1.878129e-11
3.117183e+01,7.259008e-11,1.962549e-09,1.962549e-11
3.117472e+01,7.438242e-11,2.043673e-09,2.043673e-11
3.117761e+01,7.607447e-11,2.119670e-09,2.119670e-11
3.118050e+01,7.764766e-11,2.189152e-09,2.189152e-11
3.118339e+01,7.902676e-11,2.251347e-09,2.251347e-11
3.118627e+01,8.021398e-11,2.306212e-09,2.306212e-11
3.118916e+01,8.127001e-11,2.354399e-09,2.354399e-11
3.119205e+01,8.218655e-11,2.397113e-09,2.397113e-11
3.119494e+01,8.290714e-11,2.435966e-09,2.435966e-11
3.119782e+01,8.345573e-11,2.472885e-09,2.472885e-11
3.120071e+01,8.392348e-11,2.509934e-09,2.509934e-11
3.120360e+01,8.434831e-11,2.549018e-09,2.549018e-11
3.120649e+01,8.472660e-11,2.591673e-09,2.591673e-11
3.120938e+01,8.512443e-11,2.638993e-09,2.638993e-11
3.121226e+01,8.565824e-11,2.691649e-09,2.691649e-11
3.121515e+01,8.637353e-11,2.750024e-09,2.750024e-11
3.121804e+01,8.724770e-11,2.814376e-09,2.814376e-11
3.122093e+01,8.829401e-11,2.884909e-09,2.884909e-11
3.122382e+01,8.954829e-11,2.961758e-09,2.961758e-11
3.122670e+01,9.096343e-11,3.044851e-09,3.044851e-11
3.122959e+01,9.242473e-11,3.133708e-09,3.133708e-11
3.123248e+01,9.386384e-11,3.227365e-09,3.227365e-11
3.123537e+01,9.525834e-11,3.324363e-09,3.324363e-11
3.123825e+01,9.653322e-11,3.422759e-09,3.422759e-11
3.124114e+01,9.758237e-11,3.520269e-09,3.520269e-11
3.124403e+01,9.838467e-11,3.614476e-09,3.614476e-11
3.124692e+01,9.898952e-11,3.702970e-09,3.702970e-11
3.124981e+01,9.940623e-11,3.783490e-09,3.783490e-11
3.125269e+01,9.961810e-11,3.854111e-09,3.854111e-11
3.125558e+01,9.968447e-11,3.913429e-09,3.913429e-11
3.125847e+01,9.971626e-11,3.960712e-09,3.960712e-11
3.126136e+01,9.976320e-11,3.995997e-09,3.995997e-11
3.126425e+01,9.982050e-11,4.020129e-09,4.020129e-11
3.126713e+01,9.992863e-11,4.034740e-09,4.034740e-11
3.127002e+01,1.001659e-10,4.042068e-09,4.042068e-11
3.127291e+01,1.005434e-10,4.044662e-09,4.044662e-11
3.127580e+01,1.010075e-10,4.045051e-09,4.045051e-11
3.127869e+01,1.015491e-10,4.045454e-09,4.045454e-11
3.128157e+01,1.022163e-10,4.047570e-09,4.047570e-11
3.128446e+01,1.030096e-10,4.052520e-09,4.052520e-11
3.128735e+01,1.038684e-10,4.060914e-09,4.060914e-11
3.129024e+01,1.047895e-10,4.073028e-09,4.073028e-11
3.129312e+01,1.058496e-10,4.088997e-09,4.088997e-11
3.129601e+01,1.070734e-10,4.108891e-09,4.108891e-11
3.129890e+01,1.084031e-10,4.132747e-09,4.132747e-11
3.130179e+01,1.098286e-10,4.160574e-09,4.160574e-11
3.130468e+01,1.114071e-10,4.192269e-09,4.192269e-11
3.130756e+01,1.131186e-10,4.227432e-09,4.227432e-11
3.131045e+01,1.148359e-10,4.265218e-09,4.265218e-11
3.131334e+01,1.164704e-10,4.304269e-09,4.304269e-11
3.131623e+01,1.180114e-10,4.342696e-09,4.342696e-11
3.131912e+01,1.193884e-10,4.378096e-09,4.378096e-11
3.132200e+01,1.204434e-10,4.407705e-09,4.407705e-11
3.132489e+01,1.210846e-10,4.428628e-09,4.428628e-11
3.132778e+01,1.213350e-10,4.438060e-09,4.438060e-11
3.133067e+01,1.211928e-10,4.433395e-09,4.433395e-11
3.133356e+01,1.205810e-10,4.412368e-09,4.412368e-11
3.133644e+01,1.194852e-10,4.373224e-09,4.373224e-11
3.133933e+01,1.180087e-10,4.314892e-09,4.314892e-11
3.134222e+01,1.162265e-10,4.237047e-09,4.237047e-11
3.134511e+01,1.141123e-10,4.140187e-09,4.140187e-11
3.134799e+01,1.116720e-10,4.025707e-09,4.025707e-11
3.135088e+01,1.090205e-10,3.895919e-09,3.895919e-11
3.135377e+01,1.062485e-10,3.753882e-09,3.753882e-11
3.135666e+01,1.033308e-10,3.603205e-09,3.603205e-11
3.135955e+01,1.002544e-10,3.447866e-09,3.447866e-11
3.136243e+01,9.712562e-11,3.292046e-09,3.292046e-11
3.136532e+01,9.404919e-11,3.139815e-09,3.139815e-11
3.136821e+01,9.100665e-11,2.994854e-09,2.994854e-11
3.137110e+01,8.796977e-11,2.860289e-09,2.860289e-11
3.137399e+01,8.503575e-11,2.738665e-09,2.738665e-11
3.137687e+01,8.231784e-11,2.631742e-09,2.631742e-11
3.137976e+01,7.979658e-11,2.540373e-09,2.540373e-11
3.138265e+01,7.741816e-11,2.464567e-09,2.464567e-11
3.138554e+01,7.524838e-11,2.403762e-09,2.403762e-11
3.138843e+01,7.338442e-11,2.356858e-09,2.356858e-11
3.139131e+01,7.178994e-11,2.322247e-09,2.322247e-11
3.139420e+01,7.037191e-11,2.297994e-09,2.297994e-11
3.139709e+01,6.915320e-11,2.282206e-09,2.282206e-11
3.139998e+01,6.821123e-11,2.273052e-09,2.273052e-11
3.140286e+01,6.750275e-11,2.268689e-09,2.268689e-11
3.140575e+01,6.691349e-11,2.267358e-09,2.267358e-11
3.140864e+01,6.644407e-11,2.267664e-09,2.267664e-11
3.141153e+01,6.617901e-11,2.268576e-09,2.268576e-11
3.141442e+01,6.609904e-11,2.269291e-09,2.269291e-11
