N_HI,b_param_km_s
1.958255e+13,7.897651e+01
1.460224e+13,7.801895e+01
5.723344e+16,8.000000e+01
3.606872e+13,7.899774e+01
6.153222e+13,2.293090e+01
9.294642e+13,6.990547e+01
2.966563e+13,2.930745e+01
4.158989e+14,7.428958e+01
4.081189e+13,3.507285e+01
1.159221e+13,7.899646e+01
1.283108e+13,7.899181e+01
4.241163e+13,3.669437e+01
1.686520e+13,7.899249e+01
9.982289e+12,7.898873e+01
2.425605e+13,7.898710e+01
1.814353e+13,7.899574e+01
2.762262e+14,5.987608e+01
1.150693e+13,7.899708e+01
1.429157e+13,7.899692e+01
6.681898e+13,3.561335e+01
4.341843e+13,7.899638e+01
4.341843e+13,4.999998e+00
2.091876e+13,2.270126e+01
1.245480e+13,7.897032e+01
1.384708e+13,7.899003e+01
1.952950e+13,7.894324e+01
2.658651e+13,7.899112e+01
7.908664e+13,5.513164e+01
3.476872e+13,7.893314e+01
2.897173e+14,6.215822e+01
1.391318e+13,7.907207e+01
2.266663e+14,6.053670e+01
1.627054e+15,8.000000e+01
1.627054e+15,8.000000e+01
1.627054e+15,8.000000e+01
2.011828e+14,8.000000e+01
2.776332e+14,8.000000e+01
2.171788e+13,2.456301e+01
1.498830e+13,7.876764e+01
3.601051e+14,8.000000e+01
3.601051e+14,8.000000e+01
2.889077e+13,3.207004e+01
1.980410e+14,7.128677e+01
1.009818e+13,7.899627e+01
4.781032e+14,8.000000e+01
6.147788e+13,5.747383e+01
6.633814e+13,5.861490e+01
1.959267e+14,4.954640e+01
1.562367e+14,4.732432e+01
1.534682e+14,6.498086e+01
2.399721e+13,7.898617e+01
5.345021e+13,4.774472e+01
7.399891e+13,5.008691e+01
5.201553e+13,4.420140e+01
1.050615e+13,7.898841e+01
7.528818e+13,6.768339e+01
6.447765e+13,4.017763e+01
3.523090e+13,7.899701e+01
4.698836e+13,3.459240e+01
1.140376e+13,7.896049e+01
1.128071e+13,7.899713e+01
5.344666e+13,4.954640e+01
2.481036e+13,2.582419e+01
4.777180e+13,3.459240e+01
4.539920e+13,4.288016e+01
1.424956e+13,7.898219e+01
1.759908e+13,7.899631e+01
2.288288e+14,7.621138e+01
6.923442e+13,4.414134e+01
4.513227e+14,8.000000e+01
3.525848e+13,3.393178e+01
2.412582e+13,7.898774e+01
1.358584e+13,7.899298e+01
3.700975e+14,8.000000e+01
8.665233e+15,8.000000e+01
3.909028e+14,7.537059e+01
1.346646e+13,7.898598e+01
2.123851e+14,5.531180e+01
3.562163e+13,3.146947e+01
2.099397e+13,7.899272e+01
9.217590e+12,7.899804e+01
3.700055e+13,2.750576e+01
4.637623e+14,8.000000e+01
4.683905e+13,3.207004e+01
2.056016e+13,7.899707e+01
1.321503e+14,6.660238e+01
4.055409e+13,3.231026e+01
2.796271e+14,8.000000e+01
1.226853e+14,4.954640e+01
9.622533e+17,8.000000e+01
9.622533e+17,8.000000e+01
5.322375e+13,3.573347e+01
2.122376e+13,7.893647e+01
6.363454e+13,5.248916e+01
6.354561e+13,5.483135e+01
1.339471e+14,7.176722e+01
1.339471e+14,7.176722e+01
1.754168e+13,7.899759e+01
1.077818e+14,8.000000e+01
4.388207e+13,3.393178e+01
5.218705e+13,3.405189e+01
1.301729e+14,8.000000e+01
4.985361e+13,5.254922e+01
3.259022e+13,3.417200e+01
1.801295e+13,7.897187e+01
3.537217e+13,7.893950e+01
5.237842e+13,4.606314e+01
1.289076e+13,7.899625e+01
2.265975e+14,8.000000e+01
2.265975e+14,8.000000e+01
1.434747e+13,7.897761e+01
1.278334e+13,7.898687e+01
8.787928e+13,7.579098e+01
6.016219e+13,5.459113e+01
1.080861e+13,7.899709e+01
6.203445e+13,3.909662e+01
2.126201e+13,7.899379e+01
6.819593e+14,8.000000e+01
6.819593e+14,8.000000e+01
1.860574e+14,7.711222e+01
1.440072e+13,7.443189e+01
1.871165e+13,2.144008e+01
2.440834e+14,8.000000e+01
9.400448e+13,4.540252e+01
4.383607e+13,7.899517e+01
7.565557e+13,4.816511e+01
1.071354e+14,4.342067e+01
2.462222e+13,2.618452e+01
3.958134e+14,8.000000e+01
3.958134e+14,8.000000e+01
3.200138e+14,6.942502e+01
1.358206e+13,7.899638e+01
3.886629e+13,3.471251e+01
2.454607e+13,7.899775e+01
1.811330e+14,8.000000e+01
1.811330e+14,8.000000e+01
6.644784e+13,3.969718e+01
7.902801e+13,4.354078e+01
3.756021e+13,3.219015e+01
1.772009e+14,8.000000e+01
3.564144e+13,3.813572e+01
1.330830e+13,7.899716e+01
1.063118e+14,3.477257e+01
1.600317e+13,7.898244e+01
3.357675e+13,3.513290e+01
2.255605e+13,7.894903e+01
1.364484e+13,1.699301e+01
2.433794e+13,2.852672e+01
1.281569e+13,7.899029e+01
3.225535e+14,8.000000e+01
3.225535e+14,8.000000e+01
1.014602e+14,7.218761e+01
1.014602e+14,7.218761e+01
9.630563e+12,7.899642e+01
6.651999e+13,3.447229e+01
4.178526e+13,4.606314e+01
2.468017e+14,8.000000e+01
3.682195e+15,8.000000e+01
3.682195e+15,8.000000e+01
1.936989e+13,7.896941e+01
1.702946e+13,7.898599e+01
6.814793e+13,7.290828e+01
6.814793e+13,7.290828e+01
1.487395e+13,4.999384e+00
1.862945e+13,7.899197e+01
2.676148e+13,2.582419e+01
1.344795e+13,7.899424e+01
5.393492e+14,8.000000e+01
6.564871e+13,5.242910e+01
2.630992e+13,5.000000e+00
2.143049e+13,7.899824e+01
3.553966e+13,2.876694e+01
3.136232e+13,2.786610e+01
4.119638e+13,3.579352e+01
3.716424e+14,8.000000e+01
2.383683e+13,7.899415e+01
2.482377e+13,7.899670e+01
5.065573e+13,7.899386e+01
6.550691e+13,7.242783e+01
1.690248e+13,7.899364e+01
3.038911e+13,3.399184e+01
2.675476e+14,7.044598e+01
8.741414e+13,7.260800e+01
2.301625e+13,7.878086e+01
4.693888e+13,2.978790e+01
2.883907e+13,7.897864e+01
1.837544e+13,2.101969e+01
2.426572e+13,7.897247e+01
9.772854e+13,5.471124e+01
2.892306e+13,3.146947e+01
3.713794e+13,7.899466e+01
2.187766e+13,7.894022e+01
2.930660e+13,7.898701e+01
2.675667e+13,2.516357e+01
4.960593e+13,7.899364e+01
4.795329e+13,5.000116e+00
3.070377e+13,2.792616e+01
8.503265e+13,5.308972e+01
2.273476e+14,8.000000e+01
2.063460e+13,7.899137e+01
7.630590e+13,8.000000e+01
1.400052e+13,7.914658e+01
2.947820e+13,2.930745e+01
4.203100e+13,4.221954e+01
1.004659e+15,8.000000e+01
3.742268e+13,2.942756e+01
2.697544e+13,7.899767e+01
6.602003e+14,7.260800e+01
1.764598e+13,7.899450e+01
1.064306e+13,7.897639e+01
4.014368e+13,3.207004e+01
1.480861e+14,7.741250e+01
3.763983e+14,7.380913e+01
3.923950e+13,3.741504e+01
3.144987e+13,7.899420e+01
2.449566e+13,7.899201e+01
1.793013e+13,7.899596e+01
8.295389e+14,8.000000e+01
3.322955e+14,7.194738e+01
2.870204e+14,8.000000e+01
1.772230e+13,7.899167e+01
4.035419e+13,7.472806e+01
2.657997e+13,7.898735e+01
1.652053e+13,7.897974e+01
1.256900e+13,5.000211e+00
1.367752e+13,7.821612e+01
1.212838e+14,5.128804e+01
2.246446e+13,2.444289e+01
3.761868e+13,2.582419e+01
1.570899e+13,7.894130e+01
3.008337e+13,3.020829e+01
9.504119e+13,7.651166e+01
1.399097e+13,7.899138e+01
2.103714e+13,7.898952e+01
1.906813e+13,7.899767e+01
8.369781e+13,5.260927e+01
1.212962e+14,5.056736e+01
1.742709e+13,7.898181e+01
1.419735e+13,7.899714e+01
3.496007e+13,3.483262e+01
4.643056e+13,7.896171e+01
1.560207e+13,4.998916e+00
4.065258e+14,8.000000e+01
4.065258e+14,8.000000e+01
1.338889e+14,8.000000e+01
2.015941e+14,8.000000e+01
3.938734e+13,3.020829e+01
1.125142e+13,7.898096e+01
1.116163e+15,8.000000e+01
1.116163e+15,8.000000e+01
1.330528e+13,7.899833e+01
3.712902e+14,8.000000e+01
3.712902e+14,8.000000e+01
2.316995e+13,7.899294e+01
1.316305e+13,7.899788e+01
2.642491e+13,2.684514e+01
5.775187e+13,3.100000e+01
1.363139e+15,8.000000e+01
2.151990e+13,7.898752e+01
5.226233e+13,7.899456e+01
1.704603e+13,7.899440e+01
1.171397e+14,2.089876e+01
5.512994e+13,5.116792e+01
2.716244e+13,7.899502e+01
2.161434e+13,7.897969e+01
5.399938e+13,4.624331e+01
2.390873e+14,5.957580e+01
1.705570e+13,7.896129e+01
3.552504e+13,7.899174e+01
2.105397e+13,7.894089e+01
9.962336e+13,6.612193e+01
9.962336e+13,6.612193e+01
6.464992e+13,5.837467e+01
5.383254e+13,4.546258e+01
7.371637e+13,3.699844e+01
1.479850e+13,6.606372e+01
3.511480e+13,3.074880e+01
3.569888e+13,3.327116e+01
3.989766e+13,3.375161e+01
2.625277e+14,6.666244e+01
1.212940e+13,7.899623e+01
1.109432e+13,7.899740e+01
4.313960e+14,8.000000e+01
2.170665e+13,7.899856e+01
3.406494e+14,8.000000e+01
6.390375e+13,3.909662e+01
1.061993e+14,5.765400e+01
3.046734e+13,7.899689e+01
4.050208e+13,3.303094e+01
4.322009e+16,8.000000e+01
4.322009e+16,8.000000e+01
1.108446e+14,4.456174e+01
1.719348e+13,1.399311e+01
1.960163e+14,8.000000e+01
1.960163e+14,8.000000e+01
1.829106e+13,7.899468e+01
3.053751e+13,3.188987e+01
1.240987e+13,1.699394e+01
4.707790e+13,7.899397e+01
1.505314e+13,7.899129e+01
8.465591e+13,5.230899e+01
1.564300e+13,7.899654e+01
1.531466e+13,7.899763e+01
1.287199e+13,1.699118e+01
4.646859e+13,4.107847e+01
1.530283e+14,5.104781e+01
2.560038e+13,7.898670e+01
8.889815e+13,4.999784e+00
1.863782e+14,8.000000e+01
1.396928e+14,5.122798e+01
2.350997e+13,2.450295e+01
9.148212e+12,7.899802e+01
1.254371e+13,7.899312e+01
7.225214e+13,7.645160e+01
7.225214e+13,5.000002e+00
4.285480e+14,8.000000e+01
4.285480e+14,8.000000e+01
4.285480e+14,8.000000e+01
1.238476e+13,7.897144e+01
6.480405e+13,6.666244e+01
1.006623e+14,5.110787e+01
1.512851e+13,7.899755e+01
4.660805e+13,3.813572e+01
2.870340e+13,2.702531e+01
2.260797e+14,6.089704e+01
1.624812e+14,8.000000e+01
1.324466e+14,8.000000e+01
9.316054e+13,4.291865e+01
2.782255e+13,2.654486e+01
6.475804e+13,4.155892e+01
8.616877e+12,7.899836e+01
2.449195e+14,8.000000e+01
2.449195e+14,8.000000e+01
7.195895e+13,5.519169e+01
4.762341e+16,8.000000e+01
4.066390e+14,8.000000e+01
4.066390e+14,8.000000e+01
1.531164e+13,7.899680e+01
1.729102e+14,8.000000e+01
1.729102e+14,8.000000e+01
2.961843e+13,7.895706e+01
1.240583e+14,8.000000e+01
1.240583e+14,8.000000e+01
8.843377e+13,4.972657e+01
1.075364e+14,4.498213e+01
9.381260e+13,4.077819e+01
8.069272e+13,5.435090e+01
5.223067e+13,3.615386e+01
4.588582e+13,4.065808e+01
3.369525e+13,4.999714e+00
5.198346e+13,7.898550e+01
1.531395e+13,7.897103e+01
7.382557e+13,4.137875e+01
9.832805e+14,8.000000e+01
9.317062e+13,7.675188e+01
9.317062e+13,7.675188e+01
9.317062e+13,7.675188e+01
3.124062e+13,7.898659e+01
1.574308e+14,5.519169e+01
4.176885e+14,8.000000e+01
2.956985e+13,2.888706e+01
2.959320e+13,3.291082e+01
3.791110e+13,7.890538e+01
4.699575e+13,3.363150e+01
1.131987e+13,2.703924e+01
1.494733e+13,7.896509e+01
1.322234e+13,4.999723e+00
5.382663e+13,4.426145e+01
4.329996e+13,4.510224e+01
1.832295e+14,8.000000e+01
1.968566e+13,7.899200e+01
1.530852e+13,6.112414e+01
3.757990e+13,3.477257e+01
2.033188e+15,8.000000e+01
3.235393e+13,4.077819e+01
5.988512e+13,4.648354e+01
8.311122e+14,7.645160e+01
8.736565e+13,5.326989e+01
3.872941e+13,3.537313e+01
2.029156e+13,7.911739e+01
4.917169e+13,4.564275e+01
2.395478e+13,7.899427e+01
4.468066e+13,4.999940e+00
4.468066e+13,4.999956e+00
6.532556e+13,3.807566e+01
1.317937e+14,7.747256e+01
1.627215e+13,7.888915e+01
1.342984e+13,7.899281e+01
1.374472e+15,8.000000e+01
2.647240e+14,8.000000e+01
1.058287e+13,7.899603e+01
2.613554e+13,2.756582e+01
5.094197e+13,3.747510e+01
3.054091e+13,3.188987e+01
1.181468e+13,7.899688e+01
2.156657e+13,7.899540e+01
2.324601e+13,2.258115e+01
1.830188e+13,7.899278e+01
3.149976e+13,7.899001e+01
1.965651e+20,8.000000e+01
1.965651e+20,8.000000e+01
1.965651e+20,8.000000e+01
1.965651e+20,8.000000e+01
1.764320e+14,8.000000e+01
2.412275e+14,8.000000e+01
5.123974e+13,4.999998e+00
5.123974e+13,5.000084e+00
5.123974e+13,7.892978e+01
1.440567e+13,7.898738e+01
2.205839e+13,7.898216e+01
2.320101e+13,1.900000e+01
3.595691e+13,3.489268e+01
3.664188e+13,2.816638e+01
3.684339e+13,3.038846e+01
6.506402e+13,3.795555e+01
1.084190e+14,6.732305e+01
2.534148e+13,2.834655e+01
1.225192e+13,7.899741e+01
2.847240e+14,5.573220e+01
8.713255e+13,4.492207e+01
7.158346e+13,4.005752e+01
2.879162e+13,2.774599e+01
2.028962e+14,7.675188e+01
4.782730e+13,3.561335e+01
1.487401e+13,7.893130e+01
1.994824e+13,7.891489e+01
2.390099e+13,7.897341e+01
2.599317e+13,2.990801e+01
1.199550e+14,7.899834e+01
1.199550e+14,5.000002e+00
1.316252e+13,7.898704e+01
2.711238e+14,8.000000e+01
5.543783e+13,4.504219e+01
1.737962e+13,7.898787e+01
4.067700e+14,7.242783e+01
1.283504e+13,7.896717e+01
9.185017e+12,7.899781e+01
3.822082e+13,7.899601e+01
1.907862e+17,8.000000e+01
1.907862e+17,8.000000e+01
1.907862e+17,8.000000e+01
4.923354e+15,8.000000e+01
4.923354e+15,8.000000e+01
1.281012e+13,7.899216e+01
4.988047e+15,7.615132e+01
7.203467e+13,4.546258e+01
1.721951e+13,7.892343e+01
1.337484e+13,7.899664e+01
1.706309e+14,7.308845e+01
3.234968e+14,8.000000e+01
6.540592e+13,5.741377e+01
3.213313e+13,3.945695e+01
7.800884e+14,8.000000e+01
7.800884e+14,8.000000e+01
5.942466e+13,4.618325e+01
1.506908e+14,6.227833e+01
5.683693e+13,4.702404e+01
1.637615e+13,7.899445e+01
1.554874e+14,8.000000e+01
1.321610e+13,7.894686e+01
1.608618e+15,8.000000e+01
1.599768e+14,8.000000e+01
9.806106e+12,7.899733e+01
2.767753e+13,4.999603e+00
1.437489e+13,7.897683e+01
2.529376e+13,2.648481e+01
6.767458e+13,4.618325e+01
8.069112e+13,4.203937e+01
9.048002e+14,8.000000e+01
1.012567e+20,8.000000e+01
1.012567e+20,8.000000e+01
1.012567e+20,8.000000e+01
2.286090e+13,4.998000e+00
4.325510e+13,3.074880e+01
2.078498e+14,8.000000e+01
2.078498e+14,8.000000e+01
1.439284e+13,7.899276e+01
1.389881e+13,7.899025e+01
1.297111e+13,7.899478e+01
1.411633e+14,7.098648e+01
1.086295e+13,7.899650e+01
7.276078e+13,7.914662e+01
7.276078e+13,7.898475e+01
1.912361e+13,7.898294e+01
2.035137e+14,8.000000e+01
3.450991e+13,7.899303e+01
5.115344e+13,4.636342e+01
1.645235e+13,7.899867e+01
9.442041e+14,8.000000e+01
2.581125e+14,7.374907e+01
5.252237e+13,5.020702e+01
3.453751e+13,2.954767e+01
8.660856e+13,4.672376e+01
1.354896e+13,7.898743e+01
1.775537e+13,2.101384e+01
5.042121e+13,4.702404e+01
1.762895e+13,7.899721e+01
7.284049e+13,4.227960e+01
1.000447e+14,5.537186e+01
2.132711e+13,2.402250e+01
5.131533e+13,5.158832e+01
3.732744e+13,3.176976e+01
3.545529e+14,8.000000e+01
3.545529e+14,8.000000e+01
4.555744e+13,4.528241e+01
1.079307e+14,8.000000e+01
1.773417e+14,6.414007e+01
2.351783e+14,8.000000e+01
2.351783e+14,8.000000e+01
2.351783e+14,8.000000e+01
8.924889e+12,7.899747e+01
3.411858e+13,2.864683e+01
1.629024e+15,8.000000e+01
9.047578e+13,7.855357e+01
9.047578e+13,7.855357e+01
1.854011e+13,7.899510e+01
1.645143e+13,7.899736e+01
8.404416e+13,6.495223e+01
2.239152e+13,7.898562e+01
2.992233e+13,3.140942e+01
3.885529e+13,4.005752e+01
2.388272e+14,8.000000e+01
1.475923e+13,7.896588e+01
1.399856e+13,7.899398e+01
2.402518e+13,4.999241e+00
1.681689e+14,5.705344e+01
4.726807e+13,4.852545e+01
1.213788e+14,5.771405e+01
1.704320e+13,4.999041e+00
1.773881e+13,7.899793e+01
1.658490e+13,7.899623e+01
7.791934e+13,4.999930e+00
5.320851e+13,7.898474e+01
5.320851e+13,5.000014e+00
3.565532e+13,4.999555e+00
4.431323e+14,8.000000e+01
4.431323e+14,8.000000e+01
5.968743e+13,5.423079e+01
5.787403e+13,3.567341e+01
4.818601e+13,4.690393e+01
4.421913e+13,3.537313e+01
2.296261e+13,7.894584e+01
2.373989e+13,2.504346e+01
3.313628e+13,7.899140e+01
1.294150e+13,7.899723e+01
1.241908e+13,7.899768e+01
2.157949e+13,7.890169e+01
8.814610e+13,4.576286e+01
1.230877e+14,4.744444e+01
1.700724e+14,8.000000e+01
1.700724e+14,8.000000e+01
2.157442e+13,7.890664e+01
1.551512e+13,7.898810e+01
3.284948e+13,7.898339e+01
3.591076e+13,3.513290e+01
1.614216e+15,8.000000e+01
1.273279e+13,7.899630e+01
1.605866e+14,8.000000e+01
1.884288e+14,5.068747e+01
3.159933e+13,7.898800e+01
5.737901e+13,3.687454e+01
1.105277e+13,7.899868e+01
3.112800e+13,7.897548e+01
5.601283e+13,5.645287e+01
1.520170e+14,5.152826e+01
2.025591e+13,7.899337e+01
1.117924e+14,6.834401e+01
4.738995e+13,3.261054e+01
1.808216e+13,7.898671e+01
1.489614e+14,6.540125e+01
1.437273e+13,7.899794e+01
1.604273e+14,8.000000e+01
1.604273e+14,8.000000e+01
5.284542e+13,7.899838e+01
5.284542e+13,5.188860e+01
1.262545e+13,7.899188e+01
1.621128e+14,4.804500e+01
1.172433e+14,7.567087e+01
1.744204e+13,7.897320e+01
1.341583e+13,7.898297e+01
1.436902e+13,7.912462e+01
3.270489e+13,5.186015e+01
2.311061e+14,5.945569e+01
2.018281e+13,7.898101e+01
1.298084e+13,7.899305e+01
4.953692e+13,7.899457e+01
5.188690e+13,4.954640e+01
1.317849e+13,7.898720e+01
3.994357e+13,2.840661e+01
4.335096e+13,7.899236e+01
1.881316e+13,7.899557e+01
1.484062e+13,7.899469e+01
4.162559e+14,8.000000e+01
4.162559e+14,8.000000e+01
2.512526e+14,5.441096e+01
4.354763e+14,7.104654e+01
1.555596e+14,7.014570e+01
8.777154e+13,4.312039e+01
1.277391e+13,7.899800e+01
6.938459e+13,4.666370e+01
2.791561e+13,2.870689e+01
1.066405e+14,4.558269e+01
5.870597e+13,3.693459e+01
1.459903e+14,5.248916e+01
2.023984e+14,8.000000e+01
8.461192e+13,4.822517e+01
1.636651e+13,7.897943e+01
1.638971e+13,7.898832e+01
1.668373e+14,5.116792e+01
1.073031e+13,7.899463e+01
2.410574e+13,2.318171e+01
2.804075e+14,6.846412e+01
2.104738e+13,7.899497e+01
1.435259e+13,7.899674e+01
2.714010e+13,3.134936e+01
5.052601e+13,4.029774e+01
1.485766e+13,7.899386e+01
1.919789e+13,7.898511e+01
1.774276e+13,7.899800e+01
3.906489e+14,8.000000e+01
1.564577e+13,7.899466e+01
3.998849e+13,3.861617e+01
1.885308e+14,7.573093e+01
1.834534e+13,7.898778e+01
7.741063e+13,4.113853e+01
1.434273e+14,8.000000e+01
1.434273e+14,8.000000e+01
3.142082e+13,3.231026e+01
2.537948e+13,7.899303e+01
1.573952e+13,7.899565e+01
8.360521e+13,5.735372e+01
1.857880e+13,7.898570e+01
3.810269e+14,8.000000e+01
6.384989e+14,8.000000e+01
6.384989e+14,8.000000e+01
4.363558e+13,3.735499e+01
8.093927e+13,5.351012e+01
5.487672e+13,5.933557e+01
4.332915e+13,7.899289e+01
4.332915e+13,7.899476e+01
3.177475e+13,7.899643e+01
2.113581e+13,2.372222e+01
7.692948e+13,3.903656e+01
9.370130e+12,7.899686e+01
1.867834e+14,8.000000e+01
1.867834e+14,8.000000e+01
4.326534e+13,5.945072e+01
5.339887e+13,5.074753e+01
4.393723e+13,4.678382e+01
2.731223e+13,2.684514e+01
3.586569e+13,3.531307e+01
1.027754e+13,7.899664e+01
1.555883e+13,7.897025e+01
1.434630e+13,7.897854e+01
5.641157e+13,3.453234e+01
4.560471e+13,7.899715e+01
4.560471e+13,7.899372e+01
2.506940e+13,7.899318e+01
9.432908e+12,7.899686e+01
2.290623e+13,2.684514e+01
1.797843e+13,7.899720e+01
2.663705e+13,3.500000e+01
2.895581e+13,3.044852e+01
9.428994e+13,5.999619e+01
2.315872e+13,7.924106e+01
1.914139e+13,7.897461e+01
3.456944e+13,7.898472e+01
3.917955e+13,5.098775e+01
4.938490e+13,3.561335e+01
1.244524e+14,6.858423e+01
4.237890e+13,3.501279e+01
9.307013e+12,7.899749e+01
3.888936e+13,3.140942e+01
1.344131e+13,7.899392e+01
2.454258e+13,7.899709e+01
3.829976e+13,4.125864e+01
9.420958e+13,4.125864e+01
1.735944e+13,2.107051e+01
1.074156e+13,7.899251e+01
4.627438e+13,5.375034e+01
1.650597e+13,7.897328e+01
1.412790e+13,7.899286e+01
1.038913e+15,8.000000e+01
1.038913e+15,8.000000e+01
5.160206e+14,8.000000e+01
9.671792e+13,5.068747e+01
2.860330e+13,2.708537e+01
8.384993e+14,8.000000e+01
5.288507e+13,5.453107e+01
5.704444e+13,7.899206e+01
1.713938e+14,7.194738e+01
1.066246e+14,5.597242e+01
3.847683e+13,3.291082e+01
1.637372e+13,7.899687e+01
5.855158e+13,3.459240e+01
1.117163e+13,7.899397e+01
3.315422e+13,5.000181e+00
3.315422e+13,5.000252e+00
2.948503e+13,3.237032e+01
9.744992e+13,4.606314e+01
1.893731e+14,6.540125e+01
2.043785e+13,2.210070e+01
1.162930e+13,7.899764e+01
1.550260e+14,8.000000e+01
1.550260e+14,5.000000e+00
5.601366e+14,3.892626e+01
2.023384e+14,8.000000e+01
2.357406e+14,8.000000e+01
2.357406e+14,8.000000e+01
2.357406e+14,8.000000e+01
4.199132e+13,3.831589e+01
4.247367e+13,4.288016e+01
1.772562e+13,7.895549e+01
1.215194e+14,8.000000e+01
1.215194e+14,8.000000e+01
3.608667e+14,8.000000e+01
2.068430e+13,7.899735e+01
1.023449e+14,6.053670e+01
1.974078e+13,7.176037e+01
4.370725e+13,3.498795e+01
1.655193e+13,7.899502e+01
3.530593e+13,3.158959e+01
2.235128e+13,7.896306e+01
1.886665e+13,7.899701e+01
1.670431e+13,4.999812e+00
8.524451e+13,6.389985e+01
4.239439e+13,3.219015e+01
4.227715e+13,4.083825e+01
5.471898e+13,3.267060e+01
1.535444e+14,5.326989e+01
2.983471e+14,7.038592e+01
7.841603e+13,4.414134e+01
7.843679e+13,4.095836e+01
3.540724e+13,4.191926e+01
2.173625e+13,7.894685e+01
1.322496e+13,7.899318e+01
5.036432e+14,8.000000e+01
2.910629e+13,3.110914e+01
3.045933e+13,6.299072e+01
3.045933e+13,7.898470e+01
6.254003e+13,4.900590e+01
1.528302e+14,7.332868e+01
7.709186e+15,7.717228e+01
6.720552e+13,5.999619e+01
2.964955e+13,3.255049e+01
8.652039e+13,5.663304e+01
1.682202e+13,7.899005e+01
2.126854e+14,6.023642e+01
3.029647e+13,7.899171e+01
4.642828e+13,3.627397e+01
3.380577e+14,8.000000e+01
3.380577e+14,8.000000e+01
1.379175e+14,8.000000e+01
1.379175e+14,8.000000e+01
5.937616e+13,4.636342e+01
1.420065e+13,3.305159e+01
6.525399e+13,6.822390e+01
2.090182e+13,7.877716e+01
3.708640e+13,3.237032e+01
1.724737e+13,7.899820e+01
1.775213e+13,7.898966e+01
2.085716e+14,5.543192e+01
3.852860e+14,8.000000e+01
3.852860e+14,8.000000e+01
2.848329e+14,8.000000e+01
2.378033e+13,7.899183e+01
2.990757e+13,7.898821e+01
2.990757e+13,4.999981e+00
1.133751e+13,7.899714e+01
4.107071e+13,3.393178e+01
5.589614e+13,7.896065e+01
8.321339e+13,4.594303e+01
2.607027e+14,7.458986e+01
2.607027e+14,7.458986e+01
2.706870e+13,3.074880e+01
2.415776e+13,7.318721e+01
3.282973e+13,7.898484e+01
6.940733e+13,7.855357e+01
5.542396e+13,7.899027e+01
5.542396e+13,7.899853e+01
5.657614e+13,7.899907e+01
1.511209e+13,7.889163e+01
1.626257e+13,7.899603e+01
1.987539e+13,7.898989e+01
9.424111e+13,5.915540e+01
9.424111e+13,5.915540e+01
1.750764e+14,8.000000e+01
4.130264e+13,3.627397e+01
1.023914e+14,4.360084e+01
2.734910e+13,2.840661e+01
7.728136e+13,6.840407e+01
7.728136e+13,7.899410e+01
1.059151e+14,8.000000e+01
1.059151e+14,8.000000e+01
1.059151e+14,8.000000e+01
3.332424e+14,8.000000e+01
1.041190e+14,4.390112e+01
1.523623e+14,4.834528e+01
2.308946e+13,7.899787e+01
2.760387e+13,4.998618e+00
2.316644e+13,2.378227e+01
2.511752e+13,2.540379e+01
1.072033e+13,4.999668e+00
3.600630e+13,4.999368e+00
1.319643e+14,8.000000e+01
4.026641e+13,2.954767e+01
5.898889e+13,2.100000e+01
6.449734e+13,5.000051e+00
6.449734e+13,5.933557e+01
6.360223e+13,4.083825e+01
1.960082e+14,8.000000e+01
9.123444e+13,5.332995e+01
1.126355e+14,6.798367e+01
2.884333e+14,7.591110e+01
2.949651e+13,2.678509e+01
7.420696e+13,7.899391e+01
7.420696e+13,4.999994e+00
1.529434e+13,7.899514e+01
4.506537e+13,7.896110e+01
2.356202e+13,2.468312e+01
1.857793e+13,7.899240e+01
1.660262e+14,6.450041e+01
3.962556e+13,2.499910e+01
1.422502e+13,7.898601e+01
3.016644e+13,6.804296e+01
3.275634e+13,3.387172e+01
1.580525e+13,7.899771e+01
9.583818e+13,5.435090e+01
1.137341e+14,8.000000e+01
1.144177e+14,4.618325e+01
3.785156e+14,8.000000e+01
5.826558e+13,6.113726e+01
9.807403e+12,6.905014e+01
1.560749e+13,7.895665e+01
4.256356e+13,3.837594e+01
5.137082e+13,4.137875e+01
2.349771e+13,7.899379e+01
2.319718e+13,2.522362e+01
1.216171e+13,7.899710e+01
1.144742e+13,7.897053e+01
1.589262e+14,6.257861e+01
6.257334e+13,3.975724e+01
1.834864e+13,7.897701e+01
9.644906e+12,7.899811e+01
1.772860e+15,8.000000e+01
6.278743e+13,4.312039e+01
8.860392e+13,5.879507e+01
6.683442e+13,3.765527e+01
8.097129e+13,7.899128e+01
1.076191e+14,8.000000e+01
1.076191e+14,8.000000e+01
1.076191e+14,8.000000e+01
2.825750e+14,8.000000e+01
2.825750e+14,8.000000e+01
1.262103e+13,7.899860e+01
1.094316e+14,4.948635e+01
3.958504e+13,3.158959e+01
1.400608e+13,7.899664e+01
3.855586e+13,7.944444e+01
1.631756e+13,7.899382e+01
1.489289e+14,5.747383e+01
3.447384e+13,7.899699e+01
1.380422e+13,7.898901e+01
1.672644e+13,7.899653e+01
4.715121e+13,4.768466e+01
2.703517e+13,7.888894e+01
1.682408e+13,7.899841e+01
8.722509e+14,8.000000e+01
3.539777e+13,2.822644e+01
5.312213e+13,4.684387e+01
2.858640e+13,3.381167e+01
3.111655e+14,8.000000e+01
1.499898e+13,7.897195e+01
1.294087e+13,7.897974e+01
1.301940e+13,7.899214e+01
9.553711e+13,4.858550e+01
2.600351e+13,2.768593e+01
9.557263e+12,3.497511e+01
5.042515e+13,3.681448e+01
2.664929e+14,7.470997e+01
2.413099e+13,7.898619e+01
2.933783e+13,7.899798e+01
4.808363e+13,3.801560e+01
7.362301e+13,7.224767e+01
7.362301e+13,4.999995e+00
1.336373e+14,5.681321e+01
1.378143e+14,8.000000e+01
1.378143e+14,8.000000e+01
7.228745e+13,4.456174e+01
6.169743e+14,8.000000e+01
2.148652e+13,7.898381e+01
3.375789e+13,3.297088e+01
4.696265e+17,8.000000e+01
4.696265e+17,8.000000e+01
1.379632e+13,7.899337e+01
4.034565e+13,3.068874e+01
1.935881e+13,7.518265e+01
1.549350e+14,5.441096e+01
2.776647e+13,2.414261e+01
1.125714e+14,6.516103e+01
2.701503e+13,2.660492e+01
3.809075e+13,3.231026e+01
1.177427e+13,7.899840e+01
2.506469e+14,7.008564e+01
2.053148e+13,7.899221e+01
1.962360e+13,2.168031e+01
1.722069e+13,7.899646e+01
3.134076e+13,4.999957e+00
4.273100e+13,3.459240e+01
6.236564e+13,4.161898e+01
2.786167e+13,2.918734e+01
4.194285e+14,8.000000e+01
3.357001e+14,5.585231e+01
1.235410e+14,8.000000e+01
3.704477e+13,7.898328e+01
1.821811e+13,7.897034e+01
1.585184e+14,8.000000e+01
1.705129e+13,7.880800e+01
1.574144e+13,7.898539e+01
2.789611e+13,7.899008e+01
2.325817e+13,2.270126e+01
4.108945e+13,5.387045e+01
6.248707e+13,4.227960e+01
1.017938e+13,7.899840e+01
1.503117e+13,7.896879e+01
1.044823e+13,7.898746e+01
3.074397e+13,7.255324e+01
9.765348e+13,7.537059e+01
1.999702e+13,7.899668e+01
2.096722e+14,8.000000e+01
1.662984e+13,7.897519e+01
1.235242e+14,5.741377e+01
2.855909e+13,3.279071e+01
3.144971e+13,7.864252e+01
3.282285e+13,7.899283e+01
4.062789e+13,4.444162e+01
1.154009e+15,8.000000e+01
2.024446e+13,2.252109e+01
4.129161e+13,3.465245e+01
4.170175e+14,8.000000e+01
4.170175e+14,8.000000e+01
1.969436e+13,7.897642e+01
2.091739e+13,2.348199e+01
2.515273e+13,7.897220e+01
5.007509e+13,7.899655e+01
5.007509e+13,6.251855e+01
1.791191e+13,7.897885e+01
2.585027e+13,7.898710e+01
1.401699e+13,7.899831e+01
5.798437e+14,8.000000e+01
2.082958e+13,7.899669e+01
1.355974e+16,8.000000e+01
1.466768e+13,7.899579e+01
2.431537e+14,5.513164e+01
4.842798e+13,5.339000e+01
1.046218e+14,4.762460e+01
1.421001e+13,7.890526e+01
1.743811e+13,7.899064e+01
1.352552e+13,7.899766e+01
4.771817e+13,3.387172e+01
5.047529e+13,4.035780e+01
1.090799e+13,7.899048e+01
1.861219e+14,8.000000e+01
1.861219e+14,8.000000e+01
1.935581e+14,7.458986e+01
5.804783e+13,3.615386e+01
2.720486e+13,2.918734e+01
1.328644e+13,7.899201e+01
1.863916e+13,7.658871e+01
1.075489e+13,7.899673e+01
4.818229e+13,5.507158e+01
1.959061e+13,7.899709e+01
3.620077e+13,3.170970e+01
1.426942e+13,7.898751e+01
2.923069e+13,7.899404e+01
4.194346e+13,7.899546e+01
4.194346e+13,7.899572e+01
2.276188e+14,7.963458e+01
1.570351e+14,5.783417e+01
1.094763e+14,7.669183e+01
9.975524e+13,7.895382e+01
9.975524e+13,7.916245e+01
9.975524e+13,8.000000e+01
4.826402e+14,7.410941e+01
5.148654e+14,8.000000e+01
3.989825e+13,7.899715e+01
2.893474e+13,2.480323e+01
3.473341e+13,2.996807e+01
1.032365e+13,7.899680e+01
2.091127e+13,7.899019e+01
4.872271e+13,3.729493e+01
6.537510e+13,3.795555e+01
4.033617e+14,8.000000e+01
4.033617e+14,8.000000e+01
2.110400e+14,8.000000e+01
2.270080e+13,7.899457e+01
1.109504e+14,4.564275e+01
1.834584e+13,4.293254e+01
8.040470e+13,4.684387e+01
1.771325e+14,8.000000e+01
1.771325e+14,8.000000e+01
3.267257e+13,3.291082e+01
1.156804e+14,4.816511e+01
2.834363e+13,3.104908e+01
1.093285e+13,7.899845e+01
4.237330e+13,3.525302e+01
6.951099e+13,4.065808e+01
8.926458e+13,3.291082e+01
6.083877e+13,5.747383e+01
4.739088e+13,3.074880e+01
1.909705e+13,7.899076e+01
1.131263e+13,7.908691e+01
2.953105e+13,4.017763e+01
3.152052e+13,2.948762e+01
1.219919e+13,7.899562e+01
1.983010e+13,2.228087e+01
2.439608e+13,7.899115e+01
2.382337e+14,6.870435e+01
7.625448e+13,4.864556e+01
3.050675e+15,8.000000e+01
2.706666e+13,7.899389e+01
3.323872e+13,7.897541e+01
1.251769e+13,7.899055e+01
1.726678e+13,7.893309e+01
2.857483e+14,6.840407e+01
9.933858e+13,6.389985e+01
2.203836e+14,7.525048e+01
2.203836e+14,7.525048e+01
4.424698e+15,8.000000e+01
3.148037e+14,8.000000e+01
3.148037e+14,8.000000e+01
1.728422e+14,5.969591e+01
1.049654e+13,1.700000e+01
2.018919e+13,7.899731e+01
5.771003e+13,4.227960e+01
1.122275e+13,7.899462e+01
5.727435e+15,8.000000e+01
7.429347e+19,8.000000e+01
7.429347e+19,8.000000e+01
7.429347e+19,8.000000e+01
1.728873e+14,8.000000e+01
1.728873e+14,8.000000e+01
1.204300e+13,6.623402e+01
1.540624e+13,7.898504e+01
1.271567e+13,7.899814e+01
1.205634e+13,7.899752e+01
5.662367e+13,4.203937e+01
8.674248e+12,7.893065e+01
2.695263e+13,3.092897e+01
1.316554e+14,8.000000e+01
1.316554e+14,8.000000e+01
5.337620e+13,4.245977e+01
7.040207e+13,7.104654e+01
1.620123e+13,7.899195e+01
1.778323e+13,7.895122e+01
3.042488e+14,5.555203e+01
9.822003e+12,7.897696e+01
1.997690e+14,7.903402e+01
1.150431e+13,7.898201e+01
5.656151e+16,8.000000e+01
5.199694e+14,6.522109e+01
2.712255e+13,4.999858e+00
3.290969e+14,7.266806e+01
1.727840e+13,7.898092e+01
3.882701e+13,3.194992e+01
1.294752e+14,7.669183e+01
2.186784e+15,8.000000e+01
2.186784e+15,8.000000e+01
1.570381e+13,7.898833e+01
1.673376e+14,6.287889e+01
9.837983e+12,7.899643e+01
1.968270e+13,2.216076e+01
3.708704e+13,3.999746e+01
1.984276e+13,7.889224e+01
2.311459e+13,2.468312e+01
3.714443e+13,3.933684e+01
5.150169e+13,3.369156e+01
4.025638e+13,3.104908e+01
9.227980e+12,7.899665e+01
4.516715e+13,3.279071e+01
5.210111e+13,7.899587e+01
5.210111e+13,7.899730e+01
5.210111e+13,4.999998e+00
2.699545e+13,7.892370e+01
9.701877e+12,7.899860e+01
4.519404e+13,3.279071e+01
3.316744e+13,3.188987e+01
3.332810e+13,2.792616e+01
4.654566e+13,3.225021e+01
4.132214e+13,4.699126e+01
4.263542e+13,3.303094e+01
2.258751e+13,7.927568e+01
3.637649e+13,7.891151e+01
2.150041e+14,8.000000e+01
2.150041e+14,8.000000e+01
5.073342e+13,4.143881e+01
6.609817e+13,4.149887e+01
4.027458e+13,4.426145e+01
4.027458e+13,5.000016e+00
2.501529e+13,5.000145e+00
1.338045e+13,7.897717e+01
1.432541e+14,8.000000e+01
1.412925e+14,8.000000e+01
1.412925e+14,8.000000e+01
1.846587e+13,6.678805e+01
1.931629e+13,7.369331e+01
6.629274e+14,7.434963e+01
2.121756e+14,2.300000e+01
1.690731e+13,5.000238e+00
1.113034e+14,7.074626e+01
1.533517e+14,4.810505e+01
2.997036e+13,7.899746e+01
1.748131e+14,7.993487e+01
1.255914e+13,7.898977e+01
1.170029e+13,7.899715e+01
4.227926e+13,7.899505e+01
6.788845e+13,4.065808e+01
4.715957e+13,3.194992e+01
3.929081e+13,2.966779e+01
1.005614e+14,4.594303e+01
4.249731e+14,6.924485e+01
3.525522e+13,3.128931e+01
1.674576e+14,4.906595e+01
1.794058e+14,6.450041e+01
3.136121e+13,7.898696e+01
1.430124e+14,5.513164e+01
2.224540e+14,8.000000e+01
2.083804e+13,7.895686e+01
2.682122e+13,3.279071e+01
3.700714e+14,8.000000e+01
3.700714e+14,8.000000e+01
1.970886e+13,7.899284e+01
1.993036e+13,7.899541e+01
1.723255e+14,6.840407e+01
2.348829e+13,7.153236e+01
2.514224e+13,7.880798e+01
2.118943e+14,6.552137e+01
3.769443e+13,3.128931e+01
8.682996e+13,4.354078e+01
2.499146e+13,7.894081e+01
6.349343e+13,5.182854e+01
8.194281e+13,4.462179e+01
2.617286e+13,7.898375e+01
5.963082e+13,4.059802e+01
3.561370e+14,8.000000e+01
3.561370e+14,8.000000e+01
2.095496e+13,7.899219e+01
1.090473e+13,7.899740e+01
1.123113e+13,7.896911e+01
2.400658e+13,7.895337e+01
1.319993e+14,8.000000e+01
1.319993e+14,8.000000e+01
3.981928e+13,3.561335e+01
2.429522e+14,8.000000e+01
2.274099e+13,7.899765e+01
1.258741e+15,8.000000e+01
1.258741e+15,8.000000e+01
4.554746e+13,3.170970e+01
3.991595e+13,3.128931e+01
1.057631e+13,7.896064e+01
1.162178e+14,4.282010e+01
1.568136e+13,7.899427e+01
3.621486e+14,8.000000e+01
2.310098e+13,7.897420e+01
3.792575e+14,8.000000e+01
1.081850e+14,5.753389e+01
1.634669e+13,7.884612e+01
9.509331e+13,8.000000e+01
2.468603e+13,4.999896e+00
2.922801e+13,7.898629e+01
2.065912e+13,7.899103e+01
3.007233e+13,7.898748e+01
4.715145e+14,8.000000e+01
4.810826e+13,2.300000e+01
9.865956e+13,4.342067e+01
3.270789e+13,2.660492e+01
2.473759e+13,7.899699e+01
2.080268e+13,1.700000e+01
2.203061e+13,7.897394e+01
1.416016e+13,3.499686e+01
5.573786e+13,7.899904e+01
9.978546e+13,4.870562e+01
1.025488e+13,7.899128e+01
5.831976e+13,7.899250e+01
5.831976e+13,7.898613e+01
4.675386e+13,4.372095e+01
7.227429e+13,3.747510e+01
1.455608e+13,1.899836e+01
3.229263e+13,3.399184e+01
5.165503e+13,4.924612e+01
2.096048e+14,5.092770e+01
2.382711e+14,8.000000e+01
2.382711e+14,8.000000e+01
1.567404e+14,8.000000e+01
1.567404e+14,8.000000e+01
1.223389e+14,4.792489e+01
1.446079e+14,4.864556e+01
1.488416e+13,7.899279e+01
2.216057e+15,8.000000e+01
2.216057e+15,8.000000e+01
2.216057e+15,8.000000e+01
1.401829e+13,7.899734e+01
1.550340e+13,4.999866e+00
1.591149e+13,7.898597e+01
2.838889e+13,2.810632e+01
2.353195e+13,7.899533e+01
5.827768e+13,7.899726e+01
1.537148e+14,5.110787e+01
1.360831e+14,5.753389e+01
3.828487e+13,3.471251e+01
5.079122e+13,7.899284e+01
5.079122e+13,7.898454e+01
2.384724e+13,2.702531e+01
2.133495e+16,8.000000e+01
2.133495e+16,8.000000e+01
7.359445e+19,8.000000e+01
7.359445e+19,8.000000e+01
7.359445e+19,8.000000e+01
7.359445e+19,8.000000e+01
4.011654e+20,8.000000e+01
4.011654e+20,8.000000e+01
4.011654e+20,8.000000e+01
4.011654e+20,8.000000e+01
4.011654e+20,8.000000e+01
4.011654e+20,8.000000e+01
4.011654e+20,8.000000e+01
4.011654e+20,8.000000e+01
3.246071e+13,2.299146e+01
8.423387e+13,4.336061e+01
2.466131e+13,5.000042e+00
5.210672e+13,4.330055e+01
2.556288e+14,4.918607e+01
4.002659e+15,8.000000e+01
4.002659e+15,8.000000e+01
4.320082e+13,3.417200e+01
2.679088e+13,7.889076e+01
3.503556e+13,3.164964e+01
1.451869e+13,7.898576e+01
1.104862e+13,7.898833e+01
2.190924e+13,7.899090e+01
1.123107e+14,6.426019e+01
1.803137e+13,7.899645e+01
4.735691e+13,3.585358e+01
6.570542e+13,6.281884e+01
6.570542e+13,6.281884e+01
1.216101e+13,4.999878e+00
1.166098e+18,8.000000e+01
2.006862e+13,7.896818e+01
1.822618e+13,7.899640e+01
8.746851e+13,4.695367e+01
3.203284e+13,2.936751e+01
2.312145e+13,4.999898e+00
1.374611e+14,7.122671e+01
1.085791e+13,7.899684e+01
1.529595e+13,4.999118e+00
6.923005e+13,4.113853e+01
3.437888e+13,3.267060e+01
7.674415e+13,5.645287e+01
3.207162e+13,7.896226e+01
1.009565e+14,2.899281e+01
1.133896e+13,4.999827e+00
2.463732e+13,3.299590e+01
1.330515e+13,7.899758e+01
2.176080e+13,2.246104e+01
2.888609e+13,2.690520e+01
2.232533e+13,7.894525e+01
2.090016e+13,7.899372e+01
5.013072e+13,7.899649e+01
1.248064e+15,8.000000e+01
2.151154e+13,7.893934e+01
6.709754e+13,7.898649e+01
6.709754e+13,4.999975e+00
3.353692e+13,7.898499e+01
7.269434e+13,5.164837e+01
3.140144e+13,7.899797e+01
5.328231e+13,7.899325e+01
4.370538e+14,6.672249e+01
2.593754e+14,5.867495e+01
1.407466e+13,7.899283e+01
3.450611e+13,3.122925e+01
9.676105e+13,4.215949e+01
7.977375e+14,8.000000e+01
4.273316e+13,4.348072e+01
1.897432e+14,5.453107e+01
3.520515e+13,3.573347e+01
1.131239e+14,5.044725e+01
2.330083e+13,2.516357e+01
2.043071e+13,7.899425e+01
1.947569e+13,7.926353e+01
1.947627e+13,2.258115e+01
1.257181e+13,7.899857e+01
1.364867e+13,7.899198e+01
1.326259e+13,7.899762e+01
3.483688e+13,4.999961e+00
4.046576e+14,8.000000e+01
3.617335e+13,7.899863e+01
3.617335e+13,7.899754e+01
7.763164e+13,4.360084e+01
3.548471e+13,4.999861e+00
1.371822e+13,7.898874e+01
2.410890e+13,2.700000e+01
4.037328e+13,4.999963e+00
3.139948e+13,3.098902e+01
4.450468e+13,3.621392e+01
5.387342e+13,5.212882e+01
2.547344e+13,7.894747e+01
2.959326e+13,7.899630e+01
1.461658e+13,7.909437e+01
6.752051e+15,8.000000e+01
1.703342e+13,7.899143e+01
4.476636e+13,3.020829e+01
2.230899e+14,5.296961e+01
1.766945e+13,7.897283e+01
2.670880e+13,2.330182e+01
1.053574e+14,7.923047e+01
1.053574e+14,7.899853e+01
5.570736e+13,7.897567e+01
4.546335e+13,4.137875e+01
1.698284e+13,7.491089e+01
1.959187e+14,8.000000e+01
3.498312e+13,3.651420e+01
2.724293e+14,3.066154e+01
3.822070e+13,2.990801e+01
1.092734e+13,7.899541e+01
8.659992e+13,5.699338e+01
5.135892e+15,8.000000e+01
1.280166e+14,8.000000e+01
1.280166e+14,8.000000e+01
3.207194e+13,3.068874e+01
1.116094e+14,6.263867e+01
7.845369e+13,4.378100e+01
3.565923e+13,3.441223e+01
1.521479e+14,7.134682e+01
1.322011e+13,7.899296e+01
5.002545e+13,3.831589e+01
1.244582e+13,7.898218e+01
1.280342e+13,7.898742e+01
5.825774e+13,3.243037e+01
9.200290e+13,4.612320e+01
4.223915e+13,3.086891e+01
1.668794e+13,7.898006e+01
1.808485e+14,6.119732e+01
4.264715e+13,6.041659e+01
2.449724e+13,2.684514e+01
6.175570e+13,3.441223e+01
1.989990e+14,5.411068e+01
1.061618e+15,8.000000e+01
1.061618e+15,8.000000e+01
8.377608e+13,5.453107e+01
2.218065e+14,8.000000e+01
1.011342e+15,8.000000e+01
1.516135e+13,7.911432e+01
2.113390e+16,8.000000e+01
3.058585e+13,2.624458e+01
1.216039e+14,4.978663e+01
3.471663e+13,4.107518e+01
3.471663e+13,7.889609e+01
4.714103e+13,1.897772e+01
4.491711e+13,3.591364e+01
4.981907e+13,3.591364e+01
3.526420e+13,3.405189e+01
1.607612e+14,8.000000e+01
1.607612e+14,8.000000e+01
1.607612e+14,8.000000e+01
2.542709e+13,2.396244e+01
1.503609e+13,7.898186e+01
6.124146e+14,8.000000e+01
6.124146e+14,8.000000e+01
3.842380e+13,4.053797e+01
1.367494e+13,7.396958e+01
9.559166e+12,7.898469e+01
1.807278e+13,7.899738e+01
1.199623e+14,8.000000e+01
1.199623e+14,8.000000e+01
1.199623e+14,8.000000e+01
5.839541e+13,3.441223e+01
4.701824e+13,3.873628e+01
2.347145e+13,7.899624e+01
1.265151e+13,7.899709e+01
1.401867e+13,7.899214e+01
1.651889e+13,7.899033e+01
3.422284e+13,3.002812e+01
3.903818e+13,3.074880e+01
1.363518e+15,8.000000e+01
1.115394e+13,7.899674e+01
6.781507e+13,3.477257e+01
2.534896e+13,7.738715e+01
8.915360e+12,7.899846e+01
6.087249e+13,3.477257e+01
5.108166e+13,3.735499e+01
2.037128e+13,2.318171e+01
7.564554e+13,3.807566e+01
1.962591e+13,7.899060e+01
3.313271e+13,7.899974e+01
3.313271e+13,7.899670e+01
2.458853e+13,2.570407e+01
5.770344e+13,3.963712e+01
6.746298e+13,5.915540e+01
5.636387e+13,3.603375e+01
2.340556e+13,4.998788e+00
4.776921e+13,4.336061e+01
1.478132e+13,7.899688e+01
3.691622e+13,7.899824e+01
2.101252e+13,4.998378e+00
3.072700e+13,3.465245e+01
1.554644e+14,4.251982e+01
8.310189e+13,5.777411e+01
1.777720e+13,5.060214e+01
1.948868e+13,7.918394e+01
2.796485e+14,5.453107e+01
1.745622e+13,4.119830e+01
1.214683e+13,4.999814e+00
6.361687e+15,8.000000e+01
6.361687e+15,8.000000e+01
2.703427e+13,7.897086e+01
9.246530e+13,4.209943e+01
2.837212e+13,7.897606e+01
2.196880e+13,7.899007e+01
2.740137e+13,7.899880e+01
1.723331e+13,7.899448e+01
1.545507e+13,7.891009e+01
9.565740e+13,4.336061e+01
1.357878e+14,8.000000e+01
1.357878e+14,8.000000e+01
3.210904e+13,2.834655e+01
2.016327e+13,7.899643e+01
3.983842e+13,7.896118e+01
7.242004e+13,4.660365e+01
2.275685e+13,7.898023e+01
4.769786e+15,8.000000e+01
4.769786e+15,8.000000e+01
1.201803e+13,7.899838e+01
2.238406e+13,2.900000e+01
1.637724e+13,7.898522e+01
1.272545e+13,7.899075e+01
1.369183e+13,7.899683e+01
1.645398e+13,7.878275e+01
1.615496e+13,7.898965e+01
2.373197e+14,8.000000e+01
2.373197e+14,8.000000e+01
2.971407e+15,8.000000e+01
2.971407e+15,8.000000e+01
2.157823e+14,6.341940e+01
3.137760e+14,7.615132e+01
1.305244e+14,5.290955e+01
2.339302e+13,7.899281e+01
1.082035e+14,4.552264e+01
5.327980e+13,2.295222e+01
1.959891e+13,6.952774e+01
1.356686e+13,7.899253e+01
3.741133e+13,7.899556e+01
1.237876e+14,5.302967e+01
2.179385e+13,7.899665e+01
3.811907e+14,8.000000e+01
3.811907e+14,8.000000e+01
3.569014e+14,7.428958e+01
1.595068e+13,7.899632e+01
2.419533e+14,5.290955e+01
5.010921e+13,3.417200e+01
1.165225e+14,2.499653e+01
3.093228e+13,3.627397e+01
2.325109e+14,6.173782e+01
4.403943e+13,3.182981e+01
2.961963e+13,3.429212e+01
9.716347e+12,7.899858e+01
1.600591e+13,7.899432e+01
2.675686e+14,6.552137e+01
2.359076e+14,8.000000e+01
1.440872e+14,5.807439e+01
1.041909e+13,7.898489e+01
2.114031e+13,7.899774e+01
9.974274e+13,5.747383e+01
9.646158e+13,2.694215e+01
1.883379e+13,7.899291e+01
7.071097e+13,3.885639e+01
1.337545e+13,7.898930e+01
3.139880e+13,3.813572e+01
3.611140e+14,8.000000e+01
6.926462e+13,4.546258e+01
5.972463e+13,7.896531e+01
2.813484e+13,2.930745e+01
6.606029e+13,6.179788e+01
4.922815e+13,3.579352e+01
7.369349e+13,7.573093e+01
2.061316e+13,7.892508e+01
1.264672e+14,8.000000e+01
3.315145e+13,3.116919e+01
2.989575e+13,2.702531e+01
1.627954e+13,7.897622e+01
1.193275e+14,8.000000e+01
3.836095e+14,8.000000e+01
3.836095e+14,8.000000e+01
3.640445e+13,7.899489e+01
3.187732e+14,8.000000e+01
3.187732e+14,8.000000e+01
3.187732e+14,8.000000e+01
9.006458e+13,4.816511e+01
4.358902e+13,3.291082e+01
2.114640e+13,7.897416e+01
9.277616e+13,7.008564e+01
4.152417e+13,5.206877e+01
1.643479e+13,7.898833e+01
5.072565e+13,3.315105e+01
2.009274e+13,6.905434e+01
2.764814e+13,7.910937e+01
2.764814e+13,7.917362e+01
6.137063e+13,4.684387e+01
4.013227e+13,3.555330e+01
1.472782e+13,6.911572e+01
1.437933e+13,3.694993e+01
2.474063e+13,7.694920e+01
1.508282e+13,7.899193e+01
1.354922e+14,7.212755e+01
2.518422e+14,8.000000e+01
2.261171e+13,7.933802e+01
1.874046e+13,7.899376e+01
2.716412e+13,2.822644e+01
2.555076e+13,2.918734e+01
8.324258e+13,6.630210e+01
8.324258e+13,6.630210e+01
2.369674e+13,2.468312e+01
8.648855e+13,2.990801e+01
3.338462e+13,2.894711e+01
2.617297e+13,2.462306e+01
4.319942e+13,4.558269e+01
2.443023e+14,6.191799e+01
1.518138e+13,7.899015e+01
8.540841e+13,8.000000e+01
8.540841e+13,8.000000e+01
4.705861e+13,3.747510e+01
2.073264e+13,7.918636e+01
3.262555e+13,7.898768e+01
2.732081e+13,7.893507e+01
1.787344e+13,7.899737e+01
1.557787e+14,8.000000e+01
1.096307e+14,4.684387e+01
2.516017e+13,7.899758e+01
1.108356e+14,6.570154e+01
1.327487e+13,5.277467e+01
3.919879e+14,8.000000e+01
3.919879e+14,8.000000e+01
1.572579e+13,7.897942e+01
5.567049e+14,6.588170e+01
1.063096e+13,7.899796e+01
6.443720e+13,7.899486e+01
2.851441e+14,7.885385e+01
1.782432e+14,5.681321e+01
1.324682e+13,7.865910e+01
4.481951e+13,4.432151e+01
4.438598e+13,3.483262e+01
2.002536e+13,7.899540e+01
6.102987e+13,4.288016e+01
9.843605e+12,7.899689e+01
1.360019e+14,5.585231e+01
1.153930e+13,7.899514e+01
5.925934e+13,3.879634e+01
3.061142e+13,3.074880e+01
1.324037e+13,5.891591e+01
2.166812e+14,8.000000e+01
2.166812e+14,8.000000e+01
2.835000e+14,8.000000e+01
3.476396e+13,2.918734e+01
8.041095e+13,6.395990e+01
2.806526e+13,7.898968e+01
1.336553e+14,8.000000e+01
2.002546e+13,7.898903e+01
5.118844e+13,3.951701e+01
7.841461e+13,5.296961e+01
6.304321e+13,4.900590e+01
1.944010e+14,8.000000e+01
1.429543e+13,7.898215e+01
2.693049e+13,2.798621e+01
5.100421e+14,8.000000e+01
2.520303e+13,2.552391e+01
2.754921e+14,6.786356e+01
1.449227e+13,7.899400e+01
9.487553e+12,7.898656e+01
1.643304e+14,5.441096e+01
2.523958e+13,4.998835e+00
2.693775e+13,2.606441e+01
1.582801e+13,7.899324e+01
1.822990e+14,8.000000e+01
8.408265e+13,3.597369e+01
7.470843e+13,3.855611e+01
4.818756e+13,3.819577e+01
6.177309e+13,5.242910e+01
2.085459e+13,2.707799e+01
2.414295e+13,2.534374e+01
2.042781e+14,8.000000e+01
3.837135e+14,6.534120e+01
9.074512e+14,8.000000e+01
6.013264e+13,4.984669e+01
7.721417e+13,5.717355e+01
1.452330e+13,5.000174e+00
1.867437e+13,7.899774e+01
3.771747e+14,5.525175e+01
2.722124e+13,7.899291e+01
3.048605e+14,8.000000e+01
3.253554e+13,3.068874e+01
1.215966e+13,7.899700e+01
2.137411e+14,6.654232e+01
5.465838e+13,4.155892e+01
2.320146e+13,7.898841e+01
1.583269e+13,7.899788e+01
7.620657e+13,6.239844e+01
4.552476e+13,3.549324e+01
7.652760e+13,3.705470e+01
1.767770e+13,7.897506e+01
3.228453e+13,7.899684e+01
2.947699e+13,7.894014e+01
1.444991e+13,7.898645e+01
1.003027e+13,7.899745e+01
1.626061e+13,7.899707e+01
2.906775e+13,7.899078e+01
2.055477e+13,7.894391e+01
4.916052e+13,4.618325e+01
3.144762e+13,5.000076e+00
1.071880e+13,7.897437e+01
2.615285e+14,8.000000e+01
9.722375e+13,7.002558e+01
1.156427e+13,7.898114e+01
2.444058e+13,2.552391e+01
1.690692e+14,5.867495e+01
9.317406e+13,5.056736e+01
5.721571e+13,3.825583e+01
7.492000e+13,4.930618e+01
3.542405e+13,2.822644e+01
8.351617e+13,5.320984e+01
1.021225e+14,6.600182e+01
1.021225e+14,6.600182e+01
8.670519e+13,4.095836e+01
2.751207e+13,7.897664e+01
1.211095e+14,4.600309e+01
2.183125e+13,7.895774e+01
4.132596e+13,4.179915e+01
5.686238e+13,4.071814e+01
2.959936e+15,8.000000e+01
7.574377e+13,6.912474e+01
7.574377e+13,6.912474e+01
3.669603e+13,2.864683e+01
2.562781e+13,2.414261e+01
6.648022e+13,7.900000e+01
6.648022e+13,7.936562e+01
2.703264e+13,6.638139e+01
4.384867e+13,3.399184e+01
1.444328e+13,7.899540e+01
1.363209e+13,4.698851e+01
1.249929e+13,7.899655e+01
1.120204e+13,7.899705e+01
2.522537e+13,7.896981e+01
8.857501e+13,4.336061e+01
5.387420e+13,4.999891e+00
5.387420e+13,5.000150e+00
7.119448e+13,5.477130e+01
7.317811e+14,7.819323e+01
2.160718e+13,7.898616e+01
2.203333e+13,7.898956e+01
4.141601e+13,7.898778e+01
3.091314e+13,7.898896e+01
1.555644e+14,8.000000e+01
1.555644e+14,8.000000e+01
8.352572e+13,5.266933e+01
3.158507e+13,4.999975e+00
1.234705e+13,7.898047e+01
1.351912e+13,7.899059e+01
1.839887e+13,7.899106e+01
2.352077e+13,7.896993e+01
8.528720e+12,7.899823e+01
2.935218e+13,7.896674e+01
1.611758e+13,7.898835e+01
7.522281e+13,5.008691e+01
7.814855e+13,4.330055e+01
1.148490e+13,7.796995e+01
2.046098e+14,8.000000e+01
4.436256e+13,5.000160e+00
3.900415e+13,3.273066e+01
3.477840e+13,7.894269e+01
1.383338e+14,7.899840e+01
2.426988e+13,2.690520e+01
2.409721e+13,2.534374e+01
1.361388e+13,7.899661e+01
3.116772e+14,8.000000e+01
8.466585e+13,7.128677e+01
3.725490e+13,7.899881e+01
7.954111e+13,4.420140e+01
8.247904e+13,4.354078e+01
2.513884e+13,2.564402e+01
1.166337e+13,7.899719e+01
1.388233e+13,7.899215e+01
2.134507e+14,8.000000e+01
1.540534e+13,7.897268e+01
4.716916e+14,6.660238e+01
1.955714e+14,7.999492e+01
3.990872e+13,3.080886e+01
3.775710e+13,7.402104e+01
1.141254e+14,8.000000e+01
2.185024e+13,7.897076e+01
1.968913e+13,7.898521e+01
1.660163e+13,7.899470e+01
7.736800e+13,6.948508e+01
8.892583e+13,4.348072e+01
5.302326e+14,8.000000e+01
5.661819e+14,8.000000e+01
5.661819e+14,8.000000e+01
1.137461e+14,5.290955e+01
1.086450e+13,7.899800e+01
1.561832e+13,7.897373e+01
2.601402e+13,2.576413e+01
1.086654e+14,8.000000e+01
3.580715e+13,2.768593e+01
2.579625e+13,4.997919e+00
2.979117e+13,2.738565e+01
1.332064e+14,6.906468e+01
1.332064e+14,6.906468e+01
1.387614e+13,5.072497e+01
3.284075e+13,2.834655e+01
2.198409e+13,2.480323e+01
3.127792e+13,2.654486e+01
6.945087e+13,4.137875e+01
1.723393e+13,7.917343e+01
3.788507e+13,2.930745e+01
2.076146e+13,7.897517e+01
1.632479e+14,7.591110e+01
1.051047e+14,4.690393e+01
1.579195e+14,8.000000e+01
1.579195e+14,8.000000e+01
2.363071e+14,7.470997e+01
1.259094e+13,7.899830e+01
6.418173e+13,2.696526e+01
8.195446e+13,5.957580e+01
1.218775e+13,7.897391e+01
3.537284e+13,3.903656e+01
7.782032e+13,3.861617e+01
2.638451e+14,5.969591e+01
1.772735e+14,8.000000e+01
1.504145e+13,7.825118e+01
3.222409e+13,2.996807e+01
7.474647e+14,8.000000e+01
7.474647e+14,8.000000e+01
7.474647e+14,8.000000e+01
1.680653e+13,1.500000e+01
3.497558e+13,3.357144e+01
1.268852e+13,7.899548e+01
1.660541e+13,7.919318e+01
2.245395e+14,8.000000e+01
5.177040e+13,3.729493e+01
1.477086e+13,7.897743e+01
1.859420e+13,7.898690e+01
1.041265e+14,8.000000e+01
1.149498e+14,7.711222e+01
3.449595e+13,7.899839e+01
1.316350e+13,4.999648e+00
5.890033e+13,3.327116e+01
1.846982e+13,7.899682e+01
9.656462e+14,8.000000e+01
9.656462e+14,8.000000e+01
1.092479e+14,4.999993e+00
5.631075e+13,3.411195e+01
1.388264e+15,8.000000e+01
1.388264e+15,8.000000e+01
4.542339e+13,7.899436e+01
1.474054e+13,7.899492e+01
2.302345e+13,7.888436e+01
1.794735e+14,6.876440e+01
1.204428e+13,7.896943e+01
3.660132e+13,7.899431e+01
2.634795e+13,7.897071e+01
4.656018e+13,4.360084e+01
2.507291e+13,7.888286e+01
1.333536e+13,7.897474e+01
2.111963e+13,7.895876e+01
1.205946e+15,8.000000e+01
3.072063e+13,3.483262e+01
8.675396e+13,4.269999e+01
1.034325e+14,7.074626e+01
1.478605e+13,7.898668e+01
4.061030e+13,2.858677e+01
5.340734e+13,3.879634e+01
2.683591e+13,2.738565e+01
2.507820e+13,4.998876e+00
7.017559e+13,5.375034e+01
3.063519e+13,7.899763e+01
2.879498e+13,3.717482e+01
1.698537e+14,8.000000e+01
2.759043e+13,2.810632e+01
1.465485e+13,7.899569e+01
1.999061e+13,7.899157e+01
6.753697e+13,2.496133e+01
6.610700e+13,7.386918e+01
7.661624e+14,8.000000e+01
7.661624e+14,8.000000e+01
8.648650e+13,6.414007e+01
4.220982e+13,4.678382e+01
4.321343e+13,7.899908e+01
4.321343e+13,7.898695e+01
2.019880e+13,7.899223e+01
1.255732e+14,4.828522e+01
1.087166e+14,7.609127e+01
2.120322e+13,7.899467e+01
1.845287e+14,8.000000e+01
1.845287e+14,8.000000e+01
1.099051e+13,7.897597e+01
1.194960e+13,7.899166e+01
4.734857e+13,4.498213e+01
4.729585e+13,4.864556e+01
2.975406e+13,2.726554e+01
1.012234e+13,7.899720e+01
2.911308e+13,3.321111e+01
2.187815e+13,7.895243e+01
5.322237e+13,7.705217e+01
1.609548e+14,8.000000e+01
1.609548e+14,8.000000e+01
1.577776e+14,8.000000e+01
1.577776e+14,8.000000e+01
1.577776e+14,8.000000e+01
3.013590e+13,2.582419e+01
1.255404e+13,7.899502e+01
1.034403e+14,5.741377e+01
1.208086e+14,4.660365e+01
3.700976e+14,8.000000e+01
1.165368e+13,7.899487e+01
1.642481e+14,8.000000e+01
1.642481e+14,8.000000e+01
2.493264e+13,2.540379e+01
2.676506e+15,8.000000e+01
4.962615e+13,6.948508e+01
6.770443e+13,4.684387e+01
2.046873e+14,8.000000e+01
2.046873e+14,8.000000e+01
2.319312e+14,7.825329e+01
2.461113e+13,2.099945e+01
4.678314e+13,3.357144e+01
8.654058e+13,4.354078e+01
2.407026e+13,7.899237e+01
7.472798e+13,5.405062e+01
7.472798e+13,5.405062e+01
1.549320e+14,8.000000e+01
1.680607e+13,7.895449e+01
7.727159e+13,4.894584e+01
4.644441e+13,7.898902e+01
4.644441e+13,7.899810e+01
1.894144e+14,5.885512e+01
1.949504e+13,3.292328e+01
2.990100e+13,2.516357e+01
2.503912e+13,7.899120e+01
3.527706e+13,7.889859e+01
1.577747e+13,7.899630e+01
7.299895e+13,4.354078e+01
1.433595e+13,7.895023e+01
1.564469e+13,7.898250e+01
7.767639e+13,4.846539e+01
6.143434e+13,4.318044e+01
8.707191e+13,5.248916e+01
3.436731e+13,7.897114e+01
9.934239e+13,8.000000e+01
1.516869e+13,7.899770e+01
1.943346e+13,7.893461e+01
4.919771e+13,4.107847e+01
2.451824e+14,8.000000e+01
6.902881e+13,5.603248e+01
6.902881e+13,5.603248e+01
3.513277e+14,8.000000e+01
3.513277e+14,8.000000e+01
9.634625e+13,5.603248e+01
1.148572e+13,7.899749e+01
2.679629e+13,7.936202e+01
9.686015e+13,8.000000e+01
9.686015e+13,8.000000e+01
1.786044e+13,7.897793e+01
9.459337e+12,7.894822e+01
6.473626e+13,5.369029e+01
1.464826e+13,7.899255e+01
3.500180e+13,7.897930e+01
2.533782e+14,8.000000e+01
1.171332e+13,7.899644e+01
1.354719e+13,1.500000e+01
1.963184e+14,5.164837e+01
2.507102e+13,5.000856e+00
2.651919e+13,2.768593e+01
1.499378e+14,5.170843e+01
5.895872e+13,3.279071e+01
1.438322e+13,7.889308e+01
1.145013e+13,7.899169e+01
1.080424e+13,4.999725e+00
5.266038e+13,5.314978e+01
1.646109e+13,7.898450e+01
2.211271e+13,7.898327e+01
3.282267e+13,7.898557e+01
1.819209e+13,7.898848e+01
1.612778e+13,7.899813e+01
3.193774e+14,8.000000e+01
7.961942e+13,5.561209e+01
2.600512e+14,8.000000e+01
2.600512e+14,8.000000e+01
3.629874e+14,8.000000e+01
2.013425e+13,7.898180e+01
1.497464e+13,7.899420e+01
2.090574e+14,8.000000e+01
2.090574e+14,8.000000e+01
1.152616e+13,7.899429e+01
2.433687e+14,8.000000e+01
2.433687e+14,8.000000e+01
2.818104e+14,6.876440e+01
9.668465e+13,6.137749e+01
1.343050e+14,7.122671e+01
1.343050e+14,7.122671e+01
1.402250e+13,7.899624e+01
9.884869e+13,8.000000e+01
4.782911e+14,6.498086e+01
6.349972e+13,2.485561e+01
1.333863e+14,5.879507e+01
8.459777e+13,5.993614e+01
8.459777e+13,5.993614e+01
1.458568e+14,7.912209e+01
1.820386e+13,7.898159e+01
9.779553e+13,7.981475e+01
4.969148e+13,7.899430e+01
2.699829e+13,4.999442e+00
1.592549e+14,4.876567e+01
5.535934e+13,4.257988e+01
2.518151e+13,7.899935e+01
2.518151e+13,7.899898e+01
4.769553e+13,7.899268e+01
9.499526e+12,1.300000e+01
5.843968e+13,3.369156e+01
1.035152e+13,7.899718e+01
7.209253e+14,8.000000e+01
6.910933e+15,8.000000e+01
5.289593e+13,7.899647e+01
2.534845e+13,7.888816e+01
7.995909e+13,8.000000e+01
8.499949e+13,5.038719e+01
1.068018e+13,7.898769e+01
2.610344e+13,3.855611e+01
4.997667e+13,3.819577e+01
2.689121e+14,8.000000e+01
1.871332e+14,8.000000e+01
6.501187e+14,8.000000e+01
6.501187e+14,8.000000e+01
9.853396e+13,6.966525e+01
2.439824e+14,2.700000e+01
1.671775e+13,7.899866e+01
1.899307e+14,8.000000e+01
7.373382e+13,5.152826e+01
6.721229e+14,8.000000e+01
5.512179e+13,7.894822e+01
8.000607e+14,8.000000e+01
8.000607e+14,8.000000e+01
8.000607e+14,8.000000e+01
8.000607e+14,8.000000e+01
8.000607e+14,8.000000e+01
2.931179e+13,3.080886e+01
3.189136e+13,3.423206e+01
1.427675e+14,8.000000e+01
1.427675e+14,8.000000e+01
8.432673e+13,5.585231e+01
8.836510e+13,4.990674e+01
8.289605e+14,8.000000e+01
8.289605e+14,8.000000e+01
1.742784e+14,8.000000e+01
1.505344e+14,5.417074e+01
1.122100e+14,7.410941e+01
1.269032e+14,4.318044e+01
3.378041e+13,4.005752e+01
7.944525e+13,4.888579e+01
4.631907e+13,4.306033e+01
7.269904e+13,5.855484e+01
4.604700e+13,3.663431e+01
3.870053e+14,8.000000e+01
1.817519e+13,7.882730e+01
2.767343e+16,8.000000e+01
3.683605e+13,3.146947e+01
1.244419e+13,7.899558e+01
5.743247e+13,8.000000e+01
2.225812e+13,7.899161e+01
2.721503e+17,8.000000e+01
1.017397e+14,4.822517e+01
1.315953e+13,7.898024e+01
1.321462e+13,7.899390e+01
7.670518e+13,3.603375e+01
1.789439e+14,8.000000e+01
2.186821e+14,5.140815e+01
6.528218e+13,7.945442e+01
4.121029e+13,3.453234e+01
2.403454e+13,2.432278e+01
2.051629e+14,8.000000e+01
2.051629e+14,8.000000e+01
2.051629e+14,8.000000e+01
7.153730e+13,8.000000e+01
3.019102e+13,3.128931e+01
1.666256e+13,7.896120e+01
1.857388e+13,7.899533e+01
3.939627e+13,3.309099e+01
3.565779e+13,4.402123e+01
2.680934e+13,2.540379e+01
1.668223e+13,7.899812e+01
2.119201e+13,7.898495e+01
3.932181e+13,3.441223e+01
6.022927e+13,3.531307e+01
8.529352e+13,7.897986e+01
3.986239e+13,7.898693e+01
3.267085e+13,7.894983e+01
2.578450e+13,7.899030e+01
1.127559e+14,8.000000e+01
3.162327e+13,4.107847e+01
1.483245e+14,8.000000e+01
1.483245e+14,8.000000e+01
1.336003e+13,7.899314e+01
2.905917e+13,2.810632e+01
5.795490e+13,7.899682e+01
3.534859e+14,7.573093e+01
1.149387e+14,4.606314e+01
2.068225e+13,2.438284e+01
9.982957e+12,7.898912e+01
2.733633e+14,5.465119e+01
2.128744e+13,7.899130e+01
2.760485e+14,7.080632e+01
2.547277e+13,7.899349e+01
2.513130e+13,2.408256e+01
3.419652e+13,2.930745e+01
6.515902e+13,5.296961e+01
4.184081e+13,3.207004e+01
7.233241e+13,3.735499e+01
1.563858e+13,6.305668e+01
4.424104e+13,5.765400e+01
1.774503e+15,8.000000e+01
1.774503e+15,8.000000e+01
2.539959e+13,7.897939e+01
2.160856e+13,7.898797e+01
3.535881e+13,3.369156e+01
2.820422e+13,2.698780e+01
2.718926e+13,2.822644e+01
2.738620e+13,2.978790e+01
2.999130e+13,3.339127e+01
8.046810e+13,4.828522e+01
1.958902e+14,6.522109e+01
1.885744e+14,7.945442e+01
1.175259e+13,7.897799e+01
1.384470e+13,7.899128e+01
1.387377e+14,7.813318e+01
2.150760e+13,2.318171e+01
5.746905e+13,4.636342e+01
3.422940e+13,2.906722e+01
2.400377e+13,2.606441e+01
1.216444e+14,5.657299e+01
4.887877e+13,4.999952e+00
4.887877e+13,5.000070e+00
5.736952e+13,5.483135e+01
2.900720e+14,5.669310e+01
1.894598e+14,5.525175e+01
8.630699e+13,6.486075e+01
1.251291e+13,7.899263e+01
2.049995e+13,7.899291e+01
1.555469e+13,7.899547e+01
2.994018e+13,2.912728e+01
2.621453e+13,7.899401e+01
2.722448e+13,3.897158e+01
5.481658e+13,3.573347e+01
2.192178e+13,7.923125e+01
3.352174e+13,5.579225e+01
1.154779e+13,7.899777e+01
9.987761e+12,7.899857e+01
9.931538e+13,7.110660e+01
1.436010e+15,8.000000e+01
1.770487e+13,7.899510e+01
1.715159e+13,7.897599e+01
1.281977e+13,7.897501e+01
2.895626e+13,3.080886e+01
3.389495e+14,8.000000e+01
1.210479e+14,7.687200e+01
1.397202e+13,7.899446e+01
8.332802e+17,8.000000e+01
1.009508e+13,7.899874e+01
1.057110e+13,7.899745e+01
2.529819e+13,4.999676e+00
2.672472e+13,7.899010e+01
1.571373e+13,7.899664e+01
2.264534e+14,7.777284e+01
2.264534e+14,7.777284e+01
1.676836e+14,8.000000e+01
9.535189e+13,6.191799e+01
1.682843e+14,5.032714e+01
1.449141e+13,7.898572e+01
2.582787e+14,7.230772e+01
3.573317e+13,3.207004e+01
4.561569e+13,4.444162e+01
4.035577e+13,3.639409e+01
3.118534e+14,8.000000e+01
3.118534e+14,8.000000e+01
4.981870e+13,3.741504e+01
6.862066e+13,6.408002e+01
2.147035e+14,6.498086e+01
3.326760e+13,2.984796e+01
2.569310e+13,2.684514e+01
1.377118e+14,4.864556e+01
5.125596e+13,3.567341e+01
1.316640e+13,7.898688e+01
9.462539e+12,7.899191e+01
3.132612e+13,2.636469e+01
1.423398e+14,5.555203e+01
2.339479e+14,8.000000e+01
2.339479e+14,8.000000e+01
3.437344e+13,7.899287e+01
3.602008e+13,4.999313e+00
2.048100e+14,5.633276e+01
3.863663e+13,3.429212e+01
8.319909e+13,7.296834e+01
8.319909e+13,7.296834e+01
1.363636e+14,8.000000e+01
7.858160e+13,3.927679e+01
2.579085e+13,2.438284e+01
1.748307e+14,8.000000e+01
1.389170e+13,7.897438e+01
1.119812e+14,8.000000e+01
1.119812e+14,8.000000e+01
1.006199e+14,7.326862e+01
5.254096e+13,3.759521e+01
1.831870e+13,7.898483e+01
1.345875e+13,7.856138e+01
2.938418e+14,7.314851e+01
8.941719e+12,7.899118e+01
6.174562e+14,7.621138e+01
1.429012e+13,7.912794e+01
2.635005e+13,2.726554e+01
7.686140e+13,4.005752e+01
6.595128e+13,7.344879e+01
2.535151e+13,7.899520e+01
1.017733e+13,7.896363e+01
1.462257e+13,7.897678e+01
6.554830e+13,4.185920e+01
1.618880e+13,7.911781e+01
6.002886e+13,4.999580e+00
2.587293e+17,8.000000e+01
6.101329e+13,5.086764e+01
1.603546e+13,7.898640e+01
1.157498e+13,7.899492e+01
6.726792e+13,3.747510e+01
1.304329e+14,8.000000e+01
1.304329e+14,8.000000e+01
2.082847e+13,7.898685e+01
3.783656e+13,7.546298e+01
1.953738e+13,7.893354e+01
2.548040e+14,7.723233e+01
9.801679e+12,7.896654e+01
3.050917e+13,7.897592e+01
1.121058e+13,7.898782e+01
1.199708e+13,4.999580e+00
4.209801e+13,3.531307e+01
3.083452e+13,3.327116e+01
3.722491e+13,3.092897e+01
4.687504e+13,4.798494e+01
2.136450e+14,8.000000e+01
1.457650e+14,8.000000e+01
5.085154e+13,4.702404e+01
1.551921e+14,4.999970e+00
1.551921e+14,5.000018e+00
1.341686e+13,7.898968e+01
4.804936e+13,3.231026e+01
3.078675e+14,8.000000e+01
3.078675e+14,8.000000e+01
3.657951e+13,3.639409e+01
1.251642e+13,7.899343e+01
6.179836e+13,4.786483e+01
1.546823e+14,8.000000e+01
1.546823e+14,8.000000e+01
3.160630e+13,2.948762e+01
2.121102e+13,7.887142e+01
1.261767e+14,8.000000e+01
9.041415e+13,5.483135e+01
3.633002e+13,4.342067e+01
1.618486e+13,7.894473e+01
3.413837e+14,8.000000e+01
3.413837e+14,8.000000e+01
5.835721e+14,8.000000e+01
5.835721e+14,8.000000e+01
2.726473e+13,2.402250e+01
1.340254e+14,5.020702e+01
4.295963e+14,8.000000e+01
4.295963e+14,8.000000e+01
3.344129e+13,3.128931e+01
9.147700e+15,8.000000e+01
9.257990e+13,4.167904e+01
3.284043e+13,7.896278e+01
2.716667e+13,7.899478e+01
1.099849e+14,8.000000e+01
1.667657e+13,7.899261e+01
1.187598e+13,7.899632e+01
1.830975e+13,7.892482e+01
3.983086e+13,5.332995e+01
2.448538e+13,2.546385e+01
2.236770e+13,7.898899e+01
4.232595e+14,8.000000e+01
3.323829e+15,8.000000e+01
3.515557e+14,8.000000e+01
3.515557e+14,8.000000e+01
3.644978e+13,3.297088e+01
2.588212e+13,2.516357e+01
2.286114e+15,8.000000e+01
1.428782e+13,7.899435e+01
7.061934e+13,4.999954e+00
7.061934e+13,4.999944e+00
1.087513e+14,4.378100e+01
6.391567e+13,4.360084e+01
1.687048e+13,7.899359e+01
3.577170e+13,3.933684e+01
7.090647e+13,4.215949e+01
6.638778e+13,4.522235e+01
6.345878e+13,5.146820e+01
1.713523e+13,7.899772e+01
4.792907e+13,3.363150e+01
2.127538e+15,8.000000e+01
2.127538e+15,8.000000e+01
2.127538e+15,8.000000e+01
6.606610e+13,4.161898e+01
6.871222e+13,3.759521e+01
5.781747e+13,3.447229e+01
1.918896e+13,7.899737e+01
2.013856e+14,8.000000e+01
2.013856e+14,8.000000e+01
3.617050e+13,3.279071e+01
1.626453e+13,6.088820e+01
1.692326e+14,5.789422e+01
2.931877e+13,2.696526e+01
9.372226e+12,7.899856e+01
3.363706e+13,7.895948e+01
2.903568e+13,3.020829e+01
1.528893e+13,7.898369e+01
2.184166e+14,8.000000e+01
1.424219e+14,5.104781e+01
6.660389e+13,3.903656e+01
3.072486e+13,4.999763e+00
1.008287e+15,8.000000e+01
3.260510e+13,3.387172e+01
1.397010e+14,6.978536e+01
1.228940e+15,8.000000e+01
1.228940e+15,8.000000e+01
1.185268e+13,7.899526e+01
2.772558e+13,7.895470e+01
7.316654e+13,4.125864e+01
1.512445e+16,8.000000e+01
1.512445e+16,8.000000e+01
1.512445e+16,8.000000e+01
1.255271e+13,7.897571e+01
1.279922e+14,6.011630e+01
1.123006e+13,7.899449e+01
6.666547e+13,6.906468e+01
6.723623e+13,4.558269e+01
2.094646e+13,7.899641e+01
3.128323e+13,5.000495e+00
4.051471e+13,7.899003e+01
2.603397e+13,7.899798e+01
1.642446e+14,5.176849e+01
3.008193e+13,3.957707e+01
5.448960e+13,3.483262e+01
4.162034e+13,5.945569e+01
5.178121e+14,8.000000e+01
5.178121e+14,8.000000e+01
2.846147e+13,2.894711e+01
1.080841e+14,4.456174e+01
1.038448e+13,7.895278e+01
8.696979e+12,7.899087e+01
1.820081e+13,7.914126e+01
1.144500e+13,7.899349e+01
5.772866e+13,5.122798e+01
4.670909e+14,8.000000e+01
2.719526e+14,8.000000e+01
3.613188e+13,4.294022e+01
1.404989e+13,7.900000e+01
2.075793e+14,5.128804e+01
3.934738e+13,7.898661e+01
1.773233e+13,7.897723e+01
1.644709e+13,7.899214e+01
1.365268e+14,5.314605e+01
6.293158e+13,5.000017e+00
6.293158e+13,7.236778e+01
6.341498e+13,3.717482e+01
2.898164e+13,7.768951e+01
1.381796e+13,7.898233e+01
4.224971e+13,3.891645e+01
3.921689e+13,4.282010e+01
2.367685e+13,7.899671e+01
3.973790e+14,6.371968e+01
1.009581e+13,7.899812e+01
1.377490e+14,5.339000e+01
3.692395e+13,2.966779e+01
2.651825e+14,8.000000e+01
2.405932e+13,7.891658e+01
5.704549e+14,3.696055e+01
6.123402e+13,4.017763e+01
1.368210e+13,7.899147e+01
1.401198e+14,8.000000e+01
1.401198e+14,8.000000e+01
6.964904e+13,7.899579e+01
1.251636e+13,7.899720e+01
3.250105e+14,6.708283e+01
5.529361e+13,5.000003e+00
5.529361e+13,6.834401e+01
1.262314e+13,7.899853e+01
1.276390e+13,7.460845e+01
5.896127e+13,5.903529e+01
5.262952e+13,3.249043e+01
3.896724e+14,8.000000e+01
1.471855e+13,7.899466e+01
1.059265e+14,6.329929e+01
2.783781e+13,2.924739e+01
3.355122e+13,3.207004e+01
1.376308e+13,7.899721e+01
1.500455e+14,8.000000e+01
1.500455e+14,8.000000e+01
1.500455e+14,8.000000e+01
1.500455e+14,8.000000e+01
1.256438e+14,3.292844e+01
2.884798e+14,8.000000e+01
2.884798e+14,8.000000e+01
8.866691e+13,5.459113e+01
2.246978e+13,2.474317e+01
4.707535e+13,7.898994e+01
9.959550e+13,5.861490e+01
9.905003e+12,7.899750e+01
1.880733e+13,5.897315e+01
6.173296e+13,5.116792e+01
7.330881e+13,4.300027e+01
1.680072e+13,7.899473e+01
8.857745e+13,5.000020e+00
8.857745e+13,8.000000e+01
1.792946e+13,7.899456e+01
1.002041e+14,5.729366e+01
1.321886e+14,6.960519e+01
1.321886e+14,6.960519e+01
1.625257e+13,7.899586e+01
3.464661e+16,8.000000e+01
1.400128e+13,5.098766e+01
2.468918e+13,7.899530e+01
2.124486e+14,8.000000e+01
2.124486e+14,8.000000e+01
2.682876e+14,8.000000e+01
2.682876e+14,8.000000e+01
2.682876e+14,8.000000e+01
2.606082e+14,5.555203e+01
9.541133e+12,7.893300e+01
1.474965e+13,7.899536e+01
7.638687e+13,5.981602e+01
5.303618e+13,6.552137e+01
2.402644e+13,7.926763e+01
2.338861e+13,7.884036e+01
6.347414e+13,6.690266e+01
1.799839e+13,7.893566e+01
3.464915e+13,7.899245e+01
1.758014e+14,5.771405e+01
8.340922e+14,7.386918e+01
7.399601e+13,3.945695e+01
6.512415e+13,4.378100e+01
2.201728e+13,7.896007e+01
5.498789e+14,8.000000e+01
5.498789e+14,8.000000e+01
5.405958e+14,7.765273e+01
1.804835e+14,7.188733e+01
2.828546e+14,6.401996e+01
1.269962e+13,7.899547e+01
4.494269e+13,3.363150e+01
4.541368e+13,3.170970e+01
2.931253e+15,6.588170e+01
8.347643e+13,4.233965e+01
1.773228e+13,7.899893e+01
8.583191e+13,5.080759e+01
1.851083e+13,7.656216e+01
1.245992e+13,7.892717e+01
2.521125e+15,6.888452e+01
1.701431e+13,4.999542e+00
7.918147e+13,5.507158e+01
3.436106e+13,7.929995e+01
1.554683e+13,7.899434e+01
1.170919e+14,5.158832e+01
5.551448e+13,7.920577e+01
2.005422e+14,6.900463e+01
2.212261e+14,6.948508e+01
7.063711e+14,8.000000e+01
7.063711e+14,8.000000e+01
1.994683e+14,6.347945e+01
4.827820e+14,8.000000e+01
5.660664e+13,3.765527e+01
2.358026e+13,7.725302e+01
2.188426e+13,2.372222e+01
7.459442e+13,7.158705e+01
3.677287e+13,7.899575e+01
1.040526e+14,4.107847e+01
4.432499e+13,7.899525e+01
1.295329e+13,1.697652e+01
4.553082e+13,4.107847e+01
2.404445e+13,7.899543e+01
1.990000e+13,2.258115e+01
4.850276e+15,8.000000e+01
2.854389e+13,2.936751e+01
5.044378e+14,8.000000e+01
2.479687e+13,2.672503e+01
1.285317e+13,7.896981e+01
6.682637e+13,4.894584e+01
5.035808e+13,3.699465e+01
6.790674e+13,4.906595e+01
4.672544e+13,3.933684e+01
1.799077e+13,7.898004e+01
2.145096e+13,7.896719e+01
8.463142e+13,4.324050e+01
4.557949e+13,4.744444e+01
4.215321e+13,3.399184e+01
5.698160e+13,4.756455e+01
3.969404e+13,4.005752e+01
7.565075e+13,4.095836e+01
5.107643e+13,4.083825e+01
1.966313e+14,4.978663e+01
1.182095e+14,5.302967e+01
1.182095e+14,5.302967e+01
7.331157e+13,5.038719e+01
3.350480e+14,6.714289e+01
7.844648e+18,8.000000e+01
7.844648e+18,8.000000e+01
7.844648e+18,8.000000e+01
2.240875e+13,7.899291e+01
1.861847e+14,8.000000e+01
1.861847e+14,8.000000e+01
1.124708e+14,5.116792e+01
2.075543e+13,4.999580e+00
1.185842e+13,7.899086e+01
1.824268e+13,7.896630e+01
3.729002e+14,8.000000e+01
3.729002e+14,8.000000e+01
3.789400e+13,3.879634e+01
2.131457e+13,7.887510e+01
1.256597e+13,7.899798e+01
7.307717e+13,5.026708e+01
9.005229e+13,5.693332e+01
2.244601e+13,7.899835e+01
1.266853e+14,8.000000e+01
1.562228e+14,5.062742e+01
1.415149e+14,8.000000e+01
1.415149e+14,8.000000e+01
2.378923e+13,2.588424e+01
3.375969e+13,7.897711e+01
9.713908e+13,8.000000e+01
1.491252e+14,8.000000e+01
3.349264e+13,7.899150e+01
1.479689e+13,7.899552e+01
5.395099e+13,4.984669e+01
2.606542e+13,2.768593e+01
3.264759e+13,3.231026e+01
1.794555e+13,7.899531e+01
1.793157e+14,6.137749e+01
5.524080e+13,5.465119e+01
9.554401e+13,5.759394e+01
6.063419e+13,3.873628e+01
4.847409e+14,8.000000e+01
5.140904e+13,7.894253e+01
6.880575e+13,5.501152e+01
3.374829e+13,3.843600e+01
2.658156e+13,7.899778e+01
1.601230e+13,7.899498e+01
1.479431e+13,4.999978e+00
7.342787e+13,5.086764e+01
3.781492e+13,3.999746e+01
1.650709e+14,4.780477e+01
3.477277e+13,3.200998e+01
1.811515e+14,6.371968e+01
9.951389e+13,4.420140e+01
7.282062e+13,6.179788e+01
2.151771e+13,5.000959e+00
1.475576e+14,7.116665e+01
1.501199e+14,7.080632e+01
1.456115e+14,8.000000e+01
1.456115e+14,8.000000e+01
1.456115e+14,4.999998e+00
2.929739e+13,7.899594e+01
7.630444e+13,4.510224e+01
2.865025e+13,7.898334e+01
2.261499e+13,7.899507e+01
2.172157e+13,7.922831e+01
4.617799e+14,8.000000e+01
2.127634e+13,7.899185e+01
3.388273e+13,3.771532e+01
2.181262e+13,2.486329e+01
1.888945e+13,7.899518e+01
1.420856e+14,4.498213e+01
9.160842e+12,7.899758e+01
1.164597e+13,7.478357e+01
7.329450e+13,7.899863e+01
1.703941e+13,7.899681e+01
1.013734e+13,7.898447e+01
2.751584e+13,2.732559e+01
1.129039e+14,6.462052e+01
1.891897e+13,7.915447e+01
1.196886e+14,8.000000e+01
1.033500e+14,6.101715e+01
1.810777e+14,8.000000e+01
1.810777e+14,8.000000e+01
6.872070e+13,3.849605e+01
1.506073e+13,4.999863e+00
8.597649e+13,7.899423e+01
4.228624e+13,7.889820e+01
7.808888e+13,5.747383e+01
5.382976e+13,3.477257e+01
5.253871e+13,4.294022e+01
2.697078e+14,8.000000e+01
2.697078e+14,8.000000e+01
1.465420e+13,7.899616e+01
2.013759e+13,2.192053e+01
3.088716e+13,7.899613e+01
1.578780e+14,7.645160e+01
7.444114e+16,8.000000e+01
3.765884e+13,3.200998e+01
1.443110e+14,5.543192e+01
3.025045e+13,7.899549e+01
4.375215e+13,4.312039e+01
1.607825e+14,5.707114e+01
1.607825e+14,8.000000e+01
1.770063e+13,7.898143e+01
1.849051e+13,2.047918e+01
3.425154e+13,3.243037e+01
1.775588e+13,7.897246e+01
9.344267e+13,3.993740e+01
1.210686e+14,7.068620e+01
1.210686e+14,7.068620e+01
6.576842e+13,3.705470e+01
3.326427e+14,8.000000e+01
3.326427e+14,8.000000e+01
2.678067e+14,7.134682e+01
1.485512e+13,7.899581e+01
1.567000e+13,7.898111e+01
1.803461e+13,7.899461e+01
9.928461e+13,6.744317e+01
1.775511e+13,7.897727e+01
2.068969e+13,2.288143e+01
2.382191e+13,7.897787e+01
9.584777e+12,7.899751e+01
9.725961e+12,7.899697e+01
1.899028e+13,2.180042e+01
2.494822e+13,2.396244e+01
2.713010e+13,2.816638e+01
1.572859e+13,7.899773e+01
6.394632e+13,4.456174e+01
1.143055e+15,8.000000e+01
1.143055e+15,8.000000e+01
1.574514e+13,7.899576e+01
1.250526e+13,7.886444e+01
2.816596e+13,5.000022e+00
2.816596e+13,7.897526e+01
1.659124e+13,6.113269e+01
4.251154e+14,8.000000e+01
4.251154e+14,8.000000e+01
6.619837e+14,8.000000e+01
6.193354e+13,5.603248e+01
1.462642e+14,5.969591e+01
1.676953e+13,7.898057e+01
3.384330e+13,4.546258e+01
1.643039e+13,7.899677e+01
9.974872e+12,7.635539e+01
1.916226e+13,7.899073e+01
5.902517e+13,6.546131e+01
1.079947e+14,4.816511e+01
4.176172e+13,3.261054e+01
3.129642e+14,7.909408e+01
9.089244e+12,7.899689e+01
1.570908e+13,7.899703e+01
2.093670e+13,7.898857e+01
1.793973e+13,7.899067e+01
7.079058e+13,6.233839e+01
3.088625e+14,8.000000e+01
4.508157e+13,7.899412e+01
1.704576e+14,5.278944e+01
2.340574e+14,8.000000e+01
2.340574e+14,8.000000e+01
4.685125e+13,2.942756e+01
3.124381e+13,2.744571e+01
5.059664e+13,7.899065e+01
3.527139e+16,8.000000e+01
5.355404e+13,3.657425e+01
4.307448e+13,2.870689e+01
1.243992e+13,7.899746e+01
8.146545e+13,4.792489e+01
4.731509e+13,4.251982e+01
9.079337e+12,7.899645e+01
1.442024e+14,6.984542e+01
2.843678e+13,7.898534e+01
9.235578e+13,5.699338e+01
2.164951e+13,2.258115e+01
2.454320e+13,2.498340e+01
2.521243e+13,7.899669e+01
1.640094e+13,7.899736e+01
1.889111e+13,7.896292e+01
1.404999e+13,7.899197e+01
6.357826e+13,3.603375e+01
4.546060e+13,4.149887e+01
1.596649e+13,7.899324e+01
1.800738e+13,7.899733e+01
4.204212e+13,3.927679e+01
1.694793e+13,7.892395e+01
1.230200e+13,4.999654e+00
3.907723e+13,3.549324e+01
3.595298e+13,4.999933e+00
9.992109e+13,6.864429e+01
9.970604e+12,7.899736e+01
3.287292e+13,3.128931e+01
1.147167e+14,8.000000e+01
2.264504e+13,2.540379e+01
1.232614e+14,5.621265e+01
5.409085e+14,8.000000e+01
1.634598e+14,8.000000e+01
2.773614e+13,7.899328e+01
7.712473e+13,5.206877e+01
2.220928e+13,2.378227e+01
1.497776e+13,7.898636e+01
1.275778e+13,7.899427e+01
2.092377e+13,7.899270e+01
4.089242e+13,4.876567e+01
1.805890e+13,7.897884e+01
4.897348e+13,4.480196e+01
3.805519e+14,8.000000e+01
7.020812e+13,6.444035e+01
2.858930e+14,8.000000e+01
4.495912e+13,4.864556e+01
4.133432e+13,4.432151e+01
5.653136e+13,6.395990e+01
4.474336e+13,4.035780e+01
1.104969e+13,7.899113e+01
5.793687e+13,3.110914e+01
1.884058e+13,7.898310e+01
1.359606e+13,7.897853e+01
2.514365e+13,2.636469e+01
8.486087e+15,8.000000e+01
7.442050e+13,7.899914e+01
7.442050e+13,7.899736e+01
2.324740e+13,7.634121e+01
1.325000e+13,7.898875e+01
2.865893e+13,2.768593e+01
1.834184e+14,7.206750e+01
2.766302e+13,7.898694e+01
1.190090e+13,7.899725e+01
2.415925e+13,7.899701e+01
4.764903e+13,4.089830e+01
3.248172e+13,3.273066e+01
2.106109e+13,7.899185e+01
1.063493e+13,7.899619e+01
3.727913e+13,7.899543e+01
2.985802e+13,7.891810e+01
1.052514e+16,8.000000e+01
1.487166e+13,4.999124e+00
3.653554e+13,3.056863e+01
1.719109e+13,7.899781e+01
1.525973e+16,8.000000e+01
7.114544e+13,7.561082e+01
3.001620e+13,7.899703e+01
1.189987e+13,7.906139e+01
2.529712e+14,6.894457e+01
8.711943e+12,7.899818e+01
2.413827e+13,7.896693e+01
6.009949e+13,7.898967e+01
6.009949e+13,5.603248e+01
3.640365e+13,4.099069e+01
3.061342e+14,6.263867e+01
1.175198e+13,7.897631e+01
2.868655e+13,7.756367e+01
2.201432e+13,7.895753e+01
4.587490e+13,7.897581e+01
6.823422e+13,4.197932e+01
1.012844e+13,4.999675e+00
3.635626e+14,8.000000e+01
3.635626e+14,8.000000e+01
3.932485e+13,3.717482e+01
1.271253e+13,7.899034e+01
4.399512e+13,5.176849e+01
3.342658e+13,3.603375e+01
3.527735e+16,8.000000e+01
9.002370e+14,7.573093e+01
1.017855e+14,6.564148e+01
1.693323e+13,7.899125e+01
3.284619e+13,2.894711e+01
3.478229e+13,7.899582e+01
1.710193e+13,7.905427e+01
1.867978e+13,7.894198e+01
4.137246e+13,3.483262e+01
4.864057e+14,5.831462e+01
2.184844e+13,2.420267e+01
2.249370e+13,7.899185e+01
1.329685e+13,7.898469e+01
7.650466e+13,8.000000e+01
7.650466e+13,4.999991e+00
1.729453e+13,7.899602e+01
6.720865e+13,5.531180e+01
2.121807e+13,4.999643e+00
1.460566e+13,7.896811e+01
1.559615e+13,7.897998e+01
4.044025e+13,7.895919e+01
8.633460e+13,4.161898e+01
2.711286e+13,7.898845e+01
4.043290e+14,8.000000e+01
2.893398e+15,8.000000e+01
2.893398e+15,8.000000e+01
2.063764e+13,7.896057e+01
1.346286e+13,4.999610e+00
1.461806e+14,7.639155e+01
2.265785e+13,2.546385e+01
2.686228e+13,2.372222e+01
3.475740e+13,5.000000e+00
4.849677e+13,3.531307e+01
1.696157e+13,7.896691e+01
1.763097e+13,7.899774e+01
4.512401e+13,3.513290e+01
5.987982e+13,5.056736e+01
1.729141e+13,7.899604e+01
5.166899e+13,4.480196e+01
1.157951e+13,5.000130e+00
4.239626e+13,3.315105e+01
1.842310e+13,7.899348e+01
5.568761e+13,3.723487e+01
2.124224e+13,5.206630e+01
7.484807e+13,5.855484e+01
2.277504e+14,8.000000e+01
4.882044e+13,3.381167e+01
1.717790e+13,5.294962e+01
1.065615e+14,4.810505e+01
1.255607e+13,7.899292e+01
1.984607e+13,7.897188e+01
2.226236e+13,2.474317e+01
2.895485e+13,7.899613e+01
1.651748e+14,4.462179e+01
1.918808e+13,7.899407e+01
3.284899e+13,2.786610e+01
1.795205e+13,7.899754e+01
2.118844e+14,6.954513e+01
3.662326e+13,3.303094e+01
1.122510e+14,7.116665e+01
4.174952e+13,3.723487e+01
4.758280e+13,4.702404e+01
1.582079e+14,8.000000e+01
1.590662e+13,4.999507e+00
3.107152e+14,6.624204e+01
2.906933e+13,3.014824e+01
1.484469e+14,8.000000e+01
1.484469e+14,8.000000e+01
3.112830e+13,7.896794e+01
3.112830e+13,5.000016e+00
2.428870e+13,7.896925e+01
2.066012e+13,7.898641e+01
2.350531e+13,7.899270e+01
1.326285e+13,4.904999e+01
6.014000e+13,5.693332e+01
6.014000e+13,5.693332e+01
1.052166e+13,7.899686e+01
1.715735e+13,4.998709e+00
9.092002e+12,7.899202e+01
3.273229e+13,3.213009e+01
9.084055e+13,4.882573e+01
2.404874e+13,2.660492e+01
1.029018e+14,8.000000e+01
2.637451e+13,7.899761e+01
7.666992e+13,4.263994e+01
1.277640e+13,7.894489e+01
1.467533e+13,7.911288e+01
1.436499e+13,6.689482e+01
7.586461e+13,5.080759e+01
1.099712e+13,7.899807e+01
5.128539e+13,3.813572e+01
1.397967e+13,7.899618e+01
1.557409e+14,8.000000e+01
4.518919e+13,4.999892e+00
1.600269e+13,7.899758e+01
4.201519e+13,7.899624e+01
1.325807e+13,7.899843e+01
1.578476e+13,6.910752e+01
4.550701e+17,8.000000e+01
4.550701e+17,8.000000e+01
1.039960e+14,7.074626e+01
2.658320e+13,7.897783e+01
1.194575e+13,7.899333e+01
1.515808e+13,7.898400e+01
2.565123e+13,2.660492e+01
3.360502e+13,7.899105e+01
6.141470e+14,8.000000e+01
2.549402e+13,2.486329e+01
3.309690e+13,7.889158e+01
4.834558e+13,3.315105e+01
2.054608e+14,8.000000e+01
2.969867e+13,2.762587e+01
1.625063e+14,4.696399e+01
2.221117e+13,7.921515e+01
2.253859e+13,7.826644e+01
1.081709e+13,7.899612e+01
7.980132e+13,5.038719e+01
5.394818e+13,4.678382e+01
1.127586e+13,7.893636e+01
1.153540e+13,7.895237e+01
3.507576e+13,7.899787e+01
1.117115e+13,7.899680e+01
5.156643e+13,7.899302e+01
5.156643e+13,7.899815e+01
3.227547e+13,7.899509e+01
1.787643e+13,7.885617e+01
1.722524e+13,7.894959e+01
9.886112e+13,6.107720e+01
1.570978e+14,7.260800e+01
1.865274e+13,7.899329e+01
2.145043e+13,7.899489e+01
2.878015e+14,7.170716e+01
3.695426e+13,4.999847e+00
2.683066e+13,7.896388e+01
4.155838e+13,3.423206e+01
1.879151e+13,1.900000e+01
1.782125e+13,7.899519e+01
2.047406e+14,7.543065e+01
2.143836e+13,7.899752e+01
5.945269e+13,5.789422e+01
1.007478e+14,7.900184e+01
1.007478e+14,7.062615e+01
1.522952e+13,7.899699e+01
3.700969e+14,8.000000e+01
1.607275e+13,7.897530e+01
6.631869e+13,4.852545e+01
2.988247e+14,5.879507e+01
1.387935e+13,7.899769e+01
3.926102e+13,3.152953e+01
1.325141e+13,7.896919e+01
6.638577e+13,8.000000e+01
9.326852e+13,8.000000e+01
1.453664e+13,7.899750e+01
4.832493e+13,7.898826e+01
4.900389e+13,4.269999e+01
2.554092e+14,8.000000e+01
8.241994e+13,5.891518e+01
4.859388e+14,8.000000e+01
4.429293e+14,8.000000e+01
4.429293e+14,8.000000e+01
5.358238e+13,3.700000e+01
7.711125e+14,8.000000e+01
7.711125e+14,8.000000e+01
1.928125e+14,8.000000e+01
1.720039e+17,8.000000e+01
6.911379e+13,8.000000e+01
2.516688e+13,7.895053e+01
3.134640e+13,7.922621e+01
1.001055e+14,7.158705e+01
1.001055e+14,7.158705e+01
4.707850e+13,3.549324e+01
1.274503e+14,6.546131e+01
3.987197e+13,4.336061e+01
1.863474e+14,5.062742e+01
1.072891e+14,8.000000e+01
1.570210e+14,5.453107e+01
1.310888e+14,7.899714e+01
1.310888e+14,5.000005e+00
1.200852e+13,7.897481e+01
3.972143e+13,7.899497e+01
2.051631e+13,4.999462e+00
6.355160e+13,3.879634e+01
3.111523e+15,8.000000e+01
1.783868e+13,7.886096e+01
1.809495e+13,7.898886e+01
3.761228e+13,4.047791e+01
3.072283e+13,2.888706e+01
1.019540e+13,7.898811e+01
2.888404e+14,8.000000e+01
1.780281e+13,7.898991e+01
2.719270e+13,2.636469e+01
1.429429e+13,7.899574e+01
1.001606e+15,8.000000e+01
1.001606e+15,8.000000e+01
7.033299e+13,3.825583e+01
1.966228e+14,6.504092e+01
9.500955e+12,7.899471e+01
3.390552e+13,3.497649e+01
2.110345e+13,7.899109e+01
1.489210e+13,7.899739e+01
1.124705e+14,5.783417e+01
9.062041e+14,8.000000e+01
9.062041e+14,8.000000e+01
5.047069e+13,3.873628e+01
5.994121e+13,6.594176e+01
3.672299e+13,3.086891e+01
3.593521e+13,3.393178e+01
2.464257e+13,5.000000e+00
2.204749e+13,7.897870e+01
9.016925e+15,7.633149e+01
2.571969e+14,8.000000e+01
1.617251e+13,7.899842e+01
3.129884e+13,2.810632e+01
7.253566e+13,4.191926e+01
1.433123e+13,7.899707e+01
8.419916e+12,7.898483e+01
1.786951e+13,7.899583e+01
3.677628e+13,5.000093e+00
2.698344e+13,7.897300e+01
1.693644e+13,7.899376e+01
1.025001e+15,8.000000e+01
2.534937e+13,2.642475e+01
5.555507e+13,3.549324e+01
7.545814e+13,4.474190e+01
5.524672e+13,5.621265e+01
5.524672e+13,5.621265e+01
3.549294e+14,8.000000e+01
3.549294e+14,8.000000e+01
1.195083e+14,5.194865e+01
2.722689e+14,8.000000e+01
2.722689e+14,8.000000e+01
7.486344e+13,4.768466e+01
4.717932e+13,5.134809e+01
3.409855e+13,7.889348e+01
9.259423e+12,7.899813e+01
6.471966e+13,4.999571e+00
2.351749e+13,7.899527e+01
5.104616e+13,3.507285e+01
2.992157e+13,2.732559e+01
2.399156e+13,7.899390e+01
3.817453e+13,3.999746e+01
1.360721e+13,7.899530e+01
6.286972e+13,3.831589e+01
1.865544e+13,7.899770e+01
9.293807e+13,5.266933e+01
1.416483e+13,7.898802e+01
9.809680e+12,7.899847e+01
1.001745e+14,3.993740e+01
1.390255e+13,2.299204e+01
1.377641e+13,7.859950e+01
8.278468e+13,4.732432e+01
3.080970e+13,7.899377e+01
1.884087e+14,6.744317e+01
1.649605e+13,6.112619e+01
2.214334e+13,7.894040e+01
3.582494e+13,3.020829e+01
1.111340e+13,7.899630e+01
2.630666e+13,4.999924e+00
5.827006e+13,5.206877e+01
5.827006e+13,5.206877e+01
2.151762e+13,7.899490e+01
1.520485e+13,7.899659e+01
5.584538e+13,3.999746e+01
2.885046e+13,2.828649e+01
2.250510e+14,8.000000e+01
3.663988e+13,4.999650e+00
2.673442e+14,7.020575e+01
5.601919e+13,5.603248e+01
2.558092e+13,7.899166e+01
7.409202e+13,8.000000e+01
3.243770e+13,3.080886e+01
2.714792e+13,3.032841e+01
2.249010e+13,7.898954e+01
1.346404e+14,7.050603e+01
1.710418e+14,6.179788e+01
3.536100e+13,7.899513e+01
3.514462e+13,3.158959e+01
8.886371e+13,6.486075e+01
4.224411e+15,7.747256e+01
1.138625e+13,7.898248e+01
2.152257e+13,7.897047e+01
5.215736e+13,4.450168e+01
6.093433e+13,5.579225e+01
2.563364e+14,6.053670e+01
1.211553e+14,5.867495e+01
1.243648e+13,7.898794e+01
2.878226e+14,6.930491e+01
1.676271e+13,7.899236e+01
3.734968e+13,3.705470e+01
7.944550e+13,7.711222e+01
1.375228e+13,7.899715e+01
1.914847e+14,6.870435e+01
1.182513e+13,7.896162e+01
2.841406e+14,8.000000e+01
2.841406e+14,8.000000e+01
2.004611e+13,7.883892e+01
2.026402e+14,6.269872e+01
1.061651e+14,7.230772e+01
2.770282e+13,3.134936e+01
1.143378e+13,4.999506e+00
5.683062e+13,4.690393e+01
2.773617e+13,2.756582e+01
1.686989e+14,7.561082e+01
7.745294e+13,7.915413e+01
8.537044e+13,5.000055e+00
1.232559e+14,6.906468e+01
1.176475e+13,7.899861e+01
2.426371e+13,4.339665e+01
1.430125e+14,7.194738e+01
6.103362e+14,6.347945e+01
1.810317e+14,6.600182e+01
4.010856e+14,8.000000e+01
5.164002e+13,3.753515e+01
3.355176e+13,3.152953e+01
1.808331e+13,7.899376e+01
2.172311e+13,2.540379e+01
1.517128e+13,7.905864e+01
1.967780e+13,7.897308e+01
3.287104e+14,8.000000e+01
2.711939e+13,7.899073e+01
1.961430e+13,7.899664e+01
1.177776e+13,7.899854e+01
3.053973e+13,2.906722e+01
2.652081e+13,2.870689e+01
6.296295e+13,4.540252e+01
1.009006e+14,4.564275e+01
3.380283e+14,6.570154e+01
1.017734e+14,5.903529e+01
3.654507e+13,3.609380e+01
8.906205e+13,2.083525e+01
2.856325e+13,2.726554e+01
6.031644e+14,8.000000e+01
4.391882e+13,3.237032e+01
4.243398e+13,7.898884e+01
4.243398e+13,7.898812e+01
9.388878e+12,7.899397e+01
4.055145e+13,7.895686e+01
8.590875e+13,5.759394e+01
3.782530e+13,3.579352e+01
2.981974e+13,2.774599e+01
1.893672e+13,7.896941e+01
2.212862e+14,8.000000e+01
3.478898e+13,7.899469e+01
5.141750e+13,5.110787e+01
5.432962e+13,3.831589e+01
1.367722e+13,7.899762e+01
4.890658e+13,3.219015e+01
5.746928e+13,4.294022e+01
8.841744e+13,8.000000e+01
5.284589e+14,8.000000e+01
5.284589e+14,8.000000e+01
5.284589e+14,8.000000e+01
1.892675e+14,5.369029e+01
1.556961e+14,8.000000e+01
7.133284e+18,8.000000e+01
7.133284e+18,8.000000e+01
3.951573e+15,8.000000e+01
2.415241e+13,2.642475e+01
1.085632e+13,7.899752e+01
9.775228e+12,7.897431e+01
2.380333e+13,2.492334e+01
3.254422e+13,7.899336e+01
3.939498e+13,7.899589e+01
1.054506e+13,7.898749e+01
9.366878e+12,7.899200e+01
1.224153e+14,8.000000e+01
2.997049e+13,3.062869e+01
1.281937e+13,7.899747e+01
3.738463e+13,7.899471e+01
9.641967e+13,4.336061e+01
2.385274e+13,4.999985e+00
1.110366e+18,8.000000e+01
1.110366e+18,8.000000e+01
1.381105e+13,6.685715e+01
1.314065e+14,5.062742e+01
8.128483e+14,8.000000e+01
8.128483e+14,8.000000e+01
1.169732e+13,7.897673e+01
2.087757e+14,5.639282e+01
1.502643e+13,7.897911e+01
2.273859e+13,7.899131e+01
4.066986e+13,3.158959e+01
2.081028e+14,7.320857e+01
5.163953e+13,4.999636e+00
2.833236e+13,2.816638e+01
2.368978e+13,7.899636e+01
4.787579e+13,5.873501e+01
6.959949e+13,5.260927e+01
2.758320e+13,2.690520e+01
2.572348e+13,7.899612e+01
3.062453e+13,3.092897e+01
3.348412e+13,3.789549e+01
9.003579e+13,8.000000e+01
1.309885e+13,7.106917e+01
1.261604e+13,4.999840e+00
1.880899e+13,7.899424e+01
7.123136e+13,6.576159e+01
7.123136e+13,4.999208e+00
4.653058e+14,8.000000e+01
3.986875e+13,7.892552e+01
1.581378e+14,6.612193e+01
9.394169e+13,5.206877e+01
4.596404e+14,6.564148e+01
8.088118e+15,8.000000e+01
3.714056e+14,8.000000e+01
3.714056e+14,8.000000e+01
1.135308e+14,4.954640e+01
2.883602e+13,2.648481e+01
3.081208e+13,3.861617e+01
1.206697e+14,5.519169e+01
3.876693e+13,3.339127e+01
1.698788e+13,7.897135e+01
2.129248e+13,7.898503e+01
2.239088e+13,7.899182e+01
1.649882e+13,7.899332e+01
7.122871e+13,5.483135e+01
8.299382e+12,7.899868e+01
8.176243e+13,4.960646e+01
2.044404e+14,7.693205e+01
4.160648e+13,3.921673e+01
1.929831e+13,7.899188e+01
5.851601e+14,7.909408e+01
1.223125e+13,7.899274e+01
3.532535e+13,7.899505e+01
1.117962e+13,7.899625e+01
5.098537e+13,6.371968e+01
2.226310e+13,6.859783e+01
1.448137e+13,7.893195e+01
1.414801e+13,7.897499e+01
4.027774e+13,4.786483e+01
4.027774e+13,4.999992e+00
4.589201e+13,4.239971e+01
3.330930e+13,3.255049e+01
3.297588e+13,2.852672e+01
3.654632e+13,3.789549e+01
2.676436e+13,5.000434e+00
1.073725e+13,7.899710e+01
5.523114e+13,3.657425e+01
2.028196e+13,7.899567e+01
2.358680e+13,7.096908e+01
2.645267e+13,7.889530e+01
4.627917e+13,4.444162e+01
1.796946e+14,8.000000e+01
4.478530e+14,5.885512e+01
3.881432e+17,8.000000e+01
1.332005e+13,5.000228e+00
2.062553e+14,8.000000e+01
2.776126e+13,7.899518e+01
2.924462e+14,7.993487e+01
1.412705e+13,7.899385e+01
8.519719e+13,5.987608e+01
2.084873e+13,7.899304e+01
2.373480e+14,8.000000e+01
4.020992e+13,3.981729e+01
2.003901e+13,7.899188e+01
2.453610e+13,2.960773e+01
6.466592e+13,3.771532e+01
3.728765e+14,4.694324e+01
1.868955e+13,7.899113e+01
1.127452e+13,7.899728e+01
1.496822e+13,4.999621e+00
1.421145e+13,7.890159e+01
3.258698e+13,2.762587e+01
5.302491e+13,3.357144e+01
2.055678e+14,7.603121e+01
2.055678e+14,7.603121e+01
5.059855e+13,5.002685e+01
4.334948e+14,4.875045e+01
7.363181e+13,4.065808e+01
4.475342e+13,3.417200e+01
2.586302e+14,5.483135e+01
3.177575e+13,2.852672e+01
3.009322e+14,8.000000e+01
7.863866e+13,5.945569e+01
2.949846e+13,5.000265e+00
2.949846e+13,4.999872e+00
1.444717e+14,7.416947e+01
1.001931e+14,6.191799e+01
1.768682e+14,5.951574e+01
5.231458e+13,4.053797e+01
2.333848e+14,8.000000e+01
1.720298e+14,8.000000e+01
1.282357e+13,7.899537e+01
4.926743e+13,4.936624e+01
3.021982e+13,3.243037e+01
4.892986e+13,3.885639e+01
1.192357e+14,4.990674e+01
8.569804e+14,8.000000e+01
1.286996e+14,5.747383e+01
4.748314e+13,4.858550e+01
5.032890e+13,5.050730e+01
1.388261e+15,8.000000e+01
1.367759e+13,7.899474e+01
2.789102e+13,3.080886e+01
4.246692e+13,3.297088e+01
2.408737e+13,7.837363e+01
4.313208e+13,4.288016e+01
1.796651e+13,7.899705e+01
1.716489e+13,7.894828e+01
9.641963e+13,6.197805e+01
2.153173e+15,8.000000e+01
1.211652e+13,7.899191e+01
2.744562e+14,6.059675e+01
3.066738e+13,7.899017e+01
3.439354e+13,7.899304e+01
2.048832e+13,7.899706e+01
5.679279e+13,2.498114e+01
1.514559e+14,8.000000e+01
2.660200e+13,2.648481e+01
4.400576e+13,3.441223e+01
1.675667e+13,7.898852e+01
5.322639e+13,7.898925e+01
5.322639e+13,5.000000e+00
6.742493e+14,8.000000e+01
6.742493e+14,8.000000e+01
6.742493e+14,8.000000e+01
4.161627e+13,7.892234e+01
1.216607e+14,8.000000e+01
9.820643e+13,4.786483e+01
4.555626e+13,4.330055e+01
1.861812e+13,7.898778e+01
3.227574e+13,3.104908e+01
7.381677e+13,6.131743e+01
2.701994e+13,2.822644e+01
1.439407e+13,7.899797e+01
3.181513e+13,2.582419e+01
8.973638e+13,6.426019e+01
1.481270e+13,5.906558e+01
2.649818e+14,6.353951e+01
9.361668e+12,7.899771e+01
1.398383e+14,5.615259e+01
3.110680e+14,8.000000e+01
1.185810e+14,8.000000e+01
2.930390e+13,7.899867e+01
5.580301e+13,2.498669e+01
2.061712e+13,7.899551e+01
1.865152e+13,7.899541e+01
1.711428e+14,8.000000e+01
1.711428e+14,8.000000e+01
2.526594e+14,8.000000e+01
6.409169e+13,6.377974e+01
6.156301e+14,8.000000e+01
6.156301e+14,8.000000e+01
4.793245e+13,3.351139e+01
3.089583e+13,2.672503e+01
2.944928e+13,7.898672e+01
8.328785e+13,7.230772e+01
3.309543e+13,4.999936e+00
1.999697e+14,8.000000e+01
1.999697e+14,8.000000e+01
1.299529e+13,7.899752e+01
1.207085e+14,8.000000e+01
1.117121e+14,5.086764e+01
5.404457e+13,8.000000e+01
3.561540e+13,3.771532e+01
1.200296e+13,7.897081e+01
2.212732e+13,2.360211e+01
2.068262e+13,7.899799e+01
5.565667e+13,7.899315e+01
9.985708e+12,7.893620e+01
1.419671e+13,7.899778e+01
2.340930e+14,8.000000e+01
1.501268e+13,7.899654e+01
1.238491e+13,7.899795e+01
7.507108e+13,5.074753e+01
1.862116e+13,7.897123e+01
1.293118e+13,7.899767e+01
2.590657e+20,8.000000e+01
2.590657e+20,8.000000e+01
2.590657e+20,8.000000e+01
2.590657e+20,8.000000e+01
2.590657e+20,8.000000e+01
2.590657e+20,8.000000e+01
2.590657e+20,8.000000e+01
2.590657e+20,8.000000e+01
1.773902e+13,7.884014e+01
1.745212e+13,7.897706e+01
1.834475e+13,7.899312e+01
1.539998e+14,5.128804e+01
1.357774e+13,7.899529e+01
4.712546e+13,4.696399e+01
5.399508e+13,3.633403e+01
1.982745e+14,6.359957e+01
6.506581e+13,4.197932e+01
1.477812e+13,7.899806e+01
4.718882e+13,3.885639e+01
8.641051e+14,8.000000e+01
1.759484e+14,5.855484e+01
2.078548e+13,7.898995e+01
5.019698e+13,7.899307e+01
9.060748e+12,7.898877e+01
1.838719e+13,7.896606e+01
3.590427e+13,2.930745e+01
5.614730e+13,3.645414e+01
1.996055e+15,8.000000e+01
8.428807e+13,6.426019e+01
5.669242e+13,4.594303e+01
2.860398e+13,2.618452e+01
1.725132e+13,7.602507e+01
2.308728e+13,7.898958e+01
1.927063e+14,8.000000e+01
2.252136e+14,8.000000e+01
2.252136e+14,8.000000e+01
1.918932e+14,8.000000e+01
1.918932e+14,8.000000e+01
5.066360e+13,7.884574e+01
5.066360e+13,5.000020e+00
1.335138e+14,6.293895e+01
1.237530e+13,7.899267e+01
1.458446e+13,7.899785e+01
5.316992e+13,7.897848e+01
5.316992e+13,5.000000e+00
1.368963e+13,4.999588e+00
6.001638e+13,4.999712e+00
3.248078e+13,3.417200e+01
3.075914e+13,3.327116e+01
1.430559e+14,8.000000e+01
6.665770e+13,4.071814e+01
6.312226e+13,4.041785e+01
4.026639e+13,7.897426e+01
3.354935e+13,3.170970e+01
3.828925e+13,3.477257e+01
4.779010e+13,3.309099e+01
3.471228e+13,4.999757e+00
3.471228e+13,5.001149e+00
9.954164e+13,7.681194e+01
8.223501e+13,4.888579e+01
7.423699e+13,7.026581e+01
1.220343e+14,5.747383e+01
3.658433e+14,7.513037e+01
9.437192e+13,8.000000e+01
5.601775e+14,8.000000e+01
5.601775e+14,8.000000e+01
5.601775e+14,8.000000e+01
2.891829e+13,2.756582e+01
5.024851e+13,4.005752e+01
5.623695e+13,1.899649e+01
6.455130e+14,6.948508e+01
1.029290e+13,7.899503e+01
1.713373e+14,6.251855e+01
6.200146e+13,3.993740e+01
1.894563e+13,7.899444e+01
2.913671e+13,7.346963e+01
5.237441e+14,8.000000e+01
3.845132e+13,3.399184e+01
5.709186e+13,5.278944e+01
5.709186e+13,5.278944e+01
3.797580e+13,3.152953e+01
7.718256e+13,4.810505e+01
2.981023e+13,2.966779e+01
9.144008e+13,6.624204e+01
5.733148e+16,8.000000e+01
3.481030e+14,8.000000e+01
3.481030e+14,8.000000e+01
5.915923e+13,3.381167e+01
1.283849e+14,4.846539e+01
1.309609e+14,7.008564e+01
1.309609e+14,7.008564e+01
7.414381e+13,6.654232e+01
2.678725e+14,6.948508e+01
1.312353e+13,7.898894e+01
5.491647e+13,3.609380e+01
8.551080e+13,5.477130e+01
1.474614e+13,7.899138e+01
3.594605e+13,2.828649e+01
1.127589e+14,8.000000e+01
2.152787e+13,2.390239e+01
1.533355e+13,7.899802e+01
7.004216e+13,5.567214e+01
1.029721e+14,5.158832e+01
2.020768e+14,8.000000e+01
2.020768e+14,8.000000e+01
4.184469e+13,7.966493e+01
3.324794e+13,7.898365e+01
9.743995e+13,3.609380e+01
6.847217e+13,3.957707e+01
3.822780e+14,8.000000e+01
5.212792e+13,3.615386e+01
3.723144e+14,8.000000e+01
3.723144e+14,8.000000e+01
3.270054e+13,3.345133e+01
4.289943e+13,4.858550e+01
1.369740e+13,7.899792e+01
1.098615e+13,7.898941e+01
1.132006e+15,8.000000e+01
1.132006e+15,8.000000e+01
1.994869e+13,7.899370e+01
1.000052e+13,7.899823e+01
4.121806e+13,3.615386e+01
1.880529e+13,5.120213e+01
4.607520e+13,4.372095e+01
8.217698e+14,7.675188e+01
5.158637e+13,3.807566e+01
6.000296e+13,6.486075e+01
7.491490e+13,4.107847e+01
1.457049e+14,4.654359e+01
1.139953e+13,7.899528e+01
3.798946e+13,3.765527e+01
1.178497e+13,7.899707e+01
1.050216e+14,5.777411e+01
1.050216e+14,5.777411e+01
1.085322e+14,8.000000e+01
1.806791e+13,7.899643e+01
1.209832e+13,7.899802e+01
3.092428e+13,2.894711e+01
5.473841e+13,4.119859e+01
2.579629e+13,2.672503e+01
1.417653e+14,6.420013e+01
4.954096e+13,4.570280e+01
1.211266e+15,8.000000e+01
3.797669e+13,3.429212e+01
1.563966e+13,7.899617e+01
2.157005e+13,2.336188e+01
1.218553e+13,7.899317e+01
1.925344e+13,7.899820e+01
2.736903e+13,2.714542e+01
1.279328e+13,4.999687e+00
1.187690e+14,7.104654e+01
1.440339e+13,7.899467e+01
1.957522e+13,2.204064e+01
1.343483e+13,7.899742e+01
7.399523e+13,6.035653e+01
2.189874e+13,7.897787e+01
4.274677e+13,4.071814e+01
2.024572e+13,7.898472e+01
4.486712e+13,3.819577e+01
3.011117e+13,7.899564e+01
4.843362e+13,3.483262e+01
1.222034e+14,6.834401e+01
9.869581e+13,4.822517e+01
1.283563e+13,7.899489e+01
1.934493e+15,8.000000e+01
1.934493e+15,8.000000e+01
1.934493e+15,8.000000e+01
3.364839e+13,4.318044e+01
1.713326e+14,5.074753e+01
2.092536e+13,7.899739e+01
1.132775e+13,7.896530e+01
5.484281e+13,7.899491e+01
6.050410e+13,4.101842e+01
2.616492e+14,8.000000e+01
2.884899e+13,7.878635e+01
5.369112e+13,3.615386e+01
3.651327e+13,3.993740e+01
4.103870e+13,3.555330e+01
1.939188e+13,7.899734e+01
4.121187e+13,4.113853e+01
7.518095e+13,8.000000e+01
1.461601e+14,8.000000e+01
1.461601e+14,8.000000e+01
4.247525e+13,3.891645e+01
4.705547e+13,5.086764e+01
3.055857e+13,7.897255e+01
6.735666e+13,4.155892e+01
2.101997e+13,7.899462e+01
2.686116e+13,2.612447e+01
2.372081e+14,5.735372e+01
2.576155e+14,8.000000e+01
2.576155e+14,8.000000e+01
2.489506e+13,7.898967e+01
8.138730e+13,4.678382e+01
4.200700e+13,3.903656e+01
1.377349e+16,8.000000e+01
5.164506e+13,3.333122e+01
4.292011e+14,8.000000e+01
1.995215e+13,7.899494e+01
4.129906e+13,2.509286e+01
6.567843e+14,8.000000e+01
4.412742e+13,3.591364e+01
1.890376e+13,7.899397e+01
8.492863e+14,8.000000e+01
1.490127e+14,8.000000e+01
1.490127e+14,8.000000e+01
3.140062e+13,7.899098e+01
2.783870e+13,2.348199e+01
2.040221e+13,7.899622e+01
1.903230e+13,7.107145e+01
4.574115e+13,4.288016e+01
1.335544e+13,7.899107e+01
6.525024e+13,4.342067e+01
2.359085e+13,7.898400e+01
9.996436e+13,4.149887e+01
6.175777e+13,3.561335e+01
5.395630e+13,3.194992e+01
2.082182e+14,5.477130e+01
1.332636e+15,8.000000e+01
1.841948e+13,7.899304e+01
1.762725e+13,7.897435e+01
2.996791e+13,7.899176e+01
4.636585e+13,5.000220e+00
4.636585e+13,5.000000e+00
1.872384e+14,5.951574e+01
3.234923e+13,3.417200e+01
3.294616e+13,2.654486e+01
5.616740e+13,4.999720e+00
1.474815e+14,8.000000e+01
1.355398e+13,7.899550e+01
1.342425e+14,4.630337e+01
5.027916e+14,8.000000e+01
1.668448e+13,5.000172e+00
3.786688e+13,2.810632e+01
9.024722e+12,7.899751e+01
3.296069e+13,3.326389e+01
2.331325e+13,7.899370e+01
2.627588e+13,7.891934e+01
9.427622e+13,4.786483e+01
6.361980e+13,3.417200e+01
5.845865e+14,8.000000e+01
1.277958e+14,6.167777e+01
2.355308e+13,2.017890e+01
3.303731e+14,7.386918e+01
5.787218e+14,6.978536e+01
8.265067e+13,8.000000e+01
6.694988e+13,4.300027e+01
9.991897e+12,7.899263e+01
2.280564e+14,6.630210e+01
1.984485e+13,7.761535e+01
1.548264e+13,7.898248e+01
6.772695e+13,5.068747e+01
1.287292e+13,5.000001e+00
2.274519e+13,7.482024e+01
7.690989e+13,4.324050e+01
3.311938e+13,3.050857e+01
2.229396e+13,2.468312e+01
2.261475e+13,2.276132e+01
2.759714e+13,7.918902e+01
1.404402e+14,7.260800e+01
3.195301e+13,5.000474e+00
1.482235e+13,7.898033e+01
1.826689e+13,7.899404e+01
9.649706e+13,5.453107e+01
1.384959e+13,7.899495e+01
9.266253e+13,6.221827e+01
1.578534e+13,7.898057e+01
7.974915e+13,4.450168e+01
2.673592e+14,6.702277e+01
1.563199e+13,7.899807e+01
1.415058e+14,6.047664e+01
3.458780e+13,3.194992e+01
2.119670e+13,7.899133e+01
3.370409e+19,8.000000e+01
3.370409e+19,8.000000e+01
3.370409e+19,8.000000e+01
3.370409e+19,8.000000e+01
3.370409e+19,8.000000e+01
3.370409e+19,8.000000e+01
2.889932e+13,4.999964e+00
1.981694e+13,7.891055e+01
2.016524e+13,7.896194e+01
2.648073e+13,2.462306e+01
3.310998e+13,3.471251e+01
3.036262e+13,7.899529e+01
1.801683e+14,8.000000e+01
1.801683e+14,8.000000e+01
3.021860e+14,8.000000e+01
1.048445e+13,7.068844e+01
5.210895e+13,3.477257e+01
1.721511e+13,7.898549e+01
5.580190e+13,4.221954e+01
2.756552e+13,7.898729e+01
4.693397e+13,4.570280e+01
5.781390e+13,5.122798e+01
2.672838e+13,2.882700e+01
5.355338e+13,5.861490e+01
5.355338e+13,1.899355e+01
1.588512e+13,7.899048e+01
3.814398e+13,3.669437e+01
2.716743e+13,2.786610e+01
1.029387e+14,7.711222e+01
1.029387e+14,7.711222e+01
9.595710e+14,8.000000e+01
9.595710e+14,8.000000e+01
4.087604e+13,3.188987e+01
1.308804e+13,7.899773e+01
4.608274e+13,7.899408e+01
1.140734e+13,2.499642e+01
2.127870e+13,7.899070e+01
8.174839e+12,7.899799e+01
3.527806e+13,3.309099e+01
6.361333e+13,5.000011e+00
6.361333e+13,6.942502e+01
1.228195e+13,5.000000e+00
2.395868e+13,7.898657e+01
1.097871e+15,8.000000e+01
3.016001e+13,2.282137e+01
1.023198e+13,7.898807e+01
8.599087e+13,5.867495e+01
1.597198e+13,7.898546e+01
3.005077e+13,7.899488e+01
4.544451e+13,4.324050e+01
3.544920e+13,3.152953e+01
5.286826e+14,8.000000e+01
1.796197e+14,8.000000e+01
1.796197e+14,8.000000e+01
2.289292e+13,2.456301e+01
9.500775e+13,7.483008e+01
1.735126e+14,5.387045e+01
8.374350e+14,7.861363e+01
1.561920e+14,5.326989e+01
1.475636e+13,7.897212e+01
1.616176e+18,8.000000e+01
1.616176e+18,8.000000e+01
2.240384e+14,4.161898e+01
2.478697e+13,2.516357e+01
2.124289e+13,7.893915e+01
2.068304e+13,7.899686e+01
1.080507e+13,7.897835e+01
3.737850e+14,7.404935e+01
1.133993e+14,4.588297e+01
5.849799e+13,3.687454e+01
1.662638e+13,7.898049e+01
4.503575e+13,3.963712e+01
2.261530e+14,7.477003e+01
8.611263e+13,6.408002e+01
2.092733e+18,8.000000e+01
2.092733e+18,8.000000e+01
1.190661e+14,8.000000e+01
1.190661e+14,8.000000e+01
3.649175e+13,5.000247e+00
3.649175e+13,5.000000e+00
3.211026e+13,3.615386e+01
3.938773e+13,2.726554e+01
2.149795e+13,2.396244e+01
1.062384e+13,7.897000e+01
3.410009e+14,8.000000e+01
6.603507e+13,3.957707e+01
2.501124e+13,7.899451e+01
2.501124e+13,7.899838e+01
1.351654e+14,8.000000e+01
4.524674e+13,7.899409e+01
4.081616e+13,7.873203e+01
1.988153e+14,7.326862e+01
8.158265e+13,6.017636e+01
8.349050e+13,4.438157e+01
6.791678e+14,7.056609e+01
3.866325e+13,3.200998e+01
5.477187e+13,3.753515e+01
6.838323e+13,3.939690e+01
8.456606e+14,8.000000e+01
8.456606e+14,8.000000e+01
1.802177e+13,7.866536e+01
3.149021e+13,7.894369e+01
4.265112e+14,7.693205e+01
1.570917e+13,7.899501e+01
1.129480e+13,7.904372e+01
1.444057e+15,7.122671e+01
3.210729e+13,3.050857e+01
2.617168e+13,2.870689e+01
3.128244e+13,3.405189e+01
9.340814e+13,5.128804e+01
4.203542e+13,3.351139e+01
9.347099e+13,3.819577e+01
2.331711e+13,6.480813e+01
4.004425e+13,5.000044e+00
4.004425e+13,7.896697e+01
1.177077e+14,4.894584e+01
1.269283e+14,4.948635e+01
1.932997e+13,4.999834e+00
1.082000e+13,4.999404e+00
2.705707e+13,7.899566e+01
7.339806e+13,5.471124e+01
2.250923e+13,7.897834e+01
2.318790e+13,7.899691e+01
1.136801e+15,8.000000e+01
4.819404e+13,4.366089e+01
1.820824e+13,7.898609e+01
1.579168e+13,7.899770e+01
2.524361e+14,8.000000e+01
2.524361e+14,8.000000e+01
2.524361e+14,8.000000e+01
1.836734e+13,7.899003e+01
4.022339e+14,7.224767e+01
1.545317e+13,7.907557e+01
3.485165e+13,2.738565e+01
5.093457e+13,7.140688e+01
1.124516e+14,4.480196e+01
6.738183e+13,6.095709e+01
5.160566e+14,8.000000e+01
5.160566e+14,8.000000e+01
2.110629e+13,7.899567e+01
2.006295e+13,7.899458e+01
3.151498e+13,7.893641e+01
2.376640e+13,7.899615e+01
1.438343e+13,4.999618e+00
1.630977e+13,7.894748e+01
1.216015e+13,7.899668e+01
4.728026e+13,7.967295e+01
4.728026e+13,5.957580e+01
4.412451e+13,7.891882e+01
4.176157e+14,7.549070e+01
3.768915e+13,3.621392e+01
3.091880e+14,8.000000e+01
3.091880e+14,8.000000e+01
1.204096e+13,7.908528e+01
1.196565e+14,5.729366e+01
5.641108e+13,3.831589e+01
2.051985e+13,7.898825e+01
1.514897e+14,5.116792e+01
3.587935e+14,7.284823e+01
2.150185e+13,2.390239e+01
7.767764e+13,5.000009e+00
2.321041e+13,2.822644e+01
3.143130e+14,6.077692e+01
6.067091e+13,6.101715e+01
1.908926e+13,2.101969e+01
3.312198e+13,7.899292e+01
3.901027e+13,3.351139e+01
5.022003e+14,8.000000e+01
5.022003e+14,8.000000e+01
4.353965e+13,3.717482e+01
8.872625e+13,7.909408e+01
8.872625e+13,7.909408e+01
2.638545e+13,7.883871e+01
1.257372e+13,7.893664e+01
1.160837e+13,7.899045e+01
4.204247e+13,4.780477e+01
5.938761e+13,3.747510e+01
3.706247e+13,2.822644e+01
1.028986e+14,4.378100e+01
3.282393e+13,3.134936e+01
6.423628e+14,8.000000e+01
6.423628e+14,8.000000e+01
1.543422e+14,6.221827e+01
6.247252e+14,8.000000e+01
1.113207e+14,5.885512e+01
1.582363e+13,7.899793e+01
3.717496e+13,3.819577e+01
1.582572e+13,7.899465e+01
3.943887e+13,7.944822e+01
3.389753e+13,3.249043e+01
1.177128e+13,7.899686e+01
1.179539e+20,8.000000e+01
1.179539e+20,8.000000e+01
1.179539e+20,8.000000e+01
1.179539e+20,8.000000e+01
1.179539e+20,8.000000e+01
1.179539e+20,8.000000e+01
2.166870e+14,8.000000e+01
1.014717e+14,8.000000e+01
4.517842e+13,4.999455e+00
4.895354e+13,7.898732e+01
6.339228e+13,7.898662e+01
6.563860e+14,8.000000e+01
5.699421e+14,8.000000e+01
1.511395e+14,4.948635e+01
3.281620e+14,7.483008e+01
7.998402e+13,8.000000e+01
7.998402e+13,8.000000e+01
5.434872e+14,8.000000e+01
2.101505e+13,7.898432e+01
2.172807e+13,7.898364e+01
6.010896e+13,4.083825e+01
2.739185e+13,7.898649e+01
1.379017e+14,8.000000e+01
1.379017e+14,8.000000e+01
2.598824e+13,7.899669e+01
1.816208e+13,7.894638e+01
2.597097e+13,2.696526e+01
3.420881e+13,7.899129e+01
1.557785e+13,7.899628e+01
3.059826e+13,2.864683e+01
3.116384e+13,7.896014e+01
2.305395e+13,2.480323e+01
2.718970e+14,5.675315e+01
2.320508e+13,3.727294e+01
2.487789e+13,7.897671e+01
4.099797e+13,3.393178e+01
1.045748e+14,7.899778e+01
1.045748e+14,7.899494e+01
3.838423e+13,3.237032e+01
8.670247e+13,4.714415e+01
1.801323e+13,7.899508e+01
9.688645e+12,7.891847e+01
1.948682e+13,7.899251e+01
1.155482e+13,7.899769e+01
9.083805e+13,4.318044e+01
4.842249e+13,3.861617e+01
1.645551e+13,7.899081e+01
1.444845e+13,7.895913e+01
1.187349e+14,4.810505e+01
9.885187e+13,4.588297e+01
6.258355e+13,3.645414e+01
1.793972e+14,7.434963e+01
3.242632e+13,3.002812e+01
5.232506e+13,3.477257e+01
1.465787e+13,7.898438e+01
1.271123e+14,7.140688e+01
2.017631e+14,8.000000e+01
2.017631e+14,8.000000e+01
6.250121e+13,3.891645e+01
7.706880e+13,5.014697e+01
3.903005e+13,3.339127e+01
4.445918e+13,5.000000e+00
1.376799e+14,8.000000e+01
3.261180e+13,3.026835e+01
8.485447e+14,2.700000e+01
6.823622e+13,3.777538e+01
1.745780e+14,5.975597e+01
2.690003e+14,6.882446e+01
6.807859e+13,7.898250e+01
6.061791e+13,3.531307e+01
1.824330e+14,5.296961e+01
1.034137e+14,6.377974e+01
3.449468e+13,3.200998e+01
3.925833e+13,7.896230e+01
4.372213e+14,6.690266e+01
2.455074e+13,2.648481e+01
1.304572e+13,7.899488e+01
1.144551e+13,7.895169e+01
1.509504e+14,5.351012e+01
3.963044e+13,7.899599e+01
2.261820e+13,2.444289e+01
4.949583e+14,6.540125e+01
2.295236e+13,7.898663e+01
4.455339e+13,7.899817e+01
2.746834e+14,5.831462e+01
7.531081e+13,7.260800e+01
2.505103e+13,7.670951e+01
4.626636e+13,7.899505e+01
1.490808e+14,8.000000e+01
1.630217e+13,7.899702e+01
7.093381e+13,3.771532e+01
1.475646e+14,6.089704e+01
1.668153e+13,7.899700e+01
1.557449e+13,7.899662e+01
2.066470e+13,7.899580e+01
1.775036e+13,7.892791e+01
1.907417e+13,7.898764e+01
8.439462e+13,8.000000e+01
6.070617e+13,7.158705e+01
6.070617e+13,7.158705e+01
4.775764e+14,8.000000e+01
4.240585e+13,3.363150e+01
2.556491e+14,7.332868e+01
3.021583e+14,6.462052e+01
6.922492e+13,5.038719e+01
1.981792e+13,5.275973e+01
1.751017e+13,7.882341e+01
7.472423e+13,6.576159e+01
6.729797e+13,6.444035e+01
5.375198e+13,5.579225e+01
4.085741e+13,3.050857e+01
1.455572e+13,7.895809e+01
5.966335e+13,7.900000e+01
3.057617e+13,2.864683e+01
4.686043e+13,3.213009e+01
1.310939e+14,8.000000e+01
1.310939e+14,8.000000e+01
5.391664e+13,3.801560e+01
4.241467e+14,2.500000e+01
4.609598e+14,8.000000e+01
1.421901e+14,8.000000e+01
3.100407e+14,3.900000e+01
1.444051e+13,7.899205e+01
2.053421e+13,7.895416e+01
1.506693e+14,6.275878e+01
3.624156e+13,4.131870e+01
7.779000e+13,8.000000e+01
1.974541e+13,7.898871e+01
3.350589e+13,2.966779e+01
8.017326e+13,5.687327e+01
7.957609e+13,4.852545e+01
4.537084e+14,8.000000e+01
4.537084e+14,8.000000e+01
4.537084e+14,8.000000e+01
2.198372e+14,6.756328e+01
8.108765e+15,8.000000e+01
8.108765e+15,8.000000e+01
8.108765e+15,8.000000e+01
1.473823e+13,4.999236e+00
1.289018e+13,7.893822e+01
1.788553e+13,7.899446e+01
1.968572e+13,7.918513e+01
6.716860e+13,6.714289e+01
5.441766e+13,3.405189e+01
2.218745e+13,7.892429e+01
8.725613e+13,4.864556e+01
1.366005e+14,8.000000e+01
7.034851e+13,5.471124e+01
9.368678e+12,7.899762e+01
2.169299e+14,7.104654e+01
7.437970e+13,7.963458e+01
1.183872e+13,7.899864e+01
2.050922e+13,7.894800e+01
2.277613e+14,8.000000e+01
1.410241e+13,7.894759e+01
2.220586e+13,7.896179e+01
8.775990e+14,8.000000e+01
3.218374e+13,2.984796e+01
4.592340e+13,4.984669e+01
3.698047e+13,3.645414e+01
2.674271e+13,7.888329e+01
1.072708e+14,5.014697e+01
3.400137e+13,2.912728e+01
5.845088e+13,5.597242e+01
4.968196e+14,8.000000e+01
4.968196e+14,8.000000e+01
4.485302e+15,7.987481e+01
6.733138e+14,8.000000e+01
6.733138e+14,8.000000e+01
2.666470e+13,2.744571e+01
3.660096e+13,3.645414e+01
6.595057e+13,5.086764e+01
2.943067e+13,4.999950e+00
1.355154e+14,7.248789e+01
2.953323e+13,7.899685e+01
4.300963e+14,7.951447e+01
2.706594e+14,6.474064e+01
3.868199e+13,2.870689e+01
2.021309e+14,8.000000e+01
3.007173e+13,2.798621e+01
2.666589e+13,7.852470e+01
1.387035e+13,7.899301e+01
1.332282e+14,8.000000e+01
1.332282e+14,8.000000e+01
1.321735e+14,5.152826e+01
2.413548e+13,7.898317e+01
1.144261e+13,7.899785e+01
1.015828e+14,8.000000e+01
4.900028e+13,3.627397e+01
2.869893e+13,7.896251e+01
3.353431e+13,7.898772e+01
1.045365e+13,7.899537e+01
4.958375e+14,8.000000e+01
4.958375e+14,8.000000e+01
2.017867e+13,7.899047e+01
4.571331e+13,3.645414e+01
1.630798e+13,7.894452e+01
1.405863e+13,7.633877e+01
5.182914e+13,3.975724e+01
4.434068e+13,7.898707e+01
5.914114e+13,4.810505e+01
3.459932e+13,4.999780e+00
2.985293e+14,7.284823e+01
2.659947e+13,7.896642e+01
1.016957e+13,7.899517e+01
6.891114e+13,4.684387e+01
3.751911e+13,3.993740e+01
1.962145e+13,2.198059e+01
3.723576e+13,3.267060e+01
6.718097e+13,5.056736e+01
3.400603e+13,2.876694e+01
4.208292e+13,4.999806e+00
5.638633e+13,5.230899e+01
5.555616e+14,8.000000e+01
6.607630e+13,5.326989e+01
7.879816e+13,5.038719e+01
4.093860e+13,3.435217e+01
2.943414e+13,7.896124e+01
1.275855e+13,7.899731e+01
2.325059e+13,7.899423e+01
2.325821e+14,4.888579e+01
9.372593e+13,6.017636e+01
7.743179e+14,8.000000e+01
7.743179e+14,8.000000e+01
2.778149e+13,7.899160e+01
9.075818e+13,8.000000e+01
1.785886e+13,7.898209e+01
6.105978e+13,7.832815e+01
6.105978e+13,5.116792e+01
7.633296e+13,5.759394e+01
1.661077e+13,7.912149e+01
3.992529e+13,3.699465e+01
1.514394e+13,7.895988e+01
1.305165e+14,5.783417e+01
2.870506e+14,6.414007e+01
1.597431e+15,8.000000e+01
1.163652e+13,6.703900e+01
1.421210e+13,7.899746e+01
2.044205e+13,6.107890e+01
2.115264e+14,7.344879e+01
8.207331e+13,5.000069e+00
8.207331e+13,7.891391e+01
9.975177e+13,4.500000e+01
2.830068e+13,3.026835e+01
1.817751e+14,8.000000e+01
1.825395e+13,7.899313e+01
1.532540e+13,7.899754e+01
7.048860e+14,8.000000e+01
3.096106e+13,2.738565e+01
9.928664e+13,5.513164e+01
1.424285e+13,7.897093e+01
1.379486e+13,7.898911e+01
4.607031e+14,8.000000e+01
1.843565e+13,7.899558e+01
1.644117e+13,7.909888e+01
1.298685e+14,7.543065e+01
3.429390e+13,4.282010e+01
9.327586e+19,8.000000e+01
9.327586e+19,8.000000e+01
9.327586e+19,8.000000e+01
9.327586e+19,8.000000e+01
9.327586e+19,8.000000e+01
9.327586e+19,8.000000e+01
1.384046e+13,7.899688e+01
1.450940e+14,7.747256e+01
1.663622e+13,7.896106e+01
1.086534e+13,7.899452e+01
7.808989e+13,4.504219e+01
2.315470e+13,7.889188e+01
2.691834e+13,2.696076e+01
1.792940e+13,7.898717e+01
1.494152e+15,7.284823e+01
6.256659e+13,5.242910e+01
6.256659e+13,5.242910e+01
2.640349e+13,2.924739e+01
1.449620e+13,7.899766e+01
3.242320e+14,8.000000e+01
5.250216e+13,3.303094e+01
1.631379e+13,7.899646e+01
9.434718e+13,6.618199e+01
2.703446e+13,7.312273e+01
2.163686e+13,7.899801e+01
3.116655e+13,2.948762e+01
3.626491e+14,7.212755e+01
8.720539e+13,7.230772e+01
1.686775e+13,7.896368e+01
7.740757e+13,4.642348e+01
3.455707e+13,3.098902e+01
2.450493e+13,7.889418e+01
2.339155e+13,7.897061e+01
6.067937e+13,5.369029e+01
4.348003e+14,8.000000e+01
4.348003e+14,8.000000e+01
1.457001e+13,7.897123e+01
3.586460e+13,2.990801e+01
1.307218e+13,7.899435e+01
2.461115e+13,7.898857e+01
4.127765e+13,7.899016e+01
1.933480e+14,6.209816e+01
8.795000e+14,8.000000e+01
8.805192e+13,4.480196e+01
3.326310e+13,5.000037e+00
2.821337e+13,7.130868e+01
5.045580e+13,4.372095e+01
9.702770e+13,6.209816e+01
4.507096e+13,5.969591e+01
6.002965e+13,3.579352e+01
7.019670e+13,5.000005e+00
7.019670e+13,7.899257e+01
1.337248e+13,7.899537e+01
6.549001e+13,5.921546e+01
1.824817e+15,8.000000e+01
1.824817e+15,8.000000e+01
1.824817e+15,8.000000e+01
1.036302e+13,7.899741e+01
5.261528e+13,4.107847e+01
1.941233e+13,7.898744e+01
2.230837e+13,7.898824e+01
1.806638e+13,7.899676e+01
8.744486e+13,3.993740e+01
5.787057e+13,3.603375e+01
3.072574e+14,6.005625e+01
1.156029e+14,4.804500e+01
3.278144e+13,2.990801e+01
1.276374e+14,6.480069e+01
3.234452e+13,7.899577e+01
2.560898e+13,2.960773e+01
1.431341e+13,7.896478e+01
3.782259e+13,3.074880e+01
1.526186e+15,7.717228e+01
7.833306e+13,5.735372e+01
2.492822e+13,7.899468e+01
5.654917e+13,5.405062e+01
5.530077e+13,4.858550e+01
1.926065e+14,5.351012e+01
8.645339e+13,4.330055e+01
4.061857e+13,3.363150e+01
1.050845e+14,5.963585e+01
4.955058e+13,3.705470e+01
8.439051e+13,4.744444e+01
1.260904e+14,3.909662e+01
2.988852e+14,7.440969e+01
1.011171e+14,4.203937e+01
1.573856e+13,7.897027e+01
5.897180e+14,6.263867e+01
2.135607e+14,5.489141e+01
2.810261e+13,7.899270e+01
4.280081e+13,7.916104e+01
1.316225e+13,7.898537e+01
1.302660e+13,7.899629e+01
8.274439e+13,4.810505e+01
1.915996e+13,7.899295e+01
9.242793e+13,4.408129e+01
4.024907e+13,3.597369e+01
2.307515e+14,7.242783e+01
3.532264e+13,7.899087e+01
1.627765e+13,7.899345e+01
1.987282e+13,7.897968e+01
3.049343e+13,7.899180e+01
4.050266e+14,8.000000e+01
3.223334e+15,8.000000e+01
3.223334e+15,8.000000e+01
1.125325e+14,8.000000e+01
1.125325e+14,8.000000e+01
8.147437e+13,8.000000e+01
9.624111e+13,4.999873e+00
5.039735e+13,3.501279e+01
3.445804e+13,3.957707e+01
2.247950e+13,2.510351e+01
1.383549e+13,6.830349e+01
1.161709e+13,7.899507e+01
2.151820e+13,2.396244e+01
2.873022e+14,6.131743e+01
7.029092e+13,6.618199e+01
2.674768e+14,6.546131e+01
3.408839e+14,8.000000e+01
3.408839e+14,8.000000e+01
1.941754e+13,7.891843e+01
4.435490e+13,3.453234e+01
1.505615e+13,7.899644e+01
3.278372e+13,2.852672e+01
2.477018e+13,7.776413e+01
8.110810e+13,5.369029e+01
2.606832e+13,2.954767e+01
1.506109e+13,7.899450e+01
3.608362e+13,3.273066e+01
6.384694e+13,3.633403e+01
3.860296e+14,6.383979e+01
2.054778e+13,7.899251e+01
4.188563e+13,5.789422e+01
2.625964e+13,7.895917e+01
2.290686e+14,7.356890e+01
4.856460e+13,3.369156e+01
8.245306e+14,8.000000e+01
1.240548e+14,8.000000e+01
1.160423e+13,7.897580e+01
1.114781e+13,7.899188e+01
1.189946e+13,7.899546e+01
8.301912e+13,4.498213e+01
5.466832e+14,8.000000e+01
5.466832e+14,8.000000e+01
1.500251e+14,6.305906e+01
4.069123e+13,3.549324e+01
5.389976e+13,5.849479e+01
5.389976e+13,5.849479e+01
4.421936e+14,8.000000e+01
1.734198e+13,7.899625e+01
1.617321e+14,5.357017e+01
1.110223e+15,8.000000e+01
5.645084e+13,7.898311e+01
2.181471e+13,7.898036e+01
6.089173e+13,7.899019e+01
1.674877e+13,7.899214e+01
7.018113e+13,7.899486e+01
3.210498e+13,2.780604e+01
2.139201e+13,2.306160e+01
1.054566e+14,5.723360e+01
1.054566e+14,5.723360e+01
1.283149e+19,8.000000e+01
1.283149e+19,8.000000e+01
1.283149e+19,8.000000e+01
3.609337e+13,4.999819e+00
1.331582e+13,7.899583e+01
7.859491e+13,6.804373e+01
4.335578e+14,8.000000e+01
1.681431e+14,8.000000e+01
1.681431e+14,8.000000e+01
2.036046e+14,7.621138e+01
3.254150e+13,7.899704e+01
1.328590e+13,4.999773e+00
3.655675e+14,6.167777e+01
6.410361e+13,4.999260e+00
6.410361e+13,7.975470e+01
3.420993e+13,4.999954e+00
1.668871e+13,7.899738e+01
1.031664e+13,6.881483e+01
1.641280e+14,8.000000e+01
1.641280e+14,8.000000e+01
1.320066e+14,7.248789e+01
1.320066e+14,7.248789e+01
7.570050e+13,6.732305e+01
7.570050e+13,6.732305e+01
1.810116e+14,6.834401e+01
3.437837e+13,3.032841e+01
1.812088e+14,6.395990e+01
1.134009e+13,4.999863e+00
7.185265e+13,3.753515e+01
5.399972e+13,3.831589e+01
8.073677e+13,4.143881e+01
2.627019e+13,5.000000e+00
1.247364e+14,4.300000e+01
2.894972e+13,2.930745e+01
2.371689e+13,7.898498e+01
1.472922e+13,7.909468e+01
6.354925e+17,8.000000e+01
1.885982e+14,6.990547e+01
1.885982e+14,6.990547e+01
1.389685e+14,8.000000e+01
8.395290e+13,4.558269e+01
4.596561e+13,4.648354e+01
4.596561e+13,5.000198e+00
2.644675e+13,7.898137e+01
1.531938e+14,4.972657e+01
7.734091e+13,5.645287e+01
1.225014e+13,7.899351e+01
1.261183e+13,7.899730e+01
1.175744e+13,7.899634e+01
3.629375e+13,4.999459e+00
3.680447e+13,3.639409e+01
5.478818e+13,4.684387e+01
1.965504e+13,7.899184e+01
3.658788e+13,3.345133e+01
1.774267e+13,7.899623e+01
7.538836e+13,5.206877e+01
7.767743e+13,4.456174e+01
2.199913e+13,7.895863e+01
1.828029e+13,7.898753e+01
1.454866e+13,7.899696e+01
7.444525e+13,5.074753e+01
7.881783e+13,3.699465e+01
2.750513e+14,8.000000e+01
3.180386e+13,2.858677e+01
5.584633e+13,3.297088e+01
3.593615e+14,8.000000e+01
2.257410e+14,7.921419e+01
3.801983e+13,3.098902e+01
6.137133e+13,3.717482e+01
5.994768e+13,5.224894e+01
1.212650e+13,7.898999e+01
9.275363e+12,3.098686e+01
5.206532e+13,3.489268e+01
1.239117e+14,4.444162e+01
2.033312e+14,8.000000e+01
2.033312e+14,8.000000e+01
4.394037e+13,6.149056e+01
2.441465e+14,5.567214e+01
9.446502e+13,5.549197e+01
3.110860e+14,8.000000e+01
3.110860e+14,8.000000e+01
3.110860e+14,8.000000e+01
3.036698e+14,8.000000e+01
3.004170e+13,7.899547e+01
3.168373e+13,3.092897e+01
3.032484e+13,2.906722e+01
1.616464e+14,4.534247e+01
5.695397e+13,3.969718e+01
3.088987e+13,7.897606e+01
2.242471e+13,7.899563e+01
1.590464e+13,4.999235e+00
6.590104e+13,3.711476e+01
1.707801e+14,7.464992e+01
1.006901e+15,8.000000e+01
1.006901e+15,8.000000e+01
4.736185e+13,7.897233e+01
9.762229e+13,4.612320e+01
8.972944e+13,8.000000e+01
6.635804e+13,6.335934e+01
1.236483e+13,7.899725e+01
2.339615e+14,7.939436e+01
2.241630e+13,7.899292e+01
1.815017e+13,7.899426e+01
7.958386e+13,8.000000e+01
1.128511e+14,4.762460e+01
1.408676e+14,8.000000e+01
1.408676e+14,8.000000e+01
3.199158e+13,2.792616e+01
2.154278e+13,2.330182e+01
1.342859e+14,5.248916e+01
1.278257e+13,7.899770e+01
7.161065e+13,3.975724e+01
1.965405e+13,7.891110e+01
2.599035e+13,2.882700e+01
5.228726e+13,4.462179e+01
2.718545e+13,2.834655e+01
1.921030e+13,7.898864e+01
7.624195e+13,4.089830e+01
3.491280e+13,2.960773e+01
8.268751e+14,8.000000e+01
8.268751e+14,8.000000e+01
2.114038e+13,7.898213e+01
2.233605e+13,7.898703e+01
3.982279e+14,8.000000e+01
3.982279e+14,8.000000e+01
3.982279e+14,8.000000e+01
1.485185e+13,7.899805e+01
1.965693e+14,8.000000e+01
1.088479e+13,7.899542e+01
1.107570e+14,4.276005e+01
1.460453e+14,7.639155e+01
2.562901e+13,2.978790e+01
1.302258e+13,7.899636e+01
8.541416e+13,7.621138e+01
2.586714e+13,7.894737e+01
2.436968e+13,7.897658e+01
5.516225e+14,8.000000e+01
5.516225e+14,8.000000e+01
1.317785e+13,7.899376e+01
1.430892e+13,7.899792e+01
5.875834e+13,2.468312e+01
1.324199e+13,7.899207e+01
2.213242e+13,2.558396e+01
3.227184e+13,1.699875e+01
1.989900e+13,7.899535e+01
1.027105e+14,5.603248e+01
3.287664e+13,3.435217e+01
4.063151e+13,5.044725e+01
4.063151e+13,5.000005e+00
3.123288e+13,2.900000e+01
1.423233e+13,7.894922e+01
7.633221e+13,4.402123e+01
1.499303e+13,7.899022e+01
1.444275e+14,5.020702e+01
2.364761e+14,5.717355e+01
4.618846e+13,2.480323e+01
7.665031e+13,4.504219e+01
1.612923e+14,8.000000e+01
1.668294e+14,6.714289e+01
5.028525e+13,4.269999e+01
2.459178e+15,8.000000e+01
1.485049e+13,7.909668e+01
9.677655e+12,7.899295e+01
2.829449e+13,2.582419e+01
2.808417e+14,5.363023e+01
2.135988e+14,5.110787e+01
2.222151e+13,5.619452e+01
9.073157e+13,6.486075e+01
3.566269e+13,3.128931e+01
3.214895e+13,3.819577e+01
5.087378e+13,3.669437e+01
3.727199e+14,8.000000e+01
1.977129e+14,5.627270e+01
3.483549e+13,7.897359e+01
3.513816e+13,5.897333e+01
3.513816e+13,7.913711e+01
1.274363e+13,7.899718e+01
8.567984e+14,8.000000e+01
8.133007e+13,4.336061e+01
9.844839e+13,4.534247e+01
9.304675e+13,5.591237e+01
1.622783e+13,7.899655e+01
3.964690e+13,3.729493e+01
3.494624e+13,5.477630e+01
2.210802e+14,5.789422e+01
4.689338e+13,3.501279e+01
1.433158e+13,5.000175e+00
3.393486e+13,3.080886e+01
1.318824e+14,7.898284e+01
1.333132e+13,7.899249e+01
4.695200e+13,4.456174e+01
1.318214e+13,7.910394e+01
3.094943e+13,2.660492e+01
2.820306e+13,2.678509e+01
9.144779e+17,8.000000e+01
1.522651e+13,7.899203e+01
5.190611e+13,7.899438e+01
4.562914e+13,4.834528e+01
1.615163e+14,8.000000e+01
1.615163e+14,8.000000e+01
2.368309e+14,8.000000e+01
2.368309e+14,8.000000e+01
2.368309e+14,8.000000e+01
2.368309e+14,8.000000e+01
8.020916e+13,4.864556e+01
2.836795e+13,2.780604e+01
2.471061e+14,5.357017e+01
5.129677e+13,3.207004e+01
5.744625e+14,8.000000e+01
3.716035e+13,3.339127e+01
1.237108e+13,4.999660e+00
1.902619e+13,7.892799e+01
1.127477e+13,7.898927e+01
1.307797e+13,7.899470e+01
6.499729e+13,3.699465e+01
3.939165e+13,2.756582e+01
3.900606e+13,7.899213e+01
7.938811e+13,8.000000e+01
2.458748e+13,7.898611e+01
3.484138e+14,8.000000e+01
4.704599e+13,3.681448e+01
1.654185e+13,7.896740e+01
5.091565e+13,3.363150e+01
2.273015e+14,7.537059e+01
3.702837e+13,7.899368e+01
1.415777e+13,7.910377e+01
1.125201e+13,7.899717e+01
8.623340e+14,8.000000e+01
1.573414e+13,7.897645e+01
6.287329e+13,5.351012e+01
6.220797e+14,8.000000e+01
2.360737e+15,8.000000e+01
2.627199e+13,3.891354e+01
1.577420e+13,7.896848e+01
5.954917e+13,5.008691e+01
1.981177e+13,7.898192e+01
6.463553e+13,4.185920e+01
3.373309e+13,3.345133e+01
1.427782e+14,7.699211e+01
1.840370e+14,8.000000e+01
1.123231e+14,8.000000e+01
3.232361e+13,3.249043e+01
1.576800e+14,6.263867e+01
3.791343e+13,3.885639e+01
2.603627e+13,4.998351e+00
1.515631e+14,6.510097e+01
2.282606e+14,8.000000e+01
4.660572e+13,4.492207e+01
9.648534e+12,7.899840e+01
1.659173e+14,8.000000e+01
1.659173e+14,8.000000e+01
4.417330e+13,3.855611e+01
1.388571e+13,7.899447e+01
1.184757e+13,7.899768e+01
1.146116e+13,7.898843e+01
6.553977e+13,3.957707e+01
5.103435e+13,4.336061e+01
1.845223e+13,7.899141e+01
5.211006e+13,4.720421e+01
1.474347e+13,7.899347e+01
1.560520e+16,8.000000e+01
5.284915e+13,3.705470e+01
3.633976e+13,3.441223e+01
2.091130e+13,7.898048e+01
8.290536e+12,7.899708e+01
1.557748e+13,7.898000e+01
3.829917e+13,7.898538e+01
1.485290e+15,7.675188e+01
7.727798e+13,4.999913e+00
1.819794e+13,7.886606e+01
2.333363e+14,7.338873e+01
1.095844e+14,5.975597e+01
3.570795e+13,3.176976e+01
3.332476e+13,3.369156e+01
1.283882e+13,5.481934e+01
3.817795e+13,7.899482e+01
7.999925e+13,7.717228e+01
7.999925e+13,7.717228e+01
2.005776e+13,7.899665e+01
2.006180e+13,7.892081e+01
1.077044e+14,5.861490e+01
6.971689e+13,7.899563e+01
2.680983e+13,2.588424e+01
2.841973e+14,5.765400e+01
5.277285e+13,3.495274e+01
6.705461e+13,5.405062e+01
2.358665e+13,7.520180e+01
8.427140e+12,7.895993e+01
2.131647e+13,7.891751e+01
9.464043e+13,8.000000e+01
1.999099e+13,7.898010e+01
1.109260e+15,8.000000e+01
1.109260e+15,8.000000e+01
2.115577e+13,7.898899e+01
3.780004e+13,2.858677e+01
6.142494e+13,5.272939e+01
1.061012e+14,5.399057e+01
1.020212e+14,5.747383e+01
2.733795e+13,7.899669e+01
1.004896e+13,7.899868e+01
1.979887e+13,7.898216e+01
3.419399e+13,7.899355e+01
7.087588e+13,4.017763e+01
5.110443e+13,5.345006e+01
7.747621e+13,6.317917e+01
4.722333e+13,3.291082e+01
9.788578e+13,8.000000e+01
1.232083e+14,6.864429e+01
1.163929e+14,7.290828e+01
4.379579e+13,4.125864e+01
5.499132e+13,6.534120e+01
5.120778e+13,3.002812e+01
1.090381e+13,4.999818e+00
2.015894e+13,7.899595e+01
4.639885e+14,8.000000e+01
2.074994e+14,7.110660e+01
2.151873e+14,8.000000e+01
2.464920e+13,2.588424e+01
3.680686e+13,3.002812e+01
2.736359e+13,7.917688e+01
1.764967e+13,7.899528e+01
1.046964e+14,8.000000e+01
1.046964e+14,4.999939e+00
5.598580e+13,5.579225e+01
2.096340e+13,2.174036e+01
1.894703e+15,8.000000e+01
5.549102e+13,3.363150e+01
2.210156e+15,8.000000e+01
2.210156e+15,8.000000e+01
6.047392e+13,5.218888e+01
1.706411e+13,7.899558e+01
8.180491e+13,4.420140e+01
3.673016e+14,8.000000e+01
3.673016e+14,8.000000e+01
3.421543e+13,3.170970e+01
3.867234e+13,7.899833e+01
4.333887e+13,6.521259e+01
7.080959e+13,4.203937e+01
8.146194e+13,4.107847e+01
2.618837e+13,2.438284e+01
1.374482e+13,7.899753e+01
3.406079e+13,7.899601e+01
4.786385e+13,4.462179e+01
3.706575e+14,8.000000e+01
3.706575e+14,8.000000e+01
1.792153e+13,7.897337e+01
1.754174e+14,7.002558e+01
3.146010e+13,3.056863e+01
6.193461e+13,4.071814e+01
2.299632e+13,7.885458e+01
2.024726e+14,5.369029e+01
2.051715e+13,7.897985e+01
1.538958e+13,7.898754e+01
3.194001e+13,3.345133e+01
3.168887e+13,2.786610e+01
2.146662e+14,8.000000e+01
2.146662e+14,8.000000e+01
1.131297e+13,7.894987e+01
2.687264e+13,4.099326e+01
2.687264e+13,7.900386e+01
2.058220e+14,6.798367e+01
1.410847e+13,7.899819e+01
8.261343e+13,4.209943e+01
1.789784e+13,7.898105e+01
5.991855e+13,4.396117e+01
1.854927e+13,7.899792e+01
1.611144e+16,8.000000e+01
2.444246e+13,7.899116e+01
4.458736e+13,4.053797e+01
1.263391e+13,7.899733e+01
1.836917e+13,7.895882e+01
3.767610e+13,3.110914e+01
1.997308e+13,4.999631e+00
6.857598e+14,6.900463e+01
1.411385e+13,7.899737e+01
1.460578e+14,8.000000e+01
1.460578e+14,8.000000e+01
1.460578e+14,8.000000e+01
4.339685e+13,3.231026e+01
9.279469e+13,4.414134e+01
3.636295e+13,3.133227e+01
1.139396e+14,5.417074e+01
5.079376e+13,4.209943e+01
1.606696e+14,8.000000e+01
1.606696e+14,8.000000e+01
3.302003e+13,2.978790e+01
1.931331e+13,7.899462e+01
1.454215e+14,8.000000e+01
1.002464e+14,8.000000e+01
5.438608e+13,4.131870e+01
2.303117e+13,7.899232e+01
1.267636e+13,7.899409e+01
1.362433e+13,7.899643e+01
4.107693e+14,8.000000e+01
6.938903e+13,3.921673e+01
8.101247e+16,8.000000e+01
1.089440e+13,7.899164e+01
5.434041e+13,5.278944e+01
7.670739e+13,4.852545e+01
5.169810e+13,2.296773e+01
1.076813e+16,8.000000e+01
1.076813e+16,8.000000e+01
1.076813e+16,8.000000e+01
1.076813e+16,8.000000e+01
3.188245e+13,3.267060e+01
1.957721e+13,7.899494e+01
1.046794e+13,7.898417e+01
6.870082e+13,7.939436e+01
3.174658e+13,7.899414e+01
1.232319e+14,4.708410e+01
2.373177e+17,8.000000e+01
2.439739e+13,3.500000e+01
1.473446e+13,4.698874e+01
2.796077e+13,7.896924e+01
8.340371e+13,4.504219e+01
3.619491e+14,7.507031e+01
2.915217e+15,8.000000e+01
1.301485e+13,7.899605e+01
3.851915e+13,4.269999e+01
1.523741e+13,7.914700e+01
1.989751e+13,7.770086e+01
2.359939e+13,7.899051e+01
1.235030e+14,6.558142e+01
1.617713e+14,8.000000e+01
2.394946e+13,7.899039e+01
1.373449e+13,7.899796e+01
3.176067e+13,7.899705e+01
3.950424e+15,8.000000e+01
3.950424e+15,8.000000e+01
1.168185e+14,5.248916e+01
4.157802e+13,3.122925e+01
3.209232e+13,2.948762e+01
4.944767e+13,3.819577e+01
1.981973e+13,7.898515e+01
1.690001e+13,7.899580e+01
1.882678e+13,7.924157e+01
1.076507e+13,8.998900e+00
8.412806e+13,6.305906e+01
2.225802e+14,8.000000e+01
8.365175e+13,5.351012e+01
1.786127e+13,7.888627e+01
1.772456e+13,7.895707e+01
1.046688e+14,4.426145e+01
1.177133e+14,6.696272e+01
1.177133e+14,6.696272e+01
2.220397e+13,7.899617e+01
4.450579e+13,4.185920e+01
4.802294e+13,7.899326e+01
2.272509e+13,7.897303e+01
2.890027e+13,7.898478e+01
3.153094e+13,3.531307e+01
1.558172e+13,7.898300e+01
1.797631e+13,7.899165e+01
3.778377e+13,2.984796e+01
1.861706e+13,7.899718e+01
2.091365e+13,6.205620e+01
9.860449e+14,8.000000e+01
2.134430e+13,7.898450e+01
1.573502e+13,7.896055e+01
2.303108e+13,2.408256e+01
1.618644e+13,3.098569e+01
1.348163e+14,8.000000e+01
2.689179e+13,7.899698e+01
1.138853e+13,7.899689e+01
3.704136e+14,8.000000e+01
3.704136e+14,8.000000e+01
3.351134e+13,2.756582e+01
3.906329e+13,3.621392e+01
1.207077e+14,6.023642e+01
1.261724e+14,5.447102e+01
4.894479e+13,4.456174e+01
8.717090e+13,8.000000e+01
3.869632e+13,4.272089e+01
7.251391e+13,4.071814e+01
3.440012e+13,7.899761e+01
1.521537e+15,7.170716e+01
1.902491e+14,5.567214e+01
9.579342e+13,4.570280e+01
2.827857e+14,8.000000e+01
1.019365e+13,7.899294e+01
2.334277e+13,7.899220e+01
2.171865e+13,2.438284e+01
8.389641e+13,5.062742e+01
7.031202e+14,8.000000e+01
7.031202e+14,8.000000e+01
1.138073e+14,7.416947e+01
1.487318e+13,7.899429e+01
1.556030e+13,7.899575e+01
4.599521e+14,8.000000e+01
4.599521e+14,8.000000e+01
4.599521e+14,8.000000e+01
4.599521e+14,8.000000e+01
1.186085e+13,7.898814e+01
9.379133e+13,4.059802e+01
1.417848e+13,7.899671e+01
1.768879e+14,5.651293e+01
5.256787e+13,3.675442e+01
2.534756e+14,7.458986e+01
4.820973e+15,8.000000e+01
4.310384e+13,3.717482e+01
7.097794e+14,6.912474e+01
4.577351e+13,4.999415e+00
2.502714e+13,2.594430e+01
1.323497e+14,5.357017e+01
2.443603e+13,2.510351e+01
1.010387e+14,5.579225e+01
1.406358e+14,2.249000e+01
6.921042e+13,4.282010e+01
2.489272e+13,7.899351e+01
9.538880e+13,7.942341e+01
4.446906e+13,3.747510e+01
3.689983e+13,3.056863e+01
2.114109e+13,7.894655e+01
3.474531e+13,7.899736e+01
2.111066e+13,4.727156e+01
1.657870e+14,5.489141e+01
1.335939e+13,7.899736e+01
2.278649e+13,7.895792e+01
1.840212e+14,6.077692e+01
3.687494e+13,2.864683e+01
1.538274e+13,7.899511e+01
4.023778e+13,3.309099e+01
2.256488e+13,4.999909e+00
6.146379e+13,6.065681e+01
5.041194e+13,3.303094e+01
2.100349e+14,5.633276e+01
2.543387e+13,7.899715e+01
2.155023e+13,7.899443e+01
2.211262e+13,4.999922e+00
7.761791e+13,2.689066e+01
2.518236e+14,5.615259e+01
8.063606e+13,6.432024e+01
2.513353e+14,8.000000e+01
4.191576e+14,6.804373e+01
1.449758e+14,6.552137e+01
1.030520e+13,7.898750e+01
8.185052e+13,5.056736e+01
8.185052e+13,5.056736e+01
8.717135e+13,5.345006e+01
5.864245e+13,4.011757e+01
7.454810e+13,7.896648e+01
2.274633e+13,7.928556e+01
3.522419e+14,6.612193e+01
5.596397e+13,6.830704e+01
3.780132e+13,7.899606e+01
4.202899e+13,4.954640e+01
1.114438e+14,5.068747e+01
1.260683e+13,7.898075e+01
2.237104e+13,7.898035e+01
4.508593e+13,4.774472e+01
1.977110e+13,2.264121e+01
2.707350e+13,2.672503e+01
1.768815e+13,7.899411e+01
4.966988e+13,3.687454e+01
3.438299e+13,3.026835e+01
2.595231e+13,2.900717e+01
1.701551e+13,7.899288e+01
8.457968e+13,7.032587e+01
7.313173e+13,4.203937e+01
7.007216e+13,4.167904e+01
7.500723e+13,6.738311e+01
1.756569e+14,5.314978e+01
1.116937e+14,8.000000e+01
1.664646e+13,7.897932e+01
3.975514e+13,3.381167e+01
1.316935e+13,7.899424e+01
1.090218e+13,7.899401e+01
3.204347e+13,7.898705e+01
4.388819e+13,3.831589e+01
2.465966e+13,7.899717e+01
1.499924e+14,7.879380e+01
5.675705e+13,5.471124e+01
8.363729e+13,4.606314e+01
9.950808e+14,7.795301e+01
3.332785e+13,4.065808e+01
2.197555e+13,4.999813e+00
2.764006e+13,2.498881e+01
4.894926e+13,3.849605e+01
3.791856e+13,7.899295e+01
5.782283e+13,4.762460e+01
6.530879e+13,7.621138e+01
2.000950e+13,7.898536e+01
1.628055e+13,7.899753e+01
8.415921e+13,8.000000e+01
8.415921e+13,8.000000e+01
2.394627e+13,7.898478e+01
6.515541e+14,7.440969e+01
1.179027e+14,8.000000e+01
4.856730e+13,7.899028e+01
4.671343e+13,3.873628e+01
9.895691e+12,7.899645e+01
2.567661e+13,5.000079e+00
1.344221e+13,7.898808e+01
1.321770e+13,7.898806e+01
8.893145e+12,7.899674e+01
1.781908e+14,8.000000e+01
1.781908e+14,8.000000e+01
3.420427e+13,2.924739e+01
4.133640e+13,3.975724e+01
1.348594e+14,7.507031e+01
2.056608e+14,8.000000e+01
2.056608e+14,8.000000e+01
1.817208e+13,7.899488e+01
9.158252e+14,8.000000e+01
8.135958e+13,5.158832e+01
1.747434e+14,7.699211e+01
4.904691e+14,6.089704e+01
5.637621e+13,4.209943e+01
1.721778e+13,7.899098e+01
1.241162e+14,6.678255e+01
2.477161e+13,7.896428e+01
1.280008e+14,4.444162e+01
3.971134e+13,7.889087e+01
5.536516e+13,3.723487e+01
5.516587e+13,3.405189e+01
2.453662e+14,8.000000e+01
3.566371e+13,7.895986e+01
2.964930e+13,7.896664e+01
1.267781e+13,7.899576e+01
2.388917e+13,7.894748e+01
3.869963e+13,3.789549e+01
1.659149e+14,6.540125e+01
4.572518e+13,7.899535e+01
7.721084e+14,8.000000e+01
1.317426e+16,8.000000e+01
6.982275e+13,5.831462e+01
3.997777e+13,5.345006e+01
6.019721e+13,5.158832e+01
1.151755e+13,7.899615e+01
2.009454e+14,7.404935e+01
3.975343e+13,7.899046e+01
3.492679e+13,7.899046e+01
4.334992e+13,3.333122e+01
3.516055e+13,3.285077e+01
4.592892e+13,3.591364e+01
4.360397e+13,7.898570e+01
8.306067e+13,4.720421e+01
2.409201e+13,7.898119e+01
4.388534e+13,4.324050e+01
1.366908e+14,5.351012e+01
9.942916e+13,4.822517e+01
1.015533e+14,7.899176e+01
2.020070e+13,7.896851e+01
3.780758e+13,7.898667e+01
2.796620e+13,7.899487e+01
1.587744e+13,7.898701e+01
6.208495e+13,3.717482e+01
4.836161e+13,5.320984e+01
1.414367e+13,7.899700e+01
1.053445e+14,5.236905e+01
3.945842e+13,3.483262e+01
1.172275e+13,7.899325e+01
2.352577e+13,5.000359e+00
5.300681e+13,7.897057e+01
1.196434e+13,7.899751e+01
2.896187e+15,8.000000e+01
2.137828e+14,5.320984e+01
3.598241e+13,3.723487e+01
1.167905e+14,6.864429e+01
1.341351e+15,8.000000e+01
1.341351e+15,8.000000e+01
1.341351e+15,8.000000e+01
2.294182e+14,7.969464e+01
2.294182e+14,7.969464e+01
2.049714e+13,4.998607e+00
4.442123e+13,3.116919e+01
3.616308e+13,7.898635e+01
2.071669e+13,7.898951e+01
9.128108e+12,7.899726e+01
1.620514e+14,7.495020e+01
2.925476e+13,7.898387e+01
6.079261e+13,4.149887e+01
1.913535e+13,2.204064e+01
8.210895e+13,4.239971e+01
1.365606e+14,4.756455e+01
2.323076e+13,7.852974e+01
3.142300e+13,7.898339e+01
3.269022e+13,3.531307e+01
6.606794e+13,5.669310e+01
1.600457e+13,4.912854e+01
1.019804e+14,6.972530e+01
1.917662e+13,7.899366e+01
1.336452e+14,8.000000e+01
1.336452e+14,8.000000e+01
2.221872e+13,7.898773e+01
1.631426e+14,2.300000e+01
2.323596e+13,2.098357e+01
3.034485e+13,7.897778e+01
3.138446e+13,3.459240e+01
2.650612e+13,7.898802e+01
2.273832e+13,7.898744e+01
3.538393e+13,2.864683e+01
1.532057e+13,7.899172e+01
2.465762e+14,7.813318e+01
2.761173e+13,3.633403e+01
4.641694e+13,4.810505e+01
7.286964e+13,3.759521e+01
8.980988e+13,8.000000e+01
3.213454e+13,3.507285e+01
1.620946e+14,8.000000e+01
1.694885e+14,7.645160e+01
4.263803e+13,3.207004e+01
3.583833e+13,3.519296e+01
1.006752e+14,4.564275e+01
8.625364e+13,4.690393e+01
1.508311e+13,7.895581e+01
2.218239e+14,8.000000e+01
1.560003e+13,7.899549e+01
2.532707e+14,8.000000e+01
1.543606e+13,7.899765e+01
9.257384e+13,8.000000e+01
2.853846e+13,3.213009e+01
4.731498e+13,4.504219e+01
3.100722e+14,8.000000e+01
6.114497e+13,2.694802e+01
1.524265e+13,7.899665e+01
1.634252e+13,4.999726e+00
3.690822e+13,3.056863e+01
3.671551e+13,4.998870e+00
8.058554e+12,7.898666e+01
1.742831e+13,7.899758e+01
3.474891e+13,3.116919e+01
1.649120e+13,6.473807e+01
1.303609e+14,7.495020e+01
2.050524e+14,7.807312e+01
3.584635e+13,7.899841e+01
9.731683e+12,7.899854e+01
2.569855e+13,7.899212e+01
7.888358e+13,4.330055e+01
2.279356e+13,7.928262e+01
3.850678e+13,7.898577e+01
5.722568e+13,7.495020e+01
3.689874e+14,8.000000e+01
3.706474e+13,4.083825e+01
1.829283e+13,7.897316e+01
1.204381e+14,4.342067e+01
1.979677e+14,7.783290e+01
1.979677e+14,7.783290e+01
1.433709e+13,7.898001e+01
5.167478e+13,3.273066e+01
5.642790e+13,3.327116e+01
2.023970e+13,4.999909e+00
1.497476e+14,4.642348e+01
7.311460e+13,7.899255e+01
5.491073e+13,6.702277e+01
6.338563e+13,4.852545e+01
1.877107e+13,5.000381e+00
1.145266e+13,7.898960e+01
2.424197e+13,2.426272e+01
4.083918e+17,8.000000e+01
7.902915e+13,3.915667e+01
1.089337e+14,4.630337e+01
2.411720e+13,7.898867e+01
1.897234e+14,5.753389e+01
1.383986e+13,7.899625e+01
1.321814e+13,7.899513e+01
2.129629e+13,7.898458e+01
2.531709e+13,4.997834e+00
7.032182e+13,4.065808e+01
1.746318e+13,7.924247e+01
2.671111e+13,6.920194e+01
1.590704e+13,7.899687e+01
2.135435e+13,7.897349e+01
1.289646e+14,5.086764e+01
2.697911e+13,2.678509e+01
1.502808e+14,8.000000e+01
8.196433e+13,4.726427e+01
1.571283e+13,4.895398e+01
1.346107e+13,7.896767e+01
2.280450e+13,7.895704e+01
1.147731e+14,5.332995e+01
6.595207e+13,3.867622e+01
2.610885e+13,7.899659e+01
1.204262e+13,7.899839e+01
2.839287e+13,2.930745e+01
1.414729e+14,8.000000e+01
4.643545e+13,4.888579e+01
1.655750e+14,8.000000e+01
1.673442e+14,5.188860e+01
1.487804e+14,8.000000e+01
1.631216e+13,7.803845e+01
3.302388e+13,3.032841e+01
5.288541e+13,4.342067e+01
1.035385e+14,7.314851e+01
9.012466e+13,4.828522e+01
8.048810e+13,2.924739e+01
6.763535e+13,2.300000e+01
1.116588e+13,7.890570e+01
9.453510e+13,5.465119e+01
1.386938e+14,4.918607e+01
1.924523e+14,8.000000e+01
5.464490e+14,7.669183e+01
1.297520e+14,6.011630e+01
7.373574e+13,5.000012e+00
7.373574e+13,7.735245e+01
4.494403e+13,3.735499e+01
2.338638e+13,7.899556e+01
1.373314e+13,7.897299e+01
2.011286e+13,7.895976e+01
7.157033e+13,8.000000e+01
2.412664e+13,7.899615e+01
7.064620e+13,3.819577e+01
6.482430e+13,3.849605e+01
6.197174e+13,8.000000e+01
6.197174e+13,8.000000e+01
7.355472e+13,6.888452e+01
1.246512e+13,7.899740e+01
1.630580e+13,4.999816e+00
2.670475e+13,4.998724e+00
1.107563e+13,4.999806e+00
2.994685e+13,3.267060e+01
2.498864e+13,7.899551e+01
2.218646e+13,2.396244e+01
1.507489e+13,7.899845e+01
4.690662e+13,3.723487e+01
1.106396e+14,3.090561e+01
3.868028e+14,8.000000e+01
1.033118e+14,4.612320e+01
1.394895e+13,7.899411e+01
1.846834e+13,7.899109e+01
3.428828e+13,3.345133e+01
2.022312e+13,7.897393e+01
3.522454e+13,3.301967e+01
1.964442e+13,2.306160e+01
3.745808e+13,2.648481e+01
2.235910e+13,7.894370e+01
5.243911e+13,4.906595e+01
5.011961e+13,4.756455e+01
2.893441e+13,3.363150e+01
2.088210e+13,7.899486e+01
2.706553e+13,2.702531e+01
6.368579e+13,4.113853e+01
4.068697e+13,5.861490e+01
1.071875e+15,8.000000e+01
1.071875e+15,8.000000e+01
1.581288e+13,7.855270e+01
3.233986e+13,7.899361e+01
2.240891e+13,7.899465e+01
2.657476e+13,2.654486e+01
3.710086e+13,3.182981e+01
1.317995e+17,8.000000e+01
2.261429e+13,2.546385e+01
1.981880e+13,2.438284e+01
1.403163e+14,7.597115e+01
3.158837e+14,7.290828e+01
2.138742e+13,7.899612e+01
2.275980e+13,7.899717e+01
4.429430e+13,5.318237e+01
5.476408e+13,2.906722e+01
9.773108e+13,4.522235e+01
6.752061e+13,4.486202e+01
2.962334e+14,8.000000e+01
2.962334e+14,8.000000e+01
3.382575e+13,7.769193e+01
4.647521e+13,4.179915e+01
1.641462e+14,8.000000e+01
6.454227e+14,3.237665e+01
1.032899e+14,5.050730e+01
6.577342e+13,4.083825e+01
3.760169e+14,8.000000e+01
3.760169e+14,8.000000e+01
2.064919e+13,2.264121e+01
4.014842e+13,4.390112e+01
1.288375e+13,7.899444e+01
4.449869e+13,3.219015e+01
8.506055e+16,8.000000e+01
8.506055e+16,8.000000e+01
3.189824e+13,2.099007e+01
1.037588e+14,6.804373e+01
3.098019e+13,7.896475e+01
2.865335e+13,2.522362e+01
3.441383e+13,3.146947e+01
2.728905e+13,2.588424e+01
2.035341e+13,7.895702e+01
1.186909e+13,7.899845e+01
3.437456e+13,3.453234e+01
1.534782e+14,8.000000e+01
1.534782e+14,8.000000e+01
4.026034e+13,4.288016e+01
9.272293e+13,4.257988e+01
1.723733e+14,8.000000e+01
1.723733e+14,8.000000e+01
5.099183e+13,5.807439e+01
1.244619e+13,7.898646e+01
3.177422e+13,3.525302e+01
1.216916e+13,7.899558e+01
2.609118e+13,2.624458e+01
1.135756e+13,7.899777e+01
1.059184e+13,7.898929e+01
6.089452e+13,5.471124e+01
1.186770e+13,7.898461e+01
4.377558e+14,8.000000e+01
4.377558e+14,8.000000e+01
3.755291e+13,5.000957e+00
3.755291e+13,5.000613e+00
3.329361e+14,7.609127e+01
4.894909e+13,3.393178e+01
3.837068e+13,4.197932e+01
1.915668e+13,7.899799e+01
3.475454e+13,3.086891e+01
3.239988e+13,7.898154e+01
1.382420e+14,5.855484e+01
3.827613e+13,3.315105e+01
2.371894e+13,7.898965e+01
2.425517e+13,7.898985e+01
5.992876e+13,4.282010e+01
4.792298e+13,3.831589e+01
1.717224e+13,7.898224e+01
2.997735e+13,2.822644e+01
2.238339e+13,7.879807e+01
3.535054e+13,3.038846e+01
6.894634e+13,3.500000e+01
1.163947e+13,7.898679e+01
1.190683e+13,7.899528e+01
3.212731e+14,7.621138e+01
3.212731e+14,7.621138e+01
3.412067e+13,7.896590e+01
6.688447e+13,4.149887e+01
1.446720e+14,6.335934e+01
2.393161e+14,7.176722e+01
2.601399e+13,7.887627e+01
3.992846e+13,2.786610e+01
1.050583e+13,7.900000e+01
3.315315e+13,7.898687e+01
2.223371e+13,7.889557e+01
2.026284e+13,7.894062e+01
4.114797e+13,4.768466e+01
1.035430e+13,7.899860e+01
4.309680e+14,8.000000e+01
3.176792e+14,6.906468e+01
1.280575e+14,5.242910e+01
4.929537e+13,5.158832e+01
1.419725e+13,7.897954e+01
4.115428e+13,3.429212e+01
1.276908e+13,7.896611e+01
4.562318e+13,3.435217e+01
2.930983e+13,7.899324e+01
2.963790e+13,3.026835e+01
6.726977e+14,7.609127e+01
6.356780e+13,6.954513e+01
1.535489e+13,7.899539e+01
2.719544e+13,2.672503e+01
6.476848e+16,8.000000e+01
1.870954e+13,7.898720e+01
4.609462e+13,4.137875e+01
1.881332e+13,5.000170e+00
2.330329e+13,7.122568e+01
3.621023e+13,3.062869e+01
1.972589e+13,7.898270e+01
1.444178e+13,4.999146e+00
1.510111e+13,7.899816e+01
2.207550e+13,7.895861e+01
2.554657e+13,2.648481e+01
2.461438e+13,5.000006e+00
1.114729e+14,5.188860e+01
6.528902e+13,3.897650e+01
2.702590e+13,2.684514e+01
2.199329e+14,8.000000e+01
9.159838e+13,4.504219e+01
3.621669e+14,6.359957e+01
7.266023e+13,6.287889e+01
9.395032e+13,4.420140e+01
1.342040e+13,7.898862e+01
8.101961e+13,4.245977e+01
1.803062e+13,7.899565e+01
2.199757e+13,7.897946e+01
2.022154e+14,6.131743e+01
2.654003e+14,8.000000e+01
2.654003e+14,8.000000e+01
3.528997e+13,7.895163e+01
3.226776e+14,6.912474e+01
3.193530e+14,8.000000e+01
1.383710e+13,7.897818e+01
3.423523e+14,3.206728e+01
4.951788e+13,5.000211e+00
1.433130e+13,7.899279e+01
1.034277e+14,5.381040e+01
2.289853e+13,7.888519e+01
1.959278e+13,7.897883e+01
5.790895e+13,4.125864e+01
1.112840e+14,8.000000e+01
1.112840e+14,8.000000e+01
1.322218e+13,7.899760e+01
7.136435e+13,6.708283e+01
7.136435e+13,6.708283e+01
1.117668e+13,7.899457e+01
5.438596e+13,4.564275e+01
1.706942e+14,6.762334e+01
2.233529e+13,4.999609e+00
1.586669e+13,7.898290e+01
1.259271e+14,8.000000e+01
2.324040e+13,3.309169e+01
2.256317e+15,8.000000e+01
1.563680e+13,7.899491e+01
2.947275e+13,2.852672e+01
1.524027e+13,7.899520e+01
1.807860e+13,7.896189e+01
2.179840e+13,3.100000e+01
5.027500e+13,5.555203e+01
1.411155e+13,7.898884e+01
1.270002e+14,4.756455e+01
1.929929e+13,7.890181e+01
2.216946e+14,5.002685e+01
1.203333e+13,1.300000e+01
2.765882e+13,7.895508e+01
3.684320e+14,8.000000e+01
3.684320e+14,8.000000e+01
4.936194e+13,3.297088e+01
5.015510e+13,4.696399e+01
1.613495e+14,8.000000e+01
1.613495e+14,8.000000e+01
3.662599e+13,3.056863e+01
1.164520e+14,4.895982e+01
2.554719e+13,7.898225e+01
1.482933e+13,7.899658e+01
4.481402e+13,4.576286e+01
9.709170e+14,8.000000e+01
3.422170e+13,2.810632e+01
4.264101e+14,8.000000e+01
4.264101e+14,8.000000e+01
1.474815e+15,8.000000e+01
1.863963e+17,8.000000e+01
1.219020e+13,7.899026e+01
3.319145e+13,7.896336e+01
1.086612e+14,7.074626e+01
2.149703e+14,8.000000e+01
2.149703e+14,8.000000e+01
8.789014e+13,6.329929e+01
3.600097e+13,2.852672e+01
1.804311e+15,6.942502e+01
2.641227e+14,8.000000e+01
1.416391e+13,4.999578e+00
8.030972e+14,8.000000e+01
8.030972e+14,8.000000e+01
8.325158e+13,4.113853e+01
1.156041e+13,7.891479e+01
2.203061e+14,5.957580e+01
4.491857e+13,7.898350e+01
4.491857e+13,4.999975e+00
2.480474e+14,7.008564e+01
1.240653e+14,5.423079e+01
7.024644e+13,7.897335e+01
1.988617e+13,7.898764e+01
1.980206e+14,7.765273e+01
2.269004e+13,2.444289e+01
4.697395e+13,2.084040e+01
8.077781e+13,4.678382e+01
5.269003e+13,3.315105e+01
1.791187e+13,7.899796e+01
4.264712e+13,3.675442e+01
5.236342e+13,4.999392e+00
7.769306e+13,6.089704e+01
3.406270e+13,7.892828e+01
3.999625e+13,3.152953e+01
2.427532e+13,7.899337e+01
6.062462e+14,8.000000e+01
6.393324e+13,3.717482e+01
4.770965e+14,8.000000e+01
1.372428e+13,7.893172e+01
2.644195e+13,7.899337e+01
1.780585e+13,7.899528e+01
3.807190e+13,7.889859e+01
2.037308e+14,8.000000e+01
4.066071e+13,3.777538e+01
1.359240e+13,7.899493e+01
7.785873e+17,8.000000e+01
5.401848e+13,3.741504e+01
2.166816e+13,7.899381e+01
1.767337e+14,8.000000e+01
4.690697e+13,3.981729e+01
4.874078e+13,3.651420e+01
5.943545e+13,4.834528e+01
7.037563e+13,4.999708e+00
1.620701e+13,7.897264e+01
3.114746e+13,7.897620e+01
1.760522e+13,7.899091e+01
2.808460e+14,8.000000e+01
2.808460e+14,8.000000e+01
1.853327e+14,7.705217e+01
3.571594e+13,5.000000e+00
5.572302e+13,4.822517e+01
1.521555e+14,2.496806e+01
4.082881e+13,3.273066e+01
1.550851e+13,7.895093e+01
2.774006e+13,2.900717e+01
2.339297e+13,7.897922e+01
3.438101e+13,3.146947e+01
1.591662e+14,5.441096e+01
5.308256e+13,3.531307e+01
4.599573e+13,4.179915e+01
1.474037e+13,7.899194e+01
3.504297e+13,7.899463e+01
9.711866e+13,8.000000e+01
5.410137e+13,5.459113e+01
5.290660e+13,3.729493e+01
9.861353e+12,7.899682e+01
6.421635e+13,4.486202e+01
1.523058e+13,7.899732e+01
1.192107e+14,4.155892e+01
7.110623e+13,5.164837e+01
1.383786e+13,7.898278e+01
2.411952e+14,4.690393e+01
5.241848e+14,8.000000e+01
1.192140e+13,7.899753e+01
1.789560e+13,7.899610e+01
2.029010e+14,8.000000e+01
2.029010e+14,8.000000e+01
3.370919e+13,2.924739e+01
1.491622e+14,7.458986e+01
7.773487e+13,3.879634e+01
9.843337e+12,7.899842e+01
7.758987e+13,5.423079e+01
1.129351e+14,4.630337e+01
7.745775e+13,6.353951e+01
2.633080e+13,7.899650e+01
1.448682e+15,8.000000e+01
1.448682e+15,8.000000e+01
2.835127e+13,2.726554e+01
1.984615e+13,7.899726e+01
5.602838e+13,3.639409e+01
9.908257e+13,4.426145e+01
2.586891e+13,6.054213e+01
1.528267e+14,5.651293e+01
1.576126e+13,7.897966e+01
6.448869e+13,3.627397e+01
3.995916e+13,7.898021e+01
3.147861e+13,7.884136e+01
1.170739e+14,5.086764e+01
8.981036e+13,5.801434e+01
1.025695e+15,8.000000e+01
6.352401e+13,4.191926e+01
8.517003e+13,5.074753e+01
3.197715e+13,3.321573e+01
1.218687e+14,7.549070e+01
1.909989e+14,6.954513e+01
5.964442e+14,8.000000e+01
4.834568e+14,8.000000e+01
4.834568e+14,8.000000e+01
6.630265e+13,3.699465e+01
2.121569e+13,7.897667e+01
5.746420e+14,8.000000e+01
4.980499e+13,4.696399e+01
2.943867e+13,2.954767e+01
1.453590e+14,8.000000e+01
1.453590e+14,8.000000e+01
6.945961e+13,3.729493e+01
1.352885e+14,7.140688e+01
1.352885e+14,7.140688e+01
6.671988e+13,6.792362e+01
1.062669e+14,5.326989e+01
4.502619e+13,3.531307e+01
3.024081e+13,2.756582e+01
2.392652e+13,7.888744e+01
3.474675e+13,3.309099e+01
5.751623e+13,4.294022e+01
9.433412e+14,8.000000e+01
9.433412e+14,8.000000e+01
9.433412e+14,8.000000e+01
3.889074e+13,7.899599e+01
2.985063e+13,7.899854e+01
3.007338e+14,8.000000e+01
3.007338e+14,8.000000e+01
3.007338e+14,8.000000e+01
6.407732e+13,4.960646e+01
2.096589e+14,8.000000e+01
1.018808e+13,7.898655e+01
2.753806e+13,7.899229e+01
2.652293e+13,7.845036e+01
1.053679e+14,7.819323e+01
2.314339e+13,7.899386e+01
2.816196e+13,7.897823e+01
1.450974e+13,7.899470e+01
2.513792e+14,8.000000e+01
8.941144e+13,4.077819e+01
1.263222e+13,7.898891e+01
8.444523e+13,3.837594e+01
1.658780e+13,7.896475e+01
1.430705e+13,7.897721e+01
2.390185e+13,7.896664e+01
1.296617e+13,7.899643e+01
2.227178e+15,8.000000e+01
3.303051e+13,3.098902e+01
4.548499e+13,4.047791e+01
1.166602e+13,7.899796e+01
3.870922e+13,3.435217e+01
1.107249e+13,7.899530e+01
1.118035e+14,6.239844e+01
1.868411e+13,7.899167e+01
8.868190e+14,8.000000e+01
8.868190e+14,8.000000e+01
1.175221e+13,7.896851e+01
2.223927e+13,7.898643e+01
7.945904e+13,5.375034e+01
4.321681e+13,3.231026e+01
4.680641e+14,7.759267e+01
5.149323e+13,7.896321e+01
6.038885e+13,4.300027e+01
3.069914e+13,7.891793e+01
3.838861e+13,7.898984e+01
7.703228e+13,3.981729e+01
3.475023e+13,4.999634e+00
2.934320e+13,7.882697e+01
1.995224e+14,8.000000e+01
7.891854e+13,4.999975e+00
2.338256e+13,2.564402e+01
1.940031e+13,7.281191e+01
9.031775e+13,8.000000e+01
9.031775e+13,8.000000e+01
2.416181e+14,5.326989e+01
1.651504e+13,7.899491e+01
4.853904e+13,4.378100e+01
6.274852e+13,4.996680e+01
1.052610e+14,4.354078e+01
3.865355e+13,3.080886e+01
1.152994e+13,7.899447e+01
2.263455e+13,7.899237e+01
1.894109e+14,6.083698e+01
1.630533e+13,7.899595e+01
1.140305e+14,7.899139e+01
2.452508e+13,7.897527e+01
4.213545e+13,7.894921e+01
4.213545e+13,4.999970e+00
6.486350e+13,4.534247e+01
7.839918e+13,5.741377e+01
4.695229e+13,3.723487e+01
1.218229e+14,7.885385e+01
1.218229e+14,7.885385e+01
3.813671e+13,3.291082e+01
2.467417e+14,8.000000e+01
2.568258e+13,7.896946e+01
9.957034e+12,1.699510e+01
2.395979e+14,7.368902e+01
2.367209e+13,2.582419e+01
1.686703e+13,7.895182e+01
3.956571e+13,4.908649e+01
2.319066e+14,5.296961e+01
4.478506e+13,3.194992e+01
1.251889e+13,7.899606e+01
1.159535e+14,5.867495e+01
4.622223e+14,8.000000e+01
4.622223e+14,8.000000e+01
4.622223e+14,8.000000e+01
4.622223e+14,8.000000e+01
4.622223e+14,8.000000e+01
1.179795e+14,8.000000e+01
1.301925e+14,8.000000e+01
1.301925e+14,8.000000e+01
1.638948e+14,5.357017e+01
2.537917e+13,2.486329e+01
8.391458e+12,7.899694e+01
1.215039e+14,8.000000e+01
1.083980e+14,6.936497e+01
1.231431e+14,4.251982e+01
2.190245e+14,8.000000e+01
2.190245e+14,8.000000e+01
2.163364e+13,7.899270e+01
4.383531e+13,5.711436e+01
4.383531e+13,7.900000e+01
6.485252e+13,4.083825e+01
1.698417e+13,7.835601e+01
1.600080e+13,7.899775e+01
1.730221e+14,8.000000e+01
1.730221e+14,8.000000e+01
2.377912e+13,7.897944e+01
1.005522e+13,7.897920e+01
1.291351e+14,8.000000e+01
2.307358e+13,2.516357e+01
2.420287e+13,2.618452e+01
7.671831e+13,8.000000e+01
1.006724e+14,5.000018e+00
1.006724e+14,7.898159e+01
1.006724e+14,8.000000e+01
5.385901e+13,3.705470e+01
2.512690e+13,7.899624e+01
3.260151e+13,3.044852e+01
1.747317e+13,7.916223e+01
8.200664e+13,6.504092e+01
3.297946e+13,3.074880e+01
4.065106e+13,3.573347e+01
7.376021e+14,8.000000e+01
1.063095e+14,4.221954e+01
1.512006e+13,7.414462e+01
1.131118e+14,4.540252e+01
2.320479e+14,8.000000e+01
3.056204e+13,2.858677e+01
1.579513e+13,7.899459e+01
4.159848e+13,3.525302e+01
6.323813e+13,5.633276e+01
4.582635e+13,3.561335e+01
5.262719e+13,4.336061e+01
5.825177e+13,4.149887e+01
5.610389e+13,5.236905e+01
1.510202e+13,7.899627e+01
1.797564e+13,7.899490e+01
4.207435e+13,5.981602e+01
4.046462e+13,7.899437e+01
1.615149e+13,7.899426e+01
1.498603e+14,6.978536e+01
3.405364e+17,8.000000e+01
8.107239e+13,5.206877e+01
5.798722e+13,4.035780e+01
6.887957e+13,5.218888e+01
1.062833e+14,6.534120e+01
1.612833e+14,6.672249e+01
3.410580e+13,7.899368e+01
2.011611e+13,7.899311e+01
1.667497e+14,8.000000e+01
1.409110e+15,8.000000e+01
1.409110e+15,8.000000e+01
1.440540e+13,7.899604e+01
1.389344e+13,7.898640e+01
2.553642e+13,7.898545e+01
4.732076e+13,5.152826e+01
2.480838e+13,2.564402e+01
9.288895e+13,6.870435e+01
2.802292e+13,2.948762e+01
2.194012e+13,2.438284e+01
1.273313e+13,7.899662e+01
3.752708e+14,6.317917e+01
4.212936e+13,3.471251e+01
2.023952e+13,7.895699e+01
1.007269e+13,7.899819e+01
1.757643e+13,7.898919e+01
1.825621e+14,4.999975e+00
1.825621e+14,4.999995e+00
1.787263e+14,8.000000e+01
1.836108e+13,7.899650e+01
2.391070e+14,7.951447e+01
6.048054e+13,3.507285e+01
2.336621e+13,4.999964e+00
1.724867e+13,7.899480e+01
1.744248e+15,8.000000e+01
1.744248e+15,8.000000e+01
7.288796e+13,4.672376e+01
2.590325e+13,7.899830e+01
4.578068e+13,4.083825e+01
4.709195e+13,3.207004e+01
1.417194e+13,7.899022e+01
4.802556e+13,2.509550e+01
5.848687e+13,3.741504e+01
2.061514e+13,7.899122e+01
2.345065e+13,2.444289e+01
1.575276e+14,8.000000e+01
1.575276e+14,8.000000e+01
4.052791e+13,6.173782e+01
3.242097e+13,3.008818e+01
1.259356e+13,7.899771e+01
1.697651e+13,7.899357e+01
9.810084e+16,8.000000e+01
5.586167e+13,4.414134e+01
2.757412e+14,8.000000e+01
6.108753e+13,7.392924e+01
1.281540e+14,8.000000e+01
1.484934e+13,7.899590e+01
1.324727e+14,5.825456e+01
2.048018e+13,7.899371e+01
1.751204e+13,7.899587e+01
1.320207e+14,6.948508e+01
1.320207e+14,6.948508e+01
1.858263e+13,4.999922e+00
8.334476e+13,3.729493e+01
1.475282e+13,7.899685e+01
1.929476e+14,8.000000e+01
2.366560e+13,7.899451e+01
1.262308e+13,7.904541e+01
6.218602e+13,3.657425e+01
4.991744e+13,4.660365e+01
3.018179e+14,5.807439e+01
2.585560e+13,7.899502e+01
3.136015e+13,7.899754e+01
2.351042e+13,6.142822e+01
7.321332e+13,4.288016e+01
5.205666e+13,3.309099e+01
4.839302e+13,3.717482e+01
2.784234e+13,2.708537e+01
1.139780e+14,6.179788e+01
1.139780e+14,6.179788e+01
3.197245e+13,7.899223e+01
8.718577e+12,7.899859e+01
7.854515e+13,4.486202e+01
2.827342e+13,3.231026e+01
4.668126e+14,6.798367e+01
4.272549e+13,3.843600e+01
4.995194e+13,4.999992e+00
2.636239e+14,6.588170e+01
7.765064e+13,4.251982e+01
2.974381e+13,2.972784e+01
5.512390e+13,7.897670e+01
5.512390e+13,7.897133e+01
2.241566e+14,5.825456e+01
1.226105e+14,5.272939e+01
1.646382e+13,7.898934e+01
6.500146e+13,3.525302e+01
4.092064e+13,5.867495e+01
6.417938e+13,6.269872e+01
1.966754e+13,7.898339e+01
1.448671e+13,7.871869e+01
2.696116e+13,7.899822e+01
1.023855e+13,7.899809e+01
3.373249e+13,2.816638e+01
1.479927e+13,7.897499e+01
1.229625e+13,7.899746e+01
1.168508e+14,4.618325e+01
1.277988e+13,7.891764e+01
1.084326e+13,7.899576e+01
7.427345e+13,3.993740e+01
2.365108e+13,7.894087e+01
3.181102e+13,2.498340e+01
8.901368e+13,4.942629e+01
1.580557e+13,7.899519e+01
6.510996e+13,5.290955e+01
2.901954e+13,3.182981e+01
1.471299e+13,7.899555e+01
4.571528e+13,4.594303e+01
4.775954e+13,3.237032e+01
1.379688e+13,4.999975e+00
3.625516e+13,3.597369e+01
6.981158e+13,4.137875e+01
2.792944e+13,2.696526e+01
4.436790e+13,3.122925e+01
3.627198e+13,1.895142e+01
9.721125e+12,4.999720e+00
2.737487e+14,7.068620e+01
3.553312e+13,3.249043e+01
1.811316e+14,8.000000e+01
1.130380e+13,7.899747e+01
5.511582e+13,7.899679e+01
5.511582e+13,7.899126e+01
2.750669e+13,2.744571e+01
1.131272e+13,7.899246e+01
2.017706e+13,7.898673e+01
1.645306e+13,7.898557e+01
3.791073e+13,7.896878e+01
3.513780e+13,3.789549e+01
1.952335e+13,5.851538e+01
3.040332e+14,8.000000e+01
3.040332e+14,8.000000e+01
1.834429e+14,6.275878e+01
4.879497e+13,3.609380e+01
6.891262e+13,7.905907e+01
8.503274e+13,5.639282e+01
4.460634e+19,8.000000e+01
4.460634e+19,8.000000e+01
4.460634e+19,8.000000e+01
1.687739e+13,7.909746e+01
2.252286e+14,6.672249e+01
1.172554e+14,4.576286e+01
2.053704e+13,7.899524e+01
4.444440e+13,4.095836e+01
5.051301e+13,5.260927e+01
3.762512e+13,7.893265e+01
4.982970e+13,3.285077e+01
2.012156e+13,7.899683e+01
2.768446e+13,2.701668e+01
5.873931e+13,4.047791e+01
3.751277e+13,2.990801e+01
2.721003e+13,7.899489e+01
1.567805e+13,7.899112e+01
9.849602e+13,6.810379e+01
1.680988e+13,7.896857e+01
4.376831e+13,3.699465e+01
2.322411e+13,2.552391e+01
3.408540e+14,8.000000e+01
1.725896e+14,8.000000e+01
1.725896e+14,8.000000e+01
1.629227e+13,7.897053e+01
1.084304e+13,7.899606e+01
4.133384e+13,3.573347e+01
3.184977e+14,3.300000e+01
3.184977e+14,7.723233e+01
2.557319e+14,8.000000e+01
1.374354e+14,7.699211e+01
2.012768e+14,7.699211e+01
2.668454e+13,7.899867e+01
2.596409e+13,7.899798e+01
2.596409e+13,7.899841e+01
1.017337e+14,5.044725e+01
1.247751e+13,7.899756e+01
3.083900e+13,3.321111e+01
2.375354e+13,2.702531e+01
7.279893e+13,7.899468e+01
8.575207e+13,8.000000e+01
5.912309e+13,5.116792e+01
3.364227e+14,8.000000e+01
1.992752e+14,8.000000e+01
8.216282e+13,4.089830e+01
1.727478e+13,7.899836e+01
1.973621e+14,5.783417e+01
6.178311e+13,4.366089e+01
2.105899e+13,7.897025e+01
2.048063e+13,7.899399e+01
5.686267e+13,4.251982e+01
2.855679e+13,3.381167e+01
1.419953e+14,5.176849e+01
9.321066e+12,5.488842e+01
2.385278e+13,2.492334e+01
2.696780e+14,8.000000e+01
6.602357e+13,5.741377e+01
9.309257e+12,5.093910e+01
1.575668e+13,7.899082e+01
1.637246e+13,7.899715e+01
5.267637e+13,7.897397e+01
5.267637e+13,7.897397e+01
1.860570e+14,8.000000e+01
1.860570e+14,8.000000e+01
1.860570e+14,8.000000e+01
3.461901e+13,3.291082e+01
4.056264e+13,4.999299e+00
1.001062e+14,5.429085e+01
1.253694e+13,7.899667e+01
8.851985e+13,5.945569e+01
2.742719e+14,5.897524e+01
8.265235e+13,4.215949e+01
3.377209e+13,3.831589e+01
2.000765e+13,7.899701e+01
4.337012e+13,3.188987e+01
1.922187e+13,7.897339e+01
5.250744e+13,3.417200e+01
3.923552e+13,3.471251e+01
3.002530e+14,7.537059e+01
1.024892e+13,7.899698e+01
3.752463e+13,2.732559e+01
2.320192e+14,7.873374e+01
1.524396e+13,7.891002e+01
2.203774e+14,8.000000e+01
1.200890e+13,6.089003e+01
3.604573e+13,3.068874e+01
3.655621e+13,7.899224e+01
8.614618e+13,5.000037e+00
8.614618e+13,7.895395e+01
3.649960e+13,3.531307e+01
1.094392e+13,7.899782e+01
1.945996e+13,7.897875e+01
3.668660e+13,7.898898e+01
6.181466e+13,6.699815e+01
1.786792e+13,7.899763e+01
4.139891e+13,7.899834e+01
4.139891e+13,7.899429e+01
1.240023e+15,8.000000e+01
1.240023e+15,8.000000e+01
8.326610e+13,4.648354e+01
1.326998e+14,4.999917e+00
1.412728e+14,5.591237e+01
1.085634e+14,7.899268e+01
1.569791e+13,7.899097e+01
2.586942e+13,7.899622e+01
1.528970e+13,7.898644e+01
3.380201e+13,3.855611e+01
5.931138e+13,7.896843e+01
5.931138e+13,7.899181e+01
1.648491e+13,7.899471e+01
2.984859e+13,7.899744e+01
9.859609e+13,6.245850e+01
1.007106e+14,4.834528e+01
1.082695e+13,7.898138e+01
3.661940e+14,7.507031e+01
1.161868e+13,4.999948e+00
1.382201e+14,4.756455e+01
5.347780e+13,5.507158e+01
3.401258e+14,8.000000e+01
3.401258e+14,8.000000e+01
1.571832e+13,7.899096e+01
9.308916e+13,4.888579e+01
2.041363e+13,7.898026e+01
1.333957e+14,7.224767e+01
2.543947e+13,7.899629e+01
3.517615e+14,8.000000e+01
3.517615e+14,8.000000e+01
3.517615e+14,8.000000e+01
2.029203e+15,8.000000e+01
2.029203e+15,8.000000e+01
3.271155e+13,3.225021e+01
1.530144e+14,7.825329e+01
7.299113e+13,8.000000e+01
2.369703e+13,7.898113e+01
3.007269e+13,7.897336e+01
2.143300e+13,7.899375e+01
1.882023e+13,7.899436e+01
1.532157e+13,7.897677e+01
1.521276e+13,7.899357e+01
1.641678e+13,7.899292e+01
2.539944e+13,7.895867e+01
1.938541e+13,7.899436e+01
4.659279e+13,3.435217e+01
2.428682e+13,7.899554e+01
1.522804e+14,7.951447e+01
3.391835e+13,3.303094e+01
2.263720e+13,7.896727e+01
1.032854e+13,7.899340e+01
1.053642e+14,4.888579e+01
2.651946e+13,7.899415e+01
2.280367e+14,6.017636e+01
7.266518e+13,6.353951e+01
2.748783e+14,8.000000e+01
3.629352e+14,8.000000e+01
3.629352e+14,8.000000e+01
3.700250e+13,7.898628e+01
7.780378e+13,4.804500e+01
2.791893e+14,8.000000e+01
1.210454e+15,8.000000e+01
1.300049e+14,6.029647e+01
6.190231e+14,8.000000e+01
1.282176e+13,7.899421e+01
2.547066e+13,2.558396e+01
1.135443e+13,7.899789e+01
8.386060e+13,5.489141e+01
1.383541e+13,7.899216e+01
2.017815e+13,7.899682e+01
6.025758e+13,5.459113e+01
1.176290e+13,7.885330e+01
1.664612e+14,8.000000e+01
1.664612e+14,8.000000e+01
2.723077e+16,8.000000e+01
2.069558e+14,7.332868e+01
1.522218e+13,6.799657e+01
5.745077e+13,6.335934e+01
2.208925e+13,7.893855e+01
1.906390e+14,6.059675e+01
1.025346e+13,7.899839e+01
2.224718e+13,4.999863e+00
2.402853e+13,7.899763e+01
6.384529e+13,3.525302e+01
3.374668e+13,7.899273e+01
1.024969e+14,4.972657e+01
1.465882e+13,7.899901e+01
1.080865e+14,4.324050e+01
4.206103e+13,4.125864e+01
8.603627e+13,8.000000e+01
8.603627e+13,8.000000e+01
3.011218e+13,7.895950e+01
2.568204e+13,2.816638e+01
5.460550e+13,3.705470e+01
3.765258e+14,7.777284e+01
1.956122e+13,7.899013e+01
3.804333e+13,3.176976e+01
1.343733e+13,7.899626e+01
2.573373e+13,7.898817e+01
2.523726e+13,7.897452e+01
2.779381e+15,8.000000e+01
1.856129e+13,7.894523e+01
4.596931e+14,7.314851e+01
1.189290e+15,8.000000e+01
1.948476e+14,8.000000e+01
1.948476e+14,8.000000e+01
2.078248e+13,7.897437e+01
8.428353e+13,4.846539e+01
4.531632e+13,7.897912e+01
8.945992e+14,6.690266e+01
1.832888e+13,7.899465e+01
1.190124e+14,5.717355e+01
2.855567e+13,2.852672e+01
1.623509e+13,7.899135e+01
9.536065e+12,7.899615e+01
1.363583e+13,7.896454e+01
4.788512e+13,4.798494e+01
4.541900e+13,7.899612e+01
9.097304e+14,8.000000e+01
1.655517e+13,2.700000e+01
9.991237e+12,7.899738e+01
1.316327e+13,7.898129e+01
2.045201e+16,8.000000e+01
1.098481e+17,8.000000e+01
4.939158e+13,4.545666e+01
2.012383e+13,7.886798e+01
1.149477e+13,7.899692e+01
7.324861e+13,7.906487e+01
7.324861e+13,8.000000e+01
2.971545e+13,7.899410e+01
4.342218e+14,8.000000e+01
3.630041e+13,3.128931e+01
2.967518e+13,3.327116e+01
8.930485e+13,5.218888e+01
2.830716e+13,3.068874e+01
4.384248e+13,3.609380e+01
1.808095e+13,4.696879e+01
1.603664e+13,7.897592e+01
5.220275e+13,3.819577e+01
7.848043e+13,4.696399e+01
1.306159e+13,7.908933e+01
1.969623e+14,8.000000e+01
1.969623e+14,8.000000e+01
1.969623e+14,8.000000e+01
1.283336e+14,5.651293e+01
7.901325e+12,7.899844e+01
3.945116e+13,7.898229e+01
2.387996e+13,7.892204e+01
3.889054e+13,7.899313e+01
5.324707e+15,7.687200e+01
3.434682e+13,4.185920e+01
7.579123e+15,8.000000e+01
7.579123e+15,8.000000e+01
6.200662e+13,4.660365e+01
1.927588e+13,7.893033e+01
2.503593e+13,2.786610e+01
1.440085e+13,2.099781e+01
2.597293e+14,8.000000e+01
1.039358e+14,5.489141e+01
3.562911e+13,3.176976e+01
2.790037e+13,2.816638e+01
7.094902e+13,5.339000e+01
3.229897e+13,2.960773e+01
6.060411e+13,4.999692e+00
4.229488e+13,4.828522e+01
3.827809e+14,8.000000e+01
1.041109e+14,8.000000e+01
3.407069e+14,8.000000e+01
2.429572e+14,5.543192e+01
1.682011e+14,8.000000e+01
1.952226e+13,7.899181e+01
2.875895e+13,4.999005e+00
4.898892e+16,8.000000e+01
3.977472e+13,3.146947e+01
2.338416e+13,7.899666e+01
3.506828e+13,3.429212e+01
3.193102e+14,8.000000e+01
4.439153e+13,3.303094e+01
6.169645e+13,4.342067e+01
7.324374e+13,4.107847e+01
3.228022e+13,7.896865e+01
2.118379e+13,6.625404e+01
2.779902e+13,2.948762e+01
1.452153e+13,7.899869e+01
1.905786e+13,7.897544e+01
2.142608e+14,5.435090e+01
1.702034e+13,7.899550e+01
5.034272e+13,3.537313e+01
1.363878e+13,7.876778e+01
3.382936e+13,2.984796e+01
1.459921e+14,6.137749e+01
1.514639e+14,6.113726e+01
2.709383e+13,7.896463e+01
7.368751e+13,4.257988e+01
3.383436e+13,2.960773e+01
1.510986e+13,7.899615e+01
7.923462e+14,6.678255e+01
3.845799e+13,3.074880e+01
8.295814e+13,4.996680e+01
8.960095e+14,7.909408e+01
1.142141e+13,7.897421e+01
6.896083e+13,7.899803e+01
6.896083e+13,7.898737e+01
7.708042e+13,5.435090e+01
5.267747e+14,8.000000e+01
5.267747e+14,8.000000e+01
5.618172e+13,4.480196e+01
3.184082e+13,2.978790e+01
9.698852e+14,8.000000e+01
5.032328e+13,4.708410e+01
1.903788e+13,7.898344e+01
7.350514e+13,4.774472e+01
2.983760e+13,7.899590e+01
9.955314e+13,3.921673e+01
8.750205e+13,3.975724e+01
1.359444e+13,7.899666e+01
1.329241e+14,7.422952e+01
3.181226e+13,3.729493e+01
6.570988e+13,4.017763e+01
3.098889e+13,7.755008e+01
2.994445e+13,7.899655e+01
5.548583e+16,8.000000e+01
2.715724e+14,8.000000e+01
2.715724e+14,8.000000e+01
1.468399e+13,5.000000e+00
6.116348e+14,8.000000e+01
1.148538e+13,7.899820e+01
1.078015e+14,6.936497e+01
1.286816e+14,6.852418e+01
1.286816e+14,6.852418e+01
2.805736e+13,2.918734e+01
3.938599e+13,4.999831e+00
5.146358e+13,5.585231e+01
4.219457e+13,7.899592e+01
3.496011e+14,8.000000e+01
3.496011e+14,8.000000e+01
2.859495e+13,2.810632e+01
8.562337e+13,6.293895e+01
8.562337e+13,6.293895e+01
4.061901e+13,3.399184e+01
1.665795e+13,7.899707e+01
1.880852e+13,7.899460e+01
8.647567e+13,7.392924e+01
8.647567e+13,7.392924e+01
7.577212e+13,8.000000e+01
3.853080e+13,7.899461e+01
1.763017e+13,7.899484e+01
1.218075e+14,6.618199e+01
3.144273e+13,7.899550e+01
2.215741e+13,7.899004e+01
1.362191e+13,7.899489e+01
9.391304e+14,8.000000e+01
3.066761e+13,3.213009e+01
2.366352e+13,7.896676e+01
1.302203e+14,7.899549e+01
1.302203e+14,5.000013e+00
1.302203e+14,8.000000e+01
6.113581e+13,6.726300e+01
6.113581e+13,6.726300e+01
9.902698e+13,4.642348e+01
2.785115e+13,3.104908e+01
3.377218e+13,2.701693e+01
2.377489e+13,7.882046e+01
4.677661e+13,3.038846e+01
8.476126e+13,5.741377e+01
1.684139e+13,7.899060e+01
1.747773e+13,7.899386e+01
1.664236e+13,3.109859e+01
1.220825e+14,6.149760e+01
5.516232e+13,4.263994e+01
1.133263e+13,7.899810e+01
1.284566e+13,7.899593e+01
3.807252e+13,2.834655e+01
6.636289e+13,7.290828e+01
1.706842e+13,7.898932e+01
2.397544e+13,7.897684e+01
1.641395e+14,6.371968e+01
8.931246e+12,7.899595e+01
1.759395e+14,6.918480e+01
2.729702e+13,2.714542e+01
4.728220e+14,8.000000e+01
4.728220e+14,8.000000e+01
2.063534e+13,7.899663e+01
9.772134e+13,6.191799e+01
9.772134e+13,6.191799e+01
3.387946e+13,7.899223e+01
2.429969e+13,7.899207e+01
2.698938e+13,2.930745e+01
1.929083e+13,5.315279e+01
7.607258e+13,7.104654e+01
7.607258e+13,4.999979e+00
5.180305e+13,3.920431e+01
5.180305e+13,7.874311e+01
2.196993e+13,7.894406e+01
4.984309e+13,5.375034e+01
4.168540e+13,3.327116e+01
5.485824e+13,3.513290e+01
3.924625e+14,7.705217e+01
2.814223e+13,2.828649e+01
8.248531e+13,3.909662e+01
3.097951e+13,7.899465e+01
4.072586e+13,3.050857e+01
1.090852e+13,7.898097e+01
2.524293e+13,2.558396e+01
1.537664e+13,7.899288e+01
2.242084e+13,7.899815e+01
1.236341e+14,8.000000e+01
2.681518e+13,7.894725e+01
1.548029e+13,2.500000e+01
3.211557e+13,2.918734e+01
2.633135e+13,2.810632e+01
1.217136e+14,5.951574e+01
1.217136e+14,5.951574e+01
1.179581e+13,7.898803e+01
1.884884e+13,7.896698e+01
3.238256e+13,3.645414e+01
6.285845e+13,4.480196e+01
8.541065e+13,4.930618e+01
1.882724e+13,7.899084e+01
1.519706e+14,8.000000e+01
2.861515e+14,8.000000e+01
2.575664e+17,8.000000e+01
5.259822e+13,5.008691e+01
6.169568e+15,8.000000e+01
7.578394e+13,5.417074e+01
7.704142e+13,8.000000e+01
7.704142e+13,8.000000e+01
7.735985e+13,7.898840e+01
2.713802e+13,2.198059e+01
7.751156e+13,4.342067e+01
4.751757e+13,3.645414e+01
3.280506e+13,2.966779e+01
4.481999e+13,7.893353e+01
2.017687e+14,8.000000e+01
2.017687e+14,8.000000e+01
2.383750e+13,2.612447e+01
2.592244e+14,8.000000e+01
2.592244e+14,8.000000e+01
2.592244e+14,8.000000e+01
1.288956e+14,8.000000e+01
1.288956e+14,8.000000e+01
1.429812e+13,7.899304e+01
2.778121e+14,7.999492e+01
2.778121e+14,7.999492e+01
2.270954e+13,7.899500e+01
1.356772e+14,4.876567e+01
5.692919e+13,5.345006e+01
9.646315e+13,4.029774e+01
4.216573e+14,8.000000e+01
5.690258e+13,7.898647e+01
1.015209e+14,8.000000e+01
1.115018e+14,5.050730e+01
6.614667e+13,4.696399e+01
1.045426e+14,7.398930e+01
5.502033e+13,4.768466e+01
2.844223e+14,6.522109e+01
3.543235e+13,3.789549e+01
1.236653e+13,7.899739e+01
2.322264e+13,7.899728e+01
3.136187e+13,3.062869e+01
7.275339e+13,5.651293e+01
4.249949e+13,7.899909e+01
4.249949e+13,7.899888e+01
3.588496e+14,8.000000e+01
3.588496e+14,8.000000e+01
2.715576e+13,2.852672e+01
3.025723e+13,2.894711e+01
2.200759e+13,2.486329e+01
2.183487e+13,7.899490e+01
5.908134e+13,3.681448e+01
2.622927e+13,2.786610e+01
1.761064e+13,7.899502e+01
5.703564e+14,8.000000e+01
1.899526e+14,5.849479e+01
4.235047e+13,3.807566e+01
9.310732e+13,8.000000e+01
9.310732e+13,4.999986e+00
1.732716e+13,7.899014e+01
2.794530e+13,7.880179e+01
2.299246e+13,7.899253e+01
1.112353e+14,5.525175e+01
1.970942e+13,7.899473e+01
2.893012e+13,7.898084e+01
2.732973e+13,7.897970e+01
1.977228e+13,7.899215e+01
1.165827e+14,5.284950e+01
1.201509e+13,7.899485e+01
1.206498e+15,8.000000e+01
1.206498e+15,8.000000e+01
2.629421e+13,7.899290e+01
2.341739e+14,8.000000e+01
1.811188e+13,7.898684e+01
5.976686e+13,4.954640e+01
2.065687e+14,8.000000e+01
2.065687e+14,8.000000e+01
7.114479e+13,5.242910e+01
3.514412e+13,7.922197e+01
3.514412e+13,5.000840e+00
3.175201e+13,2.882700e+01
1.954637e+13,7.899374e+01
1.177189e+13,4.999584e+00
1.212078e+13,7.897513e+01
3.796117e+13,4.510224e+01
2.363229e+13,7.899119e+01
2.398446e+13,7.898993e+01
1.435294e+14,7.236778e+01
1.435294e+14,7.236778e+01
1.045226e+14,5.000102e+00
1.045226e+14,7.898611e+01
8.913401e+13,3.849605e+01
2.765719e+13,7.891050e+01
2.338259e+13,2.642475e+01
2.205990e+13,7.898603e+01
1.352617e+14,5.176849e+01
2.213594e+13,7.887299e+01
3.429258e+13,3.008818e+01
4.287393e+13,7.899576e+01
1.746033e+13,4.998781e+00
1.944010e+14,8.000000e+01
5.338002e+13,4.432151e+01
1.670006e+13,7.899814e+01
3.817997e+13,3.309099e+01
9.552901e+12,7.899813e+01
3.296815e+13,3.020829e+01
8.849699e+13,6.546131e+01
5.877105e+13,4.408129e+01
2.772641e+13,2.624458e+01
4.645007e+13,3.327116e+01
1.205394e+13,7.899719e+01
1.511285e+14,5.314978e+01
5.802037e+13,4.576286e+01
4.908786e+13,3.681448e+01
1.807516e+14,8.000000e+01
1.807516e+14,8.000000e+01
8.424594e+13,6.630210e+01
5.104898e+13,5.375034e+01
3.713370e+13,3.255049e+01
1.209125e+14,4.846539e+01
1.048967e+13,7.899794e+01
2.815243e+13,6.748372e+01
2.310435e+13,2.618452e+01
1.532615e+13,7.899016e+01
1.589254e+13,4.999386e+00
1.472202e+13,7.896627e+01
2.506857e+13,2.414261e+01
2.927618e+13,7.898832e+01
4.107125e+13,3.957707e+01
2.740255e+13,7.899000e+01
1.813458e+13,7.899662e+01
5.062769e+19,8.000000e+01
5.062769e+19,8.000000e+01
5.062769e+19,8.000000e+01
1.724513e+14,5.957580e+01
6.246944e+14,8.000000e+01
9.294798e+13,4.896950e+01
2.159486e+14,8.000000e+01
1.315999e+13,7.898489e+01
8.926465e+12,7.899284e+01
5.093663e+14,8.000000e+01
1.030600e+14,8.000000e+01
1.030600e+14,8.000000e+01
1.097892e+13,7.898714e+01
2.486935e+13,2.864683e+01
1.096848e+14,7.537059e+01
5.497792e+13,4.017763e+01
1.225450e+15,8.000000e+01
1.513739e+13,7.899732e+01
7.101518e+13,5.999619e+01
3.161098e+14,8.000000e+01
3.161098e+14,8.000000e+01
1.393189e+14,8.000000e+01
4.416575e+13,5.000000e+00
6.040046e+13,5.284950e+01
1.626439e+13,7.897386e+01
5.913111e+13,3.651420e+01
1.106781e+14,6.744317e+01
6.637222e+13,4.251982e+01
2.204947e+13,2.624458e+01
1.960417e+14,8.000000e+01
1.960417e+14,8.000000e+01
1.883207e+13,7.897297e+01
2.949612e+13,2.528368e+01
4.099334e+13,3.309099e+01
6.529374e+13,3.837594e+01
9.210161e+13,6.035653e+01
9.210161e+13,6.035653e+01
6.408745e+13,6.233839e+01
5.666780e+13,3.879634e+01
2.525375e+13,7.886536e+01
3.686252e+13,3.050857e+01
1.027525e+13,7.899268e+01
6.366306e+13,3.909662e+01
1.320428e+13,7.899768e+01
1.486866e+13,7.899754e+01
9.543835e+12,7.067306e+01
1.089819e+13,7.897963e+01
1.538562e+13,7.899305e+01
2.844653e+13,7.941990e+01
2.019940e+13,7.915050e+01
1.079940e+13,7.847686e+01
2.263515e+13,7.899343e+01
3.519110e+13,7.899737e+01
5.350823e+13,3.423206e+01
1.925584e+13,7.897534e+01
8.608822e+13,5.152826e+01
6.547866e+13,4.999856e+00
4.732672e+13,3.957707e+01
2.917722e+13,3.074880e+01
1.863015e+13,7.899735e+01
1.506783e+13,7.899763e+01
9.767812e+13,4.155892e+01
4.652050e+13,3.525302e+01
2.605468e+13,7.899448e+01
2.226364e+13,7.896996e+01
1.204277e+14,4.414134e+01
1.859432e+14,7.717228e+01
1.859432e+14,7.717228e+01
3.788934e+13,3.122925e+01
5.661605e+13,6.083698e+01
1.002202e+13,7.899186e+01
1.940333e+13,7.899257e+01
2.812364e+13,3.086891e+01
8.668796e+13,4.960646e+01
4.680830e+13,4.582292e+01
1.642070e+13,7.899482e+01
7.909232e+13,4.221954e+01
1.191423e+13,7.899650e+01
3.756783e+13,4.065808e+01
7.114147e+13,2.756582e+01
6.320938e+13,7.759267e+01
6.320938e+13,7.759267e+01
6.320938e+13,4.999804e+00
2.916591e+14,8.000000e+01
2.916591e+14,8.000000e+01
2.707415e+13,2.516357e+01
4.704686e+13,5.140815e+01
1.798311e+13,7.897426e+01
2.920311e+13,7.898791e+01
4.832287e+15,8.000000e+01
3.602638e+13,4.047791e+01
5.282529e+13,7.519042e+01
7.902219e+13,6.089704e+01
2.184441e+13,7.899592e+01
2.585397e+13,2.660492e+01
1.107095e+14,4.834528e+01
2.219430e+13,2.444289e+01
2.167333e+13,7.899677e+01
5.085115e+13,3.669437e+01
5.884570e+13,4.330055e+01
2.082415e+13,2.396244e+01
2.143322e+13,7.899767e+01
6.705135e+13,4.999880e+00
6.705135e+13,5.000075e+00
5.168265e+13,3.627397e+01
4.293491e+13,2.888706e+01
3.959811e+13,3.200998e+01
4.781643e+13,4.606314e+01
1.713921e+13,7.895934e+01
2.560859e+13,4.999813e+00
5.649073e+13,3.669437e+01
3.822774e+13,3.891645e+01
2.640232e+13,7.899003e+01
4.116290e+13,3.339127e+01
1.560211e+13,3.896975e+01
3.595519e+13,7.883233e+01
1.330375e+14,5.693332e+01
3.425026e+13,4.999517e+00
1.394615e+14,6.960519e+01
2.783838e+13,3.122925e+01
9.425143e+14,8.000000e+01
8.252255e+13,7.899008e+01
2.703035e+13,4.999082e+00
3.238181e+13,7.882164e+01
7.017041e+13,5.000052e+00
7.017041e+13,5.000011e+00
5.565300e+13,4.798494e+01
2.645481e+13,7.899018e+01
9.807784e+12,7.899679e+01
1.620691e+13,7.899196e+01
1.090793e+13,7.899588e+01
2.725278e+13,2.816638e+01
1.682399e+13,7.899602e+01
3.941629e+13,7.900000e+01
3.941629e+13,5.719903e+01
6.536410e+14,8.000000e+01
4.897761e+13,7.899453e+01
5.084561e+13,4.999682e+00
2.825793e+13,2.624458e+01
1.023658e+14,4.462179e+01
2.186921e+13,7.890315e+01
1.585650e+13,7.899685e+01
1.346752e+13,7.899757e+01
1.729283e+13,7.898426e+01
2.706506e+13,7.899540e+01
1.253737e+14,8.000000e+01
1.253737e+14,8.000000e+01
6.702825e+13,4.870562e+01
6.702825e+13,4.870562e+01
5.161160e+13,5.465119e+01
5.161160e+13,5.000006e+00
1.376948e+14,8.000000e+01
1.376948e+14,8.000000e+01
3.774676e+13,7.899594e+01
3.342032e+14,8.000000e+01
1.598388e+13,7.897639e+01
4.911123e+13,3.915667e+01
9.197775e+12,7.899771e+01
1.108436e+14,6.780350e+01
1.946506e+13,7.899385e+01
9.182904e+13,5.951574e+01
3.408183e+13,3.014824e+01
4.160710e+13,7.899604e+01
2.057957e+14,8.000000e+01
3.106911e+13,7.886741e+01
1.272124e+13,7.899699e+01
1.266609e+13,7.507793e+01
5.978749e+13,7.861363e+01
3.407741e+13,4.185920e+01
8.096117e+13,4.726427e+01
1.598231e+13,7.894507e+01
4.501035e+13,3.855611e+01
2.117809e+13,7.899650e+01
2.106805e+14,8.000000e+01
1.449447e+14,8.000000e+01
4.899712e+13,4.378100e+01
9.740326e+13,5.999619e+01
1.078317e+13,7.895482e+01
2.297377e+13,7.899559e+01
4.995897e+14,8.000000e+01
4.995897e+14,8.000000e+01
7.852767e+13,5.308972e+01
2.052068e+13,7.896624e+01
2.939662e+13,3.122925e+01
3.277938e+13,3.471251e+01
4.488237e+13,5.765400e+01
8.465688e+16,8.000000e+01
2.159216e+13,7.899396e+01
3.647250e+13,3.339127e+01
4.524413e+13,3.471251e+01
2.082847e+14,6.161771e+01
2.180195e+14,6.582165e+01
1.644783e+13,7.899488e+01
9.145965e+12,7.890954e+01
4.516013e+13,4.999991e+00
4.516013e+13,4.999991e+00
3.051762e+13,2.654486e+01
2.282640e+14,8.000000e+01
2.282640e+14,8.000000e+01
2.282640e+14,8.000000e+01
2.282640e+14,8.000000e+01
7.087248e+13,5.411068e+01
2.158006e+13,7.896535e+01
1.395499e+13,7.899173e+01
2.798320e+13,3.122925e+01
1.102340e+13,7.899832e+01
2.303234e+14,6.558142e+01
2.870115e+13,7.899179e+01
1.507294e+13,7.899695e+01
1.054024e+14,5.783417e+01
1.148346e+14,5.302967e+01
3.769268e+13,7.897218e+01
4.349267e+13,3.861617e+01
4.430927e+13,3.435217e+01
3.141488e+13,3.182981e+01
2.577046e+14,6.852418e+01
1.076824e+15,7.759267e+01
9.130598e+13,4.570280e+01
1.355910e+13,7.899622e+01
1.466052e+13,7.832466e+01
1.003350e+14,6.864429e+01
2.068122e+13,7.899401e+01
1.148553e+14,5.585231e+01
3.219961e+14,6.606187e+01
2.365462e+13,7.897733e+01
3.297853e+13,3.309099e+01
2.994387e+17,8.000000e+01
2.165294e+13,7.897141e+01
3.451287e+13,3.297088e+01
2.009932e+13,2.258115e+01
2.030743e+14,8.000000e+01
2.146591e+13,7.899564e+01
1.551793e+13,5.697727e+01
1.049971e+14,8.000000e+01
3.159801e+13,7.899837e+01
1.020960e+14,4.480196e+01
1.015715e+14,3.999746e+01
1.222157e+14,5.543192e+01
1.563013e+13,7.899300e+01
5.143505e+13,4.774472e+01
1.770322e+13,7.899555e+01
2.500029e+13,7.884321e+01
5.084725e+14,8.000000e+01
6.115271e+13,4.636342e+01
2.940343e+13,2.720548e+01
4.173453e+13,3.753515e+01
2.106395e+13,7.837061e+01
1.465039e+14,8.000000e+01
5.921911e+13,4.095836e+01
1.516515e+13,4.999699e+00
1.030966e+14,4.762460e+01
4.041195e+13,4.312039e+01
1.718255e+13,7.899657e+01
4.605746e+13,3.825583e+01
1.454447e+13,7.899550e+01
2.202554e+14,5.302967e+01
1.141227e+14,4.318044e+01
7.139639e+13,5.000456e+00
7.139639e+13,7.884729e+01
2.040855e+13,7.899145e+01
2.750465e+14,8.000000e+01
1.516258e+14,8.000000e+01
3.353819e+13,7.897312e+01
1.564790e+14,8.000000e+01
1.564790e+14,8.000000e+01
1.564790e+14,8.000000e+01
1.113297e+13,7.896296e+01
1.029614e+14,8.000000e+01
1.029614e+14,8.000000e+01
1.456862e+13,7.898836e+01
4.448433e+13,3.711476e+01
2.932352e+14,6.011630e+01
1.223488e+13,7.899551e+01
1.883863e+13,7.896902e+01
1.778169e+13,7.899521e+01
7.298876e+13,4.390112e+01
9.480099e+13,5.519169e+01
5.584598e+14,7.969464e+01
1.026557e+14,3.104319e+01
1.180008e+14,6.113726e+01
1.360763e+14,4.612320e+01
4.987459e+14,8.000000e+01
3.326808e+13,4.999897e+00
9.076990e+13,6.167777e+01
9.298911e+13,4.239971e+01
8.291755e+13,4.300027e+01
1.176972e+13,7.897019e+01
1.300806e+13,7.898875e+01
3.758634e+13,2.888706e+01
5.937890e+13,7.895575e+01
3.782211e+14,8.000000e+01
3.648950e+13,3.249043e+01
2.418477e+13,2.702531e+01
2.681122e+14,8.000000e+01
3.260312e+14,8.000000e+01
3.717185e+13,3.921673e+01
5.258900e+13,3.705470e+01
1.561848e+14,5.555203e+01
3.797791e+13,3.447229e+01
2.628917e+14,8.000000e+01
2.472880e+15,8.000000e+01
1.048501e+14,2.100000e+01
2.772634e+13,2.930745e+01
8.671271e+12,7.899813e+01
1.828342e+14,8.000000e+01
1.154219e+14,7.627143e+01
1.154219e+14,7.627143e+01
9.020501e+14,8.000000e+01
6.187119e+13,4.522235e+01
2.190999e+13,7.926568e+01
4.606535e+13,3.453234e+01
2.368397e+13,7.898545e+01
1.177308e+14,4.870562e+01
2.346555e+13,7.899540e+01
5.492666e+13,4.600309e+01
4.057111e+13,7.937518e+01
2.210473e+13,7.898869e+01
9.131372e+13,4.179915e+01
3.408526e+13,3.351139e+01
2.451465e+13,1.885766e+01
1.303762e+15,8.000000e+01
3.566374e+13,3.567341e+01
5.002363e+13,3.351139e+01
2.386709e+16,8.000000e+01
2.386709e+16,8.000000e+01
8.663175e+12,7.899799e+01
3.463563e+13,3.291082e+01
1.239687e+14,5.729366e+01
1.873572e+13,7.899068e+01
8.241720e+13,4.618325e+01
3.493047e+13,3.459240e+01
1.271772e+14,4.924612e+01
7.240157e+13,7.899635e+01
6.012528e+14,8.000000e+01
6.012528e+14,8.000000e+01
2.895910e+13,2.654486e+01
2.861340e+14,6.738311e+01
1.911130e+14,7.933430e+01
1.612705e+13,7.893153e+01
1.523250e+13,7.898677e+01
5.537040e+13,3.759521e+01
9.403602e+13,5.441096e+01
8.101997e+13,6.444035e+01
1.275169e+14,6.486075e+01
2.741245e+13,7.898401e+01
1.767703e+13,7.899320e+01
5.433091e+13,7.894618e+01
1.341243e+13,7.898331e+01
1.481851e+13,7.899556e+01
6.450553e+13,5.417074e+01
1.249492e+15,8.000000e+01
1.249492e+15,8.000000e+01
4.387014e+13,5.146820e+01
8.235404e+13,6.377974e+01
8.235404e+13,6.377974e+01
2.158650e+13,7.898864e+01
1.221315e+13,7.899510e+01
4.445364e+13,4.432151e+01
2.059524e+13,7.899506e+01
9.894863e+12,7.899664e+01
4.537266e+13,7.899605e+01
1.136020e+14,6.089704e+01
9.325600e+13,6.414007e+01
4.697515e+13,4.288016e+01
1.112350e+15,7.032587e+01
1.527291e+13,7.899621e+01
5.301278e+14,8.000000e+01
5.301278e+14,8.000000e+01
5.301278e+14,8.000000e+01
1.273369e+13,7.899396e+01
4.913486e+13,7.898157e+01
6.212217e+13,5.092770e+01
4.534062e+13,3.213009e+01
1.860354e+14,5.194865e+01
2.152893e+13,7.898535e+01
1.754981e+17,8.000000e+01
1.895800e+13,7.899411e+01
1.338948e+13,7.899702e+01
2.225526e+13,2.444289e+01
1.864682e+13,6.578156e+01
2.989926e+13,7.898781e+01
2.044723e+13,7.899156e+01
2.893470e+14,6.275878e+01
1.226171e+13,7.899736e+01
8.132164e+14,8.000000e+01
1.994532e+14,8.000000e+01
5.503053e+14,8.000000e+01
5.503053e+14,8.000000e+01
5.503053e+14,8.000000e+01
3.150933e+13,2.798621e+01
2.526925e+13,7.898940e+01
8.674169e+13,8.000000e+01
8.674169e+13,8.000000e+01
3.940499e+14,8.000000e+01
1.616683e+13,7.897866e+01
1.976254e+13,7.899209e+01
1.092857e+13,7.903826e+01
1.730977e+13,7.897560e+01
9.397310e+13,2.500000e+01
3.256221e+13,3.008818e+01
1.813986e+14,8.000000e+01
1.813986e+14,8.000000e+01
1.813986e+14,8.000000e+01
3.070745e+13,7.899421e+01
2.554399e+13,2.600436e+01
9.791321e+13,5.000054e+00
9.791321e+13,4.999958e+00
1.189963e+14,6.131743e+01
1.031065e+15,8.000000e+01
4.300037e+13,4.864556e+01
7.562353e+13,6.017636e+01
3.246024e+13,2.113980e+01
6.798204e+13,4.864556e+01
9.525922e+13,5.423079e+01
8.000272e+13,5.597242e+01
3.174487e+13,3.255049e+01
1.481508e+14,3.652709e+01
4.336508e+13,3.453234e+01
4.381735e+13,3.303094e+01
8.419361e+12,7.902981e+01
1.081199e+14,4.053797e+01
2.618757e+13,7.898702e+01
3.903465e+13,3.645414e+01
4.129260e+13,7.899559e+01
6.491503e+13,4.384106e+01
1.776529e+13,7.899532e+01
8.080550e+13,4.726427e+01
1.815326e+13,7.899579e+01
5.280907e+13,7.898044e+01
1.752814e+14,6.582165e+01
2.640888e+13,7.889561e+01
1.997078e+13,7.899000e+01
1.913053e+13,7.899847e+01
1.888097e+13,6.783197e+01
2.094347e+13,7.899397e+01
5.997494e+13,3.723487e+01
2.677709e+13,7.899735e+01
8.253590e+13,4.834528e+01
1.665773e+13,7.896940e+01
1.276981e+15,8.000000e+01
6.201705e+13,3.621392e+01
3.221011e+13,3.207004e+01
1.052703e+14,5.573220e+01
1.360577e+14,8.000000e+01
2.254053e+13,7.897275e+01
1.302141e+14,7.284823e+01
1.853386e+14,5.891518e+01
1.333687e+13,7.899271e+01
2.830914e+13,2.942756e+01
2.453009e+13,2.504346e+01
3.320913e+14,8.000000e+01
3.320913e+14,8.000000e+01
3.320913e+14,8.000000e+01
3.320913e+14,8.000000e+01
2.432558e+13,7.899323e+01
1.276063e+14,8.000000e+01
1.276063e+14,8.000000e+01
4.970480e+14,8.000000e+01
5.376236e+13,4.480196e+01
2.023572e+13,2.306160e+01
5.419906e+13,4.984669e+01
3.700184e+13,3.663431e+01
3.229353e+14,7.026581e+01
7.459966e+14,6.702277e+01
1.598511e+14,6.864429e+01
1.679353e+13,7.896379e+01
3.137923e+13,2.738565e+01
2.558516e+13,2.624458e+01
1.010876e+13,4.999487e+00
2.303672e+13,2.666497e+01
5.305833e+13,3.735499e+01
1.383221e+13,7.871024e+01
7.933581e+13,4.672376e+01
1.313204e+14,5.176849e+01
6.689663e+13,1.700000e+01
9.039550e+14,8.000000e+01
9.039550e+14,8.000000e+01
2.873241e+15,7.981475e+01
2.105154e+13,7.116555e+01
1.091719e+13,7.899658e+01
5.015667e+13,7.898912e+01
2.039132e+14,8.000000e+01
2.039132e+14,8.000000e+01
9.174105e+12,7.899647e+01
1.365026e+13,7.899547e+01
5.206325e+14,7.464992e+01
5.842769e+13,6.131743e+01
1.859107e+13,7.896188e+01
3.086064e+13,3.182981e+01
3.942389e+13,7.898880e+01
3.035787e+13,4.999912e+00
5.208072e+13,3.537313e+01
2.372640e+14,6.960519e+01
1.539340e+13,7.899752e+01
7.501107e+13,4.810505e+01
3.757233e+14,7.296834e+01
4.885048e+13,4.510224e+01
1.645972e+14,8.000000e+01
1.645972e+14,8.000000e+01
5.516845e+13,5.897524e+01
2.466721e+13,7.892413e+01
1.193370e+14,8.000000e+01
1.193370e+14,8.000000e+01
1.728025e+13,7.899198e+01
3.385839e+13,3.279071e+01
2.033486e+13,7.899815e+01
6.942847e+13,2.888488e+01
1.817618e+13,7.896968e+01
3.638653e+13,7.899205e+01
1.171193e+13,7.287344e+01
2.671019e+13,7.888716e+01
2.176691e+14,5.507158e+01
1.919216e+15,8.000000e+01
1.699636e+13,5.688369e+01
3.904540e+13,3.765527e+01
3.868984e+14,8.000000e+01
3.868984e+14,8.000000e+01
3.868984e+14,8.000000e+01
8.256134e+13,4.438157e+01
5.513813e+13,5.609254e+01
2.932573e+13,2.858677e+01
1.574031e+13,4.999277e+00
2.181504e+13,2.516357e+01
7.075847e+13,4.612320e+01
2.644117e+18,8.000000e+01
2.861282e+13,4.999999e+00
2.861282e+13,7.899468e+01
3.312871e+13,7.899797e+01
2.315437e+13,7.899525e+01
7.253055e+13,5.900000e+01
7.253055e+13,6.501213e+01
9.945682e+12,7.898244e+01
4.517357e+13,3.387172e+01
2.509488e+13,7.899767e+01
1.601794e+13,7.891909e+01
7.265302e+13,5.489141e+01
1.319462e+13,7.899694e+01
4.863826e+13,4.336061e+01
1.330488e+14,7.050603e+01
2.237492e+13,7.898719e+01
2.080415e+13,7.890364e+01
2.779899e+14,8.000000e+01
2.779899e+14,8.000000e+01
1.336272e+13,7.899682e+01
2.217605e+13,7.899381e+01
1.265426e+13,7.899700e+01
5.396681e+13,3.501279e+01
8.118025e+14,8.000000e+01
2.099660e+13,4.999649e+00
2.396935e+14,8.000000e+01
1.655521e+14,5.591237e+01
1.365551e+14,6.420013e+01
1.731666e+13,7.899280e+01
6.723587e+13,5.999619e+01
6.317106e+13,6.516103e+01
3.177701e+13,3.152953e+01
8.098378e+13,6.335934e+01
8.098378e+13,6.335934e+01
2.256081e+13,4.999882e+00
1.687348e+14,7.633149e+01
1.687348e+14,7.633149e+01
3.973311e+13,3.447229e+01
7.046519e+13,5.945569e+01
2.464476e+13,2.888706e+01
1.041484e+13,7.897917e+01
1.664438e+13,7.899401e+01
7.788120e+13,4.276005e+01
1.151319e+14,7.062615e+01
1.861877e+13,7.896427e+01
2.597775e+13,2.996807e+01
1.019802e+14,4.774472e+01
2.917921e+13,2.798621e+01
1.382076e+13,7.820582e+01
1.406159e+14,5.363023e+01
5.204289e+13,4.444162e+01
8.501680e+13,6.882446e+01
8.501680e+13,6.882446e+01
6.008216e+13,3.297088e+01
7.137844e+13,6.768339e+01
5.841447e+13,3.513290e+01
4.225165e+13,7.899124e+01
1.232235e+14,5.086764e+01
9.545110e+13,5.152826e+01
1.556777e+14,8.000000e+01
4.854160e+13,7.896646e+01
2.533911e+13,7.896647e+01
2.262549e+13,7.899492e+01
1.395307e+14,6.468058e+01
3.733410e+13,3.531307e+01
2.455617e+13,2.738565e+01
2.659570e+13,3.729493e+01
2.971932e+13,2.606441e+01
1.948455e+13,7.899525e+01
1.363749e+14,3.933684e+01
3.626097e+13,3.633403e+01
1.573770e+13,7.898089e+01
1.634993e+14,6.287889e+01
4.754047e+13,4.840534e+01
2.405612e+13,2.420267e+01
5.468091e+14,8.000000e+01
9.378240e+13,6.131743e+01
1.797830e+13,7.899189e+01
7.725177e+13,8.000000e+01
7.725177e+13,8.000000e+01
3.935476e+13,3.316946e+01
1.905758e+14,5.405062e+01
2.488424e+13,7.895186e+01
1.382440e+13,7.898418e+01
2.965448e+13,7.945359e+01
4.259730e+13,3.357144e+01
2.395075e+13,7.897930e+01
2.028761e+13,2.300154e+01
7.157653e+13,5.435090e+01
2.531935e+13,7.899401e+01
1.364345e+13,7.899513e+01
1.273044e+13,7.899770e+01
1.739736e+13,7.899297e+01
1.374305e+14,6.317917e+01
5.041467e+13,5.537186e+01
1.381473e+13,7.897845e+01
9.530994e+13,6.371968e+01
2.733379e+13,4.999074e+00
3.566886e+13,3.249043e+01
2.179544e+13,7.898917e+01
5.181145e+13,5.496699e+01
1.277623e+13,7.899655e+01
1.069841e+14,7.495020e+01
9.104858e+13,4.372095e+01
1.341749e+13,7.899451e+01
1.821317e+13,7.899024e+01
1.009468e+13,6.876776e+01
3.426843e+13,7.876807e+01
5.874151e+13,3.237032e+01
9.205474e+13,4.672376e+01
1.786801e+13,7.899439e+01
4.908777e+13,7.899657e+01
2.275441e+13,2.570407e+01
6.057393e+13,3.333122e+01
9.844640e+13,7.446975e+01
9.844640e+13,7.446975e+01
1.403179e+13,7.898157e+01
9.145274e+13,6.287889e+01
1.780968e+14,5.645287e+01
8.608048e+13,3.957707e+01
6.643271e+14,8.000000e+01
6.643271e+14,8.000000e+01
1.948428e+13,2.174036e+01
6.622248e+13,6.095709e+01
1.746947e+14,5.122798e+01
1.607247e+13,7.881368e+01
1.864552e+13,7.897190e+01
1.463413e+14,4.786483e+01
2.030733e+13,2.258115e+01
7.988533e+13,7.489014e+01
7.988533e+13,7.489014e+01
4.768099e+13,4.500000e+01
3.353012e+13,3.291082e+01
1.334896e+14,7.831335e+01
3.212533e+14,7.807312e+01
5.356709e+13,3.831589e+01
6.700859e+14,6.323923e+01
9.746454e+13,4.999969e+00
5.225152e+13,7.899761e+01
5.225152e+13,7.899790e+01
3.138456e+13,7.899468e+01
1.604260e+13,7.899747e+01
2.289143e+13,7.886996e+01
2.502665e+13,7.899183e+01
1.963885e+13,7.898625e+01
5.207535e+13,3.657425e+01
1.371801e+14,6.101715e+01
1.673228e+13,7.880347e+01
7.555322e+14,8.000000e+01
1.414607e+13,7.894118e+01
4.813514e+13,4.209943e+01
2.316710e+14,8.000000e+01
1.720762e+14,4.930618e+01
8.122769e+13,5.278944e+01
3.872108e+13,3.375161e+01
4.946696e+13,7.080632e+01
1.399824e+13,7.899729e+01
1.309207e+14,4.936624e+01
1.182150e+13,7.899334e+01
2.678789e+13,7.899431e+01
3.505754e+13,2.930745e+01
2.497572e+13,7.898895e+01
1.293150e+13,7.899675e+01
9.821466e+13,4.071814e+01
1.484451e+13,7.899717e+01
1.961675e+13,7.899660e+01
7.176151e+13,5.236905e+01
2.083061e+13,3.107514e+01
1.391896e+13,7.894363e+01
4.414726e+13,3.453234e+01
1.022151e+13,7.897740e+01
1.759979e+14,5.639282e+01
9.031022e+13,7.513037e+01
1.060830e+14,8.000000e+01
1.060830e+14,8.000000e+01
1.374930e+13,7.899795e+01
1.043730e+14,4.282010e+01
4.804089e+13,3.038846e+01
1.964415e+13,7.898883e+01
1.955724e+13,7.899846e+01
6.737500e+13,4.780477e+01
2.036357e+13,7.899572e+01
2.997542e+13,2.948762e+01
6.592384e+13,3.363150e+01
2.471759e+13,2.408256e+01
1.225006e+13,7.899669e+01
6.093559e+13,4.354078e+01
7.686775e+13,5.537186e+01
2.029024e+14,5.351012e+01
5.923933e+13,4.738438e+01
2.784183e+14,8.000000e+01
2.784183e+14,8.000000e+01
1.937043e+13,7.897500e+01
1.176593e+13,7.899781e+01
1.352516e+13,7.896832e+01
3.060361e+13,2.846666e+01
2.042403e+13,7.896506e+01
1.432462e+14,7.993487e+01
2.498609e+13,3.104908e+01
7.226288e+13,6.816384e+01
1.530733e+13,7.899646e+01
1.911242e+13,7.899278e+01
3.925438e+13,3.231026e+01
1.332685e+14,5.254922e+01
8.323878e+14,8.000000e+01
6.392733e+13,7.621138e+01
1.959854e+13,7.898450e+01
2.853765e+13,7.898928e+01
2.180945e+13,7.899371e+01
2.603730e+13,5.000216e+00
3.584117e+13,2.780604e+01
1.228065e+13,4.999795e+00
1.608846e+13,7.889899e+01
2.446207e+13,7.895471e+01
8.495166e+13,4.197932e+01
4.067963e+13,3.381167e+01
7.973558e+13,5.993614e+01
1.589147e+13,7.899100e+01
8.250632e+13,8.000000e+01
8.250632e+13,8.000000e+01
4.966801e+13,4.984669e+01
4.655357e+13,7.899967e+01
4.655357e+13,5.447102e+01
1.763962e+13,7.904418e+01
2.198512e+13,7.894505e+01
4.775082e+13,7.899739e+01
6.520993e+13,3.296042e+01
4.498162e+15,8.000000e+01
6.756542e+13,4.227960e+01
8.827701e+13,5.657299e+01
8.827701e+13,5.657299e+01
5.997580e+13,4.834528e+01
5.710674e+13,4.618325e+01
9.245386e+13,4.750449e+01
2.824637e+13,3.074880e+01
1.539859e+13,7.899686e+01
2.117533e+14,5.543192e+01
8.154935e+13,5.242910e+01
2.051474e+15,8.000000e+01
8.682085e+13,6.744317e+01
8.682085e+13,6.744317e+01
1.703879e+13,7.899472e+01
8.158885e+13,4.774472e+01
4.096133e+14,8.000000e+01
4.096133e+14,8.000000e+01
2.413918e+13,2.558396e+01
1.560325e+14,5.140815e+01
1.764193e+14,8.000000e+01
1.764193e+14,8.000000e+01
1.415523e+13,4.999547e+00
6.112020e+13,4.318044e+01
2.060328e+13,7.898691e+01
2.110403e+14,6.504092e+01
2.441074e+13,2.474317e+01
1.200609e+13,7.899747e+01
3.985068e+13,3.765527e+01
1.625068e+13,7.897654e+01
4.748472e+13,4.071814e+01
1.582642e+13,7.897641e+01
1.441588e+13,7.906651e+01
8.160585e+13,3.969718e+01
3.160837e+13,3.146947e+01
3.597639e+13,3.140942e+01
6.042786e+13,3.483262e+01
1.894213e+13,7.899818e+01
3.646591e+13,7.897072e+01
2.910273e+13,3.917775e+01
7.539169e+13,4.408129e+01
2.053976e+14,6.137749e+01
7.585750e+13,4.119859e+01
1.420532e+13,7.897780e+01
8.751756e+13,5.609254e+01
2.203218e+13,7.897013e+01
1.584225e+15,8.000000e+01
3.513780e+13,3.639409e+01
1.366451e+13,7.899826e+01
1.138362e+14,6.149760e+01
8.375412e+13,4.360084e+01
6.430047e+13,3.100824e+01
1.456010e+14,4.984669e+01
4.569266e+13,7.899358e+01
3.557055e+14,5.939563e+01
3.914167e+13,7.897778e+01
1.611508e+13,7.898868e+01
1.680354e+13,7.899665e+01
3.518508e+13,7.899656e+01
1.574514e+13,7.898396e+01
1.096593e+13,7.899629e+01
1.771918e+13,7.912961e+01
9.148865e+13,8.000000e+01
9.148865e+13,8.000000e+01
1.814234e+13,7.897583e+01
3.475020e+13,3.056863e+01
1.204637e+14,8.000000e+01
1.175942e+14,3.855611e+01
1.254811e+14,4.990674e+01
4.737244e+14,8.000000e+01
4.737244e+14,8.000000e+01
3.159379e+13,3.062869e+01
3.416665e+13,7.896271e+01
7.964567e+13,5.314978e+01
2.520806e+13,2.696526e+01
9.844813e+12,7.898367e+01
3.150430e+13,3.080886e+01
4.253646e+13,3.477257e+01
1.822396e+13,7.271402e+01
1.593582e+13,7.899423e+01
3.464458e+13,4.998899e+00
8.502483e+12,7.899871e+01
1.372660e+14,7.416947e+01
1.998552e+13,7.897551e+01
1.084036e+13,7.899684e+01
1.241397e+14,3.504520e+01
2.111365e+14,5.489141e+01
2.669586e+13,2.696526e+01
4.465769e+13,3.513290e+01
1.346187e+13,7.250043e+01
2.761825e+14,8.000000e+01
2.991118e+13,2.708537e+01
3.135914e+13,3.315105e+01
6.346320e+14,8.000000e+01
5.977105e+13,6.892097e+01
3.022166e+13,7.899398e+01
7.534488e+13,4.227960e+01
1.619526e+13,7.898970e+01
1.923490e+13,2.216076e+01
1.186857e+13,4.882987e+01
2.979555e+13,2.804627e+01
1.085246e+14,7.212755e+01
1.085246e+14,7.212755e+01
5.130296e+13,4.870562e+01
3.645791e+13,3.291082e+01
2.920528e+13,7.899141e+01
2.861412e+13,3.146947e+01
7.182632e+13,4.912601e+01
8.050786e+13,6.299900e+01
2.264719e+14,6.269872e+01
1.023179e+14,5.891518e+01
2.489408e+13,2.612447e+01
1.208159e+15,8.000000e+01
2.507410e+14,8.000000e+01
1.216448e+14,8.000000e+01
1.585682e+13,7.899529e+01
1.121622e+13,7.899764e+01
2.212720e+14,7.861363e+01
2.132342e+14,8.000000e+01
2.132342e+14,8.000000e+01
9.481873e+13,2.918734e+01
2.762140e+13,3.044852e+01
1.692692e+14,6.864429e+01
3.106966e+13,7.899465e+01
7.540980e+13,4.462179e+01
2.083825e+14,8.000000e+01
3.731290e+14,6.077692e+01
2.621276e+13,2.486329e+01
3.826076e+13,4.131870e+01
8.332778e+13,5.104781e+01
1.503603e+13,7.899628e+01
1.586886e+13,7.899582e+01
1.211042e+13,4.999806e+00
1.830599e+13,7.899775e+01
2.189280e+13,7.516521e+01
2.068065e+13,7.895380e+01
2.827619e+13,2.636469e+01
1.234332e+14,5.104781e+01
1.705338e+13,7.899681e+01
2.413209e+13,7.193131e+01
1.325110e+13,7.897947e+01
8.241607e+13,5.789422e+01
4.583863e+13,7.899153e+01
1.499952e+14,7.899392e+01
1.499952e+14,7.899282e+01
5.120116e+13,3.615386e+01
1.589281e+13,7.898369e+01
2.700887e+14,5.699338e+01
1.174843e+14,5.230899e+01
1.086533e+14,7.899528e+01
1.086533e+14,8.000000e+01
4.443798e+13,7.899610e+01
1.683234e+14,8.000000e+01
1.043959e+13,7.899493e+01
1.408334e+13,7.899841e+01
1.797810e+14,8.000000e+01
9.564986e+13,6.990547e+01
1.153822e+18,8.000000e+01
1.153822e+18,8.000000e+01
6.982093e+14,8.000000e+01
3.315299e+14,8.000000e+01
3.315299e+14,8.000000e+01
3.315299e+14,8.000000e+01
2.357822e+13,2.534374e+01
2.269241e+14,5.837467e+01
5.929272e+13,3.573347e+01
2.784041e+14,5.260927e+01
7.459433e+13,7.044598e+01
4.878432e+13,4.059802e+01
2.558909e+13,7.899698e+01
7.226518e+13,6.714289e+01
1.209077e+13,7.899235e+01
2.058082e+13,7.899703e+01
1.995511e+14,6.359957e+01
4.021962e+13,3.927679e+01
2.138894e+13,7.897621e+01
1.133071e+14,5.705344e+01
3.043819e+13,7.899487e+01
1.686873e+14,8.000000e+01
2.246547e+13,7.934938e+01
1.447184e+13,7.899325e+01
2.644421e+13,2.984796e+01
6.278965e+13,3.399184e+01
4.723905e+13,4.654359e+01
2.545135e+13,2.642475e+01
9.119814e+13,5.555203e+01
3.926413e+13,3.693459e+01
3.442580e+13,2.870689e+01
7.978157e+13,3.639409e+01
1.803857e+14,8.000000e+01
1.803857e+14,8.000000e+01
9.719155e+13,6.041659e+01
9.223986e+13,7.002558e+01
4.272893e+13,2.978790e+01
4.208636e+13,3.723487e+01
2.804958e+13,2.930745e+01
7.353613e+13,3.621392e+01
4.023959e+13,3.417200e+01
2.886721e+19,8.000000e+01
2.886721e+19,8.000000e+01
2.886721e+19,8.000000e+01
8.463952e+13,4.456174e+01
1.709709e+13,7.898614e+01
1.113247e+14,6.293895e+01
3.435363e+13,2.714542e+01
2.696168e+13,2.780604e+01
1.493279e+13,7.896624e+01
1.197080e+13,7.898157e+01
1.571625e+14,7.705217e+01
5.388108e+14,8.000000e+01
8.518758e+13,4.852545e+01
2.998227e+13,7.899657e+01
7.928474e+14,8.000000e+01
1.336626e+13,7.898601e+01
1.610232e+13,7.898975e+01
2.000734e+13,7.899200e+01
3.075555e+13,2.780604e+01
2.899857e+15,8.000000e+01
1.969430e+13,7.898924e+01
2.923783e+13,2.606441e+01
1.854174e+13,7.899628e+01
5.831444e+13,5.765400e+01
1.396583e+13,7.873004e+01
1.484296e+13,7.897625e+01
2.953090e+13,2.504346e+01
3.028138e+13,2.672503e+01
1.971619e+13,2.264121e+01
2.437370e+13,7.896733e+01
1.068510e+14,5.723360e+01
3.776982e+14,8.000000e+01
3.776982e+14,8.000000e+01
1.161616e+13,4.504975e+01
1.348177e+14,8.000000e+01
2.009126e+14,5.903529e+01
6.757995e+14,7.807312e+01
2.660437e+13,7.891879e+01
1.192166e+13,7.897121e+01
4.359471e+13,3.351139e+01
2.460683e+14,5.453107e+01
5.054274e+13,3.603375e+01
3.144380e+13,1.299397e+01
3.372574e+13,3.345133e+01
1.342816e+13,4.999259e+00
2.060775e+13,7.899127e+01
1.561055e+14,7.326862e+01
1.438692e+13,2.099456e+01
1.210822e+13,7.896263e+01
7.398423e+13,4.999990e+00
1.103568e+14,4.450168e+01
5.044169e+13,3.591364e+01
2.963908e+13,4.999376e+00
4.613225e+13,3.519296e+01
1.225148e+14,4.245977e+01
1.332099e+14,8.000000e+01
1.788112e+13,7.899767e+01
3.483452e+14,8.000000e+01
3.483452e+14,8.000000e+01
2.269646e+13,7.899846e+01
2.939297e+20,8.000000e+01
2.939297e+20,8.000000e+01
2.939297e+20,8.000000e+01
2.939297e+20,8.000000e+01
2.939297e+20,8.000000e+01
2.939297e+20,8.000000e+01
2.939297e+20,8.000000e+01
2.939297e+20,8.000000e+01
1.903106e+13,7.897620e+01
4.120123e+14,8.000000e+01
4.120123e+14,8.000000e+01
2.714958e+13,2.834655e+01
1.236983e+13,7.882436e+01
5.987395e+13,4.059802e+01
1.058548e+14,4.606314e+01
3.085849e+13,2.942756e+01
2.802154e+13,2.990801e+01
4.182610e+15,8.000000e+01
1.984912e+14,8.000000e+01
9.795040e+13,7.801307e+01
1.689580e+13,7.896538e+01
1.728191e+13,7.899361e+01
5.672763e+13,4.011757e+01
1.172444e+13,4.304071e+01
4.873579e+13,3.945695e+01
3.777804e+13,7.899274e+01
1.611844e+13,7.899094e+01
2.493050e+13,2.432278e+01
3.664164e+15,8.000000e+01
3.664164e+15,8.000000e+01
3.664164e+15,8.000000e+01
6.495270e+13,7.899436e+01
5.339594e+13,4.936624e+01
3.561818e+13,7.898828e+01
1.608373e+14,7.675188e+01
1.112530e+14,4.137875e+01
9.801075e+13,8.000000e+01
2.891991e+13,3.086891e+01
1.157812e+15,8.000000e+01
1.157812e+15,8.000000e+01
5.964173e+13,6.852418e+01
2.822519e+14,7.987481e+01
5.661465e+13,5.981602e+01
9.758687e+12,7.899199e+01
1.186047e+13,7.895284e+01
2.576921e+13,2.618452e+01
2.201353e+14,6.798367e+01
2.149128e+13,7.899818e+01
8.600996e+13,5.014697e+01
1.910962e+13,7.880774e+01
4.511476e+13,4.690393e+01
1.733050e+13,6.479736e+01
7.202870e+13,7.086637e+01
1.360166e+13,7.899805e+01
7.907854e+13,3.951701e+01
5.728338e+13,1.700000e+01
2.093582e+13,7.899154e+01
1.636428e+13,4.999396e+00
1.977096e+13,2.119986e+01
1.815999e+13,7.898716e+01
5.216682e+13,3.243037e+01
2.029730e+13,2.210070e+01
6.380332e+13,4.726427e+01
1.160359e+14,6.101715e+01
1.205350e+14,7.969464e+01
1.912457e+13,7.899386e+01
4.886955e+13,4.954640e+01
2.184088e+14,8.000000e+01
1.148562e+14,5.483135e+01
3.621094e+13,3.861617e+01
2.328553e+13,7.897991e+01
2.951187e+15,8.000000e+01
2.951187e+15,8.000000e+01
1.504487e+13,7.898766e+01
3.688696e+13,3.062869e+01
1.830215e+13,7.899464e+01
6.383191e+13,4.011757e+01
4.906767e+13,3.152953e+01
3.127042e+14,7.669183e+01
2.408498e+13,2.660492e+01
8.458444e+13,4.239971e+01
2.124349e+14,8.000000e+01
2.124349e+14,8.000000e+01
2.331906e+13,3.091685e+01
1.394255e+13,7.386762e+01
1.090779e+14,8.000000e+01
1.090779e+14,8.000000e+01
1.653777e+14,8.000000e+01
1.653777e+14,8.000000e+01
1.653777e+14,8.000000e+01
3.339258e+13,3.267060e+01
3.288744e+14,6.017636e+01
3.489506e+14,7.999492e+01
2.116675e+13,7.899573e+01
4.658491e+13,3.032841e+01
1.135457e+13,7.899668e+01
3.767721e+14,8.000000e+01
9.580636e+13,7.735245e+01
1.726605e+13,7.899597e+01
5.006674e+13,5.000989e+00
5.006674e+13,4.999571e+00
3.811235e+13,3.537313e+01
9.917298e+13,8.000000e+01
4.999330e+13,4.251982e+01
9.624556e+14,8.000000e+01
9.624556e+14,8.000000e+01
9.624556e+14,8.000000e+01
5.059749e+14,8.000000e+01
1.411742e+13,7.899484e+01
2.502014e+14,8.000000e+01
2.502014e+14,8.000000e+01
1.431096e+15,8.000000e+01
6.773707e+13,5.723360e+01
6.773707e+13,4.999976e+00
1.362730e+13,7.895901e+01
3.103187e+13,7.897613e+01
7.495093e+14,8.000000e+01
3.068143e+13,3.315105e+01
2.243777e+13,7.899029e+01
5.198796e+14,8.000000e+01
5.198796e+14,8.000000e+01
1.534874e+14,8.000000e+01
4.513672e+13,3.411195e+01
5.281000e+13,3.783544e+01
6.705083e+13,5.357017e+01
3.891797e+13,7.897439e+01
1.224234e+13,7.899622e+01
5.957097e+13,7.896173e+01
1.117841e+13,7.898374e+01
1.010455e+16,8.000000e+01
4.258718e+13,4.233965e+01
8.494166e+13,6.966525e+01
3.839177e+13,2.915560e+01
1.520770e+13,7.889778e+01
1.382040e+13,7.899524e+01
5.953883e+14,7.212755e+01
3.317183e+13,3.134936e+01
6.413706e+13,5.729366e+01
1.797144e+13,7.899698e+01
1.499787e+13,7.911926e+01
2.334560e+13,7.459931e+01
2.436645e+13,7.899674e+01
2.148561e+13,7.897961e+01
2.190811e+13,7.881577e+01
3.444289e+14,7.470997e+01
4.561236e+13,3.849605e+01
3.554091e+13,3.321111e+01
4.289922e+13,3.219015e+01
3.632987e+13,3.555330e+01
2.659295e+13,2.414261e+01
2.537690e+13,6.998828e+00
1.495051e+14,4.822517e+01
6.049479e+14,6.852418e+01
1.710996e+14,5.627270e+01
2.166017e+13,4.999575e+00
8.630625e+13,8.000000e+01
9.130806e+13,5.357017e+01
2.456815e+13,7.898066e+01
1.069435e+13,7.899419e+01
1.204847e+13,7.899752e+01
1.818905e+14,7.573093e+01
3.774668e+13,2.882700e+01
1.301294e+14,4.624331e+01
7.355659e+13,6.155765e+01
1.025294e+13,7.899752e+01
1.324797e+13,7.899747e+01
1.257681e+14,8.000000e+01
1.257681e+14,8.000000e+01
1.257681e+14,8.000000e+01
2.128952e+13,2.360211e+01
8.825260e+16,6.636215e+01
1.029329e+14,4.792489e+01
1.795259e+13,7.898616e+01
3.858273e+13,3.200998e+01
2.497158e+13,2.912728e+01
8.765971e+13,6.401996e+01
5.762237e+13,3.459240e+01
1.533259e+13,7.899587e+01
6.118498e+13,4.197932e+01
1.439607e+13,2.304655e+01
1.815440e+14,6.828395e+01
7.516599e+13,5.230899e+01
2.883166e+13,4.998913e+00
3.854907e+13,3.411195e+01
2.270075e+14,5.951574e+01
5.867385e+13,4.324050e+01
1.070539e+13,7.899752e+01
2.054278e+13,7.880888e+01
9.579696e+12,7.899806e+01
6.390160e+13,4.029774e+01
2.186600e+14,8.000000e+01
2.186600e+14,8.000000e+01
2.571428e+13,2.762587e+01
1.706912e+13,5.000000e+00
5.392843e+13,5.026708e+01
4.388049e+13,3.459240e+01
3.729987e+13,3.465245e+01
2.275663e+13,2.558396e+01
3.593748e+14,8.000000e+01
3.593748e+14,8.000000e+01
5.730308e+13,5.278944e+01
1.153462e+13,7.899417e+01
1.900135e+13,7.896487e+01
3.235845e+13,3.056863e+01
2.064996e+13,4.999908e+00
4.976679e+13,3.819577e+01
5.151642e+13,4.113853e+01
2.500271e+13,7.898533e+01
9.048644e+12,7.899625e+01
8.127998e+13,4.498213e+01
1.716239e+13,7.897025e+01
6.293079e+13,3.921673e+01
3.031924e+13,2.768593e+01
2.107747e+13,7.898646e+01
1.372773e+13,7.899215e+01
5.562161e+13,5.537186e+01
1.364339e+13,7.899181e+01
5.348326e+13,3.891645e+01
1.466137e+13,7.897918e+01
2.594406e+13,7.898193e+01
1.793687e+14,8.000000e+01
3.123377e+13,3.459240e+01
2.693950e+13,4.999381e+00
3.068190e+14,8.000000e+01
2.313262e+14,8.000000e+01
2.313262e+14,8.000000e+01
1.365647e+15,8.000000e+01
1.365647e+15,8.000000e+01
1.365647e+15,8.000000e+01
1.365647e+15,8.000000e+01
2.222991e+14,5.236905e+01
2.180751e+13,7.896744e+01
2.894064e+13,7.896962e+01
1.752022e+13,7.898141e+01
5.043304e+13,4.576286e+01
8.211655e+13,7.513037e+01
8.211655e+13,7.513037e+01
5.917694e+13,3.879634e+01
1.903576e+14,8.000000e+01
1.903576e+14,8.000000e+01
1.260052e+19,8.000000e+01
2.254708e+14,8.000000e+01
2.254708e+14,8.000000e+01
2.254708e+14,8.000000e+01
2.302971e+13,7.898625e+01
5.983062e+13,5.020702e+01
3.320673e+14,8.000000e+01
3.320673e+14,8.000000e+01
3.320673e+14,8.000000e+01
4.440154e+13,4.540252e+01
1.090509e+14,5.525175e+01
7.834717e+13,3.747510e+01
1.954812e+13,7.898587e+01
2.174797e+13,5.000000e+00
3.531876e+13,3.699465e+01
6.145929e+13,6.834401e+01
3.642521e+13,3.663431e+01
1.123811e+13,7.899658e+01
1.221767e+13,7.906628e+01
9.376298e+12,7.899711e+01
1.508550e+14,5.675315e+01
6.623908e+13,3.657425e+01
4.290916e+13,7.899467e+01
9.864786e+13,4.384106e+01
8.923191e+13,4.251982e+01
4.754673e+14,8.000000e+01
2.435672e+13,7.899453e+01
2.673988e+13,2.528368e+01
6.862191e+13,4.999718e+00
1.695935e+14,6.125737e+01
3.138268e+13,3.110914e+01
2.051686e+13,2.282137e+01
1.154720e+14,7.843346e+01
1.154720e+14,7.843346e+01
1.128411e+13,7.898849e+01
3.936663e+13,4.324050e+01
1.610921e+15,8.000000e+01
1.430688e+14,7.212755e+01
3.237255e+13,7.899927e+01
3.237255e+13,7.899870e+01
2.979005e+13,7.899936e+01
2.979005e+13,7.899334e+01
3.285992e+13,3.014824e+01
1.165254e+14,6.341940e+01
1.562507e+14,8.000000e+01
6.520456e+13,5.549197e+01
8.061433e+13,6.624204e+01
4.243402e+14,8.000000e+01
3.358014e+13,7.898217e+01
1.180575e+14,6.179788e+01
1.312531e+14,7.615132e+01
1.547557e+14,6.702277e+01
3.428976e+13,3.927679e+01
2.355986e+13,2.396244e+01
9.076901e+12,7.899536e+01
2.621239e+13,7.895743e+01
1.392829e+13,7.899691e+01
5.373601e+13,5.657299e+01
2.927385e+13,3.026835e+01
1.554308e+14,8.000000e+01
5.229772e+13,5.729366e+01
1.894614e+14,8.000000e+01
9.524802e+13,7.008564e+01
9.524802e+13,7.008564e+01
5.013937e+13,5.000121e+00
6.419847e+13,6.371968e+01
6.947292e+13,5.795428e+01
5.325395e+13,4.552264e+01
2.364029e+13,2.612447e+01
1.514191e+14,7.350885e+01
2.323117e+13,2.498340e+01
2.909407e+14,7.074626e+01
4.989585e+13,3.981729e+01
3.087331e+14,8.000000e+01
3.087331e+14,8.000000e+01
1.524868e+13,7.893917e+01
2.251116e+13,7.887867e+01
1.057074e+13,7.899851e+01
6.053875e+13,5.697100e+01
2.473443e+13,7.897955e+01
1.383774e+13,7.899679e+01
2.514054e+14,8.000000e+01
2.514054e+14,8.000000e+01
1.113923e+14,8.000000e+01
1.113923e+14,8.000000e+01
1.462367e+14,8.000000e+01
1.462367e+14,8.000000e+01
2.774344e+14,8.000000e+01
2.774344e+14,8.000000e+01
1.821953e+13,6.363081e+01
4.628017e+14,8.000000e+01
1.244302e+13,7.899709e+01
6.516660e+13,3.543319e+01
4.324133e+13,3.483262e+01
4.516430e+13,7.899810e+01
1.063828e+14,3.615386e+01
5.058613e+13,4.257988e+01
1.869148e+13,7.898457e+01
3.008895e+14,7.026581e+01
7.170295e+13,4.999960e+00
1.840619e+13,7.899432e+01
4.784396e+13,4.245977e+01
1.718240e+13,7.899687e+01
1.129689e+13,7.898434e+01
4.599670e+13,4.083825e+01
1.898410e+13,7.899681e+01
4.230864e+13,4.354078e+01
2.880644e+13,2.654486e+01
1.063908e+13,7.833284e+01
1.444889e+13,7.899066e+01
1.408667e+15,8.000000e+01
1.586660e+13,7.898102e+01
4.615649e+13,4.846539e+01
1.027859e+14,6.275878e+01
3.805198e+13,4.999760e+00
1.621671e+13,7.899365e+01
2.996692e+13,3.080886e+01
2.676883e+15,8.000000e+01
2.676883e+15,8.000000e+01
2.676883e+15,8.000000e+01
3.698696e+14,8.000000e+01
3.698696e+14,8.000000e+01
1.074976e+13,7.899725e+01
1.231457e+14,4.372095e+01
8.896070e+13,8.000000e+01
6.927272e+13,5.525175e+01
1.024930e+14,4.360084e+01
1.308026e+14,5.789422e+01
3.765414e+13,2.702531e+01
2.584159e+13,7.899812e+01
2.262112e+13,7.899094e+01
5.115684e+13,4.288016e+01
1.825289e+13,7.895292e+01
1.178143e+14,5.561209e+01
1.160345e+13,7.899444e+01
1.325134e+13,7.897290e+01
7.576215e+13,4.768466e+01
1.184251e+13,7.899740e+01
2.093409e+13,6.668252e+01
2.701344e+15,7.434963e+01
6.505848e+13,7.899372e+01
2.562551e+13,7.899264e+01
1.229957e+14,4.630337e+01
1.046070e+14,5.999619e+01
1.184415e+14,8.000000e+01
1.184415e+14,8.000000e+01
6.223481e+13,5.363023e+01
1.545916e+13,7.899268e+01
2.788220e+14,5.831462e+01
4.638716e+13,4.999768e+00
1.459932e+14,7.735245e+01
1.838831e+14,5.086764e+01
1.818012e+13,7.899403e+01
4.490144e+13,5.296225e+01
5.841456e+14,8.000000e+01
8.729887e+13,6.654232e+01
3.336121e+13,3.543319e+01
3.180828e+13,2.582419e+01
3.216277e+14,7.759267e+01
4.021721e+13,4.999644e+00
2.184126e+13,7.834130e+01
4.110494e+13,2.294116e+01
2.310400e+13,2.624458e+01
2.174704e+13,7.899431e+01
2.306420e+14,5.495147e+01
2.325353e+13,7.885777e+01
1.658867e+14,7.915413e+01
1.040176e+14,7.915413e+01
1.040176e+14,7.915413e+01
6.309347e+13,5.525175e+01
3.782262e+13,3.369156e+01
1.439591e+13,7.899808e+01
2.346441e+13,7.894386e+01
1.128670e+14,5.951574e+01
5.680889e+13,3.861617e+01
3.335212e+13,7.948539e+01
6.877629e+13,6.654232e+01
2.302962e+13,5.000000e+00
1.106138e+14,5.591237e+01
8.359557e+13,4.552264e+01
4.495886e+13,3.327116e+01
3.020484e+13,2.900717e+01
3.837778e+13,3.675442e+01
6.215274e+13,4.636342e+01
2.585061e+13,2.936751e+01
8.729825e+13,6.918480e+01
1.445777e+14,8.000000e+01
9.660454e+14,8.000000e+01
3.806752e+13,3.597369e+01
6.753379e+13,4.384106e+01
1.030685e+13,2.099776e+01
2.255626e+13,7.884839e+01
7.007087e+13,4.251982e+01
1.188526e+13,7.899768e+01
3.059657e+14,2.700000e+01
2.649016e+14,8.000000e+01
2.649016e+14,8.000000e+01
2.649016e+14,8.000000e+01
1.879802e+13,7.899276e+01
1.513228e+14,7.951401e+01
1.765635e+13,7.896165e+01
1.540611e+13,7.899584e+01
2.351949e+13,7.899538e+01
3.835977e+13,3.152953e+01
4.498306e+13,3.465245e+01
3.043008e+13,2.858677e+01
7.671338e+13,5.248916e+01
4.198004e+13,4.101842e+01
2.495127e+13,7.899441e+01
4.165612e+13,7.898927e+01
6.334910e+13,4.239971e+01
2.319658e+14,5.050730e+01
2.583963e+13,7.899677e+01
1.800583e+15,8.000000e+01
1.717600e+13,7.899244e+01
1.133625e+14,5.200871e+01
9.510885e+14,8.000000e+01
8.618688e+13,6.546131e+01
7.174335e+13,3.621392e+01
6.799590e+14,8.000000e+01
1.451047e+13,7.894537e+01
3.063085e+13,2.996807e+01
2.901218e+14,7.086637e+01
7.271283e+13,7.899572e+01
2.295349e+13,7.899632e+01
5.143222e+13,7.899482e+01
1.869508e+13,7.899764e+01
5.211241e+13,3.267060e+01
1.316328e+14,6.618199e+01
7.030899e+13,4.624331e+01
1.269164e+13,7.899756e+01
6.705679e+13,6.990547e+01
6.705679e+13,6.990547e+01
1.727750e+13,7.899064e+01
9.922541e+13,5.194865e+01
2.638460e+14,5.909535e+01
1.973392e+14,4.936624e+01
1.081161e+14,2.474337e+01
4.276706e+13,3.621392e+01
1.769588e+14,5.320984e+01
5.078706e+13,8.000000e+01
1.024324e+14,8.000000e+01
4.089576e+14,8.000000e+01
4.089576e+14,8.000000e+01
3.045014e+13,7.887427e+01
2.443441e+13,7.899160e+01
1.494920e+13,5.082673e+01
2.633036e+13,2.846666e+01
3.903545e+13,3.050857e+01
1.052981e+14,6.474064e+01
5.039664e+13,7.899765e+01
1.338456e+14,5.026708e+01
2.530176e+13,2.588424e+01
9.804709e+13,4.534247e+01
1.486169e+13,7.899645e+01
3.570342e+13,3.963712e+01
6.638504e+13,4.191926e+01
2.227424e+14,7.104654e+01
1.202269e+14,7.663177e+01
1.202269e+14,7.663177e+01
6.974660e+14,8.000000e+01
2.696254e+13,7.909204e+01
1.899836e+13,7.896769e+01
6.362586e+13,3.867622e+01
3.442163e+13,3.507285e+01
2.461501e+13,7.878172e+01
2.523161e+13,7.899519e+01
2.301534e+13,7.899581e+01
1.848255e+13,7.899181e+01
9.819064e+12,7.899788e+01
9.279911e+13,4.143881e+01
1.967956e+13,2.180042e+01
1.706682e+13,7.899566e+01
1.245038e+13,7.899880e+01
1.802656e+13,7.898568e+01
2.045644e+13,7.886000e+01
1.980023e+13,7.924191e+01
4.235074e+13,4.197932e+01
1.377513e+13,7.899717e+01
4.362361e+13,7.899807e+01
3.139552e+13,7.898069e+01
1.127114e+14,4.882573e+01
8.826301e+13,8.000000e+01
1.991764e+14,8.000000e+01
1.991764e+14,8.000000e+01
5.401368e+13,7.898978e+01
8.915701e+13,5.657299e+01
1.286925e+14,8.000000e+01
8.898728e+13,6.996553e+01
1.158945e+13,7.899728e+01
2.375575e+14,6.786356e+01
7.486863e+13,4.107847e+01
2.041961e+14,3.290862e+01
2.041961e+14,8.000000e+01
3.359660e+14,8.000000e+01
1.799919e+13,7.899635e+01
2.071335e+14,8.000000e+01
2.071335e+14,8.000000e+01
6.731458e+13,7.899825e+01
4.927539e+13,3.555330e+01
2.720544e+13,2.636469e+01
1.278122e+14,7.128677e+01
7.812242e+14,8.000000e+01
2.208054e+13,2.510351e+01
3.919675e+13,2.906722e+01
2.141744e+13,7.899332e+01
2.309251e+14,7.621138e+01
2.309251e+14,7.621138e+01
1.799072e+14,8.000000e+01
1.799072e+14,8.000000e+01
1.964038e+13,7.894616e+01
5.871446e+13,7.899803e+01
5.871446e+13,7.899013e+01
1.392036e+14,8.000000e+01
1.392036e+14,8.000000e+01
2.332576e+13,7.727412e+01
4.117305e+13,7.896949e+01
1.835454e+13,7.899720e+01
1.464361e+13,4.999835e+00
8.353328e+13,4.876567e+01
8.594336e+13,8.000000e+01
8.594336e+13,8.000000e+01
4.588180e+13,5.765400e+01
8.893882e+13,5.290955e+01
4.819267e+13,3.741504e+01
1.622957e+13,7.899440e+01
1.170766e+13,7.897823e+01
9.122072e+19,8.000000e+01
9.122072e+19,8.000000e+01
9.122072e+19,8.000000e+01
9.122072e+19,8.000000e+01
9.122072e+19,8.000000e+01
2.119971e+14,3.500039e+01
6.289113e+13,5.543192e+01
2.053497e+13,4.999853e+00
3.085828e+13,3.261054e+01
2.573623e+13,7.898513e+01
2.076986e+15,8.000000e+01
2.076986e+15,8.000000e+01
1.107865e+14,5.639282e+01
1.151587e+14,5.549197e+01
3.132078e+13,7.895844e+01
1.117935e+14,4.582292e+01
3.147758e+13,2.912728e+01
2.303744e+13,2.654486e+01
5.736195e+13,4.540252e+01
1.268951e+13,7.897211e+01
2.188549e+13,7.899475e+01
9.282833e+13,4.786483e+01
3.334426e+13,3.170970e+01
7.001107e+13,5.495147e+01
2.825321e+13,7.892735e+01
4.164100e+13,4.107847e+01
3.275112e+13,7.898710e+01
1.567988e+13,7.899481e+01
9.245186e+12,4.999759e+00
1.186222e+14,8.000000e+01
3.258728e+13,7.899524e+01
2.264415e+13,7.898795e+01
2.103554e+13,7.899026e+01
2.962102e+17,8.000000e+01
2.962102e+17,8.000000e+01
3.474091e+13,7.889209e+01
2.002804e+13,7.899022e+01
3.062370e+13,7.899465e+01
1.285421e+13,7.899830e+01
3.868656e+13,4.330055e+01
3.366830e+13,2.780604e+01
2.205320e+13,7.898392e+01
7.611939e+13,4.642348e+01
1.760027e+14,7.855357e+01
3.787348e+13,3.711476e+01
9.775643e+13,4.648354e+01
9.509580e+12,7.899779e+01
8.630700e+13,8.000000e+01
2.361624e+14,8.000000e+01
1.081964e+14,4.804500e+01
5.831925e+13,4.798494e+01
2.212142e+13,7.894833e+01
1.271369e+14,5.146820e+01
1.616614e+13,7.899508e+01
7.227308e+13,5.981602e+01
1.731241e+13,7.897735e+01
8.068669e+12,7.899497e+01
4.734180e+13,3.789549e+01
1.663732e+15,8.000000e+01
6.501973e+13,3.627397e+01
1.294890e+14,4.300027e+01
3.607763e+13,2.924739e+01
1.536123e+13,7.899571e+01
9.841790e+12,7.899622e+01
1.143643e+13,7.899819e+01
6.637719e+13,3.807566e+01
5.595997e+13,5.278944e+01
2.550463e+13,7.935719e+01
1.696449e+13,7.751994e+01
1.004033e+13,7.897310e+01
3.576294e+13,3.879634e+01
2.062440e+13,7.892351e+01
4.415945e+13,4.999885e+00
2.363777e+13,2.750576e+01
1.181304e+14,7.837340e+01
2.146104e+13,7.913941e+01
1.847296e+14,8.000000e+01
1.847296e+14,8.000000e+01
5.334862e+13,4.516230e+01
1.777511e+13,7.896981e+01
3.369849e+13,3.152953e+01
6.250535e+13,3.603375e+01
1.911218e+13,7.886680e+01
1.839448e+13,7.899274e+01
1.458810e+14,8.000000e+01
1.458810e+14,8.000000e+01
9.279510e+13,4.167904e+01
3.747887e+13,1.896784e+01
1.242377e+13,6.485786e+01
5.097346e+14,8.000000e+01
2.924920e+13,2.912728e+01
6.746580e+13,5.537186e+01
1.494410e+19,8.000000e+01
1.494410e+19,8.000000e+01
9.521414e+13,5.867495e+01
1.195213e+13,7.894822e+01
1.825448e+14,5.717355e+01
2.423243e+13,2.600436e+01
9.837370e+13,8.000000e+01
2.290997e+13,2.618452e+01
2.815836e+13,6.669183e+01
1.039827e+14,5.609254e+01
1.872596e+13,7.897357e+01
6.782911e+13,8.000000e+01
1.471693e+13,7.898662e+01
4.184658e+13,3.429212e+01
1.761844e+14,6.341940e+01
9.638194e+12,7.899752e+01
9.678795e+12,5.292629e+01
7.974322e+13,7.893891e+01
1.851326e+13,5.064107e+01
1.068208e+14,4.726427e+01
4.060249e+13,7.899187e+01
2.577445e+14,3.300000e+01
2.558074e+13,2.426272e+01
3.213989e+13,2.774599e+01
4.775809e+13,3.345133e+01
1.345223e+13,7.899041e+01
1.841928e+13,1.698470e+01
4.187768e+13,4.999947e+00
1.329955e+14,8.000000e+01
3.232941e+13,4.998531e+00
1.349242e+13,7.899348e+01
2.075595e+17,8.000000e+01
2.075595e+17,8.000000e+01
2.075595e+17,8.000000e+01
3.524842e+13,4.318044e+01
2.634940e+13,7.897245e+01
2.600955e+13,7.899419e+01
7.487610e+13,7.248789e+01
8.223847e+13,4.999867e+00
1.216285e+13,7.899271e+01
5.198112e+14,7.975470e+01
3.790893e+13,7.899688e+01
1.125616e+14,5.242910e+01
1.833099e+13,7.896710e+01
2.209980e+13,7.899688e+01
5.894889e+13,4.396117e+01
1.136320e+13,7.899700e+01
2.558015e+13,2.690520e+01
4.559884e+13,4.642348e+01
3.855896e+13,2.966779e+01
3.239330e+14,7.867368e+01
8.557979e+13,4.999745e+00
8.557979e+13,5.000065e+00
3.865802e+13,7.899816e+01
1.227761e+13,5.000223e+00
1.380122e+14,8.000000e+01
4.276998e+13,3.627397e+01
1.329052e+16,8.000000e+01
2.757464e+13,2.546385e+01
2.008959e+14,5.507158e+01
3.190705e+13,3.321111e+01
5.288949e+13,3.669437e+01
1.701841e+14,8.000000e+01
1.701841e+14,8.000000e+01
3.800471e+13,3.447229e+01
1.708177e+14,4.846539e+01
1.199114e+14,4.822517e+01
2.405028e+13,5.394668e+01
1.369560e+14,7.873374e+01
1.369560e+14,7.873374e+01
9.896150e+13,4.966652e+01
2.555603e+14,8.000000e+01
2.555603e+14,8.000000e+01
3.386462e+13,7.898666e+01
8.201954e+13,8.000000e+01
8.201954e+13,8.000000e+01
7.083626e+14,8.000000e+01
8.319355e+13,5.537186e+01
2.670479e+13,2.438284e+01
1.255061e+14,8.000000e+01
1.527636e+13,7.892745e+01
1.558508e+13,7.899611e+01
5.946218e+13,5.633276e+01
5.523271e+13,7.899412e+01
1.602222e+14,6.179788e+01
4.499984e+13,3.158959e+01
5.061393e+13,4.245977e+01
1.159996e+14,8.000000e+01
1.159996e+14,8.000000e+01
9.021999e+13,7.783290e+01
4.852016e+15,7.681194e+01
2.778237e+13,2.906722e+01
3.699230e+13,3.381167e+01
3.756293e+14,6.918480e+01
6.051587e+13,7.898275e+01
4.284653e+14,8.000000e+01
4.284653e+14,8.000000e+01
4.284653e+14,8.000000e+01
4.284653e+14,8.000000e+01
2.973187e+13,7.897109e+01
1.092837e+14,8.000000e+01
9.939291e+12,7.899500e+01
1.522793e+14,7.519042e+01
1.522793e+14,7.519042e+01
3.171699e+13,7.882799e+01
5.215812e+13,3.363150e+01
3.526697e+13,7.899584e+01
2.048708e+13,7.899167e+01
2.386035e+13,2.468312e+01
1.887825e+13,7.899301e+01
3.195416e+13,4.999724e+00
1.166750e+13,7.899758e+01
3.422613e+13,7.899471e+01
1.049847e+14,4.426145e+01
1.543596e+13,7.899451e+01
2.916083e+13,7.899533e+01
1.822569e+13,2.071941e+01
1.117858e+14,4.738438e+01
3.820788e+13,3.519296e+01
6.900587e+13,4.564275e+01
1.050402e+14,6.526208e+01
5.163150e+13,7.898761e+01
8.050031e+13,4.720421e+01
2.927682e+13,4.999587e+00
4.767486e+13,3.116919e+01
4.564085e+14,6.191799e+01
1.194293e+13,7.898541e+01
3.556340e+14,7.861363e+01
2.698816e+14,8.000000e+01
2.357077e+13,4.999778e+00
2.660219e+13,7.898323e+01
2.226261e+13,7.899170e+01
1.180884e+13,7.897433e+01
2.698114e+13,7.894548e+01
2.681260e+13,2.660492e+01
1.217524e+14,5.429085e+01
2.468731e+13,7.899643e+01
1.776262e+14,5.555203e+01
9.550647e+12,7.897307e+01
6.348296e+13,7.697408e+01
6.348296e+13,7.896059e+01
2.126388e+13,2.462306e+01
7.157819e+13,4.288016e+01
2.822825e+13,4.708410e+01
2.443355e+14,8.000000e+01
2.443355e+14,8.000000e+01
5.906744e+13,4.420140e+01
4.495925e+14,8.000000e+01
4.495925e+14,8.000000e+01
4.495925e+14,8.000000e+01
2.073550e+13,7.899230e+01
6.276683e+19,8.000000e+01
6.276683e+19,8.000000e+01
6.276683e+19,8.000000e+01
6.276683e+19,8.000000e+01
6.276683e+19,8.000000e+01
7.401881e+13,4.035780e+01
1.812104e+14,4.924612e+01
1.002326e+14,6.035653e+01
6.008891e+13,7.892062e+01
8.802861e+13,5.200871e+01
1.600684e+13,7.897419e+01
1.443957e+14,6.726300e+01
2.536511e+13,7.899403e+01
3.429999e+13,3.086891e+01
1.279417e+13,7.897543e+01
2.134075e+13,7.898078e+01
1.017643e+15,8.000000e+01
1.017643e+15,8.000000e+01
3.115831e+13,7.899520e+01
3.115831e+13,7.899834e+01
1.473184e+14,7.332868e+01
1.857502e+14,6.143754e+01
2.083209e+14,8.000000e+01
1.825416e+13,7.899418e+01
1.338156e+15,8.000000e+01
1.285906e+13,7.899728e+01
7.208078e+13,7.914205e+01
7.208078e+13,7.923134e+01
8.800065e+13,4.209943e+01
3.777587e+13,2.684514e+01
1.172268e+14,4.294022e+01
1.500579e+13,7.897114e+01
4.328012e+13,3.405189e+01
1.218306e+14,6.690266e+01
1.253172e+13,7.898646e+01
3.624441e+13,3.555330e+01
1.093923e+14,8.000000e+01
1.093923e+14,5.000026e+00
1.723307e+14,7.116665e+01
6.890541e+13,4.288016e+01
8.410457e+13,4.630337e+01
1.594353e+13,7.899548e+01
1.022898e+14,5.969591e+01
3.070369e+13,7.948194e+01
3.070369e+13,5.001585e+00
5.125558e+13,7.898513e+01
6.935995e+13,4.762460e+01
2.299314e+14,6.666244e+01
2.422664e+14,4.972657e+01
5.153350e+14,8.000000e+01
5.153350e+14,8.000000e+01
1.011281e+14,4.999733e+00
3.352480e+13,7.899032e+01
1.100488e+14,8.000000e+01
1.100488e+14,8.000000e+01
6.245559e+13,4.999909e+00
3.112595e+13,7.893815e+01
3.433380e+13,3.735499e+01
7.433238e+13,5.867495e+01
3.691292e+13,7.899239e+01
3.691292e+13,4.999994e+00
5.393709e+13,4.029774e+01
4.673658e+14,8.000000e+01
4.673658e+14,8.000000e+01
4.518509e+13,3.795555e+01
3.490844e+13,3.819577e+01
1.290300e+13,7.898942e+01
4.258555e+14,8.000000e+01
3.356692e+13,4.999257e+00
1.707811e+13,7.894874e+01
1.008374e+14,8.000000e+01
1.008374e+14,8.000000e+01
4.608843e+14,7.579098e+01
1.423152e+13,7.899793e+01
3.128594e+13,3.074880e+01
3.253782e+13,3.074880e+01
2.028907e+13,7.893939e+01
5.323272e+13,7.898709e+01
4.777657e+14,7.489014e+01
5.089708e+13,3.417200e+01
4.068685e+13,4.161898e+01
3.215300e+13,3.483262e+01
2.755914e+13,7.820705e+01
4.758698e+14,8.000000e+01
4.758698e+14,8.000000e+01
4.423374e+13,7.899809e+01
1.079173e+15,8.000000e+01
1.735392e+13,7.895502e+01
1.455338e+13,7.899784e+01
1.858681e+13,7.899751e+01
4.128072e+13,2.500000e+01
2.412671e+13,7.883964e+01
5.527956e+13,3.819577e+01
2.821881e+13,3.014824e+01
1.825572e+14,2.697053e+01
1.948976e+13,4.999258e+00
1.632126e+13,7.899635e+01
1.697016e+13,7.899346e+01
9.538177e+13,8.000000e+01
9.538177e+13,8.000000e+01
1.532090e+13,7.899632e+01
1.751305e+14,4.918607e+01
1.221806e+14,4.348072e+01
5.873345e+13,4.654359e+01
4.795583e+13,3.465245e+01
8.066184e+14,8.000000e+01
8.066184e+14,8.000000e+01
8.066184e+14,8.000000e+01
9.415835e+13,5.741377e+01
5.204230e+13,4.756455e+01
1.850948e+14,7.020575e+01
9.368890e+12,7.899624e+01
6.297279e+13,3.519296e+01
2.746316e+13,2.732559e+01
1.813813e+14,5.224894e+01
2.271595e+13,7.899106e+01
1.768972e+13,7.899355e+01
1.097893e+13,7.897200e+01
1.591631e+14,5.801434e+01
1.184734e+13,7.899650e+01
3.284833e+14,8.000000e+01
7.293718e+13,6.984542e+01
3.940307e+14,8.000000e+01
1.670845e+13,7.908774e+01
1.425763e+14,8.000000e+01
1.993967e+13,7.896292e+01
2.636312e+14,8.000000e+01
1.848908e+14,8.000000e+01
1.257411e+13,7.899881e+01
1.999758e+14,5.489141e+01
1.361588e+14,6.948508e+01
2.488031e+13,7.898984e+01
6.715513e+14,8.000000e+01
1.095755e+14,8.000000e+01
4.028838e+14,8.000000e+01
4.870943e+13,7.894769e+01
3.246612e+13,2.864683e+01
1.028462e+14,5.020702e+01
2.655030e+13,3.255049e+01
2.120952e+13,1.700000e+01
2.967262e+13,3.122925e+01
5.400006e+13,3.050857e+01
6.431060e+13,3.669437e+01
1.459381e+14,5.573220e+01
1.406932e+13,7.897950e+01
2.738901e+13,2.612447e+01
2.146838e+20,8.000000e+01
2.146838e+20,8.000000e+01
2.146838e+20,8.000000e+01
2.146838e+20,8.000000e+01
2.146838e+20,8.000000e+01
2.577808e+13,7.899572e+01
8.744842e+13,8.000000e+01
8.744842e+13,8.000000e+01
6.863614e+13,4.306033e+01
1.196467e+13,7.898106e+01
1.543451e+13,7.899722e+01
3.404612e+13,3.900000e+01
6.174750e+13,7.899636e+01
6.607486e+13,4.702404e+01
6.105639e+13,3.411195e+01
2.720863e+14,8.000000e+01
4.612765e+13,3.249043e+01
1.040783e+14,8.000000e+01
1.040783e+14,8.000000e+01
8.548517e+13,7.867368e+01
2.061911e+13,5.000091e+00
5.068953e+13,3.693459e+01
2.575894e+14,7.434963e+01
2.691480e+13,2.612447e+01
2.347368e+13,7.898745e+01
4.296588e+13,4.227960e+01
1.942292e+14,7.095464e+01
1.328075e+14,5.777411e+01
1.572577e+13,7.899197e+01
2.106924e+15,8.000000e+01
2.106924e+15,8.000000e+01
2.106924e+15,8.000000e+01
1.810891e+13,7.916948e+01
1.501766e+14,6.131743e+01
6.191075e+13,3.993740e+01
4.558814e+13,4.396117e+01
6.180668e+13,6.071687e+01
5.106845e+13,5.098775e+01
4.170249e+14,7.879380e+01
3.142197e+13,2.960773e+01
1.313331e+13,7.897310e+01
1.140657e+13,7.898529e+01
2.117760e+13,2.372222e+01
5.533161e+13,4.276005e+01
1.415734e+13,2.499973e+01
2.189303e+14,4.954640e+01
3.120981e+14,5.729366e+01
7.706578e+13,8.000000e+01
7.706578e+13,7.899624e+01
4.892028e+13,5.453107e+01
2.781894e+15,8.000000e+01
1.360891e+13,7.899257e+01
9.792689e+12,2.499593e+01
2.393492e+14,8.000000e+01
2.393492e+14,8.000000e+01
4.593438e+13,3.543319e+01
7.499291e+13,4.167904e+01
6.175006e+13,3.921673e+01
2.834279e+13,7.899833e+01
5.710326e+14,8.000000e+01
3.939085e+13,7.895566e+01
7.976848e+13,4.888579e+01
3.240789e+13,3.176976e+01
3.415456e+13,7.899590e+01
2.068208e+13,7.899049e+01
1.371409e+13,7.899630e+01
5.878040e+13,3.723487e+01
3.233127e+13,2.636469e+01
2.094081e+13,7.895240e+01
1.473407e+13,7.898526e+01
8.215222e+12,7.899746e+01
1.311007e+15,8.000000e+01
1.039800e+14,4.588297e+01
1.237862e+13,7.899680e+01
3.252696e+13,3.194992e+01
2.132841e+14,8.000000e+01
1.209901e+13,7.899644e+01
2.797585e+13,5.325736e+01
1.187756e+13,7.899874e+01
5.962307e+13,4.480196e+01
9.600086e+12,7.899790e+01
5.108673e+13,3.555330e+01
3.200171e+13,2.690520e+01
4.749576e+13,3.621392e+01
1.443609e+13,7.897677e+01
4.922192e+13,3.381167e+01
1.219799e+13,7.898797e+01
1.984421e+14,6.480069e+01
1.966948e+13,4.999798e+00
1.002514e+13,7.899623e+01
3.339051e+13,2.714542e+01
3.987947e+13,7.899751e+01
6.101384e+13,4.065808e+01
1.314550e+14,6.029647e+01
1.095445e+13,5.000000e+00
7.919144e+13,4.984669e+01
6.033816e+13,3.285077e+01
1.350706e+13,7.899840e+01
1.942376e+15,8.000000e+01
2.597268e+14,8.000000e+01
2.597268e+14,8.000000e+01
2.597268e+14,8.000000e+01
1.553496e+14,6.083698e+01
2.620930e+13,7.899154e+01
7.888397e+13,4.714415e+01
1.841242e+13,5.959004e+01
7.789681e+13,7.074626e+01
1.387897e+13,7.899723e+01
4.304332e+13,2.828649e+01
1.038689e+13,7.899630e+01
7.514206e+13,7.573093e+01
1.824879e+13,7.898856e+01
2.557166e+13,2.708537e+01
1.303834e+13,7.899676e+01
2.997777e+13,4.998793e+00
6.491179e+13,3.987735e+01
1.252893e+14,8.000000e+01
1.252893e+14,8.000000e+01
3.434707e+13,2.990801e+01
4.103430e+13,3.158959e+01
1.423182e+13,7.898676e+01
1.552748e+13,7.899572e+01
2.406621e+13,2.744571e+01
2.326666e+14,8.000000e+01
2.905006e+13,7.899420e+01
4.811042e+13,4.456174e+01
1.550036e+13,7.899333e+01
7.018163e+13,3.681448e+01
1.290989e+14,8.000000e+01
1.290989e+14,5.000014e+00
3.917498e+14,7.633149e+01
9.308397e+13,5.032714e+01
2.331402e+13,7.899612e+01
4.057803e+13,3.104908e+01
4.982329e+13,3.393178e+01
7.150729e+13,4.816511e+01
4.617752e+13,5.339000e+01
4.617752e+13,5.000017e+00
8.847720e+12,7.899849e+01
4.491405e+14,7.981475e+01
9.644402e+13,5.453107e+01
4.340781e+13,4.083825e+01
2.708612e+13,2.978790e+01
3.019036e+14,6.846412e+01
6.164483e+13,7.657172e+01
6.164483e+13,4.999991e+00
1.505717e+13,7.899505e+01
1.369751e+13,7.878704e+01
5.480094e+13,3.591364e+01
1.574512e+14,8.000000e+01
3.919656e+13,3.477257e+01
1.777293e+13,7.899722e+01
1.064936e+13,7.899812e+01
3.491967e+13,7.898760e+01
2.878099e+13,2.972784e+01
3.340865e+13,3.981729e+01
3.630360e+13,3.849605e+01
2.696723e+14,5.723360e+01
1.408352e+13,7.897771e+01
9.205512e+13,4.540252e+01
7.670306e+13,4.930618e+01
2.749556e+13,4.852096e+01
2.615372e+13,2.828649e+01
3.684643e+13,3.669437e+01
2.025662e+14,8.000000e+01
2.170562e+13,7.898849e+01
6.070043e+13,3.909662e+01
1.462108e+14,6.630210e+01
3.172396e+14,8.000000e+01
4.622146e+13,3.507285e+01
3.184642e+13,3.170970e+01
5.607683e+13,3.585358e+01
4.346969e+13,7.899618e+01
3.174471e+13,5.000210e+00
1.706408e+13,7.899178e+01
5.928574e+13,4.318044e+01
9.606767e+13,6.552137e+01
7.953773e+13,6.888452e+01
1.101011e+13,7.899040e+01
2.798303e+15,8.000000e+01
5.388109e+13,4.173909e+01
3.598937e+13,3.657425e+01
1.195774e+14,4.486202e+01
5.374107e+14,8.000000e+01
5.374107e+14,8.000000e+01
1.457657e+15,8.000000e+01
1.830737e+13,7.896556e+01
8.074931e+13,8.000000e+01
2.057468e+14,8.000000e+01
4.802149e+13,4.684387e+01
1.603412e+14,7.362896e+01
1.841695e+13,7.896097e+01
3.179493e+13,3.092897e+01
9.640829e+13,3.951701e+01
2.122146e+13,7.899608e+01
1.270932e+14,8.000000e+01
1.443920e+15,8.000000e+01
1.443920e+15,8.000000e+01
3.260332e+13,4.999828e+00
2.818163e+13,2.858677e+01
1.022633e+14,4.450168e+01
3.818164e+13,3.525302e+01
4.457656e+13,3.339127e+01
4.892887e+13,3.885639e+01
1.463678e+13,7.890712e+01
1.532600e+13,7.893524e+01
1.892774e+14,8.000000e+01
3.268055e+13,3.399184e+01
3.930987e+13,3.188987e+01
7.458435e+13,2.500000e+01
4.183367e+13,7.899807e+01
4.183367e+13,5.357017e+01
2.052899e+13,7.805292e+01
8.902988e+13,4.612320e+01
1.810325e+13,7.899196e+01
5.356368e+13,4.011757e+01
2.052491e+13,2.180042e+01
4.273632e+13,4.756455e+01
2.608443e+13,2.666497e+01
6.145174e+13,7.899615e+01
7.070754e+14,8.000000e+01
1.356440e+14,8.000000e+01
2.484621e+13,7.899568e+01
1.613865e+13,7.899660e+01
3.190624e+13,2.942756e+01
9.944971e+13,5.134809e+01
1.454026e+14,4.936624e+01
1.342652e+13,7.898539e+01
5.346037e+13,5.909535e+01
3.544932e+13,2.804627e+01
1.953631e+14,7.158705e+01
3.819066e+16,7.777284e+01
9.902322e+13,4.504219e+01
5.860402e+13,3.549324e+01
2.119383e+13,5.000038e+00
6.108768e+13,3.495274e+01
1.507027e+14,8.000000e+01
7.071736e+13,4.546258e+01
7.572316e+14,7.891391e+01
9.132552e+13,5.260927e+01
1.092967e+13,7.898778e+01
3.190861e+14,7.693205e+01
1.299634e+14,6.149760e+01
3.818900e+13,7.896338e+01
1.401248e+13,7.899315e+01
2.415960e+13,2.708537e+01
1.260391e+14,8.000000e+01
1.260391e+14,8.000000e+01
1.173372e+16,8.000000e+01
3.903481e+13,3.267060e+01
4.532118e+13,5.000028e+00
4.532118e+13,7.896661e+01
2.041317e+14,8.000000e+01
5.969503e+13,7.899522e+01
5.969503e+13,7.898490e+01
1.833081e+13,7.898810e+01
3.264065e+13,7.573247e+01
4.797179e+13,3.465245e+01
1.489581e+13,7.898958e+01
1.151990e+13,7.899172e+01
6.233342e+13,4.378100e+01
2.241948e+13,7.899671e+01
1.645961e+13,7.899652e+01
2.006446e+13,7.909774e+01
2.356780e+13,7.898346e+01
1.820013e+14,5.062742e+01
2.032683e+13,7.899027e+01
4.463831e+13,3.501279e+01
2.500303e+13,7.899409e+01
1.435499e+13,7.897705e+01
4.640867e+13,3.122925e+01
2.912376e+13,2.978790e+01
1.306228e+13,7.899560e+01
2.536859e+20,8.000000e+01
2.536859e+20,8.000000e+01
2.536859e+20,8.000000e+01
2.536859e+20,8.000000e+01
2.536859e+20,8.000000e+01
2.536859e+20,8.000000e+01
2.536859e+20,8.000000e+01
2.536859e+20,8.000000e+01
9.411089e+13,4.552264e+01
7.803903e+13,5.489141e+01
7.803903e+13,5.489141e+01
4.935456e+13,3.097410e+01
1.406851e+13,7.895376e+01
8.614429e+13,7.899265e+01
8.878311e+13,5.573220e+01
1.000607e+14,5.927552e+01
2.843783e+13,2.870689e+01
2.641223e+13,7.898305e+01
2.229560e+14,8.000000e+01
2.229560e+14,8.000000e+01
1.431858e+13,7.899592e+01
4.710426e+13,3.717482e+01
1.310385e+14,5.236905e+01
1.887283e+13,7.899046e+01
2.518936e+13,2.606441e+01
2.043512e+13,2.222081e+01
2.133426e+14,6.540125e+01
1.062753e+14,6.179788e+01
7.319451e+13,5.230899e+01
2.846775e+13,7.899297e+01
1.053593e+14,5.393051e+01
3.842581e+13,4.999989e+00
2.693909e+13,7.898775e+01
1.440307e+14,8.000000e+01
1.440307e+14,8.000000e+01
5.662847e+13,7.919350e+01
5.628289e+13,3.321111e+01
1.677458e+13,7.899454e+01
4.544358e+13,3.399184e+01
1.487057e+13,7.898763e+01
1.339052e+14,8.000000e+01
1.339052e+14,8.000000e+01
5.978937e+13,4.999992e+00
3.481745e+13,3.068874e+01
5.080975e+13,7.663177e+01
1.395963e+14,8.000000e+01
9.049055e+12,1.899774e+01
1.962167e+13,4.999779e+00
2.639243e+15,8.000000e+01
8.758830e+13,5.909535e+01
2.175649e+13,7.899539e+01
2.293111e+13,2.528368e+01
1.030865e+14,6.606187e+01
2.174132e+13,7.888929e+01
5.162676e+13,3.381167e+01
3.646214e+13,3.963712e+01
8.635406e+13,5.495965e+01
1.888761e+13,7.895684e+01
6.945374e+13,5.603248e+01
6.945374e+13,5.603248e+01
2.591896e+14,6.035653e+01
3.760684e+13,3.891645e+01
1.936894e+13,7.899561e+01
3.520040e+13,2.864683e+01
4.776531e+13,5.429085e+01
3.714148e+13,7.899515e+01
9.012062e+13,6.702277e+01
9.012062e+13,6.702277e+01
9.950976e+15,8.000000e+01
2.717287e+13,2.606441e+01
1.662364e+14,8.000000e+01
1.662364e+14,8.000000e+01
1.662364e+14,8.000000e+01
5.309008e+13,5.429085e+01
2.855426e+14,5.669310e+01
1.705222e+14,5.537186e+01
8.117865e+13,5.855484e+01
3.478138e+14,8.000000e+01
1.741878e+14,5.435090e+01
6.937336e+14,8.000000e+01
6.937336e+14,8.000000e+01
6.937336e+14,8.000000e+01
6.937336e+14,8.000000e+01
1.898966e+14,6.816384e+01
5.766638e+13,3.375161e+01
8.708800e+13,4.594303e+01
4.812445e+13,5.717355e+01
1.771945e+13,7.892728e+01
3.953299e+13,7.899270e+01
1.320623e+14,4.696399e+01
4.059288e+14,8.000000e+01
4.059288e+14,8.000000e+01
1.463899e+13,7.899543e+01
9.095659e+12,7.893178e+01
5.307907e+13,3.657425e+01
4.681499e+13,7.899536e+01
1.007740e+14,8.000000e+01
1.007740e+14,8.000000e+01
5.147952e+13,3.525302e+01
1.129624e+14,6.576159e+01
2.519797e+14,6.510097e+01
3.250131e+13,7.899557e+01
5.001009e+13,3.771532e+01
9.635143e+13,6.414007e+01
1.371084e+13,7.899342e+01
1.478646e+14,8.000000e+01
1.478765e+13,7.899526e+01
3.423989e+13,4.378100e+01
8.890099e+13,4.294022e+01
9.883325e+13,5.729366e+01
2.627491e+13,4.999962e+00
3.695992e+13,3.351139e+01
1.137226e+13,7.898924e+01
3.118620e+14,8.000000e+01
3.118620e+14,8.000000e+01
3.895130e+15,8.000000e+01
9.899785e+13,5.164837e+01
7.465398e+13,6.948508e+01
7.465398e+13,6.948508e+01
5.351200e+13,3.867622e+01
1.821496e+13,7.893444e+01
1.956861e+14,8.000000e+01
1.956861e+14,8.000000e+01
1.060615e+13,7.899798e+01
1.054732e+14,8.000000e+01
3.465097e+14,6.395990e+01
1.864651e+14,8.000000e+01
1.349371e+14,5.044725e+01
3.300002e+13,3.651420e+01
1.162680e+14,6.245850e+01
3.988588e+13,7.886927e+01
3.988588e+13,4.999896e+00
2.046407e+13,7.899399e+01
3.549812e+13,3.291082e+01
1.150048e+13,4.999902e+00
2.506383e+13,7.895288e+01
2.606300e+14,7.900000e+01
1.791191e+13,7.899375e+01
1.905168e+13,4.715530e+01
4.347803e+13,4.999361e+00
1.320679e+14,8.000000e+01
3.526615e+13,5.000018e+00
2.493163e+14,7.879380e+01
3.320780e+13,2.768593e+01
2.223140e+14,7.338873e+01
1.417307e+13,7.899810e+01
3.357604e+13,7.899724e+01
1.590985e+13,5.000000e+00
6.445660e+13,3.969718e+01
1.449050e+14,5.813445e+01
1.294625e+14,8.000000e+01
1.294625e+14,8.000000e+01
1.294625e+14,8.000000e+01
1.121672e+14,4.882573e+01
2.029118e+13,7.896294e+01
1.423130e+13,7.907585e+01
3.012094e+13,2.834655e+01
2.065034e+13,7.897388e+01
1.846703e+13,7.898964e+01
7.560261e+13,4.948635e+01
4.978255e+13,3.765527e+01
3.866466e+13,2.858677e+01
6.880827e+13,6.227833e+01
1.459354e+14,5.705344e+01
2.520846e+13,2.684514e+01
1.876152e+14,7.188733e+01
3.584508e+14,8.000000e+01
3.584508e+14,8.000000e+01
1.597166e+13,7.899539e+01
8.457179e+13,5.783417e+01
2.379886e+14,6.714289e+01
9.346405e+13,7.905131e+01
9.346405e+13,7.939312e+01
1.970147e+13,7.894895e+01
2.169352e+13,7.899415e+01
1.223786e+14,8.000000e+01
1.837582e+13,2.697927e+01
1.897125e+13,4.999917e+00
2.886288e+13,7.899131e+01
1.606252e+13,7.899574e+01
4.801716e+13,7.422952e+01
2.469742e+13,4.999890e+00
4.854264e+13,7.893800e+01
1.301254e+13,7.899193e+01
4.862567e+13,3.699465e+01
8.787289e+12,7.898627e+01
3.148536e+13,7.899131e+01
2.201574e+13,2.384233e+01
9.239072e+13,3.951701e+01
4.763899e+14,8.000000e+01
3.745900e+14,8.000000e+01
1.167339e+13,7.899145e+01
1.746456e+14,6.371968e+01
1.673370e+13,7.895521e+01
2.945717e+13,2.708537e+01
1.422767e+13,7.899139e+01
1.604321e+13,7.899508e+01
1.155710e+13,7.861998e+01
6.153522e+13,6.750322e+01
2.156785e+13,2.432278e+01
1.179134e+14,5.759394e+01
2.814551e+13,7.899661e+01
2.814551e+13,7.899824e+01
3.354685e+13,3.020829e+01
3.046089e+13,3.194992e+01
2.951704e+14,6.810379e+01
1.257583e+13,7.899741e+01
1.784264e+14,8.000000e+01
1.239890e+14,4.221954e+01
1.575252e+13,7.899623e+01
8.664900e+13,5.014697e+01
1.627949e+14,8.000000e+01
1.627949e+14,8.000000e+01
1.627949e+14,8.000000e+01
1.256617e+15,6.912474e+01
3.243791e+13,7.899742e+01
1.363999e+14,5.176849e+01
1.163920e+13,7.899614e+01
8.161141e+13,4.828522e+01
2.935023e+14,8.000000e+01
1.903540e+13,7.896756e+01
2.379978e+13,7.767743e+01
2.530706e+13,2.630464e+01
1.257031e+14,5.759394e+01
2.482858e+14,7.759267e+01
2.222998e+13,7.897018e+01
6.925570e+13,7.899186e+01
7.952439e+13,8.000000e+01
5.688545e+13,4.257988e+01
7.454681e+13,4.239971e+01
5.645469e+13,4.810505e+01
1.533832e+13,7.899668e+01
9.780049e+13,5.639282e+01
1.127203e+17,8.000000e+01
3.592824e+13,2.558396e+01
1.635138e+14,7.597115e+01
6.882873e+13,7.899533e+01
1.596747e+13,7.884795e+01
1.108818e+14,8.000000e+01
1.108818e+14,8.000000e+01
1.998680e+13,7.886917e+01
2.249402e+13,2.288143e+01
4.688439e+13,5.001194e+00
4.688439e+13,4.999319e+00
4.543453e+13,3.477257e+01
4.258780e+13,3.717482e+01
1.635005e+14,8.000000e+01
9.268758e+14,8.000000e+01
5.691325e+13,5.236905e+01
9.231450e+13,4.263994e+01
2.292629e+13,7.899716e+01
1.784687e+13,7.899730e+01
1.403812e+13,7.899373e+01
8.908641e+13,4.456174e+01
9.331705e+13,6.480069e+01
9.121958e+13,5.465119e+01
1.740344e+13,7.899792e+01
5.665740e+13,6.119732e+01
1.840520e+14,8.000000e+01
4.788097e+14,8.000000e+01
2.480197e+13,7.448870e+01
5.938111e+13,4.684387e+01
8.882153e+12,7.899648e+01
2.487697e+14,8.000000e+01
2.487697e+14,8.000000e+01
7.769274e+13,4.666370e+01
3.928232e+13,4.005752e+01
3.995507e+14,8.000000e+01
2.400982e+15,8.000000e+01
2.351635e+13,2.648481e+01
4.577979e+13,6.570154e+01
4.577979e+13,7.899692e+01
1.053535e+15,8.000000e+01
1.703807e+14,7.062615e+01
3.970838e+13,3.207004e+01
6.533516e+14,8.000000e+01
2.379096e+13,7.899464e+01
8.289873e+13,7.531704e+01
4.383427e+13,3.339127e+01
3.185408e+13,4.546258e+01
2.415153e+13,7.909518e+01
4.883503e+13,4.077819e+01
4.883503e+13,4.077819e+01
2.003136e+13,7.899884e+01
1.145454e+14,7.164710e+01
4.584196e+13,7.239294e+01
1.164755e+13,7.899761e+01
2.206261e+13,2.492334e+01
6.119482e+13,3.693459e+01
3.024856e+13,3.405189e+01
2.973819e+13,7.098186e+01
6.554802e+13,5.000000e+00
6.554802e+13,4.999957e+00
1.594491e+14,8.000000e+01
1.779113e+13,7.899398e+01
3.931192e+13,3.885639e+01
2.336496e+13,2.516357e+01
3.159004e+13,3.489268e+01
2.233915e+13,2.468312e+01
2.191608e+13,7.899637e+01
5.536304e+13,3.597369e+01
4.742261e+14,7.495020e+01
1.168420e+14,6.876440e+01
1.168420e+14,6.876440e+01
5.047440e+13,4.546258e+01
1.604688e+13,7.899836e+01
9.661884e+13,4.570280e+01
1.023867e+14,4.372095e+01
3.567965e+13,7.896958e+01
1.396620e+14,7.458986e+01
2.207500e+13,7.899483e+01
1.640887e+13,7.899346e+01
4.850178e+20,8.000000e+01
4.850178e+20,8.000000e+01
4.850178e+20,8.000000e+01
4.850178e+20,8.000000e+01
7.207258e+13,4.101842e+01
1.363115e+13,7.898327e+01
5.038793e+13,3.699465e+01
1.551601e+13,7.899722e+01
8.638095e+13,5.122798e+01
6.756273e+13,3.459240e+01
7.320710e+13,6.011630e+01
2.477435e+14,8.000000e+01
3.417686e+13,3.267060e+01
1.461184e+14,8.000000e+01
2.600358e+13,7.899413e+01
3.111715e+13,7.899235e+01
2.700746e+13,2.444289e+01
3.154671e+13,7.897644e+01
1.581852e+14,6.540125e+01
2.242660e+13,7.899409e+01
2.552671e+13,2.900717e+01
1.372490e+14,8.000000e+01
2.363049e+13,2.504346e+01
1.149728e+13,7.899696e+01
2.717557e+14,5.339000e+01
7.679596e+13,4.768466e+01
1.023906e+13,7.899721e+01
3.579622e+13,3.026835e+01
3.721056e+13,2.852672e+01
3.123744e+14,8.000000e+01
1.396870e+13,7.899751e+01
2.689374e+13,6.588566e+01
8.125215e+13,6.167777e+01
1.587005e+13,7.885248e+01
1.024000e+14,4.522235e+01
6.909468e+13,3.717482e+01
3.970226e+13,7.899469e+01
6.134762e+13,5.020702e+01
3.382968e+13,3.038846e+01
1.096441e+14,5.020702e+01
4.060518e+13,3.501279e+01
3.036312e+13,3.273066e+01
8.598945e+13,6.744317e+01
1.865700e+14,8.000000e+01
6.805511e+13,5.302967e+01
6.321354e+13,3.471251e+01
1.382158e+13,7.899744e+01
2.392984e+14,8.000000e+01
4.269249e+14,8.000000e+01
4.269249e+14,8.000000e+01
1.239030e+14,4.678382e+01
4.793908e+13,4.750449e+01
2.045460e+14,8.000000e+01
9.896031e+12,7.895889e+01
2.585647e+14,8.000000e+01
3.047125e+13,2.894711e+01
4.019618e+13,6.306290e+01
5.693619e+13,4.696399e+01
1.234438e+13,7.896051e+01
1.563460e+13,7.899488e+01
4.023568e+13,3.086891e+01
9.904161e+14,8.000000e+01
3.707583e+14,6.630210e+01
1.046348e+14,4.684387e+01
2.211775e+13,7.899711e+01
4.865302e+14,8.000000e+01
4.865302e+14,8.000000e+01
4.865302e+14,8.000000e+01
2.431889e+13,2.612447e+01
1.176284e+13,7.899552e+01
5.265033e+13,4.294022e+01
2.833298e+13,7.896548e+01
4.164378e+13,2.978790e+01
1.483055e+14,8.000000e+01
9.454909e+12,7.898488e+01
1.733817e+14,5.020702e+01
1.418615e+14,8.000000e+01
1.418615e+14,8.000000e+01
2.552968e+13,7.930332e+01
1.759724e+13,7.883641e+01
2.847891e+13,2.660492e+01
1.614661e+13,7.889251e+01
9.294386e+14,8.000000e+01
9.294386e+14,8.000000e+01
2.959285e+13,2.648481e+01
3.854695e+14,8.000000e+01
3.854695e+14,8.000000e+01
6.692640e+13,4.702404e+01
2.603123e+13,2.912728e+01
6.850148e+13,5.843473e+01
1.420105e+13,7.898597e+01
2.531874e+13,1.898486e+01
8.251566e+16,8.000000e+01
8.251566e+16,8.000000e+01
2.304424e+13,7.893439e+01
7.547476e+13,3.921673e+01
3.171791e+13,3.086891e+01
3.228472e+13,3.116919e+01
2.810425e+13,3.092897e+01
1.438369e+13,7.899697e+01
1.908758e+14,7.080632e+01
1.752186e+13,7.899664e+01
1.371702e+14,7.899948e+01
1.371702e+14,7.899721e+01
1.371702e+14,8.000000e+01
1.889814e+13,7.916183e+01
3.188202e+14,7.699211e+01
1.675727e+13,7.896160e+01
1.332069e+14,5.000031e+00
1.332069e+14,4.999913e+00
1.406141e+13,7.899786e+01
6.368887e+13,4.924612e+01
5.370674e+14,8.000000e+01
9.987722e+13,7.735245e+01
2.094896e+13,7.890948e+01
2.250665e+13,7.899308e+01
1.455044e+13,7.899590e+01
7.866628e+13,8.000000e+01
2.596958e+13,7.896808e+01
1.170648e+13,7.899765e+01
2.507772e+13,2.600436e+01
1.562566e+14,4.882573e+01
2.601921e+13,7.899065e+01
1.542877e+14,8.000000e+01
1.542877e+14,8.000000e+01
1.031217e+13,7.899666e+01
1.303455e+13,7.894089e+01
1.164604e+13,7.898705e+01
1.661604e+13,7.899494e+01
2.120122e+13,2.699262e+01
2.308826e+13,7.576730e+01
1.543873e+13,7.899681e+01
1.073750e+13,7.899802e+01
1.132626e+13,7.895300e+01
2.566737e+13,2.714542e+01
7.567055e+14,8.000000e+01
2.257060e+14,8.000000e+01
4.412195e+13,2.297037e+01
1.314686e+13,7.899416e+01
7.129141e+13,5.000001e+00
7.129141e+13,7.899338e+01
4.856474e+13,7.254795e+01
1.724712e+13,7.896648e+01
9.515415e+13,4.999982e+00
9.515415e+13,7.895831e+01
9.515415e+13,7.898202e+01
2.047941e+13,7.898911e+01
2.228749e+14,7.921419e+01
2.842471e+13,2.984796e+01
1.594441e+13,7.899684e+01
2.238838e+13,7.899224e+01
5.480298e+13,4.708410e+01
1.162378e+14,8.000000e+01
2.911169e+14,8.000000e+01
2.911169e+14,8.000000e+01
1.921505e+13,7.899016e+01
2.069582e+13,7.899571e+01
1.691796e+13,7.898496e+01
1.132421e+15,8.000000e+01
3.141705e+13,3.044852e+01
4.486658e+13,6.898927e+01
4.486658e+13,7.906241e+01
3.023649e+14,8.000000e+01
1.171900e+13,5.495869e+01
1.662854e+13,7.897161e+01
9.483779e+12,7.899655e+01
2.238432e+13,3.522946e+01
2.975370e+14,7.200744e+01
1.015742e+13,7.898208e+01
9.486995e+12,7.899641e+01
7.154738e+13,4.630337e+01
2.667332e+13,7.896834e+01
1.971585e+13,7.899801e+01
4.924801e+13,4.786483e+01
4.475030e+14,5.921546e+01
2.354466e+13,2.636469e+01
5.278513e+13,5.735372e+01
2.020668e+13,7.899159e+01
9.437038e+13,4.450168e+01
8.839021e+13,5.697764e+01
4.659994e+13,3.879634e+01
3.009001e+13,2.624458e+01
7.107784e+13,4.552264e+01
2.319003e+13,2.570407e+01
1.701739e+14,8.000000e+01
1.701739e+14,8.000000e+01
1.950726e+13,7.899558e+01
1.066777e+14,7.615132e+01
1.066777e+14,7.615132e+01
3.240055e+13,2.936751e+01
3.320227e+13,3.627397e+01
2.072842e+13,7.894672e+01
1.844155e+13,7.898699e+01
1.794092e+13,7.892905e+01
2.037812e+13,7.899537e+01
1.827441e+13,7.899284e+01
2.751067e+13,2.900717e+01
3.113313e+13,7.926052e+01
2.147705e+13,7.794979e+01
1.644899e+14,5.351012e+01
7.937189e+13,6.642221e+01
7.937189e+13,6.642221e+01
1.617985e+13,7.898499e+01
4.775238e+13,3.561335e+01
7.760399e+13,4.035780e+01
4.333173e+13,3.225021e+01
4.147413e+13,3.435217e+01
5.790338e+13,3.345133e+01
1.095858e+14,4.720421e+01
1.710637e+14,7.152699e+01
5.543084e+13,6.089704e+01
1.019825e+14,7.212755e+01
1.260792e+13,7.899769e+01
2.479178e+13,2.804627e+01
4.987557e+13,7.899817e+01
2.876222e+14,8.000000e+01
1.738835e+13,7.899772e+01
1.028766e+13,7.477158e+01
1.758797e+14,8.000000e+01
1.327164e+14,6.323923e+01
5.925607e+13,7.272812e+01
9.862324e+13,5.290955e+01
6.985428e+13,4.864556e+01
1.484989e+14,7.633149e+01
1.944623e+13,7.881909e+01
2.568560e+13,2.468312e+01
3.362080e+14,8.000000e+01
1.777464e+13,7.898517e+01
4.058183e+13,3.489268e+01
3.217757e+14,8.000000e+01
3.123967e+13,3.110914e+01
3.580908e+14,8.000000e+01
9.976623e+13,6.708283e+01
1.735213e+13,7.899523e+01
9.761536e+13,5.278944e+01
4.834837e+13,4.708410e+01
2.787743e+13,3.038846e+01
3.556474e+13,7.898819e+01
1.540049e+13,7.899606e+01
1.213865e+14,8.000000e+01
1.337556e+13,7.899751e+01
3.869430e+14,8.000000e+01
9.886667e+13,8.000000e+01
7.327903e+13,4.336061e+01
1.108025e+14,5.363023e+01
1.243203e+14,5.248916e+01
5.237743e+13,4.564275e+01
2.763400e+13,7.897285e+01
5.396092e+13,5.068747e+01
2.542713e+13,7.899503e+01
5.264004e+13,3.657425e+01
2.825280e+14,7.026581e+01
2.312360e+14,7.843346e+01
3.316702e+14,5.663304e+01
1.150736e+14,7.603121e+01
1.150736e+14,7.603121e+01
2.797796e+13,2.792616e+01
5.626748e+13,5.417074e+01
5.626748e+13,5.417074e+01
1.438588e+13,7.896819e+01
5.499535e+13,3.561335e+01
4.158224e+13,7.899047e+01
2.162328e+13,7.899758e+01
4.941949e+13,3.639409e+01
9.852045e+13,7.903402e+01
1.940478e+14,8.000000e+01
1.940478e+14,8.000000e+01
3.285336e+13,3.002812e+01
4.241285e+13,4.999240e+00
9.478681e+14,8.000000e+01
9.478681e+14,8.000000e+01
3.484678e+13,3.351139e+01
3.316708e+13,2.516357e+01
3.157507e+13,2.732559e+01
9.990497e+13,7.981475e+01
1.991942e+13,7.899434e+01
1.632170e+13,7.899039e+01
2.404855e+13,2.654486e+01
4.422541e+14,7.753262e+01
1.589374e+13,4.999907e+00
5.882245e+13,3.735499e+01
4.094258e+13,2.804627e+01
4.574157e+13,4.690393e+01
9.484597e+12,7.898074e+01
1.457863e+13,7.899599e+01
1.803100e+13,7.899132e+01
3.030063e+14,7.332868e+01
3.676931e+15,8.000000e+01
3.676931e+15,8.000000e+01
2.411260e+13,4.999420e+00
2.308139e+13,7.899816e+01
6.377061e+14,8.000000e+01
5.578069e+13,5.909535e+01
2.950845e+14,8.000000e+01
2.675513e+13,7.895101e+01
2.535423e+14,6.053670e+01
6.981529e+13,4.005752e+01
1.856428e+13,7.899401e+01
2.721635e+13,7.931332e+01
2.705200e+13,7.899562e+01
8.942729e+17,8.000000e+01
8.942729e+17,8.000000e+01
8.942729e+17,8.000000e+01
2.608963e+14,8.000000e+01
2.608963e+14,8.000000e+01
1.488161e+14,7.561082e+01
2.431458e+13,4.999948e+00
5.442855e+14,6.474064e+01
2.997935e+13,7.934507e+01
2.408384e+14,8.000000e+01
3.537110e+13,5.000862e+00
6.871174e+13,4.089830e+01
1.259546e+14,7.338873e+01
1.487665e+13,7.899013e+01
5.928666e+13,4.306033e+01
5.164346e+13,7.899535e+01
5.164346e+13,7.899402e+01
2.047274e+13,4.999158e+00
1.833534e+14,7.843346e+01
1.833534e+14,7.843346e+01
1.720451e+13,7.910447e+01
4.550680e+13,3.020829e+01
1.200149e+13,7.899473e+01
8.756375e+13,4.318044e+01
6.854086e+13,8.000000e+01
2.660949e+13,7.899409e+01
2.759557e+14,8.000000e+01
2.759557e+14,8.000000e+01
3.669978e+14,6.444035e+01
1.217766e+13,7.899563e+01
2.581469e+13,7.899383e+01
2.695000e+13,7.899881e+01
1.996397e+13,7.907734e+01
9.773134e+12,7.896023e+01
1.316707e+14,5.981602e+01
9.413455e+13,3.783544e+01
2.310287e+13,2.462306e+01
4.409711e+14,7.645160e+01
1.870068e+13,2.168031e+01
2.207155e+13,7.433399e+01
6.552028e+13,4.708410e+01
3.007725e+14,8.000000e+01
3.007725e+14,8.000000e+01
2.639059e+14,6.774345e+01
1.267318e+13,7.899461e+01
3.589900e+13,3.675442e+01
2.721302e+13,2.888706e+01
9.430471e+13,5.000000e+00
9.430471e+13,8.000000e+01
7.150839e+13,3.567341e+01
1.404526e+13,7.899666e+01
7.803505e+13,6.696272e+01
2.788818e+14,8.000000e+01
1.583816e+14,7.633149e+01
2.828047e+13,3.243037e+01
4.958154e+13,3.423206e+01
5.577296e+13,5.000140e+00
5.577296e+13,5.000048e+00
1.026266e+14,4.516230e+01
3.720011e+13,4.666370e+01
7.225434e+13,4.029774e+01
3.912732e+13,7.897588e+01
1.638555e+13,7.899664e+01
4.172392e+13,3.447229e+01
1.771272e+13,7.896890e+01
2.444501e+13,7.899692e+01
1.118103e+13,4.999797e+00
1.111495e+13,7.899668e+01
1.045442e+13,7.897312e+01
1.841357e+13,7.899379e+01
6.557510e+14,8.000000e+01
2.537105e+14,8.000000e+01
2.537105e+14,8.000000e+01
2.777127e+19,8.000000e+01
2.777127e+19,8.000000e+01
3.635600e+13,7.898715e+01
5.431013e+13,4.384106e+01
5.711725e+15,8.000000e+01
5.711725e+15,8.000000e+01
5.711725e+15,8.000000e+01
1.098747e+13,7.898833e+01
4.933599e+13,4.624331e+01
3.842881e+13,3.363150e+01
2.168123e+13,7.893696e+01
6.599977e+13,4.750449e+01
3.410057e+13,7.899556e+01
2.205739e+13,2.540379e+01
2.307773e+13,2.432278e+01
1.535188e+13,7.899716e+01
9.100310e+13,5.290955e+01
5.877002e+13,3.813572e+01
3.170771e+13,3.819577e+01
1.644523e+14,8.000000e+01
1.099773e+13,7.899281e+01
4.789547e+13,3.044852e+01
8.900953e+12,7.899853e+01
2.730298e+13,4.999661e+00
6.779505e+13,4.954640e+01
4.756946e+13,5.000015e+00
4.756946e+13,7.891288e+01
1.133931e+13,7.899788e+01
1.253421e+13,3.099435e+01
1.602005e+13,7.895998e+01
2.493004e+13,7.895306e+01
1.102064e+14,5.074753e+01
1.768457e+14,8.000000e+01
1.768457e+14,8.000000e+01
6.142320e+13,3.345133e+01
1.483687e+14,6.978536e+01
2.365912e+13,7.899697e+01
3.126144e+13,2.822644e+01
4.589262e+13,3.134936e+01
1.959970e+13,2.306160e+01
2.197493e+13,7.898147e+01
1.240445e+14,8.000000e+01
1.240445e+14,8.000000e+01
2.569334e+13,7.898794e+01
3.670688e+13,5.000667e+00
4.691631e+13,3.675442e+01
1.062392e+13,5.904224e+01
2.652576e+13,2.990801e+01
1.521580e+13,7.899806e+01
2.223957e+14,4.768466e+01
2.495932e+14,8.000000e+01
2.495932e+14,8.000000e+01
3.682507e+13,3.164964e+01
3.840719e+13,3.249043e+01
5.952937e+13,3.453234e+01
5.077210e+13,3.549324e+01
9.515720e+13,4.984669e+01
4.086448e+13,3.861617e+01
1.099877e+13,7.899766e+01
3.563329e+13,3.315105e+01
1.101726e+13,7.898655e+01
1.229055e+14,4.600309e+01
1.591761e+13,7.899544e+01
1.348615e+14,8.000000e+01
3.008710e+13,7.886305e+01
5.616526e+13,7.899486e+01
1.187653e+13,7.899824e+01
7.699876e+13,4.552264e+01
1.079735e+14,5.300000e+01
3.663935e+13,3.789549e+01
2.314446e+13,7.897473e+01
1.297432e+14,8.000000e+01
1.297432e+14,8.000000e+01
6.918712e+13,5.699338e+01
1.342015e+13,7.899462e+01
2.910490e+13,7.899541e+01
8.318855e+13,7.899975e+01
8.318855e+13,7.899963e+01
1.274918e+14,6.215822e+01
3.239692e+13,3.429212e+01
3.108579e+13,2.900717e+01
4.283703e+13,3.411195e+01
1.818329e+13,7.897856e+01
5.807947e+13,4.984669e+01
3.689857e+14,8.000000e+01
8.273648e+12,1.699523e+01
4.551042e+13,4.858550e+01
2.590298e+16,8.000000e+01
1.290450e+13,7.899724e+01
1.678597e+13,7.886127e+01
6.583803e+15,8.000000e+01
4.648322e+14,8.000000e+01
4.648322e+14,8.000000e+01
1.080891e+13,7.898869e+01
1.567427e+13,7.899627e+01
2.641951e+13,7.894830e+01
6.297461e+13,5.164837e+01
1.700070e+13,7.899565e+01
2.444999e+13,7.899266e+01
2.800471e+14,8.000000e+01
1.383171e+13,7.899450e+01
1.761648e+13,7.899240e+01
2.317277e+13,7.895869e+01
1.579862e+13,7.898883e+01
2.987374e+13,7.899820e+01
2.987374e+13,7.899823e+01
1.700727e+14,8.000000e+01
1.700727e+14,8.000000e+01
2.449997e+13,7.898129e+01
1.277605e+14,5.753389e+01
1.807673e+13,7.899203e+01
8.484617e+13,7.260800e+01
2.147900e+13,7.899550e+01
5.829620e+13,4.438157e+01
2.038612e+13,7.897277e+01
7.217456e+14,8.000000e+01
2.004021e+13,7.897018e+01
3.190473e+13,2.984796e+01
6.837414e+13,4.804500e+01
1.650798e+13,7.899583e+01
3.677422e+14,8.000000e+01
3.161947e+13,3.050857e+01
3.914779e+13,3.681448e+01
3.216483e+13,7.898564e+01
4.579654e+13,3.849605e+01
1.913649e+13,7.860359e+01
1.465598e+13,7.899480e+01
4.517603e+13,3.711476e+01
5.535645e+14,8.000000e+01
4.605560e+13,3.711476e+01
2.665495e+13,2.077946e+01
1.099054e+14,4.708410e+01
1.458346e+13,7.897114e+01
1.302308e+13,7.899264e+01
9.390878e+13,8.000000e+01
1.658327e+13,7.899808e+01
1.862383e+13,7.904346e+01
2.533429e+13,7.887529e+01
6.636193e+13,4.888579e+01
4.022268e+13,3.387172e+01
6.050194e+14,8.000000e+01
1.777173e+14,8.000000e+01
2.694532e+13,2.828649e+01
1.613423e+14,8.000000e+01
1.613423e+14,8.000000e+01
1.080696e+14,6.648227e+01
9.571012e+13,7.543065e+01
9.571012e+13,7.543065e+01
1.950707e+13,7.898929e+01
2.396180e+13,2.492334e+01
2.138932e+13,5.000059e+00
1.016696e+14,4.390112e+01
2.325221e+13,4.999919e+00
1.231836e+16,8.000000e+01
2.044361e+13,7.898332e+01
4.702976e+13,4.999218e+00
5.024443e+13,3.771532e+01
6.261202e+13,4.882573e+01
1.302395e+14,4.606314e+01
1.804260e+13,7.899267e+01
3.370777e+13,7.937059e+01
1.204899e+14,5.000013e+00
1.204899e+14,5.000003e+00
2.868144e+13,3.110914e+01
5.254058e+13,4.606314e+01
4.587901e+13,3.939690e+01
2.925959e+14,8.000000e+01
2.925959e+14,8.000000e+01
1.042328e+13,7.899556e+01
3.145414e+14,7.507031e+01
2.419417e+14,8.000000e+01
4.011944e+14,8.000000e+01
4.011944e+14,8.000000e+01
1.309650e+13,7.898317e+01
2.737171e+13,2.858677e+01
5.525177e+13,3.369156e+01
5.139674e+13,3.026835e+01
5.660344e+13,3.549324e+01
1.798544e+13,7.895846e+01
3.151396e+14,8.000000e+01
1.345313e+14,6.311912e+01
4.990687e+13,4.678382e+01
1.185707e+13,7.899839e+01
1.772258e+13,7.898442e+01
7.784489e+17,8.000000e+01
7.784489e+17,8.000000e+01
2.148488e+14,7.086637e+01
1.587677e+13,7.899869e+01
2.385742e+13,7.899240e+01
8.299417e+13,4.726427e+01
9.816766e+13,5.765400e+01
6.930376e+13,5.867495e+01
4.558771e+13,3.981729e+01
8.343513e+13,4.282010e+01
9.894520e+13,6.341940e+01
2.089553e+13,7.898132e+01
1.625309e+13,7.899687e+01
2.988348e+14,8.000000e+01
3.558996e+13,3.393178e+01
4.253279e+13,3.447229e+01
4.632683e+13,4.294022e+01
1.181736e+13,7.899390e+01
2.016390e+13,7.893743e+01
1.005489e+14,6.017636e+01
7.545368e+13,3.705470e+01
3.022480e+13,2.894711e+01
6.222814e+13,6.023642e+01
6.222814e+13,6.023642e+01
4.282315e+14,8.000000e+01
3.317771e+13,3.357144e+01
5.140700e+13,3.303094e+01
1.711142e+13,4.298310e+01
8.062327e+13,4.077819e+01
1.436468e+13,7.890909e+01
6.994413e+13,4.143881e+01
1.145766e+13,7.899024e+01
1.951098e+13,7.896536e+01
1.827971e+13,7.898762e+01
1.715322e+13,7.899488e+01
1.068783e+14,4.209943e+01
1.150087e+14,4.432151e+01
1.183042e+13,7.899764e+01
1.289002e+13,7.895693e+01
3.930585e+13,3.032841e+01
1.890404e+13,7.899250e+01
2.323358e+13,2.540379e+01
2.802445e+13,5.001177e+00
1.881116e+13,7.899345e+01
1.232941e+13,7.899820e+01
5.680767e+14,8.000000e+01
3.160083e+14,5.981602e+01
8.731002e+13,6.083698e+01
2.067884e+13,7.899309e+01
2.568035e+13,3.317394e+01
1.199121e+13,7.897935e+01
1.362466e+13,7.899079e+01
4.602164e+13,3.194992e+01
4.263869e+13,3.176976e+01
1.816511e+13,7.899287e+01
5.338916e+13,3.723487e+01
1.403980e+13,7.899686e+01
6.683792e+13,2.700000e+01
5.211302e+13,5.296961e+01
5.211302e+13,7.899204e+01
4.424753e+13,2.546385e+01
5.944888e+13,4.083825e+01
8.335205e+13,4.606314e+01
6.615151e+13,6.299900e+01
1.442226e+15,6.456047e+01
7.620604e+12,1.500000e+01
1.172079e+14,5.068747e+01
4.352377e+13,3.543319e+01
1.885035e+13,7.899542e+01
7.998418e+13,7.561082e+01
1.010322e+14,7.705217e+01
2.916809e+13,2.966779e+01
1.119080e+13,7.899692e+01
1.014383e+13,7.899723e+01
3.494918e+13,7.899577e+01
3.494918e+13,7.899708e+01
1.879949e+14,6.371968e+01
1.932508e+13,7.899697e+01
2.784759e+13,7.878896e+01
6.250374e+13,5.705344e+01
1.350904e+14,5.495147e+01
2.107517e+13,7.898029e+01
2.476211e+13,7.899005e+01
6.160191e+13,5.393051e+01
2.052865e+14,8.000000e+01
3.400590e+13,3.309099e+01
1.590851e+13,4.999457e+00
4.479389e+13,4.999869e+00
8.584593e+14,8.000000e+01
8.584593e+14,8.000000e+01
8.584593e+14,8.000000e+01
1.154362e+13,7.898497e+01
2.600631e+13,7.899392e+01
1.501790e+14,5.555203e+01
4.780971e+13,7.899759e+01
2.142213e+14,8.000000e+01
2.142213e+14,8.000000e+01
2.947596e+13,2.780604e+01
5.953537e+13,4.984669e+01
1.087321e+14,6.389985e+01
1.342077e+14,8.000000e+01
1.342077e+14,8.000000e+01
7.879562e+13,4.840534e+01
1.820082e+13,4.998551e+00
3.588440e+14,6.726300e+01
2.672856e+13,7.899308e+01
4.097633e+13,3.207004e+01
5.403025e+13,3.807566e+01
3.442872e+14,8.000000e+01
8.640116e+13,5.903529e+01
2.723713e+14,5.639282e+01
4.554453e+13,3.261054e+01
2.223038e+13,7.821681e+01
6.069782e+13,6.185794e+01
5.780403e+13,3.753515e+01
1.961821e+13,4.677780e+01
2.692288e+14,6.131743e+01
1.523689e+13,4.999074e+00
7.483549e+14,8.000000e+01
5.786786e+13,3.243037e+01
3.269083e+13,7.882964e+01
7.007523e+13,7.898345e+01
4.195121e+13,7.899781e+01
4.195121e+13,7.898774e+01
8.135192e+13,3.933684e+01
4.469738e+13,3.363150e+01
3.896293e+13,4.107847e+01
1.084799e+14,4.197932e+01
3.248978e+13,2.894711e+01
1.318892e+17,7.897397e+01
2.347895e+13,4.999955e+00
3.127353e+13,3.405189e+01
1.139391e+13,5.306162e+01
2.948345e+13,7.894892e+01
3.014733e+13,2.888706e+01
2.031007e+14,8.000000e+01
2.031007e+14,8.000000e+01
3.383510e+13,7.118226e+01
3.091776e+13,3.194992e+01
8.367332e+13,6.684260e+01
2.530398e+13,2.918734e+01
4.891582e+13,3.675442e+01
1.344647e+14,6.480069e+01
3.826352e+13,4.113853e+01
9.156433e+13,8.000000e+01
5.436020e+14,8.000000e+01
5.436020e+14,8.000000e+01
6.727430e+13,4.882573e+01
4.362945e+13,4.882573e+01
1.536471e+15,8.000000e+01
1.536471e+15,8.000000e+01
3.798592e+13,3.267060e+01
1.642244e+13,7.897175e+01
9.435933e+12,7.899562e+01
3.731287e+14,7.374907e+01
4.166926e+13,3.345133e+01
2.746146e+13,2.888706e+01
4.440978e+13,3.615386e+01
7.598059e+13,3.801560e+01
7.176165e+13,6.137749e+01
2.080944e+14,8.000000e+01
1.783512e+14,8.000000e+01
1.783512e+14,8.000000e+01
9.066835e+12,7.899691e+01
3.656048e+18,8.000000e+01
3.656048e+18,8.000000e+01
3.656048e+18,8.000000e+01
2.081717e+14,5.981602e+01
5.353872e+13,5.260927e+01
1.681011e+13,7.899549e+01
2.395295e+13,7.899560e+01
1.661047e+14,6.185794e+01
2.991001e+13,3.303094e+01
1.975910e+13,7.899101e+01
2.512480e+14,8.000000e+01
1.579689e+13,7.899118e+01
3.451151e+13,3.182981e+01
4.409636e+13,3.513290e+01
6.543553e+12,1.300000e+01
3.740455e+14,7.386918e+01
1.837584e+14,6.047664e+01
1.828623e+13,7.899523e+01
6.700495e+13,5.483135e+01
4.786678e+13,4.041785e+01
2.813388e+14,8.000000e+01
2.813388e+14,8.000000e+01
5.483091e+13,4.245977e+01
1.935966e+13,7.897286e+01
1.226376e+13,7.897358e+01
1.167898e+13,7.899824e+01
1.547363e+14,8.000000e+01
1.336457e+13,4.999781e+00
4.109582e+13,7.899756e+01
4.109582e+13,7.899247e+01
1.065649e+13,7.890344e+01
1.570051e+14,5.849479e+01
3.845159e+13,2.780604e+01
6.037866e+13,6.107720e+01
2.769539e+13,7.898632e+01
1.708741e+13,7.899351e+01
1.077581e+13,7.899606e+01
1.279524e+13,7.888723e+01
1.032564e+14,6.329929e+01
1.651939e+13,7.898662e+01
4.092195e+13,4.197932e+01
7.831302e+13,6.606187e+01
1.353641e+13,7.899856e+01
2.424966e+13,2.534374e+01
7.376749e+13,6.684260e+01
1.504918e+13,7.898905e+01
2.457214e+13,7.899446e+01
4.019190e+13,5.663304e+01
1.096861e+14,6.582165e+01
2.015548e+13,7.899796e+01
5.933868e+13,3.915667e+01
2.218911e+13,7.899173e+01
1.837874e+13,7.877025e+01
1.855025e+14,6.347945e+01
1.344015e+13,7.899697e+01
3.014036e+13,2.870689e+01
5.043889e+14,8.000000e+01
7.768670e+13,7.380913e+01
6.338087e+13,4.474190e+01
4.190364e+13,3.555330e+01
1.246424e+14,4.750449e+01
3.172620e+13,3.531307e+01
1.399941e+13,7.899753e+01
1.374448e+13,7.899818e+01
2.264026e+13,7.899529e+01
2.362585e+13,4.999325e+00
5.572387e+13,5.639282e+01
4.037800e+13,3.381167e+01
8.271245e+13,4.420140e+01
3.470995e+13,7.899499e+01
4.613263e+13,3.435217e+01
6.271234e+13,4.294022e+01
9.656659e+12,7.899350e+01
1.711139e+13,7.899546e+01
7.844249e+13,7.900637e+01
7.844249e+13,8.000000e+01
4.570003e+13,3.741504e+01
1.479566e+14,5.363023e+01
1.633435e+14,8.000000e+01
1.633435e+14,8.000000e+01
2.623614e+14,8.000000e+01
2.623614e+14,8.000000e+01
7.419095e+13,3.939690e+01
1.357606e+13,7.898088e+01
1.791136e+14,5.933557e+01
2.178015e+13,2.204064e+01
1.530150e+14,8.000000e+01
1.530150e+14,8.000000e+01
1.320994e+14,8.000000e+01
4.761324e+13,4.931211e+01
1.885908e+14,5.729366e+01
2.420482e+13,7.899247e+01
7.207481e+13,7.501025e+01
9.247416e+13,6.492080e+01
9.247416e+13,6.492080e+01
2.578898e+13,2.642475e+01
1.375433e+15,8.000000e+01
1.375433e+15,8.000000e+01
1.824655e+13,7.897720e+01
3.374484e+13,3.014824e+01
4.449321e+13,4.215949e+01
2.157160e+13,7.899743e+01
8.101733e+13,5.363023e+01
4.832937e+14,5.657299e+01
1.014698e+14,8.000000e+01
1.014698e+14,8.000000e+01
8.040081e+13,4.191926e+01
1.276088e+14,4.185920e+01
1.235478e+14,5.000008e+00
1.235478e+14,8.000000e+01
1.235478e+14,7.899658e+01
8.418691e+13,8.000000e+01
1.217798e+14,6.498086e+01
2.208898e+13,7.895176e+01
3.639715e+13,3.435217e+01
2.624768e+13,2.774599e+01
4.032322e+14,8.000000e+01
4.032322e+14,8.000000e+01
4.032322e+14,8.000000e+01
4.032322e+14,8.000000e+01
1.549269e+13,7.899250e+01
2.525029e+13,7.898266e+01
4.228662e+14,8.000000e+01
5.181361e+13,3.735499e+01
2.725468e+13,7.897762e+01
2.798105e+13,2.678509e+01
4.917695e+14,7.585104e+01
2.991565e+14,6.053670e+01
9.527619e+13,8.000000e+01
9.527619e+13,8.000000e+01
3.005158e+13,7.895547e+01
5.826567e+13,3.357144e+01
1.939980e+14,5.705344e+01
6.603101e+13,7.953219e+01
3.291487e+13,3.399184e+01
2.236179e+13,7.898927e+01
3.109358e+13,2.936751e+01
2.487065e+13,4.999043e+00
1.461837e+13,7.899764e+01
1.957885e+13,7.888732e+01
2.532368e+14,7.230772e+01
3.172927e+13,7.939198e+01
1.432517e+14,8.000000e+01
1.432517e+14,8.000000e+01
3.347589e+13,3.194992e+01
1.797045e+13,4.999907e+00
2.141700e+13,7.898761e+01
2.393229e+14,8.000000e+01
4.733993e+13,3.357144e+01
1.550894e+13,7.281958e+01
3.262272e+13,7.900000e+01
3.262272e+13,7.898639e+01
4.073706e+14,8.000000e+01
2.085696e+14,7.002558e+01
1.314175e+13,7.896716e+01
3.077731e+13,4.998514e+00
5.838929e+13,5.897524e+01
1.101111e+13,7.897860e+01
4.141116e+13,7.895094e+01
1.729312e+13,7.895405e+01
2.954427e+13,2.738565e+01
4.099500e+13,3.164964e+01
3.006992e+13,7.899543e+01
1.048032e+13,4.297309e+01
1.804135e+13,7.899660e+01
2.934569e+14,5.609254e+01
1.173136e+15,8.000000e+01
8.367009e+13,4.528241e+01
5.456992e+13,3.963712e+01
2.029995e+13,7.883993e+01
2.132627e+13,7.899366e+01
1.328009e+14,7.056609e+01
8.179819e+13,6.498086e+01
1.861964e+14,8.000000e+01
6.339132e+13,3.879634e+01
1.777748e+13,7.912990e+01
1.323178e+13,7.898703e+01
3.761185e+13,4.828522e+01
3.187883e+14,8.000000e+01
2.111074e+13,7.894167e+01
1.454040e+13,7.899618e+01
1.888038e+14,8.000000e+01
2.740116e+13,2.900717e+01
1.006447e+14,5.320984e+01
1.217873e+13,7.899788e+01
3.445308e+13,7.898744e+01
3.294239e+13,7.923777e+01
1.872164e+17,8.000000e+01
7.834114e+13,4.017763e+01
2.547747e+13,2.612447e+01
1.666173e+14,8.000000e+01
3.419686e+13,7.842413e+01
8.150939e+14,8.000000e+01
1.789025e+13,7.899817e+01
7.448029e+13,5.693332e+01
2.223041e+14,5.813445e+01
9.441716e+13,6.660238e+01
3.429564e+13,3.104908e+01
8.816627e+13,7.899582e+01
1.124077e+14,4.828522e+01
2.357326e+13,2.636469e+01
9.933144e+13,7.987481e+01
9.933144e+13,7.987481e+01
6.649453e+13,6.299900e+01
3.729663e+15,8.000000e+01
3.729663e+15,8.000000e+01
3.729663e+15,8.000000e+01
5.413874e+13,5.693332e+01
1.515042e+13,7.899768e+01
3.453830e+13,7.899386e+01
1.554071e+14,8.000000e+01
1.458626e+13,6.089798e+01
4.139351e+13,7.890507e+01
1.440392e+14,8.000000e+01
1.440392e+14,8.000000e+01
5.025333e+13,3.531307e+01
2.025847e+14,8.000000e+01
7.105518e+13,7.146693e+01
7.105518e+13,7.899483e+01
6.826182e+14,8.000000e+01
1.319086e+13,7.596690e+01
7.585214e+13,5.987608e+01
2.959165e+13,3.200998e+01
1.053654e+14,4.906595e+01
3.368432e+13,2.768593e+01
4.322573e+13,3.693459e+01
2.390751e+13,4.999970e+00
1.110368e+14,6.383979e+01
1.640085e+13,7.899604e+01
3.508499e+13,3.453234e+01
7.535914e+13,4.999746e+00
5.180316e+13,3.621392e+01
2.102887e+13,7.899626e+01
7.061118e+13,5.056736e+01
2.473983e+14,5.897524e+01
3.078867e+13,7.899314e+01
3.162955e+13,3.140942e+01
6.519269e+13,3.753515e+01
3.521003e+14,8.000000e+01
3.521003e+14,8.000000e+01
1.737682e+13,7.899549e+01
6.428994e+13,5.765400e+01
8.298290e+13,7.290828e+01
8.298290e+13,7.290828e+01
4.974309e+13,6.900463e+01
3.906046e+13,3.495274e+01
4.665378e+13,3.465245e+01
2.542364e+13,2.792616e+01
1.123376e+13,7.899697e+01
2.794767e+13,7.928885e+01
2.408695e+13,5.192737e+01
2.954635e+14,6.516103e+01
4.308245e+13,3.405189e+01
7.191236e+13,7.899343e+01
7.191236e+13,8.000000e+01
1.236384e+13,7.898888e+01
1.318678e+14,8.000000e+01
3.013254e+13,2.762587e+01
7.108124e+13,4.276005e+01
1.621323e+13,7.899700e+01
3.004565e+13,2.942756e+01
2.841211e+13,7.897677e+01
3.738893e+13,3.381167e+01
5.497459e+13,4.119859e+01
7.647513e+13,5.795428e+01
2.412414e+13,7.899525e+01
3.512446e+13,2.858677e+01
1.267435e+13,7.899118e+01
2.034211e+13,7.899390e+01
9.607858e+13,5.453107e+01
3.224584e+13,3.285077e+01
3.389484e+13,7.898026e+01
1.550777e+13,7.899632e+01
1.498409e+13,7.897530e+01
1.757237e+14,6.185794e+01
6.958146e+13,4.942629e+01
1.182328e+14,5.915540e+01
4.010133e+13,7.897760e+01
3.083605e+13,2.750576e+01
7.743121e+14,8.000000e+01
7.087094e+13,6.017636e+01
1.596351e+13,7.856061e+01
3.229345e+13,3.044852e+01
1.533708e+13,7.898894e+01
6.823944e+13,4.630337e+01
5.920655e+13,3.531307e+01
1.424253e+13,7.899697e+01
4.533329e+13,3.831589e+01
6.668466e+13,5.639282e+01
6.440584e+13,5.242910e+01
2.527244e+13,7.899059e+01
6.418470e+13,5.777411e+01
6.466353e+14,8.000000e+01
6.466353e+14,8.000000e+01
1.431377e+14,6.570154e+01
7.884881e+13,3.518798e+01
4.626543e+13,3.080886e+01
2.315922e+14,8.000000e+01
2.870992e+13,2.882700e+01
3.927563e+14,6.444035e+01
2.281817e+14,5.933557e+01
4.597939e+14,8.000000e+01
7.182680e+13,5.916263e+01
7.182680e+13,8.000000e+01
3.808155e+13,3.050857e+01
1.606884e+13,4.999831e+00
1.313140e+13,7.898092e+01
1.159322e+14,8.000000e+01
2.711995e+14,8.000000e+01
2.711995e+14,8.000000e+01
7.569197e+13,4.233965e+01
1.474026e+13,7.899738e+01
4.534479e+13,3.387172e+01
5.704022e+13,4.930618e+01
6.583241e+13,7.898374e+01
1.449941e+13,7.899582e+01
4.789067e+13,4.996680e+01
1.614038e+13,7.898293e+01
4.901386e+13,7.899498e+01
1.403891e+13,3.511103e+01
3.247481e+13,7.899852e+01
3.247481e+13,7.898526e+01
2.044362e+14,8.000000e+01
9.402650e+13,3.711476e+01
5.110443e+14,8.000000e+01
1.152571e+13,7.897859e+01
2.784872e+14,8.000000e+01
3.462442e+14,7.741250e+01
3.261413e+13,3.441223e+01
1.649754e+13,7.899833e+01
9.206517e+13,6.053670e+01
9.732674e+13,8.000000e+01
2.447949e+14,7.555076e+01
9.220452e+13,4.732432e+01
2.271790e+13,2.528368e+01
5.811140e+13,4.780477e+01
9.326081e+13,7.777284e+01
9.326081e+13,7.777284e+01
4.663960e+13,5.369029e+01
3.554716e+13,7.899309e+01
1.226230e+14,6.173782e+01
3.426702e+14,6.311912e+01
2.845123e+17,8.000000e+01
1.409525e+13,7.899316e+01
2.200388e+13,7.898814e+01
3.264547e+13,7.897454e+01
1.154504e+14,3.900000e+01
1.212082e+14,8.000000e+01
7.686499e+13,3.927679e+01
2.312050e+13,7.893871e+01
1.734275e+14,6.071687e+01
2.507997e+13,7.896609e+01
1.435895e+14,8.000000e+01
1.859232e+14,8.000000e+01
1.859232e+14,8.000000e+01
6.635061e+13,3.621392e+01
3.795533e+13,3.369156e+01
9.038124e+13,5.735372e+01
1.860282e+13,7.899580e+01
7.549763e+13,4.750449e+01
2.338074e+13,2.618452e+01
4.259025e+13,4.173909e+01
1.112802e+14,6.738311e+01
1.112802e+14,6.738311e+01
3.921040e+13,4.999187e+00
1.063549e+13,7.899071e+01
2.384725e+14,8.000000e+01
1.306271e+14,8.000000e+01
3.813576e+13,3.711476e+01
4.669797e+13,3.819577e+01
3.798150e+16,8.000000e+01
1.110773e+14,5.747383e+01
3.111532e+13,3.285077e+01
3.293336e+13,3.417200e+01
1.002347e+14,8.000000e+01
1.104139e+14,4.185920e+01
2.334627e+13,7.858874e+01
5.329282e+14,7.783290e+01
3.774935e+13,4.263994e+01
2.068688e+13,7.898894e+01
2.438915e+13,4.999456e+00
5.734497e+13,3.669437e+01
1.714984e+13,7.899621e+01
1.463781e+16,8.000000e+01
3.736729e+13,2.882700e+01
2.441902e+13,7.899627e+01
1.141932e+14,7.927425e+01
4.988048e+13,3.969718e+01
1.747132e+13,7.899338e+01
5.415517e+13,5.014697e+01
6.087205e+13,4.999987e+00
3.648064e+13,4.299658e+01
4.415347e+13,5.537186e+01
1.305073e+15,8.000000e+01
2.106112e+13,7.887372e+01
6.737006e+15,8.000000e+01
4.484326e+13,2.858677e+01
1.711027e+13,7.896523e+01
2.221369e+14,8.000000e+01
2.221369e+14,8.000000e+01
2.221369e+14,8.000000e+01
2.530077e+13,2.534374e+01
1.307873e+16,8.000000e+01
1.307873e+16,8.000000e+01
1.983543e+13,7.899467e+01
1.255721e+13,7.896855e+01
1.644307e+13,7.897824e+01
5.420197e+13,3.609380e+01
3.782140e+13,3.891645e+01
3.254000e+13,3.375161e+01
6.479533e+13,7.899763e+01
1.515185e+14,5.326989e+01
2.766461e+14,6.089704e+01
1.148222e+13,7.896684e+01
2.438844e+13,2.498340e+01
7.615078e+13,8.000000e+01
3.562787e+13,7.898454e+01
1.183475e+13,7.899832e+01
2.939582e+19,8.000000e+01
2.939582e+19,8.000000e+01
2.939582e+19,8.000000e+01
6.583406e+13,4.804500e+01
1.266219e+14,7.747256e+01
2.160062e+13,2.468312e+01
2.278038e+13,7.898989e+01
6.089928e+13,4.245977e+01
5.860207e+13,4.798494e+01
2.509382e+14,5.927552e+01
1.369622e+13,5.486856e+01
4.789243e+13,4.041785e+01
5.391249e+13,3.957707e+01
3.988727e+13,4.804500e+01
1.036996e+13,7.899820e+01
2.926777e+13,7.899322e+01
1.760162e+13,7.899821e+01
3.133247e+13,3.921673e+01
2.855221e+14,8.000000e+01
5.104755e+13,3.663431e+01
1.960943e+13,2.192053e+01
1.931478e+13,7.895719e+01
1.613498e+14,5.351012e+01
1.399920e+13,7.895167e+01
1.999852e+13,7.899358e+01
2.031742e+13,7.899185e+01
1.962196e+14,6.329929e+01
1.958773e+13,7.897474e+01
1.574215e+13,7.898774e+01
8.516120e+12,7.899796e+01
1.194754e+13,7.897248e+01
1.640838e+13,7.898299e+01
7.913132e+13,4.762460e+01
4.428806e+13,6.227833e+01
9.116615e+13,6.035653e+01
9.116615e+13,6.035653e+01
7.013922e+13,5.074753e+01
9.690380e+12,7.898699e+01
2.865400e+13,7.899202e+01
1.722730e+14,4.300027e+01
1.026100e+13,7.903221e+01
2.104771e+13,7.899388e+01
1.353058e+14,8.000000e+01
5.118328e+13,3.477257e+01
3.472155e+13,7.896046e+01
2.022661e+13,2.276132e+01
5.073505e+13,3.729493e+01
1.732226e+13,7.897349e+01
5.532484e+13,7.899343e+01
2.381867e+13,7.892687e+01
6.162069e+13,5.339000e+01
2.409687e+14,8.000000e+01
2.409687e+14,8.000000e+01
2.409687e+14,8.000000e+01
1.716823e+13,7.899416e+01
1.177746e+14,5.975597e+01
1.011352e+13,7.899558e+01
1.116512e+13,7.909786e+01
1.650515e+13,4.999889e+00
3.877837e+14,8.000000e+01
8.162035e+13,5.086764e+01
4.905623e+13,4.354078e+01
1.673224e+13,7.898825e+01
1.663185e+13,7.899452e+01
5.240489e+14,8.000000e+01
5.240489e+14,8.000000e+01
9.693872e+12,7.899825e+01
3.468366e+15,8.000000e+01
9.360422e+13,7.422952e+01
4.661424e+14,5.531180e+01
6.411240e+13,6.143754e+01
4.915117e+14,8.000000e+01
5.680706e+14,8.000000e+01
5.680706e+14,8.000000e+01
8.817858e+14,8.000000e+01
9.189346e+13,5.074753e+01
3.129114e+13,3.351139e+01
1.486780e+13,7.896831e+01
1.532378e+13,7.899418e+01
1.413880e+13,7.899803e+01
4.118609e+14,8.000000e+01
9.377476e+13,4.816511e+01
1.028877e+13,7.899354e+01
1.823182e+14,8.000000e+01
1.209011e+13,7.899851e+01
1.610655e+13,7.899632e+01
4.958492e+13,7.897847e+01
3.887355e+13,7.899126e+01
8.990678e+13,3.095940e+01
1.390751e+13,7.894404e+01
5.109991e+13,5.332995e+01
3.225081e+14,8.000000e+01
6.361814e+13,7.633149e+01
2.886109e+13,2.954767e+01
1.417413e+13,7.897257e+01
2.701900e+13,7.889610e+01
7.431206e+13,4.173909e+01
1.160492e+14,4.378100e+01
5.897872e+13,3.591364e+01
1.542997e+13,7.898716e+01
1.938520e+15,8.000000e+01
3.150581e+13,7.891118e+01
9.064964e+13,7.753262e+01
4.202937e+13,3.219015e+01
1.727186e+13,7.897546e+01
1.250895e+15,8.000000e+01
4.895659e+13,3.579352e+01
1.876816e+13,7.899822e+01
1.085574e+14,6.203810e+01
4.500191e+13,4.990674e+01
5.533454e+13,5.000431e+00
5.533454e+13,7.867217e+01
8.789345e+13,5.801434e+01
6.016063e+13,7.899709e+01
1.726966e+15,8.000000e+01
1.726966e+15,8.000000e+01
2.177069e+14,6.954513e+01
9.814919e+13,4.203937e+01
1.221925e+13,7.899671e+01
2.168594e+13,7.899708e+01
5.676267e+13,4.996680e+01
9.742418e+12,7.898468e+01
3.827212e+13,3.489268e+01
5.887200e+13,6.353951e+01
1.774322e+13,7.883953e+01
1.006973e+14,6.468058e+01
1.416650e+13,4.999863e+00
1.122688e+13,7.899056e+01
2.414700e+14,6.365962e+01
9.209234e+13,6.654232e+01
1.026686e+14,7.899108e+01
1.026686e+14,5.000027e+00
2.220997e+13,2.222081e+01
2.662429e+13,7.873533e+01
2.725482e+13,5.000026e+00
3.038859e+13,3.038846e+01
9.762442e+13,5.909535e+01
1.663884e+13,7.899671e+01
1.845904e+13,7.899579e+01
5.540698e+13,7.892124e+01
7.868849e+13,5.272939e+01
2.342178e+13,7.899233e+01
1.571352e+13,1.900000e+01
4.621394e+14,7.759267e+01
1.937555e+13,4.999938e+00
6.507956e+14,8.000000e+01
6.507956e+14,8.000000e+01
1.073281e+13,7.896838e+01
8.212615e+14,6.684260e+01
2.630207e+14,8.000000e+01
2.630207e+14,8.000000e+01
8.957807e+13,6.444035e+01
5.914352e+14,8.000000e+01
5.914352e+14,8.000000e+01
1.465903e+13,7.909056e+01
2.104689e+13,7.896995e+01
1.109021e+14,8.000000e+01
5.174348e+13,3.471251e+01
8.312363e+13,4.209943e+01
2.740531e+14,5.897524e+01
7.384976e+13,4.005752e+01
7.920853e+13,5.723360e+01
1.373779e+13,7.707160e+01
5.399847e+13,4.942629e+01
1.616628e+13,7.899771e+01
1.511805e+14,6.870435e+01
2.410808e+13,7.895865e+01
1.188756e+13,7.899400e+01
1.536713e+14,6.780350e+01
1.885477e+13,7.899435e+01
5.342090e+13,4.221954e+01
2.980163e+14,6.444035e+01
3.000914e+13,3.146947e+01
1.034123e+14,4.492207e+01
3.041362e+13,3.125648e+01
2.524793e+13,2.294149e+01
2.175465e+13,7.898722e+01
7.796350e+15,8.000000e+01
2.545096e+13,2.552391e+01
1.144315e+13,7.899532e+01
6.786723e+13,6.341940e+01
7.949885e+13,8.000000e+01
2.705070e+13,2.564402e+01
1.070270e+13,7.893490e+01
8.608978e+13,4.897834e+01
1.075289e+13,7.899567e+01
1.777912e+13,7.897634e+01
1.688863e+13,7.898911e+01
6.377838e+13,7.230772e+01
9.063969e+13,5.849479e+01
4.621871e+14,8.000000e+01
5.534751e+13,3.567341e+01
8.812994e+13,4.690393e+01
2.010886e+13,7.899436e+01
1.149032e+15,8.000000e+01
3.312658e+14,8.000000e+01
2.925195e+13,2.642475e+01
1.363404e+13,4.705264e+01
3.444772e+13,6.529301e+01
2.398099e+13,6.587921e+01
2.080015e+13,7.894106e+01
5.825344e+13,5.074753e+01
5.825344e+13,5.074753e+01
1.599524e+14,5.020702e+01
3.029043e+13,3.225021e+01
2.050683e+13,7.915844e+01
7.158649e+13,5.000015e+00
7.158649e+13,7.896142e+01
4.578859e+13,7.898276e+01
1.315726e+13,7.899643e+01
1.468752e+13,7.899362e+01
9.726561e+13,7.933430e+01
2.718620e+14,8.000000e+01
4.140558e+13,4.294022e+01
1.835874e+13,7.896799e+01
2.823426e+13,2.786610e+01
2.505584e+13,7.921681e+01
2.657126e+13,5.000000e+00
1.658859e+14,8.000000e+01
3.876085e+14,8.000000e+01
7.195990e+13,3.561335e+01
2.882064e+13,3.333122e+01
5.862452e+13,4.570280e+01
4.855670e+13,4.312039e+01
7.980845e+13,4.161898e+01
4.724549e+16,7.507031e+01
2.516547e+13,7.898744e+01
3.792317e+14,8.000000e+01
3.792317e+14,8.000000e+01
5.668419e+13,3.741504e+01
1.953664e+13,7.899309e+01
1.645064e+16,8.000000e+01
1.645064e+16,8.000000e+01
4.868032e+14,8.000000e+01
3.651749e+14,8.000000e+01
3.651749e+14,8.000000e+01
1.368024e+13,7.898367e+01
4.055410e+13,3.116919e+01
2.112949e+13,7.896903e+01
3.823502e+14,8.000000e+01
3.823502e+14,8.000000e+01
2.727567e+13,7.899130e+01
2.184699e+13,7.864903e+01
1.122152e+14,5.615259e+01
3.125039e+13,7.899336e+01
5.124308e+13,7.896590e+01
1.317781e+13,7.897129e+01
2.126350e+14,7.152699e+01
6.611596e+13,3.771532e+01
1.039404e+14,5.218888e+01
5.630332e+13,7.896495e+01
9.829702e+15,8.000000e+01
9.829702e+15,8.000000e+01
2.120647e+13,7.899661e+01
5.541924e+13,4.005752e+01
1.011823e+14,8.000000e+01
1.893635e+13,7.899598e+01
2.040812e+13,7.899136e+01
2.188607e+13,7.899596e+01
3.766574e+13,7.899852e+01
3.766574e+13,7.899875e+01
8.497671e+13,6.119732e+01
2.623358e+13,2.624458e+01
2.762302e+13,7.884831e+01
1.237219e+13,7.894776e+01
2.106230e+13,7.897948e+01
1.022693e+14,5.086764e+01
7.225321e+13,7.290828e+01
9.962778e+13,8.000000e+01
6.366808e+13,7.801307e+01
2.369824e+13,7.881138e+01
2.466589e+13,7.899497e+01
1.564101e+14,8.000000e+01
1.074554e+14,6.695403e+01
1.197657e+13,7.899790e+01
1.026138e+13,5.000059e+00
7.230121e+13,5.038719e+01
3.834651e+14,8.000000e+01
8.687226e+13,6.534120e+01
1.027979e+14,5.164837e+01
6.184780e+13,5.417074e+01
1.401492e+13,7.899792e+01
1.864662e+13,7.890738e+01
2.813527e+14,5.813445e+01
4.138130e+13,3.207004e+01
3.835674e+13,3.855611e+01
2.545489e+13,7.898362e+01
1.010933e+14,4.798494e+01
3.067945e+13,3.453234e+01
4.247075e+14,7.320857e+01
3.370961e+13,7.897310e+01
1.384441e+13,5.275020e+01
3.562958e+13,4.999970e+00
3.562958e+13,5.000226e+00
7.689285e+13,5.729366e+01
7.689285e+13,5.729366e+01
2.216697e+13,1.855738e+01
6.564712e+13,5.945569e+01
1.820224e+13,7.899244e+01
2.425102e+13,7.899257e+01
3.800860e+14,8.000000e+01
4.879589e+13,8.000000e+01
5.216686e+13,7.890873e+01
3.322855e+13,3.483262e+01
1.726695e+13,7.894518e+01
5.433199e+13,4.149887e+01
3.381286e+13,7.899250e+01
3.705597e+13,3.002812e+01
6.941489e+13,6.474064e+01
1.561740e+14,5.140815e+01
2.631106e+13,7.899614e+01
3.285860e+13,7.896332e+01
2.771724e+13,3.098902e+01
1.740009e+13,7.899743e+01
4.814594e+13,4.282010e+01
6.379823e+13,5.266933e+01
8.964586e+13,5.843473e+01
8.964586e+13,5.843473e+01
6.591926e+13,4.999895e+00
6.591926e+13,7.896690e+01
1.600217e+14,8.000000e+01
1.809400e+14,8.000000e+01
1.809400e+14,8.000000e+01
3.726831e+13,7.897988e+01
3.234124e+13,4.999931e+00
6.175456e+13,4.288016e+01
7.595542e+13,4.263994e+01
4.530567e+13,3.741504e+01
8.097315e+13,4.999979e+00
8.097315e+13,5.000126e+00
5.744612e+13,7.897607e+01
1.932815e+13,7.881376e+01
1.467471e+14,8.000000e+01
1.467471e+14,8.000000e+01
3.874065e+13,3.032841e+01
4.433338e+14,8.000000e+01
4.433338e+14,8.000000e+01
5.601716e+13,4.312039e+01
7.208701e+13,4.828522e+01
1.395627e+14,5.573220e+01
3.450324e+13,3.975724e+01
2.794501e+14,8.000000e+01
4.030209e+18,8.000000e+01
4.030209e+18,8.000000e+01
4.030209e+18,8.000000e+01
1.759427e+15,7.386918e+01
2.350122e+13,2.504346e+01
1.219660e+13,7.899406e+01
4.950958e+13,4.999966e+00
1.727217e+14,7.170716e+01
3.725444e+14,8.000000e+01
2.848471e+13,7.899394e+01
1.943850e+14,8.000000e+01
5.171978e+13,4.005752e+01
1.280393e+14,7.898950e+01
1.282525e+13,3.106753e+01
2.716313e+13,3.008818e+01
1.663900e+13,5.000028e+00
2.769786e+13,4.999824e+00
6.447440e+13,4.510224e+01
2.045973e+14,8.000000e+01
2.787795e+18,8.000000e+01
1.602963e+14,5.579225e+01
2.183141e+14,8.000000e+01
2.183141e+14,8.000000e+01
2.183141e+14,8.000000e+01
1.096186e+14,6.456047e+01
2.437625e+13,7.899571e+01
3.818563e+13,3.014824e+01
4.563812e+13,7.899014e+01
9.797953e+12,7.899715e+01
2.067451e+14,8.000000e+01
1.415628e+14,5.651293e+01
1.930680e+13,7.895015e+01
2.227421e+13,7.897895e+01
9.744167e+13,3.837594e+01
4.548336e+13,4.245977e+01
4.393950e+13,7.899609e+01
1.620870e+13,4.998687e+00
1.338458e+14,8.000000e+01
1.338458e+14,8.000000e+01
1.338458e+14,8.000000e+01
9.925681e+13,2.294753e+01
1.374793e+13,7.899646e+01
4.920681e+13,7.899733e+01
1.123365e+13,7.896302e+01
6.188358e+13,3.675442e+01
4.949379e+14,8.000000e+01
4.949379e+14,8.000000e+01
2.135948e+14,8.000000e+01
2.135948e+14,8.000000e+01
4.077011e+14,8.000000e+01
1.103111e+14,6.978536e+01
1.117177e+14,4.696399e+01
2.671967e+13,2.912728e+01
4.363487e+13,4.113853e+01
2.149218e+13,7.896156e+01
1.101199e+13,7.909907e+01
1.619050e+13,7.897614e+01
5.427517e+13,3.879634e+01
2.034630e+14,8.000000e+01
2.034630e+14,8.000000e+01
1.588400e+14,8.000000e+01
1.498018e+13,7.690409e+01
1.115827e+14,8.000000e+01
1.368869e+14,6.840407e+01
1.234074e+13,7.899864e+01
1.519026e+13,7.914941e+01
3.092389e+13,2.798621e+01
1.271440e+14,8.000000e+01
1.271440e+14,8.000000e+01
3.309702e+13,3.843600e+01
6.009634e+13,6.395990e+01
2.835100e+14,5.603248e+01
7.833144e+13,6.486075e+01
6.256360e+13,5.771405e+01
6.257748e+14,8.000000e+01
6.257748e+14,8.000000e+01
6.257748e+14,8.000000e+01
8.543965e+13,7.899677e+01
3.111808e+13,2.642475e+01
5.002712e+14,8.000000e+01
2.847201e+13,3.056863e+01
2.618897e+13,2.606441e+01
2.143241e+13,7.898962e+01
2.823236e+13,7.897848e+01
4.127949e+13,7.898232e+01
2.359404e+13,2.582419e+01
5.991878e+17,8.000000e+01
5.991878e+17,8.000000e+01
5.991878e+17,8.000000e+01
3.087723e+14,6.552137e+01
1.537605e+14,6.948508e+01
1.374084e+13,7.899709e+01
2.240302e+13,2.552391e+01
3.959644e+14,8.000000e+01
3.959644e+14,8.000000e+01
3.959644e+14,8.000000e+01
1.855029e+13,7.899837e+01
3.755065e+13,3.513290e+01
1.436621e+13,4.999637e+00
8.517980e+13,5.945569e+01
1.023285e+13,7.899851e+01
1.283339e+13,7.899393e+01
1.171633e+15,8.000000e+01
1.710371e+14,8.000000e+01
1.002622e+14,4.666370e+01
2.961431e+13,3.086891e+01
4.422496e+13,3.873628e+01
7.018785e+14,8.000000e+01
5.562079e+13,4.426145e+01
8.245345e+13,6.251855e+01
3.154255e+13,7.899510e+01
2.266328e+13,7.882288e+01
1.108790e+13,7.885806e+01
1.902123e+13,7.899230e+01
5.708466e+13,5.927552e+01
1.807366e+13,7.898185e+01
1.330759e+14,7.080632e+01
1.975646e+13,4.999914e+00
8.257394e+13,6.456047e+01
5.106408e+15,8.000000e+01
3.798246e+14,8.000000e+01
1.470180e+14,7.843346e+01
1.124233e+14,8.000000e+01
1.124233e+14,8.000000e+01
6.427143e+13,7.899354e+01
1.092980e+14,5.645287e+01
1.989178e+13,7.898241e+01
3.639809e+13,7.899513e+01
1.586386e+13,7.899652e+01
3.273117e+13,7.937143e+01
1.844746e+14,5.146820e+01
3.713319e+13,3.062869e+01
9.810058e+13,4.372095e+01
4.197551e+13,7.899824e+01
1.971750e+13,7.897402e+01
2.024019e+14,5.375034e+01
3.724547e+13,3.789549e+01
2.278181e+13,7.647831e+01
2.731544e+14,6.540125e+01
2.733700e+13,7.896717e+01
5.721359e+13,7.897353e+01
1.037704e+13,7.899731e+01
1.198398e+13,7.892180e+01
1.667252e+13,7.898916e+01
1.139908e+13,7.899650e+01
2.923921e+13,7.899496e+01
3.872045e+13,4.999581e+00
2.826792e+13,2.900717e+01
4.172211e+13,3.399184e+01
1.738835e+13,7.899185e+01
8.848837e+13,7.200744e+01
8.848837e+13,7.200744e+01
9.382388e+13,8.000000e+01
1.636843e+14,5.501152e+01
1.174181e+15,8.000000e+01
4.877786e+13,3.549324e+01
1.607121e+14,5.176849e+01
5.251508e+13,5.579225e+01
5.950740e+13,3.861617e+01
1.580835e+13,7.899475e+01
2.792400e+13,7.899765e+01
2.127138e+13,7.893055e+01
1.686087e+13,7.897705e+01
1.712672e+14,8.000000e+01
1.712672e+14,8.000000e+01
2.407935e+14,8.000000e+01
2.448363e+13,7.899474e+01
1.585020e+20,8.000000e+01
1.585020e+20,8.000000e+01
1.585020e+20,8.000000e+01
1.585020e+20,8.000000e+01
1.585020e+20,8.000000e+01
1.585020e+20,8.000000e+01
1.585020e+20,8.000000e+01
1.585020e+20,8.000000e+01
1.946555e+14,7.831335e+01
9.790638e+12,7.899688e+01
1.205876e+13,7.899677e+01
1.509477e+14,8.000000e+01
5.661472e+13,3.777538e+01
2.412580e+13,7.899443e+01
2.707086e+14,8.000000e+01
1.693507e+13,7.899799e+01
1.989190e+14,5.855484e+01
4.015637e+13,7.894339e+01
9.049263e+13,5.561209e+01
7.647349e+13,4.336061e+01
1.930233e+13,7.899360e+01
4.368979e+14,8.000000e+01
2.173883e+14,8.000000e+01
2.173883e+14,8.000000e+01
2.244129e+13,7.892559e+01
3.695036e+13,3.693459e+01
2.570118e+13,7.899323e+01
3.224899e+13,7.895403e+01
6.885618e+13,5.152826e+01
7.788744e+13,4.227960e+01
4.563264e+14,7.759267e+01
1.661762e+13,7.268285e+01
1.310164e+13,7.899209e+01
1.190566e+14,4.678382e+01
2.918441e+13,7.899309e+01
9.972305e+13,6.149760e+01
1.337333e+14,8.000000e+01
1.337333e+14,8.000000e+01
3.861081e+13,4.041785e+01
1.222884e+13,7.899728e+01
1.354349e+14,6.438030e+01
2.783602e+13,2.708537e+01
5.866673e+13,7.899637e+01
5.315302e+13,5.080759e+01
1.524498e+13,7.899822e+01
7.879089e+13,8.000000e+01
8.517077e+13,6.876440e+01
5.066295e+13,3.303094e+01
1.173792e+13,4.999997e+00
1.200461e+13,7.899467e+01
1.854671e+13,7.899533e+01
7.287716e+13,6.432024e+01
6.022078e+13,7.884608e+01
2.956722e+14,6.726300e+01
3.972495e+13,3.243037e+01
4.727221e+13,3.291082e+01
2.813091e+14,8.000000e+01
2.241079e+14,6.522109e+01
8.914811e+13,6.101715e+01
4.712654e+14,8.000000e+01
8.437322e+13,8.000000e+01
1.298271e+13,7.899762e+01
3.121969e+13,2.954767e+01
2.851916e+13,2.774599e+01
1.717952e+14,6.516103e+01
3.807208e+13,3.297088e+01
2.447608e+13,4.998793e+00
6.391453e+13,4.263994e+01
5.270682e+13,4.462179e+01
2.876351e+13,3.225021e+01
6.140042e+13,5.369029e+01
5.935088e+13,4.726427e+01
1.354985e+14,5.008691e+01
2.193815e+13,7.899924e+01
1.894479e+13,7.899605e+01
3.188018e+13,6.740010e+01
1.045299e+13,7.899383e+01
2.189139e+14,8.000000e+01
1.031336e+14,8.000000e+01
1.031336e+14,8.000000e+01
1.371728e+13,7.899298e+01
1.257366e+14,6.540125e+01
1.744723e+13,1.698552e+01
1.680619e+13,7.561825e+01
1.825452e+14,7.915413e+01
5.759803e+13,4.804500e+01
1.376891e+13,7.899591e+01
3.489254e+13,2.300000e+01
1.001888e+14,4.888579e+01
2.060414e+13,7.898134e+01
1.124478e+14,8.000000e+01
6.080731e+13,5.375034e+01
1.276139e+14,3.291560e+01
2.827450e+13,5.000409e+00
1.149681e+13,7.896576e+01
3.969247e+13,3.134936e+01
3.330442e+13,3.194992e+01
4.734313e+13,3.309099e+01
1.478447e+13,4.999632e+00
1.740765e+13,7.899434e+01
1.452744e+13,7.899527e+01
7.818252e+13,4.233965e+01
4.632433e+13,3.309099e+01
2.799379e+13,3.158959e+01
5.908743e+13,4.107847e+01
5.544938e+13,6.383979e+01
5.584450e+13,4.510224e+01
4.049315e+13,3.531307e+01
2.024084e+13,2.222081e+01
4.160440e+13,7.893263e+01
1.504065e+13,7.899577e+01
1.418251e+13,7.899462e+01
1.748846e+13,7.899205e+01
1.362751e+13,4.106086e+01
1.553732e+13,7.899461e+01
1.075606e+13,7.899783e+01
1.889813e+13,7.893191e+01
2.845177e+13,3.098902e+01
1.681094e+14,8.000000e+01
1.681094e+14,8.000000e+01
1.096818e+14,5.050730e+01
1.019448e+13,7.899893e+01
3.528567e+13,2.858677e+01
1.165482e+13,7.899641e+01
2.936368e+13,3.158959e+01
1.909161e+14,8.000000e+01
3.574652e+14,7.609127e+01
1.349598e+14,5.801434e+01
5.682219e+14,8.000000e+01
5.682219e+14,8.000000e+01
7.144451e+13,7.837340e+01
4.767314e+14,8.000000e+01
1.595350e+13,7.897851e+01
6.474670e+13,5.651293e+01
1.653240e+13,7.899124e+01
1.413352e+13,7.899295e+01
8.901587e+12,1.900000e+01
2.553856e+14,5.699338e+01
1.476844e+13,7.898720e+01
3.647852e+13,6.353951e+01
8.439750e+12,7.899832e+01
4.011112e+13,7.899156e+01
9.252617e+12,4.999782e+00
1.161375e+14,7.020575e+01
2.463957e+13,7.894206e+01
3.443635e+13,2.540379e+01
1.903626e+13,7.891709e+01
6.679086e+14,8.000000e+01
7.794558e+13,4.269999e+01
4.908548e+13,4.594303e+01
2.922014e+13,4.998259e+00
1.192194e+13,7.896184e+01
3.362959e+14,8.000000e+01
3.362959e+14,8.000000e+01
1.430206e+13,7.899688e+01
1.854365e+13,7.897514e+01
2.636926e+13,3.681448e+01
3.219345e+13,3.056863e+01
4.441290e+13,3.255049e+01
5.700408e+14,8.000000e+01
5.700408e+14,8.000000e+01
1.775423e+13,7.898818e+01
1.974478e+13,7.898939e+01
3.751187e+13,7.899097e+01
9.231086e+13,7.495020e+01
1.395329e+13,7.897043e+01
3.021227e+13,2.786610e+01
1.064473e+14,8.000000e+01
4.223009e+13,3.597369e+01
7.188841e+13,4.486202e+01
1.117712e+13,7.897468e+01
1.668635e+15,7.110660e+01
1.549764e+14,5.735372e+01
1.670989e+14,5.248916e+01
3.186785e+14,6.401996e+01
2.053945e+13,7.888672e+01
8.328313e+13,7.014570e+01
2.099383e+13,7.899345e+01
1.303657e+13,7.899670e+01
1.402058e+13,7.910228e+01
1.220693e+13,4.999728e+00
1.445064e+13,7.897611e+01
1.892258e+13,7.898841e+01
1.423859e+13,3.497291e+01
2.251804e+13,7.897696e+01
4.410671e+13,4.342067e+01
1.540414e+16,8.000000e+01
6.915151e+13,7.899143e+01
3.663935e+13,7.898444e+01
1.166316e+14,7.026581e+01
1.062666e+13,7.899815e+01
7.419030e+13,7.495020e+01
7.419030e+13,7.495020e+01
1.149350e+13,7.899676e+01
4.519719e+13,4.390112e+01
1.404263e+13,7.899843e+01
1.251168e+14,4.672376e+01
4.845079e+13,3.387172e+01
1.079800e+13,7.899805e+01
5.405950e+13,4.588297e+01
1.799044e+14,8.000000e+01
1.799044e+14,8.000000e+01
3.763985e+13,3.609380e+01
3.317533e+13,7.899295e+01
1.701983e+13,7.899232e+01
6.172206e+13,4.438157e+01
9.280160e+12,7.899783e+01
2.527293e+14,8.000000e+01
2.527293e+14,8.000000e+01
9.080052e+13,8.000000e+01
1.296305e+14,7.495020e+01
5.998525e+13,4.606314e+01
1.471501e+14,8.000000e+01
1.471501e+14,4.999995e+00
1.184361e+13,7.895379e+01
1.283672e+13,7.897619e+01
1.838693e+13,2.168031e+01
6.752052e+13,7.867368e+01
6.752052e+13,5.000002e+00
1.056320e+13,7.899344e+01
1.115648e+14,4.324050e+01
7.954747e+13,4.720421e+01
2.050873e+13,7.899331e+01
3.915155e+13,7.899384e+01
1.609313e+14,3.099208e+01
1.436038e+13,7.899494e+01
6.736003e+13,5.254922e+01
1.027854e+13,7.899003e+01
1.903289e+13,7.899700e+01
2.601181e+14,8.000000e+01
7.345163e+14,6.948508e+01
9.479911e+13,5.693332e+01
2.453697e+14,5.915540e+01
1.339676e+14,7.537059e+01
2.793680e+13,7.899891e+01
1.349030e+13,6.894980e+01
1.637254e+14,8.000000e+01
1.637254e+14,8.000000e+01
3.693067e+13,2.834655e+01
4.469476e+13,7.899423e+01
3.999852e+13,3.873628e+01
2.578418e+15,8.000000e+01
1.339694e+14,4.510224e+01
3.376415e+14,8.000000e+01
1.529428e+13,7.895959e+01
1.667801e+13,7.899703e+01
9.647037e+13,8.000000e+01
2.104297e+14,8.000000e+01
1.649573e+13,7.899677e+01
1.225997e+14,4.816511e+01
1.393947e+14,4.972657e+01
1.776616e+14,7.627143e+01
4.796174e+14,8.000000e+01
1.892480e+13,4.999238e+00
3.404897e+13,4.708410e+01
4.901657e+14,8.000000e+01
2.602241e+13,2.906722e+01
1.415057e+15,8.000000e+01
1.415057e+15,8.000000e+01
1.151944e+14,6.486075e+01
2.520785e+14,8.000000e+01
2.520785e+14,8.000000e+01
1.805815e+13,7.899458e+01
1.258926e+16,8.000000e+01
3.424376e+13,3.279071e+01
7.265457e+14,8.000000e+01
2.865146e+13,7.900000e+01
1.938982e+13,7.448620e+01
2.294769e+14,5.783417e+01
2.577352e+13,2.168031e+01
2.389076e+13,7.899105e+01
3.981557e+13,5.000551e+00
4.295988e+13,3.627397e+01
8.713686e+13,7.898836e+01
8.713686e+13,5.000002e+00
1.728019e+14,6.792362e+01
2.444005e+13,6.130558e+01
1.997230e+15,8.000000e+01
1.997230e+15,8.000000e+01
1.788462e+19,8.000000e+01
6.342937e+13,4.360084e+01
4.798054e+13,5.000005e+00
4.798054e+13,6.179788e+01
2.296028e+15,8.000000e+01
2.296028e+15,8.000000e+01
3.143989e+13,7.896650e+01
2.665102e+13,2.834655e+01
3.255961e+14,8.000000e+01
6.715747e+13,6.660238e+01
4.970972e+13,4.648354e+01
3.410972e+13,7.899094e+01
2.035586e+14,6.462052e+01
1.400045e+13,7.899573e+01
6.778932e+13,6.149760e+01
5.917760e+13,4.384106e+01
2.010719e+13,7.899799e+01
1.885534e+13,7.899417e+01
1.535491e+13,7.899619e+01
1.570762e+13,7.899283e+01
9.632480e+13,4.810505e+01
3.408443e+13,3.026835e+01
3.538579e+15,8.000000e+01
3.538579e+15,8.000000e+01
4.984498e+13,7.914811e+01
1.794433e+14,8.000000e+01
1.794433e+14,8.000000e+01
1.390528e+13,7.899340e+01
2.326403e+13,2.654486e+01
4.955017e+13,4.300027e+01
4.864821e+13,6.299673e+01
1.452111e+13,7.896495e+01
4.033542e+13,3.231026e+01
7.241650e+13,4.408129e+01
5.516560e+13,4.744444e+01
6.438263e+13,4.810505e+01
2.278768e+13,7.899752e+01
2.150943e+13,4.997108e+00
3.933983e+13,3.807566e+01
9.248646e+13,6.828395e+01
2.424766e+14,8.000000e+01
3.154972e+13,7.899484e+01
1.464156e+13,7.899525e+01
1.858961e+13,7.899509e+01
1.443235e+14,8.000000e+01
1.443235e+14,8.000000e+01
2.042764e+13,7.896871e+01
2.211370e+13,7.899421e+01
2.086381e+14,8.000000e+01
2.086381e+14,8.000000e+01
2.086381e+14,8.000000e+01
1.764330e+15,7.825329e+01
8.324104e+13,6.335934e+01
1.749213e+13,7.899758e+01
1.577915e+13,7.899026e+01
5.958964e+13,4.053797e+01
1.821474e+15,8.000000e+01
2.646097e+13,7.899663e+01
3.257243e+13,3.056863e+01
1.564269e+14,5.975597e+01
9.204372e+13,4.660365e+01
1.226503e+13,7.905871e+01
2.358096e+14,7.098648e+01
6.137581e+13,4.137875e+01
3.968472e+14,8.000000e+01
5.904965e+13,7.898903e+01
4.100967e+13,3.873628e+01
4.839331e+13,5.332995e+01
2.648311e+13,2.450295e+01
2.158798e+13,7.899585e+01
2.791969e+13,7.899885e+01
2.379544e+13,7.509667e+01
1.178283e+19,8.000000e+01
1.178283e+19,8.000000e+01
1.178283e+19,8.000000e+01
2.664062e+13,2.894711e+01
2.007226e+13,7.898339e+01
2.952615e+13,7.899682e+01
9.836788e+13,6.552137e+01
2.007440e+13,7.899334e+01
1.945108e+13,7.899053e+01
1.549520e+14,8.000000e+01
1.071987e+13,7.898461e+01
1.166898e+13,7.896432e+01
3.047865e+13,7.896781e+01
1.513203e+13,7.899713e+01
3.135450e+13,7.895470e+01
4.630965e+13,7.898644e+01
4.630965e+13,7.899720e+01
6.731094e+13,4.330055e+01
4.516566e+13,4.882573e+01
4.028526e+14,7.993487e+01
3.144695e+13,7.900000e+01
3.144695e+13,7.920611e+01
2.226348e+13,7.899200e+01
3.488504e+14,7.044598e+01
6.717142e+15,8.000000e+01
1.720240e+14,6.744317e+01
3.463830e+14,8.000000e+01
3.463830e+14,8.000000e+01
3.463830e+14,8.000000e+01
1.258697e+13,7.899565e+01
6.554728e+13,4.600309e+01
2.676931e+13,7.896435e+01
1.107782e+13,7.899639e+01
1.097126e+13,4.999846e+00
2.030979e+13,7.896157e+01
1.758391e+13,7.899609e+01
6.354106e+14,8.000000e+01
1.970020e+13,7.892673e+01
8.949098e+13,4.251982e+01
1.184886e+13,7.898550e+01
3.513387e+13,3.188987e+01
2.305810e+13,7.899449e+01
1.635851e+13,7.899404e+01
1.108759e+13,7.899431e+01
2.560029e+13,2.726554e+01
5.381850e+13,6.546131e+01
6.834704e+13,5.531180e+01
7.570408e+13,4.089830e+01
4.472357e+13,3.321111e+01
8.135333e+13,4.444162e+01
2.363862e+13,7.820080e+01
1.715651e+14,8.000000e+01
3.496168e+13,4.083825e+01
1.453465e+13,7.898015e+01
3.553630e+13,7.899872e+01
3.694479e+13,3.975724e+01
8.091501e+13,6.353951e+01
2.189584e+13,2.474317e+01
7.790323e+14,8.000000e+01
1.047018e+14,2.495777e+01
3.105794e+13,6.075257e+01
8.478159e+13,4.498213e+01
6.874862e+13,4.306033e+01
1.569302e+14,6.480069e+01
2.623414e+13,4.999639e+00
5.735044e+14,8.000000e+01
5.735044e+14,8.000000e+01
1.186275e+14,4.209943e+01
2.328158e+13,2.510351e+01
1.284194e+14,8.000000e+01
1.284194e+14,7.898981e+01
1.498925e+13,7.898912e+01
3.226537e+13,7.899550e+01
5.937462e+13,5.020702e+01
2.965447e+13,2.846666e+01
1.027513e+14,4.468185e+01
8.919350e+14,8.000000e+01
8.919350e+14,8.000000e+01
1.109528e+14,5.116792e+01
8.209276e+13,6.750322e+01
8.209276e+13,6.750322e+01
3.834288e+13,2.876694e+01
8.957851e+13,4.288016e+01
1.961615e+13,7.897471e+01
1.144648e+13,7.899819e+01
4.816519e+14,8.000000e+01
4.816519e+14,8.000000e+01
8.982321e+13,4.366089e+01
3.621403e+13,7.897889e+01
1.488116e+13,7.899687e+01
2.785094e+13,2.510351e+01
1.751792e+14,4.822517e+01
1.128083e+13,7.898531e+01
1.502053e+13,7.899119e+01
1.373682e+13,7.899639e+01
5.506196e+13,4.131870e+01
5.640605e+13,5.912733e+01
1.701327e+13,7.898896e+01
2.581281e+13,2.744571e+01
6.026190e+13,4.432151e+01
4.839537e+13,7.899589e+01
4.839537e+13,5.000000e+00
3.468539e+13,3.062869e+01
1.283473e+13,7.898623e+01
4.745273e+13,2.978790e+01
1.098093e+14,5.783417e+01
1.137025e+13,7.899642e+01
1.106072e+13,7.899799e+01
1.308768e+13,7.899516e+01
2.145734e+13,7.890522e+01
1.108653e+13,7.899739e+01
1.509625e+13,7.898539e+01
1.613566e+13,7.899298e+01
4.215470e+14,8.000000e+01
4.215470e+14,8.000000e+01
4.215470e+14,8.000000e+01
4.239783e+13,2.870689e+01
1.391669e+14,7.014570e+01
5.921001e+13,3.777538e+01
1.127643e+13,2.298877e+01
1.682231e+13,7.896250e+01
2.750178e+13,7.898874e+01
1.897172e+13,7.899165e+01
3.405094e+13,7.899490e+01
1.192130e+14,6.005625e+01
3.972569e+13,3.633403e+01
4.068752e+13,3.038846e+01
1.389632e+13,4.999161e+00
2.696449e+13,7.898240e+01
2.696449e+13,4.999989e+00
3.419863e+14,7.789295e+01
1.640756e+13,7.899525e+01
1.136073e+14,6.972530e+01
9.773921e+12,7.896224e+01
1.683707e+13,7.899474e+01
8.970884e+12,7.898964e+01
4.243419e+13,4.396117e+01
1.167431e+13,7.899762e+01
2.890990e+13,2.480323e+01
5.987478e+13,6.329929e+01
6.736032e+13,5.591237e+01
3.427914e+13,4.083825e+01
7.776723e+13,8.000000e+01
3.579612e+14,3.878164e+01
3.149181e+13,2.756582e+01
1.409983e+13,7.895685e+01
1.519753e+14,5.969591e+01
8.263007e+13,7.899874e+01
8.263007e+13,8.000000e+01
5.946172e+13,5.314978e+01
1.444061e+13,7.898883e+01
1.372823e+13,7.899019e+01
2.142733e+13,5.000000e+00
7.194906e+13,3.975724e+01
1.697105e+13,7.899687e+01
3.338286e+13,3.231026e+01
8.996808e+13,5.716231e+01
1.410952e+13,7.899041e+01
2.337738e+13,2.516357e+01
3.904397e+13,3.140942e+01
3.134170e+13,3.681448e+01
2.420895e+13,7.899403e+01
3.807592e+14,7.386918e+01
4.842040e+14,7.074626e+01
7.946385e+13,4.161898e+01
9.661112e+15,8.000000e+01
8.962887e+13,4.999683e+00
8.962887e+13,5.000009e+00
1.230722e+13,7.899301e+01
5.423827e+13,7.899660e+01
1.899486e+13,4.999375e+00
2.807611e+13,7.897506e+01
1.964723e+15,6.468058e+01
2.408669e+13,7.899066e+01
7.961418e+13,8.000000e+01
7.961418e+13,5.000007e+00
1.624076e+13,7.899098e+01
2.342582e+13,7.899524e+01
1.353696e+13,7.899360e+01
2.481497e+13,7.899477e+01
9.160326e+13,5.831462e+01
1.973655e+13,7.899611e+01
3.133259e+13,3.507285e+01
2.943573e+13,7.899657e+01
2.943573e+13,4.999997e+00
9.719133e+13,4.999996e+00
9.719133e+13,7.899845e+01
1.711669e+13,6.251613e+01
9.305590e+13,7.975470e+01
9.305590e+13,7.975470e+01
1.544871e+14,5.681321e+01
3.368134e+13,2.750576e+01
3.537092e+13,5.000033e+00
3.537092e+13,7.897963e+01
1.825781e+13,7.898216e+01
1.575712e+14,5.747383e+01
9.222906e+14,8.000000e+01
6.545246e+14,7.422952e+01
4.493250e+14,7.639155e+01
5.875842e+13,4.077819e+01
3.150399e+13,7.899543e+01
2.197528e+13,7.896155e+01
2.273529e+13,7.896875e+01
1.341101e+14,5.000000e+00
1.341101e+14,7.896850e+01
8.875615e+13,5.320984e+01
9.459074e+13,5.447102e+01
2.467923e+13,2.546385e+01
1.835340e+15,8.000000e+01
3.598992e+13,3.477257e+01
2.087896e+13,2.098989e+01
7.357689e+13,4.678382e+01
6.233543e+13,7.899161e+01
2.414274e+13,2.780604e+01
1.689364e+13,7.899806e+01
7.168975e+13,4.888579e+01
2.497179e+13,7.899626e+01
3.568168e+13,4.203937e+01
2.362076e+13,2.492334e+01
5.235666e+13,4.726427e+01
5.371781e+13,7.897158e+01
2.446479e+13,7.899063e+01
2.013897e+13,7.899575e+01
7.862480e+13,2.265193e+01
3.036551e+13,2.924739e+01
1.644988e+13,7.899534e+01
3.626413e+13,3.621392e+01
1.550525e+13,7.899479e+01
8.769296e+13,4.654359e+01
1.839103e+13,7.899464e+01
8.212505e+13,7.849352e+01
7.816142e+13,4.312039e+01
2.509201e+15,8.000000e+01
2.509201e+15,8.000000e+01
5.165009e+13,3.095197e+01
9.097889e+13,8.000000e+01
7.285336e+13,6.648227e+01
3.515772e+13,3.255049e+01
1.264225e+14,7.218761e+01
1.264225e+14,7.218761e+01
3.484737e+13,3.645414e+01
1.552109e+15,8.000000e+01
3.435683e+13,7.895571e+01
1.451609e+13,7.898268e+01
3.349488e+14,8.000000e+01
3.002622e+13,7.899378e+01
2.634734e+13,2.606441e+01
4.876721e+14,8.000000e+01
4.876721e+14,8.000000e+01
5.562240e+14,7.519042e+01
9.460052e+13,6.377974e+01
9.486216e+12,7.899761e+01
1.881719e+13,5.296671e+01
6.967019e+13,4.678382e+01
3.994823e+14,7.212755e+01
1.655232e+14,8.000000e+01
3.355825e+19,8.000000e+01
3.355825e+19,8.000000e+01
3.355825e+19,8.000000e+01
2.543421e+13,7.899025e+01
3.094606e+13,2.756582e+01
1.211157e+13,7.892245e+01
5.059247e+13,4.999798e+00
7.953766e+13,3.813572e+01
5.877692e+13,3.496504e+01
7.352713e+13,7.899689e+01
3.177968e+13,2.930745e+01
7.171000e+13,3.753515e+01
1.446297e+14,5.837467e+01
2.834865e+13,7.898523e+01
6.472708e+13,3.099717e+01
4.755218e+13,3.519296e+01
6.702596e+13,4.131870e+01
1.962801e+14,8.000000e+01
7.925712e+13,8.000000e+01
2.408012e+13,7.588568e+01
1.759367e+13,7.899601e+01
2.752399e+13,7.894390e+01
5.882698e+13,2.186047e+01
3.901819e+13,3.315105e+01
2.358185e+14,7.609127e+01
5.576629e+13,3.771532e+01
5.567364e+13,3.771532e+01
2.815574e+14,5.339000e+01
8.237997e+14,8.000000e+01
1.006645e+13,7.899720e+01
1.030813e+13,7.899692e+01
3.107489e+13,4.690056e+01
1.429718e+13,7.899594e+01
1.126327e+14,8.000000e+01
1.126327e+14,8.000000e+01
8.026023e+13,4.083825e+01
1.194917e+13,7.898319e+01
6.492527e+13,4.954640e+01
5.887292e+13,6.510097e+01
1.721265e+13,7.405605e+01
7.077524e+13,6.708283e+01
2.264976e+13,4.999261e+00
2.178355e+13,7.899589e+01
1.365580e+13,7.899609e+01
3.697872e+14,8.000000e+01
3.697872e+14,8.000000e+01
1.579183e+14,8.000000e+01
1.579183e+14,8.000000e+01
1.579183e+14,8.000000e+01
4.718775e+13,3.122925e+01
3.520581e+13,4.582292e+01
5.444710e+13,4.804500e+01
3.059837e+13,2.846666e+01
5.507895e+13,5.068747e+01
9.168284e+13,8.000000e+01
1.407859e+13,7.899749e+01
1.091211e+13,7.859238e+01
3.579765e+13,2.972784e+01
1.492647e+13,7.899683e+01
1.010733e+14,5.254922e+01
2.471353e+13,7.896599e+01
1.682400e+13,7.899418e+01
7.426886e+13,4.999737e+00
5.209463e+13,4.999954e+00
5.209463e+13,5.000026e+00
2.527150e+13,6.934470e+01
6.825644e+13,5.170843e+01
3.230340e+13,3.303094e+01
1.404393e+13,7.899791e+01
1.525103e+15,7.326862e+01
1.317329e+14,8.000000e+01
1.317329e+14,8.000000e+01
1.126062e+13,7.899797e+01
3.478429e+13,2.948762e+01
9.251544e+14,8.000000e+01
9.251544e+14,8.000000e+01
1.588569e+13,1.698840e+01
3.555888e+14,8.000000e+01
3.555888e+14,8.000000e+01
8.150173e+14,8.000000e+01
8.150173e+14,8.000000e+01
3.654888e+13,4.065808e+01
3.585273e+14,6.822390e+01
7.655983e+14,8.000000e+01
1.127210e+14,8.000000e+01
2.911788e+13,2.816638e+01
3.611776e+13,3.741504e+01
4.004704e+13,7.899777e+01
4.004704e+13,7.899440e+01
3.557412e+13,2.792616e+01
4.669833e+13,7.899108e+01
1.696106e+13,7.890255e+01
2.354379e+14,6.233839e+01
4.920394e+13,3.621392e+01
7.805677e+13,6.624204e+01
1.725282e+13,6.715438e+01
7.811005e+13,7.899675e+01
7.811005e+13,7.899680e+01
5.440969e+13,5.471124e+01
3.530766e+13,2.840661e+01
1.309609e+14,4.702404e+01
3.920404e+14,7.741250e+01
1.745859e+13,7.899096e+01
1.139103e+13,7.899758e+01
4.480058e+13,3.861617e+01
5.384823e+13,3.729493e+01
1.554158e+13,7.899424e+01
6.055575e+13,3.297088e+01
1.848350e+13,7.899583e+01
3.531723e+14,7.963458e+01
3.531723e+14,7.963458e+01
2.229141e+13,7.899418e+01
1.570358e+13,7.899666e+01
5.488906e+13,3.969718e+01
1.047828e+13,7.898416e+01
1.403236e+13,7.899686e+01
5.430869e+13,3.957707e+01
3.234509e+14,8.000000e+01
1.081380e+13,7.899810e+01
5.587739e+13,3.369156e+01
3.719999e+13,3.699465e+01
1.133353e+13,7.899686e+01
6.629182e+14,8.000000e+01
6.629182e+14,8.000000e+01
4.227304e+13,3.861617e+01
2.453978e+14,6.035653e+01
1.295783e+14,5.212882e+01
6.551296e+18,8.000000e+01
6.551296e+18,8.000000e+01
6.551296e+18,8.000000e+01
1.281508e+14,8.000000e+01
1.092112e+14,5.729366e+01
8.907802e+13,7.398930e+01
8.907802e+13,7.398930e+01
2.995990e+13,4.999658e+00
2.711207e+14,8.000000e+01
2.711207e+14,8.000000e+01
1.634893e+13,7.899505e+01
2.385980e+14,8.000000e+01
2.385980e+14,8.000000e+01
2.385980e+14,8.000000e+01
5.074317e+13,7.897683e+01
1.079055e+14,7.543065e+01
3.039269e+14,8.000000e+01
3.039269e+14,8.000000e+01
3.039269e+14,8.000000e+01
1.848589e+13,7.919344e+01
8.964712e+13,4.846539e+01
1.615087e+13,7.899781e+01
4.911734e+13,4.876567e+01
1.141414e+14,8.000000e+01
5.071302e+13,4.077819e+01
1.911586e+13,2.699778e+01
4.093762e+13,7.897082e+01
5.309315e+14,8.000000e+01
5.309315e+14,8.000000e+01
1.650856e+13,7.899791e+01
9.837124e+13,7.002558e+01
2.650005e+13,7.899396e+01
1.998329e+13,7.899341e+01
1.957645e+13,7.898961e+01
5.274286e+13,3.549324e+01
1.229879e+13,7.899537e+01
1.966524e+13,7.899671e+01
1.846533e+14,6.251855e+01
2.279809e+13,7.888072e+01
2.228216e+13,7.888862e+01
5.722988e+13,4.726427e+01
3.904396e+13,3.891645e+01
5.288557e+14,7.519042e+01
1.581448e+14,4.960646e+01
5.765560e+13,4.624331e+01
2.128683e+13,7.885591e+01
4.692431e+13,3.429212e+01
5.136297e+13,3.903656e+01
5.476396e+13,4.348072e+01
5.813917e+13,3.993740e+01
1.462524e+13,7.898630e+01
9.731175e+13,5.176849e+01
2.767085e+14,8.000000e+01
2.336869e+13,4.693127e+01
2.130102e+13,7.889042e+01
6.891334e+13,3.699465e+01
3.355052e+14,6.546131e+01
2.188665e+13,7.890221e+01
1.127797e+13,7.898335e+01
2.543880e+13,7.544299e+01
1.804100e+13,7.899621e+01
1.390703e+15,8.000000e+01
8.885414e+14,7.585104e+01
5.189937e+14,8.000000e+01
5.620344e+13,6.053670e+01
8.014733e+13,3.603375e+01
1.248769e+14,4.966652e+01
3.809677e+13,3.188987e+01
1.683348e+13,7.899558e+01
1.559750e+13,7.899691e+01
1.552549e+13,7.899450e+01
3.977129e+15,8.000000e+01
1.676299e+13,7.885891e+01
4.205658e+14,6.456047e+01
1.203670e+13,6.904474e+01
4.330190e+13,4.792489e+01
7.220150e+13,4.288016e+01
3.100171e+13,4.131870e+01
5.224145e+13,4.179915e+01
5.865023e+13,7.899104e+01
1.968209e+17,8.000000e+01
2.208537e+13,7.899350e+01
7.887875e+13,4.017763e+01
7.538457e+13,5.771405e+01
2.758901e+13,2.726554e+01
6.065246e+13,3.867622e+01
2.999046e+13,2.732559e+01
1.259430e+13,7.898726e+01
5.157159e+13,3.621392e+01
2.182880e+14,5.597242e+01
2.370980e+14,7.002558e+01
6.400295e+13,7.899248e+01
3.954304e+13,3.128931e+01
1.730570e+14,6.546131e+01
3.325370e+13,3.411195e+01
8.902268e+15,8.000000e+01
4.478942e+14,7.819323e+01
3.967650e+13,5.897524e+01
2.009533e+14,8.000000e+01
6.634829e+13,8.000000e+01
6.634829e+13,4.999521e+00
1.448141e+14,5.056736e+01
2.200988e+14,8.000000e+01
1.924905e+13,7.887046e+01
1.297937e+13,7.897674e+01
1.101517e+13,7.908646e+01
2.601691e+13,7.899734e+01
1.110659e+13,7.899772e+01
1.877634e+13,7.898481e+01
2.217711e+13,2.444289e+01
4.886799e+13,4.155892e+01
3.861136e+13,7.899413e+01
3.596226e+13,3.843600e+01
3.154076e+13,7.899758e+01
5.470705e+13,5.116792e+01
1.454529e+13,7.899427e+01
3.188068e+13,7.899656e+01
1.267651e+14,8.000000e+01
1.389317e+14,8.000000e+01
1.389317e+14,8.000000e+01
2.855224e+13,3.194992e+01
1.172786e+13,7.899277e+01
2.682245e+13,2.972784e+01
1.276713e+13,7.893616e+01
9.411377e+13,5.795428e+01
1.544248e+15,8.000000e+01
1.544248e+15,8.000000e+01
1.544248e+15,8.000000e+01
1.544248e+15,8.000000e+01
1.544248e+15,8.000000e+01
1.469916e+20,8.000000e+01
1.469916e+20,8.000000e+01
1.469916e+20,8.000000e+01
1.469916e+20,8.000000e+01
2.242210e+13,2.900000e+01
4.985890e+13,4.930618e+01
2.295992e+13,7.899265e+01
1.861596e+13,7.899561e+01
1.623153e+13,7.899558e+01
1.021495e+14,6.137749e+01
6.833535e+13,5.549197e+01
1.336699e+13,7.894684e+01
2.057434e+13,7.896998e+01
3.855079e+13,3.140942e+01
1.212912e+13,7.896824e+01
3.022152e+13,7.899628e+01
6.418806e+13,4.017763e+01
1.113661e+14,6.197805e+01
3.885939e+13,7.899657e+01
3.071804e+13,7.897721e+01
1.363939e+13,7.898937e+01
3.383277e+14,8.000000e+01
8.200384e+13,6.894457e+01
2.108247e+13,7.899326e+01
6.562412e+13,4.900590e+01
2.407082e+14,8.000000e+01
2.407082e+14,8.000000e+01
1.363123e+13,7.896741e+01
3.269794e+13,2.714542e+01
9.054417e+13,4.312039e+01
1.400571e+13,4.999383e+00
1.348965e+14,8.000000e+01
1.348965e+14,8.000000e+01
8.232120e+13,4.738438e+01
1.815554e+14,5.855484e+01
3.227484e+13,3.002812e+01
5.933857e+13,5.056736e+01
7.363310e+13,7.897023e+01
2.230215e+13,2.582419e+01
7.108879e+13,7.899650e+01
7.108879e+13,6.732305e+01
1.351443e+14,8.000000e+01
5.791714e+13,3.489268e+01
3.584897e+14,8.000000e+01
3.584897e+14,8.000000e+01
1.272662e+14,8.000000e+01
1.272662e+14,8.000000e+01
1.388294e+13,7.909886e+01
3.097065e+14,8.000000e+01
1.761024e+13,7.898720e+01
2.573233e+13,2.576413e+01
1.605690e+13,7.897294e+01
2.041409e+13,7.899028e+01
1.750294e+13,7.899457e+01
1.044495e+13,7.899814e+01
5.023299e+14,8.000000e+01
1.374365e+13,7.439856e+01
9.438899e+12,7.899232e+01
8.353794e+13,4.408129e+01
2.136080e+13,4.997950e+00
7.141828e+13,4.390112e+01
1.851253e+13,7.899177e+01
2.537018e+13,7.898967e+01
5.309127e+13,7.882155e+01
1.181231e+14,6.510097e+01
1.315369e+14,5.621265e+01
3.414942e+13,7.886997e+01
1.202368e+14,5.771405e+01
6.693039e+13,5.140815e+01
1.086213e+14,5.074753e+01
7.557738e+14,7.290828e+01
1.758884e+19,8.000000e+01
1.758884e+19,8.000000e+01
1.758884e+19,8.000000e+01
1.758884e+19,8.000000e+01
4.638023e+13,4.023769e+01
6.561468e+13,3.795555e+01
1.755548e+13,4.999701e+00
9.106050e+13,4.636342e+01
2.703318e+13,5.000287e+00
2.703318e+13,5.000141e+00
3.853144e+13,3.741504e+01
3.264185e+13,3.471251e+01
1.078957e+14,7.332868e+01
2.009971e+13,2.264121e+01
3.059732e+13,7.898993e+01
2.910421e+15,8.000000e+01
2.828771e+13,3.068874e+01
4.869883e+14,6.173782e+01
1.296983e+13,7.899800e+01
2.687378e+14,5.873501e+01
4.534551e+13,7.899611e+01
9.587413e+13,6.978536e+01
1.031796e+14,8.000000e+01
1.031796e+14,8.000000e+01
6.432905e+13,4.474190e+01
8.157947e+13,3.645414e+01
3.021284e+13,3.483262e+01
2.720578e+13,7.890186e+01
1.816133e+13,7.899204e+01
3.052505e+13,2.750576e+01
4.166370e+18,8.000000e+01
4.166370e+18,8.000000e+01
4.166370e+18,8.000000e+01
8.338703e+13,5.777411e+01
2.738212e+13,7.899068e+01
3.005801e+13,2.834655e+01
8.209603e+13,4.318044e+01
2.066238e+14,7.765273e+01
9.905072e+12,7.899670e+01
3.124562e+13,7.899075e+01
9.876253e+13,5.543192e+01
2.219477e+13,7.921645e+01
5.847356e+13,4.810505e+01
7.364637e+13,8.000000e+01
1.499133e+13,7.896906e+01
4.237547e+13,3.609380e+01
1.185830e+13,7.897411e+01
6.072843e+13,6.209816e+01
1.363929e+13,7.898762e+01
6.596093e+13,5.062742e+01
7.240082e+13,7.896221e+01
7.240082e+13,5.000024e+00
1.005050e+14,6.383979e+01
5.573274e+13,4.636342e+01
2.205800e+13,2.450295e+01
7.933328e+13,6.876440e+01
1.372761e+14,8.000000e+01
3.986571e+13,2.924739e+01
4.138635e+13,3.801560e+01
6.618376e+13,3.867622e+01
7.240960e+13,6.648227e+01
1.199954e+14,8.000000e+01
1.199954e+14,8.000000e+01
3.288274e+13,3.170970e+01
1.127517e+14,8.000000e+01
1.429550e+13,7.899384e+01
1.006578e+13,7.899840e+01
1.610869e+14,2.900000e+01
1.978463e+14,6.654232e+01
5.185866e+13,6.263867e+01
8.338179e+13,4.936624e+01
1.785045e+14,8.000000e+01
2.711050e+13,7.899722e+01
4.890831e+13,5.417074e+01
4.965549e+13,4.041785e+01
4.047168e+13,7.899666e+01
1.001257e+15,8.000000e+01
3.003392e+14,8.000000e+01
3.003392e+14,8.000000e+01
6.046506e+13,3.855611e+01
1.112462e+14,5.393051e+01
2.778625e+14,3.900000e+01
2.536985e+13,7.895115e+01
2.563687e+13,7.887814e+01
9.226985e+13,6.125737e+01
4.017607e+13,3.633403e+01
5.497269e+13,7.898475e+01
8.224394e+13,5.375034e+01
1.888483e+13,7.896569e+01
2.084016e+13,2.150014e+01
2.004201e+13,7.899070e+01
2.277838e+13,7.920031e+01
4.039158e+14,8.000000e+01
8.692396e+13,7.873374e+01
2.211783e+13,7.899045e+01
4.884135e+13,3.483262e+01
3.722461e+13,4.660365e+01
3.722461e+13,4.660365e+01
1.756001e+14,6.347945e+01
1.107659e+14,6.215822e+01
2.234325e+13,7.919260e+01
7.885545e+13,3.729493e+01
4.889656e+13,7.898352e+01
1.311029e+13,7.899720e+01
1.533405e+13,7.897673e+01
2.663694e+13,2.804627e+01
1.562715e+13,7.899390e+01
1.523382e+14,8.000000e+01
2.570466e+13,2.534374e+01
1.285711e+14,4.750449e+01
1.604207e+13,7.899802e+01
2.105160e+13,2.402250e+01
6.427930e+13,6.492080e+01
4.488231e+13,5.278944e+01
3.079555e+13,7.897532e+01
3.655463e+14,8.000000e+01
3.655463e+14,8.000000e+01
3.655463e+14,8.000000e+01
3.655463e+14,8.000000e+01
3.387962e+13,2.708537e+01
5.759828e+13,7.898541e+01
1.118555e+13,4.999691e+00
1.923670e+13,7.829577e+01
3.718760e+13,3.801560e+01
1.603965e+13,7.899121e+01
3.710422e+13,7.899719e+01
4.130183e+13,3.140942e+01
1.547063e+14,5.705344e+01
1.643712e+13,7.894259e+01
2.636878e+13,7.895160e+01
4.074479e+13,3.669437e+01
1.479814e+13,7.895407e+01
2.754732e+14,8.000000e+01
2.754732e+14,8.000000e+01
3.155207e+13,3.333122e+01
1.720851e+13,7.893883e+01
2.285215e+13,2.444289e+01
2.088573e+14,8.000000e+01
2.088573e+14,8.000000e+01
2.727545e+13,6.871279e+01
3.413281e+13,3.002812e+01
5.464483e+13,3.573347e+01
3.599645e+13,3.351139e+01
1.437630e+13,7.896616e+01
6.028769e+13,5.693332e+01
2.226028e+13,2.528368e+01
2.175316e+13,7.444272e+01
3.466453e+14,8.000000e+01
3.466453e+14,8.000000e+01
3.052610e+13,7.895771e+01
2.008998e+13,7.897862e+01
4.706827e+13,3.543319e+01
3.084036e+13,2.672503e+01
4.429277e+13,3.825583e+01
3.019607e+13,2.750576e+01
2.092535e+14,8.000000e+01
9.937118e+13,4.660365e+01
1.203922e+14,6.570154e+01
1.021638e+14,7.681194e+01
1.134884e+13,7.899786e+01
1.206183e+13,6.105551e+01
3.633646e+13,3.219015e+01
2.550316e+13,7.899565e+01
2.119203e+13,7.899784e+01
2.819356e+13,2.690520e+01
1.445579e+13,7.896734e+01
5.043050e+13,7.086637e+01
2.724848e+14,6.167777e+01
5.166145e+13,3.525302e+01
2.784691e+13,2.600436e+01
9.655362e+13,5.068747e+01
4.182133e+14,4.870007e+01
1.957035e+13,7.898790e+01
2.510766e+13,7.899595e+01
2.308106e+13,7.899224e+01
4.761428e+13,3.441223e+01
1.431190e+14,5.242910e+01
1.728644e+14,8.000000e+01
6.616612e+13,5.000134e+00
6.616612e+13,5.000186e+00
1.041308e+13,7.899673e+01
2.457650e+13,7.899013e+01
2.233394e+14,8.000000e+01
5.823176e+13,4.251982e+01
2.522715e+13,2.552391e+01
1.719556e+13,7.891191e+01
1.245273e+14,5.411068e+01
1.732670e+14,5.597242e+01
4.588597e+13,5.363023e+01
7.163045e+13,5.000008e+00
7.163045e+13,7.549070e+01
4.568764e+14,7.891391e+01
4.609388e+13,2.097031e+01
1.363935e+14,8.000000e+01
4.979743e+13,5.867495e+01
2.554999e+13,3.086891e+01
8.066934e+13,4.612320e+01
1.063075e+14,5.411068e+01
6.105494e+13,3.669437e+01
7.817870e+13,4.029774e+01
6.611569e+14,8.000000e+01
1.013295e+14,5.633276e+01
4.870692e+13,7.899110e+01
1.108571e+14,8.000000e+01
1.302555e+14,8.000000e+01
6.607040e+13,6.720294e+01
1.596471e+14,8.000000e+01
1.806034e+14,6.143754e+01
3.374919e+14,6.245850e+01
2.425641e+13,7.898946e+01
4.206852e+13,4.426145e+01
4.194453e+13,4.504219e+01
4.955567e+13,4.888579e+01
2.196922e+13,7.899470e+01
2.010934e+14,8.000000e+01
1.437171e+14,6.438030e+01
1.217788e+14,4.167904e+01
2.812749e+13,2.600436e+01
1.646819e+13,7.898218e+01
1.431635e+14,4.936624e+01
2.546355e+14,5.411068e+01
8.716731e+12,1.899733e+01
2.815100e+13,2.948762e+01
1.064901e+13,7.899509e+01
1.053385e+13,7.899803e+01
4.616804e+13,7.899386e+01
3.290738e+14,8.000000e+01
1.173983e+14,7.170716e+01
6.305161e+13,4.852545e+01
2.709692e+14,6.768339e+01
1.789308e+13,7.889773e+01
6.816413e+13,4.444162e+01
2.199629e+13,7.894828e+01
5.430412e+13,3.255049e+01
1.337274e+13,7.894183e+01
6.831956e+13,4.107847e+01
2.277165e+13,7.899203e+01
1.199349e+14,7.284823e+01
2.215441e+14,5.873501e+01
5.487367e+13,3.873628e+01
3.487076e+13,3.002812e+01
5.587680e+13,4.522235e+01
1.075282e+13,7.899850e+01
1.672865e+13,2.099582e+01
6.579776e+13,4.960646e+01
2.332143e+13,7.899758e+01
5.332412e+13,4.756455e+01
5.332412e+13,7.899484e+01
1.399109e+13,4.999504e+00
1.865265e+13,7.899057e+01
7.745086e+13,3.915667e+01
1.392304e+13,7.899256e+01
2.354991e+15,8.000000e+01
4.753317e+13,4.570280e+01
2.712275e+13,2.510351e+01
9.256600e+12,7.899873e+01
4.215258e+13,3.969718e+01
1.674681e+13,7.894672e+01
1.505249e+13,7.895937e+01
6.928644e+13,4.804500e+01
1.001615e+14,7.537059e+01
1.001615e+14,7.537059e+01
4.366851e+13,7.898458e+01
1.002794e+14,6.341940e+01
1.002794e+14,6.341940e+01
4.009391e+13,4.999837e+00
8.451408e+13,6.353951e+01
3.123484e+14,8.000000e+01
3.123484e+14,8.000000e+01
9.779723e+13,5.339000e+01
1.311710e+14,4.486202e+01
1.994534e+13,7.898560e+01
2.135090e+13,5.000315e+00
8.598099e+13,8.000000e+01
9.603073e+12,7.899852e+01
4.803089e+13,3.303094e+01
1.874064e+13,7.897558e+01
1.302367e+13,7.899204e+01
5.891736e+13,5.807439e+01
9.473688e+12,7.895463e+01
6.308836e+13,7.896790e+01
6.308836e+13,7.899051e+01
3.319167e+14,8.000000e+01
3.319167e+14,8.000000e+01
5.545307e+13,3.097911e+01
2.637055e+13,7.898869e+01
1.937622e+13,7.894113e+01
6.262038e+13,5.200871e+01
1.316720e+13,7.899200e+01
4.593913e+13,4.029774e+01
2.576840e+14,8.000000e+01
1.533287e+14,5.188860e+01
1.868892e+13,7.899372e+01
2.720472e+17,8.000000e+01
2.720472e+17,8.000000e+01
2.720472e+17,8.000000e+01
2.720472e+17,8.000000e+01
1.832486e+14,8.000000e+01
1.832486e+14,8.000000e+01
1.832486e+14,8.000000e+01
2.595850e+13,2.426272e+01
8.733836e+13,5.723360e+01
5.981839e+13,5.387045e+01
1.086812e+14,5.975597e+01
1.207978e+13,7.899753e+01
1.517085e+13,4.999576e+00
8.951557e+13,5.080759e+01
1.114548e+14,8.000000e+01
1.172345e+13,7.896272e+01
3.176499e+13,3.194992e+01
4.694533e+13,7.898572e+01
4.694533e+13,7.897010e+01
5.749681e+14,7.308845e+01
2.073570e+13,2.432278e+01
6.593777e+14,8.000000e+01
1.071878e+13,7.877953e+01
1.389887e+13,7.889972e+01
2.016992e+13,7.899715e+01
1.106106e+14,5.423079e+01
3.107233e+13,2.798621e+01
3.485472e+13,4.300027e+01
5.859011e+14,8.000000e+01
1.088817e+14,4.972657e+01
1.338091e+13,7.899741e+01
1.352826e+14,8.000000e+01
8.459508e+13,8.000000e+01
2.156188e+14,8.000000e+01
4.316915e+13,4.426145e+01
4.316915e+13,4.426145e+01
2.390180e+13,2.498340e+01
2.493557e+14,8.000000e+01
2.493557e+14,8.000000e+01
2.387451e+13,2.720548e+01
1.489037e+15,7.591110e+01
1.303677e+13,7.908583e+01
1.174967e+14,7.266806e+01
2.957377e+13,3.537313e+01
3.763440e+13,2.960773e+01
4.932690e+13,4.684387e+01
3.141982e+13,7.899722e+01
4.409693e+13,4.107847e+01
3.710503e+13,2.978790e+01
2.266398e+13,7.897031e+01
1.008228e+14,4.510224e+01
6.290308e+13,5.711349e+01
5.342928e+14,8.000000e+01
9.278922e+13,4.906595e+01
4.324853e+13,4.570280e+01
7.211316e+13,4.636342e+01
4.784881e+13,4.035780e+01
1.461073e+13,7.899619e+01
8.249767e+13,4.065808e+01
3.361576e+13,2.780604e+01
6.600738e+13,6.546131e+01
3.333701e+13,2.816638e+01
2.061937e+13,7.899200e+01
1.600018e+14,6.215822e+01
6.677501e+13,4.504219e+01
1.885963e+13,7.897975e+01
1.836032e+13,7.899436e+01
2.166230e+14,5.357017e+01
5.173004e+13,7.899852e+01
3.075827e+13,5.000409e+00
9.100488e+13,4.474190e+01
5.273011e+13,5.056736e+01
5.273011e+13,4.999205e+00
2.530785e+13,2.312166e+01
1.803157e+14,5.260927e+01
5.102697e+13,5.447102e+01
1.857158e+14,8.000000e+01
9.895542e+14,8.000000e+01
6.110396e+13,5.441096e+01
6.110396e+13,7.899782e+01
1.618381e+14,8.000000e+01
6.065855e+13,4.137875e+01
1.037553e+14,2.693134e+01
3.915417e+14,6.924485e+01
3.230280e+13,7.896877e+01
2.114418e+14,5.411068e+01
1.192636e+15,8.000000e+01
1.192636e+15,8.000000e+01
7.540542e+13,7.134682e+01
6.352051e+13,4.840534e+01
1.614104e+14,8.000000e+01
1.293284e+20,8.000000e+01
1.293284e+20,8.000000e+01
1.293284e+20,8.000000e+01
1.690610e+14,8.000000e+01
1.690610e+14,8.000000e+01
1.690610e+14,8.000000e+01
4.635661e+13,7.899273e+01
4.237362e+13,7.897199e+01
4.237362e+13,5.000026e+00
4.826874e+13,3.675442e+01
4.478338e+13,3.423206e+01
2.208609e+13,7.899492e+01
1.463242e+13,7.899130e+01
3.719872e+14,8.000000e+01
1.959842e+13,4.998036e+00
2.745911e+13,7.895221e+01
1.251744e+13,7.897655e+01
1.188079e+14,6.203810e+01
2.881100e+13,3.122925e+01
5.548885e+13,5.507158e+01
1.452430e+14,5.645287e+01
1.419155e+13,7.899633e+01
1.278037e+14,8.000000e+01
1.278037e+14,7.899719e+01
1.278037e+14,8.000000e+01
6.487983e+13,5.471124e+01
1.669868e+13,7.897970e+01
3.000642e+13,7.897942e+01
1.704639e+13,7.899764e+01
1.984996e+13,7.890012e+01
5.932070e+13,3.399184e+01
2.828967e+13,3.921616e+01
4.761837e+13,3.669437e+01
6.022071e+13,3.855611e+01
3.131571e+14,8.000000e+01
2.112335e+13,7.899210e+01
2.064556e+13,7.899195e+01
1.238128e+14,6.023642e+01
4.160532e+14,8.000000e+01
4.160532e+14,8.000000e+01
1.144616e+14,8.000000e+01
1.751763e+14,8.000000e+01
1.557907e+13,7.898438e+01
1.306055e+14,7.645160e+01
3.863350e+14,7.909408e+01
5.849771e+13,3.399184e+01
1.307458e+14,6.678255e+01
8.224368e+13,4.540252e+01
5.580244e+14,8.000000e+01
3.331397e+13,3.140942e+01
2.651020e+13,2.888706e+01
4.460078e+13,3.489268e+01
3.105387e+13,3.399184e+01
1.248383e+14,7.464992e+01
3.498038e+13,7.899635e+01
3.429305e+13,7.899774e+01
2.441305e+13,7.899228e+01
8.604527e+13,5.447102e+01
1.789956e+14,8.000000e+01
1.789956e+14,5.000008e+00
1.336927e+14,5.248916e+01
2.356484e+13,2.444289e+01
1.445935e+13,5.000115e+00
1.894108e+13,7.897674e+01
1.352054e+13,7.899408e+01
7.732637e+13,4.197932e+01
1.373607e+13,7.899845e+01
2.095393e+13,2.360211e+01
6.506145e+13,5.741377e+01
2.124955e+13,7.899025e+01
1.568945e+13,7.899494e+01
3.595239e+14,8.000000e+01
1.801821e+13,7.898433e+01
3.553113e+13,3.357144e+01
6.168625e+13,4.257988e+01
2.710126e+14,8.000000e+01
2.710126e+14,8.000000e+01
2.710126e+14,8.000000e+01
3.472770e+14,8.000000e+01
1.258714e+13,7.898772e+01
7.071953e+13,4.540252e+01
2.094719e+14,6.846412e+01
2.391471e+13,2.690520e+01
1.238660e+13,7.899787e+01
5.872107e+13,4.185920e+01
2.878319e+13,7.898824e+01
1.988376e+13,7.899773e+01
1.008957e+13,7.899793e+01
1.551977e+13,7.916267e+01
1.049900e+14,4.864556e+01
1.445817e+13,7.899776e+01
4.189272e+13,7.897600e+01
3.085499e+13,2.762587e+01
1.019223e+14,6.480069e+01
7.982181e+13,6.281884e+01
1.358976e+14,6.377974e+01
5.625633e+13,4.282010e+01
9.836227e+13,5.332995e+01
1.291983e+13,7.892427e+01
6.099592e+13,4.708410e+01
1.506663e+13,5.710744e+01
8.330757e+13,4.360084e+01
2.310906e+13,2.258115e+01
6.563617e+14,8.000000e+01
4.215921e+13,3.537313e+01
3.049591e+13,2.954767e+01
1.810955e+13,7.887287e+01
1.031585e+13,7.898410e+01
1.227868e+13,7.895494e+01
6.464448e+15,8.000000e+01
1.171934e+14,5.164837e+01
1.008180e+13,7.899850e+01
9.144111e+12,7.899618e+01
1.672392e+13,7.898625e+01
5.362226e+13,3.441223e+01
9.259776e+13,5.507158e+01
2.185770e+13,7.895764e+01
1.097722e+14,4.504219e+01
6.008320e+14,8.000000e+01
6.008320e+14,8.000000e+01
2.625275e+13,3.020829e+01
2.965792e+14,6.047664e+01
8.249177e+14,8.000000e+01
3.612572e+13,3.429212e+01
9.858811e+13,4.360084e+01
4.024365e+14,8.000000e+01
1.544567e+13,7.893140e+01
6.668203e+13,7.898496e+01
6.668203e+13,7.897335e+01
9.734430e+14,8.000000e+01
2.033194e+14,7.603121e+01
2.033194e+14,7.603121e+01
3.420810e+13,3.255049e+01
1.087955e+14,5.639282e+01
3.853972e+13,2.894711e+01
1.599967e+14,8.000000e+01
1.599967e+14,8.000000e+01
1.106037e+14,8.000000e+01
6.810686e+13,4.612320e+01
2.974126e+14,8.000000e+01
1.313381e+13,7.899384e+01
4.875434e+13,3.447229e+01
1.737005e+14,4.906595e+01
1.127747e+14,4.552264e+01
5.418582e+13,3.176976e+01
3.530356e+13,7.898734e+01
5.766481e+13,4.263994e+01
1.092829e+13,7.899798e+01
2.890475e+13,2.714542e+01
3.419706e+20,8.000000e+01
3.419706e+20,8.000000e+01
3.419706e+20,8.000000e+01
3.419706e+20,8.000000e+01
3.419706e+20,8.000000e+01
3.419706e+20,8.000000e+01
3.419706e+20,8.000000e+01
3.419706e+20,8.000000e+01
3.419706e+20,8.000000e+01
3.419706e+20,8.000000e+01
2.263198e+13,7.899190e+01
6.270583e+13,3.909662e+01
5.333028e+13,4.720421e+01
2.779060e+13,4.849990e+01
1.246126e+14,5.357017e+01
1.175353e+14,8.000000e+01
1.512046e+14,7.807312e+01
3.860341e+13,2.846666e+01
1.337164e+13,7.898755e+01
2.524829e+13,7.893637e+01
3.925818e+13,3.297088e+01
1.197989e+15,7.230772e+01
5.962536e+14,8.000000e+01
2.656164e+13,7.898695e+01
4.832527e+13,3.182981e+01
1.409087e+13,7.899085e+01
1.695371e+14,8.000000e+01
1.644831e+13,5.000000e+00
3.064559e+13,2.780604e+01
5.169623e+13,5.393051e+01
3.492671e+13,3.014824e+01
1.830762e+13,7.898107e+01
8.505184e+14,8.000000e+01
8.505184e+14,8.000000e+01
3.183851e+14,7.837340e+01
1.304728e+13,7.899686e+01
7.967322e+13,3.561335e+01
6.502683e+13,5.357017e+01
2.149715e+14,7.182727e+01
9.916368e+13,4.678382e+01
1.462436e+13,4.999268e+00
2.936348e+14,8.000000e+01
9.477838e+12,7.899779e+01
3.302765e+13,7.899421e+01
1.148117e+16,8.000000e+01
2.432082e+13,4.999673e+00
3.464554e+14,8.000000e+01
3.464554e+14,8.000000e+01
2.052427e+13,7.896647e+01
5.545659e+14,8.000000e+01
1.115715e+13,7.899036e+01
1.421711e+14,7.452980e+01
4.970315e+13,4.300027e+01
4.791960e+13,7.899340e+01
2.268826e+13,7.408774e+01
8.257497e+13,6.666244e+01
8.257497e+13,6.666244e+01
2.361555e+13,7.898309e+01
8.519915e+12,7.899409e+01
1.445258e+14,5.182854e+01
1.140156e+14,6.504092e+01
9.294317e+13,4.155892e+01
5.572870e+13,3.843600e+01
7.761451e+13,6.758249e+01
3.617525e+13,7.899063e+01
8.608815e+13,4.221954e+01
1.456070e+13,7.899664e+01
7.579643e+13,4.882573e+01
4.250974e+13,5.363023e+01
4.477850e+13,7.899183e+01
1.886712e+13,7.896997e+01
1.617012e+13,7.899018e+01
5.191445e+13,3.717482e+01
1.751446e+13,7.899237e+01
4.623859e+13,3.495274e+01
2.534643e+13,2.618452e+01
4.798935e+13,3.747510e+01
1.736061e+14,5.903529e+01
2.555021e+13,7.894300e+01
6.622815e+13,4.215949e+01
8.792780e+13,8.000000e+01
6.730060e+13,4.450168e+01
3.035784e+14,8.000000e+01
2.008356e+13,7.898385e+01
3.023768e+14,8.000000e+01
3.023768e+14,8.000000e+01
3.023768e+14,8.000000e+01
1.687966e+13,7.885836e+01
8.032380e+15,8.000000e+01
8.032380e+15,8.000000e+01
4.626623e+14,8.000000e+01
6.711625e+13,7.899518e+01
6.711625e+13,7.898856e+01
7.540581e+15,8.000000e+01
7.540581e+15,8.000000e+01
7.540581e+15,8.000000e+01
3.103945e+13,3.086891e+01
7.469075e+15,8.000000e+01
7.469075e+15,8.000000e+01
2.748335e+13,7.897887e+01
3.937626e+14,8.000000e+01
7.470770e+14,8.000000e+01
4.876454e+13,4.108170e+01
2.281016e+14,8.000000e+01
3.465008e+13,7.898817e+01
1.416429e+13,1.900000e+01
1.802704e+13,7.893727e+01
3.144288e+13,3.363150e+01
5.837791e+13,3.531307e+01
8.079530e+13,5.801434e+01
1.732541e+13,7.898933e+01
3.262153e+14,6.408002e+01
5.262642e+13,3.993740e+01
1.321696e+13,7.899778e+01
1.383038e+13,6.857262e+01
7.455429e+13,4.522235e+01
1.048974e+14,4.276005e+01
2.663110e+14,8.000000e+01
2.663110e+14,8.000000e+01
5.972257e+13,4.173909e+01
3.933897e+13,3.573347e+01
1.748392e+13,7.899252e+01
5.770314e+13,4.882573e+01
4.636237e+13,3.243037e+01
9.835254e+13,7.627143e+01
1.654481e+14,8.000000e+01
1.654481e+14,8.000000e+01
1.654481e+14,8.000000e+01
1.301360e+14,6.263867e+01
1.116554e+14,4.576286e+01
3.701520e+13,3.657425e+01
2.476146e+13,2.888706e+01
9.190724e+12,7.899691e+01
1.027923e+14,5.813445e+01
1.027923e+14,5.813445e+01
1.686742e+15,8.000000e+01
1.686742e+15,8.000000e+01
1.488225e+13,7.899690e+01
1.123454e+13,7.899845e+01
4.811472e+13,5.933557e+01
9.166662e+12,7.899703e+01
2.601348e+13,7.905576e+01
1.882212e+14,5.351012e+01
3.483145e+13,3.038846e+01
8.485598e+12,7.899872e+01
3.812004e+13,7.898149e+01
1.778189e+14,7.434963e+01
1.664489e+14,8.000000e+01
4.790573e+13,4.113853e+01
1.806260e+14,8.000000e+01
1.806260e+14,8.000000e+01
1.806260e+14,8.000000e+01
2.592964e+14,8.000000e+01
2.592964e+14,8.000000e+01
1.542707e+13,3.101416e+01
3.534614e+13,3.194992e+01
2.861209e+13,2.708537e+01
3.907709e+13,3.453234e+01
1.874044e+14,5.801434e+01
1.786571e+13,6.252639e+01
6.085791e+13,3.285077e+01
4.172977e+13,4.999178e+00
2.011123e+13,7.899324e+01
6.186321e+13,2.480323e+01
2.624172e+13,2.648481e+01
2.740414e+13,2.888706e+01
3.821949e+13,2.834655e+01
3.583202e+14,7.344879e+01
2.337065e+14,5.254922e+01
4.052383e+13,3.975724e+01
1.262249e+13,7.896920e+01
5.426233e+13,7.899257e+01
5.426233e+13,7.899744e+01
1.060848e+14,6.293092e+01
5.187840e+13,7.898287e+01
5.187840e+13,7.897510e+01
5.318326e+13,4.960646e+01
3.285055e+13,3.110914e+01
2.283438e+14,7.477003e+01
3.577494e+13,3.645414e+01
1.215008e+14,5.000094e+00
1.215008e+14,4.999980e+00
2.073849e+14,8.000000e+01
2.073849e+14,8.000000e+01
2.820053e+13,2.852672e+01
1.477255e+13,7.899689e+01
3.667674e+13,2.948762e+01
5.494878e+13,7.899197e+01
3.906584e+13,3.543319e+01
2.388275e+13,7.900400e+01
2.388275e+13,4.708829e+01
2.934673e+13,7.899448e+01
1.383653e+14,6.750322e+01
3.683301e+13,3.807566e+01
1.930054e+13,7.899428e+01
4.435728e+13,5.000054e+00
1.505205e+13,7.897031e+01
2.288448e+13,7.898598e+01
3.176654e+13,2.918734e+01
2.661658e+13,7.896410e+01
3.960270e+13,3.020829e+01
1.206220e+13,7.899714e+01
1.019810e+13,7.897230e+01
5.360427e+13,4.486202e+01
6.949695e+14,6.239844e+01
3.273793e+13,2.100000e+01
2.951766e+13,2.558396e+01
3.194134e+14,8.000000e+01
3.194134e+14,8.000000e+01
9.170748e+13,5.014697e+01
1.264751e+14,8.000000e+01
1.264751e+14,8.000000e+01
1.529935e+13,7.899263e+01
1.479354e+13,7.899658e+01
1.901725e+13,4.999981e+00
5.593084e+13,5.645287e+01
2.166130e+14,7.326862e+01
2.166130e+14,7.326862e+01
7.506736e+13,4.870562e+01
1.155799e+13,7.905381e+01
3.931664e+13,2.978790e+01
2.600850e+13,7.899671e+01
1.739741e+13,4.999837e+00
5.202175e+13,4.840534e+01
1.709397e+13,7.921745e+01
7.170642e+13,3.879634e+01
1.904486e+13,7.898463e+01
2.033110e+13,7.899759e+01
6.305737e+13,4.582292e+01
5.101146e+13,3.597369e+01
2.391167e+13,2.522362e+01
2.037206e+13,7.892862e+01
1.652146e+13,7.899568e+01
3.563327e+14,8.000000e+01
3.563327e+14,8.000000e+01
3.563327e+14,8.000000e+01
1.033448e+13,7.899661e+01
1.682269e+13,7.899612e+01
1.905966e+13,7.898571e+01
2.675621e+14,6.816384e+01
2.614473e+13,2.882700e+01
1.763573e+14,7.464992e+01
2.364881e+13,2.444289e+01
1.337905e+13,7.899774e+01
4.707428e+13,7.898243e+01
4.707428e+13,5.000004e+00
1.530359e+14,4.990674e+01
1.430875e+14,8.000000e+01
2.318970e+13,2.702531e+01
1.938051e+13,7.896847e+01
5.166706e+14,8.000000e+01
8.624405e+13,4.846539e+01
3.169260e+13,3.609380e+01
4.381043e+16,8.000000e+01
9.719594e+12,7.899668e+01
1.529995e+14,6.696272e+01
1.529995e+14,6.696272e+01
5.550350e+14,8.000000e+01
5.550350e+14,8.000000e+01
6.572608e+13,6.660238e+01
5.292797e+13,3.801560e+01
1.944981e+13,7.898694e+01
1.831038e+13,7.899011e+01
2.194207e+13,5.000110e+00
2.538099e+14,7.092643e+01
1.746889e+14,5.026708e+01
9.904598e+12,7.899781e+01
1.024804e+14,7.495020e+01
1.307602e+13,6.909021e+01
1.213721e+14,7.899801e+01
1.213721e+14,8.000000e+01
3.833767e+13,4.197932e+01
1.619952e+13,7.899121e+01
2.461540e+14,8.000000e+01
1.285758e+13,4.999000e+00
1.545381e+13,7.897073e+01
1.347811e+14,6.083698e+01
1.520390e+13,7.899291e+01
1.433958e+14,5.206877e+01
2.252214e+13,7.882444e+01
4.514727e+13,4.071814e+01
1.487816e+13,7.899532e+01
4.876264e+13,3.759521e+01
5.706320e+13,4.336061e+01
1.046225e+14,8.000000e+01
5.325963e+18,8.000000e+01
5.325963e+18,8.000000e+01
2.261082e+16,8.000000e+01
1.249698e+14,4.684387e+01
2.148124e+13,7.899403e+01
1.237906e+13,7.906176e+01
8.357357e+13,4.306033e+01
2.884390e+13,3.104908e+01
2.769231e+13,3.164964e+01
4.935503e+13,6.161771e+01
2.669982e+14,8.000000e+01
2.669982e+14,8.000000e+01
1.644673e+13,7.899174e+01
6.272299e+13,5.000169e+00
6.272299e+13,5.000183e+00
6.102771e+13,5.657299e+01
3.968896e+13,3.170970e+01
2.108437e+13,2.198059e+01
2.347996e+13,2.564402e+01
5.545207e+13,5.032714e+01
4.054356e+13,7.898716e+01
1.532596e+13,7.898311e+01
6.558670e+13,5.369029e+01
1.285417e+14,5.000000e+00
1.285417e+14,4.999992e+00
1.766778e+13,7.899475e+01
5.505874e+13,2.299456e+01
3.835283e+13,3.573347e+01
3.701790e+13,7.892450e+01
1.292967e+13,7.899594e+01
7.134619e+13,4.354078e+01
1.061862e+14,5.693332e+01
7.121494e+13,5.879507e+01
7.121494e+13,5.879507e+01
5.853912e+13,4.149887e+01
2.033472e+13,7.899636e+01
4.354913e+13,3.627397e+01
3.701026e+13,4.005752e+01
7.060801e+13,7.056609e+01
3.420985e+13,3.243037e+01
1.565022e+14,5.513164e+01
7.193986e+13,2.100000e+01
1.052270e+13,7.899349e+01
8.209444e+13,5.056736e+01
3.687015e+13,3.158959e+01
5.785040e+14,8.000000e+01
9.399281e+13,3.765527e+01
1.498535e+13,7.899758e+01
2.506493e+13,3.700000e+01
2.661088e+13,7.899678e+01
5.494129e+13,3.717482e+01
1.162868e+13,7.899730e+01
2.155721e+14,5.465119e+01
4.494825e+13,7.236778e+01
6.635327e+13,4.245977e+01
4.111882e+13,3.711476e+01
4.112342e+13,3.477257e+01
2.117261e+14,8.000000e+01
2.117261e+14,8.000000e+01
4.662804e+13,3.447229e+01
1.531161e+14,5.260927e+01
1.211466e+14,4.900184e+01
1.952049e+13,7.898569e+01
1.893030e+14,6.047664e+01
6.922492e+13,3.693459e+01
1.196051e+13,2.899778e+01
2.576577e+13,7.889944e+01
2.288430e+13,7.898452e+01
6.051922e+13,3.705470e+01
7.776545e+13,3.975724e+01
1.062979e+14,6.978536e+01
1.298664e+13,7.898535e+01
1.812210e+13,7.899724e+01
7.857528e+13,6.774345e+01
3.095173e+14,8.000000e+01
3.128739e+13,2.882700e+01
2.291624e+14,7.657172e+01
2.622655e+13,7.895422e+01
1.968198e+13,7.898631e+01
6.680759e+13,5.000000e+00
2.906739e+13,2.756582e+01
7.886622e+13,7.098648e+01
7.886622e+13,7.098648e+01
1.114795e+13,4.098581e+01
3.283043e+14,6.035653e+01
2.976743e+13,2.414261e+01
1.138753e+14,5.393051e+01
4.770938e+13,3.327116e+01
1.978737e+13,7.897229e+01
2.381335e+13,7.898423e+01
3.101746e+13,2.732559e+01
1.938929e+13,7.899392e+01
4.393216e+13,3.231026e+01
1.968913e+13,7.899315e+01
1.816849e+13,7.899582e+01
9.495152e+13,8.000000e+01
9.495152e+13,8.000000e+01
3.869076e+13,3.525302e+01
5.620644e+13,3.651420e+01
1.293822e+14,4.005752e+01
1.193891e+13,7.899624e+01
2.289876e+14,5.915540e+01
1.522556e+14,7.266806e+01
1.561815e+14,4.999920e+00
1.079748e+13,7.899731e+01
2.131027e+13,2.606441e+01
4.146432e+13,2.291498e+01
6.706008e+13,5.627270e+01
1.615726e+13,7.899691e+01
1.838963e+13,7.898926e+01
1.121228e+13,7.899786e+01
5.729446e+13,5.080759e+01
8.776896e+19,8.000000e+01
8.776896e+19,8.000000e+01
8.776896e+19,8.000000e+01
8.776896e+19,8.000000e+01
8.776896e+19,8.000000e+01
8.776896e+19,8.000000e+01
2.258843e+13,2.246104e+01
4.889201e+13,5.122798e+01
1.907061e+13,7.898991e+01
5.030336e+13,5.248916e+01
1.804854e+13,7.892782e+01
5.602191e+13,3.747510e+01
1.551238e+14,7.885385e+01
1.551238e+14,7.885385e+01
1.172046e+13,7.899862e+01
4.058445e+13,4.041785e+01
5.439250e+13,4.666370e+01
7.819303e+13,5.513164e+01
7.819303e+13,5.513164e+01
1.245049e+13,7.899818e+01
2.362723e+13,2.384233e+01
3.572368e+13,3.026835e+01
1.917453e+13,7.898680e+01
3.847386e+13,7.898857e+01
2.753261e+13,6.478836e+01
6.550736e+16,8.000000e+01
1.612837e+13,7.892778e+01
1.006233e+14,4.606314e+01
5.912152e+13,3.945695e+01
2.504504e+13,7.899068e+01
1.278077e+13,7.899633e+01
3.499116e+13,3.753515e+01
1.319750e+14,6.552137e+01
1.676383e+14,6.035653e+01
5.056641e+13,3.255049e+01
3.604269e+13,1.897775e+01
4.202487e+14,8.000000e+01
4.202487e+14,8.000000e+01
3.445274e+13,3.867622e+01
2.125296e+13,2.480323e+01
2.925821e+14,8.000000e+01
2.925821e+14,8.000000e+01
1.193351e+14,8.000000e+01
5.492154e+13,4.540252e+01
4.579935e+14,8.000000e+01
1.587105e+13,7.899491e+01
2.105289e+13,7.916803e+01
3.471537e+13,3.537313e+01
8.734935e+13,7.789295e+01
8.734935e+13,7.789295e+01
9.864462e+12,7.896417e+01
6.887586e+13,7.896463e+01
1.833052e+14,8.000000e+01
1.833052e+14,8.000000e+01
6.520205e+13,7.898114e+01
4.714119e+13,7.898180e+01
2.403817e+13,5.111242e+01
1.297727e+13,7.899716e+01
3.374164e+13,4.999703e+00
1.769951e+15,8.000000e+01
1.769951e+15,8.000000e+01
4.434731e+14,8.000000e+01
4.434731e+14,8.000000e+01
4.134130e+13,3.615386e+01
2.365901e+13,2.516357e+01
4.924540e+13,5.000002e+00
4.924540e+13,7.899100e+01
2.593840e+13,7.898186e+01
1.526736e+13,7.896662e+01
3.056674e+13,2.924739e+01
6.212878e+13,7.896446e+01
1.143464e+13,7.899643e+01
4.361368e+13,3.465245e+01
2.814734e+14,6.570154e+01
3.675907e+13,2.918734e+01
3.384888e+13,7.899128e+01
1.493365e+13,7.903601e+01
1.124912e+14,8.000000e+01
1.124912e+14,8.000000e+01
5.225509e+13,3.945695e+01
5.352997e+13,3.285077e+01
1.005936e+14,4.282010e+01
3.821301e+13,2.828649e+01
6.896939e+14,8.000000e+01
6.896939e+14,8.000000e+01
7.156451e+14,6.816384e+01
3.139335e+13,2.744571e+01
6.370359e+13,6.426019e+01
2.177584e+13,7.899524e+01
1.783467e+13,7.898214e+01
5.628721e+13,5.819450e+01
5.628721e+13,5.000020e+00
3.439159e+13,3.291082e+01
2.074552e+13,7.898971e+01
1.447759e+13,7.899610e+01
1.180089e+14,8.000000e+01
1.180089e+14,8.000000e+01
1.307958e+14,5.807439e+01
2.474025e+13,7.899278e+01
3.473174e+13,7.899639e+01
3.661100e+13,3.825583e+01
1.483705e+13,7.899561e+01
1.602921e+13,7.899512e+01
3.402579e+13,3.345133e+01
4.459528e+13,4.999788e+00
4.459528e+13,5.000118e+00
5.112314e+13,4.999894e+00
7.924363e+13,5.164837e+01
1.928487e+13,7.899443e+01
1.434377e+13,7.899794e+01
2.728933e+13,2.420267e+01
2.683969e+14,6.954513e+01
2.789856e+14,8.000000e+01
2.789856e+14,8.000000e+01
1.622750e+14,5.525175e+01
4.367781e+16,8.000000e+01
4.367781e+16,8.000000e+01
4.367781e+16,8.000000e+01
1.156121e+15,8.000000e+01
1.075930e+13,7.899787e+01
2.554561e+13,7.885508e+01
2.648895e+13,7.897864e+01
5.264556e+13,5.507158e+01
1.959016e+14,8.000000e+01
1.646807e+13,7.899516e+01
8.180374e+13,4.239971e+01
1.686584e+13,7.898518e+01
1.640111e+14,2.584639e+01
2.224431e+13,7.899253e+01
2.473986e+13,2.342194e+01
2.960047e+14,6.876440e+01
5.189852e+13,4.342067e+01
6.493405e+13,2.503275e+01
2.083377e+13,7.899117e+01
3.035667e+13,7.838462e+01
2.454164e+13,7.899409e+01
3.018335e+13,3.098902e+01
3.094889e+13,3.225021e+01
9.027416e+13,5.050730e+01
4.248270e+13,7.899468e+01
3.849081e+13,3.152953e+01
1.051411e+14,5.363023e+01
2.233939e+13,4.999678e+00
4.248545e+13,4.330055e+01
1.203735e+13,4.999782e+00
2.919053e+14,8.000000e+01
2.919053e+14,8.000000e+01
2.919053e+14,8.000000e+01
2.820165e+13,2.828649e+01
2.213231e+13,7.897671e+01
1.362676e+13,7.899104e+01
2.096168e+13,7.898160e+01
8.332225e+13,6.299900e+01
6.353808e+13,5.254922e+01
3.847824e+13,3.651420e+01
1.396893e+13,7.896625e+01
2.032990e+13,2.204064e+01
9.481859e+12,7.896621e+01
1.621686e+13,7.897620e+01
2.763351e+13,3.050857e+01
8.784338e+13,7.260800e+01
3.334033e+13,3.213009e+01
3.333857e+13,7.899473e+01
9.578822e+12,7.896506e+01
1.101476e+14,8.000000e+01
1.498932e+13,7.898456e+01
1.562487e+13,7.899729e+01
4.147047e+13,5.000004e+00
4.147047e+13,4.999964e+00
1.207364e+13,7.899452e+01
2.967950e+13,3.068874e+01
1.288521e+14,5.140815e+01
1.321340e+14,8.000000e+01
1.321340e+14,8.000000e+01
3.496120e+13,3.501279e+01
2.054040e+14,3.299795e+01
1.175750e+14,8.000000e+01
1.175750e+14,8.000000e+01
2.157334e+14,8.000000e+01
1.238315e+14,6.732305e+01
3.076525e+13,7.894106e+01
8.218296e+13,5.963585e+01
2.807644e+14,6.456047e+01
2.407707e+13,2.900000e+01
3.397786e+13,4.999892e+00
1.198318e+14,5.723360e+01
1.327994e+14,7.843346e+01
1.743819e+13,7.891379e+01
1.517984e+13,7.899505e+01
2.014480e+13,7.893019e+01
1.277561e+13,7.899588e+01
6.460374e+14,8.000000e+01
3.235676e+13,2.726554e+01
2.919180e+14,8.000000e+01
8.252365e+13,7.899220e+01
3.890687e+15,8.000000e+01
4.001508e+13,7.897447e+01
1.963407e+13,7.899267e+01
1.908644e+13,2.131997e+01
6.816375e+13,3.429212e+01
9.187935e+13,4.606314e+01
1.010487e+14,7.008564e+01
1.010487e+14,7.008564e+01
6.610781e+13,6.341940e+01
1.665981e+13,7.899408e+01
1.803531e+14,5.308972e+01
1.633889e+14,4.540252e+01
4.760320e+13,3.423206e+01
2.970745e+13,7.899322e+01
9.536893e+13,5.086764e+01
3.338489e+13,7.897367e+01
1.013691e+13,7.899828e+01
2.155165e+14,8.000000e+01
4.392918e+13,2.798621e+01
3.810692e+13,3.597369e+01
3.338912e+13,7.898921e+01
2.459260e+15,8.000000e+01
1.060200e+13,7.899809e+01
1.184391e+15,8.000000e+01
1.184391e+15,8.000000e+01
1.384230e+13,7.899096e+01
9.248975e+13,5.639282e+01
4.056559e+13,3.152953e+01
4.395415e+13,3.993740e+01
4.921866e+14,8.000000e+01
2.714025e+14,7.747256e+01
3.050463e+13,7.897482e+01
1.476461e+13,7.899589e+01
6.165537e+13,7.899643e+01
1.202559e+13,7.897371e+01
6.118935e+13,3.295805e+01
2.290395e+13,7.897636e+01
5.588586e+13,7.899620e+01
5.588586e+13,5.393051e+01
1.438781e+13,7.899644e+01
1.706736e+13,7.899293e+01
1.598795e+13,7.899207e+01
1.851382e+13,7.899247e+01
3.410778e+13,3.002812e+01
1.421477e+14,5.783417e+01
1.566953e+14,5.110787e+01
3.436018e+13,4.209943e+01
2.528058e+13,7.899476e+01
1.643124e+14,8.000000e+01
2.218019e+13,2.402250e+01
3.751758e+13,7.897212e+01
2.048100e+13,2.077946e+01
3.065540e+14,8.000000e+01
1.262750e+13,7.899732e+01
1.699177e+13,2.099708e+01
2.394085e+13,3.098226e+01
9.539135e+12,7.898616e+01
9.718685e+13,4.954640e+01
1.485574e+14,6.317917e+01
3.558976e+13,7.897577e+01
7.658621e+13,8.000000e+01
9.634953e+12,7.896747e+01
1.568275e+16,8.000000e+01
1.161357e+13,7.897967e+01
1.474648e+13,7.898031e+01
1.753040e+13,7.899361e+01
9.402475e+13,5.663304e+01
2.000269e+15,8.000000e+01
1.561280e+13,7.898469e+01
4.790437e+13,4.095836e+01
2.656195e+13,2.798621e+01
1.485763e+13,7.899583e+01
1.521061e+13,7.899650e+01
3.140661e+13,7.899493e+01
2.764527e+14,5.633276e+01
1.102232e+13,7.895814e+01
2.522510e+13,7.899522e+01
6.450700e+13,6.708283e+01
3.625071e+14,8.000000e+01
5.330772e+13,3.849605e+01
2.522993e+13,7.899296e+01
2.904587e+13,7.934277e+01
1.213299e+13,7.899453e+01
3.519473e+13,2.930745e+01
1.882936e+13,7.896988e+01
4.803358e+13,4.167904e+01
1.299306e+14,5.981602e+01
9.564000e+13,5.020702e+01
1.626818e+13,7.898625e+01
5.959256e+13,5.000000e+00
5.959256e+13,7.899798e+01
2.805458e+13,7.898812e+01
4.678119e+14,6.636215e+01
1.191000e+14,4.426145e+01
1.865853e+15,8.000000e+01
2.779121e+13,3.300364e+01
4.218851e+13,3.375161e+01
3.711209e+14,8.000000e+01
5.378492e+13,3.357144e+01
2.279392e+14,6.089704e+01
1.950896e+14,8.000000e+01
1.950896e+14,8.000000e+01
1.145230e+14,5.170843e+01
2.057441e+14,8.000000e+01
1.416953e+13,7.907883e+01
1.272938e+13,7.884132e+01
1.740936e+14,6.377974e+01
9.737375e+12,7.899850e+01
2.168113e+14,8.000000e+01
3.311822e+14,8.000000e+01
3.311822e+14,8.000000e+01
2.386421e+13,2.564402e+01
1.788702e+13,7.899600e+01
7.015880e+13,4.221954e+01
4.787309e+13,4.269999e+01
5.952234e+13,3.741504e+01
3.159063e+13,3.140942e+01
5.621338e+13,4.035780e+01
8.960842e+13,4.125864e+01
1.326959e+13,7.899533e+01
1.546667e+13,7.899797e+01
2.104025e+13,7.780788e+01
2.009089e+13,7.899577e+01
2.361878e+13,2.492334e+01
4.253441e+13,3.267060e+01
2.235312e+14,5.332995e+01
2.075837e+14,8.000000e+01
2.075837e+14,8.000000e+01
9.297133e+13,6.630210e+01
9.831401e+13,8.000000e+01
1.546170e+13,7.899473e+01
2.662654e+13,7.899607e+01
5.795221e+13,8.000000e+01
2.267836e+13,2.456301e+01
1.199225e+13,4.305620e+01
9.720633e+12,7.899582e+01
1.641812e+13,7.897880e+01
2.612590e+13,7.899383e+01
1.219013e+14,5.357017e+01
5.520103e+13,3.507285e+01
4.156614e+13,7.899665e+01
4.341521e+13,3.411195e+01
1.522428e+13,7.896091e+01
3.448886e+13,3.411195e+01
2.028535e+13,7.899026e+01
3.325148e+13,2.996807e+01
1.412796e+13,7.899600e+01
2.286135e+13,7.899695e+01
1.760605e+13,7.884899e+01
1.945724e+14,8.000000e+01
1.945724e+14,8.000000e+01
1.057579e+14,4.501186e+01
1.477308e+13,7.895306e+01
1.235638e+13,7.897721e+01
1.590118e+14,8.000000e+01
1.590118e+14,8.000000e+01
1.590118e+14,8.000000e+01
2.280745e+13,6.116550e+01
3.270145e+13,7.898012e+01
6.049083e+14,8.000000e+01
6.049083e+14,8.000000e+01
9.597138e+13,7.230772e+01
9.597138e+13,7.230772e+01
1.504882e+13,7.899666e+01
1.808897e+13,7.899626e+01
4.471775e+13,7.899607e+01
1.037775e+14,5.969591e+01
2.395923e+13,7.881074e+01
7.973733e+13,5.375034e+01
9.525653e+13,5.825456e+01
6.226329e+13,3.777538e+01
6.833837e+13,4.570280e+01
6.721624e+13,3.621392e+01
1.118847e+13,7.897547e+01
3.053421e+13,2.438284e+01
2.471318e+13,2.654486e+01
2.646109e+13,2.798621e+01
1.478581e+13,7.899806e+01
8.803527e+14,8.000000e+01
1.247954e+13,7.899413e+01
1.564466e+14,5.032714e+01
3.180977e+14,7.158705e+01
1.718953e+13,7.899568e+01
5.155345e+14,7.915413e+01
7.206429e+13,5.351012e+01
2.389547e+14,8.000000e+01
2.389547e+14,8.000000e+01
2.389547e+14,8.000000e+01
1.542386e+14,2.412961e+01
5.209900e+13,7.898798e+01
4.771811e+13,3.477257e+01
2.894450e+14,7.356890e+01
6.849498e+13,4.269999e+01
6.440620e+13,4.402123e+01
1.395078e+13,7.899602e+01
5.461891e+13,7.899150e+01
1.001825e+13,7.874986e+01
8.131750e+12,7.897969e+01
4.005378e+13,7.899274e+01
5.795994e+13,6.972530e+01
4.547300e+14,8.000000e+01
4.547300e+14,8.000000e+01
1.361836e+14,4.342067e+01
4.381898e+14,8.000000e+01
4.381898e+14,8.000000e+01
6.652985e+14,8.000000e+01
4.038321e+14,7.452980e+01
4.038321e+14,7.452980e+01
1.106762e+14,4.540252e+01
2.577496e+13,7.899823e+01
7.895048e+14,8.000000e+01
7.895048e+14,8.000000e+01
7.895048e+14,8.000000e+01
3.506650e+13,3.158959e+01
1.490446e+14,8.000000e+01
1.284693e+13,7.899675e+01
1.645104e+14,6.161771e+01
3.378065e+13,7.898995e+01
9.138943e+15,7.068620e+01
5.421664e+13,4.594303e+01
5.398935e+14,8.000000e+01
1.396508e+14,5.669310e+01
7.511719e+13,4.702404e+01
8.430420e+13,6.365962e+01
1.376614e+13,7.899241e+01
7.324536e+13,4.564275e+01
1.487865e+13,7.899679e+01
4.372029e+13,7.898939e+01
4.642768e+13,3.663431e+01
2.137396e+13,7.914080e+01
1.057261e+15,8.000000e+01
2.003410e+13,7.898123e+01
3.479341e+13,2.978790e+01
3.123070e+13,5.000019e+00
2.777607e+13,2.738565e+01
1.092583e+13,7.899573e+01
9.680215e+12,7.899823e+01
2.699387e+13,2.750576e+01
1.550870e+14,7.489014e+01
1.550870e+14,7.489014e+01
3.073798e+13,3.152953e+01
1.015442e+15,8.000000e+01
6.251903e+14,8.000000e+01
1.235035e+14,4.906595e+01
2.841831e+13,7.898533e+01
1.856358e+13,7.899535e+01
2.659489e+14,8.000000e+01
2.659489e+14,8.000000e+01
9.572039e+13,6.155765e+01
3.003139e+14,8.000000e+01
1.559642e+13,7.898275e+01
2.506445e+14,5.399057e+01
1.899236e+13,7.899343e+01
2.754268e+13,7.797169e+01
1.268587e+15,8.000000e+01
2.307889e+13,4.999908e+00
8.492341e+13,4.245977e+01
1.438160e+14,8.000000e+01
1.438160e+14,8.000000e+01
1.037694e+14,5.375034e+01
3.060016e+13,7.897455e+01
1.346494e+14,8.000000e+01
9.849885e+13,4.083825e+01
2.419874e+14,5.573220e+01
1.911549e+14,8.000000e+01
2.318010e+14,7.260800e+01
2.440642e+14,8.000000e+01
4.350264e+14,7.639155e+01
1.740069e+13,7.899134e+01
1.016029e+14,4.131870e+01
1.472059e+13,7.899636e+01
4.620694e+13,4.312039e+01
1.615830e+13,7.897793e+01
6.421218e+13,4.600309e+01
1.197709e+13,7.899593e+01
1.241912e+14,6.215822e+01
4.740817e+13,3.345133e+01
8.105765e+14,8.000000e+01
2.134379e+14,5.645287e+01
3.820539e+13,7.899586e+01
2.651092e+14,5.627270e+01
4.519107e+13,7.898367e+01
8.274078e+13,4.930618e+01
2.742871e+13,2.780604e+01
1.873911e+13,7.899304e+01
4.087940e+13,3.759521e+01
5.477821e+13,7.899045e+01
8.735020e+13,3.993740e+01
5.026977e+13,4.672376e+01
6.068411e+13,4.654359e+01
1.414044e+14,8.000000e+01
3.218600e+13,7.899177e+01
7.807694e+13,7.898990e+01
3.709795e+13,4.251982e+01
5.549218e+13,3.801560e+01
5.613954e+13,7.894357e+01
1.128300e+13,7.899859e+01
2.747350e+13,3.134936e+01
1.190273e+13,7.898970e+01
8.432698e+13,5.429085e+01
1.439283e+13,4.691095e+01
1.249738e+14,6.534120e+01
5.005140e+13,3.621392e+01
2.661161e+13,7.873431e+01
2.635857e+13,5.655255e+01
2.882242e+13,2.480323e+01
8.538448e+13,4.318044e+01
3.314553e+13,3.044852e+01
2.137167e+13,7.897514e+01
2.148349e+13,4.998485e+00
7.024019e+13,3.495274e+01
2.276052e+13,7.897681e+01
4.894680e+13,7.899635e+01
3.993315e+13,5.000176e+00
3.993315e+13,5.000126e+00
9.612118e+13,8.000000e+01
2.330112e+13,7.881865e+01
2.377596e+13,2.516357e+01
2.422505e+13,7.899279e+01
6.128133e+13,5.212882e+01
3.567802e+13,2.738565e+01
2.454348e+13,2.678509e+01
6.437051e+13,7.896066e+01
1.353167e+13,7.897951e+01
1.472465e+13,7.898039e+01
3.701298e+13,7.899178e+01
1.019162e+14,4.245977e+01
2.898552e+13,7.898256e+01
1.558508e+14,7.795301e+01
6.028995e+13,4.390112e+01
3.953420e+14,6.119732e+01
1.051931e+14,8.000000e+01
1.051931e+14,8.000000e+01
1.547293e+13,7.899205e+01
5.006611e+13,5.921546e+01
3.096750e+14,5.889934e+01
8.169222e+13,5.000172e+00
8.169222e+13,4.999988e+00
2.195580e+14,8.000000e+01
4.237609e+18,8.000000e+01
4.237609e+18,8.000000e+01
7.305941e+13,4.840534e+01
3.086050e+13,4.998372e+00
1.876951e+13,7.898928e+01
1.120498e+13,7.899337e+01
2.623730e+13,7.898755e+01
4.249183e+14,8.000000e+01
4.249183e+14,8.000000e+01
2.474576e+13,7.889304e+01
8.530728e+13,7.759267e+01
8.530728e+13,7.759267e+01
1.750584e+14,8.000000e+01
1.750584e+14,8.000000e+01
1.504004e+14,8.000000e+01
1.504004e+14,8.000000e+01
1.582402e+13,7.899856e+01
8.649592e+14,8.000000e+01
8.649592e+14,8.000000e+01
2.524934e+14,6.732305e+01
4.272947e+13,3.681448e+01
1.031031e+13,7.899704e+01
1.600178e+15,8.000000e+01
2.628582e+13,7.887431e+01
1.558457e+13,7.899038e+01
4.611561e+14,6.185794e+01
3.570960e+13,2.918734e+01
5.917210e+13,3.723487e+01
1.003774e+13,5.000000e+00
1.677590e+13,7.896617e+01
1.784039e+13,7.895865e+01
1.521698e+15,8.000000e+01
1.015868e+13,2.499495e+01
1.014364e+14,6.245850e+01
2.488801e+14,8.000000e+01
2.488801e+14,8.000000e+01
8.946728e+13,8.000000e+01
8.946728e+13,5.000004e+00
1.713592e+13,7.898913e+01
1.365878e+13,7.899717e+01
1.619748e+15,8.000000e+01
5.344581e+13,3.711476e+01
1.621684e+13,7.897921e+01
7.040343e+13,3.903656e+01
4.964705e+13,7.899834e+01
1.360884e+13,7.899652e+01
1.601997e+14,4.840534e+01
4.702048e+13,4.047791e+01
2.189877e+13,7.898240e+01
1.398548e+13,7.899660e+01
1.113442e+13,7.899851e+01
1.317935e+15,8.000000e+01
1.476785e+13,7.899629e+01
5.115581e+13,4.071814e+01
2.042560e+13,7.899183e+01
1.068758e+14,4.492207e+01
2.500993e+15,8.000000e+01
1.241972e+14,5.393051e+01
2.399672e+13,2.528368e+01
6.996757e+13,5.020702e+01
2.874113e+14,8.000000e+01
2.101957e+14,5.969591e+01
2.054578e+13,7.899329e+01
1.574747e+13,7.899725e+01
1.954350e+13,7.895072e+01
1.092828e+13,7.899650e+01
2.732631e+13,2.624458e+01
3.064038e+13,5.000438e+00
3.030740e+13,3.255049e+01
1.143103e+13,7.896517e+01
3.408151e+13,3.489268e+01
2.573562e+13,7.888907e+01
1.148716e+14,8.000000e+01
3.475769e+14,8.000000e+01
3.475769e+14,8.000000e+01
1.742763e+14,7.603121e+01
2.872967e+14,8.000000e+01
1.973805e+13,7.898037e+01
4.427171e+13,2.990801e+01
2.082347e+13,7.894333e+01
6.502808e+13,4.125864e+01
4.969028e+13,7.896917e+01
2.640237e+13,7.897474e+01
2.144695e+13,7.899666e+01
2.436997e+13,7.896518e+01
2.373532e+13,7.897386e+01
2.047010e+13,7.898783e+01
1.107335e+14,8.000000e+01
2.504226e+13,7.897706e+01
2.353050e+13,7.898919e+01
3.954590e+13,3.471251e+01
1.327773e+13,7.899185e+01
1.478332e+14,6.438030e+01
1.937423e+14,8.000000e+01
1.150968e+13,7.899785e+01
6.250953e+13,3.831589e+01
6.919645e+13,6.852418e+01
6.919645e+13,6.852418e+01
2.274613e+13,7.899012e+01
1.857520e+14,8.000000e+01
4.623953e+13,4.999665e+00
9.834446e+12,7.899821e+01
1.554373e+14,7.741250e+01
1.554373e+14,7.741250e+01
2.969811e+13,3.002812e+01
1.579708e+13,7.897664e+01
1.554890e+14,6.450041e+01
2.429283e+13,2.882700e+01
7.323310e+13,7.898171e+01
2.665880e+13,2.900717e+01
3.490177e+13,3.231026e+01
4.212690e+13,3.345133e+01
3.592027e+17,8.000000e+01
1.964601e+13,7.898465e+01
7.542847e+13,5.122798e+01
1.179743e+14,7.741250e+01
2.322223e+13,2.624458e+01
1.267223e+13,7.899071e+01
5.944405e+13,7.898475e+01
3.916779e+13,4.113853e+01
7.522957e+13,4.612320e+01
5.110320e+13,4.149887e+01
2.624206e+14,6.912474e+01
2.933116e+13,2.984796e+01
6.790265e+13,4.059802e+01
3.283588e+13,3.291082e+01
5.343876e+13,3.483262e+01
4.521117e+13,3.987735e+01
4.761128e+13,3.309099e+01
2.326187e+13,2.642475e+01
2.986050e+13,4.740777e+01
6.037392e+13,5.837467e+01
6.879249e+13,4.089830e+01
1.416005e+13,7.899311e+01
1.260557e+13,7.897840e+01
8.255180e+13,5.254922e+01
1.281494e+13,7.895330e+01
2.091782e+13,2.372222e+01
1.276445e+13,7.899290e+01
2.323442e+14,5.483135e+01
3.566463e+13,7.897317e+01
3.915775e+13,3.309099e+01
3.477542e+13,6.141748e+01
9.361774e+13,8.000000e+01
4.727195e+14,8.000000e+01
1.651507e+13,7.899325e+01
3.595056e+13,3.357144e+01
9.718541e+13,7.452980e+01
9.718541e+13,7.452980e+01
1.882201e+13,7.899303e+01
7.102205e+13,6.750322e+01
7.102205e+13,5.000141e+00
2.129511e+13,7.899459e+01
1.272719e+14,4.318044e+01
3.137364e+13,3.537313e+01
1.349574e+14,4.582292e+01
6.728242e+13,5.945569e+01
2.859843e+13,3.899223e+01
2.074960e+14,8.000000e+01
2.074960e+14,8.000000e+01
2.074960e+14,8.000000e+01
1.049047e+14,6.107720e+01
1.198839e+14,6.155765e+01
3.747220e+13,5.000000e+00
4.943743e+13,4.167904e+01
4.267611e+13,3.843600e+01
8.688950e+12,7.899763e+01
2.051278e+15,8.000000e+01
6.177765e+13,3.543319e+01
9.375812e+14,8.000000e+01
9.375812e+14,8.000000e+01
9.375812e+14,8.000000e+01
2.049953e+16,8.000000e+01
2.049953e+16,8.000000e+01
2.049953e+16,8.000000e+01
8.796353e+12,7.899804e+01
3.052306e+13,2.924739e+01
3.242450e+14,7.386918e+01
3.249650e+13,2.810632e+01
1.220114e+14,7.404935e+01
3.257950e+13,3.507285e+01
5.184478e+13,4.999991e+00
5.184478e+13,7.899721e+01
9.789427e+12,7.899620e+01
1.107188e+13,7.899178e+01
6.077812e+14,8.000000e+01
3.823212e+14,6.960519e+01
3.036581e+13,7.899313e+01
1.795227e+13,7.899509e+01
1.663752e+13,7.898269e+01
1.694251e+13,7.898458e+01
1.547931e+13,7.898819e+01
8.264215e+13,6.474064e+01
2.748384e+13,2.636469e+01
1.661299e+14,8.000000e+01
1.661299e+14,8.000000e+01
1.661299e+14,8.000000e+01
3.973323e+13,7.899762e+01
1.579049e+14,6.990547e+01
1.093301e+14,4.125864e+01
3.347026e+14,6.984542e+01
1.022253e+19,8.000000e+01
1.022253e+19,8.000000e+01
1.022253e+19,8.000000e+01
1.727355e+13,7.899184e+01
1.768728e+14,5.278944e+01
6.074742e+13,3.411195e+01
1.392256e+13,7.907814e+01
8.270682e+13,5.296961e+01
1.567361e+13,7.895189e+01
1.657371e+13,7.899515e+01
1.646830e+13,7.882779e+01
1.749142e+13,4.999882e+00
2.672963e+14,5.417074e+01
4.050637e+13,4.999293e+00
1.718263e+14,5.735372e+01
2.678062e+13,2.624458e+01
1.314503e+13,7.899233e+01
2.050630e+15,8.000000e+01
1.995284e+13,2.222081e+01
1.260878e+14,4.828522e+01
6.643854e+13,2.491491e+01
5.771941e+13,5.651293e+01
1.569052e+14,8.000000e+01
1.569052e+14,8.000000e+01
3.886964e+13,3.561335e+01
4.704801e+13,3.279071e+01
1.402031e+13,7.911455e+01
4.577470e+13,3.435217e+01
3.413741e+13,5.881236e+01
6.878155e+13,4.299681e+01
1.976741e+13,7.894825e+01
1.993507e+13,7.899344e+01
2.659432e+13,4.999156e+00
1.047165e+13,7.899698e+01
1.831689e+13,5.496034e+01
1.011753e+14,4.552264e+01
2.014714e+13,7.896434e+01
1.408369e+13,7.898925e+01
6.379026e+13,7.182727e+01
3.877989e+13,3.134936e+01
1.147709e+14,5.038719e+01
4.989984e+13,4.714415e+01
6.202765e+14,7.519042e+01
2.780281e+14,8.000000e+01
2.780281e+14,8.000000e+01
2.303801e+14,7.609127e+01
2.509848e+14,6.546131e+01
1.378251e+13,7.897651e+01
1.945101e+14,8.000000e+01
1.945101e+14,8.000000e+01
5.693692e+13,3.813572e+01
9.530434e+12,7.898378e+01
6.867357e+13,3.152953e+01
1.418347e+13,7.899286e+01
2.323547e+14,8.000000e+01
1.905185e+13,7.899485e+01
1.492004e+13,7.899632e+01
4.492046e+13,6.762334e+01
5.220989e+13,7.899561e+01
5.220989e+13,7.899797e+01
5.482933e+13,7.899558e+01
5.378156e+13,7.899285e+01
7.183664e+13,4.354078e+01
5.153222e+13,7.899673e+01
4.897878e+13,4.999974e+00
1.800240e+13,7.899524e+01
3.569417e+14,6.269872e+01
6.339211e+13,7.899654e+01
1.785799e+13,7.899813e+01
4.105981e+13,3.801560e+01
1.166799e+13,7.898047e+01
1.960382e+13,7.898377e+01
5.736382e+13,3.447229e+01
9.398550e+13,8.000000e+01
3.658792e+13,4.720421e+01
3.658792e+13,4.999594e+00
1.645442e+15,8.000000e+01
2.009430e+13,6.469042e+01
1.545823e+13,7.896122e+01
1.814658e+14,8.000000e+01
5.338591e+13,5.098775e+01
1.743558e+13,7.899443e+01
1.656209e+14,5.519169e+01
1.143530e+14,8.000000e+01
1.849550e+13,7.899650e+01
1.431513e+13,7.899714e+01
1.238671e+14,5.729366e+01
5.922830e+13,3.663431e+01
2.276340e+13,7.897125e+01
1.058980e+14,8.000000e+01
1.058980e+14,8.000000e+01
1.227322e+14,4.600309e+01
7.381251e+13,7.308845e+01
7.260257e+13,5.975597e+01
7.260257e+13,5.975597e+01
2.206738e+13,7.899595e+01
1.969636e+13,7.897919e+01
1.054800e+13,7.899031e+01
2.894169e+13,3.002812e+01
1.743194e+14,6.414007e+01
3.326315e+13,2.972784e+01
1.645851e+13,7.899314e+01
1.162818e+14,4.348072e+01
3.405594e+13,3.801560e+01
7.798771e+13,4.774472e+01
2.240651e+13,7.898313e+01
1.289683e+13,7.899439e+01
2.609574e+13,2.894711e+01
1.050125e+13,4.999844e+00
5.697210e+17,8.000000e+01
1.170980e+14,5.320984e+01
4.811454e+13,5.140815e+01
3.717565e+13,3.693459e+01
2.731900e+13,6.341122e+01
2.602066e+13,7.898477e+01
4.246541e+13,3.333122e+01
2.723178e+14,8.000000e+01
2.723178e+14,8.000000e+01
1.592194e+14,8.000000e+01
5.815420e+13,4.726427e+01
2.396128e+13,7.886665e+01
1.063022e+13,4.999720e+00
1.066111e+13,7.899833e+01
1.083888e+14,5.122798e+01
5.005692e+13,3.453234e+01
6.679383e+13,8.000000e+01
2.348935e+13,7.898766e+01
4.693567e+14,8.000000e+01
4.693567e+14,8.000000e+01
1.311074e+13,7.899143e+01
1.291042e+14,5.381040e+01
1.456103e+13,7.899608e+01
1.158381e+14,8.000000e+01
4.636051e+14,8.000000e+01
1.345622e+15,8.000000e+01
1.016002e+13,5.483890e+01
4.458454e+13,7.890699e+01
1.237409e+13,7.899056e+01
1.217178e+13,7.899693e+01
8.234239e+13,5.903529e+01
7.021010e+13,3.957707e+01
1.162585e+14,8.000000e+01
1.698845e+13,7.892225e+01
2.154769e+13,2.432278e+01
2.505501e+13,7.895950e+01
2.340837e+13,7.890070e+01
1.285041e+13,7.899681e+01
1.212955e+14,5.000010e+00
1.212955e+14,7.899191e+01
7.293510e+13,4.372095e+01
6.774296e+13,3.843600e+01
1.662241e+13,7.899663e+01
4.793732e+13,3.741504e+01
5.712680e+13,7.897673e+01
3.116102e+14,8.000000e+01
1.696288e+13,5.000000e+00
4.952282e+13,3.975724e+01
2.932806e+13,7.897684e+01
1.773773e+13,7.899369e+01
1.741918e+13,7.850278e+01
2.378394e+14,5.783417e+01
2.143090e+14,8.000000e+01
2.818815e+14,7.543065e+01
1.665421e+14,8.000000e+01
1.665421e+14,8.000000e+01
7.621719e+14,8.000000e+01
7.621719e+14,8.000000e+01
1.324098e+13,5.000000e+00
6.376709e+13,3.393178e+01
9.911873e+12,7.898366e+01
2.935237e+14,6.155765e+01
4.548485e+13,5.116792e+01
4.548485e+13,5.998464e+01
1.263126e+13,7.899725e+01
7.057544e+13,5.921546e+01
4.221988e+13,3.675442e+01
1.178728e+13,7.899820e+01
3.297836e+14,7.945442e+01
2.104465e+13,7.891701e+01
1.092966e+13,7.899606e+01
2.349210e+13,7.899472e+01
9.240989e+13,4.618325e+01
1.280099e+13,7.895844e+01
1.021666e+13,7.899813e+01
4.945758e+13,3.567341e+01
1.642148e+13,7.899361e+01
1.911777e+14,7.218761e+01
1.008773e+13,7.899779e+01
2.968527e+14,8.000000e+01
2.673615e+13,4.999962e+00
3.394533e+13,3.014824e+01
1.491652e+13,7.899552e+01
8.023560e+13,3.723487e+01
1.842687e+13,7.899625e+01
3.065190e+16,6.750322e+01
2.969752e+13,7.895886e+01
3.798566e+13,7.899790e+01
2.217234e+13,7.898989e+01
2.880522e+13,3.008818e+01
2.162834e+14,2.100000e+01
2.423917e+13,7.889423e+01
2.259239e+13,7.898901e+01
7.356495e+13,4.005752e+01
4.593884e+13,4.882573e+01
1.381539e+13,7.870895e+01
1.885398e+13,7.885869e+01
2.160635e+14,5.969591e+01
5.395985e+13,3.899605e+01
1.978182e+13,7.899733e+01
2.556264e+13,2.618452e+01
2.349269e+13,2.540379e+01
1.060156e+14,4.504219e+01
4.852581e+13,4.450168e+01
2.671100e+13,2.624458e+01
1.477363e+13,7.898710e+01
1.237439e+13,7.906734e+01
1.370415e+15,8.000000e+01
1.603958e+14,8.000000e+01
2.637696e+13,2.954767e+01
6.044241e+14,8.000000e+01
8.787974e+13,4.888579e+01
1.770243e+13,7.899719e+01
5.370589e+14,8.000000e+01
5.342263e+13,4.822517e+01
1.495892e+15,8.000000e+01
1.271255e+13,7.898698e+01
2.620561e+13,7.899433e+01
9.473479e+13,5.000009e+00
9.473479e+13,8.000000e+01
1.626364e+14,6.329929e+01
5.608813e+13,4.732432e+01
9.477699e+13,5.122798e+01
1.205448e+14,8.000000e+01
1.205448e+14,8.000000e+01
5.949882e+13,5.158832e+01
3.864509e+17,8.000000e+01
3.864509e+17,8.000000e+01
3.864509e+17,8.000000e+01
4.458810e+13,4.348072e+01
1.029773e+14,4.348072e+01
1.961241e+13,4.998200e+00
1.490508e+13,7.898462e+01
1.265621e+14,7.458986e+01
5.273950e+14,8.000000e+01
1.829212e+13,7.899095e+01
4.137166e+13,7.899838e+01
1.181385e+13,7.898571e+01
1.462808e+13,5.000000e+00
2.419060e+13,7.886930e+01
8.236682e+13,4.552264e+01
1.238861e+13,7.898834e+01
7.842769e+13,5.314978e+01
2.888318e+13,4.999265e+00
8.865293e+13,4.089830e+01
1.621959e+13,7.899224e+01
1.237466e+14,8.000000e+01
1.237466e+14,8.000000e+01
1.543267e+13,7.899756e+01
1.531370e+14,8.000000e+01
1.531370e+14,8.000000e+01
1.531370e+14,8.000000e+01
1.458458e+13,7.897755e+01
2.161870e+13,7.857170e+01
5.010598e+13,3.645414e+01
3.727494e+13,3.507285e+01
1.125263e+13,2.898954e+01
2.971353e+13,7.898728e+01
1.733594e+13,7.899601e+01
1.851014e+14,8.000000e+01
1.452794e+13,7.898860e+01
1.897684e+14,7.909408e+01
2.290268e+13,7.899160e+01
5.826536e+13,3.194992e+01
7.669167e+13,4.972657e+01
9.279705e+13,4.720421e+01
1.592560e+15,6.462052e+01
2.595760e+13,7.894853e+01
1.611506e+13,7.898766e+01
2.195194e+14,7.699211e+01
4.497449e+13,3.513290e+01
8.670506e+13,4.269999e+01
6.280699e+13,3.627397e+01
1.472100e+13,7.898675e+01
2.737146e+13,7.899527e+01
2.183090e+13,7.899351e+01
2.214294e+13,2.630464e+01
3.587783e+14,8.000000e+01
4.502027e+13,3.231026e+01
1.579274e+14,7.969464e+01
1.636977e+14,5.459113e+01
1.766620e+13,7.899099e+01
7.684274e+13,4.966652e+01
1.064162e+14,8.000000e+01
1.064162e+14,8.000000e+01
6.211796e+13,4.486202e+01
3.259094e+14,8.000000e+01
3.259094e+14,8.000000e+01
1.708540e+13,7.899821e+01
1.862148e+15,8.000000e+01
1.690503e+15,8.000000e+01
4.555519e+13,7.899741e+01
6.467856e+14,7.915413e+01
5.247558e+13,7.898673e+01
1.944699e+14,6.846412e+01
7.448125e+13,4.167904e+01
4.340190e+13,7.894211e+01
4.340190e+13,7.904273e+01
1.432438e+13,7.897117e+01
6.531457e+13,4.498213e+01
1.818253e+13,7.899677e+01
1.756874e+13,7.899472e+01
7.668796e+13,4.288016e+01
8.056959e+18,8.000000e+01
8.056959e+18,8.000000e+01
8.056959e+18,8.000000e+01
2.146841e+13,3.491727e+01
1.605212e+13,7.899217e+01
2.490463e+13,4.999854e+00
1.547672e+14,8.000000e+01
4.267960e+13,4.318044e+01
1.966785e+13,7.899637e+01
1.459161e+13,7.899435e+01
8.653820e+13,4.282010e+01
3.484903e+13,3.489268e+01
5.312706e+13,3.543319e+01
1.954874e+14,8.000000e+01
3.286686e+13,3.609380e+01
3.428180e+13,3.044852e+01
6.621992e+13,3.759521e+01
1.596110e+13,7.899429e+01
3.514389e+14,8.000000e+01
3.514389e+14,8.000000e+01
2.749908e+13,2.744571e+01
8.590037e+13,5.224894e+01
1.056984e+14,6.167777e+01
3.568870e+13,4.185920e+01
2.093149e+13,2.384233e+01
3.906135e+14,8.000000e+01
3.906135e+14,8.000000e+01
2.230307e+14,8.000000e+01
4.512113e+13,3.567341e+01
2.138062e+14,8.000000e+01
2.138062e+14,8.000000e+01
6.950847e+13,7.899385e+01
6.950847e+13,7.899699e+01
6.956367e+13,3.939690e+01
1.014179e+13,7.898470e+01
9.523147e+13,7.507031e+01
1.038217e+14,4.462179e+01
6.442826e+13,7.923191e+01
8.672283e+14,8.000000e+01
1.015379e+14,6.576159e+01
1.809023e+15,8.000000e+01
1.809023e+15,8.000000e+01
3.840148e+13,3.092897e+01
1.028626e+14,4.882573e+01
1.223227e+14,8.000000e+01
1.290520e+14,7.074626e+01
5.051507e+13,3.711476e+01
4.196651e+13,3.267060e+01
4.549164e+13,3.873628e+01
1.216580e+13,7.899785e+01
8.840364e+13,4.095836e+01
3.651129e+13,3.020829e+01
4.363121e+14,8.000000e+01
6.130926e+13,7.230772e+01
1.726842e+13,1.499919e+01
4.831787e+13,3.663431e+01
8.324527e+13,4.552264e+01
5.227758e+13,3.981729e+01
4.701101e+13,3.567341e+01
1.381702e+13,7.894521e+01
1.398495e+13,7.899283e+01
2.058879e+13,7.899093e+01
9.686090e+12,7.899677e+01
3.817224e+13,3.741504e+01
4.816954e+13,4.768466e+01
2.856392e+13,2.882700e+01
3.296690e+13,7.899854e+01
2.735905e+13,3.267060e+01
1.383916e+13,7.899268e+01
1.371710e+13,7.893021e+01
1.891294e+14,5.345006e+01
3.386841e+13,7.858938e+01
7.108249e+13,4.005752e+01
1.776463e+13,7.896666e+01
3.688948e+13,4.203937e+01
9.344413e+13,6.185794e+01
2.230643e+13,2.432278e+01
4.416237e+13,3.345133e+01
2.061129e+14,8.000000e+01
2.061129e+14,8.000000e+01
5.569303e+13,3.687454e+01
1.644226e+14,8.000000e+01
2.757029e+14,7.627143e+01
2.330888e+13,2.636469e+01
6.356733e+13,5.855484e+01
1.234279e+14,4.366089e+01
3.644865e+13,3.603375e+01
4.564862e+13,3.711476e+01
1.007342e+15,8.000000e+01
1.007342e+15,8.000000e+01
1.139026e+14,4.678382e+01
2.097666e+13,2.360211e+01
4.993785e+13,5.933557e+01
5.010391e+13,3.333122e+01
3.943266e+13,5.000011e+00
7.115727e+13,4.173909e+01
1.305397e+13,7.899842e+01
1.483060e+13,7.899183e+01
1.727706e+14,8.000000e+01
1.727706e+14,8.000000e+01
1.395087e+14,4.768466e+01
1.858284e+14,6.960519e+01
1.504461e+13,7.895001e+01
1.568929e+15,7.525048e+01
2.485636e+17,8.000000e+01
3.145381e+13,3.969718e+01
1.552936e+13,7.899802e+01
4.378568e+14,8.000000e+01
3.087795e+13,5.841770e+01
1.149914e+13,7.895635e+01
1.005276e+14,6.540125e+01
1.005276e+14,6.540125e+01
3.056033e+14,7.170716e+01
1.602523e+13,7.898957e+01
1.010277e+14,5.116792e+01
3.949771e+13,2.720548e+01
4.800213e+13,4.798494e+01
2.187096e+13,7.899146e+01
4.409961e+13,4.486202e+01
1.878297e+13,7.884746e+01
1.339336e+14,5.831462e+01
1.721883e+13,7.899739e+01
8.439989e+14,8.000000e+01
3.332758e+13,7.897643e+01
1.619830e+14,5.999619e+01
8.687132e+13,6.552137e+01
2.058526e+13,7.899634e+01
1.982855e+13,7.898370e+01
2.020719e+13,7.898890e+01
1.382864e+14,8.000000e+01
6.062580e+13,4.348072e+01
5.407299e+13,7.899097e+01
7.309865e+13,7.899857e+01
7.309865e+13,6.504092e+01
5.193933e+13,5.915540e+01
2.164493e+13,7.899692e+01
7.498070e+13,3.957707e+01
2.422129e+13,7.899698e+01
4.584844e+13,4.197932e+01
1.158453e+13,7.899689e+01
6.096033e+13,4.095836e+01
2.045908e+13,2.276132e+01
4.605345e+13,4.744444e+01
2.048460e+14,7.789295e+01
6.158178e+13,4.714415e+01
2.987153e+13,2.894711e+01
4.811207e+13,7.899031e+01
6.250759e+13,8.000000e+01
1.429831e+13,7.899038e+01
1.730127e+14,6.990547e+01
2.080849e+13,7.885771e+01
1.030485e+14,3.843600e+01
3.063735e+13,3.303094e+01
1.067457e+13,7.899681e+01
2.556368e+13,7.899474e+01
3.067246e+14,8.000000e+01
3.855436e+13,3.801560e+01
5.197609e+13,4.564275e+01
5.133997e+13,5.000018e+00
3.170350e+14,8.000000e+01
4.537507e+14,8.000000e+01
4.537507e+14,8.000000e+01
1.106505e+13,7.899609e+01
1.143737e+13,4.999830e+00
1.593467e+14,7.483008e+01
5.991496e+13,3.837594e+01
7.956170e+13,5.615259e+01
1.121178e+14,4.444162e+01
4.153831e+13,2.894711e+01
2.290896e+14,5.663304e+01
1.349697e+15,8.000000e+01
1.349697e+15,8.000000e+01
3.074332e+13,3.188987e+01
2.356014e+13,2.600436e+01
1.924331e+13,4.998915e+00
5.741405e+13,7.819323e+01
2.647257e+13,2.696526e+01
6.846165e+13,3.231026e+01
6.042825e+13,3.831589e+01
1.498137e+13,7.899706e+01
1.430080e+13,7.899257e+01
5.357942e+13,4.173909e+01
7.745346e+13,4.185920e+01
8.520508e+13,6.816384e+01
4.850656e+13,3.453234e+01
1.361023e+13,7.898641e+01
3.684493e+13,3.927679e+01
3.131289e+13,3.170970e+01
3.035772e+13,3.110914e+01
3.816690e+14,8.000000e+01
3.816690e+14,8.000000e+01
1.355185e+13,4.998869e+00
1.275245e+13,7.897473e+01
3.040904e+13,2.702531e+01
9.938683e+13,4.924612e+01
3.415591e+13,7.894620e+01
1.817096e+13,7.899072e+01
5.318632e+13,7.700000e+01
5.327752e+13,5.224894e+01
9.949870e+13,4.089830e+01
4.419662e+13,4.900590e+01
3.242150e+13,2.708537e+01
3.326825e+13,3.002812e+01
5.323471e+13,4.654359e+01
1.256193e+13,4.999451e+00
3.195154e+13,7.899799e+01
2.264322e+13,7.895542e+01
1.250704e+13,7.899039e+01
1.153091e+13,7.899535e+01
1.608400e+13,7.899231e+01
3.927402e+13,7.899969e+01
3.927402e+13,4.564275e+01
2.359914e+13,2.396244e+01
1.718026e+14,8.000000e+01
1.718026e+14,8.000000e+01
1.073397e+14,7.899268e+01
1.073397e+14,7.899385e+01
1.541965e+13,7.893804e+01
2.742171e+13,7.899252e+01
5.385732e+13,3.813572e+01
1.214124e+13,7.899625e+01
3.313741e+13,2.966779e+01
1.696704e+14,8.000000e+01
1.696704e+14,8.000000e+01
4.359840e+13,7.899046e+01
1.892906e+13,7.899249e+01
2.235092e+13,7.899752e+01
3.464506e+13,3.140942e+01
1.384495e+14,5.441096e+01
4.212352e+13,3.483262e+01
2.782578e+13,7.898657e+01
2.760442e+14,8.000000e+01
2.760442e+14,8.000000e+01
1.520648e+13,7.899670e+01
9.672145e+12,7.896081e+01
6.867124e+13,6.023642e+01
4.081924e+13,2.852672e+01
8.964986e+13,5.777411e+01
4.328694e+13,7.899515e+01
1.781268e+13,7.899521e+01
1.684025e+14,8.000000e+01
6.609350e+14,8.000000e+01
6.609350e+14,8.000000e+01
6.609350e+14,8.000000e+01
6.594598e+13,3.825583e+01
1.809524e+13,7.895479e+01
5.910206e+13,6.792362e+01
8.978314e+12,7.899877e+01
1.308925e+13,3.896494e+01
1.392792e+14,4.432151e+01
2.716788e+13,7.896619e+01
2.261272e+14,6.510097e+01
3.337843e+13,7.899657e+01
5.361335e+13,3.645414e+01
2.238616e+13,7.893153e+01
6.335281e+13,3.537313e+01
1.251612e+13,7.899757e+01
3.322171e+14,8.000000e+01
5.894025e+13,4.047791e+01
1.491207e+14,8.000000e+01
3.218944e+13,3.663431e+01
9.169033e+13,6.696272e+01
2.337974e+14,8.000000e+01
2.337974e+14,8.000000e+01
6.270437e+13,5.741377e+01
1.287895e+13,7.899063e+01
1.591338e+13,5.511054e+01
9.681069e+13,5.122798e+01
1.098103e+13,7.898950e+01
7.527289e+15,8.000000e+01
2.412243e+14,8.000000e+01
7.212828e+13,3.705470e+01
3.145902e+13,6.833464e+01
1.645136e+13,7.899117e+01
1.175894e+13,7.899510e+01
3.172444e+13,2.888706e+01
1.005701e+14,7.392924e+01
2.143046e+13,4.999415e+00
4.514984e+13,7.899078e+01
9.088858e+13,8.000000e+01
3.486669e+13,3.597369e+01
2.703482e+13,2.612447e+01
1.753311e+14,5.459113e+01
1.047751e+14,4.167904e+01
1.677401e+14,5.212882e+01
2.926162e+13,4.414134e+01
1.083751e+13,7.899852e+01
7.002658e+13,3.555330e+01
4.865398e+13,3.963712e+01
3.328903e+13,3.675442e+01
1.066151e+13,7.898636e+01
2.163159e+13,4.999936e+00
1.074592e+14,4.342067e+01
1.391249e+14,8.000000e+01
1.325640e+13,1.699800e+01
2.616776e+13,7.899021e+01
2.709431e+13,2.660492e+01
1.018177e+14,4.456174e+01
1.552898e+14,7.218761e+01
1.552898e+14,7.218761e+01
4.617525e+13,4.107847e+01
6.068773e+13,3.219015e+01
1.725908e+14,6.329929e+01
3.099146e+13,3.417200e+01
1.012893e+13,7.899828e+01
8.373712e+13,4.999967e+00
1.324211e+13,7.898575e+01
2.143323e+13,4.999975e+00
2.364826e+13,2.558396e+01
4.105046e+13,3.080886e+01
1.441873e+13,7.893936e+01
1.982320e+13,2.324177e+01
9.741111e+13,7.044598e+01
1.361813e+13,7.898735e+01
5.630099e+13,4.396117e+01
1.150736e+13,7.899591e+01
1.102291e+13,7.899773e+01
2.458480e+13,2.756582e+01
3.538467e+13,3.909662e+01
4.314423e+13,3.759521e+01
3.281284e+14,8.000000e+01
2.809675e+13,7.896474e+01
2.317051e+13,4.997443e+00
6.371439e+13,5.813445e+01
6.371439e+13,5.813445e+01
5.686294e+13,3.483262e+01
4.677777e+13,2.990801e+01
5.677349e+13,3.885639e+01
3.072826e+13,3.074880e+01
1.030089e+14,5.387045e+01
1.888240e+14,8.000000e+01
1.176387e+13,7.899427e+01
9.726987e+13,5.056736e+01
4.406434e+13,3.357144e+01
4.365585e+13,3.465245e+01
1.299496e+13,7.899686e+01
2.088092e+13,7.897686e+01
2.574989e+13,7.895842e+01
5.256713e+14,8.000000e+01
9.595449e+12,4.999679e+00
2.588266e+13,7.899795e+01
2.588266e+13,7.899860e+01
9.606041e+13,4.041785e+01
2.231146e+13,7.895601e+01
3.000926e+13,2.882700e+01
9.428789e+13,5.170843e+01
2.532158e+13,7.897581e+01
4.721989e+13,4.185920e+01
3.314117e+13,7.896315e+01
5.386435e+14,6.816384e+01
2.925962e+14,6.690266e+01
7.997205e+13,6.197805e+01
9.304992e+12,7.895446e+01
9.436702e+13,6.275878e+01
7.178247e+13,4.672376e+01
4.039553e+13,5.080759e+01
9.879152e+13,7.675188e+01
9.879152e+13,7.675188e+01
7.189107e+13,8.000000e+01
5.852183e+15,8.000000e+01
5.811973e+13,4.053797e+01
4.593495e+13,3.693459e+01
9.336452e+13,5.975597e+01
7.352679e+13,4.828522e+01
9.233429e+15,8.000000e+01
9.233429e+15,8.000000e+01
1.847112e+14,4.696399e+01
1.088710e+13,7.899700e+01
2.334823e+13,7.610026e+01
3.253216e+13,4.999916e+00
4.047554e+13,7.896732e+01
1.387178e+13,7.908054e+01
7.132891e+13,7.898992e+01
3.644862e+13,2.930745e+01
7.969201e+14,8.000000e+01
2.346383e+13,2.642475e+01
2.211784e+13,7.921434e+01
8.750033e+13,4.999981e+00
3.839066e+13,3.116919e+01
1.810760e+14,5.363023e+01
7.172339e+13,4.738438e+01
1.600409e+13,7.899701e+01
9.135250e+13,7.897435e+01
2.443930e+14,8.000000e+01
1.135909e+13,7.899166e+01
5.754939e+13,4.119859e+01
1.988668e+13,7.896461e+01
2.353825e+14,7.963458e+01
2.353825e+14,7.963458e+01
1.934666e+13,7.898536e+01
2.417667e+14,8.000000e+01
4.593484e+13,1.898628e+01
1.071512e+14,8.000000e+01
4.572218e+13,4.744444e+01
1.370004e+14,7.362896e+01
1.189699e+14,4.924612e+01
1.828208e+14,4.780477e+01
4.621371e+13,3.831589e+01
1.388035e+14,6.269872e+01
7.165574e+13,2.095744e+01
4.543708e+14,8.000000e+01
4.543708e+14,8.000000e+01
4.362556e+13,3.567341e+01
3.859977e+13,5.000079e+00
2.974227e+13,2.840661e+01
2.634882e+13,2.576413e+01
5.450950e+13,3.945695e+01
2.077973e+13,7.894468e+01
2.965791e+13,7.898987e+01
1.039899e+13,7.899752e+01
4.290030e+13,3.152953e+01
5.330211e+13,7.899581e+01
1.271868e+14,5.254922e+01
1.811312e+13,7.899681e+01
2.528815e+14,8.000000e+01
2.684406e+14,8.000000e+01
2.684406e+14,8.000000e+01
2.048014e+14,5.236905e+01
2.090973e+13,2.899264e+01
4.680909e+13,4.999887e+00
4.680909e+13,5.000035e+00
3.776054e+13,2.822644e+01
2.816988e+13,2.678509e+01
2.312744e+14,8.000000e+01
2.312744e+14,8.000000e+01
2.312744e+14,8.000000e+01
4.376891e+13,3.741504e+01
5.470303e+13,4.245977e+01
9.143323e+13,4.732432e+01
3.167102e+13,2.846666e+01
1.486093e+14,7.086637e+01
1.741886e+13,7.924907e+01
4.982388e+13,4.522235e+01
1.453471e+13,7.895071e+01
3.095420e+13,2.954767e+01
1.820991e+14,6.492080e+01
2.912602e+13,2.888706e+01
5.387407e+13,3.405189e+01
4.933066e+13,4.077819e+01
2.531671e+13,7.929789e+01
2.361900e+13,5.000653e+00
4.350017e+13,3.134936e+01
1.227461e+13,4.897668e+01
2.283838e+13,7.893830e+01
1.221725e+13,7.899503e+01
2.566953e+13,7.898906e+01
5.231737e+13,3.297088e+01
6.611326e+13,5.000077e+00
6.611326e+13,5.000164e+00
4.458687e+13,3.092897e+01
2.470416e+14,8.000000e+01
1.734104e+14,8.000000e+01
1.734104e+14,8.000000e+01
1.415345e+14,5.519169e+01
7.208177e+13,1.899817e+01
1.220703e+14,4.984669e+01
1.905653e+14,5.795428e+01
2.319631e+13,7.896067e+01
7.484584e+13,3.969718e+01
2.132523e+13,2.354205e+01
1.016432e+14,8.000000e+01
1.016432e+14,5.000001e+00
1.119756e+13,7.897787e+01
6.562796e+13,7.899557e+01
8.626585e+13,7.368902e+01
2.879580e+13,2.852672e+01
9.604605e+12,7.899849e+01
2.947262e+14,3.286713e+01
3.765608e+13,3.303094e+01
3.886095e+13,3.014824e+01
4.240329e+13,7.899712e+01
1.682006e+13,7.898405e+01
1.296600e+13,7.899802e+01
2.749698e+13,2.300000e+01
1.157647e+13,7.868518e+01
7.751730e+14,8.000000e+01
3.477671e+13,2.798621e+01
1.492349e+14,8.000000e+01
3.611191e+13,3.339127e+01
8.394090e+14,8.000000e+01
1.925205e+13,2.131997e+01
8.604654e+14,7.362896e+01
1.328739e+13,7.899642e+01
6.549468e+13,4.023769e+01
2.160811e+13,7.894921e+01
3.559966e+13,7.898873e+01
2.316805e+14,7.446975e+01
2.553751e+13,7.899522e+01
4.198477e+13,7.899873e+01
9.968496e+14,8.000000e+01
9.475504e+13,4.185920e+01
1.003425e+13,7.898992e+01
1.650032e+13,7.511911e+01
3.201847e+13,2.726554e+01
1.604379e+13,7.899277e+01
1.609374e+13,4.999693e+00
2.766383e+14,8.000000e+01
2.186261e+14,6.918480e+01
1.005479e+13,7.899866e+01
2.492763e+14,8.000000e+01
2.492763e+14,8.000000e+01
1.137445e+13,7.899726e+01
3.879537e+13,7.899396e+01
2.703050e+14,8.000000e+01
2.703050e+14,8.000000e+01
2.703050e+14,8.000000e+01
1.877414e+13,7.897619e+01
1.696830e+13,7.893568e+01
3.351218e+13,2.846666e+01
1.072659e+13,7.899747e+01
2.449433e+14,6.125737e+01
3.896758e+13,3.423206e+01
1.596195e+14,8.000000e+01
8.843334e+13,4.071814e+01
1.671990e+14,6.167777e+01
1.593580e+13,7.897409e+01
1.918709e+13,7.899058e+01
1.153437e+16,8.000000e+01
1.153437e+16,8.000000e+01
1.813522e+14,8.000000e+01
1.813522e+14,8.000000e+01
1.369564e+14,5.549197e+01
8.097901e+13,4.870562e+01
1.840925e+13,7.899268e+01
5.258120e+13,3.399184e+01
3.846812e+14,7.050603e+01
1.013736e+14,5.489141e+01
1.213939e+13,7.899706e+01
1.966131e+13,7.899222e+01
1.123881e+13,7.899824e+01
1.036267e+14,4.426145e+01
2.396755e+13,7.893668e+01
1.935753e+14,8.000000e+01
6.992900e+13,3.056863e+01
1.433831e+13,4.999774e+00
2.020962e+13,7.898702e+01
1.185759e+20,8.000000e+01
1.185759e+20,8.000000e+01
1.185759e+20,8.000000e+01
1.185759e+20,8.000000e+01
1.185759e+20,8.000000e+01
3.269486e+13,2.948762e+01
1.002707e+14,7.765273e+01
8.661402e+13,6.035653e+01
3.651408e+13,3.699465e+01
4.200280e+13,4.408129e+01
1.478504e+13,7.899588e+01
1.070978e+14,4.684387e+01
2.092859e+14,4.780477e+01
7.103806e+13,5.399057e+01
3.237032e+13,5.543690e+01
6.551033e+13,3.945695e+01
2.982952e+13,3.255049e+01
2.129625e+13,2.414261e+01
1.839583e+14,7.651166e+01
4.384699e+13,6.511922e+01
2.851854e+13,4.999764e+00
1.742207e+14,8.000000e+01
6.832583e+13,3.675442e+01
9.692066e+16,8.000000e+01
3.181654e+13,3.182981e+01
3.910722e+13,3.849605e+01
1.217723e+14,5.000020e+00
1.217723e+14,5.000027e+00
1.217723e+14,4.999990e+00
1.560087e+13,4.999632e+00
8.575460e+13,6.882446e+01
8.575460e+13,6.882446e+01
4.485260e+13,3.771532e+01
1.304510e+13,7.899381e+01
1.109622e+14,4.131870e+01
6.522101e+13,4.906595e+01
4.299611e+13,7.899198e+01
1.908416e+14,6.107720e+01
9.066428e+13,4.999962e+00
9.066428e+13,7.897920e+01
2.531309e+13,7.770047e+01
1.823780e+14,5.278944e+01
2.200799e+14,5.567214e+01
2.338394e+13,2.492334e+01
1.379055e+13,7.899774e+01
2.568971e+13,2.564402e+01
2.080890e+13,2.498340e+01
1.643060e+17,8.000000e+01
1.643060e+17,8.000000e+01
1.385101e+13,7.897399e+01
4.027058e+13,7.898496e+01
5.032113e+13,3.110914e+01
1.230614e+14,8.000000e+01
4.106282e+13,3.633403e+01
8.677647e+12,4.999717e+00
1.317612e+13,7.895693e+01
4.598682e+14,7.651166e+01
6.484345e+13,4.131870e+01
1.417915e+13,7.899768e+01
1.622848e+13,7.896487e+01
1.553431e+13,7.899179e+01
1.639305e+14,4.894584e+01
4.682878e+13,3.321111e+01
1.342843e+13,7.898974e+01
3.790579e+13,3.225021e+01
1.289410e+13,7.899807e+01
4.264330e+14,6.996553e+01
5.421076e+13,3.498902e+01
3.175225e+14,8.000000e+01
3.175225e+14,8.000000e+01
1.683179e+14,5.477130e+01
3.639305e+13,2.828649e+01
3.000975e+14,8.000000e+01
3.000975e+14,8.000000e+01
2.822057e+14,8.000000e+01
2.822057e+14,8.000000e+01
2.461686e+14,8.000000e+01
2.461686e+14,8.000000e+01
3.068872e+13,2.834655e+01
6.301535e+13,5.801434e+01
2.597065e+13,2.594430e+01
9.294563e+12,2.100000e+01
1.882789e+13,7.825491e+01
4.439336e+13,4.684387e+01
2.882458e+13,3.759521e+01
1.384561e+13,7.899692e+01
1.206422e+14,4.137875e+01
2.604474e+14,8.000000e+01
2.604474e+14,8.000000e+01
2.872542e+14,5.531180e+01
2.781775e+13,7.899518e+01
9.438418e+14,7.705217e+01
7.523944e+13,5.675315e+01
1.973734e+14,8.000000e+01
1.044484e+14,7.928591e+01
9.425519e+13,5.014697e+01
4.394168e+13,4.738438e+01
3.161204e+13,3.002812e+01
1.429975e+14,5.951574e+01
5.359470e+13,5.417074e+01
3.140532e+14,8.000000e+01
3.140532e+14,8.000000e+01
3.140532e+14,8.000000e+01
3.140532e+14,8.000000e+01
2.100986e+14,8.000000e+01
1.607611e+14,8.000000e+01
2.402654e+14,8.000000e+01
2.402654e+14,8.000000e+01
3.323085e+13,3.182981e+01
2.157305e+13,7.899320e+01
4.412036e+14,8.000000e+01
4.412036e+14,8.000000e+01
3.951428e+14,8.000000e+01
3.074088e+13,2.852672e+01
1.970421e+15,8.000000e+01
1.140591e+14,8.000000e+01
1.140591e+14,8.000000e+01
1.136789e+13,7.899854e+01
2.271390e+13,7.898674e+01
9.536416e+13,4.077819e+01
1.612943e+14,8.000000e+01
6.666915e+13,4.294022e+01
5.060336e+13,3.669437e+01
2.062647e+13,7.891884e+01
1.280098e+13,7.899693e+01
3.732598e+13,7.899703e+01
2.211875e+18,8.000000e+01
6.166117e+13,6.840407e+01
6.166117e+13,6.840407e+01
6.988095e+13,7.555076e+01
1.244086e+13,7.899728e+01
6.438609e+14,8.000000e+01
6.438609e+14,8.000000e+01
1.737527e+14,7.146693e+01
4.053967e+13,3.579352e+01
2.790441e+14,7.843346e+01
2.578896e+13,7.899711e+01
4.860448e+13,4.257988e+01
1.902622e+14,8.000000e+01
5.760468e+13,7.932747e+01
5.760468e+13,6.612193e+01
3.259268e+13,3.008818e+01
3.762933e+13,4.366089e+01
4.315341e+14,5.951574e+01
1.375853e+13,7.896540e+01
4.183853e+14,6.149760e+01
3.195380e+13,7.897720e+01
1.162737e+13,7.908887e+01
3.363441e+14,8.000000e+01
6.552787e+13,4.480196e+01
8.716859e+13,5.399057e+01
2.225999e+13,7.898762e+01
3.764062e+13,3.879634e+01
9.405684e+13,5.278944e+01
9.820783e+13,7.651166e+01
3.986955e+13,2.798621e+01
1.503031e+13,7.899456e+01
2.476900e+15,8.000000e+01
1.954412e+14,7.368902e+01
1.743001e+13,7.899549e+01
1.149535e+13,7.899734e+01
3.208020e+13,3.243037e+01
4.005520e+14,6.323923e+01
1.872905e+13,7.899441e+01
9.089942e+13,4.822517e+01
2.521892e+13,4.999786e+00
3.848758e+13,3.939690e+01
1.221067e+14,7.296834e+01
2.397985e+14,7.116665e+01
5.969373e+13,4.999995e+00
5.969373e+13,7.898931e+01
3.093518e+13,2.660492e+01
2.735794e+13,7.899278e+01
9.779909e+13,8.000000e+01
1.229146e+14,4.954640e+01
2.961604e+13,7.898265e+01
2.412975e+14,8.000000e+01
4.877826e+13,7.898551e+01
2.232938e+14,5.921546e+01
1.418750e+13,7.899801e+01
1.843175e+14,6.432024e+01
6.618751e+14,7.458986e+01
2.152142e+13,7.920704e+01
3.707550e+13,4.005752e+01
1.068269e+13,7.898767e+01
1.132214e+13,4.999865e+00
2.059362e+13,6.804559e+01
3.552800e+13,2.966779e+01
1.894406e+14,7.326862e+01
4.878304e+13,3.050857e+01
1.971705e+14,8.000000e+01
1.733409e+13,7.899225e+01
1.883604e+14,5.861490e+01
3.391563e+13,2.882700e+01
1.218223e+14,6.996553e+01
1.218223e+14,6.996553e+01
1.921050e+13,2.089957e+01
4.031839e+13,3.327116e+01
1.652469e+13,7.899714e+01
1.871229e+14,8.000000e+01
3.198549e+13,2.714542e+01
1.702230e+13,7.899236e+01
2.481909e+13,2.534374e+01
2.471790e+13,2.396244e+01
3.043878e+13,7.899476e+01
1.409272e+14,4.822517e+01
5.169865e+13,5.000034e+00
5.169865e+13,5.993614e+01
3.975855e+13,7.897564e+01
1.013304e+13,7.899578e+01
1.384746e+13,7.899675e+01
1.287150e+14,5.975597e+01
2.738454e+13,2.930745e+01
8.202641e+13,8.000000e+01
1.385157e+13,7.899739e+01
4.533064e+13,3.213009e+01
3.054469e+13,7.899223e+01
1.519244e+13,7.899119e+01
1.629085e+14,6.047664e+01
2.017588e+13,7.897746e+01
5.313409e+13,5.435090e+01
4.116837e+13,2.697647e+01
1.337378e+13,7.899696e+01
5.330783e+13,3.549324e+01
6.729859e+13,4.576286e+01
1.320245e+13,7.899685e+01
5.767861e+13,3.621392e+01
2.143181e+13,7.898726e+01
2.974072e+14,2.893407e+01
3.167329e+13,3.243037e+01
1.120787e+15,8.000000e+01
1.470096e+13,7.894664e+01
1.382328e+13,7.899595e+01
3.855588e+13,3.987735e+01
6.674181e+13,4.504219e+01
2.661750e+13,2.768593e+01
5.313543e+13,3.411195e+01
1.481260e+14,4.462179e+01
2.242071e+13,7.899463e+01
2.073877e+14,6.299900e+01
2.508146e+13,7.891763e+01
9.327776e+13,4.594303e+01
1.713396e+13,7.897575e+01
1.310230e+13,7.899281e+01
4.235743e+13,4.125864e+01
1.517006e+13,7.899490e+01
3.745978e+13,3.909662e+01
6.118743e+13,4.239971e+01
2.725250e+14,8.000000e+01
2.822824e+13,2.822644e+01
9.466339e+13,4.161898e+01
5.194536e+14,8.000000e+01
3.698824e+14,7.326862e+01
4.205387e+14,8.000000e+01
4.205387e+14,8.000000e+01
9.748786e+13,5.200871e+01
2.605353e+13,7.898730e+01
2.756760e+13,7.899459e+01
3.252038e+13,3.795555e+01
5.299510e+13,7.896807e+01
2.734203e+14,7.218761e+01
5.007167e+13,4.071814e+01
2.920698e+14,8.000000e+01
5.426736e+13,5.693332e+01
2.259361e+13,7.898676e+01
1.639374e+13,7.899242e+01
2.306128e+13,7.899088e+01
1.590690e+14,8.000000e+01
2.953072e+14,8.000000e+01
5.828155e+14,8.000000e+01
1.181455e+13,7.899735e+01
1.974556e+13,6.856570e+01
3.899488e+13,3.519296e+01
9.418662e+13,6.828395e+01
2.768147e+13,3.104908e+01
1.176978e+13,7.899640e+01
1.457441e+13,7.907634e+01
1.719873e+13,7.898356e+01
2.615269e+13,7.899666e+01
3.478264e+14,7.999492e+01
3.882756e+13,4.053797e+01
5.510720e+13,7.896726e+01
1.189133e+13,7.899460e+01
3.861537e+14,8.000000e+01
3.861537e+14,8.000000e+01
2.642210e+13,7.899541e+01
2.169862e+13,7.899358e+01
6.135001e+13,3.507285e+01
1.067574e+13,7.884590e+01
2.572033e+13,7.898175e+01
1.309167e+14,5.537186e+01
4.283460e+13,3.507285e+01
4.117441e+13,3.285077e+01
5.480030e+13,5.026708e+01
4.738078e+13,2.996807e+01
2.908139e+13,4.998395e+00
2.662179e+13,4.099653e+01
3.016859e+13,2.798621e+01
4.688105e+13,4.636342e+01
1.615856e+13,4.998440e+00
8.501383e+17,8.000000e+01
4.732636e+13,3.621392e+01
3.826920e+13,7.899552e+01
1.866416e+14,8.000000e+01
1.692973e+13,7.899476e+01
2.464309e+13,4.999743e+00
7.780312e+13,8.000000e+01
4.121300e+13,7.894133e+01
2.489235e+13,2.588424e+01
2.309457e+13,7.898969e+01
2.092257e+14,6.474064e+01
1.767716e+13,7.897634e+01
1.086699e+14,4.732432e+01
2.110671e+13,7.898987e+01
5.143885e+13,4.155892e+01
1.425450e+14,5.122798e+01
5.795163e+14,8.000000e+01
5.795163e+14,8.000000e+01
1.513455e+13,7.899000e+01
2.133872e+13,7.899534e+01
6.535737e+13,5.312395e+01
4.046029e+13,3.116919e+01
9.812851e+12,7.899856e+01
1.217516e+13,7.899688e+01
3.440532e+13,3.231026e+01
1.412161e+13,7.899631e+01
4.689384e+13,4.486202e+01
3.484830e+13,3.104908e+01
2.968588e+17,8.000000e+01
1.385169e+13,7.899597e+01
1.135475e+20,8.000000e+01
1.135475e+20,8.000000e+01
1.135475e+20,8.000000e+01
5.050334e+14,8.000000e+01
5.050334e+14,8.000000e+01
5.050334e+14,8.000000e+01
5.050334e+14,8.000000e+01
1.663706e+14,5.393051e+01
1.773288e+13,7.912356e+01
1.227687e+13,7.899875e+01
1.563374e+13,7.895913e+01
3.518226e+13,2.864683e+01
1.378509e+13,7.899044e+01
1.000957e+13,7.897136e+01
7.068920e+13,3.705470e+01
2.356618e+13,7.899474e+01
2.664305e+13,4.999878e+00
2.481837e+13,7.893056e+01
1.213047e+13,6.251151e+01
2.180316e+13,2.462306e+01
7.928280e+13,5.627270e+01
6.677775e+13,2.498316e+01
2.292131e+14,8.000000e+01
9.400950e+12,7.899835e+01
1.825273e+13,7.887640e+01
1.321076e+13,7.897671e+01
1.458894e+13,7.897828e+01
8.487034e+13,7.212755e+01
8.487034e+13,7.212755e+01
6.473476e+13,4.035780e+01
2.134236e+13,7.932882e+01
1.378302e+13,7.898395e+01
2.379776e+14,5.771405e+01
7.156083e+13,3.897650e+01
1.381769e+14,8.000000e+01
1.381769e+14,8.000000e+01
9.233882e+13,8.000000e+01
1.386026e+13,7.899601e+01
5.703842e+13,5.993614e+01
6.675323e+13,4.011757e+01
1.015462e+14,4.420140e+01
1.356060e+14,8.000000e+01
1.356060e+14,8.000000e+01
4.597097e+13,3.146947e+01
6.909214e+13,3.861617e+01
5.375502e+13,5.549197e+01
3.844975e+14,7.056609e+01
1.644292e+14,8.000000e+01
1.644292e+14,8.000000e+01
1.416145e+13,7.899078e+01
5.265469e+13,4.570280e+01
3.033067e+13,3.002812e+01
2.692654e+14,8.000000e+01
4.315708e+13,3.771532e+01
4.109959e+14,8.000000e+01
9.502312e+13,7.843346e+01
1.253577e+13,7.899380e+01
5.763753e+14,6.395990e+01
8.267391e+13,6.125737e+01
2.949610e+13,7.895695e+01
5.137835e+13,4.492207e+01
3.190914e+13,2.906722e+01
1.087656e+13,7.899872e+01
6.155493e+13,3.908219e+01
1.636642e+14,8.000000e+01
1.165591e+13,7.911074e+01
5.284667e+13,6.480069e+01
2.051661e+13,7.895576e+01
4.180047e+13,3.014824e+01
1.839142e+13,7.898560e+01
2.836104e+14,8.000000e+01
1.033556e+16,8.000000e+01
4.325367e+13,3.098902e+01
9.725766e+12,7.897652e+01
1.437454e+14,4.558269e+01
2.954222e+13,2.666497e+01
1.884868e+13,7.898944e+01
3.161748e+13,2.840661e+01
1.070546e+15,8.000000e+01
1.058311e+13,7.899649e+01
3.326935e+14,8.000000e+01
2.281236e+14,8.000000e+01
2.174855e+14,5.591237e+01
1.466738e+14,5.879507e+01
9.718208e+12,7.899787e+01
3.138041e+13,7.897134e+01
2.921962e+13,7.899467e+01
1.766818e+14,5.741377e+01
6.058776e+13,3.507285e+01
3.209514e+13,2.954767e+01
1.185277e+14,7.987481e+01
2.410587e+13,7.899678e+01
1.831797e+14,8.000000e+01
1.759740e+14,6.750322e+01
1.033399e+13,7.899788e+01
6.292485e+13,3.783544e+01
4.006432e+13,4.999342e+00
1.056434e+13,7.899781e+01
3.732758e+14,8.000000e+01
5.864313e+13,5.855484e+01
5.864313e+13,5.000010e+00
5.869264e+13,3.597369e+01
1.110508e+13,7.899853e+01
2.380769e+13,7.898519e+01
7.234090e+13,6.365962e+01
8.490349e+13,4.378100e+01
1.915272e+13,7.899506e+01
6.691302e+13,3.957707e+01
4.471145e+13,4.999770e+00
4.022033e+13,2.516357e+01
1.642029e+13,7.898962e+01
8.606132e+13,5.002685e+01
6.105847e+13,4.197932e+01
2.635406e+13,7.895597e+01
2.375899e+13,4.999030e+00
2.240626e+13,7.897901e+01
3.723915e+13,2.948762e+01
4.593872e+15,8.000000e+01
3.645783e+13,4.011757e+01
2.797100e+14,8.000000e+01
2.797100e+14,8.000000e+01
8.606391e+13,6.654232e+01
4.552810e+13,7.896538e+01
4.086432e+15,8.000000e+01
7.948464e+13,4.023769e+01
1.422326e+13,7.903893e+01
2.180823e+13,7.899581e+01
1.013571e+13,7.899836e+01
1.643385e+13,7.894989e+01
4.569944e+13,3.471251e+01
1.845718e+13,7.895690e+01
5.818886e+13,7.897397e+01
1.166506e+14,4.876567e+01
1.332426e+13,7.899390e+01
1.153968e+13,7.898994e+01
1.501722e+14,7.507031e+01
2.117800e+14,7.699211e+01
5.162242e+13,3.567341e+01
5.820458e+13,3.519296e+01
3.552989e+13,2.666497e+01
2.476157e+14,8.000000e+01
3.087722e+13,2.798621e+01
3.252449e+13,7.899296e+01
2.269050e+13,7.899745e+01
1.617843e+13,7.899034e+01
4.851416e+13,4.462179e+01
3.598641e+13,3.687454e+01
1.923774e+13,2.162025e+01
3.875309e+13,3.104908e+01
2.040031e+14,8.000000e+01
2.123309e+13,7.899119e+01
3.741163e+13,2.858677e+01
1.638478e+13,7.896423e+01
2.968598e+13,2.798621e+01
2.263205e+14,8.000000e+01
2.631853e+13,2.600436e+01
2.379707e+13,7.898816e+01
1.543489e+13,6.497653e+01
4.605861e+15,8.000000e+01
2.795050e+13,7.897106e+01
3.067006e+14,8.000000e+01
1.324846e+14,8.000000e+01
2.624526e+14,5.861490e+01
3.745640e+13,3.182981e+01
1.494310e+13,7.899821e+01
1.111209e+14,5.855484e+01
7.295400e+13,5.801434e+01
2.755507e+13,7.883081e+01
2.574413e+14,8.000000e+01
1.005634e+14,8.000000e+01
1.005634e+14,8.000000e+01
1.890787e+13,1.687581e+01
1.729042e+14,8.000000e+01
1.336728e+13,7.897565e+01
8.920456e+13,8.000000e+01
1.515115e+13,7.899590e+01
3.914919e+13,3.933684e+01
3.882775e+13,3.603375e+01
4.182896e+13,4.999933e+00
1.265783e+13,7.899664e+01
4.311184e+13,7.893072e+01
8.759058e+13,4.510224e+01
4.689555e+13,4.354078e+01
1.474252e+14,7.657172e+01
5.755643e+13,6.017636e+01
1.070369e+14,8.000000e+01
1.968369e+13,7.899408e+01
1.001921e+13,7.899860e+01
3.466693e+13,6.304047e+01
8.923857e+13,7.899547e+01
8.923857e+13,4.999994e+00
9.077162e+13,4.077819e+01
1.495382e+13,7.897813e+01
4.165515e+13,3.537313e+01
4.859759e+13,3.561335e+01
3.087417e+14,8.000000e+01
7.846693e+13,3.807566e+01
2.017982e+13,7.899533e+01
2.011258e+13,7.899503e+01
3.263721e+13,7.899123e+01
2.572481e+13,2.576413e+01
6.141064e+13,4.288016e+01
2.580727e+14,7.170716e+01
2.029306e+13,7.899410e+01
2.115081e+14,6.155765e+01
5.094298e+13,4.672376e+01
9.263412e+13,4.257988e+01
2.023643e+13,7.898683e+01
3.160232e+13,2.882700e+01
3.779275e+14,7.392924e+01
5.244311e+13,5.000018e+00
5.244311e+13,7.897469e+01
2.698485e+13,2.690520e+01
5.663766e+13,3.837594e+01
4.387639e+13,4.504219e+01
1.790528e+14,7.104654e+01
9.789777e+12,7.899810e+01
5.123282e+13,5.795428e+01
4.016718e+14,8.000000e+01
4.016718e+14,8.000000e+01
1.240558e+13,7.899757e+01
2.796612e+13,3.104908e+01
6.402014e+13,4.726427e+01
2.629411e+13,7.817321e+01
5.616678e+14,8.000000e+01
5.616678e+14,8.000000e+01
1.292628e+13,7.893643e+01
5.130982e+13,3.573347e+01
3.981006e+13,2.972784e+01
7.789030e+13,5.260927e+01
5.719700e+13,5.152826e+01
3.280322e+13,2.299195e+01
3.067192e+13,5.000100e+00
1.251494e+13,7.899789e+01
4.042623e+14,8.000000e+01
4.042623e+14,8.000000e+01
4.042623e+14,8.000000e+01
4.042623e+14,8.000000e+01
6.612530e+13,5.849479e+01
2.339746e+13,7.896089e+01
7.777726e+13,3.975724e+01
2.353338e+14,6.708283e+01
9.765211e+13,5.879507e+01
7.363896e+13,5.302967e+01
2.592620e+13,7.896662e+01
9.704893e+12,7.899160e+01
3.288658e+13,7.897252e+01
6.248443e+13,4.203937e+01
1.646406e+13,7.898850e+01
1.012919e+14,5.260927e+01
1.547633e+13,7.899773e+01
2.499739e+13,7.876352e+01
1.934456e+13,7.898312e+01
5.475323e+13,5.837467e+01
6.447624e+13,4.558269e+01
3.840980e+13,4.053797e+01
3.587126e+13,3.255049e+01
6.633503e+13,4.480196e+01
2.264477e+14,5.657299e+01
5.079608e+13,3.801560e+01
3.644786e+13,7.899634e+01
8.546335e+13,5.513164e+01
8.546335e+13,5.513164e+01
1.029374e+14,4.113853e+01
4.820846e+13,3.885639e+01
1.401592e+13,7.898574e+01
1.946126e+13,7.897967e+01
1.061976e+13,7.899708e+01
2.012327e+13,7.898993e+01
2.839932e+13,3.207004e+01
5.775792e+13,3.633403e+01
7.337397e+13,5.927552e+01
1.525169e+13,7.897517e+01
3.480425e+14,8.000000e+01
3.480425e+14,8.000000e+01
1.187609e+13,7.899727e+01
1.100163e+14,4.516230e+01
1.382146e+13,7.899150e+01
3.100692e+14,6.624204e+01
1.683680e+13,4.999859e+00
5.607433e+13,3.675442e+01
2.945770e+14,7.380913e+01
1.556436e+13,7.898971e+01
2.478447e+13,2.636469e+01
4.349749e+13,7.898668e+01
2.243005e+14,5.603248e+01
3.565700e+13,3.975724e+01
3.928528e+13,3.423206e+01
2.706266e+14,6.119732e+01
8.571721e+13,4.642348e+01
1.197663e+13,7.899862e+01
3.410901e+13,2.960773e+01
1.890179e+13,7.896963e+01
1.517180e+13,7.899721e+01
1.088347e+14,5.068747e+01
3.581632e+13,4.999853e+00
8.578639e+13,6.420013e+01
2.306340e+14,8.000000e+01
1.465504e+13,7.899659e+01
8.964971e+13,5.687327e+01
5.482816e+13,4.540252e+01
2.889825e+13,7.895392e+01
7.913937e+13,3.795555e+01
2.357575e+13,7.899730e+01
1.028142e+14,8.000000e+01
6.978462e+13,5.000000e+00
3.544196e+13,2.954767e+01
4.423651e+13,4.999991e+00
1.729278e+14,8.000000e+01
1.729278e+14,8.000000e+01
1.990051e+13,7.899356e+01
7.287013e+13,8.000000e+01
9.231027e+13,7.609127e+01
4.174816e+13,7.896931e+01
3.611582e+13,2.996807e+01
3.146820e+14,7.513037e+01
1.747843e+13,6.908761e+01
5.019744e+13,5.068747e+01
6.258474e+13,4.546258e+01
6.667243e+13,3.789549e+01
5.827070e+13,3.549324e+01
3.721036e+13,4.894584e+01
2.215927e+14,8.000000e+01
2.215927e+14,8.000000e+01
5.599646e+13,5.002685e+01
5.599646e+13,5.002685e+01
5.938163e+13,5.507158e+01
5.938163e+13,5.507158e+01
1.646794e+15,8.000000e+01
6.183352e+14,8.000000e+01
6.183352e+14,8.000000e+01
3.171417e+13,2.750576e+01
4.096401e+13,3.801560e+01
2.993924e+13,7.878770e+01
3.779843e+14,6.269872e+01
4.087705e+13,3.507285e+01
3.588901e+13,7.893846e+01
8.118199e+13,5.164837e+01
1.776092e+13,7.911748e+01
3.960410e+13,4.486202e+01
3.529312e+13,3.116919e+01
2.359519e+13,7.897196e+01
1.568003e+13,7.899701e+01
8.274349e+12,7.899852e+01
9.152123e+13,5.933557e+01
6.416364e+13,3.891645e+01
2.215201e+13,7.899124e+01
7.605956e+13,4.119859e+01
5.182237e+14,8.000000e+01
3.106204e+13,7.899831e+01
2.295538e+13,2.510351e+01
5.769126e+13,5.879507e+01
1.012122e+13,7.899745e+01
8.794814e+13,8.000000e+01
5.338496e+13,4.792489e+01
6.277613e+13,3.951701e+01
1.515927e+14,8.000000e+01
4.128549e+13,3.555330e+01
2.867577e+14,8.000000e+01
2.867577e+14,8.000000e+01
5.551130e+13,3.243037e+01
4.156682e+13,7.897723e+01
4.156682e+13,7.898317e+01
2.925769e+13,7.899020e+01
3.820106e+13,7.899595e+01
2.069077e+13,7.899109e+01
3.193641e+13,7.899297e+01
1.195274e+13,7.897643e+01
1.177207e+13,7.899289e+01
3.497178e+13,7.898775e+01
3.133412e+13,2.756582e+01
1.212089e+13,7.897298e+01
1.329489e+14,5.308972e+01
7.535503e+15,5.519169e+01
1.399469e+13,7.899808e+01
7.067757e+14,8.000000e+01
1.294431e+14,5.675315e+01
1.861533e+13,2.162025e+01
6.257687e+13,3.687454e+01
1.594079e+13,7.899585e+01
1.467408e+14,4.774472e+01
6.555129e+13,4.408129e+01
6.774000e+13,5.080759e+01
9.580963e+13,6.329929e+01
2.385116e+13,7.899661e+01
5.948394e+13,5.218888e+01
2.230797e+13,7.899638e+01
4.969483e+13,4.804500e+01
2.260789e+15,8.000000e+01
4.916537e+13,3.813572e+01
6.103791e+13,3.717482e+01
3.077781e+13,2.606441e+01
9.834346e+12,7.899841e+01
1.325735e+13,7.896057e+01
2.299648e+13,7.898112e+01
4.233123e+13,3.645414e+01
8.611360e+13,5.008691e+01
1.752660e+13,7.895785e+01
9.085284e+12,7.899905e+01
4.308200e+13,4.570280e+01
9.437216e+12,7.899817e+01
6.391847e+14,8.000000e+01
6.391847e+14,8.000000e+01
1.294461e+13,7.899628e+01
2.022931e+14,8.000000e+01
2.022931e+14,8.000000e+01
2.018507e+13,7.898993e+01
1.240101e+13,7.899694e+01
6.198657e+13,5.176849e+01
7.120382e+13,4.167904e+01
4.412109e+13,3.152953e+01
1.010890e+13,7.899837e+01
8.564899e+13,7.080632e+01
1.140952e+13,7.894758e+01
1.559846e+13,7.899090e+01
9.800662e+12,7.899872e+01
1.378845e+13,7.899665e+01
9.359758e+13,5.879507e+01
3.176957e+13,7.899780e+01
6.515619e+13,5.050934e+01
3.459226e+13,3.213009e+01
8.696826e+13,5.777411e+01
1.874395e+19,8.000000e+01
1.874395e+19,8.000000e+01
8.367731e+13,3.945695e+01
1.660987e+14,5.152826e+01
2.665040e+13,7.898964e+01
8.517262e+13,8.000000e+01
8.517262e+13,4.999998e+00
8.517262e+13,8.000000e+01
2.653427e+14,5.705344e+01
1.971146e+13,5.068598e+01
3.328277e+13,3.219015e+01
1.415845e+13,7.899527e+01
5.818421e+13,5.483135e+01
1.032994e+13,7.898511e+01
1.470666e+13,7.898408e+01
2.166108e+13,2.300154e+01
5.897664e+13,3.495274e+01
3.527231e+13,2.852672e+01
3.573005e+16,8.000000e+01
3.573005e+16,8.000000e+01
6.668822e+13,4.570280e+01
4.995960e+13,4.239971e+01
1.694087e+14,5.299517e+01
8.637114e+13,5.597242e+01
1.500495e+13,7.898714e+01
1.519301e+13,7.899343e+01
2.043165e+14,8.000000e+01
2.043165e+14,8.000000e+01
1.984198e+13,7.899180e+01
1.563461e+13,7.899634e+01
1.108591e+14,7.020575e+01
4.502237e+13,7.882396e+01
1.850005e+13,7.899166e+01
1.190823e+13,7.895311e+01
1.899546e+14,5.909535e+01
2.639802e+13,7.897502e+01
3.531418e+13,4.065808e+01
1.351946e+13,7.899666e+01
1.166141e+14,7.591110e+01
1.166141e+14,7.591110e+01
5.147352e+13,7.899414e+01
3.106720e+13,7.899282e+01
3.814535e+13,7.910029e+01
1.565635e+13,7.899711e+01
1.589428e+14,4.708410e+01
6.826692e+13,3.981729e+01
1.818612e+14,7.759267e+01
1.005472e+14,7.170716e+01
1.357621e+13,7.899863e+01
6.779340e+13,7.272812e+01
2.042801e+14,6.900463e+01
3.480014e+13,3.050857e+01
2.253615e+14,8.000000e+01
2.253615e+14,8.000000e+01
4.051619e+13,7.897496e+01
2.898965e+13,7.899584e+01
2.136484e+13,3.294973e+01
9.017930e+13,6.203810e+01
1.014922e+14,7.134682e+01
2.425694e+13,7.899502e+01
1.591695e+13,7.899739e+01
4.065915e+13,4.107847e+01
5.420377e+13,3.735499e+01
2.049732e+13,7.898547e+01
1.469012e+13,7.899683e+01
1.851000e+14,5.134809e+01
3.884572e+13,2.966779e+01
2.530211e+14,7.687200e+01
1.540850e+14,5.122798e+01
6.930974e+13,3.489268e+01
3.414674e+14,8.000000e+01
7.655195e+13,4.870562e+01
1.449672e+13,7.899808e+01
2.253536e+13,2.378227e+01
1.647469e+13,7.917210e+01
3.031426e+13,2.768593e+01
1.270907e+14,5.026708e+01
3.217260e+13,2.900717e+01
1.300824e+13,7.874014e+01
2.814456e+14,6.594176e+01
9.250035e+13,5.302967e+01
2.673951e+13,2.564402e+01
2.257727e+14,6.889426e+01
5.001987e+13,4.936624e+01
1.110401e+14,6.786356e+01
2.286627e+13,5.729027e+01
5.246060e+14,8.000000e+01
4.050682e+13,4.498213e+01
3.448402e+19,8.000000e+01
3.448402e+19,8.000000e+01
3.448402e+19,8.000000e+01
3.448402e+19,8.000000e+01
4.345748e+13,5.573220e+01
1.315073e+13,7.896953e+01
2.472130e+14,7.302840e+01
3.228479e+13,6.715867e+01
2.429842e+13,4.999741e+00
2.506350e+13,7.893824e+01
5.824798e+13,4.906595e+01
3.872832e+13,3.987735e+01
1.273181e+15,8.000000e+01
2.352974e+14,6.906468e+01
7.245972e+13,4.672376e+01
6.019351e+13,5.933557e+01
1.186347e+14,6.101715e+01
5.130575e+13,5.507158e+01
3.317631e+13,3.498291e+01
1.259543e+14,8.000000e+01
1.259543e+14,7.899257e+01
2.437897e+13,7.898531e+01
1.848827e+13,7.915702e+01
4.419131e+13,3.597369e+01
9.111264e+13,4.972657e+01
1.345410e+13,7.898676e+01
5.353497e+13,6.023642e+01
5.353497e+13,4.998884e+00
6.130441e+13,3.951701e+01
4.405702e+13,3.327116e+01
3.250705e+13,7.899164e+01
1.096467e+14,4.378100e+01
1.078651e+14,8.000000e+01
2.686770e+13,4.340717e+01
7.016754e+13,4.510224e+01
8.441309e+14,8.000000e+01
1.176069e+13,7.899836e+01
7.722225e+13,6.906468e+01
6.891152e+13,6.768339e+01
6.891152e+13,6.768339e+01
1.352751e+13,4.491578e+01
5.029983e+13,3.747510e+01
2.577099e+13,7.895127e+01
1.023927e+14,5.813445e+01
1.556799e+15,8.000000e+01
1.556799e+15,8.000000e+01
1.556799e+15,8.000000e+01
8.136905e+13,6.083698e+01
1.914599e+13,7.897075e+01
4.028844e+14,8.000000e+01
4.028844e+14,8.000000e+01
1.384295e+13,7.899620e+01
9.298018e+13,5.044725e+01
1.478748e+13,4.999813e+00
5.013143e+13,3.627397e+01
7.468607e+13,4.846539e+01
1.325292e+13,7.899599e+01
1.393217e+13,7.899792e+01
1.504351e+13,7.902485e+01
1.953907e+13,7.897723e+01
8.944050e+12,7.903296e+01
1.202777e+14,7.729239e+01
1.202777e+14,7.729239e+01
1.436208e+13,7.899481e+01
1.586274e+13,7.893819e+01
1.537704e+13,7.898535e+01
1.848793e+13,7.898764e+01
5.431814e+13,5.000016e+00
5.431814e+13,5.795428e+01
1.508906e+13,7.899632e+01
3.766441e+14,7.987481e+01
1.235182e+14,4.882573e+01
3.333843e+13,3.315105e+01
2.039730e+13,7.899508e+01
1.111480e+13,3.103659e+01
2.436511e+14,8.000000e+01
8.086093e+13,7.020575e+01
1.720466e+13,7.895020e+01
2.072946e+13,2.276132e+01
8.982633e+14,6.852418e+01
1.678286e+13,7.898983e+01
3.272241e+14,8.000000e+01
1.856824e+14,5.447102e+01
2.454826e+13,2.534374e+01
1.664212e+13,6.460631e+01
1.946984e+14,8.000000e+01
2.705716e+13,3.032841e+01
2.352036e+13,2.570407e+01
1.676024e+14,5.326989e+01
4.735680e+13,7.899681e+01
4.735680e+13,7.899755e+01
1.386487e+13,7.893518e+01
8.783578e+12,7.898787e+01
8.021132e+13,5.849479e+01
8.021132e+13,5.849479e+01
4.992549e+13,3.237032e+01
3.154920e+13,2.636469e+01
4.872928e+14,8.000000e+01
4.872928e+14,8.000000e+01
1.386398e+13,7.898520e+01
1.265312e+13,7.899473e+01
2.224749e+13,2.444289e+01
3.663607e+13,7.885496e+01
2.757549e+13,7.894802e+01
1.291502e+13,7.898675e+01
6.900130e+13,4.432151e+01
2.495044e+13,2.474317e+01
4.329628e+13,4.498213e+01
1.640553e+14,8.000000e+01
1.640553e+14,8.000000e+01
1.701747e+13,7.894289e+01
4.695321e+13,3.621392e+01
2.840931e+13,2.822644e+01
2.578402e+14,8.000000e+01
2.578402e+14,8.000000e+01
8.368252e+13,6.029647e+01
3.589080e+13,2.059929e+01
3.933860e+14,5.957580e+01
3.043967e+13,7.899339e+01
1.434365e+14,8.000000e+01
1.434365e+14,8.000000e+01
4.062564e+13,3.447229e+01
9.017773e+13,5.062742e+01
1.076976e+15,8.000000e+01
2.321846e+13,7.899882e+01
1.280664e+14,4.690393e+01
5.255827e+13,5.146820e+01
2.104184e+14,6.648227e+01
1.247627e+13,7.899230e+01
4.548322e+14,8.000000e+01
2.286835e+13,2.462306e+01
3.345577e+13,7.894480e+01
1.561010e+13,5.000435e+00
6.867021e+13,4.119859e+01
1.877573e+13,7.899374e+01
5.722093e+14,8.000000e+01
5.722093e+14,8.000000e+01
2.511475e+13,2.408256e+01
4.867322e+13,3.765527e+01
3.699118e+14,8.000000e+01
3.699118e+14,8.000000e+01
1.251602e+13,7.899748e+01
7.559585e+13,4.011757e+01
7.386247e+13,4.510224e+01
3.850056e+13,3.489268e+01
2.249370e+13,2.468312e+01
1.025632e+14,4.660365e+01
7.114616e+13,3.921673e+01
1.269389e+13,7.899629e+01
1.563742e+13,7.899597e+01
7.935944e+14,8.000000e+01
7.935944e+14,8.000000e+01
7.935944e+14,8.000000e+01
9.762371e+12,7.899019e+01
2.312412e+13,7.899374e+01
8.976122e+12,7.895649e+01
2.293025e+14,8.000000e+01
2.724280e+13,2.990801e+01
1.305771e+13,7.899554e+01
8.535744e+14,8.000000e+01
1.070810e+14,5.369029e+01
8.653617e+13,8.000000e+01
5.150767e+14,8.000000e+01
5.150767e+14,8.000000e+01
2.101106e+14,8.000000e+01
2.333082e+13,7.256551e+01
1.578417e+13,7.899347e+01
1.162268e+14,8.000000e+01
4.358378e+13,3.231026e+01
5.660642e+13,2.816638e+01
3.984332e+17,8.000000e+01
3.984332e+17,8.000000e+01
1.162550e+14,5.501152e+01
9.610718e+14,8.000000e+01
5.276064e+13,3.999746e+01
4.855098e+14,7.933430e+01
4.855098e+14,7.933430e+01
6.498154e+13,7.905047e+01
6.498154e+13,8.000000e+01
1.625921e+13,4.999651e+00
1.262671e+14,5.609254e+01
7.442214e+13,4.113853e+01
1.102543e+13,7.899392e+01
1.644937e+14,7.819323e+01
4.108171e+13,3.465245e+01
3.416570e+14,8.000000e+01
3.416570e+14,8.000000e+01
1.541216e+13,7.899351e+01
1.835584e+14,8.000000e+01
3.422847e+13,3.237032e+01
3.753030e+13,3.405189e+01
3.084571e+13,2.852672e+01
1.812964e+13,7.898826e+01
4.188535e+13,3.411195e+01
4.877753e+13,3.579352e+01
2.308695e+13,2.444289e+01
5.483807e+13,4.588297e+01
1.013126e+13,7.898211e+01
1.405544e+14,8.000000e+01
1.939727e+13,7.896712e+01
1.313059e+13,7.899484e+01
2.138775e+13,7.899762e+01
1.853491e+13,7.798894e+01
8.180718e+13,4.510224e+01
1.250217e+13,7.899440e+01
1.716132e+13,4.999164e+00
4.091839e+13,4.354078e+01
5.800443e+13,4.306033e+01
1.669721e+13,7.899783e+01
3.849012e+13,3.441223e+01
1.674201e+14,6.005625e+01
3.931278e+13,4.125864e+01
1.632095e+13,7.899578e+01
9.215392e+12,7.899865e+01
3.269641e+13,4.999917e+00
3.269641e+13,4.999979e+00
3.476611e+14,6.053670e+01
1.676410e+13,7.899467e+01
2.241827e+14,8.000000e+01
1.259845e+13,7.898718e+01
9.330678e+12,7.899558e+01
3.602587e+13,3.897650e+01
4.897223e+14,8.000000e+01
2.798621e+17,8.000000e+01
2.798621e+17,8.000000e+01
3.559016e+13,3.908536e+01
1.196961e+13,7.854978e+01
5.397171e+13,4.858550e+01
4.215764e+13,7.897474e+01
8.689873e+13,4.618325e+01
1.176145e+14,4.918607e+01
1.676391e+14,7.939436e+01
1.676391e+14,7.939436e+01
9.489441e+12,7.899242e+01
1.083050e+13,7.899384e+01
3.071352e+14,6.426019e+01
1.097208e+13,7.897198e+01
1.152065e+13,7.898891e+01
5.613913e+13,7.899427e+01
1.654444e+13,1.698384e+01
2.463942e+13,7.899336e+01
4.013997e+13,3.579352e+01
1.889393e+13,7.899442e+01
2.091656e+14,7.921419e+01
1.593274e+13,7.899568e+01
1.276857e+13,6.505393e+01
5.441101e+14,8.000000e+01
6.705608e+13,4.474190e+01
1.946246e+13,2.210070e+01
1.182163e+14,8.000000e+01
3.123273e+13,7.899535e+01
4.614495e+13,4.642348e+01
3.107549e+13,7.898272e+01
4.678235e+13,3.291082e+01
3.766804e+14,8.000000e+01
1.769457e+13,7.921006e+01
4.319327e+13,3.399184e+01
5.268127e+13,4.918607e+01
4.546962e+13,3.621392e+01
1.430208e+15,8.000000e+01
9.269213e+13,5.074753e+01
5.666637e+14,6.936497e+01
1.314582e+13,7.899280e+01
1.825088e+14,8.000000e+01
7.266815e+14,6.852418e+01
1.116522e+13,1.698663e+01
1.232418e+13,7.899805e+01
9.674470e+12,7.899911e+01
3.004187e+13,7.898370e+01
6.499788e+13,3.873628e+01
1.586508e+13,7.899538e+01
4.064863e+13,3.044852e+01
2.185292e+17,8.000000e+01
2.185292e+17,8.000000e+01
1.136489e+13,7.899043e+01
1.569809e+16,8.000000e+01
1.257087e+13,7.899808e+01
4.809210e+13,4.161898e+01
4.984726e+14,2.406055e+01
3.836024e+13,3.237032e+01
1.878647e+13,7.894450e+01
3.299180e+13,7.899641e+01
2.796211e+19,8.000000e+01
2.796211e+19,8.000000e+01
2.796211e+19,8.000000e+01
2.796211e+19,8.000000e+01
9.340549e+13,8.000000e+01
9.000796e+13,7.899787e+01
9.000796e+13,8.000000e+01
3.449575e+13,3.423206e+01
8.749974e+13,4.696399e+01
1.875621e+14,5.296961e+01
1.966213e+13,7.899586e+01
2.052985e+13,7.898901e+01
1.750471e+13,7.898574e+01
3.620998e+13,3.164964e+01
1.512785e+13,7.898386e+01
7.286799e+13,8.000000e+01
7.286799e+13,5.000005e+00
3.095641e+13,3.489268e+01
2.993437e+13,3.243037e+01
1.844807e+13,7.899351e+01
5.702908e+13,4.011757e+01
4.133846e+13,3.020829e+01
4.193728e+13,7.899255e+01
3.435343e+13,7.899204e+01
1.088991e+13,7.899705e+01
2.088864e+14,8.000000e+01
1.108880e+14,4.426145e+01
2.112162e+13,7.899402e+01
4.261898e+13,3.783544e+01
3.576983e+13,7.896715e+01
2.525021e+13,2.726554e+01
2.380475e+13,7.899651e+01
1.855490e+14,8.000000e+01
1.855490e+14,8.000000e+01
1.854231e+13,7.896068e+01
1.364515e+13,7.892425e+01
7.058768e+13,6.341940e+01
4.709637e+13,3.927679e+01
1.349391e+13,7.899439e+01
9.442739e+13,7.898956e+01
9.968909e+13,7.675188e+01
2.169277e+13,7.898857e+01
2.825277e+13,4.999836e+00
2.230122e+14,6.389985e+01
4.868537e+13,4.257988e+01
6.684722e+13,3.795555e+01
5.482583e+13,5.483135e+01
3.642783e+14,6.654232e+01
8.433331e+13,6.906468e+01
4.469087e+13,3.176976e+01
2.064693e+13,7.899732e+01
1.857253e+13,8.999632e+00
3.150903e+14,5.561209e+01
5.697976e+13,7.897097e+01
2.700075e+14,5.813445e+01
6.294446e+13,7.899547e+01
2.363015e+13,7.898195e+01
3.473941e+14,6.329929e+01
3.603269e+13,7.896215e+01
2.605799e+13,2.480323e+01
3.784537e+13,3.897650e+01
3.473580e+13,7.899538e+01
3.937209e+13,3.723487e+01
1.379349e+13,7.895302e+01
2.072214e+13,7.898113e+01
6.652774e+13,7.899035e+01
3.237302e+13,7.899763e+01
8.503800e+13,5.663304e+01
6.088415e+13,3.993740e+01
3.670915e+13,4.582292e+01
2.568829e+16,8.000000e+01
1.587303e+13,7.898292e+01
1.359907e+13,7.899608e+01
1.249200e+13,7.899732e+01
1.338063e+13,7.884063e+01
1.430652e+13,7.899347e+01
2.117980e+13,7.895808e+01
2.565256e+14,8.000000e+01
2.565256e+14,8.000000e+01
1.044831e+14,5.735372e+01
1.768966e+13,7.899599e+01
2.480497e+13,7.893860e+01
2.036124e+13,7.899617e+01
6.555867e+13,5.387045e+01
1.121503e+14,5.699338e+01
3.191711e+14,6.630210e+01
1.486294e+13,7.898984e+01
1.830511e+13,7.899473e+01
9.950217e+12,1.500000e+01
1.714431e+13,7.899033e+01
9.013450e+13,8.000000e+01
9.824828e+13,4.999949e+00
9.824828e+13,8.000000e+01
3.602690e+13,2.780604e+01
3.506905e+13,3.188987e+01
4.535508e+13,7.899118e+01
1.103598e+13,7.899760e+01
2.639821e+14,8.000000e+01
1.155275e+13,4.306372e+01
1.108196e+13,7.899034e+01
6.867021e+13,3.783544e+01
1.382967e+14,8.000000e+01
3.133218e+13,3.567341e+01
6.864803e+13,5.501152e+01
1.667036e+13,7.899133e+01
2.994536e+13,2.828649e+01
3.090129e+14,7.807312e+01
2.548593e+17,8.000000e+01
3.414174e+13,7.899592e+01
3.414174e+13,7.899543e+01
2.342669e+13,2.546385e+01
3.893116e+14,8.000000e+01
3.893116e+14,8.000000e+01
1.664536e+14,6.990547e+01
1.664536e+14,6.990547e+01
3.369949e+13,2.822644e+01
3.309937e+13,3.062869e+01
1.208930e+13,7.899583e+01
1.717163e+13,7.898834e+01
3.300547e+14,8.000000e+01
1.110342e+13,7.899168e+01
2.505013e+13,7.899560e+01
1.054876e+14,6.864429e+01
6.633944e+13,5.729366e+01
3.212339e+13,3.405189e+01
2.318475e+13,7.897359e+01
2.177162e+13,7.899329e+01
5.773398e+13,3.909662e+01
1.266184e+14,4.996680e+01
2.083872e+13,7.894771e+01
1.329798e+16,8.000000e+01
2.096554e+13,7.890973e+01
2.393210e+13,7.895824e+01
6.859186e+13,3.669437e+01
1.686168e+13,7.923235e+01
7.683420e+14,8.000000e+01
8.511659e+13,6.660238e+01
4.599298e+13,3.543319e+01
1.329976e+13,7.899732e+01
2.533045e+14,8.000000e+01
4.509666e+13,2.876694e+01
2.566652e+13,2.804627e+01
1.272699e+13,7.899546e+01
3.367509e+13,2.858677e+01
2.152991e+14,8.000000e+01
2.783966e+13,4.999520e+00
1.090548e+14,7.410941e+01
1.090548e+14,7.410941e+01
7.870536e+13,6.047664e+01
5.937845e+13,4.570280e+01
3.229109e+13,3.645414e+01
1.338783e+13,7.899182e+01
1.317615e+14,6.071687e+01
3.537353e+14,8.000000e+01
3.247973e+13,2.816638e+01
1.337932e+14,4.786483e+01
5.941499e+13,4.107847e+01
7.512042e+13,3.717482e+01
4.026895e+13,7.899582e+01
4.859922e+13,3.669437e+01
2.563407e+13,7.898577e+01
2.122169e+15,8.000000e+01
2.122169e+15,8.000000e+01
1.755523e+13,7.898890e+01
1.001631e+15,7.332868e+01
1.943799e+13,7.897019e+01
6.472692e+13,3.975724e+01
1.374085e+13,7.899646e+01
1.954579e+14,7.428958e+01
1.280613e+14,7.687200e+01
1.134948e+14,8.000000e+01
1.134948e+14,8.000000e+01
7.904634e+13,4.702404e+01
1.854000e+13,7.899591e+01
8.257237e+13,4.732432e+01
4.360716e+13,3.020829e+01
8.802455e+13,8.000000e+01
5.161298e+13,4.918607e+01
2.287951e+13,5.296680e+01
4.305669e+13,4.167904e+01
2.176088e+13,7.899270e+01
5.886188e+14,8.000000e+01
3.766236e+13,3.897816e+01
1.048514e+13,5.000000e+00
1.827386e+13,7.898699e+01
3.250084e+13,2.510351e+01
4.179764e+13,3.789549e+01
1.697958e+13,7.899725e+01
2.156696e+13,7.890891e+01
8.812405e+15,8.000000e+01
2.323590e+13,7.894239e+01
2.197627e+13,7.898133e+01
4.153203e+13,7.899566e+01
2.204640e+13,7.899282e+01
3.666695e+13,3.176976e+01
1.295430e+13,7.899817e+01
2.752255e+14,7.699211e+01
1.076112e+14,4.999898e+00
1.076112e+14,4.999931e+00
1.076112e+14,8.000000e+01
2.642586e+13,7.897833e+01
3.215828e+13,2.456301e+01
1.079734e+13,7.899812e+01
6.816387e+13,4.390112e+01
9.322056e+13,6.113726e+01
1.871756e+14,8.000000e+01
2.763681e+13,7.894553e+01
4.710665e+13,3.351139e+01
1.555414e+13,7.898943e+01
4.282015e+13,3.687454e+01
5.506911e+13,7.885235e+01
5.506911e+13,6.822390e+01
1.257834e+19,8.000000e+01
1.257834e+19,8.000000e+01
1.257834e+19,8.000000e+01
1.658310e+13,7.899619e+01
2.920088e+13,7.898392e+01
2.920088e+13,5.000002e+00
2.093676e+13,7.898879e+01
1.355276e+13,7.899430e+01
6.061393e+13,7.899809e+01
2.998519e+14,8.000000e+01
2.077694e+13,7.899772e+01
2.464393e+13,7.855161e+01
1.196499e+14,7.783290e+01
6.294239e+13,7.899442e+01
1.118393e+13,7.898435e+01
6.066447e+13,7.896077e+01
3.373697e+14,8.000000e+01
3.373697e+14,8.000000e+01
1.324231e+13,7.895039e+01
4.464578e+14,6.137749e+01
3.510372e+13,3.549324e+01
5.279575e+13,5.260927e+01
5.523935e+14,8.000000e+01
5.523935e+14,8.000000e+01
1.549118e+13,7.897071e+01
9.519492e+13,4.942629e+01
2.600707e+13,2.732559e+01
3.144493e+13,2.444289e+01
7.290875e+14,8.000000e+01
7.290875e+14,8.000000e+01
7.290875e+14,8.000000e+01
7.290875e+14,8.000000e+01
7.290875e+14,8.000000e+01
1.293542e+14,5.795428e+01
9.340810e+13,6.209816e+01
2.127162e+13,7.898790e+01
1.606370e+14,8.000000e+01
3.846950e+13,3.363150e+01
2.764164e+13,7.899282e+01
1.791894e+14,5.759394e+01
5.582592e+13,7.899939e+01
5.582592e+13,7.899839e+01
7.402123e+13,4.378100e+01
1.126730e+15,7.350885e+01
1.636602e+13,7.898951e+01
2.113004e+13,7.899344e+01
8.862286e+13,2.296425e+01
5.479041e+14,6.888452e+01
9.452109e+13,6.474064e+01
8.099974e+13,4.089830e+01
1.096288e+15,8.000000e+01
2.617649e+14,8.000000e+01
2.617649e+14,8.000000e+01
5.638239e+13,3.633403e+01
6.335019e+14,8.000000e+01
2.488730e+13,7.899389e+01
1.538111e+14,7.861363e+01
2.634095e+13,7.898356e+01
1.647783e+13,7.899520e+01
2.870754e+13,3.086891e+01
6.404547e+13,3.987735e+01
2.468154e+13,2.474317e+01
1.021018e+13,7.899793e+01
2.050724e+13,7.899820e+01
1.282809e+14,8.000000e+01
5.123824e+13,4.924612e+01
4.687875e+13,7.899613e+01
3.020692e+13,7.930157e+01
2.713998e+13,2.558396e+01
9.094693e+13,3.921673e+01
2.543398e+13,7.899318e+01
6.191006e+13,5.272939e+01
1.378124e+14,5.020702e+01
8.366467e+13,8.000000e+01
1.715511e+14,8.000000e+01
1.715511e+14,8.000000e+01
2.300045e+13,7.899488e+01
3.090061e+13,2.990801e+01
1.606753e+13,7.896761e+01
3.127685e+14,8.000000e+01
1.770947e+13,7.899442e+01
1.175213e+13,7.897423e+01
3.091722e+13,2.774599e+01
9.129351e+13,5.777411e+01
4.401472e+14,8.000000e+01
4.401472e+14,8.000000e+01
4.401472e+14,8.000000e+01
6.345999e+15,8.000000e+01
4.104922e+13,3.651420e+01
6.878382e+13,6.107720e+01
8.131312e+13,4.035780e+01
5.245704e+13,7.895996e+01
1.019039e+14,8.000000e+01
8.703557e+13,5.230899e+01
1.795771e+14,7.116665e+01
5.435880e+13,6.898781e+01
2.038967e+13,2.336188e+01
2.217453e+14,5.399057e+01
7.826817e+13,6.359957e+01
1.977004e+14,7.416947e+01
3.637988e+13,3.615386e+01
1.512032e+13,7.899071e+01
2.515230e+14,6.095709e+01
9.597081e+13,4.492207e+01
2.359274e+13,2.642475e+01
2.457477e+13,7.899095e+01
2.563877e+13,2.582419e+01
3.306709e+13,3.327116e+01
5.122883e+13,4.414134e+01
5.483795e+13,5.855484e+01
2.240820e+14,3.681624e+01
1.463847e+15,8.000000e+01
1.463847e+15,8.000000e+01
6.580055e+13,4.179915e+01
1.115694e+13,7.899540e+01
6.826365e+14,8.000000e+01
2.292754e+14,6.846412e+01
1.102618e+13,7.899075e+01
5.472102e+14,7.603121e+01
9.933470e+16,8.000000e+01
1.522582e+14,5.008691e+01
9.460338e+12,7.899748e+01
4.522019e+13,3.963712e+01
4.841011e+13,4.420140e+01
1.181491e+13,7.899801e+01
3.566125e+13,3.188987e+01
6.855484e+13,2.300000e+01
9.620961e+13,6.978536e+01
9.620961e+13,6.978536e+01
2.472366e+14,5.561209e+01
1.123975e+14,8.000000e+01
1.093725e+13,7.899678e+01
2.698097e+14,8.000000e+01
4.747701e+13,7.899110e+01
1.868702e+13,7.899669e+01
1.017449e+14,5.068747e+01
9.787265e+12,7.898951e+01
1.666724e+13,7.899724e+01
5.472284e+14,8.000000e+01
2.719519e+13,2.852672e+01
4.806062e+13,4.276005e+01
1.856038e+13,7.895058e+01
1.135131e+13,7.899494e+01
1.519109e+13,7.899377e+01
1.977707e+14,7.416947e+01
1.977707e+14,7.416947e+01
5.328766e+13,5.465119e+01
2.800040e+13,2.786610e+01
2.688263e+13,2.972784e+01
4.721810e+14,8.000000e+01
6.516682e+13,5.765400e+01
4.902336e+13,3.837594e+01
1.031975e+14,5.188860e+01
1.142510e+14,6.936497e+01
1.887709e+13,7.909983e+01
1.438713e+14,6.910723e+01
6.382548e+13,5.675315e+01
2.945285e+14,6.570154e+01
1.388965e+13,7.898355e+01
8.197883e+13,7.549070e+01
3.020696e+13,3.098902e+01
3.303709e+13,2.240098e+01
1.187490e+13,7.899744e+01
5.601809e+14,7.356890e+01
3.435560e+13,7.899354e+01
8.551321e+13,5.723360e+01
1.335194e+14,7.080632e+01
3.654884e+13,3.146947e+01
5.438588e+13,3.591364e+01
9.811124e+13,4.450168e+01
2.632142e+13,4.998485e+00
7.249645e+13,4.414134e+01
3.420149e+13,7.899667e+01
1.489055e+16,8.000000e+01
4.989664e+13,4.360084e+01
3.690943e+14,8.000000e+01
2.134434e+13,7.899747e+01
6.765389e+14,8.000000e+01
2.039458e+13,7.897589e+01
1.989363e+13,7.896840e+01
5.058486e+13,4.684387e+01
6.079176e+13,4.143881e+01
9.991651e+12,7.899525e+01
2.002268e+15,8.000000e+01
2.403164e+13,7.898664e+01
1.100459e+13,7.899652e+01
8.122124e+13,8.000000e+01
1.558105e+14,8.000000e+01
2.436282e+13,7.894308e+01
1.240243e+13,7.899752e+01
1.243192e+15,8.000000e+01
1.243192e+15,8.000000e+01
1.518890e+13,7.897771e+01
1.577720e+13,7.899731e+01
1.676681e+13,7.899789e+01
1.947668e+13,7.899671e+01
1.002276e+14,6.714289e+01
4.219464e+13,3.933684e+01
2.865113e+13,2.540379e+01
4.090513e+13,7.020575e+01
5.600179e+13,7.927948e+01
4.218841e+13,4.984669e+01
9.779375e+14,8.000000e+01
3.875341e+13,7.928814e+01
1.501248e+13,7.888752e+01
2.560988e+13,7.894806e+01
4.924031e+13,3.297088e+01
3.504161e+13,3.014824e+01
1.374678e+13,7.899704e+01
6.364694e+13,7.898353e+01
3.670312e+13,3.116919e+01
1.812036e+14,8.000000e+01
1.812036e+14,8.000000e+01
1.483875e+14,4.540252e+01
6.611398e+13,6.395990e+01
2.338259e+14,8.000000e+01
2.338259e+14,8.000000e+01
1.756416e+15,6.293895e+01
1.820849e+14,5.182854e+01
2.553554e+13,2.876694e+01
1.214769e+13,7.899694e+01
4.431735e+13,4.005752e+01
1.908450e+14,8.000000e+01
1.908450e+14,8.000000e+01
1.781895e+13,7.898260e+01
5.337407e+13,7.898767e+01
1.676417e+14,5.026708e+01
3.881867e+13,3.477257e+01
7.921260e+13,7.759267e+01
1.561703e+13,7.899395e+01
3.540235e+13,3.026835e+01
2.278867e+13,2.648481e+01
2.643733e+14,8.000000e+01
6.501394e+13,3.633403e+01
5.192209e+13,3.735499e+01
2.066931e+13,7.899188e+01
6.415664e+13,7.895976e+01
6.415664e+13,7.898053e+01
2.151175e+13,7.898830e+01
3.416705e+13,3.459240e+01
5.046515e+13,3.285077e+01
1.045872e+14,6.371968e+01
2.577013e+13,4.998123e+00
9.735373e+12,7.899367e+01
1.455498e+14,5.831462e+01
2.183640e+13,4.999918e+00
5.008854e+13,3.705470e+01
1.621884e+14,8.000000e+01
1.621884e+14,8.000000e+01
9.389412e+13,8.000000e+01
9.389412e+13,8.000000e+01
6.560682e+13,5.765400e+01
2.791973e+13,2.960773e+01
2.471915e+13,7.898180e+01
1.163531e+14,4.113853e+01
2.177323e+14,7.723233e+01
2.177323e+14,7.723233e+01
1.183088e+13,7.899653e+01
2.318560e+13,7.913836e+01
8.378816e+14,8.000000e+01
1.838057e+14,5.020702e+01
1.656001e+14,5.050730e+01
1.136640e+14,5.260927e+01
4.371322e+13,3.753515e+01
3.143409e+13,2.858677e+01
1.167996e+13,7.899749e+01
1.179653e+15,8.000000e+01
1.958133e+14,5.477130e+01
1.463390e+13,7.899685e+01
6.975712e+13,6.474064e+01
1.931738e+14,6.564148e+01
3.570143e+13,7.896633e+01
1.753500e+13,7.899484e+01
1.718329e+13,5.000000e+00
6.830713e+13,3.801560e+01
2.392098e+13,2.486329e+01
7.228425e+13,5.393051e+01
9.925557e+13,4.840534e+01
1.254861e+14,4.720421e+01
4.093479e+13,3.261054e+01
3.154604e+13,1.499120e+01
1.755192e+13,7.899174e+01
2.353087e+13,7.891823e+01
3.927901e+13,3.297088e+01
3.103095e+14,7.663177e+01
2.813335e+13,3.176976e+01
1.187788e+13,7.899725e+01
1.505402e+14,7.368902e+01
1.505402e+14,7.368902e+01
1.952305e+14,8.000000e+01
8.609497e+13,4.233965e+01
5.047627e+13,4.999492e+00
2.118758e+13,7.895152e+01
3.844483e+13,7.898699e+01
3.195037e+13,3.375161e+01
3.857022e+13,7.899200e+01
3.109483e+14,7.122671e+01
8.975178e+13,4.053797e+01
3.168136e+13,4.999839e+00
1.309882e+14,5.981602e+01
2.036470e+13,7.898409e+01
3.395751e+13,4.113853e+01
4.580664e+13,3.267060e+01
8.986878e+12,7.897748e+01
2.006723e+14,5.146820e+01
1.340938e+14,6.714289e+01
6.226579e+13,4.990674e+01
3.309434e+14,8.000000e+01
4.686404e+13,3.861617e+01
3.391379e+13,7.899714e+01
1.500365e+15,8.000000e+01
3.911165e+13,7.899043e+01
2.627595e+13,2.816638e+01
1.051843e+13,7.899799e+01
4.551132e+13,4.005752e+01
3.183728e+13,3.116919e+01
1.041860e+13,7.899743e+01
7.202375e+13,4.912601e+01
4.311051e+13,3.146947e+01
6.447447e+13,3.525302e+01
1.692741e+14,7.134682e+01
1.177224e+14,5.777411e+01
6.171724e+13,5.693332e+01
6.171724e+13,5.693332e+01
4.883828e+13,3.609380e+01
2.399223e+13,7.899484e+01
4.466934e+13,7.899268e+01
3.092800e+13,7.899873e+01
1.486397e+13,7.859597e+01
2.416556e+13,2.498340e+01
1.861640e+13,7.921376e+01
5.409744e+13,5.218888e+01
7.577316e+13,6.305906e+01
8.449208e+15,8.000000e+01
1.791426e+13,7.899274e+01
2.801808e+13,7.880191e+01
3.671903e+14,8.000000e+01
1.741094e+13,7.897762e+01
1.660195e+13,7.899455e+01
1.289556e+13,4.702920e+01
2.973687e+13,7.895836e+01
2.689859e+13,2.726554e+01
4.061672e+13,3.807566e+01
2.665457e+13,7.898485e+01
1.566688e+14,8.000000e+01
1.433956e+14,8.000000e+01
1.433956e+14,8.000000e+01
2.227380e+13,7.896668e+01
5.926172e+13,3.128931e+01
2.963512e+15,8.000000e+01
1.518148e+13,4.998877e+00
1.682785e+13,7.896193e+01
4.515785e+13,2.948762e+01
3.669733e+14,7.741250e+01
6.821011e+13,7.483008e+01
6.821011e+13,7.483008e+01
4.059882e+13,3.285077e+01
5.345344e+15,7.747256e+01
2.394632e+13,2.642475e+01
8.531412e+13,5.621265e+01
1.706025e+13,7.899127e+01
1.855179e+14,7.398930e+01
7.612241e+13,5.032714e+01
6.534032e+13,4.738438e+01
1.606901e+13,7.899200e+01
4.901541e+13,5.747383e+01
1.005110e+17,8.000000e+01
4.094259e+13,4.113853e+01
2.676426e+13,7.898305e+01
4.481291e+13,6.474064e+01
1.929808e+13,7.899415e+01
3.954969e+13,4.185920e+01
1.924706e+13,7.872384e+01
1.682336e+13,7.898034e+01
7.401973e+13,4.792489e+01
1.671509e+13,7.898975e+01
5.351289e+13,3.999746e+01
2.162129e+13,7.899285e+01
1.984904e+13,7.896744e+01
2.647322e+13,7.898087e+01
8.298751e+12,7.894476e+01
9.037791e+13,4.468185e+01
7.340000e+13,4.999791e+00
2.582615e+13,7.899761e+01
2.228603e+13,7.899185e+01
4.241956e+13,4.978663e+01
3.546175e+13,3.339127e+01
1.239328e+13,7.898101e+01
3.535312e+13,2.906722e+01
1.236488e+14,3.188987e+01
3.195154e+14,8.000000e+01
1.313935e+13,7.899509e+01
6.173275e+13,5.585231e+01
2.831595e+13,7.899722e+01
1.657535e+13,7.898492e+01
2.946152e+13,3.098979e+01
5.718382e+13,4.522235e+01
5.873235e+13,3.729493e+01
1.647116e+13,7.899592e+01
3.605246e+13,3.213009e+01
2.404985e+13,2.444289e+01
1.232947e+13,7.899520e+01
1.024525e+14,4.786483e+01
1.376506e+13,7.898979e+01
7.683360e+13,5.182854e+01
4.570422e+17,8.000000e+01
4.570422e+17,8.000000e+01
2.714484e+13,2.672503e+01
1.115409e+14,4.618325e+01
1.580038e+13,7.899653e+01
3.130218e+14,8.000000e+01
3.130218e+14,8.000000e+01
2.803323e+13,2.582419e+01
1.405102e+13,7.897376e+01
2.151699e+13,7.898091e+01
2.372285e+13,7.899693e+01
2.499054e+14,7.032587e+01
4.176787e+13,7.899501e+01
2.902904e+13,3.267060e+01
4.782894e+13,7.899833e+01
4.782894e+13,7.899183e+01
9.278262e+12,7.903383e+01
2.450968e+13,7.898667e+01
1.939058e+13,7.899542e+01
1.944614e+13,7.899307e+01
1.794637e+13,1.500000e+01
3.432681e+13,3.261054e+01
1.144184e+15,7.741250e+01
1.781801e+13,7.895272e+01
3.557583e+13,3.182981e+01
6.314979e+14,8.000000e+01
3.175016e+13,2.900000e+01
1.452918e+13,4.999844e+00
3.576777e+13,2.924739e+01
1.784002e+13,7.895264e+01
5.002762e+13,3.681448e+01
2.977909e+13,7.899312e+01
9.563824e+12,7.896801e+01
4.846304e+13,7.898451e+01
4.123126e+13,3.237032e+01
2.368538e+13,7.898553e+01
2.754461e+13,7.898586e+01
2.926846e+13,2.510351e+01
3.595846e+13,3.495274e+01
3.014355e+13,4.998166e+00
3.171881e+13,4.924612e+01
5.942094e+13,3.429212e+01
1.346248e+14,5.062742e+01
3.534380e+13,7.899515e+01
2.073589e+13,7.898816e+01
1.138755e+13,7.899505e+01
4.006273e+13,3.333122e+01
1.643031e+13,7.898231e+01
7.141658e+14,7.555076e+01
2.016124e+14,7.392924e+01
1.123761e+13,2.904664e+01
1.227250e+13,7.897644e+01
9.729641e+13,8.000000e+01
7.956814e+13,5.230899e+01
4.414481e+13,3.014824e+01
1.110661e+14,6.071687e+01
2.658290e+13,7.896043e+01
2.310004e+13,7.895708e+01
1.141996e+13,7.899604e+01
6.651330e+13,3.675442e+01
8.380076e+13,7.278817e+01
3.140401e+13,3.074880e+01
1.788242e+14,7.495020e+01
1.965971e+14,5.975597e+01
4.334913e+14,8.000000e+01
4.334913e+14,8.000000e+01
3.171072e+14,6.173782e+01
1.091520e+13,7.899623e+01
1.737202e+14,6.678255e+01
1.116391e+14,5.218888e+01
1.003482e+14,4.840534e+01
3.277673e+13,3.008818e+01
2.503246e+13,2.534374e+01
1.976037e+13,2.204064e+01
2.343203e+14,8.000000e+01
1.411017e+13,7.899645e+01
4.108121e+13,3.056863e+01
2.920269e+13,7.882074e+01
6.294747e+13,4.999667e+00
6.294747e+13,5.000081e+00
1.533971e+13,7.899220e+01
5.127360e+13,3.975724e+01
2.043461e+14,6.347945e+01
1.860260e+13,7.899089e+01
4.183350e+13,4.113853e+01
1.304352e+13,7.892021e+01
4.760511e+13,4.083825e+01
1.054601e+13,7.899682e+01
1.996284e+13,7.899510e+01
1.860980e+14,7.795301e+01
1.076848e+15,8.000000e+01
1.255458e+13,7.899708e+01
1.862837e+13,7.893956e+01
1.349791e+13,7.899480e+01
9.217433e+13,6.119732e+01
8.875203e+13,5.867495e+01
4.241284e+14,4.500000e+01
5.634764e+13,5.681321e+01
5.108048e+13,3.807566e+01
5.791444e+13,7.899509e+01
2.518731e+14,6.990547e+01
1.004299e+14,4.125864e+01
2.241000e+13,7.898186e+01
1.359393e+13,7.899503e+01
1.948475e+13,7.899494e+01
4.433989e+13,4.999457e+00
5.125979e+13,3.705470e+01
1.506799e+14,4.828522e+01
2.490241e+13,7.899151e+01
2.754793e+13,7.899086e+01
9.581876e+13,8.000000e+01
9.581876e+13,8.000000e+01
4.700815e+13,3.795555e+01
2.614952e+13,3.044852e+01
2.561557e+13,7.899141e+01
8.846538e+13,5.170843e+01
9.839459e+13,4.402123e+01
1.193034e+13,7.899810e+01
3.279288e+13,7.892493e+01
2.864902e+13,4.997627e+00
2.699863e+13,4.999975e+00
2.699863e+13,7.897924e+01
5.516116e+13,3.771532e+01
1.688235e+13,5.671099e+01
2.174486e+13,7.897865e+01
1.573996e+13,7.899469e+01
9.811272e+12,7.899856e+01
4.072994e+13,3.188987e+01
1.455412e+13,7.898760e+01
6.965380e+14,8.000000e+01
6.965380e+14,8.000000e+01
6.965380e+14,8.000000e+01
7.568792e+13,6.474064e+01
6.026752e+13,4.900590e+01
2.517774e+13,7.899074e+01
5.465773e+13,3.741504e+01
3.742105e+13,3.237032e+01
5.362402e+13,3.459240e+01
1.623494e+13,7.897574e+01
9.222549e+12,7.898664e+01
4.387813e+14,8.000000e+01
4.387813e+14,8.000000e+01
1.597496e+14,5.320984e+01
1.577125e+14,8.000000e+01
3.379389e+13,3.086891e+01
3.189095e+13,7.886581e+01
1.392465e+13,7.897139e+01
2.617801e+13,7.898389e+01
2.325535e+14,5.591237e+01
1.270609e+13,7.895531e+01
3.573897e+13,7.899776e+01
8.997501e+13,5.957580e+01
8.997501e+13,5.957580e+01
1.398393e+13,7.899672e+01
9.624570e+13,4.167904e+01
2.030022e+14,6.912474e+01
5.604370e+13,7.224767e+01
3.706707e+13,3.633403e+01
9.154642e+13,4.894584e+01
1.146945e+14,4.816511e+01
2.918017e+13,2.780604e+01
2.473516e+13,7.896519e+01
3.114149e+13,2.174036e+01
1.855799e+13,5.000000e+00
5.518591e+13,7.898501e+01
1.627962e+13,7.899742e+01
4.472428e+13,4.498213e+01
3.705394e+13,3.213009e+01
5.215472e+14,6.714289e+01
3.881959e+13,7.430138e+01
1.059408e+14,7.254795e+01
7.598081e+13,6.281884e+01
3.330240e+13,3.381167e+01
6.242617e+13,3.711476e+01
1.727859e+13,7.899535e+01
1.122485e+13,7.899651e+01
6.512609e+13,6.300000e+01
5.500818e+13,3.807566e+01
2.587515e+13,7.892684e+01
1.547151e+13,7.899089e+01
1.599643e+13,4.999594e+00
2.015961e+14,8.000000e+01
1.998337e+13,7.897145e+01
2.170114e+13,7.899524e+01
2.910557e+13,7.890035e+01
5.557665e+13,5.080759e+01
1.718114e+14,5.104781e+01
1.221023e+13,7.899706e+01
1.278057e+13,7.899367e+01
1.858592e+13,4.999797e+00
3.522050e+13,3.008818e+01
1.173148e+14,4.648354e+01
1.096569e+13,7.907978e+01
1.852312e+13,2.100000e+01
1.786559e+14,7.002558e+01
4.055517e+13,3.182981e+01
1.539773e+13,4.999725e+00
2.053692e+13,2.324177e+01
1.733873e+13,7.898979e+01
1.043704e+13,7.899376e+01
4.877155e+13,3.867622e+01
5.255885e+13,4.203937e+01
3.538805e+13,2.864683e+01
3.564545e+13,3.633403e+01
5.219607e+13,3.597369e+01
2.105731e+14,5.927552e+01
4.067992e+13,3.062869e+01
9.277666e+13,4.510224e+01
4.932019e+14,8.000000e+01
5.402878e+13,4.924612e+01
9.745606e+14,8.000000e+01
9.568656e+13,5.332995e+01
6.116994e+13,7.314851e+01
6.221184e+13,4.660365e+01
1.815305e+13,7.898153e+01
1.049556e+14,5.453107e+01
6.124093e+13,4.107847e+01
1.923331e+14,5.357017e+01
1.278132e+13,7.891332e+01
1.347692e+13,7.898874e+01
1.804127e+13,7.763703e+01
7.563148e+13,5.212882e+01
7.667265e+13,3.927679e+01
7.749370e+13,6.912474e+01
7.749370e+13,6.912474e+01
2.674534e+13,7.899128e+01
2.907244e+13,7.896844e+01
2.480746e+13,2.600436e+01
6.231436e+13,6.329929e+01
1.703589e+13,7.899848e+01
1.380815e+14,6.185794e+01
1.500741e+14,4.798494e+01
1.056232e+14,4.744444e+01
7.325861e+13,5.837467e+01
1.781563e+13,7.899751e+01
1.218123e+16,8.000000e+01
4.212181e+13,3.194992e+01
2.337818e+13,2.432278e+01
5.528067e+13,3.279071e+01
2.444382e+13,7.897308e+01
1.118952e+14,4.594303e+01
1.266177e+13,7.899605e+01
2.319951e+13,2.552391e+01
7.736291e+13,4.918607e+01
2.958531e+13,7.896550e+01
1.139969e+13,7.899061e+01
1.489616e+13,7.899716e+01
4.720340e+13,4.558269e+01
7.355988e+13,7.912549e+01
7.355988e+13,7.930701e+01
2.921585e+13,4.999618e+00
4.149254e+13,3.176976e+01
3.046305e+20,8.000000e+01
3.046305e+20,8.000000e+01
3.046305e+20,8.000000e+01
3.046305e+20,8.000000e+01
8.595965e+13,4.828522e+01
3.578751e+13,7.879615e+01
2.032315e+13,3.885098e+01
2.567049e+15,8.000000e+01
2.462499e+13,2.660492e+01
5.975768e+13,4.312039e+01
1.575791e+13,7.908108e+01
9.254544e+13,6.642221e+01
1.909323e+13,7.899652e+01
7.001752e+13,2.097400e+01
1.584200e+13,7.892226e+01
1.477469e+13,7.898309e+01
3.191955e+13,7.899371e+01
1.043216e+14,4.900590e+01
1.248513e+13,7.898890e+01
7.683868e+13,7.495020e+01
3.276967e+13,3.176976e+01
1.553904e+13,7.899753e+01
3.013084e+14,7.440969e+01
4.210996e+13,3.945695e+01
5.457881e+19,8.000000e+01
5.457881e+19,8.000000e+01
5.457881e+19,8.000000e+01
5.457881e+19,8.000000e+01
5.457881e+19,8.000000e+01
5.457881e+19,8.000000e+01
3.490394e+13,7.899382e+01
1.795053e+13,7.899445e+01
3.007404e+13,7.899672e+01
7.773174e+13,7.146693e+01
9.913658e+13,7.416947e+01
1.203941e+13,7.899764e+01
1.336141e+13,4.999698e+00
6.589358e+13,6.642221e+01
6.589358e+13,6.642221e+01
4.816064e+13,4.678382e+01
1.441670e+14,8.000000e+01
4.043111e+14,7.038592e+01
4.070617e+13,3.423206e+01
1.370604e+13,7.895142e+01
3.862916e+13,3.092897e+01
3.108936e+13,7.898950e+01
2.460440e+13,7.899388e+01
3.460969e+13,3.351139e+01
6.224494e+14,8.000000e+01
1.202064e+13,7.899561e+01
1.481497e+16,8.000000e+01
3.736898e+13,1.900000e+01
2.611259e+14,8.000000e+01
6.597257e+13,4.618325e+01
1.738788e+13,5.657017e+01
1.025182e+14,4.468185e+01
3.253685e+13,7.891474e+01
1.975792e+14,5.639282e+01
5.228471e+13,3.717482e+01
4.167452e+13,4.654359e+01
3.577042e+14,8.000000e+01
6.456063e+13,3.657425e+01
1.151580e+13,7.898532e+01
1.850682e+13,4.999888e+00
1.137427e+13,7.899671e+01
5.918369e+13,5.519169e+01
2.580142e+13,7.899317e+01
2.283840e+14,7.507031e+01
6.656172e+13,8.000000e+01
1.658742e+14,4.999987e+00
1.658742e+14,4.999975e+00
4.079265e+13,7.899374e+01
3.798841e+13,3.267060e+01
1.768428e+14,8.000000e+01
1.768428e+14,8.000000e+01
1.933442e+14,8.000000e+01
3.919191e+13,3.339127e+01
3.510021e+13,2.978790e+01
1.909964e+14,7.609127e+01
1.997010e+13,7.893562e+01
5.767070e+14,8.000000e+01
5.767070e+14,8.000000e+01
5.767070e+14,8.000000e+01
1.654088e+13,7.899333e+01
7.122093e+13,7.898024e+01
3.005628e+13,7.899158e+01
2.472744e+13,2.636469e+01
3.226566e+13,7.899470e+01
2.706410e+13,7.899579e+01
7.734578e+14,8.000000e+01
2.579447e+14,6.095709e+01
3.018504e+13,2.954767e+01
1.358886e+13,7.899629e+01
5.313445e+13,4.384106e+01
1.245280e+13,6.091177e+01
1.603457e+13,7.897326e+01
1.014625e+14,6.197805e+01
1.025878e+14,7.549070e+01
1.025878e+14,7.549070e+01
1.308763e+13,7.899340e+01
1.401749e+13,7.898472e+01
1.923994e+13,7.898235e+01
2.179164e+13,4.717615e+01
4.680338e+13,2.099558e+01
1.629846e+13,7.899648e+01
1.872876e+14,7.164710e+01
2.670396e+13,7.899483e+01
2.446910e+13,2.534374e+01
1.441339e+16,8.000000e+01
2.238450e+13,7.898457e+01
1.774813e+14,5.465119e+01
1.919650e+14,6.047664e+01
2.944746e+13,2.750576e+01
7.314958e+13,7.891007e+01
4.896743e+13,3.357144e+01
4.347978e+13,4.239971e+01
2.991029e+13,3.267060e+01
1.837351e+13,7.918605e+01
4.103946e+13,3.447229e+01
1.963369e+13,7.896553e+01
2.849807e+13,2.786610e+01
5.102259e+14,8.000000e+01
3.583714e+13,3.170970e+01
5.538088e+13,4.999426e+00
1.547977e+14,8.000000e+01
3.373164e+13,3.140942e+01
3.487232e+13,6.128877e+01
4.042618e+13,7.899317e+01
4.042618e+13,5.000000e+00
2.355309e+13,7.864387e+01
1.206178e+14,6.648227e+01
2.174364e+13,7.890300e+01
2.778521e+13,3.170970e+01
5.561695e+13,5.182854e+01
1.993344e+13,7.894693e+01
1.630981e+14,8.000000e+01
1.630981e+14,8.000000e+01
2.395072e+13,7.896314e+01
4.270550e+13,4.077819e+01
8.930789e+13,6.083698e+01
1.167877e+14,5.807439e+01
1.501069e+15,8.000000e+01
2.008383e+13,7.899461e+01
2.626350e+14,7.374907e+01
3.023310e+13,5.848177e+01
4.414533e+13,3.309099e+01
1.402869e+13,7.898317e+01
6.992944e+13,3.993740e+01
1.473876e+13,7.897287e+01
6.863849e+13,6.377974e+01
3.255644e+13,3.663431e+01
5.445786e+13,7.895018e+01
1.453462e+14,5.146820e+01
3.649493e+13,7.899552e+01
9.784568e+12,6.869314e+01
1.716113e+13,7.898295e+01
1.262090e+13,7.899196e+01
1.985275e+13,7.898818e+01
3.635045e+14,8.000000e+01
3.635045e+14,8.000000e+01
1.347925e+13,7.899417e+01
1.965493e+14,8.000000e+01
2.262036e+14,8.000000e+01
1.400882e+13,4.706701e+01
6.422333e+13,3.837594e+01
5.921943e+13,4.384106e+01
3.851144e+13,3.933684e+01
2.716385e+13,2.804627e+01
1.268599e+14,4.828522e+01
1.316939e+13,7.899689e+01
1.965944e+13,4.999403e+00
4.807209e+13,4.179915e+01
1.526995e+14,8.000000e+01
3.764125e+13,7.899022e+01
6.341485e+14,8.000000e+01
1.445518e+14,5.182854e+01
3.464342e+13,3.927679e+01
2.430853e+14,6.389985e+01
2.161278e+14,6.936497e+01
2.539556e+13,4.999922e+00
2.868108e+13,7.899633e+01
9.432743e+14,8.000000e+01
9.432743e+14,8.000000e+01
2.884824e+15,8.000000e+01
1.312380e+13,4.708718e+01
9.254380e+13,8.000000e+01
9.254380e+13,8.000000e+01
1.029560e+14,4.450168e+01
4.895625e+13,3.789549e+01
2.298062e+13,1.700000e+01
1.345908e+14,8.000000e+01
3.591363e+14,6.840407e+01
2.871156e+14,6.203810e+01
1.977704e+13,7.898459e+01
2.621906e+13,7.895790e+01
2.306239e+13,7.899201e+01
7.359550e+13,4.173909e+01
6.654835e+13,6.528114e+01
3.654384e+13,2.840661e+01
2.509313e+13,7.899420e+01
1.850441e+13,7.899207e+01
2.260733e+14,8.000000e+01
2.260733e+14,8.000000e+01
3.853463e+13,5.000002e+00
3.853463e+13,4.999998e+00
3.692548e+14,8.000000e+01
3.211404e+13,2.864683e+01
3.361642e+13,3.333122e+01
6.535340e+13,4.233965e+01
6.950433e+13,6.462052e+01
6.862734e+13,4.155892e+01
6.816951e+14,7.855357e+01
2.135930e+13,7.891666e+01
3.705009e+14,8.000000e+01
1.084356e+15,8.000000e+01
1.084356e+15,8.000000e+01
1.767433e+14,7.002558e+01
2.095600e+13,7.895397e+01
1.835746e+13,7.899249e+01
7.486895e+13,4.251982e+01
1.602088e+13,7.899557e+01
4.522803e+14,8.000000e+01
4.522803e+14,8.000000e+01
1.424379e+14,4.678382e+01
3.484586e+13,2.497785e+01
4.611147e+13,3.873628e+01
1.908580e+14,8.000000e+01
9.071944e+14,8.000000e+01
7.052839e+13,4.714415e+01
8.933578e+12,7.899699e+01
2.082770e+13,7.514329e+01
3.709319e+13,3.182981e+01
2.342948e+14,8.000000e+01
2.342800e+17,8.000000e+01
1.861918e+13,7.896067e+01
8.796726e+14,8.000000e+01
8.051638e+13,4.486202e+01
1.481288e+13,4.999409e+00
3.391719e+14,6.383979e+01
4.963208e+14,8.000000e+01
3.624522e+13,3.176976e+01
3.286144e+13,7.523821e+01
1.940854e+13,7.768418e+01
2.476645e+13,2.588424e+01
1.075039e+14,8.000000e+01
1.075039e+14,8.000000e+01
3.188819e+14,2.700000e+01
2.831765e+13,3.014824e+01
3.573333e+13,3.861617e+01
1.881805e+13,7.898816e+01
1.961267e+13,7.899624e+01
6.717430e+13,3.759521e+01
3.100192e+14,7.915413e+01
1.444317e+13,7.898616e+01
4.210992e+13,5.140815e+01
7.874511e+13,4.137875e+01
2.292634e+13,2.528368e+01
1.471638e+14,7.392924e+01
1.471638e+14,7.392924e+01
8.013124e+13,5.098775e+01
2.227643e+13,7.899080e+01
2.990602e+13,4.999753e+00
1.803335e+13,7.899806e+01
7.870411e+13,4.999975e+00
2.940919e+13,7.887428e+01
1.460629e+13,7.899498e+01
1.244565e+14,4.480196e+01
1.411677e+13,4.999612e+00
2.609695e+13,7.896831e+01
1.141455e+13,7.899568e+01
5.750498e+13,3.855611e+01
1.378584e+14,6.780350e+01
5.136606e+13,3.621392e+01
1.169312e+14,8.000000e+01
9.109762e+12,7.895442e+01
6.701822e+13,6.041659e+01
2.918327e+13,2.960773e+01
1.150842e+15,8.000000e+01
1.150842e+15,8.000000e+01
3.553081e+13,3.807566e+01
1.465817e+13,7.898123e+01
1.719214e+14,8.000000e+01
1.274608e+14,8.000000e+01
2.265691e+14,6.185794e+01
1.780190e+13,7.912199e+01
9.043678e+13,5.477130e+01
3.968690e+15,8.000000e+01
2.924099e+13,2.696526e+01
1.581645e+13,1.899697e+01
1.292596e+13,7.899786e+01
1.362742e+13,7.899683e+01
1.416680e+13,7.897316e+01
1.206038e+13,7.899774e+01
4.151198e+14,8.000000e+01
4.151198e+14,8.000000e+01
1.754224e+14,7.440969e+01
1.473941e+14,8.000000e+01
1.473941e+14,8.000000e+01
1.223949e+14,5.206877e+01
3.599265e+17,8.000000e+01
3.599265e+17,8.000000e+01
6.366655e+13,5.585231e+01
2.696735e+13,7.899275e+01
6.035462e+13,4.732432e+01
1.248253e+14,5.735372e+01
4.669954e+13,7.899725e+01
3.881883e+13,7.898709e+01
6.305731e+13,3.963712e+01
3.503749e+13,3.531307e+01
4.289858e+13,3.321111e+01
1.504097e+14,6.798367e+01
2.080409e+13,7.899160e+01
4.869185e+13,3.291082e+01
6.743763e+13,7.899584e+01
6.743763e+13,7.899664e+01
1.821568e+13,7.899638e+01
2.330646e+13,7.897346e+01
3.937923e+14,8.000000e+01
2.247987e+13,7.911049e+01
9.315531e+13,7.254795e+01
1.271897e+13,7.897225e+01
3.187999e+13,3.038846e+01
6.183692e+13,3.315105e+01
5.333684e+13,4.972657e+01
3.780876e+13,4.011757e+01
2.706533e+13,5.000000e+00
1.628056e+14,8.000000e+01
2.359455e+13,7.899288e+01
1.953886e+13,6.460596e+01
1.084224e+14,8.000000e+01
1.084224e+14,8.000000e+01
1.185249e+13,7.899831e+01
3.146390e+13,7.899018e+01
1.860659e+13,7.898071e+01
3.890021e+14,7.284823e+01
2.420601e+13,2.756582e+01
1.616505e+13,7.899693e+01
1.072409e+14,7.380913e+01
1.390401e+13,7.899858e+01
3.756034e+13,3.699465e+01
3.319311e+13,7.899494e+01
1.574421e+13,7.899644e+01
2.212580e+13,7.899312e+01
3.143642e+13,5.686935e+01
3.051483e+13,2.810632e+01
6.953454e+14,8.000000e+01
6.953454e+14,8.000000e+01
1.221554e+13,7.899731e+01
7.153712e+13,5.927552e+01
7.153712e+13,5.927552e+01
4.215129e+14,8.000000e+01
1.200699e+13,7.899564e+01
4.929899e+13,3.104908e+01
1.336637e+14,4.654359e+01
5.518262e+13,3.429212e+01
7.125476e+13,5.687327e+01
6.001286e+13,7.899389e+01
2.002175e+14,4.999970e+00
2.002175e+14,5.000010e+00
2.002175e+14,4.999995e+00
3.711118e+13,3.092897e+01
1.965002e+13,7.896239e+01
3.094146e+13,5.748789e+01
2.805129e+13,7.890392e+01
2.268082e+13,7.898412e+01
1.294699e+13,4.999651e+00
4.238000e+13,4.179915e+01
3.732946e+13,3.879634e+01
1.766531e+14,6.756328e+01
5.011547e+13,3.981729e+01
1.574297e+13,7.899559e+01
1.321023e+13,7.899596e+01
9.331415e+12,7.899647e+01
3.217839e+13,7.951310e+01
7.771272e+13,3.963712e+01
3.792858e+13,2.948762e+01
1.337624e+13,6.863038e+01
3.352269e+13,3.495274e+01
7.294465e+13,5.717355e+01
1.684503e+14,4.618325e+01
2.676348e+14,5.999619e+01
2.658205e+13,7.899507e+01
2.767751e+14,8.000000e+01
2.767751e+14,8.000000e+01
4.769851e+13,4.035780e+01
1.716403e+13,7.899383e+01
8.423054e+13,5.705344e+01
1.632298e+14,8.000000e+01
3.488789e+13,6.297398e+01
3.488789e+13,7.907957e+01
2.096742e+13,7.899216e+01
5.254497e+13,3.237032e+01
3.763512e+13,3.104908e+01
3.576810e+14,7.290828e+01
3.684635e+13,2.870689e+01
9.702499e+13,5.357017e+01
2.431303e+13,7.898752e+01
1.839422e+14,5.621265e+01
2.324799e+13,4.999803e+00
4.448372e+13,7.899396e+01
1.654535e+15,8.000000e+01
1.152009e+13,7.899652e+01
2.556476e+13,2.798621e+01
5.024538e+13,3.621392e+01
6.468499e+13,7.170716e+01
7.145078e+13,6.137749e+01
1.525849e+14,6.642221e+01
3.130012e+13,7.899723e+01
1.465535e+13,7.898368e+01
4.142131e+13,7.899440e+01
1.458577e+14,7.639155e+01
1.418906e+13,7.898490e+01
4.490281e+13,3.561335e+01
3.422614e+13,3.915667e+01
7.787163e+13,4.540252e+01
2.725515e+14,8.000000e+01
8.024849e+13,4.101842e+01
6.485582e+13,3.573347e+01
1.003136e+13,5.000000e+00
1.260178e+13,7.897598e+01
1.564968e+13,7.899678e+01
1.372950e+13,7.881554e+01
1.607876e+14,6.606187e+01
2.936173e+13,2.726554e+01
3.940144e+13,2.699568e+01
3.110055e+14,8.000000e+01
3.789930e+14,8.000000e+01
6.185386e+13,7.899827e+01
1.150169e+14,5.381040e+01
2.173752e+13,7.889467e+01
4.221855e+13,3.116919e+01
6.284464e+13,3.597369e+01
3.575256e+13,7.899245e+01
3.575256e+13,7.899546e+01
1.307156e+13,7.899397e+01
2.284942e+13,2.372222e+01
9.997564e+12,7.903866e+01
1.034703e+14,7.899266e+01
1.034703e+14,5.000002e+00
1.034703e+14,5.000002e+00
3.033244e+14,8.000000e+01
3.033244e+14,8.000000e+01
3.033244e+14,8.000000e+01
6.523893e+13,5.050730e+01
2.227545e+13,7.899492e+01
8.014985e+13,4.780477e+01
3.369284e+13,5.499054e+01
1.408078e+13,7.899373e+01
1.233304e+16,8.000000e+01
1.206483e+13,7.899561e+01
3.153459e+13,2.618452e+01
1.298356e+14,6.936497e+01
2.626999e+13,3.110914e+01
5.861482e+13,4.342067e+01
4.493181e+14,8.000000e+01
1.559523e+13,7.899319e+01
3.832906e+13,3.104908e+01
1.273069e+13,7.897750e+01
1.009970e+13,7.899638e+01
2.339541e+13,7.899518e+01
1.406613e+13,7.899793e+01
1.334059e+13,7.899478e+01
5.827178e+13,4.083825e+01
4.497927e+13,3.867622e+01
1.071929e+13,7.899571e+01
2.854214e+13,3.044852e+01
1.555273e+14,5.915540e+01
3.448799e+14,6.810379e+01
7.920666e+13,6.924485e+01
2.573597e+13,2.594430e+01
1.496640e+14,8.000000e+01
1.716429e+13,4.999475e+00
1.148464e+13,6.647875e+01
2.495936e+13,2.504346e+01
2.022952e+13,7.899627e+01
1.483778e+13,7.899850e+01
1.208096e+13,7.897628e+01
2.662682e+13,7.899419e+01
8.046295e+13,8.000000e+01
2.939846e+13,3.086891e+01
1.065249e+14,5.194865e+01
2.166487e+13,7.898819e+01
2.640696e+13,2.522362e+01
5.551461e+14,8.000000e+01
4.065216e+13,4.504219e+01
1.164402e+13,7.899375e+01
2.413375e+13,2.618452e+01
1.228997e+14,5.399057e+01
9.183691e+13,7.899383e+01
1.734398e+14,5.405062e+01
3.467212e+14,4.216258e+01
1.689098e+13,5.000515e+00
5.870608e+13,4.666370e+01
1.417833e+14,8.000000e+01
1.417833e+14,8.000000e+01
1.776631e+13,7.897588e+01
2.504075e+13,2.462306e+01
1.288108e+14,7.926887e+01
3.062798e+14,8.000000e+01
1.470420e+14,8.000000e+01
1.470420e+14,8.000000e+01
1.681521e+13,7.899544e+01
1.355651e+14,8.000000e+01
3.133713e+14,8.000000e+01
4.814320e+15,8.000000e+01
3.509085e+13,7.899294e+01
2.395547e+13,7.899500e+01
1.363608e+13,7.899407e+01
3.833372e+14,8.000000e+01
3.833372e+14,8.000000e+01
3.833372e+14,8.000000e+01
3.833372e+14,8.000000e+01
1.591541e+13,7.899675e+01
1.812517e+13,7.899013e+01
3.207172e+13,3.477257e+01
4.460420e+13,3.249043e+01
7.689665e+13,7.899399e+01
7.689665e+13,7.032587e+01
4.449711e+13,2.930745e+01
1.974119e+14,7.344879e+01
3.684467e+13,7.899864e+01
3.684467e+13,7.899641e+01
9.344535e+13,3.801560e+01
5.554307e+13,4.239971e+01
8.327329e+13,6.155765e+01
9.562525e+13,7.639155e+01
1.673074e+14,4.996680e+01
1.931103e+13,7.898326e+01
3.741738e+13,3.002812e+01
5.758700e+13,3.693459e+01
1.814603e+14,8.000000e+01
1.814603e+14,8.000000e+01
1.606369e+14,4.713453e+01
1.606369e+14,8.000000e+01
8.878259e+13,8.000000e+01
2.376823e+14,6.462052e+01
1.674035e+14,5.056736e+01
1.658188e+13,7.899432e+01
1.900005e+13,7.899686e+01
2.830825e+13,7.895434e+01
2.107278e+13,7.899067e+01
1.147083e+13,7.897795e+01
1.031647e+13,7.899086e+01
1.029477e+14,5.393051e+01
2.688982e+14,6.966525e+01
1.635551e+13,4.303984e+01
2.047189e+14,8.000000e+01
2.047189e+14,8.000000e+01
6.841630e+13,3.813572e+01
3.906692e+13,7.899399e+01
4.022493e+13,4.005752e+01
1.151186e+16,8.000000e+01
2.782998e+13,5.000231e+00
4.373501e+13,3.669437e+01
1.691842e+21,8.000000e+01
1.691842e+21,8.000000e+01
1.691842e+21,8.000000e+01
1.691842e+21,8.000000e+01
1.691842e+21,8.000000e+01
4.268153e+13,3.297088e+01
3.718200e+13,3.777538e+01
8.107515e+13,5.597242e+01
3.459139e+13,2.702531e+01
1.581768e+13,7.898569e+01
1.080522e+14,8.000000e+01
1.935470e+14,7.302840e+01
4.404939e+13,4.558269e+01
1.778707e+13,7.896673e+01
1.673786e+13,7.899295e+01
2.612443e+14,5.393051e+01
1.107305e+14,4.047791e+01
3.327417e+15,8.000000e+01
3.327417e+15,8.000000e+01
3.327417e+15,8.000000e+01
4.058051e+13,3.633403e+01
1.727725e+13,7.918281e+01
2.198613e+13,2.240098e+01
1.525205e+13,7.899639e+01
2.893511e+13,2.720548e+01
4.008864e+13,7.898186e+01
1.362896e+14,8.000000e+01
1.362896e+14,8.000000e+01
4.564128e+13,3.687454e+01
3.182614e+14,6.257861e+01
5.712832e+13,4.486202e+01
3.694233e+13,3.609380e+01
1.608356e+14,5.837467e+01
1.598366e+14,8.000000e+01
1.598366e+14,8.000000e+01
2.052146e+13,7.896288e+01
1.159399e+14,4.360084e+01
1.293843e+13,4.495698e+01
4.052251e+13,3.567341e+01
1.888449e+15,8.000000e+01
1.888449e+15,8.000000e+01
1.436801e+13,7.898330e+01
2.871894e+13,2.732559e+01
3.648909e+13,7.899380e+01
2.124370e+13,7.899477e+01
1.747271e+13,6.307712e+01
4.455199e+13,3.219015e+01
5.266799e+13,3.753515e+01
1.253975e+13,7.899718e+01
2.330718e+13,7.070582e+01
3.667364e+14,8.000000e+01
1.912161e+13,7.898749e+01
4.159100e+13,4.498213e+01
4.159100e+13,5.000125e+00
4.046239e+13,3.213009e+01
4.400289e+13,3.795555e+01
2.848419e+13,7.896879e+01
2.604380e+13,2.816638e+01
1.093286e+14,6.149760e+01
4.337289e+13,4.432151e+01
1.080036e+14,4.996680e+01
1.374258e+13,7.899804e+01
8.012255e+13,4.155892e+01
1.536280e+13,7.899496e+01
7.880010e+14,8.000000e+01
8.084511e+13,5.561209e+01
8.084511e+13,5.561209e+01
5.888579e+13,3.933684e+01
1.387896e+14,8.000000e+01
5.474782e+13,3.837594e+01
3.645910e+13,3.032841e+01
1.190129e+14,5.465119e+01
4.530498e+13,4.876567e+01
1.873413e+14,8.000000e+01
1.873413e+14,8.000000e+01
2.660018e+14,3.280205e+01
1.309689e+13,7.898921e+01
2.243002e+13,7.899128e+01
1.733145e+13,7.899593e+01
6.480533e+13,4.768466e+01
3.941103e+16,8.000000e+01
1.608435e+13,7.899618e+01
1.188090e+13,7.899684e+01
3.019746e+13,7.932362e+01
2.169624e+13,7.899263e+01
1.089332e+13,7.899827e+01
2.674748e+13,2.804627e+01
1.803007e+13,7.898699e+01
4.718591e+13,3.459240e+01
1.012016e+14,4.414134e+01
4.050223e+13,3.423206e+01
2.116285e+13,7.899700e+01
2.428759e+13,7.899239e+01
1.692911e+13,7.899596e+01
2.180907e+14,7.410941e+01
1.930804e+13,7.899096e+01
1.980312e+15,8.000000e+01
1.980312e+15,8.000000e+01
2.377784e+13,6.170912e+01
6.413043e+13,4.612320e+01
9.894311e+13,4.227960e+01
1.869679e+13,7.899477e+01
1.420213e+13,7.896348e+01
1.129500e+13,7.899475e+01
1.583705e+14,6.275878e+01
1.979578e+13,7.899588e+01
3.335880e+13,7.898454e+01
3.272628e+13,2.798621e+01
1.352929e+13,7.899299e+01
8.319586e+13,4.095836e+01
2.279621e+13,7.899395e+01
7.479014e+13,4.215949e+01
1.494773e+13,7.898886e+01
1.829237e+13,7.899310e+01
1.469969e+13,7.897550e+01
3.309802e+13,7.898836e+01
1.557157e+13,7.899045e+01
3.548922e+14,8.000000e+01
3.548922e+14,8.000000e+01
3.548922e+14,8.000000e+01
1.694670e+13,7.899664e+01
1.389496e+13,7.899828e+01
8.661295e+13,7.940157e+01
8.661295e+13,8.000000e+01
3.209189e+13,4.999050e+00
8.401707e+13,6.215822e+01
1.975867e+14,8.000000e+01
1.470208e+14,7.999492e+01
1.227856e+14,8.000000e+01
7.599372e+13,8.000000e+01
5.994613e+13,4.197932e+01
1.298543e+13,7.902271e+01
3.750933e+13,3.417200e+01
5.110361e+13,3.843600e+01
3.195201e+13,3.315105e+01
2.253724e+13,2.432278e+01
1.799907e+13,7.899421e+01
2.824640e+14,8.000000e+01
7.714176e+13,3.681448e+01
1.886056e+14,6.576159e+01
9.005967e+12,7.899833e+01
9.598165e+13,5.290955e+01
2.870194e+14,8.000000e+01
2.870194e+14,8.000000e+01
4.664349e+13,3.669437e+01
1.765969e+13,7.899354e+01
4.024879e+14,8.000000e+01
4.794275e+13,4.191926e+01
6.619615e+13,4.534247e+01
4.249497e+13,3.381167e+01
8.950765e+13,8.000000e+01
8.950765e+13,8.000000e+01
1.328983e+14,5.008691e+01
9.975232e+13,6.648227e+01
1.469425e+13,7.899125e+01
2.131864e+13,7.892789e+01
7.116442e+13,4.402123e+01
5.813866e+13,5.435090e+01
2.103892e+14,8.000000e+01
1.511913e+14,5.795428e+01
8.962963e+14,7.146693e+01
2.133878e+13,7.899606e+01
9.815196e+13,4.750449e+01
2.177970e+13,7.899708e+01
9.105053e+13,7.747256e+01
2.404311e+13,7.899284e+01
6.670330e+13,8.000000e+01
2.669069e+13,2.756582e+01
2.045473e+13,7.899372e+01
1.321311e+13,7.899426e+01
3.694563e+13,7.899327e+01
6.756240e+14,8.000000e+01
6.756240e+14,8.000000e+01
2.069255e+13,7.885739e+01
2.765822e+13,7.898965e+01
1.885096e+13,1.898979e+01
4.188068e+13,7.899180e+01
1.337736e+14,8.000000e+01
1.337736e+14,8.000000e+01
1.321059e+13,7.899558e+01
6.922161e+14,6.828395e+01
3.255936e+13,7.893610e+01
3.178237e+13,2.882700e+01
1.406293e+13,7.899807e+01
1.313536e+13,7.829874e+01
9.003361e+13,5.519169e+01
6.791136e+16,8.000000e+01
2.111687e+14,6.660238e+01
5.328620e+13,4.203937e+01
3.075220e+16,8.000000e+01
7.251303e+13,3.741504e+01
3.834734e+13,7.899401e+01
8.120874e+13,7.898874e+01
1.653563e+13,4.999142e+00
3.014149e+13,7.827802e+01
2.454832e+13,2.558396e+01
5.606429e+13,4.744444e+01
2.181200e+13,7.899570e+01
1.851245e+13,7.898264e+01
1.065286e+13,7.899578e+01
5.683576e+16,8.000000e+01
1.705909e+13,7.899484e+01
2.203952e+13,7.895713e+01
1.827703e+13,7.896867e+01
3.889495e+14,8.000000e+01
1.823249e+13,7.922057e+01
7.948791e+13,4.420140e+01
2.056614e+13,7.899561e+01
2.724571e+13,7.899600e+01
8.707808e+13,4.083825e+01
3.467341e+13,3.483262e+01
3.593476e+13,3.735642e+01
3.150345e+13,2.738565e+01
1.366146e+14,7.116665e+01
5.549508e+13,5.339000e+01
1.451589e+13,7.895293e+01
3.457305e+13,2.984796e+01
1.297620e+14,8.000000e+01
1.125309e+13,7.898884e+01
3.005499e+13,2.642475e+01
2.814440e+13,7.899477e+01
7.509673e+13,3.771532e+01
7.481476e+13,7.368902e+01
2.961075e+14,8.000000e+01
1.499563e+14,8.000000e+01
1.880822e+13,7.899521e+01
1.317771e+13,7.897493e+01
6.917062e+13,5.170843e+01
6.917062e+13,5.170843e+01
1.545251e+14,5.369029e+01
3.254627e+13,2.900717e+01
1.648959e+14,8.000000e+01
1.920074e+13,7.899433e+01
1.376680e+14,8.000000e+01
1.376680e+14,8.000000e+01
2.631415e+13,2.564402e+01
1.275688e+14,6.209816e+01
1.387837e+13,7.899423e+01
4.485923e+13,3.237032e+01
4.438416e+13,3.140942e+01
4.794048e+13,3.675442e+01
1.229751e+14,7.398930e+01
1.229751e+14,7.398930e+01
6.765726e+13,5.038719e+01
1.770394e+13,7.899591e+01
2.085784e+13,4.999147e+00
3.355385e+13,3.044852e+01
1.141432e+14,4.486202e+01
1.932913e+15,8.000000e+01
2.934818e+13,2.690520e+01
4.263543e+13,7.899464e+01
7.373571e+13,5.357017e+01
1.479615e+14,8.000000e+01
7.950956e+13,7.898596e+01
1.344702e+14,5.549197e+01
8.617418e+13,4.143881e+01
2.475639e+14,3.687421e+01
7.060807e+13,4.999927e+00
1.398274e+15,7.669183e+01
7.066088e+13,7.899826e+01
7.066088e+13,7.899459e+01
1.254804e+13,7.897948e+01
8.367405e+13,5.819450e+01
8.367405e+13,5.819450e+01
1.394092e+14,8.000000e+01
9.174511e+13,8.000000e+01
1.597780e+14,6.161771e+01
3.595492e+14,5.741377e+01
7.550092e+13,4.828522e+01
1.788375e+13,7.896482e+01
1.091235e+13,7.899702e+01
7.301906e+13,6.534120e+01
1.819875e+13,7.898407e+01
1.839383e+13,7.899472e+01
3.387471e+13,3.531307e+01
7.070005e+13,4.510224e+01
4.291376e+14,8.000000e+01
3.390682e+13,2.924739e+01
1.125453e+15,8.000000e+01
1.125453e+15,8.000000e+01
3.286994e+13,3.219015e+01
8.107621e+13,4.624331e+01
1.561595e+13,7.898345e+01
3.023922e+13,7.899660e+01
2.687186e+13,7.895997e+01
1.757228e+13,7.899222e+01
4.734671e+13,7.899148e+01
1.189737e+13,7.899518e+01
1.319350e+15,8.000000e+01
1.300690e+13,5.000000e+00
1.578552e+14,4.828522e+01
4.786711e+13,5.146820e+01
1.126731e+13,7.896094e+01
9.798025e+13,6.329929e+01
6.417998e+14,8.000000e+01
6.417998e+14,8.000000e+01
2.584902e+13,7.899461e+01
4.545661e+13,4.215949e+01
3.503943e+13,4.999766e+00
3.503943e+13,5.000064e+00
2.044116e+13,7.899511e+01
1.445788e+13,7.899519e+01
1.912629e+13,7.899256e+01
1.960284e+13,4.999670e+00
6.261268e+13,4.402123e+01
3.430973e+13,3.038846e+01
2.802391e+13,2.780604e+01
1.027310e+15,8.000000e+01
5.061292e+15,8.000000e+01
5.061292e+15,8.000000e+01
3.751088e+13,4.276005e+01
4.720999e+13,4.606314e+01
4.058716e+13,7.838323e+01
2.399652e+14,6.744317e+01
1.655461e+13,7.899292e+01
8.430136e+13,5.603248e+01
5.932066e+13,4.576286e+01
2.539555e+13,7.899712e+01
6.082870e+13,4.588297e+01
2.097967e+13,7.897002e+01
1.241434e+13,7.899529e+01
5.403143e+13,3.915667e+01
2.333751e+13,7.896804e+01
1.670938e+13,6.713668e+01
2.287794e+13,7.899268e+01
2.516975e+14,6.618199e+01
3.449789e+13,3.080886e+01
2.000275e+13,7.894742e+01
1.908623e+13,7.898654e+01
1.639137e+14,6.480069e+01
1.539756e+13,7.899372e+01
9.204761e+13,4.300027e+01
4.699935e+13,3.158959e+01
5.533959e+13,7.894649e+01
2.716371e+13,2.954767e+01
1.944358e+13,7.920276e+01
6.443319e+17,8.000000e+01
1.672165e+13,7.899590e+01
2.387487e+13,4.295583e+01
5.031861e+13,3.903656e+01
2.987389e+13,7.899516e+01
6.288271e+17,8.000000e+01
6.288271e+17,8.000000e+01
8.233204e+14,8.000000e+01
1.739716e+13,7.899397e+01
6.651016e+13,6.101715e+01
1.484321e+13,4.999022e+00
6.198787e+13,5.633276e+01
2.970102e+14,8.000000e+01
5.134709e+13,4.678382e+01
1.012417e+14,7.910791e+01
1.607348e+13,7.899664e+01
1.152878e+13,7.897486e+01
2.434204e+13,7.898044e+01
4.161943e+14,8.000000e+01
7.421654e+13,3.873628e+01
5.489777e+13,7.899567e+01
3.007015e+13,7.899256e+01
1.260840e+13,7.899731e+01
2.610553e+14,7.915413e+01
1.571413e+14,7.549070e+01
5.668052e+13,3.609380e+01
4.648834e+14,8.000000e+01
2.655304e+13,4.538967e+01
4.106737e+13,7.898749e+01
3.423309e+13,2.840661e+01
2.821439e+13,7.892925e+01
4.602342e+14,8.000000e+01
2.431945e+15,8.000000e+01
1.905608e+13,7.899331e+01
5.063549e+15,8.000000e+01
1.078186e+13,7.899810e+01
2.948343e+13,2.690520e+01
9.654952e+12,4.999743e+00
1.510738e+14,8.000000e+01
1.510738e+14,8.000000e+01
4.379631e+13,4.762460e+01
1.200713e+13,7.906235e+01
3.661068e+13,3.411195e+01
3.049728e+13,2.960773e+01
9.245595e+13,6.996553e+01
1.053634e+13,7.899785e+01
1.005484e+13,7.899733e+01
1.605667e+13,7.896728e+01
3.057553e+13,3.074880e+01
1.929989e+13,4.999672e+00
2.784190e+14,7.140688e+01
1.636785e+13,4.998938e+00
1.513811e+13,4.999520e+00
2.828000e+13,2.612447e+01
1.128867e+14,4.600309e+01
8.100639e+13,7.140688e+01
3.599598e+13,3.933684e+01
2.213458e+13,7.899585e+01
2.514909e+13,4.999143e+00
4.281200e+13,3.357144e+01
7.931799e+13,4.720421e+01
3.307647e+13,7.897015e+01
8.090014e+13,4.432151e+01
4.708410e+15,6.954513e+01
3.029411e+13,3.267060e+01
1.257895e+14,5.801434e+01
2.987416e+13,3.411195e+01
2.538781e+13,7.899279e+01
1.392474e+13,7.899519e+01
3.089979e+13,2.972784e+01
6.185284e+13,8.000000e+01
6.185284e+13,5.000001e+00
1.141930e+13,7.898160e+01
1.100491e+13,7.899835e+01
6.743005e+14,6.612193e+01
2.703296e+13,2.702531e+01
8.218284e+13,7.909469e+01
3.135563e+13,3.315105e+01
1.419353e+13,7.898790e+01
3.082454e+13,3.104908e+01
1.684311e+13,7.899487e+01
1.176414e+13,7.899794e+01
5.208563e+13,5.284950e+01
1.822912e+13,7.899035e+01
4.723782e+13,5.236905e+01
1.274907e+14,5.567214e+01
2.294783e+13,4.999682e+00
1.599347e+14,8.000000e+01
1.599347e+14,8.000000e+01
1.670877e+13,7.898521e+01
9.453658e+13,5.176849e+01
9.455401e+12,7.897925e+01
3.405680e+13,3.549324e+01
2.517805e+13,7.898639e+01
6.806091e+13,6.287889e+01
6.406302e+13,5.098775e+01
8.697127e+13,8.000000e+01
5.039332e+13,3.771532e+01
5.965565e+13,4.744444e+01
1.506006e+13,7.898145e+01
3.292430e+13,3.663431e+01
3.777555e+13,3.213009e+01
2.522386e+16,8.000000e+01
4.474311e+13,4.342067e+01
4.616794e+17,8.000000e+01
1.870856e+13,7.898970e+01
2.736199e+13,4.298970e+01
8.694793e+12,7.898842e+01
1.494405e+14,8.000000e+01
1.494405e+14,8.000000e+01
1.288879e+14,4.366089e+01
1.645924e+13,7.868027e+01
2.461554e+13,7.874441e+01
2.994535e+13,7.899087e+01
1.304480e+14,5.759394e+01
1.523120e+14,2.500000e+01
1.703588e+14,4.966652e+01
2.688753e+13,3.303094e+01
2.552895e+14,7.765273e+01
3.802249e+13,3.188987e+01
1.446652e+13,7.885711e+01
5.875621e+13,4.696399e+01
3.394982e+16,8.000000e+01
1.058310e+14,4.708410e+01
1.779036e+13,7.888648e+01
2.096479e+13,7.898307e+01
3.198651e+14,8.000000e+01
3.198651e+14,8.000000e+01
3.198651e+14,8.000000e+01
7.309503e+13,4.432151e+01
4.613691e+13,3.435217e+01
4.986523e+13,5.080759e+01
1.442169e+13,7.898436e+01
2.156564e+14,7.903262e+01
4.559509e+13,4.047791e+01
1.852984e+13,7.876625e+01
1.540424e+13,7.896237e+01
5.477796e+15,8.000000e+01
6.979031e+13,5.345006e+01
1.636227e+13,7.898603e+01
5.725617e+13,7.897582e+01
6.222739e+13,5.417074e+01
4.239104e+13,4.999184e+00
1.981923e+14,5.615259e+01
4.903199e+13,3.543319e+01
2.517066e+13,2.098109e+01
2.356553e+13,2.522362e+01
2.525642e+13,2.816638e+01
3.056250e+13,2.966779e+01
5.236365e+13,4.450168e+01
1.658293e+14,8.000000e+01
1.282192e+14,8.000000e+01
1.248942e+13,7.899697e+01
2.657998e+13,7.899504e+01
3.146069e+13,2.984796e+01
2.522717e+13,7.269117e+01
3.186884e+14,8.000000e+01
9.279010e+13,5.657299e+01
4.811397e+13,4.227960e+01
1.925606e+14,8.000000e+01
1.166929e+13,7.899709e+01
1.451870e+13,7.899777e+01
1.139698e+14,7.014570e+01
3.220710e+13,3.531307e+01
1.393198e+13,7.898322e+01
2.957146e+13,7.899642e+01
7.286170e+13,4.209943e+01
1.076691e+15,8.000000e+01
1.722092e+13,7.899072e+01
9.150880e+13,8.000000e+01
9.150880e+13,8.000000e+01
6.740212e+13,3.867622e+01
5.944585e+14,8.000000e+01
1.376870e+13,7.899833e+01
1.879416e+13,7.897887e+01
6.738831e+13,7.899177e+01
6.738831e+13,6.035653e+01
1.560072e+14,8.000000e+01
6.051229e+13,7.895492e+01
2.997650e+13,3.339127e+01
4.485930e+13,3.447229e+01
4.224256e+13,3.297088e+01
1.336913e+13,2.699380e+01
4.882245e+13,3.573347e+01
4.020802e+13,7.899558e+01
2.455488e+13,7.898217e+01
2.129449e+14,7.597115e+01
2.009207e+14,5.603248e+01
9.351291e+13,2.500000e+01
3.046633e+13,2.900717e+01
4.644648e+13,3.549324e+01
1.677816e+13,7.899277e+01
6.371032e+13,3.939690e+01
2.989316e+13,3.405189e+01
1.361203e+14,7.723233e+01
2.415385e+13,2.636469e+01
9.289564e+12,7.899411e+01
2.730140e+14,8.000000e+01
2.730140e+14,8.000000e+01
4.198059e+13,3.333122e+01
2.168629e+13,7.359292e+01
1.062791e+14,4.978663e+01
1.264952e+13,7.899204e+01
1.975584e+13,7.899516e+01
7.902994e+13,4.306033e+01
3.429268e+13,3.074880e+01
2.221929e+14,8.000000e+01
7.416372e+13,4.047791e+01
4.144174e+13,7.945264e+01
3.212934e+13,7.899352e+01
1.316040e+13,7.899794e+01
1.884758e+13,1.500000e+01
2.917679e+14,5.224894e+01
1.585578e+13,7.899563e+01
1.343266e+13,7.899569e+01
7.454356e+13,7.899839e+01
7.454356e+13,6.341940e+01
3.904767e+13,7.896745e+01
4.502802e+13,3.219015e+01
5.460109e+13,7.899382e+01
5.460109e+13,7.899745e+01
5.460109e+13,5.000000e+00
1.711355e+13,7.899376e+01
1.647304e+14,4.888579e+01
3.303928e+13,7.899691e+01
7.745069e+13,8.000000e+01
2.093327e+14,8.000000e+01
2.093327e+14,8.000000e+01
2.994096e+13,2.894711e+01
3.521144e+13,3.561335e+01
3.902077e+13,3.104908e+01
2.111182e+13,7.899813e+01
2.576604e+14,8.000000e+01
2.576604e+14,8.000000e+01
7.209808e+13,3.819577e+01
1.603669e+15,8.000000e+01
4.560231e+13,5.000181e+00
2.769449e+13,2.702531e+01
4.223311e+13,4.402123e+01
1.344675e+13,4.999850e+00
5.590441e+13,3.429212e+01
8.253313e+13,8.000000e+01
3.524339e+13,7.899100e+01
1.526024e+14,7.032587e+01
3.526320e+13,3.531307e+01
2.932200e+13,2.654486e+01
1.259817e+13,7.899737e+01
2.975977e+13,2.768593e+01
2.679479e+14,5.975597e+01
5.349174e+13,5.050730e+01
2.574397e+13,7.899467e+01
1.326335e+13,7.908914e+01
3.762728e+13,3.231026e+01
3.239862e+14,6.852418e+01
3.808284e+13,3.609380e+01
3.102257e+13,2.888706e+01
1.033444e+14,7.981475e+01
8.332303e+14,8.000000e+01
2.656480e+13,2.636469e+01
1.634597e+13,7.899738e+01
1.146209e+13,7.899786e+01
1.467974e+13,7.899711e+01
1.222632e+13,7.895708e+01
7.763221e+13,3.915667e+01
5.304159e+13,4.984669e+01
3.839941e+16,8.000000e+01
3.839941e+16,8.000000e+01
2.648902e+13,7.899246e+01
1.459924e+13,7.899662e+01
9.517966e+12,7.898062e+01
2.025931e+13,7.899776e+01
6.047524e+13,4.257988e+01
5.201964e+14,8.000000e+01
2.521831e+13,2.678509e+01
7.130180e+13,6.804373e+01
1.405852e+13,7.898328e+01
1.638736e+13,7.899735e+01
1.724391e+15,8.000000e+01
1.320012e+13,7.898827e+01
1.568694e+13,7.899174e+01
1.483900e+14,7.470997e+01
1.909484e+13,7.897970e+01
6.271955e+13,3.819577e+01
1.128698e+13,7.898828e+01
1.657674e+13,7.898761e+01
1.091702e+13,7.899435e+01
1.922210e+13,2.222081e+01
6.275609e+14,6.810379e+01
9.225917e+13,5.002685e+01
2.979941e+13,7.898595e+01
4.551023e+13,3.891645e+01
2.022083e+13,4.999682e+00
4.866127e+13,4.588297e+01
1.979771e+13,7.898961e+01
1.598633e+14,5.549197e+01
8.093458e+14,8.000000e+01
1.003969e+13,7.899763e+01
8.562455e+13,7.897265e+01
8.562455e+13,8.000000e+01
4.667491e+13,3.285077e+01
1.197040e+14,5.783417e+01
1.213288e+15,8.000000e+01
1.213288e+15,8.000000e+01
2.458113e+14,8.000000e+01
2.485839e+13,2.498340e+01
1.662760e+13,7.897733e+01
1.189637e+14,7.452980e+01
1.189637e+14,7.452980e+01
4.949529e+13,7.899038e+01
1.587668e+14,5.351012e+01
1.324356e+13,3.308751e+01
2.924216e+14,8.000000e+01
2.924216e+14,8.000000e+01
7.508572e+13,6.101715e+01
1.522626e+14,8.000000e+01
1.027519e+13,7.885269e+01
3.340486e+13,7.890803e+01
1.562275e+13,7.899495e+01
7.939540e+13,8.000000e+01
7.939540e+13,4.999997e+00
1.631175e+13,7.899562e+01
6.831266e+13,4.450168e+01
2.547353e+14,7.507031e+01
1.263044e+13,7.899846e+01
2.341054e+13,7.898814e+01
1.739816e+13,7.900000e+01
7.293038e+13,4.396117e+01
4.168933e+13,4.498213e+01
9.721831e+12,7.899658e+01
4.544636e+13,3.837594e+01
5.705418e+13,3.855611e+01
6.367005e+13,3.927679e+01
2.759440e+13,2.606441e+01
7.921063e+13,4.137875e+01
4.990771e+13,3.909662e+01
6.178943e+13,6.245850e+01
2.664886e+14,8.000000e+01
2.664886e+14,8.000000e+01
3.914016e+13,7.899465e+01
1.167852e+14,8.000000e+01
1.167852e+14,8.000000e+01
1.167852e+14,8.000000e+01
4.154604e+13,3.615386e+01
8.012757e+13,3.807566e+01
2.330531e+14,8.000000e+01
1.841973e+13,2.299517e+01
1.093553e+13,7.894748e+01
3.955017e+13,7.899090e+01
2.555991e+13,2.900717e+01
1.386590e+13,7.899362e+01
1.335856e+14,4.876567e+01
1.447310e+13,7.898487e+01
5.377169e+13,7.896196e+01
3.073341e+13,2.642475e+01
1.635968e+13,7.899025e+01
4.880517e+13,7.899508e+01
2.082528e+13,7.897797e+01
8.781439e+13,3.897650e+01
2.229601e+13,7.898982e+01
1.015175e+13,7.899781e+01
1.073954e+13,7.899826e+01
2.365673e+13,7.899135e+01
6.581115e+13,4.318044e+01
6.928571e+14,7.795301e+01
1.445191e+13,7.899441e+01
2.496670e+13,4.999331e+00
1.847340e+13,7.895962e+01
1.266117e+13,7.897714e+01
4.122100e+13,2.978790e+01
9.956477e+13,5.302967e+01
1.196913e+14,4.432151e+01
6.017151e+13,7.899569e+01
6.017151e+13,7.899698e+01
1.913141e+13,2.204064e+01
1.670972e+14,8.000000e+01
1.670972e+14,8.000000e+01
3.405750e+14,8.000000e+01
3.520512e+14,8.000000e+01
3.520512e+14,8.000000e+01
2.413011e+13,4.999069e+00
3.422137e+13,3.164964e+01
1.149285e+13,7.899275e+01
4.446240e+13,3.681448e+01
4.170121e+13,3.969718e+01
1.492756e+14,8.000000e+01
5.894305e+13,3.621392e+01
4.863050e+13,5.759394e+01
6.675082e+13,4.498213e+01
9.636518e+13,4.245977e+01
3.632849e+13,7.898970e+01
1.325268e+13,7.898440e+01
1.304585e+13,7.898871e+01
2.448006e+13,7.899205e+01
1.133172e+14,4.582292e+01
2.808181e+14,8.000000e+01
3.077151e+13,3.543319e+01
3.941788e+14,8.000000e+01
3.941788e+14,8.000000e+01
1.900417e+13,7.899581e+01
1.747400e+13,7.888963e+01
1.797366e+13,7.899553e+01
1.402513e+13,5.671627e+01
6.360336e+13,6.233839e+01
4.868018e+13,3.897650e+01
9.345427e+13,2.290132e+01
1.957533e+13,4.893243e+01
1.655407e+13,7.898751e+01
1.230462e+14,5.104781e+01
4.417182e+13,4.666370e+01
1.029959e+15,7.248789e+01
8.012248e+13,7.795301e+01
8.012248e+13,7.897737e+01
8.966482e+13,6.528114e+01
2.741131e+14,8.000000e+01
1.390166e+13,7.898640e+01
4.452641e+14,8.000000e+01
6.069995e+13,3.627397e+01
1.040937e+14,5.753389e+01
3.541611e+13,7.899039e+01
4.493351e+13,4.999903e+00
2.560510e+13,7.899095e+01
4.573026e+13,7.899872e+01
4.573026e+13,7.899633e+01
1.130822e+15,8.000000e+01
1.130822e+15,8.000000e+01
1.916965e+13,7.899079e+01
4.151991e+13,7.899879e+01
4.151991e+13,7.899939e+01
4.137662e+13,4.209943e+01
1.010729e+18,8.000000e+01
1.010729e+18,8.000000e+01
4.725558e+13,4.822517e+01
4.725558e+13,4.822517e+01
7.273158e+13,3.627397e+01
9.690711e+12,7.899824e+01
8.528518e+13,5.266933e+01
1.939667e+13,4.999565e+00
6.467566e+13,5.008691e+01
4.100686e+14,7.452980e+01
4.210867e+13,7.898419e+01
4.115938e+13,4.257988e+01
1.813953e+14,8.000000e+01
4.223044e+13,3.122925e+01
6.932829e+13,6.221827e+01
3.534580e+13,2.690520e+01
7.008649e+13,4.438157e+01
1.727042e+13,7.899693e+01
7.116528e+14,2.500000e+01
1.408234e+14,6.209816e+01
1.685958e+13,7.896236e+01
8.851798e+13,4.672376e+01
1.324141e+14,5.741377e+01
2.938825e+13,2.816638e+01
6.914292e+13,4.227960e+01
1.296259e+13,7.624285e+01
6.099973e+13,3.975724e+01
1.610163e+13,7.899437e+01
7.377220e+13,3.945695e+01
1.134240e+14,4.330055e+01
2.890936e+13,7.899489e+01
1.428429e+14,6.510097e+01
3.078200e+13,3.014824e+01
1.088892e+13,7.898972e+01
1.112634e+15,8.000000e+01
3.078594e+19,8.000000e+01
3.078594e+19,8.000000e+01
3.639798e+13,4.251982e+01
2.508249e+14,8.000000e+01
1.136456e+14,7.068620e+01
1.272128e+14,8.000000e+01
1.036203e+14,4.894584e+01
2.306483e+13,7.899182e+01
3.358064e+13,3.333122e+01
1.262123e+13,7.898413e+01
2.236052e+13,2.414261e+01
1.139691e+13,1.699868e+01
7.008140e+13,4.996680e+01
3.055490e+13,7.898510e+01
5.611775e+13,5.435090e+01
2.154138e+13,7.897504e+01
2.568372e+14,8.000000e+01
2.568372e+14,8.000000e+01
4.570587e+13,3.513290e+01
3.797790e+13,3.597369e+01
1.747436e+14,7.489014e+01
4.229718e+13,3.525302e+01
1.975312e+13,7.899042e+01
2.081822e+14,6.600182e+01
1.347154e+14,4.948635e+01
8.637786e+18,8.000000e+01
8.637786e+18,8.000000e+01
8.637786e+18,8.000000e+01
3.733680e+14,8.000000e+01
6.562871e+15,8.000000e+01
1.321281e+13,7.898368e+01
3.375406e+13,7.899261e+01
5.402441e+13,5.489141e+01
4.308639e+13,3.681448e+01
1.922653e+14,5.921546e+01
1.150563e+14,5.555203e+01
2.378882e+13,7.897682e+01
4.101890e+18,8.000000e+01
1.613325e+13,7.891286e+01
1.422922e+14,4.870562e+01
3.317947e+13,4.282010e+01
3.317947e+13,5.000005e+00
1.838775e+13,4.999972e+00
2.544832e+13,7.891814e+01
1.870859e+13,7.899246e+01
1.444779e+13,7.899369e+01
1.763216e+13,7.885174e+01
2.522989e+13,2.708537e+01
2.194848e+13,2.186047e+01
1.082358e+14,8.000000e+01
1.944901e+13,7.899553e+01
1.158553e+13,6.482838e+01
3.314146e+13,4.269999e+01
4.455611e+13,3.801560e+01
2.254836e+13,7.898590e+01
3.574541e+13,3.597369e+01
1.622970e+13,7.898309e+01
1.565307e+13,7.898591e+01
2.474643e+13,2.858677e+01
9.276831e+13,5.272939e+01
4.381197e+13,7.899091e+01
6.537483e+14,7.464992e+01
1.591840e+13,7.897227e+01
2.796510e+13,7.899364e+01
1.418259e+13,7.894245e+01
2.479671e+13,2.420267e+01
1.057151e+13,7.899824e+01
1.136720e+14,4.582292e+01
8.781969e+13,7.819323e+01
1.336816e+13,7.898115e+01
1.261781e+13,7.899238e+01
1.775888e+15,6.576159e+01
1.627778e+13,7.899749e+01
1.686432e+13,7.899485e+01
2.933581e+13,3.002812e+01
1.959097e+13,7.894038e+01
5.456874e+13,6.221827e+01
2.913650e+14,8.000000e+01
2.937828e+13,2.870689e+01
1.834732e+15,8.000000e+01
4.441721e+13,3.909662e+01
2.449424e+15,8.000000e+01
2.449424e+15,8.000000e+01
7.195340e+13,7.899458e+01
2.950633e+13,2.930745e+01
2.716999e+13,4.998800e+00
1.965861e+13,7.899782e+01
1.436774e+14,7.723233e+01
3.871985e+13,4.534247e+01
1.339255e+14,5.657299e+01
7.876841e+13,5.116792e+01
3.398475e+13,4.071814e+01
1.778674e+14,8.000000e+01
1.778674e+14,8.000000e+01
2.400149e+13,7.899282e+01
2.024578e+13,7.898227e+01
2.357173e+13,2.624458e+01
7.998693e+12,7.899826e+01
2.016806e+13,5.000003e+00
1.113988e+13,7.899640e+01
2.048120e+14,8.000000e+01
2.048120e+14,8.000000e+01
1.871386e+13,7.899175e+01
2.713764e+13,7.899154e+01
9.814003e+12,7.899788e+01
2.463305e+13,2.552391e+01
4.720247e+13,3.501279e+01
1.546449e+13,7.899490e+01
5.324634e+14,7.735245e+01
3.119265e+13,7.899376e+01
1.114061e+14,5.471124e+01
7.484439e+13,5.194865e+01
3.046533e+13,7.921339e+01
1.825864e+13,5.672083e+01
2.248285e+14,8.000000e+01
1.047497e+13,7.899622e+01
2.703812e+13,7.899620e+01
2.078567e+13,2.384233e+01
2.503921e+13,7.898506e+01
1.987166e+14,5.146820e+01
1.795904e+13,4.998758e+00
2.292527e+13,7.898795e+01
1.588658e+13,7.899629e+01
1.470737e+14,8.000000e+01
5.519264e+13,5.044725e+01
2.201060e+13,2.474317e+01
1.131703e+13,7.898504e+01
5.319027e+13,7.896395e+01
1.090404e+14,4.239971e+01
9.505015e+13,6.504092e+01
9.505015e+13,6.504092e+01
3.976910e+15,8.000000e+01
1.087899e+14,4.990674e+01
2.434384e+13,5.000000e+00
1.674098e+13,7.888128e+01
1.982388e+14,7.783290e+01
2.746410e+13,2.564402e+01
1.065874e+14,5.393051e+01
1.055894e+14,4.197932e+01
1.588987e+13,7.899067e+01
6.420042e+13,3.333122e+01
2.910216e+13,7.899025e+01
1.523500e+13,7.899465e+01
1.524777e+14,8.000000e+01
3.033610e+13,3.104908e+01
8.178653e+13,6.185794e+01
8.178653e+13,6.185794e+01
1.952485e+13,7.899433e+01
2.958524e+13,3.116919e+01
3.532352e+13,3.219015e+01
1.283381e+13,7.899209e+01
2.056221e+13,7.899633e+01
4.763663e+14,7.855357e+01
2.093970e+13,3.925444e+01
4.204875e+18,8.000000e+01
4.204875e+18,8.000000e+01
4.204875e+18,8.000000e+01
7.456078e+13,3.969718e+01
7.726155e+13,8.000000e+01
3.950544e+13,3.705470e+01
2.350774e+13,7.898030e+01
7.873465e+13,5.116792e+01
3.618818e+13,3.176976e+01
1.418679e+14,8.000000e+01
2.228761e+14,8.000000e+01
4.224264e+13,3.050857e+01
8.556181e+16,8.000000e+01
1.946335e+14,6.257861e+01
4.816022e+14,8.000000e+01
7.200369e+13,4.900590e+01
3.464867e+13,7.897913e+01
3.005911e+14,8.000000e+01
1.378219e+15,8.000000e+01
1.378219e+15,8.000000e+01
1.378219e+15,8.000000e+01
2.848255e+14,8.000000e+01
1.359362e+13,7.888233e+01
6.767147e+13,6.143754e+01
1.471114e+13,7.899195e+01
5.739122e+14,6.137749e+01
5.875740e+13,7.899350e+01
2.861957e+13,7.899599e+01
3.306204e+13,3.134936e+01
5.735640e+14,8.000000e+01
4.635998e+13,3.243037e+01
2.095154e+13,7.899525e+01
1.617775e+13,4.999224e+00
5.692561e+13,3.717482e+01
4.091129e+13,3.807566e+01
1.498760e+15,8.000000e+01
6.395721e+13,3.705470e+01
6.305588e+13,4.999920e+00
2.571664e+14,8.000000e+01
2.571664e+14,8.000000e+01
4.900989e+13,3.369156e+01
1.106310e+14,4.696399e+01
2.474716e+13,7.921327e+01
7.355274e+13,5.729366e+01
5.999257e+13,7.873374e+01
1.011837e+15,8.000000e+01
5.103436e+13,4.288016e+01
7.218807e+13,3.855611e+01
5.048651e+13,3.555330e+01
1.258737e+13,5.000000e+00
1.437331e+13,5.683454e+01
1.077114e+14,4.618325e+01
3.506918e+13,7.896885e+01
1.545723e+13,7.751171e+01
3.258104e+14,6.882446e+01
1.346759e+14,7.945442e+01
5.157180e+13,7.943067e+01
2.345717e+13,5.127273e+01
1.481574e+13,7.891003e+01
1.982951e+15,8.000000e+01
5.291052e+13,7.899431e+01
5.291052e+13,7.899832e+01
2.711097e+13,2.738565e+01
2.312817e+13,2.546385e+01
2.571372e+13,7.890475e+01
3.427615e+14,6.005625e+01
4.125469e+13,3.321111e+01
6.287744e+13,4.870562e+01
5.654424e+13,3.291082e+01
2.862985e+13,7.898057e+01
1.337454e+14,6.401996e+01
1.337454e+14,6.401996e+01
8.428553e+16,8.000000e+01
3.459526e+13,3.128931e+01
1.424259e+13,7.899683e+01
1.925564e+13,7.890284e+01
1.651248e+13,7.899462e+01
1.982876e+13,7.899238e+01
5.218792e+13,2.076572e+01
2.790441e+13,2.732559e+01
2.625674e+13,7.899246e+01
3.395173e+14,8.000000e+01
3.395173e+14,8.000000e+01
2.202297e+13,7.895970e+01
3.769039e+13,3.645414e+01
1.151446e+13,7.899732e+01
9.451386e+14,8.000000e+01
5.300036e+13,5.393051e+01
1.090885e+13,3.905205e+01
1.205306e+13,7.899811e+01
1.815306e+13,7.899546e+01
4.343076e+13,3.895035e+01
1.095131e+13,7.899514e+01
1.518145e+13,3.694092e+01
4.735351e+13,3.134936e+01
2.155800e+13,2.270126e+01
2.366411e+14,8.000000e+01
1.117392e+14,5.873501e+01
4.942578e+13,3.897650e+01
4.638216e+13,4.306033e+01
7.614062e+13,6.137749e+01
1.274860e+13,7.834861e+01
1.931903e+13,7.889495e+01
2.832278e+14,6.474064e+01
7.325397e+13,7.945594e+01
7.325397e+13,8.000000e+01
1.476188e+13,7.898634e+01
3.977612e+13,3.158959e+01
1.880625e+14,7.176722e+01
1.019463e+13,7.899454e+01
6.742194e+14,7.218761e+01
2.803113e+13,7.672923e+01
2.624640e+13,7.898718e+01
1.641570e+13,7.899676e+01
1.615241e+14,4.654359e+01
1.384816e+13,4.999120e+00
5.330176e+13,4.822517e+01
2.537677e+13,7.899639e+01
6.970054e+14,8.000000e+01
9.388867e+13,5.254922e+01
1.179504e+13,7.896791e+01
3.374045e+14,8.000000e+01
1.011073e+14,4.834528e+01
1.418981e+13,4.999601e+00
8.929642e+13,4.029774e+01
3.766561e+13,3.339127e+01
3.120100e+13,3.128931e+01
2.101519e+14,8.000000e+01
2.101519e+14,8.000000e+01
3.735220e+14,6.798367e+01
5.529662e+14,8.000000e+01
6.026322e+13,7.897190e+01
6.026322e+13,7.898073e+01
1.890277e+13,7.898761e+01
5.323290e+13,4.047791e+01
2.259714e+14,7.278817e+01
4.853513e+14,8.000000e+01
4.313413e+13,4.999184e+00
3.239690e+13,3.465245e+01
1.867238e+14,6.011630e+01
1.054209e+14,5.573220e+01
3.802015e+13,2.708537e+01
6.649461e+13,6.480069e+01
3.394412e+13,3.008818e+01
1.221318e+13,7.899636e+01
2.848745e+13,3.243037e+01
1.929174e+14,8.000000e+01
2.559199e+13,2.678509e+01
2.180535e+13,7.892995e+01
2.782674e+13,7.898484e+01
1.252837e+13,7.898721e+01
1.921979e+14,8.000000e+01
1.417673e+13,7.898017e+01
6.606748e+14,8.000000e+01
1.467979e+14,5.699338e+01
3.134356e+13,3.933684e+01
1.326071e+14,5.194865e+01
2.114629e+13,7.897718e+01
3.721308e+13,2.296137e+01
2.610599e+13,2.816638e+01
3.739773e+14,7.254795e+01
3.017492e+13,7.895453e+01
1.195559e+14,5.000000e+00
1.195559e+14,8.000000e+01
1.195559e+14,4.999995e+00
7.502992e+13,4.624331e+01
1.319430e+13,6.826031e+01
2.764929e+13,7.883976e+01
1.614975e+13,7.899789e+01
2.756500e+13,7.899507e+01
3.061794e+14,7.567087e+01
2.120109e+13,7.899716e+01
1.015956e+13,4.999595e+00
4.055909e+13,7.899375e+01
1.455402e+13,7.899539e+01
1.463750e+13,7.899590e+01
8.682485e+13,6.125737e+01
8.682485e+13,6.125737e+01
2.983697e+13,2.882700e+01
3.633497e+14,8.000000e+01
3.633497e+14,8.000000e+01
4.140776e+13,7.899275e+01
2.128765e+13,7.898385e+01
7.494492e+13,6.023642e+01
1.086249e+13,7.899782e+01
5.151278e+14,8.000000e+01
1.268868e+13,7.899787e+01
9.537418e+13,5.194865e+01
3.867389e+13,7.895754e+01
1.778747e+14,6.684260e+01
7.307517e+13,4.125864e+01
1.779185e+14,7.098648e+01
7.148222e+16,8.000000e+01
3.233856e+13,7.898837e+01
3.524140e+13,3.897650e+01
4.712197e+13,4.672376e+01
4.832440e+13,4.858550e+01
2.622747e+13,7.898191e+01
4.803152e+13,7.899898e+01
1.275958e+13,7.906938e+01
3.933938e+13,4.678382e+01
1.460400e+14,8.000000e+01
1.460400e+14,7.899976e+01
1.282107e+14,4.660365e+01
1.401148e+13,7.899647e+01
5.484174e+13,3.873628e+01
2.205063e+13,5.062524e+01
2.097790e+13,7.896241e+01
2.489020e+13,2.438284e+01
1.194829e+14,5.465119e+01
2.417521e+13,2.720548e+01
7.039514e+13,5.645287e+01
1.265287e+14,5.915540e+01
3.881956e+13,7.899698e+01
9.137138e+13,2.893739e+01
2.578834e+13,4.998915e+00
9.044940e+12,7.899679e+01
2.447805e+13,2.708537e+01
3.775848e+14,8.000000e+01
6.489201e+13,3.519296e+01
7.773689e+14,8.000000e+01
7.773689e+14,8.000000e+01
4.254462e+14,8.000000e+01
2.699174e+13,7.898490e+01
3.049192e+13,2.498205e+01
1.588863e+14,8.000000e+01
1.588863e+14,8.000000e+01
2.889693e+13,2.804627e+01
1.693896e+13,7.897842e+01
2.057816e+13,7.899624e+01
4.178830e+13,4.594303e+01
4.178830e+13,5.000003e+00
1.152553e+13,7.895561e+01
1.054247e+13,7.899624e+01
2.017326e+13,7.888253e+01
9.940144e+13,7.182727e+01
2.041070e+13,7.899364e+01
7.973230e+13,5.753389e+01
4.196709e+13,3.951701e+01
7.840548e+13,4.846539e+01
4.288924e+13,3.116919e+01
2.719918e+13,3.014824e+01
4.958014e+16,8.000000e+01
6.034770e+13,7.896868e+01
2.654230e+14,7.519042e+01
6.400647e+13,4.197932e+01
6.401838e+13,3.963712e+01
2.404809e+13,2.396244e+01
2.854309e+14,8.000000e+01
2.854309e+14,8.000000e+01
2.854309e+14,8.000000e+01
3.235998e+13,3.639409e+01
3.389524e+13,7.899379e+01
1.622901e+14,8.000000e+01
1.474590e+14,8.000000e+01
3.359463e+15,8.000000e+01
3.359463e+15,8.000000e+01
3.359463e+15,8.000000e+01
1.113277e+13,7.899777e+01
2.070921e+13,7.899388e+01
2.216323e+13,7.896385e+01
1.097230e+14,5.110787e+01
1.657552e+14,4.840534e+01
4.071836e+13,7.891336e+01
3.019290e+13,2.942756e+01
1.514753e+14,6.696272e+01
9.259866e+14,8.000000e+01
9.259866e+14,8.000000e+01
3.235872e+13,3.188987e+01
6.865561e+14,8.000000e+01
6.865561e+14,8.000000e+01
6.865561e+14,8.000000e+01
1.060149e+13,7.899397e+01
3.262995e+13,3.375161e+01
4.538968e+13,5.038719e+01
2.520683e+14,8.000000e+01
3.046732e+13,4.998410e+00
1.798346e+13,7.897355e+01
4.785419e+13,3.477257e+01
3.910803e+13,3.627397e+01
1.051970e+14,5.351012e+01
2.671887e+13,7.899011e+01
1.501042e+14,6.389985e+01
3.463536e+13,2.936751e+01
4.404547e+13,3.801560e+01
2.727281e+13,3.026835e+01
2.270417e+13,7.898262e+01
8.153605e+13,6.612193e+01
1.391727e+14,6.516103e+01
4.741851e+13,7.899564e+01
1.923738e+13,7.112428e+01
1.427525e+14,5.555203e+01
1.861671e+13,4.999810e+00
2.271766e+13,7.898430e+01
9.483385e+14,8.000000e+01
7.141488e+13,5.375034e+01
5.522582e+13,3.861617e+01
1.838270e+14,3.096585e+01
1.944246e+13,7.892691e+01
2.005718e+13,3.499893e+01
1.112975e+13,7.894213e+01
1.618629e+13,7.895962e+01
7.875729e+13,5.711349e+01
3.631284e+13,4.999735e+00
1.911645e+13,7.899636e+01
1.637425e+13,7.899611e+01
4.311659e+13,4.282010e+01
4.395730e+13,3.423206e+01
4.346584e+13,3.417200e+01
1.529443e+14,6.846412e+01
1.445396e+14,7.921419e+01
1.399901e+13,7.899725e+01
3.986477e+13,4.672376e+01
1.164030e+13,7.898802e+01
1.787025e+15,8.000000e+01
9.247688e+13,4.600309e+01
8.853068e+12,3.704096e+01
1.652347e+14,6.594176e+01
1.287100e+14,5.218888e+01
1.515877e+13,7.899597e+01
1.947898e+13,7.893791e+01
1.211068e+13,7.898379e+01
1.247714e+14,8.000000e+01
1.247714e+14,8.000000e+01
3.207935e+13,7.899704e+01
1.191289e+14,5.152826e+01
3.151435e+13,3.231026e+01
6.774607e+13,4.149887e+01
3.491543e+13,3.639409e+01
1.559322e+13,7.899756e+01
1.593306e+13,7.899787e+01
6.180522e+13,3.435217e+01
3.050589e+14,8.000000e+01
1.935846e+13,7.898619e+01
1.272888e+14,8.000000e+01
1.272888e+14,8.000000e+01
5.999373e+13,3.813572e+01
1.792217e+13,7.899534e+01
1.759167e+14,8.000000e+01
8.334633e+13,7.899126e+01
1.931362e+13,7.869738e+01
7.865248e+13,4.558269e+01
1.290119e+14,8.000000e+01
1.196521e+14,4.906595e+01
1.082512e+14,4.720421e+01
8.957890e+14,8.000000e+01
8.957890e+14,8.000000e+01
2.334214e+14,8.000000e+01
2.343261e+13,7.899500e+01
2.416012e+14,8.000000e+01
5.880340e+13,5.308972e+01
5.880340e+13,5.308972e+01
6.123252e+13,3.951701e+01
2.732417e+13,2.654486e+01
1.007400e+14,8.000000e+01
1.937579e+14,7.777284e+01
2.817633e+13,2.906722e+01
5.228922e+13,2.098058e+01
2.308814e+14,7.921419e+01
6.287583e+13,4.984669e+01
3.680113e+13,3.020829e+01
1.256716e+14,8.000000e+01
1.256716e+14,8.000000e+01
5.824735e+14,8.000000e+01
5.824735e+14,8.000000e+01
5.824735e+14,8.000000e+01
1.127570e+13,7.899863e+01
6.461098e+13,3.987735e+01
1.065638e+13,7.899003e+01
6.405160e+13,4.366089e+01
4.928007e+13,4.083825e+01
1.488022e+13,7.899169e+01
1.471575e+14,5.381040e+01
2.707322e+13,6.065141e+01
3.247219e+13,3.020829e+01
2.437207e+13,2.696526e+01
2.618835e+13,7.898290e+01
3.943247e+13,3.957707e+01
9.505952e+13,6.504092e+01
4.152580e+14,8.000000e+01
4.152580e+14,8.000000e+01
5.361454e+13,3.921673e+01
3.394594e+13,3.579352e+01
9.626354e+13,7.861363e+01
1.977824e+13,7.896324e+01
3.779949e+14,8.000000e+01
1.612863e+13,7.898888e+01
4.864712e+13,3.369156e+01
1.414869e+13,7.898692e+01
2.523663e+13,2.540379e+01
1.110216e+14,8.000000e+01
1.110216e+14,8.000000e+01
3.048587e+13,7.899196e+01
7.890690e+14,8.000000e+01
7.890690e+14,8.000000e+01
1.261559e+13,7.896978e+01
3.875912e+14,8.000000e+01
4.295371e+13,3.555330e+01
1.650223e+13,7.898767e+01
8.964485e+13,5.326989e+01
3.202605e+13,2.864683e+01
2.903162e+13,7.893786e+01
5.080277e+15,7.861363e+01
1.762736e+14,8.000000e+01
4.057390e+13,3.555330e+01
3.393253e+13,3.098902e+01
1.056528e+14,7.585104e+01
2.115706e+13,7.897830e+01
1.056899e+15,8.000000e+01
1.056899e+15,8.000000e+01
1.056899e+15,8.000000e+01
1.370269e+13,7.898086e+01
2.928364e+13,2.486329e+01
2.573733e+13,2.858677e+01
2.936510e+13,2.768593e+01
6.961084e+14,8.000000e+01
6.961084e+14,8.000000e+01
6.709291e+13,5.543192e+01
6.709291e+13,5.543192e+01
1.198892e+13,7.896683e+01
2.448697e+13,7.899732e+01
1.353781e+14,8.000000e+01
1.035598e+14,6.576159e+01
1.133102e+13,6.667054e+01
1.081657e+14,7.899544e+01
2.937865e+13,7.899699e+01
5.027083e+13,5.095884e+01
5.780692e+14,8.000000e+01
1.126908e+15,7.308845e+01
2.861549e+13,2.918734e+01
1.038171e+18,8.000000e+01
4.199336e+13,3.074880e+01
4.733191e+13,7.899418e+01
5.047568e+13,3.122925e+01
1.227211e+14,7.975470e+01
2.058816e+13,7.899793e+01
2.567853e+13,2.534374e+01
1.067221e+13,7.899687e+01
1.483523e+13,7.899762e+01
1.702203e+14,8.000000e+01
1.702203e+14,8.000000e+01
1.886266e+14,8.000000e+01
1.886266e+14,8.000000e+01
5.521468e+13,7.895250e+01
3.055265e+13,7.928830e+01
2.412987e+13,7.898825e+01
1.244307e+14,8.000000e+01
1.244307e+14,8.000000e+01
2.605725e+13,7.896703e+01
4.910313e+13,4.999406e+00
5.438532e+13,3.669437e+01
2.047247e+13,7.892748e+01
1.933184e+13,2.168031e+01
1.624646e+14,4.990674e+01
1.880018e+13,7.899434e+01
5.256131e+13,6.191799e+01
3.250158e+13,7.897773e+01
1.551403e+13,7.899700e+01
3.409173e+14,8.000000e+01
4.742722e+13,5.000002e+00
4.742722e+13,7.899098e+01
2.627474e+13,7.899306e+01
6.502762e+13,4.999984e+00
2.165340e+13,7.899462e+01
1.404394e+14,6.942502e+01
6.633164e+13,5.801434e+01
6.633164e+13,5.801434e+01
5.191119e+13,3.327116e+01
3.803012e+13,7.899673e+01
1.023739e+14,5.789422e+01
1.420344e+14,5.182854e+01
3.204215e+13,2.756582e+01
2.463365e+13,2.510351e+01
5.772518e+13,3.915667e+01
4.235215e+14,8.000000e+01
4.235215e+14,8.000000e+01
4.235215e+14,8.000000e+01
3.654827e+13,3.867622e+01
3.705620e+13,3.555330e+01
1.101947e+13,7.898917e+01
1.162985e+13,7.898925e+01
8.591372e+14,7.182727e+01
3.097546e+14,8.000000e+01
4.470015e+13,7.899378e+01
3.941105e+13,3.831589e+01
4.677740e+13,5.681321e+01
1.075652e+14,7.657172e+01
2.634262e+13,7.895165e+01
3.625950e+13,3.279071e+01
8.483587e+13,4.227960e+01
1.302586e+14,8.000000e+01
1.302586e+14,8.000000e+01
6.773168e+13,4.924612e+01
6.773168e+13,4.924612e+01
3.842936e+13,4.828522e+01
3.012835e+14,8.000000e+01
1.283424e+13,7.899743e+01
2.615192e+13,7.894344e+01
1.808090e+13,7.899144e+01
6.789075e+13,3.489268e+01
4.354201e+13,7.899425e+01
3.581251e+13,3.627397e+01
3.795954e+13,3.537313e+01
3.557575e+13,3.699465e+01
1.493292e+14,8.000000e+01
1.493292e+14,8.000000e+01
1.493292e+14,8.000000e+01
1.493292e+14,8.000000e+01
1.546969e+14,8.000000e+01
1.546969e+14,8.000000e+01
2.154900e+14,8.000000e+01
1.981847e+14,5.903529e+01
4.695483e+13,5.176849e+01
4.535864e+14,8.000000e+01
4.535864e+14,8.000000e+01
4.535864e+14,8.000000e+01
1.377654e+14,5.176849e+01
2.540274e+13,2.648481e+01
6.505231e+13,6.936497e+01
4.936488e+14,8.000000e+01
4.936488e+14,8.000000e+01
1.287988e+13,7.899493e+01
3.386067e+13,7.898272e+01
4.589127e+13,3.711476e+01
6.597592e+14,8.000000e+01
2.135061e+13,7.898895e+01
1.923301e+13,7.898882e+01
5.613944e+13,3.729493e+01
1.956639e+13,7.895761e+01
4.075816e+13,3.501279e+01
8.754146e+13,4.017763e+01
1.540825e+14,8.000000e+01
5.079448e+13,3.801560e+01
1.032905e+13,7.899159e+01
2.292329e+13,7.895541e+01
6.118884e+13,5.032714e+01
1.850838e+14,7.981475e+01
3.017852e+15,8.000000e+01
5.724609e+13,5.399057e+01
1.479418e+13,7.897567e+01
2.181269e+13,2.318171e+01
1.207579e+13,4.999787e+00
1.480324e+13,7.899543e+01
1.501118e+13,7.899811e+01
1.067228e+14,4.984669e+01
8.736985e+13,6.401996e+01
1.113373e+13,7.899848e+01
8.534222e+13,5.314978e+01
6.960118e+13,7.104654e+01
2.869193e+13,3.026835e+01
2.659414e+13,7.899747e+01
2.827485e+13,7.899417e+01
1.331098e+13,6.874593e+01
3.754538e+13,2.936751e+01
3.184551e+13,7.890037e+01
3.830347e+13,7.899741e+01
3.396185e+14,8.000000e+01
3.396185e+14,8.000000e+01
1.387904e+13,7.583628e+01
6.927478e+13,5.417074e+01
2.071295e+13,7.899212e+01
1.355473e+14,8.000000e+01
6.991959e+13,5.236905e+01
1.553610e+13,7.899068e+01
3.710182e+13,7.899855e+01
3.710182e+13,7.899645e+01
6.343636e+13,3.435217e+01
8.800765e+13,3.969718e+01
2.176890e+13,7.899699e+01
4.923476e+13,4.998895e+00
2.395520e+13,7.897856e+01
7.216807e+13,5.411068e+01
2.511555e+14,8.000000e+01
2.259684e+13,7.896334e+01
2.857542e+13,2.624458e+01
4.686782e+14,8.000000e+01
1.698395e+14,5.429085e+01
7.672745e+13,4.245977e+01
5.418502e+13,5.146820e+01
4.384577e+13,3.519296e+01
6.463588e+13,6.496965e+01
3.879436e+14,8.000000e+01
1.183584e+14,5.609254e+01
1.760186e+14,5.182854e+01
7.131572e+13,4.161898e+01
1.796425e+13,7.898334e+01
1.069956e+13,7.899148e+01
2.770751e+13,7.899631e+01
1.157779e+13,7.897781e+01
5.223890e+13,5.272939e+01
7.340573e+13,3.951701e+01
7.053481e+13,4.618325e+01
3.477262e+15,7.146693e+01
1.187114e+14,7.032587e+01
3.126129e+13,3.098902e+01
3.660131e+13,3.002812e+01
2.743804e+13,7.899773e+01
1.907438e+14,5.140815e+01
1.127964e+14,4.221954e+01
1.356079e+13,7.899669e+01
3.182094e+14,8.000000e+01
3.182094e+14,8.000000e+01
4.053164e+14,8.000000e+01
4.053164e+14,8.000000e+01
4.053164e+14,8.000000e+01
1.450972e+14,6.089704e+01
7.048953e+13,6.894457e+01
4.345333e+13,3.819577e+01
1.110102e+14,4.572539e+01
1.110102e+14,4.221954e+01
1.411838e+13,6.447735e+01
2.793526e+14,7.026581e+01
4.963214e+14,8.000000e+01
3.431886e+13,7.899744e+01
7.521936e+14,8.000000e+01
7.521936e+14,8.000000e+01
5.312465e+13,4.318044e+01
6.031786e+13,5.000023e+00
6.031786e+13,7.898649e+01
4.608809e+14,6.522109e+01
2.055482e+13,7.899179e+01
3.110283e+13,3.002812e+01
7.568746e+13,3.813572e+01
7.312190e+13,7.899256e+01
8.951103e+13,5.549197e+01
1.682062e+13,7.895880e+01
1.173312e+14,5.807439e+01
7.297845e+13,7.014570e+01
2.784195e+13,7.898664e+01
2.528309e+13,7.899689e+01
1.346912e+13,7.899688e+01
3.173950e+13,3.327116e+01
4.370556e+13,3.543319e+01
5.280482e+13,4.698765e+01
8.622368e+13,4.263994e+01
1.812414e+13,7.899017e+01
3.605764e+13,3.315105e+01
2.952498e+13,7.899282e+01
1.002458e+14,6.281884e+01
1.364888e+13,7.899743e+01
3.381066e+13,7.891218e+01
3.668752e+13,3.507285e+01
4.617212e+13,3.825583e+01
8.210169e+13,4.450168e+01
1.813498e+13,7.899608e+01
2.997221e+13,7.899737e+01
1.434297e+13,7.898431e+01
2.586550e+13,2.918734e+01
1.874229e+13,7.899498e+01
1.032352e+13,7.897831e+01
1.410503e+14,4.816511e+01
3.218294e+13,7.899446e+01
2.920702e+13,7.899512e+01
5.361215e+13,7.892320e+01
2.442840e+13,7.895926e+01
2.157779e+14,5.771405e+01
1.250327e+14,5.591237e+01
1.250327e+14,5.591237e+01
1.752146e+13,7.899708e+01
4.795458e+13,3.627397e+01
4.274475e+13,3.459240e+01
1.946788e+13,7.899877e+01
1.321103e+14,5.206877e+01
4.911171e+13,3.759521e+01
2.691457e+13,2.786610e+01
3.617052e+13,5.002685e+01
1.665027e+14,5.783417e+01
1.261937e+13,7.899027e+01
4.067087e+13,4.588297e+01
1.816509e+13,7.896651e+01
2.529208e+13,2.756582e+01
1.478592e+13,5.088439e+01
9.356900e+13,7.320857e+01
2.133079e+14,6.053670e+01
5.488175e+14,8.000000e+01
1.431384e+15,8.000000e+01
2.581342e+13,7.899519e+01
2.487230e+13,2.408256e+01
3.678525e+13,3.231026e+01
5.189764e+14,8.000000e+01
1.655705e+13,7.899141e+01
1.465046e+13,7.898529e+01
1.949903e+14,7.489014e+01
1.153512e+14,8.000000e+01
8.346953e+13,2.491154e+01
1.289671e+14,4.846539e+01
2.826558e+14,7.855357e+01
8.941148e+12,7.889431e+01
3.351082e+13,3.549324e+01
3.486495e+13,3.573347e+01
1.884612e+14,5.417074e+01
8.640045e+13,6.347945e+01
7.670748e+15,8.000000e+01
3.508558e+13,3.819577e+01
1.349823e+13,7.898066e+01
2.460483e+13,2.504346e+01
2.294706e+14,5.290955e+01
1.429952e+13,2.500000e+01
3.561379e+13,2.900717e+01
1.118116e+13,7.899823e+01
1.317796e+13,7.898782e+01
4.180329e+13,3.243037e+01
1.399033e+14,6.984542e+01
1.529935e+13,7.899404e+01
2.061669e+13,7.898408e+01
4.848307e+13,5.026708e+01
1.405534e+13,7.899706e+01
1.709410e+13,7.899621e+01
1.640190e+13,7.896555e+01
1.216346e+13,7.896681e+01
2.207921e+13,2.474317e+01
3.437169e+13,2.870689e+01
2.457007e+13,5.524602e+01
1.400245e+13,7.898201e+01
1.230702e+17,8.000000e+01
1.230702e+17,8.000000e+01
1.938983e+13,7.899124e+01
5.013754e+13,4.468185e+01
5.285883e+14,8.000000e+01
4.505344e+13,7.899643e+01
1.893250e+13,4.999137e+00
4.810830e+13,3.411195e+01
1.477161e+13,7.894563e+01
3.544115e+14,8.000000e+01
3.544115e+14,8.000000e+01
2.873187e+13,2.618452e+01
6.481941e+13,3.759521e+01
2.507711e+13,7.899142e+01
3.217464e+13,3.591364e+01
4.536090e+13,3.657425e+01
1.657597e+14,6.251855e+01
1.641420e+13,7.899300e+01
1.960916e+13,2.228087e+01
1.249053e+13,7.407291e+01
5.013755e+13,4.113853e+01
8.822662e+13,7.723233e+01
3.264563e+13,7.897791e+01
2.472941e+13,7.893399e+01
1.930918e+13,7.897734e+01
3.386757e+13,3.657425e+01
4.674667e+14,8.000000e+01
4.674667e+14,8.000000e+01
4.770243e+13,2.100875e+01
3.125806e+14,8.000000e+01
1.613935e+13,7.896798e+01
1.993476e+13,7.897280e+01
6.136092e+13,4.011757e+01
6.245324e+13,3.819577e+01
9.794319e+12,7.896714e+01
1.895072e+13,7.897873e+01
2.494755e+13,7.899146e+01
7.154596e+14,6.299900e+01
4.010280e+13,3.795555e+01
1.147448e+14,5.429085e+01
2.594640e+15,8.000000e+01
6.472464e+13,4.179915e+01
2.063320e+13,7.899802e+01
2.683622e+13,2.702531e+01
1.143236e+14,4.990674e+01
5.421683e+13,5.020702e+01
3.168653e+14,6.257861e+01
3.200094e+13,3.465245e+01
3.746906e+13,2.990801e+01
4.568495e+13,7.898735e+01
8.305937e+13,7.470997e+01
8.305937e+13,7.470997e+01
9.230073e+13,7.398930e+01
5.551294e+13,3.747510e+01
1.229454e+14,5.591237e+01
1.425925e+13,7.908035e+01
1.016877e+13,3.497789e+01
2.029458e+14,8.000000e+01
2.029458e+14,8.000000e+01
3.557362e+13,3.501279e+01
7.386500e+13,4.690393e+01
1.741109e+13,7.917625e+01
9.022039e+14,8.000000e+01
1.554742e+13,7.899783e+01
2.214611e+13,4.999480e+00
4.159126e+13,7.891472e+01
2.121061e+13,2.414261e+01
5.041165e+13,3.453234e+01
3.088622e+13,7.898528e+01
1.723268e+14,5.825456e+01
2.218689e+13,7.899560e+01
3.008238e+13,3.303094e+01
3.229960e+13,3.327116e+01
1.041970e+14,7.657172e+01
1.041970e+14,7.657172e+01
1.041970e+14,7.657172e+01
1.409608e+14,8.000000e+01
1.982561e+13,7.897443e+01
2.989259e+13,2.696526e+01
1.349699e+13,7.894335e+01
1.331146e+13,7.898162e+01
6.843396e+13,4.822517e+01
6.073740e+13,4.999901e+00
6.073740e+13,5.000114e+00
2.232983e+13,5.000000e+00
2.984006e+13,6.479128e+01
3.041685e+13,7.899689e+01
1.983743e+13,7.899638e+01
5.357426e+13,3.621392e+01
1.778762e+14,6.888452e+01
4.412986e+14,8.000000e+01
1.325745e+13,7.898989e+01
1.320460e+15,8.000000e+01
1.320460e+15,8.000000e+01
4.220692e+15,8.000000e+01
2.161841e+13,7.899291e+01
2.005099e+13,4.997285e+00
2.417185e+13,7.897614e+01
6.697229e+13,3.951701e+01
1.513577e+17,8.000000e+01
5.092156e+13,3.411195e+01
1.828572e+14,8.000000e+01
1.828572e+14,8.000000e+01
2.043730e+14,8.000000e+01
2.943396e+13,4.999406e+00
4.211417e+13,3.591364e+01
1.102237e+14,8.000000e+01
1.102237e+14,8.000000e+01
3.615935e+13,2.984796e+01
7.908674e+13,4.852545e+01
9.756093e+13,6.185794e+01
2.642431e+13,7.899127e+01
1.713016e+14,8.000000e+01
1.713016e+14,8.000000e+01
1.734232e+13,7.899257e+01
2.217472e+13,6.495543e+01
1.262078e+14,8.000000e+01
1.262078e+14,8.000000e+01
3.632007e+13,3.591364e+01
1.840376e+13,7.899259e+01
8.379042e+13,7.899582e+01
2.048510e+13,7.899203e+01
1.871434e+13,7.895510e+01
6.409935e+13,8.000000e+01
6.862259e+13,4.300027e+01
2.491842e+13,2.576413e+01
8.400275e+13,4.282010e+01
7.503413e+13,7.843346e+01
5.202521e+13,5.795428e+01
7.997093e+12,7.898646e+01
4.382709e+13,3.663431e+01
3.764202e+13,2.750576e+01
3.827715e+13,5.000095e+00
3.827715e+13,5.000514e+00
2.485649e+14,8.000000e+01
9.403373e+12,7.899353e+01
3.838479e+13,3.158959e+01
5.713937e+13,4.173909e+01
1.348237e+13,7.881002e+01
1.779964e+13,7.898219e+01
9.249682e+12,7.899720e+01
4.135872e+13,4.167904e+01
2.453523e+13,2.504346e+01
8.692273e+13,5.477130e+01
1.622663e+13,7.898545e+01
1.834434e+14,5.849479e+01
2.099748e+13,7.899849e+01
4.375657e+13,3.062869e+01
1.527519e+14,5.981602e+01
6.799367e+13,7.236778e+01
5.911960e+14,8.000000e+01
5.911960e+14,8.000000e+01
5.911960e+14,8.000000e+01
3.100164e+14,5.909535e+01
1.181019e+13,7.898720e+01
1.517188e+13,7.899738e+01
3.459975e+13,3.255049e+01
1.275621e+14,6.011630e+01
1.101826e+13,7.899440e+01
2.554485e+13,2.798621e+01
6.289533e+14,8.000000e+01
1.715626e+13,7.896800e+01
1.217627e+13,7.899177e+01
2.216886e+13,7.898500e+01
1.721080e+13,7.899545e+01
4.112998e+13,3.969718e+01
5.190220e+13,5.441096e+01
1.611606e+13,7.895620e+01
2.380715e+14,8.000000e+01
2.380715e+14,8.000000e+01
1.134749e+13,7.899479e+01
2.109980e+13,7.898026e+01
1.105548e+14,8.000000e+01
4.211501e+13,3.333122e+01
9.502496e+12,7.898477e+01
5.631538e+13,7.896873e+01
5.631538e+13,7.897351e+01
4.864925e+13,3.591364e+01
4.638508e+14,8.000000e+01
4.638508e+14,8.000000e+01
2.819431e+13,2.846666e+01
2.935858e+14,7.230772e+01
1.186860e+13,7.899715e+01
1.828838e+14,4.738438e+01
2.920013e+14,8.000000e+01
3.887252e+14,8.000000e+01
3.242591e+13,2.900717e+01
2.386756e+13,7.894965e+01
6.444540e+13,6.516103e+01
2.175632e+13,7.899519e+01
2.603226e+13,2.378227e+01
2.124170e+13,2.432278e+01
1.078056e+14,8.000000e+01
1.078056e+14,8.000000e+01
1.268832e+13,7.897303e+01
7.360024e+13,5.501152e+01
8.420237e+13,4.318044e+01
4.703253e+13,3.393178e+01
6.727039e+13,3.747510e+01
6.029744e+13,3.693459e+01
2.460456e+13,2.672503e+01
4.171249e+13,3.477257e+01
1.485498e+14,7.927425e+01
6.193221e+13,4.167904e+01
1.123807e+13,7.899208e+01
8.810835e+17,8.000000e+01
8.216456e+13,6.540125e+01
1.954622e+14,8.000000e+01
2.934443e+13,7.886863e+01
2.541019e+13,7.892800e+01
1.366018e+14,8.000000e+01
1.224348e+16,8.000000e+01
1.323618e+13,7.899291e+01
1.981866e+13,7.896419e+01
1.147156e+14,4.918607e+01
5.651162e+13,5.405062e+01
1.366498e+13,7.898273e+01
1.293218e+14,8.000000e+01
2.988152e+13,7.891473e+01
1.775913e+13,7.899716e+01
1.124344e+14,5.110787e+01
2.444273e+13,2.642475e+01
1.451011e+14,4.888579e+01
7.253127e+13,4.209943e+01
1.012090e+13,7.899861e+01
7.673326e+13,5.693332e+01
3.550143e+13,7.898998e+01
3.911735e+14,8.000000e+01
3.911735e+14,8.000000e+01
4.438065e+13,5.000277e+00
4.438065e+13,5.000142e+00
3.568703e+13,3.255049e+01
3.419079e+13,7.898422e+01
2.127558e+14,8.000000e+01
2.144058e+14,8.000000e+01
3.368196e+13,7.898108e+01
1.267055e+14,5.000058e+00
1.267055e+14,5.000047e+00
1.267055e+14,7.898111e+01
1.267055e+14,5.000036e+00
1.487776e+13,7.895313e+01
2.515036e+13,7.857925e+01
1.227632e+14,5.513164e+01
5.560905e+13,4.630337e+01
5.235183e+13,7.898831e+01
5.235183e+13,7.898698e+01
7.618346e+13,4.999999e+00
7.618346e+13,7.899923e+01
5.196355e+13,4.510224e+01
1.309960e+14,4.966652e+01
1.040258e+14,5.218888e+01
8.837808e+13,7.344879e+01
6.515970e+13,4.999697e+00
9.448223e+13,4.966652e+01
3.796845e+13,3.032841e+01
7.558433e+13,4.558269e+01
5.197065e+13,4.894584e+01
4.375847e+13,3.765527e+01
1.432231e+13,7.898854e+01
2.481064e+13,2.498340e+01
1.116039e+13,7.899773e+01
9.285669e+13,4.486202e+01
2.750338e+13,7.898051e+01
1.807784e+13,7.893252e+01
1.257850e+14,5.248916e+01
7.844086e+14,8.000000e+01
1.410038e+13,7.899471e+01
8.396893e+13,5.122798e+01
2.828076e+13,3.026835e+01
3.179343e+13,4.999974e+00
8.536526e+13,5.044725e+01
1.132716e+13,7.880145e+01
2.742588e+13,7.895558e+01
3.985897e+13,7.898910e+01
1.835273e+13,7.895195e+01
1.477255e+13,7.898967e+01
2.217249e+14,8.000000e+01
3.252352e+14,8.000000e+01
2.352343e+13,7.897843e+01
1.995320e+13,7.899389e+01
2.558142e+14,8.000000e+01
5.790402e+17,8.000000e+01
2.809631e+13,7.898601e+01
2.116867e+13,7.898619e+01
1.380792e+13,7.898154e+01
1.828174e+14,8.000000e+01
1.828174e+14,8.000000e+01
4.722155e+13,4.131870e+01
2.149879e+14,8.000000e+01
2.660215e+13,7.899831e+01
1.190400e+14,3.088959e+01
1.039883e+14,4.227960e+01
1.867655e+14,6.552137e+01
1.836324e+14,8.000000e+01
1.836324e+14,8.000000e+01
1.213688e+14,4.600309e+01
2.412323e+13,7.897136e+01
6.855425e+13,8.000000e+01
3.205213e+13,3.092897e+01
8.224380e+13,4.966652e+01
1.637458e+14,4.972657e+01
8.854733e+14,8.000000e+01
7.452213e+13,7.050603e+01
7.452213e+13,7.050603e+01
5.702842e+13,4.984669e+01
5.702842e+13,4.984669e+01
1.645516e+13,7.912425e+01
7.023877e+13,5.633276e+01
5.194723e+14,8.000000e+01
5.194723e+14,8.000000e+01
2.518968e+13,2.840661e+01
4.530804e+13,3.062869e+01
3.051883e+14,7.386918e+01
4.684362e+13,4.035780e+01
3.702129e+13,3.363150e+01
2.946134e+13,4.998607e+00
1.289539e+13,7.899643e+01
2.123282e+13,4.998743e+00
1.579180e+13,7.899294e+01
2.397996e+14,7.242783e+01
2.027186e+13,7.898788e+01
2.749239e+13,7.899439e+01
1.919041e+13,7.899037e+01
1.236918e+13,7.899754e+01
4.040452e+13,3.435217e+01
5.150801e+13,4.930618e+01
7.324613e+13,6.576159e+01
6.682705e+13,2.296307e+01
4.346017e+13,2.996807e+01
1.385686e+13,7.899668e+01
1.679139e+13,7.899586e+01
1.077720e+14,4.306033e+01
4.545314e+13,3.621392e+01
3.172980e+14,6.798367e+01
2.171645e+13,7.899851e+01
6.500566e+13,7.895518e+01
1.962217e+14,6.414007e+01
5.514083e+13,3.537313e+01
7.498739e+15,8.000000e+01
7.498739e+15,8.000000e+01
7.340300e+13,5.867495e+01
7.095030e+13,5.489141e+01
1.958040e+13,7.899329e+01
2.514564e+13,2.792616e+01
7.543668e+13,6.155765e+01
1.809357e+13,4.999773e+00
2.803562e+14,6.005625e+01
6.314731e+13,3.531307e+01
3.086314e+14,8.000000e+01
2.268598e+13,7.899664e+01
4.203836e+13,3.477257e+01
2.714441e+13,2.798621e+01
8.005995e+13,8.000000e+01
2.824972e+13,3.375161e+01
1.808333e+13,7.899039e+01
1.482445e+13,7.899472e+01
5.831898e+13,5.945569e+01
1.085877e+14,5.525175e+01
1.810024e+13,7.894808e+01
4.512592e+13,4.414134e+01
5.427263e+13,3.615386e+01
1.756152e+13,5.000355e+00
7.855602e+13,7.898575e+01
2.983774e+13,2.246104e+01
1.120578e+15,8.000000e+01
1.372612e+13,7.899330e+01
4.380888e+13,4.498213e+01
5.022629e+13,3.351139e+01
1.738489e+13,7.890486e+01
2.684839e+13,7.897983e+01
1.450547e+13,7.898057e+01
1.242273e+13,7.899440e+01
4.575630e+14,8.000000e+01
5.065842e+13,5.849479e+01
1.997077e+13,6.276837e+01
4.919531e+14,8.000000e+01
4.919531e+14,8.000000e+01
2.248749e+13,7.895429e+01
1.339860e+13,7.898750e+01
5.721371e+13,4.342067e+01
1.505734e+13,7.899226e+01
1.294370e+13,1.500000e+01
1.784321e+13,7.899028e+01
1.824919e+13,7.899425e+01
1.665083e+14,8.000000e+01
1.665284e+13,7.899133e+01
1.421390e+14,6.107720e+01
9.573898e+12,7.896629e+01
2.764771e+13,7.893105e+01
4.664872e+13,3.537313e+01
1.591836e+14,8.000000e+01
1.591836e+14,8.000000e+01
2.728497e+13,7.899722e+01
2.014352e+13,7.883300e+01
3.868126e+13,3.915667e+01
5.704824e+13,4.294022e+01
1.206035e+14,5.104781e+01
1.268590e+14,8.000000e+01
1.085563e+14,5.332995e+01
2.369267e+13,2.684514e+01
1.143605e+13,7.899174e+01
2.102037e+14,8.000000e+01
2.102037e+14,8.000000e+01
4.147025e+13,3.657425e+01
4.403283e+15,8.000000e+01
4.001250e+13,4.125864e+01
1.681452e+13,4.999341e+00
2.054225e+13,7.846959e+01
4.920702e+13,6.408002e+01
1.391828e+13,7.899511e+01
2.393385e+14,7.176722e+01
2.732828e+13,2.100000e+01
5.556019e+14,8.000000e+01
5.556019e+14,8.000000e+01
5.556019e+14,8.000000e+01
2.800263e+13,2.822644e+01
4.131459e+13,7.898892e+01
2.718502e+13,7.898312e+01
2.120706e+13,4.999633e+00
2.834084e+14,7.422952e+01
1.301073e+14,6.588170e+01
1.301073e+14,6.588170e+01
8.403370e+12,3.904119e+01
2.090760e+13,4.073762e+01
9.454095e+12,7.899421e+01
2.112430e+13,7.899025e+01
1.171635e+14,8.000000e+01
2.035550e+13,7.899285e+01
1.489154e+13,7.899271e+01
1.457712e+14,8.000000e+01
1.910375e+13,7.899628e+01
4.280917e+13,7.899534e+01
4.280917e+13,7.899083e+01
1.578306e+13,7.899822e+01
1.562108e+13,7.898895e+01
9.775543e+13,4.203937e+01
1.359812e+13,7.892072e+01
7.202034e+13,7.899622e+01
6.174458e+13,7.896035e+01
5.844405e+13,5.000036e+00
5.844405e+13,7.897935e+01
6.817529e+13,4.023769e+01
3.836527e+13,2.882700e+01
2.968577e+13,2.894711e+01
1.393747e+13,7.899513e+01
1.798085e+13,7.899577e+01
1.444468e+14,5.266933e+01
2.841517e+13,7.898224e+01
6.667304e+13,5.765400e+01
1.306597e+14,4.498213e+01
7.990592e+13,8.000000e+01
1.637259e+13,7.899096e+01
2.388904e+13,7.898922e+01
2.242097e+13,7.898622e+01
1.564519e+13,7.899567e+01
2.756257e+13,2.822644e+01
4.697573e+13,3.333122e+01
3.397526e+13,2.822644e+01
3.399462e+13,3.675442e+01
2.902128e+13,7.899499e+01
6.323033e+13,4.282010e+01
3.181728e+13,7.899464e+01
6.916133e+13,3.729493e+01
9.662043e+13,4.432151e+01
2.372579e+13,7.897716e+01
2.860856e+13,3.170970e+01
1.037936e+13,7.899836e+01
2.008342e+13,7.762896e+01
1.371963e+13,7.895985e+01
4.367494e+13,1.900000e+01
2.997201e+13,7.898091e+01
2.106904e+13,5.000032e+00
4.546010e+13,4.612320e+01
1.294112e+13,7.899727e+01
2.992937e+13,2.462306e+01
6.199904e+16,8.000000e+01
1.575084e+13,7.899684e+01
4.927171e+13,4.330055e+01
3.313650e+13,2.672503e+01
8.237101e+14,8.000000e+01
8.237101e+14,8.000000e+01
1.064047e+13,5.000006e+00
2.289485e+13,7.899569e+01
4.821704e+13,3.543319e+01
3.622264e+13,3.068874e+01
2.535392e+13,7.896581e+01
1.006118e+13,7.899662e+01
1.025575e+13,7.898458e+01
2.266429e+13,2.504346e+01
1.723577e+16,8.000000e+01
1.286812e+14,5.603248e+01
3.417599e+13,3.170970e+01
6.508203e+13,5.927552e+01
2.763944e+14,8.000000e+01
1.305793e+13,7.910821e+01
6.062402e+13,4.714415e+01
1.558622e+13,7.899400e+01
1.474079e+13,7.899700e+01
3.038407e+14,7.134682e+01
4.067214e+13,3.867622e+01
8.384893e+13,5.903529e+01
2.918973e+14,7.915413e+01
4.816427e+13,3.525302e+01
2.131247e+13,7.878211e+01
2.122321e+13,7.894531e+01
5.346807e+14,8.000000e+01
5.346807e+14,8.000000e+01
1.708902e+13,7.886441e+01
1.470007e+14,8.000000e+01
1.470007e+14,8.000000e+01
5.263021e+13,4.053797e+01
9.083543e+13,5.182854e+01
5.296272e+13,4.546258e+01
2.473374e+13,2.618452e+01
4.805083e+13,3.489268e+01
1.618580e+13,5.000000e+00
4.310526e+13,4.432151e+01
1.227631e+13,7.899782e+01
4.361039e+13,4.999054e+00
2.143899e+13,7.896238e+01
1.300218e+13,7.899215e+01
3.400240e+13,3.219015e+01
6.813791e+13,6.894457e+01
1.254751e+14,7.338873e+01
1.254751e+14,7.338873e+01
4.285206e+13,4.930618e+01
1.299519e+13,7.899416e+01
1.191664e+14,6.203810e+01
1.924540e+13,7.899598e+01
2.648782e+14,6.077692e+01
1.725162e+14,8.000000e+01
1.725162e+14,8.000000e+01
3.395846e+13,3.573347e+01
4.276155e+13,3.243037e+01
4.749098e+13,3.927679e+01
2.450251e+13,7.898699e+01
7.332246e+13,6.329929e+01
3.915194e+13,3.068874e+01
1.682789e+14,8.000000e+01
3.091047e+13,3.315105e+01
1.358752e+13,7.899657e+01
1.057514e+14,6.005625e+01
2.537792e+13,7.875387e+01
4.416166e+13,5.345006e+01
1.872899e+13,7.899096e+01
2.355787e+13,7.899432e+01
1.041485e+14,6.077692e+01
1.738618e+14,8.000000e+01
1.738618e+14,8.000000e+01
2.662702e+14,7.068620e+01
1.227554e+15,8.000000e+01
1.227554e+15,8.000000e+01
1.775187e+15,8.000000e+01
1.775187e+15,8.000000e+01
3.204022e+14,8.000000e+01
3.204022e+14,8.000000e+01
1.079258e+14,5.339000e+01
1.145790e+13,7.898964e+01
2.363670e+14,8.000000e+01
2.363670e+14,8.000000e+01
2.068723e+13,7.885732e+01
1.203651e+13,7.898711e+01
1.021354e+14,8.000000e+01
8.538080e+13,4.672376e+01
2.198213e+13,7.899449e+01
2.136458e+13,4.999745e+00
1.670120e+14,8.000000e+01
1.827698e+14,5.741377e+01
3.915756e+13,3.645414e+01
1.783475e+14,8.000000e+01
1.783475e+14,8.000000e+01
3.084015e+13,4.999760e+00
7.021588e+13,4.714415e+01
1.828115e+13,4.999020e+00
5.368026e+13,5.074753e+01
3.675120e+13,3.164964e+01
2.212417e+13,7.929386e+01
1.317912e+13,7.899331e+01
1.353764e+14,5.807439e+01
3.982338e+13,2.978790e+01
2.393321e+13,2.792616e+01
1.801224e+14,8.000000e+01
4.004106e+13,7.899655e+01
3.243974e+13,3.447229e+01
2.497873e+13,2.534374e+01
1.579924e+13,7.899448e+01
7.785563e+13,7.857804e+01
7.785563e+13,7.957453e+01
1.885262e+13,2.162025e+01
4.801912e+13,3.651420e+01
4.187233e+13,3.152953e+01
9.333796e+13,6.299900e+01
1.971158e+13,7.899616e+01
1.323972e+13,7.899635e+01
4.253359e+13,7.899712e+01
6.807181e+13,7.899447e+01
5.965115e+13,3.795555e+01
2.193305e+13,7.908124e+01
1.903725e+13,4.999451e+00
1.398903e+13,7.846242e+01
7.900745e+13,4.191926e+01
1.584304e+13,7.899602e+01
3.632861e+13,3.255049e+01
4.311556e+14,8.000000e+01
4.311556e+14,8.000000e+01
4.255892e+13,3.807566e+01
4.465822e+13,3.981729e+01
1.658008e+13,7.899712e+01
2.836757e+13,2.756582e+01
4.984659e+14,8.000000e+01
4.984659e+14,8.000000e+01
4.037321e+13,7.899686e+01
2.509955e+13,2.924739e+01
6.928769e+13,5.615259e+01
4.981243e+13,5.375034e+01
9.341474e+13,5.849479e+01
6.019232e+13,4.414134e+01
4.205475e+13,3.741504e+01
1.656285e+13,7.897385e+01
3.320840e+14,7.116665e+01
1.552164e+13,7.897755e+01
3.156660e+13,2.774599e+01
1.816097e+13,2.083952e+01
2.157173e+14,5.044725e+01
2.213906e+13,2.456301e+01
1.505091e+14,6.576159e+01
1.722716e+13,7.898889e+01
9.264833e+13,4.402123e+01
2.756415e+13,7.899901e+01
6.156653e+14,8.000000e+01
2.632894e+14,8.000000e+01
2.632894e+14,8.000000e+01
8.653043e+13,6.834401e+01
2.126138e+13,7.898915e+01
2.473937e+13,2.071941e+01
7.475403e+13,6.654232e+01
6.201699e+13,4.588297e+01
3.623271e+13,7.896365e+01
6.904519e+14,8.000000e+01
9.057339e+13,3.873628e+01
2.168244e+13,7.898074e+01
3.200886e+14,8.000000e+01
3.200886e+14,8.000000e+01
1.119316e+13,7.899734e+01
1.842977e+13,2.204064e+01
1.207053e+13,7.899570e+01
2.964448e+14,8.000000e+01
4.361216e+14,8.000000e+01
2.420918e+13,7.899742e+01
1.779561e+13,7.898115e+01
2.313616e+16,8.000000e+01
2.711395e+13,7.842397e+01
2.401626e+13,7.898883e+01
5.340501e+13,3.795555e+01
1.673914e+13,4.999181e+00
1.266131e+14,8.000000e+01
1.224796e+13,7.898059e+01
1.437638e+13,7.898928e+01
1.724500e+14,8.000000e+01
1.724500e+14,8.000000e+01
2.732814e+16,8.000000e+01
5.341317e+14,8.000000e+01
1.996602e+15,8.000000e+01
3.256942e+14,8.000000e+01
1.084530e+13,7.898076e+01
5.013003e+13,3.699465e+01
1.093346e+13,7.899490e+01
2.352206e+13,2.408256e+01
1.194444e+15,7.044598e+01
4.082728e+13,3.291082e+01
2.985066e+13,3.200998e+01
1.059468e+13,7.899770e+01
1.332070e+13,1.700000e+01
1.259143e+13,7.899638e+01
2.093752e+13,7.894734e+01
6.758029e+13,4.999972e+00
9.936446e+12,7.899561e+01
2.804973e+14,8.000000e+01
2.461999e+13,7.899711e+01
1.431081e+13,7.898286e+01
1.607752e+13,7.899662e+01
1.231416e+13,5.870338e+01
1.359767e+14,7.338873e+01
2.250580e+13,7.895589e+01
4.444241e+14,8.000000e+01
3.442213e+13,7.899321e+01
3.442213e+13,7.898035e+01
1.396293e+13,7.898599e+01
3.875617e+13,3.705470e+01
1.758339e+14,6.594176e+01
7.415720e+13,3.465245e+01
2.105869e+13,1.700000e+01
2.617106e+13,7.899787e+01
1.514080e+13,7.894762e+01
1.927182e+13,7.899031e+01
2.369235e+13,2.900000e+01
2.992528e+13,7.899661e+01
2.679903e+13,2.498340e+01
4.351168e+13,3.303094e+01
2.224646e+13,7.899488e+01
1.215377e+13,7.899866e+01
7.598362e+13,4.606314e+01
6.338691e+13,4.960646e+01
8.540398e+13,5.056736e+01
6.896628e+14,8.000000e+01
6.896628e+14,8.000000e+01
7.466247e+13,7.086637e+01
1.276945e+13,7.863419e+01
8.444231e+13,4.498213e+01
1.459954e+14,4.876567e+01
4.010895e+13,7.899200e+01
3.381044e+13,7.899141e+01
5.471818e+14,6.377974e+01
6.800451e+13,5.771405e+01
3.311952e+13,7.898833e+01
1.586680e+14,8.000000e+01
1.586680e+14,8.000000e+01
1.189162e+14,5.074753e+01
2.376172e+13,4.999691e+00
1.800065e+13,7.899827e+01
2.770839e+14,6.936497e+01
2.117139e+14,5.675315e+01
6.233840e+13,4.390112e+01
4.675709e+13,7.897640e+01
1.047777e+13,7.899444e+01
9.099995e+13,7.525048e+01
5.227494e+13,3.579352e+01
4.905024e+13,3.237032e+01
1.447164e+13,7.898938e+01
2.130557e+13,7.899693e+01
1.588286e+13,7.899445e+01
3.093386e+14,8.000000e+01
5.091023e+13,4.300027e+01
2.308452e+13,7.899697e+01
2.454195e+14,6.323923e+01
1.683448e+14,7.242783e+01
3.534399e+13,2.972784e+01
1.186935e+13,7.898972e+01
4.874053e+15,8.000000e+01
4.874053e+15,8.000000e+01
1.312261e+13,7.899758e+01
4.002952e+13,4.998948e+00
1.819148e+13,7.892853e+01
3.216384e+13,3.261054e+01
1.259097e+13,7.899756e+01
5.482855e+13,7.899848e+01
8.959670e+13,3.843600e+01
1.586098e+13,7.899281e+01
8.850599e+13,6.113726e+01
3.520239e+13,7.899139e+01
1.992151e+14,8.000000e+01
1.992151e+14,8.000000e+01
1.992151e+14,8.000000e+01
1.331498e+14,8.000000e+01
5.145922e+13,7.899209e+01
1.073282e+16,3.987735e+01
2.829349e+13,7.898975e+01
5.934235e+19,8.000000e+01
5.934235e+19,8.000000e+01
5.934235e+19,8.000000e+01
5.934235e+19,8.000000e+01
1.814500e+14,7.999492e+01
3.801530e+14,8.000000e+01
2.768839e+14,6.762334e+01
7.507894e+13,5.104781e+01
1.317655e+14,8.000000e+01
6.414357e+13,5.236905e+01
4.750358e+13,3.903656e+01
3.487377e+13,2.894711e+01
4.238113e+13,3.423206e+01
5.489284e+13,3.543319e+01
5.035684e+13,3.375161e+01
5.588405e+13,4.354078e+01
1.740912e+14,7.903402e+01
8.175508e+13,4.690393e+01
2.709968e+13,1.700000e+01
3.457426e+13,3.435217e+01
2.862192e+13,2.930745e+01
1.339938e+17,8.000000e+01
4.740079e+13,4.792489e+01
4.740079e+13,4.792489e+01
1.071277e+14,7.356890e+01
8.571036e+13,7.899826e+01
3.643410e+13,3.249043e+01
1.801181e+14,7.320857e+01
9.021787e+13,5.483135e+01
3.497350e+14,6.708283e+01
1.068744e+13,7.898336e+01
5.618040e+17,8.000000e+01
2.160891e+14,6.966525e+01
2.009215e+13,2.125991e+01
1.176137e+14,8.000000e+01
1.176137e+14,8.000000e+01
1.011845e+14,4.059802e+01
1.320797e+13,5.089921e+01
1.176571e+13,7.899666e+01
2.806367e+13,3.207004e+01
3.434132e+13,3.639409e+01
1.656074e+13,7.899074e+01
7.968701e+13,4.930618e+01
1.597990e+13,7.899733e+01
2.507738e+13,2.426272e+01
2.850892e+13,5.000000e+00
1.504660e+14,7.645160e+01
1.777430e+13,5.000069e+00
3.431624e+13,2.966779e+01
3.024391e+13,7.899212e+01
1.884874e+13,5.520616e+01
1.881140e+14,5.369029e+01
1.578456e+13,7.898217e+01
3.228892e+13,3.315105e+01
1.980709e+13,7.899067e+01
8.492763e+14,8.000000e+01
2.578335e+13,7.242932e+01
1.146331e+13,7.898898e+01
4.770904e+13,3.813572e+01
9.107541e+14,8.000000e+01
1.336378e+14,8.000000e+01
1.968272e+13,7.899755e+01
1.648589e+14,6.420013e+01
1.656636e+13,1.900000e+01
1.443729e+14,8.000000e+01
2.555543e+14,6.209816e+01
2.526527e+14,5.951574e+01
3.572101e+13,7.918457e+01
9.131021e+14,8.000000e+01
1.034895e+14,7.711222e+01
6.621040e+13,3.152953e+01
3.199326e+13,2.894711e+01
6.618957e+13,5.987608e+01
5.812434e+14,8.000000e+01
5.812434e+14,8.000000e+01
4.086851e+13,4.300027e+01
8.749944e+12,7.899766e+01
6.690429e+13,5.278944e+01
2.465733e+13,7.898785e+01
1.859216e+13,7.899193e+01
1.287798e+13,2.899206e+01
1.915338e+13,2.077946e+01
7.862786e+13,4.005752e+01
3.616576e+13,3.879634e+01
7.745941e+13,4.348072e+01
1.936028e+13,7.899303e+01
1.420856e+14,5.423079e+01
1.280101e+13,4.999853e+00
1.597404e+13,7.899681e+01
2.791486e+13,3.603375e+01
4.170985e+13,5.098282e+01
1.022463e+13,7.898236e+01
1.240150e+13,7.899561e+01
3.654612e+13,3.711476e+01
1.733592e+13,5.000000e+00
2.729171e+13,7.897384e+01
1.656956e+13,7.899425e+01
7.366049e+13,7.897244e+01
7.366049e+13,6.017636e+01
3.806569e+14,8.000000e+01
2.008941e+13,7.895917e+01
2.203282e+13,7.899446e+01
6.606548e+13,5.008691e+01
4.448499e+13,7.899802e+01
2.369991e+15,8.000000e+01
7.919353e+13,5.681321e+01
1.151824e+13,7.899235e+01
6.173837e+14,8.000000e+01
6.173837e+14,8.000000e+01
6.173837e+14,8.000000e+01
2.213298e+14,8.000000e+01
2.213298e+14,8.000000e+01
1.323981e+13,7.898190e+01
1.420446e+14,8.000000e+01
1.936409e+13,7.899095e+01
5.076516e+13,3.237032e+01
5.219860e+13,4.498213e+01
1.289367e+13,7.899589e+01
1.340726e+14,8.000000e+01
1.340726e+14,8.000000e+01
3.516757e+13,4.999366e+00
2.801663e+15,8.000000e+01
2.801663e+15,8.000000e+01
1.134164e+14,7.899352e+01
1.208037e+13,7.904166e+01
1.911795e+13,7.899043e+01
5.297351e+13,3.663431e+01
1.310081e+14,8.000000e+01
1.296692e+13,7.898805e+01
5.904631e+13,7.899582e+01
1.109724e+13,7.899686e+01
1.457372e+14,8.000000e+01
3.395559e+14,6.083698e+01
1.394135e+18,8.000000e+01
1.394135e+18,8.000000e+01
8.460078e+13,7.898721e+01
6.126233e+13,4.233965e+01
2.470196e+14,8.000000e+01
2.001528e+13,7.899069e+01
1.025273e+14,5.182854e+01
5.026994e+14,8.000000e+01
3.947045e+14,7.609127e+01
3.311720e+13,2.984796e+01
1.550139e+13,7.895285e+01
8.911917e+13,5.825456e+01
1.161736e+14,8.000000e+01
1.989080e+13,2.234092e+01
1.021518e+14,6.828395e+01
3.131569e+13,4.984669e+01
1.963917e+13,7.899731e+01
8.985468e+12,7.899861e+01
1.532774e+13,7.898761e+01
1.128404e+13,7.899815e+01
5.867270e+13,4.438157e+01
1.954010e+14,8.000000e+01
3.713671e+13,7.899044e+01
3.384036e+13,7.899160e+01
9.874331e+13,4.300027e+01
4.080503e+14,8.000000e+01
2.610887e+14,8.000000e+01
3.465404e+14,8.000000e+01
3.465404e+14,8.000000e+01
4.926813e+14,8.000000e+01
8.660443e+13,4.570280e+01
1.220349e+14,5.080759e+01
1.377330e+13,7.899497e+01
1.750788e+14,8.000000e+01
1.424353e+13,7.893389e+01
8.994710e+14,8.000000e+01
2.659864e+13,7.899100e+01
2.256615e+13,2.270126e+01
2.626217e+14,8.000000e+01
4.485784e+13,5.531180e+01
3.818457e+13,3.152953e+01
6.776723e+13,7.501025e+01
6.776723e+13,7.501025e+01
1.526980e+13,7.899509e+01
3.448151e+16,8.000000e+01
3.628098e+13,7.897995e+01
8.865243e+13,3.921673e+01
1.051373e+14,8.000000e+01
1.051373e+14,8.000000e+01
5.693059e+13,4.804500e+01
1.572367e+14,4.984669e+01
9.624649e+13,4.654359e+01
1.401363e+13,7.899788e+01
4.254074e+13,4.288016e+01
1.238076e+14,5.591237e+01
2.309720e+13,2.288143e+01
9.426701e+13,6.876440e+01
9.786774e+13,8.000000e+01
1.824926e+13,7.897230e+01
5.544179e+13,3.477257e+01
1.030017e+15,7.891391e+01
1.169186e+13,7.899780e+01
1.175941e+14,8.000000e+01
1.175941e+14,8.000000e+01
1.322076e+13,7.899040e+01
3.055658e+13,2.948762e+01
1.615175e+13,7.899734e+01
3.411565e+13,3.783544e+01
1.561178e+13,7.899391e+01
4.333939e+13,7.899424e+01
2.877176e+13,1.699628e+01
6.652244e+13,5.699338e+01
2.865297e+13,7.898790e+01
6.878650e+13,5.987608e+01
2.685678e+13,4.999550e+00
6.602539e+13,8.000000e+01
2.939305e+13,2.954767e+01
7.795385e+13,3.837594e+01
4.571070e+13,4.408129e+01
2.219698e+14,8.000000e+01
6.109165e+13,4.227960e+01
1.549719e+13,7.899562e+01
2.907240e+15,8.000000e+01
2.907240e+15,8.000000e+01
1.736653e+14,8.000000e+01
2.657647e+13,5.000014e+00
2.657647e+13,5.000026e+00
9.421256e+12,7.899704e+01
3.458594e+14,8.000000e+01
3.458594e+14,8.000000e+01
2.949649e+13,2.888706e+01
4.106344e+13,7.899241e+01
6.314834e+13,6.828395e+01
1.648894e+13,7.899786e+01
4.152903e+13,3.657425e+01
5.142749e+13,6.456047e+01
3.162777e+13,4.999985e+00
5.324479e+13,3.651420e+01
6.350140e+13,3.447229e+01
6.842149e+13,6.269872e+01
3.548172e+13,3.080886e+01
2.828411e+13,2.298109e+01
2.696186e+13,2.720548e+01
2.249601e+13,2.222081e+01
1.562644e+14,4.780477e+01
1.745899e+14,8.000000e+01
1.745899e+14,8.000000e+01
1.157146e+13,7.899670e+01
4.680266e+14,8.000000e+01
4.680266e+14,8.000000e+01
2.278969e+14,3.100000e+01
2.238149e+14,8.000000e+01
6.867640e+13,3.693459e+01
1.590112e+13,7.899566e+01
3.202983e+14,3.496778e+01
4.103430e+13,3.299773e+01
5.056739e+13,3.705470e+01
4.701872e+13,3.939690e+01
5.337393e+13,2.100000e+01
3.800493e+13,4.978663e+01
9.609385e+13,4.498213e+01
1.122629e+14,5.573220e+01
2.087948e+13,4.697696e+01
3.370820e+13,4.999813e+00
9.139134e+13,6.450041e+01
3.629004e+13,3.669437e+01
1.184281e+13,7.899367e+01
5.051821e+14,8.000000e+01
2.143937e+14,8.000000e+01
1.861560e+14,8.000000e+01
1.861560e+14,8.000000e+01
1.861560e+14,8.000000e+01
8.304353e+13,7.200744e+01
2.007605e+14,5.303597e+01
2.784622e+13,2.732559e+01
1.572947e+13,7.899587e+01
4.421437e+13,4.756455e+01
1.465842e+13,7.899409e+01
7.966866e+13,4.336061e+01
2.798346e+13,2.870689e+01
9.282274e+13,5.609254e+01
9.282274e+13,5.609254e+01
5.923140e+13,3.908977e+01
3.455005e+13,3.795555e+01
2.229119e+13,7.899130e+01
2.741692e+13,2.762587e+01
9.350088e+12,7.899858e+01
4.302846e+19,8.000000e+01
4.302846e+19,8.000000e+01
4.302846e+19,8.000000e+01
1.426643e+13,7.899812e+01
4.880260e+13,4.999653e+00
2.725189e+14,6.798367e+01
4.096993e+13,3.999746e+01
1.895947e+13,7.899567e+01
8.772797e+13,5.100000e+01
2.341259e+14,8.000000e+01
7.429295e+13,5.200871e+01
3.545537e+13,3.561335e+01
9.540057e+12,7.899599e+01
1.012517e+14,6.726300e+01
1.012517e+14,6.726300e+01
4.731389e+13,3.207004e+01
4.434362e+13,3.339127e+01
2.198719e+13,2.336188e+01
6.181678e+13,4.107847e+01
1.223660e+13,7.899581e+01
4.915732e+13,3.681448e+01
1.384937e+14,5.363023e+01
1.019376e+13,7.899690e+01
5.016511e+13,5.062742e+01
1.088421e+14,4.318044e+01
8.193092e+13,5.411068e+01
3.750163e+13,3.092897e+01
1.927275e+13,7.917933e+01
4.614123e+13,3.128931e+01
4.386867e+13,3.969718e+01
6.996774e+13,5.585231e+01
2.390122e+13,7.895870e+01
4.825610e+14,7.260800e+01
1.349550e+13,7.896439e+01
3.564218e+13,2.762587e+01
8.097747e+12,7.899886e+01
7.184965e+13,4.221954e+01
6.509400e+13,3.549324e+01
1.294029e+14,5.909535e+01
6.103709e+13,3.621392e+01
6.813621e+15,8.000000e+01
2.422687e+13,7.891047e+01
1.220416e+14,5.008691e+01
1.121240e+14,3.891645e+01
2.383097e+13,2.666497e+01
3.987613e+13,3.393178e+01
1.175857e+13,7.899734e+01
3.528040e+14,8.000000e+01
3.415988e+13,3.261054e+01
6.457271e+13,3.291082e+01
2.370030e+14,8.000000e+01
2.370030e+14,8.000000e+01
9.184750e+13,8.000000e+01
1.600755e+13,7.897229e+01
8.715181e+13,4.906595e+01
1.183953e+14,4.756455e+01
1.330652e+14,8.000000e+01
1.330652e+14,8.000000e+01
2.050011e+14,7.374907e+01
1.016535e+14,8.000000e+01
1.136846e+14,7.899634e+01
1.136846e+14,7.899148e+01
4.819645e+13,3.393178e+01
4.965187e+13,5.020702e+01
2.742073e+13,2.834655e+01
2.684610e+13,2.708537e+01
5.103422e+13,4.390112e+01
6.081802e+13,7.915655e+01
6.081802e+13,7.924918e+01
7.554267e+13,5.224894e+01
4.660748e+13,3.591364e+01
4.281825e+13,3.068874e+01
5.643879e+13,3.759521e+01
3.536516e+13,3.405189e+01
4.757599e+13,5.206877e+01
1.121709e+13,7.899368e+01
1.586086e+13,7.899029e+01
1.009738e+14,7.896591e+01
7.689166e+13,2.864683e+01
3.821665e+14,6.636215e+01
1.107937e+14,4.882573e+01
3.446091e+14,7.639155e+01
6.379378e+13,5.477130e+01
2.883069e+14,7.344879e+01
2.493857e+13,7.932668e+01
1.537476e+14,6.702277e+01
1.953999e+13,7.899361e+01
5.832548e+13,4.624331e+01
1.019223e+14,6.011630e+01
1.148161e+14,6.660238e+01
6.028349e+13,3.753515e+01
2.514412e+13,2.498340e+01
1.967667e+14,8.000000e+01
1.314639e+13,5.000000e+00
1.191578e+13,7.899307e+01
7.759998e+13,4.738438e+01
1.520981e+14,5.741377e+01
4.647193e+13,7.899466e+01
1.044397e+13,7.899869e+01
3.022361e+14,8.000000e+01
3.022361e+14,8.000000e+01
1.928904e+13,7.119072e+01
7.680214e+13,5.200871e+01
1.042821e+13,7.899811e+01
2.794334e+20,8.000000e+01
2.794334e+20,8.000000e+01
2.794334e+20,8.000000e+01
2.794334e+20,8.000000e+01
2.794334e+20,8.000000e+01
1.059995e+14,6.083698e+01
3.318091e+14,8.000000e+01
3.318091e+14,8.000000e+01
1.411419e+13,7.899334e+01
3.142705e+13,7.899360e+01
4.113255e+13,3.429212e+01
4.553598e+13,3.345133e+01
1.567007e+14,4.984669e+01
5.987859e+13,7.712155e+01
8.969439e+14,8.000000e+01
8.969439e+14,8.000000e+01
8.969439e+14,8.000000e+01
5.471392e+13,7.899523e+01
1.166411e+14,8.000000e+01
3.055046e+13,7.898106e+01
2.267039e+13,7.899444e+01
5.858437e+14,8.000000e+01
5.858437e+14,8.000000e+01
3.706760e+13,7.896444e+01
1.578710e+13,7.899371e+01
3.952545e+13,2.972784e+01
1.589527e+13,7.899736e+01
2.682533e+13,3.411195e+01
2.059419e+20,8.000000e+01
2.059419e+20,8.000000e+01
2.059419e+20,8.000000e+01
8.404398e+13,4.143881e+01
4.295493e+13,5.861490e+01
9.742421e+13,7.837340e+01
9.742421e+13,7.837340e+01
1.839609e+13,7.899807e+01
1.410255e+14,6.426019e+01
1.895808e+13,7.897326e+01
1.690403e+14,6.131743e+01
1.690389e+13,7.899041e+01
2.404972e+13,7.898862e+01
1.116994e+14,7.032587e+01
1.116994e+14,7.032587e+01
6.269735e+13,5.000251e+00
6.269735e+13,7.888104e+01
3.164602e+14,8.000000e+01
3.164602e+14,8.000000e+01
9.493526e+12,7.899835e+01
2.399840e+16,8.000000e+01
2.399840e+16,8.000000e+01
1.937282e+14,6.125737e+01
5.243206e+13,4.486202e+01
1.100224e+14,4.348072e+01
1.948774e+13,7.897809e+01
9.225882e+12,7.899692e+01
3.475604e+13,3.507285e+01
4.876380e+13,3.543319e+01
4.224961e+13,3.032841e+01
3.995358e+13,4.251982e+01
1.221362e+15,8.000000e+01
2.789961e+13,7.899287e+01
1.779226e+13,7.899207e+01
1.386170e+13,7.896831e+01
3.847591e+13,3.849605e+01
1.353135e+14,7.561082e+01
2.535189e+13,2.858677e+01
9.387001e+12,7.899706e+01
1.704903e+13,7.897173e+01
7.850503e+13,3.765527e+01
1.632575e+13,7.899563e+01
1.705306e+13,6.626548e+01
4.055417e+13,2.972784e+01
4.593671e+14,8.000000e+01
9.888535e+13,5.657299e+01
1.870693e+13,7.896439e+01
1.924019e+13,7.898945e+01
7.989173e+13,3.693459e+01
7.093335e+13,6.810379e+01
4.646724e+13,5.723360e+01
7.952027e+13,4.227960e+01
1.836687e+13,7.897734e+01
6.981483e+13,3.429212e+01
1.168613e+13,7.899811e+01
3.769028e+13,7.897473e+01
1.389603e+14,8.000000e+01
1.389603e+14,8.000000e+01
2.800671e+13,3.044852e+01
4.738310e+13,3.231026e+01
4.654839e+13,3.369156e+01
1.780041e+13,7.888238e+01
1.429298e+14,5.747383e+01
1.279618e+13,4.999842e+00
3.172207e+13,7.896602e+01
9.454663e+13,4.504219e+01
1.291513e+13,7.899639e+01
1.204920e+13,7.878890e+01
4.625987e+14,8.000000e+01
6.333237e+13,4.630337e+01
3.332116e+13,3.351139e+01
8.267780e+13,7.879380e+01
1.629944e+13,7.895545e+01
2.777226e+13,7.897239e+01
4.544837e+13,3.705470e+01
2.606578e+13,3.026835e+01
9.865309e+12,4.999702e+00
2.641126e+13,7.899214e+01
1.251267e+13,7.899646e+01
6.308771e+13,7.898453e+01
3.231508e+13,2.816638e+01
1.022473e+15,7.074626e+01
3.552448e+13,7.898943e+01
3.855566e+13,3.273066e+01
1.739126e+13,7.899437e+01
1.012916e+14,5.345006e+01
3.121991e+13,3.164964e+01
1.951851e+14,8.000000e+01
9.989872e+13,5.278944e+01
3.964331e+14,7.356890e+01
1.426925e+14,8.000000e+01
1.426925e+14,8.000000e+01
1.426925e+14,8.000000e+01
1.564065e+13,7.898797e+01
6.813648e+13,3.963712e+01
1.965810e+13,7.893712e+01
6.798008e+13,4.125864e+01
1.988130e+13,4.999642e+00
1.179843e+13,7.899448e+01
9.882417e+13,4.492207e+01
3.531952e+13,7.899102e+01
2.120199e+13,4.999763e+00
3.484023e+13,3.116919e+01
3.993678e+13,3.849605e+01
2.188979e+13,7.899321e+01
1.983586e+13,7.896961e+01
2.660824e+14,8.000000e+01
4.113877e+13,6.233839e+01
3.100182e+13,7.898230e+01
2.138060e+14,8.000000e+01
2.787820e+13,7.868235e+01
1.361022e+13,7.899445e+01
3.464391e+14,6.468058e+01
9.564015e+13,7.896468e+01
4.809189e+13,5.128804e+01
3.044047e+13,3.375161e+01
2.678338e+13,4.999020e+00
1.088590e+13,7.899806e+01
2.680746e+13,7.897481e+01
1.344036e+14,7.819323e+01
1.898964e+13,7.899378e+01
1.016955e+13,7.899603e+01
4.134308e+13,3.110914e+01
4.176536e+13,3.543319e+01
3.031789e+13,7.890736e+01
1.596908e+13,7.898125e+01
3.003761e+13,7.891225e+01
7.455039e+13,6.293895e+01
3.744994e+13,3.231026e+01
7.453150e+13,4.828522e+01
1.757475e+13,7.899399e+01
1.122510e+14,6.486075e+01
1.428286e+16,8.000000e+01
1.563423e+13,7.899371e+01
7.468071e+13,6.143754e+01
1.712501e+13,7.898799e+01
2.819974e+13,7.899223e+01
1.429146e+13,7.890732e+01
4.060999e+13,7.899890e+01
4.060999e+13,7.899873e+01
1.345315e+14,4.900590e+01
6.462057e+13,5.579225e+01
1.189580e+14,4.714415e+01
2.622481e+13,2.600436e+01
3.118748e+13,3.489268e+01
2.545756e+13,7.899308e+01
4.157389e+13,3.813572e+01
1.145843e+14,4.786483e+01
1.022650e+14,8.000000e+01
1.022650e+14,8.000000e+01
2.983847e+13,2.786610e+01
3.453107e+13,7.899614e+01
1.976303e+14,8.000000e+01
1.849913e+13,7.897710e+01
2.489176e+13,7.899676e+01
5.232788e+13,4.119859e+01
1.897571e+14,7.771278e+01
1.897571e+14,7.771278e+01
5.205979e+13,7.543065e+01
2.249332e+14,8.000000e+01
1.071798e+13,7.896622e+01
7.964547e+14,6.648227e+01
4.509583e+13,3.267060e+01
1.210066e+13,7.905324e+01
2.008657e+13,7.899357e+01
2.285031e+13,4.999077e+00
1.160131e+14,8.000000e+01
3.445084e+14,5.921546e+01
2.406236e+14,8.000000e+01
2.406236e+14,8.000000e+01
2.406236e+14,8.000000e+01
3.010644e+13,3.176976e+01
2.456626e+14,8.000000e+01
2.456626e+14,8.000000e+01
3.682270e+13,3.225021e+01
1.357724e+13,7.899188e+01
3.059197e+14,8.000000e+01
1.382007e+14,4.678382e+01
1.457545e+13,7.896543e+01
5.395542e+13,4.930618e+01
3.640032e+13,7.899098e+01
2.118996e+13,7.899559e+01
5.289844e+13,4.203937e+01
2.549859e+13,2.708537e+01
3.926482e+13,3.333122e+01
2.408356e+13,7.898394e+01
6.254954e+13,3.687454e+01
1.811767e+13,7.899616e+01
9.997688e+12,5.000037e+00
1.819154e+13,7.899476e+01
2.481551e+13,3.099585e+01
1.725432e+13,7.898891e+01
3.218444e+13,3.231026e+01
1.440249e+13,7.898191e+01
3.550985e+13,7.899617e+01
9.362761e+13,8.000000e+01
8.819509e+13,3.918160e+01
1.467990e+13,7.899026e+01
5.390998e+14,8.000000e+01
1.605151e+13,7.899666e+01
4.569723e+13,4.035780e+01
1.982807e+13,7.898718e+01
3.581061e+13,3.351139e+01
8.087345e+13,4.420140e+01
2.132924e+13,7.888485e+01
2.694158e+13,7.899529e+01
1.140679e+13,7.899733e+01
1.724730e+13,7.899570e+01
4.829722e+13,3.417200e+01
8.265254e+13,6.395990e+01
1.850363e+13,7.899329e+01
1.138340e+14,8.000000e+01
1.138340e+14,8.000000e+01
5.991723e+17,8.000000e+01
1.816213e+13,7.899363e+01
1.742946e+14,8.000000e+01
1.224672e+14,8.000000e+01
1.224672e+14,8.000000e+01
2.895882e+13,3.098902e+01
2.114761e+13,6.221648e+01
1.428723e+14,5.068747e+01
1.599321e+14,5.819450e+01
1.720247e+14,6.936497e+01
1.091712e+13,7.899828e+01
5.368311e+13,3.471251e+01
2.437992e+15,8.000000e+01
6.242059e+13,5.000001e+00
6.242059e+13,5.000004e+00
6.960621e+13,7.597115e+01
2.207229e+13,7.899432e+01
4.399577e+13,3.831589e+01
1.248303e+13,7.899639e+01
4.795427e+13,5.000002e+00
4.795427e+13,6.738311e+01
1.410679e+13,7.898020e+01
1.620004e+15,8.000000e+01
1.431349e+13,7.899414e+01
3.469055e+14,6.660238e+01
1.202384e+13,7.897678e+01
3.767704e+13,6.131743e+01
3.039511e+19,8.000000e+01
3.039511e+19,8.000000e+01
3.039511e+19,8.000000e+01
3.244991e+13,3.843600e+01
4.214781e+14,8.000000e+01
5.850182e+13,7.898501e+01
7.409942e+13,4.077819e+01
1.361961e+14,7.266806e+01
1.362672e+13,7.636367e+01
3.341143e+13,2.930745e+01
2.628317e+13,2.786610e+01
3.399041e+13,3.411195e+01
3.945659e+13,2.744571e+01
6.138389e+13,5.561209e+01
1.129630e+13,7.898984e+01
5.482355e+13,3.903656e+01
1.593791e+14,7.338873e+01
8.416715e+13,4.606314e+01
8.894071e+13,6.522109e+01
1.372080e+13,7.898465e+01
3.521647e+13,3.249043e+01
5.087485e+13,5.000027e+00
5.087485e+13,5.000027e+00
2.924441e+14,8.000000e+01
2.924441e+14,8.000000e+01
4.301984e+13,3.140942e+01
1.410560e+14,6.107720e+01
2.431938e+13,7.894324e+01
3.553725e+13,3.309099e+01
2.867268e+13,2.738565e+01
1.943461e+13,7.899380e+01
1.905375e+13,4.997521e+00
2.462950e+14,8.000000e+01
4.521282e+13,4.101842e+01
2.496576e+14,6.804373e+01
7.051661e+14,8.000000e+01
7.051661e+14,8.000000e+01
4.736845e+13,4.936624e+01
3.390970e+13,3.008818e+01
3.468530e+15,8.000000e+01
3.468530e+15,8.000000e+01
1.326251e+13,7.897214e+01
5.602747e+13,4.227960e+01
4.018926e+13,7.878267e+01
4.850729e+13,4.999975e+00
4.438713e+14,8.000000e+01
1.005790e+14,6.984542e+01
8.090253e+12,7.897096e+01
9.122979e+15,8.000000e+01
4.099172e+13,7.899281e+01
3.693323e+14,8.000000e+01
3.693323e+14,8.000000e+01
7.912556e+13,4.744444e+01
6.770415e+13,4.432151e+01
1.906414e+13,7.899441e+01
2.785880e+13,1.900000e+01
2.773784e+13,6.157368e+01
3.270712e+13,3.182981e+01
2.648925e+13,7.897362e+01
2.257725e+13,2.540379e+01
2.146163e+14,5.308972e+01
1.634435e+13,7.894053e+01
3.885049e+13,3.573347e+01
3.080712e+13,3.146947e+01
4.111579e+14,6.149760e+01
2.554770e+13,7.898395e+01
3.319867e+13,2.954767e+01
5.342615e+13,4.774472e+01
3.457097e+13,3.074880e+01
1.583870e+14,7.951447e+01
1.583870e+14,7.951447e+01
1.738424e+13,7.899784e+01
2.601355e+13,2.984796e+01
2.290779e+13,7.899192e+01
5.036880e+14,8.000000e+01
5.036880e+14,8.000000e+01
1.625540e+14,8.000000e+01
4.714445e+13,3.345133e+01
3.488943e+13,3.182981e+01
3.414068e+13,7.899772e+01
1.723725e+14,5.771405e+01
2.053892e+13,7.899052e+01
2.419345e+13,7.899476e+01
1.304630e+13,7.906176e+01
4.047100e+13,3.333122e+01
2.596349e+15,8.000000e+01
2.039430e+14,8.000000e+01
2.039430e+14,8.000000e+01
1.217676e+13,7.898571e+01
2.464170e+13,7.899361e+01
3.309788e+13,5.000018e+00
3.309788e+13,7.893147e+01
3.999489e+13,7.898538e+01
1.709221e+14,8.000000e+01
1.709221e+14,8.000000e+01
3.809873e+13,3.549324e+01
4.442322e+13,4.257988e+01
2.045810e+14,8.000000e+01
2.045810e+14,8.000000e+01
1.346116e+15,8.000000e+01
1.346116e+15,8.000000e+01
2.664445e+14,8.000000e+01
1.155879e+14,4.678382e+01
1.060494e+13,7.899437e+01
1.046996e+13,7.899615e+01
2.105881e+13,2.300154e+01
3.656080e+13,3.687454e+01
4.555994e+13,3.465245e+01
1.143569e+14,7.014570e+01
1.799752e+14,8.000000e+01
3.973945e+13,4.510224e+01
1.004027e+13,1.699803e+01
3.533790e+13,2.972784e+01
1.601594e+13,7.898864e+01
2.994608e+13,2.822644e+01
1.390574e+13,7.888426e+01
1.820349e+13,7.895924e+01
5.783895e+13,3.495274e+01
1.156989e+13,7.899433e+01
7.777348e+13,7.627143e+01
7.777348e+13,7.627143e+01
6.072826e+13,6.293895e+01
3.414288e+13,7.895194e+01
1.069252e+14,4.384106e+01
4.181437e+13,7.899327e+01
3.266446e+14,8.000000e+01
3.266446e+14,8.000000e+01
4.227290e+13,3.297376e+01
2.097289e+14,7.936566e+01
2.097289e+14,8.000000e+01
2.825113e+13,7.893982e+01
2.279887e+14,6.329929e+01
1.444169e+13,2.298842e+01
2.746711e+14,6.924485e+01
6.502968e+13,2.100000e+01
1.662258e+13,7.897488e+01
1.384415e+13,7.899374e+01
2.953022e+13,2.798621e+01
2.758656e+14,7.164710e+01
1.610120e+13,7.898580e+01
3.707312e+14,8.000000e+01
2.743760e+14,5.699338e+01
6.943668e+13,7.896553e+01
3.539056e+13,2.293338e+01
1.344730e+13,7.899628e+01
2.201206e+13,2.372222e+01
3.045943e+13,2.522362e+01
1.038136e+14,5.014697e+01
2.415199e+14,6.335934e+01
3.424540e+13,3.291082e+01
1.088088e+13,7.899738e+01
4.933277e+13,3.903656e+01
1.730541e+14,6.672249e+01
5.052103e+14,8.000000e+01
5.092752e+13,4.083825e+01
1.342754e+13,7.900000e+01
1.211772e+14,5.098775e+01
5.370790e+13,6.233839e+01
1.129301e+14,6.732305e+01
1.129301e+14,6.732305e+01
1.089040e+13,7.899768e+01
1.200529e+14,8.000000e+01
3.221133e+13,2.972784e+01
1.386078e+14,6.708283e+01
3.673183e+14,8.000000e+01
1.103749e+13,7.899867e+01
4.675268e+13,3.579352e+01
1.475593e+13,7.899549e+01
1.019490e+14,4.468185e+01
4.657246e+13,4.750449e+01
4.183867e+14,6.648227e+01
2.308074e+13,7.898884e+01
1.325498e+13,7.897626e+01
1.355862e+13,7.899514e+01
2.479141e+13,5.889738e+01
1.295757e+14,8.000000e+01
4.035064e+13,7.899602e+01
2.615554e+13,7.899088e+01
2.993935e+13,2.534374e+01
3.203668e+13,3.068874e+01
3.020889e+13,3.092897e+01
1.913794e+13,7.911139e+01
1.987935e+14,5.128804e+01
3.041588e+13,3.140942e+01
2.200504e+13,7.899286e+01
5.014169e+13,4.552264e+01
7.266941e+13,7.068620e+01
4.967685e+14,8.000000e+01
2.042589e+14,6.888452e+01
1.659007e+15,7.573093e+01
1.885219e+13,7.899435e+01
5.515606e+14,8.000000e+01
2.160566e+13,7.894846e+01
5.009503e+13,3.261054e+01
1.253135e+13,7.896286e+01
4.347869e+13,2.948762e+01
1.628276e+14,4.756455e+01
3.237902e+13,7.899855e+01
4.950592e+13,5.621265e+01
4.007725e+14,8.000000e+01
4.515427e+13,5.000402e+00
4.515427e+13,5.000059e+00
3.173821e+13,7.897463e+01
2.118684e+13,7.898557e+01
1.157686e+13,7.899744e+01
5.395365e+13,4.918607e+01
1.803624e+13,5.000037e+00
9.956697e+13,6.371968e+01
2.386591e+13,4.997729e+00
8.752382e+13,4.167904e+01
1.499654e+14,6.137749e+01
8.787481e+13,7.693205e+01
2.470303e+13,7.898136e+01
6.717466e+13,5.675315e+01
4.803986e+13,7.898573e+01
1.325591e+13,7.899597e+01
5.185790e+13,4.113853e+01
3.029154e+13,7.891007e+01
3.618493e+13,3.627397e+01
1.601291e+13,7.908564e+01
1.182627e+13,4.999829e+00
1.511106e+13,7.898762e+01
1.804434e+13,7.899683e+01
3.057805e+13,2.720548e+01
1.886528e+13,7.897697e+01
2.533557e+13,7.899811e+01
1.373199e+14,8.000000e+01
1.373199e+14,8.000000e+01
1.601161e+13,7.899209e+01
7.352382e+13,4.245977e+01
2.529443e+13,7.898554e+01
2.691479e+14,8.000000e+01
2.691479e+14,8.000000e+01
1.573434e+16,8.000000e+01
1.033634e+14,7.483008e+01
1.008345e+14,6.377974e+01
1.417515e+13,7.899550e+01
2.930020e+14,8.000000e+01
2.673111e+13,7.899074e+01
1.030033e+13,7.899736e+01
5.046464e+16,8.000000e+01
1.612209e+13,7.898888e+01
3.880405e+13,3.357144e+01
3.573967e+13,4.047791e+01
1.895244e+14,7.338873e+01
1.895244e+14,7.338873e+01
1.540637e+13,7.899479e+01
5.497166e+19,8.000000e+01
5.497166e+19,8.000000e+01
5.497166e+19,8.000000e+01
6.820145e+13,6.558142e+01
1.905842e+15,8.000000e+01
1.905842e+15,8.000000e+01
1.795026e+13,7.897694e+01
3.922887e+13,7.942903e+01
1.002204e+15,8.000000e+01
7.338879e+13,6.143754e+01
7.110219e+13,3.915667e+01
2.100038e+13,7.899802e+01
3.737972e+13,7.894378e+01
8.708111e+13,5.483135e+01
1.144974e+14,4.696399e+01
6.394989e+13,3.698165e+01
6.394989e+13,4.624331e+01
2.989649e+13,4.999459e+00
2.915600e+13,2.702531e+01
6.985274e+13,4.029774e+01
3.612752e+13,3.423206e+01
1.503974e+14,5.110787e+01
2.939314e+13,7.897141e+01
8.596011e+13,6.828395e+01
8.596011e+13,6.828395e+01
3.294051e+14,8.000000e+01
1.868792e+13,7.890923e+01
1.194767e+13,7.898682e+01
1.116602e+14,6.450041e+01
5.488256e+13,3.405189e+01
8.101403e+13,3.993740e+01
1.560449e+13,7.899689e+01
1.890749e+13,7.924256e+01
6.012910e+14,8.000000e+01
6.012910e+14,8.000000e+01
3.470606e+13,4.071814e+01
3.438406e+13,3.098902e+01
1.819160e+13,7.899355e+01
3.637629e+14,8.000000e+01
1.867866e+13,7.890936e+01
4.174567e+13,5.068747e+01
4.661339e+13,3.957707e+01
1.236296e+14,7.308845e+01
1.502525e+13,7.899527e+01
1.461024e+14,6.510097e+01
1.461024e+14,6.510097e+01
1.558340e+13,7.899553e+01
6.429755e+13,4.312039e+01
1.982789e+13,7.899442e+01
3.438400e+14,8.000000e+01
3.115004e+13,2.750576e+01
4.505670e+14,8.000000e+01
4.505670e+14,8.000000e+01
4.177963e+14,8.000000e+01
4.575036e+13,4.089830e+01
5.389397e+13,5.320984e+01
1.693934e+14,5.008691e+01
4.147584e+13,3.681448e+01
9.133901e+13,4.221954e+01
1.490945e+13,7.899787e+01
9.630789e+14,8.000000e+01
1.397091e+13,7.897549e+01
2.223672e+14,8.000000e+01
2.223672e+14,8.000000e+01
2.126128e+14,8.000000e+01
2.126128e+14,8.000000e+01
2.126128e+14,8.000000e+01
5.171842e+13,5.999619e+01
5.171842e+13,5.000001e+00
9.919674e+12,7.899706e+01
8.754517e+13,5.663304e+01
8.754517e+13,5.663304e+01
1.653048e+13,7.895601e+01
1.422183e+14,4.948635e+01
4.931383e+13,4.041785e+01
2.854832e+13,7.899582e+01
6.236650e+14,8.000000e+01
2.409660e+14,8.000000e+01
4.967962e+13,7.898687e+01
5.182386e+13,3.213009e+01
2.060054e+13,2.378227e+01
1.060918e+14,5.849479e+01
1.904481e+13,7.898433e+01
4.296859e+13,4.744444e+01
9.944870e+13,8.000000e+01
9.944870e+13,8.000000e+01
1.731777e+13,7.899603e+01
3.761220e+13,4.227960e+01
1.588591e+15,8.000000e+01
1.623068e+13,7.899442e+01
1.607371e+13,7.897983e+01
3.218991e+14,8.000000e+01
3.218991e+14,8.000000e+01
3.012082e+14,7.452980e+01
1.819821e+14,8.000000e+01
1.819821e+14,8.000000e+01
2.830597e+13,7.898426e+01
2.759470e+13,2.684514e+01
1.482490e+14,5.933557e+01
1.216782e+13,7.896635e+01
5.101474e+13,3.747510e+01
3.275908e+13,2.882700e+01
2.164156e+14,6.395990e+01
1.072773e+13,7.898923e+01
1.350035e+13,7.898909e+01
3.073136e+15,8.000000e+01
4.472723e+13,3.170970e+01
8.553358e+13,6.083698e+01
8.553358e+13,6.083698e+01
3.271865e+13,3.285077e+01
1.598413e+14,8.000000e+01
1.598413e+14,8.000000e+01
1.266258e+13,7.897702e+01
2.178209e+14,6.648227e+01
2.175325e+13,2.444289e+01
9.111673e+13,4.996680e+01
1.604375e+13,7.899213e+01
5.245988e+13,4.005752e+01
8.679209e+13,6.119732e+01
2.263505e+14,8.000000e+01
5.179656e+13,3.603375e+01
1.893848e+14,5.483135e+01
2.273959e+13,7.897162e+01
2.284721e+13,2.300154e+01
5.746262e+13,3.459240e+01
1.483625e+13,7.896343e+01
1.004713e+13,7.899082e+01
2.265879e+13,2.420267e+01
1.486332e+13,7.899754e+01
7.567713e+14,8.000000e+01
2.129679e+13,4.999965e+00
7.860226e+13,6.323923e+01
4.707653e+13,7.897898e+01
1.135222e+13,7.899836e+01
2.761997e+13,3.333122e+01
1.050447e+14,5.963585e+01
2.786755e+13,7.899625e+01
1.603029e+13,4.999854e+00
1.426064e+13,7.896387e+01
1.135662e+14,5.062742e+01
4.607652e+13,3.669437e+01
1.108121e+13,7.899751e+01
7.115191e+13,6.137749e+01
1.644696e+13,7.899564e+01
1.552559e+13,7.899661e+01
1.620854e+13,7.895679e+01
4.549667e+13,3.681448e+01
2.857182e+13,5.000096e+00
9.940159e+13,6.636215e+01
4.085598e+13,3.098902e+01
2.110710e+13,2.324177e+01
1.442325e+13,4.999616e+00
2.184175e+13,7.899615e+01
1.990947e+14,8.000000e+01
1.842598e+13,7.899260e+01
1.289285e+13,7.898988e+01
1.396576e+13,7.899536e+01
2.095684e+13,7.899553e+01
6.233222e+13,4.239971e+01
6.803148e+13,7.898050e+01
6.803148e+13,4.999986e+00
4.879627e+14,8.000000e+01
2.300546e+13,7.899093e+01
1.506576e+14,5.062742e+01
1.585014e+13,4.998986e+00
3.221457e+14,6.558142e+01
2.774324e+13,7.899358e+01
4.649199e+13,4.870562e+01
7.534002e+13,7.062615e+01
1.402671e+13,7.897721e+01
1.196082e+14,5.567214e+01
3.843880e+13,3.825583e+01
5.514423e+13,4.306033e+01
4.553675e+14,8.000000e+01
3.035325e+13,3.489268e+01
3.045497e+13,4.119859e+01
1.417619e+13,7.899259e+01
3.472932e+13,3.062869e+01
2.092687e+13,7.898791e+01
1.079960e+13,7.899779e+01
9.901118e+12,7.899841e+01
1.369177e+13,7.899767e+01
2.418054e+14,8.000000e+01
3.266099e+16,8.000000e+01
3.266099e+16,8.000000e+01
1.891338e+13,7.899660e+01
1.679818e+14,7.254795e+01
3.855138e+16,6.203810e+01
1.257797e+13,4.999833e+00
1.675197e+13,4.999842e+00
2.545841e+13,2.540379e+01
1.045154e+14,7.561082e+01
9.249874e+13,4.282010e+01
2.837387e+13,2.990801e+01
8.389602e+13,4.798494e+01
4.446419e+13,4.888579e+01
8.769481e+13,4.732432e+01
2.509055e+13,7.899679e+01
2.340921e+13,7.895103e+01
5.239281e+13,7.894851e+01
1.160782e+13,7.899640e+01
9.006490e+13,4.546258e+01
6.198740e+13,3.465245e+01
1.720823e+14,5.284950e+01
1.944061e+13,7.898383e+01
8.413642e+14,8.000000e+01
9.208527e+13,4.726427e+01
2.321014e+13,5.000033e+00
2.293292e+13,2.552391e+01
2.592705e+13,7.897750e+01
3.871290e+13,3.657425e+01
9.089066e+13,4.342067e+01
5.350484e+13,7.898114e+01
2.285983e+14,8.000000e+01
2.285983e+14,8.000000e+01
2.204710e+14,8.000000e+01
1.750322e+13,7.897639e+01
1.064509e+14,8.000000e+01
1.064509e+14,8.000000e+01
5.718297e+13,3.789549e+01
1.850015e+14,8.000000e+01
1.850015e+14,8.000000e+01
2.050298e+14,7.825329e+01
6.678805e+13,3.645414e+01
8.091844e+13,4.714415e+01
4.125698e+13,3.945695e+01
1.445100e+13,4.999642e+00
2.596997e+14,8.000000e+01
3.724925e+14,8.000000e+01
2.825225e+13,2.942756e+01
6.416700e+17,8.000000e+01
6.416700e+17,8.000000e+01
1.039277e+13,7.897154e+01
1.067034e+14,4.059802e+01
2.220875e+15,8.000000e+01
2.411206e+13,2.432278e+01
2.278309e+13,2.450295e+01
1.315704e+13,7.899826e+01
1.956365e+13,7.649521e+01
1.216222e+13,7.899366e+01
1.426721e+13,4.897585e+01
2.807340e+13,7.854712e+01
4.739877e+13,4.131870e+01
1.491936e+13,7.899678e+01
7.586939e+13,3.879634e+01
3.497736e+13,3.020829e+01
1.199962e+14,8.000000e+01
2.754025e+13,4.300341e+01
1.362574e+13,7.899814e+01
1.624676e+13,7.899241e+01
3.156813e+13,7.899511e+01
5.200576e+13,4.402123e+01
1.892360e+13,7.898468e+01
1.381397e+14,8.000000e+01
1.381397e+14,8.000000e+01
1.452150e+14,6.197805e+01
2.019987e+13,7.898736e+01
8.955373e+13,6.161771e+01
2.105627e+14,8.000000e+01
1.842028e+14,8.000000e+01
7.670727e+13,3.891645e+01
3.325653e+13,2.444289e+01
1.250624e+13,7.893456e+01
7.590280e+14,8.000000e+01
2.099461e+13,2.486329e+01
5.600950e+13,4.624331e+01
9.185329e+13,4.149887e+01
9.836587e+12,7.899825e+01
5.596416e+13,5.254922e+01
1.440331e+13,7.899549e+01
8.469164e+13,4.167904e+01
2.632956e+13,2.726554e+01
9.638689e+13,6.209816e+01
1.951135e+13,7.899705e+01
3.328088e+13,3.002812e+01
1.414294e+13,7.899290e+01
1.895697e+13,7.862182e+01
9.106134e+13,8.000000e+01
9.106134e+13,8.000000e+01
2.704205e+13,7.898267e+01
3.007064e+13,2.780604e+01
2.124233e+13,4.998688e+00
4.101148e+13,4.999833e+00
1.009270e+14,6.900463e+01
1.970671e+14,7.104654e+01
