k_s_per_km,P_k_mean_km_per_s,P_k_std,P_k_err
0.000000e+00,2.639478e+00,4.002117e+01,4.002117e-01
2.513274e-03,1.521972e+00,5.660707e+00,5.660707e-02
5.026548e-03,1.249531e+00,2.824789e+00,2.824789e-02
7.539822e-03,1.089018e+00,2.234774e+00,2.234774e-02
1.005310e-02,9.406648e-01,1.819257e+00,1.819257e-02
1.256637e-02,8.461581e-01,1.614762e+00,1.614762e-02
1.507964e-02,7.450030e-01,1.425870e+00,1.425870e-02
1.759292e-02,6.358235e-01,1.129652e+00,1.129652e-02
2.010619e-02,5.763912e-01,1.027814e+00,1.027814e-02
2.261947e-02,4.952406e-01,8.397491e-01,8.397491e-03
2.513274e-02,4.332794e-01,7.132736e-01,7.132736e-03
2.764602e-02,3.804485e-01,6.284652e-01,6.284652e-03
3.015929e-02,3.325502e-01,5.387960e-01,5.387960e-03
3.267256e-02,2.822541e-01,4.452867e-01,4.452867e-03
3.518584e-02,2.509824e-01,4.035049e-01,4.035049e-03
3.769911e-02,2.190566e-01,3.566975e-01,3.566975e-03
4.021239e-02,1.975621e-01,3.248218e-01,3.248218e-03
4.272566e-02,1.726288e-01,2.723830e-01,2.723830e-03
4.523893e-02,1.500978e-01,2.335190e-01,2.335190e-03
4.775221e-02,1.310935e-01,1.986197e-01,1.986197e-03
5.026548e-02,1.144757e-01,1.774504e-01,1.774504e-03
5.277876e-02,1.038084e-01,1.636080e-01,1.636080e-03
5.529203e-02,9.280028e-02,1.437931e-01,1.437931e-03
5.780530e-02,8.113796e-02,1.242915e-01,1.242915e-03
6.031858e-02,7.224301e-02,1.100218e-01,1.100218e-03
6.283185e-02,6.463335e-02,9.680991e-02,9.680991e-04
6.534513e-02,5.814244e-02,8.869547e-02,8.869547e-04
6.785840e-02,5.131938e-02,7.795122e-02,7.795122e-04
7.037168e-02,4.587794e-02,6.966718e-02,6.966718e-04
7.288495e-02,4.214220e-02,6.673381e-02,6.673381e-04
7.539822e-02,3.688066e-02,5.611124e-02,5.611124e-04
7.791150e-02,3.259704e-02,4.892232e-02,4.892232e-04
8.042477e-02,2.957066e-02,4.418871e-02,4.418871e-04
8.293805e-02,2.567114e-02,3.790961e-02,3.790961e-04
8.545132e-02,2.377930e-02,3.569942e-02,3.569942e-04
8.796459e-02,2.122902e-02,3.108065e-02,3.108065e-04
9.047787e-02,1.859220e-02,2.757318e-02,2.757318e-04
9.299114e-02,1.728581e-02,2.531548e-02,2.531548e-04
9.550442e-02,1.542406e-02,2.266095e-02,2.266095e-04
9.801769e-02,1.376066e-02,2.071680e-02,2.071680e-04
1.005310e-01,1.254161e-02,1.909339e-02,1.909339e-04
1.030442e-01,1.104119e-02,1.667460e-02,1.667460e-04
1.055575e-01,1.000469e-02,1.591259e-02,1.591259e-04
1.080708e-01,9.035930e-03,1.319103e-02,1.319103e-04
1.105841e-01,8.081750e-03,1.181679e-02,1.181679e-04
1.130973e-01,7.239687e-03,1.076547e-02,1.076547e-04
1.156106e-01,6.439550e-03,9.472414e-03,9.472414e-05
1.181239e-01,5.814252e-03,8.726862e-03,8.726862e-05
1.206372e-01,5.174581e-03,7.792419e-03,7.792419e-05
1.231504e-01,4.770147e-03,7.220684e-03,7.220684e-05
1.256637e-01,4.236181e-03,6.529836e-03,6.529836e-05
1.281770e-01,3.718515e-03,5.524776e-03,5.524776e-05
1.306903e-01,3.373422e-03,4.980909e-03,4.980909e-05
1.332035e-01,3.067861e-03,4.656381e-03,4.656381e-05
1.357168e-01,2.758763e-03,4.140256e-03,4.140256e-05
1.382301e-01,2.543691e-03,3.943084e-03,3.943084e-05
1.407434e-01,2.226109e-03,3.455532e-03,3.455532e-05
1.432566e-01,1.990209e-03,2.997980e-03,2.997980e-05
1.457699e-01,1.797143e-03,2.704410e-03,2.704410e-05
1.482832e-01,1.634155e-03,2.554443e-03,2.554443e-05
1.507964e-01,1.458425e-03,2.274365e-03,2.274365e-05
1.533097e-01,1.329059e-03,2.078386e-03,2.078386e-05
1.558230e-01,1.191261e-03,1.884237e-03,1.884237e-05
1.583363e-01,1.078372e-03,1.743986e-03,1.743986e-05
1.608495e-01,9.768114e-04,1.588436e-03,1.588436e-05
1.633628e-01,8.873810e-04,1.442072e-03,1.442072e-05
1.658761e-01,8.015867e-04,1.291029e-03,1.291029e-05
1.683894e-01,7.138579e-04,1.199101e-03,1.199101e-05
1.709026e-01,6.494012e-04,1.106317e-03,1.106317e-05
1.734159e-01,5.897739e-04,9.805889e-04,9.805889e-06
1.759292e-01,5.277842e-04,8.929734e-04,8.929734e-06
1.784425e-01,4.802245e-04,8.429617e-04,8.429617e-06
1.809557e-01,4.201244e-04,7.615924e-04,7.615924e-06
1.834690e-01,3.877385e-04,7.084971e-04,7.084971e-06
1.859823e-01,3.562947e-04,6.456470e-04,6.456470e-06
1.884956e-01,3.214236e-04,5.973057e-04,5.973057e-06
1.910088e-01,2.933092e-04,5.647046e-04,5.647046e-06
1.935221e-01,2.696043e-04,5.285119e-04,5.285119e-06
1.960354e-01,2.383745e-04,4.683836e-04,4.683836e-06
1.985487e-01,2.172519e-04,4.463094e-04,4.463094e-06
2.010619e-01,2.014933e-04,4.292629e-04,4.292629e-06
2.035752e-01,1.836702e-04,3.932935e-04,3.932935e-06
2.060885e-01,1.659280e-04,3.580700e-04,3.580700e-06
2.086018e-01,1.526481e-04,3.401703e-04,3.401703e-06
2.111150e-01,1.397337e-04,3.185284e-04,3.185284e-06
2.136283e-01,1.266505e-04,2.972029e-04,2.972029e-06
2.161416e-01,1.149604e-04,2.821744e-04,2.821744e-06
2.186548e-01,1.014338e-04,2.479607e-04,2.479607e-06
2.211681e-01,9.555521e-05,2.382811e-04,2.382811e-06
2.236814e-01,8.809288e-05,2.240013e-04,2.240013e-06
2.261947e-01,8.026290e-05,2.041833e-04,2.041833e-06
2.287079e-01,7.295181e-05,2.010657e-04,2.010657e-06
2.312212e-01,6.580784e-05,1.782424e-04,1.782424e-06
2.337345e-01,6.153662e-05,1.751960e-04,1.751960e-06
2.362478e-01,5.504731e-05,1.660271e-04,1.660271e-06
2.387610e-01,5.044687e-05,1.556638e-04,1.556638e-06
2.412743e-01,4.637066e-05,1.452589e-04,1.452589e-06
2.437876e-01,4.293405e-05,1.371880e-04,1.371880e-06
2.463009e-01,3.792779e-05,1.254108e-04,1.254108e-06
2.488141e-01,3.605137e-05,1.191126e-04,1.191126e-06
2.513274e-01,3.218955e-05,1.111105e-04,1.111105e-06
2.538407e-01,3.018967e-05,1.060065e-04,1.060065e-06
2.563540e-01,2.809745e-05,9.916441e-05,9.916441e-07
2.588672e-01,2.591096e-05,9.665788e-05,9.665788e-07
2.613805e-01,2.369857e-05,9.245274e-05,9.245274e-07
2.638938e-01,2.231776e-05,9.082694e-05,9.082694e-07
2.664071e-01,2.068932e-05,8.622370e-05,8.622370e-07
2.689203e-01,1.927682e-05,8.356605e-05,8.356605e-07
2.714336e-01,1.757021e-05,8.016381e-05,8.016381e-07
2.739469e-01,1.669901e-05,7.536243e-05,7.536243e-07
2.764602e-01,1.535104e-05,6.668866e-05,6.668866e-07
2.789734e-01,1.438687e-05,6.514607e-05,6.514607e-07
2.814867e-01,1.314463e-05,6.045805e-05,6.045805e-07
2.840000e-01,1.209170e-05,5.648618e-05,5.648618e-07
2.865133e-01,1.139147e-05,5.485737e-05,5.485737e-07
2.890265e-01,1.087616e-05,5.670861e-05,5.670861e-07
2.915398e-01,9.943513e-06,5.231398e-05,5.231398e-07
2.940531e-01,9.128952e-06,4.901547e-05,4.901547e-07
2.965663e-01,8.679372e-06,4.812101e-05,4.812101e-07
2.990796e-01,8.041184e-06,4.706771e-05,4.706771e-07
3.015929e-01,7.614907e-06,4.573585e-05,4.573585e-07
3.041062e-01,6.911715e-06,4.345792e-05,4.345792e-07
3.066194e-01,6.406786e-06,4.149462e-05,4.149462e-07
3.091327e-01,5.962423e-06,3.979160e-05,3.979160e-07
3.116460e-01,5.515372e-06,3.734155e-05,3.734155e-07
3.141593e-01,5.177457e-06,3.482358e-05,3.482358e-07
3.166725e-01,4.821645e-06,3.360832e-05,3.360832e-07
3.191858e-01,4.520698e-06,3.135604e-05,3.135604e-07
3.216991e-01,4.192765e-06,2.955816e-05,2.955816e-07
3.242124e-01,3.949779e-06,2.848705e-05,2.848705e-07
3.267256e-01,3.689138e-06,2.635923e-05,2.635923e-07
3.292389e-01,3.510332e-06,2.555900e-05,2.555900e-07
3.317522e-01,3.351862e-06,2.505155e-05,2.505155e-07
3.342655e-01,3.192478e-06,2.501881e-05,2.501881e-07
3.367787e-01,3.040645e-06,2.445930e-05,2.445930e-07
3.392920e-01,2.868179e-06,2.337597e-05,2.337597e-07
3.418053e-01,2.697778e-06,2.235922e-05,2.235922e-07
3.443186e-01,2.583088e-06,2.138037e-05,2.138037e-07
3.468318e-01,2.408792e-06,1.971039e-05,1.971039e-07
3.493451e-01,2.312393e-06,1.943924e-05,1.943924e-07
3.518584e-01,2.138854e-06,1.790671e-05,1.790671e-07
3.543717e-01,2.014444e-06,1.707214e-05,1.707214e-07
3.568849e-01,1.883157e-06,1.635163e-05,1.635163e-07
3.593982e-01,1.784256e-06,1.600284e-05,1.600284e-07
3.619115e-01,1.751503e-06,1.611962e-05,1.611962e-07
3.644247e-01,1.607554e-06,1.478226e-05,1.478226e-07
3.669380e-01,1.562967e-06,1.460855e-05,1.460855e-07
3.694513e-01,1.469014e-06,1.372141e-05,1.372141e-07
3.719646e-01,1.409108e-06,1.328983e-05,1.328983e-07
3.744778e-01,1.332782e-06,1.297933e-05,1.297933e-07
3.769911e-01,1.297053e-06,1.287771e-05,1.287771e-07
3.795044e-01,1.214821e-06,1.219432e-05,1.219432e-07
3.820177e-01,1.151170e-06,1.137472e-05,1.137472e-07
3.845309e-01,1.092893e-06,1.092673e-05,1.092673e-07
3.870442e-01,1.027281e-06,1.031851e-05,1.031851e-07
3.895575e-01,9.765395e-07,9.972393e-06,9.972393e-08
3.920708e-01,9.223317e-07,9.591079e-06,9.591079e-08
3.945840e-01,8.761484e-07,9.271483e-06,9.271483e-08
3.970973e-01,8.286229e-07,8.819120e-06,8.819120e-08
3.996106e-01,8.025817e-07,8.589458e-06,8.589458e-08
4.021239e-01,7.764286e-07,8.340779e-06,8.340779e-08
4.046371e-01,7.437712e-07,8.062574e-06,8.062574e-08
4.071504e-01,7.167539e-07,7.932357e-06,7.932357e-08
4.096637e-01,6.966794e-07,7.857983e-06,7.857983e-08
4.121770e-01,6.693149e-07,7.588282e-06,7.588282e-08
4.146902e-01,6.476058e-07,7.342690e-06,7.342690e-08
4.172035e-01,6.117593e-07,7.144342e-06,7.144342e-08
4.197168e-01,5.836773e-07,6.803098e-06,6.803098e-08
4.222301e-01,5.580539e-07,6.507913e-06,6.507913e-08
4.247433e-01,5.236744e-07,6.114442e-06,6.114442e-08
4.272566e-01,4.939777e-07,5.702609e-06,5.702609e-08
4.297699e-01,4.678461e-07,5.508319e-06,5.508319e-08
4.322831e-01,4.485717e-07,5.331129e-06,5.331129e-08
4.347964e-01,4.238465e-07,5.093418e-06,5.093418e-08
4.373097e-01,4.038581e-07,4.847170e-06,4.847170e-08
4.398230e-01,3.845194e-07,4.708045e-06,4.708045e-08
4.423362e-01,3.740117e-07,4.498647e-06,4.498647e-08
4.448495e-01,3.592118e-07,4.379654e-06,4.379654e-08
4.473628e-01,3.472199e-07,4.329560e-06,4.329560e-08
4.498761e-01,3.367025e-07,4.270529e-06,4.270529e-08
4.523893e-01,3.232446e-07,4.135051e-06,4.135051e-08
4.549026e-01,3.140258e-07,4.079086e-06,4.079086e-08
4.574159e-01,3.014517e-07,3.947436e-06,3.947436e-08
4.599292e-01,2.897381e-07,3.744160e-06,3.744160e-08
4.624424e-01,2.765982e-07,3.660594e-06,3.660594e-08
4.649557e-01,2.642721e-07,3.480543e-06,3.480543e-08
4.674690e-01,2.520389e-07,3.348485e-06,3.348485e-08
4.699823e-01,2.375070e-07,3.180157e-06,3.180157e-08
4.724955e-01,2.255087e-07,3.018763e-06,3.018763e-08
4.750088e-01,2.169464e-07,2.908868e-06,2.908868e-08
4.775221e-01,2.067103e-07,2.826848e-06,2.826848e-08
4.800354e-01,1.982922e-07,2.699289e-06,2.699289e-08
4.825486e-01,1.928761e-07,2.662887e-06,2.662887e-08
4.850619e-01,1.855642e-07,2.596511e-06,2.596511e-08
4.875752e-01,1.787375e-07,2.505179e-06,2.505179e-08
4.900885e-01,1.730231e-07,2.411416e-06,2.411416e-08
4.926017e-01,1.636802e-07,2.303809e-06,2.303809e-08
4.951150e-01,1.584756e-07,2.225387e-06,2.225387e-08
4.976283e-01,1.517883e-07,2.146519e-06,2.146519e-08
5.001416e-01,1.466389e-07,2.080640e-06,2.080640e-08
5.026548e-01,1.399904e-07,2.002242e-06,2.002242e-08
5.051681e-01,1.348468e-07,1.922332e-06,1.922332e-08
5.076814e-01,1.293864e-07,1.886408e-06,1.886408e-08
5.101946e-01,1.226961e-07,1.775769e-06,1.775769e-08
5.127079e-01,1.184980e-07,1.762419e-06,1.762419e-08
5.152212e-01,1.144284e-07,1.697133e-06,1.697133e-08
5.177345e-01,1.115067e-07,1.674260e-06,1.674260e-08
5.202477e-01,1.077264e-07,1.638401e-06,1.638401e-08
5.227610e-01,1.030452e-07,1.564054e-06,1.564054e-08
5.252743e-01,1.011935e-07,1.554896e-06,1.554896e-08
5.277876e-01,9.645021e-08,1.491281e-06,1.491281e-08
5.303008e-01,9.257805e-08,1.445313e-06,1.445313e-08
5.328141e-01,8.846733e-08,1.383644e-06,1.383644e-08
5.353274e-01,8.523895e-08,1.338404e-06,1.338404e-08
5.378407e-01,8.220069e-08,1.296639e-06,1.296639e-08
5.403539e-01,7.789073e-08,1.227404e-06,1.227404e-08
5.428672e-01,7.467045e-08,1.197490e-06,1.197490e-08
5.453805e-01,7.108798e-08,1.128485e-06,1.128485e-08
5.478938e-01,6.861972e-08,1.100946e-06,1.100946e-08
5.504070e-01,6.559932e-08,1.050874e-06,1.050874e-08
5.529203e-01,6.390938e-08,1.022117e-06,1.022117e-08
5.554336e-01,6.122876e-08,9.765516e-07,9.765516e-09
5.579469e-01,5.899602e-08,9.489969e-07,9.489969e-09
5.604601e-01,5.786970e-08,9.288905e-07,9.288905e-09
5.629734e-01,5.606601e-08,9.147334e-07,9.147334e-09
5.654867e-01,5.363334e-08,8.731357e-07,8.731357e-09
5.680000e-01,5.271992e-08,8.653161e-07,8.653161e-09
5.705132e-01,5.077982e-08,8.259945e-07,8.259945e-09
5.730265e-01,4.912387e-08,8.045191e-07,8.045191e-09
5.755398e-01,4.738113e-08,7.804407e-07,7.804407e-09
5.780530e-01,4.508542e-08,7.438790e-07,7.438790e-09
5.805663e-01,4.316518e-08,7.120099e-07,7.120099e-09
5.830796e-01,4.175908e-08,6.968302e-07,6.968302e-09
5.855929e-01,3.986706e-08,6.734538e-07,6.734538e-09
5.881061e-01,3.859877e-08,6.588913e-07,6.588913e-09
5.906194e-01,3.663337e-08,6.294808e-07,6.294808e-09
5.931327e-01,3.522485e-08,6.102849e-07,6.102849e-09
5.956460e-01,3.392990e-08,5.934041e-07,5.934041e-09
5.981592e-01,3.261428e-08,5.728932e-07,5.728932e-09
6.006725e-01,3.186192e-08,5.643452e-07,5.643452e-09
6.031858e-01,3.049214e-08,5.402655e-07,5.402655e-09
6.056991e-01,2.976726e-08,5.303241e-07,5.303241e-09
6.082123e-01,2.874773e-08,5.113784e-07,5.113784e-09
6.107256e-01,2.786449e-08,4.974135e-07,4.974135e-09
6.132389e-01,2.710664e-08,4.778960e-07,4.778960e-09
6.157522e-01,2.599053e-08,4.607865e-07,4.607865e-09
6.182654e-01,2.547311e-08,4.531267e-07,4.531267e-09
6.207787e-01,2.458181e-08,4.383149e-07,4.383149e-09
6.232920e-01,2.362154e-08,4.207498e-07,4.207498e-09
6.258053e-01,2.290854e-08,4.132507e-07,4.132507e-09
6.283185e-01,2.210561e-08,3.978976e-07,3.978976e-09
6.308318e-01,2.139197e-08,3.839638e-07,3.839638e-09
6.333451e-01,2.056471e-08,3.718933e-07,3.718933e-09
6.358584e-01,1.979205e-08,3.609218e-07,3.609218e-09
6.383716e-01,1.907775e-08,3.491266e-07,3.491266e-09
6.408849e-01,1.823460e-08,3.370804e-07,3.370804e-09
6.433982e-01,1.750736e-08,3.251609e-07,3.251609e-09
6.459114e-01,1.701452e-08,3.216573e-07,3.216573e-09
6.484247e-01,1.627206e-08,3.061831e-07,3.061831e-09
6.509380e-01,1.559707e-08,2.958225e-07,2.958225e-09
6.534513e-01,1.531315e-08,2.914715e-07,2.914715e-09
6.559645e-01,1.476592e-08,2.818198e-07,2.818198e-09
6.584778e-01,1.435033e-08,2.732278e-07,2.732278e-09
6.609911e-01,1.394095e-08,2.652885e-07,2.652885e-09
6.635044e-01,1.355239e-08,2.593520e-07,2.593520e-09
6.660176e-01,1.319655e-08,2.528976e-07,2.528976e-09
6.685309e-01,1.278256e-08,2.437292e-07,2.437292e-09
6.710442e-01,1.242688e-08,2.377915e-07,2.377915e-09
6.735575e-01,1.210296e-08,2.326665e-07,2.326665e-09
6.760707e-01,1.163561e-08,2.247045e-07,2.247045e-09
6.785840e-01,1.119514e-08,2.171647e-07,2.171647e-09
6.810973e-01,1.080750e-08,2.116474e-07,2.116474e-09
6.836106e-01,1.037435e-08,2.047534e-07,2.047534e-09
6.861238e-01,9.924712e-09,1.961903e-07,1.961903e-09
6.886371e-01,9.437665e-09,1.896037e-07,1.896037e-09
6.911504e-01,9.052318e-09,1.819897e-07,1.819897e-09
6.936637e-01,8.752142e-09,1.766083e-07,1.766083e-09
6.961769e-01,8.407898e-09,1.696464e-07,1.696464e-09
6.986902e-01,8.129056e-09,1.659386e-07,1.659386e-09
7.012035e-01,7.925191e-09,1.611084e-07,1.611084e-09
7.037168e-01,7.727826e-09,1.568462e-07,1.568462e-09
7.062300e-01,7.524582e-09,1.528942e-07,1.528942e-09
7.087433e-01,7.343286e-09,1.494613e-07,1.494613e-09
7.112566e-01,7.154679e-09,1.445462e-07,1.445462e-09
7.137699e-01,7.017505e-09,1.412077e-07,1.412077e-09
7.162831e-01,6.838572e-09,1.391997e-07,1.391997e-09
7.187964e-01,6.574954e-09,1.338356e-07,1.338356e-09
7.213097e-01,6.422481e-09,1.313272e-07,1.313272e-09
7.238229e-01,6.139000e-09,1.264681e-07,1.264681e-09
7.263362e-01,5.979191e-09,1.235097e-07,1.235097e-09
7.288495e-01,5.748415e-09,1.195098e-07,1.195098e-09
7.313628e-01,5.500833e-09,1.157382e-07,1.157382e-09
7.338760e-01,5.347664e-09,1.127875e-07,1.127875e-09
7.363893e-01,5.108689e-09,1.079309e-07,1.079309e-09
7.389026e-01,4.906589e-09,1.036646e-07,1.036646e-09
7.414159e-01,4.751954e-09,1.020443e-07,1.020443e-09
7.439291e-01,4.577020e-09,9.811351e-08,9.811351e-10
7.464424e-01,4.487763e-09,9.670131e-08,9.670131e-10
7.489557e-01,4.344003e-09,9.398206e-08,9.398206e-10
7.514690e-01,4.199118e-09,9.098828e-08,9.098828e-10
7.539822e-01,4.111462e-09,8.940900e-08,8.940900e-10
7.564955e-01,3.965268e-09,8.603683e-08,8.603683e-10
7.590088e-01,3.875351e-09,8.419393e-08,8.419393e-10
7.615221e-01,3.743412e-09,8.171983e-08,8.171983e-10
7.640353e-01,3.647677e-09,7.977617e-08,7.977617e-10
7.665486e-01,3.516591e-09,7.644372e-08,7.644372e-10
7.690619e-01,3.411331e-09,7.533541e-08,7.533541e-10
7.715752e-01,3.305322e-09,7.335874e-08,7.335874e-10
7.740884e-01,3.206596e-09,7.088897e-08,7.088897e-10
7.766017e-01,3.117796e-09,6.901887e-08,6.901887e-10
7.791150e-01,3.021609e-09,6.727604e-08,6.727604e-10
7.816283e-01,2.917496e-09,6.511823e-08,6.511823e-10
7.841415e-01,2.820106e-09,6.270659e-08,6.270659e-10
7.866548e-01,2.748311e-09,6.150553e-08,6.150553e-10
7.891681e-01,2.666281e-09,5.928615e-08,5.928615e-10
7.916813e-01,2.580703e-09,5.734607e-08,5.734607e-10
7.941946e-01,2.518950e-09,5.669500e-08,5.669500e-10
7.967079e-01,2.443214e-09,5.440907e-08,5.440907e-10
7.992212e-01,2.371628e-09,5.356755e-08,5.356755e-10
8.017344e-01,2.297897e-09,5.193474e-08,5.193474e-10
8.042477e-01,2.255921e-09,5.037086e-08,5.037086e-10
8.067610e-01,2.168683e-09,4.958678e-08,4.958678e-10
8.092743e-01,2.115953e-09,4.775497e-08,4.775497e-10
8.117875e-01,2.059549e-09,4.693303e-08,4.693303e-10
8.143008e-01,1.996744e-09,4.582545e-08,4.582545e-10
8.168141e-01,1.931826e-09,4.375460e-08,4.375460e-10
8.193274e-01,1.905117e-09,4.330335e-08,4.330335e-10
8.218406e-01,1.845149e-09,4.209801e-08,4.209801e-10
8.243539e-01,1.787873e-09,4.084215e-08,4.084215e-10
8.268672e-01,1.756632e-09,3.979056e-08,3.979056e-10
8.293805e-01,1.695155e-09,3.874831e-08,3.874831e-10
8.318937e-01,1.653519e-09,3.762328e-08,3.762328e-10
8.344070e-01,1.599692e-09,3.595907e-08,3.595907e-10
8.369203e-01,1.560394e-09,3.558623e-08,3.558623e-10
8.394336e-01,1.506303e-09,3.435196e-08,3.435196e-10
8.419468e-01,1.459736e-09,3.316621e-08,3.316621e-10
8.444601e-01,1.425277e-09,3.266504e-08,3.266504e-10
8.469734e-01,1.371256e-09,3.123720e-08,3.123720e-10
8.494867e-01,1.354995e-09,3.118380e-08,3.118380e-10
8.519999e-01,1.319518e-09,2.996593e-08,2.996593e-10
8.545132e-01,1.286627e-09,2.931518e-08,2.931518e-10
8.570265e-01,1.256355e-09,2.885679e-08,2.885679e-10
8.595398e-01,1.245455e-09,2.808701e-08,2.808701e-10
8.620530e-01,1.221042e-09,2.717821e-08,2.717821e-10
8.645663e-01,1.177949e-09,2.623698e-08,2.623698e-10
8.670796e-01,1.182616e-09,2.651260e-08,2.651260e-10
8.695928e-01,1.139629e-09,2.495708e-08,2.495708e-10
8.721061e-01,1.129850e-09,2.476616e-08,2.476616e-10
8.746194e-01,1.104965e-09,2.421632e-08,2.421632e-10
8.771327e-01,1.068012e-09,2.307132e-08,2.307132e-10
8.796459e-01,1.047116e-09,2.280156e-08,2.280156e-10
8.821592e-01,1.020827e-09,2.230952e-08,2.230952e-10
8.846725e-01,9.904244e-10,2.148116e-08,2.148116e-10
8.871858e-01,9.624103e-10,2.115667e-08,2.115667e-10
8.896990e-01,9.350108e-10,2.030685e-08,2.030685e-10
8.922123e-01,9.199211e-10,2.007523e-08,2.007523e-10
8.947256e-01,8.891147e-10,1.922342e-08,1.922342e-10
8.972389e-01,8.688368e-10,1.867377e-08,1.867377e-10
8.997521e-01,8.528772e-10,1.850231e-08,1.850231e-10
9.022654e-01,8.344109e-10,1.794574e-08,1.794574e-10
9.047787e-01,8.140362e-10,1.728137e-08,1.728137e-10
9.072920e-01,8.063407e-10,1.729190e-08,1.729190e-10
9.098052e-01,7.809918e-10,1.642949e-08,1.642949e-10
9.123185e-01,7.726859e-10,1.634719e-08,1.634719e-10
9.148318e-01,7.562392e-10,1.597736e-08,1.597736e-10
9.173451e-01,7.381092e-10,1.537217e-08,1.537217e-10
9.198583e-01,7.321064e-10,1.541848e-08,1.541848e-10
9.223716e-01,6.995852e-10,1.424041e-08,1.424041e-10
9.248849e-01,6.982684e-10,1.447249e-08,1.447249e-10
9.273982e-01,6.703212e-10,1.394512e-08,1.394512e-10
9.299114e-01,6.616814e-10,1.351409e-08,1.351409e-10
9.324247e-01,6.454792e-10,1.309758e-08,1.309758e-10
9.349380e-01,6.219551e-10,1.269253e-08,1.269253e-10
9.374512e-01,6.222379e-10,1.270659e-08,1.270659e-10
9.399645e-01,5.918448e-10,1.195273e-08,1.195273e-10
9.424778e-01,5.924348e-10,1.192390e-08,1.192390e-10
9.449911e-01,5.755757e-10,1.164541e-08,1.164541e-10
9.475043e-01,5.715217e-10,1.137622e-08,1.137622e-10
9.500176e-01,5.535956e-10,1.099070e-08,1.099070e-10
9.525309e-01,5.486890e-10,1.083996e-08,1.083996e-10
9.550442e-01,5.427282e-10,1.069484e-08,1.069484e-10
9.575574e-01,5.345725e-10,1.019379e-08,1.019379e-10
9.600707e-01,5.176619e-10,1.015936e-08,1.015936e-10
9.625840e-01,5.074119e-10,9.764449e-09,9.764449e-11
9.650973e-01,4.993470e-10,9.624495e-09,9.624495e-11
9.676105e-01,4.770934e-10,9.310622e-09,9.310622e-11
9.701238e-01,4.759346e-10,9.054265e-09,9.054265e-11
9.726371e-01,4.622016e-10,8.864333e-09,8.864333e-11
9.751504e-01,4.554146e-10,8.701668e-09,8.701668e-11
9.776636e-01,4.436427e-10,8.404401e-09,8.404401e-11
9.801769e-01,4.320937e-10,8.156219e-09,8.156219e-11
9.826902e-01,4.221435e-10,8.039415e-09,8.039415e-11
9.852035e-01,4.148757e-10,7.798637e-09,7.798637e-11
9.877167e-01,4.035936e-10,7.671997e-09,7.671997e-11
9.902300e-01,3.897861e-10,7.394150e-09,7.394150e-11
9.927433e-01,3.873812e-10,7.204528e-09,7.204528e-11
9.952566e-01,3.848167e-10,7.207983e-09,7.207983e-11
9.977698e-01,3.701899e-10,6.828895e-09,6.828895e-11
1.000283e+00,3.681794e-10,6.841089e-09,6.841089e-11
1.002796e+00,3.573968e-10,6.637853e-09,6.637853e-11
1.005310e+00,3.510454e-10,6.386890e-09,6.386890e-11
1.007823e+00,3.440745e-10,6.408737e-09,6.408737e-11
1.010336e+00,3.373186e-10,6.065917e-09,6.065917e-11
1.012849e+00,3.324836e-10,6.117993e-09,6.117993e-11
1.015363e+00,3.222602e-10,5.875492e-09,5.875492e-11
1.017876e+00,3.198799e-10,5.756790e-09,5.756790e-11
1.020389e+00,3.056320e-10,5.651526e-09,5.651526e-11
1.022903e+00,3.028754e-10,5.499279e-09,5.499279e-11
1.025416e+00,2.928963e-10,5.290669e-09,5.290669e-11
1.027929e+00,2.902575e-10,5.226421e-09,5.226421e-11
1.030442e+00,2.836500e-10,5.187399e-09,5.187399e-11
1.032956e+00,2.749422e-10,5.078370e-09,5.078370e-11
1.035469e+00,2.690862e-10,4.929974e-09,4.929974e-11
1.037982e+00,2.682942e-10,4.825615e-09,4.825615e-11
1.040495e+00,2.608774e-10,4.762261e-09,4.762261e-11
1.043009e+00,2.577856e-10,4.726187e-09,4.726187e-11
1.045522e+00,2.550784e-10,4.572091e-09,4.572091e-11
1.048035e+00,2.507667e-10,4.658162e-09,4.658162e-11
1.050549e+00,2.486838e-10,4.582146e-09,4.582146e-11
1.053062e+00,2.445808e-10,4.503041e-09,4.503041e-11
1.055575e+00,2.390313e-10,4.481023e-09,4.481023e-11
1.058088e+00,2.371938e-10,4.426367e-09,4.426367e-11
1.060602e+00,2.352111e-10,4.481293e-09,4.481293e-11
1.063115e+00,2.296701e-10,4.447699e-09,4.447699e-11
1.065628e+00,2.265452e-10,4.425427e-09,4.425427e-11
1.068142e+00,2.230759e-10,4.422712e-09,4.422712e-11
1.070655e+00,2.176570e-10,4.384474e-09,4.384474e-11
1.073168e+00,2.144537e-10,4.376178e-09,4.376178e-11
1.075681e+00,2.091407e-10,4.346551e-09,4.346551e-11
1.078195e+00,2.048828e-10,4.364325e-09,4.364325e-11
1.080708e+00,2.025431e-10,4.343740e-09,4.343740e-11
1.083221e+00,1.980087e-10,4.347043e-09,4.347043e-11
1.085734e+00,1.903994e-10,4.321984e-09,4.321984e-11
1.088248e+00,1.886374e-10,4.263715e-09,4.263715e-11
1.090761e+00,1.848989e-10,4.277907e-09,4.277907e-11
1.093274e+00,1.797808e-10,4.197559e-09,4.197559e-11
1.095788e+00,1.762004e-10,4.227504e-09,4.227504e-11
1.098301e+00,1.732957e-10,4.133429e-09,4.133429e-11
1.100814e+00,1.692085e-10,4.114303e-09,4.114303e-11
1.103327e+00,1.656634e-10,4.042301e-09,4.042301e-11
1.105841e+00,1.606614e-10,3.970280e-09,3.970280e-11
1.108354e+00,1.573923e-10,3.922861e-09,3.922861e-11
1.110867e+00,1.531495e-10,3.855450e-09,3.855450e-11
1.113380e+00,1.485672e-10,3.768926e-09,3.768926e-11
1.115894e+00,1.432879e-10,3.647579e-09,3.647579e-11
1.118407e+00,1.401367e-10,3.596337e-09,3.596337e-11
1.120920e+00,1.350531e-10,3.505941e-09,3.505941e-11
1.123434e+00,1.307268e-10,3.381550e-09,3.381550e-11
1.125947e+00,1.272285e-10,3.275212e-09,3.275212e-11
1.128460e+00,1.210099e-10,3.161079e-09,3.161079e-11
1.130973e+00,1.173016e-10,3.066468e-09,3.066468e-11
1.133487e+00,1.139845e-10,2.928374e-09,2.928374e-11
1.136000e+00,1.106695e-10,2.844399e-09,2.844399e-11
1.138513e+00,1.066520e-10,2.713679e-09,2.713679e-11
1.141026e+00,1.042805e-10,2.644135e-09,2.644135e-11
1.143540e+00,1.016336e-10,2.547506e-09,2.547506e-11
1.146053e+00,9.730730e-11,2.445780e-09,2.445780e-11
1.148566e+00,9.371669e-11,2.325947e-09,2.325947e-11
1.151080e+00,9.060750e-11,2.253583e-09,2.253583e-11
1.153593e+00,8.830114e-11,2.182894e-09,2.182894e-11
1.156106e+00,8.569745e-11,2.101383e-09,2.101383e-11
1.158619e+00,8.281152e-11,2.046671e-09,2.046671e-11
1.161133e+00,7.985177e-11,1.948153e-09,1.948153e-11
1.163646e+00,7.704861e-11,1.895486e-09,1.895486e-11
1.166159e+00,7.463390e-11,1.834287e-09,1.834287e-11
1.168672e+00,7.243408e-11,1.846329e-09,1.846329e-11
1.171186e+00,7.016667e-11,1.746858e-09,1.746858e-11
1.173699e+00,6.783220e-11,1.731466e-09,1.731466e-11
1.176212e+00,6.522885e-11,1.693158e-09,1.693158e-11
1.178726e+00,6.362620e-11,1.673912e-09,1.673912e-11
1.181239e+00,6.137457e-11,1.631047e-09,1.631047e-11
1.183752e+00,5.971117e-11,1.611895e-09,1.611895e-11
1.186265e+00,5.819057e-11,1.618633e-09,1.618633e-11
1.188779e+00,5.686343e-11,1.593866e-09,1.593866e-11
1.191292e+00,5.484265e-11,1.583313e-09,1.583313e-11
1.193805e+00,5.416218e-11,1.579172e-09,1.579172e-11
1.196318e+00,5.334805e-11,1.581462e-09,1.581462e-11
1.198832e+00,5.193817e-11,1.583880e-09,1.583880e-11
1.201345e+00,5.105801e-11,1.569190e-09,1.569190e-11
1.203858e+00,5.095413e-11,1.593371e-09,1.593371e-11
1.206372e+00,4.954368e-11,1.590915e-09,1.590915e-11
1.208885e+00,4.916693e-11,1.610427e-09,1.610427e-11
1.211398e+00,4.854482e-11,1.610360e-09,1.610360e-11
1.213911e+00,4.823301e-11,1.624814e-09,1.624814e-11
1.216425e+00,4.766721e-11,1.635089e-09,1.635089e-11
1.218938e+00,4.732921e-11,1.647421e-09,1.647421e-11
1.221451e+00,4.686006e-11,1.664065e-09,1.664065e-11
1.223964e+00,4.642864e-11,1.679349e-09,1.679349e-11
1.226478e+00,4.650296e-11,1.692443e-09,1.692443e-11
1.228991e+00,4.572591e-11,1.689032e-09,1.689032e-11
1.231504e+00,4.610623e-11,1.723671e-09,1.723671e-11
1.234018e+00,4.591867e-11,1.725403e-09,1.725403e-11
1.236531e+00,4.624703e-11,1.738980e-09,1.738980e-11
1.239044e+00,4.565386e-11,1.741467e-09,1.741467e-11
1.241557e+00,4.625927e-11,1.765678e-09,1.765678e-11
1.244071e+00,4.622439e-11,1.769661e-09,1.769661e-11
1.246584e+00,4.626899e-11,1.779200e-09,1.779200e-11
1.249097e+00,4.608634e-11,1.784195e-09,1.784195e-11
1.251611e+00,4.664701e-11,1.797318e-09,1.797318e-11
1.254124e+00,4.653273e-11,1.802319e-09,1.802319e-11
1.256637e+00,4.665684e-11,1.807278e-09,1.807278e-11
1.259150e+00,4.658457e-11,1.814897e-09,1.814897e-11
1.261664e+00,4.693125e-11,1.825329e-09,1.825329e-11
1.264177e+00,4.674759e-11,1.829049e-09,1.829049e-11
1.266690e+00,4.685939e-11,1.833447e-09,1.833447e-11
1.269203e+00,4.668859e-11,1.840575e-09,1.840575e-11
1.271717e+00,4.680312e-11,1.850988e-09,1.850988e-11
1.274230e+00,4.680354e-11,1.860442e-09,1.860442e-11
1.276743e+00,4.679308e-11,1.869469e-09,1.869469e-11
1.279257e+00,4.682743e-11,1.879664e-09,1.879664e-11
1.281770e+00,4.696726e-11,1.896155e-09,1.896155e-11
1.284283e+00,4.691084e-11,1.908277e-09,1.908277e-11
1.286796e+00,4.685757e-11,1.921558e-09,1.921558e-11
1.289310e+00,4.711825e-11,1.940222e-09,1.940222e-11
1.291823e+00,4.712796e-11,1.965414e-09,1.965414e-11
1.294336e+00,4.740837e-11,1.987552e-09,1.987552e-11
1.296849e+00,4.744537e-11,2.011000e-09,2.011000e-11
1.299363e+00,4.783570e-11,2.037559e-09,2.037559e-11
1.301876e+00,4.786218e-11,2.062870e-09,2.062870e-11
1.304389e+00,4.806117e-11,2.089548e-09,2.089548e-11
1.306903e+00,4.801370e-11,2.112983e-09,2.112983e-11
1.309416e+00,4.819880e-11,2.141185e-09,2.141185e-11
1.311929e+00,4.829016e-11,2.164048e-09,2.164048e-11
1.314442e+00,4.838571e-11,2.187844e-09,2.187844e-11
1.316956e+00,4.829047e-11,2.207056e-09,2.207056e-11
1.319469e+00,4.812222e-11,2.225178e-09,2.225178e-11
1.321982e+00,4.797069e-11,2.238164e-09,2.238164e-11
1.324495e+00,4.773289e-11,2.249092e-09,2.249092e-11
1.327009e+00,4.750744e-11,2.253838e-09,2.253838e-11
1.329522e+00,4.718744e-11,2.255235e-09,2.255235e-11
1.332035e+00,4.670715e-11,2.251653e-09,2.251653e-11
1.334549e+00,4.627120e-11,2.244630e-09,2.244630e-11
1.337062e+00,4.570802e-11,2.231656e-09,2.231656e-11
1.339575e+00,4.527877e-11,2.215861e-09,2.215861e-11
1.342088e+00,4.446403e-11,2.191987e-09,2.191987e-11
1.344602e+00,4.381384e-11,2.162272e-09,2.162272e-11
1.347115e+00,4.292141e-11,2.125553e-09,2.125553e-11
1.349628e+00,4.205451e-11,2.084358e-09,2.084358e-11
1.352141e+00,4.113007e-11,2.037781e-09,2.037781e-11
1.354655e+00,4.016899e-11,1.986634e-09,1.986634e-11
1.357168e+00,3.910890e-11,1.929442e-09,1.929442e-11
1.359681e+00,3.792526e-11,1.867316e-09,1.867316e-11
1.362195e+00,3.685493e-11,1.800496e-09,1.800496e-11
1.364708e+00,3.558834e-11,1.730080e-09,1.730080e-11
1.367221e+00,3.448391e-11,1.656496e-09,1.656496e-11
1.369734e+00,3.316408e-11,1.579783e-09,1.579783e-11
1.372248e+00,3.203192e-11,1.500494e-09,1.500494e-11
1.374761e+00,3.069246e-11,1.419249e-09,1.419249e-11
1.377274e+00,2.954804e-11,1.338422e-09,1.338422e-11
1.379787e+00,2.827221e-11,1.257311e-09,1.257311e-11
1.382301e+00,2.711481e-11,1.177751e-09,1.177751e-11
1.384814e+00,2.596581e-11,1.098774e-09,1.098774e-11
1.387327e+00,2.484024e-11,1.022793e-09,1.022793e-11
1.389841e+00,2.374766e-11,9.489595e-10,9.489595e-12
1.392354e+00,2.266224e-11,8.807426e-10,8.807426e-12
1.394867e+00,2.172100e-11,8.169476e-10,8.169476e-12
1.397380e+00,2.072818e-11,7.601418e-10,7.601418e-12
1.399894e+00,1.986059e-11,7.073631e-10,7.073631e-12
1.402407e+00,1.899463e-11,6.632258e-10,6.632258e-12
1.404920e+00,1.822082e-11,6.232240e-10,6.232240e-12
1.407434e+00,1.746207e-11,5.919805e-10,5.919805e-12
1.409947e+00,1.680554e-11,5.652579e-10,5.652579e-12
1.412460e+00,1.626931e-11,5.482943e-10,5.482943e-12
1.414973e+00,1.571066e-11,5.332150e-10,5.332150e-12
1.417487e+00,1.529685e-11,5.251446e-10,5.251446e-12
1.420000e+00,1.486364e-11,5.178797e-10,5.178797e-12
1.422513e+00,1.465971e-11,5.172827e-10,5.172827e-12
1.425026e+00,1.438344e-11,5.168350e-10,5.168350e-12
1.427540e+00,1.432792e-11,5.202090e-10,5.202090e-12
1.430053e+00,1.417637e-11,5.227697e-10,5.227697e-12
1.432566e+00,1.424144e-11,5.284537e-10,5.284537e-12
1.435080e+00,1.427011e-11,5.341302e-10,5.341302e-12
1.437593e+00,1.444113e-11,5.409495e-10,5.409495e-12
1.440106e+00,1.455389e-11,5.469298e-10,5.469298e-12
1.442619e+00,1.478541e-11,5.536344e-10,5.536344e-12
1.445133e+00,1.500340e-11,5.604849e-10,5.604849e-12
1.447646e+00,1.525961e-11,5.666469e-10,5.666469e-12
1.450159e+00,1.551392e-11,5.722808e-10,5.722808e-12
1.452672e+00,1.575922e-11,5.767416e-10,5.767416e-12
1.455186e+00,1.602144e-11,5.812810e-10,5.812810e-12
1.457699e+00,1.621346e-11,5.837074e-10,5.837074e-12
1.460212e+00,1.646282e-11,5.862300e-10,5.862300e-12
1.462726e+00,1.662319e-11,5.869151e-10,5.869151e-12
1.465239e+00,1.684913e-11,5.885608e-10,5.885608e-12
1.467752e+00,1.696571e-11,5.887209e-10,5.887209e-12
1.470265e+00,1.716909e-11,5.902079e-10,5.902079e-12
1.472779e+00,1.728047e-11,5.906839e-10,5.906839e-12
1.475292e+00,1.748690e-11,5.935532e-10,5.935532e-12
1.477805e+00,1.760966e-11,5.972516e-10,5.972516e-12
1.480318e+00,1.788473e-11,6.051898e-10,6.051898e-12
1.482832e+00,1.809780e-11,6.155419e-10,6.155419e-12
1.485345e+00,1.848054e-11,6.318595e-10,6.318595e-12
1.487858e+00,1.880770e-11,6.530967e-10,6.530967e-12
1.490372e+00,1.935927e-11,6.830407e-10,6.830407e-12
1.492885e+00,1.988466e-11,7.209161e-10,7.209161e-12
1.495398e+00,2.062516e-11,7.695294e-10,7.695294e-12
1.497911e+00,2.137691e-11,8.282509e-10,8.282509e-12
1.500425e+00,2.232104e-11,8.992171e-10,8.992171e-12
1.502938e+00,2.333540e-11,9.817361e-10,9.817361e-12
1.505451e+00,2.448862e-11,1.076219e-09,1.076219e-11
1.507964e+00,2.574161e-11,1.181644e-09,1.181644e-11
1.510478e+00,2.708057e-11,1.297499e-09,1.297499e-11
1.512991e+00,2.853373e-11,1.422547e-09,1.422547e-11
1.515504e+00,3.002174e-11,1.555404e-09,1.555404e-11
1.518018e+00,3.160752e-11,1.694490e-09,1.694490e-11
1.520531e+00,3.320119e-11,1.837959e-09,1.837959e-11
1.523044e+00,3.485652e-11,1.984099e-09,1.984099e-11
1.525557e+00,3.646957e-11,2.130743e-09,2.130743e-11
1.528071e+00,3.809521e-11,2.276089e-09,2.276089e-11
1.530584e+00,3.965063e-11,2.417954e-09,2.417954e-11
1.533097e+00,4.118474e-11,2.554587e-09,2.554587e-11
1.535610e+00,4.260321e-11,2.683782e-09,2.683782e-11
1.538124e+00,4.394717e-11,2.804025e-09,2.804025e-11
1.540637e+00,4.515990e-11,2.913548e-09,2.913548e-11
1.543150e+00,4.626661e-11,3.011063e-09,3.011063e-11
1.545664e+00,4.719738e-11,3.095032e-09,3.095032e-11
1.548177e+00,4.801767e-11,3.164641e-09,3.164641e-11
1.550690e+00,4.863694e-11,3.218912e-09,3.218912e-11
1.553203e+00,4.914182e-11,3.257446e-09,3.257446e-11
1.555717e+00,4.940760e-11,3.279841e-09,3.279841e-11
1.558230e+00,4.957870e-11,3.286283e-09,3.286283e-11
1.560743e+00,4.949608e-11,3.276761e-09,3.276761e-11
1.563257e+00,4.933505e-11,3.251802e-09,3.251802e-11
1.565770e+00,4.891477e-11,3.212010e-09,3.212010e-11
1.568283e+00,4.843127e-11,3.158444e-09,3.158444e-11
1.570796e+00,4.771678e-11,3.092080e-09,3.092080e-11
1.573310e+00,4.694186e-11,3.014246e-09,3.014246e-11
1.575823e+00,4.597494e-11,2.926187e-09,2.926187e-11
1.578336e+00,4.495336e-11,2.829319e-09,2.829319e-11
1.580849e+00,4.379307e-11,2.725042e-09,2.725042e-11
1.583363e+00,4.257469e-11,2.614944e-09,2.614944e-11
1.585876e+00,4.128577e-11,2.500586e-09,2.500586e-11
1.588389e+00,3.993994e-11,2.383449e-09,2.383449e-11
1.590903e+00,3.858733e-11,2.264948e-09,2.264948e-11
1.593416e+00,3.718163e-11,2.146396e-09,2.146396e-11
1.595929e+00,3.582498e-11,2.029085e-09,2.029085e-11
1.598442e+00,3.442790e-11,1.914057e-09,1.914057e-11
1.600956e+00,3.311599e-11,1.802389e-09,1.802389e-11
1.603469e+00,3.178670e-11,1.694844e-09,1.694844e-11
1.605982e+00,3.056879e-11,1.592221e-09,1.592221e-11
1.608495e+00,2.935814e-11,1.494916e-09,1.494916e-11
1.611009e+00,2.825594e-11,1.403406e-09,1.403406e-11
1.613522e+00,2.719752e-11,1.317825e-09,1.317825e-11
1.616035e+00,2.623656e-11,1.238348e-09,1.238348e-11
1.618549e+00,2.533750e-11,1.164821e-09,1.164821e-11
1.621062e+00,2.452900e-11,1.097363e-09,1.097363e-11
1.623575e+00,2.379007e-11,1.035685e-09,1.035685e-11
1.626088e+00,2.313572e-11,9.796586e-10,9.796586e-12
1.628602e+00,2.254164e-11,9.290605e-10,9.290605e-12
1.631115e+00,2.203216e-11,8.840422e-10,8.840422e-12
1.633628e+00,2.156808e-11,8.445164e-10,8.445164e-12
1.636141e+00,2.119338e-11,8.106344e-10,8.106344e-12
1.638655e+00,2.083806e-11,7.822968e-10,7.822968e-12
1.641168e+00,2.057677e-11,7.598498e-10,7.598498e-12
1.643681e+00,2.031741e-11,7.431750e-10,7.431750e-12
1.646195e+00,2.014875e-11,7.322772e-10,7.322772e-12
1.648708e+00,1.996707e-11,7.268198e-10,7.268198e-12
1.651221e+00,1.987481e-11,7.265657e-10,7.265657e-12
1.653734e+00,1.976429e-11,7.306946e-10,7.306946e-12
1.656248e+00,1.972463e-11,7.383320e-10,7.383320e-12
1.658761e+00,1.967050e-11,7.483964e-10,7.483964e-12
1.661274e+00,1.966865e-11,7.599547e-10,7.599547e-12
1.663787e+00,1.965454e-11,7.719184e-10,7.719184e-12
1.666301e+00,1.967429e-11,7.833533e-10,7.833533e-12
1.668814e+00,1.968953e-11,7.934548e-10,7.934548e-12
1.671327e+00,1.971034e-11,8.015060e-10,8.015060e-12
1.673841e+00,1.972938e-11,8.070002e-10,8.070002e-12
1.676354e+00,1.973586e-11,8.096495e-10,8.096495e-12
1.678867e+00,1.974852e-11,8.093778e-10,8.093778e-12
1.681380e+00,1.972940e-11,8.061417e-10,8.061417e-12
1.683894e+00,1.971863e-11,8.001566e-10,8.001566e-12
1.686407e+00,1.966490e-11,7.916615e-10,7.916615e-12
1.688920e+00,1.962476e-11,7.811275e-10,7.811275e-12
1.691433e+00,1.953485e-11,7.690506e-10,7.690506e-12
1.693947e+00,1.946984e-11,7.561757e-10,7.561757e-12
1.696460e+00,1.935666e-11,7.431281e-10,7.431281e-12
1.698973e+00,1.927888e-11,7.307664e-10,7.307664e-12
1.701487e+00,1.916347e-11,7.199825e-10,7.199825e-12
1.704000e+00,1.910875e-11,7.117715e-10,7.117715e-12
1.706513e+00,1.902899e-11,7.068943e-10,7.068943e-12
1.709026e+00,1.902706e-11,7.062670e-10,7.062670e-12
1.711540e+00,1.902145e-11,7.105633e-10,7.105633e-12
1.714053e+00,1.911889e-11,7.204406e-10,7.204406e-12
1.716566e+00,1.923225e-11,7.361830e-10,7.361830e-12
1.719080e+00,1.946543e-11,7.580276e-10,7.580276e-12
1.721593e+00,1.973759e-11,7.859436e-10,7.859436e-12
1.724106e+00,2.014512e-11,8.199337e-10,8.199337e-12
1.726619e+00,2.060914e-11,8.596480e-10,8.596480e-12
1.729133e+00,2.119486e-11,9.048309e-10,9.048309e-12
1.731646e+00,2.185753e-11,9.551931e-10,9.551931e-12
1.734159e+00,2.262989e-11,1.010439e-09,1.010439e-11
1.736672e+00,2.348269e-11,1.070201e-09,1.070201e-11
1.739186e+00,2.441845e-11,1.134079e-09,1.134079e-11
1.741699e+00,2.542912e-11,1.201598e-09,1.201598e-11
1.744212e+00,2.648284e-11,1.272240e-09,1.272240e-11
1.746726e+00,2.759644e-11,1.345463e-09,1.345463e-11
1.749239e+00,2.872181e-11,1.420641e-09,1.420641e-11
1.751752e+00,2.988309e-11,1.497038e-09,1.497038e-11
1.754265e+00,3.101190e-11,1.573840e-09,1.573840e-11
1.756779e+00,3.214726e-11,1.650255e-09,1.650255e-11
1.759292e+00,3.321993e-11,1.725438e-09,1.725438e-11
1.761805e+00,3.426849e-11,1.798535e-09,1.798535e-11
1.764318e+00,3.522878e-11,1.868677e-09,1.868677e-11
1.766832e+00,3.613620e-11,1.934991e-09,1.934991e-11
1.769345e+00,3.693043e-11,1.996630e-09,1.996630e-11
1.771858e+00,3.765397e-11,2.052812e-09,2.052812e-11
1.774372e+00,3.824937e-11,2.102805e-09,2.102805e-11
1.776885e+00,3.876900e-11,2.145958e-09,2.145958e-11
1.779398e+00,3.915210e-11,2.181630e-09,2.181630e-11
1.781911e+00,3.945485e-11,2.209257e-09,2.209257e-11
1.784425e+00,3.961388e-11,2.228437e-09,2.228437e-11
1.786938e+00,3.970363e-11,2.238890e-09,2.238890e-11
1.789451e+00,3.965159e-11,2.240341e-09,2.240341e-11
1.791964e+00,3.953348e-11,2.232685e-09,2.232685e-11
1.794478e+00,3.928511e-11,2.216007e-09,2.216007e-11
1.796991e+00,3.897984e-11,2.190499e-09,2.190499e-11
1.799504e+00,3.855926e-11,2.156417e-09,2.156417e-11
1.802018e+00,3.808997e-11,2.114246e-09,2.114246e-11
1.804531e+00,3.753193e-11,2.064573e-09,2.064573e-11
1.807044e+00,3.692615e-11,2.008088e-09,2.008088e-11
1.809557e+00,3.625905e-11,1.945615e-09,1.945615e-11
1.812071e+00,3.555114e-11,1.878203e-09,1.878203e-11
1.814584e+00,3.481989e-11,1.806965e-09,1.806965e-11
1.817097e+00,3.404796e-11,1.733025e-09,1.733025e-11
1.819610e+00,3.328084e-11,1.657612e-09,1.657612e-11
1.822124e+00,3.248588e-11,1.582091e-09,1.582091e-11
1.824637e+00,3.172532e-11,1.507801e-09,1.507801e-11
1.827150e+00,3.093999e-11,1.435991e-09,1.435991e-11
1.829664e+00,3.021099e-11,1.367839e-09,1.367839e-11
1.832177e+00,2.946883e-11,1.304238e-09,1.304238e-11
1.834690e+00,2.878833e-11,1.245877e-09,1.245877e-11
1.837203e+00,2.810371e-11,1.193255e-09,1.193255e-11
1.839717e+00,2.748563e-11,1.146551e-09,1.146551e-11
1.842230e+00,2.686812e-11,1.105409e-09,1.105409e-11
1.844743e+00,2.630039e-11,1.069195e-09,1.069195e-11
1.847256e+00,2.573559e-11,1.037135e-09,1.037135e-11
1.849770e+00,2.520834e-11,1.008313e-09,1.008313e-11
1.852283e+00,2.468128e-11,9.817434e-10,9.817434e-12
1.854796e+00,2.417102e-11,9.565287e-10,9.565287e-12
1.857310e+00,2.365222e-11,9.317951e-10,9.317951e-12
1.859823e+00,2.312940e-11,9.068962e-10,9.068962e-12
1.862336e+00,2.259404e-11,8.815123e-10,8.815123e-12
1.864849e+00,2.204523e-11,8.554717e-10,8.554717e-12
1.867363e+00,2.147815e-11,8.286716e-10,8.286716e-12
1.869876e+00,2.088886e-11,8.011893e-10,8.011893e-12
1.872389e+00,2.027914e-11,7.732553e-10,7.732553e-12
1.874902e+00,1.965086e-11,7.451997e-10,7.451997e-12
1.877416e+00,1.900890e-11,7.173578e-10,7.173578e-12
1.879929e+00,1.835327e-11,6.899498e-10,6.899498e-12
1.882442e+00,1.769081e-11,6.632182e-10,6.632182e-12
1.884956e+00,1.702974e-11,6.374863e-10,6.374863e-12
1.887469e+00,1.637828e-11,6.129280e-10,6.129280e-12
1.889982e+00,1.573780e-11,5.895668e-10,5.895668e-12
1.892495e+00,1.512173e-11,5.674931e-10,5.674931e-12
1.895009e+00,1.453312e-11,5.468321e-10,5.468321e-12
1.897522e+00,1.398430e-11,5.275304e-10,5.275304e-12
1.900035e+00,1.346824e-11,5.095885e-10,5.095885e-12
1.902549e+00,1.300608e-11,4.931176e-10,4.931176e-12
1.905062e+00,1.258617e-11,4.781386e-10,4.781386e-12
1.907575e+00,1.222521e-11,4.647187e-10,4.647187e-12
1.910088e+00,1.191080e-11,4.530773e-10,4.530773e-12
1.912602e+00,1.166384e-11,4.434314e-10,4.434314e-12
1.915115e+00,1.146432e-11,4.359712e-10,4.359712e-12
1.917628e+00,1.133221e-11,4.309615e-10,4.309615e-12
1.920141e+00,1.124915e-11,4.287608e-10,4.287608e-12
1.922655e+00,1.123212e-11,4.297416e-10,4.297416e-12
1.925168e+00,1.126188e-11,4.342944e-10,4.342944e-12
1.927681e+00,1.135821e-11,4.429088e-10,4.429088e-12
1.930195e+00,1.150261e-11,4.559702e-10,4.559702e-12
1.932708e+00,1.171042e-11,4.737649e-10,4.737649e-12
1.935221e+00,1.196275e-11,4.965305e-10,4.965305e-12
1.937734e+00,1.227635e-11,5.244326e-10,5.244326e-12
1.940248e+00,1.263609e-11,5.574764e-10,5.574764e-12
1.942761e+00,1.305434e-11,5.955502e-10,5.955502e-12
1.945274e+00,1.351707e-11,6.383999e-10,6.383999e-12
1.947787e+00,1.403326e-11,6.856893e-10,6.856893e-12
1.950301e+00,1.459453e-11,7.370346e-10,7.370346e-12
1.952814e+00,1.520667e-11,7.920362e-10,7.920362e-12
1.955327e+00,1.586568e-11,8.502402e-10,8.502402e-12
1.957841e+00,1.656847e-11,9.111495e-10,9.111495e-12
1.960354e+00,1.731625e-11,9.742412e-10,9.742412e-12
1.962867e+00,1.809971e-11,1.039038e-09,1.039038e-11
1.965380e+00,1.892741e-11,1.105118e-09,1.105118e-11
1.967894e+00,1.978578e-11,1.172049e-09,1.172049e-11
1.970407e+00,2.068134e-11,1.239384e-09,1.239384e-11
1.972920e+00,2.159834e-11,1.306695e-09,1.306695e-11
1.975433e+00,2.254476e-11,1.373597e-09,1.373597e-11
1.977947e+00,2.350318e-11,1.439731e-09,1.439731e-11
1.980460e+00,2.447804e-11,1.504759e-09,1.504759e-11
1.982973e+00,2.545345e-11,1.568350e-09,1.568350e-11
1.985487e+00,2.642969e-11,1.630152e-09,1.630152e-11
1.988000e+00,2.739106e-11,1.689794e-09,1.689794e-11
1.990513e+00,2.833431e-11,1.746902e-09,1.746902e-11
1.993026e+00,2.924504e-11,1.801048e-09,1.801048e-11
1.995540e+00,3.011161e-11,1.851736e-09,1.851736e-11
1.998053e+00,3.092473e-11,1.898424e-09,1.898424e-11
2.000566e+00,3.166945e-11,1.940524e-09,1.940524e-11
2.003079e+00,3.233539e-11,1.977410e-09,1.977410e-11
2.005593e+00,3.290973e-11,2.008425e-09,2.008425e-11
2.008106e+00,3.338205e-11,2.032881e-09,2.032881e-11
2.010619e+00,3.373989e-11,2.050095e-09,2.050095e-11
2.013133e+00,3.397062e-11,2.059451e-09,2.059451e-11
2.015646e+00,3.407231e-11,2.060435e-09,2.060435e-11
2.018159e+00,3.403241e-11,2.052651e-09,2.052651e-11
2.020672e+00,3.385068e-11,2.035852e-09,2.035852e-11
2.023186e+00,3.351698e-11,2.009995e-09,2.009995e-11
2.025699e+00,3.304568e-11,1.975274e-09,1.975274e-11
2.028212e+00,3.242853e-11,1.932123e-09,1.932123e-11
2.030725e+00,3.168577e-11,1.881225e-09,1.881225e-11
2.033239e+00,3.081746e-11,1.823467e-09,1.823467e-11
2.035752e+00,2.984937e-11,1.759904e-09,1.759904e-11
2.038265e+00,2.878802e-11,1.691754e-09,1.691754e-11
2.040779e+00,2.766869e-11,1.620334e-09,1.620334e-11
2.043292e+00,2.650784e-11,1.546933e-09,1.546933e-11
2.045805e+00,2.533414e-11,1.472744e-09,1.472744e-11
2.048318e+00,2.417373e-11,1.398824e-09,1.398824e-11
2.050832e+00,2.305929e-11,1.326021e-09,1.326021e-11
2.053345e+00,2.201766e-11,1.254939e-09,1.254939e-11
2.055858e+00,2.107339e-11,1.186002e-09,1.186002e-11
2.058372e+00,2.025657e-11,1.119589e-09,1.119589e-11
2.060885e+00,1.958154e-11,1.056123e-09,1.056123e-11
2.063398e+00,1.907038e-11,9.962957e-10,9.962957e-12
2.065911e+00,1.872992e-11,9.413067e-10,9.413067e-12
2.068425e+00,1.857280e-11,8.929955e-10,8.929955e-12
2.070938e+00,1.859204e-11,8.538608e-10,8.538608e-12
2.073451e+00,1.878658e-11,8.268292e-10,8.268292e-12
2.075964e+00,1.913818e-11,8.146929e-10,8.146929e-12
2.078478e+00,1.963669e-11,8.192562e-10,8.192562e-12
2.080991e+00,2.025099e-11,8.406025e-10,8.406025e-12
2.083504e+00,2.096172e-11,8.769038e-10,8.769038e-12
2.086018e+00,2.173436e-11,9.247483e-10,9.247483e-12
2.088531e+00,2.254582e-11,9.798068e-10,9.798068e-12
2.091044e+00,2.335613e-11,1.037552e-09,1.037552e-11
2.093557e+00,2.414225e-11,1.093794e-09,1.093794e-11
2.096071e+00,2.487379e-11,1.144953e-09,1.144953e-11
2.098584e+00,2.553345e-11,1.188162e-09,1.188162e-11
2.101097e+00,2.609792e-11,1.221369e-09,1.221369e-11
2.103610e+00,2.656442e-11,1.243335e-09,1.243335e-11
2.106124e+00,2.692023e-11,1.253578e-09,1.253578e-11
2.108637e+00,2.717156e-11,1.252423e-09,1.252423e-11
2.111150e+00,2.732218e-11,1.240942e-09,1.240942e-11
2.113664e+00,2.738668e-11,1.220850e-09,1.220850e-11
2.116177e+00,2.738129e-11,1.194442e-09,1.194442e-11
2.118690e+00,2.732887e-11,1.164450e-09,1.164450e-11
2.121203e+00,2.725005e-11,1.133840e-09,1.133840e-11
2.123717e+00,2.717527e-11,1.105639e-09,1.105639e-11
2.126230e+00,2.712697e-11,1.082640e-09,1.082640e-11
2.128743e+00,2.712799e-11,1.067140e-09,1.067140e-11
2.131256e+00,2.720005e-11,1.060779e-09,1.060779e-11
2.133770e+00,2.735959e-11,1.064398e-09,1.064398e-11
2.136283e+00,2.762004e-11,1.078101e-09,1.078101e-11
2.138796e+00,2.798856e-11,1.101406e-09,1.101406e-11
2.141310e+00,2.846883e-11,1.133396e-09,1.133396e-11
2.143823e+00,2.905967e-11,1.173016e-09,1.173016e-11
2.146336e+00,2.975471e-11,1.219201e-09,1.219201e-11
2.148849e+00,3.053882e-11,1.270845e-09,1.270845e-11
2.151363e+00,3.139898e-11,1.326962e-09,1.326962e-11
2.153876e+00,3.231662e-11,1.386702e-09,1.386702e-11
2.156389e+00,3.327613e-11,1.449191e-09,1.449191e-11
2.158902e+00,3.425473e-11,1.513440e-09,1.513440e-11
2.161416e+00,3.523124e-11,1.578413e-09,1.578413e-11
2.163929e+00,3.618387e-11,1.643166e-09,1.643166e-11
2.166442e+00,3.710043e-11,1.706811e-09,1.706811e-11
2.168956e+00,3.795881e-11,1.768426e-09,1.768426e-11
2.171469e+00,3.875192e-11,1.827178e-09,1.827178e-11
2.173982e+00,3.946485e-11,1.882421e-09,1.882421e-11
2.176495e+00,4.009739e-11,1.933633e-09,1.933633e-11
2.179009e+00,4.063830e-11,1.980386e-09,1.980386e-11
2.181522e+00,4.109351e-11,2.022413e-09,2.022413e-11
2.184035e+00,4.145807e-11,2.059591e-09,2.059591e-11
2.186548e+00,4.174260e-11,2.091862e-09,2.091862e-11
2.189062e+00,4.194723e-11,2.119215e-09,2.119215e-11
2.191575e+00,4.208322e-11,2.141732e-09,2.141732e-11
2.194088e+00,4.215453e-11,2.159536e-09,2.159536e-11
2.196602e+00,4.217347e-11,2.172721e-09,2.172721e-11
2.199115e+00,4.214505e-11,2.181381e-09,2.181381e-11
2.201628e+00,4.207973e-11,2.185625e-09,2.185625e-11
2.204141e+00,4.198282e-11,2.185559e-09,2.185559e-11
2.206655e+00,4.186328e-11,2.181305e-09,2.181305e-11
2.209168e+00,4.172529e-11,2.173012e-09,2.173012e-11
2.211681e+00,4.157366e-11,2.160831e-09,2.160831e-11
2.214195e+00,4.140964e-11,2.144954e-09,2.144954e-11
2.216708e+00,4.123693e-11,2.125639e-09,2.125639e-11
2.219221e+00,4.105567e-11,2.103176e-09,2.103176e-11
2.221734e+00,4.086638e-11,2.077885e-09,2.077885e-11
2.224248e+00,4.066752e-11,2.050149e-09,2.050149e-11
2.226761e+00,4.045843e-11,2.020386e-09,2.020386e-11
2.229274e+00,4.023662e-11,1.988992e-09,1.988992e-11
2.231787e+00,3.999865e-11,1.956370e-09,1.956370e-11
2.234301e+00,3.974535e-11,1.922944e-09,1.922944e-11
2.236814e+00,3.947230e-11,1.889093e-09,1.889093e-11
2.239327e+00,3.917960e-11,1.855115e-09,1.855115e-11
2.241841e+00,3.886128e-11,1.821269e-09,1.821269e-11
2.244354e+00,3.852267e-11,1.787812e-09,1.787812e-11
2.246867e+00,3.815843e-11,1.754938e-09,1.754938e-11
2.249380e+00,3.777588e-11,1.722719e-09,1.722719e-11
2.251894e+00,3.736574e-11,1.691171e-09,1.691171e-11
2.254407e+00,3.693606e-11,1.660329e-09,1.660329e-11
2.256920e+00,3.648444e-11,1.630194e-09,1.630194e-11
2.259433e+00,3.602030e-11,1.600695e-09,1.600695e-11
2.261947e+00,3.553533e-11,1.571745e-09,1.571745e-11
2.264460e+00,3.504073e-11,1.543222e-09,1.543222e-11
2.266973e+00,3.452993e-11,1.515013e-09,1.515013e-11
2.269487e+00,3.401547e-11,1.487095e-09,1.487095e-11
2.272000e+00,3.349370e-11,1.459384e-09,1.459384e-11
2.274513e+00,3.296811e-11,1.431723e-09,1.431723e-11
2.277026e+00,3.243730e-11,1.404049e-09,1.404049e-11
2.279540e+00,3.190746e-11,1.376344e-09,1.376344e-11
2.282053e+00,3.137772e-11,1.348576e-09,1.348576e-11
2.284566e+00,3.084862e-11,1.320753e-09,1.320753e-11
2.287079e+00,3.032069e-11,1.292905e-09,1.292905e-11
2.289593e+00,2.979588e-11,1.265133e-09,1.265133e-11
2.292106e+00,2.927808e-11,1.237630e-09,1.237630e-11
2.294619e+00,2.876776e-11,1.210553e-09,1.210553e-11
2.297133e+00,2.826893e-11,1.184068e-09,1.184068e-11
2.299646e+00,2.777969e-11,1.158473e-09,1.158473e-11
2.302159e+00,2.730818e-11,1.134100e-09,1.134100e-11
2.304672e+00,2.685475e-11,1.111251e-09,1.111251e-11
2.307186e+00,2.642676e-11,1.090261e-09,1.090261e-11
2.309699e+00,2.602490e-11,1.071443e-09,1.071443e-11
2.312212e+00,2.565914e-11,1.055084e-09,1.055084e-11
2.314725e+00,2.533041e-11,1.041512e-09,1.041512e-11
2.317239e+00,2.504833e-11,1.031017e-09,1.031017e-11
2.319752e+00,2.481364e-11,1.023788e-09,1.023788e-11
2.322265e+00,2.463495e-11,1.019960e-09,1.019960e-11
2.324779e+00,2.451136e-11,1.019645e-09,1.019645e-11
2.327292e+00,2.445068e-11,1.022940e-09,1.022940e-11
2.329805e+00,2.445168e-11,1.029896e-09,1.029896e-11
2.332318e+00,2.451920e-11,1.040442e-09,1.040442e-11
2.334832e+00,2.464735e-11,1.054446e-09,1.054446e-11
2.337345e+00,2.484092e-11,1.071781e-09,1.071781e-11
2.339858e+00,2.509220e-11,1.092253e-09,1.092253e-11
2.342371e+00,2.540013e-11,1.115572e-09,1.115572e-11
2.344885e+00,2.575747e-11,1.141435e-09,1.141435e-11
2.347398e+00,2.616237e-11,1.169493e-09,1.169493e-11
2.349911e+00,2.660498e-11,1.199361e-09,1.199361e-11
2.352425e+00,2.708194e-11,1.230656e-09,1.230656e-11
2.354938e+00,2.758361e-11,1.262941e-09,1.262941e-11
2.357451e+00,2.810662e-11,1.295775e-09,1.295775e-11
2.359964e+00,2.864443e-11,1.328828e-09,1.328828e-11
2.362478e+00,2.919257e-11,1.361814e-09,1.361814e-11
2.364991e+00,2.974819e-11,1.394379e-09,1.394379e-11
2.367504e+00,3.030855e-11,1.426189e-09,1.426189e-11
2.370017e+00,3.087361e-11,1.457021e-09,1.457021e-11
2.372531e+00,3.144360e-11,1.486662e-09,1.486662e-11
2.375044e+00,3.202245e-11,1.514915e-09,1.514915e-11
2.377557e+00,3.261260e-11,1.541649e-09,1.541649e-11
2.380071e+00,3.322047e-11,1.566727e-09,1.566727e-11
2.382584e+00,3.384683e-11,1.590075e-09,1.590075e-11
2.385097e+00,3.450348e-11,1.611754e-09,1.611754e-11
2.387610e+00,3.519109e-11,1.631867e-09,1.631867e-11
2.390124e+00,3.591693e-11,1.650596e-09,1.650596e-11
2.392637e+00,3.668262e-11,1.668347e-09,1.668347e-11
2.395150e+00,3.749616e-11,1.685671e-09,1.685671e-11
2.397664e+00,3.835086e-11,1.703143e-09,1.703143e-11
2.400177e+00,3.925134e-11,1.721411e-09,1.721411e-11
2.402690e+00,4.018843e-11,1.741196e-09,1.741196e-11
2.405203e+00,4.115764e-11,1.763184e-09,1.763184e-11
2.407717e+00,4.214644e-11,1.787943e-09,1.787943e-11
2.410230e+00,4.314801e-11,1.815915e-09,1.815915e-11
2.412743e+00,4.414229e-11,1.847300e-09,1.847300e-11
2.415256e+00,4.511468e-11,1.881979e-09,1.881979e-11
2.417770e+00,4.604520e-11,1.919588e-09,1.919588e-11
2.420283e+00,4.691655e-11,1.959485e-09,1.959485e-11
2.422796e+00,4.770617e-11,2.000701e-09,2.000701e-11
2.425310e+00,4.839536e-11,2.042063e-09,2.042063e-11
2.427823e+00,4.896549e-11,2.082271e-09,2.082271e-11
2.430336e+00,4.939973e-11,2.119934e-09,2.119934e-11
2.432849e+00,4.968376e-11,2.153674e-09,2.153674e-11
2.435363e+00,4.980439e-11,2.182177e-09,2.182177e-11
2.437876e+00,4.975583e-11,2.204245e-09,2.204245e-11
2.440389e+00,4.953266e-11,2.218863e-09,2.218863e-11
2.442902e+00,4.913699e-11,2.225193e-09,2.225193e-11
2.445416e+00,4.857092e-11,2.222595e-09,2.222595e-11
2.447929e+00,4.784439e-11,2.210707e-09,2.210707e-11
2.450442e+00,4.696986e-11,2.189427e-09,2.189427e-11
2.452956e+00,4.596421e-11,2.158862e-09,2.158862e-11
2.455469e+00,4.484386e-11,2.119378e-09,2.119378e-11
2.457982e+00,4.363563e-11,2.071624e-09,2.071624e-11
2.460495e+00,4.236040e-11,2.016441e-09,2.016441e-11
2.463009e+00,4.104298e-11,1.954847e-09,1.954847e-11
2.465522e+00,3.970784e-11,1.888093e-09,1.888093e-11
2.468035e+00,3.838221e-11,1.817645e-09,1.817645e-11
2.470548e+00,3.708520e-11,1.745100e-09,1.745100e-11
2.473062e+00,3.584050e-11,1.672162e-09,1.672162e-11
2.475575e+00,3.466446e-11,1.600623e-09,1.600623e-11
2.478088e+00,3.357432e-11,1.532277e-09,1.532277e-11
2.480602e+00,3.257925e-11,1.468826e-09,1.468826e-11
2.483115e+00,3.169079e-11,1.411787e-09,1.411787e-11
2.485628e+00,3.091208e-11,1.362341e-09,1.362341e-11
2.488141e+00,3.024402e-11,1.321227e-09,1.321227e-11
2.490655e+00,2.968414e-11,1.288701e-09,1.288701e-11
2.493168e+00,2.923063e-11,1.264486e-09,1.264486e-11
2.495681e+00,2.887353e-11,1.247788e-09,1.247788e-11
2.498194e+00,2.860567e-11,1.237480e-09,1.237480e-11
2.500708e+00,2.841588e-11,1.232221e-09,1.232221e-11
2.503221e+00,2.829235e-11,1.230561e-09,1.230561e-11
2.505734e+00,2.822336e-11,1.231147e-09,1.231147e-11
2.508248e+00,2.819747e-11,1.232823e-09,1.232823e-11
2.510761e+00,2.820222e-11,1.234626e-09,1.234626e-11
2.513274e+00,2.822569e-11,1.235850e-09,1.235850e-11
2.515787e+00,2.825922e-11,1.236049e-09,1.236049e-11
2.518301e+00,2.829259e-11,1.234920e-09,1.234920e-11
2.520814e+00,2.831906e-11,1.232277e-09,1.232277e-11
2.523327e+00,2.832771e-11,1.228028e-09,1.228028e-11
2.525840e+00,2.831449e-11,1.222140e-09,1.222140e-11
2.528354e+00,2.827275e-11,1.214579e-09,1.214579e-11
2.530867e+00,2.819610e-11,1.205260e-09,1.205260e-11
2.533380e+00,2.808092e-11,1.194137e-09,1.194137e-11
2.535894e+00,2.792690e-11,1.181230e-09,1.181230e-11
2.538407e+00,2.772847e-11,1.166454e-09,1.166454e-11
2.540920e+00,2.748392e-11,1.149633e-09,1.149633e-11
2.543433e+00,2.719063e-11,1.130716e-09,1.130716e-11
2.545947e+00,2.685128e-11,1.109772e-09,1.109772e-11
2.548460e+00,2.646590e-11,1.086838e-09,1.086838e-11
2.550973e+00,2.603833e-11,1.061970e-09,1.061970e-11
2.553487e+00,2.557113e-11,1.035370e-09,1.035370e-11
2.556000e+00,2.507133e-11,1.007316e-09,1.007316e-11
2.558513e+00,2.454695e-11,9.781233e-10,9.781233e-12
2.561026e+00,2.400742e-11,9.482170e-10,9.482170e-12
2.563540e+00,2.346180e-11,9.181588e-10,9.181588e-12
2.566053e+00,2.292411e-11,8.886006e-10,8.886006e-12
2.568566e+00,2.240729e-11,8.603151e-10,8.603151e-12
2.571079e+00,2.192567e-11,8.342476e-10,8.342476e-12
2.573593e+00,2.149530e-11,8.114529e-10,8.114529e-12
2.576106e+00,2.112971e-11,7.930218e-10,7.930218e-12
2.578619e+00,2.084093e-11,7.800959e-10,7.800959e-12
2.581133e+00,2.064315e-11,7.738535e-10,7.738535e-12
2.583646e+00,2.054858e-11,7.753620e-10,7.753620e-12
2.586159e+00,2.056574e-11,7.854707e-10,7.854707e-12
2.588672e+00,2.070192e-11,8.048037e-10,8.048037e-12
2.591186e+00,2.096126e-11,8.336811e-10,8.336811e-12
2.593699e+00,2.134529e-11,8.720902e-10,8.720902e-12
2.596212e+00,2.185302e-11,9.197775e-10,9.197775e-12
2.598725e+00,2.248101e-11,9.763001e-10,9.763001e-12
2.601239e+00,2.322341e-11,1.041015e-09,1.041015e-11
2.603752e+00,2.407018e-11,1.113137e-09,1.113137e-11
2.606265e+00,2.500945e-11,1.191845e-09,1.191845e-11
2.608779e+00,2.603186e-11,1.276282e-09,1.276282e-11
2.611292e+00,2.712373e-11,1.365539e-09,1.365539e-11
2.613805e+00,2.827132e-11,1.458665e-09,1.458665e-11
2.616318e+00,2.945813e-11,1.554667e-09,1.554667e-11
2.618832e+00,3.066852e-11,1.652541e-09,1.652541e-11
2.621345e+00,3.188863e-11,1.751352e-09,1.751352e-11
2.623858e+00,3.310746e-11,1.850227e-09,1.850227e-11
2.626371e+00,3.431199e-11,1.948299e-09,1.948299e-11
2.628885e+00,3.548977e-11,2.044723e-09,2.044723e-11
2.631398e+00,3.663132e-11,2.138716e-09,2.138716e-11
2.633911e+00,3.772862e-11,2.229549e-09,2.229549e-11
2.636425e+00,3.877149e-11,2.316560e-09,2.316560e-11
2.638938e+00,3.975557e-11,2.399133e-09,2.399133e-11
2.641451e+00,4.067743e-11,2.476644e-09,2.476644e-11
2.643964e+00,4.153086e-11,2.548464e-09,2.548464e-11
2.646478e+00,4.230997e-11,2.613999e-09,2.613999e-11
2.648991e+00,4.301491e-11,2.672688e-09,2.672688e-11
2.651504e+00,4.364079e-11,2.723961e-09,2.723961e-11
2.654017e+00,4.418371e-11,2.767248e-09,2.767248e-11
2.656531e+00,4.464007e-11,2.802014e-09,2.802014e-11
2.659044e+00,4.500648e-11,2.827783e-09,2.827783e-11
2.661557e+00,4.527980e-11,2.844139e-09,2.844139e-11
2.664071e+00,4.545295e-11,2.850723e-09,2.850723e-11
2.666584e+00,4.551932e-11,2.847279e-09,2.847279e-11
2.669097e+00,4.547565e-11,2.833669e-09,2.833669e-11
2.671610e+00,4.531630e-11,2.809856e-09,2.809856e-11
2.674124e+00,4.503307e-11,2.775896e-09,2.775896e-11
2.676637e+00,4.462137e-11,2.731963e-09,2.731963e-11
2.679150e+00,4.407679e-11,2.678319e-09,2.678319e-11
2.681663e+00,4.339560e-11,2.615323e-09,2.615323e-11
2.684177e+00,4.257755e-11,2.543461e-09,2.543461e-11
2.686690e+00,4.162386e-11,2.463321e-09,2.463321e-11
2.689203e+00,4.053938e-11,2.375586e-09,2.375586e-11
2.691717e+00,3.933130e-11,2.281031e-09,2.281031e-11
2.694230e+00,3.801102e-11,2.180523e-09,2.180523e-11
2.696743e+00,3.659508e-11,2.075052e-09,2.075052e-11
2.699256e+00,3.509995e-11,1.965722e-09,1.965722e-11
2.701770e+00,3.354793e-11,1.853726e-09,1.853726e-11
2.704283e+00,3.196544e-11,1.740326e-09,1.740326e-11
2.706796e+00,3.038005e-11,1.626798e-09,1.626798e-11
2.709310e+00,2.882007e-11,1.514448e-09,1.514448e-11
2.711823e+00,2.731543e-11,1.404620e-09,1.404620e-11
2.714336e+00,2.589316e-11,1.298656e-09,1.298656e-11
2.716849e+00,2.458039e-11,1.198010e-09,1.198010e-11
2.719363e+00,2.340131e-11,1.104409e-09,1.104409e-11
2.721876e+00,2.237706e-11,1.019923e-09,1.019923e-11
2.724389e+00,2.152095e-11,9.470958e-10,9.470958e-12
2.726902e+00,2.084201e-11,8.890071e-10,8.890071e-12
2.729416e+00,2.034339e-11,8.489753e-10,8.489753e-12
2.731929e+00,2.002144e-11,8.298166e-10,8.298166e-12
2.734442e+00,1.986416e-11,8.328737e-10,8.328737e-12
2.736956e+00,1.985741e-11,8.572935e-10,8.572935e-12
2.739469e+00,1.997999e-11,8.999248e-10,8.999248e-12
2.741982e+00,2.020546e-11,9.559809e-10,9.559809e-12
2.744495e+00,2.050545e-11,1.020057e-09,1.020057e-11
2.747009e+00,2.084954e-11,1.086853e-09,1.086853e-11
2.749522e+00,2.120774e-11,1.151526e-09,1.151526e-11
2.752035e+00,2.155038e-11,1.209891e-09,1.209891e-11
2.754548e+00,2.185022e-11,1.258530e-09,1.258530e-11
2.757062e+00,2.208554e-11,1.294825e-09,1.294825e-11
2.759575e+00,2.223932e-11,1.316950e-09,1.316950e-11
2.762088e+00,2.229877e-11,1.323889e-09,1.323889e-11
2.764602e+00,2.225799e-11,1.315459e-09,1.315459e-11
2.767115e+00,2.211795e-11,1.292294e-09,1.292294e-11
2.769628e+00,2.188611e-11,1.255784e-09,1.255784e-11
2.772141e+00,2.157464e-11,1.208026e-09,1.208026e-11
2.774655e+00,2.120127e-11,1.151734e-09,1.151734e-11
2.777168e+00,2.078623e-11,1.090102e-09,1.090102e-11
2.779681e+00,2.035421e-11,1.026650e-09,1.026650e-11
2.782194e+00,1.993062e-11,9.650141e-10,9.650141e-12
2.784708e+00,1.953994e-11,9.086639e-10,9.086639e-12
2.787221e+00,1.920549e-11,8.605798e-10,8.605798e-12
2.789734e+00,1.894860e-11,8.229228e-10,8.229228e-12
2.792248e+00,1.878681e-11,7.967574e-10,7.967574e-12
2.794761e+00,1.873444e-11,7.820118e-10,7.820118e-12
2.797274e+00,1.880082e-11,7.777097e-10,7.777097e-12
2.799787e+00,1.898835e-11,7.823332e-10,7.823332e-12
2.802301e+00,1.929388e-11,7.942404e-10,7.942404e-12
2.804814e+00,1.971105e-11,8.120037e-10,8.120037e-12
2.807327e+00,2.022707e-11,8.345195e-10,8.345195e-12
2.809840e+00,2.082727e-11,8.609575e-10,8.609575e-12
2.812354e+00,2.149282e-11,8.906589e-10,8.906589e-12
2.814867e+00,2.220189e-11,9.230189e-10,9.230189e-12
2.817380e+00,2.293140e-11,9.573817e-10,9.573817e-12
2.819894e+00,2.365805e-11,9.929829e-10,9.929829e-12
2.822407e+00,2.436054e-11,1.028997e-09,1.028997e-11
2.824920e+00,2.501978e-11,1.064626e-09,1.064626e-11
2.827433e+00,2.561683e-11,1.099170e-09,1.099170e-11
2.829947e+00,2.613746e-11,1.132132e-09,1.132132e-11
2.832460e+00,2.656959e-11,1.163283e-09,1.163283e-11
2.834973e+00,2.690648e-11,1.192702e-09,1.192702e-11
2.837486e+00,2.714613e-11,1.220763e-09,1.220763e-11
2.840000e+00,2.728959e-11,1.248086e-09,1.248086e-11
2.842513e+00,2.734265e-11,1.275420e-09,1.275420e-11
2.845026e+00,2.731219e-11,1.303514e-09,1.303514e-11
2.847540e+00,2.721077e-11,1.333032e-09,1.333032e-11
2.850053e+00,2.705303e-11,1.364421e-09,1.364421e-11
2.852566e+00,2.685293e-11,1.397813e-09,1.397813e-11
2.855079e+00,2.662745e-11,1.433023e-09,1.433023e-11
2.857593e+00,2.639348e-11,1.469539e-09,1.469539e-11
2.860106e+00,2.616494e-11,1.506594e-09,1.506594e-11
2.862619e+00,2.595645e-11,1.543317e-09,1.543317e-11
2.865133e+00,2.578104e-11,1.578805e-09,1.578805e-11
2.867646e+00,2.564965e-11,1.612192e-09,1.612192e-11
2.870159e+00,2.556750e-11,1.642718e-09,1.642718e-11
2.872672e+00,2.553835e-11,1.669789e-09,1.669789e-11
2.875186e+00,2.556302e-11,1.693012e-09,1.693012e-11
2.877699e+00,2.563882e-11,1.712166e-09,1.712166e-11
2.880212e+00,2.576103e-11,1.727172e-09,1.727172e-11
2.882725e+00,2.592137e-11,1.738055e-09,1.738055e-11
2.885239e+00,2.611054e-11,1.744906e-09,1.744906e-11
2.887752e+00,2.631982e-11,1.747838e-09,1.747838e-11
2.890265e+00,2.653618e-11,1.746935e-09,1.746935e-11
2.892779e+00,2.674841e-11,1.742232e-09,1.742232e-11
2.895292e+00,2.694645e-11,1.733716e-09,1.733716e-11
2.897805e+00,2.712014e-11,1.721333e-09,1.721333e-11
2.900318e+00,2.726141e-11,1.704991e-09,1.704991e-11
2.902832e+00,2.736233e-11,1.684592e-09,1.684592e-11
2.905345e+00,2.741774e-11,1.660078e-09,1.660078e-11
2.907858e+00,2.742567e-11,1.631439e-09,1.631439e-11
2.910371e+00,2.738324e-11,1.598707e-09,1.598707e-11
2.912885e+00,2.729098e-11,1.561999e-09,1.561999e-11
2.915398e+00,2.715014e-11,1.521507e-09,1.521507e-11
2.917911e+00,2.696279e-11,1.477481e-09,1.477481e-11
2.920425e+00,2.673252e-11,1.430252e-09,1.430252e-11
2.922938e+00,2.646112e-11,1.380214e-09,1.380214e-11
2.925451e+00,2.615211e-11,1.327809e-09,1.327809e-11
2.927964e+00,2.580997e-11,1.273532e-09,1.273532e-11
2.930478e+00,2.543688e-11,1.217911e-09,1.217911e-11
2.932991e+00,2.503556e-11,1.161514e-09,1.161514e-11
2.935504e+00,2.460878e-11,1.104939e-09,1.104939e-11
2.938017e+00,2.415683e-11,1.048805e-09,1.048805e-11
2.940531e+00,2.368259e-11,9.937646e-10,9.937646e-12
2.943044e+00,2.318875e-11,9.404715e-10,9.404715e-12
2.945557e+00,2.267696e-11,8.895377e-10,8.895377e-12
2.948071e+00,2.215001e-11,8.415532e-10,8.415532e-12
2.950584e+00,2.161155e-11,7.970391e-10,7.970391e-12
2.953097e+00,2.106525e-11,7.563766e-10,7.563766e-12
2.955610e+00,2.051719e-11,7.198337e-10,7.198337e-12
2.958124e+00,1.997540e-11,6.875775e-10,6.875775e-12
2.960637e+00,1.944851e-11,6.595846e-10,6.595846e-12
2.963150e+00,1.894281e-11,6.356551e-10,6.356551e-12
2.965663e+00,1.846891e-11,6.155329e-10,6.155329e-12
2.968177e+00,1.803728e-11,5.989002e-10,5.989002e-12
2.970690e+00,1.765483e-11,5.853855e-10,5.853855e-12
2.973203e+00,1.733015e-11,5.747093e-10,5.747093e-12
2.975717e+00,1.707354e-11,5.667376e-10,5.667376e-12
2.978230e+00,1.689029e-11,5.614198e-10,5.614198e-12
2.980743e+00,1.678360e-11,5.588278e-10,5.588278e-12
2.983256e+00,1.675617e-11,5.592093e-10,5.592093e-12
2.985770e+00,1.680837e-11,5.628952e-10,5.628952e-12
2.988283e+00,1.693777e-11,5.702668e-10,5.702668e-12
2.990796e+00,1.714195e-11,5.816722e-10,5.816722e-12
2.993309e+00,1.741342e-11,5.972068e-10,5.972068e-12
2.995823e+00,1.774156e-11,6.167790e-10,6.167790e-12
2.998336e+00,1.811915e-11,6.401680e-10,6.401680e-12
3.000849e+00,1.853583e-11,6.668258e-10,6.668258e-12
3.003363e+00,1.897939e-11,6.959526e-10,6.959526e-12
3.005876e+00,1.943892e-11,7.266522e-10,7.266522e-12
3.008389e+00,1.990294e-11,7.579032e-10,7.579032e-12
3.010902e+00,2.036053e-11,7.886566e-10,7.886566e-12
3.013416e+00,2.080455e-11,8.179555e-10,8.179555e-12
3.015929e+00,2.122833e-11,8.449410e-10,8.449410e-12
3.018442e+00,2.162613e-11,8.688791e-10,8.688791e-12
3.020955e+00,2.199469e-11,8.892560e-10,8.892560e-12
3.023469e+00,2.233514e-11,9.058566e-10,9.058566e-12
3.025982e+00,2.264910e-11,9.187384e-10,9.187384e-12
3.028495e+00,2.293968e-11,9.282574e-10,9.282574e-12
3.031009e+00,2.321426e-11,9.351634e-10,9.351634e-12
3.033522e+00,2.348127e-11,9.405620e-10,9.405620e-12
3.036035e+00,2.374865e-11,9.458788e-10,9.458788e-12
3.038548e+00,2.402777e-11,9.528670e-10,9.528670e-12
3.041062e+00,2.432896e-11,9.634768e-10,9.634768e-12
3.043575e+00,2.466277e-11,9.796928e-10,9.796928e-12
3.046088e+00,2.504150e-11,1.003365e-09,1.003365e-11
3.048602e+00,2.547290e-11,1.035976e-09,1.035976e-11
3.051115e+00,2.596404e-11,1.078497e-09,1.078497e-11
3.053628e+00,2.652307e-11,1.131315e-09,1.131315e-11
3.056141e+00,2.715365e-11,1.194214e-09,1.194214e-11
3.058655e+00,2.785828e-11,1.266461e-09,1.266461e-11
3.061168e+00,2.863630e-11,1.346918e-09,1.346918e-11
3.063681e+00,2.948294e-11,1.434173e-09,1.434173e-11
3.066194e+00,3.039314e-11,1.526703e-09,1.526703e-11
3.068708e+00,3.136108e-11,1.622964e-09,1.622964e-11
3.071221e+00,3.237646e-11,1.721406e-09,1.721406e-11
3.073734e+00,3.342619e-11,1.820486e-09,1.820486e-11
3.076248e+00,3.449652e-11,1.918720e-09,1.918720e-11
3.078761e+00,3.557160e-11,2.014748e-09,2.014748e-11
3.081274e+00,3.663599e-11,2.107326e-09,2.107326e-11
3.083787e+00,3.767386e-11,2.195265e-09,2.195265e-11
3.086301e+00,3.866813e-11,2.277457e-09,2.277457e-11
3.088814e+00,3.960389e-11,2.352943e-09,2.352943e-11
3.091327e+00,4.046781e-11,2.420919e-09,2.420919e-11
3.093840e+00,4.124548e-11,2.480689e-09,2.480689e-11
3.096354e+00,4.192487e-11,2.531655e-09,2.531655e-11
3.098867e+00,4.249537e-11,2.573365e-09,2.573365e-11
3.101380e+00,4.295028e-11,2.605553e-09,2.605553e-11
3.103894e+00,4.328501e-11,2.628099e-09,2.628099e-11
3.106407e+00,4.349554e-11,2.641009e-09,2.641009e-11
3.108920e+00,4.358155e-11,2.644455e-09,2.644455e-11
3.111433e+00,4.354422e-11,2.638733e-09,2.638733e-11
3.113947e+00,4.338607e-11,2.624239e-09,2.624239e-11
3.116460e+00,4.311347e-11,2.601490e-09,2.601490e-11
3.118973e+00,4.273282e-11,2.571117e-09,2.571117e-11
3.121486e+00,4.225150e-11,2.533835e-09,2.533835e-11
3.124000e+00,4.167916e-11,2.490390e-09,2.490390e-11
3.126513e+00,4.102448e-11,2.441528e-09,2.441528e-11
3.129026e+00,4.029710e-11,2.388027e-09,2.388027e-11
3.131540e+00,3.950745e-11,2.330675e-09,2.330675e-11
3.134053e+00,3.866374e-11,2.270202e-09,2.270202e-11
3.136566e+00,3.777450e-11,2.207290e-09,2.207290e-11
3.139079e+00,3.684961e-11,2.142599e-09,2.142599e-11
3.141593e+00,3.589735e-11,2.076712e-09,2.076712e-11
3.144106e+00,3.492300e-11,2.010112e-09,2.010112e-11
3.146619e+00,3.393353e-11,1.943216e-09,1.943216e-11
3.149132e+00,3.293531e-11,1.876381e-09,1.876381e-11
3.151646e+00,3.193335e-11,1.809893e-09,1.809893e-11
3.154159e+00,3.093362e-11,1.743980e-09,1.743980e-11
3.156672e+00,2.993951e-11,1.678819e-09,1.678819e-11
3.159186e+00,2.895555e-11,1.614567e-09,1.614567e-11
3.161699e+00,2.798873e-11,1.551367e-09,1.551367e-11
3.164212e+00,2.704299e-11,1.489318e-09,1.489318e-11
3.166725e+00,2.612182e-11,1.428525e-09,1.428525e-11
3.169239e+00,2.523200e-11,1.369117e-09,1.369117e-11
3.171752e+00,2.437902e-11,1.311210e-09,1.311210e-11
3.174265e+00,2.356655e-11,1.254927e-09,1.254927e-11
3.176778e+00,2.280005e-11,1.200431e-09,1.200431e-11
3.179292e+00,2.208459e-11,1.147907e-09,1.147907e-11
3.181805e+00,2.142338e-11,1.097566e-09,1.097566e-11
3.184318e+00,2.082069e-11,1.049655e-09,1.049655e-11
3.186832e+00,2.027836e-11,1.004433e-09,1.004433e-11
3.189345e+00,1.979651e-11,9.621670e-10,9.621670e-12
3.191858e+00,1.937495e-11,9.231684e-10,9.231684e-12
3.194371e+00,1.901142e-11,8.877453e-10,8.877453e-12
3.196885e+00,1.870189e-11,8.561363e-10,8.561363e-12
3.199398e+00,1.844115e-11,8.285436e-10,8.285436e-12
3.201911e+00,1.822397e-11,8.051092e-10,8.051092e-12
3.204425e+00,1.804283e-11,7.857974e-10,7.857974e-12
3.206938e+00,1.788839e-11,7.704005e-10,7.704005e-12
3.209451e+00,1.775230e-11,7.585843e-10,7.585843e-12
3.211964e+00,1.762623e-11,7.498844e-10,7.498844e-12
3.214478e+00,1.750147e-11,7.437080e-10,7.437080e-12
3.216991e+00,1.736928e-11,7.393661e-10,7.393661e-12
3.219504e+00,1.722443e-11,7.362138e-10,7.362138e-12
3.222017e+00,1.706241e-11,7.336995e-10,7.336995e-12
3.224531e+00,1.687916e-11,7.312941e-10,7.312941e-12
3.227044e+00,1.667341e-11,7.285639e-10,7.285639e-12
3.229557e+00,1.644654e-11,7.252344e-10,7.252344e-12
3.232071e+00,1.620045e-11,7.211515e-10,7.211515e-12
3.234584e+00,1.593900e-11,7.162422e-10,7.162422e-12
3.237097e+00,1.566980e-11,7.104925e-10,7.104925e-12
3.239610e+00,1.539991e-11,7.039900e-10,7.039900e-12
3.242124e+00,1.513787e-11,6.968811e-10,6.968811e-12
3.244637e+00,1.489382e-11,6.892846e-10,6.892846e-12
3.247150e+00,1.467680e-11,6.813513e-10,6.813513e-12
3.249663e+00,1.449607e-11,6.732472e-10,6.732472e-12
3.252177e+00,1.436098e-11,6.651249e-10,6.651249e-12
3.254690e+00,1.428017e-11,6.572277e-10,6.572277e-12
3.257203e+00,1.425962e-11,6.498663e-10,6.498663e-12
3.259717e+00,1.430422e-11,6.433831e-10,6.433831e-12
3.262230e+00,1.441823e-11,6.382552e-10,6.382552e-12
3.264743e+00,1.460405e-11,6.350779e-10,6.350779e-12
3.267256e+00,1.486271e-11,6.344871e-10,6.344871e-12
3.269770e+00,1.519223e-11,6.371988e-10,6.371988e-12
3.272283e+00,1.559091e-11,6.439720e-10,6.439720e-12
3.274796e+00,1.605522e-11,6.555312e-10,6.555312e-12
3.277309e+00,1.658135e-11,6.725800e-10,6.725800e-12
3.279823e+00,1.716552e-11,6.957335e-10,6.957335e-12
3.282336e+00,1.780175e-11,7.254643e-10,7.254643e-12
3.284849e+00,1.848573e-11,7.621673e-10,7.621673e-12
3.287363e+00,1.921378e-11,8.061482e-10,8.061482e-12
3.289876e+00,1.998121e-11,8.575861e-10,8.575861e-12
3.292389e+00,2.078451e-11,9.165615e-10,9.165615e-12
3.294902e+00,2.162057e-11,9.830553e-10,9.830553e-12
3.297416e+00,2.248654e-11,1.056908e-09,1.056908e-11
3.299929e+00,2.338028e-11,1.137813e-09,1.137813e-11
3.302442e+00,2.429966e-11,1.225311e-09,1.225311e-11
3.304955e+00,2.524311e-11,1.318755e-09,1.318755e-11
3.307469e+00,2.620731e-11,1.417276e-09,1.417276e-11
3.309982e+00,2.718741e-11,1.519814e-09,1.519814e-11
3.312495e+00,2.818034e-11,1.625146e-09,1.625146e-11
3.315009e+00,2.918058e-11,1.731892e-09,1.731892e-11
3.317522e+00,3.018085e-11,1.838538e-09,1.838538e-11
3.320035e+00,3.117394e-11,1.943482e-09,1.943482e-11
3.322548e+00,3.215024e-11,2.045070e-09,2.045070e-11
3.325062e+00,3.309875e-11,2.141648e-09,2.141648e-11
3.327575e+00,3.400748e-11,2.231600e-09,2.231600e-11
3.330088e+00,3.486451e-11,2.313383e-09,2.313383e-11
3.332601e+00,3.565619e-11,2.385566e-09,2.385566e-11
3.335115e+00,3.636942e-11,2.446876e-09,2.446876e-11
3.337628e+00,3.699304e-11,2.496241e-09,2.496241e-11
3.340141e+00,3.751540e-11,2.532794e-09,2.532794e-11
3.342655e+00,3.792624e-11,2.555893e-09,2.555893e-11
3.345168e+00,3.821775e-11,2.565150e-09,2.565150e-11
3.347681e+00,3.838484e-11,2.560471e-09,2.560471e-11
3.350194e+00,3.842630e-11,2.542024e-09,2.542024e-11
3.352708e+00,3.834306e-11,2.510226e-09,2.510226e-11
3.355221e+00,3.813724e-11,2.465746e-09,2.465746e-11
3.357734e+00,3.781497e-11,2.409515e-09,2.409515e-11
3.360248e+00,3.738684e-11,2.342696e-09,2.342696e-11
3.362761e+00,3.686378e-11,2.266645e-09,2.266645e-11
3.365274e+00,3.625807e-11,2.182880e-09,2.182880e-11
3.367787e+00,3.558486e-11,2.093064e-09,2.093064e-11
3.370301e+00,3.485869e-11,1.998964e-09,1.998964e-11
3.372814e+00,3.409407e-11,1.902408e-09,1.902408e-11
3.375327e+00,3.330588e-11,1.805227e-09,1.805227e-11
3.377840e+00,3.250728e-11,1.709189e-09,1.709189e-11
3.380354e+00,3.171030e-11,1.615940e-09,1.615940e-11
3.382867e+00,3.092327e-11,1.526960e-09,1.526960e-11
3.385380e+00,3.015321e-11,1.443472e-09,1.443472e-11
3.387894e+00,2.940613e-11,1.366375e-09,1.366375e-11
3.390407e+00,2.868446e-11,1.296205e-09,1.296205e-11
3.392920e+00,2.798960e-11,1.233108e-09,1.233108e-11
3.395433e+00,2.731926e-11,1.176798e-09,1.176798e-11
3.397947e+00,2.667026e-11,1.126638e-09,1.126638e-11
3.400460e+00,2.604187e-11,1.081742e-09,1.081742e-11
3.402973e+00,2.542922e-11,1.041034e-09,1.041034e-11
3.405486e+00,2.482695e-11,1.003391e-09,1.003391e-11
3.408000e+00,2.423356e-11,9.677887e-10,9.677887e-12
3.410513e+00,2.364585e-11,9.333664e-10,9.333664e-12
3.413026e+00,2.306247e-11,8.995193e-10,8.995193e-12
3.415540e+00,2.248601e-11,8.659396e-10,8.659396e-12
3.418053e+00,2.191809e-11,8.325613e-10,8.325613e-12
3.420566e+00,2.136206e-11,7.995787e-10,7.995787e-12
3.423079e+00,2.082402e-11,7.674135e-10,7.674135e-12
3.425593e+00,2.030847e-11,7.365942e-10,7.365942e-12
3.428106e+00,1.982173e-11,7.077292e-10,7.077292e-12
3.430619e+00,1.937199e-11,6.814522e-10,6.814522e-12
3.433132e+00,1.896642e-11,6.582973e-10,6.582973e-12
3.435646e+00,1.861235e-11,6.386634e-10,6.386634e-12
3.438159e+00,1.831582e-11,6.227969e-10,6.227969e-12
3.440672e+00,1.808098e-11,6.107529e-10,6.107529e-12
3.443186e+00,1.791062e-11,6.024200e-10,6.024200e-12
3.445699e+00,1.780621e-11,5.975944e-10,5.975944e-12
3.448212e+00,1.776718e-11,5.960485e-10,5.960485e-12
3.450725e+00,1.779066e-11,5.975381e-10,5.975381e-12
3.453239e+00,1.787294e-11,6.017855e-10,6.017855e-12
3.455752e+00,1.800669e-11,6.084941e-10,6.084941e-12
3.458265e+00,1.818338e-11,6.173295e-10,6.173295e-12
3.460778e+00,1.839349e-11,6.278738e-10,6.278738e-12
3.463292e+00,1.862592e-11,6.396150e-10,6.396150e-12
3.465805e+00,1.886919e-11,6.519469e-10,6.519469e-12
3.468318e+00,1.911165e-11,6.642070e-10,6.642070e-12
3.470832e+00,1.934239e-11,6.757114e-10,6.757114e-12
3.473345e+00,1.954932e-11,6.857797e-10,6.857797e-12
3.475858e+00,1.972296e-11,6.938536e-10,6.938536e-12
3.478371e+00,1.985653e-11,6.995620e-10,6.995620e-12
3.480885e+00,1.994270e-11,7.027177e-10,7.027177e-12
3.483398e+00,1.997706e-11,7.034085e-10,7.034085e-12
3.485911e+00,1.995848e-11,7.020381e-10,7.020381e-12
3.488424e+00,1.988786e-11,6.992340e-10,6.992340e-12
3.490938e+00,1.976902e-11,6.957992e-10,6.957992e-12
3.493451e+00,1.960896e-11,6.926551e-10,6.926551e-12
3.495964e+00,1.941654e-11,6.906810e-10,6.906810e-12
3.498478e+00,1.920266e-11,6.906135e-10,6.906135e-12
3.500991e+00,1.898135e-11,6.929766e-10,6.929766e-12
3.503504e+00,1.876684e-11,6.979749e-10,6.979749e-12
3.506017e+00,1.857474e-11,7.055312e-10,7.055312e-12
3.508531e+00,1.842015e-11,7.154265e-10,7.154265e-12
3.511044e+00,1.831843e-11,7.274155e-10,7.274155e-12
3.513557e+00,1.828400e-11,7.413704e-10,7.413704e-12
3.516070e+00,1.832686e-11,7.574231e-10,7.574231e-12
3.518584e+00,1.845684e-11,7.760051e-10,7.760051e-12
3.521097e+00,1.867937e-11,7.978140e-10,7.978140e-12
3.523610e+00,1.899501e-11,8.237237e-10,8.237237e-12
3.526124e+00,1.940328e-11,8.545845e-10,8.545845e-12
3.528637e+00,1.989801e-11,8.909929e-10,8.909929e-12
3.531150e+00,2.046819e-11,9.331164e-10,9.331164e-12
3.533663e+00,2.110078e-11,9.806025e-10,9.806025e-12
3.536177e+00,2.177957e-11,1.032591e-09,1.032591e-11
3.538690e+00,2.248563e-11,1.087794e-09,1.087794e-11
3.541203e+00,2.319912e-11,1.144627e-09,1.144627e-11
3.543717e+00,2.389983e-11,1.201408e-09,1.201408e-11
3.546230e+00,2.456815e-11,1.256541e-09,1.256541e-11
3.548743e+00,2.518595e-11,1.308637e-09,1.308637e-11
3.551256e+00,2.573753e-11,1.356580e-09,1.356580e-11
3.553770e+00,2.621016e-11,1.399584e-09,1.399584e-11
3.556283e+00,2.659539e-11,1.437247e-09,1.437247e-11
3.558796e+00,2.688976e-11,1.469523e-09,1.469523e-11
3.561309e+00,2.709414e-11,1.496639e-09,1.496639e-11
3.563823e+00,2.721330e-11,1.519008e-09,1.519008e-11
3.566336e+00,2.725737e-11,1.537168e-09,1.537168e-11
3.568849e+00,2.723999e-11,1.551662e-09,1.551662e-11
3.571363e+00,2.717774e-11,1.562952e-09,1.562952e-11
3.573876e+00,2.709027e-11,1.571414e-09,1.571414e-11
3.576389e+00,2.699832e-11,1.577320e-09,1.577320e-11
3.578902e+00,2.692263e-11,1.580807e-09,1.580807e-11
3.581416e+00,2.688245e-11,1.581949e-09,1.581949e-11
3.583929e+00,2.689697e-11,1.580888e-09,1.580888e-11
3.586442e+00,2.698186e-11,1.577898e-09,1.577898e-11
3.588955e+00,2.714878e-11,1.573420e-09,1.573420e-11
3.591469e+00,2.740617e-11,1.568108e-09,1.568108e-11
3.593982e+00,2.775747e-11,1.562844e-09,1.562844e-11
3.596495e+00,2.820179e-11,1.558681e-09,1.558681e-11
3.599009e+00,2.873361e-11,1.556767e-09,1.556767e-11
3.601522e+00,2.934330e-11,1.558197e-09,1.558197e-11
3.604035e+00,3.001622e-11,1.563826e-09,1.563826e-11
3.606548e+00,3.073500e-11,1.574145e-09,1.574145e-11
3.609062e+00,3.148084e-11,1.589215e-09,1.589215e-11
3.611575e+00,3.223290e-11,1.608604e-09,1.608604e-11
3.614088e+00,3.296948e-11,1.631383e-09,1.631383e-11
3.616601e+00,3.366802e-11,1.656266e-09,1.656266e-11
3.619115e+00,3.430980e-11,1.681796e-09,1.681796e-11
3.621628e+00,3.487742e-11,1.706409e-09,1.706409e-11
3.624141e+00,3.535392e-11,1.728530e-09,1.728530e-11
3.626655e+00,3.572758e-11,1.746786e-09,1.746786e-11
3.629168e+00,3.598944e-11,1.760115e-09,1.760115e-11
3.631681e+00,3.613414e-11,1.767743e-09,1.767743e-11
3.634194e+00,3.616177e-11,1.769177e-09,1.769177e-11
3.636708e+00,3.607362e-11,1.764209e-09,1.764209e-11
3.639221e+00,3.587510e-11,1.753017e-09,1.753017e-11
3.641734e+00,3.557730e-11,1.736083e-09,1.736083e-11
3.644247e+00,3.519029e-11,1.714001e-09,1.714001e-11
3.646761e+00,3.472616e-11,1.687522e-09,1.687522e-11
3.649274e+00,3.420075e-11,1.657590e-09,1.657590e-11
3.651787e+00,3.362977e-11,1.625161e-09,1.625161e-11
3.654301e+00,3.302755e-11,1.591133e-09,1.591133e-11
3.656814e+00,3.240733e-11,1.556378e-09,1.556378e-11
3.659327e+00,3.178367e-11,1.521711e-09,1.521711e-11
3.661840e+00,3.116989e-11,1.487871e-09,1.487871e-11
3.664354e+00,3.057668e-11,1.455484e-09,1.455484e-11
3.666867e+00,3.001335e-11,1.425021e-09,1.425021e-11
3.669380e+00,2.948667e-11,1.396813e-09,1.396813e-11
3.671893e+00,2.900126e-11,1.371089e-09,1.371089e-11
3.674407e+00,2.856053e-11,1.347999e-09,1.347999e-11
3.676920e+00,2.816665e-11,1.327680e-09,1.327680e-11
3.679433e+00,2.782047e-11,1.310236e-09,1.310236e-11
3.681947e+00,2.752186e-11,1.295672e-09,1.295672e-11
3.684460e+00,2.726915e-11,1.283970e-09,1.283970e-11
3.686973e+00,2.706132e-11,1.275166e-09,1.275166e-11
3.689486e+00,2.689665e-11,1.269271e-09,1.269271e-11
3.692000e+00,2.677178e-11,1.266204e-09,1.266204e-11
3.694513e+00,2.668506e-11,1.265874e-09,1.265874e-11
3.697026e+00,2.663629e-11,1.268221e-09,1.268221e-11
3.699540e+00,2.662355e-11,1.273109e-09,1.273109e-11
3.702053e+00,2.664452e-11,1.280329e-09,1.280329e-11
3.704566e+00,2.669930e-11,1.289671e-09,1.289671e-11
3.707079e+00,2.678723e-11,1.300898e-09,1.300898e-11
3.709593e+00,2.690600e-11,1.313699e-09,1.313699e-11
3.712106e+00,2.705374e-11,1.327746e-09,1.327746e-11
3.714619e+00,2.722892e-11,1.342721e-09,1.342721e-11
3.717132e+00,2.742896e-11,1.358304e-09,1.358304e-11
3.719646e+00,2.765017e-11,1.374169e-09,1.374169e-11
3.722159e+00,2.788864e-11,1.390007e-09,1.390007e-11
3.724672e+00,2.813903e-11,1.405545e-09,1.405545e-11
3.727186e+00,2.839593e-11,1.420516e-09,1.420516e-11
3.729699e+00,2.865329e-11,1.434663e-09,1.434663e-11
3.732212e+00,2.890285e-11,1.447760e-09,1.447760e-11
3.734725e+00,2.913810e-11,1.459626e-09,1.459626e-11
3.737239e+00,2.935367e-11,1.470105e-09,1.470105e-11
3.739752e+00,2.954254e-11,1.479056e-09,1.479056e-11
3.742265e+00,2.969818e-11,1.486361e-09,1.486361e-11
3.744778e+00,2.981537e-11,1.491943e-09,1.491943e-11
3.747292e+00,2.988947e-11,1.495749e-09,1.495749e-11
3.749805e+00,2.991658e-11,1.497737e-09,1.497737e-11
3.752318e+00,2.989486e-11,1.497896e-09,1.497896e-11
3.754832e+00,2.982370e-11,1.496259e-09,1.496259e-11
3.757345e+00,2.970390e-11,1.492875e-09,1.492875e-11
3.759858e+00,2.953745e-11,1.487764e-09,1.487764e-11
3.762371e+00,2.932504e-11,1.480940e-09,1.480940e-11
3.764885e+00,2.907022e-11,1.472460e-09,1.472460e-11
3.767398e+00,2.877903e-11,1.462385e-09,1.462385e-11
3.769911e+00,2.845535e-11,1.450759e-09,1.450759e-11
3.772424e+00,2.810304e-11,1.437626e-09,1.437626e-11
3.774938e+00,2.772759e-11,1.423032e-09,1.423032e-11
3.777451e+00,2.733422e-11,1.407045e-09,1.407045e-11
3.779964e+00,2.692741e-11,1.389768e-09,1.389768e-11
3.782478e+00,2.651187e-11,1.371332e-09,1.371332e-11
3.784991e+00,2.609214e-11,1.351877e-09,1.351877e-11
3.787504e+00,2.567202e-11,1.331550e-09,1.331550e-11
3.790017e+00,2.525424e-11,1.310521e-09,1.310521e-11
3.792531e+00,2.484193e-11,1.288999e-09,1.288999e-11
3.795044e+00,2.443905e-11,1.267189e-09,1.267189e-11
3.797557e+00,2.404783e-11,1.245274e-09,1.245274e-11
3.800070e+00,2.366897e-11,1.223406e-09,1.223406e-11
3.802584e+00,2.330525e-11,1.201709e-09,1.201709e-11
3.805097e+00,2.295954e-11,1.180314e-09,1.180314e-11
3.807610e+00,2.263350e-11,1.159334e-09,1.159334e-11
3.810124e+00,2.232927e-11,1.138849e-09,1.138849e-11
3.812637e+00,2.204901e-11,1.118934e-09,1.118934e-11
3.815150e+00,2.179480e-11,1.099682e-09,1.099682e-11
3.817663e+00,2.156793e-11,1.081197e-09,1.081197e-11
3.820177e+00,2.137009e-11,1.063620e-09,1.063620e-11
3.822690e+00,2.120363e-11,1.047134e-09,1.047134e-11
3.825203e+00,2.106904e-11,1.031928e-09,1.031928e-11
3.827716e+00,2.096555e-11,1.018208e-09,1.018208e-11
3.830230e+00,2.089327e-11,1.006184e-09,1.006184e-11
3.832743e+00,2.085131e-11,9.960423e-10,9.960423e-12
3.835256e+00,2.083740e-11,9.879084e-10,9.879084e-12
3.837770e+00,2.084946e-11,9.818375e-10,9.818375e-12
3.840283e+00,2.088469e-11,9.777881e-10,9.777881e-12
3.842796e+00,2.093898e-11,9.755947e-10,9.755947e-12
3.845309e+00,2.100846e-11,9.749780e-10,9.749780e-12
3.847823e+00,2.108933e-11,9.755567e-10,9.755567e-12
3.850336e+00,2.117651e-11,9.768590e-10,9.768590e-12
3.852849e+00,2.126522e-11,9.783642e-10,9.783642e-12
3.855363e+00,2.135074e-11,9.795448e-10,9.795448e-12
3.857876e+00,2.142905e-11,9.799014e-10,9.799014e-12
3.860389e+00,2.149736e-11,9.789977e-10,9.789977e-12
3.862902e+00,2.155211e-11,9.764908e-10,9.764908e-12
3.865416e+00,2.159005e-11,9.721440e-10,9.721440e-12
3.867929e+00,2.160924e-11,9.658444e-10,9.658444e-12
3.870442e+00,2.160924e-11,9.576214e-10,9.576214e-12
3.872955e+00,2.158957e-11,9.476228e-10,9.476228e-12
3.875469e+00,2.154971e-11,9.361078e-10,9.361078e-12
3.877982e+00,2.149096e-11,9.234389e-10,9.234389e-12
3.880495e+00,2.141455e-11,9.100286e-10,9.100286e-12
3.883009e+00,2.132137e-11,8.963181e-10,8.963181e-12
3.885522e+00,2.121281e-11,8.827587e-10,8.827587e-12
3.888035e+00,2.109084e-11,8.697542e-10,8.697542e-12
3.890548e+00,2.095806e-11,8.576547e-10,8.576547e-12
3.893062e+00,2.081657e-11,8.467554e-10,8.467554e-12
3.895575e+00,2.066760e-11,8.372433e-10,8.372433e-12
3.898088e+00,2.051341e-11,8.292213e-10,8.292213e-12
3.900601e+00,2.035716e-11,8.227612e-10,8.227612e-12
3.903115e+00,2.020139e-11,8.178711e-10,8.178711e-12
3.905628e+00,2.004887e-11,8.145121e-10,8.145121e-12
3.908141e+00,1.990299e-11,8.126859e-10,8.126859e-12
3.910655e+00,1.976836e-11,8.124663e-10,8.124663e-12
3.913168e+00,1.965031e-11,8.139505e-10,8.139505e-12
3.915681e+00,1.955273e-11,8.172617e-10,8.172617e-12
3.918194e+00,1.948125e-11,8.226392e-10,8.226392e-12
3.920708e+00,1.944320e-11,8.304460e-10,8.304460e-12
3.923221e+00,1.944528e-11,8.411150e-10,8.411150e-12
3.925734e+00,1.949475e-11,8.551634e-10,8.551634e-12
3.928247e+00,1.959892e-11,8.732108e-10,8.732108e-12
3.930761e+00,1.976532e-11,8.959269e-10,8.959269e-12
3.933274e+00,2.000050e-11,9.239824e-10,9.239824e-12
3.935787e+00,2.030955e-11,9.580469e-10,9.580469e-12
3.938301e+00,2.069616e-11,9.987297e-10,9.987297e-12
3.940814e+00,2.116349e-11,1.046522e-09,1.046522e-11
3.943327e+00,2.171421e-11,1.101757e-09,1.101757e-11
3.945840e+00,2.234725e-11,1.164500e-09,1.164500e-11
3.948354e+00,2.305816e-11,1.234538e-09,1.234538e-11
3.950867e+00,2.384237e-11,1.311414e-09,1.311414e-11
3.953380e+00,2.469213e-11,1.394388e-09,1.394388e-11
3.955893e+00,2.559627e-11,1.482455e-09,1.482455e-11
3.958407e+00,2.654306e-11,1.574379e-09,1.574379e-11
3.960920e+00,2.751833e-11,1.668709e-09,1.668709e-11
3.963433e+00,2.850609e-11,1.763820e-09,1.763820e-11
3.965947e+00,2.948889e-11,1.857970e-09,1.857970e-11
3.968460e+00,3.044776e-11,1.949345e-09,1.949345e-11
3.970973e+00,3.136465e-11,2.036116e-09,2.036116e-11
3.973486e+00,3.222140e-11,2.116465e-09,2.116465e-11
3.976000e+00,3.299914e-11,2.188634e-09,2.188634e-11
3.978513e+00,3.368106e-11,2.250983e-09,2.250983e-11
3.981026e+00,3.425209e-11,2.302039e-09,2.302039e-11
3.983539e+00,3.469732e-11,2.340526e-09,2.340526e-11
3.986053e+00,3.500501e-11,2.365416e-09,2.365416e-11
3.988566e+00,3.516812e-11,2.375948e-09,2.375948e-11
3.991079e+00,3.517997e-11,2.371636e-09,2.371636e-11
3.993593e+00,3.503677e-11,2.352302e-09,2.352302e-11
3.996106e+00,3.473925e-11,2.318084e-09,2.318084e-11
3.998619e+00,3.428975e-11,2.269417e-09,2.269417e-11
4.001132e+00,3.369453e-11,2.207037e-09,2.207037e-11
4.003646e+00,3.296342e-11,2.131984e-09,2.131984e-11
4.006159e+00,3.210786e-11,2.045560e-09,2.045560e-11
4.008672e+00,3.114139e-11,1.949287e-09,1.949287e-11
4.011186e+00,3.007943e-11,1.844881e-09,1.844881e-11
4.013699e+00,2.893992e-11,1.734221e-09,1.734221e-11
4.016212e+00,2.774233e-11,1.619301e-09,1.619301e-11
4.018725e+00,2.650497e-11,1.502184e-09,1.502184e-11
4.021239e+00,2.524833e-11,1.384971e-09,1.384971e-11
4.023752e+00,2.399298e-11,1.269739e-09,1.269739e-11
4.026265e+00,2.275761e-11,1.158463e-09,1.158463e-11
4.028778e+00,2.155986e-11,1.052988e-09,1.052988e-11
4.031292e+00,2.041551e-11,9.549865e-10,9.549865e-12
4.033805e+00,1.934037e-11,8.658830e-10,8.658830e-12
4.036318e+00,1.834752e-11,7.867558e-10,7.867558e-12
4.038832e+00,1.744633e-11,7.182360e-10,7.182360e-12
4.041345e+00,1.664448e-11,6.604819e-10,6.604819e-12
4.043858e+00,1.594859e-11,6.131699e-10,6.131699e-12
4.046371e+00,1.536092e-11,5.754901e-10,5.754901e-12
4.048885e+00,1.488049e-11,5.463119e-10,5.463119e-12
4.051398e+00,1.450660e-11,5.244344e-10,5.244344e-12
4.053911e+00,1.423538e-11,5.087260e-10,5.087260e-12
4.056424e+00,1.406018e-11,4.982684e-10,4.982684e-12
4.058938e+00,1.397275e-11,4.924952e-10,4.924952e-12
4.061451e+00,1.396449e-11,4.911640e-10,4.911640e-12
4.063964e+00,1.402658e-11,4.942497e-10,4.942497e-12
4.066478e+00,1.414836e-11,5.017901e-10,5.017901e-12
4.068991e+00,1.431830e-11,5.137495e-10,5.137495e-12
4.071504e+00,1.452603e-11,5.299617e-10,5.299617e-12
4.074017e+00,1.476156e-11,5.500567e-10,5.500567e-12
4.076531e+00,1.501443e-11,5.734697e-10,5.734697e-12
4.079044e+00,1.527705e-11,5.995102e-10,5.995102e-12
4.081557e+00,1.554168e-11,6.273811e-10,6.273811e-12
4.084070e+00,1.580069e-11,6.562585e-10,6.562585e-12
4.086584e+00,1.604964e-11,6.853745e-10,6.853745e-12
4.089097e+00,1.628363e-11,7.140331e-10,7.140331e-12
4.091610e+00,1.649939e-11,7.416349e-10,7.416349e-12
4.094124e+00,1.669534e-11,7.677014e-10,7.677014e-12
4.096637e+00,1.687139e-11,7.918860e-10,7.918860e-12
4.099150e+00,1.702828e-11,8.139557e-10,8.139557e-12
4.101663e+00,1.716561e-11,8.337887e-10,8.337887e-12
4.104177e+00,1.728741e-11,8.514002e-10,8.514002e-12
4.106690e+00,1.739812e-11,8.668925e-10,8.668925e-12
4.109203e+00,1.750025e-11,8.804213e-10,8.804213e-12
4.111716e+00,1.759895e-11,8.922433e-10,8.922433e-12
4.114230e+00,1.770013e-11,9.026926e-10,9.026926e-12
4.116743e+00,1.780940e-11,9.121248e-10,9.121248e-12
4.119256e+00,1.793320e-11,9.209387e-10,9.209387e-12
4.121770e+00,1.807934e-11,9.295886e-10,9.295886e-12
4.124283e+00,1.825531e-11,9.385315e-10,9.385315e-12
4.126796e+00,1.846809e-11,9.482129e-10,9.482129e-12
4.129309e+00,1.872537e-11,9.591171e-10,9.591171e-12
4.131823e+00,1.903580e-11,9.717480e-10,9.717480e-12
4.134336e+00,1.940688e-11,9.865875e-10,9.865875e-12
4.136849e+00,1.984532e-11,1.004144e-09,1.004144e-11
4.139362e+00,2.035965e-11,1.024955e-09,1.024955e-11
4.141876e+00,2.095699e-11,1.049524e-09,1.049524e-11
4.144389e+00,2.164101e-11,1.078352e-09,1.078352e-11
4.146902e+00,2.241594e-11,1.111976e-09,1.111976e-11
4.149416e+00,2.328694e-11,1.150908e-09,1.150908e-11
4.151929e+00,2.425502e-11,1.195593e-09,1.195593e-11
4.154442e+00,2.531860e-11,1.246398e-09,1.246398e-11
4.156955e+00,2.647568e-11,1.303597e-09,1.303597e-11
4.159469e+00,2.772196e-11,1.367354e-09,1.367354e-11
4.161982e+00,2.904986e-11,1.437678e-09,1.437678e-11
4.164495e+00,3.044938e-11,1.514416e-09,1.514416e-11
4.167008e+00,3.190981e-11,1.597282e-09,1.597282e-11
4.169522e+00,3.341825e-11,1.685843e-09,1.685843e-11
4.172035e+00,3.495938e-11,1.779517e-09,1.779517e-11
4.174548e+00,3.651628e-11,1.877604e-09,1.877604e-11
4.177062e+00,3.807083e-11,1.979310e-09,1.979310e-11
4.179575e+00,3.960551e-11,2.083788e-09,2.083788e-11
4.182088e+00,4.110193e-11,2.190144e-09,2.190144e-11
4.184601e+00,4.254170e-11,2.297447e-09,2.297447e-11
4.187115e+00,4.390961e-11,2.404770e-09,2.404770e-11
4.189628e+00,4.519038e-11,2.511189e-09,2.511189e-11
4.192141e+00,4.636991e-11,2.615760e-09,2.615760e-11
4.194655e+00,4.743721e-11,2.717553e-09,2.717553e-11
4.197168e+00,4.838276e-11,2.815661e-09,2.815661e-11
4.199681e+00,4.920045e-11,2.909176e-09,2.909176e-11
4.202194e+00,4.988757e-11,2.997189e-09,2.997189e-11
4.204708e+00,5.044313e-11,3.078793e-09,3.078793e-11
4.207221e+00,5.086715e-11,3.153070e-09,3.153070e-11
4.209734e+00,5.116211e-11,3.219127e-09,3.219127e-11
4.212247e+00,5.133297e-11,3.276105e-09,3.276105e-11
4.214761e+00,5.138591e-11,3.323155e-09,3.323155e-11
4.217274e+00,5.132621e-11,3.359461e-09,3.359461e-11
4.219787e+00,5.115972e-11,3.384313e-09,3.384313e-11
4.222301e+00,5.089452e-11,3.397123e-09,3.397123e-11
4.224814e+00,5.053560e-11,3.397408e-09,3.397408e-11
4.227327e+00,5.008711e-11,3.384821e-09,3.384821e-11
4.229840e+00,4.955529e-11,3.359192e-09,3.359192e-11
4.232354e+00,4.894320e-11,3.320521e-09,3.320521e-11
4.234867e+00,4.825274e-11,3.268978e-09,3.268978e-11
4.237380e+00,4.748673e-11,3.204915e-09,3.204915e-11
4.239893e+00,4.664578e-11,3.128858e-09,3.128858e-11
4.242407e+00,4.573112e-11,3.041508e-09,3.041508e-11
4.244920e+00,4.474461e-11,2.943716e-09,2.943716e-11
4.247433e+00,4.368761e-11,2.836461e-09,2.836461e-11
4.249947e+00,4.256364e-11,2.720857e-09,2.720857e-11
4.252460e+00,4.137657e-11,2.598132e-09,2.598132e-11
4.254973e+00,4.013061e-11,2.469602e-09,2.469602e-11
4.257486e+00,3.883248e-11,2.336652e-09,2.336652e-11
4.260000e+00,3.749078e-11,2.200730e-09,2.200730e-11
4.262513e+00,3.611532e-11,2.063326e-09,2.063326e-11
4.265026e+00,3.471671e-11,1.925963e-09,1.925963e-11
4.267539e+00,3.330743e-11,1.790183e-09,1.790183e-11
4.270053e+00,3.190086e-11,1.657534e-09,1.657534e-11
4.272566e+00,3.051077e-11,1.529567e-09,1.529567e-11
4.275079e+00,2.915158e-11,1.407817e-09,1.407817e-11
4.277593e+00,2.783752e-11,1.293759e-09,1.293759e-11
4.280106e+00,2.658271e-11,1.188772e-09,1.188772e-11
4.282619e+00,2.539871e-11,1.094096e-09,1.094096e-11
4.285132e+00,2.429690e-11,1.010749e-09,1.010749e-11
4.287646e+00,2.328712e-11,9.394184e-10,9.394184e-12
4.290159e+00,2.237558e-11,8.803556e-10,8.803556e-12
4.292672e+00,2.156839e-11,8.333236e-10,8.333236e-12
4.295185e+00,2.086912e-11,7.975444e-10,7.975444e-12
4.297699e+00,2.027668e-11,7.717193e-10,7.717193e-12
4.300212e+00,1.978981e-11,7.542518e-10,7.542518e-12
4.302725e+00,1.940606e-11,7.434646e-10,7.434646e-12
4.305239e+00,1.911846e-11,7.376916e-10,7.376916e-12
4.307752e+00,1.891894e-11,7.354118e-10,7.354118e-12
4.310265e+00,1.879889e-11,7.353907e-10,7.353907e-12
4.312778e+00,1.874797e-11,7.367342e-10,7.367342e-12
4.315292e+00,1.875504e-11,7.387857e-10,7.387857e-12
4.317805e+00,1.880914e-11,7.410041e-10,7.410041e-12
4.320318e+00,1.889836e-11,7.430318e-10,7.430318e-12
4.322831e+00,1.901193e-11,7.446911e-10,7.446911e-12
4.325345e+00,1.914004e-11,7.458179e-10,7.458179e-12
4.327858e+00,1.927233e-11,7.462200e-10,7.462200e-12
4.330371e+00,1.940070e-11,7.457135e-10,7.457135e-12
4.332885e+00,1.951810e-11,7.441394e-10,7.441394e-12
4.335398e+00,1.961845e-11,7.413857e-10,7.413857e-12
4.337911e+00,1.969777e-11,7.373708e-10,7.373708e-12
4.340424e+00,1.975339e-11,7.320399e-10,7.320399e-12
4.342938e+00,1.978365e-11,7.254056e-10,7.254056e-12
4.345451e+00,1.978832e-11,7.175608e-10,7.175608e-12
4.347964e+00,1.976864e-11,7.086657e-10,7.086657e-12
4.350478e+00,1.972635e-11,6.989375e-10,6.989375e-12
4.352991e+00,1.966403e-11,6.886671e-10,6.886671e-12
4.355504e+00,1.958495e-11,6.782268e-10,6.782268e-12
4.358017e+00,1.949292e-11,6.680107e-10,6.680107e-12
4.360531e+00,1.939208e-11,6.583974e-10,6.583974e-12
4.363044e+00,1.928618e-11,6.497700e-10,6.497700e-12
4.365557e+00,1.917973e-11,6.425151e-10,6.425151e-12
4.368070e+00,1.907768e-11,6.369834e-10,6.369834e-12
4.370584e+00,1.898427e-11,6.334903e-10,6.334903e-12
4.373097e+00,1.890336e-11,6.323664e-10,6.323664e-12
4.375610e+00,1.883894e-11,6.339726e-10,6.339726e-12
4.378124e+00,1.879621e-11,6.386996e-10,6.386996e-12
4.380637e+00,1.877948e-11,6.469729e-10,6.469729e-12
4.383150e+00,1.879284e-11,6.592740e-10,6.592740e-12
4.385663e+00,1.884127e-11,6.761549e-10,6.761549e-12
4.388177e+00,1.892813e-11,6.981619e-10,6.981619e-12
4.390690e+00,1.905704e-11,7.258085e-10,7.258085e-12
4.393203e+00,1.923274e-11,7.596067e-10,7.596067e-12
4.395716e+00,1.945887e-11,7.999836e-10,7.999836e-12
4.398230e+00,1.973870e-11,8.472217e-10,8.472217e-12
4.400743e+00,2.007429e-11,9.014571e-10,9.014571e-12
4.403256e+00,2.046648e-11,9.626549e-10,9.626549e-12
4.405770e+00,2.091653e-11,1.030649e-09,1.030649e-11
4.408283e+00,2.142495e-11,1.105159e-09,1.105159e-11
4.410796e+00,2.199020e-11,1.185745e-09,1.185745e-11
4.413309e+00,2.260969e-11,1.271814e-09,1.271814e-11
4.415823e+00,2.327927e-11,1.362648e-09,1.362648e-11
4.418336e+00,2.399306e-11,1.457413e-09,1.457413e-11
4.420849e+00,2.474561e-11,1.555197e-09,1.555197e-11
4.423362e+00,2.553042e-11,1.654999e-09,1.654999e-11
4.425876e+00,2.633831e-11,1.755705e-09,1.755705e-11
4.428389e+00,2.715955e-11,1.856112e-09,1.856112e-11
4.430902e+00,2.798430e-11,1.954971e-09,1.954971e-11
4.433416e+00,2.880201e-11,2.050997e-09,2.050997e-11
4.435929e+00,2.960186e-11,2.142879e-09,2.142879e-11
4.438442e+00,3.037239e-11,2.229287e-09,2.229287e-11
4.440955e+00,3.110103e-11,2.308908e-09,2.308908e-11
4.443469e+00,3.177695e-11,2.380474e-09,2.380474e-11
4.445982e+00,3.238948e-11,2.442782e-09,2.442782e-11
4.448495e+00,3.292583e-11,2.494695e-09,2.494695e-11
4.451008e+00,3.337451e-11,2.535192e-09,2.535192e-11
4.453522e+00,3.372622e-11,2.563421e-09,2.563421e-11
4.456035e+00,3.397218e-11,2.578700e-09,2.578700e-11
4.458548e+00,3.410351e-11,2.580493e-09,2.580493e-11
4.461062e+00,3.411198e-11,2.568445e-09,2.568445e-11
4.463575e+00,3.399090e-11,2.542409e-09,2.542409e-11
4.466088e+00,3.373543e-11,2.502463e-09,2.502463e-11
4.468601e+00,3.334341e-11,2.448924e-09,2.448924e-11
4.471115e+00,3.281407e-11,2.382333e-09,2.382333e-11
4.473628e+00,3.214721e-11,2.303422e-09,2.303422e-11
4.476141e+00,3.134639e-11,2.213122e-09,2.213122e-11
4.478654e+00,3.041754e-11,2.112555e-09,2.112555e-11
4.481168e+00,2.936752e-11,2.003012e-09,2.003012e-11
4.483681e+00,2.820714e-11,1.885939e-09,1.885939e-11
4.486194e+00,2.694880e-11,1.762891e-09,1.762891e-11
4.488708e+00,2.560600e-11,1.635500e-09,1.635500e-11
4.491221e+00,2.419523e-11,1.505456e-09,1.505456e-11
4.493734e+00,2.273435e-11,1.374473e-09,1.374473e-11
4.496247e+00,2.124187e-11,1.244243e-09,1.244243e-11
4.498761e+00,1.973718e-11,1.116408e-09,1.116408e-11
4.501274e+00,1.823994e-11,9.925446e-10,9.925446e-12
4.503787e+00,1.676978e-11,8.741281e-10,8.741281e-12
4.506301e+00,1.534586e-11,7.625249e-10,7.625249e-12
4.508814e+00,1.398584e-11,6.589745e-10,6.589745e-12
4.511327e+00,1.270586e-11,5.645702e-10,5.645702e-12
4.513840e+00,1.151996e-11,4.802753e-10,4.802753e-12
4.516354e+00,1.043933e-11,4.069139e-10,4.069139e-12
4.518867e+00,9.473642e-12,3.451715e-10,3.451715e-12
4.521380e+00,8.629655e-12,2.955228e-10,2.955228e-12
4.523893e+00,7.911341e-12,2.580507e-10,2.580507e-12
4.526407e+00,7.320782e-12,2.322014e-10,2.322014e-12
4.528920e+00,6.856189e-12,2.165904e-10,2.165904e-12
4.531433e+00,6.513929e-12,2.091750e-10,2.091750e-12
4.533947e+00,6.288788e-12,2.077476e-10,2.077476e-12
4.536460e+00,6.173561e-12,2.104344e-10,2.104344e-12
4.538973e+00,6.159478e-12,2.159059e-10,2.159059e-12
4.541486e+00,6.235904e-12,2.233531e-10,2.233531e-12
4.544000e+00,6.393348e-12,2.323903e-10,2.323903e-12
4.546513e+00,6.621232e-12,2.428084e-10,2.428084e-12
4.549026e+00,6.907675e-12,2.544170e-10,2.544170e-12
4.551539e+00,7.243141e-12,2.670624e-10,2.670624e-12
4.554053e+00,7.617718e-12,2.805664e-10,2.805664e-12
4.556566e+00,8.021433e-12,2.946928e-10,2.946928e-12
4.559079e+00,8.446607e-12,3.092142e-10,3.092142e-12
4.561593e+00,8.886317e-12,3.239380e-10,3.239380e-12
4.564106e+00,9.335021e-12,3.387039e-10,3.387039e-12
4.566619e+00,9.788281e-12,3.533849e-10,3.533849e-12
4.569132e+00,1.024213e-11,3.678883e-10,3.678883e-12
4.571646e+00,1.069429e-11,3.821690e-10,3.821690e-12
4.574159e+00,1.114345e-11,3.962196e-10,3.962196e-12
4.576672e+00,1.158897e-11,4.100316e-10,4.100316e-12
4.579185e+00,1.203059e-11,4.236151e-10,4.236151e-12
4.581699e+00,1.246858e-11,4.370299e-10,4.370299e-12
4.584212e+00,1.290414e-11,4.503370e-10,4.503370e-12
4.586725e+00,1.333760e-11,4.635844e-10,4.635844e-12
4.589239e+00,1.376929e-11,4.768638e-10,4.768638e-12
4.591752e+00,1.420071e-11,4.903235e-10,4.903235e-12
4.594265e+00,1.463293e-11,5.041328e-10,5.041328e-12
4.596778e+00,1.506644e-11,5.184793e-10,5.184793e-12
4.599292e+00,1.550201e-11,5.335892e-10,5.335892e-12
4.601805e+00,1.594007e-11,5.497112e-10,5.497112e-12
4.604318e+00,1.638127e-11,5.670855e-10,5.670855e-12
4.606831e+00,1.682771e-11,5.859416e-10,5.859416e-12
4.609345e+00,1.728055e-11,6.064784e-10,6.064784e-12
4.611858e+00,1.773979e-11,6.288446e-10,6.288446e-12
4.614371e+00,1.820807e-11,6.531484e-10,6.531484e-12
4.616885e+00,1.868792e-11,6.794336e-10,6.794336e-12
4.619398e+00,1.918132e-11,7.076629e-10,7.076629e-12
4.621911e+00,1.969041e-11,7.377504e-10,7.377504e-12
4.624424e+00,2.021775e-11,7.695691e-10,7.695691e-12
4.626938e+00,2.076597e-11,8.029424e-10,8.029424e-12
4.629451e+00,2.133615e-11,8.376652e-10,8.376652e-12
4.631964e+00,2.193050e-11,8.735352e-10,8.735352e-12
4.634477e+00,2.254958e-11,9.103552e-10,9.103552e-12
4.636991e+00,2.319288e-11,9.479171e-10,9.479171e-12
4.639504e+00,2.385942e-11,9.860327e-10,9.860327e-12
4.642017e+00,2.454679e-11,1.024555e-09,1.024555e-11
4.644531e+00,2.525213e-11,1.063335e-09,1.063335e-11
4.647044e+00,2.597034e-11,1.102222e-09,1.102222e-11
4.649557e+00,2.669572e-11,1.141096e-09,1.141096e-11
4.652070e+00,2.742231e-11,1.179846e-09,1.179846e-11
4.654584e+00,2.814365e-11,1.218382e-09,1.218382e-11
4.657097e+00,2.885210e-11,1.256609e-09,1.256609e-11
4.659610e+00,2.953999e-11,1.294416e-09,1.294416e-11
4.662123e+00,3.020067e-11,1.331710e-09,1.331710e-11
4.664637e+00,3.082835e-11,1.368409e-09,1.368409e-11
4.667150e+00,3.141797e-11,1.404441e-09,1.404441e-11
4.669663e+00,3.196444e-11,1.439749e-09,1.439749e-11
4.672177e+00,3.246415e-11,1.474266e-09,1.474266e-11
4.674690e+00,3.291451e-11,1.507935e-09,1.507935e-11
4.677203e+00,3.331541e-11,1.540736e-09,1.540736e-11
4.679716e+00,3.366741e-11,1.572661e-09,1.572661e-11
4.682230e+00,3.397076e-11,1.603690e-09,1.603690e-11
4.684743e+00,3.422868e-11,1.633818e-09,1.633818e-11
4.687256e+00,3.444383e-11,1.663036e-09,1.663036e-11
4.689770e+00,3.461823e-11,1.691300e-09,1.691300e-11
4.692283e+00,3.475604e-11,1.718554e-09,1.718554e-11
4.694796e+00,3.486168e-11,1.744732e-09,1.744732e-11
4.697309e+00,3.493793e-11,1.769713e-09,1.769713e-11
4.699823e+00,3.498667e-11,1.793350e-09,1.793350e-11
4.702336e+00,3.501056e-11,1.815466e-09,1.815466e-11
4.704849e+00,3.501134e-11,1.835846e-09,1.835846e-11
4.707362e+00,3.498954e-11,1.854258e-09,1.854258e-11
4.709876e+00,3.494608e-11,1.870449e-09,1.870449e-11
4.712389e+00,3.488042e-11,1.884133e-09,1.884133e-11
4.714902e+00,3.479179e-11,1.895040e-09,1.895040e-11
4.717416e+00,3.468131e-11,1.902923e-09,1.902923e-11
4.719929e+00,3.454824e-11,1.907529e-09,1.907529e-11
4.722442e+00,3.439120e-11,1.908615e-09,1.908615e-11
4.724955e+00,3.420958e-11,1.905986e-09,1.905986e-11
4.727469e+00,3.400361e-11,1.899494e-09,1.899494e-11
4.729982e+00,3.377519e-11,1.889048e-09,1.889048e-11
4.732495e+00,3.352497e-11,1.874611e-09,1.874611e-11
4.735008e+00,3.325410e-11,1.856205e-09,1.856205e-11
4.737522e+00,3.296491e-11,1.833903e-09,1.833903e-11
4.740035e+00,3.265861e-11,1.807838e-09,1.807838e-11
4.742548e+00,3.233842e-11,1.778237e-09,1.778237e-11
4.745062e+00,3.200856e-11,1.745398e-09,1.745398e-11
4.747575e+00,3.167107e-11,1.709652e-09,1.709652e-11
4.750088e+00,3.132920e-11,1.671384e-09,1.671384e-11
4.752601e+00,3.098695e-11,1.631047e-09,1.631047e-11
4.755115e+00,3.064781e-11,1.589140e-09,1.589140e-11
4.757628e+00,3.031476e-11,1.546185e-09,1.546185e-11
4.760141e+00,2.998975e-11,1.502719e-09,1.502719e-11
4.762654e+00,2.967662e-11,1.459301e-09,1.459301e-11
4.765168e+00,2.937821e-11,1.416476e-09,1.416476e-11
4.767681e+00,2.909464e-11,1.374725e-09,1.374725e-11
4.770194e+00,2.882602e-11,1.334464e-09,1.334464e-11
4.772708e+00,2.857393e-11,1.296058e-09,1.296058e-11
4.775221e+00,2.833886e-11,1.259795e-09,1.259795e-11
4.777734e+00,2.811887e-11,1.225838e-09,1.225838e-11
4.780247e+00,2.791190e-11,1.194240e-09,1.194240e-11
4.782761e+00,2.771680e-11,1.164988e-09,1.164988e-11
4.785274e+00,2.753208e-11,1.137984e-09,1.137984e-11
4.787787e+00,2.735406e-11,1.113054e-09,1.113054e-11
4.790300e+00,2.718016e-11,1.090005e-09,1.090005e-11
4.792814e+00,2.700838e-11,1.068662e-09,1.068662e-11
4.795327e+00,2.683647e-11,1.048912e-09,1.048912e-11
4.797840e+00,2.666503e-11,1.030750e-09,1.030750e-11
4.800354e+00,2.649414e-11,1.014228e-09,1.014228e-11
4.802867e+00,2.632334e-11,9.994522e-10,9.994522e-12
4.805380e+00,2.615580e-11,9.866341e-10,9.866341e-12
4.807893e+00,2.599552e-11,9.760283e-10,9.760283e-12
4.810407e+00,2.584632e-11,9.678790e-10,9.678790e-12
4.812920e+00,2.571447e-11,9.624183e-10,9.624183e-12
4.815433e+00,2.560720e-11,9.598076e-10,9.598076e-12
4.817946e+00,2.553083e-11,9.600664e-10,9.600664e-12
4.820460e+00,2.549274e-11,9.631056e-10,9.631056e-12
4.822973e+00,2.550184e-11,9.687868e-10,9.687868e-12
4.825486e+00,2.556484e-11,9.768802e-10,9.768802e-12
4.828000e+00,2.568687e-11,9.871007e-10,9.871007e-12
4.830513e+00,2.587365e-11,9.992239e-10,9.992239e-12
4.833026e+00,2.612856e-11,1.013081e-09,1.013081e-11
4.835539e+00,2.645221e-11,1.028580e-09,1.028580e-11
4.838053e+00,2.684475e-11,1.045743e-09,1.045743e-11
4.840566e+00,2.730269e-11,1.064635e-09,1.064635e-11
4.843079e+00,2.781864e-11,1.085348e-09,1.085348e-11
4.845593e+00,2.838490e-11,1.108045e-09,1.108045e-11
4.848106e+00,2.899293e-11,1.132896e-09,1.132896e-11
4.850619e+00,2.963168e-11,1.159972e-09,1.159972e-11
4.853132e+00,3.028813e-11,1.189272e-09,1.189272e-11
4.855646e+00,3.095141e-11,1.220761e-09,1.220761e-11
4.858159e+00,3.160977e-11,1.254286e-09,1.254286e-11
4.860672e+00,3.225003e-11,1.289588e-09,1.289588e-11
4.863185e+00,3.286345e-11,1.326388e-09,1.326388e-11
4.865699e+00,3.344165e-11,1.364359e-09,1.364359e-11
4.868212e+00,3.397758e-11,1.403147e-09,1.403147e-11
4.870725e+00,3.446942e-11,1.442404e-09,1.442404e-11
4.873239e+00,3.491625e-11,1.481733e-09,1.481733e-11
4.875752e+00,3.531782e-11,1.520694e-09,1.520694e-11
4.878265e+00,3.567805e-11,1.558855e-09,1.558855e-11
4.880778e+00,3.600353e-11,1.595783e-09,1.595783e-11
4.883292e+00,3.630164e-11,1.631028e-09,1.631028e-11
4.885805e+00,3.658076e-11,1.664158e-09,1.664158e-11
4.888318e+00,3.684910e-11,1.694788e-09,1.694788e-11
4.890831e+00,3.711623e-11,1.722622e-09,1.722622e-11
4.893345e+00,3.739184e-11,1.747497e-09,1.747497e-11
4.895858e+00,3.768237e-11,1.769388e-09,1.769388e-11
4.898371e+00,3.799264e-11,1.788417e-09,1.788417e-11
4.900885e+00,3.832723e-11,1.804891e-09,1.804891e-11
4.903398e+00,3.868878e-11,1.819282e-09,1.819282e-11
4.905911e+00,3.907589e-11,1.832172e-09,1.832172e-11
4.908424e+00,3.948473e-11,1.844232e-09,1.844232e-11
4.910938e+00,3.991082e-11,1.856139e-09,1.856139e-11
4.913451e+00,4.034598e-11,1.868477e-09,1.868477e-11
4.915964e+00,4.077986e-11,1.881670e-09,1.881670e-11
4.918477e+00,4.120209e-11,1.895944e-09,1.895944e-11
4.920991e+00,4.160010e-11,1.911269e-09,1.911269e-11
4.923504e+00,4.196048e-11,1.927331e-09,1.927331e-11
4.926017e+00,4.226946e-11,1.943572e-09,1.943572e-11
4.928531e+00,4.251454e-11,1.959250e-09,1.959250e-11
4.931044e+00,4.268388e-11,1.973498e-09,1.973498e-11
4.933557e+00,4.276520e-11,1.985385e-09,1.985385e-11
4.936070e+00,4.274868e-11,1.994012e-09,1.994012e-11
4.938584e+00,4.262666e-11,1.998593e-09,1.998593e-11
4.941097e+00,4.239394e-11,1.998499e-09,1.998499e-11
4.943610e+00,4.204713e-11,1.993288e-09,1.993288e-11
4.946123e+00,4.158431e-11,1.982727e-09,1.982727e-11
4.948637e+00,4.100709e-11,1.966788e-09,1.966788e-11
4.951150e+00,4.031933e-11,1.945622e-09,1.945622e-11
4.953663e+00,3.952634e-11,1.919522e-09,1.919522e-11
4.956177e+00,3.863559e-11,1.888885e-09,1.888885e-11
4.958690e+00,3.765659e-11,1.854161e-09,1.854161e-11
4.961203e+00,3.660083e-11,1.815807e-09,1.815807e-11
4.963716e+00,3.548078e-11,1.774238e-09,1.774238e-11
4.966230e+00,3.430949e-11,1.729773e-09,1.729773e-11
4.968743e+00,3.310056e-11,1.682616e-09,1.682616e-11
4.971256e+00,3.186849e-11,1.632884e-09,1.632884e-11
4.973769e+00,3.062812e-11,1.580620e-09,1.580620e-11
4.976283e+00,2.939287e-11,1.525793e-09,1.525793e-11
4.978796e+00,2.817646e-11,1.468366e-09,1.468366e-11
4.981309e+00,2.699218e-11,1.408361e-09,1.408361e-11
4.983823e+00,2.585121e-11,1.345897e-09,1.345897e-11
4.986336e+00,2.476494e-11,1.281271e-09,1.281271e-11
4.988849e+00,2.374321e-11,1.214999e-09,1.214999e-11
4.991362e+00,2.279372e-11,1.147831e-09,1.147831e-11
4.993876e+00,2.192393e-11,1.080802e-09,1.080802e-11
4.996389e+00,2.113898e-11,1.015254e-09,1.015254e-11
4.998902e+00,2.044257e-11,9.528166e-10,9.528166e-12
5.001416e+00,1.983839e-11,8.953575e-10,8.953575e-12
5.003929e+00,1.932745e-11,8.448590e-10,8.448590e-12
5.006442e+00,1.890813e-11,8.032471e-10,8.032471e-12
5.008955e+00,1.857933e-11,7.721583e-10,7.721583e-12
5.011469e+00,1.833848e-11,7.526136e-10,7.526136e-12
5.013982e+00,1.818185e-11,7.447896e-10,7.447896e-12
5.016495e+00,1.810465e-11,7.479251e-10,7.479251e-12
5.019008e+00,1.809965e-11,7.604516e-10,7.604516e-12
5.021522e+00,1.816087e-11,7.803560e-10,7.803560e-12
5.024035e+00,1.828073e-11,8.054617e-10,8.054617e-12
5.026548e+00,1.845061e-11,8.337062e-10,8.337062e-12
5.029062e+00,1.866345e-11,8.633368e-10,8.633368e-12
5.031575e+00,1.890991e-11,8.928968e-10,8.928968e-12
5.034088e+00,1.918141e-11,9.212664e-10,9.212664e-12
5.036601e+00,1.946982e-11,9.476416e-10,9.476416e-12
5.039115e+00,1.976590e-11,9.714458e-10,9.714458e-12
5.041628e+00,2.006326e-11,9.923322e-10,9.923322e-12
5.044141e+00,2.035517e-11,1.010121e-09,1.010121e-11
5.046654e+00,2.063391e-11,1.024755e-09,1.024755e-11
5.049168e+00,2.089442e-11,1.036319e-09,1.036319e-11
5.051681e+00,2.113282e-11,1.044986e-09,1.044986e-11
5.054194e+00,2.134552e-11,1.051014e-09,1.051014e-11
5.056708e+00,2.153031e-11,1.054744e-09,1.054744e-11
5.059221e+00,2.168592e-11,1.056577e-09,1.056577e-11
5.061734e+00,2.181244e-11,1.056957e-09,1.056957e-11
5.064247e+00,2.191062e-11,1.056358e-09,1.056358e-11
5.066761e+00,2.198160e-11,1.055256e-09,1.055256e-11
5.069274e+00,2.202857e-11,1.054110e-09,1.054110e-11
5.071787e+00,2.205535e-11,1.053327e-09,1.053327e-11
5.074300e+00,2.206559e-11,1.053211e-09,1.053211e-11
5.076814e+00,2.206311e-11,1.053942e-09,1.053942e-11
5.079327e+00,2.205276e-11,1.055582e-09,1.055582e-11
5.081840e+00,2.203954e-11,1.058053e-09,1.058053e-11
5.084354e+00,2.202698e-11,1.061141e-09,1.061141e-11
5.086867e+00,2.201951e-11,1.064542e-09,1.064542e-11
5.089380e+00,2.202122e-11,1.067890e-09,1.067890e-11
5.091893e+00,2.203505e-11,1.070798e-09,1.070798e-11
5.094407e+00,2.206385e-11,1.072926e-09,1.072926e-11
5.096920e+00,2.210904e-11,1.074018e-09,1.074018e-11
5.099433e+00,2.217089e-11,1.073929e-09,1.073929e-11
5.101946e+00,2.224954e-11,1.072631e-09,1.072631e-11
5.104460e+00,2.234267e-11,1.070224e-09,1.070224e-11
5.106973e+00,2.244729e-11,1.066934e-09,1.066934e-11
5.109486e+00,2.256116e-11,1.063068e-09,1.063068e-11
5.112000e+00,2.267904e-11,1.058928e-09,1.058928e-11
5.114513e+00,2.279489e-11,1.054782e-09,1.054782e-11
5.117026e+00,2.290315e-11,1.050821e-09,1.050821e-11
5.119539e+00,2.299726e-11,1.047088e-09,1.047088e-11
5.122053e+00,2.307099e-11,1.043459e-09,1.043459e-11
5.124566e+00,2.311867e-11,1.039649e-09,1.039649e-11
5.127079e+00,2.313463e-11,1.035216e-09,1.035216e-11
5.129592e+00,2.311338e-11,1.029622e-09,1.029622e-11
5.132106e+00,2.305180e-11,1.022323e-09,1.022323e-11
5.134619e+00,2.294798e-11,1.012794e-09,1.012794e-11
5.137132e+00,2.280154e-11,1.000617e-09,1.000617e-11
5.139646e+00,2.261496e-11,9.855685e-10,9.855685e-12
5.142159e+00,2.239179e-11,9.676504e-10,9.676504e-12
5.144672e+00,2.213776e-11,9.471199e-10,9.471199e-12
5.147185e+00,2.186130e-11,9.245134e-10,9.245134e-12
5.149699e+00,2.157217e-11,9.006504e-10,9.006504e-12
5.152212e+00,2.128284e-11,8.766213e-10,8.766213e-12
5.154725e+00,2.100684e-11,8.537065e-10,8.537065e-12
5.157239e+00,2.075727e-11,8.333138e-10,8.333138e-12
5.159752e+00,2.054963e-11,8.169252e-10,8.169252e-12
5.162265e+00,2.039859e-11,8.059254e-10,8.059254e-12
5.164778e+00,2.031714e-11,8.014616e-10,8.014616e-12
5.167292e+00,2.031761e-11,8.043790e-10,8.043790e-12
5.169805e+00,2.041031e-11,8.151304e-10,8.151304e-12
5.172318e+00,2.060311e-11,8.337554e-10,8.337554e-12
5.174831e+00,2.090028e-11,8.599473e-10,8.599473e-12
5.177345e+00,2.130339e-11,8.931466e-10,8.931466e-12
5.179858e+00,2.181098e-11,9.326402e-10,9.326402e-12
5.182371e+00,2.241713e-11,9.776234e-10,9.776234e-12
5.184885e+00,2.311333e-11,1.027252e-09,1.027252e-11
5.187398e+00,2.388764e-11,1.080670e-09,1.080670e-11
5.189911e+00,2.472471e-11,1.137008e-09,1.137008e-11
5.192424e+00,2.560829e-11,1.195391e-09,1.195391e-11
5.194938e+00,2.652040e-11,1.254951e-09,1.254951e-11
5.197451e+00,2.744259e-11,1.314804e-09,1.314804e-11
5.199964e+00,2.835603e-11,1.374081e-09,1.374081e-11
5.202477e+00,2.924317e-11,1.431963e-09,1.431963e-11
5.204991e+00,3.008845e-11,1.487689e-09,1.487689e-11
5.207504e+00,3.087777e-11,1.540568e-09,1.540568e-11
5.210017e+00,3.160096e-11,1.590027e-09,1.590027e-11
5.212531e+00,3.225045e-11,1.635613e-09,1.635613e-11
5.215044e+00,3.282205e-11,1.676971e-09,1.676971e-11
5.217557e+00,3.331532e-11,1.713863e-09,1.713863e-11
5.220070e+00,3.373262e-11,1.746175e-09,1.746175e-11
5.222584e+00,3.407909e-11,1.773887e-09,1.773887e-11
5.225097e+00,3.436190e-11,1.797065e-09,1.797065e-11
5.227610e+00,3.459052e-11,1.815860e-09,1.815860e-11
5.230123e+00,3.477526e-11,1.830494e-09,1.830494e-11
5.232637e+00,3.492566e-11,1.841249e-09,1.841249e-11
5.235150e+00,3.505153e-11,1.848464e-09,1.848464e-11
5.237663e+00,3.516161e-11,1.852549e-09,1.852549e-11
5.240177e+00,3.526221e-11,1.853950e-09,1.853950e-11
5.242690e+00,3.535832e-11,1.853144e-09,1.853144e-11
5.245203e+00,3.545244e-11,1.850632e-09,1.850632e-11
5.247716e+00,3.554442e-11,1.846922e-09,1.846922e-11
5.250230e+00,3.563195e-11,1.842494e-09,1.842494e-11
5.252743e+00,3.571088e-11,1.837772e-09,1.837772e-11
5.255256e+00,3.577538e-11,1.833107e-09,1.833107e-11
5.257769e+00,3.581873e-11,1.828776e-09,1.828776e-11
5.260283e+00,3.583487e-11,1.824982e-09,1.824982e-11
5.262796e+00,3.581751e-11,1.821837e-09,1.821837e-11
5.265309e+00,3.576099e-11,1.819391e-09,1.819391e-11
5.267823e+00,3.566238e-11,1.817663e-09,1.817663e-11
5.270336e+00,3.552013e-11,1.816661e-09,1.816661e-11
5.272849e+00,3.533392e-11,1.816401e-09,1.816401e-11
5.275362e+00,3.510758e-11,1.816945e-09,1.816945e-11
5.277876e+00,3.484803e-11,1.818392e-09,1.818392e-11
5.280389e+00,3.456196e-11,1.820862e-09,1.820862e-11
5.282902e+00,3.425813e-11,1.824497e-09,1.824497e-11
5.285415e+00,3.394771e-11,1.829454e-09,1.829454e-11
5.287929e+00,3.364175e-11,1.835858e-09,1.835858e-11
5.290442e+00,3.335089e-11,1.843751e-09,1.843751e-11
5.292955e+00,3.308489e-11,1.853089e-09,1.853089e-11
5.295469e+00,3.285203e-11,1.863735e-09,1.863735e-11
5.297982e+00,3.265814e-11,1.875435e-09,1.875435e-11
5.300495e+00,3.250650e-11,1.887819e-09,1.887819e-11
5.303008e+00,3.239790e-11,1.900397e-09,1.900397e-11
5.305522e+00,3.232942e-11,1.912581e-09,1.912581e-11
5.308035e+00,3.229591e-11,1.923709e-09,1.923709e-11
5.310548e+00,3.228967e-11,1.933075e-09,1.933075e-11
5.313061e+00,3.229960e-11,1.939955e-09,1.939955e-11
5.315575e+00,3.231333e-11,1.943650e-09,1.943650e-11
5.318088e+00,3.231779e-11,1.943512e-09,1.943512e-11
5.320601e+00,3.229964e-11,1.938967e-09,1.938967e-11
5.323115e+00,3.224516e-11,1.929555e-09,1.929555e-11
5.325628e+00,3.214153e-11,1.914957e-09,1.914957e-11
5.328141e+00,3.197895e-11,1.895022e-09,1.895022e-11
5.330654e+00,3.174871e-11,1.869763e-09,1.869763e-11
5.333168e+00,3.144514e-11,1.839358e-09,1.839358e-11
5.335681e+00,3.106694e-11,1.804147e-09,1.804147e-11
5.338194e+00,3.061440e-11,1.764615e-09,1.764615e-11
5.340708e+00,3.009155e-11,1.721365e-09,1.721365e-11
5.343221e+00,2.950609e-11,1.675074e-09,1.675074e-11
5.345734e+00,2.886739e-11,1.626449e-09,1.626449e-11
5.348247e+00,2.818736e-11,1.576183e-09,1.576183e-11
5.350761e+00,2.747975e-11,1.524925e-09,1.524925e-11
5.353274e+00,2.675897e-11,1.473258e-09,1.473258e-11
5.355787e+00,2.604032e-11,1.421685e-09,1.421685e-11
5.358300e+00,2.533848e-11,1.370625e-09,1.370625e-11
5.360814e+00,2.466663e-11,1.320443e-09,1.320443e-11
5.363327e+00,2.403728e-11,1.271492e-09,1.271492e-11
5.365840e+00,2.346064e-11,1.224123e-09,1.224123e-11
5.368354e+00,2.294391e-11,1.178744e-09,1.178744e-11
5.370867e+00,2.249172e-11,1.135841e-09,1.135841e-11
5.373380e+00,2.210736e-11,1.095988e-09,1.095988e-11
5.375893e+00,2.179141e-11,1.059802e-09,1.059802e-11
5.378407e+00,2.154050e-11,1.027848e-09,1.027848e-11
5.380920e+00,2.134960e-11,1.000553e-09,1.000553e-11
5.383433e+00,2.121283e-11,9.781383e-10,9.781383e-12
5.385946e+00,2.112346e-11,9.605611e-10,9.605611e-12
5.388460e+00,2.107380e-11,9.474694e-10,9.474694e-12
5.390973e+00,2.105618e-11,9.381724e-10,9.381724e-12
5.393486e+00,2.106333e-11,9.317458e-10,9.317458e-12
5.396000e+00,2.108947e-11,9.271890e-10,9.271890e-12
5.398513e+00,2.113031e-11,9.235200e-10,9.235200e-12
5.401026e+00,2.118235e-11,9.199244e-10,9.199244e-12
5.403539e+00,2.124541e-11,9.158646e-10,9.158646e-12
5.406053e+00,2.132162e-11,9.110928e-10,9.110928e-12
5.408566e+00,2.141369e-11,9.057022e-10,9.057022e-12
5.411079e+00,2.152638e-11,9.001039e-10,9.001039e-12
5.413592e+00,2.166620e-11,8.949307e-10,8.949307e-12
5.416106e+00,2.183990e-11,8.909641e-10,8.909641e-12
5.418619e+00,2.205235e-11,8.890055e-10,8.890055e-12
5.421132e+00,2.230878e-11,8.898226e-10,8.898226e-12
5.423646e+00,2.261449e-11,8.940951e-10,8.940951e-12
5.426159e+00,2.297063e-11,9.022166e-10,9.022166e-12
5.428672e+00,2.337529e-11,9.142927e-10,9.142927e-12
5.431185e+00,2.382459e-11,9.302447e-10,9.302447e-12
5.433699e+00,2.431187e-11,9.497407e-10,9.497407e-12
5.436212e+00,2.482694e-11,9.722388e-10,9.722388e-12
5.438725e+00,2.535787e-11,9.970983e-10,9.970983e-12
5.441238e+00,2.589072e-11,1.023549e-09,1.023549e-11
5.443752e+00,2.640882e-11,1.050716e-09,1.050716e-11
5.446265e+00,2.689615e-11,1.077723e-09,1.077723e-11
5.448778e+00,2.733760e-11,1.103750e-09,1.103750e-11
5.451292e+00,2.771998e-11,1.128055e-09,1.128055e-11
5.453805e+00,2.803185e-11,1.149998e-09,1.149998e-11
5.456318e+00,2.826447e-11,1.169128e-09,1.169128e-11
5.458831e+00,2.841450e-11,1.185251e-09,1.185251e-11
5.461345e+00,2.848238e-11,1.198436e-09,1.198436e-11
5.463858e+00,2.847352e-11,1.209020e-09,1.209020e-11
5.466371e+00,2.839826e-11,1.217599e-09,1.217599e-11
5.468884e+00,2.827076e-11,1.224964e-09,1.224964e-11
5.471398e+00,2.810860e-11,1.232021e-09,1.232021e-11
5.473911e+00,2.793296e-11,1.239724e-09,1.239724e-11
5.476424e+00,2.776723e-11,1.248987e-09,1.248987e-11
5.478938e+00,2.763365e-11,1.260584e-09,1.260584e-11
5.481451e+00,2.755482e-11,1.275123e-09,1.275123e-11
5.483964e+00,2.755274e-11,1.293062e-09,1.293062e-11
5.486477e+00,2.764469e-11,1.314685e-09,1.314685e-11
5.488991e+00,2.784479e-11,1.340194e-09,1.340194e-11
5.491504e+00,2.816311e-11,1.369782e-09,1.369782e-11
5.494017e+00,2.860390e-11,1.403629e-09,1.403629e-11
5.496531e+00,2.916663e-11,1.441910e-09,1.441910e-11
5.499044e+00,2.984519e-11,1.484789e-09,1.484789e-11
5.501557e+00,3.062823e-11,1.532360e-09,1.532360e-11
5.504070e+00,3.149967e-11,1.584572e-09,1.584572e-11
5.506584e+00,3.244055e-11,1.641172e-09,1.641172e-11
5.509097e+00,3.342964e-11,1.701666e-09,1.701666e-11
5.511610e+00,3.444338e-11,1.765303e-09,1.765303e-11
5.514123e+00,3.545704e-11,1.831091e-09,1.831091e-11
5.516637e+00,3.644732e-11,1.897845e-09,1.897845e-11
5.519150e+00,3.739318e-11,1.964247e-09,1.964247e-11
5.521663e+00,3.827366e-11,2.028924e-09,2.028924e-11
5.524177e+00,3.907089e-11,2.090505e-09,2.090505e-11
5.526690e+00,3.977158e-11,2.147677e-09,2.147677e-11
5.529203e+00,4.036453e-11,2.199227e-09,2.199227e-11
5.531716e+00,4.084208e-11,2.244086e-09,2.244086e-11
5.534230e+00,4.120042e-11,2.281346e-09,2.281346e-11
5.536743e+00,4.143777e-11,2.310271e-09,2.310271e-11
5.539256e+00,4.155535e-11,2.330297e-09,2.330297e-11
5.541769e+00,4.155681e-11,2.341045e-09,2.341045e-11
5.544283e+00,4.144690e-11,2.342325e-09,2.342325e-11
5.546796e+00,4.123148e-11,2.334135e-09,2.334135e-11
5.549309e+00,4.091622e-11,2.316648e-09,2.316648e-11
5.551823e+00,4.050604e-11,2.290204e-09,2.290204e-11
5.554336e+00,4.000702e-11,2.255316e-09,2.255316e-11
5.556849e+00,3.942467e-11,2.212639e-09,2.212639e-11
5.559362e+00,3.876235e-11,2.162924e-09,2.162924e-11
5.561876e+00,3.802342e-11,2.107005e-09,2.107005e-11
5.564389e+00,3.721034e-11,2.045739e-09,2.045739e-11
5.566902e+00,3.632466e-11,1.979934e-09,1.979934e-11
5.569415e+00,3.536830e-11,1.910306e-09,1.910306e-11
5.571929e+00,3.434295e-11,1.837444e-09,1.837444e-11
5.574442e+00,3.325052e-11,1.761767e-09,1.761767e-11
5.576955e+00,3.209448e-11,1.683538e-09,1.683538e-11
5.579469e+00,3.087906e-11,1.602878e-09,1.602878e-11
5.581982e+00,2.961035e-11,1.519823e-09,1.519823e-11
5.584495e+00,2.829705e-11,1.434421e-09,1.434421e-11
5.587008e+00,2.695006e-11,1.346829e-09,1.346829e-11
5.589522e+00,2.558185e-11,1.257401e-09,1.257401e-11
5.592035e+00,2.420709e-11,1.166790e-09,1.166790e-11
5.594548e+00,2.284402e-11,1.076026e-09,1.076026e-11
5.597061e+00,2.151188e-11,9.865597e-10,9.865597e-12
5.599575e+00,2.023252e-11,9.002822e-10,9.002822e-12
5.602088e+00,1.902912e-11,8.194423e-10,8.194423e-12
5.604601e+00,1.792417e-11,7.464678e-10,7.464678e-12
5.607115e+00,1.694070e-11,6.837101e-10,6.837101e-12
5.609628e+00,1.610014e-11,6.330201e-10,6.330201e-12
5.612141e+00,1.542218e-11,5.952713e-10,5.952713e-12
5.614654e+00,1.492412e-11,5.701043e-10,5.701043e-12
5.617168e+00,1.461875e-11,5.560243e-10,5.560243e-12
5.619681e+00,1.451380e-11,5.509389e-10,5.509389e-12
5.622194e+00,1.461232e-11,5.529761e-10,5.529761e-12
5.624707e+00,1.491244e-11,5.610985e-10,5.610985e-12
5.627221e+00,1.540525e-11,5.752913e-10,5.752913e-12
5.629734e+00,1.607572e-11,5.963909e-10,5.963909e-12
5.632247e+00,1.690377e-11,6.255693e-10,6.255693e-12
5.634761e+00,1.786315e-11,6.636563e-10,6.636563e-12
5.637274e+00,1.892429e-11,7.106238e-10,7.106238e-12
5.639787e+00,2.005443e-11,7.653228e-10,7.653228e-12
5.642300e+00,2.121732e-11,8.255517e-10,8.255517e-12
5.644814e+00,2.237637e-11,8.884462e-10,8.884462e-12
5.647327e+00,2.349651e-11,9.508550e-10,9.508550e-12
5.649840e+00,2.454423e-11,1.009615e-09,1.009615e-11
5.652354e+00,2.548895e-11,1.061888e-09,1.061888e-11
5.654867e+00,2.630629e-11,1.105413e-09,1.105413e-11
5.657380e+00,2.697743e-11,1.138598e-09,1.138598e-11
5.659893e+00,2.748944e-11,1.160608e-09,1.160608e-11
5.662407e+00,2.783643e-11,1.171458e-09,1.171458e-11
5.664920e+00,2.802048e-11,1.172023e-09,1.172023e-11
5.667433e+00,2.805189e-11,1.163964e-09,1.163964e-11
5.669946e+00,2.794694e-11,1.149597e-09,1.149597e-11
5.672460e+00,2.772685e-11,1.131686e-09,1.131686e-11
5.674973e+00,2.741783e-11,1.113183e-09,1.113183e-11
5.677486e+00,2.705113e-11,1.096899e-09,1.096899e-11
5.680000e+00,2.665965e-11,1.085127e-09,1.085127e-11
5.682513e+00,2.627530e-11,1.079370e-09,1.079370e-11
5.685026e+00,2.593036e-11,1.080228e-09,1.080228e-11
5.687539e+00,2.565588e-11,1.087483e-09,1.087483e-11
5.690053e+00,2.547821e-11,1.100356e-09,1.100356e-11
5.692566e+00,2.541818e-11,1.117871e-09,1.117871e-11
5.695079e+00,2.549282e-11,1.139227e-09,1.139227e-11
5.697592e+00,2.571384e-11,1.164050e-09,1.164050e-11
5.700106e+00,2.608469e-11,1.192484e-09,1.192484e-11
5.702619e+00,2.660342e-11,1.225141e-09,1.225141e-11
5.705132e+00,2.726373e-11,1.262928e-09,1.262928e-11
5.707646e+00,2.805331e-11,1.306746e-09,1.306746e-11
5.710159e+00,2.895579e-11,1.357205e-09,1.357205e-11
5.712672e+00,2.995139e-11,1.414427e-09,1.414427e-11
5.715185e+00,3.101815e-11,1.477932e-09,1.477932e-11
5.717699e+00,3.213384e-11,1.546624e-09,1.546624e-11
5.720212e+00,3.327540e-11,1.618888e-09,1.618888e-11
5.722725e+00,3.442082e-11,1.692810e-09,1.692810e-11
5.725238e+00,3.555038e-11,1.766414e-09,1.766414e-11
5.727752e+00,3.664717e-11,1.837808e-09,1.837808e-11
5.730265e+00,3.769711e-11,1.905330e-09,1.905330e-11
5.732778e+00,3.868853e-11,1.967699e-09,1.967699e-11
5.735292e+00,3.961427e-11,2.024092e-09,2.024092e-11
5.737805e+00,4.047081e-11,2.074154e-09,2.074154e-11
5.740318e+00,4.125795e-11,2.117995e-09,2.117995e-11
5.742831e+00,4.197808e-11,2.156143e-09,2.156143e-11
5.745345e+00,4.263585e-11,2.189484e-09,2.189484e-11
5.747858e+00,4.323834e-11,2.219155e-09,2.219155e-11
5.750371e+00,4.379281e-11,2.246425e-09,2.246425e-11
5.752884e+00,4.430655e-11,2.272580e-09,2.272580e-11
5.755398e+00,4.478638e-11,2.298838e-09,2.298838e-11
5.757911e+00,4.523895e-11,2.326231e-09,2.326231e-11
5.760424e+00,4.566950e-11,2.355488e-09,2.355488e-11
5.762938e+00,4.608028e-11,2.386984e-09,2.386984e-11
5.765451e+00,4.647074e-11,2.420733e-09,2.420733e-11
5.767964e+00,4.683833e-11,2.456391e-09,2.456391e-11
5.770477e+00,4.717903e-11,2.493298e-09,2.493298e-11
5.772991e+00,4.748557e-11,2.530518e-09,2.530518e-11
5.775504e+00,4.774754e-11,2.566898e-09,2.566898e-11
5.778017e+00,4.795398e-11,2.601175e-09,2.601175e-11
5.780530e+00,4.809417e-11,2.632040e-09,2.632040e-11
5.783044e+00,4.815544e-11,2.658171e-09,2.658171e-11
5.785557e+00,4.812538e-11,2.678317e-09,2.678317e-11
5.788070e+00,4.799334e-11,2.691368e-09,2.691368e-11
5.790584e+00,4.774947e-11,2.696358e-09,2.696358e-11
5.793097e+00,4.738635e-11,2.692499e-09,2.692499e-11
5.795610e+00,4.689926e-11,2.679230e-09,2.679230e-11
5.798123e+00,4.628644e-11,2.656235e-09,2.656235e-11
5.800637e+00,4.554896e-11,2.623426e-09,2.623426e-11
5.803150e+00,4.469149e-11,2.580940e-09,2.580940e-11
5.805663e+00,4.372202e-11,2.529154e-09,2.529154e-11
5.808176e+00,4.265099e-11,2.468674e-09,2.468674e-11
5.810690e+00,4.149192e-11,2.400297e-09,2.400297e-11
5.813203e+00,4.026012e-11,2.324984e-09,2.324984e-11
5.815716e+00,3.897274e-11,2.243853e-09,2.243853e-11
5.818230e+00,3.764871e-11,2.158137e-09,2.158137e-11
5.820743e+00,3.630635e-11,2.069130e-09,2.069130e-11
5.823256e+00,3.496345e-11,1.978159e-09,1.978159e-11
5.825769e+00,3.363819e-11,1.886558e-09,1.886558e-11
5.828283e+00,3.234642e-11,1.795624e-09,1.795624e-11
5.830796e+00,3.110231e-11,1.706553e-09,1.706553e-11
5.833309e+00,2.991836e-11,1.620418e-09,1.620418e-11
5.835823e+00,2.880395e-11,1.538151e-09,1.538151e-11
5.838336e+00,2.776649e-11,1.460508e-09,1.460508e-11
5.840849e+00,2.681076e-11,1.388056e-09,1.388056e-11
5.843362e+00,2.593941e-11,1.321163e-09,1.321163e-11
5.845876e+00,2.515275e-11,1.260004e-09,1.260004e-11
5.848389e+00,2.444959e-11,1.204584e-09,1.204584e-11
5.850902e+00,2.382682e-11,1.154774e-09,1.154774e-11
5.853415e+00,2.328033e-11,1.110356e-09,1.110356e-11
5.855929e+00,2.280561e-11,1.071062e-09,1.071062e-11
5.858442e+00,2.239704e-11,1.036597e-09,1.036597e-11
5.860955e+00,2.204948e-11,1.006656e-09,1.006656e-11
5.863469e+00,2.175724e-11,9.809407e-10,9.809407e-12
5.865982e+00,2.151512e-11,9.591561e-10,9.591561e-12
5.868495e+00,2.131877e-11,9.410003e-10,9.410003e-12
5.871008e+00,2.116465e-11,9.261345e-10,9.261345e-12
5.873522e+00,2.104900e-11,9.141650e-10,9.141650e-12
5.876035e+00,2.096856e-11,9.046434e-10,9.046434e-12
5.878548e+00,2.092171e-11,8.970856e-10,8.970856e-12
5.881061e+00,2.090583e-11,8.909961e-10,8.909961e-12
5.883575e+00,2.091875e-11,8.858974e-10,8.858974e-12
5.886088e+00,2.095886e-11,8.813598e-10,8.813598e-12
5.888601e+00,2.102354e-11,8.770442e-10,8.770442e-12
5.891115e+00,2.111032e-11,8.727449e-10,8.727449e-12
5.893628e+00,2.121728e-11,8.684013e-10,8.684013e-12
5.896141e+00,2.134195e-11,8.640829e-10,8.640829e-12
5.898654e+00,2.148094e-11,8.599374e-10,8.599374e-12
5.901168e+00,2.163036e-11,8.561730e-10,8.561730e-12
5.903681e+00,2.178742e-11,8.530603e-10,8.530603e-12
5.906194e+00,2.194876e-11,8.508237e-10,8.508237e-12
5.908707e+00,2.210933e-11,8.495666e-10,8.495666e-12
5.911221e+00,2.226652e-11,8.493007e-10,8.493007e-12
5.913734e+00,2.241766e-11,8.499168e-10,8.499168e-12
5.916247e+00,2.255883e-11,8.511602e-10,8.511602e-12
5.918761e+00,2.268830e-11,8.526962e-10,8.526962e-12
5.921274e+00,2.280541e-11,8.541622e-10,8.541622e-12
5.923787e+00,2.290939e-11,8.551768e-10,8.551768e-12
5.926300e+00,2.299958e-11,8.553968e-10,8.553968e-12
5.928814e+00,2.307745e-11,8.546361e-10,8.546361e-12
5.931327e+00,2.314674e-11,8.528933e-10,8.528933e-12
5.933840e+00,2.321091e-11,8.503032e-10,8.503032e-12
5.936353e+00,2.327412e-11,8.471887e-10,8.471887e-12
5.938867e+00,2.334173e-11,8.441235e-10,8.441235e-12
5.941380e+00,2.342064e-11,8.418992e-10,8.418992e-12
5.943893e+00,2.351868e-11,8.414662e-10,8.414662e-12
5.946407e+00,2.364251e-11,8.438843e-10,8.438843e-12
5.948920e+00,2.379942e-11,8.503174e-10,8.503174e-12
5.951433e+00,2.399755e-11,8.619516e-10,8.619516e-12
5.953946e+00,2.424350e-11,8.798573e-10,8.798573e-12
5.956460e+00,2.454348e-11,9.049655e-10,9.049655e-12
5.958973e+00,2.490293e-11,9.380011e-10,9.380011e-12
5.961486e+00,2.532528e-11,9.793886e-10,9.793886e-12
5.963999e+00,2.581308e-11,1.029250e-09,1.029250e-11
5.966513e+00,2.636653e-11,1.087422e-09,1.087422e-11
5.969026e+00,2.698413e-11,1.153494e-09,1.153494e-11
5.971539e+00,2.766341e-11,1.226832e-09,1.226832e-11
5.974053e+00,2.839863e-11,1.306604e-09,1.306604e-11
5.976566e+00,2.918233e-11,1.391824e-09,1.391824e-11
5.979079e+00,3.000614e-11,1.481391e-09,1.481391e-11
5.981592e+00,3.086019e-11,1.574099e-09,1.574099e-11
5.984106e+00,3.173330e-11,1.668650e-09,1.668650e-11
5.986619e+00,3.261311e-11,1.763682e-09,1.763682e-11
5.989132e+00,3.348709e-11,1.857800e-09,1.857800e-11
5.991646e+00,3.434291e-11,1.949587e-09,1.949587e-11
5.994159e+00,3.516887e-11,2.037628e-09,2.037628e-11
5.996672e+00,3.595422e-11,2.120540e-09,2.120540e-11
5.999185e+00,3.668845e-11,2.196985e-09,2.196985e-11
6.001699e+00,3.736275e-11,2.265709e-09,2.265709e-11
6.004212e+00,3.797015e-11,2.325583e-09,2.325583e-11
6.006725e+00,3.850449e-11,2.375616e-09,2.375616e-11
6.009238e+00,3.896130e-11,2.414996e-09,2.414996e-11
6.011752e+00,3.933843e-11,2.443133e-09,2.443133e-11
6.014265e+00,3.963497e-11,2.459663e-09,2.459663e-11
6.016778e+00,3.984996e-11,2.464461e-09,2.464461e-11
6.019292e+00,3.998277e-11,2.457694e-09,2.457694e-11
6.021805e+00,4.003467e-11,2.439839e-09,2.439839e-11
6.024318e+00,4.000767e-11,2.411642e-09,2.411642e-11
6.026831e+00,3.990176e-11,2.374102e-09,2.374102e-11
6.029345e+00,3.971723e-11,2.328453e-09,2.328453e-11
6.031858e+00,3.945494e-11,2.276088e-09,2.276088e-11
6.034371e+00,3.911374e-11,2.218482e-09,2.218482e-11
6.036884e+00,3.869289e-11,2.157126e-09,2.157126e-11
6.039398e+00,3.819141e-11,2.093421e-09,2.093421e-11
6.041911e+00,3.760713e-11,2.028574e-09,2.028574e-11
6.044424e+00,3.693887e-11,1.963522e-09,1.963522e-11
6.046938e+00,3.618543e-11,1.898864e-09,1.898864e-11
6.049451e+00,3.534604e-11,1.834844e-09,1.834844e-11
6.051964e+00,3.442111e-11,1.771386e-09,1.771386e-11
6.054477e+00,3.341232e-11,1.708146e-09,1.708146e-11
6.056991e+00,3.232343e-11,1.644596e-09,1.644596e-11
6.059504e+00,3.115965e-11,1.580150e-09,1.580150e-11
6.062017e+00,2.992853e-11,1.514268e-09,1.514268e-11
6.064530e+00,2.863929e-11,1.446535e-09,1.446535e-11
6.067044e+00,2.730310e-11,1.376749e-09,1.376749e-11
6.069557e+00,2.593369e-11,1.304973e-09,1.304973e-11
6.072070e+00,2.454566e-11,1.231536e-09,1.231536e-11
6.074584e+00,2.315512e-11,1.157022e-09,1.157022e-11
6.077097e+00,2.177867e-11,1.082234e-09,1.082234e-11
6.079610e+00,2.043291e-11,1.008137e-09,1.008137e-11
6.082123e+00,1.913483e-11,9.357961e-10,9.357961e-12
6.084637e+00,1.790051e-11,8.663057e-10,8.663057e-12
6.087150e+00,1.674429e-11,8.007311e-10,8.007311e-12
6.089663e+00,1.567881e-11,7.400507e-10,7.400507e-12
6.092176e+00,1.471483e-11,6.850925e-10,6.850925e-12
6.094690e+00,1.386056e-11,6.365028e-10,6.365028e-12
6.097203e+00,1.312254e-11,5.947196e-10,5.947196e-12
6.099716e+00,1.250423e-11,5.599305e-10,5.599305e-12
6.102230e+00,1.200595e-11,5.320792e-10,5.320792e-12
6.104743e+00,1.162686e-11,5.109113e-10,5.109113e-12
6.107256e+00,1.136301e-11,4.959974e-10,4.959974e-12
6.109769e+00,1.120835e-11,4.867765e-10,4.867765e-12
6.112283e+00,1.115676e-11,4.826422e-10,4.826422e-12
6.114796e+00,1.120034e-11,4.829851e-10,4.829851e-12
6.117309e+00,1.132927e-11,4.872089e-10,4.872089e-12
6.119822e+00,1.153399e-11,4.947752e-10,4.947752e-12
6.122336e+00,1.180504e-11,5.052164e-10,5.052164e-12
6.124849e+00,1.213272e-11,5.181270e-10,5.181270e-12
6.127362e+00,1.250802e-11,5.331623e-10,5.331623e-12
6.129876e+00,1.292215e-11,5.500154e-10,5.500154e-12
6.132389e+00,1.336595e-11,5.684070e-10,5.684070e-12
6.134902e+00,1.383167e-11,5.880979e-10,5.880979e-12
6.137415e+00,1.431277e-11,6.088634e-10,6.088634e-12
6.139929e+00,1.480207e-11,6.304603e-10,6.304603e-12
6.142442e+00,1.529313e-11,6.526471e-10,6.526471e-12
6.144955e+00,1.578053e-11,6.751999e-10,6.751999e-12
6.147469e+00,1.625919e-11,6.978741e-10,6.978741e-12
6.149982e+00,1.672255e-11,7.203790e-10,7.203790e-12
6.152495e+00,1.716520e-11,7.424125e-10,7.424125e-12
6.155008e+00,1.758319e-11,7.636917e-10,7.636917e-12
6.157522e+00,1.797144e-11,7.839392e-10,7.839392e-12
6.160035e+00,1.832520e-11,8.028629e-10,8.028629e-12
6.162548e+00,1.863980e-11,8.201746e-10,8.201746e-12
6.165061e+00,1.891152e-11,8.356395e-10,8.356395e-12
6.167575e+00,1.913762e-11,8.490722e-10,8.490722e-12
6.170088e+00,1.931478e-11,8.602952e-10,8.602952e-12
6.172601e+00,1.944056e-11,8.691605e-10,8.691605e-12
6.175115e+00,1.951442e-11,8.755962e-10,8.755962e-12
6.177628e+00,1.953605e-11,8.795901e-10,8.795901e-12
6.180141e+00,1.950576e-11,8.811682e-10,8.811682e-12
6.182654e+00,1.942616e-11,8.803931e-10,8.803931e-12
6.185168e+00,1.930029e-11,8.773466e-10,8.773466e-12
6.187681e+00,1.913086e-11,8.721328e-10,8.721328e-12
6.190194e+00,1.892300e-11,8.648933e-10,8.648933e-12
6.192707e+00,1.868265e-11,8.557820e-10,8.557820e-12
6.195221e+00,1.841528e-11,8.449581e-10,8.449581e-12
6.197734e+00,1.812793e-11,8.326176e-10,8.326176e-12
6.200247e+00,1.782827e-11,8.189923e-10,8.189923e-12
6.202761e+00,1.752296e-11,8.043231e-10,8.043231e-12
6.205274e+00,1.721765e-11,7.888849e-10,7.888849e-12
6.207787e+00,1.691900e-11,7.730438e-10,7.730438e-12
6.210300e+00,1.663324e-11,7.572350e-10,7.572350e-12
6.212814e+00,1.636410e-11,7.419162e-10,7.419162e-12
6.215327e+00,1.611487e-11,7.276198e-10,7.276198e-12
6.217840e+00,1.588876e-11,7.149637e-10,7.149637e-12
6.220353e+00,1.568696e-11,7.045554e-10,7.045554e-12
6.222867e+00,1.550955e-11,6.969780e-10,6.969780e-12
6.225380e+00,1.535686e-11,6.927957e-10,6.927957e-12
6.227893e+00,1.522797e-11,6.924690e-10,6.924690e-12
6.230407e+00,1.512113e-11,6.963101e-10,6.963101e-12
6.232920e+00,1.503516e-11,7.044871e-10,7.044871e-12
6.235433e+00,1.496878e-11,7.170210e-10,7.170210e-12
6.237946e+00,1.492151e-11,7.337929e-10,7.337929e-12
6.240460e+00,1.489417e-11,7.545484e-10,7.545484e-12
6.242973e+00,1.488729e-11,7.789239e-10,7.789239e-12
6.245486e+00,1.490272e-11,8.064948e-10,8.064948e-12
6.247999e+00,1.494446e-11,8.367838e-10,8.367838e-12
6.250513e+00,1.501642e-11,8.692555e-10,8.692555e-12
6.253026e+00,1.512331e-11,9.033439e-10,9.033439e-12
6.255539e+00,1.527108e-11,9.384714e-10,9.384714e-12
6.258053e+00,1.546540e-11,9.740543e-10,9.740543e-12
6.260566e+00,1.571145e-11,1.009520e-09,1.009520e-11
6.263079e+00,1.601340e-11,1.044332e-09,1.044332e-11
6.265592e+00,1.637446e-11,1.078025e-09,1.078025e-11
6.268106e+00,1.679615e-11,1.110217e-09,1.110217e-11
6.270619e+00,1.727678e-11,1.140621e-09,1.140621e-11
6.273132e+00,1.781265e-11,1.169049e-09,1.169049e-11
6.275645e+00,1.839732e-11,1.195396e-09,1.195396e-11
6.278159e+00,1.902099e-11,1.219628e-09,1.219628e-11
6.280672e+00,1.967201e-11,1.241746e-09,1.241746e-11
6.283185e+00,2.033537e-11,1.261744e-09,1.261744e-11
6.285699e+00,2.099439e-11,1.279572e-09,1.279572e-11
6.288212e+00,2.163204e-11,1.295121e-09,1.295121e-11
6.290725e+00,2.223003e-11,1.308198e-09,1.308198e-11
6.293238e+00,2.277098e-11,1.318548e-09,1.318548e-11
6.295752e+00,2.323923e-11,1.325881e-09,1.325881e-11
6.298265e+00,2.362055e-11,1.329915e-09,1.329915e-11
6.300778e+00,2.390439e-11,1.330432e-09,1.330432e-11
6.303292e+00,2.408419e-11,1.327331e-09,1.327331e-11
6.305805e+00,2.415682e-11,1.320667e-09,1.320667e-11
6.308318e+00,2.412321e-11,1.310692e-09,1.310692e-11
6.310831e+00,2.398991e-11,1.297857e-09,1.297857e-11
6.313345e+00,2.376807e-11,1.282787e-09,1.282787e-11
6.315858e+00,2.347111e-11,1.266221e-09,1.266221e-11
6.318371e+00,2.311578e-11,1.248947e-09,1.248947e-11
6.320884e+00,2.272216e-11,1.231726e-09,1.231726e-11
6.323398e+00,2.231153e-11,1.215208e-09,1.215208e-11
6.325911e+00,2.190511e-11,1.199858e-09,1.199858e-11
6.328424e+00,2.152376e-11,1.185933e-09,1.185933e-11
6.330938e+00,2.118657e-11,1.173497e-09,1.173497e-11
6.333451e+00,2.090895e-11,1.162461e-09,1.162461e-11
6.335964e+00,2.070356e-11,1.152656e-09,1.152656e-11
6.338477e+00,2.057935e-11,1.143914e-09,1.143914e-11
6.340991e+00,2.053981e-11,1.136145e-09,1.136145e-11
6.343504e+00,2.058438e-11,1.129386e-09,1.129386e-11
6.346017e+00,2.070788e-11,1.123812e-09,1.123812e-11
6.348530e+00,2.090037e-11,1.119694e-09,1.119694e-11
6.351044e+00,2.114910e-11,1.117333e-09,1.117333e-11
6.353557e+00,2.143852e-11,1.116951e-09,1.116951e-11
6.356070e+00,2.175021e-11,1.118602e-09,1.118602e-11
6.358584e+00,2.206587e-11,1.122106e-09,1.122106e-11
6.361097e+00,2.236770e-11,1.127005e-09,1.127005e-11
6.363610e+00,2.263870e-11,1.132580e-09,1.132580e-11
6.366123e+00,2.286389e-11,1.137914e-09,1.137914e-11
6.368637e+00,2.303135e-11,1.141995e-09,1.141995e-11
6.371150e+00,2.313395e-11,1.143840e-09,1.143840e-11
6.373663e+00,2.316811e-11,1.142607e-09,1.142607e-11
6.376176e+00,2.313429e-11,1.137703e-09,1.137703e-11
6.378690e+00,2.303802e-11,1.128873e-09,1.128873e-11
6.381203e+00,2.288885e-11,1.116244e-09,1.116244e-11
6.383716e+00,2.269912e-11,1.100372e-09,1.100372e-11
6.386230e+00,2.248495e-11,1.082238e-09,1.082238e-11
6.388743e+00,2.226511e-11,1.063207e-09,1.063207e-11
6.391256e+00,2.205886e-11,1.044965e-09,1.044965e-11
6.393769e+00,2.188582e-11,1.029394e-09,1.029394e-11
6.396283e+00,2.176448e-11,1.018425e-09,1.018425e-11
6.398796e+00,2.171228e-11,1.013832e-09,1.013832e-11
6.401309e+00,2.174435e-11,1.017034e-09,1.017034e-11
6.403822e+00,2.187234e-11,1.028902e-09,1.028902e-11
6.406336e+00,2.210394e-11,1.049668e-09,1.049668e-11
6.408849e+00,2.244254e-11,1.078942e-09,1.078942e-11
6.411362e+00,2.288742e-11,1.115816e-09,1.115816e-11
6.413876e+00,2.343299e-11,1.159018e-09,1.159018e-11
6.416389e+00,2.406978e-11,1.207074e-09,1.207074e-11
6.418902e+00,2.478473e-11,1.258435e-09,1.258435e-11
6.421415e+00,2.556156e-11,1.311610e-09,1.311610e-11
6.423929e+00,2.638154e-11,1.365212e-09,1.365212e-11
6.426442e+00,2.722425e-11,1.417955e-09,1.417955e-11
6.428955e+00,2.806829e-11,1.468708e-09,1.468708e-11
6.431468e+00,2.889282e-11,1.516495e-09,1.516495e-11
6.433982e+00,2.967819e-11,1.560470e-09,1.560470e-11
6.436495e+00,3.040581e-11,1.599938e-09,1.599938e-11
6.439008e+00,3.106040e-11,1.634367e-09,1.634367e-11
6.441522e+00,3.162942e-11,1.663375e-09,1.663375e-11
6.444035e+00,3.210403e-11,1.686723e-09,1.686723e-11
6.446548e+00,3.247866e-11,1.704293e-09,1.704293e-11
6.449061e+00,3.274999e-11,1.716116e-09,1.716116e-11
6.451575e+00,3.292061e-11,1.722387e-09,1.722387e-11
6.454088e+00,3.299587e-11,1.723398e-09,1.723398e-11
6.456601e+00,3.298233e-11,1.719517e-09,1.719517e-11
6.459114e+00,3.288993e-11,1.711213e-09,1.711213e-11
6.461628e+00,3.273029e-11,1.699016e-09,1.699016e-11
6.464141e+00,3.251586e-11,1.683475e-09,1.683475e-11
6.466654e+00,3.225909e-11,1.665159e-09,1.665159e-11
6.469168e+00,3.197243e-11,1.644649e-09,1.644649e-11
6.471681e+00,3.166796e-11,1.622513e-09,1.622513e-11
6.474194e+00,3.135637e-11,1.599310e-09,1.599310e-11
6.476707e+00,3.104689e-11,1.575568e-09,1.575568e-11
6.479221e+00,3.074573e-11,1.551736e-09,1.551736e-11
6.481734e+00,3.045743e-11,1.528230e-09,1.528230e-11
6.484247e+00,3.018594e-11,1.505461e-09,1.505461e-11
6.486761e+00,2.993274e-11,1.483755e-09,1.483755e-11
6.489274e+00,2.969694e-11,1.463358e-09,1.463358e-11
6.491787e+00,2.947620e-11,1.444470e-09,1.444470e-11
6.494300e+00,2.926764e-11,1.427179e-09,1.427179e-11
6.496814e+00,2.906677e-11,1.411469e-09,1.411469e-11
6.499327e+00,2.886828e-11,1.397266e-09,1.397266e-11
6.501840e+00,2.866802e-11,1.384409e-09,1.384409e-11
6.504353e+00,2.846119e-11,1.372634e-09,1.372634e-11
6.506867e+00,2.824281e-11,1.361617e-09,1.361617e-11
6.509380e+00,2.800844e-11,1.350989e-09,1.350989e-11
6.511893e+00,2.775471e-11,1.340335e-09,1.340335e-11
6.514407e+00,2.747900e-11,1.329219e-09,1.329219e-11
6.516920e+00,2.717940e-11,1.317224e-09,1.317224e-11
6.519433e+00,2.685508e-11,1.303969e-09,1.303969e-11
6.521946e+00,2.650575e-11,1.289092e-09,1.289092e-11
6.524460e+00,2.613171e-11,1.272290e-09,1.272290e-11
6.526973e+00,2.573366e-11,1.253350e-09,1.253350e-11
6.529486e+00,2.531349e-11,1.232132e-09,1.232132e-11
6.531999e+00,2.487297e-11,1.208576e-09,1.208576e-11
6.534513e+00,2.441414e-11,1.182727e-09,1.182727e-11
6.537026e+00,2.394052e-11,1.154711e-09,1.154711e-11
6.539539e+00,2.345538e-11,1.124735e-09,1.124735e-11
6.542053e+00,2.296210e-11,1.093077e-09,1.093077e-11
6.544566e+00,2.246407e-11,1.060068e-09,1.060068e-11
6.547079e+00,2.196539e-11,1.026088e-09,1.026088e-11
6.549592e+00,2.147022e-11,9.915559e-10,9.915559e-12
6.552106e+00,2.098288e-11,9.569054e-10,9.569054e-12
6.554619e+00,2.050832e-11,9.225704e-10,9.225704e-12
6.557132e+00,2.005062e-11,8.889683e-10,8.889683e-12
6.559645e+00,1.961581e-11,8.565038e-10,8.565038e-12
6.562159e+00,1.920989e-11,8.255499e-10,8.255499e-12
6.564672e+00,1.883741e-11,7.964319e-10,7.964319e-12
6.567185e+00,1.850517e-11,7.694391e-10,7.694391e-12
6.569699e+00,1.821834e-11,7.448099e-10,7.448099e-12
6.572212e+00,1.798146e-11,7.227416e-10,7.227416e-12
6.574725e+00,1.780110e-11,7.034217e-10,7.034217e-12
6.577238e+00,1.768171e-11,6.870163e-10,6.870163e-12
6.579752e+00,1.762648e-11,6.736948e-10,6.736948e-12
6.582265e+00,1.763881e-11,6.636737e-10,6.636737e-12
6.584778e+00,1.772077e-11,6.572101e-10,6.572101e-12
6.587291e+00,1.787295e-11,6.545950e-10,6.545950e-12
6.589805e+00,1.809448e-11,6.561488e-10,6.561488e-12
6.592318e+00,1.838305e-11,6.621724e-10,6.621724e-12
6.594831e+00,1.873474e-11,6.728955e-10,6.728955e-12
6.597345e+00,1.914347e-11,6.884409e-10,6.884409e-12
6.599858e+00,1.960293e-11,7.087613e-10,7.087613e-12
6.602371e+00,2.010542e-11,7.335872e-10,7.335872e-12
6.604884e+00,2.064013e-11,7.624244e-10,7.624244e-12
6.607398e+00,2.119606e-11,7.945893e-10,7.945893e-12
6.609911e+00,2.176273e-11,8.292542e-10,8.292542e-12
6.612424e+00,2.232816e-11,8.654871e-10,8.654871e-12
6.614937e+00,2.288051e-11,9.023199e-10,9.023199e-12
6.617451e+00,2.340910e-11,9.388112e-10,9.388112e-12
6.619964e+00,2.390279e-11,9.740878e-10,9.740878e-12
6.622477e+00,2.435247e-11,1.007406e-09,1.007406e-11
6.624991e+00,2.475123e-11,1.038182e-09,1.038182e-11
6.627504e+00,2.509247e-11,1.065994e-09,1.065994e-11
6.630017e+00,2.537191e-11,1.090598e-09,1.090598e-11
6.632530e+00,2.558741e-11,1.111924e-09,1.111924e-11
6.635044e+00,2.573771e-11,1.130060e-09,1.130060e-11
6.637557e+00,2.582522e-11,1.145229e-09,1.145229e-11
6.640070e+00,2.585383e-11,1.157730e-09,1.157730e-11
6.642584e+00,2.582723e-11,1.167890e-09,1.167890e-11
6.645097e+00,2.575110e-11,1.176025e-09,1.176025e-11
6.647610e+00,2.563166e-11,1.182405e-09,1.182405e-11
6.650123e+00,2.547620e-11,1.187207e-09,1.187207e-11
6.652637e+00,2.529168e-11,1.190491e-09,1.190491e-11
6.655150e+00,2.508401e-11,1.192191e-09,1.192191e-11
6.657663e+00,2.485950e-11,1.192141e-09,1.192141e-11
6.660176e+00,2.462333e-11,1.190102e-09,1.190102e-11
6.662690e+00,2.438007e-11,1.185789e-09,1.185789e-11
6.665203e+00,2.413372e-11,1.178906e-09,1.178906e-11
6.667716e+00,2.388674e-11,1.169198e-09,1.169198e-11
6.670230e+00,2.364119e-11,1.156493e-09,1.156493e-11
6.672743e+00,2.339835e-11,1.140746e-09,1.140746e-11
6.675256e+00,2.315935e-11,1.122075e-09,1.122075e-11
6.677769e+00,2.292616e-11,1.100766e-09,1.100766e-11
6.680283e+00,2.269955e-11,1.077280e-09,1.077280e-11
6.682796e+00,2.248060e-11,1.052261e-09,1.052261e-11
6.685309e+00,2.227181e-11,1.026526e-09,1.026526e-11
6.687822e+00,2.207611e-11,1.001014e-09,1.001014e-11
6.690336e+00,2.189636e-11,9.767397e-10,9.767397e-12
6.692849e+00,2.173660e-11,9.547493e-10,9.547493e-12
6.695362e+00,2.160234e-11,9.360290e-10,9.360290e-12
6.697876e+00,2.149857e-11,9.213902e-10,9.213902e-12
6.700389e+00,2.143049e-11,9.113976e-10,9.113976e-12
6.702902e+00,2.140415e-11,9.063230e-10,9.063230e-12
6.705415e+00,2.142543e-11,9.061080e-10,9.061080e-12
6.707929e+00,2.149860e-11,9.103819e-10,9.103819e-12
6.710442e+00,2.162780e-11,9.185387e-10,9.185387e-12
6.712955e+00,2.181645e-11,9.298396e-10,9.298396e-12
6.715468e+00,2.206575e-11,9.435160e-10,9.435160e-12
6.717982e+00,2.237635e-11,9.588595e-10,9.588595e-12
6.720495e+00,2.274756e-11,9.753057e-10,9.753057e-12
6.723008e+00,2.317643e-11,9.924928e-10,9.924928e-12
6.725522e+00,2.365840e-11,1.010267e-09,1.010267e-11
6.728035e+00,2.418774e-11,1.028678e-09,1.028678e-11
6.730548e+00,2.475749e-11,1.047972e-09,1.047972e-11
6.733061e+00,2.535965e-11,1.068543e-09,1.068543e-11
6.735575e+00,2.598558e-11,1.090851e-09,1.090851e-11
6.738088e+00,2.662535e-11,1.115340e-09,1.115340e-11
6.740601e+00,2.726855e-11,1.142374e-09,1.142374e-11
6.743114e+00,2.790597e-11,1.172166e-09,1.172166e-11
6.745628e+00,2.852745e-11,1.204711e-09,1.204711e-11
6.748141e+00,2.912239e-11,1.239786e-09,1.239786e-11
6.750654e+00,2.968210e-11,1.276941e-09,1.276941e-11
6.753168e+00,3.019842e-11,1.315485e-09,1.315485e-11
6.755681e+00,3.066324e-11,1.354548e-09,1.354548e-11
6.758194e+00,3.107055e-11,1.393163e-09,1.393163e-11
6.760707e+00,3.141393e-11,1.430274e-09,1.430274e-11
6.763221e+00,3.168718e-11,1.464795e-09,1.464795e-11
6.765734e+00,3.188770e-11,1.495706e-09,1.495706e-11
6.768247e+00,3.201211e-11,1.522082e-09,1.522082e-11
6.770760e+00,3.205709e-11,1.543094e-09,1.543094e-11
6.773274e+00,3.202202e-11,1.558063e-09,1.558063e-11
6.775787e+00,3.190650e-11,1.566507e-09,1.566507e-11
6.778300e+00,3.171074e-11,1.568123e-09,1.568123e-11
6.780814e+00,3.143584e-11,1.562776e-09,1.562776e-11
6.783327e+00,3.108394e-11,1.550524e-09,1.550524e-11
6.785840e+00,3.065865e-11,1.531611e-09,1.531611e-11
6.788353e+00,3.016338e-11,1.506419e-09,1.506419e-11
6.790867e+00,2.960218e-11,1.475465e-09,1.475465e-11
6.793380e+00,2.898075e-11,1.439394e-09,1.439394e-11
6.795893e+00,2.830528e-11,1.398946e-09,1.398946e-11
6.798407e+00,2.758241e-11,1.354918e-09,1.354918e-11
6.800920e+00,2.681940e-11,1.308127e-09,1.308127e-11
6.803433e+00,2.602413e-11,1.259407e-09,1.259407e-11
6.805946e+00,2.520457e-11,1.209578e-09,1.209578e-11
6.808460e+00,2.436998e-11,1.159423e-09,1.159423e-11
6.810973e+00,2.352971e-11,1.109664e-09,1.109664e-11
6.813486e+00,2.269224e-11,1.060963e-09,1.060963e-11
6.815999e+00,2.186666e-11,1.013928e-09,1.013928e-11
6.818513e+00,2.106238e-11,9.691196e-10,9.691196e-12
6.821026e+00,2.028841e-11,9.270531e-10,9.270531e-12
6.823539e+00,1.955318e-11,8.882082e-10,8.882082e-12
6.826053e+00,1.886508e-11,8.530626e-10,8.530626e-12
6.828566e+00,1.823206e-11,8.220994e-10,8.220994e-12
6.831079e+00,1.766141e-11,7.958070e-10,7.958070e-12
6.833592e+00,1.716009e-11,7.746854e-10,7.746854e-12
6.836106e+00,1.673426e-11,7.592047e-10,7.592047e-12
6.838619e+00,1.638888e-11,7.497725e-10,7.497725e-12
6.841132e+00,1.612893e-11,7.467267e-10,7.467267e-12
6.843645e+00,1.595824e-11,7.502743e-10,7.502743e-12
6.846159e+00,1.587929e-11,7.604614e-10,7.604614e-12
6.848672e+00,1.589404e-11,7.771845e-10,7.771845e-12
6.851185e+00,1.600290e-11,8.001900e-10,8.001900e-12
6.853699e+00,1.620557e-11,8.291168e-10,8.291168e-12
6.856212e+00,1.650068e-11,8.635404e-10,8.635404e-12
6.858725e+00,1.688585e-11,9.029839e-10,9.029839e-12
6.861238e+00,1.735689e-11,9.469384e-10,9.469384e-12
6.863752e+00,1.790828e-11,9.948811e-10,9.948811e-12
6.866265e+00,1.853370e-11,1.046281e-09,1.046281e-11
6.868778e+00,1.922495e-11,1.100596e-09,1.100596e-11
6.871291e+00,1.997253e-11,1.157259e-09,1.157259e-11
6.873805e+00,2.076633e-11,1.215675e-09,1.215675e-11
6.876318e+00,2.159549e-11,1.275207e-09,1.275207e-11
6.878831e+00,2.244771e-11,1.335176e-09,1.335176e-11
6.881345e+00,2.330998e-11,1.394869e-09,1.394869e-11
6.883858e+00,2.416898e-11,1.453537e-09,1.453537e-11
6.886371e+00,2.501124e-11,1.510393e-09,1.510393e-11
6.888884e+00,2.582359e-11,1.564635e-09,1.564635e-11
6.891398e+00,2.659263e-11,1.615465e-09,1.615465e-11
6.893911e+00,2.730562e-11,1.662103e-09,1.662103e-11
6.896424e+00,2.795147e-11,1.703793e-09,1.703793e-11
6.898937e+00,2.851924e-11,1.739823e-09,1.739823e-11
6.901451e+00,2.899974e-11,1.769560e-09,1.769560e-11
6.903964e+00,2.938607e-11,1.792469e-09,1.792469e-11
6.906477e+00,2.967192e-11,1.808113e-09,1.808113e-11
6.908991e+00,2.985391e-11,1.816169e-09,1.816169e-11
6.911504e+00,2.993085e-11,1.816447e-09,1.816447e-11
6.914017e+00,2.990284e-11,1.808891e-09,1.808891e-11
6.916530e+00,2.977315e-11,1.793592e-09,1.793592e-11
6.919044e+00,2.954685e-11,1.770779e-09,1.770779e-11
6.921557e+00,2.923082e-11,1.740824e-09,1.740824e-11
6.924070e+00,2.883404e-11,1.704229e-09,1.704229e-11
6.926583e+00,2.836765e-11,1.661628e-09,1.661628e-11
6.929097e+00,2.784484e-11,1.613785e-09,1.613785e-11
6.931610e+00,2.727946e-11,1.561574e-09,1.561574e-11
6.934123e+00,2.668626e-11,1.505974e-09,1.505974e-11
6.936637e+00,2.608122e-11,1.448058e-09,1.448058e-11
6.939150e+00,2.548082e-11,1.388987e-09,1.388987e-11
6.941663e+00,2.490142e-11,1.329994e-09,1.329994e-11
6.944176e+00,2.435928e-11,1.272366e-09,1.272366e-11
6.946690e+00,2.387021e-11,1.217424e-09,1.217424e-11
6.949203e+00,2.344896e-11,1.166467e-09,1.166467e-11
6.951716e+00,2.310904e-11,1.120729e-09,1.120729e-11
6.954229e+00,2.286304e-11,1.081322e-09,1.081322e-11
6.956743e+00,2.272226e-11,1.049152e-09,1.049152e-11
6.959256e+00,2.269576e-11,1.024854e-09,1.024854e-11
6.961769e+00,2.279029e-11,1.008761e-09,1.008761e-11
6.964283e+00,2.301135e-11,1.000902e-09,1.000902e-11
6.966796e+00,2.336177e-11,1.001028e-09,1.001028e-11
6.969309e+00,2.384134e-11,1.008690e-09,1.008690e-11
6.971822e+00,2.444819e-11,1.023340e-09,1.023340e-11
6.974336e+00,2.517827e-11,1.044425e-09,1.044425e-11
6.976849e+00,2.602602e-11,1.071432e-09,1.071432e-11
6.979362e+00,2.698262e-11,1.103897e-09,1.103897e-11
6.981876e+00,2.803641e-11,1.141392e-09,1.141392e-11
6.984389e+00,2.917523e-11,1.183494e-09,1.183494e-11
6.986902e+00,3.038521e-11,1.229748e-09,1.229748e-11
6.989415e+00,3.165078e-11,1.279603e-09,1.279603e-11
6.991929e+00,3.295501e-11,1.332360e-09,1.332360e-11
6.994442e+00,3.427973e-11,1.387165e-09,1.387165e-11
6.996955e+00,3.560695e-11,1.443035e-09,1.443035e-11
6.999468e+00,3.691884e-11,1.498875e-09,1.498875e-11
7.001982e+00,3.819665e-11,1.553496e-09,1.553496e-11
7.004495e+00,3.942144e-11,1.605684e-09,1.605684e-11
7.007008e+00,4.057655e-11,1.654270e-09,1.654270e-11
7.009522e+00,4.164648e-11,1.698169e-09,1.698169e-11
7.012035e+00,4.261588e-11,1.736416e-09,1.736416e-11
7.014548e+00,4.347231e-11,1.768232e-09,1.768232e-11
7.017061e+00,4.420571e-11,1.793055e-09,1.793055e-11
7.019575e+00,4.480739e-11,1.810554e-09,1.810554e-11
7.022088e+00,4.527158e-11,1.820671e-09,1.820671e-11
7.024601e+00,4.559621e-11,1.823635e-09,1.823635e-11
7.027114e+00,4.578137e-11,1.819920e-09,1.819920e-11
7.029628e+00,4.582897e-11,1.810244e-09,1.810244e-11
7.032141e+00,4.574401e-11,1.795563e-09,1.795563e-11
7.034654e+00,4.553421e-11,1.777037e-09,1.777037e-11
7.037168e+00,4.521056e-11,1.755993e-09,1.755993e-11
7.039681e+00,4.478530e-11,1.733840e-09,1.733840e-11
7.042194e+00,4.427107e-11,1.711971e-09,1.711971e-11
7.044707e+00,4.368180e-11,1.691691e-09,1.691691e-11
7.047221e+00,4.303182e-11,1.674152e-09,1.674152e-11
7.049734e+00,4.233607e-11,1.660257e-09,1.660257e-11
7.052247e+00,4.160834e-11,1.650583e-09,1.650583e-11
7.054760e+00,4.086157e-11,1.645356e-09,1.645356e-11
7.057274e+00,4.010820e-11,1.644453e-09,1.644453e-11
7.059787e+00,3.935761e-11,1.647411e-09,1.647411e-11
7.062300e+00,3.861737e-11,1.653491e-09,1.653491e-11
7.064814e+00,3.789346e-11,1.661791e-09,1.661791e-11
7.067327e+00,3.718895e-11,1.671294e-09,1.671294e-11
7.069840e+00,3.650464e-11,1.680954e-09,1.680954e-11
7.072353e+00,3.584046e-11,1.689793e-09,1.689793e-11
7.074867e+00,3.519417e-11,1.696912e-09,1.696912e-11
7.077380e+00,3.456171e-11,1.701523e-09,1.701523e-11
7.079893e+00,3.393892e-11,1.703003e-09,1.703003e-11
7.082406e+00,3.332102e-11,1.700877e-09,1.700877e-11
7.084920e+00,3.270337e-11,1.694790e-09,1.694790e-11
7.087433e+00,3.208043e-11,1.684516e-09,1.684516e-11
7.089946e+00,3.144838e-11,1.669971e-09,1.669971e-11
7.092460e+00,3.080575e-11,1.651190e-09,1.651190e-11
7.094973e+00,3.015045e-11,1.628282e-09,1.628282e-11
7.097486e+00,2.948211e-11,1.601437e-09,1.601437e-11
7.099999e+00,2.880313e-11,1.570919e-09,1.570919e-11
7.102513e+00,2.811634e-11,1.537052e-09,1.537052e-11
7.105026e+00,2.742522e-11,1.500199e-09,1.500199e-11
7.107539e+00,2.673481e-11,1.460757e-09,1.460757e-11
7.110052e+00,2.605089e-11,1.419145e-09,1.419145e-11
7.112566e+00,2.537944e-11,1.375790e-09,1.375790e-11
7.115079e+00,2.472520e-11,1.331118e-09,1.331118e-11
7.117592e+00,2.409346e-11,1.285559e-09,1.285559e-11
7.120106e+00,2.348940e-11,1.239531e-09,1.239531e-11
7.122619e+00,2.291565e-11,1.193432e-09,1.193432e-11
7.125132e+00,2.237437e-11,1.147641e-09,1.147641e-11
7.127645e+00,2.186674e-11,1.102515e-09,1.102515e-11
7.130159e+00,2.139213e-11,1.058383e-09,1.058383e-11
7.132672e+00,2.094872e-11,1.015541e-09,1.015541e-11
7.135185e+00,2.053356e-11,9.742532e-10,9.742532e-12
7.137699e+00,2.014303e-11,9.347440e-10,9.347440e-12
7.140212e+00,1.977214e-11,8.971888e-10,8.971888e-12
7.142725e+00,1.941607e-11,8.617296e-10,8.617296e-12
7.145238e+00,1.907126e-11,8.284803e-10,8.284803e-12
7.147752e+00,1.873318e-11,7.975069e-10,7.975069e-12
7.150265e+00,1.839726e-11,7.688370e-10,7.688370e-12
7.152778e+00,1.806066e-11,7.424859e-10,7.424859e-12
7.155291e+00,1.772191e-11,7.184588e-10,7.184588e-12
7.157805e+00,1.738036e-11,6.967490e-10,6.967490e-12
7.160318e+00,1.703711e-11,6.773518e-10,6.773518e-12
7.162831e+00,1.669430e-11,6.602671e-10,6.602671e-12
7.165345e+00,1.635531e-11,6.454901e-10,6.454901e-12
7.167858e+00,1.602503e-11,6.330082e-10,6.330082e-12
7.170371e+00,1.570844e-11,6.227908e-10,6.227908e-12
7.172884e+00,1.541157e-11,6.147877e-10,6.147877e-12
7.175398e+00,1.514167e-11,6.089298e-10,6.089298e-12
7.177911e+00,1.490596e-11,6.051176e-10,6.051176e-12
7.180424e+00,1.471117e-11,6.032325e-10,6.032325e-12
7.182937e+00,1.456473e-11,6.031563e-10,6.031563e-12
7.185451e+00,1.447299e-11,6.047749e-10,6.047749e-12
7.187964e+00,1.444124e-11,6.079982e-10,6.079982e-12
7.190477e+00,1.447476e-11,6.127841e-10,6.127841e-12
7.192991e+00,1.457696e-11,6.191562e-10,6.191562e-12
7.195504e+00,1.475034e-11,6.272204e-10,6.272204e-12
7.198017e+00,1.499645e-11,6.371600e-10,6.371600e-12
7.200530e+00,1.531505e-11,6.492211e-10,6.492211e-12
7.203044e+00,1.570448e-11,6.637189e-10,6.637189e-12
7.205557e+00,1.616266e-11,6.810082e-10,6.810082e-12
7.208070e+00,1.668547e-11,7.014112e-10,7.014112e-12
7.210583e+00,1.726721e-11,7.251800e-10,7.251800e-12
7.213097e+00,1.790259e-11,7.524762e-10,7.524762e-12
7.215610e+00,1.858457e-11,7.833502e-10,7.833502e-12
7.218123e+00,1.930515e-11,8.177065e-10,8.177065e-12
7.220637e+00,2.005592e-11,8.552639e-10,8.552639e-12
7.223150e+00,2.082755e-11,8.955870e-10,8.955870e-12
7.225663e+00,2.161128e-11,9.381437e-10,9.381437e-12
7.228176e+00,2.239792e-11,9.823059e-10,9.823059e-12
7.230690e+00,2.317767e-11,1.027342e-09,1.027342e-11
7.233203e+00,2.394092e-11,1.072462e-09,1.072462e-11
7.235716e+00,2.467886e-11,1.116883e-09,1.116883e-11
7.238229e+00,2.538326e-11,1.159835e-09,1.159835e-11
7.240743e+00,2.604655e-11,1.200568e-09,1.200568e-11
7.243256e+00,2.666253e-11,1.238381e-09,1.238381e-11
7.245769e+00,2.722484e-11,1.272640e-09,1.272640e-11
7.248283e+00,2.772889e-11,1.302796e-09,1.302796e-11
7.250796e+00,2.817191e-11,1.328405e-09,1.328405e-11
7.253309e+00,2.855142e-11,1.349131e-09,1.349131e-11
7.255822e+00,2.886694e-11,1.364753e-09,1.364753e-11
7.258336e+00,2.911923e-11,1.375183e-09,1.375183e-11
7.260849e+00,2.931053e-11,1.380469e-09,1.380469e-11
7.263362e+00,2.944475e-11,1.380807e-09,1.380807e-11
7.265875e+00,2.952646e-11,1.376505e-09,1.376505e-11
7.268389e+00,2.956086e-11,1.367980e-09,1.367980e-11
7.270902e+00,2.955480e-11,1.355774e-09,1.355774e-11
7.273415e+00,2.951557e-11,1.340523e-09,1.340523e-11
7.275929e+00,2.945033e-11,1.322916e-09,1.322916e-11
7.278442e+00,2.936681e-11,1.303683e-09,1.303683e-11
7.280955e+00,2.927179e-11,1.283574e-09,1.283574e-11
7.283468e+00,2.917188e-11,1.263327e-09,1.263327e-11
7.285982e+00,2.907258e-11,1.243626e-09,1.243626e-11
7.288495e+00,2.897797e-11,1.225070e-09,1.225070e-11
7.291008e+00,2.889148e-11,1.208165e-09,1.208165e-11
7.293522e+00,2.881441e-11,1.193326e-09,1.193326e-11
7.296035e+00,2.874688e-11,1.180846e-09,1.180846e-11
7.298548e+00,2.868757e-11,1.170892e-09,1.170892e-11
7.301061e+00,2.863375e-11,1.163543e-09,1.163543e-11
7.303575e+00,2.858174e-11,1.158785e-09,1.158785e-11
7.306088e+00,2.852681e-11,1.156509e-09,1.156509e-11
7.308601e+00,2.846421e-11,1.156556e-09,1.156556e-11
7.311114e+00,2.838891e-11,1.158717e-09,1.158717e-11
7.313628e+00,2.829587e-11,1.162735e-09,1.162735e-11
7.316141e+00,2.818082e-11,1.168296e-09,1.168296e-11
7.318654e+00,2.803954e-11,1.175044e-09,1.175044e-11
7.321168e+00,2.786987e-11,1.182589e-09,1.182589e-11
7.323681e+00,2.767117e-11,1.190504e-09,1.190504e-11
7.326194e+00,2.744267e-11,1.198325e-09,1.198325e-11
7.328707e+00,2.718656e-11,1.205578e-09,1.205578e-11
7.331221e+00,2.690615e-11,1.211777e-09,1.211777e-11
7.333734e+00,2.660437e-11,1.216453e-09,1.216453e-11
7.336247e+00,2.628642e-11,1.219205e-09,1.219205e-11
7.338760e+00,2.595828e-11,1.219715e-09,1.219715e-11
7.341274e+00,2.562561e-11,1.217754e-09,1.217754e-11
7.343787e+00,2.529440e-11,1.213221e-09,1.213221e-11
7.346300e+00,2.497017e-11,1.206161e-09,1.206161e-11
7.348814e+00,2.465880e-11,1.196778e-09,1.196778e-11
7.351327e+00,2.436569e-11,1.185432e-09,1.185432e-11
7.353840e+00,2.409478e-11,1.172618e-09,1.172618e-11
7.356353e+00,2.384931e-11,1.158933e-09,1.158933e-11
7.358867e+00,2.363225e-11,1.145060e-09,1.145060e-11
7.361380e+00,2.344668e-11,1.131746e-09,1.131746e-11
7.363893e+00,2.329448e-11,1.119744e-09,1.119744e-11
7.366406e+00,2.317643e-11,1.109753e-09,1.109753e-11
7.368920e+00,2.309403e-11,1.102419e-09,1.102419e-11
7.371433e+00,2.304922e-11,1.098295e-09,1.098295e-11
7.373946e+00,2.304297e-11,1.097802e-09,1.097802e-11
7.376460e+00,2.307666e-11,1.101242e-09,1.101242e-11
7.378973e+00,2.315184e-11,1.108782e-09,1.108782e-11
7.381486e+00,2.326961e-11,1.120458e-09,1.120458e-11
7.383999e+00,2.343162e-11,1.136206e-09,1.136206e-11
7.386513e+00,2.363909e-11,1.155855e-09,1.155855e-11
7.389026e+00,2.389232e-11,1.179123e-09,1.179123e-11
7.391539e+00,2.419047e-11,1.205642e-09,1.205642e-11
7.394052e+00,2.453224e-11,1.234958e-09,1.234958e-11
7.396566e+00,2.491482e-11,1.266530e-09,1.266530e-11
7.399079e+00,2.533386e-11,1.299746e-09,1.299746e-11
7.401592e+00,2.578388e-11,1.333934e-09,1.333934e-11
7.404106e+00,2.625693e-11,1.368362e-09,1.368362e-11
7.406619e+00,2.674439e-11,1.402275e-09,1.402275e-11
7.409132e+00,2.723661e-11,1.434910e-09,1.434910e-11
7.411645e+00,2.772187e-11,1.465515e-09,1.465515e-11
7.414159e+00,2.818847e-11,1.493367e-09,1.493367e-11
7.416672e+00,2.862496e-11,1.517803e-09,1.517803e-11
7.419185e+00,2.901932e-11,1.538233e-09,1.538233e-11
7.421698e+00,2.936075e-11,1.554167e-09,1.554167e-11
7.424212e+00,2.964025e-11,1.565223e-09,1.565223e-11
7.426725e+00,2.984954e-11,1.571129e-09,1.571129e-11
7.429238e+00,2.998207e-11,1.571736e-09,1.571736e-11
7.431752e+00,3.003397e-11,1.567021e-09,1.567021e-11
7.434265e+00,3.000402e-11,1.557082e-09,1.557082e-11
7.436778e+00,2.989294e-11,1.542132e-09,1.542132e-11
7.439291e+00,2.970353e-11,1.522492e-09,1.522492e-11
7.441805e+00,2.944108e-11,1.498576e-09,1.498576e-11
7.444318e+00,2.911272e-11,1.470883e-09,1.470883e-11
7.446831e+00,2.872677e-11,1.439961e-09,1.439961e-11
7.449345e+00,2.829292e-11,1.406403e-09,1.406403e-11
7.451858e+00,2.782199e-11,1.370824e-09,1.370824e-11
7.454371e+00,2.732457e-11,1.333837e-09,1.333837e-11
7.456884e+00,2.681133e-11,1.296027e-09,1.296027e-11
7.459398e+00,2.629301e-11,1.257930e-09,1.257930e-11
7.461911e+00,2.577905e-11,1.220031e-09,1.220031e-11
7.464424e+00,2.527822e-11,1.182732e-09,1.182732e-11
7.466937e+00,2.479819e-11,1.146359e-09,1.146359e-11
7.469451e+00,2.434480e-11,1.111148e-09,1.111148e-11
7.471964e+00,2.392291e-11,1.077253e-09,1.077253e-11
7.474477e+00,2.353662e-11,1.044763e-09,1.044763e-11
7.476991e+00,2.318844e-11,1.013724e-09,1.013724e-11
7.479504e+00,2.287956e-11,9.841528e-10,9.841528e-12
7.482017e+00,2.261062e-11,9.560746e-10,9.560746e-12
7.484530e+00,2.238196e-11,9.295591e-10,9.295591e-12
7.487044e+00,2.219295e-11,9.047482e-10,9.047482e-12
7.489557e+00,2.204267e-11,8.818968e-10,8.818968e-12
7.492070e+00,2.193152e-11,8.614146e-10,8.614146e-12
7.494583e+00,2.185966e-11,8.438806e-10,8.438806e-12
7.497097e+00,2.182695e-11,8.300520e-10,8.300520e-12
7.499610e+00,2.183467e-11,8.208640e-10,8.208640e-12
7.502123e+00,2.188520e-11,8.173865e-10,8.173865e-12
7.504637e+00,2.198144e-11,8.207351e-10,8.207351e-12
7.507150e+00,2.212681e-11,8.319544e-10,8.319544e-12
7.509663e+00,2.232575e-11,8.518940e-10,8.518940e-12
7.512176e+00,2.258303e-11,8.810995e-10,8.810995e-12
7.514690e+00,2.290373e-11,9.197330e-10,9.197330e-12
7.517203e+00,2.329279e-11,9.675471e-10,9.675471e-12
7.519716e+00,2.375371e-11,1.023932e-09,1.023932e-11
7.522229e+00,2.428956e-11,1.088012e-09,1.088012e-11
7.524743e+00,2.490282e-11,1.158735e-09,1.158735e-11
7.527256e+00,2.559401e-11,1.234924e-09,1.234924e-11
7.529769e+00,2.636045e-11,1.315319e-09,1.315319e-11
7.532283e+00,2.719702e-11,1.398651e-09,1.398651e-11
7.534796e+00,2.809726e-11,1.483672e-09,1.483672e-11
7.537309e+00,2.905083e-11,1.569129e-09,1.569129e-11
7.539822e+00,3.004438e-11,1.653778e-09,1.653778e-11
7.542336e+00,3.106304e-11,1.736398e-09,1.736398e-11
7.544849e+00,3.208935e-11,1.815785e-09,1.815785e-11
7.547362e+00,3.310348e-11,1.890749e-09,1.890749e-11
7.549875e+00,3.408461e-11,1.960132e-09,1.960132e-11
7.552389e+00,3.501150e-11,2.022817e-09,2.022817e-11
7.554902e+00,3.586307e-11,2.077761e-09,2.077761e-11
7.557415e+00,3.661938e-11,2.124012e-09,2.124012e-11
7.559929e+00,3.726174e-11,2.160743e-09,2.160743e-11
7.562442e+00,3.777397e-11,2.187280e-09,2.187280e-11
7.564955e+00,3.814292e-11,2.203126e-09,2.203126e-11
7.567468e+00,3.835862e-11,2.207988e-09,2.207988e-11
7.569982e+00,3.841473e-11,2.201794e-09,2.201794e-11
7.572495e+00,3.830923e-11,2.184709e-09,2.184709e-11
7.575008e+00,3.804417e-11,2.157132e-09,2.157132e-11
7.577521e+00,3.762513e-11,2.119671e-09,2.119671e-11
7.580035e+00,3.706082e-11,2.073120e-09,2.073120e-11
7.582548e+00,3.636346e-11,2.018459e-09,2.018459e-11
7.585061e+00,3.554820e-11,1.956805e-09,1.956805e-11
7.587575e+00,3.463097e-11,1.889351e-09,1.889351e-11
7.590088e+00,3.362899e-11,1.817343e-09,1.817343e-11
7.592601e+00,3.256029e-11,1.742052e-09,1.742052e-11
7.595114e+00,3.144312e-11,1.664731e-09,1.664731e-11
7.597628e+00,3.029542e-11,1.586579e-09,1.586579e-11
7.600141e+00,2.913304e-11,1.508710e-09,1.508710e-11
7.602654e+00,2.797046e-11,1.432149e-09,1.432149e-11
7.605167e+00,2.682061e-11,1.357802e-09,1.357802e-11
7.607681e+00,2.569441e-11,1.286446e-09,1.286446e-11
7.610194e+00,2.460179e-11,1.218729e-09,1.218729e-11
7.612707e+00,2.355068e-11,1.155156e-09,1.155156e-11
7.615221e+00,2.254657e-11,1.096078e-09,1.096078e-11
7.617734e+00,2.159392e-11,1.041693e-09,1.041693e-11
7.620247e+00,2.069577e-11,9.920574e-10,9.920574e-12
7.622760e+00,1.985454e-11,9.471181e-10,9.471181e-12
7.625274e+00,1.907250e-11,9.067208e-10,9.067208e-12
7.627787e+00,1.835016e-11,8.706134e-10,8.706134e-12
7.630300e+00,1.768819e-11,8.384920e-10,8.384920e-12
7.632814e+00,1.708744e-11,8.100336e-10,8.100336e-12
7.635327e+00,1.654802e-11,7.849055e-10,7.849055e-12
7.637840e+00,1.607054e-11,7.627727e-10,7.627727e-12
7.640353e+00,1.565513e-11,7.433108e-10,7.433108e-12
7.642867e+00,1.530212e-11,7.262200e-10,7.262200e-12
7.645380e+00,1.501126e-11,7.112179e-10,7.112179e-12
7.647893e+00,1.478163e-11,6.980517e-10,6.980517e-12
7.650406e+00,1.461333e-11,6.865207e-10,6.865207e-12
7.652920e+00,1.450512e-11,6.764775e-10,6.764775e-12
7.655433e+00,1.445456e-11,6.678496e-10,6.678496e-12
7.657946e+00,1.445933e-11,6.606720e-10,6.606720e-12
7.660460e+00,1.451621e-11,6.550980e-10,6.550980e-12
7.662973e+00,1.462138e-11,6.513846e-10,6.513846e-12
7.665486e+00,1.476996e-11,6.498488e-10,6.498488e-12
7.667999e+00,1.495659e-11,6.508221e-10,6.508221e-12
7.670513e+00,1.517517e-11,6.545834e-10,6.545834e-12
7.673026e+00,1.541849e-11,6.612758e-10,6.612758e-12
7.675539e+00,1.568017e-11,6.708565e-10,6.708565e-12
7.678052e+00,1.595298e-11,6.830610e-10,6.830610e-12
7.680566e+00,1.622861e-11,6.973879e-10,6.973879e-12
7.683079e+00,1.649958e-11,7.131612e-10,7.131612e-12
7.685592e+00,1.675880e-11,7.296161e-10,7.296161e-12
7.688106e+00,1.699930e-11,7.459597e-10,7.459597e-12
7.690619e+00,1.721466e-11,7.614492e-10,7.614492e-12
7.693132e+00,1.739948e-11,7.754715e-10,7.754715e-12
7.695645e+00,1.754919e-11,7.875993e-10,7.875993e-12
7.698159e+00,1.766050e-11,7.976307e-10,7.976307e-12
7.700672e+00,1.773201e-11,8.055943e-10,8.055943e-12
7.703185e+00,1.776324e-11,8.117431e-10,8.117431e-12
7.705698e+00,1.775558e-11,8.165351e-10,8.165351e-12
7.708212e+00,1.771258e-11,8.205614e-10,8.205614e-12
7.710725e+00,1.763925e-11,8.244754e-10,8.244754e-12
7.713238e+00,1.754254e-11,8.289265e-10,8.289265e-12
7.715752e+00,1.743010e-11,8.344481e-10,8.344481e-12
7.718265e+00,1.731068e-11,8.413873e-10,8.413873e-12
7.720778e+00,1.719436e-11,8.499114e-10,8.499114e-12
7.723291e+00,1.709141e-11,8.599781e-10,8.599781e-12
7.725805e+00,1.701165e-11,8.713048e-10,8.713048e-12
7.728318e+00,1.696509e-11,8.834565e-10,8.834565e-12
7.730831e+00,1.696041e-11,8.959619e-10,8.959619e-12
7.733344e+00,1.700442e-11,9.083458e-10,9.083458e-12
7.735858e+00,1.710275e-11,9.201681e-10,9.201681e-12
7.738371e+00,1.725953e-11,9.311113e-10,9.311113e-12
7.740884e+00,1.747679e-11,9.410068e-10,9.410068e-12
7.743398e+00,1.775284e-11,9.498031e-10,9.498031e-12
7.745911e+00,1.808451e-11,9.575564e-10,9.575564e-12
7.748424e+00,1.846696e-11,9.644105e-10,9.644105e-12
7.750937e+00,1.889299e-11,9.705508e-10,9.705508e-12
7.753451e+00,1.935374e-11,9.761717e-10,9.761717e-12
7.755964e+00,1.983887e-11,9.814419e-10,9.814419e-12
7.758477e+00,2.033752e-11,9.864642e-10,9.864642e-12
7.760990e+00,2.083850e-11,9.912668e-10,9.912668e-12
7.763504e+00,2.133122e-11,9.958003e-10,9.958003e-12
7.766017e+00,2.180411e-11,9.999414e-10,9.999414e-12
7.768530e+00,2.224646e-11,1.003549e-09,1.003549e-11
7.771044e+00,2.265081e-11,1.006515e-09,1.006515e-11
7.773557e+00,2.301036e-11,1.008769e-09,1.008769e-11
7.776070e+00,2.331954e-11,1.010281e-09,1.010281e-11
7.778583e+00,2.357478e-11,1.011094e-09,1.011094e-11
7.781097e+00,2.377471e-11,1.011330e-09,1.011330e-11
7.783610e+00,2.391969e-11,1.011168e-09,1.011168e-11
7.786123e+00,2.401063e-11,1.010841e-09,1.010841e-11
7.788637e+00,2.405087e-11,1.010611e-09,1.010611e-11
7.791150e+00,2.404517e-11,1.010712e-09,1.010712e-11
7.793663e+00,2.399797e-11,1.011314e-09,1.011314e-11
7.796176e+00,2.391464e-11,1.012541e-09,1.012541e-11
7.798690e+00,2.380137e-11,1.014436e-09,1.014436e-11
7.801203e+00,2.366405e-11,1.016939e-09,1.016939e-11
7.803716e+00,2.350822e-11,1.019911e-09,1.019911e-11
7.806229e+00,2.333898e-11,1.023160e-09,1.023160e-11
7.808743e+00,2.316133e-11,1.026457e-09,1.026457e-11
7.811256e+00,2.297973e-11,1.029562e-09,1.029562e-11
7.813769e+00,2.279779e-11,1.032269e-09,1.032269e-11
7.816283e+00,2.261935e-11,1.034409e-09,1.034409e-11
7.818796e+00,2.244753e-11,1.035872e-09,1.035872e-11
7.821309e+00,2.228487e-11,1.036635e-09,1.036635e-11
7.823822e+00,2.213432e-11,1.036775e-09,1.036775e-11
7.826336e+00,2.199825e-11,1.036434e-09,1.036434e-11
7.828849e+00,2.187889e-11,1.035824e-09,1.035824e-11
7.831362e+00,2.177917e-11,1.035247e-09,1.035247e-11
7.833875e+00,2.170146e-11,1.035052e-09,1.035052e-11
7.836389e+00,2.164819e-11,1.035604e-09,1.035604e-11
7.838902e+00,2.162265e-11,1.037310e-09,1.037310e-11
7.841415e+00,2.162816e-11,1.040578e-09,1.040578e-11
7.843929e+00,2.166755e-11,1.045768e-09,1.045768e-11
7.846442e+00,2.174279e-11,1.053204e-09,1.053204e-11
7.848955e+00,2.185597e-11,1.063155e-09,1.063155e-11
7.851468e+00,2.200866e-11,1.075799e-09,1.075799e-11
7.853982e+00,2.220053e-11,1.091214e-09,1.091214e-11
7.856495e+00,2.243092e-11,1.109381e-09,1.109381e-11
7.859008e+00,2.269867e-11,1.130184e-09,1.130184e-11
7.861521e+00,2.300003e-11,1.153394e-09,1.153394e-11
7.864035e+00,2.332987e-11,1.178671e-09,1.178671e-11
7.866548e+00,2.368271e-11,1.205592e-09,1.205592e-11
7.869061e+00,2.405108e-11,1.233633e-09,1.233633e-11
7.871575e+00,2.442613e-11,1.262192e-09,1.262192e-11
7.874088e+00,2.479874e-11,1.290627e-09,1.290627e-11
7.876601e+00,2.515892e-11,1.318254e-09,1.318254e-11
7.879114e+00,2.549641e-11,1.344376e-09,1.344376e-11
7.881628e+00,2.580106e-11,1.368307e-09,1.368307e-11
7.884141e+00,2.606338e-11,1.389392e-09,1.389392e-11
7.886654e+00,2.627525e-11,1.407031e-09,1.407031e-11
7.889167e+00,2.642915e-11,1.420684e-09,1.420684e-11
7.891681e+00,2.651892e-11,1.429897e-09,1.429897e-11
7.894194e+00,2.654119e-11,1.434329e-09,1.434329e-11
7.896707e+00,2.649412e-11,1.433763e-09,1.433763e-11
7.899221e+00,2.637787e-11,1.428095e-09,1.428095e-11
7.901734e+00,2.619542e-11,1.417349e-09,1.417349e-11
7.904247e+00,2.595097e-11,1.401671e-09,1.401671e-11
7.906760e+00,2.565069e-11,1.381331e-09,1.381331e-11
7.909274e+00,2.530341e-11,1.356723e-09,1.356723e-11
7.911787e+00,2.491852e-11,1.328346e-09,1.328346e-11
7.914300e+00,2.450607e-11,1.296788e-09,1.296788e-11
7.916813e+00,2.407709e-11,1.262717e-09,1.262717e-11
7.919327e+00,2.364224e-11,1.226866e-09,1.226866e-11
7.921840e+00,2.321263e-11,1.190033e-09,1.190033e-11
7.924353e+00,2.279856e-11,1.153039e-09,1.153039e-11
7.926867e+00,2.240822e-11,1.116691e-09,1.116691e-11
7.929380e+00,2.204895e-11,1.081794e-09,1.081794e-11
7.931893e+00,2.172689e-11,1.049133e-09,1.049133e-11
7.934406e+00,2.144622e-11,1.019413e-09,1.019413e-11
7.936920e+00,2.120924e-11,9.932276e-10,9.932276e-12
7.939433e+00,2.101695e-11,9.710500e-10,9.710500e-12
7.941946e+00,2.086892e-11,9.531956e-10,9.531956e-12
7.944460e+00,2.076346e-11,9.397938e-10,9.397938e-12
7.946973e+00,2.069755e-11,9.307850e-10,9.307850e-12
7.949486e+00,2.066738e-11,9.259367e-10,9.259367e-12
7.951999e+00,2.066956e-11,9.248748e-10,9.248748e-12
7.954513e+00,2.070019e-11,9.271077e-10,9.271077e-12
7.957026e+00,2.075459e-11,9.320539e-10,9.320539e-12
7.959539e+00,2.082883e-11,9.391126e-10,9.391126e-12
7.962052e+00,2.092072e-11,9.477154e-10,9.477154e-12
7.964566e+00,2.102787e-11,9.573283e-10,9.573283e-12
7.967079e+00,2.114780e-11,9.674721e-10,9.674721e-12
7.969592e+00,2.127903e-11,9.777525e-10,9.777525e-12
7.972106e+00,2.142074e-11,9.878613e-10,9.878613e-12
7.974619e+00,2.157290e-11,9.975700e-10,9.975700e-12
7.977132e+00,2.173588e-11,1.006724e-09,1.006724e-11
7.979645e+00,2.191010e-11,1.015232e-09,1.015232e-11
7.982159e+00,2.209608e-11,1.023055e-09,1.023055e-11
7.984672e+00,2.229398e-11,1.030187e-09,1.030187e-11
7.987185e+00,2.250423e-11,1.036673e-09,1.036673e-11
7.989698e+00,2.272758e-11,1.042613e-09,1.042613e-11
7.992212e+00,2.296418e-11,1.048142e-09,1.048142e-11
7.994725e+00,2.321415e-11,1.053427e-09,1.053427e-11
7.997238e+00,2.347833e-11,1.058686e-09,1.058686e-11
7.999752e+00,2.375720e-11,1.064180e-09,1.064180e-11
8.002265e+00,2.405124e-11,1.070195e-09,1.070195e-11
8.004778e+00,2.436172e-11,1.077049e-09,1.077049e-11
8.007291e+00,2.469020e-11,1.085076e-09,1.085076e-11
8.009805e+00,2.503896e-11,1.094606e-09,1.094606e-11
8.012318e+00,2.541063e-11,1.105958e-09,1.105958e-11
8.014831e+00,2.580874e-11,1.119422e-09,1.119422e-11
8.017344e+00,2.623735e-11,1.135246e-09,1.135246e-11
8.019858e+00,2.670008e-11,1.153634e-09,1.153634e-11
8.022371e+00,2.720171e-11,1.174750e-09,1.174750e-11
8.024884e+00,2.774644e-11,1.198721e-09,1.198721e-11
8.027398e+00,2.833754e-11,1.225642e-09,1.225642e-11
8.029911e+00,2.897853e-11,1.255593e-09,1.255593e-11
8.032424e+00,2.967185e-11,1.288636e-09,1.288636e-11
8.034937e+00,3.041816e-11,1.324801e-09,1.324801e-11
8.037451e+00,3.121599e-11,1.364078e-09,1.364078e-11
8.039964e+00,3.206248e-11,1.406426e-09,1.406426e-11
8.042477e+00,3.295332e-11,1.451748e-09,1.451748e-11
8.044990e+00,3.388163e-11,1.499853e-09,1.499853e-11
8.047504e+00,3.483806e-11,1.550446e-09,1.550446e-11
8.050017e+00,3.581121e-11,1.603108e-09,1.603108e-11
8.052530e+00,3.678783e-11,1.657284e-09,1.657284e-11
8.055044e+00,3.775299e-11,1.712282e-09,1.712282e-11
8.057557e+00,3.869081e-11,1.767286e-09,1.767286e-11
8.060070e+00,3.958464e-11,1.821364e-09,1.821364e-11
8.062583e+00,4.041656e-11,1.873483e-09,1.873483e-11
8.065097e+00,4.116909e-11,1.922541e-09,1.922541e-11
8.067610e+00,4.182648e-11,1.967410e-09,1.967410e-11
8.070123e+00,4.237342e-11,2.006972e-09,2.006972e-11
8.072636e+00,4.279571e-11,2.040153e-09,2.040153e-11
8.075150e+00,4.308256e-11,2.065978e-09,2.065978e-11
8.077663e+00,4.322554e-11,2.083619e-09,2.083619e-11
8.080176e+00,4.321797e-11,2.092429e-09,2.092429e-11
8.082690e+00,4.305728e-11,2.091999e-09,2.091999e-11
8.085203e+00,4.274479e-11,2.082199e-09,2.082199e-11
8.087716e+00,4.228472e-11,2.063202e-09,2.063202e-11
8.090229e+00,4.168419e-11,2.035498e-09,2.035498e-11
8.092743e+00,4.095399e-11,1.999909e-09,1.999909e-11
8.095256e+00,4.010852e-11,1.957587e-09,1.957587e-11
8.097769e+00,3.916418e-11,1.909955e-09,1.909955e-11
8.100282e+00,3.813960e-11,1.858647e-09,1.858647e-11
8.102796e+00,3.705590e-11,1.805438e-09,1.805438e-11
8.105309e+00,3.593527e-11,1.752120e-09,1.752120e-11
8.107822e+00,3.480095e-11,1.700353e-09,1.700353e-11
8.110336e+00,3.367587e-11,1.651520e-09,1.651520e-11
8.112849e+00,3.258161e-11,1.606610e-09,1.606610e-11
8.115362e+00,3.153949e-11,1.566137e-09,1.566137e-11
8.117875e+00,3.056842e-11,1.530121e-09,1.530121e-11
8.120389e+00,2.968419e-11,1.498141e-09,1.498141e-11
8.122902e+00,2.889978e-11,1.469471e-09,1.469471e-11
8.125415e+00,2.822464e-11,1.443255e-09,1.443255e-11
8.127929e+00,2.766405e-11,1.418672e-09,1.418672e-11
8.130442e+00,2.721906e-11,1.395104e-09,1.395104e-11
8.132955e+00,2.688725e-11,1.372246e-09,1.372246e-11
8.135468e+00,2.666114e-11,1.350125e-09,1.350125e-11
8.137982e+00,2.652946e-11,1.329083e-09,1.329083e-11
8.140495e+00,2.647889e-11,1.309684e-09,1.309684e-11
8.143008e+00,2.649265e-11,1.292555e-09,1.292555e-11
8.145521e+00,2.655202e-11,1.278221e-09,1.278221e-11
8.148035e+00,2.663827e-11,1.266965e-09,1.266965e-11
8.150548e+00,2.673275e-11,1.258716e-09,1.258716e-11
8.153061e+00,2.681735e-11,1.253012e-09,1.253012e-11
8.155575e+00,2.687555e-11,1.249055e-09,1.249055e-11
8.158088e+00,2.689441e-11,1.245841e-09,1.245841e-11
8.160601e+00,2.686361e-11,1.242309e-09,1.242309e-11
8.163114e+00,2.677646e-11,1.237503e-09,1.237503e-11
8.165628e+00,2.663180e-11,1.230712e-09,1.230712e-11
8.168141e+00,2.643160e-11,1.221534e-09,1.221534e-11
8.170654e+00,2.618110e-11,1.209931e-09,1.209931e-11
8.173167e+00,2.589026e-11,1.196226e-09,1.196226e-11
8.175681e+00,2.557151e-11,1.181031e-09,1.181031e-11
8.178194e+00,2.523872e-11,1.165152e-09,1.165152e-11
8.180707e+00,2.490806e-11,1.149494e-09,1.149494e-11
8.183221e+00,2.459553e-11,1.134953e-09,1.134953e-11
8.185734e+00,2.431599e-11,1.122323e-09,1.122323e-11
8.188247e+00,2.408247e-11,1.112220e-09,1.112220e-11
8.190760e+00,2.390564e-11,1.105044e-09,1.105044e-11
8.193274e+00,2.379327e-11,1.100988e-09,1.100988e-11
8.195787e+00,2.374938e-11,1.100054e-09,1.100054e-11
8.198300e+00,2.377393e-11,1.102071e-09,1.102071e-11
8.200813e+00,2.386279e-11,1.106727e-09,1.106727e-11
8.203327e+00,2.400905e-11,1.113604e-09,1.113604e-11
8.205840e+00,2.420148e-11,1.122165e-09,1.122165e-11
8.208353e+00,2.442570e-11,1.131765e-09,1.131765e-11
8.210867e+00,2.466698e-11,1.141687e-09,1.141687e-11
8.213380e+00,2.490945e-11,1.151152e-09,1.151152e-11
8.215893e+00,2.513635e-11,1.159334e-09,1.159334e-11
8.218406e+00,2.533230e-11,1.165418e-09,1.165418e-11
8.220920e+00,2.548351e-11,1.168649e-09,1.168649e-11
8.223433e+00,2.557816e-11,1.168388e-09,1.168388e-11
8.225946e+00,2.560798e-11,1.164159e-09,1.164159e-11
8.228459e+00,2.556809e-11,1.155700e-09,1.155700e-11
8.230973e+00,2.545687e-11,1.142977e-09,1.142977e-11
8.233486e+00,2.527572e-11,1.126189e-09,1.126189e-11
8.235999e+00,2.503007e-11,1.105782e-09,1.105782e-11
8.238513e+00,2.472833e-11,1.082434e-09,1.082434e-11
8.241026e+00,2.438088e-11,1.057013e-09,1.057013e-11
8.243539e+00,2.400070e-11,1.030541e-09,1.030541e-11
8.246052e+00,2.360175e-11,1.004131e-09,1.004131e-11
8.248566e+00,2.319857e-11,9.789108e-10,9.789108e-12
8.251079e+00,2.280556e-11,9.559595e-10,9.559595e-12
8.253592e+00,2.243653e-11,9.362266e-10,9.362266e-12
8.256105e+00,2.210482e-11,9.204377e-10,9.204377e-12
8.258619e+00,2.182203e-11,9.090229e-10,9.090229e-12
8.261132e+00,2.159836e-11,9.021017e-10,9.021017e-12
8.263645e+00,2.144235e-11,8.994903e-10,8.994903e-12
8.266159e+00,2.136022e-11,9.007229e-10,9.007229e-12
8.268672e+00,2.135694e-11,9.051689e-10,9.051689e-12
8.271185e+00,2.143630e-11,9.121722e-10,9.121722e-12
8.273698e+00,2.159987e-11,9.211286e-10,9.211286e-12
8.276212e+00,2.184791e-11,9.315925e-10,9.315925e-12
8.278725e+00,2.218039e-11,9.433986e-10,9.433986e-12
8.281238e+00,2.259593e-11,9.566952e-10,9.566952e-12
8.283752e+00,2.309273e-11,9.719290e-10,9.719290e-12
8.286265e+00,2.366879e-11,9.898233e-10,9.898233e-12
8.288778e+00,2.432084e-11,1.011297e-09,1.011297e-11
8.291291e+00,2.504525e-11,1.037343e-09,1.037343e-11
8.293805e+00,2.583895e-11,1.068895e-09,1.068895e-11
8.296318e+00,2.669799e-11,1.106663e-09,1.106663e-11
8.298831e+00,2.761702e-11,1.151023e-09,1.151023e-11
8.301344e+00,2.859066e-11,1.201969e-09,1.201969e-11
8.303858e+00,2.961271e-11,1.259088e-09,1.259088e-11
8.306371e+00,3.067518e-11,1.321603e-09,1.321603e-11
8.308884e+00,3.176895e-11,1.388457e-09,1.388457e-11
8.311398e+00,3.288348e-11,1.458409e-09,1.458409e-11
8.313911e+00,3.400649e-11,1.530111e-09,1.530111e-11
8.316424e+00,3.512370e-11,1.602157e-09,1.602157e-11
8.318937e+00,3.621902e-11,1.673147e-09,1.673147e-11
8.321451e+00,3.727538e-11,1.741733e-09,1.741733e-11
8.323964e+00,3.827389e-11,1.806604e-09,1.806604e-11
8.326477e+00,3.919456e-11,1.866493e-09,1.866493e-11
8.328990e+00,4.001719e-11,1.920197e-09,1.920197e-11
8.331504e+00,4.072088e-11,1.966560e-09,1.966560e-11
8.334017e+00,4.128570e-11,2.004481e-09,2.004481e-11
8.336530e+00,4.169292e-11,2.032948e-09,2.032948e-11
8.339044e+00,4.192588e-11,2.051052e-09,2.051052e-11
8.341557e+00,4.197023e-11,2.058012e-09,2.058012e-11
8.344070e+00,4.181472e-11,2.053228e-09,2.053228e-11
8.346583e+00,4.145283e-11,2.036339e-09,2.036339e-11
8.349097e+00,4.088270e-11,2.007272e-09,2.007272e-11
8.351610e+00,4.010741e-11,1.966254e-09,1.966254e-11
8.354123e+00,3.913485e-11,1.913849e-09,1.913849e-11
8.356636e+00,3.797865e-11,1.850983e-09,1.850983e-11
8.359150e+00,3.665761e-11,1.778931e-09,1.778931e-11
8.361663e+00,3.519580e-11,1.699286e-09,1.699286e-11
8.364176e+00,3.362246e-11,1.613915e-09,1.613915e-11
8.366690e+00,3.196930e-11,1.524857e-09,1.524857e-11
8.369203e+00,3.027087e-11,1.434230e-09,1.434230e-11
8.371716e+00,2.856478e-11,1.344150e-09,1.344150e-11
8.374229e+00,2.688851e-11,1.256589e-09,1.256589e-11
8.376743e+00,2.527809e-11,1.173246e-09,1.173246e-11
8.379256e+00,2.376796e-11,1.095490e-09,1.095490e-11
8.381769e+00,2.238953e-11,1.024336e-09,1.024336e-11
8.384282e+00,2.117017e-11,9.604733e-10,9.604733e-12
8.386796e+00,2.013166e-11,9.043692e-10,9.043692e-12
8.389309e+00,1.928970e-11,8.564103e-10,8.564103e-12
8.391822e+00,1.865360e-11,8.170616e-10,8.170616e-12
8.394336e+00,1.822624e-11,7.869796e-10,7.869796e-12
8.396849e+00,1.800379e-11,7.669866e-10,7.669866e-12
8.399362e+00,1.797590e-11,7.579041e-10,7.579041e-12
8.401875e+00,1.812703e-11,7.602935e-10,7.602935e-12
8.404389e+00,1.843686e-11,7.741776e-10,7.741776e-12
8.406902e+00,1.888093e-11,7.988745e-10,7.988745e-12
8.409415e+00,1.943171e-11,8.330265e-10,8.330265e-12
8.411928e+00,2.006028e-11,8.748180e-10,8.748180e-12
8.414442e+00,2.073774e-11,9.222563e-10,9.222563e-12
8.416955e+00,2.143519e-11,9.734070e-10,9.734070e-12
8.419468e+00,2.212526e-11,1.026583e-09,1.026583e-11
8.421982e+00,2.278398e-11,1.080446e-09,1.080446e-11
8.424495e+00,2.339030e-11,1.133997e-09,1.133997e-11
8.427008e+00,2.392680e-11,1.186544e-09,1.186544e-11
8.429521e+00,2.438066e-11,1.237641e-09,1.237641e-11
8.432035e+00,2.474357e-11,1.286974e-09,1.286974e-11
8.434548e+00,2.501120e-11,1.334247e-09,1.334247e-11
8.437061e+00,2.518308e-11,1.379088e-09,1.379088e-11
8.439575e+00,2.526215e-11,1.420990e-09,1.420990e-11
8.442088e+00,2.525467e-11,1.459282e-09,1.459282e-11
8.444601e+00,2.516951e-11,1.493134e-09,1.493134e-11
8.447114e+00,2.501681e-11,1.521589e-09,1.521589e-11
8.449628e+00,2.480769e-11,1.543632e-09,1.543632e-11
8.452141e+00,2.455353e-11,1.558278e-09,1.558278e-11
8.454654e+00,2.426600e-11,1.564662e-09,1.564662e-11
8.457167e+00,2.395564e-11,1.562118e-09,1.562118e-11
8.459681e+00,2.363171e-11,1.550247e-09,1.550247e-11
8.462194e+00,2.330246e-11,1.528967e-09,1.528967e-11
8.464707e+00,2.297372e-11,1.498540e-09,1.498540e-11
8.467221e+00,2.265021e-11,1.459576e-09,1.459576e-11
8.469734e+00,2.233547e-11,1.413023e-09,1.413023e-11
8.472247e+00,2.203093e-11,1.360121e-09,1.360121e-11
8.474760e+00,2.173714e-11,1.302347e-09,1.302347e-11
8.477274e+00,2.145411e-11,1.241345e-09,1.241345e-11
8.479787e+00,2.118105e-11,1.178839e-09,1.178839e-11
8.482300e+00,2.091697e-11,1.116534e-09,1.116534e-11
8.484813e+00,2.066146e-11,1.056030e-09,1.056030e-11
8.487327e+00,2.041479e-11,9.987276e-10,9.987276e-12
8.489840e+00,2.017795e-11,9.457517e-10,9.457517e-12
8.492353e+00,1.995371e-11,8.979190e-10,8.979190e-12
8.494867e+00,1.974610e-11,8.557390e-10,8.557390e-12
8.497380e+00,1.956002e-11,8.194603e-10,8.194603e-12
8.499893e+00,1.940211e-11,7.891748e-10,7.891748e-12
8.502406e+00,1.928079e-11,7.649425e-10,7.649425e-12
8.504920e+00,1.920554e-11,7.469047e-10,7.469047e-12
8.507433e+00,1.918590e-11,7.353604e-10,7.353604e-12
8.509946e+00,1.923181e-11,7.307683e-10,7.307683e-12
8.512459e+00,1.935343e-11,7.336874e-10,7.336874e-12
8.514973e+00,1.956018e-11,7.446706e-10,7.446706e-12
8.517486e+00,1.986045e-11,7.640952e-10,7.640952e-12
8.519999e+00,2.026090e-11,7.920131e-10,7.920131e-12
8.522513e+00,2.076586e-11,8.280885e-10,8.280885e-12
8.525026e+00,2.137734e-11,8.716129e-10,8.716129e-12
8.527539e+00,2.209500e-11,9.215732e-10,9.215732e-12
8.530052e+00,2.291490e-11,9.767354e-10,9.767354e-12
8.532566e+00,2.383059e-11,1.035755e-09,1.035755e-11
8.535079e+00,2.483276e-11,1.097280e-09,1.097280e-11
8.537592e+00,2.590844e-11,1.159994e-09,1.159994e-11
8.540105e+00,2.704296e-11,1.222660e-09,1.222660e-11
8.542619e+00,2.822002e-11,1.284149e-09,1.284149e-11
8.545132e+00,2.942117e-11,1.343446e-09,1.343446e-11
8.547645e+00,3.062704e-11,1.399665e-09,1.399665e-11
8.550159e+00,3.181820e-11,1.452052e-09,1.452052e-11
8.552672e+00,3.297478e-11,1.499979e-09,1.499979e-11
8.555185e+00,3.407852e-11,1.542942e-09,1.542942e-11
8.557698e+00,3.511215e-11,1.580546e-09,1.580546e-11
8.560212e+00,3.605966e-11,1.612520e-09,1.612520e-11
8.562725e+00,3.690851e-11,1.638730e-09,1.638730e-11
8.565238e+00,3.764795e-11,1.659149e-09,1.659149e-11
8.567751e+00,3.827000e-11,1.673841e-09,1.673841e-11
8.570265e+00,3.876996e-11,1.682971e-09,1.682971e-11
8.572778e+00,3.914508e-11,1.686797e-09,1.686797e-11
8.575291e+00,3.939567e-11,1.685666e-09,1.685666e-11
8.577805e+00,3.952475e-11,1.679982e-09,1.679982e-11
8.580318e+00,3.953641e-11,1.670190e-09,1.670190e-11
8.582831e+00,3.943694e-11,1.656797e-09,1.656797e-11
8.585344e+00,3.923455e-11,1.640350e-09,1.640350e-11
8.587858e+00,3.893768e-11,1.621401e-09,1.621401e-11
8.590371e+00,3.855546e-11,1.600519e-09,1.600519e-11
8.592884e+00,3.809741e-11,1.578287e-09,1.578287e-11
8.595398e+00,3.757263e-11,1.555285e-09,1.555285e-11
8.597911e+00,3.699061e-11,1.532095e-09,1.532095e-11
8.600424e+00,3.636076e-11,1.509288e-09,1.509288e-11
8.602937e+00,3.569154e-11,1.487410e-09,1.487410e-11
8.605451e+00,3.499099e-11,1.466982e-09,1.466982e-11
8.607964e+00,3.426650e-11,1.448477e-09,1.448477e-11
8.610477e+00,3.352525e-11,1.432317e-09,1.432317e-11
8.612990e+00,3.277422e-11,1.418853e-09,1.418853e-11
8.615504e+00,3.201981e-11,1.408338e-09,1.408338e-11
8.618017e+00,3.126895e-11,1.400931e-09,1.400931e-11
8.620530e+00,3.052824e-11,1.396675e-09,1.396675e-11
8.623044e+00,2.980393e-11,1.395474e-09,1.395474e-11
8.625557e+00,2.910246e-11,1.397101e-09,1.397101e-11
8.628070e+00,2.843019e-11,1.401210e-09,1.401210e-11
8.630583e+00,2.779407e-11,1.407363e-09,1.407363e-11
8.633097e+00,2.720089e-11,1.415042e-09,1.415042e-11
8.635610e+00,2.665622e-11,1.423670e-09,1.423670e-11
8.638123e+00,2.616594e-11,1.432664e-09,1.432664e-11
8.640636e+00,2.573596e-11,1.441460e-09,1.441460e-11
8.643150e+00,2.537061e-11,1.449550e-09,1.449550e-11
8.645663e+00,2.507340e-11,1.456519e-09,1.456519e-11
8.648176e+00,2.484653e-11,1.462054e-09,1.462054e-11
8.650690e+00,2.469074e-11,1.465975e-09,1.465975e-11
8.653203e+00,2.460580e-11,1.468251e-09,1.468251e-11
8.655716e+00,2.458941e-11,1.468987e-09,1.468987e-11
8.658229e+00,2.463757e-11,1.468413e-09,1.468413e-11
8.660743e+00,2.474507e-11,1.466860e-09,1.466860e-11
8.663256e+00,2.490450e-11,1.464717e-09,1.464717e-11
8.665769e+00,2.510677e-11,1.462389e-09,1.462389e-11
8.668282e+00,2.534221e-11,1.460236e-09,1.460236e-11
8.670796e+00,2.559966e-11,1.458522e-09,1.458522e-11
8.673309e+00,2.586662e-11,1.457361e-09,1.457361e-11
8.675822e+00,2.613032e-11,1.456676e-09,1.456676e-11
8.678336e+00,2.637754e-11,1.456183e-09,1.456183e-11
8.680849e+00,2.659501e-11,1.455401e-09,1.455401e-11
8.683362e+00,2.677021e-11,1.453675e-09,1.453675e-11
8.685875e+00,2.689112e-11,1.450221e-09,1.450221e-11
8.688389e+00,2.694666e-11,1.444185e-09,1.444185e-11
8.690902e+00,2.692717e-11,1.434718e-09,1.434718e-11
8.693415e+00,2.682508e-11,1.421042e-09,1.421042e-11
8.695928e+00,2.663496e-11,1.402513e-09,1.402513e-11
8.698442e+00,2.635309e-11,1.378669e-09,1.378669e-11
8.700955e+00,2.597798e-11,1.349266e-09,1.349266e-11
8.703468e+00,2.551092e-11,1.314305e-09,1.314305e-11
8.705982e+00,2.495617e-11,1.274044e-09,1.274044e-11
8.708495e+00,2.431987e-11,1.228977e-09,1.228977e-11
8.711008e+00,2.361033e-11,1.179811e-09,1.179811e-11
8.713521e+00,2.283872e-11,1.127437e-09,1.127437e-11
8.716035e+00,2.201766e-11,1.072869e-09,1.072869e-11
8.718548e+00,2.116062e-11,1.017185e-09,1.017185e-11
8.721061e+00,2.028279e-11,9.614710e-10,9.614710e-12
8.723574e+00,1.940061e-11,9.067607e-10,9.067607e-12
8.726088e+00,1.852970e-11,8.539721e-10,8.539721e-12
8.728601e+00,1.768604e-11,8.038671e-10,8.038671e-12
8.731114e+00,1.688473e-11,7.570300e-10,7.570300e-12
8.733628e+00,1.613951e-11,7.138663e-10,7.138663e-12
8.736141e+00,1.546326e-11,6.746247e-10,6.746247e-12
8.738654e+00,1.486639e-11,6.394418e-10,6.394418e-12
8.741167e+00,1.435752e-11,6.083844e-10,6.083844e-12
8.743681e+00,1.394307e-11,5.814978e-10,5.814978e-12
8.746194e+00,1.362697e-11,5.588405e-10,5.588405e-12
8.748707e+00,1.341085e-11,5.404685e-10,5.404685e-12
8.751220e+00,1.329429e-11,5.264159e-10,5.264159e-12
8.753734e+00,1.327424e-11,5.166898e-10,5.166898e-12
8.756247e+00,1.334604e-11,5.112350e-10,5.112350e-12
8.758760e+00,1.350383e-11,5.098996e-10,5.098996e-12
8.761274e+00,1.373972e-11,5.124535e-10,5.124535e-12
8.763787e+00,1.404551e-11,5.186397e-10,5.186397e-12
8.766300e+00,1.441281e-11,5.282075e-10,5.282075e-12
8.768813e+00,1.483190e-11,5.409363e-10,5.409363e-12
8.771327e+00,1.529348e-11,5.566702e-10,5.566702e-12
8.773840e+00,1.578913e-11,5.753338e-10,5.753338e-12
8.776353e+00,1.631015e-11,5.969127e-10,5.969127e-12
8.778867e+00,1.684923e-11,6.214060e-10,6.214060e-12
8.781380e+00,1.739968e-11,6.487795e-10,6.487795e-12
8.783893e+00,1.795504e-11,6.789464e-10,6.789464e-12
8.786406e+00,1.851017e-11,7.117383e-10,7.117383e-12
8.788920e+00,1.906047e-11,7.468795e-10,7.468795e-12
8.791433e+00,1.960188e-11,7.840021e-10,7.840021e-12
8.793946e+00,2.013100e-11,8.226713e-10,8.226713e-12
8.796459e+00,2.064464e-11,8.623973e-10,8.623973e-12
8.798973e+00,2.113981e-11,9.026597e-10,9.026597e-12
8.801486e+00,2.161406e-11,9.429375e-10,9.429375e-12
8.803999e+00,2.206479e-11,9.827225e-10,9.827225e-12
8.806513e+00,2.248932e-11,1.021523e-09,1.021523e-11
8.809026e+00,2.288596e-11,1.058898e-09,1.058898e-11
8.811539e+00,2.325276e-11,1.094480e-09,1.094480e-11
8.814052e+00,2.358691e-11,1.127959e-09,1.127959e-11
8.816566e+00,2.388725e-11,1.159079e-09,1.159079e-11
8.819079e+00,2.415374e-11,1.187664e-09,1.187664e-11
8.821592e+00,2.438576e-11,1.213602e-09,1.213602e-11
8.824105e+00,2.458370e-11,1.236819e-09,1.236819e-11
8.826619e+00,2.474864e-11,1.257288e-09,1.257288e-11
8.829132e+00,2.488190e-11,1.275014e-09,1.275014e-11
8.831645e+00,2.498643e-11,1.290041e-09,1.290041e-11
8.834159e+00,2.506590e-11,1.302414e-09,1.302414e-11
8.836672e+00,2.512439e-11,1.312145e-09,1.312145e-11
8.839185e+00,2.516618e-11,1.319252e-09,1.319252e-11
8.841698e+00,2.519536e-11,1.323755e-09,1.323755e-11
8.844212e+00,2.521627e-11,1.325641e-09,1.325641e-11
8.846725e+00,2.523362e-11,1.324928e-09,1.324928e-11
8.849238e+00,2.525207e-11,1.321694e-09,1.321694e-11
8.851751e+00,2.527509e-11,1.316015e-09,1.316015e-11
8.854265e+00,2.530484e-11,1.307982e-09,1.307982e-11
8.856778e+00,2.534249e-11,1.297756e-09,1.297756e-11
8.859291e+00,2.538854e-11,1.285558e-09,1.285558e-11
8.861805e+00,2.544188e-11,1.271640e-09,1.271640e-11
8.864318e+00,2.550036e-11,1.256284e-09,1.256284e-11
8.866831e+00,2.556149e-11,1.239803e-09,1.239803e-11
8.869344e+00,2.562083e-11,1.222498e-09,1.222498e-11
8.871858e+00,2.567250e-11,1.204621e-09,1.204621e-11
8.874371e+00,2.571127e-11,1.186423e-09,1.186423e-11
8.876884e+00,2.573181e-11,1.168158e-09,1.168158e-11
8.879397e+00,2.572828e-11,1.150027e-09,1.150027e-11
8.881911e+00,2.569500e-11,1.132188e-09,1.132188e-11
8.884424e+00,2.562758e-11,1.114837e-09,1.114837e-11
8.886937e+00,2.552362e-11,1.098206e-09,1.098206e-11
8.889451e+00,2.538080e-11,1.082527e-09,1.082527e-11
8.891964e+00,2.519864e-11,1.068075e-09,1.068075e-11
8.894477e+00,2.497939e-11,1.055213e-09,1.055213e-11
8.896990e+00,2.472662e-11,1.044357e-09,1.044357e-11
8.899504e+00,2.444541e-11,1.035946e-09,1.035946e-11
8.902017e+00,2.414356e-11,1.030452e-09,1.030452e-11
8.904530e+00,2.383108e-11,1.028351e-09,1.028351e-11
8.907043e+00,2.351786e-11,1.030045e-09,1.030045e-11
8.909557e+00,2.321499e-11,1.035852e-09,1.035852e-11
8.912070e+00,2.293499e-11,1.045995e-09,1.045995e-11
8.914583e+00,2.269092e-11,1.060562e-09,1.060562e-11
8.917097e+00,2.249513e-11,1.079489e-09,1.079489e-11
8.919610e+00,2.235841e-11,1.102579e-09,1.102579e-11
8.922123e+00,2.229081e-11,1.129518e-09,1.129518e-11
8.924636e+00,2.230060e-11,1.159900e-09,1.159900e-11
8.927150e+00,2.239409e-11,1.193256e-09,1.193256e-11
8.929663e+00,2.257501e-11,1.229066e-09,1.229066e-11
8.932176e+00,2.284398e-11,1.266788e-09,1.266788e-11
8.934690e+00,2.319916e-11,1.305869e-09,1.305869e-11
8.937203e+00,2.363636e-11,1.345747e-09,1.345747e-11
8.939716e+00,2.414802e-11,1.385860e-09,1.385860e-11
8.942229e+00,2.472364e-11,1.425643e-09,1.425643e-11
8.944743e+00,2.535179e-11,1.464537e-09,1.464537e-11
8.947256e+00,2.601929e-11,1.501982e-09,1.501982e-11
8.949769e+00,2.671124e-11,1.537432e-09,1.537432e-11
8.952282e+00,2.741265e-11,1.570351e-09,1.570351e-11
8.954796e+00,2.810785e-11,1.600235e-09,1.600235e-11
8.957309e+00,2.878215e-11,1.626634e-09,1.626634e-11
8.959822e+00,2.942287e-11,1.649147e-09,1.649147e-11
8.962336e+00,3.001746e-11,1.667431e-09,1.667431e-11
8.964849e+00,3.055472e-11,1.681218e-09,1.681218e-11
8.967362e+00,3.102687e-11,1.690334e-09,1.690334e-11
8.969875e+00,3.142808e-11,1.694705e-09,1.694705e-11
8.972389e+00,3.175386e-11,1.694348e-09,1.694348e-11
8.974902e+00,3.200255e-11,1.689363e-09,1.689363e-11
8.977415e+00,3.217464e-11,1.679933e-09,1.679933e-11
8.979928e+00,3.227196e-11,1.666319e-09,1.666319e-11
8.982442e+00,3.229799e-11,1.648835e-09,1.648835e-11
8.984955e+00,3.225719e-11,1.627835e-09,1.627835e-11
8.987468e+00,3.215479e-11,1.603709e-09,1.603709e-11
8.989982e+00,3.199620e-11,1.576852e-09,1.576852e-11
8.992495e+00,3.178721e-11,1.547658e-09,1.547658e-11
8.995008e+00,3.153403e-11,1.516525e-09,1.516525e-11
8.997521e+00,3.124249e-11,1.483830e-09,1.483830e-11
9.000035e+00,3.091680e-11,1.449914e-09,1.449914e-11
9.002548e+00,3.056112e-11,1.415090e-09,1.415090e-11
9.005061e+00,3.018015e-11,1.379648e-09,1.379648e-11
9.007574e+00,2.977677e-11,1.343847e-09,1.343847e-11
9.010088e+00,2.935378e-11,1.307922e-09,1.307922e-11
9.012601e+00,2.891387e-11,1.272074e-09,1.272074e-11
9.015114e+00,2.845937e-11,1.236484e-09,1.236484e-11
9.017628e+00,2.799301e-11,1.201326e-09,1.201326e-11
9.020141e+00,2.751639e-11,1.166740e-09,1.166740e-11
9.022654e+00,2.703158e-11,1.132855e-09,1.132855e-11
9.025167e+00,2.654176e-11,1.099815e-09,1.099815e-11
9.027681e+00,2.604954e-11,1.067758e-09,1.067758e-11
9.030194e+00,2.555751e-11,1.036822e-09,1.036822e-11
9.032707e+00,2.506879e-11,1.007152e-09,1.007152e-11
9.035220e+00,2.458625e-11,9.788838e-10,9.788838e-12
9.037734e+00,2.411298e-11,9.521531e-10,9.521531e-12
9.040247e+00,2.365204e-11,9.270982e-10,9.270982e-12
9.042760e+00,2.320634e-11,9.038548e-10,9.038548e-12
9.045274e+00,2.277878e-11,8.825478e-10,8.825478e-12
9.047787e+00,2.237181e-11,8.632725e-10,8.632725e-12
9.050300e+00,2.198734e-11,8.461111e-10,8.461111e-12
9.052813e+00,2.162793e-11,8.311817e-10,8.311817e-12
9.055327e+00,2.129707e-11,8.186412e-10,8.186412e-12
9.057840e+00,2.099736e-11,8.086576e-10,8.086576e-12
9.060353e+00,2.073078e-11,8.014238e-10,8.014238e-12
9.062866e+00,2.049991e-11,7.971842e-10,7.971842e-12
9.065380e+00,2.030861e-11,7.962190e-10,7.962190e-12
9.067893e+00,2.016062e-11,7.987968e-10,7.987968e-12
9.070406e+00,2.005948e-11,8.051366e-10,8.051366e-12
9.072920e+00,2.000970e-11,8.153816e-10,8.153816e-12
9.075433e+00,2.001577e-11,8.295618e-10,8.295618e-12
9.077946e+00,2.008180e-11,8.475678e-10,8.475678e-12
9.080459e+00,2.021182e-11,8.691564e-10,8.691564e-12
9.082973e+00,2.040974e-11,8.939743e-10,8.939743e-12
9.085486e+00,2.067842e-11,9.215963e-10,9.215963e-12
9.087999e+00,2.101919e-11,9.515784e-10,9.515784e-12
9.090513e+00,2.143241e-11,9.834917e-10,9.834917e-12
9.093026e+00,2.191725e-11,1.016945e-09,1.016945e-11
9.095539e+00,2.247054e-11,1.051622e-09,1.051622e-11
9.098052e+00,2.308727e-11,1.087278e-09,1.087278e-11
9.100566e+00,2.376031e-11,1.123695e-09,1.123695e-11
9.103079e+00,2.448012e-11,1.160670e-09,1.160670e-11
9.105592e+00,2.523619e-11,1.197999e-09,1.197999e-11
9.108105e+00,2.601623e-11,1.235410e-09,1.235410e-11
9.110619e+00,2.680614e-11,1.272536e-09,1.272536e-11
9.113132e+00,2.759135e-11,1.308926e-09,1.308926e-11
9.115645e+00,2.835691e-11,1.344025e-09,1.344025e-11
9.118159e+00,2.908766e-11,1.377179e-09,1.377179e-11
9.120672e+00,2.976925e-11,1.407701e-09,1.407701e-11
9.123185e+00,3.038874e-11,1.434912e-09,1.434912e-11
9.125698e+00,3.093506e-11,1.458185e-09,1.458185e-11
9.128212e+00,3.139939e-11,1.476998e-09,1.476998e-11
9.130725e+00,3.177544e-11,1.490992e-09,1.490992e-11
9.133238e+00,3.205992e-11,1.500012e-09,1.500012e-11
9.135751e+00,3.225248e-11,1.504133e-09,1.504133e-11
9.138265e+00,3.235650e-11,1.503666e-09,1.503666e-11
9.140778e+00,3.237811e-11,1.499160e-09,1.499160e-11
9.143291e+00,3.232579e-11,1.491394e-09,1.491394e-11
9.145805e+00,3.221178e-11,1.481329e-09,1.481329e-11
9.148318e+00,3.204944e-11,1.470039e-09,1.470039e-11
9.150831e+00,3.185294e-11,1.458655e-09,1.458655e-11
9.153344e+00,3.163824e-11,1.448313e-09,1.448313e-11
9.155858e+00,3.142076e-11,1.440073e-09,1.440073e-11
9.158371e+00,3.121465e-11,1.434859e-09,1.434859e-11
9.160884e+00,3.103370e-11,1.433424e-09,1.433424e-11
9.163397e+00,3.088933e-11,1.436322e-09,1.436322e-11
9.165911e+00,3.078997e-11,1.443909e-09,1.443909e-11
9.168424e+00,3.074135e-11,1.456343e-09,1.456343e-11
9.170937e+00,3.074530e-11,1.473596e-09,1.473596e-11
9.173451e+00,3.080063e-11,1.495487e-09,1.495487e-11
9.175964e+00,3.090338e-11,1.521713e-09,1.521713e-11
9.178477e+00,3.104602e-11,1.551845e-09,1.551845e-11
9.180990e+00,3.121793e-11,1.585328e-09,1.585328e-11
9.183504e+00,3.140680e-11,1.621484e-09,1.621484e-11
9.186017e+00,3.159857e-11,1.659535e-09,1.659535e-11
9.188530e+00,3.177766e-11,1.698596e-09,1.698596e-11
9.191043e+00,3.192903e-11,1.737700e-09,1.737700e-11
9.193557e+00,3.203802e-11,1.775826e-09,1.775826e-11
9.196070e+00,3.209040e-11,1.811910e-09,1.811910e-11
9.198583e+00,3.207383e-11,1.844888e-09,1.844888e-11
9.201097e+00,3.197868e-11,1.873738e-09,1.873738e-11
9.203610e+00,3.179736e-11,1.897503e-09,1.897503e-11
9.206123e+00,3.152517e-11,1.915326e-09,1.915326e-11
9.208636e+00,3.116136e-11,1.926460e-09,1.926460e-11
9.211150e+00,3.070719e-11,1.930278e-09,1.930278e-11
9.213663e+00,3.016703e-11,1.926289e-09,1.926289e-11
9.216176e+00,2.954821e-11,1.914145e-09,1.914145e-11
9.218689e+00,2.885953e-11,1.893639e-09,1.893639e-11
9.221203e+00,2.811196e-11,1.864705e-09,1.864705e-11
9.223716e+00,2.731739e-11,1.827421e-09,1.827421e-11
9.226229e+00,2.648847e-11,1.782014e-09,1.782014e-11
9.228743e+00,2.563825e-11,1.728856e-09,1.728856e-11
9.231256e+00,2.477852e-11,1.668467e-09,1.668467e-11
9.233769e+00,2.392084e-11,1.601515e-09,1.601515e-11
9.236282e+00,2.307526e-11,1.528814e-09,1.528814e-11
9.238796e+00,2.224957e-11,1.451316e-09,1.451316e-11
9.241309e+00,2.145095e-11,1.370111e-09,1.370111e-11
9.243822e+00,2.068420e-11,1.286407e-09,1.286407e-11
9.246335e+00,1.995219e-11,1.201513e-09,1.201513e-11
9.248849e+00,1.925660e-11,1.116809e-09,1.116809e-11
9.251362e+00,1.859774e-11,1.033715e-09,1.033715e-11
9.253875e+00,1.797443e-11,9.536365e-10,9.536365e-12
9.256389e+00,1.738446e-11,8.779108e-10,8.779108e-12
9.258902e+00,1.682584e-11,8.077437e-10,8.077437e-12
9.261415e+00,1.629571e-11,7.441269e-10,7.441269e-12
9.263928e+00,1.579133e-11,6.877511e-10,6.877511e-12
9.266442e+00,1.531015e-11,6.389283e-10,6.389283e-12
9.268955e+00,1.484966e-11,5.975447e-10,5.975447e-12
9.271468e+00,1.440818e-11,5.630739e-10,5.630739e-12
9.273982e+00,1.398449e-11,5.346466e-10,5.346466e-12
9.276495e+00,1.357771e-11,5.111807e-10,5.111807e-12
9.279008e+00,1.318762e-11,4.915483e-10,4.915483e-12
9.281521e+00,1.281478e-11,4.747177e-10,4.747177e-12
9.284035e+00,1.245964e-11,4.598547e-10,4.598547e-12
9.286548e+00,1.212328e-11,4.463765e-10,4.463765e-12
9.289061e+00,1.180661e-11,4.339476e-10,4.339476e-12
9.291574e+00,1.151078e-11,4.224486e-10,4.224486e-12
9.294088e+00,1.123745e-11,4.119301e-10,4.119301e-12
9.296601e+00,1.098775e-11,4.025312e-10,4.025312e-12
9.299114e+00,1.076243e-11,3.944002e-10,3.944002e-12
9.301628e+00,1.056169e-11,3.876505e-10,3.876505e-12
9.304141e+00,1.038637e-11,3.823309e-10,3.823309e-12
9.306654e+00,1.023706e-11,3.783924e-10,3.783924e-12
9.309167e+00,1.011305e-11,3.756802e-10,3.756802e-12
9.311681e+00,1.001338e-11,3.739653e-10,3.739653e-12
9.314194e+00,9.937385e-12,3.729873e-10,3.729873e-12
9.316707e+00,9.884392e-12,3.724751e-10,3.724751e-12
9.319220e+00,9.852433e-12,3.721692e-10,3.721692e-12
9.321734e+00,9.839794e-12,3.718534e-10,3.718534e-12
9.324247e+00,9.844633e-12,3.713611e-10,3.713611e-12
9.326760e+00,9.864559e-12,3.705866e-10,3.705866e-12
9.329274e+00,9.897846e-12,3.694895e-10,3.694895e-12
9.331787e+00,9.941778e-12,3.680761e-10,3.680761e-12
9.334300e+00,9.994088e-12,3.663854e-10,3.663854e-12
9.336813e+00,1.005251e-11,3.644731e-10,3.644731e-12
9.339327e+00,1.011452e-11,3.624237e-10,3.624237e-12
9.341840e+00,1.017904e-11,3.603364e-10,3.603364e-12
9.344353e+00,1.024443e-11,3.582806e-10,3.582806e-12
9.346866e+00,1.030950e-11,3.563163e-10,3.563163e-12
9.349380e+00,1.037408e-11,3.545122e-10,3.545122e-12
9.351893e+00,1.043866e-11,3.529457e-10,3.529457e-12
9.354406e+00,1.050540e-11,3.517306e-10,3.517306e-12
9.356920e+00,1.057709e-11,3.510175e-10,3.510175e-12
9.359433e+00,1.065672e-11,3.510010e-10,3.510010e-12
9.361946e+00,1.074891e-11,3.519787e-10,3.519787e-12
9.364459e+00,1.085990e-11,3.543795e-10,3.543795e-12
9.366973e+00,1.099626e-11,3.587123e-10,3.587123e-12
9.369486e+00,1.116532e-11,3.655706e-10,3.655706e-12
9.371999e+00,1.137483e-11,3.756467e-10,3.756467e-12
9.374512e+00,1.163242e-11,3.896586e-10,3.896586e-12
9.377026e+00,1.194657e-11,4.083271e-10,4.083271e-12
9.379539e+00,1.232534e-11,4.323352e-10,4.323352e-12
9.382052e+00,1.277488e-11,4.622465e-10,4.622465e-12
9.384566e+00,1.330072e-11,4.985108e-10,4.985108e-12
9.387079e+00,1.390741e-11,5.414641e-10,5.414641e-12
9.389592e+00,1.459709e-11,5.912989e-10,5.912989e-12
9.392105e+00,1.536997e-11,6.480586e-10,6.480586e-12
9.394619e+00,1.622385e-11,7.116477e-10,7.116477e-12
9.397132e+00,1.715458e-11,7.818315e-10,7.818315e-12
9.399645e+00,1.815558e-11,8.582115e-10,8.582115e-12
9.402158e+00,1.921701e-11,9.402241e-10,9.402241e-12
9.404672e+00,2.032790e-11,1.027148e-09,1.027148e-11
9.407185e+00,2.147520e-11,1.118096e-09,1.118096e-11
9.409698e+00,2.264352e-11,1.212023e-09,1.212023e-11
9.412212e+00,2.381687e-11,1.307754e-09,1.307754e-11
9.414725e+00,2.497827e-11,1.403995e-09,1.403995e-11
9.417238e+00,2.611046e-11,1.499366e-09,1.499366e-11
9.419751e+00,2.719619e-11,1.592427e-09,1.592427e-11
9.422265e+00,2.821885e-11,1.681710e-09,1.681710e-11
9.424778e+00,2.916330e-11,1.765759e-09,1.765759e-11
9.427291e+00,3.001515e-11,1.843169e-09,1.843169e-11
9.429805e+00,3.076196e-11,1.912619e-09,1.912619e-11
9.432318e+00,3.139400e-11,1.972899e-09,1.972899e-11
9.434831e+00,3.190322e-11,2.022954e-09,2.022954e-11
9.437344e+00,3.228426e-11,2.061911e-09,2.061911e-11
9.439858e+00,3.253427e-11,2.089107e-09,2.089107e-11
9.442371e+00,3.265233e-11,2.104103e-09,2.104103e-11
9.444884e+00,3.264021e-11,2.106705e-09,2.106705e-11
9.447397e+00,3.250236e-11,2.096979e-09,2.096979e-11
9.449911e+00,3.224510e-11,2.075247e-09,2.075247e-11
9.452424e+00,3.187584e-11,2.042077e-09,2.042077e-11
9.454937e+00,3.140375e-11,1.998276e-09,1.998276e-11
9.457451e+00,3.084007e-11,1.944872e-09,1.944872e-11
9.459964e+00,3.019662e-11,1.883079e-09,1.883079e-11
9.462477e+00,2.948542e-11,1.814271e-09,1.814271e-11
9.464990e+00,2.871960e-11,1.739955e-09,1.739955e-11
9.467504e+00,2.791309e-11,1.661719e-09,1.661719e-11
9.470017e+00,2.707905e-11,1.581178e-09,1.581178e-11
9.472530e+00,2.622980e-11,1.499937e-09,1.499937e-11
9.475043e+00,2.537850e-11,1.419555e-09,1.419555e-11
9.477557e+00,2.453808e-11,1.341496e-09,1.341496e-11
9.480070e+00,2.371927e-11,1.267081e-09,1.267081e-11
9.482583e+00,2.293221e-11,1.197461e-09,1.197461e-11
9.485097e+00,2.218690e-11,1.133585e-09,1.133585e-11
9.487610e+00,2.149136e-11,1.076180e-09,1.076180e-11
9.490123e+00,2.085187e-11,1.025726e-09,1.025726e-11
9.492636e+00,2.027376e-11,9.824709e-10,9.824709e-12
9.495150e+00,1.976110e-11,9.464361e-10,9.464361e-12
9.497663e+00,1.931606e-11,9.174229e-10,9.174229e-12
9.500176e+00,1.893945e-11,8.950367e-10,8.950367e-12
9.502689e+00,1.863085e-11,8.787244e-10,8.787244e-12
9.505203e+00,1.838787e-11,8.678049e-10,8.678049e-12
9.507716e+00,1.820688e-11,8.614998e-10,8.614998e-12
9.510229e+00,1.808393e-11,8.589723e-10,8.589723e-12
9.512743e+00,1.801353e-11,8.593539e-10,8.593539e-12
9.515256e+00,1.798871e-11,8.617644e-10,8.617644e-12
9.517769e+00,1.800320e-11,8.653551e-10,8.653551e-12
9.520282e+00,1.805014e-11,8.693261e-10,8.693261e-12
9.522796e+00,1.812149e-11,8.729255e-10,8.729255e-12
9.525309e+00,1.820984e-11,8.754946e-10,8.754946e-12
9.527822e+00,1.830848e-11,8.764921e-10,8.764921e-12
9.530335e+00,1.841069e-11,8.754807e-10,8.754807e-12
9.532849e+00,1.850977e-11,8.721362e-10,8.721362e-12
9.535362e+00,1.860026e-11,8.662631e-10,8.662631e-12
9.537875e+00,1.867721e-11,8.577941e-10,8.577941e-12
9.540389e+00,1.873659e-11,8.467831e-10,8.467831e-12
9.542902e+00,1.877564e-11,8.333864e-10,8.333864e-12
9.545415e+00,1.879164e-11,8.178520e-10,8.178520e-12
9.547928e+00,1.878337e-11,8.005098e-10,8.005098e-12
9.550442e+00,1.875008e-11,7.817310e-10,7.817310e-12
9.552955e+00,1.869132e-11,7.619106e-10,7.619106e-12
9.555468e+00,1.860810e-11,7.414700e-10,7.414700e-12
9.557981e+00,1.850173e-11,7.208256e-10,7.208256e-12
9.560495e+00,1.837374e-11,7.003545e-10,7.003545e-12
9.563008e+00,1.822579e-11,6.803825e-10,6.803825e-12
9.565521e+00,1.806034e-11,6.611913e-10,6.611913e-12
9.568035e+00,1.788009e-11,6.430132e-10,6.430132e-12
9.570548e+00,1.768778e-11,6.260108e-10,6.260108e-12
9.573061e+00,1.748674e-11,6.103049e-10,6.103049e-12
9.575574e+00,1.728036e-11,5.959951e-10,5.959951e-12
9.578088e+00,1.707219e-11,5.831398e-10,5.831398e-12
9.580601e+00,1.686547e-11,5.717725e-10,5.717725e-12
9.583114e+00,1.666359e-11,5.619365e-10,5.619365e-12
9.585628e+00,1.647071e-11,5.537086e-10,5.537086e-12
9.588141e+00,1.629079e-11,5.471776e-10,5.471776e-12
9.590654e+00,1.612689e-11,5.424336e-10,5.424336e-12
9.593167e+00,1.598314e-11,5.396183e-10,5.396183e-12
9.595681e+00,1.586413e-11,5.389011e-10,5.389011e-12
9.598194e+00,1.577287e-11,5.404227e-10,5.404227e-12
9.600707e+00,1.571238e-11,5.443213e-10,5.443213e-12
9.603220e+00,1.568615e-11,5.507430e-10,5.507430e-12
9.605734e+00,1.569727e-11,5.598040e-10,5.598040e-12
9.608247e+00,1.574802e-11,5.715779e-10,5.715779e-12
9.610760e+00,1.584062e-11,5.861154e-10,5.861154e-12
9.613274e+00,1.597637e-11,6.034355e-10,6.034355e-12
9.615787e+00,1.615568e-11,6.235186e-10,6.235186e-12
9.618300e+00,1.637939e-11,6.463415e-10,6.463415e-12
9.620813e+00,1.664698e-11,6.718693e-10,6.718693e-12
9.623327e+00,1.695719e-11,7.000494e-10,7.000494e-12
9.625840e+00,1.730888e-11,7.308412e-10,7.308412e-12
9.628353e+00,1.770013e-11,7.642045e-10,7.642045e-12
9.630866e+00,1.812844e-11,8.000888e-10,8.000888e-12
9.633380e+00,1.859098e-11,8.384547e-10,8.384547e-12
9.635893e+00,1.908460e-11,8.792766e-10,8.792766e-12
9.638406e+00,1.960654e-11,9.225367e-10,9.225367e-12
9.640920e+00,2.015405e-11,9.682179e-10,9.682179e-12
9.643433e+00,2.072402e-11,1.016298e-09,1.016298e-11
9.645946e+00,2.131414e-11,1.066754e-09,1.066754e-11
9.648459e+00,2.192269e-11,1.119557e-09,1.119557e-11
9.650973e+00,2.254774e-11,1.174643e-09,1.174643e-11
9.653486e+00,2.318754e-11,1.231908e-09,1.231908e-11
9.655999e+00,2.384080e-11,1.291203e-09,1.291203e-11
9.658512e+00,2.450657e-11,1.352322e-09,1.352322e-11
9.661026e+00,2.518342e-11,1.414990e-09,1.414990e-11
9.663539e+00,2.586905e-11,1.478864e-09,1.478864e-11
9.666052e+00,2.656180e-11,1.543542e-09,1.543542e-11
9.668566e+00,2.725894e-11,1.608548e-09,1.608548e-11
9.671079e+00,2.795592e-11,1.673343e-09,1.673343e-11
9.673592e+00,2.864817e-11,1.737352e-09,1.737352e-11
9.676105e+00,2.932969e-11,1.799960e-09,1.799960e-11
9.678619e+00,2.999280e-11,1.860521e-09,1.860521e-11
9.681132e+00,3.062940e-11,1.918388e-09,1.918388e-11
9.683645e+00,3.123045e-11,1.972912e-09,1.972912e-11
9.686158e+00,3.178550e-11,2.023445e-09,2.023445e-11
9.688672e+00,3.228399e-11,2.069365e-09,2.069365e-11
9.691185e+00,3.271547e-11,2.110092e-09,2.110092e-11
9.693698e+00,3.307017e-11,2.145101e-09,2.145101e-11
9.696212e+00,3.333923e-11,2.173934e-09,2.173934e-11
9.698725e+00,3.351503e-11,2.196221e-09,2.196221e-11
9.701238e+00,3.359258e-11,2.211689e-09,2.211689e-11
9.703751e+00,3.356857e-11,2.220165e-09,2.220165e-11
9.706265e+00,3.344184e-11,2.221594e-09,2.221594e-11
9.708778e+00,3.321472e-11,2.216059e-09,2.216059e-11
9.711291e+00,3.289279e-11,2.203773e-09,2.203773e-11
9.713804e+00,3.248382e-11,2.185063e-09,2.185063e-11
9.716318e+00,3.199776e-11,2.160373e-09,2.160373e-11
9.718831e+00,3.144773e-11,2.130274e-09,2.130274e-11
9.721344e+00,3.084856e-11,2.095431e-09,2.095431e-11
9.723858e+00,3.021579e-11,2.056592e-09,2.056592e-11
9.726371e+00,2.956616e-11,2.014571e-09,2.014571e-11
9.728884e+00,2.891610e-11,1.970233e-09,1.970233e-11
9.731397e+00,2.828094e-11,1.924469e-09,1.924469e-11
9.733911e+00,2.767506e-11,1.878179e-09,1.878179e-11
9.736424e+00,2.711092e-11,1.832253e-09,1.832253e-11
9.738937e+00,2.659835e-11,1.787549e-09,1.787549e-11
9.741451e+00,2.614473e-11,1.744870e-09,1.744870e-11
9.743964e+00,2.575436e-11,1.704932e-09,1.704932e-11
9.746477e+00,2.542808e-11,1.668328e-09,1.668328e-11
9.748990e+00,2.516368e-11,1.635507e-09,1.635507e-11
9.751504e+00,2.495652e-11,1.606755e-09,1.606755e-11
9.754017e+00,2.479943e-11,1.582182e-09,1.582182e-11
9.756530e+00,2.468267e-11,1.561701e-09,1.561701e-11
9.759043e+00,2.459526e-11,1.545025e-09,1.545025e-11
9.761557e+00,2.452506e-11,1.531686e-09,1.531686e-11
9.764070e+00,2.445922e-11,1.521057e-09,1.521057e-11
9.766583e+00,2.438509e-11,1.512381e-09,1.512381e-11
9.769097e+00,2.429044e-11,1.504800e-09,1.504800e-11
9.771610e+00,2.416470e-11,1.497396e-09,1.497396e-11
9.774123e+00,2.399858e-11,1.489226e-09,1.489226e-11
9.776636e+00,2.378400e-11,1.479358e-09,1.479358e-11
9.779150e+00,2.351559e-11,1.466906e-09,1.466906e-11
9.781663e+00,2.318987e-11,1.451060e-09,1.451060e-11
9.784176e+00,2.280547e-11,1.431111e-09,1.431111e-11
9.786689e+00,2.236339e-11,1.406479e-09,1.406479e-11
9.789203e+00,2.186617e-11,1.376734e-09,1.376734e-11
9.791716e+00,2.131804e-11,1.341622e-09,1.341622e-11
9.794229e+00,2.072516e-11,1.301077e-09,1.301077e-11
9.796743e+00,2.009519e-11,1.255234e-09,1.255234e-11
9.799256e+00,1.943611e-11,1.204421e-09,1.204421e-11
9.801769e+00,1.875668e-11,1.149163e-09,1.149163e-11
9.804282e+00,1.806614e-11,1.090173e-09,1.090173e-11
9.806796e+00,1.737338e-11,1.028339e-09,1.028339e-11
9.809309e+00,1.668739e-11,9.646954e-10,9.646954e-12
9.811822e+00,1.601685e-11,9.004001e-10,9.004001e-12
9.814335e+00,1.536961e-11,8.366898e-10,8.366898e-12
9.816849e+00,1.475273e-11,7.748339e-10,7.748339e-12
9.819362e+00,1.417222e-11,7.160790e-10,7.160790e-12
9.821875e+00,1.363316e-11,6.615835e-10,6.615835e-12
9.824389e+00,1.313964e-11,6.123380e-10,6.123380e-12
9.826902e+00,1.269497e-11,5.690826e-10,5.690826e-12
9.829415e+00,1.230181e-11,5.322453e-10,5.322453e-12
9.831928e+00,1.196162e-11,5.019120e-10,5.019120e-12
9.834442e+00,1.167530e-11,4.778571e-10,4.778571e-12
9.836955e+00,1.144389e-11,4.596563e-10,4.596563e-12
9.839468e+00,1.126779e-11,4.468419e-10,4.468419e-12
9.841981e+00,1.114676e-11,4.390833e-10,4.390833e-12
9.844495e+00,1.108130e-11,4.363380e-10,4.363380e-12
9.847008e+00,1.107217e-11,4.388953e-10,4.388953e-12
9.849521e+00,1.111992e-11,4.473123e-10,4.473123e-12
9.852035e+00,1.122561e-11,4.622631e-10,4.622631e-12
9.854548e+00,1.139043e-11,4.843319e-10,4.843319e-12
9.857061e+00,1.161574e-11,5.138252e-10,5.138252e-12
9.859574e+00,1.190363e-11,5.506595e-10,5.506595e-12
9.862088e+00,1.225638e-11,5.943439e-10,5.943439e-12
9.864601e+00,1.267561e-11,6.440653e-10,6.440653e-12
9.867114e+00,1.316279e-11,6.988135e-10,6.988135e-12
9.869627e+00,1.371902e-11,7.574950e-10,7.574950e-12
9.872141e+00,1.434476e-11,8.190303e-10,8.190303e-12
9.874654e+00,1.503974e-11,8.824149e-10,8.824149e-12
9.877167e+00,1.580247e-11,9.467674e-10,9.467674e-12
9.879681e+00,1.663037e-11,1.011345e-09,1.011345e-11
9.882194e+00,1.751863e-11,1.075536e-09,1.075536e-11
9.884707e+00,1.846090e-11,1.138862e-09,1.138862e-11
9.887220e+00,1.944979e-11,1.200945e-09,1.200945e-11
9.889734e+00,2.047570e-11,1.261473e-09,1.261473e-11
9.892247e+00,2.152728e-11,1.320154e-09,1.320154e-11
9.894760e+00,2.259131e-11,1.376675e-09,1.376675e-11
9.897273e+00,2.365350e-11,1.430662e-09,1.430662e-11
9.899787e+00,2.469873e-11,1.481652e-09,1.481652e-11
9.902300e+00,2.571013e-11,1.529071e-09,1.529071e-11
9.904813e+00,2.667136e-11,1.572248e-09,1.572248e-11
9.907327e+00,2.756637e-11,1.610423e-09,1.610423e-11
9.909840e+00,2.837814e-11,1.642773e-09,1.642773e-11
9.912353e+00,2.909146e-11,1.668458e-09,1.668458e-11
9.914866e+00,2.969362e-11,1.686679e-09,1.686679e-11
9.917380e+00,3.017339e-11,1.696718e-09,1.696718e-11
9.919893e+00,3.052144e-11,1.698000e-09,1.698000e-11
9.922406e+00,3.073152e-11,1.690132e-09,1.690132e-11
9.924920e+00,3.080084e-11,1.672949e-09,1.672949e-11
9.927433e+00,3.072995e-11,1.646542e-09,1.646542e-11
9.929946e+00,3.052303e-11,1.611281e-09,1.611281e-11
9.932459e+00,3.018755e-11,1.567823e-09,1.567823e-11
9.934973e+00,2.973471e-11,1.517111e-09,1.517111e-11
9.937486e+00,2.917923e-11,1.460362e-09,1.460362e-11
9.939999e+00,2.853817e-11,1.399039e-09,1.399039e-11
9.942512e+00,2.783094e-11,1.334810e-09,1.334810e-11
9.945026e+00,2.707896e-11,1.269513e-09,1.269513e-11
9.947539e+00,2.630513e-11,1.205096e-09,1.205096e-11
9.950052e+00,2.553288e-11,1.143546e-09,1.143546e-11
9.952566e+00,2.478469e-11,1.086797e-09,1.086797e-11
9.955079e+00,2.408203e-11,1.036639e-09,1.036639e-11
9.957592e+00,2.344549e-11,9.946166e-10,9.946166e-12
9.960105e+00,2.289292e-11,9.619065e-10,9.619065e-12
9.962619e+00,2.243873e-11,9.392287e-10,9.392287e-12
9.965132e+00,2.209418e-11,9.268248e-10,9.268248e-12
9.967645e+00,2.186683e-11,9.244863e-10,9.244863e-12
9.970158e+00,2.176048e-11,9.316291e-10,9.316291e-12
9.972672e+00,2.177482e-11,9.474134e-10,9.474134e-12
9.975185e+00,2.190524e-11,9.708536e-10,9.708536e-12
9.977698e+00,2.214352e-11,1.000909e-09,1.000909e-11
9.980212e+00,2.247876e-11,1.036529e-09,1.036529e-11
9.982725e+00,2.289675e-11,1.076648e-09,1.076648e-11
9.985238e+00,2.338074e-11,1.120183e-09,1.120183e-11
9.987751e+00,2.391300e-11,1.166021e-09,1.166021e-11
9.990265e+00,2.447410e-11,1.213012e-09,1.213012e-11
9.992778e+00,2.504468e-11,1.259977e-09,1.259977e-11
9.995291e+00,2.560573e-11,1.305719e-09,1.305719e-11
9.997804e+00,2.613862e-11,1.349048e-09,1.349048e-11
1.000032e+01,2.662665e-11,1.388825e-09,1.388825e-11
1.000283e+01,2.705481e-11,1.423999e-09,1.423999e-11
1.000534e+01,2.741045e-11,1.453638e-09,1.453638e-11
1.000786e+01,2.768335e-11,1.476978e-09,1.476978e-11
1.001037e+01,2.786635e-11,1.493449e-09,1.493449e-11
1.001288e+01,2.795498e-11,1.502695e-09,1.502695e-11
1.001540e+01,2.794785e-11,1.504594e-09,1.504594e-11
1.001791e+01,2.784655e-11,1.499280e-09,1.499280e-11
1.002042e+01,2.765492e-11,1.487130e-09,1.487130e-11
1.002294e+01,2.737957e-11,1.468746e-09,1.468746e-11
1.002545e+01,2.702946e-11,1.444962e-09,1.444962e-11
1.002796e+01,2.661568e-11,1.416806e-09,1.416806e-11
1.003048e+01,2.615075e-11,1.385446e-09,1.385446e-11
1.003299e+01,2.564846e-11,1.352159e-09,1.352159e-11
1.003550e+01,2.512397e-11,1.318282e-09,1.318282e-11
1.003802e+01,2.459310e-11,1.285124e-09,1.285124e-11
1.004053e+01,2.407118e-11,1.253895e-09,1.253895e-11
1.004304e+01,2.357337e-11,1.225652e-09,1.225652e-11
1.004556e+01,2.311504e-11,1.201258e-09,1.201258e-11
1.004807e+01,2.271011e-11,1.181335e-09,1.181335e-11
1.005058e+01,2.237144e-11,1.166265e-09,1.166265e-11
1.005310e+01,2.211044e-11,1.156192e-09,1.156192e-11
1.005561e+01,2.193621e-11,1.151059e-09,1.151059e-11
1.005812e+01,2.185617e-11,1.150687e-09,1.150687e-11
1.006064e+01,2.187566e-11,1.154845e-09,1.154845e-11
1.006315e+01,2.199761e-11,1.163282e-09,1.163282e-11
1.006566e+01,2.222225e-11,1.175736e-09,1.175736e-11
1.006818e+01,2.254731e-11,1.191972e-09,1.191972e-11
1.007069e+01,2.296818e-11,1.211808e-09,1.211808e-11
1.007320e+01,2.347843e-11,1.235085e-09,1.235085e-11
1.007572e+01,2.406974e-11,1.261605e-09,1.261605e-11
1.007823e+01,2.473109e-11,1.291102e-09,1.291102e-11
1.008074e+01,2.545000e-11,1.323242e-09,1.323242e-11
1.008326e+01,2.621325e-11,1.357606e-09,1.357606e-11
1.008577e+01,2.700612e-11,1.393674e-09,1.393674e-11
1.008828e+01,2.781309e-11,1.430821e-09,1.430821e-11
1.009080e+01,2.861887e-11,1.468347e-09,1.468347e-11
1.009331e+01,2.940849e-11,1.505523e-09,1.505523e-11
1.009582e+01,3.016704e-11,1.541603e-09,1.541603e-11
1.009834e+01,3.088034e-11,1.575828e-09,1.575828e-11
1.010085e+01,3.153535e-11,1.607469e-09,1.607469e-11
1.010336e+01,3.212056e-11,1.635869e-09,1.635869e-11
1.010588e+01,3.262644e-11,1.660459e-09,1.660459e-11
1.010839e+01,3.304475e-11,1.680742e-09,1.680742e-11
1.011090e+01,3.336920e-11,1.696311e-09,1.696311e-11
1.011342e+01,3.359605e-11,1.706882e-09,1.706882e-11
1.011593e+01,3.372332e-11,1.712297e-09,1.712297e-11
1.011844e+01,3.375116e-11,1.712490e-09,1.712490e-11
1.012095e+01,3.368144e-11,1.707476e-09,1.707476e-11
1.012347e+01,3.351835e-11,1.697384e-09,1.697384e-11
1.012598e+01,3.326823e-11,1.682424e-09,1.682424e-11
1.012849e+01,3.293814e-11,1.662861e-09,1.662861e-11
1.013101e+01,3.253657e-11,1.639021e-09,1.639021e-11
1.013352e+01,3.207328e-11,1.611297e-09,1.611297e-11
1.013603e+01,3.155899e-11,1.580110e-09,1.580110e-11
1.013855e+01,3.100466e-11,1.545893e-09,1.545893e-11
1.014106e+01,3.042074e-11,1.509100e-09,1.509100e-11
1.014357e+01,2.981778e-11,1.470215e-09,1.470215e-11
1.014609e+01,2.920539e-11,1.429724e-09,1.429724e-11
1.014860e+01,2.859267e-11,1.388112e-09,1.388112e-11
1.015111e+01,2.798784e-11,1.345878e-09,1.345878e-11
1.015363e+01,2.739746e-11,1.303521e-09,1.303521e-11
1.015614e+01,2.682678e-11,1.261512e-09,1.261512e-11
1.015865e+01,2.627935e-11,1.220312e-09,1.220312e-11
1.016117e+01,2.575730e-11,1.180380e-09,1.180380e-11
1.016368e+01,2.526209e-11,1.142139e-09,1.142139e-11
1.016619e+01,2.479377e-11,1.105959e-09,1.105959e-11
1.016871e+01,2.435123e-11,1.072173e-09,1.072173e-11
1.017122e+01,2.393343e-11,1.041065e-09,1.041065e-11
1.017373e+01,2.353834e-11,1.012840e-09,1.012840e-11
1.017625e+01,2.316371e-11,9.876342e-10,9.876342e-12
1.017876e+01,2.280836e-11,9.655447e-10,9.655447e-12
1.018127e+01,2.247161e-11,9.466175e-10,9.466175e-12
1.018379e+01,2.215263e-11,9.308421e-10,9.308421e-12
1.018630e+01,2.185139e-11,9.181917e-10,9.181917e-12
1.018881e+01,2.156972e-11,9.086490e-10,9.086490e-12
1.019133e+01,2.130945e-11,9.022009e-10,9.022009e-12
1.019384e+01,2.107364e-11,8.988553e-10,8.988553e-12
1.019635e+01,2.086694e-11,8.986563e-10,8.986563e-12
1.019887e+01,2.069390e-11,9.016680e-10,9.016680e-12
1.020138e+01,2.055952e-11,9.079689e-10,9.079689e-12
1.020389e+01,2.046932e-11,9.176500e-10,9.176500e-12
1.020641e+01,2.042888e-11,9.307897e-10,9.307897e-12
1.020892e+01,2.044292e-11,9.474364e-10,9.474364e-12
1.021143e+01,2.051549e-11,9.676015e-10,9.676015e-12
1.021395e+01,2.065009e-11,9.912441e-10,9.912441e-12
1.021646e+01,2.084885e-11,1.018253e-09,1.018253e-11
1.021897e+01,2.111188e-11,1.048434e-09,1.048434e-11
1.022149e+01,2.143751e-11,1.081510e-09,1.081510e-11
1.022400e+01,2.182273e-11,1.117127e-09,1.117127e-11
1.022651e+01,2.226253e-11,1.154841e-09,1.154841e-11
1.022903e+01,2.274969e-11,1.194119e-09,1.194119e-11
1.023154e+01,2.327507e-11,1.234360e-09,1.234360e-11
1.023405e+01,2.382811e-11,1.274904e-09,1.274904e-11
1.023657e+01,2.439685e-11,1.315039e-09,1.315039e-11
1.023908e+01,2.496813e-11,1.354016e-09,1.354016e-11
1.024159e+01,2.552831e-11,1.391074e-09,1.391074e-11
1.024411e+01,2.606325e-11,1.425455e-09,1.425455e-11
1.024662e+01,2.655875e-11,1.456432e-09,1.456432e-11
1.024913e+01,2.700182e-11,1.483325e-09,1.483325e-11
1.025165e+01,2.737994e-11,1.505520e-09,1.505520e-11
1.025416e+01,2.768213e-11,1.522488e-09,1.522488e-11
1.025667e+01,2.790021e-11,1.533811e-09,1.533811e-11
1.025918e+01,2.802745e-11,1.539191e-09,1.539191e-11
1.026170e+01,2.805988e-11,1.538459e-09,1.538459e-11
1.026421e+01,2.799650e-11,1.531580e-09,1.531580e-11
1.026672e+01,2.783899e-11,1.518659e-09,1.518659e-11
1.026924e+01,2.759177e-11,1.499932e-09,1.499932e-11
1.027175e+01,2.726159e-11,1.475768e-09,1.475768e-11
1.027426e+01,2.685810e-11,1.446662e-09,1.446662e-11
1.027678e+01,2.639283e-11,1.413210e-09,1.413210e-11
1.027929e+01,2.587854e-11,1.376088e-09,1.376088e-11
1.028180e+01,2.532926e-11,1.336046e-09,1.336046e-11
1.028432e+01,2.475903e-11,1.293882e-09,1.293882e-11
1.028683e+01,2.418194e-11,1.250414e-09,1.250414e-11
1.028934e+01,2.361193e-11,1.206460e-09,1.206460e-11
1.029186e+01,2.306125e-11,1.162819e-09,1.162819e-11
1.029437e+01,2.254034e-11,1.120239e-09,1.120239e-11
1.029688e+01,2.205839e-11,1.079407e-09,1.079407e-11
1.029940e+01,2.162222e-11,1.040933e-09,1.040933e-11
1.030191e+01,2.123539e-11,1.005317e-09,1.005317e-11
1.030442e+01,2.089941e-11,9.729351e-10,9.729351e-12
1.030694e+01,2.061402e-11,9.440539e-10,9.440539e-12
1.030945e+01,2.037672e-11,9.188183e-10,9.188183e-12
1.031196e+01,2.018311e-11,8.972505e-10,8.972505e-12
1.031448e+01,2.002717e-11,8.792547e-10,8.792547e-12
1.031699e+01,1.990216e-11,8.646235e-10,8.646235e-12
1.031950e+01,1.980095e-11,8.530604e-10,8.530604e-12
1.032202e+01,1.971611e-11,8.442049e-10,8.442049e-12
1.032453e+01,1.964013e-11,8.376314e-10,8.376314e-12
1.032704e+01,1.956593e-11,8.328507e-10,8.328507e-12
1.032956e+01,1.948754e-11,8.293558e-10,8.293558e-12
1.033207e+01,1.940025e-11,8.266534e-10,8.266534e-12
1.033458e+01,1.930041e-11,8.242452e-10,8.242452e-12
1.033710e+01,1.918511e-11,8.216312e-10,8.216312e-12
1.033961e+01,1.905227e-11,8.183496e-10,8.183496e-12
1.034212e+01,1.890110e-11,8.139930e-10,8.139930e-12
1.034464e+01,1.873115e-11,8.082142e-10,8.082142e-12
1.034715e+01,1.854304e-11,8.007521e-10,8.007521e-12
1.034966e+01,1.833795e-11,7.914423e-10,7.914423e-12
1.035218e+01,1.811635e-11,7.802162e-10,7.802162e-12
1.035469e+01,1.787942e-11,7.671110e-10,7.671110e-12
1.035720e+01,1.762815e-11,7.522806e-10,7.522806e-12
1.035972e+01,1.736351e-11,7.359968e-10,7.359968e-12
1.036223e+01,1.708686e-11,7.186187e-10,7.186187e-12
1.036474e+01,1.679828e-11,7.005656e-10,7.005656e-12
1.036726e+01,1.649879e-11,6.823211e-10,6.823211e-12
1.036977e+01,1.619013e-11,6.643995e-10,6.643995e-12
1.037228e+01,1.587280e-11,6.472765e-10,6.472765e-12
1.037480e+01,1.554772e-11,6.313663e-10,6.313663e-12
1.037731e+01,1.521693e-11,6.170175e-10,6.170175e-12
1.037982e+01,1.488269e-11,6.044716e-10,6.044716e-12
1.038234e+01,1.454732e-11,5.938192e-10,5.938192e-12
1.038485e+01,1.421351e-11,5.850161e-10,5.850161e-12
1.038736e+01,1.388429e-11,5.779343e-10,5.779343e-12
1.038988e+01,1.356368e-11,5.723707e-10,5.723707e-12
1.039239e+01,1.325555e-11,5.680357e-10,5.680357e-12
1.039490e+01,1.296316e-11,5.646098e-10,5.646098e-12
1.039742e+01,1.269040e-11,5.618063e-10,5.618063e-12
1.039993e+01,1.244126e-11,5.593586e-10,5.593586e-12
1.040244e+01,1.221857e-11,5.570098e-10,5.570098e-12
1.040495e+01,1.202459e-11,5.545542e-10,5.545542e-12
1.040747e+01,1.186176e-11,5.518489e-10,5.518489e-12
1.040998e+01,1.173142e-11,5.487841e-10,5.487841e-12
1.041249e+01,1.163364e-11,5.452808e-10,5.452808e-12
1.041501e+01,1.156867e-11,5.413085e-10,5.413085e-12
1.041752e+01,1.153594e-11,5.368750e-10,5.368750e-12
1.042003e+01,1.153365e-11,5.320043e-10,5.320043e-12
1.042255e+01,1.155985e-11,5.267444e-10,5.267444e-12
1.042506e+01,1.161230e-11,5.211774e-10,5.211774e-12
1.042757e+01,1.168851e-11,5.154050e-10,5.154050e-12
1.043009e+01,1.178559e-11,5.095447e-10,5.095447e-12
1.043260e+01,1.190086e-11,5.037338e-10,5.037338e-12
1.043511e+01,1.203166e-11,4.981187e-10,4.981187e-12
1.043763e+01,1.217566e-11,4.928530e-10,4.928530e-12
1.044014e+01,1.233110e-11,4.880978e-10,4.880978e-12
1.044265e+01,1.249629e-11,4.840119e-10,4.840119e-12
1.044517e+01,1.266979e-11,4.807597e-10,4.807597e-12
1.044768e+01,1.285066e-11,4.785251e-10,4.785251e-12
1.045019e+01,1.303863e-11,4.775153e-10,4.775153e-12
1.045271e+01,1.323373e-11,4.779747e-10,4.779747e-12
1.045522e+01,1.343632e-11,4.801952e-10,4.801952e-12
1.045773e+01,1.364698e-11,4.845187e-10,4.845187e-12
1.046025e+01,1.386726e-11,4.913367e-10,4.913367e-12
1.046276e+01,1.409850e-11,5.010563e-10,5.010563e-12
1.046527e+01,1.434187e-11,5.140659e-10,5.140659e-12
1.046779e+01,1.459973e-11,5.307040e-10,5.307040e-12
1.047030e+01,1.487390e-11,5.511992e-10,5.511992e-12
1.047281e+01,1.516603e-11,5.756253e-10,5.756253e-12
1.047533e+01,1.547818e-11,6.038957e-10,6.038957e-12
1.047784e+01,1.581225e-11,6.357527e-10,6.357527e-12
1.048035e+01,1.616958e-11,6.707690e-10,6.707690e-12
1.048287e+01,1.655089e-11,7.083873e-10,7.083873e-12
1.048538e+01,1.695661e-11,7.479792e-10,7.479792e-12
1.048789e+01,1.738727e-11,7.888864e-10,7.888864e-12
1.049041e+01,1.784247e-11,8.304332e-10,8.304332e-12
1.049292e+01,1.832018e-11,8.719611e-10,8.719611e-12
1.049543e+01,1.881851e-11,9.128787e-10,9.128787e-12
1.049795e+01,1.933499e-11,9.526757e-10,9.526757e-12
1.050046e+01,1.986576e-11,9.909279e-10,9.909279e-12
1.050297e+01,2.040661e-11,1.027305e-09,1.027305e-11
1.050549e+01,2.095226e-11,1.061560e-09,1.061560e-11
1.050800e+01,2.149640e-11,1.093522e-09,1.093522e-11
1.051051e+01,2.203203e-11,1.123096e-09,1.123096e-11
1.051303e+01,2.255206e-11,1.150245e-09,1.150245e-11
1.051554e+01,2.304904e-11,1.174957e-09,1.174957e-11
1.051805e+01,2.351461e-11,1.197228e-09,1.197228e-11
1.052057e+01,2.394038e-11,1.217062e-09,1.217062e-11
1.052308e+01,2.431840e-11,1.234443e-09,1.234443e-11
1.052559e+01,2.464096e-11,1.249327e-09,1.249327e-11
1.052811e+01,2.490081e-11,1.261651e-09,1.261651e-11
1.053062e+01,2.509173e-11,1.271345e-09,1.271345e-11
1.053313e+01,2.520890e-11,1.278333e-09,1.278333e-11
1.053565e+01,2.524868e-11,1.282554e-09,1.282554e-11
1.053816e+01,2.520848e-11,1.283980e-09,1.283980e-11
1.054067e+01,2.508796e-11,1.282642e-09,1.282642e-11
1.054318e+01,2.488861e-11,1.278636e-09,1.278636e-11
1.054570e+01,2.461341e-11,1.272130e-09,1.272130e-11
1.054821e+01,2.426736e-11,1.263372e-09,1.263372e-11
1.055072e+01,2.385709e-11,1.252687e-09,1.252687e-11
1.055324e+01,2.339085e-11,1.240457e-09,1.240457e-11
1.055575e+01,2.287809e-11,1.227103e-09,1.227103e-11
1.055826e+01,2.232941e-11,1.213045e-09,1.213045e-11
1.056078e+01,2.175598e-11,1.198682e-09,1.198682e-11
1.056329e+01,2.116934e-11,1.184349e-09,1.184349e-11
1.056580e+01,2.058123e-11,1.170290e-09,1.170290e-11
1.056832e+01,2.000275e-11,1.156651e-09,1.156651e-11
1.057083e+01,1.944406e-11,1.143460e-09,1.143460e-11
1.057334e+01,1.891449e-11,1.130637e-09,1.130637e-11
1.057586e+01,1.842183e-11,1.118004e-09,1.118004e-11
1.057837e+01,1.797192e-11,1.105322e-09,1.105322e-11
1.058088e+01,1.756912e-11,1.092314e-09,1.092314e-11
1.058340e+01,1.721543e-11,1.078695e-09,1.078695e-11
1.058591e+01,1.691122e-11,1.064203e-09,1.064203e-11
1.058842e+01,1.665519e-11,1.048626e-09,1.048626e-11
1.059094e+01,1.644364e-11,1.031812e-09,1.031812e-11
1.059345e+01,1.627225e-11,1.013680e-09,1.013680e-11
1.059596e+01,1.613557e-11,9.942127e-10,9.942127e-12
1.059848e+01,1.602669e-11,9.734526e-10,9.734526e-12
1.060099e+01,1.593894e-11,9.514951e-10,9.514951e-12
1.060350e+01,1.586596e-11,9.284753e-10,9.284753e-12
1.060602e+01,1.580137e-11,9.045527e-10,9.045527e-12
1.060853e+01,1.573910e-11,8.798995e-10,8.798995e-12
1.061104e+01,1.567401e-11,8.546922e-10,8.546922e-12
1.061356e+01,1.560243e-11,8.291113e-10,8.291113e-12
1.061607e+01,1.552180e-11,8.033433e-10,8.033433e-12
1.061858e+01,1.543108e-11,7.775829e-10,7.775829e-12
1.062110e+01,1.533053e-11,7.520335e-10,7.520335e-12
1.062361e+01,1.522091e-11,7.269090e-10,7.269090e-12
1.062612e+01,1.510409e-11,7.024401e-10,7.024401e-12
1.062864e+01,1.498341e-11,6.788754e-10,6.788754e-12
1.063115e+01,1.486260e-11,6.564723e-10,6.564723e-12
1.063366e+01,1.474538e-11,6.354797e-10,6.354797e-12
1.063618e+01,1.463617e-11,6.161333e-10,6.161333e-12
1.063869e+01,1.453929e-11,5.986420e-10,5.986420e-12
1.064120e+01,1.445867e-11,5.831596e-10,5.831596e-12
1.064372e+01,1.439830e-11,5.697882e-10,5.697882e-12
1.064623e+01,1.436178e-11,5.585861e-10,5.585861e-12
1.064874e+01,1.435222e-11,5.495555e-10,5.495555e-12
1.065126e+01,1.437203e-11,5.426679e-10,5.426679e-12
1.065377e+01,1.442370e-11,5.379137e-10,5.379137e-12
1.065628e+01,1.450917e-11,5.353173e-10,5.353173e-12
1.065880e+01,1.462997e-11,5.349501e-10,5.349501e-12
1.066131e+01,1.478763e-11,5.369457e-10,5.369457e-12
1.066382e+01,1.498298e-11,5.414916e-10,5.414916e-12
1.066634e+01,1.521692e-11,5.488180e-10,5.488180e-12
1.066885e+01,1.549041e-11,5.591507e-10,5.591507e-12
1.067136e+01,1.580353e-11,5.726464e-10,5.726464e-12
1.067388e+01,1.615589e-11,5.893638e-10,5.893638e-12
1.067639e+01,1.654764e-11,6.092391e-10,6.092391e-12
1.067890e+01,1.697800e-11,6.320557e-10,6.320557e-12
1.068142e+01,1.744526e-11,6.574494e-10,6.574494e-12
1.068393e+01,1.794798e-11,6.849329e-10,6.849329e-12
1.068644e+01,1.848308e-11,7.139206e-10,7.139206e-12
1.068895e+01,1.904672e-11,7.437833e-10,7.437833e-12
1.069147e+01,1.963552e-11,7.739031e-10,7.739031e-12
1.069398e+01,2.024484e-11,8.037062e-10,8.037062e-12
1.069649e+01,2.086949e-11,8.327188e-10,8.327188e-12
1.069901e+01,2.150455e-11,8.606198e-10,8.606198e-12
1.070152e+01,2.214462e-11,8.872732e-10,8.872732e-12
1.070403e+01,2.278475e-11,9.127815e-10,9.127815e-12
1.070655e+01,2.342064e-11,9.375300e-10,9.375300e-12
1.070906e+01,2.404866e-11,9.621983e-10,9.621983e-12
1.071157e+01,2.466681e-11,9.877615e-10,9.877615e-12
1.071409e+01,2.527374e-11,1.015458e-09,1.015458e-11
1.071660e+01,2.586945e-11,1.046712e-09,1.046712e-11
1.071911e+01,2.645687e-11,1.083013e-09,1.083013e-11
1.072163e+01,2.703967e-11,1.125756e-09,1.125756e-11
1.072414e+01,2.762288e-11,1.176073e-09,1.176073e-11
1.072665e+01,2.821344e-11,1.234688e-09,1.234688e-11
1.072917e+01,2.881907e-11,1.301822e-09,1.301822e-11
1.073168e+01,2.944799e-11,1.377166e-09,1.377166e-11
1.073419e+01,3.010898e-11,1.459920e-09,1.459920e-11
1.073671e+01,3.081041e-11,1.548879e-09,1.548879e-11
1.073922e+01,3.155948e-11,1.642546e-09,1.642546e-11
1.074173e+01,3.236198e-11,1.739261e-09,1.739261e-11
1.074425e+01,3.322176e-11,1.837299e-09,1.837299e-11
1.074676e+01,3.414040e-11,1.934965e-09,1.934965e-11
1.074927e+01,3.511645e-11,2.030664e-09,2.030664e-11
1.075179e+01,3.614510e-11,2.122948e-09,2.122948e-11
1.075430e+01,3.721842e-11,2.210550e-09,2.210550e-11
1.075681e+01,3.832532e-11,2.292397e-09,2.292397e-11
1.075933e+01,3.945173e-11,2.367616e-09,2.367616e-11
1.076184e+01,4.058083e-11,2.435518e-09,2.435518e-11
1.076435e+01,4.169326e-11,2.495574e-09,2.495574e-11
1.076687e+01,4.276808e-11,2.547398e-09,2.547398e-11
1.076938e+01,4.378388e-11,2.590714e-09,2.590714e-11
1.077189e+01,4.471824e-11,2.625333e-09,2.625333e-11
1.077441e+01,4.554883e-11,2.651129e-09,2.651129e-11
1.077692e+01,4.625542e-11,2.668033e-09,2.668033e-11
1.077943e+01,4.681980e-11,2.676020e-09,2.676020e-11
1.078195e+01,4.722602e-11,2.675121e-09,2.675121e-11
1.078446e+01,4.746178e-11,2.665425e-09,2.665425e-11
1.078697e+01,4.751889e-11,2.647106e-09,2.647106e-11
1.078949e+01,4.739293e-11,2.620445e-09,2.620445e-11
1.079200e+01,4.708412e-11,2.585849e-09,2.585849e-11
1.079451e+01,4.659730e-11,2.543880e-09,2.543880e-11
1.079703e+01,4.594162e-11,2.495275e-09,2.495275e-11
1.079954e+01,4.513064e-11,2.440959e-09,2.440959e-11
1.080205e+01,4.418144e-11,2.382041e-09,2.382041e-11
1.080457e+01,4.311485e-11,2.319812e-09,2.319812e-11
1.080708e+01,4.195432e-11,2.255724e-09,2.255724e-11
1.080959e+01,4.072520e-11,2.191354e-09,2.191354e-11
1.081211e+01,3.945436e-11,2.128363e-09,2.128363e-11
1.081462e+01,3.816852e-11,2.068436e-09,2.068436e-11
1.081713e+01,3.689432e-11,2.013213e-09,2.013213e-11
1.081965e+01,3.565715e-11,1.964213e-09,1.964213e-11
1.082216e+01,3.447992e-11,1.922751e-09,1.922751e-11
1.082467e+01,3.338282e-11,1.889856e-09,1.889856e-11
1.082718e+01,3.238296e-11,1.866208e-09,1.866208e-11
1.082970e+01,3.149346e-11,1.852085e-09,1.852085e-11
1.083221e+01,3.072265e-11,1.847333e-09,1.847333e-11
1.083472e+01,3.007467e-11,1.851371e-09,1.851371e-11
1.083724e+01,2.954950e-11,1.863212e-09,1.863212e-11
1.083975e+01,2.914241e-11,1.881511e-09,1.881511e-11
1.084226e+01,2.884456e-11,1.904632e-09,1.904632e-11
1.084478e+01,2.864386e-11,1.930722e-09,1.930722e-11
1.084729e+01,2.852542e-11,1.957797e-09,1.957797e-11
1.084980e+01,2.847211e-11,1.983816e-09,1.983816e-11
1.085232e+01,2.846512e-11,2.006777e-09,2.006777e-11
1.085483e+01,2.848536e-11,2.024802e-09,2.024802e-11
1.085734e+01,2.851458e-11,2.036224e-09,2.036224e-11
1.085986e+01,2.853514e-11,2.039664e-09,2.039664e-11
1.086237e+01,2.853112e-11,2.034094e-09,2.034094e-11
1.086488e+01,2.848976e-11,2.018897e-09,2.018897e-11
1.086740e+01,2.840069e-11,1.993892e-09,1.993892e-11
1.086991e+01,2.825658e-11,1.959344e-09,1.959344e-11
1.087242e+01,2.805384e-11,1.915943e-09,1.915943e-11
1.087494e+01,2.779186e-11,1.864758e-09,1.864758e-11
1.087745e+01,2.747272e-11,1.807160e-09,1.807160e-11
1.087996e+01,2.710093e-11,1.744734e-09,1.744734e-11
1.088248e+01,2.668277e-11,1.679157e-09,1.679157e-11
1.088499e+01,2.622549e-11,1.612085e-09,1.612085e-11
1.088750e+01,2.573730e-11,1.545029e-09,1.545029e-11
1.089002e+01,2.522614e-11,1.479253e-09,1.479253e-11
1.089253e+01,2.469836e-11,1.415696e-09,1.415696e-11
1.089504e+01,2.415984e-11,1.354951e-09,1.354951e-11
1.089756e+01,2.361525e-11,1.297260e-09,1.297260e-11
1.090007e+01,2.306656e-11,1.242561e-09,1.242561e-11
1.090258e+01,2.251402e-11,1.190561e-09,1.190561e-11
1.090510e+01,2.195687e-11,1.140821e-09,1.140821e-11
1.090761e+01,2.139339e-11,1.092845e-09,1.092845e-11
1.091012e+01,2.082084e-11,1.046140e-09,1.046140e-11
1.091264e+01,2.023649e-11,1.000262e-09,1.000262e-11
1.091515e+01,1.963888e-11,9.548624e-10,9.548624e-12
1.091766e+01,1.902816e-11,9.097065e-10,9.097065e-12
1.092018e+01,1.840620e-11,8.646784e-10,8.646784e-12
1.092269e+01,1.777735e-11,8.198050e-10,8.198050e-12
1.092520e+01,1.714923e-11,7.752834e-10,7.752834e-12
1.092772e+01,1.653249e-11,7.315046e-10,7.315046e-12
1.093023e+01,1.594089e-11,6.890839e-10,6.890839e-12
1.093274e+01,1.539104e-11,6.488920e-10,6.488920e-12
1.093526e+01,1.490147e-11,6.120613e-10,6.120613e-12
1.093777e+01,1.449142e-11,5.799912e-10,5.799912e-12
1.094028e+01,1.418115e-11,5.543422e-10,5.543422e-12
1.094280e+01,1.399080e-11,5.369575e-10,5.369575e-12
1.094531e+01,1.393829e-11,5.297032e-10,5.297032e-12
1.094782e+01,1.403874e-11,5.342573e-10,5.342573e-12
1.095034e+01,1.430402e-11,5.518653e-10,5.518653e-12
1.095285e+01,1.474111e-11,5.831580e-10,5.831580e-12
1.095536e+01,1.535157e-11,6.281198e-10,6.281198e-12
1.095788e+01,1.613188e-11,6.861746e-10,6.861746e-12
1.096039e+01,1.707265e-11,7.563143e-10,7.563143e-12
1.096290e+01,1.815887e-11,8.372035e-10,8.372035e-12
1.096541e+01,1.936994e-11,9.272359e-10,9.272359e-12
1.096793e+01,2.068083e-11,1.024574e-09,1.024574e-11
1.097044e+01,2.206305e-11,1.127187e-09,1.127187e-11
1.097295e+01,2.348529e-11,1.232878e-09,1.232878e-11
1.097547e+01,2.491455e-11,1.339333e-09,1.339333e-11
1.097798e+01,2.631756e-11,1.444206e-09,1.444206e-11
1.098049e+01,2.766235e-11,1.545198e-09,1.545198e-11
1.098301e+01,2.891844e-11,1.640123e-09,1.640123e-11
1.098552e+01,3.005900e-11,1.726988e-09,1.726988e-11
1.098803e+01,3.106101e-11,1.804055e-09,1.804055e-11
1.099055e+01,3.190590e-11,1.869900e-09,1.869900e-11
1.099306e+01,3.258113e-11,1.923448e-09,1.923448e-11
1.099557e+01,3.307908e-11,1.964002e-09,1.964002e-11
1.099809e+01,3.339739e-11,1.991236e-09,1.991236e-11
1.100060e+01,3.353946e-11,2.005189e-09,2.005189e-11
1.100311e+01,3.351362e-11,2.006248e-09,2.006248e-11
1.100563e+01,3.333216e-11,1.995103e-09,1.995103e-11
1.100814e+01,3.301112e-11,1.972718e-09,1.972718e-11
1.101065e+01,3.256974e-11,1.940274e-09,1.940274e-11
1.101317e+01,3.202854e-11,1.899116e-09,1.899116e-11
1.101568e+01,3.140932e-11,1.850705e-09,1.850705e-11
1.101819e+01,3.073426e-11,1.796576e-09,1.796576e-11
1.102071e+01,3.002428e-11,1.738283e-09,1.738283e-11
1.102322e+01,2.929891e-11,1.677363e-09,1.677363e-11
1.102573e+01,2.857570e-11,1.615298e-09,1.615298e-11
1.102825e+01,2.786952e-11,1.553479e-09,1.553479e-11
1.103076e+01,2.719217e-11,1.493160e-09,1.493160e-11
1.103327e+01,2.655250e-11,1.435434e-09,1.435434e-11
1.103579e+01,2.595649e-11,1.381197e-09,1.381197e-11
1.103830e+01,2.540674e-11,1.331113e-09,1.331113e-11
1.104081e+01,2.490287e-11,1.285594e-09,1.285594e-11
1.104333e+01,2.444281e-11,1.244806e-09,1.244806e-11
1.104584e+01,2.402286e-11,1.208681e-09,1.208681e-11
1.104835e+01,2.363766e-11,1.176944e-09,1.176944e-11
1.105087e+01,2.328168e-11,1.149166e-09,1.149166e-11
1.105338e+01,2.294972e-11,1.124850e-09,1.124850e-11
1.105589e+01,2.263671e-11,1.103497e-09,1.103497e-11
1.105841e+01,2.233925e-11,1.084672e-09,1.084672e-11
1.106092e+01,2.205572e-11,1.068067e-09,1.068067e-11
1.106343e+01,2.178578e-11,1.053525e-09,1.053525e-11
1.106595e+01,2.153090e-11,1.041061e-09,1.041061e-11
1.106846e+01,2.129464e-11,1.030861e-09,1.030861e-11
1.107097e+01,2.108214e-11,1.023248e-09,1.023248e-11
1.107349e+01,2.089902e-11,1.018643e-09,1.018643e-11
1.107600e+01,2.075218e-11,1.017516e-09,1.017516e-11
1.107851e+01,2.064843e-11,1.020333e-09,1.020333e-11
1.108103e+01,2.059328e-11,1.027495e-09,1.027495e-11
1.108354e+01,2.059142e-11,1.039287e-09,1.039287e-11
1.108605e+01,2.064499e-11,1.055823e-09,1.055823e-11
1.108857e+01,2.075359e-11,1.077001e-09,1.077001e-11
1.109108e+01,2.091381e-11,1.102468e-09,1.102468e-11
1.109359e+01,2.111875e-11,1.131591e-09,1.131591e-11
1.109611e+01,2.135824e-11,1.163446e-09,1.163446e-11
1.109862e+01,2.161864e-11,1.196828e-09,1.196828e-11
1.110113e+01,2.188350e-11,1.230281e-09,1.230281e-11
1.110365e+01,2.213463e-11,1.262159e-09,1.262159e-11
1.110616e+01,2.235241e-11,1.290690e-09,1.290690e-11
1.110867e+01,2.251644e-11,1.314061e-09,1.314061e-11
1.111118e+01,2.260730e-11,1.330516e-09,1.330516e-11
1.111370e+01,2.260798e-11,1.338464e-09,1.338464e-11
1.111621e+01,2.250434e-11,1.336577e-09,1.336577e-11
1.111872e+01,2.228584e-11,1.323868e-09,1.323868e-11
1.112124e+01,2.194699e-11,1.299777e-09,1.299777e-11
1.112375e+01,2.148811e-11,1.264223e-09,1.264223e-11
1.112626e+01,2.091562e-11,1.217645e-09,1.217645e-11
1.112878e+01,2.024124e-11,1.161000e-09,1.161000e-11
1.113129e+01,1.948197e-11,1.095756e-09,1.095756e-11
1.113380e+01,1.866071e-11,1.023859e-09,1.023859e-11
1.113632e+01,1.780460e-11,9.476809e-10,9.476809e-12
1.113883e+01,1.694312e-11,8.699263e-10,8.699263e-12
1.114134e+01,1.610811e-11,7.935396e-10,7.935396e-12
1.114386e+01,1.533230e-11,7.215752e-10,7.215752e-12
1.114637e+01,1.464668e-11,6.570203e-10,6.570203e-12
1.114888e+01,1.408057e-11,6.025660e-10,6.025660e-12
1.115140e+01,1.366034e-11,5.603156e-10,5.603156e-12
1.115391e+01,1.340716e-11,5.314941e-10,5.314941e-12
1.115642e+01,1.333729e-11,5.163242e-10,5.163242e-12
1.115894e+01,1.346131e-11,5.141810e-10,5.141810e-12
1.116145e+01,1.378322e-11,5.239866e-10,5.239866e-12
1.116396e+01,1.430092e-11,5.446527e-10,5.446527e-12
1.116648e+01,1.500660e-11,5.753290e-10,5.753290e-12
1.116899e+01,1.588732e-11,6.153921e-10,6.153921e-12
1.117150e+01,1.692527e-11,6.642760e-10,6.642760e-12
1.117402e+01,1.809903e-11,7.212899e-10,7.212899e-12
1.117653e+01,1.938505e-11,7.855223e-10,7.855223e-12
1.117904e+01,2.075779e-11,8.558349e-10,8.558349e-12
1.118156e+01,2.219109e-11,9.309354e-10,9.309354e-12
1.118407e+01,2.365993e-11,1.009507e-09,1.009507e-11
1.118658e+01,2.514121e-11,1.090326e-09,1.090326e-11
1.118910e+01,2.661374e-11,1.172355e-09,1.172355e-11
1.119161e+01,2.805879e-11,1.254810e-09,1.254810e-11
1.119412e+01,2.946087e-11,1.337202e-09,1.337202e-11
1.119664e+01,3.080815e-11,1.419324e-09,1.419324e-11
1.119915e+01,3.209231e-11,1.501210e-09,1.501210e-11
1.120166e+01,3.330794e-11,1.583071e-09,1.583071e-11
1.120418e+01,3.445261e-11,1.665194e-09,1.665194e-11
1.120669e+01,3.552560e-11,1.747841e-09,1.747841e-11
1.120920e+01,3.652783e-11,1.831159e-09,1.831159e-11
1.121172e+01,3.746216e-11,1.915108e-09,1.915108e-11
1.121423e+01,3.833130e-11,1.999396e-09,1.999396e-11
1.121674e+01,3.913766e-11,2.083458e-09,2.083458e-11
1.121926e+01,3.988338e-11,2.166475e-09,2.166475e-11
1.122177e+01,4.056984e-11,2.247415e-09,2.247415e-11
1.122428e+01,4.119707e-11,2.325080e-09,2.325080e-11
1.122680e+01,4.176279e-11,2.398172e-09,2.398172e-11
1.122931e+01,4.226370e-11,2.465365e-09,2.465365e-11
1.123182e+01,4.269548e-11,2.525373e-09,2.525373e-11
1.123434e+01,4.305162e-11,2.576991e-09,2.576991e-11
1.123685e+01,4.332489e-11,2.619151e-09,2.619151e-11
1.123936e+01,4.350793e-11,2.650968e-09,2.650968e-11
1.124188e+01,4.359275e-11,2.671748e-09,2.671748e-11
1.124439e+01,4.357181e-11,2.681006e-09,2.681006e-11
1.124690e+01,4.343836e-11,2.678479e-09,2.678479e-11
1.124941e+01,4.318712e-11,2.664114e-09,2.664114e-11
1.125193e+01,4.281501e-11,2.638072e-09,2.638072e-11
1.125444e+01,4.232046e-11,2.600716e-09,2.600716e-11
1.125695e+01,4.170442e-11,2.552604e-09,2.552604e-11
1.125947e+01,4.097108e-11,2.494481e-09,2.494481e-11
1.126198e+01,4.012722e-11,2.427250e-09,2.427250e-11
1.126449e+01,3.918222e-11,2.351949e-09,2.351949e-11
1.126701e+01,3.814818e-11,2.269752e-09,2.269752e-11
1.126952e+01,3.704026e-11,2.181944e-09,2.181944e-11
1.127203e+01,3.587573e-11,2.089885e-09,2.089885e-11
1.127455e+01,3.467287e-11,1.994980e-09,1.994980e-11
1.127706e+01,3.345122e-11,1.898650e-09,1.898650e-11
1.127957e+01,3.223124e-11,1.802302e-09,1.802302e-11
1.128209e+01,3.103321e-11,1.707307e-09,1.707307e-11
1.128460e+01,2.987719e-11,1.614973e-09,1.614973e-11
1.128711e+01,2.878194e-11,1.526505e-09,1.526505e-11
1.128963e+01,2.776434e-11,1.442990e-09,1.442990e-11
1.129214e+01,2.683920e-11,1.365376e-09,1.365376e-11
1.129465e+01,2.601831e-11,1.294457e-09,1.294457e-11
1.129717e+01,2.531078e-11,1.230864e-09,1.230864e-11
1.129968e+01,2.472305e-11,1.175065e-09,1.175065e-11
1.130219e+01,2.425812e-11,1.127348e-09,1.127348e-11
1.130471e+01,2.391548e-11,1.087804e-09,1.087804e-11
1.130722e+01,2.369134e-11,1.056325e-09,1.056325e-11
1.130973e+01,2.357909e-11,1.032607e-09,1.032607e-11
1.131225e+01,2.357018e-11,1.016180e-09,1.016180e-11
1.131476e+01,2.365377e-11,1.006399e-09,1.006399e-11
1.131727e+01,2.381673e-11,1.002465e-09,1.002465e-11
1.131979e+01,2.404523e-11,1.003507e-09,1.003507e-11
1.132230e+01,2.432455e-11,1.008623e-09,1.008623e-11
1.132481e+01,2.463980e-11,1.016911e-09,1.016911e-11
1.132733e+01,2.497632e-11,1.027504e-09,1.027504e-11
1.132984e+01,2.531961e-11,1.039628e-09,1.039628e-11
1.133235e+01,2.565706e-11,1.052640e-09,1.052640e-11
1.133487e+01,2.597734e-11,1.066003e-09,1.066003e-11
1.133738e+01,2.626973e-11,1.079289e-09,1.079289e-11
1.133989e+01,2.652656e-11,1.092201e-09,1.092201e-11
1.134241e+01,2.674220e-11,1.104555e-09,1.104555e-11
1.134492e+01,2.691198e-11,1.116253e-09,1.116253e-11
1.134743e+01,2.703390e-11,1.127269e-09,1.127269e-11
1.134995e+01,2.710809e-11,1.137633e-09,1.137633e-11
1.135246e+01,2.713603e-11,1.147396e-09,1.147396e-11
1.135497e+01,2.712071e-11,1.156614e-09,1.156614e-11
1.135749e+01,2.706647e-11,1.165327e-09,1.165327e-11
1.136000e+01,2.697856e-11,1.173560e-09,1.173560e-11
1.136251e+01,2.686313e-11,1.181315e-09,1.181315e-11
1.136503e+01,2.672657e-11,1.188543e-09,1.188543e-11
1.136754e+01,2.657504e-11,1.195143e-09,1.195143e-11
1.137005e+01,2.641416e-11,1.200966e-09,1.200966e-11
1.137257e+01,2.624936e-11,1.205845e-09,1.205845e-11
1.137508e+01,2.608572e-11,1.209602e-09,1.209602e-11
1.137759e+01,2.592678e-11,1.212047e-09,1.212047e-11
1.138011e+01,2.577541e-11,1.212987e-09,1.212987e-11
1.138262e+01,2.563373e-11,1.212254e-09,1.212254e-11
1.138513e+01,2.550257e-11,1.209732e-09,1.209732e-11
1.138765e+01,2.538221e-11,1.205366e-09,1.205366e-11
1.139016e+01,2.527277e-11,1.199164e-09,1.199164e-11
1.139267e+01,2.517317e-11,1.191192e-09,1.191192e-11
1.139518e+01,2.508198e-11,1.181602e-09,1.181602e-11
1.139770e+01,2.499811e-11,1.170631e-09,1.170631e-11
1.140021e+01,2.492041e-11,1.158586e-09,1.158586e-11
1.140272e+01,2.484822e-11,1.145851e-09,1.145851e-11
1.140524e+01,2.478112e-11,1.132880e-09,1.132880e-11
1.140775e+01,2.471906e-11,1.120161e-09,1.120161e-11
1.141026e+01,2.466254e-11,1.108207e-09,1.108207e-11
1.141278e+01,2.461278e-11,1.097547e-09,1.097547e-11
1.141529e+01,2.457123e-11,1.088695e-09,1.088695e-11
1.141780e+01,2.453913e-11,1.082104e-09,1.082104e-11
1.142032e+01,2.451774e-11,1.078143e-09,1.078143e-11
1.142283e+01,2.450811e-11,1.077096e-09,1.077096e-11
1.142534e+01,2.451122e-11,1.079127e-09,1.079127e-11
1.142786e+01,2.452708e-11,1.084256e-09,1.084256e-11
1.143037e+01,2.455393e-11,1.092357e-09,1.092357e-11
1.143288e+01,2.458952e-11,1.103159e-09,1.103159e-11
1.143540e+01,2.463064e-11,1.116251e-09,1.116251e-11
1.143791e+01,2.467261e-11,1.131117e-09,1.131117e-11
1.144042e+01,2.470992e-11,1.147156e-09,1.147156e-11
1.144294e+01,2.473598e-11,1.163688e-09,1.163688e-11
1.144545e+01,2.474399e-11,1.179998e-09,1.179998e-11
1.144796e+01,2.472684e-11,1.195373e-09,1.195373e-11
1.145048e+01,2.467762e-11,1.209121e-09,1.209121e-11
1.145299e+01,2.459023e-11,1.220597e-09,1.220597e-11
1.145550e+01,2.445962e-11,1.229236e-09,1.229236e-11
1.145802e+01,2.428272e-11,1.234561e-09,1.234561e-11
1.146053e+01,2.405754e-11,1.236196e-09,1.236196e-11
1.146304e+01,2.378418e-11,1.233883e-09,1.233883e-11
1.146556e+01,2.346543e-11,1.227487e-09,1.227487e-11
1.146807e+01,2.310582e-11,1.216976e-09,1.216976e-11
1.147058e+01,2.271154e-11,1.202425e-09,1.202425e-11
1.147310e+01,2.229050e-11,1.184013e-09,1.184013e-11
1.147561e+01,2.185207e-11,1.162012e-09,1.162012e-11
1.147812e+01,2.140607e-11,1.136766e-09,1.136766e-11
1.148064e+01,2.096220e-11,1.108686e-09,1.108686e-11
1.148315e+01,2.053009e-11,1.078249e-09,1.078249e-11
1.148566e+01,2.011852e-11,1.045990e-09,1.045990e-11
1.148818e+01,1.973476e-11,1.012491e-09,1.012491e-11
1.149069e+01,1.938426e-11,9.783666e-10,9.783666e-12
1.149320e+01,1.907022e-11,9.442524e-10,9.442524e-12
1.149572e+01,1.879353e-11,9.107821e-10,9.107821e-12
1.149823e+01,1.855291e-11,8.785537e-10,8.785537e-12
1.150074e+01,1.834517e-11,8.480970e-10,8.480970e-12
1.150326e+01,1.816525e-11,8.198293e-10,8.198293e-12
1.150577e+01,1.800623e-11,7.940201e-10,7.940201e-12
1.150828e+01,1.786046e-11,7.707757e-10,7.707757e-12
1.151080e+01,1.772010e-11,7.500346e-10,7.500346e-12
1.151331e+01,1.757711e-11,7.315894e-10,7.315894e-12
1.151582e+01,1.742451e-11,7.151353e-10,7.151353e-12
1.151834e+01,1.725633e-11,7.003238e-10,7.003238e-12
1.152085e+01,1.706779e-11,6.868238e-10,6.868238e-12
1.152336e+01,1.685645e-11,6.743754e-10,6.743754e-12
1.152588e+01,1.662180e-11,6.628143e-10,6.628143e-12
1.152839e+01,1.636496e-11,6.520762e-10,6.520762e-12
1.153090e+01,1.608872e-11,6.421830e-10,6.421830e-12
1.153341e+01,1.579755e-11,6.332054e-10,6.332054e-12
1.153593e+01,1.549726e-11,6.252229e-10,6.252229e-12
1.153844e+01,1.519424e-11,6.182727e-10,6.182727e-12
1.154095e+01,1.489462e-11,6.122967e-10,6.122967e-12
1.154347e+01,1.460453e-11,6.071311e-10,6.071311e-12
1.154598e+01,1.432936e-11,6.025263e-10,6.025263e-12
1.154849e+01,1.407348e-11,5.981690e-10,5.981690e-12
1.155101e+01,1.384032e-11,5.937077e-10,5.937077e-12
1.155352e+01,1.363065e-11,5.887827e-10,5.887827e-12
1.155603e+01,1.344410e-11,5.830867e-10,5.830867e-12
1.155855e+01,1.327923e-11,5.764125e-10,5.764125e-12
1.156106e+01,1.313307e-11,5.686467e-10,5.686467e-12
1.156357e+01,1.300196e-11,5.597698e-10,5.597698e-12
1.156609e+01,1.288158e-11,5.498699e-10,5.498699e-12
1.156860e+01,1.276763e-11,5.391142e-10,5.391142e-12
1.157111e+01,1.265601e-11,5.277300e-10,5.277300e-12
1.157363e+01,1.254359e-11,5.159992e-10,5.159992e-12
1.157614e+01,1.242871e-11,5.042203e-10,5.042203e-12
1.157865e+01,1.231088e-11,4.926925e-10,4.926925e-12
1.158117e+01,1.219146e-11,4.817162e-10,4.817162e-12
1.158368e+01,1.207374e-11,4.715684e-10,4.715684e-12
1.158619e+01,1.196270e-11,4.624856e-10,4.624856e-12
1.158871e+01,1.186442e-11,4.546597e-10,4.546597e-12
1.159122e+01,1.178622e-11,4.482527e-10,4.482527e-12
1.159373e+01,1.173705e-11,4.434036e-10,4.434036e-12
1.159625e+01,1.172557e-11,4.402087e-10,4.402087e-12
1.159876e+01,1.175988e-11,4.387460e-10,4.387460e-12
1.160127e+01,1.184810e-11,4.391093e-10,4.391093e-12
1.160379e+01,1.199716e-11,4.414083e-10,4.414083e-12
1.160630e+01,1.221180e-11,4.457831e-10,4.457831e-12
1.160881e+01,1.249498e-11,4.524260e-10,4.524260e-12
1.161133e+01,1.284768e-11,4.615822e-10,4.615822e-12
1.161384e+01,1.326845e-11,4.735293e-10,4.735293e-12
1.161635e+01,1.375370e-11,4.885474e-10,4.885474e-12
1.161887e+01,1.429718e-11,5.068926e-10,5.068926e-12
1.162138e+01,1.489062e-11,5.287732e-10,5.287732e-12
1.162389e+01,1.552503e-11,5.543313e-10,5.543313e-12
1.162641e+01,1.619017e-11,5.836169e-10,5.836169e-12
1.162892e+01,1.687443e-11,6.165831e-10,6.165831e-12
1.163143e+01,1.756634e-11,6.531056e-10,6.531056e-12
1.163395e+01,1.825568e-11,6.929975e-10,6.929975e-12
1.163646e+01,1.893340e-11,7.360188e-10,7.360188e-12
1.163897e+01,1.959154e-11,7.818741e-10,7.818741e-12
1.164149e+01,2.022414e-11,8.302160e-10,8.302160e-12
1.164400e+01,2.082746e-11,8.806520e-10,8.806520e-12
1.164651e+01,2.139995e-11,9.327382e-10,9.327382e-12
1.164903e+01,2.194292e-11,9.859827e-10,9.859827e-12
1.165154e+01,2.245991e-11,1.039839e-09,1.039839e-11
1.165405e+01,2.295607e-11,1.093711e-09,1.093711e-11
1.165657e+01,2.343840e-11,1.146970e-09,1.146970e-11
1.165908e+01,2.391463e-11,1.198979e-09,1.198979e-11
1.166159e+01,2.439263e-11,1.249117e-09,1.249117e-11
1.166411e+01,2.488080e-11,1.296819e-09,1.296819e-11
1.166662e+01,2.538645e-11,1.341599e-09,1.341599e-11
1.166913e+01,2.591469e-11,1.383078e-09,1.383078e-11
1.167165e+01,2.646894e-11,1.421008e-09,1.421008e-11
1.167416e+01,2.704982e-11,1.455275e-09,1.455275e-11
1.167667e+01,2.765470e-11,1.485888e-09,1.485888e-11
1.167918e+01,2.827804e-11,1.512956e-09,1.512956e-11
1.168170e+01,2.891059e-11,1.536643e-09,1.536643e-11
1.168421e+01,2.953991e-11,1.557111e-09,1.557111e-11
1.168672e+01,3.015070e-11,1.574464e-09,1.574464e-11
1.168924e+01,3.072497e-11,1.588683e-09,1.588683e-11
1.169175e+01,3.124340e-11,1.599578e-09,1.599578e-11
1.169426e+01,3.168624e-11,1.606776e-09,1.606776e-11
1.169678e+01,3.203378e-11,1.609726e-09,1.609726e-11
1.169929e+01,3.226675e-11,1.607730e-09,1.607730e-11
1.170180e+01,3.236841e-11,1.600011e-09,1.600011e-11
1.170432e+01,3.232548e-11,1.585796e-09,1.585796e-11
1.170683e+01,3.212804e-11,1.564409e-09,1.564409e-11
1.170934e+01,3.177078e-11,1.535369e-09,1.535369e-11
1.171186e+01,3.125387e-11,1.498473e-09,1.498473e-11
1.171437e+01,3.058260e-11,1.453855e-09,1.453855e-11
1.171688e+01,2.976756e-11,1.402029e-09,1.402029e-11
1.171940e+01,2.882430e-11,1.343895e-09,1.343895e-11
1.172191e+01,2.777317e-11,1.280725e-09,1.280725e-11
1.172442e+01,2.663889e-11,1.214109e-09,1.214109e-11
1.172694e+01,2.544918e-11,1.145867e-09,1.145867e-11
1.172945e+01,2.423347e-11,1.077932e-09,1.077932e-11
1.173196e+01,2.302215e-11,1.012205e-09,1.012205e-11
1.173448e+01,2.184556e-11,9.504152e-10,9.504152e-12
1.173699e+01,2.073295e-11,8.939703e-10,8.939703e-12
1.173950e+01,1.971129e-11,8.438329e-10,8.438329e-12
1.174202e+01,1.880422e-11,8.004699e-10,8.004699e-12
1.174453e+01,1.803121e-11,7.638904e-10,7.638904e-12
1.174704e+01,1.740721e-11,7.337804e-10,7.337804e-12
1.174956e+01,1.694236e-11,7.097071e-10,7.097071e-12
1.175207e+01,1.664152e-11,6.913254e-10,6.913254e-12
1.175458e+01,1.650510e-11,6.785370e-10,6.785370e-12
1.175710e+01,1.652847e-11,6.715385e-10,6.715385e-12
1.175961e+01,1.670240e-11,6.707613e-10,6.707613e-12
1.176212e+01,1.701480e-11,6.767320e-10,6.767320e-12
1.176464e+01,1.745011e-11,6.898554e-10,6.898554e-12
1.176715e+01,1.799018e-11,7.102215e-10,7.102215e-12
1.176966e+01,1.861624e-11,7.375105e-10,7.375105e-12
1.177218e+01,1.930854e-11,7.709845e-10,7.709845e-12
1.177469e+01,2.004663e-11,8.095765e-10,8.095765e-12
1.177720e+01,2.081098e-11,8.520365e-10,8.520365e-12
1.177972e+01,2.158299e-11,8.970588e-10,8.970588e-12
1.178223e+01,2.234472e-11,9.433801e-10,9.433801e-12
1.178474e+01,2.308001e-11,9.898461e-10,9.898461e-12
1.178726e+01,2.377482e-11,1.035443e-09,1.035443e-11
1.178977e+01,2.441596e-11,1.079300e-09,1.079300e-11
1.179228e+01,2.499237e-11,1.120676e-09,1.120676e-11
1.179480e+01,2.549458e-11,1.158941e-09,1.158941e-11
1.179731e+01,2.591431e-11,1.193565e-09,1.193565e-11
1.179982e+01,2.624565e-11,1.224109e-09,1.224109e-11
1.180234e+01,2.648403e-11,1.250206e-09,1.250206e-11
1.180485e+01,2.662621e-11,1.271566e-09,1.271566e-11
1.180736e+01,2.667056e-11,1.287984e-09,1.287984e-11
1.180988e+01,2.661740e-11,1.299351e-09,1.299351e-11
1.181239e+01,2.646839e-11,1.305658e-09,1.305658e-11
1.181490e+01,2.622701e-11,1.307014e-09,1.307014e-11
1.181741e+01,2.589928e-11,1.303662e-09,1.303662e-11
1.181993e+01,2.549233e-11,1.295972e-09,1.295972e-11
1.182244e+01,2.501449e-11,1.284441e-09,1.284441e-11
1.182495e+01,2.447668e-11,1.269699e-09,1.269699e-11
1.182747e+01,2.389199e-11,1.252488e-09,1.252488e-11
1.182998e+01,2.327405e-11,1.233634e-09,1.233634e-11
1.183249e+01,2.263766e-11,1.214023e-09,1.214023e-11
1.183501e+01,2.199862e-11,1.194568e-09,1.194568e-11
1.183752e+01,2.137332e-11,1.176155e-09,1.176155e-11
1.184003e+01,2.077775e-11,1.159613e-09,1.159613e-11
1.184255e+01,2.022737e-11,1.145673e-09,1.145673e-11
1.184506e+01,1.973662e-11,1.134929e-09,1.134929e-11
1.184757e+01,1.931748e-11,1.127810e-09,1.127810e-11
1.185009e+01,1.898056e-11,1.124573e-09,1.124573e-11
1.185260e+01,1.873402e-11,1.125307e-09,1.125307e-11
1.185511e+01,1.858225e-11,1.129944e-09,1.129944e-11
1.185763e+01,1.852676e-11,1.138287e-09,1.138287e-11
1.186014e+01,1.856585e-11,1.150022e-09,1.150022e-11
1.186265e+01,1.869401e-11,1.164744e-09,1.164744e-11
1.186517e+01,1.890241e-11,1.181965e-09,1.181965e-11
1.186768e+01,1.917960e-11,1.201128e-09,1.201128e-11
1.187019e+01,1.951161e-11,1.221613e-09,1.221613e-11
1.187271e+01,1.988201e-11,1.242733e-09,1.242733e-11
1.187522e+01,2.027300e-11,1.263736e-09,1.263736e-11
1.187773e+01,2.066620e-11,1.283830e-09,1.283830e-11
1.188025e+01,2.104321e-11,1.302187e-09,1.302187e-11
1.188276e+01,2.138593e-11,1.317965e-09,1.317965e-11
1.188527e+01,2.167769e-11,1.330354e-09,1.330354e-11
1.188779e+01,2.190428e-11,1.338608e-09,1.338608e-11
1.189030e+01,2.205401e-11,1.342082e-09,1.342082e-11
1.189281e+01,2.211856e-11,1.340263e-09,1.340263e-11
1.189533e+01,2.209312e-11,1.332784e-09,1.332784e-11
1.189784e+01,2.197616e-11,1.319449e-09,1.319449e-11
1.190035e+01,2.177051e-11,1.300240e-09,1.300240e-11
1.190287e+01,2.148274e-11,1.275309e-09,1.275309e-11
1.190538e+01,2.112209e-11,1.244969e-09,1.244969e-11
1.190789e+01,2.070116e-11,1.209674e-09,1.209674e-11
1.191041e+01,2.023498e-11,1.169999e-09,1.169999e-11
1.191292e+01,1.973993e-11,1.126615e-09,1.126615e-11
1.191543e+01,1.923312e-11,1.080269e-09,1.080269e-11
1.191795e+01,1.873151e-11,1.031783e-09,1.031783e-11
1.192046e+01,1.825124e-11,9.820571e-10,9.820571e-12
1.192297e+01,1.780678e-11,9.320752e-10,9.320752e-12
1.192549e+01,1.740996e-11,8.829236e-10,8.829236e-12
1.192800e+01,1.706937e-11,8.357959e-10,8.357959e-12
1.193051e+01,1.679033e-11,7.919807e-10,7.919807e-12
1.193303e+01,1.657416e-11,7.528118e-10,7.528118e-12
1.193554e+01,1.641864e-11,7.195427e-10,7.195427e-12
1.193805e+01,1.631751e-11,6.931517e-10,6.931517e-12
1.194057e+01,1.626109e-11,6.741370e-10,6.741370e-12
1.194308e+01,1.623753e-11,6.623432e-10,6.623432e-12
1.194559e+01,1.623209e-11,6.568691e-10,6.568691e-12
1.194811e+01,1.622904e-11,6.561552e-10,6.561552e-12
1.195062e+01,1.621250e-11,6.582004e-10,6.582004e-12
1.195313e+01,1.616653e-11,6.608191e-10,6.608191e-12
1.195565e+01,1.607643e-11,6.619148e-10,6.619148e-12
1.195816e+01,1.593003e-11,6.596861e-10,6.596861e-12
1.196067e+01,1.571810e-11,6.527416e-10,6.527416e-12
1.196318e+01,1.543500e-11,6.401809e-10,6.401809e-12
1.196570e+01,1.507869e-11,6.216236e-10,6.216236e-12
1.196821e+01,1.465068e-11,5.972079e-10,5.972079e-12
1.197072e+01,1.415758e-11,5.675879e-10,5.675879e-12
1.197324e+01,1.360937e-11,5.338783e-10,5.338783e-12
1.197575e+01,1.301907e-11,4.975946e-10,4.975946e-12
1.197826e+01,1.240285e-11,4.605920e-10,4.605920e-12
1.198078e+01,1.177856e-11,4.249162e-10,4.249162e-12
1.198329e+01,1.116520e-11,3.926090e-10,3.926090e-12
1.198580e+01,1.058219e-11,3.654614e-10,3.654614e-12
1.198832e+01,1.004831e-11,3.446700e-10,3.446700e-12
1.199083e+01,9.580736e-12,3.305485e-10,3.305485e-12
1.199334e+01,9.194171e-12,3.224860e-10,3.224860e-12
1.199586e+01,8.900292e-12,3.192372e-10,3.192372e-12
1.199837e+01,8.707865e-12,3.194102e-10,3.194102e-12
1.200088e+01,8.621304e-12,3.219087e-10,3.219087e-12
1.200340e+01,8.640930e-12,3.262316e-10,3.262316e-12
1.200591e+01,8.763822e-12,3.325513e-10,3.325513e-12
1.200842e+01,8.983078e-12,3.415411e-10,3.415411e-12
1.201094e+01,9.288340e-12,3.540999e-10,3.540999e-12
1.201345e+01,9.667028e-12,3.710068e-10,3.710068e-12
1.201596e+01,1.010415e-11,3.925892e-10,3.925892e-12
1.201848e+01,1.058366e-11,4.185959e-10,4.185959e-12
1.202099e+01,1.108899e-11,4.482208e-10,4.482208e-12
1.202350e+01,1.160303e-11,4.802469e-10,4.802469e-12
1.202602e+01,1.211039e-11,5.132878e-10,5.132878e-12
1.202853e+01,1.259688e-11,5.459755e-10,5.459755e-12
1.203104e+01,1.305034e-11,5.770910e-10,5.770910e-12
1.203356e+01,1.346138e-11,6.056556e-10,6.056556e-12
1.203607e+01,1.382274e-11,6.309835e-10,6.309835e-12
1.203858e+01,1.413046e-11,6.527146e-10,6.527146e-12
1.204110e+01,1.438351e-11,6.707934e-10,6.707934e-12
1.204361e+01,1.458322e-11,6.854305e-10,6.854305e-12
1.204612e+01,1.473332e-11,6.970711e-10,6.970711e-12
1.204864e+01,1.483999e-11,7.063225e-10,7.063225e-12
1.205115e+01,1.491034e-11,7.138707e-10,7.138707e-12
1.205366e+01,1.495232e-11,7.204158e-10,7.204158e-12
1.205618e+01,1.497524e-11,7.266026e-10,7.266026e-12
1.205869e+01,1.498779e-11,7.329493e-10,7.329493e-12
1.206120e+01,1.499825e-11,7.398166e-10,7.398166e-12
1.206372e+01,1.501433e-11,7.474050e-10,7.474050e-12
1.206623e+01,1.504219e-11,7.557615e-10,7.557615e-12
1.206874e+01,1.508680e-11,7.648183e-10,7.648183e-12
1.207126e+01,1.515150e-11,7.744398e-10,7.744398e-12
1.207377e+01,1.523785e-11,7.844578e-10,7.844578e-12
1.207628e+01,1.534628e-11,7.947084e-10,7.947084e-12
1.207880e+01,1.547561e-11,8.050571e-10,8.050571e-12
1.208131e+01,1.562316e-11,8.154107e-10,8.154107e-12
1.208382e+01,1.578531e-11,8.257155e-10,8.257155e-12
1.208634e+01,1.595796e-11,8.359504e-10,8.359504e-12
1.208885e+01,1.613682e-11,8.461146e-10,8.461146e-12
1.209136e+01,1.631687e-11,8.562103e-10,8.562103e-12
1.209388e+01,1.649327e-11,8.662357e-10,8.662357e-12
1.209639e+01,1.666158e-11,8.761781e-10,8.761781e-12
1.209890e+01,1.681795e-11,8.860032e-10,8.860032e-12
1.210141e+01,1.695919e-11,8.956540e-10,8.956540e-12
1.210393e+01,1.708282e-11,9.050563e-10,9.050563e-12
1.210644e+01,1.718726e-11,9.141192e-10,9.141192e-12
1.210895e+01,1.727137e-11,9.227361e-10,9.227361e-12
1.211147e+01,1.733495e-11,9.307886e-10,9.307886e-12
1.211398e+01,1.737823e-11,9.381455e-10,9.381455e-12
1.211649e+01,1.740185e-11,9.446662e-10,9.446662e-12
1.211901e+01,1.740707e-11,9.502037e-10,9.502037e-12
1.212152e+01,1.739529e-11,9.546010e-10,9.546010e-12
1.212403e+01,1.736777e-11,9.576955e-10,9.576955e-12
1.212655e+01,1.732578e-11,9.593232e-10,9.593232e-12
1.212906e+01,1.727069e-11,9.593232e-10,9.593232e-12
1.213157e+01,1.720371e-11,9.575440e-10,9.575440e-12
1.213409e+01,1.712582e-11,9.538404e-10,9.538404e-12
1.213660e+01,1.703759e-11,9.480809e-10,9.480809e-12
1.213911e+01,1.693993e-11,9.401590e-10,9.401590e-12
1.214163e+01,1.683335e-11,9.299924e-10,9.299924e-12
1.214414e+01,1.671804e-11,9.175343e-10,9.175343e-12
1.214665e+01,1.659503e-11,9.027792e-10,9.027792e-12
1.214917e+01,1.646488e-11,8.857565e-10,8.857565e-12
1.215168e+01,1.632816e-11,8.665381e-10,8.665381e-12
1.215419e+01,1.618602e-11,8.452412e-10,8.452412e-12
1.215671e+01,1.603912e-11,8.220255e-10,8.220255e-12
1.215922e+01,1.588865e-11,7.970979e-10,7.970979e-12
1.216173e+01,1.573575e-11,7.707124e-10,7.707124e-12
1.216425e+01,1.558155e-11,7.431673e-10,7.431673e-12
1.216676e+01,1.542779e-11,7.148018e-10,7.148018e-12
1.216927e+01,1.527585e-11,6.859900e-10,6.859900e-12
1.217179e+01,1.512698e-11,6.571362e-10,6.571362e-12
1.217430e+01,1.498245e-11,6.286704e-10,6.286704e-12
1.217681e+01,1.484381e-11,6.010408e-10,6.010408e-12
1.217933e+01,1.471235e-11,5.746903e-10,5.746903e-12
1.218184e+01,1.458874e-11,5.500396e-10,5.500396e-12
1.218435e+01,1.447426e-11,5.274781e-10,5.274781e-12
1.218687e+01,1.436986e-11,5.073248e-10,5.073248e-12
1.218938e+01,1.427605e-11,4.898070e-10,4.898070e-12
1.219189e+01,1.419405e-11,4.750601e-10,4.750601e-12
1.219441e+01,1.412441e-11,4.630881e-10,4.630881e-12
1.219692e+01,1.406735e-11,4.537605e-10,4.537605e-12
1.219943e+01,1.402340e-11,4.468574e-10,4.468574e-12
1.220195e+01,1.399261e-11,4.420801e-10,4.420801e-12
1.220446e+01,1.397519e-11,4.390846e-10,4.390846e-12
1.220697e+01,1.397163e-11,4.375379e-10,4.375379e-12
1.220949e+01,1.398162e-11,4.371291e-10,4.371291e-12
1.221200e+01,1.400447e-11,4.375828e-10,4.375828e-12
1.221451e+01,1.403984e-11,4.387035e-10,4.387035e-12
1.221703e+01,1.408733e-11,4.403743e-10,4.403743e-12
1.221954e+01,1.414601e-11,4.425241e-10,4.425241e-12
1.222205e+01,1.421478e-11,4.451243e-10,4.451243e-12
1.222457e+01,1.429266e-11,4.481845e-10,4.481845e-12
1.222708e+01,1.437879e-11,4.517255e-10,4.517255e-12
1.222959e+01,1.447251e-11,4.557603e-10,4.557603e-12
1.223211e+01,1.457324e-11,4.602941e-10,4.602941e-12
1.223462e+01,1.468108e-11,4.653233e-10,4.653233e-12
1.223713e+01,1.479655e-11,4.708270e-10,4.708270e-12
1.223964e+01,1.492086e-11,4.767922e-10,4.767922e-12
1.224216e+01,1.505625e-11,4.832479e-10,4.832479e-12
1.224467e+01,1.520523e-11,4.902908e-10,4.902908e-12
1.224718e+01,1.537186e-11,4.981270e-10,4.981270e-12
1.224970e+01,1.556077e-11,5.070945e-10,5.070945e-12
1.225221e+01,1.577667e-11,5.176926e-10,5.176926e-12
1.225472e+01,1.602565e-11,5.306201e-10,5.306201e-12
1.225724e+01,1.631416e-11,5.467495e-10,5.467495e-12
1.225975e+01,1.664825e-11,5.670822e-10,5.670822e-12
1.226226e+01,1.703402e-11,5.927003e-10,5.927003e-12
1.226478e+01,1.747729e-11,6.246682e-10,6.246682e-12
1.226729e+01,1.798282e-11,6.639199e-10,6.639199e-12
1.226980e+01,1.855452e-11,7.111724e-10,7.111724e-12
1.227232e+01,1.919513e-11,7.668608e-10,7.668608e-12
1.227483e+01,1.990510e-11,8.311100e-10,8.311100e-12
1.227734e+01,2.068324e-11,9.037428e-10,9.037428e-12
1.227986e+01,2.152623e-11,9.843083e-10,9.843083e-12
1.228237e+01,2.242890e-11,1.072126e-09,1.072126e-11
1.228488e+01,2.338433e-11,1.166323e-09,1.166323e-11
1.228740e+01,2.438284e-11,1.265866e-09,1.265866e-11
1.228991e+01,2.541344e-11,1.369591e-09,1.369591e-11
1.229242e+01,2.646403e-11,1.476236e-09,1.476236e-11
1.229494e+01,2.752074e-11,1.584465e-09,1.584465e-11
1.229745e+01,2.856914e-11,1.692890e-09,1.692890e-11
1.229996e+01,2.959467e-11,1.800097e-09,1.800097e-11
1.230248e+01,3.058232e-11,1.904670e-09,1.904670e-11
1.230499e+01,3.151773e-11,2.005222e-09,2.005222e-11
1.230750e+01,3.238800e-11,2.100425e-09,2.100425e-11
1.231002e+01,3.318114e-11,2.189028e-09,2.189028e-11
1.231253e+01,3.388663e-11,2.269878e-09,2.269878e-11
1.231504e+01,3.449601e-11,2.341940e-09,2.341940e-11
1.231756e+01,3.500234e-11,2.404324e-09,2.404324e-11
1.232007e+01,3.540087e-11,2.456289e-09,2.456289e-11
1.232258e+01,3.568949e-11,2.497263e-09,2.497263e-11
1.232510e+01,3.586769e-11,2.526843e-09,2.526843e-11
1.232761e+01,3.593669e-11,2.544794e-09,2.544794e-11
1.233012e+01,3.589954e-11,2.551052e-09,2.551052e-11
1.233264e+01,3.576096e-11,2.545723e-09,2.545723e-11
1.233515e+01,3.552684e-11,2.529065e-09,2.529065e-11
1.233766e+01,3.520383e-11,2.501487e-09,2.501487e-11
1.234018e+01,3.479942e-11,2.463533e-09,2.463533e-11
1.234269e+01,3.432149e-11,2.415866e-09,2.415866e-11
1.234520e+01,3.377874e-11,2.359254e-09,2.359254e-11
1.234772e+01,3.317994e-11,2.294551e-09,2.294551e-11
1.235023e+01,3.253271e-11,2.222679e-09,2.222679e-11
1.235274e+01,3.184485e-11,2.144613e-09,2.144613e-11
1.235526e+01,3.112463e-11,2.061375e-09,2.061375e-11
1.235777e+01,3.037974e-11,1.974012e-09,1.974012e-11
1.236028e+01,2.961719e-11,1.883582e-09,1.883582e-11
1.236280e+01,2.884328e-11,1.791141e-09,1.791141e-11
1.236531e+01,2.806440e-11,1.697740e-09,1.697740e-11
1.236782e+01,2.728731e-11,1.604432e-09,1.604432e-11
1.237034e+01,2.651760e-11,1.512244e-09,1.512244e-11
1.237285e+01,2.576026e-11,1.422169e-09,1.422169e-11
1.237536e+01,2.502068e-11,1.335173e-09,1.335173e-11
1.237788e+01,2.430394e-11,1.252181e-09,1.252181e-11
1.238039e+01,2.361457e-11,1.174059e-09,1.174059e-11
1.238290e+01,2.295716e-11,1.101614e-09,1.101614e-11
1.238541e+01,2.233634e-11,1.035549e-09,1.035549e-11
1.238793e+01,2.175565e-11,9.764206e-10,9.764206e-12
1.239044e+01,2.121875e-11,9.246146e-10,9.246146e-12
1.239295e+01,2.072935e-11,8.803205e-10,8.803205e-12
1.239547e+01,2.028993e-11,8.434833e-10,8.434833e-12
1.239798e+01,1.990312e-11,8.138179e-10,8.138179e-12
1.240049e+01,1.957133e-11,7.908267e-10,7.908267e-12
1.240301e+01,1.929550e-11,7.738264e-10,7.738264e-12
1.240552e+01,1.907628e-11,7.620380e-10,7.620380e-12
1.240803e+01,1.891450e-11,7.546730e-10,7.546730e-12
1.241055e+01,1.880968e-11,7.509839e-10,7.509839e-12
1.241306e+01,1.876034e-11,7.503022e-10,7.503022e-12
1.241557e+01,1.876469e-11,7.520777e-10,7.520777e-12
1.241809e+01,1.881986e-11,7.558922e-10,7.558922e-12
1.242060e+01,1.892198e-11,7.614361e-10,7.614361e-12
1.242311e+01,1.906699e-11,7.684905e-10,7.684905e-12
1.242563e+01,1.924986e-11,7.768884e-10,7.768884e-12
1.242814e+01,1.946468e-11,7.864640e-10,7.864640e-12
1.243065e+01,1.970500e-11,7.970339e-10,7.970339e-12
1.243317e+01,1.996327e-11,8.083711e-10,8.083711e-12
1.243568e+01,2.023202e-11,8.201974e-10,8.201974e-12
1.243819e+01,2.050368e-11,8.321977e-10,8.321977e-12
1.244071e+01,2.077030e-11,8.440100e-10,8.440100e-12
1.244322e+01,2.102390e-11,8.552533e-10,8.552533e-12
1.244573e+01,2.125710e-11,8.655754e-10,8.655754e-12
1.244825e+01,2.146264e-11,8.746416e-10,8.746416e-12
1.245076e+01,2.163353e-11,8.821576e-10,8.821576e-12
1.245327e+01,2.176445e-11,8.879433e-10,8.879433e-12
1.245579e+01,2.185133e-11,8.919401e-10,8.919401e-12
1.245830e+01,2.189123e-11,8.941766e-10,8.941766e-12
1.246081e+01,2.188268e-11,8.947721e-10,8.947721e-12
1.246333e+01,2.182583e-11,8.939469e-10,8.939469e-12
1.246584e+01,2.172306e-11,8.919930e-10,8.919930e-12
1.246835e+01,2.157850e-11,8.892263e-10,8.892263e-12
1.247087e+01,2.139766e-11,8.859644e-10,8.859644e-12
1.247338e+01,2.118836e-11,8.824982e-10,8.824982e-12
1.247589e+01,2.095996e-11,8.790369e-10,8.790369e-12
1.247841e+01,2.072281e-11,8.756868e-10,8.756868e-12
1.248092e+01,2.048856e-11,8.724570e-10,8.724570e-12
1.248343e+01,2.026972e-11,8.692707e-10,8.692707e-12
1.248595e+01,2.007905e-11,8.659977e-10,8.659977e-12
1.248846e+01,1.992935e-11,8.624896e-10,8.624896e-12
1.249097e+01,1.983289e-11,8.586589e-10,8.586589e-12
1.249349e+01,1.980139e-11,8.545769e-10,8.545769e-12
1.249600e+01,1.984543e-11,8.505055e-10,8.505055e-12
1.249851e+01,1.997299e-11,8.469531e-10,8.469531e-12
1.250103e+01,2.019048e-11,8.447532e-10,8.447532e-12
1.250354e+01,2.050235e-11,8.450554e-10,8.450554e-12
1.250605e+01,2.091030e-11,8.492611e-10,8.492611e-12
1.250857e+01,2.141287e-11,8.589171e-10,8.589171e-12
1.251108e+01,2.200621e-11,8.755409e-10,8.755409e-12
1.251359e+01,2.268414e-11,9.004024e-10,9.004024e-12
1.251611e+01,2.343665e-11,9.342998e-10,9.342998e-12
1.251862e+01,2.425202e-11,9.774218e-10,9.774218e-12
1.252113e+01,2.511660e-11,1.029316e-09,1.029316e-11
1.252364e+01,2.601430e-11,1.088943e-09,1.088943e-11
1.252616e+01,2.692798e-11,1.154816e-09,1.154816e-11
1.252867e+01,2.783995e-11,1.225163e-09,1.225163e-11
1.253118e+01,2.873233e-11,1.298050e-09,1.298050e-11
1.253370e+01,2.958645e-11,1.371493e-09,1.371493e-11
1.253621e+01,3.038521e-11,1.443570e-09,1.443570e-11
1.253872e+01,3.111355e-11,1.512487e-09,1.512487e-11
1.254124e+01,3.175663e-11,1.576596e-09,1.576596e-11
1.254375e+01,3.230204e-11,1.634439e-09,1.634439e-11
1.254626e+01,3.274048e-11,1.684784e-09,1.684784e-11
1.254878e+01,3.306423e-11,1.726623e-09,1.726623e-11
1.255129e+01,3.326838e-11,1.759179e-09,1.759179e-11
1.255380e+01,3.335151e-11,1.781924e-09,1.781924e-11
1.255632e+01,3.331402e-11,1.794556e-09,1.794556e-11
1.255883e+01,3.315793e-11,1.796988e-09,1.796988e-11
1.256134e+01,3.288820e-11,1.789353e-09,1.789353e-11
1.256386e+01,3.251147e-11,1.771974e-09,1.771974e-11
1.256637e+01,3.203502e-11,1.745348e-09,1.745348e-11
1.256888e+01,3.146771e-11,1.710127e-09,1.710127e-11
1.257140e+01,3.081927e-11,1.667090e-09,1.667090e-11
1.257391e+01,3.009908e-11,1.617121e-09,1.617121e-11
1.257642e+01,2.931701e-11,1.561190e-09,1.561190e-11
1.257894e+01,2.848288e-11,1.500324e-09,1.500324e-11
1.258145e+01,2.760585e-11,1.435579e-09,1.435579e-11
1.258396e+01,2.669526e-11,1.368032e-09,1.368032e-11
1.258648e+01,2.576004e-11,1.298756e-09,1.298756e-11
1.258899e+01,2.480877e-11,1.228791e-09,1.228791e-11
1.259150e+01,2.384943e-11,1.159138e-09,1.159138e-11
1.259402e+01,2.289028e-11,1.090752e-09,1.090752e-11
1.259653e+01,2.194039e-11,1.024525e-09,1.024525e-11
1.259904e+01,2.100844e-11,9.612759e-10,9.612759e-12
1.260156e+01,2.010306e-11,9.017466e-10,9.017466e-12
1.260407e+01,1.923356e-11,8.465968e-10,8.465968e-12
1.260658e+01,1.840946e-11,7.963863e-10,7.963863e-12
1.260910e+01,1.764081e-11,7.515678e-10,7.515678e-12
1.261161e+01,1.693797e-11,7.124686e-10,7.124686e-12
1.261412e+01,1.631057e-11,6.792664e-10,6.792664e-12
1.261664e+01,1.576826e-11,6.519868e-10,6.519868e-12
1.261915e+01,1.531989e-11,6.305103e-10,6.305103e-12
1.262166e+01,1.497308e-11,6.146156e-10,6.146156e-12
1.262418e+01,1.473448e-11,6.040471e-10,6.040471e-12
1.262669e+01,1.460866e-11,5.985744e-10,5.985744e-12
1.262920e+01,1.459804e-11,5.980742e-10,5.980742e-12
1.263172e+01,1.470289e-11,6.026033e-10,6.026033e-12
1.263423e+01,1.492090e-11,6.124004e-10,6.124004e-12
1.263674e+01,1.524715e-11,6.278319e-10,6.278319e-12
1.263926e+01,1.567362e-11,6.492861e-10,6.492861e-12
1.264177e+01,1.618950e-11,6.770430e-10,6.770430e-12
1.264428e+01,1.678213e-11,7.111606e-10,7.111606e-12
1.264680e+01,1.743649e-11,7.513466e-10,7.513466e-12
1.264931e+01,1.813533e-11,7.968860e-10,7.968860e-12
1.265182e+01,1.886058e-11,8.466829e-10,8.466829e-12
1.265434e+01,1.959338e-11,8.993088e-10,8.993088e-12
1.265685e+01,2.031401e-11,9.530624e-10,9.530624e-12
1.265936e+01,2.100358e-11,1.006086e-09,1.006086e-11
1.266188e+01,2.164407e-11,1.056471e-09,1.056471e-11
1.266439e+01,2.221873e-11,1.102345e-09,1.102345e-11
1.266690e+01,2.271319e-11,1.141969e-09,1.141969e-11
1.266941e+01,2.311536e-11,1.173793e-09,1.173793e-11
1.267193e+01,2.341575e-11,1.196535e-09,1.196535e-11
1.267444e+01,2.360811e-11,1.209244e-09,1.209244e-11
1.267695e+01,2.368983e-11,1.211352e-09,1.211352e-11
1.267947e+01,2.366148e-11,1.202696e-09,1.202696e-11
1.268198e+01,2.352701e-11,1.183532e-09,1.183532e-11
1.268449e+01,2.329366e-11,1.154541e-09,1.154541e-11
1.268701e+01,2.297171e-11,1.116812e-09,1.116812e-11
1.268952e+01,2.257412e-11,1.071803e-09,1.071803e-11
1.269203e+01,2.211604e-11,1.021299e-09,1.021299e-11
1.269455e+01,2.161427e-11,9.673366e-10,9.673366e-12
1.269706e+01,2.108713e-11,9.121047e-10,9.121047e-12
1.269957e+01,2.055368e-11,8.578326e-10,8.578326e-12
1.270209e+01,2.003309e-11,8.066536e-10,8.066536e-12
1.270460e+01,1.954473e-11,7.604397e-10,7.604397e-12
1.270711e+01,1.910638e-11,7.206342e-10,7.206342e-12
1.270963e+01,1.873433e-11,6.881420e-10,6.881420e-12
1.271214e+01,1.844403e-11,6.632978e-10,6.632978e-12
1.271465e+01,1.824833e-11,6.459362e-10,6.459362e-12
1.271717e+01,1.815798e-11,6.355865e-10,6.355865e-12
1.271968e+01,1.818173e-11,6.317186e-10,6.317186e-12
1.272219e+01,1.832512e-11,6.339629e-10,6.339629e-12
1.272471e+01,1.859120e-11,6.422798e-10,6.422798e-12
1.272722e+01,1.898116e-11,6.569994e-10,6.569994e-12
1.272973e+01,1.949371e-11,6.787283e-10,6.787283e-12
1.273225e+01,2.012492e-11,7.082080e-10,7.082080e-12
1.273476e+01,2.086919e-11,7.461550e-10,7.461550e-12
1.273727e+01,2.171920e-11,7.931121e-10,7.931121e-12
1.273979e+01,2.266594e-11,8.493554e-10,8.493554e-12
1.274230e+01,2.369901e-11,9.148789e-10,9.148789e-12
1.274481e+01,2.480703e-11,9.894373e-10,9.894373e-12
1.274733e+01,2.597758e-11,1.072585e-09,1.072585e-11
1.274984e+01,2.719710e-11,1.163723e-09,1.163723e-11
1.275235e+01,2.845190e-11,1.262148e-09,1.262148e-11
1.275487e+01,2.972778e-11,1.367053e-09,1.367053e-11
1.275738e+01,3.100991e-11,1.477516e-09,1.477516e-11
1.275989e+01,3.228323e-11,1.592500e-09,1.592500e-11
1.276241e+01,3.353240e-11,1.710834e-09,1.710834e-11
1.276492e+01,3.474242e-11,1.831210e-09,1.831210e-11
1.276743e+01,3.589805e-11,1.952177e-09,1.952177e-11
1.276995e+01,3.698428e-11,2.072165e-09,2.072165e-11
1.277246e+01,3.798679e-11,2.189504e-09,2.189504e-11
1.277497e+01,3.889162e-11,2.302453e-09,2.302453e-11
1.277749e+01,3.968555e-11,2.409237e-09,2.409237e-11
1.278000e+01,4.035648e-11,2.508104e-09,2.508104e-11
1.278251e+01,4.089337e-11,2.597374e-09,2.597374e-11
1.278503e+01,4.128690e-11,2.675481e-09,2.675481e-11
1.278754e+01,4.152959e-11,2.741011e-09,2.741011e-11
1.279005e+01,4.161516e-11,2.792738e-09,2.792738e-11
1.279257e+01,4.154005e-11,2.829671e-09,2.829671e-11
1.279508e+01,4.130282e-11,2.851091e-09,2.851091e-11
1.279759e+01,4.090389e-11,2.856563e-09,2.856563e-11
1.280011e+01,4.034674e-11,2.845948e-09,2.845948e-11
1.280262e+01,3.963695e-11,2.819397e-09,2.819397e-11
1.280513e+01,3.878244e-11,2.777357e-09,2.777357e-11
1.280764e+01,3.779322e-11,2.720553e-09,2.720553e-11
1.281016e+01,3.668127e-11,2.649975e-09,2.649975e-11
1.281267e+01,3.546050e-11,2.566845e-09,2.566845e-11
1.281518e+01,3.414635e-11,2.472591e-09,2.472591e-11
1.281770e+01,3.275566e-11,2.368799e-09,2.368799e-11
1.282021e+01,3.130640e-11,2.257185e-09,2.257185e-11
1.282272e+01,2.981705e-11,2.139546e-09,2.139546e-11
1.282524e+01,2.830610e-11,2.017717e-09,2.017717e-11
1.282775e+01,2.679246e-11,1.893533e-09,1.893533e-11
1.283026e+01,2.529417e-11,1.768782e-09,1.768782e-11
1.283278e+01,2.382852e-11,1.645177e-09,1.645177e-11
1.283529e+01,2.241188e-11,1.524313e-09,1.524313e-11
1.283780e+01,2.105888e-11,1.407643e-09,1.407643e-11
1.284032e+01,1.978246e-11,1.296449e-09,1.296449e-11
1.284283e+01,1.859327e-11,1.191829e-09,1.191829e-11
1.284534e+01,1.750000e-11,1.094684e-09,1.094684e-11
1.284786e+01,1.650921e-11,1.005706e-09,1.005706e-11
1.285037e+01,1.562471e-11,9.253708e-10,9.253708e-12
1.285288e+01,1.484816e-11,8.539486e-10,8.539486e-12
1.285540e+01,1.417896e-11,7.914983e-10,7.914983e-12
1.285791e+01,1.361443e-11,7.378779e-10,7.378779e-12
1.286042e+01,1.315046e-11,6.927638e-10,6.927638e-12
1.286294e+01,1.278095e-11,6.556704e-10,6.556704e-12
1.286545e+01,1.249909e-11,6.259821e-10,6.259821e-12
1.286796e+01,1.229750e-11,6.029872e-10,6.029872e-12
1.287048e+01,1.216791e-11,5.859159e-10,5.859159e-12
1.287299e+01,1.210222e-11,5.739830e-10,5.739830e-12
1.287550e+01,1.209260e-11,5.664283e-10,5.664283e-12
1.287802e+01,1.213188e-11,5.625463e-10,5.625463e-12
1.288053e+01,1.221391e-11,5.617045e-10,5.617045e-12
1.288304e+01,1.233325e-11,5.633498e-10,5.633498e-12
1.288556e+01,1.248515e-11,5.670095e-10,5.670095e-12
1.288807e+01,1.266615e-11,5.722911e-10,5.722911e-12
1.289058e+01,1.287374e-11,5.788748e-10,5.788748e-12
1.289310e+01,1.310587e-11,5.864999e-10,5.864999e-12
1.289561e+01,1.336129e-11,5.949586e-10,5.949586e-12
1.289812e+01,1.363861e-11,6.040815e-10,6.040815e-12
1.290064e+01,1.393635e-11,6.137235e-10,6.137235e-12
1.290315e+01,1.425332e-11,6.237604e-10,6.237604e-12
1.290566e+01,1.458734e-11,6.340773e-10,6.340773e-12
1.290818e+01,1.493553e-11,6.445629e-10,6.445629e-12
1.291069e+01,1.529455e-11,6.551070e-10,6.551070e-12
1.291320e+01,1.566012e-11,6.655877e-10,6.655877e-12
1.291572e+01,1.602711e-11,6.758677e-10,6.758677e-12
1.291823e+01,1.638962e-11,6.857985e-10,6.857985e-12
1.292074e+01,1.674139e-11,6.952183e-10,6.952183e-12
1.292326e+01,1.707620e-11,7.039583e-10,7.039583e-12
1.292577e+01,1.738769e-11,7.118496e-10,7.118496e-12
1.292828e+01,1.766918e-11,7.187240e-10,7.187240e-12
1.293080e+01,1.791509e-11,7.244228e-10,7.244228e-12
1.293331e+01,1.812111e-11,7.288051e-10,7.288051e-12
1.293582e+01,1.828329e-11,7.317612e-10,7.317612e-12
1.293834e+01,1.839910e-11,7.332198e-10,7.332198e-12
1.294085e+01,1.846739e-11,7.331299e-10,7.331299e-12
1.294336e+01,1.848794e-11,7.314776e-10,7.314776e-12
1.294588e+01,1.846280e-11,7.283184e-10,7.283184e-12
1.294839e+01,1.839516e-11,7.237390e-10,7.237390e-12
1.295090e+01,1.828859e-11,7.178449e-10,7.178449e-12
1.295341e+01,1.814833e-11,7.108001e-10,7.108001e-12
1.295593e+01,1.798058e-11,7.028186e-10,7.028186e-12
1.295844e+01,1.779179e-11,6.941392e-10,6.941392e-12
1.296095e+01,1.758909e-11,6.850384e-10,6.850384e-12
1.296347e+01,1.738001e-11,6.758379e-10,6.758379e-12
1.296598e+01,1.717188e-11,6.668969e-10,6.668969e-12
1.296849e+01,1.697163e-11,6.586044e-10,6.586044e-12
1.297101e+01,1.678634e-11,6.513668e-10,6.513668e-12
1.297352e+01,1.662242e-11,6.455993e-10,6.455993e-12
1.297603e+01,1.648523e-11,6.417171e-10,6.417171e-12
1.297855e+01,1.638006e-11,6.401086e-10,6.401086e-12
1.298106e+01,1.631125e-11,6.411100e-10,6.411100e-12
1.298357e+01,1.628125e-11,6.449890e-10,6.449890e-12
1.298609e+01,1.629220e-11,6.519330e-10,6.519330e-12
1.298860e+01,1.634530e-11,6.620341e-10,6.620341e-12
1.299111e+01,1.643957e-11,6.752677e-10,6.752677e-12
1.299363e+01,1.657315e-11,6.915002e-10,6.915002e-12
1.299614e+01,1.674330e-11,7.104940e-10,7.104940e-12
1.299865e+01,1.694505e-11,7.318892e-10,7.318892e-12
1.300117e+01,1.717242e-11,7.552242e-10,7.552242e-12
1.300368e+01,1.741861e-11,7.799502e-10,7.799502e-12
1.300619e+01,1.767482e-11,8.054298e-10,8.054298e-12
1.300871e+01,1.793217e-11,8.309758e-10,8.309758e-12
1.301122e+01,1.818147e-11,8.558734e-10,8.558734e-12
1.301373e+01,1.841251e-11,8.793912e-10,8.793912e-12
1.301625e+01,1.861556e-11,9.008337e-10,9.008337e-12
1.301876e+01,1.878166e-11,9.195812e-10,9.195812e-12
1.302127e+01,1.890245e-11,9.351074e-10,9.351074e-12
1.302379e+01,1.897088e-11,9.470168e-10,9.470168e-12
1.302630e+01,1.898178e-11,9.550702e-10,9.550702e-12
1.302881e+01,1.893169e-11,9.591846e-10,9.591846e-12
1.303133e+01,1.881906e-11,9.594347e-10,9.594347e-12
1.303384e+01,1.864504e-11,9.560475e-10,9.560475e-12
1.303635e+01,1.841258e-11,9.493615e-10,9.493615e-12
1.303887e+01,1.812634e-11,9.397865e-10,9.397865e-12
1.304138e+01,1.779366e-11,9.277727e-10,9.277727e-12
1.304389e+01,1.742326e-11,9.137496e-10,9.137496e-12
1.304641e+01,1.702466e-11,8.980813e-10,8.980813e-12
1.304892e+01,1.660881e-11,8.810495e-10,8.810495e-12
1.305143e+01,1.618681e-11,8.628300e-10,8.628300e-12
1.305395e+01,1.576957e-11,8.434984e-10,8.434984e-12
1.305646e+01,1.536760e-11,8.230613e-10,8.230613e-12
1.305897e+01,1.499026e-11,8.014985e-10,8.014985e-12
1.306149e+01,1.464604e-11,7.788250e-10,7.788250e-12
1.306400e+01,1.434199e-11,7.551385e-10,7.551385e-12
1.306651e+01,1.408262e-11,7.306604e-10,7.306604e-12
1.306903e+01,1.387064e-11,7.057874e-10,7.057874e-12
1.307154e+01,1.370745e-11,6.811131e-10,6.811131e-12
1.307405e+01,1.359227e-11,6.574138e-10,6.574138e-12
1.307657e+01,1.352245e-11,6.356193e-10,6.356193e-12
1.307908e+01,1.349456e-11,6.167492e-10,6.167492e-12
1.308159e+01,1.350353e-11,6.017946e-10,6.017946e-12
1.308411e+01,1.354262e-11,5.915851e-10,5.915851e-12
1.308662e+01,1.360523e-11,5.866734e-10,5.866734e-12
1.308913e+01,1.368483e-11,5.872243e-10,5.872243e-12
1.309164e+01,1.377409e-11,5.929696e-10,5.929696e-12
1.309416e+01,1.386610e-11,6.032629e-10,6.032629e-12
1.309667e+01,1.395480e-11,6.171829e-10,6.171829e-12
1.309918e+01,1.403448e-11,6.336561e-10,6.336561e-12
1.310170e+01,1.410033e-11,6.515812e-10,6.515812e-12
1.310421e+01,1.414864e-11,6.699221e-10,6.699221e-12
1.310672e+01,1.417690e-11,6.877616e-10,6.877616e-12
1.310924e+01,1.418340e-11,7.043283e-10,7.043283e-12
1.311175e+01,1.416734e-11,7.190070e-10,7.190070e-12
1.311426e+01,1.412975e-11,7.313333e-10,7.313333e-12
1.311678e+01,1.407237e-11,7.409801e-10,7.409801e-12
1.311929e+01,1.399764e-11,7.477413e-10,7.477413e-12
1.312180e+01,1.390913e-11,7.515168e-10,7.515168e-12
1.312432e+01,1.381083e-11,7.522997e-10,7.522997e-12
1.312683e+01,1.370740e-11,7.501694e-10,7.501694e-12
1.312934e+01,1.360390e-11,7.452835e-10,7.452835e-12
1.313186e+01,1.350583e-11,7.378718e-10,7.378718e-12
1.313437e+01,1.341829e-11,7.282296e-10,7.282296e-12
1.313688e+01,1.334614e-11,7.167140e-10,7.167140e-12
1.313940e+01,1.329468e-11,7.037414e-10,7.037414e-12
1.314191e+01,1.326836e-11,6.897784e-10,6.897784e-12
1.314442e+01,1.327139e-11,6.753337e-10,6.753337e-12
1.314694e+01,1.330782e-11,6.609492e-10,6.609492e-12
1.314945e+01,1.338060e-11,6.471894e-10,6.471894e-12
1.315196e+01,1.349282e-11,6.346319e-10,6.346319e-12
1.315448e+01,1.364707e-11,6.238609e-10,6.238609e-12
1.315699e+01,1.384535e-11,6.154602e-10,6.154602e-12
1.315950e+01,1.408987e-11,6.100080e-10,6.100080e-12
1.316202e+01,1.438229e-11,6.080717e-10,6.080717e-12
1.316453e+01,1.472404e-11,6.101996e-10,6.101996e-12
1.316704e+01,1.511665e-11,6.169113e-10,6.169113e-12
1.316956e+01,1.556098e-11,6.286692e-10,6.286692e-12
1.317207e+01,1.605769e-11,6.458479e-10,6.458479e-12
1.317458e+01,1.660738e-11,6.687042e-10,6.687042e-12
1.317710e+01,1.720972e-11,6.973405e-10,6.973405e-12
1.317961e+01,1.786341e-11,7.316845e-10,7.316845e-12
1.318212e+01,1.856652e-11,7.714866e-10,7.714866e-12
1.318464e+01,1.931568e-11,8.163179e-10,8.163179e-12
1.318715e+01,2.010577e-11,8.655880e-10,8.655880e-12
1.318966e+01,2.093022e-11,9.185725e-10,9.185725e-12
1.319218e+01,2.178063e-11,9.744345e-10,9.744345e-12
1.319469e+01,2.264689e-11,1.032250e-09,1.032250e-11
1.319720e+01,2.351723e-11,1.091025e-09,1.091025e-11
1.319972e+01,2.437779e-11,1.149724e-09,1.149724e-11
1.320223e+01,2.521406e-11,1.207301e-09,1.207301e-11
1.320474e+01,2.601083e-11,1.262718e-09,1.262718e-11
1.320726e+01,2.675196e-11,1.314972e-09,1.314972e-11
1.320977e+01,2.742224e-11,1.363129e-09,1.363129e-11
1.321228e+01,2.800751e-11,1.406358e-09,1.406358e-11
1.321480e+01,2.849479e-11,1.443957e-09,1.443957e-11
1.321731e+01,2.887369e-11,1.475395e-09,1.475395e-11
1.321982e+01,2.913696e-11,1.500332e-09,1.500332e-11
1.322234e+01,2.928054e-11,1.518645e-09,1.518645e-11
1.322485e+01,2.930384e-11,1.530428e-09,1.530428e-11
1.322736e+01,2.921021e-11,1.536001e-09,1.536001e-11
1.322987e+01,2.900747e-11,1.535896e-09,1.535896e-11
1.323239e+01,2.870678e-11,1.530822e-09,1.530822e-11
1.323490e+01,2.832217e-11,1.521611e-09,1.521611e-11
1.323741e+01,2.787067e-11,1.509171e-09,1.509171e-11
1.323993e+01,2.737121e-11,1.494406e-09,1.494406e-11
1.324244e+01,2.684381e-11,1.478168e-09,1.478168e-11
1.324495e+01,2.630901e-11,1.461188e-09,1.461188e-11
1.324747e+01,2.578685e-11,1.444038e-09,1.444038e-11
1.324998e+01,2.529497e-11,1.427104e-09,1.427104e-11
1.325249e+01,2.484908e-11,1.410608e-09,1.410608e-11
1.325501e+01,2.446226e-11,1.394626e-09,1.394626e-11
1.325752e+01,2.414301e-11,1.379141e-09,1.379141e-11
1.326003e+01,2.389624e-11,1.364089e-09,1.364089e-11
1.326255e+01,2.372323e-11,1.349414e-09,1.349414e-11
1.326506e+01,2.362053e-11,1.335090e-09,1.335090e-11
1.326757e+01,2.358047e-11,1.321133e-09,1.321133e-11
1.327009e+01,2.359218e-11,1.307584e-09,1.307584e-11
1.327260e+01,2.364206e-11,1.294479e-09,1.294479e-11
1.327511e+01,2.371437e-11,1.281796e-09,1.281796e-11
1.327763e+01,2.379225e-11,1.269401e-09,1.269401e-11
1.328014e+01,2.385790e-11,1.257002e-09,1.257002e-11
1.328265e+01,2.389418e-11,1.244133e-09,1.244133e-11
1.328517e+01,2.388550e-11,1.230166e-09,1.230166e-11
1.328768e+01,2.381796e-11,1.214336e-09,1.214336e-11
1.329019e+01,2.368057e-11,1.195815e-09,1.195815e-11
1.329271e+01,2.346562e-11,1.173777e-09,1.173777e-11
1.329522e+01,2.316875e-11,1.147489e-09,1.147489e-11
1.329773e+01,2.278897e-11,1.116389e-09,1.116389e-11
1.330025e+01,2.232972e-11,1.080168e-09,1.080168e-11
1.330276e+01,2.179841e-11,1.038815e-09,1.038815e-11
1.330527e+01,2.120467e-11,9.926489e-10,9.926489e-12
1.330779e+01,2.056138e-11,9.423352e-10,9.423352e-12
1.331030e+01,1.988477e-11,8.888914e-10,8.888914e-12
1.331281e+01,1.919219e-11,8.336416e-10,8.336416e-12
1.331533e+01,1.850167e-11,7.781669e-10,7.781669e-12
1.331784e+01,1.783280e-11,7.242360e-10,7.242360e-12
1.332035e+01,1.720487e-11,6.736854e-10,6.736854e-12
1.332287e+01,1.663566e-11,6.282697e-10,6.282697e-12
1.332538e+01,1.614183e-11,5.894820e-10,5.894820e-12
1.332789e+01,1.573765e-11,5.583691e-10,5.583691e-12
1.333041e+01,1.543473e-11,5.354026e-10,5.354026e-12
1.333292e+01,1.524196e-11,5.204754e-10,5.204754e-12
1.333543e+01,1.516478e-11,5.130379e-10,5.130379e-12
1.333795e+01,1.520511e-11,5.123330e-10,5.123330e-12
1.334046e+01,1.536114e-11,5.176630e-10,5.176630e-12
1.334297e+01,1.562749e-11,5.285498e-10,5.285498e-12
1.334549e+01,1.599573e-11,5.447510e-10,5.447510e-12
1.334800e+01,1.645431e-11,5.661705e-10,5.661705e-12
1.335051e+01,1.698944e-11,5.926789e-10,5.926789e-12
1.335303e+01,1.758488e-11,6.239343e-10,6.239343e-12
1.335554e+01,1.822293e-11,6.593007e-10,6.593007e-12
1.335805e+01,1.888603e-11,6.978381e-10,6.978381e-12
1.336057e+01,1.955609e-11,7.383383e-10,7.383383e-12
1.336308e+01,2.021518e-11,7.794542e-10,7.794542e-12
1.336559e+01,2.084713e-11,8.198606e-10,8.198606e-12
1.336811e+01,2.143804e-11,8.583784e-10,8.583784e-12
1.337062e+01,2.197556e-11,8.941067e-10,8.941067e-12
1.337313e+01,2.245055e-11,9.265424e-10,9.265424e-12
1.337564e+01,2.285742e-11,9.556478e-10,9.556478e-12
1.337816e+01,2.319337e-11,9.818961e-10,9.818961e-12
1.338067e+01,2.345948e-11,1.006286e-09,1.006286e-11
1.338318e+01,2.365989e-11,1.030283e-09,1.030283e-11
1.338570e+01,2.380140e-11,1.055697e-09,1.055697e-11
1.338821e+01,2.389413e-11,1.084503e-09,1.084503e-11
1.339072e+01,2.395009e-11,1.118594e-09,1.118594e-11
1.339324e+01,2.398287e-11,1.159523e-09,1.159523e-11
1.339575e+01,2.400717e-11,1.208273e-09,1.208273e-11
1.339826e+01,2.403720e-11,1.265113e-09,1.265113e-11
1.340078e+01,2.408757e-11,1.329586e-09,1.329586e-11
1.340329e+01,2.417224e-11,1.400590e-09,1.400590e-11
1.340580e+01,2.430238e-11,1.476522e-09,1.476522e-11
1.340832e+01,2.448765e-11,1.555467e-09,1.555467e-11
1.341083e+01,2.473503e-11,1.635358e-09,1.635358e-11
1.341334e+01,2.504768e-11,1.714109e-09,1.714109e-11
1.341586e+01,2.542660e-11,1.789729e-09,1.789729e-11
1.341837e+01,2.586941e-11,1.860388e-09,1.860388e-11
1.342088e+01,2.636959e-11,1.924470e-09,1.924470e-11
1.342340e+01,2.691857e-11,1.980602e-09,1.980602e-11
1.342591e+01,2.750525e-11,2.027656e-09,2.027656e-11
1.342842e+01,2.811523e-11,2.064763e-09,2.064763e-11
1.343094e+01,2.873230e-11,2.091313e-09,2.091313e-11
1.343345e+01,2.933892e-11,2.106950e-09,2.106950e-11
1.343596e+01,2.991697e-11,2.111557e-09,2.111557e-11
1.343848e+01,3.044800e-11,2.105248e-09,2.105248e-11
1.344099e+01,3.091325e-11,2.088335e-09,2.088335e-11
1.344350e+01,3.129576e-11,2.061322e-09,2.061322e-11
1.344602e+01,3.158015e-11,2.024887e-09,2.024887e-11
1.344853e+01,3.175212e-11,1.979837e-09,1.979837e-11
1.345104e+01,3.180050e-11,1.927090e-09,1.927090e-11
1.345356e+01,3.171722e-11,1.867644e-09,1.867644e-11
1.345607e+01,3.149706e-11,1.802547e-09,1.802547e-11
1.345858e+01,3.113844e-11,1.732884e-09,1.732884e-11
1.346110e+01,3.064325e-11,1.659742e-09,1.659742e-11
1.346361e+01,3.001693e-11,1.584198e-09,1.584198e-11
1.346612e+01,2.926865e-11,1.507300e-09,1.507300e-11
1.346864e+01,2.841035e-11,1.430057e-09,1.430057e-11
1.347115e+01,2.745693e-11,1.353428e-09,1.353428e-11
1.347366e+01,2.642626e-11,1.278332e-09,1.278332e-11
1.347618e+01,2.533747e-11,1.205636e-09,1.205636e-11
1.347869e+01,2.421096e-11,1.136152e-09,1.136152e-11
1.348120e+01,2.306884e-11,1.070641e-09,1.070641e-11
1.348372e+01,2.193312e-11,1.009789e-09,1.009789e-11
1.348623e+01,2.082473e-11,9.541914e-10,9.541914e-12
1.348874e+01,1.976414e-11,9.043630e-10,9.043630e-12
1.349126e+01,1.876995e-11,8.607128e-10,8.607128e-12
1.349377e+01,1.785843e-11,8.235292e-10,8.235292e-12
1.349628e+01,1.704379e-11,7.930061e-10,7.930061e-12
1.349880e+01,1.633704e-11,7.692572e-10,7.692572e-12
1.350131e+01,1.574592e-11,7.523326e-10,7.523326e-12
1.350382e+01,1.527534e-11,7.422671e-10,7.422671e-12
1.350634e+01,1.492702e-11,7.390982e-10,7.390982e-12
1.350885e+01,1.469922e-11,7.428435e-10,7.428435e-12
1.351136e+01,1.458733e-11,7.534747e-10,7.534747e-12
1.351387e+01,1.458420e-11,7.708631e-10,7.708631e-12
1.351639e+01,1.468003e-11,7.947046e-10,7.947046e-12
1.351890e+01,1.486304e-11,8.244680e-10,8.244680e-12
1.352141e+01,1.512008e-11,8.593609e-10,8.593609e-12
1.352393e+01,1.543662e-11,8.983203e-10,8.983203e-12
1.352644e+01,1.579718e-11,9.400440e-10,9.400440e-12
1.352895e+01,1.618604e-11,9.830405e-10,9.830405e-12
1.353147e+01,1.658730e-11,1.025692e-09,1.025692e-11
1.353398e+01,1.698570e-11,1.066325e-09,1.066325e-11
1.353649e+01,1.736700e-11,1.103274e-09,1.103274e-11
1.353901e+01,1.771778e-11,1.134942e-09,1.134942e-11
1.354152e+01,1.802591e-11,1.159871e-09,1.159871e-11
1.354403e+01,1.828138e-11,1.176796e-09,1.176796e-11
1.354655e+01,1.847623e-11,1.184691e-09,1.184691e-11
1.354906e+01,1.860457e-11,1.182826e-09,1.182826e-11
1.355157e+01,1.866322e-11,1.170801e-09,1.170801e-11
1.355409e+01,1.865181e-11,1.148587e-09,1.148587e-11
1.355660e+01,1.857274e-11,1.116552e-09,1.116552e-11
1.355911e+01,1.843170e-11,1.075478e-09,1.075478e-11
1.356163e+01,1.823700e-11,1.026579e-09,1.026579e-11
1.356414e+01,1.799936e-11,9.714955e-10,9.714955e-12
1.356665e+01,1.773291e-11,9.122932e-10,9.122932e-12
1.356917e+01,1.745378e-11,8.514261e-10,8.514261e-12
1.357168e+01,1.717969e-11,7.916664e-10,7.916664e-12
1.357419e+01,1.692991e-11,7.359750e-10,7.359750e-12
1.357671e+01,1.672413e-11,6.872845e-10,6.872845e-12
1.357922e+01,1.658226e-11,6.481613e-10,6.481613e-12
1.358173e+01,1.652295e-11,6.203856e-10,6.203856e-12
1.358425e+01,1.656324e-11,6.046088e-10,6.046088e-12
1.358676e+01,1.671788e-11,6.002815e-10,6.002815e-12
1.358927e+01,1.699815e-11,6.059573e-10,6.059573e-12
1.359179e+01,1.741177e-11,6.198557e-10,6.198557e-12
1.359430e+01,1.796201e-11,6.404175e-10,6.404175e-12
1.359681e+01,1.864749e-11,6.666318e-10,6.666318e-12
1.359933e+01,1.946235e-11,6.980706e-10,6.980706e-12
1.360184e+01,2.039577e-11,7.347348e-10,7.347348e-12
1.360435e+01,2.143243e-11,7.767897e-10,7.767897e-12
1.360687e+01,2.255362e-11,8.242480e-10,8.242480e-12
1.360938e+01,2.373707e-11,8.767501e-10,8.767501e-12
1.361189e+01,2.495817e-11,9.334760e-10,9.334760e-12
1.361441e+01,2.619142e-11,9.931498e-10,9.931498e-12
1.361692e+01,2.741068e-11,1.054145e-09,1.054145e-11
1.361943e+01,2.859058e-11,1.114657e-09,1.114657e-11
1.362195e+01,2.970751e-11,1.172885e-09,1.172885e-11
1.362446e+01,3.074058e-11,1.227200e-09,1.227200e-11
1.362697e+01,3.167236e-11,1.276268e-09,1.276268e-11
1.362949e+01,3.248906e-11,1.319151e-09,1.319151e-11
1.363200e+01,3.318134e-11,1.355379e-09,1.355379e-11
1.363451e+01,3.374496e-11,1.384982e-09,1.384982e-11
1.363703e+01,3.417936e-11,1.408451e-09,1.408451e-11
1.363954e+01,3.448773e-11,1.426698e-09,1.426698e-11
1.364205e+01,3.467831e-11,1.440980e-09,1.440980e-11
1.364457e+01,3.476166e-11,1.452767e-09,1.452767e-11
1.364708e+01,3.474989e-11,1.463580e-09,1.463580e-11
1.364959e+01,3.465698e-11,1.474853e-09,1.474853e-11
1.365211e+01,3.449763e-11,1.487792e-09,1.487792e-11
1.365462e+01,3.428640e-11,1.503235e-09,1.503235e-11
1.365713e+01,3.403671e-11,1.521576e-09,1.521576e-11
1.365964e+01,3.376058e-11,1.542756e-09,1.542756e-11
1.366216e+01,3.346816e-11,1.566297e-09,1.566297e-11
1.366467e+01,3.316756e-11,1.591377e-09,1.591377e-11
1.366718e+01,3.286478e-11,1.616926e-09,1.616926e-11
1.366970e+01,3.256361e-11,1.641738e-09,1.641738e-11
1.367221e+01,3.226599e-11,1.664570e-09,1.664570e-11
1.367472e+01,3.197246e-11,1.684218e-09,1.684218e-11
1.367724e+01,3.168213e-11,1.699580e-09,1.699580e-11
1.367975e+01,3.139342e-11,1.709698e-09,1.709698e-11
1.368226e+01,3.110481e-11,1.713794e-09,1.713794e-11
1.368478e+01,3.081459e-11,1.711285e-09,1.711285e-11
1.368729e+01,3.052138e-11,1.701792e-09,1.701792e-11
1.368980e+01,3.022466e-11,1.685144e-09,1.685144e-11
1.369232e+01,2.992448e-11,1.661389e-09,1.661389e-11
1.369483e+01,2.962152e-11,1.630807e-09,1.630807e-11
1.369734e+01,2.931783e-11,1.593907e-09,1.593907e-11
1.369986e+01,2.901603e-11,1.551434e-09,1.551434e-11
1.370237e+01,2.871890e-11,1.504363e-09,1.504363e-11
1.370488e+01,2.842937e-11,1.453886e-09,1.453886e-11
1.370740e+01,2.815056e-11,1.401400e-09,1.401400e-11
1.370991e+01,2.788552e-11,1.348477e-09,1.348477e-11
1.371242e+01,2.763612e-11,1.296794e-09,1.296794e-11
1.371494e+01,2.740351e-11,1.248047e-09,1.248047e-11
1.371745e+01,2.718818e-11,1.203848e-09,1.203848e-11
1.371996e+01,2.698956e-11,1.165575e-09,1.165575e-11
1.372248e+01,2.680585e-11,1.134216e-09,1.134216e-11
1.372499e+01,2.663418e-11,1.110264e-09,1.110264e-11
1.372750e+01,2.647141e-11,1.093644e-09,1.093644e-11
1.373002e+01,2.631351e-11,1.083724e-09,1.083724e-11
1.373253e+01,2.615604e-11,1.079415e-09,1.079415e-11
1.373504e+01,2.599463e-11,1.079344e-09,1.079344e-11
1.373756e+01,2.582533e-11,1.082042e-09,1.082042e-11
1.374007e+01,2.564520e-11,1.086119e-09,1.086119e-11
1.374258e+01,2.545193e-11,1.090392e-09,1.090392e-11
1.374510e+01,2.524449e-11,1.093962e-09,1.093962e-11
1.374761e+01,2.502311e-11,1.096235e-09,1.096235e-11
1.375012e+01,2.478943e-11,1.096923e-09,1.096923e-11
1.375264e+01,2.454703e-11,1.096026e-09,1.096026e-11
1.375515e+01,2.430086e-11,1.093761e-09,1.093761e-11
1.375766e+01,2.405677e-11,1.090475e-09,1.090475e-11
1.376018e+01,2.382205e-11,1.086604e-09,1.086604e-11
1.376269e+01,2.360499e-11,1.082632e-09,1.082632e-11
1.376520e+01,2.341390e-11,1.079054e-09,1.079054e-11
1.376772e+01,2.325725e-11,1.076387e-09,1.076387e-11
1.377023e+01,2.314349e-11,1.075189e-09,1.075189e-11
1.377274e+01,2.308004e-11,1.076099e-09,1.076099e-11
1.377526e+01,2.307281e-11,1.079883e-09,1.079883e-11
1.377777e+01,2.312608e-11,1.087450e-09,1.087450e-11
1.378028e+01,2.324219e-11,1.099817e-09,1.099817e-11
1.378280e+01,2.342118e-11,1.118047e-09,1.118047e-11
1.378531e+01,2.366080e-11,1.143094e-09,1.143094e-11
1.378782e+01,2.395601e-11,1.175620e-09,1.175620e-11
1.379034e+01,2.429888e-11,1.215812e-09,1.215812e-11
1.379285e+01,2.467932e-11,1.263264e-09,1.263264e-11
1.379536e+01,2.508524e-11,1.316932e-09,1.316932e-11
1.379787e+01,2.550343e-11,1.375162e-09,1.375162e-11
1.380039e+01,2.591935e-11,1.435799e-09,1.435799e-11
1.380290e+01,2.631781e-11,1.496354e-09,1.496354e-11
1.380541e+01,2.668461e-11,1.554192e-09,1.554192e-11
1.380793e+01,2.700657e-11,1.606701e-09,1.606701e-11
1.381044e+01,2.727246e-11,1.651454e-09,1.651454e-11
1.381295e+01,2.747350e-11,1.686349e-09,1.686349e-11
1.381547e+01,2.760424e-11,1.709735e-09,1.709735e-11
1.381798e+01,2.766305e-11,1.720513e-09,1.720513e-11
1.382049e+01,2.765172e-11,1.718205e-09,1.718205e-11
1.382301e+01,2.757606e-11,1.703008e-09,1.703008e-11
1.382552e+01,2.744650e-11,1.675846e-09,1.675846e-11
1.382803e+01,2.727714e-11,1.638382e-09,1.638382e-11
1.383055e+01,2.708471e-11,1.593001e-09,1.593001e-11
1.383306e+01,2.688829e-11,1.542772e-09,1.542772e-11
1.383557e+01,2.670880e-11,1.491383e-09,1.491383e-11
1.383809e+01,2.656832e-11,1.442995e-09,1.442995e-11
1.384060e+01,2.648821e-11,1.401983e-09,1.401983e-11
1.384311e+01,2.648814e-11,1.372563e-09,1.372563e-11
1.384563e+01,2.658562e-11,1.358318e-09,1.358318e-11
1.384814e+01,2.679505e-11,1.361710e-09,1.361710e-11
1.385065e+01,2.712680e-11,1.383739e-09,1.383739e-11
1.385317e+01,2.758644e-11,1.423896e-09,1.423896e-11
1.385568e+01,2.817505e-11,1.480430e-09,1.480430e-11
1.385819e+01,2.888818e-11,1.550796e-09,1.550796e-11
1.386071e+01,2.971661e-11,1.632114e-09,1.632114e-11
1.386322e+01,3.064709e-11,1.721515e-09,1.721515e-11
1.386573e+01,3.166189e-11,1.816334e-09,1.816334e-11
1.386825e+01,3.274028e-11,1.914187e-09,1.914187e-11
1.387076e+01,3.385890e-11,2.012980e-09,2.012980e-11
1.387327e+01,3.499283e-11,2.110880e-09,2.110880e-11
1.387579e+01,3.611696e-11,2.206273e-09,2.206273e-11
1.387830e+01,3.720676e-11,2.297731e-09,2.297731e-11
1.388081e+01,3.823895e-11,2.383990e-09,2.383990e-11
1.388333e+01,3.919234e-11,2.463936e-09,2.463936e-11
1.388584e+01,4.004875e-11,2.536603e-09,2.536603e-11
1.388835e+01,4.079268e-11,2.601170e-09,2.601170e-11
1.389087e+01,4.141223e-11,2.656952e-09,2.656952e-11
1.389338e+01,4.189926e-11,2.703404e-09,2.703404e-11
1.389589e+01,4.224909e-11,2.740114e-09,2.740114e-11
1.389841e+01,4.246032e-11,2.766801e-09,2.766801e-11
1.390092e+01,4.253442e-11,2.783295e-09,2.783295e-11
1.390343e+01,4.247530e-11,2.789532e-09,2.789532e-11
1.390595e+01,4.228868e-11,2.785552e-09,2.785552e-11
1.390846e+01,4.198193e-11,2.771492e-09,2.771492e-11
1.391097e+01,4.156311e-11,2.747580e-09,2.747580e-11
1.391349e+01,4.104080e-11,2.714138e-09,2.714138e-11
1.391600e+01,4.042409e-11,2.671580e-09,2.671580e-11
1.391851e+01,3.972112e-11,2.620416e-09,2.620416e-11
1.392103e+01,3.893950e-11,2.561250e-09,2.561250e-11
1.392354e+01,3.808710e-11,2.494777e-09,2.494777e-11
1.392605e+01,3.717102e-11,2.421784e-09,2.421784e-11
1.392857e+01,3.619770e-11,2.343130e-09,2.343130e-11
1.393108e+01,3.517306e-11,2.259742e-09,2.259742e-11
1.393359e+01,3.410304e-11,2.172596e-09,2.172596e-11
1.393611e+01,3.299387e-11,2.082693e-09,2.082693e-11
1.393862e+01,3.185224e-11,1.991040e-09,1.991040e-11
1.394113e+01,3.068546e-11,1.898626e-09,1.898626e-11
1.394364e+01,2.950115e-11,1.806405e-09,1.806405e-11
1.394616e+01,2.830796e-11,1.715278e-09,1.715278e-11
1.394867e+01,2.711504e-11,1.626079e-09,1.626079e-11
1.395118e+01,2.593231e-11,1.539565e-09,1.539565e-11
1.395370e+01,2.477063e-11,1.456404e-09,1.456404e-11
1.395621e+01,2.364041e-11,1.377172e-09,1.377172e-11
1.395872e+01,2.255247e-11,1.302354e-09,1.302354e-11
1.396124e+01,2.151765e-11,1.232339e-09,1.232339e-11
1.396375e+01,2.054535e-11,1.167411e-09,1.167411e-11
1.396626e+01,1.964455e-11,1.107751e-09,1.107751e-11
1.396878e+01,1.882306e-11,1.053424e-09,1.053424e-11
1.397129e+01,1.808661e-11,1.004374e-09,1.004374e-11
1.397380e+01,1.743921e-11,9.604304e-10,9.604304e-12
1.397632e+01,1.688270e-11,9.213041e-10,9.213041e-12
1.397883e+01,1.641682e-11,8.865999e-10,8.865999e-12
1.398134e+01,1.603877e-11,8.558314e-10,8.558314e-12
1.398386e+01,1.574347e-11,8.284481e-10,8.284481e-12
1.398637e+01,1.552389e-11,8.038637e-10,8.038637e-12
1.398888e+01,1.537098e-11,7.814835e-10,7.814835e-12
1.399140e+01,1.527390e-11,7.607294e-10,7.607294e-12
1.399391e+01,1.522060e-11,7.410632e-10,7.410632e-12
1.399642e+01,1.519872e-11,7.220075e-10,7.220075e-12
1.399894e+01,1.519505e-11,7.031615e-10,7.031615e-12
1.400145e+01,1.519712e-11,6.842139e-10,6.842139e-12
1.400396e+01,1.519357e-11,6.649439e-10,6.649439e-12
1.400648e+01,1.517341e-11,6.452233e-10,6.452233e-12
1.400899e+01,1.512810e-11,6.250320e-10,6.250320e-12
1.401150e+01,1.505143e-11,6.044564e-10,6.044564e-12
1.401402e+01,1.493914e-11,5.836780e-10,5.836780e-12
1.401653e+01,1.478971e-11,5.629734e-10,5.629734e-12
1.401904e+01,1.460436e-11,5.427014e-10,5.427014e-12
1.402156e+01,1.438698e-11,5.232798e-10,5.232798e-12
1.402407e+01,1.414372e-11,5.051466e-10,5.051466e-12
1.402658e+01,1.388217e-11,4.887058e-10,4.887058e-12
1.402910e+01,1.361228e-11,4.743043e-10,4.743043e-12
1.403161e+01,1.334559e-11,4.621920e-10,4.621920e-12
1.403412e+01,1.309346e-11,4.524588e-10,4.524588e-12
1.403664e+01,1.286783e-11,4.450485e-10,4.450485e-12
1.403915e+01,1.268044e-11,4.397990e-10,4.397990e-12
1.404166e+01,1.254180e-11,4.364652e-10,4.364652e-12
1.404418e+01,1.246132e-11,4.347964e-10,4.347964e-12
1.404669e+01,1.244713e-11,4.346140e-10,4.346140e-12
1.404920e+01,1.250462e-11,4.358597e-10,4.358597e-12
1.405172e+01,1.263659e-11,4.386557e-10,4.386557e-12
1.405423e+01,1.284433e-11,4.433455e-10,4.433455e-12
1.405674e+01,1.312684e-11,4.504776e-10,4.504776e-12
1.405926e+01,1.348052e-11,4.607357e-10,4.607357e-12
1.406177e+01,1.389959e-11,4.748452e-10,4.748452e-12
1.406428e+01,1.437659e-11,4.934919e-10,4.934919e-12
1.406680e+01,1.490319e-11,5.172186e-10,5.172186e-12
1.406931e+01,1.546967e-11,5.463152e-10,5.463152e-12
1.407182e+01,1.606580e-11,5.807893e-10,5.807893e-12
1.407434e+01,1.668156e-11,6.203901e-10,6.203901e-12
1.407685e+01,1.730645e-11,6.646446e-10,6.646446e-12
1.407936e+01,1.793077e-11,7.129227e-10,7.129227e-12
1.408187e+01,1.854584e-11,7.644997e-10,7.644997e-12
1.408439e+01,1.914385e-11,8.186052e-10,8.186052e-12
1.408690e+01,1.971827e-11,8.744660e-10,8.744660e-12
1.408941e+01,2.026367e-11,9.313311e-10,9.313311e-12
1.409193e+01,2.077555e-11,9.884871e-10,9.884871e-12
1.409444e+01,2.125069e-11,1.045271e-09,1.045271e-11
1.409695e+01,2.168709e-11,1.101077e-09,1.101077e-11
1.409947e+01,2.208348e-11,1.155351e-09,1.155351e-11
1.410198e+01,2.243930e-11,1.207586e-09,1.207586e-11
1.410449e+01,2.275450e-11,1.257326e-09,1.257326e-11
1.410701e+01,2.302957e-11,1.304161e-09,1.304161e-11
1.410952e+01,2.326527e-11,1.347724e-09,1.347724e-11
1.411203e+01,2.346239e-11,1.387686e-09,1.387686e-11
1.411455e+01,2.362175e-11,1.423750e-09,1.423750e-11
1.411706e+01,2.374426e-11,1.455654e-09,1.455654e-11
1.411957e+01,2.383061e-11,1.483180e-09,1.483180e-11
1.412209e+01,2.388141e-11,1.506151e-09,1.506151e-11
1.412460e+01,2.389699e-11,1.524430e-09,1.524430e-11
1.412711e+01,2.387741e-11,1.537928e-09,1.537928e-11
1.412963e+01,2.382283e-11,1.546599e-09,1.546599e-11
1.413214e+01,2.373294e-11,1.550444e-09,1.550444e-11
1.413465e+01,2.360714e-11,1.549501e-09,1.549501e-11
1.413717e+01,2.344513e-11,1.543844e-09,1.543844e-11
1.413968e+01,2.324594e-11,1.533576e-09,1.533576e-11
1.414219e+01,2.300868e-11,1.518815e-09,1.518815e-11
1.414471e+01,2.273263e-11,1.499688e-09,1.499688e-11
1.414722e+01,2.241652e-11,1.476318e-09,1.476318e-11
1.414973e+01,2.205933e-11,1.448814e-09,1.448814e-11
1.415225e+01,2.166016e-11,1.417275e-09,1.417275e-11
1.415476e+01,2.121815e-11,1.381796e-09,1.381796e-11
1.415727e+01,2.073278e-11,1.342463e-09,1.342463e-11
1.415979e+01,2.020395e-11,1.299372e-09,1.299372e-11
1.416230e+01,1.963236e-11,1.252634e-09,1.252634e-11
1.416481e+01,1.901885e-11,1.202395e-09,1.202395e-11
1.416733e+01,1.836501e-11,1.148850e-09,1.148850e-11
1.416984e+01,1.767382e-11,1.092258e-09,1.092258e-11
1.417235e+01,1.694888e-11,1.032954e-09,1.032954e-11
1.417487e+01,1.619461e-11,9.713485e-10,9.713485e-12
1.417738e+01,1.541673e-11,9.079411e-10,9.079411e-12
1.417989e+01,1.462156e-11,8.433090e-10,8.433090e-12
1.418241e+01,1.381621e-11,7.780992e-10,7.780992e-12
1.418492e+01,1.300865e-11,7.130212e-10,7.130212e-12
1.418743e+01,1.220739e-11,6.488338e-10,6.488338e-12
1.418995e+01,1.142125e-11,5.863237e-10,5.863237e-12
1.419246e+01,1.065908e-11,5.262850e-10,5.262850e-12
1.419497e+01,9.929470e-12,4.695016e-10,4.695016e-12
1.419749e+01,9.240449e-12,4.167271e-10,4.167271e-12
1.420000e+01,8.599739e-12,3.686597e-10,3.686597e-12
1.420251e+01,8.014183e-12,3.259081e-10,3.259081e-12
1.420503e+01,7.489480e-12,2.889381e-10,2.889381e-12
1.420754e+01,7.030111e-12,2.580115e-10,2.580115e-12
1.421005e+01,6.639097e-12,2.331197e-10,2.331197e-12
1.421257e+01,6.318228e-12,2.139273e-10,2.139273e-12
1.421508e+01,6.068029e-12,1.997933e-10,1.997933e-12
1.421759e+01,5.887492e-12,1.898711e-10,1.898711e-12
1.422010e+01,5.774060e-12,1.832642e-10,1.832642e-12
1.422262e+01,5.724025e-12,1.792022e-10,1.792022e-12
1.422513e+01,5.732370e-12,1.771484e-10,1.771484e-12
1.422764e+01,5.793337e-12,1.768162e-10,1.768162e-12
1.423016e+01,5.900172e-12,1.781149e-10,1.781149e-12
1.423267e+01,6.045080e-12,1.810458e-10,1.810458e-12
1.423518e+01,6.220380e-12,1.856194e-10,1.856194e-12
1.423770e+01,6.417907e-12,1.917817e-10,1.917817e-12
1.424021e+01,6.629164e-12,1.993497e-10,1.993497e-12
1.424272e+01,6.845950e-12,2.080368e-10,2.080368e-12
1.424524e+01,7.060771e-12,2.174978e-10,2.174978e-12
1.424775e+01,7.266509e-12,2.273575e-10,2.273575e-12
1.425026e+01,7.456841e-12,2.372749e-10,2.372749e-12
1.425278e+01,7.626827e-12,2.469744e-10,2.469744e-12
1.425529e+01,7.772695e-12,2.562568e-10,2.562568e-12
1.425780e+01,7.892420e-12,2.650285e-10,2.650285e-12
1.426032e+01,7.985462e-12,2.732805e-10,2.732805e-12
1.426283e+01,8.053134e-12,2.810451e-10,2.810451e-12
1.426534e+01,8.098813e-12,2.883888e-10,2.883888e-12
1.426786e+01,8.128246e-12,2.954099e-10,2.954099e-12
1.427037e+01,8.149138e-12,3.021841e-10,3.021841e-12
1.427288e+01,8.170404e-12,3.087107e-10,3.087107e-12
1.427540e+01,8.202761e-12,3.149483e-10,3.149483e-12
1.427791e+01,8.258436e-12,3.208673e-10,3.208673e-12
1.428042e+01,8.350523e-12,3.264724e-10,3.264724e-12
1.428294e+01,8.493051e-12,3.318850e-10,3.318850e-12
1.428545e+01,8.699829e-12,3.374616e-10,3.374616e-12
1.428796e+01,8.983794e-12,3.438829e-10,3.438829e-12
1.429048e+01,9.357423e-12,3.522402e-10,3.522402e-12
1.429299e+01,9.831528e-12,3.640802e-10,3.640802e-12
1.429550e+01,1.041462e-11,3.812920e-10,3.812920e-12
1.429802e+01,1.111252e-11,4.058601e-10,4.058601e-12
1.430053e+01,1.192841e-11,4.395455e-10,4.395455e-12
1.430304e+01,1.286234e-11,4.835364e-10,4.835364e-12
1.430556e+01,1.391015e-11,5.382584e-10,5.382584e-12
1.430807e+01,1.506413e-11,6.034181e-10,6.034181e-12
1.431058e+01,1.631393e-11,6.781418e-10,6.781418e-12
1.431310e+01,1.764539e-11,7.611286e-10,7.611286e-12
1.431561e+01,1.904033e-11,8.507992e-10,8.507992e-12
1.431812e+01,2.047872e-11,9.454069e-10,9.454069e-12
1.432064e+01,2.193807e-11,1.043098e-09,1.043098e-11
1.432315e+01,2.339397e-11,1.141962e-09,1.141962e-11
1.432566e+01,2.482152e-11,1.240087e-09,1.240087e-11
1.432818e+01,2.619515e-11,1.335593e-09,1.335593e-11
1.433069e+01,2.748988e-11,1.426679e-09,1.426679e-11
1.433320e+01,2.868193e-11,1.511662e-09,1.511662e-11
1.433572e+01,2.974940e-11,1.589011e-09,1.589011e-11
1.433823e+01,3.067306e-11,1.657387e-09,1.657387e-11
1.434074e+01,3.143703e-11,1.715673e-09,1.715673e-11
1.434326e+01,3.202942e-11,1.762990e-09,1.762990e-11
1.434577e+01,3.244203e-11,1.798705e-09,1.798705e-11
1.434828e+01,3.267093e-11,1.822445e-09,1.822445e-11
1.435080e+01,3.271710e-11,1.834095e-09,1.834095e-11
1.435331e+01,3.258569e-11,1.833783e-09,1.833783e-11
1.435582e+01,3.228639e-11,1.821872e-09,1.821872e-11
1.435834e+01,3.183315e-11,1.798926e-09,1.798926e-11
1.436085e+01,3.124279e-11,1.765688e-09,1.765688e-11
1.436336e+01,3.053488e-11,1.723056e-09,1.723056e-11
1.436587e+01,2.973205e-11,1.672068e-09,1.672068e-11
1.436839e+01,2.885796e-11,1.613863e-09,1.613863e-11
1.437090e+01,2.793668e-11,1.549669e-09,1.549669e-11
1.437341e+01,2.699259e-11,1.480798e-09,1.480798e-11
1.437593e+01,2.604858e-11,1.408646e-09,1.408646e-11
1.437844e+01,2.512554e-11,1.334692e-09,1.334692e-11
1.438095e+01,2.424261e-11,1.260505e-09,1.260505e-11
1.438347e+01,2.341516e-11,1.187752e-09,1.187752e-11
1.438598e+01,2.265477e-11,1.118181e-09,1.118181e-11
1.438849e+01,2.196980e-11,1.053586e-09,1.053586e-11
1.439101e+01,2.136452e-11,9.957266e-10,9.957266e-12
1.439352e+01,2.083956e-11,9.461721e-10,9.461721e-12
1.439603e+01,2.039185e-11,9.061176e-10,9.061176e-12
1.439855e+01,2.001503e-11,8.761714e-10,8.761714e-12
1.440106e+01,1.970073e-11,8.561898e-10,8.561898e-12
1.440357e+01,1.943870e-11,8.452268e-10,8.452268e-12
1.440609e+01,1.921713e-11,8.416501e-10,8.416501e-12
1.440860e+01,1.902452e-11,8.433880e-10,8.433880e-12
1.441111e+01,1.884972e-11,8.482201e-10,8.482201e-12
1.441363e+01,1.868268e-11,8.540452e-10,8.540452e-12
1.441614e+01,1.851564e-11,8.590717e-10,8.590717e-12
1.441865e+01,1.834246e-11,8.619254e-10,8.619254e-12
1.442117e+01,1.815991e-11,8.616972e-10,8.616972e-12
1.442368e+01,1.796759e-11,8.579430e-10,8.579430e-12
1.442619e+01,1.776770e-11,8.506528e-10,8.506528e-12
1.442871e+01,1.756483e-11,8.401878e-10,8.401878e-12
1.443122e+01,1.736526e-11,8.272074e-10,8.272074e-12
1.443373e+01,1.717707e-11,8.126120e-10,8.126120e-12
1.443625e+01,1.700926e-11,7.974592e-10,7.974592e-12
1.443876e+01,1.687076e-11,7.828715e-10,7.828715e-12
1.444127e+01,1.676992e-11,7.699619e-10,7.699619e-12
1.444379e+01,1.671379e-11,7.597571e-10,7.597571e-12
1.444630e+01,1.670776e-11,7.531226e-10,7.531226e-12
1.444881e+01,1.675493e-11,7.506995e-10,7.506995e-12
1.445133e+01,1.685563e-11,7.528535e-10,7.528535e-12
1.445384e+01,1.700730e-11,7.596576e-10,7.596576e-12
1.445635e+01,1.720484e-11,7.709059e-10,7.709059e-12
1.445887e+01,1.744067e-11,7.861346e-10,7.861346e-12
1.446138e+01,1.770517e-11,8.046531e-10,8.046531e-12
1.446389e+01,1.798697e-11,8.256049e-10,8.256049e-12
1.446641e+01,1.827350e-11,8.480332e-10,8.480332e-12
1.446892e+01,1.855189e-11,8.709359e-10,8.709359e-12
1.447143e+01,1.880914e-11,8.933208e-10,8.933208e-12
1.447395e+01,1.903355e-11,9.142683e-10,9.142683e-12
1.447646e+01,1.921526e-11,9.329770e-10,9.329770e-12
1.447897e+01,1.934561e-11,9.487900e-10,9.487900e-12
1.448149e+01,1.941854e-11,9.612266e-10,9.612266e-12
1.448400e+01,1.943110e-11,9.699997e-10,9.699997e-12
1.448651e+01,1.938274e-11,9.750113e-10,9.750113e-12
1.448903e+01,1.927528e-11,9.763438e-10,9.763438e-12
1.449154e+01,1.911325e-11,9.742439e-10,9.742439e-12
1.449405e+01,1.890336e-11,9.690918e-10,9.690918e-12
1.449657e+01,1.865388e-11,9.613637e-10,9.613637e-12
1.449908e+01,1.837417e-11,9.515960e-10,9.515960e-12
1.450159e+01,1.807425e-11,9.403526e-10,9.403526e-12
1.450410e+01,1.776451e-11,9.281898e-10,9.281898e-12
1.450662e+01,1.745503e-11,9.156277e-10,9.156277e-12
1.450913e+01,1.715522e-11,9.031309e-10,9.031309e-12
1.451164e+01,1.687338e-11,8.910988e-10,8.910988e-12
1.451416e+01,1.661647e-11,8.798635e-10,8.798635e-12
1.451667e+01,1.639007e-11,8.696908e-10,8.696908e-12
1.451918e+01,1.619808e-11,8.607846e-10,8.607846e-12
1.452170e+01,1.604296e-11,8.532931e-10,8.532931e-12
1.452421e+01,1.592597e-11,8.473128e-10,8.473128e-12
1.452672e+01,1.584647e-11,8.428914e-10,8.428914e-12
1.452924e+01,1.580311e-11,8.400313e-10,8.400313e-12
1.453175e+01,1.579372e-11,8.386872e-10,8.386872e-12
1.453426e+01,1.581481e-11,8.387666e-10,8.387666e-12
1.453678e+01,1.586272e-11,8.401331e-10,8.401331e-12
1.453929e+01,1.593347e-11,8.426105e-10,8.426105e-12
1.454180e+01,1.602312e-11,8.459868e-10,8.459868e-12
1.454432e+01,1.612706e-11,8.500159e-10,8.500159e-12
1.454683e+01,1.624067e-11,8.544281e-10,8.544281e-12
1.454934e+01,1.635981e-11,8.589434e-10,8.589434e-12
1.455186e+01,1.648020e-11,8.632791e-10,8.632791e-12
1.455437e+01,1.659773e-11,8.671528e-10,8.671528e-12
1.455688e+01,1.670814e-11,8.702898e-10,8.702898e-12
1.455940e+01,1.680763e-11,8.724293e-10,8.724293e-12
1.456191e+01,1.689231e-11,8.733285e-10,8.733285e-12
1.456442e+01,1.695880e-11,8.727710e-10,8.727710e-12
1.456694e+01,1.700387e-11,8.705671e-10,8.705671e-12
1.456945e+01,1.702408e-11,8.665539e-10,8.665539e-12
1.457196e+01,1.701691e-11,8.606042e-10,8.606042e-12
1.457448e+01,1.698019e-11,8.526319e-10,8.526319e-12
1.457699e+01,1.691216e-11,8.425909e-10,8.425909e-12
1.457950e+01,1.681190e-11,8.304754e-10,8.304754e-12
1.458202e+01,1.667969e-11,8.163283e-10,8.163283e-12
1.458453e+01,1.651648e-11,8.002370e-10,8.002370e-12
1.458704e+01,1.632372e-11,7.823187e-10,7.823187e-12
1.458956e+01,1.610426e-11,7.627309e-10,7.627309e-12
1.459207e+01,1.586207e-11,7.416800e-10,7.416800e-12
1.459458e+01,1.560131e-11,7.194010e-10,7.194010e-12
1.459710e+01,1.532704e-11,6.961536e-10,6.961536e-12
1.459961e+01,1.504515e-11,6.722310e-10,6.722310e-12
1.460212e+01,1.476076e-11,6.479499e-10,6.479499e-12
1.460464e+01,1.447955e-11,6.236492e-10,6.236492e-12
1.460715e+01,1.420725e-11,5.996998e-10,5.996998e-12
1.460966e+01,1.394810e-11,5.764876e-10,5.764876e-12
1.461218e+01,1.370596e-11,5.544036e-10,5.544036e-12
1.461469e+01,1.348416e-11,5.338472e-10,5.338472e-12
1.461720e+01,1.328453e-11,5.151927e-10,5.151927e-12
1.461972e+01,1.310746e-11,4.987612e-10,4.987612e-12
1.462223e+01,1.295291e-11,4.848108e-10,4.848108e-12
1.462474e+01,1.281995e-11,4.734966e-10,4.734966e-12
1.462726e+01,1.270643e-11,4.648394e-10,4.648394e-12
1.462977e+01,1.260955e-11,4.587230e-10,4.587230e-12
1.463228e+01,1.252603e-11,4.549056e-10,4.549056e-12
1.463480e+01,1.245283e-11,4.530483e-10,4.530483e-12
1.463731e+01,1.238664e-11,4.527381e-10,4.527381e-12
1.463982e+01,1.232430e-11,4.535290e-10,4.535290e-12
1.464234e+01,1.226375e-11,4.550055e-10,4.550055e-12
1.464485e+01,1.220366e-11,4.568041e-10,4.568041e-12
1.464736e+01,1.214333e-11,4.586223e-10,4.586223e-12
1.464987e+01,1.208307e-11,4.602441e-10,4.602441e-12
1.465239e+01,1.202439e-11,4.615383e-10,4.615383e-12
1.465490e+01,1.196990e-11,4.624538e-10,4.624538e-12
1.465741e+01,1.192323e-11,4.630125e-10,4.630125e-12
1.465993e+01,1.188854e-11,4.632892e-10,4.632892e-12
1.466244e+01,1.187064e-11,4.634065e-10,4.634065e-12
1.466495e+01,1.187432e-11,4.635291e-10,4.635291e-12
1.466747e+01,1.190414e-11,4.638575e-10,4.638575e-12
1.466998e+01,1.196485e-11,4.646279e-10,4.646279e-12
1.467249e+01,1.205992e-11,4.661061e-10,4.661061e-12
1.467501e+01,1.219153e-11,4.685875e-10,4.685875e-12
1.467752e+01,1.236135e-11,4.723876e-10,4.723876e-12
1.468003e+01,1.256928e-11,4.778054e-10,4.778054e-12
1.468255e+01,1.281326e-11,4.850783e-10,4.850783e-12
1.468506e+01,1.309013e-11,4.943377e-10,4.943377e-12
1.468757e+01,1.339502e-11,5.055689e-10,5.055689e-12
1.469009e+01,1.372203e-11,5.185903e-10,5.185903e-12
1.469260e+01,1.406441e-11,5.330380e-10,5.330380e-12
1.469511e+01,1.441418e-11,5.483724e-10,5.483724e-12
1.469763e+01,1.476331e-11,5.639322e-10,5.639322e-12
1.470014e+01,1.510442e-11,5.789884e-10,5.789884e-12
1.470265e+01,1.542988e-11,5.927999e-10,5.927999e-12
1.470517e+01,1.573259e-11,6.047033e-10,6.047033e-12
1.470768e+01,1.600725e-11,6.141871e-10,6.141871e-12
1.471019e+01,1.624942e-11,6.209498e-10,6.209498e-12
1.471271e+01,1.645664e-11,6.249690e-10,6.249690e-12
1.471522e+01,1.662852e-11,6.265447e-10,6.265447e-12
1.471773e+01,1.676584e-11,6.263131e-10,6.263131e-12
1.472025e+01,1.687144e-11,6.252433e-10,6.252433e-12
1.472276e+01,1.694982e-11,6.245916e-10,6.245916e-12
1.472527e+01,1.700671e-11,6.258008e-10,6.258008e-12
1.472779e+01,1.704914e-11,6.303375e-10,6.303375e-12
1.473030e+01,1.708471e-11,6.394828e-10,6.394828e-12
1.473281e+01,1.712152e-11,6.541418e-10,6.541418e-12
1.473533e+01,1.716770e-11,6.746977e-10,6.746977e-12
1.473784e+01,1.723044e-11,7.009518e-10,7.009518e-12
1.474035e+01,1.731592e-11,7.322045e-10,7.322045e-12
1.474287e+01,1.742923e-11,7.674144e-10,7.674144e-12
1.474538e+01,1.757388e-11,8.053575e-10,8.053575e-12
1.474789e+01,1.775132e-11,8.447801e-10,8.447801e-12
1.475041e+01,1.796108e-11,8.845177e-10,8.845177e-12
1.475292e+01,1.820061e-11,9.235504e-10,9.235504e-12
1.475543e+01,1.846510e-11,9.610297e-10,9.610297e-12
1.475795e+01,1.874825e-11,9.962817e-10,9.962817e-12
1.476046e+01,1.904211e-11,1.028782e-09,1.028782e-11
1.476297e+01,1.933758e-11,1.058130e-09,1.058130e-11
1.476549e+01,1.962456e-11,1.084012e-09,1.084012e-11
1.476800e+01,1.989247e-11,1.106169e-09,1.106169e-11
1.477051e+01,2.013153e-11,1.124386e-09,1.124386e-11
1.477303e+01,2.033173e-11,1.138479e-09,1.138479e-11
1.477554e+01,2.048429e-11,1.148296e-09,1.148296e-11
1.477805e+01,2.058261e-11,1.153738e-09,1.153738e-11
1.478057e+01,2.062115e-11,1.154763e-09,1.154763e-11
1.478308e+01,2.059647e-11,1.151406e-09,1.151406e-11
1.478559e+01,2.050788e-11,1.143803e-09,1.143803e-11
1.478810e+01,2.035681e-11,1.132193e-09,1.132193e-11
1.479062e+01,2.014704e-11,1.116915e-09,1.116915e-11
1.479313e+01,1.988498e-11,1.098397e-09,1.098397e-11
1.479564e+01,1.957834e-11,1.077119e-09,1.077119e-11
1.479816e+01,1.923673e-11,1.053580e-09,1.053580e-11
1.480067e+01,1.887157e-11,1.028270e-09,1.028270e-11
1.480318e+01,1.849449e-11,1.001624e-09,1.001624e-11
1.480570e+01,1.811749e-11,9.739988e-10,9.739988e-12
1.480821e+01,1.775227e-11,9.456663e-10,9.456663e-12
1.481072e+01,1.741016e-11,9.168233e-10,9.168233e-12
1.481324e+01,1.710131e-11,8.876175e-10,8.876175e-12
1.481575e+01,1.683399e-11,8.581936e-10,8.581936e-12
1.481826e+01,1.661489e-11,8.287523e-10,8.287523e-12
1.482078e+01,1.644839e-11,7.995927e-10,7.995927e-12
1.482329e+01,1.633632e-11,7.711485e-10,7.711485e-12
1.482580e+01,1.627895e-11,7.440203e-10,7.440203e-12
1.482832e+01,1.627430e-11,7.189547e-10,7.189547e-12
1.483083e+01,1.631740e-11,6.967763e-10,6.967763e-12
1.483334e+01,1.640213e-11,6.783084e-10,6.783084e-12
1.483586e+01,1.652087e-11,6.642658e-10,6.642658e-12
1.483837e+01,1.666447e-11,6.551238e-10,6.551238e-12
1.484088e+01,1.682360e-11,6.510114e-10,6.510114e-12
1.484340e+01,1.698804e-11,6.516624e-10,6.516624e-12
1.484591e+01,1.714729e-11,6.564591e-10,6.564591e-12
1.484842e+01,1.729226e-11,6.645324e-10,6.645324e-12
1.485094e+01,1.741405e-11,6.748742e-10,6.748742e-12
1.485345e+01,1.750491e-11,6.864701e-10,6.864701e-12
1.485596e+01,1.755908e-11,6.983990e-10,6.983990e-12
1.485848e+01,1.757160e-11,7.098863e-10,7.098863e-12
1.486099e+01,1.753954e-11,7.203542e-10,7.203542e-12
1.486350e+01,1.746174e-11,7.294265e-10,7.294265e-12
1.486602e+01,1.733873e-11,7.368923e-10,7.368923e-12
1.486853e+01,1.717277e-11,7.426948e-10,7.426948e-12
1.487104e+01,1.696725e-11,7.469026e-10,7.469026e-12
1.487356e+01,1.672716e-11,7.496469e-10,7.496469e-12
1.487607e+01,1.645819e-11,7.510917e-10,7.510917e-12
1.487858e+01,1.616703e-11,7.514304e-10,7.514304e-12
1.488110e+01,1.586138e-11,7.508482e-10,7.508482e-12
1.488361e+01,1.554867e-11,7.494843e-10,7.494843e-12
1.488612e+01,1.523633e-11,7.474445e-10,7.474445e-12
1.488864e+01,1.493231e-11,7.448160e-10,7.448160e-12
1.489115e+01,1.464418e-11,7.416587e-10,7.416587e-12
1.489366e+01,1.437905e-11,7.380110e-10,7.380110e-12
1.489618e+01,1.414356e-11,7.339056e-10,7.339056e-12
1.489869e+01,1.394392e-11,7.293782e-10,7.293782e-12
1.490120e+01,1.378620e-11,7.244897e-10,7.244897e-12
1.490372e+01,1.367596e-11,7.193420e-10,7.193420e-12
1.490623e+01,1.361830e-11,7.140718e-10,7.140718e-12
1.490874e+01,1.361812e-11,7.088582e-10,7.088582e-12
1.491126e+01,1.368012e-11,7.039519e-10,7.039519e-12
1.491377e+01,1.380890e-11,6.996958e-10,6.996958e-12
1.491628e+01,1.400882e-11,6.965445e-10,6.965445e-12
1.491880e+01,1.428451e-11,6.950978e-10,6.950978e-12
1.492131e+01,1.464056e-11,6.961338e-10,6.961338e-12
1.492382e+01,1.508122e-11,7.006268e-10,7.006268e-12
1.492634e+01,1.561072e-11,7.097335e-10,7.097335e-12
1.492885e+01,1.623287e-11,7.247537e-10,7.247537e-12
1.493136e+01,1.695095e-11,7.470598e-10,7.470598e-12
1.493387e+01,1.776753e-11,7.779626e-10,7.779626e-12
1.493639e+01,1.868397e-11,8.185602e-10,8.185602e-12
1.493890e+01,1.970051e-11,8.696381e-10,8.696381e-12
1.494141e+01,2.081610e-11,9.315928e-10,9.315928e-12
1.494393e+01,2.202711e-11,1.004387e-09,1.004387e-11
1.494644e+01,2.332817e-11,1.087592e-09,1.087592e-11
1.494895e+01,2.471197e-11,1.180459e-09,1.180459e-11
1.495147e+01,2.616852e-11,1.281979e-09,1.281979e-11
1.495398e+01,2.768574e-11,1.390934e-09,1.390934e-11
1.495649e+01,2.924940e-11,1.505964e-09,1.505964e-11
1.495901e+01,3.084313e-11,1.625590e-09,1.625590e-11
1.496152e+01,3.244911e-11,1.748251e-09,1.748251e-11
1.496403e+01,3.404816e-11,1.872327e-09,1.872327e-11
1.496655e+01,3.561978e-11,1.996173e-09,1.996173e-11
1.496906e+01,3.714341e-11,2.118139e-09,2.118139e-11
1.497157e+01,3.859896e-11,2.236599e-09,2.236599e-11
1.497409e+01,3.996683e-11,2.349971e-09,2.349971e-11
1.497660e+01,4.122858e-11,2.456740e-09,2.456740e-11
1.497911e+01,4.236737e-11,2.555494e-09,2.555494e-11
1.498163e+01,4.336904e-11,2.644947e-09,2.644947e-11
1.498414e+01,4.422185e-11,2.723952e-09,2.723952e-11
1.498665e+01,4.491639e-11,2.791518e-09,2.791518e-11
1.498917e+01,4.544636e-11,2.846826e-09,2.846826e-11
1.499168e+01,4.580849e-11,2.889248e-09,2.889248e-11
1.499419e+01,4.600250e-11,2.918360e-09,2.918360e-11
1.499671e+01,4.603089e-11,2.933933e-09,2.933933e-11
1.499922e+01,4.589846e-11,2.935928e-09,2.935928e-11
1.500173e+01,4.561223e-11,2.924495e-09,2.924495e-11
1.500425e+01,4.518096e-11,2.899984e-09,2.899984e-11
1.500676e+01,4.461478e-11,2.862918e-09,2.862918e-11
1.500927e+01,4.392495e-11,2.813977e-09,2.813977e-11
1.501179e+01,4.312309e-11,2.753982e-09,2.753982e-11
1.501430e+01,4.222116e-11,2.683882e-09,2.683882e-11
1.501681e+01,4.123144e-11,2.604726e-09,2.604726e-11
1.501933e+01,4.016570e-11,2.517636e-09,2.517636e-11
1.502184e+01,3.903537e-11,2.423788e-09,2.423788e-11
1.502435e+01,3.785156e-11,2.324396e-09,2.324396e-11
1.502687e+01,3.662471e-11,2.220684e-09,2.220684e-11
1.502938e+01,3.536476e-11,2.113848e-09,2.113848e-11
1.503189e+01,3.408135e-11,2.005056e-09,2.005056e-11
1.503441e+01,3.278398e-11,1.895444e-09,1.895444e-11
1.503692e+01,3.148184e-11,1.786090e-09,1.786090e-11
1.503943e+01,3.018376e-11,1.677995e-09,1.677995e-11
1.504195e+01,2.889824e-11,1.572080e-09,1.572080e-11
1.504446e+01,2.763397e-11,1.469192e-09,1.469192e-11
1.504697e+01,2.639973e-11,1.370099e-09,1.370099e-11
1.504949e+01,2.520391e-11,1.275469e-09,1.275469e-11
1.505200e+01,2.405458e-11,1.185858e-09,1.185858e-11
1.505451e+01,2.295939e-11,1.101710e-09,1.101710e-11
1.505703e+01,2.192515e-11,1.023345e-09,1.023345e-11
1.505954e+01,2.095790e-11,9.509629e-10,9.509629e-12
1.506205e+01,2.006302e-11,8.846474e-10,8.846474e-12
1.506457e+01,1.924435e-11,8.243640e-10,8.243640e-12
1.506708e+01,1.850401e-11,7.699790e-10,7.699790e-12
1.506959e+01,1.784296e-11,7.212943e-10,7.212943e-12
1.507210e+01,1.726054e-11,6.780726e-10,6.780726e-12
1.507462e+01,1.675425e-11,6.400573e-10,6.400573e-12
1.507713e+01,1.632011e-11,6.069820e-10,6.069820e-12
1.507964e+01,1.595261e-11,5.785725e-10,5.785725e-12
1.508216e+01,1.564461e-11,5.545334e-10,5.545334e-12
1.508467e+01,1.538827e-11,5.345179e-10,5.345179e-12
1.508718e+01,1.517501e-11,5.181111e-10,5.181111e-12
1.508970e+01,1.499534e-11,5.048081e-10,5.048081e-12
1.509221e+01,1.483939e-11,4.940047e-10,4.940047e-12
1.509472e+01,1.469783e-11,4.850414e-10,4.850414e-12
1.509724e+01,1.456198e-11,4.772492e-10,4.772492e-12
1.509975e+01,1.442361e-11,4.699789e-10,4.699789e-12
1.510226e+01,1.427587e-11,4.626544e-10,4.626544e-12
1.510478e+01,1.411289e-11,4.548252e-10,4.548252e-12
1.510729e+01,1.393016e-11,4.461914e-10,4.461914e-12
1.510980e+01,1.372528e-11,4.366136e-10,4.366136e-12
1.511232e+01,1.349720e-11,4.261150e-10,4.261150e-12
1.511483e+01,1.324652e-11,4.148700e-10,4.148700e-12
1.511734e+01,1.297549e-11,4.031631e-10,4.031631e-12
1.511986e+01,1.268719e-11,3.913417e-10,3.913417e-12
1.512237e+01,1.238597e-11,3.797924e-10,3.797924e-12
1.512488e+01,1.207769e-11,3.689087e-10,3.689087e-12
1.512740e+01,1.176851e-11,3.590174e-10,3.590174e-12
1.512991e+01,1.146460e-11,3.503423e-10,3.503423e-12
1.513242e+01,1.117242e-11,3.430201e-10,3.430201e-12
1.513494e+01,1.089859e-11,3.370975e-10,3.370975e-12
1.513745e+01,1.064928e-11,3.325281e-10,3.325281e-12
1.513996e+01,1.042987e-11,3.292038e-10,3.292038e-12
1.514248e+01,1.024512e-11,3.269910e-10,3.269910e-12
1.514499e+01,1.009933e-11,3.257575e-10,3.257575e-12
1.514750e+01,9.996211e-12,3.253847e-10,3.253847e-12
1.515002e+01,9.938250e-12,3.257689e-10,3.257689e-12
1.515253e+01,9.927433e-12,3.268210e-10,3.268210e-12
1.515504e+01,9.965245e-12,3.284777e-10,3.284777e-12
1.515756e+01,1.005263e-11,3.307125e-10,3.307125e-12
1.516007e+01,1.019015e-11,3.335388e-10,3.335388e-12
1.516258e+01,1.037798e-11,3.370518e-10,3.370518e-12
1.516510e+01,1.061651e-11,3.414790e-10,3.414790e-12
1.516761e+01,1.090568e-11,3.472059e-10,3.472059e-12
1.517012e+01,1.124518e-11,3.548239e-10,3.548239e-12
1.517264e+01,1.163509e-11,3.651549e-10,3.651549e-12
1.517515e+01,1.207522e-11,3.792249e-10,3.792249e-12
1.517766e+01,1.256576e-11,3.981980e-10,3.981980e-12
1.518018e+01,1.310674e-11,4.232270e-10,4.232270e-12
1.518269e+01,1.369714e-11,4.553000e-10,4.553000e-12
1.518520e+01,1.433628e-11,4.951329e-10,4.951329e-12
1.518772e+01,1.502310e-11,5.430792e-10,5.430792e-12
1.519023e+01,1.575578e-11,5.991146e-10,5.991146e-12
1.519274e+01,1.653180e-11,6.628790e-10,6.628790e-12
1.519526e+01,1.734683e-11,7.337306e-10,7.337306e-12
1.519777e+01,1.819640e-11,8.108159e-10,8.108159e-12
1.520028e+01,1.907533e-11,8.931137e-10,8.931137e-12
1.520280e+01,1.997621e-11,9.794585e-10,9.794585e-12
1.520531e+01,2.089101e-11,1.068574e-09,1.068574e-11
1.520782e+01,2.181066e-11,1.159101e-09,1.159101e-11
1.521033e+01,2.272471e-11,1.249615e-09,1.249615e-11
1.521285e+01,2.362187e-11,1.338649e-09,1.338649e-11
1.521536e+01,2.449008e-11,1.424720e-09,1.424720e-11
1.521787e+01,2.531686e-11,1.506352e-09,1.506352e-11
1.522039e+01,2.608927e-11,1.582105e-09,1.582105e-11
1.522290e+01,2.679398e-11,1.650600e-09,1.650600e-11
1.522541e+01,2.741788e-11,1.710552e-09,1.710552e-11
1.522793e+01,2.794851e-11,1.760806e-09,1.760806e-11
1.523044e+01,2.837400e-11,1.800355e-09,1.800355e-11
1.523295e+01,2.868357e-11,1.828369e-09,1.828369e-11
1.523547e+01,2.886790e-11,1.844206e-09,1.844206e-11
1.523798e+01,2.891898e-11,1.847436e-09,1.847436e-11
1.524049e+01,2.883083e-11,1.837855e-09,1.837855e-11
1.524301e+01,2.859993e-11,1.815500e-09,1.815500e-11
1.524552e+01,2.822509e-11,1.780640e-09,1.780640e-11
1.524803e+01,2.770786e-11,1.733785e-09,1.733785e-11
1.525055e+01,2.705292e-11,1.675674e-09,1.675674e-11
1.525306e+01,2.626738e-11,1.607267e-09,1.607267e-11
1.525557e+01,2.536133e-11,1.529734e-09,1.529734e-11
1.525809e+01,2.434805e-11,1.444436e-09,1.444436e-11
1.526060e+01,2.324310e-11,1.352897e-09,1.352897e-11
1.526311e+01,2.206443e-11,1.256785e-09,1.256785e-11
1.526563e+01,2.083192e-11,1.157885e-09,1.157885e-11
1.526814e+01,1.956672e-11,1.058076e-09,1.058076e-11
1.527065e+01,1.829119e-11,9.592957e-10,9.592957e-12
1.527317e+01,1.702779e-11,8.635144e-10,8.635144e-12
1.527568e+01,1.579869e-11,7.727032e-10,7.727032e-12
1.527819e+01,1.462543e-11,6.887878e-10,6.887878e-12
1.528071e+01,1.352727e-11,6.135714e-10,6.135714e-12
1.528322e+01,1.252118e-11,5.486184e-10,5.486184e-12
1.528573e+01,1.162181e-11,4.950697e-10,4.950697e-12
1.528825e+01,1.084035e-11,4.533954e-10,4.533954e-12
1.529076e+01,1.018436e-11,4.231771e-10,4.231771e-12
1.529327e+01,9.657539e-12,4.030725e-10,4.030725e-12
1.529579e+01,9.259867e-12,3.910591e-10,3.910591e-12
1.529830e+01,8.987602e-12,3.848703e-10,3.848703e-12
1.530081e+01,8.833174e-12,3.824306e-10,3.824306e-12
1.530333e+01,8.786023e-12,3.821284e-10,3.821284e-12
1.530584e+01,8.833076e-12,3.828892e-10,3.828892e-12
1.530835e+01,8.959140e-12,3.841169e-10,3.841169e-12
1.531087e+01,9.147696e-12,3.855606e-10,3.855606e-12
1.531338e+01,9.381539e-12,3.871673e-10,3.871673e-12
1.531589e+01,9.643649e-12,3.889672e-10,3.889672e-12
1.531841e+01,9.917518e-12,3.909824e-10,3.909824e-12
1.532092e+01,1.018794e-11,3.931794e-10,3.931794e-12
1.532343e+01,1.044204e-11,3.954582e-10,3.954582e-12
1.532595e+01,1.066889e-11,3.976504e-10,3.976504e-12
1.532846e+01,1.086023e-11,3.995615e-10,3.995615e-12
1.533097e+01,1.101085e-11,4.010184e-10,4.010184e-12
1.533349e+01,1.111809e-11,4.018874e-10,4.018874e-12
1.533600e+01,1.118187e-11,4.020978e-10,4.020978e-12
1.533851e+01,1.120487e-11,4.016635e-10,4.016635e-12
1.534103e+01,1.119191e-11,4.006714e-10,4.006714e-12
1.534354e+01,1.114924e-11,3.992608e-10,3.992608e-12
1.534605e+01,1.108474e-11,3.976080e-10,3.976080e-12
1.534857e+01,1.100727e-11,3.958948e-10,3.958948e-12
1.535108e+01,1.092574e-11,3.942650e-10,3.942650e-12
1.535359e+01,1.084906e-11,3.928033e-10,3.928033e-12
1.535610e+01,1.078606e-11,3.915328e-10,3.915328e-12
1.535862e+01,1.074448e-11,3.904069e-10,3.904069e-12
1.536113e+01,1.073088e-11,3.893218e-10,3.893218e-12
1.536364e+01,1.075092e-11,3.881717e-10,3.881717e-12
1.536616e+01,1.080910e-11,3.868940e-10,3.868940e-12
1.536867e+01,1.090832e-11,3.855148e-10,3.855148e-12
1.537118e+01,1.105035e-11,3.842409e-10,3.842409e-12
1.537370e+01,1.123629e-11,3.835401e-10,3.835401e-12
1.537621e+01,1.146579e-11,3.841764e-10,3.841764e-12
1.537872e+01,1.173797e-11,3.872527e-10,3.872527e-12
1.538124e+01,1.205209e-11,3.942003e-10,3.942003e-12
1.538375e+01,1.240654e-11,4.066411e-10,4.066411e-12
1.538626e+01,1.279967e-11,4.261687e-10,4.261687e-12
1.538878e+01,1.323012e-11,4.540950e-10,4.540950e-12
1.539129e+01,1.369670e-11,4.912532e-10,4.912532e-12
1.539380e+01,1.419888e-11,5.379207e-10,5.379207e-12
1.539632e+01,1.473579e-11,5.938550e-10,5.938550e-12
1.539883e+01,1.530646e-11,6.584381e-10,6.584381e-12
1.540134e+01,1.591066e-11,7.308337e-10,7.308337e-12
1.540386e+01,1.654819e-11,8.100847e-10,8.100847e-12
1.540637e+01,1.721873e-11,8.951885e-10,8.951885e-12
1.540888e+01,1.792195e-11,9.851360e-10,9.851360e-12
1.541140e+01,1.865674e-11,1.078921e-09,1.078921e-11
1.541391e+01,1.942163e-11,1.175559e-09,1.175559e-11
1.541642e+01,2.021476e-11,1.274084e-09,1.274084e-11
1.541894e+01,2.103340e-11,1.373553e-09,1.373553e-11
1.542145e+01,2.187428e-11,1.473045e-09,1.473045e-11
1.542396e+01,2.273325e-11,1.571661e-09,1.571661e-11
1.542648e+01,2.360565e-11,1.668527e-09,1.668527e-11
1.542899e+01,2.448646e-11,1.762786e-09,1.762786e-11
1.543150e+01,2.536978e-11,1.853600e-09,1.853600e-11
1.543402e+01,2.624920e-11,1.940163e-09,1.940163e-11
1.543653e+01,2.711797e-11,2.021702e-09,2.021702e-11
1.543904e+01,2.796963e-11,2.097485e-09,2.097485e-11
1.544156e+01,2.879728e-11,2.166824e-09,2.166824e-11
1.544407e+01,2.959379e-11,2.229085e-09,2.229085e-11
1.544658e+01,3.035278e-11,2.283709e-09,2.283709e-11
1.544910e+01,3.106782e-11,2.330218e-09,2.330218e-11
1.545161e+01,3.173270e-11,2.368226e-09,2.368226e-11
1.545412e+01,3.234161e-11,2.397445e-09,2.397445e-11
1.545664e+01,3.288887e-11,2.417700e-09,2.417700e-11
1.545915e+01,3.336924e-11,2.428927e-09,2.428927e-11
1.546166e+01,3.377823e-11,2.431179e-09,2.431179e-11
1.546418e+01,3.411159e-11,2.424617e-09,2.424617e-11
1.546669e+01,3.436516e-11,2.409506e-09,2.409506e-11
1.546920e+01,3.453551e-11,2.386201e-09,2.386201e-11
1.547172e+01,3.461975e-11,2.355136e-09,2.355136e-11
1.547423e+01,3.461572e-11,2.316801e-09,2.316801e-11
1.547674e+01,3.452169e-11,2.271719e-09,2.271719e-11
1.547926e+01,3.433628e-11,2.220432e-09,2.220432e-11
1.548177e+01,3.405956e-11,2.163492e-09,2.163492e-11
1.548428e+01,3.369225e-11,2.101443e-09,2.101443e-11
1.548680e+01,3.323557e-11,2.034823e-09,2.034823e-11
1.548931e+01,3.269248e-11,1.964165e-09,1.964165e-11
1.549182e+01,3.206705e-11,1.890000e-09,1.890000e-11
1.549433e+01,3.136415e-11,1.812869e-09,1.812869e-11
1.549685e+01,3.059003e-11,1.733336e-09,1.733336e-11
1.549936e+01,2.975208e-11,1.652009e-09,1.652009e-11
1.550187e+01,2.885927e-11,1.569556e-09,1.569556e-11
1.550439e+01,2.792164e-11,1.486705e-09,1.486705e-11
1.550690e+01,2.694974e-11,1.404233e-09,1.404233e-11
1.550941e+01,2.595528e-11,1.322969e-09,1.322969e-11
1.551193e+01,2.495068e-11,1.243771e-09,1.243771e-11
1.551444e+01,2.394854e-11,1.167492e-09,1.167492e-11
1.551695e+01,2.296142e-11,1.094935e-09,1.094935e-11
1.551947e+01,2.200190e-11,1.026807e-09,1.026807e-11
1.552198e+01,2.108174e-11,9.636664e-10,9.636664e-12
1.552449e+01,2.021190e-11,9.058792e-10,9.058792e-12
1.552701e+01,1.940215e-11,8.535999e-10,8.535999e-12
1.552952e+01,1.866015e-11,8.067692e-10,8.067692e-12
1.553203e+01,1.799227e-11,7.651421e-10,7.651421e-12
1.553455e+01,1.740265e-11,7.283491e-10,7.283491e-12
1.553706e+01,1.689326e-11,6.959730e-10,6.959730e-12
1.553957e+01,1.646374e-11,6.676229e-10,6.676229e-12
1.554209e+01,1.611148e-11,6.430107e-10,6.430107e-12
1.554460e+01,1.583204e-11,6.219826e-10,6.219826e-12
1.554711e+01,1.561855e-11,6.044940e-10,6.044940e-12
1.554963e+01,1.546252e-11,5.905685e-10,5.905685e-12
1.555214e+01,1.535405e-11,5.802329e-10,5.802329e-12
1.555465e+01,1.528253e-11,5.734206e-10,5.734206e-12
1.555717e+01,1.523668e-11,5.698732e-10,5.698732e-12
1.555968e+01,1.520432e-11,5.690981e-10,5.690981e-12
1.556219e+01,1.517386e-11,5.704015e-10,5.704015e-12
1.556471e+01,1.513485e-11,5.729341e-10,5.729341e-12
1.556722e+01,1.507785e-11,5.757597e-10,5.757597e-12
1.556973e+01,1.499482e-11,5.779733e-10,5.779733e-12
1.557225e+01,1.487999e-11,5.788013e-10,5.788013e-12
1.557476e+01,1.473006e-11,5.776551e-10,5.776551e-12
1.557727e+01,1.454383e-11,5.741833e-10,5.741833e-12
1.557979e+01,1.432272e-11,5.683140e-10,5.683140e-12
1.558230e+01,1.407113e-11,5.602428e-10,5.602428e-12
1.558481e+01,1.379569e-11,5.503912e-10,5.503912e-12
1.558733e+01,1.350507e-11,5.393638e-10,5.393638e-12
1.558984e+01,1.321008e-11,5.278723e-10,5.278723e-12
1.559235e+01,1.292267e-11,5.166325e-10,5.166325e-12
1.559487e+01,1.265591e-11,5.062693e-10,5.062693e-12
1.559738e+01,1.242344e-11,4.972275e-10,4.972275e-12
1.559989e+01,1.223828e-11,4.897147e-10,4.897147e-12
1.560241e+01,1.211275e-11,4.836978e-10,4.836978e-12
1.560492e+01,1.205802e-11,4.789566e-10,4.789566e-12
1.560743e+01,1.208315e-11,4.751843e-10,4.751843e-12
1.560995e+01,1.219489e-11,4.721173e-10,4.721173e-12
1.561246e+01,1.239784e-11,4.696687e-10,4.696687e-12
1.561497e+01,1.269367e-11,4.680104e-10,4.680104e-12
1.561749e+01,1.308077e-11,4.676135e-10,4.676135e-12
1.562000e+01,1.355491e-11,4.692577e-10,4.692577e-12
1.562251e+01,1.410932e-11,4.739363e-10,4.739363e-12
1.562503e+01,1.473421e-11,4.826804e-10,4.826804e-12
1.562754e+01,1.541771e-11,4.963755e-10,4.963755e-12
1.563005e+01,1.614681e-11,5.155751e-10,5.155751e-12
1.563257e+01,1.690667e-11,5.403629e-10,5.403629e-12
1.563508e+01,1.768168e-11,5.703397e-10,5.703397e-12
1.563759e+01,1.845617e-11,6.047145e-10,6.047145e-12
1.564010e+01,1.921460e-11,6.424439e-10,6.424439e-12
1.564262e+01,1.994226e-11,6.823847e-10,6.823847e-12
1.564513e+01,2.062552e-11,7.234143e-10,7.234143e-12
1.564764e+01,2.125211e-11,7.645081e-10,7.645081e-12
1.565016e+01,2.181180e-11,8.047992e-10,8.047992e-12
1.565267e+01,2.229673e-11,8.436115e-10,8.436115e-12
1.565518e+01,2.270085e-11,8.804591e-10,8.804591e-12
1.565770e+01,2.302048e-11,9.150362e-10,9.150362e-12
1.566021e+01,2.325458e-11,9.472048e-10,9.472048e-12
1.566272e+01,2.340376e-11,9.769609e-10,9.769609e-12
1.566524e+01,2.347057e-11,1.004401e-09,1.004401e-11
1.566775e+01,2.345949e-11,1.029692e-09,1.029692e-11
1.567026e+01,2.337667e-11,1.053037e-09,1.053037e-11
1.567278e+01,2.322978e-11,1.074630e-09,1.074630e-11
1.567529e+01,2.302662e-11,1.094619e-09,1.094619e-11
1.567780e+01,2.277570e-11,1.113093e-09,1.113093e-11
1.568032e+01,2.248627e-11,1.130063e-09,1.130063e-11
1.568283e+01,2.216735e-11,1.145442e-09,1.145442e-11
1.568534e+01,2.182759e-11,1.159050e-09,1.159050e-11
1.568786e+01,2.147462e-11,1.170618e-09,1.170618e-11
1.569037e+01,2.111495e-11,1.179817e-09,1.179817e-11
1.569288e+01,2.075429e-11,1.186272e-09,1.186272e-11
1.569540e+01,2.039691e-11,1.189588e-09,1.189588e-11
1.569791e+01,2.004566e-11,1.189376e-09,1.189376e-11
1.570042e+01,1.970187e-11,1.185274e-09,1.185274e-11
1.570294e+01,1.936537e-11,1.176971e-09,1.176971e-11
1.570545e+01,1.903479e-11,1.164227e-09,1.164227e-11
1.570796e+01,1.870730e-11,1.146883e-09,1.146883e-11
1.571048e+01,1.837955e-11,1.124875e-09,1.124875e-11
1.571299e+01,1.804751e-11,1.098239e-09,1.098239e-11
1.571550e+01,1.770628e-11,1.067100e-09,1.067100e-11
1.571802e+01,1.735128e-11,1.031675e-09,1.031675e-11
1.572053e+01,1.697821e-11,9.922791e-10,9.922791e-12
1.572304e+01,1.658363e-11,9.493151e-10,9.493151e-12
1.572556e+01,1.616473e-11,9.032642e-10,9.032642e-12
1.572807e+01,1.571994e-11,8.546836e-10,8.546836e-12
1.573058e+01,1.524936e-11,8.042075e-10,8.042075e-12
1.573310e+01,1.475424e-11,7.525345e-10,7.525345e-12
1.573561e+01,1.423753e-11,7.004319e-10,7.004319e-12
1.573812e+01,1.370391e-11,6.487336e-10,6.487336e-12
1.574064e+01,1.315948e-11,5.983201e-10,5.983201e-12
1.574315e+01,1.261113e-11,5.501023e-10,5.501023e-12
1.574566e+01,1.206656e-11,5.049969e-10,5.049969e-12
1.574818e+01,1.153472e-11,4.638854e-10,4.638854e-12
1.575069e+01,1.102425e-11,4.275352e-10,4.275352e-12
1.575320e+01,1.054302e-11,3.965055e-10,3.965055e-12
1.575572e+01,1.009902e-11,3.710593e-10,3.710593e-12
1.575823e+01,9.698992e-12,3.510876e-10,3.510876e-12
1.576074e+01,9.348241e-12,3.361008e-10,3.361008e-12
1.576326e+01,9.050673e-12,3.252978e-10,3.252978e-12
1.576577e+01,8.808223e-12,3.177087e-10,3.177087e-12
1.576828e+01,8.621366e-12,3.123797e-10,3.123797e-12
1.577080e+01,8.488539e-12,3.085031e-10,3.085031e-12
1.577331e+01,8.406257e-12,3.054961e-10,3.054961e-12
1.577582e+01,8.369864e-12,3.030428e-10,3.030428e-12
1.577833e+01,8.373302e-12,3.010557e-10,3.010557e-12
1.578085e+01,8.409229e-12,2.995941e-10,2.995941e-12
1.578336e+01,8.469463e-12,2.987843e-10,2.987843e-12
1.578587e+01,8.545418e-12,2.987398e-10,2.987398e-12
1.578839e+01,8.628964e-12,2.994898e-10,2.994898e-12
1.579090e+01,8.712075e-12,3.009125e-10,3.009125e-12
1.579341e+01,8.786857e-12,3.027142e-10,3.027142e-12
1.579593e+01,8.846419e-12,3.044750e-10,3.044750e-12
1.579844e+01,8.884977e-12,3.057021e-10,3.057021e-12
1.580095e+01,8.898166e-12,3.058957e-10,3.058957e-12
1.580347e+01,8.882868e-12,3.046263e-10,3.046263e-12
1.580598e+01,8.837550e-12,3.015957e-10,3.015957e-12
1.580849e+01,8.762386e-12,2.966881e-10,2.966881e-12
1.581101e+01,8.659045e-12,2.900041e-10,2.900041e-12
1.581352e+01,8.530871e-12,2.818680e-10,2.818680e-12
1.581603e+01,8.382691e-12,2.728229e-10,2.728229e-12
1.581855e+01,8.220876e-12,2.635906e-10,2.635906e-12
1.582106e+01,8.052766e-12,2.549786e-10,2.549786e-12
1.582357e+01,7.887038e-12,2.477775e-10,2.477775e-12
1.582609e+01,7.733669e-12,2.426205e-10,2.426205e-12
1.582860e+01,7.602924e-12,2.398313e-10,2.398313e-12
1.583111e+01,7.505477e-12,2.393820e-10,2.393820e-12
1.583363e+01,7.452093e-12,2.409706e-10,2.409706e-12
1.583614e+01,7.453719e-12,2.442062e-10,2.442062e-12
1.583865e+01,7.520892e-12,2.488661e-10,2.488661e-12
1.584117e+01,7.662844e-12,2.551343e-10,2.551343e-12
1.584368e+01,7.888053e-12,2.638069e-10,2.638069e-12
1.584619e+01,8.203597e-12,2.763588e-10,2.763588e-12
1.584871e+01,8.614270e-12,2.947780e-10,2.947780e-12
1.585122e+01,9.122969e-12,3.211822e-10,3.211822e-12
1.585373e+01,9.730502e-12,3.572964e-10,3.572964e-12
1.585625e+01,1.043483e-11,4.040564e-10,4.040564e-12
1.585876e+01,1.123166e-11,4.615238e-10,4.615238e-12
1.586127e+01,1.211420e-11,5.290190e-10,5.290190e-12
1.586379e+01,1.307279e-11,6.053500e-10,6.053500e-12
1.586630e+01,1.409594e-11,6.890219e-10,6.890219e-12
1.586881e+01,1.517011e-11,7.783614e-10,7.783614e-12
1.587133e+01,1.627998e-11,8.715918e-10,8.715918e-12
1.587384e+01,1.740933e-11,9.668904e-10,9.668904e-12
1.587635e+01,1.854101e-11,1.062431e-09,1.062431e-11
1.587887e+01,1.965726e-11,1.156426e-09,1.156426e-11
1.588138e+01,2.074115e-11,1.247165e-09,1.247165e-11
1.588389e+01,2.177638e-11,1.333044e-09,1.333044e-11
1.588641e+01,2.274739e-11,1.412599e-09,1.412599e-11
1.588892e+01,2.364039e-11,1.484535e-09,1.484535e-11
1.589143e+01,2.444270e-11,1.547745e-09,1.547745e-11
1.589395e+01,2.514398e-11,1.601349e-09,1.601349e-11
1.589646e+01,2.573656e-11,1.644697e-09,1.644697e-11
1.589897e+01,2.621430e-11,1.677372e-09,1.677372e-11
1.590149e+01,2.657364e-11,1.699185e-09,1.699185e-11
1.590400e+01,2.681296e-11,1.710178e-09,1.710178e-11
1.590651e+01,2.693246e-11,1.710600e-09,1.710600e-11
1.590903e+01,2.693471e-11,1.700901e-09,1.700901e-11
1.591154e+01,2.682363e-11,1.681696e-09,1.681696e-11
1.591405e+01,2.660435e-11,1.653740e-09,1.653740e-11
1.591657e+01,2.628341e-11,1.617900e-09,1.617900e-11
1.591908e+01,2.586871e-11,1.575132e-09,1.575132e-11
1.592159e+01,2.536892e-11,1.526438e-09,1.526438e-11
1.592410e+01,2.479325e-11,1.472844e-09,1.472844e-11
1.592662e+01,2.415158e-11,1.415372e-09,1.415372e-11
1.592913e+01,2.345406e-11,1.355021e-09,1.355021e-11
1.593164e+01,2.271115e-11,1.292752e-09,1.292752e-11
1.593416e+01,2.193402e-11,1.229466e-09,1.229466e-11
1.593667e+01,2.113393e-11,1.166000e-09,1.166000e-11
1.593918e+01,2.032149e-11,1.103118e-09,1.103118e-11
1.594170e+01,1.950768e-11,1.041508e-09,1.041508e-11
1.594421e+01,1.870383e-11,9.817872e-10,9.817872e-12
1.594672e+01,1.792015e-11,9.244967e-10,9.244967e-12
1.594924e+01,1.716680e-11,8.701127e-10,8.701127e-12
1.595175e+01,1.645335e-11,8.190483e-10,8.190483e-12
1.595426e+01,1.578792e-11,7.716500e-10,7.716500e-12
1.595678e+01,1.517813e-11,7.282092e-10,7.282092e-12
1.595929e+01,1.463045e-11,6.889626e-10,6.889626e-12
1.596180e+01,1.414955e-11,6.540850e-10,6.540850e-12
1.596432e+01,1.373898e-11,6.236887e-10,6.236887e-12
1.596683e+01,1.340064e-11,5.978124e-10,5.978124e-12
1.596934e+01,1.313451e-11,5.764081e-10,5.764081e-12
1.597186e+01,1.293954e-11,5.593308e-10,5.593308e-12
1.597437e+01,1.281298e-11,5.463303e-10,5.463303e-12
1.597688e+01,1.275055e-11,5.370516e-10,5.370516e-12
1.597940e+01,1.274691e-11,5.310455e-10,5.310455e-12
1.598191e+01,1.279573e-11,5.277961e-10,5.277961e-12
1.598442e+01,1.289036e-11,5.267504e-10,5.267504e-12
1.598694e+01,1.302360e-11,5.273472e-10,5.273472e-12
1.598945e+01,1.318807e-11,5.290588e-10,5.290588e-12
1.599196e+01,1.337642e-11,5.314270e-10,5.314270e-12
1.599448e+01,1.358216e-11,5.340920e-10,5.340920e-12
1.599699e+01,1.379969e-11,5.368118e-10,5.368118e-12
1.599950e+01,1.402396e-11,5.394658e-10,5.394658e-12
1.600202e+01,1.425142e-11,5.420631e-10,5.420631e-12
1.600453e+01,1.447973e-11,5.447370e-10,5.447370e-12
1.600704e+01,1.470776e-11,5.477152e-10,5.477152e-12
1.600956e+01,1.493559e-11,5.512917e-10,5.512917e-12
1.601207e+01,1.516471e-11,5.557904e-10,5.557904e-12
1.601458e+01,1.539757e-11,5.615218e-10,5.615218e-12
1.601710e+01,1.563724e-11,5.687522e-10,5.687522e-12
1.601961e+01,1.588710e-11,5.776677e-10,5.776677e-12
1.602212e+01,1.615064e-11,5.883468e-10,5.883468e-12
1.602464e+01,1.643186e-11,6.007711e-10,6.007711e-12
1.602715e+01,1.673390e-11,6.148280e-10,6.148280e-12
1.602966e+01,1.705855e-11,6.303208e-10,6.303208e-12
1.603218e+01,1.740722e-11,6.470144e-10,6.470144e-12
1.603469e+01,1.778022e-11,6.646528e-10,6.646528e-12
1.603720e+01,1.817557e-11,6.829550e-10,6.829550e-12
1.603972e+01,1.858987e-11,7.016403e-10,7.016403e-12
1.604223e+01,1.901878e-11,7.204466e-10,7.204466e-12
1.604474e+01,1.945609e-11,7.391163e-10,7.391163e-12
1.604726e+01,1.989398e-11,7.573877e-10,7.573877e-12
1.604977e+01,2.032419e-11,7.749963e-10,7.749963e-12
1.605228e+01,2.073749e-11,7.916716e-10,7.916716e-12
1.605480e+01,2.112428e-11,8.071544e-10,8.071544e-12
1.605731e+01,2.147559e-11,8.212224e-10,8.212224e-12
1.605982e+01,2.178274e-11,8.336929e-10,8.336929e-12
1.606233e+01,2.203854e-11,8.444464e-10,8.444464e-12
1.606485e+01,2.223751e-11,8.534700e-10,8.534700e-12
1.606736e+01,2.237559e-11,8.608753e-10,8.608753e-12
1.606987e+01,2.245172e-11,8.669176e-10,8.669176e-12
1.607239e+01,2.246726e-11,8.720027e-10,8.720027e-12
1.607490e+01,2.242579e-11,8.766718e-10,8.766718e-12
1.607741e+01,2.233452e-11,8.815767e-10,8.815767e-12
1.607993e+01,2.220267e-11,8.874261e-10,8.874261e-12
1.608244e+01,2.204131e-11,8.949144e-10,8.949144e-12
1.608495e+01,2.186396e-11,9.046541e-10,9.046541e-12
1.608747e+01,2.168518e-11,9.171081e-10,9.171081e-12
1.608998e+01,2.151998e-11,9.325325e-10,9.325325e-12
1.609249e+01,2.138356e-11,9.509590e-10,9.509590e-12
1.609501e+01,2.129067e-11,9.722085e-10,9.722085e-12
1.609752e+01,2.125451e-11,9.959286e-10,9.959286e-12
1.610003e+01,2.128621e-11,1.021658e-09,1.021658e-11
1.610255e+01,2.139462e-11,1.048895e-09,1.048895e-11
1.610506e+01,2.158569e-11,1.077153e-09,1.077153e-11
1.610757e+01,2.186191e-11,1.105999e-09,1.105999e-11
1.611009e+01,2.222194e-11,1.135068e-09,1.135068e-11
1.611260e+01,2.266098e-11,1.164068e-09,1.164068e-11
1.611511e+01,2.317091e-11,1.192760e-09,1.192760e-11
1.611763e+01,2.374054e-11,1.220917e-09,1.220917e-11
1.612014e+01,2.435575e-11,1.248283e-09,1.248283e-11
1.612265e+01,2.499991e-11,1.274534e-09,1.274534e-11
1.612517e+01,2.565501e-11,1.299264e-09,1.299264e-11
1.612768e+01,2.630201e-11,1.321967e-09,1.321967e-11
1.613019e+01,2.692147e-11,1.342053e-09,1.342053e-11
1.613271e+01,2.749502e-11,1.358874e-09,1.358874e-11
1.613522e+01,2.800527e-11,1.371769e-09,1.371769e-11
1.613773e+01,2.843635e-11,1.380107e-09,1.380107e-11
1.614025e+01,2.877524e-11,1.383347e-09,1.383347e-11
1.614276e+01,2.901191e-11,1.381092e-09,1.381092e-11
1.614527e+01,2.913906e-11,1.373116e-09,1.373116e-11
1.614779e+01,2.915264e-11,1.359396e-09,1.359396e-11
1.615030e+01,2.905262e-11,1.340130e-09,1.340130e-11
1.615281e+01,2.884184e-11,1.315736e-09,1.315736e-11
1.615533e+01,2.852567e-11,1.286828e-09,1.286828e-11
1.615784e+01,2.811277e-11,1.254188e-09,1.254188e-11
1.616035e+01,2.761429e-11,1.218733e-09,1.218733e-11
1.616287e+01,2.704292e-11,1.181468e-09,1.181468e-11
1.616538e+01,2.641300e-11,1.143410e-09,1.143410e-11
1.616789e+01,2.573957e-11,1.105528e-09,1.105528e-11
1.617041e+01,2.503779e-11,1.068695e-09,1.068695e-11
1.617292e+01,2.432291e-11,1.033639e-09,1.033639e-11
1.617543e+01,2.360929e-11,1.000901e-09,1.000901e-11
1.617795e+01,2.291023e-11,9.708175e-10,9.708175e-12
1.618046e+01,2.223757e-11,9.435208e-10,9.435208e-12
1.618297e+01,2.160113e-11,9.189662e-10,9.189662e-12
1.618549e+01,2.100878e-11,8.969706e-10,8.969706e-12
1.618800e+01,2.046634e-11,8.772504e-10,8.772504e-12
1.619051e+01,1.997697e-11,8.594703e-10,8.594703e-12
1.619303e+01,1.954161e-11,8.432908e-10,8.432908e-12
1.619554e+01,1.915936e-11,8.283870e-10,8.283870e-12
1.619805e+01,1.882684e-11,8.144801e-10,8.144801e-12
1.620056e+01,1.853941e-11,8.013597e-10,8.013597e-12
1.620308e+01,1.829147e-11,7.888571e-10,7.888571e-12
1.620559e+01,1.807570e-11,7.768333e-10,7.768333e-12
1.620810e+01,1.788441e-11,7.651939e-10,7.651939e-12
1.621062e+01,1.771014e-11,7.538801e-10,7.538801e-12
1.621313e+01,1.754583e-11,7.428477e-10,7.428477e-12
1.621564e+01,1.738521e-11,7.320560e-10,7.320560e-12
1.621816e+01,1.722310e-11,7.214677e-10,7.214677e-12
1.622067e+01,1.705601e-11,7.110563e-10,7.110563e-12
1.622318e+01,1.688196e-11,7.008049e-10,7.008049e-12
1.622570e+01,1.670100e-11,6.907097e-10,6.907097e-12
1.622821e+01,1.651540e-11,6.807873e-10,6.807873e-12
1.623072e+01,1.632911e-11,6.710745e-10,6.710745e-12
1.623324e+01,1.614785e-11,6.616404e-10,6.616404e-12
1.623575e+01,1.597881e-11,6.525953e-10,6.525953e-12
1.623826e+01,1.583035e-11,6.440998e-10,6.440998e-12
1.624078e+01,1.571149e-11,6.363785e-10,6.363785e-12
1.624329e+01,1.563173e-11,6.297252e-10,6.297252e-12
1.624580e+01,1.560023e-11,6.244999e-10,6.244999e-12
1.624832e+01,1.562486e-11,6.211250e-10,6.211250e-12
1.625083e+01,1.571254e-11,6.200864e-10,6.200864e-12
1.625334e+01,1.586873e-11,6.219045e-10,6.219045e-12
1.625586e+01,1.609659e-11,6.270710e-10,6.270710e-12
1.625837e+01,1.639690e-11,6.359884e-10,6.359884e-12
1.626088e+01,1.676792e-11,6.489224e-10,6.489224e-12
1.626340e+01,1.720576e-11,6.659632e-10,6.659632e-12
1.626591e+01,1.770399e-11,6.869801e-10,6.869801e-12
1.626842e+01,1.825391e-11,7.116109e-10,7.116109e-12
1.627094e+01,1.884510e-11,7.393030e-10,7.393030e-12
1.627345e+01,1.946524e-11,7.693622e-10,7.693622e-12
1.627596e+01,2.010133e-11,8.009965e-10,8.009965e-12
1.627848e+01,2.074011e-11,8.333677e-10,8.333677e-12
1.628099e+01,2.136768e-11,8.656410e-10,8.656410e-12
1.628350e+01,2.197038e-11,8.970299e-10,8.970299e-12
1.628602e+01,2.253556e-11,9.268248e-10,9.268248e-12
1.628853e+01,2.305133e-11,9.544057e-10,9.544057e-12
1.629104e+01,2.350737e-11,9.792561e-10,9.792561e-12
1.629356e+01,2.389503e-11,1.000974e-09,1.000974e-11
1.629607e+01,2.420691e-11,1.019266e-09,1.019266e-11
1.629858e+01,2.443767e-11,1.033950e-09,1.033950e-11
1.630110e+01,2.458391e-11,1.044948e-09,1.044948e-11
1.630361e+01,2.464395e-11,1.052273e-09,1.052273e-11
1.630612e+01,2.461776e-11,1.056024e-09,1.056024e-11
1.630864e+01,2.450648e-11,1.056374e-09,1.056374e-11
1.631115e+01,2.431306e-11,1.053570e-09,1.053570e-11
1.631366e+01,2.404222e-11,1.047915e-09,1.047915e-11
1.631618e+01,2.369938e-11,1.039761e-09,1.039761e-11
1.631869e+01,2.329116e-11,1.029487e-09,1.029487e-11
1.632120e+01,2.282568e-11,1.017497e-09,1.017497e-11
1.632372e+01,2.231187e-11,1.004195e-09,1.004195e-11
1.632623e+01,2.175923e-11,9.899625e-10,9.899625e-12
1.632874e+01,2.117803e-11,9.751455e-10,9.751455e-12
1.633126e+01,2.057935e-11,9.600344e-10,9.600344e-12
1.633377e+01,1.997403e-11,9.448414e-10,9.448414e-12
1.633628e+01,1.937295e-11,9.297002e-10,9.297002e-12
1.633880e+01,1.878711e-11,9.146635e-10,9.146635e-12
1.634131e+01,1.822657e-11,8.997020e-10,8.997020e-12
1.634382e+01,1.769988e-11,8.847284e-10,8.847284e-12
1.634633e+01,1.721461e-11,8.696282e-10,8.696282e-12
1.634885e+01,1.677693e-11,8.542869e-10,8.542869e-12
1.635136e+01,1.639046e-11,8.386184e-10,8.386184e-12
1.635387e+01,1.605696e-11,8.225818e-10,8.225818e-12
1.635639e+01,1.577574e-11,8.061892e-10,8.061892e-12
1.635890e+01,1.554344e-11,7.895036e-10,7.895036e-12
1.636141e+01,1.535472e-11,7.726261e-10,7.726261e-12
1.636393e+01,1.520220e-11,7.556657e-10,7.556657e-12
1.636644e+01,1.507693e-11,7.386965e-10,7.386965e-12
1.636895e+01,1.496842e-11,7.217230e-10,7.217230e-12
1.637147e+01,1.486562e-11,7.046630e-10,7.046630e-12
1.637398e+01,1.475762e-11,6.873408e-10,6.873408e-12
1.637649e+01,1.463402e-11,6.694941e-10,6.694941e-12
1.637901e+01,1.448568e-11,6.508085e-10,6.508085e-12
1.638152e+01,1.430542e-11,6.309711e-10,6.309711e-12
1.638403e+01,1.408835e-11,6.097252e-10,6.097252e-12
1.638655e+01,1.383237e-11,5.869261e-10,5.869261e-12
1.638906e+01,1.353894e-11,5.625909e-10,5.625909e-12
1.639157e+01,1.321221e-11,5.369239e-10,5.369239e-12
1.639409e+01,1.285919e-11,5.103298e-10,5.103298e-12
1.639660e+01,1.248999e-11,4.834135e-10,4.834135e-12
1.639911e+01,1.211702e-11,4.569491e-10,4.569491e-12
1.640163e+01,1.175414e-11,4.318279e-10,4.318279e-12
1.640414e+01,1.141606e-11,4.089889e-10,4.089889e-12
1.640665e+01,1.111797e-11,3.893410e-10,3.893410e-12
1.640917e+01,1.087442e-11,3.736720e-10,3.736720e-12
1.641168e+01,1.069801e-11,3.625470e-10,3.625470e-12
1.641419e+01,1.059913e-11,3.562613e-10,3.562613e-12
1.641671e+01,1.058586e-11,3.548488e-10,3.548488e-12
1.641922e+01,1.066284e-11,3.581030e-10,3.581030e-12
1.642173e+01,1.083066e-11,3.656357e-10,3.656357e-12
1.642425e+01,1.108614e-11,3.769508e-10,3.769508e-12
1.642676e+01,1.142274e-11,3.914961e-10,3.914961e-12
1.642927e+01,1.183065e-11,4.086774e-10,4.086774e-12
1.643179e+01,1.229697e-11,4.278544e-10,4.278544e-12
1.643430e+01,1.280647e-11,4.483427e-10,4.483427e-12
1.643681e+01,1.334205e-11,4.694166e-10,4.694166e-12
1.643933e+01,1.388626e-11,4.903398e-10,4.903398e-12
1.644184e+01,1.442208e-11,5.104078e-10,5.104078e-12
1.644435e+01,1.493284e-11,5.289602e-10,5.289602e-12
1.644687e+01,1.540355e-11,5.454226e-10,5.454226e-12
1.644938e+01,1.582211e-11,5.593638e-10,5.593638e-12
1.645189e+01,1.617945e-11,5.705126e-10,5.705126e-12
1.645441e+01,1.646955e-11,5.787635e-10,5.787635e-12
1.645692e+01,1.668987e-11,5.841883e-10,5.841883e-12
1.645943e+01,1.684169e-11,5.870382e-10,5.870382e-12
1.646195e+01,1.693006e-11,5.877324e-10,5.877324e-12
1.646446e+01,1.696320e-11,5.868295e-10,5.868295e-12
1.646697e+01,1.695179e-11,5.849946e-10,5.849946e-12
1.646949e+01,1.690858e-11,5.829759e-10,5.829759e-12
1.647200e+01,1.684811e-11,5.815778e-10,5.815778e-12
1.647451e+01,1.678553e-11,5.816257e-10,5.816257e-12
1.647703e+01,1.673589e-11,5.839405e-10,5.839405e-12
1.647954e+01,1.671364e-11,5.893199e-10,5.893199e-12
1.648205e+01,1.673168e-11,5.985124e-10,5.985124e-12
1.648456e+01,1.680122e-11,6.121927e-10,6.121927e-12
1.648708e+01,1.693112e-11,6.309343e-10,6.309343e-12
1.648959e+01,1.712753e-11,6.551760e-10,6.551760e-12
1.649210e+01,1.739393e-11,6.851907e-10,6.851907e-12
1.649462e+01,1.773093e-11,7.210651e-10,7.210651e-12
1.649713e+01,1.813646e-11,7.626997e-10,7.626997e-12
1.649964e+01,1.860622e-11,8.098167e-10,8.098167e-12
1.650216e+01,1.913375e-11,8.619775e-10,8.619775e-12
1.650467e+01,1.971118e-11,9.186192e-10,9.186192e-12
1.650718e+01,2.033011e-11,9.790915e-10,9.790915e-12
1.650970e+01,2.098129e-11,1.042683e-09,1.042683e-11
1.651221e+01,2.165535e-11,1.108652e-09,1.108652e-11
1.651472e+01,2.234397e-11,1.176263e-09,1.176263e-11
1.651724e+01,2.303990e-11,1.244794e-09,1.244794e-11
1.651975e+01,2.373740e-11,1.313546e-09,1.313546e-11
1.652226e+01,2.443218e-11,1.381853e-09,1.381853e-11
1.652478e+01,2.512160e-11,1.449075e-09,1.449075e-11
1.652729e+01,2.580494e-11,1.514607e-09,1.514607e-11
1.652980e+01,2.648295e-11,1.577868e-09,1.577868e-11
1.653232e+01,2.715743e-11,1.638307e-09,1.638307e-11
1.653483e+01,2.783076e-11,1.695408e-09,1.695408e-11
1.653734e+01,2.850557e-11,1.748705e-09,1.748705e-11
1.653986e+01,2.918422e-11,1.797785e-09,1.797785e-11
1.654237e+01,2.986804e-11,1.842306e-09,1.842306e-11
1.654488e+01,3.055684e-11,1.882004e-09,1.882004e-11
1.654740e+01,3.124870e-11,1.916700e-09,1.916700e-11
1.654991e+01,3.193931e-11,1.946298e-09,1.946298e-11
1.655242e+01,3.262164e-11,1.970764e-09,1.970764e-11
1.655494e+01,3.328657e-11,1.990112e-09,1.990112e-11
1.655745e+01,3.392279e-11,2.004368e-09,2.004368e-11
1.655996e+01,3.451673e-11,2.013532e-09,2.013532e-11
1.656248e+01,3.505313e-11,2.017544e-09,2.017544e-11
1.656499e+01,3.551581e-11,2.016257e-09,2.016257e-11
1.656750e+01,3.588843e-11,2.009431e-09,2.009431e-11
1.657002e+01,3.615526e-11,1.996726e-09,1.996726e-11
1.657253e+01,3.630186e-11,1.977737e-09,1.977737e-11
1.657504e+01,3.631602e-11,1.952027e-09,1.952027e-11
1.657756e+01,3.618830e-11,1.919194e-09,1.919194e-11
1.658007e+01,3.591268e-11,1.878931e-09,1.878931e-11
1.658258e+01,3.548700e-11,1.831089e-09,1.831089e-11
1.658510e+01,3.491352e-11,1.775731e-09,1.775731e-11
1.658761e+01,3.419863e-11,1.713173e-09,1.713173e-11
1.659012e+01,3.335265e-11,1.644013e-09,1.644013e-11
1.659264e+01,3.239010e-11,1.569127e-09,1.569127e-11
1.659515e+01,3.132847e-11,1.489647e-09,1.489647e-11
1.659766e+01,3.018771e-11,1.406909e-09,1.406909e-11
1.660018e+01,2.899012e-11,1.322411e-09,1.322411e-11
1.660269e+01,2.775859e-11,1.237722e-09,1.237722e-11
1.660520e+01,2.651573e-11,1.154408e-09,1.154408e-11
1.660772e+01,2.528370e-11,1.073956e-09,1.073956e-11
1.661023e+01,2.408290e-11,9.977070e-10,9.977070e-12
1.661274e+01,2.293118e-11,9.268177e-10,9.268177e-12
1.661526e+01,2.184351e-11,8.622430e-10,8.622430e-12
1.661777e+01,2.083137e-11,8.047480e-10,8.047480e-12
1.662028e+01,1.990308e-11,7.549460e-10,7.549460e-12
1.662280e+01,1.906335e-11,7.133211e-10,7.133211e-12
1.662531e+01,1.831283e-11,6.802342e-10,6.802342e-12
1.662782e+01,1.764955e-11,6.558972e-10,6.558972e-12
1.663033e+01,1.706930e-11,6.402724e-10,6.402724e-12
1.663285e+01,1.656514e-11,6.329464e-10,6.329464e-12
1.663536e+01,1.612839e-11,6.330587e-10,6.330587e-12
1.663787e+01,1.574961e-11,6.392972e-10,6.392972e-12
1.664039e+01,1.541874e-11,6.499743e-10,6.499743e-12
1.664290e+01,1.512585e-11,6.631822e-10,6.631822e-12
1.664541e+01,1.486176e-11,6.769623e-10,6.769623e-12
1.664793e+01,1.461813e-11,6.894496e-10,6.894496e-12
1.665044e+01,1.438785e-11,6.989946e-10,6.989946e-12
1.665295e+01,1.416490e-11,7.042470e-10,7.042470e-12
1.665547e+01,1.394492e-11,7.042053e-10,7.042053e-12
1.665798e+01,1.372528e-11,6.982457e-10,6.982457e-12
1.666049e+01,1.350453e-11,6.861248e-10,6.861248e-12
1.666301e+01,1.328209e-11,6.679637e-10,6.679637e-12
1.666552e+01,1.305880e-11,6.442350e-10,6.442350e-12
1.666803e+01,1.283666e-11,6.157377e-10,6.157377e-12
1.667055e+01,1.261787e-11,5.835539e-10,5.835539e-12
1.667306e+01,1.240520e-11,5.490067e-10,5.490067e-12
1.667557e+01,1.220191e-11,5.136261e-10,5.136261e-12
1.667809e+01,1.201147e-11,4.790938e-10,4.790938e-12
1.668060e+01,1.183751e-11,4.471637e-10,4.471637e-12
1.668311e+01,1.168369e-11,4.195632e-10,4.195632e-12
1.668563e+01,1.155372e-11,3.978246e-10,3.978246e-12
1.668814e+01,1.145140e-11,3.830707e-10,3.830707e-12
1.669065e+01,1.138087e-11,3.758256e-10,3.758256e-12
1.669317e+01,1.134611e-11,3.759100e-10,3.759100e-12
1.669568e+01,1.135142e-11,3.825350e-10,3.825350e-12
1.669819e+01,1.140165e-11,3.945412e-10,3.945412e-12
1.670071e+01,1.150106e-11,4.106364e-10,4.106364e-12
1.670322e+01,1.165437e-11,4.296170e-10,4.296170e-12
1.670573e+01,1.186684e-11,4.504972e-10,4.504972e-12
1.670825e+01,1.214346e-11,4.725211e-10,4.725211e-12
1.671076e+01,1.248939e-11,4.951539e-10,4.951539e-12
1.671327e+01,1.290957e-11,5.180747e-10,5.180747e-12
1.671579e+01,1.340875e-11,5.411861e-10,5.411861e-12
1.671830e+01,1.399168e-11,5.646380e-10,5.646380e-12
1.672081e+01,1.466258e-11,5.888340e-10,5.888340e-12
1.672333e+01,1.542499e-11,6.144597e-10,6.144597e-12
1.672584e+01,1.628190e-11,6.425078e-10,6.425078e-12
1.672835e+01,1.723497e-11,6.742516e-10,6.742516e-12
1.673087e+01,1.828474e-11,7.111889e-10,7.111889e-12
1.673338e+01,1.943078e-11,7.549144e-10,7.549144e-12
1.673589e+01,2.067044e-11,8.069369e-10,8.069369e-12
1.673841e+01,2.199906e-11,8.684985e-10,8.684985e-12
1.674092e+01,2.340986e-11,9.404061e-10,9.404061e-12
1.674343e+01,2.489346e-11,1.022929e-09,1.022929e-11
1.674595e+01,2.643773e-11,1.115764e-09,1.115764e-11
1.674846e+01,2.802763e-11,1.218048e-09,1.218048e-11
1.675097e+01,2.964535e-11,1.328424e-09,1.328424e-11
1.675349e+01,3.127022e-11,1.445128e-09,1.445128e-11
1.675600e+01,3.287894e-11,1.566077e-09,1.566077e-11
1.675851e+01,3.444567e-11,1.688948e-09,1.688948e-11
1.676103e+01,3.594309e-11,1.811263e-09,1.811263e-11
1.676354e+01,3.734280e-11,1.930469e-09,1.930469e-11
1.676605e+01,3.861563e-11,2.044015e-09,2.044015e-11
1.676856e+01,3.973289e-11,2.149422e-09,2.149422e-11
1.677108e+01,4.066719e-11,2.244356e-09,2.244356e-11
1.677359e+01,4.139383e-11,2.326700e-09,2.326700e-11
1.677610e+01,4.189157e-11,2.394611e-09,2.394611e-11
1.677862e+01,4.214310e-11,2.446566e-09,2.446566e-11
1.678113e+01,4.213672e-11,2.481400e-09,2.481400e-11
1.678364e+01,4.186691e-11,2.498343e-09,2.498343e-11
1.678616e+01,4.133476e-11,2.497023e-09,2.497023e-11
1.678867e+01,4.054823e-11,2.477462e-09,2.477462e-11
1.679118e+01,3.952240e-11,2.440059e-09,2.440059e-11
1.679370e+01,3.827943e-11,2.385570e-09,2.385570e-11
1.679621e+01,3.684792e-11,2.315061e-09,2.315061e-11
1.679872e+01,3.526223e-11,2.229865e-09,2.229865e-11
1.680124e+01,3.356128e-11,2.131539e-09,2.131539e-11
1.680375e+01,3.178765e-11,2.021823e-09,2.021823e-11
1.680626e+01,2.998604e-11,1.902620e-09,1.902620e-11
1.680878e+01,2.820183e-11,1.775984e-09,1.775984e-11
1.681129e+01,2.647912e-11,1.644152e-09,1.644152e-11
1.681380e+01,2.485946e-11,1.509627e-09,1.509627e-11
1.681632e+01,2.338022e-11,1.375307e-09,1.375307e-11
1.681883e+01,2.207323e-11,1.244700e-09,1.244700e-11
1.682134e+01,2.096423e-11,1.122197e-09,1.122197e-11
1.682386e+01,2.007113e-11,1.013330e-09,1.013330e-11
1.682637e+01,1.940393e-11,9.247968e-10,9.247968e-12
1.682888e+01,1.896430e-11,8.637414e-10,8.637414e-12
1.683140e+01,1.874564e-11,8.358256e-10,8.358256e-12
1.683391e+01,1.873405e-11,8.426055e-10,8.426055e-12
1.683642e+01,1.890824e-11,8.802470e-10,8.802470e-12
1.683894e+01,1.924096e-11,9.409546e-10,9.409546e-12
1.684145e+01,1.970022e-11,1.015724e-09,1.015724e-11
1.684396e+01,2.025064e-11,1.096332e-09,1.096332e-11
1.684648e+01,2.085534e-11,1.176065e-09,1.176065e-11
1.684899e+01,2.147722e-11,1.249734e-09,1.249734e-11
1.685150e+01,2.208072e-11,1.313457e-09,1.313457e-11
1.685402e+01,2.263317e-11,1.364440e-09,1.364440e-11
1.685653e+01,2.310622e-11,1.400828e-09,1.400828e-11
1.685904e+01,2.347727e-11,1.421615e-09,1.421615e-11
1.686156e+01,2.372974e-11,1.426577e-09,1.426577e-11
1.686407e+01,2.385425e-11,1.416219e-09,1.416219e-11
1.686658e+01,2.384880e-11,1.391713e-09,1.391713e-11
1.686910e+01,2.371789e-11,1.354833e-09,1.354833e-11
1.687161e+01,2.347316e-11,1.307869e-09,1.307869e-11
1.687412e+01,2.313239e-11,1.253514e-09,1.253514e-11
1.687664e+01,2.271786e-11,1.194718e-09,1.194718e-11
1.687915e+01,2.225583e-11,1.134533e-09,1.134533e-11
1.688166e+01,2.177502e-11,1.075944e-09,1.075944e-11
1.688418e+01,2.130528e-11,1.021703e-09,1.021703e-11
1.688669e+01,2.087576e-11,9.741978e-10,9.741978e-12
1.688920e+01,2.051370e-11,9.353866e-10,9.353866e-12
1.689172e+01,2.024348e-11,9.068361e-10,9.068361e-12
1.689423e+01,2.008462e-11,8.898315e-10,8.898315e-12
1.689674e+01,2.005165e-11,8.855182e-10,8.855182e-12
1.689926e+01,2.015328e-11,8.949876e-10,8.949876e-12
1.690177e+01,2.039193e-11,9.192164e-10,9.192164e-12
1.690428e+01,2.076384e-11,9.588428e-10,9.588428e-12
1.690680e+01,2.125912e-11,1.013881e-09,1.013881e-11
1.690931e+01,2.186248e-11,1.083514e-09,1.083514e-11
1.691182e+01,2.255435e-11,1.166034e-09,1.166034e-11
1.691433e+01,2.331193e-11,1.258917e-09,1.258917e-11
1.691685e+01,2.410941e-11,1.359028e-09,1.359028e-11
1.691936e+01,2.492025e-11,1.462853e-09,1.462853e-11
1.692187e+01,2.571872e-11,1.566728e-09,1.566728e-11
1.692439e+01,2.647995e-11,1.667025e-09,1.667025e-11
1.692690e+01,2.718210e-11,1.760334e-09,1.760334e-11
1.692941e+01,2.780702e-11,1.843593e-09,1.843593e-11
1.693193e+01,2.834067e-11,1.914192e-09,1.914192e-11
1.693444e+01,2.877410e-11,1.970058e-09,1.970058e-11
1.693695e+01,2.910323e-11,2.009713e-09,2.009713e-11
1.693947e+01,2.932898e-11,2.032310e-09,2.032310e-11
1.694198e+01,2.945704e-11,2.037645e-09,2.037645e-11
1.694449e+01,2.949720e-11,2.026151e-09,2.026151e-11
1.694701e+01,2.946278e-11,1.998879e-09,1.998879e-11
1.694952e+01,2.936966e-11,1.957463e-09,1.957463e-11
1.695203e+01,2.923542e-11,1.904083e-09,1.904083e-11
1.695455e+01,2.907821e-11,1.841417e-09,1.841417e-11
1.695706e+01,2.891620e-11,1.772595e-09,1.772595e-11
1.695957e+01,2.876689e-11,1.701147e-09,1.701147e-11
1.696209e+01,2.864569e-11,1.630923e-09,1.630923e-11
1.696460e+01,2.856550e-11,1.565970e-09,1.565970e-11
1.696711e+01,2.853699e-11,1.510345e-09,1.510345e-11
1.696963e+01,2.856780e-11,1.467812e-09,1.467812e-11
1.697214e+01,2.866262e-11,1.441464e-09,1.441464e-11
1.697465e+01,2.882290e-11,1.433315e-09,1.433315e-11
1.697717e+01,2.904704e-11,1.444001e-09,1.444001e-11
1.697968e+01,2.933149e-11,1.472738e-09,1.472738e-11
1.698219e+01,2.967064e-11,1.517520e-09,1.517520e-11
1.698471e+01,3.005656e-11,1.575507e-09,1.575507e-11
1.698722e+01,3.047990e-11,1.643459e-09,1.643459e-11
1.698973e+01,3.093049e-11,1.718091e-09,1.718091e-11
1.699225e+01,3.139713e-11,1.796297e-09,1.796297e-11
1.699476e+01,3.186855e-11,1.875274e-09,1.875274e-11
1.699727e+01,3.233284e-11,1.952564e-09,1.952564e-11
1.699979e+01,3.277788e-11,2.026058e-09,2.026058e-11
1.700230e+01,3.319214e-11,2.093975e-09,2.093975e-11
1.700481e+01,3.356395e-11,2.154841e-09,2.154841e-11
1.700733e+01,3.388195e-11,2.207456e-09,2.207456e-11
1.700984e+01,3.413535e-11,2.250874e-09,2.250874e-11
1.701235e+01,3.431404e-11,2.284383e-09,2.284383e-11
1.701487e+01,3.440847e-11,2.307495e-09,2.307495e-11
1.701738e+01,3.441025e-11,2.319925e-09,2.319925e-11
1.701989e+01,3.431233e-11,2.321570e-09,2.321570e-11
1.702241e+01,3.410881e-11,2.312493e-09,2.312493e-11
1.702492e+01,3.379548e-11,2.292908e-09,2.292908e-11
1.702743e+01,3.337037e-11,2.263166e-09,2.263166e-11
1.702995e+01,3.283353e-11,2.223741e-09,2.223741e-11
1.703246e+01,3.218725e-11,2.175212e-09,2.175212e-11
1.703497e+01,3.143599e-11,2.118255e-09,2.118255e-11
1.703749e+01,3.058664e-11,2.053626e-09,2.053626e-11
1.704000e+01,2.964856e-11,1.982152e-09,1.982152e-11
1.704251e+01,2.863313e-11,1.904717e-09,1.904717e-11
1.704503e+01,2.755354e-11,1.822249e-09,1.822249e-11
1.704754e+01,2.642417e-11,1.735716e-09,1.735716e-11
1.705005e+01,2.526089e-11,1.646108e-09,1.646108e-11
1.705256e+01,2.408035e-11,1.554422e-09,1.554422e-11
1.705508e+01,2.289911e-11,1.461647e-09,1.461647e-11
1.705759e+01,2.173366e-11,1.368749e-09,1.368749e-11
1.706010e+01,2.059934e-11,1.276654e-09,1.276654e-11
1.706262e+01,1.951060e-11,1.186239e-09,1.186239e-11
1.706513e+01,1.848036e-11,1.098312e-09,1.098312e-11
1.706764e+01,1.751927e-11,1.013599e-09,1.013599e-11
1.707016e+01,1.663611e-11,9.327370e-10,9.327370e-12
1.707267e+01,1.583734e-11,8.562828e-10,8.562828e-12
1.707518e+01,1.512688e-11,7.847129e-10,7.847129e-12
1.707770e+01,1.450644e-11,7.184356e-10,7.184356e-12
1.708021e+01,1.397557e-11,6.578029e-10,6.578029e-12
1.708272e+01,1.353157e-11,6.031271e-10,6.031271e-12
1.708524e+01,1.316997e-11,5.546903e-10,5.546903e-12
1.708775e+01,1.288448e-11,5.127363e-10,5.127363e-12
1.709026e+01,1.266770e-11,4.774453e-10,4.774453e-12
1.709278e+01,1.251133e-11,4.488813e-10,4.488813e-12
1.709529e+01,1.240617e-11,4.269179e-10,4.269179e-12
1.709780e+01,1.234272e-11,4.111765e-10,4.111765e-12
1.710032e+01,1.231159e-11,4.010036e-10,4.010036e-12
1.710283e+01,1.230392e-11,3.955024e-10,3.955024e-12
1.710534e+01,1.231099e-11,3.936122e-10,3.936122e-12
1.710786e+01,1.232506e-11,3.942310e-10,3.942310e-12
1.711037e+01,1.233959e-11,3.963358e-10,3.963358e-12
1.711288e+01,1.234918e-11,3.990520e-10,3.990520e-12
1.711540e+01,1.234981e-11,4.016977e-10,4.016977e-12
1.711791e+01,1.233861e-11,4.038024e-10,4.038024e-12
1.712042e+01,1.231423e-11,4.050940e-10,4.050940e-12
1.712294e+01,1.227678e-11,4.054646e-10,4.054646e-12
1.712545e+01,1.222765e-11,4.049305e-10,4.049305e-12
1.712796e+01,1.216953e-11,4.035976e-10,4.035976e-12
1.713048e+01,1.210610e-11,4.016055e-10,4.016055e-12
1.713299e+01,1.204135e-11,3.990861e-10,3.990861e-12
1.713550e+01,1.198000e-11,3.961617e-10,3.961617e-12
1.713802e+01,1.192713e-11,3.929381e-10,3.929381e-12
1.714053e+01,1.188732e-11,3.895085e-10,3.895085e-12
1.714304e+01,1.186483e-11,3.859954e-10,3.859954e-12
1.714556e+01,1.186338e-11,3.825816e-10,3.825816e-12
1.714807e+01,1.188584e-11,3.795263e-10,3.795263e-12
1.715058e+01,1.193362e-11,3.771739e-10,3.771739e-12
1.715310e+01,1.200712e-11,3.759357e-10,3.759357e-12
1.715561e+01,1.210578e-11,3.762381e-10,3.762381e-12
1.715812e+01,1.222784e-11,3.784518e-10,3.784518e-12
1.716064e+01,1.237067e-11,3.828146e-10,3.828146e-12
1.716315e+01,1.253070e-11,3.893823e-10,3.893823e-12
1.716566e+01,1.270455e-11,3.980150e-10,3.980150e-12
1.716818e+01,1.288854e-11,4.083978e-10,4.083978e-12
1.717069e+01,1.307887e-11,4.201223e-10,4.201223e-12
1.717320e+01,1.327311e-11,4.327939e-10,4.327939e-12
1.717572e+01,1.346941e-11,4.461067e-10,4.461067e-12
1.717823e+01,1.366702e-11,4.599166e-10,4.599166e-12
1.718074e+01,1.386707e-11,4.742939e-10,4.742939e-12
1.718326e+01,1.407174e-11,4.895187e-10,4.895187e-12
1.718577e+01,1.428447e-11,5.060515e-10,5.060515e-12
1.718828e+01,1.451021e-11,5.244782e-10,5.244782e-12
1.719080e+01,1.475495e-11,5.454257e-10,5.454257e-12
1.719331e+01,1.502531e-11,5.694758e-10,5.694758e-12
1.719582e+01,1.532861e-11,5.970898e-10,5.970898e-12
1.719833e+01,1.567199e-11,6.285543e-10,6.285543e-12
1.720085e+01,1.606189e-11,6.639725e-10,6.639725e-12
1.720336e+01,1.650401e-11,7.032899e-10,7.032899e-12
1.720587e+01,1.700277e-11,7.463304e-10,7.463304e-12
1.720839e+01,1.756118e-11,7.928362e-10,7.928362e-12
1.721090e+01,1.818058e-11,8.425060e-10,8.425060e-12
1.721341e+01,1.885986e-11,8.950186e-10,8.950186e-12
1.721593e+01,1.959573e-11,9.500354e-10,9.500354e-12
1.721844e+01,2.038337e-11,1.007197e-09,1.007197e-11
1.722095e+01,2.121556e-11,1.066111e-09,1.066111e-11
1.722347e+01,2.208331e-11,1.126342e-09,1.126342e-11
1.722598e+01,2.297662e-11,1.187399e-09,1.187399e-11
1.722849e+01,2.388398e-11,1.248728e-09,1.248728e-11
1.723101e+01,2.479278e-11,1.309708e-09,1.309708e-11
1.723352e+01,2.569005e-11,1.369658e-09,1.369658e-11
1.723603e+01,2.656279e-11,1.427855e-09,1.427855e-11
1.723855e+01,2.739824e-11,1.483542e-09,1.483542e-11
1.724106e+01,2.818430e-11,1.535954e-09,1.535954e-11
1.724357e+01,2.890945e-11,1.584330e-09,1.584330e-11
1.724609e+01,2.956321e-11,1.627933e-09,1.627933e-11
1.724860e+01,3.013631e-11,1.666070e-09,1.666070e-11
1.725111e+01,3.062070e-11,1.698099e-09,1.698099e-11
1.725363e+01,3.101002e-11,1.723458e-09,1.723458e-11
1.725614e+01,3.129912e-11,1.741674e-09,1.741674e-11
1.725865e+01,3.148387e-11,1.752371e-09,1.752371e-11
1.726117e+01,3.156199e-11,1.755291e-09,1.755291e-11
1.726368e+01,3.153271e-11,1.750312e-09,1.750312e-11
1.726619e+01,3.139625e-11,1.737449e-09,1.737449e-11
1.726871e+01,3.115440e-11,1.716867e-09,1.716867e-11
1.727122e+01,3.081063e-11,1.688894e-09,1.688894e-11
1.727373e+01,3.036971e-11,1.654011e-09,1.654011e-11
1.727625e+01,2.983748e-11,1.612846e-09,1.612846e-11
1.727876e+01,2.922145e-11,1.566177e-09,1.566177e-11
1.728127e+01,2.853112e-11,1.514920e-09,1.514920e-11
1.728379e+01,2.777704e-11,1.460095e-09,1.460095e-11
1.728630e+01,2.697104e-11,1.402806e-09,1.402806e-11
1.728881e+01,2.612646e-11,1.344206e-09,1.344206e-11
1.729133e+01,2.525810e-11,1.285460e-09,1.285460e-11
1.729384e+01,2.438129e-11,1.227693e-09,1.227693e-11
1.729635e+01,2.351186e-11,1.171937e-09,1.171937e-11
1.729887e+01,2.266622e-11,1.119096e-09,1.119096e-11
1.730138e+01,2.186054e-11,1.069904e-09,1.069904e-11
1.730389e+01,2.111066e-11,1.024908e-09,1.024908e-11
1.730641e+01,2.043112e-11,9.844443e-10,9.844443e-12
1.730892e+01,1.983503e-11,9.486574e-10,9.486574e-12
1.731143e+01,1.933377e-11,9.175483e-10,9.175483e-12
1.731395e+01,1.893616e-11,8.910400e-10,8.910400e-12
1.731646e+01,1.864834e-11,8.690375e-10,8.690375e-12
1.731897e+01,1.847331e-11,8.514788e-10,8.514788e-12
1.732149e+01,1.841073e-11,8.383640e-10,8.383640e-12
1.732400e+01,1.845677e-11,8.297652e-10,8.297652e-12
1.732651e+01,1.860440e-11,8.258045e-10,8.258045e-12
1.732903e+01,1.884338e-11,8.265709e-10,8.265709e-12
1.733154e+01,1.916030e-11,8.320220e-10,8.320220e-12
1.733405e+01,1.953942e-11,8.419137e-10,8.419137e-12
1.733656e+01,1.996311e-11,8.557429e-10,8.557429e-12
1.733908e+01,2.041204e-11,8.727234e-10,8.727234e-12
1.734159e+01,2.086633e-11,8.918266e-10,8.918266e-12
1.734410e+01,2.130659e-11,9.118576e-10,9.118576e-12
1.734662e+01,2.171396e-11,9.315361e-10,9.315361e-12
1.734913e+01,2.207140e-11,9.496022e-10,9.496022e-12
1.735164e+01,2.236446e-11,9.649289e-10,9.649289e-12
1.735416e+01,2.258135e-11,9.765962e-10,9.765962e-12
1.735667e+01,2.271410e-11,9.839510e-10,9.839510e-12
1.735918e+01,2.275840e-11,9.866680e-10,9.866680e-12
1.736170e+01,2.271413e-11,9.847824e-10,9.847824e-12
1.736421e+01,2.258547e-11,9.786809e-10,9.786809e-12
1.736672e+01,2.238008e-11,9.690710e-10,9.690710e-12
1.736924e+01,2.210946e-11,9.569418e-10,9.569418e-12
1.737175e+01,2.178808e-11,9.434850e-10,9.434850e-12
1.737426e+01,2.143248e-11,9.299667e-10,9.299667e-12
1.737678e+01,2.106121e-11,9.176069e-10,9.176069e-12
1.737929e+01,2.069321e-11,9.074626e-10,9.074626e-12
1.738180e+01,2.034713e-11,9.003065e-10,9.003065e-12
1.738432e+01,2.004088e-11,8.965520e-10,8.965520e-12
1.738683e+01,1.979015e-11,8.962366e-10,8.962366e-12
1.738934e+01,1.960770e-11,8.990780e-10,8.990780e-12
1.739186e+01,1.950323e-11,9.045833e-10,9.045833e-12
1.739437e+01,1.948258e-11,9.121496e-10,9.121496e-12
1.739688e+01,1.954733e-11,9.211652e-10,9.211652e-12
1.739940e+01,1.969486e-11,9.311016e-10,9.311016e-12
1.740191e+01,1.991867e-11,9.415447e-10,9.415447e-12
1.740442e+01,2.020844e-11,9.521882e-10,9.521882e-12
1.740694e+01,2.055066e-11,9.628150e-10,9.628150e-12
1.740945e+01,2.092917e-11,9.732477e-10,9.732477e-12
1.741196e+01,2.132590e-11,9.832886e-10,9.832886e-12
1.741448e+01,2.172228e-11,9.926865e-10,9.926865e-12
1.741699e+01,2.209937e-11,1.001120e-09,1.001120e-11
1.741950e+01,2.243908e-11,1.008182e-09,1.008182e-11
1.742202e+01,2.272488e-11,1.013410e-09,1.013410e-11
1.742453e+01,2.294230e-11,1.016326e-09,1.016326e-11
1.742704e+01,2.308012e-11,1.016479e-09,1.016479e-11
1.742956e+01,2.313028e-11,1.013498e-09,1.013498e-11
1.743207e+01,2.308819e-11,1.007132e-09,1.007132e-11
1.743458e+01,2.295336e-11,9.972638e-10,9.972638e-12
1.743710e+01,2.272825e-11,9.839159e-10,9.839159e-12
1.743961e+01,2.241851e-11,9.672721e-10,9.672721e-12
1.744212e+01,2.203342e-11,9.476678e-10,9.476678e-12
1.744464e+01,2.158437e-11,9.255493e-10,9.255493e-12
1.744715e+01,2.108444e-11,9.014398e-10,9.014398e-12
1.744966e+01,2.054789e-11,8.759193e-10,8.759193e-12
1.745218e+01,1.998971e-11,8.495963e-10,8.495963e-12
1.745469e+01,1.942445e-11,8.230734e-10,8.230734e-12
1.745720e+01,1.886559e-11,7.969296e-10,7.969296e-12
1.745972e+01,1.832597e-11,7.717141e-10,7.717141e-12
1.746223e+01,1.781607e-11,7.479278e-10,7.479278e-12
1.746474e+01,1.734411e-11,7.260159e-10,7.260159e-12
1.746726e+01,1.691680e-11,7.063748e-10,7.063748e-12
1.746977e+01,1.653811e-11,6.893361e-10,6.893361e-12
1.747228e+01,1.620965e-11,6.751443e-10,6.751443e-12
1.747479e+01,1.593123e-11,6.639406e-10,6.639406e-12
1.747731e+01,1.570061e-11,6.557487e-10,6.557487e-12
1.747982e+01,1.551425e-11,6.504700e-10,6.504700e-12
1.748233e+01,1.536761e-11,6.478820e-10,6.478820e-12
1.748485e+01,1.525512e-11,6.476475e-10,6.476475e-12
1.748736e+01,1.517103e-11,6.493448e-10,6.493448e-12
1.748987e+01,1.510971e-11,6.525041e-10,6.525041e-12
1.749239e+01,1.506556e-11,6.566407e-10,6.566407e-12
1.749490e+01,1.503337e-11,6.612862e-10,6.612862e-12
1.749741e+01,1.500874e-11,6.660156e-10,6.660156e-12
1.749993e+01,1.498806e-11,6.704634e-10,6.704634e-12
1.750244e+01,1.496810e-11,6.743268e-10,6.743268e-12
1.750495e+01,1.494631e-11,6.773660e-10,6.773660e-12
1.750747e+01,1.492101e-11,6.794012e-10,6.794012e-12
1.750998e+01,1.489108e-11,6.803049e-10,6.803049e-12
1.751249e+01,1.485547e-11,6.799865e-10,6.799865e-12
1.751501e+01,1.481331e-11,6.783873e-10,6.783873e-12
1.751752e+01,1.476422e-11,6.754877e-10,6.754877e-12
1.752003e+01,1.470735e-11,6.712965e-10,6.712965e-12
1.752255e+01,1.464188e-11,6.658505e-10,6.658505e-12
1.752506e+01,1.456705e-11,6.592261e-10,6.592261e-12
1.752757e+01,1.448184e-11,6.515335e-10,6.515335e-12
1.753009e+01,1.438509e-11,6.429153e-10,6.429153e-12
1.753260e+01,1.427562e-11,6.335448e-10,6.335448e-12
1.753511e+01,1.415255e-11,6.236145e-10,6.236145e-12
1.753763e+01,1.401517e-11,6.133242e-10,6.133242e-12
1.754014e+01,1.386313e-11,6.028698e-10,6.028698e-12
1.754265e+01,1.369657e-11,5.924319e-10,5.924319e-12
1.754517e+01,1.351651e-11,5.821633e-10,5.821633e-12
1.754768e+01,1.332487e-11,5.721820e-10,5.721820e-12
1.755019e+01,1.312404e-11,5.625633e-10,5.625633e-12
1.755271e+01,1.291714e-11,5.533389e-10,5.533389e-12
1.755522e+01,1.270825e-11,5.445117e-10,5.445117e-12
1.755773e+01,1.250200e-11,5.360566e-10,5.360566e-12
1.756025e+01,1.230308e-11,5.279283e-10,5.279283e-12
1.756276e+01,1.211669e-11,5.200851e-10,5.200851e-12
1.756527e+01,1.194806e-11,5.124983e-10,5.124983e-12
1.756779e+01,1.180201e-11,5.051649e-10,5.051649e-12
1.757030e+01,1.168266e-11,4.981295e-10,4.981295e-12
1.757281e+01,1.159363e-11,4.914888e-10,4.914888e-12
1.757533e+01,1.153779e-11,4.853959e-10,4.853959e-12
1.757784e+01,1.151660e-11,4.800719e-10,4.800719e-12
1.758035e+01,1.153049e-11,4.757821e-10,4.757821e-12
1.758287e+01,1.157895e-11,4.727995e-10,4.727995e-12
1.758538e+01,1.166023e-11,4.713876e-10,4.713876e-12
1.758789e+01,1.177157e-11,4.717627e-10,4.717627e-12
1.759041e+01,1.190949e-11,4.740357e-10,4.740357e-12
1.759292e+01,1.206976e-11,4.781773e-10,4.781773e-12
1.759543e+01,1.224800e-11,4.840174e-10,4.840174e-12
1.759795e+01,1.243968e-11,4.912623e-10,4.912623e-12
1.760046e+01,1.264022e-11,4.995349e-10,4.995349e-12
1.760297e+01,1.284570e-11,5.084379e-10,5.084379e-12
1.760549e+01,1.305274e-11,5.176267e-10,5.176267e-12
1.760800e+01,1.325910e-11,5.268857e-10,5.268857e-12
1.761051e+01,1.346369e-11,5.361963e-10,5.361963e-12
1.761303e+01,1.366673e-11,5.457762e-10,5.457762e-12
1.761554e+01,1.386954e-11,5.560928e-10,5.560928e-12
1.761805e+01,1.407456e-11,5.678581e-10,5.678581e-12
1.762056e+01,1.428594e-11,5.819811e-10,5.819811e-12
1.762308e+01,1.450911e-11,5.994598e-10,5.994598e-12
1.762559e+01,1.474985e-11,6.212432e-10,6.212432e-12
1.762810e+01,1.501462e-11,6.480991e-10,6.480991e-12
1.763062e+01,1.531067e-11,6.804982e-10,6.804982e-12
1.763313e+01,1.564486e-11,7.185429e-10,7.185429e-12
1.763564e+01,1.602395e-11,7.619699e-10,7.619699e-12
1.763816e+01,1.645415e-11,8.101998e-10,8.101998e-12
1.764067e+01,1.694012e-11,8.624160e-10,8.624160e-12
1.764318e+01,1.748557e-11,9.176619e-10,9.176619e-12
1.764570e+01,1.809258e-11,9.749219e-10,9.749219e-12
1.764821e+01,1.876145e-11,1.033179e-09,1.033179e-11
1.765072e+01,1.949015e-11,1.091466e-09,1.091466e-11
1.765324e+01,2.027443e-11,1.148891e-09,1.148891e-11
1.765575e+01,2.110810e-11,1.204651e-09,1.204651e-11
1.765826e+01,2.198218e-11,1.258032e-09,1.258032e-11
1.766078e+01,2.288591e-11,1.308404e-09,1.308404e-11
1.766329e+01,2.380647e-11,1.355219e-09,1.355219e-11
1.766580e+01,2.472883e-11,1.397991e-09,1.397991e-11
1.766832e+01,2.563663e-11,1.436288e-09,1.436288e-11
1.767083e+01,2.651268e-11,1.469721e-09,1.469721e-11
1.767334e+01,2.733913e-11,1.497940e-09,1.497940e-11
1.767586e+01,2.809797e-11,1.520629e-09,1.520629e-11
1.767837e+01,2.877168e-11,1.537510e-09,1.537510e-11
1.768088e+01,2.934355e-11,1.548340e-09,1.548340e-11
1.768340e+01,2.979893e-11,1.552928e-09,1.552928e-11
1.768591e+01,3.012519e-11,1.551142e-09,1.551142e-11
1.768842e+01,3.031168e-11,1.542920e-09,1.542920e-11
1.769094e+01,3.035152e-11,1.528290e-09,1.528290e-11
1.769345e+01,3.024121e-11,1.507377e-09,1.507377e-11
1.769596e+01,2.998020e-11,1.480418e-09,1.480418e-11
1.769848e+01,2.957230e-11,1.447767e-09,1.447767e-11
1.770099e+01,2.902485e-11,1.409889e-09,1.409889e-11
1.770350e+01,2.834872e-11,1.367362e-09,1.367362e-11
1.770602e+01,2.755857e-11,1.320869e-09,1.320869e-11
1.770853e+01,2.667111e-11,1.271174e-09,1.271174e-11
1.771104e+01,2.570604e-11,1.219100e-09,1.219100e-11
1.771356e+01,2.468490e-11,1.165499e-09,1.165499e-11
1.771607e+01,2.362997e-11,1.111221e-09,1.111221e-11
1.771858e+01,2.256426e-11,1.057084e-09,1.057084e-11
1.772110e+01,2.150986e-11,1.003839e-09,1.003839e-11
1.772361e+01,2.048801e-11,9.521466e-10,9.521466e-12
1.772612e+01,1.951811e-11,9.025583e-10,9.025583e-12
1.772864e+01,1.861669e-11,8.555055e-10,8.555055e-12
1.773115e+01,1.779731e-11,8.113060e-10,8.113060e-12
1.773366e+01,1.707044e-11,7.701818e-10,7.701818e-12
1.773618e+01,1.644275e-11,7.322696e-10,7.322696e-12
1.773869e+01,1.591649e-11,6.976437e-10,6.976437e-12
1.774120e+01,1.549076e-11,6.663468e-10,6.663468e-12
1.774372e+01,1.516130e-11,6.383948e-10,6.383948e-12
1.774623e+01,1.492055e-11,6.137669e-10,6.137669e-12
1.774874e+01,1.475845e-11,5.924003e-10,5.924003e-12
1.775126e+01,1.466322e-11,5.741745e-10,5.741745e-12
1.775377e+01,1.462165e-11,5.588806e-10,5.588806e-12
1.775628e+01,1.461963e-11,5.462119e-10,5.462119e-12
1.775879e+01,1.464341e-11,5.357785e-10,5.357785e-12
1.776131e+01,1.468029e-11,5.271217e-10,5.271217e-12
1.776382e+01,1.471876e-11,5.197462e-10,5.197462e-12
1.776633e+01,1.474894e-11,5.131677e-10,5.131677e-12
1.776885e+01,1.476327e-11,5.069584e-10,5.069584e-12
1.777136e+01,1.475691e-11,5.007975e-10,5.007975e-12
1.777387e+01,1.472730e-11,4.944918e-10,4.944918e-12
1.777639e+01,1.467393e-11,4.879888e-10,4.879888e-12
1.777890e+01,1.459918e-11,4.814133e-10,4.814133e-12
1.778141e+01,1.450726e-11,4.750439e-10,4.750439e-12
1.778393e+01,1.440353e-11,4.692699e-10,4.692699e-12
1.778644e+01,1.429486e-11,4.645802e-10,4.645802e-12
1.778895e+01,1.418846e-11,4.615112e-10,4.615112e-12
1.779147e+01,1.409192e-11,4.605803e-10,4.605803e-12
1.779398e+01,1.401252e-11,4.622132e-10,4.622132e-12
1.779649e+01,1.395645e-11,4.666809e-10,4.666809e-12
1.779901e+01,1.392938e-11,4.740794e-10,4.740794e-12
1.780152e+01,1.393575e-11,4.842981e-10,4.842981e-12
1.780403e+01,1.397796e-11,4.970237e-10,4.970237e-12
1.780655e+01,1.405745e-11,5.118128e-10,5.118128e-12
1.780906e+01,1.417470e-11,5.281473e-10,5.281473e-12
1.781157e+01,1.432859e-11,5.454748e-10,5.454748e-12
1.781409e+01,1.451705e-11,5.632712e-10,5.632712e-12
1.781660e+01,1.473726e-11,5.810993e-10,5.810993e-12
1.781911e+01,1.498621e-11,5.986347e-10,5.986347e-12
1.782163e+01,1.526062e-11,6.156888e-10,6.156888e-12
1.782414e+01,1.555711e-11,6.322345e-10,6.322345e-12
1.782665e+01,1.587293e-11,6.483989e-10,6.483989e-12
1.782917e+01,1.620537e-11,6.644422e-10,6.644422e-12
1.783168e+01,1.655196e-11,6.807483e-10,6.807483e-12
1.783419e+01,1.691112e-11,6.977925e-10,6.977925e-12
1.783671e+01,1.728165e-11,7.160888e-10,7.160888e-12
1.783922e+01,1.766253e-11,7.361400e-10,7.361400e-12
1.784173e+01,1.805294e-11,7.583820e-10,7.583820e-12
1.784425e+01,1.845189e-11,7.831353e-10,7.831353e-12
1.784676e+01,1.885809e-11,8.105762e-10,8.105762e-12
1.784927e+01,1.927009e-11,8.407113e-10,8.407113e-12
1.785179e+01,1.968559e-11,8.733675e-10,8.733675e-12
1.785430e+01,2.010143e-11,9.082114e-10,9.082114e-12
1.785681e+01,2.051398e-11,9.447744e-10,9.447744e-12
1.785933e+01,2.091857e-11,9.824737e-10,9.824737e-12
1.786184e+01,2.130977e-11,1.020644e-09,1.020644e-11
1.786435e+01,2.168166e-11,1.058571e-09,1.058571e-11
1.786687e+01,2.202765e-11,1.095515e-09,1.095515e-11
1.786938e+01,2.234084e-11,1.130727e-09,1.130727e-11
1.787189e+01,2.261462e-11,1.163483e-09,1.163483e-11
1.787441e+01,2.284236e-11,1.193091e-09,1.193091e-11
1.787692e+01,2.301823e-11,1.218910e-09,1.218910e-11
1.787943e+01,2.313750e-11,1.240359e-09,1.240359e-11
1.788195e+01,2.319605e-11,1.256928e-09,1.256928e-11
1.788446e+01,2.319112e-11,1.268190e-09,1.268190e-11
1.788697e+01,2.312163e-11,1.273813e-09,1.273813e-11
1.788949e+01,2.298772e-11,1.273557e-09,1.273557e-11
1.789200e+01,2.279096e-11,1.267282e-09,1.267282e-11
1.789451e+01,2.253474e-11,1.254958e-09,1.254958e-11
1.789703e+01,2.222340e-11,1.236660e-09,1.236660e-11
1.789954e+01,2.186241e-11,1.212573e-09,1.212573e-11
1.790205e+01,2.145866e-11,1.182997e-09,1.182997e-11
1.790456e+01,2.101964e-11,1.148343e-09,1.148343e-11
1.790708e+01,2.055314e-11,1.109127e-09,1.109127e-11
1.790959e+01,2.006714e-11,1.065971e-09,1.065971e-11
1.791210e+01,1.957021e-11,1.019608e-09,1.019608e-11
1.791462e+01,1.907057e-11,9.708783e-10,9.708783e-12
1.791713e+01,1.857576e-11,9.207166e-10,9.207166e-12
1.791964e+01,1.809301e-11,8.701498e-10,8.701498e-12
1.792216e+01,1.762885e-11,8.202904e-10,8.202904e-12
1.792467e+01,1.718894e-11,7.723073e-10,7.723073e-12
1.792718e+01,1.677841e-11,7.273986e-10,7.273986e-12
1.792970e+01,1.640174e-11,6.867451e-10,6.867451e-12
1.793221e+01,1.606202e-11,6.514208e-10,6.514208e-12
1.793472e+01,1.576151e-11,6.222915e-10,6.222915e-12
1.793724e+01,1.550238e-11,5.999222e-10,5.999222e-12
1.793975e+01,1.528607e-11,5.844854e-10,5.844854e-12
1.794226e+01,1.511296e-11,5.757055e-10,5.757055e-12
1.794478e+01,1.498303e-11,5.728972e-10,5.728972e-12
1.794729e+01,1.489636e-11,5.750923e-10,5.750923e-12
1.794980e+01,1.485255e-11,5.811838e-10,5.811838e-12
1.795232e+01,1.485087e-11,5.900541e-10,5.900541e-12
1.795483e+01,1.489039e-11,6.006865e-10,6.006865e-12
1.795734e+01,1.497016e-11,6.122249e-10,6.122249e-12
1.795986e+01,1.508898e-11,6.240004e-10,6.240004e-12
1.796237e+01,1.524571e-11,6.355363e-10,6.355363e-12
1.796488e+01,1.543917e-11,6.465210e-10,6.465210e-12
1.796740e+01,1.566778e-11,6.567775e-10,6.567775e-12
1.796991e+01,1.592994e-11,6.662401e-10,6.662401e-12
1.797242e+01,1.622372e-11,6.749307e-10,6.749307e-12
1.797494e+01,1.654705e-11,6.829351e-10,6.829351e-12
1.797745e+01,1.689724e-11,6.903752e-10,6.903752e-12
1.797996e+01,1.727103e-11,6.974052e-10,6.974052e-12
1.798248e+01,1.766551e-11,7.042118e-10,7.042118e-12
1.798499e+01,1.807657e-11,7.109797e-10,7.109797e-12
1.798750e+01,1.849988e-11,7.178805e-10,7.178805e-12
1.799002e+01,1.893084e-11,7.250709e-10,7.250709e-12
1.799253e+01,1.936395e-11,7.326724e-10,7.326724e-12
1.799504e+01,1.979442e-11,7.407574e-10,7.407574e-12
1.799756e+01,2.021675e-11,7.493245e-10,7.493245e-12
1.800007e+01,2.062530e-11,7.582916e-10,7.582916e-12
1.800258e+01,2.101500e-11,7.675088e-10,7.675088e-12
1.800510e+01,2.138048e-11,7.767615e-10,7.767615e-12
1.800761e+01,2.171764e-11,7.857959e-10,7.857959e-12
1.801012e+01,2.202304e-11,7.943446e-10,7.943446e-12
1.801264e+01,2.229346e-11,8.021454e-10,8.021454e-12
1.801515e+01,2.252686e-11,8.089940e-10,8.089940e-12
1.801766e+01,2.272264e-11,8.147827e-10,8.147827e-12
1.802018e+01,2.288097e-11,8.195023e-10,8.195023e-12
1.802269e+01,2.300287e-11,8.232627e-10,8.232627e-12
1.802520e+01,2.309067e-11,8.263177e-10,8.263177e-12
1.802772e+01,2.314804e-11,8.290499e-10,8.290499e-12
1.803023e+01,2.317921e-11,8.319308e-10,8.319308e-12
1.803274e+01,2.318902e-11,8.354969e-10,8.354969e-12
1.803526e+01,2.318327e-11,8.403146e-10,8.403146e-12
1.803777e+01,2.316797e-11,8.469220e-10,8.469220e-12
1.804028e+01,2.314944e-11,8.557828e-10,8.557828e-12
1.804279e+01,2.313373e-11,8.672544e-10,8.672544e-12
1.804531e+01,2.312649e-11,8.815669e-10,8.815669e-12
1.804782e+01,2.313329e-11,8.988154e-10,8.988154e-12
1.805033e+01,2.315895e-11,9.189659e-10,9.189659e-12
1.805285e+01,2.320715e-11,9.418840e-10,9.418840e-12
1.805536e+01,2.328093e-11,9.673665e-10,9.673665e-12
1.805787e+01,2.338212e-11,9.951667e-10,9.951667e-12
1.806039e+01,2.351141e-11,1.025025e-09,1.025025e-11
1.806290e+01,2.366897e-11,1.056693e-09,1.056693e-11
1.806541e+01,2.385382e-11,1.089941e-09,1.089941e-11
1.806793e+01,2.406403e-11,1.124565e-09,1.124565e-11
1.807044e+01,2.429671e-11,1.160380e-09,1.160380e-11
1.807295e+01,2.454821e-11,1.197224e-09,1.197224e-11
1.807547e+01,2.481507e-11,1.234955e-09,1.234955e-11
1.807798e+01,2.509313e-11,1.273431e-09,1.273431e-11
1.808049e+01,2.537779e-11,1.312508e-09,1.312508e-11
1.808301e+01,2.566489e-11,1.352037e-09,1.352037e-11
1.808552e+01,2.595011e-11,1.391862e-09,1.391862e-11
1.808803e+01,2.622946e-11,1.431809e-09,1.431809e-11
1.809055e+01,2.649928e-11,1.471684e-09,1.471684e-11
1.809306e+01,2.675594e-11,1.511275e-09,1.511275e-11
1.809557e+01,2.699650e-11,1.550354e-09,1.550354e-11
1.809809e+01,2.721862e-11,1.588680e-09,1.588680e-11
1.810060e+01,2.742021e-11,1.625988e-09,1.625988e-11
1.810311e+01,2.759939e-11,1.662001e-09,1.662001e-11
1.810563e+01,2.775476e-11,1.696426e-09,1.696426e-11
1.810814e+01,2.788505e-11,1.728962e-09,1.728962e-11
1.811065e+01,2.798924e-11,1.759300e-09,1.759300e-11
1.811317e+01,2.806636e-11,1.787125e-09,1.787125e-11
1.811568e+01,2.811553e-11,1.812117e-09,1.812117e-11
1.811819e+01,2.813615e-11,1.833965e-09,1.833965e-11
1.812071e+01,2.812728e-11,1.852361e-09,1.852361e-11
1.812322e+01,2.808795e-11,1.867001e-09,1.867001e-11
1.812573e+01,2.801740e-11,1.877593e-09,1.877593e-11
1.812825e+01,2.791482e-11,1.883859e-09,1.883859e-11
1.813076e+01,2.777949e-11,1.885541e-09,1.885541e-11
1.813327e+01,2.761092e-11,1.882409e-09,1.882409e-11
1.813579e+01,2.740887e-11,1.874252e-09,1.874252e-11
1.813830e+01,2.717325e-11,1.860892e-09,1.860892e-11
1.814081e+01,2.690392e-11,1.842185e-09,1.842185e-11
1.814333e+01,2.660145e-11,1.818037e-09,1.818037e-11
1.814584e+01,2.626673e-11,1.788400e-09,1.788400e-11
1.814835e+01,2.590048e-11,1.753280e-09,1.753280e-11
1.815087e+01,2.550392e-11,1.712744e-09,1.712744e-11
1.815338e+01,2.507812e-11,1.666927e-09,1.666927e-11
1.815589e+01,2.462427e-11,1.616034e-09,1.616034e-11
1.815841e+01,2.414396e-11,1.560349e-09,1.560349e-11
1.816092e+01,2.363800e-11,1.500231e-09,1.500231e-11
1.816343e+01,2.310751e-11,1.436117e-09,1.436117e-11
1.816595e+01,2.255362e-11,1.368525e-09,1.368525e-11
1.816846e+01,2.197700e-11,1.298040e-09,1.298040e-11
1.817097e+01,2.137839e-11,1.225311e-09,1.225311e-11
1.817349e+01,2.075840e-11,1.151041e-09,1.151041e-11
1.817600e+01,2.011804e-11,1.075976e-09,1.075976e-11
1.817851e+01,1.945874e-11,1.000889e-09,1.000889e-11
1.818103e+01,1.878200e-11,9.265732e-10,9.265732e-12
1.818354e+01,1.809004e-11,8.538330e-10,8.538330e-12
1.818605e+01,1.738596e-11,7.834713e-10,7.834713e-12
1.818856e+01,1.667391e-11,7.162823e-10,7.162823e-12
1.819108e+01,1.595934e-11,6.530449e-10,6.530449e-12
1.819359e+01,1.524879e-11,5.945059e-10,5.945059e-12
1.819610e+01,1.454980e-11,5.413537e-10,5.413537e-12
1.819862e+01,1.387124e-11,4.941740e-10,4.941740e-12
1.820113e+01,1.322285e-11,4.533837e-10,4.533837e-12
1.820364e+01,1.261496e-11,4.191618e-10,4.191618e-12
1.820616e+01,1.205852e-11,3.913786e-10,3.913786e-12
1.820867e+01,1.156425e-11,3.695525e-10,3.695525e-12
1.821118e+01,1.114224e-11,3.529160e-10,3.529160e-12
1.821370e+01,1.080139e-11,3.405564e-10,3.405564e-12
1.821621e+01,1.054875e-11,3.315934e-10,3.315934e-12
1.821872e+01,1.038953e-11,3.254062e-10,3.254062e-12
1.822124e+01,1.032640e-11,3.217874e-10,3.217874e-12
1.822375e+01,1.035847e-11,3.209787e-10,3.209787e-12
1.822626e+01,1.048187e-11,3.236375e-10,3.236375e-12
1.822878e+01,1.068947e-11,3.306653e-10,3.306653e-12
1.823129e+01,1.097061e-11,3.429076e-10,3.429076e-12
1.823380e+01,1.131206e-11,3.608436e-10,3.608436e-12
1.823632e+01,1.169762e-11,3.843638e-10,3.843638e-12
1.823883e+01,1.210855e-11,4.127334e-10,4.127334e-12
1.824134e+01,1.252534e-11,4.447211e-10,4.447211e-12
1.824386e+01,1.292784e-11,4.787772e-10,4.787772e-12
1.824637e+01,1.329585e-11,5.132120e-10,5.132120e-12
1.824888e+01,1.361061e-11,5.463574e-10,5.463574e-12
1.825140e+01,1.385579e-11,5.766782e-10,5.766782e-12
1.825391e+01,1.401771e-11,6.028364e-10,6.028364e-12
1.825642e+01,1.408656e-11,6.237469e-10,6.237469e-12
1.825894e+01,1.405733e-11,6.386198e-10,6.386198e-12
1.826145e+01,1.392957e-11,6.469748e-10,6.469748e-12
1.826396e+01,1.370830e-11,6.486468e-10,6.486468e-12
1.826648e+01,1.340388e-11,6.437853e-10,6.437853e-12
1.826899e+01,1.303139e-11,6.328313e-10,6.328313e-12
1.827150e+01,1.261076e-11,6.164883e-10,6.164883e-12
1.827402e+01,1.216578e-11,5.956935e-10,5.956935e-12
1.827653e+01,1.172330e-11,5.715907e-10,5.715907e-12
1.827904e+01,1.131217e-11,5.455179e-10,5.455179e-12
1.828156e+01,1.096188e-11,5.190210e-10,5.190210e-12
1.828407e+01,1.070190e-11,4.939066e-10,4.939066e-12
1.828658e+01,1.055995e-11,4.723143e-10,4.723143e-12
1.828910e+01,1.056032e-11,4.567671e-10,4.567671e-12
1.829161e+01,1.072336e-11,4.501174e-10,4.501174e-12
1.829412e+01,1.106443e-11,4.552453e-10,4.552453e-12
1.829664e+01,1.159295e-11,4.745055e-10,4.745055e-12
1.829915e+01,1.231170e-11,5.091670e-10,5.091670e-12
1.830166e+01,1.321628e-11,5.591914e-10,5.591914e-12
1.830418e+01,1.429541e-11,6.234528e-10,6.234528e-12
1.830669e+01,1.553144e-11,7.001485e-10,7.001485e-12
1.830920e+01,1.690030e-11,7.871393e-10,7.871393e-12
1.831172e+01,1.837251e-11,8.821469e-10,8.821469e-12
1.831423e+01,1.991419e-11,9.828422e-10,9.828422e-12
1.831674e+01,2.148831e-11,1.086881e-09,1.086881e-11
1.831926e+01,2.305639e-11,1.191934e-09,1.191934e-11
1.832177e+01,2.457940e-11,1.295720e-09,1.295720e-11
1.832428e+01,2.601931e-11,1.396045e-09,1.396045e-11
1.832679e+01,2.734084e-11,1.490863e-09,1.490863e-11
1.832931e+01,2.851269e-11,1.578314e-09,1.578314e-11
1.833182e+01,2.950845e-11,1.656781e-09,1.656781e-11
1.833433e+01,3.030749e-11,1.724919e-09,1.724919e-11
1.833685e+01,3.089616e-11,1.781686e-09,1.781686e-11
1.833936e+01,3.126746e-11,1.826344e-09,1.826344e-11
1.834187e+01,3.142093e-11,1.858465e-09,1.858465e-11
1.834439e+01,3.136356e-11,1.877909e-09,1.877909e-11
1.834690e+01,3.110808e-11,1.884796e-09,1.884796e-11
1.834941e+01,3.067256e-11,1.879456e-09,1.879456e-11
1.835193e+01,3.007983e-11,1.862394e-09,1.862394e-11
1.835444e+01,2.935600e-11,1.834241e-09,1.834241e-11
1.835695e+01,2.852941e-11,1.795714e-09,1.795714e-11
1.835947e+01,2.762917e-11,1.747585e-09,1.747585e-11
1.836198e+01,2.668449e-11,1.690663e-09,1.690663e-11
1.836449e+01,2.572271e-11,1.625788e-09,1.625788e-11
1.836701e+01,2.476915e-11,1.553849e-09,1.553849e-11
1.836952e+01,2.384642e-11,1.475807e-09,1.475807e-11
1.837203e+01,2.297270e-11,1.392729e-09,1.392729e-11
1.837455e+01,2.216243e-11,1.305832e-09,1.305832e-11
1.837706e+01,2.142585e-11,1.216534e-09,1.216534e-11
1.837957e+01,2.076880e-11,1.126500e-09,1.126500e-11
1.838209e+01,2.019345e-11,1.037677e-09,1.037677e-11
1.838460e+01,1.969807e-11,9.523239e-10,9.523239e-12
1.838711e+01,1.927808e-11,8.729875e-10,8.729875e-12
1.838963e+01,1.892656e-11,8.024050e-10,8.024050e-12
1.839214e+01,1.863441e-11,7.432571e-10,7.432571e-12
1.839465e+01,1.839182e-11,6.977514e-10,6.977514e-12
1.839717e+01,1.818853e-11,6.670613e-10,6.670613e-12
1.839968e+01,1.801401e-11,6.508394e-10,6.508394e-12
1.840219e+01,1.785859e-11,6.471321e-10,6.471321e-12
1.840471e+01,1.771350e-11,6.527861e-10,6.527861e-12
1.840722e+01,1.757075e-11,6.641452e-10,6.641452e-12
1.840973e+01,1.742422e-11,6.777174e-10,6.777174e-12
1.841225e+01,1.726914e-11,6.905708e-10,6.905708e-12
1.841476e+01,1.710178e-11,7.004829e-10,7.004829e-12
1.841727e+01,1.692020e-11,7.059511e-10,7.059511e-12
1.841979e+01,1.672373e-11,7.061185e-10,7.061185e-12
1.842230e+01,1.651274e-11,7.006787e-10,7.006787e-12
1.842481e+01,1.628889e-11,6.897915e-10,6.897915e-12
1.842733e+01,1.605486e-11,6.740018e-10,6.740018e-12
1.842984e+01,1.581382e-11,6.541588e-10,6.541588e-12
1.843235e+01,1.556940e-11,6.313450e-10,6.313450e-12
1.843487e+01,1.532641e-11,6.068140e-10,6.068140e-12
1.843738e+01,1.509008e-11,5.819009e-10,5.819009e-12
1.843989e+01,1.486543e-11,5.579119e-10,5.579119e-12
1.844241e+01,1.465792e-11,5.360328e-10,5.360328e-12
1.844492e+01,1.447303e-11,5.172271e-10,5.172271e-12
1.844743e+01,1.431565e-11,5.021226e-10,5.021226e-12
1.844995e+01,1.419028e-11,4.909619e-10,4.909619e-12
1.845246e+01,1.410116e-11,4.836252e-10,4.836252e-12
1.845497e+01,1.405116e-11,4.796988e-10,4.796988e-12
1.845749e+01,1.404198e-11,4.785977e-10,4.785977e-12
1.846000e+01,1.407439e-11,4.797108e-10,4.797108e-12
1.846251e+01,1.414737e-11,4.825125e-10,4.825125e-12
1.846502e+01,1.425835e-11,4.866305e-10,4.866305e-12
1.846754e+01,1.440370e-11,4.918768e-10,4.918768e-12
1.847005e+01,1.457854e-11,4.982290e-10,4.982290e-12
1.847256e+01,1.477616e-11,5.057544e-10,5.057544e-12
1.847508e+01,1.498890e-11,5.145379e-10,5.145379e-12
1.847759e+01,1.520872e-11,5.246324e-10,5.246324e-12
1.848010e+01,1.542734e-11,5.359894e-10,5.359894e-12
1.848262e+01,1.563669e-11,5.484183e-10,5.484183e-12
1.848513e+01,1.582903e-11,5.616129e-10,5.616129e-12
1.848764e+01,1.599813e-11,5.751838e-10,5.751838e-12
1.849016e+01,1.613922e-11,5.886877e-10,5.886877e-12
1.849267e+01,1.624901e-11,6.016874e-10,6.016874e-12
1.849518e+01,1.632641e-11,6.138230e-10,6.138230e-12
1.849770e+01,1.637263e-11,6.248591e-10,6.248591e-12
1.850021e+01,1.639133e-11,6.347095e-10,6.347095e-12
1.850272e+01,1.638813e-11,6.434451e-10,6.434451e-12
1.850524e+01,1.637016e-11,6.512981e-10,6.512981e-12
1.850775e+01,1.634657e-11,6.586633e-10,6.586633e-12
1.851026e+01,1.632786e-11,6.660594e-10,6.660594e-12
1.851278e+01,1.632461e-11,6.740735e-10,6.740735e-12
1.851529e+01,1.634754e-11,6.833326e-10,6.833326e-12
1.851780e+01,1.640693e-11,6.944595e-10,6.944595e-12
1.852032e+01,1.651221e-11,7.080099e-10,7.080099e-12
1.852283e+01,1.667120e-11,7.244342e-10,7.244342e-12
1.852534e+01,1.688969e-11,7.440575e-10,7.440575e-12
1.852786e+01,1.717156e-11,7.670627e-10,7.670627e-12
1.853037e+01,1.751835e-11,7.934838e-10,7.934838e-12
1.853288e+01,1.792901e-11,8.232133e-10,8.232133e-12
1.853540e+01,1.840030e-11,8.560231e-10,8.560231e-12
1.853791e+01,1.892732e-11,8.915885e-10,8.915885e-12
1.854042e+01,1.950296e-11,9.295066e-10,9.295066e-12
1.854294e+01,2.011872e-11,9.693220e-10,9.693220e-12
1.854545e+01,2.076538e-11,1.010550e-09,1.010550e-11
1.854796e+01,2.143282e-11,1.052673e-09,1.052673e-11
1.855048e+01,2.211048e-11,1.095152e-09,1.095152e-11
1.855299e+01,2.278792e-11,1.137452e-09,1.137452e-11
1.855550e+01,2.345576e-11,1.179062e-09,1.179062e-11
1.855802e+01,2.410490e-11,1.219474e-09,1.219474e-11
1.856053e+01,2.472662e-11,1.258171e-09,1.258171e-11
1.856304e+01,2.531362e-11,1.294653e-09,1.294653e-11
1.856556e+01,2.585955e-11,1.328451e-09,1.328451e-11
1.856807e+01,2.635881e-11,1.359113e-09,1.359113e-11
1.857058e+01,2.680661e-11,1.386196e-09,1.386196e-11
1.857310e+01,2.719883e-11,1.409287e-09,1.409287e-11
1.857561e+01,2.753186e-11,1.428018e-09,1.428018e-11
1.857812e+01,2.780262e-11,1.442083e-09,1.442083e-11
1.858064e+01,2.800873e-11,1.451235e-09,1.451235e-11
1.858315e+01,2.814744e-11,1.455282e-09,1.455282e-11
1.858566e+01,2.821607e-11,1.454121e-09,1.454121e-11
1.858818e+01,2.821316e-11,1.447753e-09,1.447753e-11
1.859069e+01,2.813692e-11,1.436270e-09,1.436270e-11
1.859320e+01,2.798578e-11,1.419842e-09,1.419842e-11
1.859572e+01,2.775949e-11,1.398738e-09,1.398738e-11
1.859823e+01,2.745791e-11,1.373320e-09,1.373320e-11
1.860074e+01,2.708189e-11,1.344015e-09,1.344015e-11
1.860326e+01,2.663367e-11,1.311313e-09,1.311313e-11
1.860577e+01,2.611665e-11,1.275762e-09,1.275762e-11
1.860828e+01,2.553546e-11,1.237948e-09,1.237948e-11
1.861079e+01,2.489578e-11,1.198464e-09,1.198464e-11
1.861331e+01,2.420473e-11,1.157915e-09,1.157915e-11
1.861582e+01,2.347075e-11,1.116905e-09,1.116905e-11
1.861833e+01,2.270324e-11,1.076019e-09,1.076019e-11
1.862085e+01,2.191291e-11,1.035811e-09,1.035811e-11
1.862336e+01,2.111093e-11,9.967790e-10,9.967790e-12
1.862587e+01,2.030816e-11,9.593454e-10,9.593454e-12
1.862839e+01,1.951592e-11,9.238552e-10,9.238552e-12
1.863090e+01,1.874548e-11,8.905693e-10,8.905693e-12
1.863341e+01,1.800695e-11,8.596373e-10,8.596373e-12
1.863593e+01,1.730924e-11,8.310950e-10,8.310950e-12
1.863844e+01,1.666055e-11,8.048885e-10,8.048885e-12
1.864095e+01,1.606733e-11,7.808861e-10,7.808861e-12
1.864347e+01,1.553404e-11,7.588809e-10,7.588809e-12
1.864598e+01,1.506342e-11,7.386138e-10,7.386138e-12
1.864849e+01,1.465637e-11,7.198073e-10,7.198073e-12
1.865101e+01,1.431204e-11,7.021853e-10,7.021853e-12
1.865352e+01,1.402740e-11,6.854781e-10,6.854781e-12
1.865603e+01,1.379783e-11,6.694418e-10,6.694418e-12
1.865855e+01,1.361771e-11,6.538771e-10,6.538771e-12
1.866106e+01,1.348022e-11,6.386250e-10,6.386250e-12
1.866357e+01,1.337761e-11,6.235619e-10,6.235619e-12
1.866609e+01,1.330176e-11,6.086015e-10,6.086015e-12
1.866860e+01,1.324426e-11,5.936883e-10,5.936883e-12
1.867111e+01,1.319725e-11,5.787951e-10,5.787951e-12
1.867363e+01,1.315335e-11,5.639235e-10,5.639235e-12
1.867614e+01,1.310569e-11,5.490968e-10,5.490968e-12
1.867865e+01,1.304926e-11,5.343643e-10,5.343643e-12
1.868117e+01,1.298029e-11,5.197958e-10,5.197958e-12
1.868368e+01,1.289599e-11,5.054656e-10,5.054656e-12
1.868619e+01,1.279543e-11,4.914553e-10,4.914553e-12
1.868871e+01,1.267958e-11,4.778573e-10,4.778573e-12
1.869122e+01,1.255040e-11,4.647631e-10,4.647631e-12
1.869373e+01,1.241115e-11,4.522704e-10,4.522704e-12
1.869625e+01,1.226672e-11,4.404975e-10,4.404975e-12
1.869876e+01,1.212231e-11,4.295752e-10,4.295752e-12
1.870127e+01,1.198357e-11,4.196518e-10,4.196518e-12
1.870379e+01,1.185700e-11,4.109201e-10,4.109201e-12
1.870630e+01,1.174880e-11,4.036130e-10,4.036130e-12
1.870881e+01,1.166433e-11,3.979876e-10,3.979876e-12
1.871133e+01,1.160884e-11,3.943351e-10,3.943351e-12
1.871384e+01,1.158675e-11,3.929625e-10,3.929625e-12
1.871635e+01,1.160110e-11,3.941619e-10,3.941619e-12
1.871887e+01,1.165452e-11,3.981912e-10,3.981912e-12
1.872138e+01,1.174830e-11,4.052379e-10,4.052379e-12
1.872389e+01,1.188218e-11,4.153995e-10,4.153995e-12
1.872641e+01,1.205535e-11,4.286854e-10,4.286854e-12
1.872892e+01,1.226605e-11,4.450108e-10,4.450108e-12
1.873143e+01,1.251151e-11,4.642017e-10,4.642017e-12
1.873395e+01,1.278860e-11,4.860212e-10,4.860212e-12
1.873646e+01,1.309360e-11,5.101796e-10,5.101796e-12
1.873897e+01,1.342223e-11,5.363413e-10,5.363413e-12
1.874149e+01,1.377051e-11,5.641490e-10,5.641490e-12
1.874400e+01,1.413425e-11,5.932302e-10,5.932302e-12
1.874651e+01,1.450887e-11,6.231971e-10,6.231971e-12
1.874902e+01,1.489046e-11,6.536669e-10,6.536669e-12
1.875154e+01,1.527517e-11,6.842684e-10,6.842684e-12
1.875405e+01,1.565920e-11,7.146473e-10,7.146473e-12
1.875656e+01,1.603966e-11,7.444816e-10,7.444816e-12
1.875908e+01,1.641367e-11,7.734869e-10,7.734869e-12
1.876159e+01,1.677862e-11,8.014234e-10,8.014234e-12
1.876410e+01,1.713237e-11,8.281035e-10,8.281035e-12
1.876662e+01,1.747308e-11,8.533882e-10,8.533882e-12
1.876913e+01,1.779936e-11,8.771868e-10,8.771868e-12
1.877164e+01,1.811006e-11,8.994526e-10,8.994526e-12
1.877416e+01,1.840440e-11,9.201713e-10,9.201713e-12
1.877667e+01,1.868208e-11,9.393567e-10,9.393567e-12
1.877918e+01,1.894321e-11,9.570419e-10,9.570419e-12
1.878170e+01,1.918784e-11,9.732607e-10,9.732607e-12
1.878421e+01,1.941672e-11,9.880394e-10,9.880394e-12
1.878672e+01,1.963109e-11,1.001392e-09,1.001392e-11
1.878924e+01,1.983195e-11,1.013309e-09,1.013309e-11
1.879175e+01,2.002077e-11,1.023751e-09,1.023751e-11
1.879426e+01,2.019896e-11,1.032656e-09,1.032656e-11
1.879678e+01,2.036804e-11,1.039932e-09,1.039932e-11
1.879929e+01,2.052975e-11,1.045469e-09,1.045469e-11
1.880180e+01,2.068489e-11,1.049131e-09,1.049131e-11
1.880432e+01,2.083393e-11,1.050773e-09,1.050773e-11
1.880683e+01,2.097715e-11,1.050262e-09,1.050262e-11
1.880934e+01,2.111391e-11,1.047481e-09,1.047481e-11
1.881186e+01,2.124322e-11,1.042341e-09,1.042341e-11
1.881437e+01,2.136351e-11,1.034792e-09,1.034792e-11
1.881688e+01,2.147190e-11,1.024830e-09,1.024830e-11
1.881940e+01,2.156550e-11,1.012507e-09,1.012507e-11
1.882191e+01,2.164150e-11,9.979389e-10,9.979389e-12
1.882442e+01,2.169633e-11,9.812940e-10,9.812940e-12
1.882694e+01,2.172698e-11,9.628006e-10,9.628006e-12
1.882945e+01,2.173092e-11,9.427332e-10,9.427332e-12
1.883196e+01,2.170564e-11,9.213987e-10,9.213987e-12
1.883448e+01,2.165005e-11,8.991463e-10,8.991463e-12
1.883699e+01,2.156396e-11,8.763611e-10,8.763611e-12
1.883950e+01,2.144794e-11,8.534471e-10,8.534471e-12
1.884202e+01,2.130399e-11,8.308289e-10,8.308289e-12
1.884453e+01,2.113473e-11,8.089561e-10,8.089561e-12
1.884704e+01,2.094357e-11,7.883092e-10,7.883092e-12
1.884956e+01,2.073535e-11,7.694010e-10,7.694010e-12
1.885207e+01,2.051504e-11,7.527477e-10,7.527477e-12
1.885458e+01,2.028709e-11,7.388402e-10,7.388402e-12
1.885710e+01,2.005628e-11,7.281216e-10,7.281216e-12
1.885961e+01,1.982680e-11,7.209314e-10,7.209314e-12
1.886212e+01,1.960196e-11,7.174487e-10,7.174487e-12
1.886464e+01,1.938440e-11,7.176482e-10,7.176482e-12
1.886715e+01,1.917534e-11,7.212592e-10,7.212592e-12
1.886966e+01,1.897466e-11,7.277684e-10,7.277684e-12
1.887218e+01,1.878113e-11,7.364559e-10,7.364559e-12
1.887469e+01,1.859247e-11,7.464445e-10,7.464445e-12
1.887720e+01,1.840558e-11,7.567689e-10,7.567689e-12
1.887972e+01,1.821689e-11,7.664561e-10,7.664561e-12
1.888223e+01,1.802263e-11,7.745939e-10,7.745939e-12
1.888474e+01,1.781922e-11,7.803891e-10,7.803891e-12
1.888726e+01,1.760374e-11,7.832188e-10,7.832188e-12
1.888977e+01,1.737432e-11,7.826673e-10,7.826673e-12
1.889228e+01,1.713075e-11,7.785493e-10,7.785493e-12
1.889479e+01,1.687428e-11,7.709159e-10,7.709159e-12
1.889731e+01,1.660800e-11,7.600484e-10,7.600484e-12
1.889982e+01,1.633712e-11,7.464406e-10,7.464406e-12
1.890233e+01,1.606856e-11,7.307714e-10,7.307714e-12
1.890485e+01,1.581125e-11,7.138759e-10,7.138759e-12
1.890736e+01,1.557555e-11,6.966980e-10,6.966980e-12
1.890987e+01,1.537277e-11,6.802319e-10,6.802319e-12
1.891239e+01,1.521475e-11,6.654768e-10,6.654768e-12
1.891490e+01,1.511321e-11,6.534007e-10,6.534007e-12
1.891741e+01,1.507967e-11,6.449039e-10,6.449039e-12
1.891993e+01,1.512443e-11,6.407814e-10,6.407814e-12
1.892244e+01,1.525584e-11,6.417034e-10,6.417034e-12
1.892495e+01,1.548000e-11,6.482059e-10,6.482059e-12
1.892747e+01,1.580026e-11,6.606605e-10,6.606605e-12
1.892998e+01,1.621697e-11,6.792448e-10,6.792448e-12
1.893249e+01,1.672696e-11,7.039144e-10,7.039144e-12
1.893501e+01,1.732354e-11,7.343696e-10,7.343696e-12
1.893752e+01,1.799691e-11,7.700387e-10,7.700387e-12
1.894003e+01,1.873393e-11,8.100818e-10,8.100818e-12
1.894255e+01,1.951869e-11,8.534161e-10,8.534161e-12
1.894506e+01,2.033291e-11,8.987587e-10,8.987587e-12
1.894757e+01,2.115641e-11,9.446868e-10,9.446868e-12
1.895009e+01,2.196787e-11,9.897086e-10,9.897086e-12
1.895260e+01,2.274585e-11,1.032337e-09,1.032337e-11
1.895511e+01,2.346955e-11,1.071161e-09,1.071161e-11
1.895763e+01,2.411915e-11,1.104921e-09,1.104921e-11
1.896014e+01,2.467712e-11,1.132575e-09,1.132575e-11
1.896265e+01,2.512868e-11,1.153351e-09,1.153351e-11
1.896517e+01,2.546237e-11,1.166789e-09,1.166789e-11
1.896768e+01,2.567086e-11,1.172777e-09,1.172777e-11
1.897019e+01,2.575124e-11,1.171551e-09,1.171551e-11
1.897271e+01,2.570522e-11,1.163682e-09,1.163682e-11
1.897522e+01,2.553891e-11,1.150036e-09,1.150036e-11
1.897773e+01,2.526291e-11,1.131702e-09,1.131702e-11
1.898025e+01,2.489185e-11,1.109905e-09,1.109905e-11
1.898276e+01,2.444366e-11,1.085886e-09,1.085886e-11
1.898527e+01,2.393913e-11,1.060799e-09,1.060799e-11
1.898779e+01,2.340095e-11,1.035613e-09,1.035613e-11
1.899030e+01,2.285290e-11,1.011050e-09,1.011050e-11
1.899281e+01,2.231876e-11,9.875875e-10,9.875875e-12
1.899533e+01,2.182089e-11,9.655254e-10,9.655254e-12
1.899784e+01,2.137986e-11,9.451266e-10,9.451266e-12
1.900035e+01,2.101333e-11,9.267995e-10,9.267995e-12
1.900287e+01,2.073512e-11,9.112806e-10,9.112806e-12
1.900538e+01,2.055509e-11,8.997707e-10,8.997707e-12
1.900789e+01,2.047831e-11,8.939625e-10,8.939625e-12
1.901041e+01,2.050498e-11,8.959004e-10,8.959004e-12
1.901292e+01,2.063087e-11,9.076622e-10,9.076622e-12
1.901543e+01,2.084728e-11,9.308999e-10,9.308999e-12
1.901795e+01,2.114155e-11,9.663807e-10,9.663807e-12
1.902046e+01,2.149792e-11,1.013719e-09,1.013719e-11
1.902297e+01,2.189849e-11,1.071374e-09,1.071374e-11
1.902549e+01,2.232399e-11,1.136878e-09,1.136878e-11
1.902800e+01,2.275444e-11,1.207189e-09,1.207189e-11
1.903051e+01,2.317074e-11,1.279054e-09,1.279054e-11
1.903302e+01,2.355530e-11,1.349291e-09,1.349291e-11
1.903554e+01,2.389259e-11,1.414987e-09,1.414987e-11
1.903805e+01,2.417021e-11,1.473635e-09,1.473635e-11
1.904056e+01,2.437878e-11,1.523213e-09,1.523213e-11
1.904308e+01,2.451279e-11,1.562229e-09,1.562229e-11
1.904559e+01,2.457062e-11,1.589730e-09,1.589730e-11
1.904810e+01,2.455385e-11,1.605294e-09,1.605294e-11
1.905062e+01,2.446769e-11,1.609001e-09,1.609001e-11
1.905313e+01,2.432014e-11,1.601383e-09,1.601383e-11
1.905564e+01,2.412158e-11,1.583371e-09,1.583371e-11
1.905816e+01,2.388455e-11,1.556228e-09,1.556228e-11
1.906067e+01,2.362247e-11,1.521475e-09,1.521475e-11
1.906318e+01,2.334907e-11,1.480816e-09,1.480816e-11
1.906570e+01,2.307845e-11,1.436070e-09,1.436070e-11
1.906821e+01,2.282415e-11,1.389096e-09,1.389096e-11
1.907072e+01,2.259855e-11,1.341728e-09,1.341728e-11
1.907324e+01,2.241286e-11,1.295712e-09,1.295712e-11
1.907575e+01,2.227678e-11,1.252646e-09,1.252646e-11
1.907826e+01,2.219842e-11,1.213930e-09,1.213930e-11
1.908078e+01,2.218416e-11,1.180713e-09,1.180713e-11
1.908329e+01,2.223834e-11,1.153862e-09,1.153862e-11
1.908580e+01,2.236367e-11,1.133927e-09,1.133927e-11
1.908832e+01,2.256122e-11,1.121149e-09,1.121149e-11
1.909083e+01,2.283029e-11,1.115465e-09,1.115465e-11
1.909334e+01,2.316838e-11,1.116550e-09,1.116550e-11
1.909586e+01,2.357138e-11,1.123872e-09,1.123872e-11
1.909837e+01,2.403342e-11,1.136728e-09,1.136728e-11
1.910088e+01,2.454661e-11,1.154289e-09,1.154289e-11
1.910340e+01,2.510179e-11,1.175665e-09,1.175665e-11
1.910591e+01,2.568811e-11,1.199927e-09,1.199927e-11
1.910842e+01,2.629263e-11,1.226099e-09,1.226099e-11
1.911094e+01,2.690120e-11,1.253176e-09,1.253176e-11
1.911345e+01,2.749824e-11,1.280139e-09,1.280139e-11
1.911596e+01,2.806738e-11,1.305970e-09,1.305970e-11
1.911848e+01,2.859186e-11,1.329653e-09,1.329653e-11
1.912099e+01,2.905441e-11,1.350191e-09,1.350191e-11
1.912350e+01,2.943841e-11,1.366644e-09,1.366644e-11
1.912602e+01,2.972856e-11,1.378166e-09,1.378166e-11
1.912853e+01,2.991113e-11,1.384035e-09,1.384035e-11
1.913104e+01,2.997500e-11,1.383703e-09,1.383703e-11
1.913356e+01,2.991255e-11,1.376830e-09,1.376830e-11
1.913607e+01,2.971921e-11,1.363307e-09,1.363307e-11
1.913858e+01,2.939444e-11,1.343282e-09,1.343282e-11
1.914110e+01,2.894240e-11,1.317171e-09,1.317171e-11
1.914361e+01,2.837151e-11,1.285639e-09,1.285639e-11
1.914612e+01,2.769470e-11,1.249578e-09,1.249578e-11
1.914864e+01,2.692919e-11,1.210074e-09,1.210074e-11
1.915115e+01,2.609562e-11,1.168352e-09,1.168352e-11
1.915366e+01,2.521755e-11,1.125707e-09,1.125707e-11
1.915618e+01,2.432151e-11,1.083453e-09,1.083453e-11
1.915869e+01,2.343535e-11,1.042878e-09,1.042878e-11
1.916120e+01,2.258691e-11,1.005204e-09,1.005204e-11
1.916372e+01,2.180373e-11,9.715799e-10,9.715799e-12
1.916623e+01,2.111171e-11,9.431112e-10,9.431112e-12
1.916874e+01,2.053465e-11,9.209025e-10,9.209025e-12
1.917126e+01,2.009313e-11,9.060671e-10,9.060671e-12
1.917377e+01,1.980312e-11,8.997177e-10,8.997177e-12
1.917628e+01,1.967640e-11,9.029281e-10,9.029281e-12
1.917879e+01,1.971983e-11,9.166076e-10,9.166076e-12
1.918131e+01,1.993477e-11,9.413456e-10,9.413456e-12
1.918382e+01,2.031747e-11,9.772945e-10,9.772945e-12
1.918633e+01,2.085925e-11,1.024099e-09,1.024099e-11
1.918885e+01,2.154673e-11,1.080899e-09,1.080899e-11
1.919136e+01,2.236202e-11,1.146422e-09,1.146422e-11
1.919387e+01,2.328385e-11,1.219110e-09,1.219110e-11
1.919639e+01,2.428806e-11,1.297253e-09,1.297253e-11
1.919890e+01,2.534839e-11,1.379099e-09,1.379099e-11
1.920141e+01,2.643755e-11,1.462940e-09,1.462940e-11
1.920393e+01,2.752748e-11,1.547168e-09,1.547168e-11
1.920644e+01,2.859111e-11,1.630300e-09,1.630300e-11
1.920895e+01,2.960273e-11,1.710993e-09,1.710993e-11
1.921147e+01,3.053831e-11,1.788034e-09,1.788034e-11
1.921398e+01,3.137716e-11,1.860321e-09,1.860321e-11
1.921649e+01,3.210159e-11,1.926835e-09,1.926835e-11
1.921901e+01,3.269771e-11,1.986617e-09,1.986617e-11
1.922152e+01,3.315601e-11,2.038750e-09,2.038750e-11
1.922403e+01,3.347120e-11,2.082345e-09,2.082345e-11
1.922655e+01,3.364218e-11,2.116534e-09,2.116534e-11
1.922906e+01,3.367187e-11,2.140476e-09,2.140476e-11
1.923157e+01,3.356713e-11,2.153383e-09,2.153383e-11
1.923409e+01,3.333814e-11,2.154553e-09,2.154553e-11
1.923660e+01,3.299781e-11,2.143414e-09,2.143414e-11
1.923911e+01,3.256134e-11,2.119575e-09,2.119575e-11
1.924163e+01,3.204562e-11,2.082887e-09,2.082887e-11
1.924414e+01,3.146809e-11,2.033491e-09,2.033491e-11
1.924665e+01,3.084598e-11,1.971870e-09,1.971870e-11
1.924917e+01,3.019600e-11,1.898888e-09,1.898888e-11
1.925168e+01,2.953320e-11,1.815819e-09,1.815819e-11
1.925419e+01,2.887080e-11,1.724365e-09,1.724365e-11
1.925671e+01,2.821943e-11,1.626636e-09,1.626636e-11
1.925922e+01,2.758694e-11,1.525114e-09,1.525114e-11
1.926173e+01,2.697864e-11,1.422585e-09,1.422585e-11
1.926425e+01,2.639638e-11,1.322025e-09,1.322025e-11
1.926676e+01,2.583927e-11,1.226424e-09,1.226424e-11
1.926927e+01,2.530445e-11,1.138552e-09,1.138552e-11
1.927179e+01,2.478710e-11,1.060652e-09,1.060652e-11
1.927430e+01,2.428088e-11,9.941063e-10,9.941063e-12
1.927681e+01,2.377865e-11,9.391693e-10,9.391693e-12
1.927933e+01,2.327309e-11,8.948805e-10,8.948805e-12
1.928184e+01,2.275733e-11,8.592203e-10,8.592203e-12
1.928435e+01,2.222587e-11,8.295039e-10,8.295039e-12
1.928687e+01,2.167451e-11,8.028858e-10,8.028858e-12
1.928938e+01,2.110083e-11,7.768180e-10,7.768180e-12
1.929189e+01,2.050483e-11,7.493635e-10,7.493635e-12
1.929441e+01,1.988808e-11,7.193462e-10,7.193462e-12
1.929692e+01,1.925432e-11,6.863790e-10,6.863790e-12
1.929943e+01,1.860958e-11,6.507916e-10,6.507916e-12
1.930195e+01,1.796075e-11,6.134936e-10,6.134936e-12
1.930446e+01,1.731604e-11,5.758217e-10,5.758217e-12
1.930697e+01,1.668447e-11,5.393540e-10,5.393540e-12
1.930949e+01,1.607460e-11,5.056817e-10,5.056817e-12
1.931200e+01,1.549414e-11,4.761783e-10,4.761783e-12
1.931451e+01,1.495037e-11,4.517984e-10,4.517984e-12
1.931702e+01,1.444939e-11,4.329169e-10,4.329169e-12
1.931954e+01,1.399491e-11,4.192812e-10,4.192812e-12
1.932205e+01,1.358908e-11,4.101521e-10,4.101521e-12
1.932456e+01,1.323234e-11,4.045465e-10,4.045465e-12
1.932708e+01,1.292313e-11,4.014802e-10,4.014802e-12
1.932959e+01,1.265824e-11,4.001726e-10,4.001726e-12
1.933210e+01,1.243345e-11,4.001543e-10,4.001543e-12
1.933462e+01,1.224379e-11,4.012643e-10,4.012643e-12
1.933713e+01,1.208371e-11,4.035854e-10,4.035854e-12
1.933964e+01,1.194824e-11,4.073542e-10,4.073542e-12
1.934216e+01,1.183283e-11,4.128482e-10,4.128482e-12
1.934467e+01,1.173386e-11,4.202932e-10,4.202932e-12
1.934718e+01,1.164942e-11,4.298114e-10,4.298114e-12
1.934970e+01,1.157886e-11,4.414008e-10,4.414008e-12
1.935221e+01,1.152340e-11,4.549515e-10,4.549515e-12
1.935472e+01,1.148575e-11,4.702748e-10,4.702748e-12
1.935724e+01,1.146986e-11,4.871461e-10,4.871461e-12
1.935975e+01,1.148123e-11,5.053475e-10,5.053475e-12
1.936226e+01,1.152584e-11,5.246889e-10,5.246889e-12
1.936478e+01,1.160987e-11,5.450195e-10,5.450195e-12
1.936729e+01,1.173937e-11,5.662298e-10,5.662298e-12
1.936980e+01,1.191984e-11,5.882429e-10,5.882429e-12
1.937232e+01,1.215553e-11,6.110031e-10,6.110031e-12
1.937483e+01,1.244908e-11,6.344569e-10,6.344569e-12
1.937734e+01,1.280136e-11,6.585355e-10,6.585355e-12
1.937986e+01,1.321136e-11,6.831456e-10,6.831456e-12
1.938237e+01,1.367615e-11,7.081589e-10,7.081589e-12
1.938488e+01,1.419045e-11,7.334018e-10,7.334018e-12
1.938740e+01,1.474738e-11,7.586560e-10,7.586560e-12
1.938991e+01,1.533840e-11,7.836693e-10,7.836693e-12
1.939242e+01,1.595378e-11,8.081774e-10,8.081774e-12
1.939494e+01,1.658316e-11,8.319270e-10,8.319270e-12
1.939745e+01,1.721551e-11,8.547022e-10,8.547022e-12
1.939996e+01,1.784034e-11,8.763603e-10,8.763603e-12
1.940248e+01,1.844759e-11,8.968609e-10,8.968609e-12
1.940499e+01,1.902796e-11,9.162937e-10,9.162937e-12
1.940750e+01,1.957413e-11,9.349007e-10,9.349007e-12
1.941002e+01,2.007994e-11,9.530720e-10,9.530720e-12
1.941253e+01,2.054116e-11,9.713193e-10,9.713193e-12
1.941504e+01,2.095570e-11,9.902347e-10,9.902347e-12
1.941756e+01,2.132284e-11,1.010434e-09,1.010434e-11
1.942007e+01,2.164394e-11,1.032479e-09,1.032479e-11
1.942258e+01,2.192191e-11,1.056793e-09,1.056793e-11
1.942510e+01,2.216024e-11,1.083573e-09,1.083573e-11
1.942761e+01,2.236337e-11,1.112755e-09,1.112755e-11
1.943012e+01,2.253661e-11,1.143987e-09,1.143987e-11
1.943264e+01,2.268484e-11,1.176633e-09,1.176633e-11
1.943515e+01,2.281245e-11,1.209813e-09,1.209813e-11
1.943766e+01,2.292343e-11,1.242479e-09,1.242479e-11
1.944018e+01,2.302064e-11,1.273483e-09,1.273483e-11
1.944269e+01,2.310545e-11,1.301643e-09,1.301643e-11
1.944520e+01,2.317801e-11,1.325823e-09,1.325823e-11
1.944772e+01,2.323750e-11,1.344994e-09,1.344994e-11
1.945023e+01,2.328138e-11,1.358274e-09,1.358274e-11
1.945274e+01,2.330616e-11,1.364966e-09,1.364966e-11
1.945525e+01,2.330772e-11,1.364578e-09,1.364578e-11
1.945777e+01,2.328114e-11,1.356831e-09,1.356831e-11
1.946028e+01,2.322112e-11,1.341652e-09,1.341652e-11
1.946279e+01,2.312245e-11,1.319179e-09,1.319179e-11
1.946531e+01,2.298069e-11,1.289750e-09,1.289750e-11
1.946782e+01,2.279224e-11,1.253889e-09,1.253889e-11
1.947033e+01,2.255453e-11,1.212276e-09,1.212276e-11
1.947285e+01,2.226653e-11,1.165738e-09,1.165738e-11
1.947536e+01,2.192906e-11,1.115231e-09,1.115231e-11
1.947787e+01,2.154476e-11,1.061836e-09,1.061836e-11
1.948039e+01,2.111807e-11,1.006721e-09,1.006721e-11
1.948290e+01,2.065534e-11,9.511329e-10,9.511329e-12
1.948541e+01,2.016487e-11,8.963823e-10,8.963823e-12
1.948793e+01,1.965655e-11,8.438005e-10,8.438005e-12
1.949044e+01,1.914100e-11,7.946795e-10,7.946795e-12
1.949295e+01,1.862971e-11,7.502125e-10,7.502125e-12
1.949547e+01,1.813504e-11,7.114187e-10,7.114187e-12
1.949798e+01,1.766911e-11,6.790267e-10,6.790267e-12
1.950049e+01,1.724325e-11,6.533687e-10,6.533687e-12
1.950301e+01,1.686786e-11,6.343409e-10,6.343409e-12
1.950552e+01,1.655178e-11,6.214165e-10,6.214165e-12
1.950803e+01,1.630198e-11,6.137225e-10,6.137225e-12
1.951055e+01,1.612341e-11,6.101961e-10,6.101961e-12
1.951306e+01,1.601881e-11,6.097330e-10,6.097330e-12
1.951557e+01,1.598798e-11,6.113102e-10,6.113102e-12
1.951809e+01,1.602827e-11,6.140989e-10,6.140989e-12
1.952060e+01,1.613481e-11,6.174940e-10,6.174940e-12
1.952311e+01,1.629994e-11,6.210934e-10,6.210934e-12
1.952563e+01,1.651432e-11,6.246853e-10,6.246853e-12
1.952814e+01,1.676701e-11,6.281954e-10,6.281954e-12
1.953065e+01,1.704569e-11,6.316179e-10,6.316179e-12
1.953317e+01,1.733756e-11,6.349641e-10,6.349641e-12
1.953568e+01,1.762923e-11,6.382026e-10,6.382026e-12
1.953819e+01,1.790756e-11,6.412408e-10,6.412408e-12
1.954071e+01,1.816074e-11,6.439338e-10,6.439338e-12
1.954322e+01,1.837789e-11,6.460638e-10,6.460638e-12
1.954573e+01,1.854941e-11,6.473553e-10,6.473553e-12
1.954825e+01,1.866794e-11,6.475349e-10,6.475349e-12
1.955076e+01,1.872809e-11,6.463627e-10,6.463627e-12
1.955327e+01,1.872676e-11,6.436560e-10,6.436560e-12
1.955579e+01,1.866355e-11,6.393180e-10,6.393180e-12
1.955830e+01,1.854016e-11,6.333493e-10,6.333493e-12
1.956081e+01,1.836070e-11,6.258476e-10,6.258476e-12
1.956333e+01,1.813115e-11,6.170002e-10,6.170002e-12
1.956584e+01,1.785892e-11,6.070598e-10,6.070598e-12
1.956835e+01,1.755305e-11,5.963214e-10,5.963214e-12
1.957087e+01,1.722354e-11,5.851027e-10,5.851027e-12
1.957338e+01,1.688118e-11,5.737234e-10,5.737234e-12
1.957589e+01,1.653692e-11,5.624863e-10,5.624863e-12
1.957841e+01,1.620120e-11,5.516682e-10,5.516682e-12
1.958092e+01,1.588420e-11,5.415309e-10,5.415309e-12
1.958343e+01,1.559484e-11,5.323316e-10,5.323316e-12
1.958595e+01,1.534050e-11,5.243266e-10,5.243266e-12
1.958846e+01,1.512711e-11,5.177864e-10,5.177864e-12
1.959097e+01,1.495867e-11,5.129894e-10,5.129894e-12
1.959349e+01,1.483725e-11,5.101911e-10,5.101911e-12
1.959600e+01,1.476260e-11,5.095831e-10,5.095831e-12
1.959851e+01,1.473270e-11,5.112486e-10,5.112486e-12
1.960102e+01,1.474389e-11,5.151216e-10,5.151216e-12
1.960354e+01,1.479048e-11,5.209523e-10,5.209523e-12
1.960605e+01,1.486570e-11,5.283131e-10,5.283131e-12
1.960856e+01,1.496231e-11,5.366468e-10,5.366468e-12
1.961108e+01,1.507262e-11,5.453282e-10,5.453282e-12
1.961359e+01,1.518926e-11,5.537453e-10,5.537453e-12
1.961610e+01,1.530565e-11,5.613884e-10,5.613884e-12
1.961862e+01,1.541656e-11,5.679327e-10,5.679327e-12
1.962113e+01,1.551879e-11,5.733029e-10,5.733029e-12
1.962364e+01,1.561131e-11,5.777154e-10,5.777154e-12
1.962616e+01,1.569599e-11,5.816871e-10,5.816871e-12
1.962867e+01,1.577706e-11,5.859996e-10,5.859996e-12
1.963118e+01,1.586181e-11,5.916225e-10,5.916225e-12
1.963370e+01,1.596041e-11,5.995884e-10,5.995884e-12
1.963621e+01,1.608498e-11,6.108345e-10,6.108345e-12
1.963872e+01,1.624972e-11,6.260645e-10,6.260645e-12
1.964124e+01,1.647024e-11,6.456476e-10,6.456476e-12
1.964375e+01,1.676264e-11,6.695862e-10,6.695862e-12
1.964626e+01,1.714230e-11,6.975827e-10,6.975827e-12
1.964878e+01,1.762361e-11,7.291725e-10,7.291725e-12
1.965129e+01,1.821889e-11,7.638714e-10,7.638714e-12
1.965380e+01,1.893740e-11,8.013016e-10,8.013016e-12
1.965632e+01,1.978452e-11,8.412737e-10,8.412737e-12
1.965883e+01,2.076093e-11,8.838245e-10,8.838245e-12
1.966134e+01,2.186254e-11,9.291966e-10,9.291966e-12
1.966386e+01,2.307994e-11,9.777540e-10,9.777540e-12
1.966637e+01,2.439895e-11,1.029861e-09,1.029861e-11
1.966888e+01,2.580051e-11,1.085746e-09,1.085746e-11
1.967140e+01,2.726057e-11,1.145372e-09,1.145372e-11
1.967391e+01,2.875163e-11,1.208360e-09,1.208360e-11
1.967642e+01,3.024341e-11,1.273965e-09,1.273965e-11
1.967894e+01,3.170395e-11,1.341092e-09,1.341092e-11
1.968145e+01,3.310079e-11,1.408355e-09,1.408355e-11
1.968396e+01,3.440182e-11,1.474167e-09,1.474167e-11
1.968648e+01,3.557682e-11,1.536849e-09,1.536849e-11
1.968899e+01,3.659840e-11,1.594738e-09,1.594738e-11
1.969150e+01,3.744277e-11,1.646270e-09,1.646270e-11
1.969402e+01,3.809067e-11,1.690060e-09,1.690060e-11
1.969653e+01,3.852810e-11,1.724962e-09,1.724962e-11
1.969904e+01,3.874663e-11,1.750094e-09,1.750094e-11
1.970156e+01,3.874338e-11,1.764863e-09,1.764863e-11
1.970407e+01,3.852105e-11,1.768956e-09,1.768956e-11
1.970658e+01,3.808767e-11,1.762330e-09,1.762330e-11
1.970910e+01,3.745613e-11,1.745182e-09,1.745182e-11
1.971161e+01,3.664347e-11,1.717919e-09,1.717919e-11
1.971412e+01,3.567045e-11,1.681129e-09,1.681129e-11
1.971664e+01,3.456024e-11,1.635540e-09,1.635540e-11
1.971915e+01,3.333762e-11,1.581992e-09,1.581992e-11
1.972166e+01,3.202883e-11,1.521414e-09,1.521414e-11
1.972418e+01,3.066019e-11,1.454806e-09,1.454806e-11
1.972669e+01,2.925725e-11,1.383219e-09,1.383219e-11
1.972920e+01,2.784446e-11,1.307754e-09,1.307754e-11
1.973172e+01,2.644470e-11,1.229560e-09,1.229560e-11
1.973423e+01,2.507844e-11,1.149837e-09,1.149837e-11
1.973674e+01,2.376385e-11,1.069828e-09,1.069828e-11
1.973925e+01,2.251680e-11,9.908201e-10,9.908201e-12
1.974177e+01,2.135037e-11,9.141387e-10,9.141387e-12
1.974428e+01,2.027486e-11,8.411380e-10,8.411380e-12
1.974679e+01,1.929827e-11,7.731784e-10,7.731784e-12
1.974931e+01,1.842637e-11,7.115816e-10,7.115816e-12
1.975182e+01,1.766251e-11,6.575690e-10,6.575690e-12
1.975433e+01,1.700805e-11,6.121715e-10,6.121715e-12
1.975685e+01,1.646274e-11,5.761064e-10,5.761064e-12
1.975936e+01,1.602461e-11,5.496639e-10,5.496639e-12
1.976187e+01,1.569007e-11,5.326335e-10,5.326335e-12
1.976439e+01,1.545439e-11,5.243183e-10,5.243183e-12
1.976690e+01,1.531197e-11,5.236642e-10,5.236642e-12
1.976941e+01,1.525600e-11,5.294403e-10,5.294403e-12
1.977193e+01,1.527873e-11,5.404115e-10,5.404115e-12
1.977444e+01,1.537202e-11,5.554614e-10,5.554614e-12
1.977695e+01,1.552701e-11,5.736368e-10,5.736368e-12
1.977947e+01,1.573425e-11,5.941454e-10,5.941454e-12
1.978198e+01,1.598427e-11,6.163303e-10,6.163303e-12
1.978449e+01,1.626755e-11,6.396179e-10,6.396179e-12
1.978701e+01,1.657423e-11,6.634809e-10,6.634809e-12
1.978952e+01,1.689513e-11,6.874365e-10,6.874365e-12
1.979203e+01,1.722172e-11,7.110302e-10,7.110302e-12
1.979455e+01,1.754535e-11,7.338158e-10,7.338158e-12
1.979706e+01,1.785830e-11,7.553780e-10,7.553780e-12
1.979957e+01,1.815412e-11,7.753597e-10,7.753597e-12
1.980209e+01,1.842718e-11,7.934524e-10,7.934524e-12
1.980460e+01,1.867318e-11,8.093976e-10,8.093976e-12
1.980711e+01,1.888894e-11,8.230002e-10,8.230002e-12
1.980963e+01,1.907284e-11,8.341209e-10,8.341209e-12
1.981214e+01,1.922465e-11,8.426730e-10,8.426730e-12
1.981465e+01,1.934534e-11,8.486162e-10,8.486162e-12
1.981717e+01,1.943724e-11,8.519330e-10,8.519330e-12
1.981968e+01,1.950374e-11,8.526319e-10,8.526319e-12
1.982219e+01,1.954968e-11,8.507662e-10,8.507662e-12
1.982471e+01,1.958097e-11,8.464263e-10,8.464263e-12
1.982722e+01,1.960381e-11,8.397488e-10,8.397488e-12
1.982973e+01,1.962477e-11,8.309427e-10,8.309427e-12
1.983225e+01,1.965084e-11,8.203046e-10,8.203046e-12
1.983476e+01,1.968866e-11,8.082624e-10,8.082624e-12
1.983727e+01,1.974455e-11,7.954214e-10,7.954214e-12
1.983979e+01,1.982417e-11,7.825533e-10,7.825533e-12
1.984230e+01,1.993159e-11,7.706013e-10,7.706013e-12
1.984481e+01,2.007017e-11,7.606966e-10,7.606966e-12
1.984733e+01,2.024196e-11,7.540811e-10,7.540811e-12
1.984984e+01,2.044708e-11,7.519849e-10,7.519849e-12
1.985235e+01,2.068428e-11,7.555123e-10,7.555123e-12
1.985487e+01,2.095101e-11,7.654819e-10,7.654819e-12
1.985738e+01,2.124284e-11,7.822753e-10,7.822753e-12
1.985989e+01,2.155393e-11,8.057796e-10,8.057796e-12
1.986241e+01,2.187788e-11,8.354132e-10,8.354132e-12
1.986492e+01,2.220766e-11,8.702034e-10,8.702034e-12
1.986743e+01,2.253549e-11,9.088978e-10,9.088978e-12
1.986995e+01,2.285308e-11,9.500982e-10,9.500982e-12
1.987246e+01,2.315278e-11,9.923863e-10,9.923863e-12
1.987497e+01,2.342768e-11,1.034404e-09,1.034404e-11
1.987749e+01,2.367132e-11,1.074903e-09,1.074903e-11
1.988000e+01,2.387828e-11,1.112786e-09,1.112786e-11
1.988251e+01,2.404435e-11,1.147119e-09,1.147119e-11
1.988502e+01,2.416699e-11,1.177138e-09,1.177138e-11
1.988754e+01,2.424456e-11,1.202240e-09,1.202240e-11
1.989005e+01,2.427656e-11,1.221983e-09,1.221983e-11
1.989256e+01,2.426408e-11,1.236080e-09,1.236080e-11
1.989508e+01,2.420887e-11,1.244380e-09,1.244380e-11
1.989759e+01,2.411379e-11,1.246869e-09,1.246869e-11
1.990010e+01,2.398220e-11,1.243658e-09,1.243658e-11
1.990262e+01,2.381750e-11,1.234972e-09,1.234972e-11
1.990513e+01,2.362358e-11,1.221138e-09,1.221138e-11
1.990764e+01,2.340401e-11,1.202583e-09,1.202583e-11
1.991016e+01,2.316186e-11,1.179809e-09,1.179809e-11
1.991267e+01,2.290012e-11,1.153377e-09,1.153377e-11
1.991518e+01,2.262141e-11,1.123891e-09,1.123891e-11
1.991770e+01,2.232731e-11,1.091962e-09,1.091962e-11
1.992021e+01,2.201880e-11,1.058198e-09,1.058198e-11
1.992272e+01,2.169667e-11,1.023176e-09,1.023176e-11
1.992524e+01,2.136098e-11,9.874144e-10,9.874144e-12
1.992775e+01,2.101171e-11,9.513651e-10,9.513651e-12
1.993026e+01,2.064858e-11,9.154084e-10,9.154084e-12
1.993278e+01,2.027070e-11,8.798368e-10,8.798368e-12
1.993529e+01,1.987790e-11,8.448803e-10,8.448803e-12
1.993780e+01,1.946988e-11,8.107122e-10,8.107122e-12
1.994032e+01,1.904626e-11,7.774498e-10,7.774498e-12
1.994283e+01,1.860743e-11,7.451822e-10,7.451822e-12
1.994534e+01,1.815378e-11,7.139755e-10,7.139755e-12
1.994786e+01,1.768619e-11,6.838707e-10,6.838707e-12
1.995037e+01,1.720596e-11,6.548960e-10,6.548960e-12
1.995288e+01,1.671482e-11,6.270672e-10,6.270672e-12
1.995540e+01,1.621505e-11,6.003818e-10,6.003818e-12
1.995791e+01,1.570875e-11,5.748158e-10,5.748158e-12
1.996042e+01,1.519853e-11,5.503330e-10,5.503330e-12
1.996294e+01,1.468771e-11,5.269020e-10,5.269020e-12
1.996545e+01,1.417943e-11,5.044962e-10,5.044962e-12
1.996796e+01,1.367665e-11,4.830921e-10,4.830921e-12
1.997048e+01,1.318292e-11,4.626916e-10,4.626916e-12
1.997299e+01,1.270204e-11,4.433322e-10,4.433322e-12
1.997550e+01,1.223719e-11,4.250608e-10,4.250608e-12
1.997802e+01,1.179178e-11,4.079301e-10,4.079301e-12
1.998053e+01,1.136931e-11,3.919981e-10,3.919981e-12
1.998304e+01,1.097270e-11,3.772968e-10,3.772968e-12
1.998556e+01,1.060470e-11,3.638337e-10,3.638337e-12
1.998807e+01,1.026777e-11,3.515983e-10,3.515983e-12
1.999058e+01,9.964086e-12,3.405568e-10,3.405568e-12
1.999310e+01,9.695516e-12,3.306668e-10,3.306668e-12
1.999561e+01,9.463167e-12,3.218896e-10,3.218896e-12
1.999812e+01,9.267788e-12,3.142056e-10,3.142056e-12
2.000064e+01,9.109850e-12,3.076190e-10,3.076190e-12
2.000315e+01,8.988974e-12,3.021334e-10,3.021334e-12
2.000566e+01,8.904426e-12,2.977586e-10,2.977586e-12
2.000818e+01,8.855434e-12,2.945167e-10,2.945167e-12
2.001069e+01,8.840516e-12,2.924044e-10,2.924044e-12
2.001320e+01,8.857615e-12,2.914034e-10,2.914034e-12
2.001572e+01,8.904710e-12,2.915215e-10,2.915215e-12
2.001823e+01,8.979609e-12,2.928035e-10,2.928035e-12
2.002074e+01,9.079915e-12,2.953543e-10,2.953543e-12
2.002325e+01,9.203044e-12,2.993573e-10,2.993573e-12
2.002577e+01,9.346357e-12,3.050668e-10,3.050668e-12
2.002828e+01,9.507145e-12,3.127926e-10,3.127926e-12
2.003079e+01,9.682740e-12,3.228486e-10,3.228486e-12
2.003331e+01,9.870902e-12,3.354855e-10,3.354855e-12
2.003582e+01,1.006933e-11,3.508408e-10,3.508408e-12
2.003833e+01,1.027563e-11,3.689037e-10,3.689037e-12
2.004085e+01,1.048783e-11,3.895030e-10,3.895030e-12
2.004336e+01,1.070430e-11,4.123339e-10,4.123339e-12
2.004587e+01,1.092365e-11,4.370133e-10,4.370133e-12
2.004839e+01,1.114500e-11,4.631141e-10,4.631141e-12
2.005090e+01,1.136759e-11,4.901894e-10,4.901894e-12
2.005341e+01,1.159130e-11,5.178253e-10,5.178253e-12
2.005593e+01,1.181685e-11,5.456573e-10,5.456573e-12
2.005844e+01,1.204520e-11,5.733414e-10,5.733414e-12
2.006095e+01,1.227797e-11,6.005591e-10,6.005591e-12
2.006347e+01,1.251754e-11,6.270210e-10,6.270210e-12
2.006598e+01,1.276720e-11,6.524408e-10,6.524408e-12
2.006849e+01,1.303050e-11,6.765319e-10,6.765319e-12
2.007101e+01,1.331139e-11,6.990169e-10,6.990169e-12
2.007352e+01,1.361392e-11,7.196492e-10,7.196492e-12
2.007603e+01,1.394211e-11,7.382570e-10,7.382570e-12
2.007855e+01,1.429986e-11,7.547882e-10,7.547882e-12
2.008106e+01,1.469047e-11,7.693488e-10,7.693488e-12
2.008357e+01,1.511628e-11,7.822301e-10,7.822301e-12
2.008609e+01,1.557812e-11,7.939322e-10,7.939322e-12
2.008860e+01,1.607568e-11,8.051676e-10,8.051676e-12
2.009111e+01,1.660679e-11,8.167935e-10,8.167935e-12
2.009363e+01,1.716732e-11,8.297123e-10,8.297123e-12
2.009614e+01,1.775133e-11,8.447768e-10,8.447768e-12
2.009865e+01,1.835089e-11,8.626477e-10,8.626477e-12
2.010117e+01,1.895658e-11,8.836362e-10,8.836362e-12
2.010368e+01,1.955685e-11,9.076222e-10,9.076222e-12
2.010619e+01,2.013898e-11,9.340503e-10,9.340503e-12
2.010871e+01,2.068991e-11,9.619748e-10,9.619748e-12
2.011122e+01,2.119586e-11,9.901503e-10,9.901503e-12
2.011373e+01,2.164315e-11,1.017165e-09,1.017165e-11
2.011625e+01,2.201938e-11,1.041583e-09,1.041583e-11
2.011876e+01,2.231339e-11,1.062069e-09,1.062069e-11
2.012127e+01,2.251592e-11,1.077482e-09,1.077482e-11
2.012379e+01,2.262042e-11,1.086956e-09,1.086956e-11
2.012630e+01,2.262329e-11,1.089945e-09,1.089945e-11
2.012881e+01,2.252441e-11,1.086242e-09,1.086242e-11
2.013133e+01,2.232678e-11,1.075974e-09,1.075974e-11
2.013384e+01,2.203726e-11,1.059583e-09,1.059583e-11
2.013635e+01,2.166650e-11,1.037781e-09,1.037781e-11
2.013887e+01,2.122757e-11,1.011502e-09,1.011502e-11
2.014138e+01,2.073695e-11,9.818472e-10,9.818472e-12
2.014389e+01,2.021346e-11,9.500102e-10,9.500102e-12
2.014641e+01,1.967670e-11,9.172180e-10,9.172180e-12
2.014892e+01,1.914763e-11,8.846781e-10,8.846781e-12
2.015143e+01,1.864745e-11,8.535288e-10,8.535288e-12
2.015395e+01,1.819622e-11,8.247965e-10,8.247965e-12
2.015646e+01,1.781235e-11,7.993727e-10,7.993727e-12
2.015897e+01,1.751225e-11,7.780013e-10,7.780013e-12
2.016149e+01,1.730957e-11,7.612663e-10,7.612663e-12
2.016400e+01,1.721433e-11,7.495849e-10,7.495849e-12
2.016651e+01,1.723299e-11,7.432019e-10,7.432019e-12
2.016902e+01,1.736813e-11,7.421796e-10,7.421796e-12
2.017154e+01,1.761813e-11,7.463988e-10,7.463988e-12
2.017405e+01,1.797784e-11,7.555656e-10,7.555656e-12
2.017656e+01,1.843863e-11,7.692228e-10,7.692228e-12
2.017908e+01,1.898829e-11,7.867783e-10,7.867783e-12
2.018159e+01,1.961203e-11,8.075449e-10,8.075449e-12
2.018410e+01,2.029320e-11,8.307849e-10,8.307849e-12
2.018662e+01,2.101372e-11,8.557528e-10,8.557528e-12
2.018913e+01,2.175481e-11,8.817212e-10,8.817212e-12
2.019164e+01,2.249777e-11,9.080035e-10,9.080035e-12
2.019416e+01,2.322433e-11,9.339727e-10,9.339727e-12
2.019667e+01,2.391744e-11,9.590627e-10,9.590627e-12
2.019918e+01,2.456212e-11,9.827681e-10,9.827681e-12
2.020170e+01,2.514509e-11,1.004635e-09,1.004635e-11
2.020421e+01,2.565524e-11,1.024250e-09,1.024250e-11
2.020672e+01,2.608387e-11,1.041238e-09,1.041238e-11
2.020924e+01,2.642511e-11,1.055276e-09,1.055276e-11
2.021175e+01,2.667550e-11,1.066079e-09,1.066079e-11
2.021426e+01,2.683301e-11,1.073403e-09,1.073403e-11
2.021678e+01,2.689775e-11,1.077060e-09,1.077060e-11
2.021929e+01,2.687164e-11,1.076934e-09,1.076934e-11
2.022180e+01,2.675789e-11,1.072994e-09,1.072994e-11
2.022432e+01,2.656067e-11,1.065291e-09,1.065291e-11
2.022683e+01,2.628447e-11,1.053953e-09,1.053953e-11
2.022934e+01,2.593443e-11,1.039195e-09,1.039195e-11
2.023186e+01,2.551617e-11,1.021314e-09,1.021314e-11
2.023437e+01,2.503536e-11,1.000658e-09,1.000658e-11
2.023688e+01,2.449767e-11,9.776082e-10,9.776082e-12
2.023940e+01,2.390880e-11,9.525652e-10,9.525652e-12
2.024191e+01,2.327461e-11,9.259202e-10,9.259202e-12
2.024442e+01,2.260121e-11,8.980307e-10,8.980307e-12
2.024694e+01,2.189466e-11,8.692075e-10,8.692075e-12
2.024945e+01,2.116146e-11,8.397129e-10,8.397129e-12
2.025196e+01,2.040863e-11,8.097600e-10,8.097600e-12
2.025448e+01,1.964367e-11,7.795186e-10,7.795186e-12
2.025699e+01,1.887448e-11,7.491392e-10,7.491392e-12
2.025950e+01,1.810951e-11,7.187702e-10,7.187702e-12
2.026202e+01,1.735745e-11,6.885603e-10,6.885603e-12
2.026453e+01,1.662722e-11,6.586729e-10,6.586729e-12
2.026704e+01,1.592798e-11,6.293112e-10,6.293112e-12
2.026956e+01,1.526877e-11,6.007292e-10,6.007292e-12
2.027207e+01,1.465847e-11,5.732210e-10,5.732210e-12
2.027458e+01,1.410508e-11,5.471098e-10,5.471098e-12
2.027710e+01,1.361581e-11,5.227535e-10,5.227535e-12
2.027961e+01,1.319707e-11,5.005478e-10,5.005478e-12
2.028212e+01,1.285407e-11,4.809175e-10,4.809175e-12
2.028464e+01,1.259091e-11,4.643095e-10,4.643095e-12
2.028715e+01,1.241030e-11,4.511898e-10,4.511898e-12
2.028966e+01,1.231373e-11,4.420429e-10,4.420429e-12
2.029218e+01,1.230167e-11,4.373576e-10,4.373576e-12
2.029469e+01,1.237382e-11,4.375993e-10,4.375993e-12
2.029720e+01,1.252887e-11,4.431759e-10,4.431759e-12
2.029972e+01,1.276484e-11,4.543964e-10,4.543964e-12
2.030223e+01,1.307958e-11,4.714506e-10,4.714506e-12
2.030474e+01,1.347065e-11,4.943864e-10,4.943864e-12
2.030725e+01,1.393534e-11,5.230918e-10,5.230918e-12
2.030977e+01,1.447082e-11,5.573199e-10,5.573199e-12
2.031228e+01,1.507434e-11,5.967050e-10,5.967050e-12
2.031479e+01,1.574264e-11,6.407657e-10,6.407657e-12
2.031731e+01,1.647191e-11,6.889253e-10,6.889253e-12
2.031982e+01,1.725815e-11,7.405351e-10,7.405351e-12
2.032233e+01,1.809662e-11,7.948869e-10,7.948869e-12
2.032485e+01,1.898128e-11,8.512118e-10,8.512118e-12
2.032736e+01,1.990526e-11,9.086937e-10,9.086937e-12
2.032987e+01,2.086040e-11,9.664930e-10,9.664930e-12
2.033239e+01,2.183703e-11,1.023750e-09,1.023750e-11
2.033490e+01,2.282376e-11,1.079597e-09,1.079597e-11
2.033741e+01,2.380816e-11,1.133186e-09,1.133186e-11
2.033993e+01,2.477686e-11,1.183702e-09,1.183702e-11
2.034244e+01,2.571518e-11,1.230366e-09,1.230366e-11
2.034495e+01,2.660819e-11,1.272470e-09,1.272470e-11
2.034747e+01,2.744048e-11,1.309376e-09,1.309376e-11
2.034998e+01,2.819708e-11,1.340530e-09,1.340530e-11
2.035249e+01,2.886443e-11,1.365501e-09,1.365501e-11
2.035501e+01,2.942976e-11,1.383978e-09,1.383978e-11
2.035752e+01,2.988200e-11,1.395758e-09,1.395758e-11
2.036003e+01,3.021275e-11,1.400784e-09,1.400784e-11
2.036255e+01,3.041676e-11,1.399164e-09,1.399164e-11
2.036506e+01,3.049163e-11,1.391145e-09,1.391145e-11
2.036757e+01,3.043795e-11,1.377114e-09,1.377114e-11
2.037009e+01,3.025993e-11,1.357603e-09,1.357603e-11
2.037260e+01,2.996490e-11,1.333266e-09,1.333266e-11
2.037511e+01,2.956318e-11,1.304858e-09,1.304858e-11
2.037763e+01,2.906779e-11,1.273198e-09,1.273198e-11
2.038014e+01,2.849393e-11,1.239158e-09,1.239158e-11
2.038265e+01,2.785832e-11,1.203611e-09,1.203611e-11
2.038517e+01,2.717863e-11,1.167396e-09,1.167396e-11
2.038768e+01,2.647303e-11,1.131285e-09,1.131285e-11
2.039019e+01,2.575886e-11,1.095959e-09,1.095959e-11
2.039271e+01,2.505244e-11,1.061984e-09,1.061984e-11
2.039522e+01,2.436880e-11,1.029796e-09,1.029796e-11
2.039773e+01,2.372051e-11,9.997055e-10,9.997055e-12
2.040025e+01,2.311751e-11,9.719048e-10,9.719048e-12
2.040276e+01,2.256680e-11,9.464743e-10,9.464743e-12
2.040527e+01,2.207252e-11,9.234100e-10,9.234100e-12
2.040779e+01,2.163615e-11,9.026585e-10,9.026585e-12
2.041030e+01,2.125625e-11,8.841142e-10,8.841142e-12
2.041281e+01,2.092858e-11,8.676170e-10,8.676170e-12
2.041533e+01,2.064684e-11,8.529775e-10,8.529775e-12
2.041784e+01,2.040343e-11,8.399869e-10,8.399869e-12
2.042035e+01,2.018955e-11,8.284099e-10,8.284099e-12
2.042287e+01,1.999587e-11,8.179857e-10,8.179857e-12
2.042538e+01,1.981294e-11,8.084353e-10,8.084353e-12
2.042789e+01,1.963193e-11,7.994778e-10,7.994778e-12
2.043041e+01,1.944532e-11,7.908464e-10,7.908464e-12
2.043292e+01,1.924676e-11,7.822994e-10,7.822994e-12
2.043543e+01,1.903169e-11,7.736374e-10,7.736374e-12
2.043795e+01,1.879749e-11,7.647173e-10,7.647173e-12
2.044046e+01,1.854366e-11,7.554603e-10,7.554603e-12
2.044297e+01,1.827164e-11,7.458474e-10,7.458474e-12
2.044548e+01,1.798409e-11,7.359080e-10,7.359080e-12
2.044800e+01,1.768568e-11,7.257213e-10,7.257213e-12
2.045051e+01,1.738232e-11,7.154002e-10,7.154002e-12
2.045302e+01,1.708005e-11,7.050671e-10,7.050671e-12
2.045554e+01,1.678555e-11,6.948473e-10,6.948473e-12
2.045805e+01,1.650544e-11,6.848605e-10,6.848605e-12
2.046056e+01,1.624560e-11,6.752067e-10,6.752067e-12
2.046308e+01,1.601077e-11,6.659656e-10,6.659656e-12
2.046559e+01,1.580477e-11,6.572001e-10,6.572001e-12
2.046810e+01,1.563018e-11,6.489578e-10,6.489578e-12
2.047062e+01,1.548771e-11,6.412750e-10,6.412750e-12
2.047313e+01,1.537662e-11,6.341774e-10,6.341774e-12
2.047564e+01,1.529482e-11,6.276766e-10,6.276766e-12
2.047816e+01,1.523854e-11,6.217728e-10,6.217728e-12
2.048067e+01,1.520313e-11,6.164581e-10,6.164581e-12
2.048318e+01,1.518322e-11,6.117137e-10,6.117137e-12
2.048570e+01,1.517258e-11,6.075058e-10,6.075058e-12
2.048821e+01,1.516541e-11,6.037899e-10,6.037899e-12
2.049072e+01,1.515596e-11,6.005159e-10,6.005159e-12
2.049324e+01,1.513854e-11,5.976253e-10,5.976253e-12
2.049575e+01,1.510841e-11,5.950558e-10,5.950558e-12
2.049826e+01,1.506188e-11,5.927536e-10,5.927536e-12
2.050078e+01,1.499616e-11,5.906710e-10,5.906710e-12
2.050329e+01,1.490934e-11,5.887611e-10,5.887611e-12
2.050580e+01,1.480094e-11,5.869855e-10,5.869855e-12
2.050832e+01,1.467148e-11,5.853145e-10,5.853145e-12
2.051083e+01,1.452214e-11,5.837113e-10,5.837113e-12
2.051334e+01,1.435500e-11,5.821244e-10,5.821244e-12
2.051586e+01,1.417240e-11,5.804895e-10,5.804895e-12
2.051837e+01,1.397725e-11,5.787330e-10,5.787330e-12
2.052088e+01,1.377306e-11,5.767706e-10,5.767706e-12
2.052340e+01,1.356295e-11,5.745008e-10,5.745008e-12
2.052591e+01,1.335002e-11,5.718102e-10,5.718102e-12
2.052842e+01,1.313755e-11,5.685885e-10,5.685885e-12
2.053094e+01,1.292835e-11,5.647365e-10,5.647365e-12
2.053345e+01,1.272513e-11,5.601716e-10,5.601716e-12
2.053596e+01,1.253062e-11,5.548343e-10,5.548343e-12
2.053848e+01,1.234716e-11,5.486977e-10,5.486977e-12
2.054099e+01,1.217691e-11,5.417770e-10,5.417770e-12
2.054350e+01,1.202193e-11,5.341383e-10,5.341383e-12
2.054602e+01,1.188442e-11,5.259050e-10,5.259050e-12
2.054853e+01,1.176638e-11,5.172576e-10,5.172576e-12
2.055104e+01,1.166975e-11,5.084345e-10,5.084345e-12
2.055356e+01,1.159644e-11,4.997314e-10,4.997314e-12
2.055607e+01,1.154815e-11,4.914939e-10,4.914939e-12
2.055858e+01,1.152660e-11,4.840999e-10,4.840999e-12
2.056110e+01,1.153280e-11,4.779414e-10,4.779414e-12
2.056361e+01,1.156741e-11,4.734006e-10,4.734006e-12
2.056612e+01,1.163069e-11,4.708170e-10,4.708170e-12
2.056864e+01,1.172240e-11,4.704569e-10,4.704569e-12
2.057115e+01,1.184133e-11,4.724847e-10,4.724847e-12
2.057366e+01,1.198544e-11,4.769368e-10,4.769368e-12
2.057618e+01,1.215212e-11,4.837123e-10,4.837123e-12
2.057869e+01,1.233778e-11,4.925782e-10,4.925782e-12
2.058120e+01,1.253804e-11,5.031799e-10,5.031799e-12
2.058372e+01,1.274811e-11,5.150731e-10,5.150731e-12
2.058623e+01,1.296306e-11,5.277593e-10,5.277593e-12
2.058874e+01,1.317722e-11,5.407027e-10,5.407027e-12
2.059125e+01,1.338511e-11,5.533664e-10,5.533664e-12
2.059377e+01,1.358181e-11,5.652591e-10,5.652591e-12
2.059628e+01,1.376260e-11,5.759339e-10,5.759339e-12
2.059879e+01,1.392346e-11,5.849946e-10,5.849946e-12
2.060131e+01,1.406126e-11,5.921317e-10,5.921317e-12
2.060382e+01,1.417398e-11,5.971320e-10,5.971320e-12
2.060633e+01,1.426066e-11,5.998756e-10,5.998756e-12
2.060885e+01,1.432158e-11,6.003388e-10,6.003388e-12
2.061136e+01,1.435817e-11,5.985825e-10,5.985825e-12
2.061387e+01,1.437295e-11,5.947539e-10,5.947539e-12
2.061639e+01,1.436927e-11,5.890840e-10,5.890840e-12
2.061890e+01,1.435132e-11,5.818679e-10,5.818679e-12
2.062141e+01,1.432415e-11,5.734621e-10,5.734621e-12
2.062393e+01,1.429288e-11,5.642771e-10,5.642771e-12
2.062644e+01,1.426287e-11,5.547698e-10,5.547698e-12
2.062895e+01,1.423953e-11,5.454369e-10,5.454369e-12
2.063147e+01,1.422789e-11,5.368068e-10,5.368068e-12
2.063398e+01,1.423262e-11,5.294452e-10,5.294452e-12
2.063649e+01,1.425792e-11,5.239301e-10,5.239301e-12
2.063901e+01,1.430675e-11,5.208192e-10,5.208192e-12
2.064152e+01,1.438174e-11,5.206482e-10,5.206482e-12
2.064403e+01,1.448504e-11,5.238888e-10,5.238888e-12
2.064655e+01,1.461726e-11,5.308795e-10,5.308795e-12
2.064906e+01,1.477814e-11,5.418007e-10,5.418007e-12
2.065157e+01,1.496704e-11,5.566667e-10,5.566667e-12
2.065409e+01,1.518261e-11,5.753087e-10,5.753087e-12
2.065660e+01,1.542252e-11,5.973833e-10,5.973833e-12
2.065911e+01,1.568414e-11,6.224026e-10,6.224026e-12
2.066163e+01,1.596460e-11,6.497689e-10,6.497689e-12
2.066414e+01,1.626034e-11,6.788047e-10,6.788047e-12
2.066665e+01,1.656765e-11,7.087819e-10,7.087819e-12
2.066917e+01,1.688265e-11,7.389587e-10,7.389587e-12
2.067168e+01,1.720110e-11,7.686051e-10,7.686051e-12
2.067419e+01,1.751888e-11,7.970207e-10,7.970207e-12
2.067671e+01,1.783167e-11,8.235553e-10,8.235553e-12
2.067922e+01,1.813505e-11,8.476278e-10,8.476278e-12
2.068173e+01,1.842490e-11,8.687452e-10,8.687452e-12
2.068425e+01,1.869703e-11,8.865145e-10,8.865145e-12
2.068676e+01,1.894722e-11,9.006553e-10,9.006553e-12
2.068927e+01,1.917184e-11,9.110133e-10,9.110133e-12
2.069179e+01,1.936746e-11,9.175673e-10,9.175673e-12
2.069430e+01,1.953111e-11,9.204315e-10,9.204315e-12
2.069681e+01,1.966097e-11,9.198482e-10,9.198482e-12
2.069933e+01,1.975571e-11,9.161745e-10,9.161745e-12
2.070184e+01,1.981512e-11,9.098704e-10,9.098704e-12
2.070435e+01,1.984019e-11,9.014753e-10,9.014753e-12
2.070687e+01,1.983321e-11,8.915716e-10,8.915716e-12
2.070938e+01,1.979777e-11,8.807477e-10,8.807477e-12
2.071189e+01,1.973856e-11,8.695645e-10,8.695645e-12
2.071441e+01,1.966196e-11,8.585248e-10,8.585248e-12
2.071692e+01,1.957541e-11,8.480461e-10,8.480461e-12
2.071943e+01,1.948728e-11,8.384510e-10,8.384510e-12
2.072195e+01,1.940698e-11,8.299722e-10,8.299722e-12
2.072446e+01,1.934412e-11,8.227713e-10,8.227713e-12
2.072697e+01,1.930823e-11,8.169796e-10,8.169796e-12
2.072948e+01,1.930876e-11,8.127523e-10,8.127523e-12
2.073200e+01,1.935426e-11,8.103180e-10,8.103180e-12
2.073451e+01,1.945214e-11,8.100199e-10,8.100199e-12
2.073702e+01,1.960829e-11,8.123386e-10,8.123386e-12
2.073954e+01,1.982653e-11,8.178835e-10,8.178835e-12
2.074205e+01,2.010831e-11,8.273475e-10,8.273475e-12
2.074456e+01,2.045256e-11,8.414264e-10,8.414264e-12
2.074708e+01,2.085575e-11,8.607104e-10,8.607104e-12
2.074959e+01,2.131151e-11,8.855693e-10,8.855693e-12
2.075210e+01,2.181084e-11,9.160579e-10,9.160579e-12
2.075462e+01,2.234261e-11,9.518619e-10,9.518619e-12
2.075713e+01,2.289359e-11,9.922868e-10,9.922868e-12
2.075964e+01,2.344873e-11,1.036295e-09,1.036295e-11
2.076216e+01,2.399206e-11,1.082585e-09,1.082585e-11
2.076467e+01,2.450704e-11,1.129684e-09,1.129684e-11
2.076718e+01,2.497675e-11,1.176024e-09,1.176024e-11
2.076970e+01,2.538539e-11,1.220038e-09,1.220038e-11
2.077221e+01,2.571807e-11,1.260228e-09,1.260228e-11
2.077472e+01,2.596126e-11,1.295218e-09,1.295218e-11
2.077724e+01,2.610436e-11,1.323808e-09,1.323808e-11
2.077975e+01,2.613911e-11,1.345003e-09,1.345003e-11
2.078226e+01,2.605988e-11,1.358037e-09,1.358037e-11
2.078478e+01,2.586444e-11,1.362389e-09,1.362389e-11
2.078729e+01,2.555331e-11,1.357789e-09,1.357789e-11
2.078980e+01,2.513020e-11,1.344215e-09,1.344215e-11
2.079232e+01,2.460198e-11,1.321895e-09,1.321895e-11
2.079483e+01,2.397769e-11,1.291282e-09,1.291282e-11
2.079734e+01,2.326867e-11,1.253036e-09,1.253036e-11
2.079986e+01,2.248818e-11,1.208006e-09,1.208006e-11
2.080237e+01,2.165086e-11,1.157199e-09,1.157199e-11
2.080488e+01,2.077185e-11,1.101749e-09,1.101749e-11
2.080740e+01,1.986650e-11,1.042884e-09,1.042884e-11
2.080991e+01,1.895007e-11,9.818897e-10,9.818897e-12
2.081242e+01,1.803710e-11,9.200782e-10,9.200782e-12
2.081494e+01,1.714155e-11,8.587441e-10,8.587441e-12
2.081745e+01,1.627555e-11,7.991151e-10,7.991151e-12
2.081996e+01,1.544959e-11,7.423094e-10,7.423094e-12
2.082248e+01,1.467298e-11,6.892885e-10,6.892885e-12
2.082499e+01,1.395315e-11,6.408037e-10,6.408037e-12
2.082750e+01,1.329567e-11,5.973479e-10,5.973479e-12
2.083002e+01,1.270457e-11,5.591312e-10,5.591312e-12
2.083253e+01,1.218250e-11,5.260836e-10,5.260836e-12
2.083504e+01,1.173072e-11,4.978926e-10,4.978926e-12
2.083756e+01,1.134938e-11,4.740793e-10,4.740793e-12
2.084007e+01,1.103775e-11,4.541009e-10,4.541009e-12
2.084258e+01,1.079458e-11,4.374595e-10,4.374595e-12
2.084510e+01,1.061815e-11,4.237943e-10,4.237943e-12
2.084761e+01,1.050602e-11,4.129381e-10,4.129381e-12
2.085012e+01,1.045580e-11,4.049320e-10,4.049320e-12
2.085264e+01,1.046495e-11,3.999845e-10,3.999845e-12
2.085515e+01,1.053038e-11,3.983932e-10,3.983932e-12
2.085766e+01,1.064891e-11,4.004527e-10,4.004527e-12
2.086018e+01,1.081712e-11,4.063437e-10,4.063437e-12
2.086269e+01,1.103091e-11,4.160453e-10,4.160453e-12
2.086520e+01,1.128586e-11,4.293163e-10,4.293163e-12
2.086772e+01,1.157708e-11,4.457128e-10,4.457128e-12
2.087023e+01,1.189876e-11,4.646275e-10,4.646275e-12
2.087274e+01,1.224462e-11,4.853656e-10,4.853656e-12
2.087525e+01,1.260775e-11,5.072203e-10,5.072203e-12
2.087777e+01,1.298070e-11,5.295119e-10,5.295119e-12
2.088028e+01,1.335565e-11,5.516143e-10,5.516143e-12
2.088279e+01,1.372449e-11,5.729786e-10,5.729786e-12
2.088531e+01,1.407907e-11,5.931499e-10,5.931499e-12
2.088782e+01,1.441176e-11,6.117656e-10,6.117656e-12
2.089033e+01,1.471550e-11,6.285341e-10,6.285341e-12
2.089285e+01,1.498355e-11,6.432263e-10,6.432263e-12
2.089536e+01,1.521057e-11,6.556909e-10,6.556909e-12
2.089787e+01,1.539266e-11,6.658414e-10,6.658414e-12
2.090039e+01,1.552710e-11,6.736339e-10,6.736339e-12
2.090290e+01,1.561280e-11,6.790705e-10,6.790705e-12
2.090541e+01,1.565024e-11,6.821964e-10,6.821964e-12
2.090793e+01,1.564161e-11,6.830905e-10,6.830905e-12
2.091044e+01,1.559065e-11,6.818697e-10,6.818697e-12
2.091295e+01,1.550260e-11,6.786807e-10,6.786807e-12
2.091547e+01,1.538361e-11,6.736885e-10,6.736885e-12
2.091798e+01,1.524089e-11,6.670888e-10,6.670888e-12
2.092049e+01,1.508281e-11,6.591112e-10,6.591112e-12
2.092301e+01,1.491770e-11,6.499992e-10,6.499992e-12
2.092552e+01,1.475400e-11,6.400169e-10,6.400169e-12
2.092803e+01,1.460036e-11,6.294723e-10,6.294723e-12
2.093055e+01,1.446476e-11,6.187127e-10,6.187127e-12
2.093306e+01,1.435439e-11,6.081265e-10,6.081265e-12
2.093557e+01,1.427595e-11,5.981698e-10,5.981698e-12
2.093809e+01,1.423522e-11,5.893793e-10,5.893793e-12
2.094060e+01,1.423694e-11,5.823759e-10,5.823759e-12
2.094311e+01,1.428469e-11,5.778774e-10,5.778774e-12
2.094563e+01,1.438111e-11,5.767007e-10,5.767007e-12
2.094814e+01,1.452805e-11,5.797362e-10,5.797362e-12
2.095065e+01,1.472618e-11,5.879112e-10,5.879112e-12
2.095317e+01,1.497579e-11,6.021359e-10,6.021359e-12
2.095568e+01,1.527644e-11,6.232110e-10,6.232110e-12
2.095819e+01,1.562678e-11,6.517321e-10,6.517321e-12
2.096071e+01,1.602521e-11,6.880330e-10,6.880330e-12
2.096322e+01,1.646963e-11,7.321485e-10,7.321485e-12
2.096573e+01,1.695745e-11,7.838077e-10,7.838077e-12
2.096825e+01,1.748541e-11,8.424651e-10,8.424651e-12
2.097076e+01,1.804989e-11,9.073462e-10,9.073462e-12
2.097327e+01,1.864705e-11,9.774928e-10,9.774928e-12
2.097579e+01,1.927223e-11,1.051803e-09,1.051803e-11
2.097830e+01,1.991994e-11,1.129071e-09,1.129071e-11
2.098081e+01,2.058436e-11,1.208022e-09,1.208022e-11
2.098333e+01,2.125895e-11,1.287343e-09,1.287343e-11
2.098584e+01,2.193627e-11,1.365704e-09,1.365704e-11
2.098835e+01,2.260835e-11,1.441788e-09,1.441788e-11
2.099087e+01,2.326661e-11,1.514317e-09,1.514317e-11
2.099338e+01,2.390175e-11,1.582064e-09,1.582064e-11
2.099589e+01,2.450419e-11,1.643882e-09,1.643882e-11
2.099841e+01,2.506392e-11,1.698713e-09,1.698713e-11
2.100092e+01,2.557083e-11,1.745614e-09,1.745614e-11
2.100343e+01,2.601485e-11,1.783764e-09,1.783764e-11
2.100595e+01,2.638611e-11,1.812473e-09,1.812473e-11
2.100846e+01,2.667558e-11,1.831189e-09,1.831189e-11
2.101097e+01,2.687478e-11,1.839509e-09,1.839509e-11
2.101348e+01,2.697646e-11,1.837183e-09,1.837183e-11
2.101600e+01,2.697495e-11,1.824124e-09,1.824124e-11
2.101851e+01,2.686593e-11,1.800398e-09,1.800398e-11
2.102102e+01,2.664719e-11,1.766234e-09,1.766234e-11
2.102354e+01,2.631873e-11,1.722021e-09,1.722021e-11
2.102605e+01,2.588255e-11,1.668307e-09,1.668307e-11
2.102856e+01,2.534264e-11,1.605791e-09,1.605791e-11
2.103108e+01,2.470579e-11,1.535323e-09,1.535323e-11
2.103359e+01,2.398114e-11,1.457893e-09,1.457893e-11
2.103610e+01,2.317936e-11,1.374617e-09,1.374617e-11
2.103862e+01,2.231338e-11,1.286727e-09,1.286727e-11
2.104113e+01,2.139773e-11,1.195556e-09,1.195556e-11
2.104364e+01,2.044775e-11,1.102515e-09,1.102515e-11
2.104616e+01,1.947995e-11,1.009085e-09,1.009085e-11
2.104867e+01,1.851125e-11,9.167965e-10,9.167965e-12
2.105118e+01,1.755801e-11,8.272152e-10,8.272152e-12
2.105370e+01,1.663625e-11,7.419253e-10,7.419253e-12
2.105621e+01,1.576106e-11,6.625096e-10,6.625096e-12
2.105872e+01,1.494563e-11,5.905116e-10,5.905116e-12
2.106124e+01,1.420125e-11,5.273640e-10,5.273640e-12
2.106375e+01,1.353724e-11,4.742535e-10,4.742535e-12
2.106626e+01,1.296037e-11,4.319071e-10,4.319071e-12
2.106878e+01,1.247465e-11,4.003409e-10,4.003409e-12
2.107129e+01,1.208159e-11,3.786910e-10,3.786910e-12
2.107380e+01,1.177986e-11,3.652637e-10,3.652637e-12
2.107632e+01,1.156602e-11,3.578675e-10,3.578675e-12
2.107883e+01,1.143487e-11,3.542769e-10,3.542769e-12
2.108134e+01,1.137890e-11,3.525909e-10,3.525909e-12
2.108386e+01,1.138952e-11,3.514701e-10,3.514701e-12
2.108637e+01,1.145783e-11,3.502161e-10,3.502161e-12
2.108888e+01,1.157379e-11,3.487195e-10,3.487195e-12
2.109140e+01,1.172778e-11,3.474126e-10,3.474126e-12
2.109391e+01,1.191102e-11,3.471767e-10,3.471767e-12
2.109642e+01,1.211528e-11,3.491781e-10,3.491781e-12
2.109894e+01,1.233338e-11,3.546687e-10,3.546687e-12
2.110145e+01,1.255940e-11,3.647261e-10,3.647261e-12
2.110396e+01,1.278901e-11,3.800048e-10,3.800048e-12
2.110648e+01,1.301879e-11,4.006028e-10,4.006028e-12
2.110899e+01,1.324682e-11,4.260629e-10,4.260629e-12
2.111150e+01,1.347231e-11,4.554813e-10,4.554813e-12
2.111402e+01,1.369483e-11,4.876978e-10,4.876978e-12
2.111653e+01,1.391503e-11,5.214741e-10,5.214741e-12
2.111904e+01,1.413350e-11,5.555978e-10,5.555978e-12
2.112156e+01,1.435076e-11,5.889630e-10,5.889630e-12
2.112407e+01,1.456735e-11,6.206190e-10,6.206190e-12
2.112658e+01,1.478290e-11,6.497814e-10,6.497814e-12
2.112910e+01,1.499667e-11,6.758383e-10,6.758383e-12
2.113161e+01,1.520734e-11,6.983451e-10,6.983451e-12
2.113412e+01,1.541249e-11,7.170077e-10,7.170077e-12
2.113664e+01,1.560908e-11,7.316666e-10,7.316666e-12
2.113915e+01,1.579377e-11,7.422901e-10,7.422901e-12
2.114166e+01,1.596300e-11,7.489532e-10,7.489532e-12
2.114418e+01,1.611280e-11,7.518062e-10,7.518062e-12
2.114669e+01,1.623933e-11,7.510742e-10,7.510742e-12
2.114920e+01,1.633983e-11,7.470621e-10,7.470621e-12
2.115172e+01,1.641188e-11,7.401165e-10,7.401165e-12
2.115423e+01,1.645376e-11,7.306201e-10,7.306201e-12
2.115674e+01,1.646573e-11,7.190147e-10,7.190147e-12
2.115925e+01,1.644920e-11,7.057708e-10,7.057708e-12
2.116177e+01,1.640654e-11,6.913786e-10,6.913786e-12
2.116428e+01,1.634203e-11,6.763626e-10,6.763626e-12
2.116679e+01,1.626123e-11,6.612565e-10,6.612565e-12
2.116931e+01,1.617089e-11,6.466020e-10,6.466020e-12
2.117182e+01,1.607903e-11,6.329568e-10,6.329568e-12
2.117433e+01,1.599441e-11,6.208836e-10,6.208836e-12
2.117685e+01,1.592621e-11,6.109453e-10,6.109453e-12
2.117936e+01,1.588360e-11,6.036899e-10,6.036899e-12
2.118187e+01,1.587566e-11,5.996642e-10,5.996642e-12
2.118439e+01,1.591105e-11,5.994194e-10,5.994194e-12
2.118690e+01,1.599720e-11,6.034648e-10,6.034648e-12
2.118941e+01,1.614017e-11,6.122523e-10,6.122523e-12
2.119193e+01,1.634480e-11,6.261575e-10,6.261575e-12
2.119444e+01,1.661393e-11,6.454325e-10,6.454325e-12
2.119695e+01,1.694836e-11,6.701825e-10,6.701825e-12
2.119947e+01,1.734670e-11,7.003382e-10,7.003382e-12
2.120198e+01,1.780535e-11,7.356454e-10,7.356454e-12
2.120449e+01,1.831882e-11,7.756780e-10,7.756780e-12
2.120701e+01,1.887910e-11,8.198469e-10,8.198469e-12
2.120952e+01,1.947641e-11,8.674272e-10,8.674272e-12
2.121203e+01,2.009966e-11,9.175888e-10,9.175888e-12
2.121455e+01,2.073614e-11,9.694220e-10,9.694220e-12
2.121706e+01,2.137252e-11,1.021968e-09,1.021968e-11
2.121957e+01,2.199476e-11,1.074239e-09,1.074239e-11
2.122209e+01,2.258886e-11,1.125250e-09,1.125250e-11
2.122460e+01,2.314135e-11,1.174039e-09,1.174039e-11
2.122711e+01,2.363918e-11,1.219685e-09,1.219685e-11
2.122963e+01,2.407052e-11,1.261335e-09,1.261335e-11
2.123214e+01,2.442536e-11,1.298213e-09,1.298213e-11
2.123465e+01,2.469554e-11,1.329637e-09,1.329637e-11
2.123717e+01,2.487441e-11,1.355024e-09,1.355024e-11
2.123968e+01,2.495797e-11,1.373903e-09,1.373903e-11
2.124219e+01,2.494476e-11,1.385916e-09,1.385916e-11
2.124471e+01,2.483508e-11,1.390812e-09,1.390812e-11
2.124722e+01,2.463149e-11,1.388451e-09,1.388451e-11
2.124973e+01,2.433882e-11,1.378800e-09,1.378800e-11
2.125225e+01,2.396364e-11,1.361929e-09,1.361929e-11
2.125476e+01,2.351410e-11,1.338011e-09,1.338011e-11
2.125727e+01,2.299975e-11,1.307318e-09,1.307318e-11
2.125979e+01,2.243089e-11,1.270217e-09,1.270217e-11
2.126230e+01,2.181852e-11,1.227175e-09,1.227175e-11
2.126481e+01,2.117395e-11,1.178769e-09,1.178769e-11
2.126733e+01,2.050854e-11,1.125690e-09,1.125690e-11
2.126984e+01,1.983320e-11,1.068750e-09,1.068750e-11
2.127235e+01,1.915834e-11,1.008887e-09,1.008887e-11
2.127487e+01,1.849360e-11,9.471719e-10,9.471719e-12
2.127738e+01,1.784762e-11,8.848079e-10,8.848079e-12
2.127989e+01,1.722844e-11,8.231283e-10,8.231283e-12
2.128241e+01,1.664262e-11,7.635763e-10,7.635763e-12
2.128492e+01,1.609565e-11,7.076621e-10,7.076621e-12
2.128743e+01,1.559225e-11,6.568926e-10,6.568926e-12
2.128995e+01,1.513582e-11,6.126533e-10,6.126533e-12
2.129246e+01,1.472871e-11,5.760404e-10,5.760404e-12
2.129497e+01,1.437230e-11,5.476746e-10,5.476746e-12
2.129748e+01,1.406698e-11,5.275602e-10,5.275602e-12
2.130000e+01,1.381244e-11,5.150417e-10,5.150417e-12
2.130251e+01,1.360739e-11,5.088999e-10,5.088999e-12
2.130502e+01,1.344979e-11,5.075995e-10,5.075995e-12
2.130754e+01,1.333683e-11,5.095599e-10,5.095599e-12
2.131005e+01,1.326463e-11,5.133617e-10,5.133617e-12
2.131256e+01,1.322892e-11,5.179019e-10,5.179019e-12
2.131508e+01,1.322519e-11,5.224435e-10,5.224435e-12
2.131759e+01,1.324849e-11,5.265794e-10,5.265794e-12
2.132010e+01,1.329317e-11,5.301835e-10,5.301835e-12
2.132262e+01,1.335323e-11,5.333455e-10,5.333455e-12
2.132513e+01,1.342309e-11,5.362977e-10,5.362977e-12
2.132764e+01,1.349740e-11,5.393318e-10,5.393318e-12
2.133016e+01,1.357081e-11,5.427153e-10,5.427153e-12
2.133267e+01,1.363814e-11,5.466500e-10,5.466500e-12
2.133518e+01,1.369543e-11,5.512463e-10,5.512463e-12
2.133770e+01,1.373935e-11,5.564950e-10,5.564950e-12
2.134021e+01,1.376716e-11,5.622697e-10,5.622697e-12
2.134272e+01,1.377737e-11,5.683601e-10,5.683601e-12
2.134524e+01,1.376943e-11,5.745095e-10,5.745095e-12
2.134775e+01,1.374387e-11,5.804442e-10,5.804442e-12
2.135026e+01,1.370205e-11,5.859020e-10,5.859020e-12
2.135278e+01,1.364633e-11,5.906672e-10,5.906672e-12
2.135529e+01,1.358014e-11,5.945933e-10,5.945933e-12
2.135780e+01,1.350725e-11,5.976073e-10,5.976073e-12
2.136032e+01,1.343186e-11,5.997044e-10,5.997044e-12
2.136283e+01,1.335859e-11,6.009439e-10,6.009439e-12
2.136534e+01,1.329211e-11,6.014423e-10,6.014423e-12
2.136786e+01,1.323694e-11,6.013536e-10,6.013536e-12
2.137037e+01,1.319722e-11,6.008525e-10,6.008525e-12
2.137288e+01,1.317675e-11,6.001211e-10,6.001211e-12
2.137540e+01,1.317871e-11,5.993388e-10,5.993388e-12
2.137791e+01,1.320568e-11,5.986702e-10,5.986702e-12
2.138042e+01,1.325984e-11,5.982538e-10,5.982538e-12
2.138294e+01,1.334232e-11,5.982135e-10,5.982135e-12
2.138545e+01,1.345391e-11,5.986692e-10,5.986692e-12
2.138796e+01,1.359487e-11,5.997284e-10,5.997284e-12
2.139048e+01,1.376484e-11,6.014979e-10,6.014979e-12
2.139299e+01,1.396323e-11,6.041002e-10,6.041002e-12
2.139550e+01,1.418912e-11,6.076743e-10,6.076743e-12
2.139802e+01,1.444157e-11,6.123803e-10,6.123803e-12
2.140053e+01,1.471958e-11,6.183920e-10,6.183920e-12
2.140304e+01,1.502202e-11,6.258745e-10,6.258745e-12
2.140556e+01,1.534762e-11,6.349697e-10,6.349697e-12
2.140807e+01,1.569509e-11,6.457907e-10,6.457907e-12
2.141058e+01,1.606320e-11,6.584184e-10,6.584184e-12
2.141310e+01,1.645086e-11,6.728825e-10,6.728825e-12
2.141561e+01,1.685644e-11,6.891410e-10,6.891410e-12
2.141812e+01,1.727806e-11,7.070883e-10,7.070883e-12
2.142064e+01,1.771365e-11,7.265693e-10,7.265693e-12
2.142315e+01,1.816063e-11,7.473868e-10,7.473868e-12
2.142566e+01,1.861650e-11,7.693093e-10,7.693093e-12
2.142818e+01,1.907793e-11,7.920801e-10,7.920801e-12
2.143069e+01,1.954118e-11,8.154340e-10,8.154340e-12
2.143320e+01,2.000247e-11,8.391044e-10,8.391044e-12
2.143571e+01,2.045747e-11,8.628224e-10,8.628224e-12
2.143823e+01,2.090203e-11,8.863393e-10,8.863393e-12
2.144074e+01,2.133224e-11,9.094330e-10,9.094330e-12
2.144325e+01,2.174421e-11,9.318904e-10,9.318904e-12
2.144577e+01,2.213436e-11,9.535218e-10,9.535218e-12
2.144828e+01,2.249996e-11,9.741720e-10,9.741720e-12
2.145079e+01,2.283863e-11,9.937066e-10,9.937066e-12
2.145331e+01,2.314901e-11,1.012018e-09,1.012018e-11
2.145582e+01,2.343064e-11,1.029028e-09,1.029028e-11
2.145833e+01,2.368365e-11,1.044689e-09,1.044689e-11
2.146085e+01,2.390917e-11,1.058969e-09,1.058969e-11
2.146336e+01,2.410903e-11,1.071855e-09,1.071855e-11
2.146587e+01,2.428562e-11,1.083346e-09,1.083346e-11
2.146839e+01,2.444190e-11,1.093455e-09,1.093455e-11
2.147090e+01,2.458110e-11,1.102197e-09,1.102197e-11
2.147341e+01,2.470601e-11,1.109585e-09,1.109585e-11
2.147593e+01,2.481942e-11,1.115630e-09,1.115630e-11
2.147844e+01,2.492397e-11,1.120341e-09,1.120341e-11
2.148095e+01,2.502148e-11,1.123726e-09,1.123726e-11
2.148347e+01,2.511322e-11,1.125793e-09,1.125793e-11
2.148598e+01,2.519901e-11,1.126536e-09,1.126536e-11
2.148849e+01,2.527780e-11,1.125954e-09,1.125954e-11
2.149101e+01,2.534805e-11,1.124052e-09,1.124052e-11
2.149352e+01,2.540668e-11,1.120828e-09,1.120828e-11
2.149603e+01,2.544971e-11,1.116279e-09,1.116279e-11
2.149855e+01,2.547273e-11,1.110398e-09,1.110398e-11
2.150106e+01,2.547046e-11,1.103171e-09,1.103171e-11
2.150357e+01,2.543702e-11,1.094577e-09,1.094577e-11
2.150609e+01,2.536679e-11,1.084582e-09,1.084582e-11
2.150860e+01,2.525418e-11,1.073141e-09,1.073141e-11
2.151111e+01,2.509380e-11,1.060198e-09,1.060198e-11
2.151363e+01,2.488100e-11,1.045697e-09,1.045697e-11
2.151614e+01,2.461197e-11,1.029579e-09,1.029579e-11
2.151865e+01,2.428396e-11,1.011796e-09,1.011796e-11
2.152117e+01,2.389568e-11,9.923217e-10,9.923217e-12
2.152368e+01,2.344696e-11,9.711605e-10,9.711605e-12
2.152619e+01,2.293909e-11,9.483564e-10,9.483564e-12
2.152871e+01,2.237526e-11,9.240092e-10,9.240092e-12
2.153122e+01,2.175990e-11,8.982766e-10,8.982766e-12
2.153373e+01,2.109895e-11,8.713798e-10,8.713798e-12
2.153625e+01,2.039971e-11,8.436069e-10,8.436069e-12
2.153876e+01,1.967076e-11,8.153062e-10,8.153062e-12
2.154127e+01,1.892168e-11,7.868719e-10,7.868719e-12
2.154379e+01,1.816275e-11,7.587364e-10,7.587364e-12
2.154630e+01,1.740503e-11,7.313543e-10,7.313543e-12
2.154881e+01,1.665947e-11,7.051707e-10,7.051707e-12
2.155133e+01,1.593702e-11,6.806027e-10,6.806027e-12
2.155384e+01,1.524831e-11,6.580231e-10,6.580231e-12
2.155635e+01,1.460322e-11,6.377308e-10,6.377308e-12
2.155887e+01,1.401053e-11,6.199416e-10,6.199416e-12
2.156138e+01,1.347754e-11,6.047874e-10,6.047874e-12
2.156389e+01,1.301019e-11,5.923145e-10,5.923145e-12
2.156641e+01,1.261273e-11,5.824970e-10,5.824970e-12
2.156892e+01,1.228743e-11,5.752523e-10,5.752523e-12
2.157143e+01,1.203467e-11,5.704548e-10,5.704548e-12
2.157395e+01,1.185325e-11,5.679533e-10,5.679533e-12
2.157646e+01,1.174009e-11,5.675772e-10,5.675772e-12
2.157897e+01,1.169028e-11,5.691373e-10,5.691373e-12
2.158148e+01,1.169799e-11,5.724290e-10,5.724290e-12
2.158400e+01,1.175617e-11,5.772258e-10,5.772258e-12
2.158651e+01,1.185686e-11,5.832746e-10,5.832746e-12
2.158902e+01,1.199171e-11,5.902987e-10,5.902987e-12
2.159154e+01,1.215203e-11,5.980008e-10,5.980008e-12
2.159405e+01,1.232939e-11,6.060772e-10,6.060772e-12
2.159656e+01,1.251602e-11,6.142313e-10,6.142313e-12
2.159908e+01,1.270474e-11,6.221805e-10,6.221805e-12
2.160159e+01,1.288910e-11,6.296700e-10,6.296700e-12
2.160410e+01,1.306406e-11,6.364886e-10,6.364886e-12
2.160662e+01,1.322568e-11,6.424742e-10,6.424742e-12
2.160913e+01,1.337115e-11,6.475189e-10,6.475189e-12
2.161164e+01,1.349892e-11,6.515661e-10,6.515661e-12
2.161416e+01,1.360854e-11,6.546039e-10,6.546039e-12
2.161667e+01,1.370101e-11,6.566659e-10,6.566659e-12
2.161918e+01,1.377792e-11,6.578177e-10,6.578177e-12
2.162170e+01,1.384149e-11,6.581376e-10,6.581376e-12
2.162421e+01,1.389474e-11,6.577157e-10,6.577157e-12
2.162672e+01,1.394085e-11,6.566446e-10,6.566446e-12
2.162924e+01,1.398343e-11,6.550103e-10,6.550103e-12
2.163175e+01,1.402604e-11,6.528987e-10,6.528987e-12
2.163426e+01,1.407218e-11,6.503985e-10,6.503985e-12
2.163678e+01,1.412509e-11,6.475993e-10,6.475993e-12
2.163929e+01,1.418771e-11,6.446098e-10,6.446098e-12
2.164180e+01,1.426317e-11,6.415776e-10,6.415776e-12
2.164432e+01,1.435423e-11,6.386850e-10,6.386850e-12
2.164683e+01,1.446310e-11,6.361444e-10,6.361444e-12
2.164934e+01,1.459198e-11,6.342017e-10,6.342017e-12
2.165186e+01,1.474295e-11,6.331208e-10,6.331208e-12
2.165437e+01,1.491795e-11,6.331647e-10,6.331647e-12
2.165688e+01,1.511901e-11,6.345732e-10,6.345732e-12
2.165940e+01,1.534784e-11,6.375217e-10,6.375217e-12
2.166191e+01,1.560601e-11,6.420974e-10,6.420974e-12
2.166442e+01,1.589526e-11,6.483070e-10,6.483070e-12
2.166694e+01,1.621719e-11,6.560834e-10,6.560834e-12
2.166945e+01,1.657319e-11,6.652903e-10,6.652903e-12
2.167196e+01,1.696419e-11,6.757578e-10,6.757578e-12
2.167448e+01,1.739097e-11,6.873425e-10,6.873425e-12
2.167699e+01,1.785431e-11,6.999715e-10,6.999715e-12
2.167950e+01,1.835410e-11,7.136723e-10,7.136723e-12
2.168202e+01,1.888946e-11,7.285965e-10,7.285965e-12
2.168453e+01,1.945890e-11,7.450184e-10,7.450184e-12
2.168704e+01,2.005976e-11,7.633059e-10,7.633059e-12
2.168956e+01,2.068839e-11,7.838708e-10,7.838708e-12
2.169207e+01,2.133997e-11,8.070961e-10,8.070961e-12
2.169458e+01,2.200823e-11,8.332385e-10,8.332385e-12
2.169710e+01,2.268571e-11,8.623390e-10,8.623390e-12
2.169961e+01,2.336335e-11,8.941548e-10,8.941548e-12
2.170212e+01,2.403056e-11,9.281208e-10,9.281208e-12
2.170464e+01,2.467626e-11,9.633604e-10,9.633604e-12
2.170715e+01,2.528821e-11,9.987185e-10,9.987185e-12
2.170966e+01,2.585303e-11,1.032826e-09,1.032826e-11
2.171218e+01,2.635786e-11,1.064200e-09,1.064200e-11
2.171469e+01,2.678997e-11,1.091337e-09,1.091337e-11
2.171720e+01,2.713686e-11,1.112811e-09,1.112811e-11
2.171971e+01,2.738763e-11,1.127383e-09,1.127383e-11
2.172223e+01,2.753345e-11,1.134103e-09,1.134103e-11
2.172474e+01,2.756777e-11,1.132389e-09,1.132389e-11
2.172725e+01,2.748658e-11,1.122108e-09,1.122108e-11
2.172977e+01,2.728939e-11,1.103639e-09,1.103639e-11
2.173228e+01,2.697927e-11,1.077916e-09,1.077916e-11
2.173479e+01,2.656309e-11,1.046437e-09,1.046437e-11
2.173731e+01,2.605139e-11,1.011228e-09,1.011228e-11
2.173982e+01,2.545793e-11,9.747351e-10,9.747351e-12
2.174233e+01,2.479990e-11,9.396301e-10,9.396301e-12
2.174485e+01,2.409704e-11,9.085057e-10,9.085057e-12
2.174736e+01,2.337074e-11,8.834771e-10,8.834771e-12
2.174987e+01,2.264350e-11,8.657819e-10,8.657819e-12
2.175239e+01,2.193839e-11,8.555009e-10,8.555009e-12
2.175490e+01,2.127751e-11,8.515165e-10,8.515165e-12
2.175741e+01,2.068131e-11,8.517759e-10,8.517759e-12
2.175993e+01,2.016780e-11,8.537507e-10,8.537507e-12
2.176244e+01,1.975111e-11,8.549457e-10,8.549457e-12
2.176495e+01,1.944171e-11,8.533562e-10,8.533562e-12
2.176747e+01,1.924556e-11,8.477904e-10,8.477904e-12
2.176998e+01,1.916350e-11,8.380695e-10,8.380695e-12
2.177249e+01,1.919185e-11,8.251234e-10,8.251234e-12
2.177501e+01,1.932226e-11,8.109698e-10,8.109698e-12
2.177752e+01,1.954235e-11,7.985349e-10,7.985349e-12
2.178003e+01,1.983598e-11,7.912421e-10,7.912421e-12
2.178255e+01,2.018401e-11,7.923791e-10,7.923791e-12
2.178506e+01,2.056596e-11,8.043205e-10,8.043205e-12
2.178757e+01,2.096015e-11,8.278624e-10,8.278624e-12
2.179009e+01,2.134479e-11,8.619943e-10,8.619943e-12
2.179260e+01,2.169933e-11,9.041802e-10,9.041802e-12
2.179511e+01,2.200515e-11,9.509671e-10,9.509671e-12
2.179763e+01,2.224616e-11,9.986242e-10,9.986242e-12
2.180014e+01,2.240977e-11,1.043632e-09,1.043632e-11
2.180265e+01,2.248731e-11,1.082985e-09,1.082985e-11
2.180517e+01,2.247385e-11,1.114337e-09,1.114337e-11
2.180768e+01,2.236852e-11,1.136050e-09,1.136050e-11
2.181019e+01,2.217483e-11,1.147205e-09,1.147205e-11
2.181271e+01,2.190029e-11,1.147553e-09,1.147553e-11
2.181522e+01,2.155567e-11,1.137462e-09,1.137462e-11
2.181773e+01,2.115471e-11,1.117840e-09,1.117840e-11
2.182025e+01,2.071363e-11,1.090053e-09,1.090053e-11
2.182276e+01,2.025063e-11,1.055832e-09,1.055832e-11
2.182527e+01,1.978511e-11,1.017179e-09,1.017179e-11
2.182779e+01,1.933702e-11,9.762584e-10,9.762584e-12
2.183030e+01,1.892652e-11,9.352949e-10,9.352949e-12
2.183281e+01,1.857308e-11,8.964761e-10,8.964761e-12
2.183533e+01,1.829503e-11,8.618572e-10,8.618572e-12
2.183784e+01,1.810949e-11,8.332826e-10,8.332826e-12
2.184035e+01,1.803154e-11,8.123329e-10,8.123329e-12
2.184287e+01,1.807369e-11,8.002996e-10,8.002996e-12
2.184538e+01,1.824570e-11,7.981842e-10,7.981842e-12
2.184789e+01,1.855442e-11,8.067223e-10,8.067223e-12
2.185041e+01,1.900331e-11,8.264032e-10,8.264032e-12
2.185292e+01,1.959250e-11,8.574671e-10,8.574671e-12
2.185543e+01,2.031868e-11,8.998779e-10,8.998779e-12
2.185795e+01,2.117434e-11,9.532782e-10,9.532782e-12
2.186046e+01,2.214851e-11,1.016951e-09,1.016951e-11
2.186297e+01,2.322674e-11,1.089797e-09,1.089797e-11
2.186548e+01,2.439084e-11,1.170349e-09,1.170349e-11
2.186800e+01,2.561980e-11,1.256805e-09,1.256805e-11
2.187051e+01,2.688972e-11,1.347089e-09,1.347089e-11
2.187302e+01,2.817497e-11,1.438925e-09,1.438925e-11
2.187554e+01,2.944864e-11,1.529915e-09,1.529915e-11
2.187805e+01,3.068251e-11,1.617619e-09,1.617619e-11
2.188056e+01,3.184893e-11,1.699650e-09,1.699650e-11
2.188308e+01,3.292172e-11,1.773756e-09,1.773756e-11
2.188559e+01,3.387609e-11,1.837894e-09,1.837894e-11
2.188810e+01,3.469029e-11,1.890310e-09,1.890310e-11
2.189062e+01,3.534637e-11,1.929597e-09,1.929597e-11
2.189313e+01,3.583026e-11,1.954750e-09,1.954750e-11
2.189564e+01,3.613311e-11,1.965204e-09,1.965204e-11
2.189816e+01,3.625109e-11,1.960850e-09,1.960850e-11
2.190067e+01,3.618539e-11,1.942036e-09,1.942036e-11
2.190318e+01,3.594279e-11,1.909563e-09,1.909563e-11
2.190570e+01,3.553497e-11,1.864645e-09,1.864645e-11
2.190821e+01,3.497837e-11,1.808862e-09,1.808862e-11
2.191072e+01,3.429346e-11,1.744106e-09,1.744106e-11
2.191324e+01,3.350367e-11,1.672494e-09,1.672494e-11
2.191575e+01,3.263475e-11,1.596286e-09,1.596286e-11
2.191826e+01,3.171404e-11,1.517805e-09,1.517805e-11
2.192078e+01,3.076922e-11,1.439341e-09,1.439341e-11
2.192329e+01,2.982756e-11,1.363063e-09,1.363063e-11
2.192580e+01,2.891480e-11,1.290936e-09,1.290936e-11
2.192832e+01,2.805404e-11,1.224662e-09,1.224662e-11
2.193083e+01,2.726571e-11,1.165638e-09,1.165638e-11
2.193334e+01,2.656671e-11,1.114928e-09,1.114928e-11
2.193586e+01,2.596975e-11,1.073269e-09,1.073269e-11
2.193837e+01,2.548331e-11,1.041091e-09,1.041091e-11
2.194088e+01,2.511155e-11,1.018555e-09,1.018555e-11
2.194340e+01,2.485444e-11,1.005576e-09,1.005576e-11
2.194591e+01,2.470770e-11,1.001838e-09,1.001838e-11
2.194842e+01,2.466345e-11,1.006797e-09,1.006797e-11
2.195094e+01,2.471060e-11,1.019665e-09,1.019665e-11
2.195345e+01,2.483507e-11,1.039409e-09,1.039409e-11
2.195596e+01,2.502091e-11,1.064762e-09,1.064762e-11
2.195848e+01,2.525052e-11,1.094249e-09,1.094249e-11
2.196099e+01,2.550546e-11,1.126241e-09,1.126241e-11
2.196350e+01,2.576727e-11,1.159020e-09,1.159020e-11
2.196602e+01,2.601756e-11,1.190850e-09,1.190850e-11
2.196853e+01,2.623925e-11,1.220064e-09,1.220064e-11
2.197104e+01,2.641664e-11,1.245132e-09,1.245132e-11
2.197356e+01,2.653599e-11,1.264721e-09,1.264721e-11
2.197607e+01,2.658622e-11,1.277764e-09,1.277764e-11
2.197858e+01,2.655891e-11,1.283494e-09,1.283494e-11
2.198110e+01,2.644854e-11,1.281483e-09,1.281483e-11
2.198361e+01,2.625242e-11,1.271658e-09,1.271658e-11
2.198612e+01,2.597133e-11,1.254310e-09,1.254310e-11
2.198864e+01,2.560900e-11,1.230081e-09,1.230081e-11
2.199115e+01,2.517217e-11,1.199925e-09,1.199925e-11
2.199366e+01,2.467032e-11,1.165064e-09,1.165064e-11
2.199618e+01,2.411504e-11,1.126913e-09,1.126913e-11
2.199869e+01,2.352013e-11,1.086998e-09,1.086998e-11
2.200120e+01,2.290109e-11,1.046850e-09,1.046850e-11
2.200371e+01,2.227412e-11,1.007894e-09,1.007894e-11
2.200623e+01,2.165592e-11,9.713424e-10,9.713424e-12
2.200874e+01,2.106311e-11,9.381086e-10,9.381086e-12
2.201125e+01,2.051149e-11,9.087681e-10,9.087681e-12
2.201377e+01,2.001561e-11,8.835578e-10,8.835578e-12
2.201628e+01,1.958794e-11,8.624340e-10,8.624340e-12
2.201879e+01,1.923891e-11,8.451698e-10,8.451698e-12
2.202131e+01,1.897618e-11,8.314640e-10,8.314640e-12
2.202382e+01,1.880411e-11,8.210343e-10,8.210343e-12
2.202633e+01,1.872419e-11,8.136837e-10,8.136837e-12
2.202885e+01,1.873489e-11,8.093208e-10,8.093208e-12
2.203136e+01,1.883162e-11,8.079224e-10,8.079224e-12
2.203387e+01,1.900653e-11,8.094702e-10,8.094702e-12
2.203639e+01,1.924948e-11,8.138854e-10,8.138854e-12
2.203890e+01,1.954852e-11,8.209679e-10,8.209679e-12
2.204141e+01,1.988985e-11,8.303592e-10,8.303592e-12
2.204393e+01,2.025882e-11,8.415481e-10,8.415481e-12
2.204644e+01,2.064057e-11,8.539032e-10,8.539032e-12
2.204895e+01,2.102027e-11,8.667268e-10,8.667268e-12
2.205147e+01,2.138394e-11,8.793252e-10,8.793252e-12
2.205398e+01,2.171878e-11,8.910720e-10,8.910720e-12
2.205649e+01,2.201374e-11,9.014583e-10,9.014583e-12
2.205901e+01,2.226022e-11,9.101314e-10,9.101314e-12
2.206152e+01,2.245184e-11,9.169064e-10,9.169064e-12
2.206403e+01,2.258460e-11,9.217558e-10,9.217558e-12
2.206655e+01,2.265692e-11,9.247918e-10,9.247918e-12
2.206906e+01,2.266980e-11,9.262447e-10,9.262447e-12
2.207157e+01,2.262645e-11,9.264378e-10,9.264378e-12
2.207409e+01,2.253192e-11,9.257450e-10,9.257450e-12
2.207660e+01,2.239278e-11,9.245415e-10,9.245415e-12
2.207911e+01,2.221676e-11,9.231735e-10,9.231735e-12
2.208163e+01,2.201223e-11,9.219342e-10,9.219342e-12
2.208414e+01,2.178771e-11,9.210354e-10,9.210354e-12
2.208665e+01,2.155157e-11,9.205895e-10,9.205895e-12
2.208917e+01,2.131144e-11,9.206030e-10,9.206030e-12
2.209168e+01,2.107412e-11,9.209776e-10,9.209776e-12
2.209419e+01,2.084512e-11,9.215223e-10,9.215223e-12
2.209671e+01,2.062856e-11,9.219709e-10,9.219709e-12
2.209922e+01,2.042719e-11,9.220052e-10,9.220052e-12
2.210173e+01,2.024211e-11,9.212773e-10,9.212773e-12
2.210425e+01,2.007316e-11,9.194348e-10,9.194348e-12
2.210676e+01,1.991902e-11,9.161478e-10,9.161478e-12
2.210927e+01,1.977697e-11,9.111204e-10,9.111204e-12
2.211179e+01,1.964374e-11,9.041035e-10,9.041035e-12
2.211430e+01,1.951544e-11,8.949118e-10,8.949118e-12
2.211681e+01,1.938787e-11,8.834262e-10,8.834262e-12
2.211933e+01,1.925703e-11,8.695920e-10,8.695920e-12
2.212184e+01,1.911922e-11,8.534170e-10,8.534170e-12
2.212435e+01,1.897137e-11,8.349664e-10,8.349664e-12
2.212687e+01,1.881050e-11,8.143607e-10,8.143607e-12
2.212938e+01,1.863498e-11,7.917826e-10,7.917826e-12
2.213189e+01,1.844465e-11,7.674759e-10,7.674759e-12
2.213441e+01,1.823937e-11,7.417374e-10,7.417374e-12
2.213692e+01,1.802040e-11,7.149362e-10,7.149362e-12
2.213943e+01,1.779025e-11,6.875292e-10,6.875292e-12
2.214195e+01,1.755204e-11,6.600586e-10,6.600586e-12
2.214446e+01,1.730956e-11,6.331600e-10,6.331600e-12
2.214697e+01,1.706688e-11,6.075626e-10,6.075626e-12
2.214948e+01,1.682875e-11,5.840775e-10,5.840775e-12
2.215200e+01,1.660024e-11,5.635610e-10,5.635610e-12
2.215451e+01,1.638583e-11,5.468419e-10,5.468419e-12
2.215702e+01,1.618991e-11,5.346407e-10,5.346407e-12
2.215954e+01,1.601684e-11,5.274734e-10,5.274734e-12
2.216205e+01,1.587048e-11,5.255575e-10,5.255575e-12
2.216456e+01,1.575442e-11,5.287559e-10,5.287559e-12
2.216708e+01,1.567130e-11,5.365831e-10,5.365831e-12
2.216959e+01,1.562324e-11,5.482833e-10,5.482833e-12
2.217210e+01,1.561230e-11,5.629408e-10,5.629408e-12
2.217462e+01,1.564000e-11,5.795805e-10,5.795805e-12
2.217713e+01,1.570711e-11,5.972674e-10,5.972674e-12
2.217964e+01,1.581437e-11,6.151949e-10,6.151949e-12
2.218216e+01,1.596262e-11,6.327335e-10,6.327335e-12
2.218467e+01,1.615200e-11,6.494558e-10,6.494558e-12
2.218718e+01,1.638298e-11,6.651556e-10,6.651556e-12
2.218970e+01,1.665620e-11,6.798528e-10,6.798528e-12
2.219221e+01,1.697149e-11,6.937858e-10,6.937858e-12
2.219472e+01,1.732911e-11,7.073935e-10,7.073935e-12
2.219724e+01,1.772915e-11,7.212807e-10,7.212807e-12
2.219975e+01,1.817107e-11,7.361692e-10,7.361692e-12
2.220226e+01,1.865411e-11,7.528220e-10,7.528220e-12
2.220478e+01,1.917657e-11,7.719621e-10,7.719621e-12
2.220729e+01,1.973610e-11,7.941975e-10,7.941975e-12
2.220980e+01,2.032934e-11,8.199286e-10,8.199286e-12
2.221232e+01,2.095103e-11,8.492869e-10,8.492869e-12
2.221483e+01,2.159493e-11,8.821233e-10,8.821233e-12
2.221734e+01,2.225348e-11,9.180020e-10,9.180020e-12
2.221986e+01,2.291696e-11,9.562222e-10,9.562222e-12
2.222237e+01,2.357441e-11,9.958818e-10,9.958818e-12
2.222488e+01,2.421353e-11,1.035936e-09,1.035936e-11
2.222740e+01,2.482061e-11,1.075243e-09,1.075243e-11
2.222991e+01,2.538129e-11,1.112625e-09,1.112625e-11
2.223242e+01,2.588090e-11,1.146923e-09,1.146923e-11
2.223494e+01,2.630465e-11,1.177031e-09,1.177031e-11
2.223745e+01,2.663833e-11,1.201939e-09,1.201939e-11
2.223996e+01,2.686897e-11,1.220756e-09,1.220756e-11
2.224248e+01,2.698503e-11,1.232744e-09,1.232744e-11
2.224499e+01,2.697749e-11,1.237344e-09,1.237344e-11
2.224750e+01,2.684004e-11,1.234190e-09,1.234190e-11
2.225002e+01,2.656893e-11,1.223117e-09,1.223117e-11
2.225253e+01,2.616398e-11,1.204178e-09,1.204178e-11
2.225504e+01,2.562877e-11,1.177652e-09,1.177652e-11
2.225756e+01,2.497038e-11,1.144036e-09,1.144036e-11
2.226007e+01,2.419927e-11,1.104040e-09,1.104040e-11
2.226258e+01,2.332912e-11,1.058565e-09,1.058565e-11
2.226510e+01,2.237669e-11,1.008690e-09,1.008690e-11
2.226761e+01,2.136122e-11,9.556459e-10,9.556459e-12
2.227012e+01,2.030382e-11,9.007736e-10,9.007736e-12
2.227264e+01,1.922667e-11,8.454883e-10,8.454883e-12
2.227515e+01,1.815255e-11,7.912472e-10,7.912472e-12
2.227766e+01,1.710428e-11,7.395019e-10,7.395019e-12
2.228018e+01,1.610388e-11,6.916491e-10,6.916491e-12
2.228269e+01,1.517155e-11,6.489833e-10,6.489833e-12
2.228520e+01,1.432547e-11,6.126427e-10,6.126427e-12
2.228771e+01,1.358134e-11,5.835628e-10,5.835628e-12
2.229023e+01,1.295169e-11,5.624397e-10,5.624397e-12
2.229274e+01,1.244590e-11,5.497008e-10,5.497008e-12
2.229525e+01,1.206969e-11,5.454953e-10,5.454953e-12
2.229777e+01,1.182510e-11,5.497057e-10,5.497057e-12
2.230028e+01,1.171086e-11,5.619825e-10,5.619825e-12
2.230279e+01,1.172247e-11,5.817775e-10,5.817775e-12
2.230531e+01,1.185210e-11,6.083661e-10,6.083661e-12
2.230782e+01,1.208914e-11,6.408726e-10,6.408726e-12
2.231033e+01,1.242057e-11,6.782899e-10,6.782899e-12
2.231285e+01,1.283136e-11,7.194969e-10,7.194969e-12
2.231536e+01,1.330513e-11,7.632868e-10,7.632868e-12
2.231787e+01,1.382436e-11,8.083973e-10,8.083973e-12
2.232039e+01,1.437100e-11,8.535452e-10,8.535452e-12
2.232290e+01,1.492691e-11,8.974643e-10,8.974643e-12
2.232541e+01,1.547428e-11,9.389410e-10,9.389410e-12
2.232793e+01,1.599625e-11,9.768501e-10,9.768501e-12
2.233044e+01,1.647720e-11,1.010186e-09,1.010186e-11
2.233295e+01,1.690309e-11,1.038086e-09,1.038086e-11
2.233547e+01,1.726182e-11,1.059846e-09,1.059846e-11
2.233798e+01,1.754326e-11,1.074930e-09,1.074930e-11
2.234049e+01,1.773943e-11,1.082986e-09,1.082986e-11
2.234301e+01,1.784497e-11,1.083834e-09,1.083834e-11
2.234552e+01,1.785696e-11,1.077467e-09,1.077467e-11
2.234803e+01,1.777462e-11,1.064039e-09,1.064039e-11
2.235055e+01,1.759944e-11,1.043856e-09,1.043856e-11
2.235306e+01,1.733519e-11,1.017359e-09,1.017359e-11
2.235557e+01,1.698728e-11,9.851080e-10,9.851080e-12
2.235809e+01,1.656287e-11,9.477613e-10,9.477613e-12
2.236060e+01,1.607058e-11,9.060640e-10,9.060640e-12
2.236311e+01,1.551997e-11,8.608246e-10,8.608246e-12
2.236563e+01,1.492160e-11,8.128978e-10,8.128978e-12
2.236814e+01,1.428663e-11,7.631679e-10,7.631679e-12
2.237065e+01,1.362644e-11,7.125221e-10,7.125221e-12
2.237317e+01,1.295243e-11,6.618257e-10,6.618257e-12
2.237568e+01,1.227592e-11,6.119065e-10,6.119065e-12
2.237819e+01,1.160814e-11,5.635327e-10,5.635327e-12
2.238071e+01,1.095964e-11,5.173813e-10,5.173813e-12
2.238322e+01,1.034043e-11,4.740192e-10,4.740192e-12
2.238573e+01,9.760044e-12,4.338936e-10,4.338936e-12
2.238825e+01,9.227213e-12,3.973145e-10,3.973145e-12
2.239076e+01,8.749918e-12,3.644504e-10,3.644504e-12
2.239327e+01,8.335119e-12,3.353466e-10,3.353466e-12
2.239579e+01,7.988722e-12,3.099540e-10,3.099540e-12
2.239830e+01,7.715616e-12,2.881889e-10,2.881889e-12
2.240081e+01,7.519753e-12,2.700025e-10,2.700025e-12
2.240333e+01,7.403638e-12,2.554280e-10,2.554280e-12
2.240584e+01,7.368136e-12,2.446344e-10,2.446344e-12
2.240835e+01,7.412955e-12,2.379483e-10,2.379483e-12
2.241087e+01,7.536155e-12,2.357836e-10,2.357836e-12
2.241338e+01,7.734041e-12,2.385271e-10,2.385271e-12
2.241589e+01,8.001546e-12,2.463998e-10,2.463998e-12
2.241841e+01,8.332029e-12,2.593344e-10,2.593344e-12
2.242092e+01,8.717512e-12,2.769601e-10,2.769601e-12
2.242343e+01,9.149076e-12,2.986673e-10,2.986673e-12
2.242594e+01,9.616810e-12,3.236960e-10,3.236960e-12
2.242846e+01,1.011040e-11,3.512371e-10,3.512371e-12
2.243097e+01,1.061945e-11,3.805119e-10,3.805119e-12
2.243348e+01,1.113384e-11,4.108246e-10,4.108246e-12
2.243600e+01,1.164443e-11,4.415908e-10,4.415908e-12
2.243851e+01,1.214294e-11,4.723540e-10,4.723540e-12
2.244102e+01,1.262249e-11,5.028048e-10,5.028048e-12
2.244354e+01,1.307838e-11,5.327736e-10,5.327736e-12
2.244605e+01,1.350786e-11,5.622066e-10,5.622066e-12
2.244856e+01,1.391007e-11,5.911373e-10,5.911373e-12
2.245108e+01,1.428625e-11,6.196444e-10,6.196444e-12
2.245359e+01,1.463970e-11,6.478007e-10,6.478007e-12
2.245610e+01,1.497565e-11,6.756312e-10,6.756312e-12
2.245862e+01,1.530084e-11,7.030783e-10,7.030783e-12
2.246113e+01,1.562292e-11,7.299751e-10,7.299751e-12
2.246364e+01,1.595022e-11,7.560516e-10,7.560516e-12
2.246616e+01,1.629147e-11,7.809688e-10,7.809688e-12
2.246867e+01,1.665486e-11,8.043604e-10,8.043604e-12
2.247118e+01,1.704770e-11,8.258841e-10,8.258841e-12
2.247370e+01,1.747586e-11,8.452900e-10,8.452900e-12
2.247621e+01,1.794362e-11,8.624928e-10,8.624928e-12
2.247872e+01,1.845333e-11,8.776037e-10,8.776037e-12
2.248124e+01,1.900455e-11,8.909374e-10,8.909374e-12
2.248375e+01,1.959457e-11,9.030193e-10,9.030193e-12
2.248626e+01,2.021844e-11,9.145406e-10,9.145406e-12
2.248878e+01,2.086872e-11,9.262704e-10,9.262704e-12
2.249129e+01,2.153612e-11,9.389502e-10,9.389502e-12
2.249380e+01,2.220948e-11,9.531667e-10,9.531667e-12
2.249632e+01,2.287628e-11,9.692366e-10,9.692366e-12
2.249883e+01,2.352323e-11,9.871314e-10,9.871314e-12
2.250134e+01,2.413676e-11,1.006447e-09,1.006447e-11
2.250386e+01,2.470378e-11,1.026426e-09,1.026426e-11
2.250637e+01,2.521170e-11,1.046044e-09,1.046044e-11
2.250888e+01,2.564942e-11,1.064131e-09,1.064131e-11
2.251140e+01,2.600806e-11,1.079497e-09,1.079497e-11
2.251391e+01,2.628060e-11,1.091068e-09,1.091068e-11
2.251642e+01,2.646274e-11,1.098012e-09,1.098012e-11
2.251894e+01,2.655331e-11,1.099833e-09,1.099833e-11
2.252145e+01,2.655402e-11,1.096451e-09,1.096451e-11
2.252396e+01,2.646968e-11,1.088251e-09,1.088251e-11
2.252648e+01,2.630828e-11,1.076101e-09,1.076101e-11
2.252899e+01,2.608050e-11,1.061339e-09,1.061339e-11
2.253150e+01,2.579943e-11,1.045705e-09,1.045705e-11
2.253402e+01,2.548028e-11,1.031231e-09,1.031231e-11
2.253653e+01,2.513975e-11,1.020049e-09,1.020049e-11
2.253904e+01,2.479499e-11,1.014152e-09,1.014152e-11
2.254156e+01,2.446329e-11,1.015138e-09,1.015138e-11
2.254407e+01,2.416150e-11,1.023986e-09,1.023986e-11
2.254658e+01,2.390483e-11,1.040916e-09,1.040916e-11
2.254910e+01,2.370646e-11,1.065396e-09,1.065396e-11
2.255161e+01,2.357654e-11,1.096281e-09,1.096281e-11
2.255412e+01,2.352173e-11,1.132024e-09,1.132024e-11
2.255664e+01,2.354522e-11,1.170913e-09,1.170913e-11
2.255915e+01,2.364615e-11,1.211246e-09,1.211246e-11
2.256166e+01,2.381958e-11,1.251447e-09,1.251447e-11
2.256418e+01,2.405646e-11,1.290138e-09,1.290138e-11
2.256669e+01,2.434417e-11,1.326146e-09,1.326146e-11
2.256920e+01,2.466721e-11,1.358488e-09,1.358488e-11
2.257171e+01,2.500736e-11,1.386332e-09,1.386332e-11
2.257423e+01,2.534484e-11,1.408967e-09,1.408967e-11
2.257674e+01,2.565919e-11,1.425774e-09,1.425774e-11
2.257925e+01,2.592993e-11,1.436205e-09,1.436205e-11
2.258177e+01,2.613752e-11,1.439790e-09,1.439790e-11
2.258428e+01,2.626432e-11,1.436147e-09,1.436147e-11
2.258679e+01,2.629546e-11,1.425009e-09,1.425009e-11
2.258931e+01,2.621933e-11,1.406250e-09,1.406250e-11
2.259182e+01,2.602802e-11,1.379919e-09,1.379919e-11
2.259433e+01,2.571779e-11,1.346274e-09,1.346274e-11
2.259685e+01,2.528901e-11,1.305801e-09,1.305801e-11
2.259936e+01,2.474635e-11,1.259215e-09,1.259215e-11
2.260187e+01,2.409819e-11,1.207456e-09,1.207456e-11
2.260439e+01,2.335615e-11,1.151678e-09,1.151678e-11
2.260690e+01,2.253484e-11,1.093220e-09,1.093220e-11
2.260941e+01,2.165120e-11,1.033548e-09,1.033548e-11
2.261193e+01,2.072364e-11,9.741925e-10,9.741925e-12
2.261444e+01,1.977114e-11,9.166750e-10,9.166750e-12
2.261695e+01,1.881294e-11,8.624215e-10,8.624215e-12
2.261947e+01,1.786764e-11,8.126585e-10,8.126585e-12
2.262198e+01,1.695277e-11,7.683128e-10,7.683128e-12
2.262449e+01,1.608453e-11,7.299248e-10,7.299248e-12
2.262701e+01,1.527693e-11,6.975988e-10,6.975988e-12
2.262952e+01,1.454203e-11,6.710161e-10,6.710161e-12
2.263203e+01,1.388973e-11,6.495073e-10,6.495073e-12
2.263455e+01,1.332788e-11,6.321844e-10,6.321844e-12
2.263706e+01,1.286213e-11,6.180957e-10,6.180957e-12
2.263957e+01,1.249610e-11,6.063575e-10,6.063575e-12
2.264209e+01,1.223147e-11,5.962749e-10,5.962749e-12
2.264460e+01,1.206830e-11,5.874361e-10,5.874361e-12
2.264711e+01,1.200551e-11,5.797355e-10,5.797355e-12
2.264963e+01,1.203998e-11,5.733503e-10,5.733503e-12
2.265214e+01,1.216744e-11,5.687171e-10,5.687171e-12
2.265465e+01,1.238293e-11,5.664784e-10,5.664784e-12
2.265717e+01,1.267981e-11,5.673721e-10,5.673721e-12
2.265968e+01,1.305014e-11,5.721039e-10,5.721039e-12
2.266219e+01,1.348518e-11,5.812286e-10,5.812286e-12
2.266471e+01,1.397502e-11,5.950362e-10,5.950362e-12
2.266722e+01,1.450858e-11,6.134684e-10,6.134684e-12
2.266973e+01,1.507360e-11,6.361005e-10,6.361005e-12
2.267225e+01,1.565756e-11,6.621817e-10,6.621817e-12
2.267476e+01,1.624721e-11,6.906949e-10,6.906949e-12
2.267727e+01,1.682884e-11,7.204409e-10,7.204409e-12
2.267979e+01,1.738895e-11,7.501377e-10,7.501377e-12
2.268230e+01,1.791429e-11,7.784992e-10,7.784992e-12
2.268481e+01,1.839265e-11,8.043026e-10,8.043026e-12
2.268733e+01,1.881293e-11,8.264483e-10,8.264483e-12
2.268984e+01,1.916571e-11,8.440044e-10,8.440044e-12
2.269235e+01,1.944330e-11,8.562499e-10,8.562499e-12
2.269487e+01,1.964057e-11,8.627131e-10,8.627131e-12
2.269738e+01,1.975501e-11,8.631923e-10,8.631923e-12
2.269989e+01,1.978635e-11,8.577727e-10,8.577727e-12
2.270241e+01,1.973740e-11,8.468401e-10,8.468401e-12
2.270492e+01,1.961334e-11,8.310729e-10,8.310729e-12
2.270743e+01,1.942161e-11,8.114246e-10,8.114246e-12
2.270994e+01,1.917218e-11,7.890971e-10,7.890971e-12
2.271246e+01,1.887670e-11,7.654912e-10,7.654912e-12
2.271497e+01,1.854787e-11,7.421297e-10,7.421297e-12
2.271748e+01,1.819906e-11,7.205676e-10,7.205676e-12
2.272000e+01,1.784441e-11,7.022790e-10,7.022790e-12
2.272251e+01,1.749773e-11,6.885157e-10,6.885157e-12
2.272502e+01,1.717173e-11,6.801778e-10,6.801778e-12
2.272754e+01,1.687814e-11,6.777336e-10,6.777336e-12
2.273005e+01,1.662713e-11,6.811932e-10,6.811932e-12
2.273256e+01,1.642715e-11,6.901578e-10,6.901578e-12
2.273508e+01,1.628460e-11,7.039257e-10,7.039257e-12
2.273759e+01,1.620360e-11,7.216118e-10,7.216118e-12
2.274010e+01,1.618599e-11,7.422645e-10,7.422645e-12
2.274262e+01,1.623173e-11,7.649569e-10,7.649569e-12
2.274513e+01,1.633903e-11,7.888393e-10,7.888393e-12
2.274764e+01,1.650419e-11,8.131518e-10,8.131518e-12
2.275016e+01,1.672224e-11,8.372263e-10,8.372263e-12
2.275267e+01,1.698716e-11,8.604958e-10,8.604958e-12
2.275518e+01,1.729241e-11,8.824935e-10,8.824935e-12
2.275770e+01,1.763112e-11,9.028508e-10,9.028508e-12
2.276021e+01,1.799622e-11,9.213056e-10,9.213056e-12
2.276272e+01,1.838081e-11,9.376997e-10,9.376997e-12
2.276524e+01,1.877830e-11,9.519962e-10,9.519962e-12
2.276775e+01,1.918308e-11,9.643009e-10,9.643009e-12
2.277026e+01,1.959006e-11,9.748329e-10,9.748329e-12
2.277278e+01,1.999463e-11,9.838939e-10,9.838939e-12
2.277529e+01,2.039282e-11,9.918576e-10,9.918576e-12
2.277780e+01,2.078111e-11,9.991278e-10,9.991278e-12
2.278032e+01,2.115632e-11,1.006085e-09,1.006085e-11
2.278283e+01,2.151542e-11,1.013037e-09,1.013037e-11
2.278534e+01,2.185530e-11,1.020166e-09,1.020166e-11
2.278786e+01,2.217273e-11,1.027502e-09,1.027502e-11
2.279037e+01,2.246403e-11,1.034900e-09,1.034900e-11
2.279288e+01,2.272491e-11,1.042043e-09,1.042043e-11
2.279540e+01,2.295072e-11,1.048481e-09,1.048481e-11
2.279791e+01,2.313628e-11,1.053640e-09,1.053640e-11
2.280042e+01,2.327567e-11,1.056869e-09,1.056869e-11
2.280294e+01,2.336294e-11,1.057515e-09,1.057515e-11
2.280545e+01,2.339246e-11,1.054981e-09,1.054981e-11
2.280796e+01,2.335881e-11,1.048730e-09,1.048730e-11
2.281048e+01,2.325695e-11,1.038333e-09,1.038333e-11
2.281299e+01,2.308298e-11,1.023513e-09,1.023513e-11
2.281550e+01,2.283487e-11,1.004164e-09,1.004164e-11
2.281802e+01,2.251208e-11,9.803494e-10,9.803494e-12
2.282053e+01,2.211616e-11,9.523091e-10,9.523091e-12
2.282304e+01,2.165117e-11,9.204679e-10,9.204679e-12
2.282556e+01,2.112352e-11,8.854213e-10,8.854213e-12
2.282807e+01,2.054212e-11,8.479201e-10,8.479201e-12
2.283058e+01,1.991815e-11,8.088524e-10,8.088524e-12
2.283310e+01,1.926492e-11,7.692078e-10,7.692078e-12
2.283561e+01,1.859730e-11,7.300350e-10,7.300350e-12
2.283812e+01,1.793125e-11,6.923901e-10,6.923901e-12
2.284064e+01,1.728350e-11,6.572763e-10,6.572763e-12
2.284315e+01,1.667101e-11,6.255787e-10,6.255787e-12
2.284566e+01,1.611013e-11,5.979885e-10,5.979885e-12
2.284818e+01,1.561579e-11,5.749460e-10,5.749460e-12
2.285069e+01,1.520129e-11,5.566220e-10,5.566220e-12
2.285320e+01,1.487738e-11,5.429258e-10,5.429258e-12
2.285571e+01,1.465168e-11,5.335572e-10,5.335572e-12
2.285823e+01,1.452892e-11,5.280967e-10,5.280967e-12
2.286074e+01,1.451044e-11,5.260844e-10,5.260844e-12
2.286325e+01,1.459380e-11,5.270794e-10,5.270794e-12
2.286577e+01,1.477316e-11,5.307021e-10,5.307021e-12
2.286828e+01,1.503952e-11,5.366298e-10,5.366298e-12
2.287079e+01,1.538071e-11,5.445689e-10,5.445689e-12
2.287331e+01,1.578244e-11,5.542309e-10,5.542309e-12
2.287582e+01,1.622877e-11,5.652989e-10,5.652989e-12
2.287833e+01,1.670213e-11,5.773968e-10,5.773968e-12
2.288085e+01,1.718449e-11,5.900884e-10,5.900884e-12
2.288336e+01,1.765816e-11,6.029040e-10,6.029040e-12
2.288587e+01,1.810662e-11,6.153709e-10,6.153709e-12
2.288839e+01,1.851477e-11,6.270420e-10,6.270420e-12
2.289090e+01,1.886930e-11,6.375268e-10,6.375268e-12
2.289341e+01,1.915973e-11,6.465137e-10,6.465137e-12
2.289593e+01,1.937792e-11,6.537876e-10,6.537876e-12
2.289844e+01,1.951883e-11,6.592441e-10,6.592441e-12
2.290095e+01,1.958092e-11,6.628780e-10,6.628780e-12
2.290347e+01,1.956522e-11,6.647573e-10,6.647573e-12
2.290598e+01,1.947520e-11,6.650043e-10,6.650043e-12
2.290849e+01,1.931690e-11,6.637729e-10,6.637729e-12
2.291101e+01,1.909839e-11,6.612196e-10,6.612196e-12
2.291352e+01,1.882907e-11,6.574804e-10,6.574804e-12
2.291603e+01,1.851954e-11,6.526631e-10,6.526631e-12
2.291855e+01,1.818071e-11,6.468320e-10,6.468320e-12
2.292106e+01,1.782325e-11,6.400089e-10,6.400089e-12
2.292357e+01,1.745767e-11,6.322000e-10,6.322000e-12
2.292609e+01,1.709360e-11,6.234022e-10,6.234022e-12
2.292860e+01,1.673918e-11,6.136084e-10,6.136084e-12
2.293111e+01,1.640099e-11,6.028310e-10,6.028310e-12
2.293363e+01,1.608400e-11,5.911148e-10,5.911148e-12
2.293614e+01,1.579146e-11,5.785497e-10,5.785497e-12
2.293865e+01,1.552488e-11,5.652703e-10,5.652703e-12
2.294117e+01,1.528368e-11,5.514471e-10,5.514471e-12
2.294368e+01,1.506627e-11,5.373014e-10,5.373014e-12
2.294619e+01,1.486979e-11,5.230924e-10,5.230924e-12
2.294871e+01,1.469010e-11,5.090976e-10,5.090976e-12
2.295122e+01,1.452299e-11,4.956184e-10,4.956184e-12
2.295373e+01,1.436358e-11,4.829481e-10,4.829481e-12
2.295625e+01,1.420667e-11,4.713524e-10,4.713524e-12
2.295876e+01,1.404812e-11,4.610664e-10,4.610664e-12
2.296127e+01,1.388429e-11,4.522471e-10,4.522471e-12
2.296379e+01,1.371208e-11,4.449553e-10,4.449553e-12
2.296630e+01,1.352946e-11,4.391585e-10,4.391585e-12
2.296881e+01,1.333537e-11,4.347150e-10,4.347150e-12
2.297133e+01,1.312998e-11,4.313967e-10,4.313967e-12
2.297384e+01,1.291487e-11,4.289250e-10,4.289250e-12
2.297635e+01,1.269222e-11,4.269878e-10,4.269878e-12
2.297887e+01,1.246512e-11,4.252864e-10,4.252864e-12
2.298138e+01,1.223774e-11,4.235862e-10,4.235862e-12
2.298389e+01,1.201478e-11,4.217413e-10,4.217413e-12
2.298641e+01,1.180136e-11,4.197176e-10,4.197176e-12
2.298892e+01,1.160287e-11,4.176001e-10,4.176001e-12
2.299143e+01,1.142489e-11,4.155878e-10,4.155878e-12
2.299394e+01,1.127287e-11,4.139771e-10,4.139771e-12
2.299646e+01,1.115181e-11,4.131244e-10,4.131244e-12
2.299897e+01,1.106629e-11,4.134108e-10,4.134108e-12
2.300148e+01,1.102046e-11,4.152090e-10,4.152090e-12
2.300400e+01,1.101770e-11,4.188287e-10,4.188287e-12
2.300651e+01,1.106028e-11,4.244882e-10,4.244882e-12
2.300902e+01,1.114993e-11,4.323132e-10,4.323132e-12
2.301154e+01,1.128714e-11,4.423178e-10,4.423178e-12
2.301405e+01,1.147117e-11,4.544230e-10,4.544230e-12
2.301656e+01,1.170078e-11,4.684919e-10,4.684919e-12
2.301908e+01,1.197340e-11,4.843323e-10,4.843323e-12
2.302159e+01,1.228530e-11,5.017128e-10,5.017128e-12
2.302410e+01,1.263178e-11,5.203786e-10,5.203786e-12
2.302662e+01,1.300734e-11,5.400632e-10,5.400632e-12
2.302913e+01,1.340565e-11,5.604821e-10,5.604821e-12
2.303164e+01,1.381931e-11,5.813252e-10,5.813252e-12
2.303416e+01,1.424042e-11,6.022741e-10,6.022741e-12
2.303667e+01,1.466093e-11,6.229992e-10,6.229992e-12
2.303918e+01,1.507238e-11,6.431517e-10,6.431517e-12
2.304170e+01,1.546610e-11,6.623837e-10,6.623837e-12
2.304421e+01,1.583362e-11,6.803548e-10,6.803548e-12
2.304672e+01,1.616665e-11,6.967343e-10,6.967343e-12
2.304924e+01,1.645782e-11,7.112138e-10,7.112138e-12
2.305175e+01,1.670041e-11,7.235117e-10,7.235117e-12
2.305426e+01,1.688852e-11,7.333796e-10,7.333796e-12
2.305678e+01,1.701766e-11,7.406098e-10,7.406098e-12
2.305929e+01,1.708437e-11,7.450387e-10,7.450387e-12
2.306180e+01,1.708674e-11,7.465560e-10,7.465560e-12
2.306432e+01,1.702430e-11,7.451040e-10,7.451040e-12
2.306683e+01,1.689808e-11,7.406869e-10,7.406869e-12
2.306934e+01,1.671067e-11,7.333732e-10,7.333732e-12
2.307186e+01,1.646571e-11,7.232844e-10,7.232844e-12
2.307437e+01,1.616815e-11,7.106089e-10,7.106089e-12
2.307688e+01,1.582440e-11,6.956071e-10,6.956071e-12
2.307940e+01,1.544155e-11,6.785845e-10,6.785845e-12
2.308191e+01,1.502743e-11,6.598900e-10,6.598900e-12
2.308442e+01,1.459066e-11,6.399138e-10,6.399138e-12
2.308694e+01,1.413999e-11,6.190673e-10,6.190673e-12
2.308945e+01,1.368442e-11,5.977675e-10,5.977675e-12
2.309196e+01,1.323280e-11,5.764189e-10,5.764189e-12
2.309448e+01,1.279362e-11,5.554034e-10,5.554034e-12
2.309699e+01,1.237492e-11,5.350680e-10,5.350680e-12
2.309950e+01,1.198385e-11,5.157166e-10,5.157166e-12
2.310202e+01,1.162652e-11,4.976103e-10,4.976103e-12
2.310453e+01,1.130811e-11,4.809718e-10,4.809718e-12
2.310704e+01,1.103272e-11,4.659871e-10,4.659871e-12
2.310956e+01,1.080297e-11,4.528041e-10,4.528041e-12
2.311207e+01,1.062019e-11,4.415377e-10,4.415377e-12
2.311458e+01,1.048445e-11,4.322645e-10,4.322645e-12
2.311710e+01,1.039433e-11,4.250102e-10,4.250102e-12
2.311961e+01,1.034730e-11,4.197408e-10,4.197408e-12
2.312212e+01,1.033967e-11,4.163434e-10,4.163434e-12
2.312464e+01,1.036634e-11,4.146190e-10,4.146190e-12
2.312715e+01,1.042178e-11,4.142891e-10,4.142891e-12
2.312966e+01,1.049956e-11,4.150020e-10,4.150020e-12
2.313218e+01,1.059251e-11,4.163565e-10,4.163565e-12
2.313469e+01,1.069350e-11,4.179334e-10,4.179334e-12
2.313720e+01,1.079534e-11,4.193315e-10,4.193315e-12
2.313971e+01,1.089128e-11,4.201999e-10,4.201999e-12
2.314223e+01,1.097477e-11,4.202611e-10,4.202611e-12
2.314474e+01,1.104027e-11,4.193359e-10,4.193359e-12
2.314725e+01,1.108345e-11,4.173556e-10,4.173556e-12
2.314977e+01,1.110088e-11,4.143603e-10,4.143603e-12
2.315228e+01,1.109102e-11,4.105008e-10,4.105008e-12
2.315479e+01,1.105388e-11,4.060175e-10,4.060175e-12
2.315731e+01,1.099060e-11,4.012040e-10,4.012040e-12
2.315982e+01,1.090417e-11,3.963771e-10,3.963771e-12
2.316233e+01,1.079916e-11,3.918400e-10,3.918400e-12
2.316485e+01,1.068116e-11,3.878463e-10,3.878463e-12
2.316736e+01,1.055712e-11,3.845722e-10,3.845722e-12
2.316987e+01,1.043445e-11,3.820940e-10,3.820940e-12
2.317239e+01,1.032089e-11,3.804023e-10,3.804023e-12
2.317490e+01,1.022465e-11,3.794477e-10,3.794477e-12
2.317741e+01,1.015358e-11,3.791852e-10,3.791852e-12
2.317993e+01,1.011469e-11,3.796186e-10,3.796186e-12
2.318244e+01,1.011390e-11,3.808526e-10,3.808526e-12
2.318495e+01,1.015581e-11,3.831413e-10,3.831413e-12
2.318747e+01,1.024343e-11,3.868925e-10,3.868925e-12
2.318998e+01,1.037777e-11,3.926349e-10,3.926349e-12
2.319249e+01,1.055786e-11,4.009536e-10,4.009536e-12
2.319501e+01,1.078088e-11,4.123739e-10,4.123739e-12
2.319752e+01,1.104162e-11,4.272388e-10,4.272388e-12
2.320003e+01,1.133296e-11,4.456173e-10,4.456173e-12
2.320255e+01,1.164599e-11,4.672426e-10,4.672426e-12
2.320506e+01,1.197024e-11,4.915119e-10,4.915119e-12
2.320757e+01,1.229434e-11,5.175396e-10,5.175396e-12
2.321009e+01,1.260607e-11,5.442375e-10,5.442375e-12
2.321260e+01,1.289284e-11,5.704066e-10,5.704066e-12
2.321511e+01,1.314245e-11,5.948193e-10,5.948193e-12
2.321763e+01,1.334368e-11,6.162926e-10,6.162926e-12
2.322014e+01,1.348639e-11,6.337437e-10,6.337437e-12
2.322265e+01,1.356249e-11,6.462382e-10,6.462382e-12
2.322517e+01,1.356604e-11,6.530259e-10,6.530259e-12
2.322768e+01,1.349353e-11,6.535694e-10,6.535694e-12
2.323019e+01,1.334463e-11,6.475661e-10,6.475661e-12
2.323271e+01,1.312159e-11,6.349611e-10,6.349611e-12
2.323522e+01,1.282986e-11,6.159557e-10,6.159557e-12
2.323773e+01,1.247793e-11,5.910061e-10,5.910061e-12
2.324025e+01,1.207643e-11,5.608191e-10,5.608191e-12
2.324276e+01,1.163867e-11,5.263549e-10,5.263549e-12
2.324527e+01,1.118004e-11,4.888184e-10,4.888184e-12
2.324779e+01,1.071723e-11,4.496495e-10,4.496495e-12
2.325030e+01,1.026759e-11,4.105144e-10,4.105144e-12
2.325281e+01,9.848679e-12,3.732858e-10,3.732858e-12
2.325533e+01,9.478172e-12,3.399866e-10,3.399866e-12
2.325784e+01,9.172552e-12,3.126293e-10,3.126293e-12
2.326035e+01,8.946773e-12,2.929113e-10,2.929113e-12
2.326287e+01,8.813896e-12,2.817915e-10,2.817915e-12
2.326538e+01,8.784241e-12,2.791546e-10,2.791546e-12
2.326789e+01,8.865794e-12,2.838696e-10,2.838696e-12
2.327041e+01,9.063222e-12,2.942539e-10,2.942539e-12
2.327292e+01,9.377701e-12,3.086535e-10,3.086535e-12
2.327543e+01,9.807730e-12,3.258390e-10,3.258390e-12
2.327794e+01,1.034837e-11,3.451318e-10,3.451318e-12
2.328046e+01,1.099157e-11,3.663476e-10,3.663476e-12
2.328297e+01,1.172693e-11,3.896457e-10,3.896457e-12
2.328548e+01,1.254130e-11,4.153591e-10,4.153591e-12
2.328800e+01,1.341983e-11,4.438372e-10,4.438372e-12
2.329051e+01,1.434636e-11,4.752985e-10,4.752985e-12
2.329302e+01,1.530329e-11,5.097446e-10,5.097446e-12
2.329554e+01,1.627290e-11,5.469371e-10,5.469371e-12
2.329805e+01,1.723745e-11,5.864020e-10,5.864020e-12
2.330056e+01,1.817925e-11,6.274800e-10,6.274800e-12
2.330308e+01,1.908198e-11,6.693984e-10,6.693984e-12
2.330559e+01,1.993057e-11,7.113156e-10,7.113156e-12
2.330810e+01,2.071086e-11,7.523682e-10,7.523682e-12
2.331062e+01,2.141096e-11,7.917328e-10,7.917328e-12
2.331313e+01,2.202126e-11,8.286552e-10,8.286552e-12
2.331564e+01,2.253369e-11,8.624631e-10,8.624631e-12
2.331816e+01,2.294302e-11,8.925926e-10,8.925926e-12
2.332067e+01,2.324584e-11,9.185939e-10,9.185939e-12
2.332318e+01,2.344060e-11,9.401198e-10,9.401198e-12
2.332570e+01,2.352839e-11,9.569319e-10,9.569319e-12
2.332821e+01,2.351184e-11,9.688981e-10,9.688981e-12
2.333072e+01,2.339493e-11,9.759808e-10,9.759808e-12
2.333324e+01,2.318343e-11,9.782308e-10,9.782308e-12
2.333575e+01,2.288434e-11,9.757677e-10,9.757677e-12
2.333826e+01,2.250503e-11,9.687624e-10,9.687624e-12
2.334078e+01,2.205394e-11,9.574394e-10,9.574394e-12
2.334329e+01,2.154025e-11,9.420681e-10,9.420681e-12
2.334580e+01,2.097269e-11,9.229439e-10,9.229439e-12
2.334832e+01,2.036034e-11,9.003838e-10,9.003838e-12
2.335083e+01,1.971239e-11,8.747272e-10,8.747272e-12
2.335334e+01,1.903740e-11,8.463277e-10,8.463277e-12
2.335586e+01,1.834348e-11,8.155478e-10,8.155478e-12
2.335837e+01,1.763869e-11,7.827658e-10,7.827658e-12
2.336088e+01,1.693064e-11,7.483772e-10,7.483772e-12
2.336340e+01,1.622607e-11,7.127929e-10,7.127929e-12
2.336591e+01,1.553189e-11,6.764469e-10,6.764469e-12
2.336842e+01,1.485446e-11,6.397887e-10,6.397887e-12
2.337094e+01,1.419931e-11,6.032843e-10,6.032843e-12
2.337345e+01,1.357227e-11,5.674299e-10,5.674299e-12
2.337596e+01,1.297883e-11,5.327326e-10,5.327326e-12
2.337848e+01,1.242389e-11,4.996902e-10,4.996902e-12
2.338099e+01,1.191231e-11,4.687964e-10,4.687964e-12
2.338350e+01,1.144883e-11,4.405160e-10,4.405160e-12
2.338602e+01,1.103785e-11,4.152418e-10,4.152418e-12
2.338853e+01,1.068324e-11,3.932754e-10,3.932754e-12
2.339104e+01,1.038841e-11,3.748080e-10,3.748080e-12
2.339356e+01,1.015649e-11,3.599124e-10,3.599124e-12
2.339607e+01,9.990151e-12,3.485559e-10,3.485559e-12
2.339858e+01,9.891238e-12,3.406262e-10,3.406262e-12
2.340110e+01,9.860979e-12,3.359855e-10,3.359855e-12
2.340361e+01,9.899689e-12,3.345345e-10,3.345345e-12
2.340612e+01,1.000703e-11,3.362475e-10,3.362475e-12
2.340864e+01,1.018199e-11,3.411841e-10,3.411841e-12
2.341115e+01,1.042263e-11,3.494742e-10,3.494742e-12
2.341366e+01,1.072648e-11,3.612680e-10,3.612680e-12
2.341618e+01,1.109016e-11,3.766598e-10,3.766598e-12
2.341869e+01,1.150958e-11,3.956233e-10,3.956233e-12
2.342120e+01,1.198035e-11,4.179737e-10,4.179737e-12
2.342371e+01,1.249707e-11,4.433446e-10,4.433446e-12
2.342623e+01,1.305411e-11,4.712116e-10,4.712116e-12
2.342874e+01,1.364550e-11,5.009259e-10,5.009259e-12
2.343125e+01,1.426400e-11,5.317522e-10,5.317522e-12
2.343377e+01,1.490265e-11,5.629368e-10,5.629368e-12
2.343628e+01,1.555392e-11,5.937490e-10,5.937490e-12
2.343879e+01,1.620917e-11,6.235146e-10,6.235146e-12
2.344131e+01,1.685988e-11,6.516528e-10,6.516528e-12
2.344382e+01,1.749687e-11,6.776925e-10,6.776925e-12
2.344633e+01,1.811029e-11,7.012893e-10,7.012893e-12
2.344885e+01,1.869032e-11,7.222266e-10,7.222266e-12
2.345136e+01,1.922669e-11,7.403988e-10,7.403988e-12
2.345387e+01,1.970892e-11,7.557970e-10,7.557970e-12
2.345639e+01,2.012709e-11,7.684846e-10,7.684846e-12
2.345890e+01,2.047159e-11,7.785638e-10,7.785638e-12
2.346141e+01,2.073358e-11,7.861426e-10,7.861426e-12
2.346393e+01,2.090526e-11,7.912969e-10,7.912969e-12
2.346644e+01,2.098007e-11,7.940541e-10,7.940541e-12
2.346895e+01,2.095344e-11,7.943987e-10,7.943987e-12
2.347147e+01,2.082300e-11,7.922604e-10,7.922604e-12
2.347398e+01,2.058865e-11,7.875207e-10,7.875207e-12
2.347649e+01,2.025277e-11,7.800534e-10,7.800534e-12
2.347901e+01,1.982056e-11,7.697515e-10,7.697515e-12
2.348152e+01,1.930000e-11,7.565522e-10,7.565522e-12
2.348403e+01,1.870165e-11,7.404664e-10,7.404664e-12
2.348655e+01,1.803855e-11,7.215964e-10,7.215964e-12
2.348906e+01,1.732580e-11,7.001492e-10,7.001492e-12
2.349157e+01,1.658032e-11,6.764367e-10,6.764367e-12
2.349409e+01,1.582012e-11,6.508631e-10,6.508631e-12
2.349660e+01,1.506391e-11,6.239145e-10,6.239145e-12
2.349911e+01,1.433059e-11,5.961398e-10,5.961398e-12
2.350163e+01,1.363834e-11,5.681264e-10,5.681264e-12
2.350414e+01,1.300424e-11,5.404873e-10,5.404873e-12
2.350665e+01,1.244352e-11,5.138599e-10,5.138599e-12
2.350917e+01,1.196925e-11,4.889108e-10,4.889108e-12
2.351168e+01,1.159220e-11,4.663496e-10,4.663496e-12
2.351419e+01,1.131979e-11,4.469396e-10,4.469396e-12
2.351671e+01,1.115617e-11,4.314993e-10,4.314993e-12
2.351922e+01,1.110280e-11,4.208826e-10,4.208826e-12
2.352173e+01,1.115787e-11,4.158990e-10,4.158990e-12
2.352425e+01,1.131647e-11,4.171894e-10,4.171894e-12
2.352676e+01,1.157141e-11,4.251006e-10,4.251006e-12
2.352927e+01,1.191290e-11,4.395872e-10,4.395872e-12
2.353179e+01,1.232932e-11,4.601991e-10,4.601991e-12
2.353430e+01,1.280817e-11,4.861491e-10,4.861491e-12
2.353681e+01,1.333560e-11,5.164125e-10,5.164125e-12
2.353933e+01,1.389764e-11,5.498453e-10,5.498453e-12
2.354184e+01,1.448085e-11,5.852854e-10,5.852854e-12
2.354435e+01,1.507175e-11,6.216032e-10,6.216032e-12
2.354687e+01,1.565811e-11,6.577411e-10,6.577411e-12
2.354938e+01,1.622905e-11,6.927447e-10,6.927447e-12
2.355189e+01,1.677502e-11,7.257700e-10,7.257700e-12
2.355441e+01,1.728779e-11,7.560860e-10,7.560860e-12
2.355692e+01,1.776047e-11,7.830834e-10,7.830834e-12
2.355943e+01,1.818801e-11,8.062772e-10,8.062772e-12
2.356194e+01,1.856619e-11,8.253024e-10,8.253024e-12
2.356446e+01,1.889199e-11,8.399137e-10,8.399137e-12
2.356697e+01,1.916360e-11,8.499864e-10,8.499864e-12
2.356948e+01,1.937955e-11,8.555057e-10,8.555057e-12
2.357200e+01,1.953878e-11,8.565535e-10,8.565535e-12
2.357451e+01,1.964089e-11,8.533037e-10,8.533037e-12
2.357702e+01,1.968550e-11,8.460076e-10,8.460076e-12
2.357954e+01,1.967230e-11,8.349757e-10,8.349757e-12
2.358205e+01,1.960156e-11,8.205674e-10,8.205674e-12
2.358456e+01,1.947325e-11,8.031720e-10,8.031720e-12
2.358708e+01,1.928756e-11,7.831941e-10,7.831941e-12
2.358959e+01,1.904558e-11,7.610495e-10,7.610495e-12
2.359210e+01,1.874857e-11,7.371584e-10,7.371584e-12
2.359462e+01,1.839902e-11,7.119473e-10,7.119473e-12
2.359713e+01,1.800037e-11,6.858548e-10,6.858548e-12
2.359964e+01,1.755673e-11,6.593301e-10,6.593301e-12
2.360216e+01,1.707397e-11,6.328507e-10,6.328507e-12
2.360467e+01,1.655938e-11,6.069338e-10,6.069338e-12
2.360718e+01,1.602152e-11,5.821342e-10,5.821342e-12
2.360970e+01,1.547053e-11,5.590318e-10,5.590318e-12
2.361221e+01,1.491753e-11,5.382020e-10,5.382020e-12
2.361472e+01,1.437472e-11,5.201843e-10,5.201843e-12
2.361724e+01,1.385530e-11,5.054423e-10,5.054423e-12
2.361975e+01,1.337262e-11,4.943005e-10,4.943005e-12
2.362226e+01,1.293983e-11,4.869062e-10,4.869062e-12
2.362478e+01,1.256984e-11,4.832464e-10,4.832464e-12
2.362729e+01,1.227466e-11,4.831837e-10,4.831837e-12
2.362980e+01,1.206483e-11,4.864985e-10,4.864985e-12
2.363232e+01,1.194906e-11,4.929679e-10,4.929679e-12
2.363483e+01,1.193401e-11,5.024563e-10,5.024563e-12
2.363734e+01,1.202394e-11,5.149608e-10,5.149608e-12
2.363986e+01,1.222077e-11,5.306176e-10,5.306176e-12
2.364237e+01,1.252387e-11,5.496853e-10,5.496853e-12
2.364488e+01,1.292994e-11,5.724925e-10,5.724925e-12
2.364740e+01,1.343354e-11,5.993577e-10,5.993577e-12
2.364991e+01,1.402704e-11,6.305106e-10,6.305106e-12
2.365242e+01,1.470078e-11,6.660384e-10,6.660384e-12
2.365494e+01,1.544379e-11,7.058504e-10,7.058504e-12
2.365745e+01,1.624398e-11,7.496637e-10,7.496637e-12
2.365996e+01,1.708872e-11,7.970164e-10,7.970164e-12
2.366248e+01,1.796523e-11,8.472967e-10,8.472967e-12
2.366499e+01,1.886063e-11,8.997744e-10,8.997744e-12
2.366750e+01,1.976238e-11,9.536325e-10,9.536325e-12
2.367002e+01,2.065904e-11,1.007993e-09,1.007993e-11
2.367253e+01,2.154004e-11,1.061937e-09,1.061937e-11
2.367504e+01,2.239588e-11,1.114528e-09,1.114528e-11
2.367756e+01,2.321833e-11,1.164816e-09,1.164816e-11
2.368007e+01,2.400006e-11,1.211858e-09,1.211858e-11
2.368258e+01,2.473500e-11,1.254742e-09,1.254742e-11
2.368510e+01,2.541851e-11,1.292609e-09,1.292609e-11
2.368761e+01,2.604678e-11,1.324678e-09,1.324678e-11
2.369012e+01,2.661665e-11,1.350285e-09,1.350285e-11
2.369264e+01,2.712597e-11,1.368924e-09,1.368924e-11
2.369515e+01,2.757334e-11,1.380275e-09,1.380275e-11
2.369766e+01,2.795775e-11,1.384248e-09,1.384248e-11
2.370017e+01,2.827872e-11,1.381008e-09,1.381008e-11
2.370269e+01,2.853637e-11,1.371010e-09,1.371010e-11
2.370520e+01,2.873142e-11,1.355015e-09,1.355015e-11
2.370771e+01,2.886520e-11,1.334073e-09,1.334073e-11
2.371023e+01,2.893936e-11,1.309502e-09,1.309502e-11
2.371274e+01,2.895631e-11,1.282844e-09,1.282844e-11
2.371525e+01,2.891907e-11,1.255779e-09,1.255779e-11
2.371777e+01,2.883135e-11,1.230002e-09,1.230002e-11
2.372028e+01,2.869773e-11,1.207086e-09,1.207086e-11
2.372279e+01,2.852329e-11,1.188318e-09,1.188318e-11
2.372531e+01,2.831388e-11,1.174545e-09,1.174545e-11
2.372782e+01,2.807576e-11,1.166072e-09,1.166072e-11
2.373033e+01,2.781573e-11,1.162631e-09,1.162631e-11
2.373285e+01,2.754104e-11,1.163423e-09,1.163423e-11
2.373536e+01,2.725889e-11,1.167248e-09,1.167248e-11
2.373787e+01,2.697647e-11,1.172673e-09,1.172673e-11
2.374039e+01,2.670072e-11,1.178205e-09,1.178205e-11
2.374290e+01,2.643776e-11,1.182455e-09,1.182455e-11
2.374541e+01,2.619317e-11,1.184266e-09,1.184266e-11
2.374793e+01,2.597195e-11,1.182809e-09,1.182809e-11
2.375044e+01,2.577765e-11,1.177612e-09,1.177612e-11
2.375295e+01,2.561237e-11,1.168556e-09,1.168556e-11
2.375547e+01,2.547703e-11,1.155891e-09,1.155891e-11
2.375798e+01,2.537145e-11,1.140212e-09,1.140212e-11
2.376049e+01,2.529420e-11,1.122369e-09,1.122369e-11
2.376301e+01,2.524255e-11,1.103384e-09,1.103384e-11
2.376552e+01,2.521255e-11,1.084370e-09,1.084370e-11
2.376803e+01,2.519970e-11,1.066428e-09,1.066428e-11
2.377055e+01,2.519894e-11,1.050527e-09,1.050527e-11
2.377306e+01,2.520467e-11,1.037392e-09,1.037392e-11
2.377557e+01,2.521153e-11,1.027427e-09,1.027427e-11
2.377809e+01,2.521418e-11,1.020695e-09,1.020695e-11
2.378060e+01,2.520802e-11,1.016923e-09,1.016923e-11
2.378311e+01,2.518902e-11,1.015542e-09,1.015542e-11
2.378563e+01,2.515364e-11,1.015770e-09,1.015770e-11
2.378814e+01,2.509967e-11,1.016735e-09,1.016735e-11
2.379065e+01,2.502580e-11,1.017579e-09,1.017579e-11
2.379317e+01,2.493162e-11,1.017539e-09,1.017539e-11
2.379568e+01,2.481789e-11,1.016016e-09,1.016016e-11
2.379819e+01,2.468598e-11,1.012606e-09,1.012606e-11
2.380071e+01,2.453787e-11,1.007135e-09,1.007135e-11
2.380322e+01,2.437630e-11,9.996520e-10,9.996520e-12
2.380573e+01,2.420432e-11,9.903872e-10,9.903872e-12
2.380825e+01,2.402487e-11,9.797320e-10,9.797320e-12
2.381076e+01,2.384074e-11,9.682132e-10,9.682132e-12
2.381327e+01,2.365445e-11,9.564164e-10,9.564164e-12
2.381579e+01,2.346797e-11,9.449164e-10,9.449164e-12
2.381830e+01,2.328271e-11,9.342498e-10,9.342498e-12
2.382081e+01,2.309940e-11,9.248671e-10,9.248671e-12
2.382333e+01,2.291783e-11,9.170763e-10,9.170763e-12
2.382584e+01,2.273739e-11,9.110424e-10,9.110424e-12
2.382835e+01,2.255710e-11,9.067944e-10,9.067944e-12
2.383087e+01,2.237508e-11,9.042139e-10,9.042139e-12
2.383338e+01,2.218943e-11,9.030684e-10,9.030684e-12
2.383589e+01,2.199880e-11,9.030712e-10,9.030712e-12
2.383841e+01,2.180196e-11,9.039040e-10,9.039040e-12
2.384092e+01,2.159792e-11,9.052331e-10,9.052331e-12
2.384343e+01,2.138641e-11,9.067266e-10,9.067266e-12
2.384594e+01,2.116791e-11,9.080779e-10,9.080779e-12
2.384846e+01,2.094394e-11,9.090355e-10,9.090355e-12
2.385097e+01,2.071667e-11,9.093867e-10,9.093867e-12
2.385348e+01,2.048892e-11,9.089492e-10,9.089492e-12
2.385600e+01,2.026444e-11,9.075865e-10,9.075865e-12
2.385851e+01,2.004678e-11,9.051846e-10,9.051846e-12
2.386102e+01,1.983958e-11,9.016461e-10,9.016461e-12
2.386354e+01,1.964659e-11,8.969088e-10,8.969088e-12
2.386605e+01,1.947065e-11,8.909342e-10,8.909342e-12
2.386856e+01,1.931376e-11,8.836950e-10,8.836950e-12
2.387108e+01,1.917689e-11,8.751905e-10,8.751905e-12
2.387359e+01,1.905980e-11,8.654580e-10,8.654580e-12
2.387610e+01,1.896114e-11,8.545558e-10,8.545558e-12
2.387862e+01,1.887794e-11,8.425636e-10,8.425636e-12
2.388113e+01,1.880612e-11,8.295962e-10,8.295962e-12
2.388364e+01,1.874038e-11,8.157795e-10,8.157795e-12
2.388616e+01,1.867424e-11,8.012412e-10,8.012412e-12
2.388867e+01,1.860123e-11,7.861196e-10,7.861196e-12
2.389118e+01,1.851447e-11,7.705382e-10,7.705382e-12
2.389370e+01,1.840688e-11,7.545929e-10,7.545929e-12
2.389621e+01,1.827249e-11,7.383579e-10,7.383579e-12
2.389872e+01,1.810632e-11,7.218728e-10,7.218728e-12
2.390124e+01,1.790454e-11,7.051395e-10,7.051395e-12
2.390375e+01,1.766507e-11,6.881482e-10,6.881482e-12
2.390626e+01,1.738814e-11,6.708989e-10,6.708989e-12
2.390878e+01,1.707597e-11,6.534036e-10,6.534036e-12
2.391129e+01,1.673267e-11,6.357070e-10,6.357070e-12
2.391380e+01,1.636501e-11,6.179204e-10,6.179204e-12
2.391632e+01,1.598189e-11,6.002142e-10,6.002142e-12
2.391883e+01,1.559327e-11,5.828088e-10,5.828088e-12
2.392134e+01,1.521090e-11,5.659929e-10,5.659929e-12
2.392386e+01,1.484813e-11,5.501101e-10,5.501101e-12
2.392637e+01,1.451847e-11,5.355354e-10,5.355354e-12
2.392888e+01,1.423536e-11,5.226843e-10,5.226843e-12
2.393140e+01,1.401213e-11,5.120325e-10,5.120325e-12
2.393391e+01,1.386145e-11,5.041342e-10,5.041342e-12
2.393642e+01,1.379432e-11,4.996563e-10,4.996563e-12
2.393894e+01,1.381993e-11,4.994226e-10,4.994226e-12
2.394145e+01,1.394556e-11,5.044255e-10,5.044255e-12
2.394396e+01,1.417608e-11,5.157793e-10,5.157793e-12
2.394648e+01,1.451345e-11,5.346045e-10,5.346045e-12
2.394899e+01,1.495682e-11,5.618620e-10,5.618620e-12
2.395150e+01,1.550259e-11,5.981769e-10,5.981769e-12
2.395402e+01,1.614399e-11,6.437059e-10,6.437059e-12
2.395653e+01,1.687179e-11,6.980879e-10,6.980879e-12
2.395904e+01,1.767419e-11,7.604624e-10,7.604624e-12
2.396156e+01,1.853645e-11,8.295423e-10,8.295423e-12
2.396407e+01,1.944246e-11,9.037237e-10,9.037237e-12
2.396658e+01,2.037488e-11,9.811738e-10,9.811738e-12
2.396910e+01,2.131445e-11,1.059904e-09,1.059904e-11
2.397161e+01,2.224191e-11,1.137855e-09,1.137855e-11
2.397412e+01,2.313815e-11,1.212973e-09,1.212973e-11
2.397664e+01,2.398446e-11,1.283273e-09,1.283273e-11
2.397915e+01,2.476372e-11,1.346906e-09,1.346906e-11
2.398166e+01,2.546009e-11,1.402224e-09,1.402224e-11
2.398417e+01,2.606020e-11,1.447854e-09,1.447854e-11
2.398669e+01,2.655356e-11,1.482746e-09,1.482746e-11
2.398920e+01,2.693253e-11,1.506216e-09,1.506216e-11
2.399171e+01,2.719263e-11,1.517989e-09,1.517989e-11
2.399423e+01,2.733317e-11,1.518237e-09,1.518237e-11
2.399674e+01,2.735729e-11,1.507569e-09,1.507569e-11
2.399925e+01,2.727105e-11,1.487016e-09,1.487016e-11
2.400177e+01,2.708384e-11,1.458013e-09,1.458013e-11
2.400428e+01,2.680810e-11,1.422346e-09,1.422346e-11
2.400679e+01,2.645865e-11,1.382058e-09,1.382058e-11
2.400931e+01,2.605247e-11,1.339354e-09,1.339354e-11
2.401182e+01,2.560761e-11,1.296466e-09,1.296466e-11
2.401433e+01,2.514259e-11,1.255495e-09,1.255495e-11
2.401685e+01,2.467596e-11,1.218243e-09,1.218243e-11
2.401936e+01,2.422551e-11,1.186072e-09,1.186072e-11
2.402187e+01,2.380762e-11,1.159815e-09,1.159815e-11
2.402439e+01,2.343651e-11,1.139730e-09,1.139730e-11
2.402690e+01,2.312357e-11,1.125540e-09,1.125540e-11
2.402941e+01,2.287748e-11,1.116566e-09,1.116566e-11
2.403193e+01,2.270364e-11,1.111901e-09,1.111901e-11
2.403444e+01,2.260406e-11,1.110579e-09,1.110579e-11
2.403695e+01,2.257736e-11,1.111697e-09,1.111697e-11
2.403947e+01,2.261878e-11,1.114506e-09,1.114506e-11
2.404198e+01,2.272078e-11,1.118449e-09,1.118449e-11
2.404449e+01,2.287331e-11,1.123142e-09,1.123142e-11
2.404701e+01,2.306420e-11,1.128308e-09,1.128308e-11
2.404952e+01,2.328001e-11,1.133729e-09,1.133729e-11
2.405203e+01,2.350647e-11,1.139185e-09,1.139185e-11
2.405455e+01,2.372891e-11,1.144395e-09,1.144395e-11
2.405706e+01,2.393339e-11,1.148989e-09,1.148989e-11
2.405957e+01,2.410737e-11,1.152505e-09,1.152505e-11
2.406209e+01,2.423950e-11,1.154403e-09,1.154403e-11
2.406460e+01,2.432047e-11,1.154109e-09,1.154109e-11
2.406711e+01,2.434363e-11,1.151051e-09,1.151051e-11
2.406963e+01,2.430463e-11,1.144716e-09,1.144716e-11
2.407214e+01,2.420200e-11,1.134697e-09,1.134697e-11
2.407465e+01,2.403691e-11,1.120732e-09,1.120732e-11
2.407717e+01,2.381273e-11,1.102726e-09,1.102726e-11
2.407968e+01,2.353550e-11,1.080787e-09,1.080787e-11
2.408219e+01,2.321317e-11,1.055238e-09,1.055238e-11
2.408471e+01,2.285493e-11,1.026601e-09,1.026601e-11
2.408722e+01,2.247115e-11,9.955942e-10,9.955942e-12
2.408973e+01,2.207263e-11,9.631138e-10,9.631138e-12
2.409225e+01,2.167054e-11,9.302029e-10,9.302029e-12
2.409476e+01,2.127564e-11,8.980052e-10,8.980052e-12
2.409727e+01,2.089791e-11,8.676982e-10,8.676982e-12
2.409979e+01,2.054652e-11,8.404015e-10,8.404015e-12
2.410230e+01,2.022875e-11,8.170805e-10,8.170805e-12
2.410481e+01,1.995061e-11,7.984613e-10,7.984613e-12
2.410733e+01,1.971667e-11,7.849421e-10,7.849421e-12
2.410984e+01,1.952917e-11,7.765331e-10,7.765331e-12
2.411235e+01,1.938865e-11,7.728751e-10,7.728751e-12
2.411487e+01,1.929428e-11,7.733082e-10,7.733082e-12
2.411738e+01,1.924319e-11,7.769627e-10,7.769627e-12
2.411989e+01,1.923091e-11,7.828773e-10,7.828773e-12
2.412241e+01,1.925209e-11,7.901094e-10,7.901094e-12
2.412492e+01,1.930016e-11,7.978164e-10,7.978164e-12
2.412743e+01,1.936752e-11,8.053085e-10,8.053085e-12
2.412994e+01,1.944625e-11,8.120629e-10,8.120629e-12
2.413246e+01,1.952814e-11,8.177169e-10,8.177169e-12
2.413497e+01,1.960468e-11,8.220501e-10,8.220501e-12
2.413748e+01,1.966772e-11,8.249485e-10,8.249485e-12
2.414000e+01,1.970969e-11,8.263629e-10,8.263629e-12
2.414251e+01,1.972340e-11,8.262702e-10,8.262702e-12
2.414502e+01,1.970235e-11,8.246416e-10,8.246416e-12
2.414754e+01,1.964126e-11,8.214282e-10,8.214282e-12
2.415005e+01,1.953601e-11,8.165494e-10,8.165494e-12
2.415256e+01,1.938339e-11,8.098908e-10,8.098908e-12
2.415508e+01,1.918148e-11,8.013257e-10,8.013257e-12
2.415759e+01,1.892976e-11,7.907405e-10,7.907405e-12
2.416010e+01,1.862904e-11,7.780567e-10,7.780567e-12
2.416262e+01,1.828154e-11,7.632585e-10,7.632585e-12
2.416513e+01,1.789046e-11,7.464149e-10,7.464149e-12
2.416764e+01,1.746054e-11,7.276886e-10,7.276886e-12
2.417016e+01,1.699747e-11,7.073323e-10,7.073323e-12
2.417267e+01,1.650772e-11,6.856809e-10,6.856809e-12
2.417518e+01,1.599887e-11,6.631374e-10,6.631374e-12
2.417770e+01,1.547875e-11,6.401382e-10,6.401382e-12
2.418021e+01,1.495578e-11,6.171163e-10,6.171163e-12
2.418272e+01,1.443838e-11,5.944706e-10,5.944706e-12
2.418524e+01,1.393482e-11,5.725379e-10,5.725379e-12
2.418775e+01,1.345324e-11,5.515724e-10,5.515724e-12
2.419026e+01,1.300117e-11,5.317412e-10,5.317412e-12
2.419278e+01,1.258523e-11,5.131476e-10,5.131476e-12
2.419529e+01,1.221126e-11,4.958694e-10,4.958694e-12
2.419780e+01,1.188401e-11,4.800017e-10,4.800017e-12
2.420032e+01,1.160672e-11,4.657142e-10,4.657142e-12
2.420283e+01,1.138166e-11,4.532978e-10,4.532978e-12
2.420534e+01,1.120972e-11,4.431854e-10,4.431854e-12
2.420786e+01,1.109050e-11,4.359433e-10,4.359433e-12
2.421037e+01,1.102213e-11,4.322084e-10,4.322084e-12
2.421288e+01,1.100155e-11,4.325787e-10,4.325787e-12
2.421540e+01,1.102470e-11,4.374894e-10,4.374894e-12
2.421791e+01,1.108622e-11,4.470883e-10,4.470883e-12
2.422042e+01,1.118011e-11,4.611596e-10,4.611596e-12
2.422294e+01,1.129968e-11,4.791324e-10,4.791324e-12
2.422545e+01,1.143779e-11,5.001424e-10,5.001424e-12
2.422796e+01,1.158699e-11,5.231318e-10,5.231318e-12
2.423048e+01,1.173982e-11,5.469629e-10,5.469629e-12
2.423299e+01,1.188901e-11,5.705048e-10,5.705048e-12
2.423550e+01,1.202760e-11,5.927027e-10,5.927027e-12
2.423802e+01,1.214942e-11,6.126300e-10,6.126300e-12
2.424053e+01,1.224913e-11,6.295117e-10,6.295117e-12
2.424304e+01,1.232200e-11,6.427402e-10,6.427402e-12
2.424556e+01,1.236440e-11,6.518860e-10,6.518860e-12
2.424807e+01,1.237417e-11,6.566983e-10,6.566983e-12
2.425058e+01,1.235023e-11,6.571005e-10,6.571005e-12
2.425310e+01,1.229245e-11,6.531777e-10,6.531777e-12
2.425561e+01,1.220191e-11,6.451643e-10,6.451643e-12
2.425812e+01,1.208117e-11,6.334343e-10,6.334343e-12
2.426064e+01,1.193362e-11,6.184806e-10,6.184806e-12
2.426315e+01,1.176339e-11,6.008935e-10,6.008935e-12
2.426566e+01,1.157576e-11,5.813505e-10,5.813505e-12
2.426817e+01,1.137680e-11,5.605939e-10,5.605939e-12
2.427069e+01,1.117284e-11,5.394068e-10,5.394068e-12
2.427320e+01,1.097085e-11,5.186009e-10,5.186009e-12
2.427571e+01,1.077843e-11,4.989956e-10,4.989956e-12
2.427823e+01,1.060310e-11,4.813923e-10,4.813923e-12
2.428074e+01,1.045277e-11,4.665532e-10,4.665532e-12
2.428325e+01,1.033544e-11,4.551752e-10,4.551752e-12
2.428577e+01,1.025905e-11,4.478643e-10,4.478643e-12
2.428828e+01,1.023167e-11,4.451231e-10,4.451231e-12
2.429079e+01,1.026113e-11,4.473502e-10,4.473502e-12
2.429331e+01,1.035517e-11,4.548519e-10,4.548519e-12
2.429582e+01,1.052115e-11,4.678702e-10,4.678702e-12
2.429833e+01,1.076588e-11,4.866138e-10,4.866138e-12
2.430085e+01,1.109561e-11,5.112776e-10,5.112776e-12
2.430336e+01,1.151543e-11,5.420492e-10,5.420492e-12
2.430587e+01,1.202928e-11,5.790981e-10,5.790981e-12
2.430839e+01,1.263972e-11,6.225500e-10,6.225500e-12
2.431090e+01,1.334751e-11,6.724480e-10,6.724480e-12
2.431341e+01,1.415132e-11,7.287136e-10,7.287136e-12
2.431593e+01,1.504758e-11,7.911160e-10,7.911160e-12
2.431844e+01,1.603020e-11,8.592485e-10,8.592485e-12
2.432095e+01,1.709027e-11,9.325114e-10,9.325114e-12
2.432347e+01,1.821638e-11,1.010110e-09,1.010110e-11
2.432598e+01,1.939457e-11,1.091065e-09,1.091065e-11
2.432849e+01,2.060844e-11,1.174224e-09,1.174224e-11
2.433101e+01,2.183917e-11,1.258285e-09,1.258285e-11
2.433352e+01,2.306636e-11,1.341829e-09,1.341829e-11
2.433603e+01,2.426868e-11,1.423357e-09,1.423357e-11
2.433855e+01,2.542385e-11,1.501331e-09,1.501331e-11
2.434106e+01,2.651004e-11,1.574217e-09,1.574217e-11
2.434357e+01,2.750605e-11,1.640535e-09,1.640535e-11
2.434609e+01,2.839200e-11,1.698902e-09,1.698902e-11
2.434860e+01,2.915057e-11,1.748080e-09,1.748080e-11
2.435111e+01,2.976733e-11,1.787026e-09,1.787026e-11
2.435363e+01,3.023127e-11,1.814917e-09,1.814917e-11
2.435614e+01,3.053517e-11,1.831185e-09,1.831185e-11
2.435865e+01,3.067584e-11,1.835537e-09,1.835537e-11
2.436117e+01,3.065443e-11,1.827965e-09,1.827965e-11
2.436368e+01,3.047646e-11,1.808749e-09,1.808749e-11
2.436619e+01,3.015129e-11,1.778448e-09,1.778448e-11
2.436871e+01,2.969199e-11,1.737889e-09,1.737889e-11
2.437122e+01,2.911504e-11,1.688129e-09,1.688129e-11
2.437373e+01,2.843913e-11,1.630426e-09,1.630426e-11
2.437625e+01,2.768486e-11,1.566196e-09,1.566196e-11
2.437876e+01,2.687421e-11,1.496969e-09,1.496969e-11
2.438127e+01,2.602935e-11,1.424337e-09,1.424337e-11
2.438379e+01,2.517227e-11,1.349905e-09,1.349905e-11
2.438630e+01,2.432397e-11,1.275249e-09,1.275249e-11
2.438881e+01,2.350369e-11,1.201861e-09,1.201861e-11
2.439133e+01,2.272857e-11,1.131112e-09,1.131112e-11
2.439384e+01,2.201345e-11,1.064221e-09,1.064221e-11
2.439635e+01,2.137033e-11,1.002224e-09,1.002224e-11
2.439887e+01,2.080778e-11,9.459564e-10,9.459564e-12
2.440138e+01,2.033158e-11,8.960600e-10,8.960600e-12
2.440389e+01,1.994454e-11,8.529833e-10,8.529833e-12
2.440641e+01,1.964631e-11,8.169761e-10,8.169761e-12
2.440892e+01,1.943363e-11,7.881087e-10,7.881087e-12
2.441143e+01,1.930100e-11,7.662938e-10,7.662938e-12
2.441394e+01,1.924049e-11,7.512633e-10,7.512633e-12
2.441646e+01,1.924208e-11,7.425670e-10,7.425670e-12
2.441897e+01,1.929450e-11,7.396024e-10,7.396024e-12
2.442148e+01,1.938546e-11,7.416139e-10,7.416139e-12
2.442400e+01,1.950209e-11,7.476975e-10,7.476975e-12
2.442651e+01,1.963126e-11,7.568430e-10,7.568430e-12
2.442902e+01,1.975994e-11,7.679877e-10,7.679877e-12
2.443154e+01,1.987626e-11,7.800633e-10,7.800633e-12
2.443405e+01,1.996945e-11,7.920342e-10,7.920342e-12
2.443656e+01,2.002967e-11,8.029494e-10,8.029494e-12
2.443908e+01,2.004929e-11,8.119869e-10,8.119869e-12
2.444159e+01,2.002257e-11,8.184700e-10,8.184700e-12
2.444410e+01,1.994559e-11,8.218886e-10,8.218886e-12
2.444662e+01,1.981690e-11,8.219104e-10,8.219104e-12
2.444913e+01,1.963684e-11,8.183671e-10,8.183671e-12
2.445164e+01,1.940762e-11,8.112494e-10,8.112494e-12
2.445416e+01,1.913350e-11,8.006942e-10,8.006942e-12
2.445667e+01,1.881987e-11,7.869524e-10,7.869524e-12
2.445918e+01,1.847291e-11,7.703674e-10,7.703674e-12
2.446170e+01,1.809989e-11,7.513534e-10,7.513534e-12
2.446421e+01,1.770814e-11,7.303663e-10,7.303663e-12
2.446672e+01,1.730470e-11,7.078826e-10,7.078826e-12
2.446924e+01,1.689636e-11,6.843820e-10,6.843820e-12
2.447175e+01,1.648899e-11,6.603254e-10,6.603254e-12
2.447426e+01,1.608730e-11,6.361359e-10,6.361359e-12
2.447678e+01,1.569488e-11,6.121871e-10,6.121871e-12
2.447929e+01,1.531417e-11,5.887868e-10,5.887868e-12
2.448180e+01,1.494639e-11,5.661619e-10,5.661619e-12
2.448432e+01,1.459172e-11,5.444518e-10,5.444518e-12
2.448683e+01,1.424946e-11,5.237091e-10,5.237091e-12
2.448934e+01,1.391844e-11,5.039141e-10,5.039141e-12
2.449186e+01,1.359758e-11,4.850014e-10,4.850014e-12
2.449437e+01,1.328573e-11,4.668859e-10,4.668859e-12
2.449688e+01,1.298203e-11,4.495021e-10,4.495021e-12
2.449940e+01,1.268678e-11,4.328447e-10,4.328447e-12
2.450191e+01,1.240117e-11,4.169840e-10,4.169840e-12
2.450442e+01,1.212724e-11,4.020709e-10,4.020709e-12
2.450694e+01,1.186805e-11,3.883245e-10,3.883245e-12
2.450945e+01,1.162777e-11,3.760007e-10,3.760007e-12
2.451196e+01,1.141135e-11,3.653514e-10,3.653514e-12
2.451448e+01,1.122390e-11,3.565725e-10,3.565725e-12
2.451699e+01,1.107091e-11,3.497741e-10,3.497741e-12
2.451950e+01,1.095744e-11,3.449726e-10,3.449726e-12
2.452202e+01,1.088761e-11,3.421036e-10,3.421036e-12
2.452453e+01,1.086464e-11,3.410746e-10,3.410746e-12
2.452704e+01,1.089051e-11,3.418227e-10,3.418227e-12
2.452956e+01,1.096566e-11,3.443409e-10,3.443409e-12
2.453207e+01,1.108858e-11,3.486783e-10,3.486783e-12
2.453458e+01,1.125587e-11,3.549201e-10,3.549201e-12
2.453710e+01,1.146292e-11,3.631353e-10,3.631353e-12
2.453961e+01,1.170324e-11,3.732973e-10,3.732973e-12
2.454212e+01,1.196901e-11,3.852325e-10,3.852325e-12
2.454464e+01,1.225207e-11,3.986050e-10,3.986050e-12
2.454715e+01,1.254370e-11,4.129270e-10,4.129270e-12
2.454966e+01,1.283495e-11,4.275988e-10,4.275988e-12
2.455217e+01,1.311771e-11,4.419794e-10,4.419794e-12
2.455469e+01,1.338462e-11,4.554680e-10,4.554680e-12
2.455720e+01,1.362962e-11,4.675663e-10,4.675663e-12
2.455971e+01,1.384846e-11,4.779268e-10,4.779268e-12
2.456223e+01,1.403871e-11,4.863919e-10,4.863919e-12
2.456474e+01,1.420016e-11,4.930030e-10,4.930030e-12
2.456725e+01,1.433424e-11,4.979825e-10,4.979825e-12
2.456977e+01,1.444429e-11,5.017102e-10,5.017102e-12
2.457228e+01,1.453594e-11,5.046938e-10,5.046938e-12
2.457479e+01,1.461648e-11,5.075080e-10,5.075080e-12
2.457731e+01,1.469410e-11,5.107266e-10,5.107266e-12
2.457982e+01,1.477778e-11,5.148959e-10,5.148959e-12
2.458233e+01,1.487728e-11,5.205123e-10,5.205123e-12
2.458485e+01,1.500236e-11,5.280132e-10,5.280132e-12
2.458736e+01,1.516278e-11,5.378097e-10,5.378097e-12
2.458987e+01,1.536745e-11,5.503121e-10,5.503121e-12
2.459239e+01,1.562393e-11,5.659618e-10,5.659618e-12
2.459490e+01,1.593873e-11,5.852668e-10,5.852668e-12
2.459741e+01,1.631660e-11,6.087820e-10,6.087820e-12
2.459993e+01,1.676009e-11,6.370574e-10,6.370574e-12
2.460244e+01,1.726977e-11,6.705695e-10,6.705695e-12
2.460495e+01,1.784384e-11,7.096261e-10,7.096261e-12
2.460747e+01,1.847835e-11,7.542855e-10,7.542855e-12
2.460998e+01,1.916709e-11,8.042977e-10,8.042977e-12
2.461249e+01,1.990167e-11,8.590778e-10,8.590778e-12
2.461501e+01,2.067192e-11,9.177180e-10,9.177180e-12
2.461752e+01,2.146564e-11,9.790288e-10,9.790288e-12
2.462003e+01,2.226946e-11,1.041603e-09,1.041603e-11
2.462255e+01,2.306955e-11,1.103888e-09,1.103888e-11
2.462506e+01,2.385138e-11,1.164252e-09,1.164252e-11
2.462757e+01,2.460031e-11,1.221062e-09,1.221062e-11
2.463009e+01,2.530241e-11,1.272761e-09,1.272761e-11
2.463260e+01,2.594489e-11,1.317930e-09,1.317930e-11
2.463511e+01,2.651657e-11,1.355355e-09,1.355355e-11
2.463763e+01,2.700829e-11,1.384079e-09,1.384079e-11
2.464014e+01,2.741296e-11,1.403445e-09,1.403445e-11
2.464265e+01,2.772599e-11,1.413138e-09,1.413138e-11
2.464517e+01,2.794560e-11,1.413202e-09,1.413202e-11
2.464768e+01,2.807265e-11,1.404043e-09,1.404043e-11
2.465019e+01,2.811053e-11,1.386423e-09,1.386423e-11
2.465271e+01,2.806494e-11,1.361423e-09,1.361423e-11
2.465522e+01,2.794356e-11,1.330392e-09,1.330392e-11
2.465773e+01,2.775580e-11,1.294875e-09,1.294875e-11
2.466025e+01,2.751236e-11,1.256524e-09,1.256524e-11
2.466276e+01,2.722440e-11,1.216987e-09,1.216987e-11
2.466527e+01,2.690323e-11,1.177798e-09,1.177798e-11
2.466779e+01,2.656011e-11,1.140267e-09,1.140267e-11
2.467030e+01,2.620538e-11,1.105396e-09,1.105396e-11
2.467281e+01,2.584839e-11,1.073821e-09,1.073821e-11
2.467533e+01,2.549710e-11,1.045816e-09,1.045816e-11
2.467784e+01,2.515787e-11,1.021337e-09,1.021337e-11
2.468035e+01,2.483566e-11,1.000121e-09,1.000121e-11
2.468287e+01,2.453386e-11,9.818040e-10,9.818040e-12
2.468538e+01,2.425421e-11,9.660232e-10,9.660232e-12
2.468789e+01,2.399701e-11,9.525197e-10,9.525197e-12
2.469040e+01,2.376178e-11,9.411903e-10,9.411903e-12
2.469292e+01,2.354716e-11,9.320879e-10,9.320879e-12
2.469543e+01,2.335091e-11,9.253810e-10,9.253810e-12
2.469794e+01,2.317038e-11,9.212852e-10,9.212852e-12
2.470046e+01,2.300271e-11,9.199711e-10,9.199711e-12
2.470297e+01,2.284505e-11,9.214693e-10,9.214693e-12
2.470548e+01,2.269470e-11,9.256002e-10,9.256002e-12
2.470800e+01,2.254896e-11,9.319351e-10,9.319351e-12
2.471051e+01,2.240499e-11,9.397962e-10,9.397962e-12
2.471302e+01,2.226022e-11,9.483013e-10,9.483013e-12
2.471554e+01,2.211218e-11,9.564274e-10,9.564274e-12
2.471805e+01,2.195850e-11,9.630920e-10,9.630920e-12
2.472056e+01,2.179711e-11,9.672374e-10,9.672374e-12
2.472308e+01,2.162573e-11,9.679024e-10,9.679024e-12
2.472559e+01,2.144249e-11,9.642900e-10,9.642900e-12
2.472810e+01,2.124565e-11,9.558198e-10,9.558198e-12
2.473062e+01,2.103342e-11,9.421676e-10,9.421676e-12
2.473313e+01,2.080491e-11,9.233074e-10,9.233074e-12
2.473564e+01,2.056006e-11,8.995363e-10,8.995363e-12
2.473816e+01,2.029904e-11,8.714831e-10,8.714831e-12
2.474067e+01,2.002278e-11,8.401187e-10,8.401187e-12
2.474318e+01,1.973348e-11,8.067523e-10,8.067523e-12
2.474570e+01,1.943432e-11,7.729953e-10,7.729953e-12
2.474821e+01,1.912933e-11,7.406764e-10,7.406764e-12
2.475072e+01,1.882322e-11,7.116999e-10,7.116999e-12
2.475324e+01,1.852155e-11,6.878409e-10,6.878409e-12
2.475575e+01,1.823048e-11,6.704858e-10,6.704858e-12
2.475826e+01,1.795638e-11,6.603680e-10,6.603680e-12
2.476078e+01,1.770523e-11,6.573949e-10,6.573949e-12
2.476329e+01,1.748247e-11,6.606564e-10,6.606564e-12
2.476580e+01,1.729301e-11,6.686180e-10,6.686180e-12
2.476832e+01,1.714033e-11,6.794117e-10,6.794117e-12
2.477083e+01,1.702640e-11,6.911307e-10,6.911307e-12
2.477334e+01,1.695123e-11,7.020616e-10,7.020616e-12
2.477586e+01,1.691288e-11,7.108292e-10,7.108292e-12
2.477837e+01,1.690765e-11,7.164693e-10,7.164693e-12
2.478088e+01,1.692983e-11,7.184314e-10,7.184314e-12
2.478340e+01,1.697171e-11,7.165383e-10,7.165383e-12
2.478591e+01,1.702417e-11,7.109369e-10,7.109369e-12
2.478842e+01,1.707756e-11,7.020271e-10,7.020271e-12
2.479094e+01,1.712141e-11,6.903712e-10,6.903712e-12
2.479345e+01,1.714488e-11,6.766052e-10,6.766052e-12
2.479596e+01,1.713797e-11,6.613628e-10,6.613628e-12
2.479848e+01,1.709148e-11,6.452101e-10,6.452101e-12
2.480099e+01,1.699778e-11,6.285923e-10,6.285923e-12
2.480350e+01,1.685132e-11,6.118109e-10,6.118109e-12
2.480602e+01,1.664863e-11,5.950252e-10,5.950252e-12
2.480853e+01,1.638875e-11,5.782765e-10,5.782765e-12
2.481104e+01,1.607313e-11,5.615377e-10,5.615377e-12
2.481356e+01,1.570601e-11,5.447567e-10,5.447567e-12
2.481607e+01,1.529387e-11,5.278966e-10,5.278966e-12
2.481858e+01,1.484498e-11,5.109701e-10,5.109701e-12
2.482110e+01,1.436937e-11,4.940580e-10,4.940580e-12
2.482361e+01,1.387844e-11,4.773092e-10,4.773092e-12
2.482612e+01,1.338417e-11,4.609198e-10,4.609198e-12
2.482864e+01,1.289855e-11,4.451124e-10,4.451124e-12
2.483115e+01,1.243335e-11,4.301113e-10,4.301113e-12
2.483366e+01,1.199917e-11,4.161119e-10,4.161119e-12
2.483617e+01,1.160583e-11,4.032746e-10,4.032746e-12
2.483869e+01,1.126133e-11,3.917114e-10,3.917114e-12
2.484120e+01,1.097125e-11,3.814840e-10,3.814840e-12
2.484371e+01,1.073964e-11,3.726309e-10,3.726309e-12
2.484623e+01,1.056820e-11,3.651718e-10,3.651718e-12
2.484874e+01,1.045658e-11,3.591198e-10,3.591198e-12
2.485125e+01,1.040306e-11,3.545026e-10,3.545026e-12
2.485377e+01,1.040388e-11,3.513503e-10,3.513503e-12
2.485628e+01,1.045404e-11,3.496963e-10,3.496963e-12
2.485879e+01,1.054805e-11,3.495793e-10,3.495793e-12
2.486131e+01,1.067957e-11,3.510311e-10,3.510311e-12
2.486382e+01,1.084243e-11,3.540808e-10,3.540808e-12
2.486633e+01,1.103073e-11,3.587560e-10,3.587560e-12
2.486885e+01,1.123892e-11,3.650869e-10,3.650869e-12
2.487136e+01,1.146285e-11,3.731170e-10,3.731170e-12
2.487387e+01,1.169921e-11,3.828839e-10,3.828839e-12
2.487639e+01,1.194556e-11,3.944115e-10,3.944115e-12
2.487890e+01,1.220121e-11,4.077082e-10,4.077082e-12
2.488141e+01,1.246651e-11,4.227357e-10,4.227357e-12
2.488393e+01,1.274256e-11,4.393964e-10,4.393964e-12
2.488644e+01,1.303164e-11,4.575379e-10,4.575379e-12
2.488895e+01,1.333643e-11,4.769478e-10,4.769478e-12
2.489147e+01,1.365994e-11,4.973720e-10,4.973720e-12
2.489398e+01,1.400524e-11,5.185463e-10,5.185463e-12
2.489649e+01,1.437510e-11,5.402215e-10,5.402215e-12
2.489901e+01,1.477153e-11,5.621935e-10,5.621935e-12
2.490152e+01,1.519574e-11,5.843305e-10,5.843305e-12
2.490403e+01,1.564796e-11,6.065914e-10,6.065914e-12
2.490655e+01,1.612711e-11,6.290283e-10,6.290283e-12
2.490906e+01,1.663092e-11,6.517641e-10,6.517641e-12
2.491157e+01,1.715557e-11,6.749658e-10,6.749658e-12
2.491409e+01,1.769610e-11,6.988052e-10,6.988052e-12
2.491660e+01,1.824648e-11,7.234098e-10,7.234098e-12
2.491911e+01,1.879967e-11,7.488226e-10,7.488226e-12
2.492163e+01,1.934809e-11,7.749591e-10,7.749591e-12
2.492414e+01,1.988382e-11,8.015748e-10,8.015748e-12
2.492665e+01,2.039863e-11,8.282725e-10,8.282725e-12
2.492917e+01,2.088445e-11,8.545380e-10,8.545380e-12
2.493168e+01,2.133438e-11,8.797718e-10,8.797718e-12
2.493419e+01,2.174203e-11,9.033227e-10,9.033227e-12
2.493671e+01,2.210199e-11,9.245564e-10,9.245564e-12
2.493922e+01,2.241062e-11,9.429183e-10,9.429183e-12
2.494173e+01,2.266570e-11,9.579733e-10,9.579733e-12
2.494425e+01,2.286705e-11,9.694644e-10,9.694644e-12
2.494676e+01,2.301639e-11,9.773336e-10,9.773336e-12
2.494927e+01,2.311689e-11,9.817181e-10,9.817181e-12
2.495179e+01,2.317395e-11,9.829846e-10,9.829846e-12
2.495430e+01,2.319447e-11,9.817194e-10,9.817194e-12
2.495681e+01,2.318656e-11,9.786726e-10,9.786726e-12
2.495933e+01,2.315973e-11,9.747336e-10,9.747336e-12
2.496184e+01,2.312427e-11,9.708872e-10,9.708872e-12
2.496435e+01,2.309072e-11,9.681337e-10,9.681337e-12
2.496687e+01,2.306945e-11,9.674237e-10,9.674237e-12
2.496938e+01,2.307069e-11,9.696043e-10,9.696043e-12
2.497189e+01,2.310399e-11,9.753613e-10,9.753613e-12
2.497440e+01,2.317763e-11,9.851729e-10,9.851729e-12
2.497692e+01,2.329808e-11,9.992924e-10,9.992924e-12
2.497943e+01,2.346994e-11,1.017755e-09,1.017755e-11
2.498194e+01,2.369631e-11,1.040407e-09,1.040407e-11
2.498446e+01,2.397767e-11,1.066934e-09,1.066934e-11
2.498697e+01,2.431190e-11,1.096881e-09,1.096881e-11
2.498948e+01,2.469488e-11,1.129685e-09,1.129685e-11
2.499200e+01,2.512009e-11,1.164717e-09,1.164717e-11
2.499451e+01,2.557923e-11,1.201288e-09,1.201288e-11
2.499702e+01,2.606192e-11,1.238654e-09,1.238654e-11
2.499954e+01,2.655601e-11,1.276045e-09,1.276045e-11
2.500205e+01,2.704873e-11,1.312678e-09,1.312678e-11
2.500456e+01,2.752636e-11,1.347769e-09,1.347769e-11
2.500708e+01,2.797490e-11,1.380572e-09,1.380572e-11
2.500959e+01,2.838079e-11,1.410380e-09,1.410380e-11
2.501210e+01,2.873090e-11,1.436543e-09,1.436543e-11
2.501462e+01,2.901336e-11,1.458524e-09,1.458524e-11
2.501713e+01,2.921833e-11,1.475920e-09,1.475920e-11
2.501964e+01,2.933786e-11,1.488453e-09,1.488453e-11
2.502216e+01,2.936586e-11,1.495968e-09,1.495968e-11
2.502467e+01,2.929906e-11,1.498473e-09,1.498473e-11
2.502718e+01,2.913706e-11,1.496134e-09,1.496134e-11
2.502970e+01,2.888182e-11,1.489241e-09,1.489241e-11
2.503221e+01,2.853816e-11,1.478192e-09,1.478192e-11
2.503472e+01,2.811374e-11,1.463490e-09,1.463490e-11
2.503724e+01,2.761802e-11,1.445695e-09,1.445695e-11
2.503975e+01,2.706252e-11,1.425384e-09,1.425384e-11
2.504226e+01,2.646082e-11,1.403129e-09,1.403129e-11
2.504478e+01,2.582751e-11,1.379463e-09,1.379463e-11
2.504729e+01,2.517771e-11,1.354840e-09,1.354840e-11
2.504980e+01,2.452723e-11,1.329627e-09,1.329627e-11
2.505232e+01,2.389193e-11,1.304121e-09,1.304121e-11
2.505483e+01,2.328706e-11,1.278521e-09,1.278521e-11
2.505734e+01,2.272681e-11,1.252929e-09,1.252929e-11
2.505986e+01,2.222373e-11,1.227403e-09,1.227403e-11
2.506237e+01,2.178891e-11,1.201990e-09,1.201990e-11
2.506488e+01,2.143151e-11,1.176753e-09,1.176753e-11
2.506740e+01,2.115825e-11,1.151826e-09,1.151826e-11
2.506991e+01,2.097424e-11,1.127446e-09,1.127446e-11
2.507242e+01,2.088188e-11,1.103974e-09,1.103974e-11
2.507494e+01,2.088105e-11,1.081938e-09,1.081938e-11
2.507745e+01,2.097040e-11,1.062039e-09,1.062039e-11
2.507996e+01,2.114607e-11,1.045113e-09,1.045113e-11
2.508248e+01,2.140240e-11,1.032100e-09,1.032100e-11
2.508499e+01,2.173292e-11,1.023982e-09,1.023982e-11
2.508750e+01,2.213003e-11,1.021671e-09,1.021671e-11
2.509002e+01,2.258543e-11,1.025911e-09,1.025911e-11
2.509253e+01,2.309044e-11,1.037154e-09,1.037154e-11
2.509504e+01,2.363564e-11,1.055459e-09,1.055459e-11
2.509756e+01,2.421175e-11,1.080478e-09,1.080478e-11
2.510007e+01,2.481007e-11,1.111486e-09,1.111486e-11
2.510258e+01,2.542138e-11,1.147432e-09,1.147432e-11
2.510510e+01,2.603685e-11,1.187027e-09,1.187027e-11
2.510761e+01,2.664818e-11,1.228846e-09,1.228846e-11
2.511012e+01,2.724674e-11,1.271429e-09,1.271429e-11
2.511264e+01,2.782426e-11,1.313350e-09,1.313350e-11
2.511515e+01,2.837264e-11,1.353278e-09,1.353278e-11
2.511766e+01,2.888373e-11,1.390019e-09,1.390019e-11
2.512017e+01,2.934983e-11,1.422540e-09,1.422540e-11
2.512269e+01,2.976319e-11,1.449983e-09,1.449983e-11
2.512520e+01,3.011651e-11,1.471669e-09,1.471669e-11
2.512771e+01,3.040306e-11,1.487107e-09,1.487107e-11
2.513023e+01,3.061653e-11,1.495983e-09,1.495983e-11
2.513274e+01,3.075177e-11,1.498159e-09,1.498159e-11
2.513525e+01,3.080495e-11,1.493666e-09,1.493666e-11
2.513777e+01,3.077329e-11,1.482687e-09,1.482687e-11
2.514028e+01,3.065567e-11,1.465548e-09,1.465548e-11
2.514279e+01,3.045349e-11,1.442722e-09,1.442722e-11
2.514531e+01,3.016977e-11,1.414796e-09,1.414796e-11
2.514782e+01,2.980913e-11,1.382455e-09,1.382455e-11
2.515033e+01,2.937870e-11,1.346472e-09,1.346472e-11
2.515285e+01,2.888783e-11,1.307691e-09,1.307691e-11
2.515536e+01,2.834724e-11,1.266994e-09,1.266994e-11
2.515787e+01,2.776927e-11,1.225277e-09,1.225277e-11
2.516039e+01,2.716764e-11,1.183420e-09,1.183420e-11
2.516290e+01,2.655640e-11,1.142263e-09,1.142263e-11
2.516541e+01,2.594973e-11,1.102570e-09,1.102570e-11
2.516793e+01,2.536188e-11,1.065008e-09,1.065008e-11
2.517044e+01,2.480622e-11,1.030147e-09,1.030147e-11
2.517295e+01,2.429453e-11,9.984207e-10,9.984207e-12
2.517547e+01,2.383689e-11,9.701232e-10,9.701232e-12
2.517798e+01,2.344154e-11,9.454286e-10,9.454286e-12
2.518049e+01,2.311462e-11,9.243916e-10,9.243916e-12
2.518301e+01,2.285952e-11,9.069406e-10,9.069406e-12
2.518552e+01,2.267728e-11,8.929186e-10,8.929186e-12
2.518803e+01,2.256726e-11,8.821121e-10,8.821121e-12
2.519055e+01,2.252651e-11,8.742619e-10,8.742619e-12
2.519306e+01,2.254999e-11,8.691062e-10,8.691062e-12
2.519557e+01,2.263145e-11,8.664323e-10,8.664323e-12
2.519809e+01,2.276387e-11,8.661115e-10,8.661115e-12
2.520060e+01,2.293960e-11,8.681293e-10,8.681293e-12
2.520311e+01,2.315071e-11,8.726064e-10,8.726064e-12
2.520563e+01,2.338935e-11,8.797944e-10,8.797944e-12
2.520814e+01,2.364827e-11,8.900437e-10,8.900437e-12
2.521065e+01,2.392090e-11,9.037457e-10,9.037457e-12
2.521317e+01,2.420171e-11,9.212481e-10,9.212481e-12
2.521568e+01,2.448629e-11,9.427570e-10,9.427570e-12
2.521819e+01,2.477116e-11,9.682464e-10,9.682464e-12
2.522071e+01,2.505391e-11,9.973963e-10,9.973963e-12
2.522322e+01,2.533288e-11,1.029570e-09,1.029570e-11
2.522573e+01,2.560740e-11,1.063835e-09,1.063835e-11
2.522825e+01,2.587746e-11,1.099018e-09,1.099018e-11
2.523076e+01,2.614309e-11,1.133788e-09,1.133788e-11
2.523327e+01,2.640444e-11,1.166762e-09,1.166762e-11
2.523579e+01,2.666174e-11,1.196600e-09,1.196600e-11
2.523830e+01,2.691468e-11,1.222098e-09,1.222098e-11
2.524081e+01,2.716244e-11,1.242271e-09,1.242271e-11
2.524333e+01,2.740365e-11,1.256417e-09,1.256417e-11
2.524584e+01,2.763591e-11,1.264159e-09,1.264159e-11
2.524835e+01,2.785584e-11,1.265469e-09,1.265469e-11
2.525087e+01,2.805928e-11,1.260686e-09,1.260686e-11
2.525338e+01,2.824127e-11,1.250491e-09,1.250491e-11
2.525589e+01,2.839622e-11,1.235871e-09,1.235871e-11
2.525840e+01,2.851787e-11,1.218057e-09,1.218057e-11
2.526092e+01,2.859982e-11,1.198431e-09,1.198431e-11
2.526343e+01,2.863567e-11,1.178409e-09,1.178409e-11
2.526594e+01,2.861939e-11,1.159325e-09,1.159325e-11
2.526846e+01,2.854580e-11,1.142309e-09,1.142309e-11
2.527097e+01,2.841074e-11,1.128194e-09,1.128194e-11
2.527348e+01,2.821178e-11,1.117445e-09,1.117445e-11
2.527600e+01,2.794843e-11,1.110158e-09,1.110158e-11
2.527851e+01,2.762237e-11,1.106104e-09,1.106104e-11
2.528102e+01,2.723774e-11,1.104815e-09,1.104815e-11
2.528354e+01,2.680131e-11,1.105714e-09,1.105714e-11
2.528605e+01,2.632240e-11,1.108202e-09,1.108202e-11
2.528856e+01,2.581279e-11,1.111741e-09,1.111741e-11
2.529108e+01,2.528662e-11,1.115913e-09,1.115913e-11
2.529359e+01,2.475962e-11,1.120439e-09,1.120439e-11
2.529610e+01,2.424875e-11,1.125150e-09,1.125150e-11
2.529862e+01,2.377160e-11,1.129949e-09,1.129949e-11
2.530113e+01,2.334566e-11,1.134790e-09,1.134790e-11
2.530364e+01,2.298752e-11,1.139638e-09,1.139638e-11
2.530616e+01,2.271178e-11,1.144458e-09,1.144458e-11
2.530867e+01,2.253024e-11,1.149194e-09,1.149194e-11
2.531118e+01,2.245130e-11,1.153801e-09,1.153801e-11
2.531370e+01,2.247976e-11,1.158289e-09,1.158289e-11
2.531621e+01,2.261616e-11,1.162727e-09,1.162727e-11
2.531872e+01,2.285573e-11,1.167225e-09,1.167225e-11
2.532124e+01,2.318907e-11,1.171945e-09,1.171945e-11
2.532375e+01,2.360284e-11,1.177078e-09,1.177078e-11
2.532626e+01,2.407914e-11,1.182765e-09,1.182765e-11
2.532878e+01,2.459643e-11,1.189023e-09,1.189023e-11
2.533129e+01,2.513059e-11,1.195694e-09,1.195694e-11
2.533380e+01,2.565567e-11,1.202390e-09,1.202390e-11
2.533632e+01,2.614496e-11,1.208475e-09,1.208475e-11
2.533883e+01,2.657238e-11,1.213111e-09,1.213111e-11
2.534134e+01,2.691341e-11,1.215314e-09,1.215314e-11
2.534386e+01,2.714587e-11,1.214019e-09,1.214019e-11
2.534637e+01,2.725138e-11,1.208184e-09,1.208184e-11
2.534888e+01,2.721614e-11,1.196907e-09,1.196907e-11
2.535140e+01,2.703105e-11,1.179507e-09,1.179507e-11
2.535391e+01,2.669240e-11,1.155594e-09,1.155594e-11
2.535642e+01,2.620269e-11,1.125114e-09,1.125114e-11
2.535894e+01,2.556924e-11,1.088356e-09,1.088356e-11
2.536145e+01,2.480418e-11,1.045955e-09,1.045955e-11
2.536396e+01,2.392473e-11,9.988820e-10,9.988820e-12
2.536648e+01,2.295195e-11,9.483872e-10,9.483872e-12
2.536899e+01,2.190972e-11,8.959272e-10,8.959272e-12
2.537150e+01,2.082378e-11,8.430740e-10,8.430740e-12
2.537402e+01,1.972083e-11,7.914146e-10,7.914146e-12
2.537653e+01,1.862774e-11,7.424460e-10,7.424460e-12
2.537904e+01,1.757049e-11,6.974497e-10,6.974497e-12
2.538156e+01,1.657319e-11,6.573594e-10,6.573594e-12
2.538407e+01,1.565746e-11,6.226779e-10,6.226779e-12
2.538658e+01,1.484165e-11,5.934571e-10,5.934571e-12
2.538910e+01,1.414059e-11,5.693416e-10,5.693416e-12
2.539161e+01,1.356525e-11,5.496945e-10,5.496945e-12
2.539412e+01,1.312252e-11,5.337800e-10,5.337800e-12
2.539664e+01,1.281550e-11,5.209416e-10,5.209416e-12
2.539915e+01,1.264311e-11,5.107405e-10,5.107405e-12
2.540166e+01,1.260065e-11,5.030406e-10,5.030406e-12
2.540417e+01,1.268024e-11,4.980166e-10,4.980166e-12
2.540669e+01,1.287111e-11,4.960855e-10,4.960855e-12
2.540920e+01,1.316027e-11,4.977843e-10,4.977843e-12
2.541171e+01,1.353282e-11,5.036060e-10,5.036060e-12
2.541423e+01,1.397223e-11,5.138317e-10,5.138317e-12
2.541674e+01,1.446149e-11,5.284196e-10,5.284196e-12
2.541925e+01,1.498342e-11,5.469647e-10,5.469647e-12
2.542177e+01,1.552085e-11,5.687201e-10,5.687201e-12
2.542428e+01,1.605731e-11,5.926855e-10,5.926855e-12
2.542679e+01,1.657757e-11,6.177273e-10,6.177273e-12
2.542931e+01,1.706794e-11,6.426756e-10,6.426756e-12
2.543182e+01,1.751599e-11,6.664029e-10,6.664029e-12
2.543433e+01,1.791147e-11,6.878996e-10,6.878996e-12
2.543685e+01,1.824622e-11,7.063215e-10,7.063215e-12
2.543936e+01,1.851414e-11,7.210124e-10,7.210124e-12
2.544187e+01,1.871146e-11,7.315240e-10,7.315240e-12
2.544439e+01,1.883627e-11,7.376278e-10,7.376278e-12
2.544690e+01,1.888875e-11,7.393151e-10,7.393151e-12
2.544941e+01,1.887125e-11,7.368006e-10,7.368006e-12
2.545193e+01,1.878786e-11,7.305089e-10,7.305089e-12
2.545444e+01,1.864404e-11,7.210398e-10,7.210398e-12
2.545695e+01,1.844653e-11,7.091333e-10,7.091333e-12
2.545947e+01,1.820331e-11,6.956301e-10,6.956301e-12
2.546198e+01,1.792320e-11,6.814092e-10,6.814092e-12
2.546449e+01,1.761537e-11,6.673096e-10,6.673096e-12
2.546701e+01,1.728902e-11,6.540526e-10,6.540526e-12
2.546952e+01,1.695368e-11,6.421806e-10,6.421806e-12
2.547203e+01,1.661858e-11,6.320100e-10,6.320100e-12
2.547455e+01,1.629193e-11,6.236038e-10,6.236038e-12
2.547706e+01,1.598149e-11,6.167950e-10,6.167950e-12
2.547957e+01,1.569406e-11,6.112406e-10,6.112406e-12
2.548209e+01,1.543487e-11,6.064814e-10,6.064814e-12
2.548460e+01,1.520814e-11,6.020433e-10,6.020433e-12
2.548711e+01,1.501680e-11,5.975200e-10,5.975200e-12
2.548963e+01,1.486190e-11,5.926028e-10,5.926028e-12
2.549214e+01,1.474319e-11,5.871344e-10,5.871344e-12
2.549465e+01,1.465935e-11,5.811260e-10,5.811260e-12
2.549717e+01,1.460742e-11,5.747160e-10,5.747160e-12
2.549968e+01,1.458375e-11,5.681514e-10,5.681514e-12
2.550219e+01,1.458375e-11,5.617488e-10,5.617488e-12
2.550471e+01,1.460207e-11,5.558307e-10,5.558307e-12
2.550722e+01,1.463340e-11,5.506745e-10,5.506745e-12
2.550973e+01,1.467234e-11,5.464684e-10,5.464684e-12
2.551225e+01,1.471404e-11,5.433012e-10,5.433012e-12
2.551476e+01,1.475437e-11,5.411656e-10,5.411656e-12
2.551727e+01,1.478997e-11,5.399710e-10,5.399710e-12
2.551979e+01,1.481907e-11,5.395933e-10,5.395933e-12
2.552230e+01,1.484168e-11,5.399227e-10,5.399227e-12
2.552481e+01,1.485913e-11,5.408939e-10,5.408939e-12
2.552733e+01,1.487439e-11,5.425209e-10,5.425209e-12
2.552984e+01,1.489223e-11,5.449076e-10,5.449076e-12
2.553235e+01,1.491873e-11,5.482377e-10,5.482377e-12
2.553487e+01,1.496095e-11,5.527613e-10,5.527613e-12
2.553738e+01,1.502710e-11,5.587662e-10,5.587662e-12
2.553989e+01,1.512583e-11,5.665284e-10,5.665284e-12
2.554240e+01,1.526532e-11,5.762748e-10,5.762748e-12
2.554492e+01,1.545325e-11,5.881765e-10,5.881765e-12
2.554743e+01,1.569601e-11,6.023387e-10,6.023387e-12
2.554994e+01,1.599819e-11,6.187981e-10,6.187981e-12
2.555246e+01,1.636254e-11,6.375451e-10,6.375451e-12
2.555497e+01,1.678907e-11,6.585331e-10,6.585331e-12
2.555748e+01,1.727500e-11,6.816797e-10,6.816797e-12
2.556000e+01,1.781449e-11,7.068788e-10,7.068788e-12
2.556251e+01,1.839901e-11,7.339926e-10,7.339926e-12
2.556502e+01,1.901746e-11,7.628154e-10,7.628154e-12
2.556754e+01,1.965602e-11,7.930561e-10,7.930561e-12
2.557005e+01,2.029926e-11,8.243371e-10,8.243371e-12
2.557256e+01,2.093074e-11,8.561777e-10,8.561777e-12
2.557508e+01,2.153301e-11,8.879877e-10,8.879877e-12
2.557759e+01,2.208842e-11,9.190813e-10,9.190813e-12
2.558010e+01,2.258034e-11,9.487062e-10,9.487062e-12
2.558262e+01,2.299402e-11,9.760841e-10,9.760841e-12
2.558513e+01,2.331637e-11,1.000442e-09,1.000442e-11
2.558764e+01,2.353678e-11,1.021035e-09,1.021035e-11
2.559016e+01,2.364784e-11,1.037179e-09,1.037179e-11
2.559267e+01,2.364509e-11,1.048285e-09,1.048285e-11
2.559518e+01,2.352778e-11,1.053895e-09,1.053895e-11
2.559770e+01,2.329872e-11,1.053687e-09,1.053687e-11
2.560021e+01,2.296348e-11,1.047472e-09,1.047472e-11
2.560272e+01,2.253025e-11,1.035200e-09,1.035200e-11
2.560524e+01,2.201028e-11,1.016981e-09,1.016981e-11
2.560775e+01,2.141662e-11,9.930668e-10,9.930668e-12
2.561026e+01,2.076320e-11,9.638392e-10,9.638392e-12
2.561278e+01,2.006504e-11,9.298135e-10,9.298135e-12
2.561529e+01,1.933718e-11,8.916294e-10,8.916294e-12
2.561780e+01,1.859445e-11,8.500345e-10,8.500345e-12
2.562032e+01,1.785070e-11,8.058709e-10,8.058709e-12
2.562283e+01,1.711853e-11,7.600594e-10,7.600594e-12
2.562534e+01,1.640914e-11,7.135742e-10,7.135742e-12
2.562786e+01,1.573204e-11,6.674166e-10,6.674166e-12
2.563037e+01,1.509520e-11,6.225841e-10,6.225841e-12
2.563288e+01,1.450453e-11,5.800197e-10,5.800197e-12
2.563540e+01,1.396447e-11,5.405649e-10,5.405649e-12
2.563791e+01,1.347850e-11,5.049250e-10,5.049250e-12
2.564042e+01,1.304900e-11,4.736192e-10,4.736192e-12
2.564294e+01,1.267754e-11,4.469417e-10,4.469417e-12
2.564545e+01,1.236507e-11,4.249683e-10,4.249683e-12
2.564796e+01,1.211223e-11,4.075972e-10,4.075972e-12
2.565048e+01,1.191955e-11,3.946101e-10,3.946101e-12
2.565299e+01,1.178779e-11,3.857474e-10,3.857474e-12
2.565550e+01,1.171775e-11,3.807875e-10,3.807875e-12
2.565802e+01,1.171016e-11,3.795912e-10,3.795912e-12
2.566053e+01,1.176574e-11,3.821000e-10,3.821000e-12
2.566304e+01,1.188480e-11,3.882970e-10,3.882970e-12
2.566556e+01,1.206726e-11,3.981543e-10,3.981543e-12
2.566807e+01,1.231249e-11,4.115862e-10,4.115862e-12
2.567058e+01,1.261881e-11,4.283991e-10,4.283991e-12
2.567310e+01,1.298332e-11,4.482668e-10,4.482668e-12
2.567561e+01,1.340167e-11,4.707451e-10,4.707451e-12
2.567812e+01,1.386788e-11,4.953007e-10,4.953007e-12
2.568063e+01,1.437459e-11,5.213519e-10,5.213519e-12
2.568315e+01,1.491292e-11,5.482946e-10,5.482946e-12
2.568566e+01,1.547233e-11,5.755196e-10,5.755196e-12
2.568817e+01,1.604117e-11,6.024479e-10,6.024479e-12
2.569069e+01,1.660719e-11,6.285500e-10,6.285500e-12
2.569320e+01,1.715778e-11,6.533483e-10,6.533483e-12
2.569571e+01,1.768061e-11,6.764339e-10,6.764339e-12
2.569823e+01,1.816391e-11,6.974776e-10,6.974776e-12
2.570074e+01,1.859694e-11,7.162351e-10,7.162351e-12
2.570325e+01,1.897116e-11,7.325570e-10,7.325570e-12
2.570577e+01,1.928037e-11,7.463895e-10,7.463895e-12
2.570828e+01,1.952072e-11,7.577647e-10,7.577647e-12
2.571079e+01,1.969128e-11,7.667868e-10,7.667868e-12
2.571331e+01,1.979390e-11,7.736138e-10,7.736138e-12
2.571582e+01,1.983324e-11,7.784335e-10,7.784335e-12
2.571833e+01,1.981665e-11,7.814340e-10,7.814340e-12
2.572085e+01,1.975343e-11,7.827759e-10,7.827759e-12
2.572336e+01,1.965427e-11,7.825735e-10,7.825735e-12
2.572587e+01,1.953084e-11,7.808928e-10,7.808928e-12
2.572839e+01,1.939474e-11,7.777589e-10,7.777589e-12
2.573090e+01,1.925699e-11,7.731789e-10,7.731789e-12
2.573341e+01,1.912745e-11,7.671812e-10,7.671812e-12
2.573593e+01,1.901378e-11,7.598475e-10,7.598475e-12
2.573844e+01,1.892088e-11,7.513456e-10,7.513456e-12
2.574095e+01,1.885127e-11,7.419561e-10,7.419561e-12
2.574347e+01,1.880440e-11,7.320654e-10,7.320654e-12
2.574598e+01,1.877634e-11,7.221407e-10,7.221407e-12
2.574849e+01,1.876070e-11,7.126761e-10,7.126761e-12
2.575101e+01,1.874854e-11,7.041116e-10,7.041116e-12
2.575352e+01,1.872915e-11,6.967537e-10,6.967537e-12
2.575603e+01,1.869066e-11,6.907012e-10,6.907012e-12
2.575855e+01,1.862082e-11,6.857973e-10,6.857973e-12
2.576106e+01,1.850811e-11,6.816326e-10,6.816326e-12
2.576357e+01,1.834207e-11,6.775850e-10,6.775850e-12
2.576609e+01,1.811436e-11,6.728992e-10,6.728992e-12
2.576860e+01,1.781947e-11,6.667916e-10,6.667916e-12
2.577111e+01,1.745504e-11,6.585502e-10,6.585502e-12
2.577363e+01,1.702225e-11,6.476284e-10,6.476284e-12
2.577614e+01,1.652618e-11,6.337109e-10,6.337109e-12
2.577865e+01,1.597535e-11,6.167469e-10,6.167469e-12
2.578117e+01,1.538145e-11,5.969633e-10,5.969633e-12
2.578368e+01,1.475891e-11,5.748512e-10,5.748512e-12
2.578619e+01,1.412418e-11,5.511327e-10,5.511327e-12
2.578871e+01,1.349497e-11,5.267103e-10,5.267103e-12
2.579122e+01,1.288946e-11,5.025924e-10,5.025924e-12
2.579373e+01,1.232548e-11,4.798146e-10,4.798146e-12
2.579625e+01,1.181928e-11,4.593512e-10,4.593512e-12
2.579876e+01,1.138503e-11,4.420301e-10,4.420301e-12
2.580127e+01,1.103400e-11,4.284589e-10,4.284589e-12
2.580379e+01,1.077420e-11,4.189828e-10,4.189828e-12
2.580630e+01,1.061013e-11,4.136910e-10,4.136910e-12
2.580881e+01,1.054229e-11,4.124478e-10,4.124478e-12
2.581133e+01,1.056757e-11,4.149661e-10,4.149661e-12
2.581384e+01,1.067950e-11,4.208876e-10,4.208876e-12
2.581635e+01,1.086863e-11,4.298152e-10,4.298152e-12
2.581887e+01,1.112288e-11,4.413321e-10,4.413321e-12
2.582138e+01,1.142839e-11,4.550214e-10,4.550214e-12
2.582389e+01,1.177034e-11,4.704682e-10,4.704682e-12
2.582640e+01,1.213370e-11,4.872442e-10,4.872442e-12
2.582892e+01,1.250395e-11,5.048977e-10,5.048977e-12
2.583143e+01,1.286745e-11,5.229693e-10,5.229693e-12
2.583394e+01,1.321247e-11,5.410070e-10,5.410070e-12
2.583646e+01,1.352965e-11,5.585822e-10,5.585822e-12
2.583897e+01,1.381205e-11,5.753024e-10,5.753024e-12
2.584148e+01,1.405531e-11,5.908203e-10,5.908203e-12
2.584400e+01,1.425799e-11,6.048513e-10,6.048513e-12
2.584651e+01,1.442148e-11,6.171812e-10,6.171812e-12
2.584902e+01,1.454932e-11,6.276566e-10,6.276566e-12
2.585154e+01,1.464721e-11,6.361821e-10,6.361821e-12
2.585405e+01,1.472243e-11,6.427198e-10,6.427198e-12
2.585656e+01,1.478314e-11,6.472834e-10,6.472834e-12
2.585908e+01,1.483812e-11,6.499284e-10,6.499284e-12
2.586159e+01,1.489592e-11,6.507529e-10,6.507529e-12
2.586410e+01,1.496450e-11,6.499018e-10,6.499018e-12
2.586662e+01,1.505063e-11,6.475579e-10,6.475579e-12
2.586913e+01,1.515940e-11,6.439438e-10,6.439438e-12
2.587164e+01,1.529419e-11,6.393277e-10,6.393277e-12
2.587416e+01,1.545597e-11,6.340228e-10,6.340228e-12
2.587667e+01,1.564388e-11,6.283795e-10,6.283795e-12
2.587918e+01,1.585477e-11,6.227605e-10,6.227605e-12
2.588170e+01,1.608309e-11,6.175184e-10,6.175184e-12
2.588421e+01,1.632163e-11,6.129700e-10,6.129700e-12
2.588672e+01,1.656170e-11,6.093527e-10,6.093527e-12
2.588924e+01,1.679364e-11,6.067835e-10,6.067835e-12
2.589175e+01,1.700707e-11,6.052369e-10,6.052369e-12
2.589426e+01,1.719132e-11,6.045372e-10,6.045372e-12
2.589678e+01,1.733616e-11,6.043608e-10,6.043608e-12
2.589929e+01,1.743239e-11,6.042627e-10,6.042627e-12
2.590180e+01,1.747186e-11,6.037261e-10,6.037261e-12
2.590432e+01,1.744835e-11,6.022201e-10,6.022201e-12
2.590683e+01,1.735794e-11,5.992581e-10,5.992581e-12
2.590934e+01,1.719911e-11,5.944497e-10,5.944497e-12
2.591186e+01,1.697270e-11,5.875436e-10,5.875436e-12
2.591437e+01,1.668191e-11,5.784614e-10,5.784614e-12
2.591688e+01,1.633311e-11,5.673276e-10,5.673276e-12
2.591940e+01,1.593521e-11,5.544697e-10,5.544697e-12
2.592191e+01,1.549886e-11,5.403861e-10,5.403861e-12
2.592442e+01,1.503647e-11,5.257223e-10,5.257223e-12
2.592694e+01,1.456248e-11,5.112296e-10,5.112296e-12
2.592945e+01,1.409212e-11,4.976767e-10,4.976767e-12
2.593196e+01,1.364079e-11,4.857695e-10,4.857695e-12
2.593448e+01,1.322422e-11,4.760882e-10,4.760882e-12
2.593699e+01,1.285741e-11,4.690199e-10,4.690199e-12
2.593950e+01,1.255457e-11,4.647253e-10,4.647253e-12
2.594202e+01,1.232795e-11,4.631541e-10,4.631541e-12
2.594453e+01,1.218788e-11,4.641121e-10,4.641121e-12
2.594704e+01,1.214280e-11,4.673499e-10,4.673499e-12
2.594956e+01,1.219774e-11,4.726330e-10,4.726330e-12
2.595207e+01,1.235482e-11,4.798124e-10,4.798124e-12
2.595458e+01,1.261375e-11,4.888681e-10,4.888681e-12
2.595710e+01,1.297083e-11,4.998963e-10,4.998963e-12
2.595961e+01,1.341915e-11,5.130768e-10,5.130768e-12
2.596212e+01,1.394947e-11,5.286149e-10,5.286149e-12
2.596463e+01,1.454998e-11,5.466678e-10,5.466678e-12
2.596715e+01,1.520662e-11,5.672891e-10,5.672891e-12
2.596966e+01,1.590388e-11,5.903872e-10,5.903872e-12
2.597217e+01,1.662541e-11,6.157085e-10,6.157085e-12
2.597469e+01,1.735415e-11,6.428434e-10,6.428434e-12
2.597720e+01,1.807288e-11,6.712544e-10,6.712544e-12
2.597971e+01,1.876536e-11,7.003226e-10,7.003226e-12
2.598223e+01,1.941646e-11,7.293850e-10,7.293850e-12
2.598474e+01,2.001242e-11,7.577667e-10,7.577667e-12
2.598725e+01,2.054180e-11,7.848186e-10,7.848186e-12
2.598977e+01,2.099561e-11,8.099429e-10,8.099429e-12
2.599228e+01,2.136729e-11,8.326009e-10,8.326009e-12
2.599479e+01,2.165314e-11,8.523229e-10,8.523229e-12
2.599731e+01,2.185234e-11,8.687272e-10,8.687272e-12
2.599982e+01,2.196687e-11,8.815237e-10,8.815237e-12
2.600233e+01,2.200106e-11,8.905092e-10,8.905092e-12
2.600485e+01,2.196133e-11,8.955939e-10,8.955939e-12
2.600736e+01,2.185647e-11,8.968186e-10,8.968186e-12
2.600987e+01,2.169660e-11,8.943436e-10,8.943436e-12
2.601239e+01,2.149248e-11,8.884614e-10,8.884614e-12
2.601490e+01,2.125541e-11,8.796212e-10,8.796212e-12
2.601741e+01,2.099684e-11,8.684269e-10,8.684269e-12
2.601993e+01,2.072752e-11,8.556286e-10,8.556286e-12
2.602244e+01,2.045727e-11,8.420943e-10,8.420943e-12
2.602495e+01,2.019438e-11,8.287612e-10,8.287612e-12
2.602747e+01,1.994545e-11,8.165889e-10,8.165889e-12
2.602998e+01,1.971555e-11,8.064760e-10,8.064760e-12
2.603249e+01,1.950751e-11,7.991456e-10,7.991456e-12
2.603501e+01,1.932210e-11,7.950601e-10,7.950601e-12
2.603752e+01,1.915864e-11,7.943619e-10,7.943619e-12
2.604003e+01,1.901495e-11,7.968364e-10,7.968364e-12
2.604255e+01,1.888744e-11,8.019292e-10,8.019292e-12
2.604506e+01,1.877158e-11,8.088081e-10,8.088081e-12
2.604757e+01,1.866208e-11,8.164603e-10,8.164603e-12
2.605009e+01,1.855375e-11,8.238148e-10,8.238148e-12
2.605260e+01,1.844180e-11,8.298489e-10,8.298489e-12
2.605511e+01,1.832180e-11,8.336615e-10,8.336615e-12
2.605763e+01,1.819015e-11,8.345353e-10,8.345353e-12
2.606014e+01,1.804449e-11,8.320047e-10,8.320047e-12
2.606265e+01,1.788391e-11,8.258897e-10,8.258897e-12
2.606517e+01,1.770893e-11,8.162945e-10,8.162945e-12
2.606768e+01,1.752180e-11,8.036054e-10,8.036054e-12
2.607019e+01,1.732635e-11,7.884805e-10,7.884805e-12
2.607271e+01,1.712753e-11,7.718156e-10,7.718156e-12
2.607522e+01,1.693125e-11,7.546895e-10,7.546895e-12
2.607773e+01,1.674443e-11,7.382925e-10,7.382925e-12
2.608025e+01,1.657470e-11,7.238390e-10,7.238390e-12
2.608276e+01,1.642980e-11,7.124595e-10,7.124595e-12
2.608527e+01,1.631696e-11,7.050803e-10,7.050803e-12
2.608779e+01,1.624303e-11,7.023231e-10,7.023231e-12
2.609030e+01,1.621389e-11,7.044479e-10,7.044479e-12
2.609281e+01,1.623382e-11,7.113501e-10,7.113501e-12
2.609533e+01,1.630588e-11,7.226153e-10,7.226153e-12
2.609784e+01,1.643131e-11,7.376052e-10,7.376052e-12
2.610035e+01,1.660917e-11,7.555540e-10,7.555540e-12
2.610287e+01,1.683698e-11,7.756714e-10,7.756714e-12
2.610538e+01,1.711030e-11,7.972104e-10,7.972104e-12
2.610789e+01,1.742271e-11,8.194882e-10,8.194882e-12
2.611040e+01,1.776655e-11,8.419007e-10,8.419007e-12
2.611292e+01,1.813293e-11,8.639280e-10,8.639280e-12
2.611543e+01,1.851217e-11,8.851102e-10,8.851102e-12
2.611794e+01,1.889398e-11,9.050256e-10,9.050256e-12
2.612046e+01,1.926805e-11,9.232821e-10,9.232821e-12
2.612297e+01,1.962437e-11,9.395029e-10,9.395029e-12
2.612548e+01,1.995345e-11,9.533244e-10,9.533244e-12
2.612800e+01,2.024708e-11,9.644137e-10,9.644137e-12
2.613051e+01,2.049820e-11,9.724829e-10,9.724829e-12
2.613302e+01,2.070144e-11,9.773022e-10,9.773022e-12
2.613554e+01,2.085341e-11,9.787151e-10,9.787151e-12
2.613805e+01,2.095212e-11,9.766585e-10,9.766585e-12
2.614056e+01,2.099775e-11,9.711837e-10,9.711837e-12
2.614308e+01,2.099287e-11,9.624572e-10,9.624572e-12
2.614559e+01,2.094157e-11,9.507505e-10,9.507505e-12
2.614810e+01,2.084947e-11,9.364372e-10,9.364372e-12
2.615062e+01,2.072370e-11,9.199855e-10,9.199855e-12
2.615313e+01,2.057289e-11,9.019465e-10,9.019465e-12
2.615564e+01,2.040656e-11,8.829357e-10,8.829357e-12
2.615816e+01,2.023477e-11,8.636127e-10,8.636127e-12
2.616067e+01,2.006802e-11,8.446662e-10,8.446662e-12
2.616318e+01,1.991670e-11,8.268050e-10,8.268050e-12
2.616570e+01,1.979122e-11,8.107616e-10,8.107616e-12
2.616821e+01,1.970180e-11,7.972880e-10,7.972880e-12
2.617072e+01,1.965731e-11,7.871383e-10,7.871383e-12
2.617324e+01,1.966589e-11,7.810650e-10,7.810650e-12
2.617575e+01,1.973491e-11,7.798192e-10,7.798192e-12
2.617826e+01,1.987002e-11,7.841151e-10,7.841151e-12
2.618078e+01,2.007561e-11,7.945695e-10,7.945695e-12
2.618329e+01,2.035437e-11,8.116547e-10,8.116547e-12
2.618580e+01,2.070713e-11,8.356677e-10,8.356677e-12
2.618832e+01,2.113331e-11,8.666817e-10,8.666817e-12
2.619083e+01,2.163033e-11,9.045100e-10,9.045100e-12
2.619334e+01,2.219386e-11,9.487171e-10,9.487171e-12
2.619586e+01,2.281790e-11,9.986416e-10,9.986416e-12
2.619837e+01,2.349451e-11,1.053416e-09,1.053416e-11
2.620088e+01,2.421436e-11,1.112012e-09,1.112012e-11
2.620340e+01,2.496669e-11,1.173287e-09,1.173287e-11
2.620591e+01,2.573937e-11,1.236009e-09,1.236009e-11
2.620842e+01,2.651936e-11,1.298891e-09,1.298891e-11
2.621094e+01,2.729273e-11,1.360641e-09,1.360641e-11
2.621345e+01,2.804547e-11,1.420001e-09,1.420001e-11
2.621596e+01,2.876356e-11,1.475770e-09,1.475770e-11
2.621848e+01,2.943308e-11,1.526830e-09,1.526830e-11
2.622099e+01,3.004095e-11,1.572183e-09,1.572183e-11
2.622350e+01,3.057525e-11,1.610996e-09,1.610996e-11
2.622602e+01,3.102549e-11,1.642620e-09,1.642620e-11
2.622853e+01,3.138315e-11,1.666606e-09,1.666606e-11
2.623104e+01,3.164159e-11,1.682730e-09,1.682730e-11
2.623356e+01,3.179638e-11,1.691011e-09,1.691011e-11
2.623607e+01,3.184581e-11,1.691703e-09,1.691703e-11
2.623858e+01,3.179063e-11,1.685308e-09,1.685308e-11
2.624110e+01,3.163395e-11,1.672553e-09,1.672553e-11
2.624361e+01,3.138142e-11,1.654352e-09,1.654352e-11
2.624612e+01,3.104071e-11,1.631764e-09,1.631764e-11
2.624863e+01,3.062144e-11,1.605956e-09,1.605956e-11
2.625115e+01,3.013521e-11,1.578147e-09,1.578147e-11
2.625366e+01,2.959475e-11,1.549513e-09,1.549513e-11
2.625617e+01,2.901342e-11,1.521110e-09,1.521110e-11
2.625869e+01,2.840529e-11,1.493811e-09,1.493811e-11
2.626120e+01,2.778422e-11,1.468262e-09,1.468262e-11
2.626371e+01,2.716346e-11,1.444830e-09,1.444830e-11
2.626623e+01,2.655596e-11,1.423604e-09,1.423604e-11
2.626874e+01,2.597341e-11,1.404422e-09,1.404422e-11
2.627125e+01,2.542569e-11,1.386927e-09,1.386927e-11
2.627377e+01,2.492118e-11,1.370629e-09,1.370629e-11
2.627628e+01,2.446621e-11,1.354990e-09,1.354990e-11
2.627879e+01,2.406528e-11,1.339510e-09,1.339510e-11
2.628131e+01,2.372123e-11,1.323801e-09,1.323801e-11
2.628382e+01,2.343469e-11,1.307625e-09,1.307625e-11
2.628633e+01,2.320430e-11,1.290919e-09,1.290919e-11
2.628885e+01,2.302726e-11,1.273798e-09,1.273798e-11
2.629136e+01,2.289934e-11,1.256534e-09,1.256534e-11
2.629387e+01,2.281486e-11,1.239532e-09,1.239532e-11
2.629639e+01,2.276742e-11,1.223271e-09,1.223271e-11
2.629890e+01,2.275008e-11,1.208246e-09,1.208246e-11
2.630141e+01,2.275563e-11,1.194894e-09,1.194894e-11
2.630393e+01,2.277681e-11,1.183534e-09,1.183534e-11
2.630644e+01,2.280630e-11,1.174315e-09,1.174315e-11
2.630895e+01,2.283744e-11,1.167190e-09,1.167190e-11
2.631147e+01,2.286429e-11,1.161918e-09,1.161918e-11
2.631398e+01,2.288167e-11,1.158089e-09,1.158089e-11
2.631649e+01,2.288541e-11,1.155149e-09,1.155149e-11
2.631901e+01,2.287212e-11,1.152451e-09,1.152451e-11
2.632152e+01,2.283966e-11,1.149332e-09,1.149332e-11
2.632403e+01,2.278710e-11,1.145165e-09,1.145165e-11
2.632655e+01,2.271416e-11,1.139389e-09,1.139389e-11
2.632906e+01,2.262131e-11,1.131571e-09,1.131571e-11
2.633157e+01,2.251020e-11,1.121440e-09,1.121440e-11
2.633409e+01,2.238271e-11,1.108894e-09,1.108894e-11
2.633660e+01,2.224106e-11,1.093998e-09,1.093998e-11
2.633911e+01,2.208809e-11,1.076997e-09,1.076997e-11
2.634163e+01,2.192637e-11,1.058304e-09,1.058304e-11
2.634414e+01,2.175870e-11,1.038467e-09,1.038467e-11
2.634665e+01,2.158779e-11,1.018140e-09,1.018140e-11
2.634917e+01,2.141578e-11,9.980646e-10,9.980646e-12
2.635168e+01,2.124473e-11,9.790119e-10,9.790119e-12
2.635419e+01,2.107604e-11,9.617285e-10,9.617285e-12
2.635671e+01,2.091057e-11,9.469012e-10,9.469012e-12
2.635922e+01,2.074923e-11,9.351274e-10,9.351274e-12
2.636173e+01,2.059237e-11,9.268521e-10,9.268521e-12
2.636425e+01,2.043971e-11,9.223284e-10,9.223284e-12
2.636676e+01,2.029089e-11,9.216290e-10,9.216290e-12
2.636927e+01,2.014539e-11,9.246494e-10,9.246494e-12
2.637179e+01,2.000228e-11,9.311044e-10,9.311044e-12
2.637430e+01,1.986067e-11,9.405614e-10,9.405614e-12
2.637681e+01,1.971968e-11,9.524883e-10,9.524883e-12
2.637933e+01,1.957848e-11,9.662886e-10,9.662886e-12
2.638184e+01,1.943660e-11,9.813339e-10,9.813339e-12
2.638435e+01,1.929352e-11,9.969945e-10,9.969945e-12
2.638687e+01,1.914921e-11,1.012670e-09,1.012670e-11
2.638938e+01,1.900402e-11,1.027812e-09,1.027812e-11
2.639189e+01,1.885841e-11,1.041924e-09,1.041924e-11
2.639440e+01,1.871340e-11,1.054578e-09,1.054578e-11
2.639692e+01,1.857023e-11,1.065421e-09,1.065421e-11
2.639943e+01,1.843043e-11,1.074165e-09,1.074165e-11
2.640194e+01,1.829575e-11,1.080587e-09,1.080587e-11
2.640446e+01,1.816796e-11,1.084523e-09,1.084523e-11
2.640697e+01,1.804899e-11,1.085867e-09,1.085867e-11
2.640948e+01,1.794097e-11,1.084566e-09,1.084566e-11
2.641200e+01,1.784565e-11,1.080622e-09,1.080622e-11
2.641451e+01,1.776458e-11,1.074092e-09,1.074092e-11
2.641702e+01,1.769950e-11,1.065086e-09,1.065086e-11
2.641954e+01,1.765155e-11,1.053770e-09,1.053770e-11
2.642205e+01,1.762160e-11,1.040382e-09,1.040382e-11
2.642456e+01,1.761053e-11,1.025233e-09,1.025233e-11
2.642708e+01,1.761898e-11,1.008686e-09,1.008686e-11
2.642959e+01,1.764744e-11,9.911650e-10,9.911650e-12
2.643210e+01,1.769617e-11,9.731483e-10,9.731483e-12
2.643462e+01,1.776539e-11,9.551405e-10,9.551405e-12
2.643713e+01,1.785527e-11,9.376574e-10,9.376574e-12
2.643964e+01,1.796613e-11,9.212160e-10,9.212160e-12
2.644216e+01,1.809839e-11,9.063119e-10,9.063119e-12
2.644467e+01,1.825239e-11,8.933937e-10,8.933937e-12
2.644718e+01,1.842831e-11,8.828642e-10,8.828642e-12
2.644970e+01,1.862662e-11,8.750787e-10,8.750787e-12
2.645221e+01,1.884753e-11,8.703180e-10,8.703180e-12
2.645472e+01,1.909068e-11,8.687849e-10,8.687849e-12
2.645724e+01,1.935575e-11,8.706099e-10,8.706099e-12
2.645975e+01,1.964184e-11,8.758228e-10,8.758228e-12
2.646226e+01,1.994701e-11,8.843248e-10,8.843248e-12
2.646478e+01,2.026861e-11,8.958842e-10,8.958842e-12
2.646729e+01,2.060341e-11,9.101245e-10,9.101245e-12
2.646980e+01,2.094685e-11,9.265080e-10,9.265080e-12
2.647232e+01,2.129331e-11,9.443473e-10,9.443473e-12
2.647483e+01,2.163656e-11,9.628367e-10,9.628367e-12
2.647734e+01,2.196925e-11,9.810824e-10,9.810824e-12
2.647986e+01,2.228349e-11,9.981469e-10,9.981469e-12
2.648237e+01,2.257121e-11,1.013107e-09,1.013107e-11
2.648488e+01,2.282448e-11,1.025105e-09,1.025105e-11
2.648740e+01,2.303586e-11,1.033403e-09,1.033403e-11
2.648991e+01,2.319851e-11,1.037425e-09,1.037425e-11
2.649242e+01,2.330694e-11,1.036805e-09,1.036805e-11
2.649494e+01,2.335753e-11,1.031420e-09,1.031420e-11
2.649745e+01,2.334870e-11,1.021409e-09,1.021409e-11
2.649996e+01,2.328082e-11,1.007176e-09,1.007176e-11
2.650248e+01,2.315685e-11,9.893912e-10,9.893912e-12
2.650499e+01,2.298237e-11,9.689614e-10,9.689614e-12
2.650750e+01,2.276486e-11,9.469829e-10,9.469829e-12
2.651002e+01,2.251391e-11,9.246737e-10,9.246737e-12
2.651253e+01,2.224072e-11,9.032925e-10,9.032925e-12
2.651504e+01,2.195747e-11,8.840280e-10,8.840280e-12
2.651756e+01,2.167691e-11,8.678852e-10,8.678852e-12
2.652007e+01,2.141183e-11,8.556013e-10,8.556013e-12
2.652258e+01,2.117410e-11,8.475810e-10,8.475810e-12
2.652510e+01,2.097419e-11,8.438707e-10,8.438707e-12
2.652761e+01,2.082070e-11,8.441969e-10,8.441969e-12
2.653012e+01,2.071979e-11,8.480610e-10,8.480610e-12
2.653263e+01,2.067503e-11,8.548397e-10,8.548397e-12
2.653515e+01,2.068707e-11,8.638676e-10,8.638676e-12
2.653766e+01,2.075367e-11,8.745272e-10,8.745272e-12
2.654017e+01,2.086957e-11,8.863098e-10,8.863098e-12
2.654269e+01,2.102700e-11,8.988180e-10,8.988180e-12
2.654520e+01,2.121626e-11,9.117551e-10,9.117551e-12
2.654771e+01,2.142566e-11,9.249003e-10,9.249003e-12
2.655023e+01,2.164236e-11,9.380688e-10,9.380688e-12
2.655274e+01,2.185309e-11,9.510762e-10,9.510762e-12
2.655525e+01,2.204472e-11,9.636892e-10,9.636892e-12
2.655777e+01,2.220440e-11,9.755923e-10,9.755923e-12
2.656028e+01,2.232045e-11,9.863933e-10,9.863933e-12
2.656279e+01,2.238279e-11,9.956252e-10,9.956252e-12
2.656531e+01,2.238272e-11,1.002740e-09,1.002740e-11
2.656782e+01,2.231386e-11,1.007138e-09,1.007138e-11
2.657033e+01,2.217152e-11,1.008202e-09,1.008202e-11
2.657285e+01,2.195279e-11,1.005332e-09,1.005332e-11
2.657536e+01,2.165690e-11,9.979771e-10,9.979771e-12
2.657787e+01,2.128450e-11,9.856713e-10,9.856713e-12
2.658039e+01,2.083764e-11,9.680623e-10,9.680623e-12
2.658290e+01,2.031952e-11,9.449518e-10,9.449518e-12
2.658541e+01,1.973473e-11,9.163225e-10,9.163225e-12
2.658793e+01,1.908878e-11,8.823418e-10,8.823418e-12
2.659044e+01,1.838751e-11,8.433615e-10,8.433615e-12
2.659295e+01,1.763758e-11,7.999285e-10,7.999285e-12
2.659547e+01,1.684653e-11,7.527890e-10,7.527890e-12
2.659798e+01,1.602266e-11,7.028661e-10,7.028661e-12
2.660049e+01,1.517517e-11,6.512328e-10,6.512328e-12
2.660301e+01,1.431406e-11,5.990905e-10,5.990905e-12
2.660552e+01,1.344999e-11,5.477323e-10,5.477323e-12
2.660803e+01,1.259474e-11,4.984931e-10,4.984931e-12
2.661055e+01,1.176113e-11,4.526846e-10,4.526846e-12
2.661306e+01,1.096262e-11,4.114955e-10,4.114955e-12
2.661557e+01,1.021305e-11,3.758614e-10,3.758614e-12
2.661809e+01,9.526991e-12,3.463240e-10,3.463240e-12
2.662060e+01,8.919105e-12,3.229012e-10,3.229012e-12
2.662311e+01,8.403297e-12,3.050630e-10,3.050630e-12
2.662563e+01,7.992860e-12,2.918807e-10,2.918807e-12
2.662814e+01,7.699807e-12,2.823124e-10,2.823124e-12
2.663065e+01,7.534264e-12,2.755566e-10,2.755566e-12
2.663317e+01,7.503936e-12,2.713774e-10,2.713774e-12
2.663568e+01,7.613811e-12,2.703100e-10,2.703100e-12
2.663819e+01,7.865853e-12,2.736727e-10,2.736727e-12
2.664071e+01,8.258089e-12,2.833181e-10,2.833181e-12
2.664322e+01,8.785346e-12,3.011289e-10,3.011289e-12
2.664573e+01,9.438894e-12,3.284042e-10,3.284042e-12
2.664825e+01,1.020595e-11,3.654699e-10,3.654699e-12
2.665076e+01,1.107092e-11,4.117183e-10,4.117183e-12
2.665327e+01,1.201507e-11,4.659073e-10,4.659073e-12
2.665579e+01,1.301722e-11,5.264785e-10,5.264785e-12
2.665830e+01,1.405483e-11,5.917835e-10,5.917835e-12
2.666081e+01,1.510422e-11,6.602074e-10,6.602074e-12
2.666333e+01,1.614142e-11,7.302287e-10,7.302287e-12
2.666584e+01,1.714281e-11,8.004492e-10,8.004492e-12
2.666835e+01,1.808642e-11,8.696139e-10,8.696139e-12
2.667086e+01,1.895240e-11,9.366215e-10,9.366215e-12
2.667338e+01,1.972342e-11,1.000525e-09,1.000525e-11
2.667589e+01,2.038548e-11,1.060528e-09,1.060528e-11
2.667840e+01,2.092811e-11,1.115975e-09,1.115975e-11
2.668092e+01,2.134503e-11,1.166327e-09,1.166327e-11
2.668343e+01,2.163394e-11,1.211138e-09,1.211138e-11
2.668594e+01,2.179647e-11,1.250022e-09,1.250022e-11
2.668846e+01,2.183820e-11,1.282622e-09,1.282622e-11
2.669097e+01,2.176826e-11,1.308588e-09,1.308588e-11
2.669348e+01,2.159910e-11,1.327554e-09,1.327554e-11
2.669600e+01,2.134544e-11,1.339142e-09,1.339142e-11
2.669851e+01,2.102388e-11,1.342964e-09,1.342964e-11
2.670102e+01,2.065240e-11,1.338660e-09,1.338660e-11
2.670354e+01,2.024913e-11,1.325938e-09,1.325938e-11
2.670605e+01,1.983222e-11,1.304643e-09,1.304643e-11
2.670856e+01,1.941884e-11,1.274830e-09,1.274830e-11
2.671108e+01,1.902424e-11,1.236844e-09,1.236844e-11
2.671359e+01,1.866190e-11,1.191415e-09,1.191415e-11
2.671610e+01,1.834282e-11,1.139743e-09,1.139743e-11
2.671862e+01,1.807515e-11,1.083580e-09,1.083580e-11
2.672113e+01,1.786404e-11,1.025294e-09,1.025294e-11
2.672364e+01,1.771196e-11,9.678795e-10,9.678795e-12
2.672616e+01,1.761880e-11,9.148688e-10,9.148688e-12
2.672867e+01,1.758198e-11,8.700580e-10,8.700580e-12
2.673118e+01,1.759712e-11,8.369742e-10,8.369742e-12
2.673370e+01,1.765831e-11,8.181247e-10,8.181247e-12
2.673621e+01,1.775873e-11,8.142608e-10,8.142608e-12
2.673872e+01,1.789129e-11,8.240432e-10,8.240432e-12
2.674124e+01,1.804904e-11,8.443441e-10,8.443441e-12
2.674375e+01,1.822560e-11,8.710157e-10,8.710157e-12
2.674626e+01,1.841593e-11,8.997366e-10,8.997366e-12
2.674878e+01,1.861627e-11,9.266473e-10,9.266473e-12
2.675129e+01,1.882426e-11,9.487117e-10,9.487117e-12
2.675380e+01,1.903962e-11,9.638882e-10,9.638882e-12
2.675632e+01,1.926363e-11,9.711917e-10,9.711917e-12
2.675883e+01,1.949904e-11,9.707043e-10,9.707043e-12
2.676134e+01,1.974978e-11,9.635616e-10,9.635616e-12
2.676386e+01,2.002039e-11,9.519041e-10,9.519041e-12
2.676637e+01,2.031598e-11,9.387665e-10,9.387665e-12
2.676888e+01,2.064174e-11,9.278415e-10,9.278415e-12
2.677140e+01,2.100207e-11,9.230551e-10,9.230551e-12
2.677391e+01,2.140034e-11,9.279586e-10,9.279586e-12
2.677642e+01,2.183848e-11,9.450380e-10,9.450380e-12
2.677894e+01,2.231648e-11,9.751838e-10,9.751838e-12
2.678145e+01,2.283250e-11,1.017552e-09,1.017552e-11
2.678396e+01,2.338244e-11,1.069851e-09,1.069851e-11
2.678648e+01,2.396000e-11,1.128894e-09,1.128894e-11
2.678899e+01,2.455687e-11,1.191170e-09,1.191170e-11
2.679150e+01,2.516280e-11,1.253275e-09,1.253275e-11
2.679402e+01,2.576600e-11,1.312171e-09,1.312171e-11
2.679653e+01,2.635357e-11,1.365320e-09,1.365320e-11
2.679904e+01,2.691196e-11,1.410731e-09,1.410731e-11
2.680156e+01,2.742716e-11,1.446964e-09,1.446964e-11
2.680407e+01,2.788553e-11,1.473096e-09,1.473096e-11
2.680658e+01,2.827443e-11,1.488690e-09,1.488690e-11
2.680910e+01,2.858230e-11,1.493744e-09,1.493744e-11
2.681161e+01,2.879898e-11,1.488635e-09,1.488635e-11
2.681412e+01,2.891641e-11,1.474071e-09,1.474071e-11
2.681663e+01,2.892872e-11,1.451031e-09,1.451031e-11
2.681915e+01,2.883242e-11,1.420709e-09,1.420709e-11
2.682166e+01,2.862657e-11,1.384452e-09,1.384452e-11
2.682417e+01,2.831223e-11,1.343691e-09,1.343691e-11
2.682669e+01,2.789285e-11,1.299871e-09,1.299871e-11
2.682920e+01,2.737448e-11,1.254400e-09,1.254400e-11
2.683171e+01,2.676484e-11,1.208578e-09,1.208578e-11
2.683423e+01,2.607311e-11,1.163528e-09,1.163528e-11
2.683674e+01,2.530994e-11,1.120146e-09,1.120146e-11
2.683925e+01,2.448704e-11,1.079079e-09,1.079079e-11
2.684177e+01,2.361692e-11,1.040711e-09,1.040711e-11
2.684428e+01,2.271248e-11,1.005162e-09,1.005162e-11
2.684679e+01,2.178633e-11,9.723171e-10,9.723171e-12
2.684931e+01,2.085086e-11,9.418991e-10,9.418991e-12
2.685182e+01,1.991849e-11,9.135370e-10,9.135370e-12
2.685433e+01,1.900072e-11,8.868203e-10,8.868203e-12
2.685685e+01,1.810802e-11,8.613596e-10,8.613596e-12
2.685936e+01,1.724996e-11,8.368433e-10,8.368433e-12
2.686187e+01,1.643482e-11,8.130720e-10,8.130720e-12
2.686439e+01,1.566985e-11,7.899650e-10,7.899650e-12
2.686690e+01,1.496096e-11,7.675486e-10,7.675486e-12
2.686941e+01,1.431251e-11,7.459440e-10,7.459440e-12
2.687193e+01,1.372762e-11,7.253488e-10,7.253488e-12
2.687444e+01,1.320840e-11,7.059942e-10,7.059942e-12
2.687695e+01,1.275548e-11,6.880950e-10,6.880950e-12
2.687947e+01,1.236818e-11,6.718292e-10,6.718292e-12
2.688198e+01,1.204475e-11,6.573214e-10,6.573214e-12
2.688449e+01,1.178238e-11,6.446143e-10,6.446143e-12
2.688701e+01,1.157741e-11,6.336632e-10,6.336632e-12
2.688952e+01,1.142539e-11,6.243531e-10,6.243531e-12
2.689203e+01,1.132125e-11,6.165028e-10,6.165028e-12
2.689455e+01,1.125920e-11,6.098774e-10,6.098774e-12
2.689706e+01,1.123308e-11,6.042227e-10,6.042227e-12
2.689957e+01,1.123678e-11,5.992783e-10,5.992783e-12
2.690209e+01,1.126380e-11,5.947816e-10,5.947816e-12
2.690460e+01,1.130783e-11,5.905007e-10,5.905007e-12
2.690711e+01,1.136311e-11,5.862388e-10,5.862388e-12
2.690963e+01,1.142375e-11,5.818115e-10,5.818115e-12
2.691214e+01,1.148443e-11,5.770646e-10,5.770646e-12
2.691465e+01,1.154084e-11,5.718819e-10,5.718819e-12
2.691717e+01,1.158898e-11,5.661675e-10,5.661675e-12
2.691968e+01,1.162571e-11,5.598551e-10,5.598551e-12
2.692219e+01,1.164896e-11,5.529061e-10,5.529061e-12
2.692471e+01,1.165708e-11,5.452939e-10,5.452939e-12
2.692722e+01,1.164948e-11,5.370190e-10,5.370190e-12
2.692973e+01,1.162660e-11,5.281167e-10,5.281167e-12
2.693225e+01,1.158936e-11,5.186379e-10,5.186379e-12
2.693476e+01,1.153952e-11,5.086497e-10,5.086497e-12
2.693727e+01,1.147954e-11,4.982444e-10,4.982444e-12
2.693979e+01,1.141215e-11,4.875333e-10,4.875333e-12
2.694230e+01,1.134054e-11,4.766510e-10,4.766510e-12
2.694481e+01,1.126842e-11,4.657606e-10,4.657606e-12
2.694733e+01,1.119915e-11,4.550449e-10,4.550449e-12
2.694984e+01,1.113634e-11,4.447216e-10,4.447216e-12
2.695235e+01,1.108387e-11,4.350556e-10,4.350556e-12
2.695486e+01,1.104461e-11,4.263415e-10,4.263415e-12
2.695738e+01,1.102127e-11,4.189199e-10,4.189199e-12
2.695989e+01,1.101670e-11,4.131821e-10,4.131821e-12
2.696240e+01,1.103292e-11,4.095304e-10,4.095304e-12
2.696492e+01,1.107111e-11,4.083528e-10,4.083528e-12
2.696743e+01,1.113217e-11,4.099931e-10,4.099931e-12
2.696994e+01,1.121653e-11,4.147050e-10,4.147050e-12
2.697246e+01,1.132374e-11,4.226072e-10,4.226072e-12
2.697497e+01,1.145304e-11,4.336506e-10,4.336506e-12
2.697748e+01,1.160307e-11,4.476125e-10,4.476125e-12
2.698000e+01,1.177184e-11,4.641122e-10,4.641122e-12
2.698251e+01,1.195738e-11,4.826418e-10,4.826418e-12
2.698502e+01,1.215741e-11,5.026015e-10,5.026015e-12
2.698754e+01,1.236937e-11,5.233396e-10,5.233396e-12
2.699005e+01,1.259078e-11,5.441976e-10,5.441976e-12
2.699256e+01,1.281925e-11,5.645387e-10,5.645387e-12
2.699508e+01,1.305235e-11,5.837737e-10,5.837737e-12
2.699759e+01,1.328817e-11,6.013881e-10,6.013881e-12
2.700010e+01,1.352492e-11,6.169555e-10,6.169555e-12
2.700262e+01,1.376094e-11,6.301488e-10,6.301488e-12
2.700513e+01,1.399525e-11,6.407538e-10,6.407538e-12
2.700764e+01,1.422703e-11,6.486688e-10,6.486688e-12
2.701016e+01,1.445542e-11,6.539034e-10,6.539034e-12
2.701267e+01,1.468012e-11,6.565776e-10,6.565776e-12
2.701518e+01,1.490106e-11,6.569078e-10,6.569078e-12
2.701770e+01,1.511766e-11,6.551903e-10,6.551903e-12
2.702021e+01,1.532951e-11,6.517876e-10,6.517876e-12
2.702272e+01,1.553604e-11,6.471048e-10,6.471048e-12
2.702524e+01,1.573624e-11,6.415646e-10,6.415646e-12
2.702775e+01,1.592894e-11,6.355831e-10,6.355831e-12
2.703026e+01,1.611244e-11,6.295446e-10,6.295446e-12
2.703278e+01,1.628465e-11,6.237824e-10,6.237824e-12
2.703529e+01,1.644328e-11,6.185709e-10,6.185709e-12
2.703780e+01,1.658595e-11,6.141200e-10,6.141200e-12
2.704032e+01,1.670965e-11,6.105686e-10,6.105686e-12
2.704283e+01,1.681169e-11,6.080045e-10,6.080045e-12
2.704534e+01,1.689034e-11,6.064872e-10,6.064872e-12
2.704786e+01,1.694389e-11,6.060563e-10,6.060563e-12
2.705037e+01,1.697112e-11,6.067526e-10,6.067526e-12
2.705288e+01,1.697229e-11,6.086410e-10,6.086410e-12
2.705540e+01,1.694884e-11,6.118087e-10,6.118087e-12
2.705791e+01,1.690307e-11,6.163538e-10,6.163538e-12
2.706042e+01,1.683882e-11,6.223860e-10,6.223860e-12
2.706294e+01,1.676133e-11,6.300116e-10,6.300116e-12
2.706545e+01,1.667675e-11,6.392946e-10,6.392946e-12
2.706796e+01,1.659221e-11,6.502489e-10,6.502489e-12
2.707048e+01,1.651570e-11,6.628378e-10,6.628378e-12
2.707299e+01,1.645544e-11,6.769400e-10,6.769400e-12
2.707550e+01,1.641944e-11,6.923498e-10,6.923498e-12
2.707802e+01,1.641535e-11,7.088136e-10,7.088136e-12
2.708053e+01,1.645022e-11,7.260444e-10,7.260444e-12
2.708304e+01,1.652972e-11,7.437331e-10,7.437331e-12
2.708556e+01,1.665793e-11,7.615769e-10,7.615769e-12
2.708807e+01,1.683721e-11,7.793006e-10,7.793006e-12
2.709058e+01,1.706772e-11,7.966632e-10,7.966632e-12
2.709310e+01,1.734755e-11,8.134686e-10,8.134686e-12
2.709561e+01,1.767274e-11,8.295699e-10,8.295699e-12
2.709812e+01,1.803713e-11,8.448563e-10,8.448563e-12
2.710063e+01,1.843238e-11,8.592379e-10,8.592379e-12
2.710315e+01,1.884856e-11,8.726379e-10,8.726379e-12
2.710566e+01,1.927468e-11,8.849809e-10,8.849809e-12
2.710817e+01,1.969855e-11,8.961701e-10,8.961701e-12
2.711069e+01,2.010704e-11,9.060622e-10,9.060622e-12
2.711320e+01,2.048695e-11,9.144701e-10,9.144701e-12
2.711571e+01,2.082576e-11,9.211804e-10,9.211804e-12
2.711823e+01,2.111168e-11,9.259472e-10,9.259472e-12
2.712074e+01,2.133384e-11,9.284906e-10,9.284906e-12
2.712325e+01,2.148291e-11,9.285243e-10,9.285243e-12
2.712577e+01,2.155146e-11,9.257747e-10,9.257747e-12
2.712828e+01,2.153418e-11,9.199981e-10,9.199981e-12
2.713079e+01,2.142803e-11,9.110083e-10,9.110083e-12
2.713331e+01,2.123234e-11,8.986842e-10,8.986842e-12
2.713582e+01,2.094844e-11,8.829825e-10,8.829825e-12
2.713833e+01,2.058030e-11,8.639664e-10,8.639664e-12
2.714085e+01,2.013423e-11,8.418009e-10,8.418009e-12
2.714336e+01,1.961818e-11,8.167436e-10,8.167436e-12
2.714587e+01,1.904181e-11,7.891493e-10,7.891493e-12
2.714839e+01,1.841637e-11,7.594544e-10,7.594544e-12
2.715090e+01,1.775387e-11,7.281590e-10,7.281590e-12
2.715341e+01,1.706707e-11,6.958142e-10,6.958142e-12
2.715593e+01,1.636907e-11,6.629921e-10,6.629921e-12
2.715844e+01,1.567224e-11,6.302635e-10,6.302635e-12
2.716095e+01,1.498863e-11,5.981816e-10,5.981816e-12
2.716347e+01,1.432919e-11,5.672515e-10,5.672515e-12
2.716598e+01,1.370299e-11,5.379135e-10,5.379135e-12
2.716849e+01,1.311766e-11,5.105371e-10,5.105371e-12
2.717101e+01,1.257851e-11,4.854025e-10,4.854025e-12
2.717352e+01,1.208862e-11,4.626842e-10,4.626842e-12
2.717603e+01,1.164913e-11,4.424482e-10,4.424482e-12
2.717855e+01,1.125885e-11,4.246477e-10,4.246477e-12
2.718106e+01,1.091443e-11,4.091147e-10,4.091147e-12
2.718357e+01,1.061093e-11,3.955658e-10,3.955658e-12
2.718609e+01,1.034214e-11,3.836211e-10,3.836211e-12
2.718860e+01,1.010080e-11,3.728344e-10,3.728344e-12
2.719111e+01,9.879318e-12,3.627353e-10,3.627353e-12
2.719363e+01,9.670298e-12,3.528748e-10,3.528748e-12
2.719614e+01,9.466816e-12,3.428756e-10,3.428756e-12
2.719865e+01,9.263028e-12,3.324809e-10,3.324809e-12
2.720117e+01,9.054706e-12,3.215885e-10,3.215885e-12
2.720368e+01,8.839613e-12,3.102649e-10,3.102649e-12
2.720619e+01,8.617399e-12,2.987381e-10,2.987381e-12
2.720871e+01,8.389838e-12,2.873691e-10,2.873691e-12
2.721122e+01,8.161291e-12,2.765971e-10,2.765971e-12
2.721373e+01,7.937841e-12,2.668506e-10,2.668506e-12
2.721625e+01,7.727383e-12,2.584591e-10,2.584591e-12
2.721876e+01,7.539616e-12,2.515893e-10,2.515893e-12
2.722127e+01,7.385073e-12,2.462129e-10,2.462129e-12
2.722379e+01,7.274684e-12,2.421459e-10,2.421459e-12
2.722630e+01,7.219450e-12,2.391653e-10,2.391653e-12
2.722881e+01,7.229904e-12,2.371623e-10,2.371623e-12
2.723133e+01,7.315429e-12,2.362991e-10,2.362991e-12
2.723384e+01,7.484055e-12,2.371278e-10,2.371278e-12
2.723635e+01,7.741494e-12,2.406173e-10,2.406173e-12
2.723886e+01,8.091448e-12,2.480548e-10,2.480548e-12
2.724138e+01,8.535608e-12,2.607761e-10,2.607761e-12
2.724389e+01,9.072666e-12,2.797971e-10,2.797971e-12
2.724640e+01,9.699017e-12,3.055441e-10,3.055441e-12
2.724892e+01,1.040866e-11,3.377916e-10,3.377916e-12
2.725143e+01,1.119326e-11,3.757889e-10,3.757889e-12
2.725394e+01,1.204274e-11,4.184771e-10,4.184771e-12
2.725646e+01,1.294549e-11,4.646721e-10,4.646721e-12
2.725897e+01,1.388844e-11,5.131812e-10,5.131812e-12
2.726148e+01,1.485728e-11,5.628742e-10,5.628742e-12
2.726400e+01,1.583736e-11,6.127193e-10,6.127193e-12
2.726651e+01,1.681400e-11,6.617955e-10,6.617955e-12
2.726902e+01,1.777260e-11,7.092935e-10,7.092935e-12
2.727154e+01,1.869909e-11,7.545105e-10,7.545105e-12
2.727405e+01,1.958027e-11,7.968453e-10,7.968453e-12
2.727656e+01,2.040425e-11,8.357956e-10,8.357956e-12
2.727908e+01,2.116070e-11,8.709527e-10,8.709527e-12
2.728159e+01,2.184116e-11,9.020001e-10,9.020001e-12
2.728410e+01,2.243940e-11,9.287142e-10,9.287142e-12
2.728662e+01,2.295125e-11,9.509648e-10,9.509648e-12
2.728913e+01,2.337545e-11,9.687168e-10,9.687168e-12
2.729164e+01,2.371329e-11,9.820302e-10,9.820302e-12
2.729416e+01,2.396831e-11,9.910608e-10,9.910608e-12
2.729667e+01,2.414697e-11,9.960607e-10,9.960607e-12
2.729918e+01,2.425806e-11,9.973727e-10,9.973727e-12
2.730170e+01,2.431254e-11,9.954221e-10,9.954221e-12
2.730421e+01,2.432329e-11,9.907071e-10,9.907071e-12
2.730672e+01,2.430447e-11,9.837880e-10,9.837880e-12
2.730924e+01,2.427123e-11,9.752781e-10,9.752781e-12
2.731175e+01,2.423912e-11,9.658325e-10,9.658325e-12
2.731426e+01,2.422354e-11,9.561417e-10,9.561417e-12
2.731678e+01,2.423915e-11,9.469189e-10,9.469189e-12
2.731929e+01,2.429914e-11,9.388864e-10,9.388864e-12
2.732180e+01,2.441510e-11,9.327670e-10,9.327670e-12
2.732432e+01,2.459635e-11,9.292594e-10,9.292594e-12
2.732683e+01,2.484931e-11,9.290086e-10,9.290086e-12
2.732934e+01,2.517771e-11,9.325852e-10,9.325852e-12
2.733186e+01,2.558264e-11,9.404537e-10,9.404537e-12
2.733437e+01,2.606221e-11,9.529311e-10,9.529311e-12
2.733688e+01,2.661140e-11,9.701669e-10,9.701669e-12
2.733940e+01,2.722311e-11,9.921514e-10,9.921514e-12
2.734191e+01,2.788841e-11,1.018720e-09,1.018720e-11
2.734442e+01,2.859617e-11,1.049555e-09,1.049555e-11
2.734694e+01,2.933417e-11,1.084224e-09,1.084224e-11
2.734945e+01,3.008995e-11,1.122212e-09,1.122212e-11
2.735196e+01,3.085016e-11,1.162938e-09,1.162938e-11
2.735448e+01,3.160145e-11,1.205771e-09,1.205771e-11
2.735699e+01,3.233144e-11,1.250058e-09,1.250058e-11
2.735950e+01,3.302825e-11,1.295127e-09,1.295127e-11
2.736202e+01,3.368082e-11,1.340274e-09,1.340274e-11
2.736453e+01,3.427886e-11,1.384775e-09,1.384775e-11
2.736704e+01,3.481355e-11,1.427912e-09,1.427912e-11
2.736956e+01,3.527734e-11,1.468968e-09,1.468968e-11
2.737207e+01,3.566315e-11,1.507234e-09,1.507234e-11
2.737458e+01,3.596550e-11,1.542048e-09,1.542048e-11
2.737710e+01,3.618007e-11,1.572825e-09,1.572825e-11
2.737961e+01,3.630335e-11,1.599082e-09,1.599082e-11
2.738212e+01,3.633343e-11,1.620466e-09,1.620466e-11
2.738463e+01,3.626944e-11,1.636794e-09,1.636794e-11
2.738715e+01,3.611204e-11,1.648084e-09,1.648084e-11
2.738966e+01,3.586381e-11,1.654549e-09,1.654549e-11
2.739217e+01,3.552840e-11,1.656579e-09,1.656579e-11
2.739469e+01,3.511143e-11,1.654755e-09,1.654755e-11
2.739720e+01,3.462098e-11,1.649814e-09,1.649814e-11
2.739971e+01,3.406672e-11,1.642560e-09,1.642560e-11
2.740223e+01,3.346035e-11,1.633824e-09,1.633824e-11
2.740474e+01,3.281564e-11,1.624390e-09,1.624390e-11
2.740725e+01,3.214734e-11,1.614894e-09,1.614894e-11
2.740977e+01,3.147121e-11,1.605775e-09,1.605775e-11
2.741228e+01,3.080426e-11,1.597270e-09,1.597270e-11
2.741479e+01,3.016348e-11,1.589385e-09,1.589385e-11
2.741731e+01,2.956482e-11,1.581907e-09,1.581907e-11
2.741982e+01,2.902311e-11,1.574475e-09,1.574475e-11
2.742233e+01,2.855130e-11,1.566679e-09,1.566679e-11
2.742485e+01,2.815984e-11,1.558150e-09,1.558150e-11
2.742736e+01,2.785637e-11,1.548624e-09,1.548624e-11
2.742987e+01,2.764488e-11,1.538002e-09,1.538002e-11
2.743239e+01,2.752513e-11,1.526376e-09,1.526376e-11
2.743490e+01,2.749303e-11,1.514034e-09,1.514034e-11
2.743741e+01,2.754089e-11,1.501420e-09,1.501420e-11
2.743993e+01,2.765727e-11,1.489051e-09,1.489051e-11
2.744244e+01,2.782719e-11,1.477409e-09,1.477409e-11
2.744495e+01,2.803319e-11,1.466862e-09,1.466862e-11
2.744747e+01,2.825579e-11,1.457570e-09,1.457570e-11
2.744998e+01,2.847403e-11,1.449409e-09,1.449409e-11
2.745249e+01,2.866703e-11,1.441958e-09,1.441958e-11
2.745501e+01,2.881440e-11,1.434515e-09,1.434515e-11
2.745752e+01,2.889670e-11,1.426167e-09,1.426167e-11
2.746003e+01,2.889704e-11,1.415895e-09,1.415895e-11
2.746255e+01,2.880131e-11,1.402677e-09,1.402677e-11
2.746506e+01,2.859889e-11,1.385596e-09,1.385596e-11
2.746757e+01,2.828327e-11,1.363935e-09,1.363935e-11
2.747009e+01,2.785176e-11,1.337245e-09,1.337245e-11
2.747260e+01,2.730610e-11,1.305392e-09,1.305392e-11
2.747511e+01,2.665238e-11,1.268593e-09,1.268593e-11
2.747763e+01,2.590034e-11,1.227400e-09,1.227400e-11
2.748014e+01,2.506339e-11,1.182677e-09,1.182677e-11
2.748265e+01,2.415807e-11,1.135563e-09,1.135563e-11
2.748517e+01,2.320330e-11,1.087413e-09,1.087413e-11
2.748768e+01,2.221987e-11,1.039716e-09,1.039716e-11
2.749019e+01,2.122954e-11,9.939760e-10,9.939760e-12
2.749271e+01,2.025422e-11,9.515999e-10,9.515999e-12
2.749522e+01,1.931565e-11,9.137831e-10,9.137831e-12
2.749773e+01,1.843450e-11,8.813811e-10,8.813811e-12
2.750025e+01,1.762940e-11,8.548177e-10,8.548177e-12
2.750276e+01,1.691680e-11,8.340640e-10,8.340640e-12
2.750527e+01,1.631037e-11,8.186757e-10,8.186757e-12
2.750779e+01,1.582064e-11,8.079078e-10,8.079078e-12
2.751030e+01,1.545491e-11,8.008790e-10,8.008790e-12
2.751281e+01,1.521688e-11,7.967241e-10,7.967241e-12
2.751533e+01,1.510678e-11,7.947274e-10,7.947274e-12
2.751784e+01,1.512128e-11,7.944104e-10,7.944104e-12
2.752035e+01,1.525395e-11,7.955679e-10,7.955679e-12
2.752286e+01,1.549562e-11,7.982627e-10,7.982627e-12
2.752538e+01,1.583434e-11,8.027501e-10,8.027501e-12
2.752789e+01,1.625617e-11,8.093748e-10,8.093748e-12
2.753040e+01,1.674560e-11,8.184787e-10,8.184787e-12
2.753292e+01,1.728605e-11,8.302872e-10,8.302872e-12
2.753543e+01,1.786048e-11,8.448075e-10,8.448075e-12
2.753794e+01,1.845166e-11,8.617838e-10,8.617838e-12
2.754046e+01,1.904297e-11,8.807039e-10,8.807039e-12
2.754297e+01,1.961894e-11,9.008410e-10,9.008410e-12
2.754548e+01,2.016549e-11,9.213226e-10,9.213226e-12
2.754800e+01,2.067044e-11,9.412174e-10,9.412174e-12
2.755051e+01,2.112353e-11,9.596198e-10,9.596198e-12
2.755302e+01,2.151679e-11,9.757282e-10,9.757282e-12
2.755554e+01,2.184531e-11,9.889099e-10,9.889099e-12
2.755805e+01,2.210661e-11,9.987249e-10,9.987249e-12
2.756056e+01,2.230050e-11,1.004937e-09,1.004937e-11
2.756308e+01,2.242962e-11,1.007516e-09,1.007516e-11
2.756559e+01,2.249902e-11,1.006623e-09,1.006623e-11
2.756810e+01,2.251602e-11,1.002568e-09,1.002568e-11
2.757062e+01,2.248982e-11,9.957863e-10,9.957863e-12
2.757313e+01,2.243127e-11,9.867915e-10,9.867915e-12
2.757564e+01,2.235261e-11,9.761478e-10,9.761478e-12
2.757816e+01,2.226692e-11,9.644601e-10,9.644601e-12
2.758067e+01,2.218770e-11,9.523721e-10,9.523721e-12
2.758318e+01,2.212841e-11,9.405773e-10,9.405773e-12
2.758570e+01,2.210198e-11,9.298546e-10,9.298546e-12
2.758821e+01,2.212058e-11,9.211104e-10,9.211104e-12
2.759072e+01,2.219495e-11,9.153920e-10,9.153920e-12
2.759324e+01,2.233383e-11,9.138717e-10,9.138717e-12
2.759575e+01,2.254398e-11,9.177957e-10,9.177957e-12
2.759826e+01,2.282971e-11,9.283648e-10,9.283648e-12
2.760078e+01,2.319234e-11,9.465705e-10,9.465705e-12
2.760329e+01,2.363056e-11,9.730264e-10,9.730264e-12
2.760580e+01,2.414067e-11,1.007825e-09,1.007825e-11
2.760832e+01,2.471583e-11,1.050457e-09,1.050457e-11
2.761083e+01,2.534653e-11,1.099828e-09,1.099828e-11
2.761334e+01,2.602158e-11,1.154360e-09,1.154360e-11
2.761586e+01,2.672737e-11,1.212116e-09,1.212116e-11
2.761837e+01,2.744917e-11,1.270953e-09,1.270953e-11
2.762088e+01,2.817186e-11,1.328665e-09,1.328665e-11
2.762340e+01,2.887971e-11,1.383103e-09,1.383103e-11
2.762591e+01,2.955771e-11,1.432278e-09,1.432278e-11
2.762842e+01,3.019181e-11,1.474441e-09,1.474441e-11
2.763094e+01,3.076937e-11,1.508149e-09,1.508149e-11
2.763345e+01,3.128018e-11,1.532333e-09,1.532333e-11
2.763596e+01,3.171679e-11,1.546338e-09,1.546338e-11
2.763848e+01,3.207435e-11,1.549949e-09,1.549949e-11
2.764099e+01,3.235089e-11,1.543413e-09,1.543413e-11
2.764350e+01,3.254793e-11,1.527445e-09,1.527445e-11
2.764602e+01,3.266982e-11,1.503208e-09,1.503208e-11
2.764853e+01,3.272381e-11,1.472285e-09,1.472285e-11
2.765104e+01,3.271938e-11,1.436612e-09,1.436612e-11
2.765356e+01,3.266747e-11,1.398380e-09,1.398380e-11
2.765607e+01,3.258065e-11,1.359919e-09,1.359919e-11
2.765858e+01,3.247216e-11,1.323529e-09,1.323529e-11
2.766109e+01,3.235479e-11,1.291275e-09,1.291275e-11
2.766361e+01,3.224044e-11,1.264798e-09,1.264798e-11
2.766612e+01,3.213980e-11,1.245148e-09,1.245148e-11
2.766863e+01,3.206136e-11,1.232676e-09,1.232676e-11
2.767115e+01,3.201107e-11,1.227051e-09,1.227051e-11
2.767366e+01,3.199233e-11,1.227370e-09,1.227370e-11
2.767617e+01,3.200606e-11,1.232354e-09,1.232354e-11
2.767869e+01,3.204974e-11,1.240567e-09,1.240567e-11
2.768120e+01,3.211801e-11,1.250613e-09,1.250613e-11
2.768371e+01,3.220368e-11,1.261312e-09,1.261312e-11
2.768623e+01,3.229715e-11,1.271783e-09,1.271783e-11
2.768874e+01,3.238731e-11,1.281459e-09,1.281459e-11
2.769125e+01,3.246299e-11,1.290089e-09,1.290089e-11
2.769377e+01,3.251276e-11,1.297683e-09,1.297683e-11
2.769628e+01,3.252517e-11,1.304413e-09,1.304413e-11
2.769879e+01,3.249024e-11,1.310525e-09,1.310525e-11
2.770131e+01,3.240016e-11,1.316267e-09,1.316267e-11
2.770382e+01,3.224950e-11,1.321805e-09,1.321805e-11
2.770633e+01,3.203543e-11,1.327158e-09,1.327158e-11
2.770885e+01,3.175820e-11,1.332164e-09,1.332164e-11
2.771136e+01,3.142134e-11,1.336496e-09,1.336496e-11
2.771387e+01,3.103145e-11,1.339675e-09,1.339675e-11
2.771639e+01,3.059805e-11,1.341127e-09,1.341127e-11
2.771890e+01,3.013314e-11,1.340246e-09,1.340246e-11
2.772141e+01,2.965104e-11,1.336471e-09,1.336471e-11
2.772393e+01,2.916767e-11,1.329354e-09,1.329354e-11
2.772644e+01,2.869970e-11,1.318632e-09,1.318632e-11
2.772895e+01,2.826410e-11,1.304294e-09,1.304294e-11
2.773147e+01,2.787710e-11,1.286631e-09,1.286631e-11
2.773398e+01,2.755379e-11,1.266286e-09,1.266286e-11
2.773649e+01,2.730772e-11,1.244292e-09,1.244292e-11
2.773901e+01,2.714976e-11,1.222083e-09,1.222083e-11
2.774152e+01,2.708782e-11,1.201467e-09,1.201467e-11
2.774403e+01,2.712674e-11,1.184558e-09,1.184558e-11
2.774655e+01,2.726762e-11,1.173616e-09,1.173616e-11
2.774906e+01,2.750800e-11,1.170832e-09,1.170832e-11
2.775157e+01,2.784184e-11,1.178042e-09,1.178042e-11
2.775409e+01,2.825941e-11,1.196427e-09,1.196427e-11
2.775660e+01,2.874781e-11,1.226303e-09,1.226303e-11
2.775911e+01,2.929153e-11,1.267041e-09,1.267041e-11
2.776163e+01,2.987261e-11,1.317147e-09,1.317147e-11
2.776414e+01,3.047100e-11,1.374451e-09,1.374451e-11
2.776665e+01,3.106565e-11,1.436358e-09,1.436358e-11
2.776917e+01,3.163481e-11,1.500076e-09,1.500076e-11
2.777168e+01,3.215684e-11,1.562813e-09,1.562813e-11
2.777419e+01,3.261109e-11,1.621908e-09,1.621908e-11
2.777671e+01,3.297782e-11,1.674931e-09,1.674931e-11
2.777922e+01,3.323929e-11,1.719752e-09,1.719752e-11
2.778173e+01,3.338038e-11,1.754593e-09,1.754593e-11
2.778425e+01,3.338886e-11,1.778053e-09,1.778053e-11
2.778676e+01,3.325567e-11,1.789132e-09,1.789132e-11
2.778927e+01,3.297522e-11,1.787238e-09,1.787238e-11
2.779179e+01,3.254566e-11,1.772190e-09,1.772190e-11
2.779430e+01,3.196905e-11,1.744206e-09,1.744206e-11
2.779681e+01,3.125112e-11,1.703881e-09,1.703881e-11
2.779933e+01,3.040076e-11,1.652151e-09,1.652151e-11
2.780184e+01,2.943047e-11,1.590256e-09,1.590256e-11
2.780435e+01,2.835564e-11,1.519685e-09,1.519685e-11
2.780686e+01,2.719374e-11,1.442113e-09,1.442113e-11
2.780938e+01,2.596406e-11,1.359342e-09,1.359342e-11
2.781189e+01,2.468733e-11,1.273233e-09,1.273233e-11
2.781440e+01,2.338493e-11,1.185640e-09,1.185640e-11
2.781692e+01,2.207776e-11,1.098349e-09,1.098349e-11
2.781943e+01,2.078613e-11,1.013016e-09,1.013016e-11
2.782194e+01,1.952911e-11,9.311215e-10,9.311215e-12
2.782446e+01,1.832380e-11,8.539335e-10,8.539335e-12
2.782697e+01,1.718502e-11,7.824733e-10,7.824733e-12
2.782948e+01,1.612471e-11,7.174967e-10,7.174967e-12
2.783200e+01,1.515222e-11,6.594863e-10,6.594863e-12
2.783451e+01,1.427394e-11,6.086576e-10,6.086576e-12
2.783702e+01,1.349323e-11,5.649755e-10,5.649755e-12
2.783954e+01,1.281093e-11,5.281841e-10,5.281841e-12
2.784205e+01,1.222536e-11,4.978584e-10,4.978584e-12
2.784456e+01,1.173281e-11,4.734755e-10,4.734755e-12
2.784708e+01,1.132795e-11,4.544876e-10,4.544876e-12
2.784959e+01,1.100432e-11,4.403906e-10,4.403906e-12
2.785210e+01,1.075478e-11,4.307871e-10,4.307871e-12
2.785462e+01,1.057207e-11,4.254130e-10,4.254130e-12
2.785713e+01,1.044885e-11,4.241195e-10,4.241195e-12
2.785964e+01,1.037849e-11,4.268330e-10,4.268330e-12
2.786216e+01,1.035519e-11,4.334924e-10,4.334924e-12
2.786467e+01,1.037372e-11,4.439718e-10,4.439718e-12
2.786718e+01,1.043001e-11,4.580184e-10,4.580184e-12
2.786970e+01,1.052077e-11,4.752267e-10,4.752267e-12
2.787221e+01,1.064325e-11,4.950451e-10,4.950451e-12
2.787472e+01,1.079560e-11,5.168058e-10,5.168058e-12
2.787724e+01,1.097597e-11,5.397695e-10,5.397695e-12
2.787975e+01,1.118224e-11,5.631799e-10,5.631799e-12
2.788226e+01,1.141223e-11,5.863141e-10,5.863141e-12
2.788478e+01,1.166328e-11,6.085136e-10,6.085136e-12
2.788729e+01,1.193199e-11,6.292018e-10,6.292018e-12
2.788980e+01,1.221424e-11,6.479000e-10,6.479000e-12
2.789232e+01,1.250527e-11,6.642279e-10,6.642279e-12
2.789483e+01,1.279964e-11,6.778922e-10,6.778922e-12
2.789734e+01,1.309177e-11,6.886793e-10,6.886793e-12
2.789986e+01,1.337602e-11,6.964440e-10,6.964440e-12
2.790237e+01,1.364667e-11,7.011041e-10,7.011041e-12
2.790488e+01,1.389895e-11,7.026401e-10,7.026401e-12
2.790740e+01,1.412907e-11,7.010933e-10,7.010933e-12
2.790991e+01,1.433432e-11,6.965775e-10,6.965775e-12
2.791242e+01,1.451377e-11,6.892907e-10,6.892907e-12
2.791494e+01,1.466775e-11,6.795141e-10,6.795141e-12
2.791745e+01,1.479859e-11,6.676290e-10,6.676290e-12
2.791996e+01,1.491048e-11,6.541300e-10,6.541300e-12
2.792248e+01,1.500870e-11,6.396150e-10,6.396150e-12
2.792499e+01,1.509984e-11,6.247707e-10,6.247707e-12
2.792750e+01,1.519135e-11,6.103647e-10,6.103647e-12
2.793002e+01,1.529137e-11,5.972362e-10,5.972362e-12
2.793253e+01,1.540794e-11,5.862628e-10,5.862628e-12
2.793504e+01,1.554861e-11,5.783211e-10,5.783211e-12
2.793756e+01,1.572030e-11,5.742531e-10,5.742531e-12
2.794007e+01,1.592843e-11,5.748177e-10,5.748177e-12
2.794258e+01,1.617682e-11,5.806330e-10,5.806330e-12
2.794509e+01,1.646742e-11,5.921235e-10,5.921235e-12
2.794761e+01,1.679980e-11,6.094792e-10,6.094792e-12
2.795012e+01,1.717183e-11,6.326311e-10,6.326311e-12
2.795263e+01,1.757920e-11,6.612320e-10,6.612320e-12
2.795515e+01,1.801511e-11,6.946633e-10,6.946633e-12
2.795766e+01,1.847156e-11,7.320774e-10,7.320774e-12
2.796017e+01,1.893903e-11,7.724360e-10,7.724360e-12
2.796269e+01,1.940699e-11,8.145446e-10,8.145446e-12
2.796520e+01,1.986437e-11,8.571045e-10,8.571045e-12
2.796771e+01,2.029997e-11,8.987708e-10,8.987708e-12
2.797023e+01,2.070351e-11,9.381988e-10,9.381988e-12
2.797274e+01,2.106536e-11,9.740919e-10,9.740919e-12
2.797525e+01,2.137722e-11,1.005259e-09,1.005259e-11
2.797777e+01,2.163289e-11,1.030660e-09,1.030660e-11
2.798028e+01,2.182785e-11,1.049448e-09,1.049448e-11
2.798279e+01,2.195990e-11,1.061009e-09,1.061009e-11
2.798531e+01,2.202923e-11,1.064994e-09,1.064994e-11
2.798782e+01,2.203783e-11,1.061338e-09,1.061338e-11
2.799033e+01,2.198997e-11,1.050276e-09,1.050276e-11
2.799285e+01,2.189160e-11,1.032355e-09,1.032355e-11
2.799536e+01,2.175010e-11,1.008419e-09,1.008419e-11
2.799787e+01,2.157418e-11,9.795802e-10,9.795802e-12
2.800039e+01,2.137300e-11,9.471722e-10,9.471722e-12
2.800290e+01,2.115583e-11,9.126943e-10,9.126943e-12
2.800541e+01,2.093156e-11,8.777259e-10,8.777259e-12
2.800793e+01,2.070838e-11,8.438177e-10,8.438177e-12
2.801044e+01,2.049375e-11,8.123747e-10,8.123747e-12
2.801295e+01,2.029358e-11,7.845196e-10,7.845196e-12
2.801547e+01,2.011168e-11,7.609688e-10,7.609688e-12
2.801798e+01,1.994987e-11,7.419723e-10,7.419723e-12
2.802049e+01,1.980846e-11,7.273159e-10,7.273159e-12
2.802301e+01,1.968565e-11,7.163834e-10,7.163834e-12
2.802552e+01,1.957773e-11,7.082836e-10,7.082836e-12
2.802803e+01,1.947968e-11,7.020042e-10,7.020042e-12
2.803055e+01,1.938506e-11,6.965530e-10,6.965530e-12
2.803306e+01,1.928709e-11,6.910664e-10,6.910664e-12
2.803557e+01,1.917842e-11,6.848654e-10,6.848654e-12
2.803809e+01,1.905158e-11,6.774836e-10,6.774836e-12
2.804060e+01,1.890066e-11,6.686744e-10,6.686744e-12
2.804311e+01,1.872073e-11,6.583848e-10,6.583848e-12
2.804563e+01,1.850813e-11,6.467239e-10,6.467239e-12
2.804814e+01,1.826146e-11,6.339452e-10,6.339452e-12
2.805065e+01,1.798153e-11,6.204225e-10,6.204225e-12
2.805317e+01,1.767110e-11,6.066259e-10,6.066259e-12
2.805568e+01,1.733510e-11,5.931124e-10,5.931124e-12
2.805819e+01,1.698086e-11,5.805113e-10,5.805113e-12
2.806071e+01,1.661684e-11,5.694910e-10,5.694910e-12
2.806322e+01,1.625270e-11,5.607254e-10,5.607254e-12
2.806573e+01,1.589933e-11,5.548442e-10,5.548442e-12
2.806825e+01,1.556729e-11,5.523630e-10,5.523630e-12
2.807076e+01,1.526726e-11,5.536245e-10,5.536245e-12
2.807327e+01,1.500916e-11,5.587514e-10,5.587514e-12
2.807579e+01,1.480133e-11,5.676189e-10,5.676189e-12
2.807830e+01,1.465066e-11,5.798765e-10,5.798765e-12
2.808081e+01,1.456214e-11,5.950035e-10,5.950035e-12
2.808333e+01,1.453854e-11,6.123654e-10,6.123654e-12
2.808584e+01,1.458033e-11,6.312820e-10,6.312820e-12
2.808835e+01,1.468638e-11,6.511030e-10,6.511030e-12
2.809086e+01,1.485330e-11,6.712412e-10,6.712412e-12
2.809338e+01,1.507587e-11,6.911905e-10,6.911905e-12
2.809589e+01,1.534773e-11,7.105480e-10,7.105480e-12
2.809840e+01,1.566114e-11,7.290174e-10,7.290174e-12
2.810092e+01,1.600800e-11,7.464032e-10,7.464032e-12
2.810343e+01,1.638017e-11,7.625858e-10,7.625858e-12
2.810594e+01,1.676902e-11,7.774876e-10,7.774876e-12
2.810846e+01,1.716612e-11,7.910639e-10,7.910639e-12
2.811097e+01,1.756416e-11,8.032971e-10,8.032971e-12
2.811348e+01,1.795625e-11,8.141751e-10,8.141751e-12
2.811600e+01,1.833607e-11,8.236744e-10,8.236744e-12
2.811851e+01,1.869834e-11,8.317586e-10,8.317586e-12
2.812102e+01,1.903838e-11,8.383866e-10,8.383866e-12
2.812354e+01,1.935229e-11,8.435222e-10,8.435222e-12
2.812605e+01,1.963709e-11,8.471447e-10,8.471447e-12
2.812856e+01,1.989016e-11,8.492513e-10,8.492513e-12
2.813108e+01,2.010902e-11,8.498675e-10,8.498675e-12
2.813359e+01,2.029170e-11,8.490753e-10,8.490753e-12
2.813610e+01,2.043659e-11,8.470153e-10,8.470153e-12
2.813862e+01,2.054246e-11,8.438829e-10,8.438829e-12
2.814113e+01,2.060859e-11,8.399328e-10,8.399328e-12
2.814364e+01,2.063414e-11,8.354632e-10,8.354632e-12
2.814616e+01,2.061897e-11,8.307962e-10,8.307962e-12
2.814867e+01,2.056369e-11,8.262624e-10,8.262624e-12
2.815118e+01,2.046911e-11,8.221705e-10,8.221705e-12
2.815370e+01,2.033682e-11,8.187821e-10,8.187821e-12
2.815621e+01,2.016941e-11,8.162960e-10,8.162960e-12
2.815872e+01,1.996995e-11,8.148186e-10,8.148186e-12
2.816124e+01,1.974213e-11,8.143487e-10,8.143487e-12
2.816375e+01,1.949063e-11,8.147898e-10,8.147898e-12
2.816626e+01,1.922053e-11,8.159605e-10,8.159605e-12
2.816878e+01,1.893721e-11,8.176071e-10,8.176071e-12
2.817129e+01,1.864661e-11,8.194207e-10,8.194207e-12
2.817380e+01,1.835493e-11,8.210617e-10,8.210617e-12
2.817632e+01,1.806811e-11,8.222122e-10,8.222122e-12
2.817883e+01,1.779225e-11,8.225835e-10,8.225835e-12
2.818134e+01,1.753305e-11,8.219097e-10,8.219097e-12
2.818386e+01,1.729576e-11,8.200032e-10,8.200032e-12
2.818637e+01,1.708534e-11,8.167663e-10,8.167663e-12
2.818888e+01,1.690603e-11,8.121621e-10,8.121621e-12
2.819140e+01,1.676153e-11,8.062474e-10,8.062474e-12
2.819391e+01,1.665511e-11,7.991906e-10,7.991906e-12
2.819642e+01,1.658940e-11,7.912448e-10,7.912448e-12
2.819894e+01,1.656628e-11,7.827495e-10,7.827495e-12
2.820145e+01,1.658727e-11,7.741450e-10,7.741450e-12
2.820396e+01,1.665346e-11,7.659657e-10,7.659657e-12
2.820648e+01,1.676543e-11,7.588147e-10,7.588147e-12
2.820899e+01,1.692295e-11,7.533415e-10,7.533415e-12
2.821150e+01,1.712561e-11,7.502226e-10,7.502226e-12
2.821402e+01,1.737269e-11,7.501048e-10,7.501048e-12
2.821653e+01,1.766220e-11,7.535355e-10,7.535355e-12
2.821904e+01,1.799196e-11,7.609306e-10,7.609306e-12
2.822156e+01,1.835946e-11,7.725314e-10,7.725314e-12
2.822407e+01,1.876091e-11,7.883467e-10,7.883467e-12
2.822658e+01,1.919165e-11,8.081473e-10,8.081473e-12
2.822909e+01,1.964620e-11,8.314931e-10,8.314931e-12
2.823161e+01,2.011831e-11,8.577605e-10,8.577605e-12
2.823412e+01,2.060065e-11,8.861799e-10,8.861799e-12
2.823663e+01,2.108483e-11,9.158816e-10,9.158816e-12
2.823915e+01,2.156156e-11,9.459401e-10,9.459401e-12
2.824166e+01,2.202094e-11,9.754103e-10,9.754103e-12
2.824417e+01,2.245249e-11,1.003355e-09,1.003355e-11
2.824669e+01,2.284518e-11,1.028869e-09,1.028869e-11
2.824920e+01,2.318805e-11,1.051097e-09,1.051097e-11
2.825171e+01,2.347023e-11,1.069246e-09,1.069246e-11
2.825423e+01,2.368131e-11,1.082605e-09,1.082605e-11
2.825674e+01,2.381163e-11,1.090559e-09,1.090559e-11
2.825925e+01,2.385296e-11,1.092594e-09,1.092594e-11
2.826177e+01,2.379872e-11,1.088321e-09,1.088321e-11
2.826428e+01,2.364351e-11,1.077478e-09,1.077478e-11
2.826679e+01,2.338441e-11,1.059944e-09,1.059944e-11
2.826931e+01,2.302092e-11,1.035752e-09,1.035752e-11
2.827182e+01,2.255477e-11,1.005090e-09,1.005090e-11
2.827433e+01,2.199044e-11,9.683131e-10,9.683131e-12
2.827685e+01,2.133475e-11,9.259447e-10,9.259447e-12
2.827936e+01,2.059705e-11,8.786727e-10,8.786727e-12
2.828187e+01,1.978903e-11,8.273527e-10,8.273527e-12
2.828439e+01,1.892441e-11,7.730033e-10,7.730033e-12
2.828690e+01,1.801856e-11,7.167975e-10,7.167975e-12
2.828941e+01,1.708820e-11,6.600543e-10,6.600543e-12
2.829193e+01,1.615097e-11,6.042229e-10,6.042229e-12
2.829444e+01,1.522458e-11,5.508497e-10,5.508497e-12
2.829695e+01,1.432662e-11,5.015199e-10,5.015199e-12
2.829947e+01,1.347416e-11,4.577631e-10,4.577631e-12
2.830198e+01,1.268283e-11,4.208939e-10,4.208939e-12
2.830449e+01,1.196649e-11,3.917834e-10,3.917834e-12
2.830701e+01,1.133680e-11,3.706354e-10,3.706354e-12
2.830952e+01,1.080295e-11,3.568773e-10,3.568773e-12
2.831203e+01,1.037141e-11,3.492571e-10,3.492571e-12
2.831455e+01,1.004550e-11,3.461487e-10,3.461487e-12
2.831706e+01,9.825558e-12,3.459302e-10,3.459302e-12
2.831957e+01,9.709142e-12,3.472812e-10,3.472812e-12
2.832209e+01,9.690921e-12,3.493318e-10,3.493318e-12
2.832460e+01,9.762889e-12,3.516850e-10,3.516850e-12
2.832711e+01,9.915065e-12,3.543529e-10,3.543529e-12
2.832963e+01,1.013578e-11,3.576365e-10,3.576365e-12
2.833214e+01,1.041191e-11,3.619802e-10,3.619802e-12
2.833465e+01,1.072970e-11,3.678304e-10,3.678304e-12
2.833717e+01,1.107510e-11,3.755098e-10,3.755098e-12
2.833968e+01,1.143444e-11,3.851218e-10,3.851218e-12
2.834219e+01,1.179480e-11,3.965199e-10,3.965199e-12
2.834471e+01,1.214422e-11,4.093498e-10,4.093498e-12
2.834722e+01,1.247239e-11,4.231198e-10,4.231198e-12
2.834973e+01,1.277092e-11,4.372747e-10,4.372747e-12
2.835225e+01,1.303338e-11,4.512749e-10,4.512749e-12
2.835476e+01,1.325531e-11,4.646590e-10,4.646590e-12
2.835727e+01,1.343452e-11,4.770754e-10,4.770754e-12
2.835979e+01,1.357095e-11,4.882893e-10,4.882893e-12
2.836230e+01,1.366633e-11,4.981778e-10,4.981778e-12
2.836481e+01,1.372430e-11,5.067184e-10,5.067184e-12
2.836733e+01,1.374970e-11,5.139576e-10,5.139576e-12
2.836984e+01,1.374827e-11,5.199835e-10,5.199835e-12
2.837235e+01,1.372700e-11,5.249163e-10,5.249163e-12
2.837486e+01,1.369334e-11,5.288850e-10,5.288850e-12
2.837738e+01,1.365432e-11,5.319990e-10,5.319990e-12
2.837989e+01,1.361672e-11,5.343581e-10,5.343581e-12
2.838240e+01,1.358715e-11,5.360659e-10,5.360659e-12
2.838492e+01,1.357112e-11,5.372192e-10,5.372192e-12
2.838743e+01,1.357297e-11,5.379123e-10,5.379123e-12
2.838994e+01,1.359612e-11,5.382532e-10,5.382532e-12
2.839246e+01,1.364284e-11,5.383624e-10,5.383624e-12
2.839497e+01,1.371386e-11,5.383617e-10,5.383617e-12
2.839748e+01,1.380874e-11,5.383735e-10,5.383735e-12
2.840000e+01,1.392635e-11,5.385303e-10,5.385303e-12
2.840251e+01,1.406440e-11,5.389636e-10,5.389636e-12
2.840502e+01,1.421983e-11,5.397869e-10,5.397869e-12
2.840754e+01,1.438941e-11,5.411028e-10,5.411028e-12
2.841005e+01,1.456950e-11,5.430075e-10,5.430075e-12
2.841256e+01,1.475638e-11,5.455894e-10,5.455894e-12
2.841508e+01,1.494680e-11,5.489319e-10,5.489319e-12
2.841759e+01,1.513795e-11,5.531094e-10,5.531094e-12
2.842010e+01,1.532753e-11,5.581814e-10,5.581814e-12
2.842262e+01,1.551375e-11,5.641831e-10,5.641831e-12
2.842513e+01,1.569551e-11,5.711113e-10,5.711113e-12
2.842764e+01,1.587237e-11,5.789256e-10,5.789256e-12
2.843016e+01,1.604459e-11,5.875427e-10,5.875427e-12
2.843267e+01,1.621293e-11,5.968281e-10,5.968281e-12
2.843518e+01,1.637827e-11,6.066004e-10,6.066004e-12
2.843770e+01,1.654176e-11,6.166399e-10,6.166399e-12
2.844021e+01,1.670443e-11,6.267014e-10,6.267014e-12
2.844272e+01,1.686699e-11,6.365263e-10,6.365263e-12
2.844524e+01,1.702988e-11,6.458526e-10,6.458526e-12
2.844775e+01,1.719291e-11,6.544359e-10,6.544359e-12
2.845026e+01,1.735524e-11,6.620650e-10,6.620650e-12
2.845278e+01,1.751573e-11,6.685640e-10,6.685640e-12
2.845529e+01,1.767249e-11,6.738020e-10,6.738020e-12
2.845780e+01,1.782311e-11,6.777049e-10,6.777049e-12
2.846032e+01,1.796491e-11,6.802527e-10,6.802527e-12
2.846283e+01,1.809501e-11,6.814817e-10,6.814817e-12
2.846534e+01,1.821069e-11,6.814896e-10,6.814896e-12
2.846786e+01,1.830934e-11,6.804277e-10,6.804277e-12
2.847037e+01,1.838910e-11,6.784978e-10,6.784978e-12
2.847288e+01,1.844892e-11,6.759418e-10,6.759418e-12
2.847540e+01,1.848839e-11,6.730182e-10,6.730182e-12
2.847791e+01,1.850811e-11,6.699878e-10,6.699878e-12
2.848042e+01,1.850991e-11,6.670987e-10,6.670987e-12
2.848294e+01,1.849663e-11,6.645628e-10,6.645628e-12
2.848545e+01,1.847207e-11,6.625455e-10,6.625455e-12
2.848796e+01,1.844098e-11,6.611705e-10,6.611705e-12
2.849048e+01,1.840872e-11,6.605242e-10,6.605242e-12
2.849299e+01,1.838109e-11,6.606641e-10,6.606641e-12
2.849550e+01,1.836415e-11,6.616463e-10,6.616463e-12
2.849802e+01,1.836378e-11,6.635513e-10,6.635513e-12
2.850053e+01,1.838503e-11,6.664959e-10,6.664959e-12
2.850304e+01,1.843216e-11,6.706371e-10,6.706371e-12
2.850556e+01,1.850842e-11,6.761680e-10,6.761680e-12
2.850807e+01,1.861590e-11,6.833022e-10,6.833022e-12
2.851058e+01,1.875523e-11,6.922314e-10,6.922314e-12
2.851309e+01,1.892512e-11,7.030643e-10,7.030643e-12
2.851561e+01,1.912280e-11,7.157878e-10,7.157878e-12
2.851812e+01,1.934442e-11,7.302426e-10,7.302426e-12
2.852063e+01,1.958443e-11,7.460996e-10,7.460996e-12
2.852315e+01,1.983609e-11,7.628673e-10,7.628673e-12
2.852566e+01,2.009218e-11,7.799239e-10,7.799239e-12
2.852817e+01,2.034464e-11,7.965544e-10,7.965544e-12
2.853069e+01,2.058554e-11,8.120104e-10,8.120104e-12
2.853320e+01,2.080739e-11,8.255698e-10,8.255698e-12
2.853571e+01,2.100273e-11,8.365792e-10,8.365792e-12
2.853823e+01,2.116521e-11,8.445018e-10,8.445018e-12
2.854074e+01,2.128971e-11,8.489516e-10,8.489516e-12
2.854325e+01,2.137199e-11,8.497154e-10,8.497154e-12
2.854577e+01,2.140969e-11,8.467735e-10,8.467735e-12
2.854828e+01,2.140198e-11,8.402994e-10,8.402994e-12
2.855079e+01,2.134930e-11,8.306444e-10,8.306444e-12
2.855331e+01,2.125371e-11,8.183305e-10,8.183305e-12
2.855582e+01,2.111864e-11,8.040296e-10,8.040296e-12
2.855833e+01,2.094891e-11,7.885207e-10,7.885207e-12
2.856085e+01,2.075039e-11,7.726402e-10,7.726402e-12
2.856336e+01,2.052939e-11,7.572275e-10,7.572275e-12
2.856587e+01,2.029258e-11,7.430753e-10,7.430753e-12
2.856839e+01,2.004702e-11,7.308789e-10,7.308789e-12
2.857090e+01,1.979963e-11,7.211841e-10,7.211841e-12
2.857341e+01,1.955667e-11,7.143567e-10,7.143567e-12
2.857593e+01,1.932383e-11,7.105797e-10,7.105797e-12
2.857844e+01,1.910611e-11,7.098769e-10,7.098769e-12
2.858095e+01,1.890736e-11,7.121610e-10,7.121610e-12
2.858347e+01,1.873062e-11,7.172900e-10,7.172900e-12
2.858598e+01,1.857803e-11,7.251231e-10,7.251231e-12
2.858849e+01,1.845076e-11,7.355756e-10,7.355756e-12
2.859101e+01,1.834937e-11,7.486599e-10,7.486599e-12
2.859352e+01,1.827389e-11,7.644981e-10,7.644981e-12
2.859603e+01,1.822408e-11,7.833059e-10,7.833059e-12
2.859855e+01,1.819971e-11,8.053597e-10,8.053597e-12
2.860106e+01,1.820038e-11,8.309571e-10,8.309571e-12
2.860357e+01,1.822625e-11,8.603651e-10,8.603651e-12
2.860609e+01,1.827801e-11,8.937604e-10,8.937604e-12
2.860860e+01,1.835651e-11,9.311830e-10,9.311830e-12
2.861111e+01,1.846374e-11,9.725174e-10,9.725174e-12
2.861363e+01,1.860206e-11,1.017487e-09,1.017487e-11
2.861614e+01,1.877392e-11,1.065657e-09,1.065657e-11
2.861865e+01,1.898245e-11,1.116459e-09,1.116459e-11
2.862117e+01,1.923109e-11,1.169241e-09,1.169241e-11
2.862368e+01,1.952310e-11,1.223296e-09,1.223296e-11
2.862619e+01,1.986140e-11,1.277893e-09,1.277893e-11
2.862871e+01,2.024852e-11,1.332323e-09,1.332323e-11
2.863122e+01,2.068611e-11,1.385924e-09,1.385924e-11
2.863373e+01,2.117490e-11,1.438105e-09,1.438105e-11
2.863625e+01,2.171441e-11,1.488358e-09,1.488358e-11
2.863876e+01,2.230273e-11,1.536265e-09,1.536265e-11
2.864127e+01,2.293667e-11,1.581502e-09,1.581502e-11
2.864379e+01,2.361147e-11,1.623827e-09,1.623827e-11
2.864630e+01,2.432081e-11,1.663068e-09,1.663068e-11
2.864881e+01,2.505690e-11,1.699127e-09,1.699127e-11
2.865133e+01,2.581075e-11,1.731946e-09,1.731946e-11
2.865384e+01,2.657204e-11,1.761463e-09,1.761463e-11
2.865635e+01,2.732943e-11,1.787617e-09,1.787617e-11
2.865886e+01,2.807143e-11,1.810341e-09,1.810341e-11
2.866138e+01,2.878587e-11,1.829529e-09,1.829529e-11
2.866389e+01,2.946013e-11,1.845034e-09,1.845034e-11
2.866640e+01,3.008250e-11,1.856678e-09,1.856678e-11
2.866892e+01,3.064170e-11,1.864251e-09,1.864251e-11
2.867143e+01,3.112696e-11,1.867519e-09,1.867519e-11
2.867394e+01,3.152887e-11,1.866247e-09,1.866247e-11
2.867646e+01,3.183924e-11,1.860205e-09,1.860205e-11
2.867897e+01,3.205119e-11,1.849192e-09,1.849192e-11
2.868148e+01,3.215995e-11,1.833089e-09,1.833089e-11
2.868400e+01,3.216277e-11,1.811860e-09,1.811860e-11
2.868651e+01,3.205819e-11,1.785537e-09,1.785537e-11
2.868902e+01,3.184708e-11,1.754264e-09,1.754264e-11
2.869154e+01,3.153250e-11,1.718311e-09,1.718311e-11
2.869405e+01,3.111917e-11,1.678053e-09,1.678053e-11
2.869656e+01,3.061356e-11,1.633965e-09,1.633965e-11
2.869908e+01,3.002382e-11,1.586613e-09,1.586613e-11
2.870159e+01,2.935983e-11,1.536645e-09,1.536645e-11
2.870410e+01,2.863245e-11,1.484755e-09,1.484755e-11
2.870662e+01,2.785339e-11,1.431657e-09,1.431657e-11
2.870913e+01,2.703502e-11,1.378059e-09,1.378059e-11
2.871164e+01,2.619011e-11,1.324640e-09,1.324640e-11
2.871416e+01,2.533126e-11,1.272012e-09,1.272012e-11
2.871667e+01,2.447054e-11,1.220701e-09,1.220701e-11
2.871918e+01,2.361936e-11,1.171136e-09,1.171136e-11
2.872170e+01,2.278806e-11,1.123632e-09,1.123632e-11
2.872421e+01,2.198575e-11,1.078402e-09,1.078402e-11
2.872672e+01,2.122002e-11,1.035561e-09,1.035561e-11
2.872924e+01,2.049663e-11,9.951356e-10,9.951356e-12
2.873175e+01,1.981983e-11,9.570960e-10,9.570960e-12
2.873426e+01,1.919261e-11,9.213871e-10,9.213871e-12
2.873678e+01,1.861592e-11,8.879311e-10,8.879311e-12
2.873929e+01,1.808914e-11,8.566565e-10,8.566565e-12
2.874180e+01,1.761093e-11,8.275283e-10,8.275283e-12
2.874432e+01,1.717889e-11,8.005301e-10,8.005301e-12
2.874683e+01,1.678954e-11,7.756617e-10,7.756617e-12
2.874934e+01,1.643909e-11,7.529543e-10,7.529543e-12
2.875186e+01,1.612395e-11,7.324653e-10,7.324653e-12
2.875437e+01,1.584062e-11,7.142590e-10,7.142590e-12
2.875688e+01,1.558549e-11,6.983875e-10,6.983875e-12
2.875940e+01,1.535585e-11,6.848874e-10,6.848874e-12
2.876191e+01,1.514979e-11,6.737704e-10,6.737704e-12
2.876442e+01,1.496590e-11,6.650083e-10,6.650083e-12
2.876694e+01,1.480375e-11,6.585237e-10,6.585237e-12
2.876945e+01,1.466332e-11,6.541811e-10,6.541811e-12
2.877196e+01,1.454523e-11,6.517918e-10,6.517918e-12
2.877448e+01,1.445066e-11,6.511327e-10,6.511327e-12
2.877699e+01,1.438097e-11,6.519536e-10,6.519536e-12
2.877950e+01,1.433752e-11,6.539702e-10,6.539702e-12
2.878202e+01,1.432123e-11,6.568884e-10,6.568884e-12
2.878453e+01,1.433272e-11,6.604427e-10,6.604427e-12
2.878704e+01,1.437185e-11,6.643993e-10,6.643993e-12
2.878956e+01,1.443759e-11,6.685665e-10,6.685665e-12
2.879207e+01,1.452812e-11,6.728097e-10,6.728097e-12
2.879458e+01,1.464050e-11,6.770294e-10,6.770294e-12
2.879709e+01,1.477057e-11,6.811471e-10,6.811471e-12
2.879961e+01,1.491335e-11,6.851009e-10,6.851009e-12
2.880212e+01,1.506294e-11,6.888113e-10,6.888113e-12
2.880463e+01,1.521232e-11,6.921475e-10,6.921475e-12
2.880715e+01,1.535420e-11,6.949115e-10,6.949115e-12
2.880966e+01,1.548073e-11,6.968274e-10,6.968274e-12
2.881217e+01,1.558427e-11,6.975459e-10,6.975459e-12
2.881469e+01,1.565765e-11,6.966579e-10,6.966579e-12
2.881720e+01,1.569380e-11,6.937154e-10,6.937154e-12
2.881971e+01,1.568705e-11,6.882739e-10,6.882739e-12
2.882223e+01,1.563289e-11,6.799347e-10,6.799347e-12
2.882474e+01,1.552825e-11,6.683839e-10,6.683839e-12
2.882725e+01,1.537181e-11,6.534412e-10,6.534412e-12
2.882977e+01,1.516435e-11,6.351011e-10,6.351011e-12
2.883228e+01,1.490882e-11,6.135484e-10,6.135484e-12
2.883479e+01,1.460981e-11,5.891694e-10,5.891694e-12
2.883731e+01,1.427401e-11,5.625558e-10,5.625558e-12
2.883982e+01,1.391004e-11,5.344857e-10,5.344857e-12
2.884233e+01,1.352779e-11,5.058889e-10,5.058889e-12
2.884485e+01,1.313850e-11,4.777930e-10,4.777930e-12
2.884736e+01,1.275432e-11,4.512481e-10,4.512481e-12
2.884987e+01,1.238755e-11,4.272324e-10,4.272324e-12
2.885239e+01,1.205040e-11,4.065588e-10,4.065588e-12
2.885490e+01,1.175465e-11,3.897996e-10,3.897996e-12
2.885741e+01,1.151106e-11,3.772511e-10,3.772511e-12
2.885993e+01,1.132903e-11,3.689606e-10,3.689606e-12
2.886244e+01,1.121605e-11,3.648088e-10,3.648088e-12
2.886495e+01,1.117740e-11,3.646382e-10,3.646382e-12
2.886747e+01,1.121624e-11,3.683652e-10,3.683652e-12
2.886998e+01,1.133322e-11,3.760193e-10,3.760193e-12
2.887249e+01,1.152672e-11,3.877227e-10,3.877227e-12
2.887501e+01,1.179285e-11,4.036063e-10,4.036063e-12
2.887752e+01,1.212536e-11,4.236932e-10,4.236932e-12
2.888003e+01,1.251629e-11,4.478128e-10,4.478128e-12
2.888255e+01,1.295644e-11,4.755597e-10,4.755597e-12
2.888506e+01,1.343539e-11,5.063097e-10,5.063097e-12
2.888757e+01,1.394227e-11,5.392829e-10,5.392829e-12
2.889009e+01,1.446608e-11,5.736199e-10,5.736199e-12
2.889260e+01,1.499592e-11,6.084659e-10,6.084659e-12
2.889511e+01,1.552183e-11,6.430447e-10,6.430447e-12
2.889763e+01,1.603481e-11,6.767121e-10,6.767121e-12
2.890014e+01,1.652711e-11,7.089868e-10,7.089868e-12
2.890265e+01,1.699258e-11,7.395570e-10,7.395570e-12
2.890517e+01,1.742651e-11,7.682729e-10,7.682729e-12
2.890768e+01,1.782537e-11,7.951341e-10,7.951341e-12
2.891019e+01,1.818724e-11,8.202604e-10,8.202604e-12
2.891271e+01,1.851199e-11,8.438442e-10,8.438442e-12
2.891522e+01,1.880032e-11,8.661001e-10,8.661001e-12
2.891773e+01,1.905373e-11,8.872280e-10,8.872280e-12
2.892025e+01,1.927462e-11,9.073810e-10,9.073810e-12
2.892276e+01,1.946586e-11,9.266383e-10,9.266383e-12
2.892527e+01,1.963082e-11,9.449945e-10,9.449945e-12
2.892779e+01,1.977286e-11,9.623589e-10,9.623589e-12
2.893030e+01,1.989511e-11,9.785643e-10,9.785643e-12
2.893281e+01,2.000083e-11,9.933992e-10,9.933992e-12
2.893532e+01,2.009288e-11,1.006632e-09,1.006632e-11
2.893784e+01,2.017367e-11,1.018023e-09,1.018023e-11
2.894035e+01,2.024546e-11,1.027348e-09,1.027348e-11
2.894286e+01,2.030994e-11,1.034424e-09,1.034424e-11
2.894538e+01,2.036832e-11,1.039106e-09,1.039106e-11
2.894789e+01,2.042160e-11,1.041306e-09,1.041306e-11
2.895040e+01,2.047016e-11,1.040991e-09,1.040991e-11
2.895292e+01,2.051423e-11,1.038173e-09,1.038173e-11
2.895543e+01,2.055365e-11,1.032904e-09,1.032904e-11
2.895794e+01,2.058770e-11,1.025281e-09,1.025281e-11
2.896046e+01,2.061559e-11,1.015434e-09,1.015434e-11
2.896297e+01,2.063640e-11,1.003514e-09,1.003514e-11
2.896548e+01,2.064903e-11,9.896918e-10,9.896918e-12
2.896800e+01,2.065216e-11,9.741507e-10,9.741507e-12
2.897051e+01,2.064423e-11,9.570942e-10,9.570942e-12
2.897302e+01,2.062364e-11,9.387455e-10,9.387455e-12
2.897554e+01,2.058920e-11,9.193354e-10,9.193354e-12
2.897805e+01,2.053954e-11,8.991051e-10,8.991051e-12
2.898056e+01,2.047315e-11,8.783123e-10,8.783123e-12
2.898308e+01,2.038906e-11,8.572290e-10,8.572290e-12
2.898559e+01,2.028662e-11,8.361499e-10,8.361499e-12
2.898810e+01,2.016543e-11,8.153822e-10,8.153822e-12
2.899062e+01,2.002540e-11,7.952203e-10,7.952203e-12
2.899313e+01,1.986678e-11,7.759488e-10,7.759488e-12
2.899564e+01,1.969024e-11,7.578325e-10,7.578325e-12
2.899816e+01,1.949697e-11,7.410872e-10,7.410872e-12
2.900067e+01,1.928832e-11,7.258593e-10,7.258593e-12
2.900318e+01,1.906586e-11,7.122066e-10,7.122066e-12
2.900570e+01,1.883126e-11,7.000858e-10,7.000858e-12
2.900821e+01,1.858611e-11,6.893472e-10,6.893472e-12
2.901072e+01,1.833185e-11,6.797337e-10,6.797337e-12
2.901324e+01,1.806933e-11,6.709046e-10,6.709046e-12
2.901575e+01,1.779935e-11,6.624688e-10,6.624688e-12
2.901826e+01,1.752220e-11,6.540020e-10,6.540020e-12
2.902078e+01,1.723724e-11,6.450789e-10,6.450789e-12
2.902329e+01,1.694328e-11,6.353172e-10,6.353172e-12
2.902580e+01,1.663870e-11,6.243982e-10,6.243982e-12
2.902832e+01,1.632128e-11,6.120774e-10,6.120774e-12
2.903083e+01,1.598816e-11,5.981971e-10,5.981971e-12
2.903334e+01,1.563621e-11,5.826910e-10,5.826910e-12
2.903586e+01,1.526237e-11,5.655789e-10,5.655789e-12
2.903837e+01,1.486382e-11,5.469548e-10,5.469548e-12
2.904088e+01,1.443821e-11,5.269728e-10,5.269728e-12
2.904340e+01,1.398390e-11,5.058287e-10,5.058287e-12
2.904591e+01,1.350009e-11,4.837425e-10,4.837425e-12
2.904842e+01,1.298717e-11,4.609490e-10,4.609490e-12
2.905094e+01,1.244735e-11,4.376937e-10,4.376937e-12
2.905345e+01,1.188414e-11,4.142213e-10,4.142213e-12
2.905596e+01,1.130254e-11,3.907759e-10,3.907759e-12
2.905848e+01,1.070931e-11,3.676115e-10,3.676115e-12
2.906099e+01,1.011246e-11,3.449979e-10,3.449979e-12
2.906350e+01,9.521483e-12,3.232315e-10,3.232315e-12
2.906602e+01,8.947019e-12,3.026412e-10,3.026412e-12
2.906853e+01,8.400130e-12,2.835715e-10,2.835715e-12
2.907104e+01,7.892061e-12,2.663627e-10,2.663627e-12
2.907356e+01,7.434204e-12,2.513262e-10,2.513262e-12
2.907607e+01,7.037116e-12,2.386961e-10,2.386961e-12
2.907858e+01,6.710085e-12,2.285864e-10,2.285864e-12
2.908109e+01,6.461140e-12,2.209793e-10,2.209793e-12
2.908361e+01,6.296179e-12,2.157368e-10,2.157368e-12
2.908612e+01,6.218737e-12,2.126632e-10,2.126632e-12
2.908863e+01,6.230106e-12,2.116055e-10,2.116055e-12
2.909115e+01,6.328818e-12,2.125381e-10,2.125381e-12
2.909366e+01,6.510417e-12,2.156144e-10,2.156144e-12
2.909617e+01,6.768334e-12,2.211741e-10,2.211741e-12
2.909869e+01,7.093613e-12,2.296696e-10,2.296696e-12
2.910120e+01,7.474855e-12,2.415238e-10,2.415238e-12
2.910371e+01,7.899210e-12,2.569863e-10,2.569863e-12
2.910623e+01,8.352862e-12,2.760211e-10,2.760211e-12
2.910874e+01,8.821153e-12,2.982548e-10,2.982548e-12
2.911125e+01,9.289214e-12,3.230127e-10,3.230127e-12
2.911377e+01,9.742964e-12,3.494029e-10,3.494029e-12
2.911628e+01,1.016901e-11,3.764022e-10,3.764022e-12
2.911879e+01,1.055541e-11,4.029430e-10,4.029430e-12
2.912131e+01,1.089228e-11,4.279892e-10,4.279892e-12
2.912382e+01,1.117167e-11,4.505903e-10,4.505903e-12
2.912633e+01,1.138805e-11,4.699270e-10,4.699270e-12
2.912885e+01,1.153842e-11,4.853497e-10,4.853497e-12
2.913136e+01,1.162217e-11,4.964048e-10,4.964048e-12
2.913387e+01,1.164099e-11,5.028487e-10,5.028487e-12
2.913639e+01,1.159876e-11,5.046595e-10,5.046595e-12
2.913890e+01,1.150132e-11,5.020426e-10,5.020426e-12
2.914141e+01,1.135615e-11,4.954223e-10,4.954223e-12
2.914393e+01,1.117201e-11,4.854273e-10,4.854273e-12
2.914644e+01,1.095840e-11,4.728756e-10,4.728756e-12
2.914895e+01,1.072552e-11,4.587513e-10,4.587513e-12
2.915147e+01,1.048379e-11,4.441736e-10,4.441736e-12
2.915398e+01,1.024311e-11,4.303504e-10,4.303504e-12
2.915649e+01,1.001302e-11,4.185217e-10,4.185217e-12
2.915901e+01,9.802662e-12,4.098864e-10,4.098864e-12
2.916152e+01,9.620152e-12,4.054980e-10,4.054980e-12
2.916403e+01,9.472467e-12,4.061496e-10,4.061496e-12
2.916655e+01,9.365651e-12,4.122929e-10,4.122929e-12
2.916906e+01,9.304747e-12,4.240112e-10,4.240112e-12
2.917157e+01,9.293779e-12,4.410515e-10,4.410515e-12
2.917409e+01,9.335608e-12,4.628996e-10,4.628996e-12
2.917660e+01,9.432260e-12,4.888769e-10,4.888769e-12
2.917911e+01,9.585145e-12,5.182340e-10,5.182340e-12
2.918163e+01,9.794653e-12,5.502143e-10,5.502143e-12
2.918414e+01,1.006081e-11,5.840821e-10,5.840821e-12
2.918665e+01,1.038322e-11,6.191548e-10,6.191548e-12
2.918917e+01,1.076096e-11,6.548346e-10,6.548346e-12
2.919168e+01,1.119285e-11,6.906014e-10,6.906014e-12
2.919419e+01,1.167706e-11,7.260079e-10,7.260079e-12
2.919671e+01,1.221159e-11,7.607112e-10,7.607112e-12
2.919922e+01,1.279398e-11,7.944907e-10,7.944907e-12
2.920173e+01,1.342143e-11,8.272285e-10,8.272285e-12
2.920425e+01,1.409076e-11,8.588886e-10,8.588886e-12
2.920676e+01,1.479782e-11,8.895103e-10,8.895103e-12
2.920927e+01,1.553805e-11,9.191891e-10,9.191891e-12
2.921179e+01,1.630598e-11,9.480333e-10,9.480333e-12
2.921430e+01,1.709519e-11,9.761310e-10,9.761310e-12
2.921681e+01,1.789897e-11,1.003529e-09,1.003529e-11
2.921932e+01,1.870932e-11,1.030186e-09,1.030186e-11
2.922184e+01,1.951715e-11,1.055943e-09,1.055943e-11
2.922435e+01,2.031300e-11,1.080541e-09,1.080541e-11
2.922686e+01,2.108672e-11,1.103624e-09,1.103624e-11
2.922938e+01,2.182766e-11,1.124748e-09,1.124748e-11
2.923189e+01,2.252495e-11,1.143402e-09,1.143402e-11
2.923440e+01,2.316753e-11,1.159046e-09,1.159046e-11
2.923692e+01,2.374504e-11,1.171165e-09,1.171165e-11
2.923943e+01,2.424806e-11,1.179306e-09,1.179306e-11
2.924194e+01,2.466829e-11,1.183110e-09,1.183110e-11
2.924446e+01,2.499915e-11,1.182336e-09,1.182336e-11
2.924697e+01,2.523573e-11,1.176893e-09,1.176893e-11
2.924948e+01,2.537560e-11,1.166863e-09,1.166863e-11
2.925200e+01,2.541919e-11,1.152516e-09,1.152516e-11
2.925451e+01,2.536960e-11,1.134321e-09,1.134321e-11
2.925702e+01,2.523261e-11,1.112918e-09,1.112918e-11
2.925954e+01,2.501655e-11,1.089095e-09,1.089095e-11
2.926205e+01,2.473257e-11,1.063775e-09,1.063775e-11
2.926456e+01,2.439404e-11,1.037982e-09,1.037982e-11
2.926708e+01,2.401610e-11,1.012772e-09,1.012772e-11
2.926959e+01,2.361485e-11,9.891614e-10,9.891614e-12
2.927210e+01,2.320701e-11,9.680665e-10,9.680665e-12
2.927462e+01,2.280932e-11,9.502378e-10,9.502378e-12
2.927713e+01,2.243741e-11,9.362000e-10,9.362000e-12
2.927964e+01,2.210566e-11,9.262268e-10,9.262268e-12
2.928216e+01,2.182643e-11,9.203233e-10,9.203233e-12
2.928467e+01,2.160905e-11,9.182363e-10,9.182363e-12
2.928718e+01,2.145995e-11,9.195086e-10,9.195086e-12
2.928970e+01,2.138223e-11,9.235332e-10,9.235332e-12
2.929221e+01,2.137508e-11,9.296028e-10,9.296028e-12
2.929472e+01,2.143451e-11,9.369810e-10,9.369810e-12
2.929724e+01,2.155339e-11,9.449614e-10,9.449614e-12
2.929975e+01,2.172148e-11,9.528981e-10,9.528981e-12
2.930226e+01,2.192646e-11,9.602464e-10,9.602464e-12
2.930478e+01,2.215410e-11,9.666021e-10,9.666021e-12
2.930729e+01,2.238921e-11,9.717206e-10,9.717206e-12
2.930980e+01,2.261628e-11,9.755331e-10,9.755331e-12
2.931232e+01,2.282047e-11,9.781585e-10,9.781585e-12
2.931483e+01,2.298814e-11,9.798912e-10,9.798912e-12
2.931734e+01,2.310732e-11,9.811609e-10,9.811609e-12
2.931986e+01,2.316852e-11,9.824778e-10,9.824778e-12
2.932237e+01,2.316497e-11,9.843589e-10,9.843589e-12
2.932488e+01,2.309290e-11,9.872304e-10,9.872304e-12
2.932740e+01,2.295185e-11,9.913374e-10,9.913374e-12
2.932991e+01,2.274431e-11,9.966690e-10,9.966690e-12
2.933242e+01,2.247549e-11,1.002917e-09,1.002917e-11
2.933494e+01,2.215319e-11,1.009485e-09,1.009485e-11
2.933745e+01,2.178712e-11,1.015533e-09,1.015533e-11
2.933996e+01,2.138869e-11,1.020073e-09,1.020073e-11
2.934248e+01,2.097021e-11,1.022067e-09,1.022067e-11
2.934499e+01,2.054408e-11,1.020542e-09,1.020542e-11
2.934750e+01,2.012261e-11,1.014691e-09,1.014691e-11
2.935002e+01,1.971719e-11,1.003955e-09,1.003955e-11
2.935253e+01,1.933792e-11,9.880885e-10,9.880885e-12
2.935504e+01,1.899298e-11,9.671841e-10,9.671841e-12
2.935756e+01,1.868845e-11,9.416896e-10,9.416896e-12
2.936007e+01,1.842819e-11,9.123914e-10,9.123914e-12
2.936258e+01,1.821335e-11,8.803703e-10,8.803703e-12
2.936509e+01,1.804279e-11,8.469362e-10,8.469362e-12
2.936761e+01,1.791304e-11,8.135382e-10,8.135382e-12
2.937012e+01,1.781863e-11,7.816458e-10,7.816458e-12
2.937263e+01,1.775235e-11,7.526064e-10,7.526064e-12
2.937515e+01,1.770549e-11,7.274944e-10,7.274944e-12
2.937766e+01,1.766863e-11,7.069800e-10,7.069800e-12
2.938017e+01,1.763196e-11,6.912519e-10,6.912519e-12
2.938269e+01,1.758596e-11,6.800131e-10,6.800131e-12
2.938520e+01,1.752157e-11,6.725588e-10,6.725588e-12
2.938771e+01,1.743083e-11,6.679285e-10,6.679285e-12
2.939023e+01,1.730783e-11,6.650715e-10,6.650715e-12
2.939274e+01,1.714807e-11,6.629911e-10,6.629911e-12
2.939525e+01,1.694908e-11,6.608624e-10,6.608624e-12
2.939777e+01,1.671082e-11,6.580977e-10,6.580977e-12
2.940028e+01,1.643544e-11,6.543636e-10,6.543636e-12
2.940279e+01,1.612741e-11,6.495689e-10,6.495689e-12
2.940531e+01,1.579334e-11,6.438263e-10,6.438263e-12
2.940782e+01,1.544112e-11,6.373966e-10,6.373966e-12
2.941033e+01,1.508001e-11,6.306354e-10,6.306354e-12
2.941285e+01,1.472037e-11,6.239383e-10,6.239383e-12
2.941536e+01,1.437277e-11,6.176870e-10,6.176870e-12
2.941787e+01,1.404755e-11,6.122080e-10,6.122080e-12
2.942039e+01,1.375416e-11,6.077446e-10,6.077446e-12
2.942290e+01,1.350115e-11,6.044476e-10,6.044476e-12
2.942541e+01,1.329553e-11,6.023839e-10,6.023839e-12
2.942793e+01,1.314219e-11,6.015470e-10,6.015470e-12
2.943044e+01,1.304401e-11,6.018690e-10,6.018690e-12
2.943295e+01,1.300165e-11,6.032385e-10,6.032385e-12
2.943547e+01,1.301363e-11,6.055203e-10,6.055203e-12
2.943798e+01,1.307643e-11,6.085734e-10,6.085734e-12
2.944049e+01,1.318483e-11,6.122546e-10,6.122546e-12
2.944301e+01,1.333217e-11,6.164138e-10,6.164138e-12
2.944552e+01,1.351084e-11,6.209023e-10,6.209023e-12
2.944803e+01,1.371270e-11,6.255856e-10,6.255856e-12
2.945055e+01,1.392962e-11,6.303441e-10,6.303441e-12
2.945306e+01,1.415391e-11,6.350716e-10,6.350716e-12
2.945557e+01,1.437844e-11,6.396799e-10,6.396799e-12
2.945809e+01,1.459733e-11,6.440943e-10,6.440943e-12
2.946060e+01,1.480571e-11,6.482472e-10,6.482472e-12
2.946311e+01,1.500012e-11,6.520778e-10,6.520778e-12
2.946563e+01,1.517864e-11,6.555199e-10,6.555199e-12
2.946814e+01,1.534045e-11,6.584833e-10,6.584833e-12
2.947065e+01,1.548582e-11,6.608600e-10,6.608600e-12
2.947317e+01,1.561589e-11,6.625299e-10,6.625299e-12
2.947568e+01,1.573259e-11,6.633477e-10,6.633477e-12
2.947819e+01,1.583776e-11,6.631541e-10,6.631541e-12
2.948071e+01,1.593303e-11,6.618092e-10,6.618092e-12
2.948322e+01,1.601983e-11,6.592102e-10,6.592102e-12
2.948573e+01,1.609897e-11,6.553024e-10,6.553024e-12
2.948825e+01,1.617024e-11,6.501016e-10,6.501016e-12
2.949076e+01,1.623242e-11,6.437085e-10,6.437085e-12
2.949327e+01,1.628361e-11,6.362991e-10,6.362991e-12
2.949579e+01,1.632077e-11,6.281073e-10,6.281073e-12
2.949830e+01,1.634010e-11,6.194076e-10,6.194076e-12
2.950081e+01,1.633741e-11,6.104804e-10,6.104804e-12
2.950332e+01,1.630808e-11,6.015699e-10,6.015699e-12
2.950584e+01,1.624775e-11,5.928585e-10,5.928585e-12
2.950835e+01,1.615283e-11,5.844425e-10,5.844425e-12
2.951086e+01,1.602065e-11,5.763122e-10,5.763122e-12
2.951338e+01,1.584969e-11,5.683567e-10,5.683567e-12
2.951589e+01,1.563984e-11,5.603778e-10,5.603778e-12
2.951840e+01,1.539277e-11,5.521183e-10,5.521183e-12
2.952092e+01,1.511199e-11,5.433094e-10,5.433094e-12
2.952343e+01,1.480303e-11,5.337118e-10,5.337118e-12
2.952594e+01,1.447308e-11,5.231513e-10,5.231513e-12
2.952846e+01,1.413052e-11,5.115525e-10,5.115525e-12
2.953097e+01,1.378473e-11,4.989628e-10,4.989628e-12
2.953348e+01,1.344626e-11,4.855824e-10,4.855824e-12
2.953600e+01,1.312599e-11,4.717892e-10,4.717892e-12
2.953851e+01,1.283397e-11,4.581352e-10,4.581352e-12
2.954102e+01,1.257990e-11,4.453452e-10,4.453452e-12
2.954354e+01,1.237248e-11,4.343118e-10,4.343118e-12
2.954605e+01,1.221863e-11,4.260349e-10,4.260349e-12
2.954856e+01,1.212348e-11,4.215115e-10,4.215115e-12
2.955108e+01,1.208992e-11,4.216000e-10,4.216000e-12
2.955359e+01,1.211847e-11,4.268727e-10,4.268727e-12
2.955610e+01,1.220745e-11,4.374901e-10,4.374901e-12
2.955862e+01,1.235291e-11,4.531385e-10,4.531385e-12
2.956113e+01,1.254856e-11,4.730691e-10,4.730691e-12
2.956364e+01,1.278633e-11,4.962189e-10,4.962189e-12
2.956616e+01,1.305662e-11,5.213381e-10,5.213381e-12
2.956867e+01,1.334838e-11,5.471070e-10,5.471070e-12
2.957118e+01,1.365019e-11,5.722368e-10,5.722368e-12
2.957370e+01,1.395032e-11,5.955275e-10,5.955275e-12
2.957621e+01,1.423699e-11,6.159073e-10,6.159073e-12
2.957872e+01,1.449929e-11,6.324714e-10,6.324714e-12
2.958124e+01,1.472745e-11,6.445025e-10,6.445025e-12
2.958375e+01,1.491302e-11,6.514834e-10,6.514834e-12
2.958626e+01,1.504939e-11,6.531154e-10,6.531154e-12
2.958878e+01,1.513202e-11,6.493264e-10,6.493264e-12
2.959129e+01,1.515822e-11,6.402738e-10,6.402738e-12
2.959380e+01,1.512753e-11,6.263490e-10,6.263490e-12
2.959632e+01,1.504189e-11,6.081730e-10,6.081730e-12
2.959883e+01,1.490483e-11,5.865810e-10,5.865810e-12
2.960134e+01,1.472147e-11,5.626026e-10,5.626026e-12
2.960386e+01,1.449884e-11,5.374351e-10,5.374351e-12
2.960637e+01,1.424530e-11,5.123895e-10,5.123895e-12
2.960888e+01,1.396991e-11,4.888017e-10,4.888017e-12
2.961140e+01,1.368223e-11,4.679198e-10,4.679198e-12
2.961391e+01,1.339209e-11,4.507693e-10,4.507693e-12
2.961642e+01,1.310924e-11,4.380097e-10,4.380097e-12
2.961894e+01,1.284291e-11,4.298246e-10,4.298246e-12
2.962145e+01,1.260166e-11,4.259006e-10,4.259006e-12
2.962396e+01,1.239283e-11,4.255110e-10,4.255110e-12
2.962648e+01,1.222260e-11,4.276857e-10,4.276857e-12
2.962899e+01,1.209611e-11,4.314066e-10,4.314066e-12
2.963150e+01,1.201654e-11,4.357578e-10,4.357578e-12
2.963402e+01,1.198529e-11,4.400330e-10,4.400330e-12
2.963653e+01,1.200248e-11,4.438085e-10,4.438085e-12
2.963904e+01,1.206652e-11,4.469513e-10,4.469513e-12
2.964156e+01,1.217391e-11,4.495904e-10,4.495904e-12
2.964407e+01,1.232003e-11,4.520784e-10,4.520784e-12
2.964658e+01,1.249910e-11,4.549166e-10,4.549166e-12
2.964909e+01,1.270364e-11,4.586657e-10,4.586657e-12
2.965161e+01,1.292581e-11,4.638631e-10,4.638631e-12
2.965412e+01,1.315726e-11,4.709239e-10,4.709239e-12
2.965663e+01,1.338906e-11,4.800669e-10,4.800669e-12
2.965915e+01,1.361260e-11,4.912798e-10,4.912798e-12
2.966166e+01,1.381939e-11,5.043130e-10,5.043130e-12
2.966417e+01,1.400183e-11,5.187169e-10,5.187169e-12
2.966669e+01,1.415349e-11,5.338959e-10,5.338959e-12
2.966920e+01,1.426869e-11,5.491708e-10,5.491708e-12
2.967171e+01,1.434349e-11,5.638542e-10,5.638542e-12
2.967423e+01,1.437581e-11,5.772963e-10,5.772963e-12
2.967674e+01,1.436483e-11,5.889145e-10,5.889145e-12
2.967925e+01,1.431160e-11,5.982300e-10,5.982300e-12
2.968177e+01,1.421903e-11,6.048834e-10,6.048834e-12
2.968428e+01,1.409152e-11,6.086302e-10,6.086302e-12
2.968679e+01,1.393478e-11,6.093427e-10,6.093427e-12
2.968931e+01,1.375545e-11,6.070093e-10,6.070093e-12
2.969182e+01,1.356101e-11,6.017294e-10,6.017294e-12
2.969433e+01,1.335975e-11,5.937054e-10,5.937054e-12
2.969685e+01,1.316017e-11,5.832357e-10,5.832357e-12
2.969936e+01,1.297017e-11,5.707076e-10,5.707076e-12
2.970187e+01,1.279720e-11,5.565940e-10,5.565940e-12
2.970439e+01,1.264812e-11,5.414523e-10,5.414523e-12
2.970690e+01,1.252875e-11,5.259224e-10,5.259224e-12
2.970941e+01,1.244380e-11,5.107185e-10,5.107185e-12
2.971193e+01,1.239642e-11,4.966164e-10,4.966164e-12
2.971444e+01,1.238868e-11,4.844285e-10,4.844285e-12
2.971695e+01,1.242146e-11,4.749634e-10,4.749634e-12
2.971947e+01,1.249427e-11,4.689658e-10,4.689658e-12
2.972198e+01,1.260568e-11,4.670418e-10,4.670418e-12
2.972449e+01,1.275356e-11,4.695947e-10,4.695947e-12
2.972701e+01,1.293528e-11,4.767758e-10,4.767758e-12
2.972952e+01,1.314781e-11,4.884661e-10,4.884661e-12
2.973203e+01,1.338800e-11,5.043030e-10,5.043030e-12
2.973455e+01,1.365266e-11,5.237399e-10,5.237399e-12
2.973706e+01,1.393906e-11,5.461187e-10,5.461187e-12
2.973957e+01,1.424503e-11,5.707371e-10,5.707371e-12
2.974209e+01,1.456889e-11,5.968968e-10,5.968968e-12
2.974460e+01,1.490933e-11,6.239408e-10,6.239408e-12
2.974711e+01,1.526575e-11,6.512807e-10,6.512807e-12
2.974963e+01,1.563789e-11,6.784047e-10,6.784047e-12
2.975214e+01,1.602577e-11,7.048884e-10,7.048884e-12
2.975465e+01,1.642964e-11,7.304032e-10,7.304032e-12
2.975717e+01,1.684967e-11,7.547089e-10,7.547089e-12
2.975968e+01,1.728594e-11,7.776545e-10,7.776545e-12
2.976219e+01,1.773832e-11,7.991798e-10,7.991798e-12
2.976471e+01,1.820594e-11,8.192974e-10,8.192974e-12
2.976722e+01,1.868721e-11,8.380777e-10,8.380777e-12
2.976973e+01,1.917978e-11,8.556419e-10,8.556419e-12
2.977225e+01,1.968054e-11,8.721500e-10,8.721500e-12
2.977476e+01,2.018572e-11,8.877695e-10,8.877695e-12
2.977727e+01,2.069044e-11,9.026439e-10,9.026439e-12
2.977979e+01,2.118909e-11,9.168838e-10,9.168838e-12
2.978230e+01,2.167556e-11,9.305525e-10,9.305525e-12
2.978481e+01,2.214294e-11,9.436422e-10,9.436422e-12
2.978732e+01,2.258425e-11,9.560733e-10,9.560733e-12
2.978984e+01,2.299221e-11,9.676942e-10,9.676942e-12
2.979235e+01,2.335937e-11,9.782798e-10,9.782798e-12
2.979486e+01,2.367867e-11,9.875528e-10,9.875528e-12
2.979738e+01,2.394362e-11,9.952032e-10,9.952032e-12
2.979989e+01,2.414857e-11,1.000904e-09,1.000904e-11
2.980240e+01,2.428825e-11,1.004339e-09,1.004339e-11
2.980492e+01,2.435873e-11,1.005220e-09,1.005220e-11
2.980743e+01,2.435769e-11,1.003308e-09,1.003308e-11
2.980994e+01,2.428388e-11,9.984492e-10,9.984492e-12
2.981246e+01,2.413747e-11,9.905687e-10,9.905687e-12
2.981497e+01,2.391994e-11,9.796811e-10,9.796811e-12
2.981748e+01,2.363450e-11,9.659255e-10,9.659255e-12
2.982000e+01,2.328629e-11,9.495704e-10,9.495704e-12
2.982251e+01,2.288143e-11,9.309799e-10,9.309799e-12
2.982502e+01,2.242699e-11,9.106169e-10,9.106169e-12
2.982754e+01,2.193176e-11,8.890605e-10,8.890605e-12
2.983005e+01,2.140568e-11,8.669725e-10,8.669725e-12
2.983256e+01,2.085921e-11,8.450542e-10,8.450542e-12
2.983508e+01,2.030360e-11,8.240366e-10,8.240366e-12
2.983759e+01,1.975085e-11,8.046480e-10,8.046480e-12
2.984010e+01,1.921317e-11,7.875581e-10,7.875581e-12
2.984262e+01,1.870264e-11,7.733476e-10,7.733476e-12
2.984513e+01,1.823136e-11,7.624860e-10,7.624860e-12
2.984764e+01,1.781089e-11,7.553157e-10,7.553157e-12
2.985016e+01,1.745214e-11,7.520594e-10,7.520594e-12
2.985267e+01,1.716499e-11,7.528328e-10,7.528328e-12
2.985518e+01,1.695787e-11,7.576662e-10,7.576662e-12
2.985770e+01,1.683788e-11,7.665531e-10,7.665531e-12
2.986021e+01,1.681007e-11,7.794796e-10,7.794796e-12
2.986272e+01,1.687740e-11,7.964305e-10,7.964305e-12
2.986524e+01,1.704046e-11,8.173872e-10,8.173872e-12
2.986775e+01,1.729725e-11,8.423010e-10,8.423010e-12
2.987026e+01,1.764320e-11,8.710543e-10,8.710543e-12
2.987278e+01,1.807124e-11,9.034272e-10,9.034272e-12
2.987529e+01,1.857166e-11,9.390561e-10,9.390561e-12
2.987780e+01,1.913196e-11,9.774010e-10,9.774010e-12
2.988032e+01,1.973768e-11,1.017742e-09,1.017742e-11
2.988283e+01,2.037293e-11,1.059197e-09,1.059197e-11
2.988534e+01,2.102029e-11,1.100759e-09,1.100759e-11
2.988786e+01,2.166165e-11,1.141339e-09,1.141339e-11
2.989037e+01,2.227870e-11,1.179815e-09,1.179815e-11
2.989288e+01,2.285370e-11,1.215100e-09,1.215100e-11
2.989540e+01,2.337051e-11,1.246208e-09,1.246208e-11
2.989791e+01,2.381484e-11,1.272306e-09,1.272306e-11
2.990042e+01,2.417450e-11,1.292754e-09,1.292754e-11
2.990294e+01,2.444076e-11,1.307158e-09,1.307158e-11
2.990545e+01,2.460865e-11,1.315386e-09,1.315386e-11
2.990796e+01,2.467641e-11,1.317567e-09,1.317567e-11
2.991048e+01,2.464619e-11,1.314079e-09,1.314079e-11
2.991299e+01,2.452409e-11,1.305536e-09,1.305536e-11
2.991550e+01,2.431954e-11,1.292744e-09,1.292744e-11
2.991802e+01,2.404479e-11,1.276624e-09,1.276624e-11
2.992053e+01,2.371415e-11,1.258158e-09,1.258158e-11
2.992304e+01,2.334368e-11,1.238335e-09,1.238335e-11
2.992555e+01,2.295039e-11,1.218080e-09,1.218080e-11
2.992807e+01,2.255107e-11,1.198203e-09,1.198203e-11
2.993058e+01,2.216157e-11,1.179368e-09,1.179368e-11
2.993309e+01,2.179629e-11,1.162068e-09,1.162068e-11
2.993561e+01,2.146728e-11,1.146615e-09,1.146615e-11
2.993812e+01,2.118374e-11,1.133180e-09,1.133180e-11
2.994063e+01,2.095236e-11,1.121833e-09,1.121833e-11
2.994315e+01,2.077674e-11,1.112530e-09,1.112530e-11
2.994566e+01,2.065699e-11,1.105125e-09,1.105125e-11
2.994817e+01,2.059082e-11,1.099423e-09,1.099423e-11
2.995069e+01,2.057387e-11,1.095199e-09,1.095199e-11
2.995320e+01,2.059981e-11,1.092175e-09,1.092175e-11
2.995571e+01,2.066104e-11,1.090041e-09,1.090041e-11
2.995823e+01,2.074957e-11,1.088483e-09,1.088483e-11
2.996074e+01,2.085744e-11,1.087196e-09,1.087196e-11
2.996325e+01,2.097713e-11,1.085887e-09,1.085887e-11
2.996577e+01,2.110230e-11,1.084316e-09,1.084316e-11
2.996828e+01,2.122793e-11,1.082310e-09,1.082310e-11
2.997079e+01,2.135000e-11,1.079762e-09,1.079762e-11
2.997331e+01,2.146643e-11,1.076646e-09,1.076646e-11
2.997582e+01,2.157667e-11,1.073010e-09,1.073010e-11
2.997833e+01,2.168074e-11,1.068958e-09,1.068958e-11
2.998085e+01,2.177988e-11,1.064628e-09,1.064628e-11
2.998336e+01,2.187597e-11,1.060182e-09,1.060182e-11
2.998587e+01,2.197098e-11,1.055784e-09,1.055784e-11
2.998839e+01,2.206679e-11,1.051581e-09,1.051581e-11
2.999090e+01,2.216457e-11,1.047691e-09,1.047691e-11
2.999341e+01,2.226497e-11,1.044186e-09,1.044186e-11
2.999593e+01,2.236799e-11,1.041109e-09,1.041109e-11
2.999844e+01,2.247269e-11,1.038470e-09,1.038470e-11
3.000095e+01,2.257749e-11,1.036249e-09,1.036249e-11
3.000347e+01,2.268038e-11,1.034403e-09,1.034403e-11
3.000598e+01,2.277911e-11,1.032881e-09,1.032881e-11
3.000849e+01,2.287125e-11,1.031633e-09,1.031633e-11
3.001101e+01,2.295487e-11,1.030606e-09,1.030606e-11
3.001352e+01,2.302869e-11,1.029766e-09,1.029766e-11
3.001603e+01,2.309191e-11,1.029087e-09,1.029087e-11
3.001855e+01,2.314459e-11,1.028559e-09,1.028559e-11
3.002106e+01,2.318820e-11,1.028193e-09,1.028193e-11
3.002357e+01,2.322466e-11,1.028013e-09,1.028013e-11
3.002609e+01,2.325654e-11,1.028058e-09,1.028058e-11
3.002860e+01,2.328742e-11,1.028371e-09,1.028371e-11
3.003111e+01,2.332062e-11,1.028989e-09,1.028989e-11
3.003363e+01,2.335973e-11,1.029941e-09,1.029941e-11
3.003614e+01,2.340803e-11,1.031244e-09,1.031244e-11
3.003865e+01,2.346767e-11,1.032889e-09,1.032889e-11
3.004117e+01,2.353991e-11,1.034845e-09,1.034845e-11
3.004368e+01,2.362488e-11,1.037055e-09,1.037055e-11
3.004619e+01,2.372149e-11,1.039445e-09,1.039445e-11
3.004871e+01,2.382713e-11,1.041917e-09,1.041917e-11
3.005122e+01,2.393779e-11,1.044352e-09,1.044352e-11
3.005373e+01,2.404843e-11,1.046629e-09,1.046629e-11
3.005625e+01,2.415330e-11,1.048623e-09,1.048623e-11
3.005876e+01,2.424611e-11,1.050206e-09,1.050206e-11
3.006127e+01,2.431999e-11,1.051258e-09,1.051258e-11
3.006379e+01,2.436855e-11,1.051671e-09,1.051671e-11
3.006630e+01,2.438631e-11,1.051364e-09,1.051364e-11
3.006881e+01,2.436836e-11,1.050272e-09,1.050272e-11
3.007132e+01,2.431092e-11,1.048354e-09,1.048354e-11
3.007384e+01,2.421191e-11,1.045598e-09,1.045598e-11
3.007635e+01,2.407083e-11,1.042015e-09,1.042015e-11
3.007886e+01,2.388892e-11,1.037640e-09,1.037640e-11
3.008138e+01,2.366925e-11,1.032525e-09,1.032525e-11
3.008389e+01,2.341644e-11,1.026731e-09,1.026731e-11
3.008640e+01,2.313633e-11,1.020324e-09,1.020324e-11
3.008892e+01,2.283620e-11,1.013373e-09,1.013373e-11
3.009143e+01,2.252450e-11,1.005954e-09,1.005954e-11
3.009394e+01,2.220981e-11,9.981420e-10,9.981420e-12
3.009646e+01,2.190125e-11,9.900332e-10,9.900332e-12
3.009897e+01,2.160838e-11,9.817546e-10,9.817546e-12
3.010148e+01,2.133987e-11,9.734668e-10,9.734668e-12
3.010400e+01,2.110337e-11,9.653752e-10,9.653752e-12
3.010651e+01,2.090566e-11,9.577414e-10,9.577414e-12
3.010902e+01,2.075234e-11,9.508758e-10,9.508758e-12
3.011154e+01,2.064699e-11,9.451215e-10,9.451215e-12
3.011405e+01,2.059110e-11,9.408277e-10,9.408277e-12
3.011656e+01,2.058422e-11,9.383088e-10,9.383088e-12
3.011908e+01,2.062360e-11,9.378002e-10,9.378002e-12
3.012159e+01,2.070414e-11,9.394118e-10,9.394118e-12
3.012410e+01,2.081824e-11,9.430840e-10,9.430840e-12
3.012662e+01,2.095624e-11,9.485636e-10,9.485636e-12
3.012913e+01,2.110699e-11,9.553968e-10,9.553968e-12
3.013164e+01,2.125753e-11,9.629397e-10,9.629397e-12
3.013416e+01,2.139409e-11,9.703911e-10,9.703911e-12
3.013667e+01,2.150272e-11,9.768381e-10,9.768381e-12
3.013918e+01,2.156924e-11,9.813082e-10,9.813082e-12
3.014170e+01,2.158050e-11,9.828348e-10,9.828348e-12
3.014421e+01,2.152518e-11,9.805168e-10,9.805168e-12
3.014672e+01,2.139390e-11,9.735723e-10,9.735723e-12
3.014924e+01,2.118020e-11,9.613962e-10,9.613962e-12
3.015175e+01,2.088114e-11,9.436043e-10,9.436043e-12
3.015426e+01,2.049710e-11,9.200703e-10,9.200703e-12
3.015678e+01,2.003236e-11,8.909614e-10,8.909614e-12
3.015929e+01,1.949540e-11,8.567571e-10,8.567571e-12
3.016180e+01,1.889829e-11,8.182571e-10,8.182571e-12
3.016432e+01,1.825636e-11,7.765725e-10,7.765725e-12
3.016683e+01,1.758787e-11,7.331019e-10,7.331019e-12
3.016934e+01,1.691330e-11,6.894808e-10,6.894808e-12
3.017186e+01,1.625433e-11,6.474940e-10,6.474940e-12
3.017437e+01,1.563313e-11,6.089445e-10,6.089445e-12
3.017688e+01,1.507113e-11,5.754857e-10,5.754857e-12
3.017940e+01,1.458822e-11,5.484291e-10,5.484291e-12
3.018191e+01,1.420189e-11,5.285593e-10,5.285593e-12
3.018442e+01,1.392611e-11,5.160410e-10,5.160410e-12
3.018694e+01,1.377113e-11,5.104881e-10,5.104881e-12
3.018945e+01,1.374267e-11,5.111630e-10,5.111630e-12
3.019196e+01,1.384134e-11,5.172343e-10,5.172343e-12
3.019448e+01,1.406321e-11,5.280028e-10,5.280028e-12
3.019699e+01,1.439973e-11,5.430116e-10,5.430116e-12
3.019950e+01,1.483775e-11,5.620204e-10,5.620204e-12
3.020202e+01,1.536033e-11,5.848924e-10,5.848924e-12
3.020453e+01,1.594753e-11,6.114428e-10,6.114428e-12
3.020704e+01,1.657724e-11,6.412929e-10,6.412929e-12
3.020955e+01,1.722588e-11,6.737763e-10,6.737763e-12
3.021207e+01,1.786950e-11,7.079273e-10,7.079273e-12
3.021458e+01,1.848455e-11,7.425312e-10,7.425312e-12
3.021709e+01,1.904864e-11,7.762090e-10,7.762090e-12
3.021961e+01,1.954189e-11,8.075312e-10,8.075312e-12
3.022212e+01,1.994746e-11,8.351256e-10,8.351256e-12
3.022463e+01,2.025144e-11,8.577621e-10,8.577621e-12
3.022715e+01,2.044373e-11,8.744275e-10,8.744275e-12
3.022966e+01,2.051861e-11,8.843825e-10,8.843825e-12
3.023217e+01,2.047426e-11,8.871916e-10,8.871916e-12
3.023469e+01,2.031275e-11,8.827360e-10,8.827360e-12
3.023720e+01,2.004023e-11,8.712112e-10,8.712112e-12
3.023971e+01,1.966634e-11,8.531066e-10,8.531066e-12
3.024223e+01,1.920379e-11,8.291714e-10,8.291714e-12
3.024474e+01,1.866780e-11,8.003734e-10,8.003734e-12
3.024725e+01,1.807573e-11,7.678441e-10,7.678441e-12
3.024977e+01,1.744654e-11,7.328103e-10,7.328103e-12
3.025228e+01,1.679978e-11,6.965241e-10,6.965241e-12
3.025479e+01,1.615508e-11,6.601984e-10,6.601984e-12
3.025731e+01,1.553179e-11,6.249365e-10,6.249365e-12
3.025982e+01,1.494832e-11,5.916695e-10,5.916695e-12
3.026233e+01,1.442148e-11,5.611284e-10,5.611284e-12
3.026485e+01,1.396588e-11,5.338427e-10,5.338427e-12
3.026736e+01,1.359380e-11,5.101699e-10,5.101699e-12
3.026987e+01,1.331492e-11,4.903613e-10,4.903613e-12
3.027239e+01,1.313583e-11,4.746422e-10,4.746422e-12
3.027490e+01,1.306008e-11,4.632867e-10,4.632867e-12
3.027741e+01,1.308822e-11,4.566501e-10,4.566501e-12
3.027993e+01,1.321745e-11,4.551342e-10,4.551342e-12
3.028244e+01,1.344215e-11,4.591016e-10,4.591016e-12
3.028495e+01,1.375411e-11,4.687447e-10,4.687447e-12
3.028747e+01,1.414272e-11,4.839634e-10,4.839634e-12
3.028998e+01,1.459542e-11,5.043040e-10,5.043040e-12
3.029249e+01,1.509820e-11,5.289589e-10,5.289589e-12
3.029501e+01,1.563595e-11,5.568536e-10,5.568536e-12
3.029752e+01,1.619311e-11,5.867705e-10,5.867705e-12
3.030003e+01,1.675433e-11,6.174517e-10,6.174517e-12
3.030255e+01,1.730481e-11,6.477098e-10,6.477098e-12
3.030506e+01,1.783096e-11,6.765099e-10,6.765099e-12
3.030757e+01,1.832069e-11,7.030089e-10,7.030089e-12
3.031009e+01,1.876363e-11,7.265980e-10,7.265980e-12
3.031260e+01,1.915149e-11,7.469304e-10,7.469304e-12
3.031511e+01,1.947876e-11,7.639316e-10,7.639316e-12
3.031763e+01,1.974247e-11,7.777849e-10,7.777849e-12
3.032014e+01,1.994192e-11,7.888776e-10,7.888776e-12
3.032265e+01,2.007903e-11,7.977581e-10,7.977581e-12
3.032517e+01,2.015827e-11,8.050918e-10,8.050918e-12
3.032768e+01,2.018646e-11,8.115569e-10,8.115569e-12
3.033019e+01,2.017190e-11,8.177457e-10,8.177457e-12
3.033271e+01,2.012450e-11,8.241132e-10,8.241132e-12
3.033522e+01,2.005556e-11,8.309150e-10,8.309150e-12
3.033773e+01,1.997717e-11,8.381737e-10,8.381737e-12
3.034025e+01,1.990184e-11,8.457125e-10,8.457125e-12
3.034276e+01,1.984178e-11,8.532069e-10,8.532069e-12
3.034527e+01,1.980874e-11,8.602533e-10,8.602533e-12
3.034779e+01,1.981368e-11,8.664816e-10,8.664816e-12
3.035030e+01,1.986650e-11,8.716699e-10,8.716699e-12
3.035281e+01,1.997511e-11,8.758253e-10,8.758253e-12
3.035532e+01,2.014581e-11,8.792687e-10,8.792687e-12
3.035784e+01,2.038314e-11,8.826763e-10,8.826763e-12
3.036035e+01,2.068881e-11,8.870473e-10,8.870473e-12
3.036286e+01,2.106240e-11,8.936646e-10,8.936646e-12
3.036538e+01,2.150157e-11,9.039719e-10,9.039719e-12
3.036789e+01,2.200123e-11,9.193384e-10,9.193384e-12
3.037040e+01,2.255376e-11,9.408484e-10,9.408484e-12
3.037292e+01,2.315006e-11,9.691124e-10,9.691124e-12
3.037543e+01,2.377901e-11,1.004099e-09,1.004099e-11
3.037794e+01,2.442759e-11,1.045094e-09,1.045094e-11
3.038046e+01,2.508210e-11,1.090784e-09,1.090784e-11
3.038297e+01,2.572799e-11,1.139395e-09,1.139395e-11
3.038548e+01,2.635018e-11,1.188861e-09,1.188861e-11
3.038800e+01,2.693381e-11,1.237000e-09,1.237000e-11
3.039051e+01,2.746486e-11,1.281672e-09,1.281672e-11
3.039302e+01,2.793025e-11,1.320904e-09,1.320904e-11
3.039554e+01,2.831855e-11,1.352974e-09,1.352974e-11
3.039805e+01,2.862065e-11,1.376492e-09,1.376492e-11
3.040056e+01,2.882949e-11,1.390455e-09,1.390455e-11
3.040308e+01,2.894083e-11,1.394287e-09,1.394287e-11
3.040559e+01,2.895344e-11,1.387866e-09,1.387866e-11
3.040810e+01,2.886927e-11,1.371542e-09,1.371542e-11
3.041062e+01,2.869338e-11,1.346145e-09,1.346145e-11
3.041313e+01,2.843382e-11,1.312967e-09,1.312967e-11
3.041564e+01,2.810144e-11,1.273748e-09,1.273748e-11
3.041816e+01,2.770975e-11,1.230627e-09,1.230627e-11
3.042067e+01,2.727476e-11,1.186061e-09,1.186061e-11
3.042318e+01,2.681381e-11,1.142695e-09,1.142695e-11
3.042570e+01,2.634536e-11,1.103195e-09,1.103195e-11
3.042821e+01,2.588895e-11,1.070010e-09,1.070010e-11
3.043072e+01,2.546386e-11,1.045099e-09,1.045099e-11
3.043324e+01,2.508862e-11,1.029672e-09,1.029672e-11
3.043575e+01,2.478069e-11,1.024043e-09,1.024043e-11
3.043826e+01,2.455552e-11,1.027628e-09,1.027628e-11
3.044078e+01,2.442597e-11,1.039116e-09,1.039116e-11
3.044329e+01,2.440194e-11,1.056759e-09,1.056759e-11
3.044580e+01,2.449010e-11,1.078686e-09,1.078686e-11
3.044832e+01,2.469326e-11,1.103152e-09,1.103152e-11
3.045083e+01,2.501049e-11,1.128714e-09,1.128714e-11
3.045334e+01,2.543723e-11,1.154305e-09,1.154305e-11
3.045586e+01,2.596464e-11,1.179225e-09,1.179225e-11
3.045837e+01,2.658076e-11,1.203111e-09,1.203111e-11
3.046088e+01,2.727074e-11,1.225862e-09,1.225862e-11
3.046340e+01,2.801640e-11,1.247528e-09,1.247528e-11
3.046591e+01,2.879768e-11,1.268231e-09,1.268231e-11
3.046842e+01,2.959336e-11,1.288081e-09,1.288081e-11
3.047094e+01,3.038115e-11,1.307120e-09,1.307120e-11
3.047345e+01,3.113862e-11,1.325267e-09,1.325267e-11
3.047596e+01,3.184420e-11,1.342318e-09,1.342318e-11
3.047848e+01,3.247755e-11,1.357948e-09,1.357948e-11
3.048099e+01,3.302023e-11,1.371744e-09,1.371744e-11
3.048350e+01,3.345652e-11,1.383252e-09,1.383252e-11
3.048602e+01,3.377384e-11,1.392031e-09,1.392031e-11
3.048853e+01,3.396286e-11,1.397693e-09,1.397693e-11
3.049104e+01,3.401820e-11,1.399941e-09,1.399941e-11
3.049355e+01,3.393824e-11,1.398605e-09,1.398605e-11
3.049607e+01,3.372493e-11,1.393646e-09,1.393646e-11
3.049858e+01,3.338439e-11,1.385167e-09,1.385167e-11
3.050109e+01,3.292627e-11,1.373395e-09,1.373395e-11
3.050361e+01,3.236297e-11,1.358654e-09,1.358654e-11
3.050612e+01,3.170979e-11,1.341334e-09,1.341334e-11
3.050863e+01,3.098420e-11,1.321861e-09,1.321861e-11
3.051115e+01,3.020465e-11,1.300653e-09,1.300653e-11
3.051366e+01,2.939024e-11,1.278091e-09,1.278091e-11
3.051617e+01,2.856072e-11,1.254498e-09,1.254498e-11
3.051869e+01,2.773485e-11,1.230130e-09,1.230130e-11
3.052120e+01,2.693000e-11,1.205188e-09,1.205188e-11
3.052371e+01,2.616222e-11,1.179821e-09,1.179821e-11
3.052623e+01,2.544478e-11,1.154149e-09,1.154149e-11
3.052874e+01,2.478811e-11,1.128297e-09,1.128297e-11
3.053125e+01,2.420029e-11,1.102440e-09,1.102440e-11
3.053377e+01,2.368603e-11,1.076799e-09,1.076799e-11
3.053628e+01,2.324668e-11,1.051656e-09,1.051656e-11
3.053879e+01,2.288150e-11,1.027371e-09,1.027371e-11
3.054131e+01,2.258645e-11,1.004350e-09,1.004350e-11
3.054382e+01,2.235484e-11,9.829930e-10,9.829930e-12
3.054633e+01,2.217876e-11,9.636740e-10,9.636740e-12
3.054885e+01,2.204795e-11,9.466767e-10,9.466767e-12
3.055136e+01,2.195138e-11,9.321500e-10,9.321500e-12
3.055387e+01,2.187809e-11,9.200770e-10,9.200770e-12
3.055639e+01,2.181645e-11,9.102417e-10,9.102417e-12
3.055890e+01,2.175538e-11,9.022358e-10,9.022358e-12
3.056141e+01,2.168492e-11,8.954945e-10,8.954945e-12
3.056393e+01,2.159591e-11,8.893335e-10,8.893335e-12
3.056644e+01,2.148069e-11,8.830070e-10,8.830070e-12
3.056895e+01,2.133336e-11,8.757720e-10,8.757720e-12
3.057147e+01,2.114914e-11,8.669344e-10,8.669344e-12
3.057398e+01,2.092484e-11,8.558918e-10,8.558918e-12
3.057649e+01,2.065895e-11,8.421728e-10,8.421728e-12
3.057901e+01,2.035115e-11,8.254600e-10,8.254600e-12
3.058152e+01,2.000211e-11,8.055972e-10,8.055972e-12
3.058403e+01,1.961319e-11,7.825875e-10,7.825875e-12
3.058655e+01,1.918634e-11,7.565910e-10,7.565910e-12
3.058906e+01,1.872445e-11,7.279177e-10,7.279177e-12
3.059157e+01,1.823065e-11,6.970014e-10,6.970014e-12
3.059409e+01,1.770795e-11,6.643714e-10,6.643714e-12
3.059660e+01,1.715998e-11,6.306327e-10,6.306327e-12
3.059911e+01,1.659043e-11,5.964351e-10,5.964351e-12
3.060163e+01,1.600315e-11,5.624408e-10,5.624408e-12
3.060414e+01,1.540263e-11,5.292994e-10,5.292994e-12
3.060665e+01,1.479351e-11,4.976158e-10,4.976158e-12
3.060917e+01,1.418087e-11,4.679292e-10,4.679292e-12
3.061168e+01,1.357068e-11,4.406883e-10,4.406883e-12
3.061419e+01,1.296923e-11,4.162202e-10,4.162202e-12
3.061671e+01,1.238346e-11,3.947202e-10,3.947202e-12
3.061922e+01,1.182118e-11,3.762379e-10,3.762379e-12
3.062173e+01,1.129003e-11,3.606647e-10,3.606647e-12
3.062425e+01,1.079812e-11,3.477492e-10,3.477492e-12
3.062676e+01,1.035366e-11,3.371218e-10,3.371218e-12
3.062927e+01,9.964243e-12,3.283430e-10,3.283430e-12
3.063179e+01,9.637049e-12,3.209669e-10,3.209669e-12
3.063430e+01,9.378163e-12,3.146015e-10,3.146015e-12
3.063681e+01,9.192349e-12,3.089827e-10,3.089827e-12
3.063932e+01,9.082913e-12,3.040364e-10,3.040364e-12
3.064184e+01,9.051306e-12,2.999116e-10,2.999116e-12
3.064435e+01,9.096893e-12,2.970024e-10,2.970024e-12
3.064686e+01,9.217064e-12,2.959299e-10,2.959299e-12
3.064938e+01,9.407275e-12,2.974543e-10,2.974543e-12
3.065189e+01,9.660916e-12,3.023340e-10,3.023340e-12
3.065440e+01,9.969580e-12,3.111589e-10,3.111589e-12
3.065692e+01,1.032343e-11,3.242066e-10,3.242066e-12
3.065943e+01,1.071159e-11,3.413630e-10,3.413630e-12
3.066194e+01,1.112233e-11,3.621345e-10,3.621345e-12
3.066446e+01,1.154388e-11,3.857523e-10,3.857523e-12
3.066697e+01,1.196461e-11,4.112920e-10,4.112920e-12
3.066948e+01,1.237294e-11,4.377790e-10,4.377790e-12
3.067200e+01,1.275886e-11,4.642831e-10,4.642831e-12
3.067451e+01,1.311385e-11,4.899668e-10,4.899668e-12
3.067702e+01,1.343058e-11,5.141049e-10,5.141049e-12
3.067954e+01,1.370393e-11,5.361037e-10,5.361037e-12
3.068205e+01,1.393094e-11,5.555015e-10,5.555015e-12
3.068456e+01,1.411038e-11,5.719517e-10,5.719517e-12
3.068708e+01,1.424353e-11,5.852156e-10,5.852156e-12
3.068959e+01,1.433386e-11,5.951567e-10,5.951567e-12
3.069210e+01,1.438642e-11,6.017255e-10,6.017255e-12
3.069462e+01,1.440812e-11,6.049592e-10,6.049592e-12
3.069713e+01,1.440729e-11,6.049899e-10,6.049899e-12
3.069964e+01,1.439337e-11,6.020580e-10,6.020580e-12
3.070216e+01,1.437640e-11,5.965388e-10,5.965388e-12
3.070467e+01,1.436673e-11,5.889764e-10,5.889764e-12
3.070718e+01,1.437469e-11,5.801216e-10,5.801216e-12
3.070970e+01,1.441015e-11,5.709585e-10,5.709585e-12
3.071221e+01,1.448209e-11,5.627023e-10,5.627023e-12
3.071472e+01,1.459795e-11,5.567625e-10,5.567625e-12
3.071724e+01,1.476412e-11,5.546401e-10,5.546401e-12
3.071975e+01,1.498542e-11,5.577383e-10,5.577383e-12
3.072226e+01,1.526433e-11,5.671260e-10,5.671260e-12
3.072478e+01,1.560157e-11,5.833335e-10,5.833335e-12
3.072729e+01,1.599650e-11,6.062456e-10,6.062456e-12
3.072980e+01,1.644643e-11,6.351190e-10,6.351190e-12
3.073232e+01,1.694686e-11,6.687266e-10,6.687266e-12
3.073483e+01,1.749231e-11,7.055695e-10,7.055695e-12
3.073734e+01,1.807607e-11,7.440800e-10,7.440800e-12
3.073986e+01,1.869063e-11,7.827970e-10,7.827970e-12
3.074237e+01,1.932867e-11,8.204884e-10,8.204884e-12
3.074488e+01,1.998236e-11,8.562231e-10,8.562231e-12
3.074740e+01,2.064413e-11,8.894263e-10,8.894263e-12
3.074991e+01,2.130735e-11,9.199056e-10,9.199056e-12
3.075242e+01,2.196594e-11,9.478375e-10,9.478375e-12
3.075494e+01,2.261484e-11,9.737317e-10,9.737317e-12
3.075745e+01,2.325006e-11,9.983616e-10,9.983616e-12
3.075996e+01,2.386830e-11,1.022659e-09,1.022659e-11
3.076248e+01,2.446705e-11,1.047589e-09,1.047589e-11
3.076499e+01,2.504437e-11,1.074017e-09,1.074017e-11
3.076750e+01,2.559853e-11,1.102571e-09,1.102571e-11
3.077002e+01,2.612779e-11,1.133541e-09,1.133541e-11
3.077253e+01,2.663009e-11,1.166824e-09,1.166824e-11
3.077504e+01,2.710255e-11,1.201922e-09,1.201922e-11
3.077755e+01,2.754118e-11,1.237985e-09,1.237985e-11
3.078007e+01,2.794102e-11,1.273906e-09,1.273906e-11
3.078258e+01,2.829612e-11,1.308419e-09,1.308419e-11
3.078509e+01,2.859933e-11,1.340194e-09,1.340194e-11
3.078761e+01,2.884260e-11,1.367935e-09,1.367935e-11
3.079012e+01,2.901726e-11,1.390448e-09,1.390448e-11
3.079263e+01,2.911472e-11,1.406706e-09,1.406706e-11
3.079515e+01,2.912687e-11,1.415886e-09,1.415886e-11
3.079766e+01,2.904628e-11,1.417391e-09,1.417391e-11
3.080017e+01,2.886713e-11,1.410865e-09,1.410865e-11
3.080269e+01,2.858560e-11,1.396204e-09,1.396204e-11
3.080520e+01,2.820036e-11,1.373552e-09,1.373552e-11
3.080771e+01,2.771302e-11,1.343301e-09,1.343301e-11
3.081023e+01,2.712804e-11,1.306071e-09,1.306071e-11
3.081274e+01,2.645326e-11,1.262705e-09,1.262705e-11
3.081525e+01,2.569947e-11,1.214241e-09,1.214241e-11
3.081777e+01,2.487992e-11,1.161890e-09,1.161890e-11
3.082028e+01,2.401048e-11,1.107003e-09,1.107003e-11
3.082279e+01,2.310881e-11,1.051028e-09,1.051028e-11
3.082531e+01,2.219358e-11,9.954669e-10,9.954669e-12
3.082782e+01,2.128376e-11,9.418180e-10,9.418180e-12
3.083033e+01,2.039796e-11,8.915052e-10,8.915052e-12
3.083285e+01,1.955375e-11,8.458019e-10,8.458019e-12
3.083536e+01,1.876708e-11,8.057489e-10,8.057489e-12
3.083787e+01,1.805141e-11,7.720638e-10,7.720638e-12
3.084039e+01,1.741719e-11,7.450764e-10,7.450764e-12
3.084290e+01,1.687212e-11,7.247176e-10,7.247176e-12
3.084541e+01,1.642069e-11,7.105451e-10,7.105451e-12
3.084793e+01,1.606406e-11,7.018183e-10,7.018183e-12
3.085044e+01,1.580032e-11,6.976194e-10,6.976194e-12
3.085295e+01,1.562530e-11,6.969789e-10,6.969789e-12
3.085547e+01,1.553251e-11,6.989814e-10,6.989814e-12
3.085798e+01,1.551370e-11,7.028470e-10,7.028470e-12
3.086049e+01,1.555991e-11,7.079816e-10,7.079816e-12
3.086301e+01,1.566140e-11,7.139943e-10,7.139943e-12
3.086552e+01,1.580873e-11,7.206924e-10,7.206924e-12
3.086803e+01,1.599315e-11,7.280624e-10,7.280624e-12
3.087055e+01,1.620636e-11,7.362388e-10,7.362388e-12
3.087306e+01,1.644163e-11,7.454618e-10,7.454618e-12
3.087557e+01,1.669344e-11,7.560259e-10,7.560259e-12
3.087809e+01,1.695765e-11,7.682347e-10,7.682347e-12
3.088060e+01,1.723151e-11,7.823487e-10,7.823487e-12
3.088311e+01,1.751310e-11,7.985326e-10,7.985326e-12
3.088563e+01,1.780131e-11,8.168315e-10,8.168315e-12
3.088814e+01,1.809539e-11,8.371543e-10,8.371543e-12
3.089065e+01,1.839482e-11,8.592843e-10,8.592843e-12
3.089317e+01,1.869895e-11,8.829033e-10,8.829033e-12
3.089568e+01,1.900641e-11,9.075957e-10,9.075957e-12
3.089819e+01,1.931511e-11,9.328752e-10,9.328752e-12
3.090071e+01,1.962199e-11,9.582289e-10,9.582289e-12
3.090322e+01,1.992288e-11,9.831327e-10,9.831327e-12
3.090573e+01,2.021254e-11,1.007066e-09,1.007066e-11
3.090825e+01,2.048474e-11,1.029523e-09,1.029523e-11
3.091076e+01,2.073236e-11,1.050016e-09,1.050016e-11
3.091327e+01,2.094804e-11,1.068085e-09,1.068085e-11
3.091578e+01,2.112420e-11,1.083301e-09,1.083301e-11
3.091830e+01,2.125318e-11,1.095259e-09,1.095259e-11
3.092081e+01,2.132808e-11,1.103597e-09,1.103597e-11
3.092332e+01,2.134303e-11,1.107995e-09,1.107995e-11
3.092584e+01,2.129358e-11,1.108184e-09,1.108184e-11
3.092835e+01,2.117693e-11,1.103954e-09,1.103954e-11
3.093086e+01,2.099214e-11,1.095155e-09,1.095155e-11
3.093338e+01,2.074035e-11,1.081717e-09,1.081717e-11
3.093589e+01,2.042503e-11,1.063652e-09,1.063652e-11
3.093840e+01,2.005181e-11,1.041061e-09,1.041061e-11
3.094092e+01,1.962833e-11,1.014129e-09,1.014129e-11
3.094343e+01,1.916406e-11,9.831384e-10,9.831384e-12
3.094594e+01,1.866968e-11,9.484687e-10,9.484687e-12
3.094846e+01,1.815723e-11,9.106104e-10,9.106104e-12
3.095097e+01,1.763936e-11,8.701807e-10,8.701807e-12
3.095348e+01,1.712870e-11,8.279429e-10,8.279429e-12
3.095600e+01,1.663803e-11,7.848392e-10,7.848392e-12
3.095851e+01,1.617896e-11,7.420231e-10,7.420231e-12
3.096102e+01,1.576189e-11,7.008848e-10,7.008848e-12
3.096354e+01,1.539613e-11,6.630588e-10,6.630588e-12
3.096605e+01,1.508902e-11,6.303740e-10,6.303740e-12
3.096856e+01,1.484596e-11,6.047160e-10,6.047160e-12
3.097108e+01,1.467052e-11,5.877698e-10,5.877698e-12
3.097359e+01,1.456424e-11,5.806740e-10,5.806740e-12
3.097610e+01,1.452677e-11,5.837120e-10,5.837120e-12
3.097862e+01,1.455625e-11,5.961879e-10,5.961879e-12
3.098113e+01,1.464983e-11,6.165572e-10,6.165572e-12
3.098364e+01,1.480326e-11,6.427478e-10,6.427478e-12
3.098616e+01,1.501159e-11,6.725277e-10,6.725277e-12
3.098867e+01,1.527002e-11,7.037940e-10,7.037940e-12
3.099118e+01,1.557340e-11,7.347512e-10,7.347512e-12
3.099370e+01,1.591673e-11,7.640047e-10,7.640047e-12
3.099621e+01,1.629556e-11,7.905958e-10,7.905958e-12
3.099872e+01,1.670578e-11,8.140099e-10,8.140099e-12
3.100124e+01,1.714381e-11,8.341665e-10,8.341665e-12
3.100375e+01,1.760674e-11,8.513831e-10,8.513831e-12
3.100626e+01,1.809172e-11,8.663193e-10,8.663193e-12
3.100878e+01,1.859586e-11,8.799012e-10,8.799012e-12
3.101129e+01,1.911644e-11,8.932242e-10,8.932242e-12
3.101380e+01,1.965032e-11,9.074280e-10,9.074280e-12
3.101632e+01,2.019356e-11,9.235434e-10,9.235434e-12
3.101883e+01,2.074154e-11,9.423553e-10,9.423553e-12
3.102134e+01,2.128875e-11,9.643059e-10,9.643059e-12
3.102386e+01,2.182870e-11,9.894285e-10,9.894285e-12
3.102637e+01,2.235409e-11,1.017337e-09,1.017337e-11
3.102888e+01,2.285675e-11,1.047290e-09,1.047290e-11
3.103140e+01,2.332796e-11,1.078291e-09,1.078291e-11
3.103391e+01,2.375875e-11,1.109189e-09,1.109189e-11
3.103642e+01,2.414034e-11,1.138798e-09,1.138798e-11
3.103894e+01,2.446482e-11,1.165996e-09,1.165996e-11
3.104145e+01,2.472485e-11,1.189789e-09,1.189789e-11
3.104396e+01,2.491435e-11,1.209381e-09,1.209381e-11
3.104648e+01,2.502938e-11,1.224212e-09,1.224212e-11
3.104899e+01,2.506790e-11,1.233955e-09,1.233955e-11
3.105150e+01,2.503019e-11,1.238526e-09,1.238526e-11
3.105402e+01,2.491878e-11,1.238082e-09,1.238082e-11
3.105653e+01,2.473848e-11,1.232991e-09,1.232991e-11
3.105904e+01,2.449636e-11,1.223782e-09,1.223782e-11
3.106155e+01,2.420134e-11,1.211103e-09,1.211103e-11
3.106407e+01,2.386396e-11,1.195674e-09,1.195674e-11
3.106658e+01,2.349560e-11,1.178233e-09,1.178233e-11
3.106909e+01,2.310845e-11,1.159468e-09,1.159468e-11
3.107161e+01,2.271479e-11,1.139966e-09,1.139966e-11
3.107412e+01,2.232620e-11,1.120191e-09,1.120191e-11
3.107663e+01,2.195384e-11,1.100451e-09,1.100451e-11
3.107915e+01,2.160722e-11,1.080864e-09,1.080864e-11
3.108166e+01,2.129388e-11,1.061392e-09,1.061392e-11
3.108417e+01,2.101983e-11,1.041905e-09,1.041905e-11
3.108669e+01,2.078875e-11,1.022198e-09,1.022198e-11
3.108920e+01,2.060225e-11,1.002024e-09,1.002024e-11
3.109171e+01,2.045981e-11,9.811773e-10,9.811773e-12
3.109423e+01,2.035913e-11,9.595665e-10,9.595665e-12
3.109674e+01,2.029664e-11,9.372427e-10,9.372427e-12
3.109925e+01,2.026722e-11,9.144145e-10,9.144145e-12
3.110177e+01,2.026472e-11,8.914610e-10,8.914610e-12
3.110428e+01,2.028266e-11,8.689286e-10,8.689286e-12
3.110679e+01,2.031489e-11,8.474943e-10,8.474943e-12
3.110931e+01,2.035522e-11,8.278978e-10,8.278978e-12
3.111182e+01,2.039811e-11,8.108547e-10,8.108547e-12
3.111433e+01,2.043920e-11,7.969464e-10,7.969464e-12
3.111685e+01,2.047468e-11,7.865210e-10,7.865210e-12
3.111936e+01,2.050209e-11,7.796329e-10,7.796329e-12
3.112187e+01,2.052020e-11,7.760025e-10,7.760025e-12
3.112439e+01,2.052836e-11,7.750296e-10,7.750296e-12
3.112690e+01,2.052697e-11,7.758829e-10,7.758829e-12
3.112941e+01,2.051715e-11,7.776105e-10,7.776105e-12
3.113193e+01,2.050015e-11,7.792522e-10,7.792522e-12
3.113444e+01,2.047709e-11,7.799611e-10,7.799611e-12
3.113695e+01,2.044894e-11,7.790937e-10,7.790937e-12
3.113947e+01,2.041608e-11,7.762714e-10,7.762714e-12
3.114198e+01,2.037830e-11,7.714202e-10,7.714202e-12
3.114449e+01,2.033452e-11,7.647654e-10,7.647654e-12
3.114701e+01,2.028237e-11,7.567933e-10,7.567933e-12
3.114952e+01,2.021888e-11,7.481897e-10,7.481897e-12
3.115203e+01,2.014024e-11,7.397431e-10,7.397431e-12
3.115455e+01,2.004156e-11,7.322189e-10,7.322189e-12
3.115706e+01,1.991779e-11,7.262326e-10,7.262326e-12
3.115957e+01,1.976369e-11,7.221370e-10,7.221370e-12
3.116209e+01,1.957356e-11,7.199474e-10,7.199474e-12
3.116460e+01,1.934254e-11,7.193338e-10,7.193338e-12
3.116711e+01,1.906670e-11,7.196683e-10,7.196683e-12
3.116963e+01,1.874256e-11,7.201208e-10,7.201208e-12
3.117214e+01,1.836865e-11,7.197975e-10,7.197975e-12
3.117465e+01,1.794505e-11,7.178647e-10,7.178647e-12
3.117717e+01,1.747308e-11,7.136442e-10,7.136442e-12
3.117968e+01,1.695619e-11,7.067036e-10,7.067036e-12
3.118219e+01,1.639971e-11,6.969072e-10,6.969072e-12
3.118471e+01,1.581073e-11,6.844120e-10,6.844120e-12
3.118722e+01,1.519783e-11,6.696420e-10,6.696420e-12
3.118973e+01,1.457089e-11,6.532377e-10,6.532377e-12
3.119225e+01,1.394072e-11,6.359648e-10,6.359648e-12
3.119476e+01,1.331883e-11,6.186097e-10,6.186097e-12
3.119727e+01,1.271691e-11,6.018752e-10,6.018752e-12
3.119978e+01,1.214640e-11,5.862826e-10,5.862826e-12
3.120230e+01,1.161835e-11,5.721025e-10,5.721025e-12
3.120481e+01,1.114265e-11,5.593352e-10,5.593352e-12
3.120732e+01,1.072793e-11,5.477561e-10,5.477561e-12
3.120984e+01,1.038136e-11,5.370115e-10,5.370115e-12
3.121235e+01,1.010808e-11,5.267298e-10,5.267298e-12
3.121486e+01,9.911467e-12,5.166443e-10,5.166443e-12
3.121738e+01,9.793078e-12,5.067021e-10,5.067021e-12
3.121989e+01,9.752176e-12,4.971189e-10,4.971189e-12
3.122240e+01,9.786027e-12,4.883822e-10,4.883822e-12
3.122492e+01,9.890154e-12,4.812128e-10,4.812128e-12
3.122743e+01,1.005840e-11,4.764664e-10,4.764664e-12
3.122994e+01,1.028299e-11,4.749672e-10,4.749672e-12
3.123246e+01,1.055488e-11,4.773213e-10,4.773213e-12
3.123497e+01,1.086395e-11,4.837733e-10,4.837733e-12
3.123748e+01,1.119932e-11,4.941316e-10,4.941316e-12
3.124000e+01,1.154966e-11,5.077817e-10,5.077817e-12
3.124251e+01,1.190316e-11,5.237845e-10,5.237845e-12
3.124502e+01,1.224820e-11,5.410220e-10,5.410220e-12
3.124754e+01,1.257368e-11,5.583397e-10,5.583397e-12
3.125005e+01,1.286891e-11,5.746510e-10,5.746510e-12
3.125256e+01,1.312402e-11,5.890037e-10,5.890037e-12
3.125508e+01,1.333045e-11,6.006169e-10,6.006169e-12
3.125759e+01,1.348088e-11,6.088966e-10,6.088966e-12
3.126010e+01,1.356954e-11,6.134317e-10,6.134317e-12
3.126262e+01,1.359242e-11,6.139770e-10,6.139770e-12
3.126513e+01,1.354728e-11,6.104359e-10,6.104359e-12
3.126764e+01,1.343382e-11,6.028446e-10,6.028446e-12
3.127016e+01,1.325366e-11,5.913574e-10,5.913574e-12
3.127267e+01,1.301052e-11,5.762332e-10,5.762332e-12
3.127518e+01,1.270998e-11,5.578220e-10,5.578220e-12
3.127770e+01,1.235934e-11,5.365637e-10,5.365637e-12
3.128021e+01,1.196748e-11,5.129887e-10,5.129887e-12
3.128272e+01,1.154465e-11,4.877130e-10,4.877130e-12
3.128524e+01,1.110213e-11,4.614428e-10,4.614428e-12
3.128775e+01,1.065195e-11,4.349777e-10,4.349777e-12
3.129026e+01,1.020650e-11,4.092053e-10,4.092053e-12
3.129278e+01,9.777908e-12,3.850876e-10,3.850876e-12
3.129529e+01,9.377985e-12,3.636260e-10,3.636260e-12
3.129780e+01,9.017627e-12,3.457920e-10,3.457920e-12
3.130032e+01,8.706352e-12,3.324224e-10,3.324224e-12
3.130283e+01,8.452239e-12,3.240916e-10,3.240916e-12
3.130534e+01,8.261687e-12,3.210030e-10,3.210030e-12
3.130786e+01,8.139164e-12,3.229401e-10,3.229401e-12
3.131037e+01,8.086936e-12,3.293102e-10,3.293102e-12
3.131288e+01,8.105196e-12,3.392760e-10,3.392760e-12
3.131540e+01,8.192103e-12,3.519096e-10,3.519096e-12
3.131791e+01,8.343939e-12,3.663131e-10,3.663131e-12
3.132042e+01,8.555365e-12,3.816917e-10,3.816917e-12
3.132294e+01,8.819610e-12,3.973845e-10,3.973845e-12
3.132545e+01,9.128682e-12,4.128670e-10,4.128670e-12
3.132796e+01,9.473959e-12,4.277410e-10,4.277410e-12
3.133048e+01,9.846475e-12,4.417212e-10,4.417212e-12
3.133299e+01,1.023707e-11,4.546241e-10,4.546241e-12
3.133550e+01,1.063725e-11,4.663553e-10,4.663553e-12
3.133802e+01,1.103915e-11,4.768975e-10,4.768975e-12
3.134053e+01,1.143571e-11,4.863039e-10,4.863039e-12
3.134304e+01,1.182143e-11,4.946941e-10,4.946941e-12
3.134555e+01,1.219226e-11,5.022508e-10,5.022508e-12
3.134807e+01,1.254557e-11,5.092125e-10,5.092125e-12
3.135058e+01,1.288043e-11,5.158622e-10,5.158622e-12
3.135309e+01,1.319752e-11,5.225185e-10,5.225185e-12
3.135561e+01,1.349876e-11,5.295268e-10,5.295268e-12
3.135812e+01,1.378723e-11,5.372478e-10,5.372478e-12
3.136063e+01,1.406715e-11,5.460503e-10,5.460503e-12
3.136315e+01,1.434346e-11,5.563015e-10,5.563015e-12
3.136566e+01,1.462088e-11,5.683460e-10,5.683460e-12
3.136817e+01,1.490413e-11,5.824921e-10,5.824921e-12
3.137069e+01,1.519791e-11,5.990057e-10,5.990057e-12
3.137320e+01,1.550585e-11,6.180924e-10,6.180924e-12
3.137571e+01,1.583039e-11,6.398669e-10,6.398669e-12
3.137823e+01,1.617280e-11,6.643354e-10,6.643354e-12
3.138074e+01,1.653298e-11,6.913898e-10,6.913898e-12
3.138325e+01,1.690943e-11,7.207876e-10,7.207876e-12
3.138577e+01,1.729875e-11,7.521354e-10,7.521354e-12
3.138828e+01,1.769602e-11,7.849081e-10,7.849081e-12
3.139079e+01,1.809510e-11,8.184687e-10,8.184687e-12
3.139331e+01,1.848891e-11,8.520729e-10,8.520729e-12
3.139582e+01,1.886930e-11,8.848988e-10,8.848988e-12
3.139833e+01,1.922748e-11,9.160888e-10,9.160888e-12
3.140085e+01,1.955473e-11,9.447817e-10,9.447817e-12
3.140336e+01,1.984274e-11,9.701547e-10,9.701547e-12
3.140587e+01,2.008375e-11,9.914622e-10,9.914622e-12
3.140839e+01,2.027095e-11,1.008059e-09,1.008059e-11
3.141090e+01,2.039886e-11,1.019420e-09,1.019420e-11
3.141341e+01,2.046376e-11,1.025184e-09,1.025184e-11
