N_HI,b_param_km_s
4.835999e+13,7.898893e+01
3.111491e+13,3.200991e+01
2.419103e+13,7.899774e+01
5.235752e+13,5.308961e+01
2.250886e+13,7.899434e+01
9.626400e+12,7.899583e+01
2.261799e+13,7.899307e+01
1.451892e+13,7.899787e+01
1.694092e+13,7.899849e+01
1.160079e+14,7.470981e+01
1.014054e+15,8.000000e+01
2.276929e+13,2.354200e+01
4.145544e+13,4.149878e+01
1.458816e+13,7.899903e+01
2.418284e+13,7.899801e+01
1.427601e+13,7.899881e+01
1.639103e+13,7.898832e+01
3.243982e+13,7.930137e+01
1.216805e+13,3.099025e+01
3.362790e+13,3.543311e+01
3.201806e+13,7.897492e+01
2.003178e+14,6.101702e+01
7.204484e+13,4.468175e+01
2.134634e+13,7.899302e+01
4.771246e+13,5.092759e+01
1.144758e+14,4.990664e+01
9.574219e+12,7.899900e+01
4.612549e+13,3.435210e+01
2.254883e+13,7.899578e+01
8.674121e+13,6.828381e+01
1.634642e+15,8.000000e+01
1.221599e+13,7.899811e+01
2.095257e+13,7.897920e+01
1.379688e+13,7.899691e+01
3.899299e+13,3.633395e+01
9.271782e+13,7.849335e+01
2.097970e+13,7.899219e+01
2.869117e+13,7.899403e+01
1.211340e+14,8.000000e+01
5.209484e+13,7.890142e+01
7.068740e+13,5.765388e+01
7.068740e+13,5.765388e+01
9.728652e+13,6.846398e+01
2.293684e+13,2.774593e+01
3.322608e+13,3.561328e+01
2.448726e+13,2.780598e+01
3.510427e+13,7.899504e+01
7.425340e+13,3.537305e+01
4.218048e+13,5.344995e+01
2.546491e+13,7.899365e+01
1.624251e+13,7.899731e+01
9.414611e+13,4.927483e+01
4.704470e+13,5.110776e+01
3.941577e+13,7.896871e+01
4.246502e+13,3.585350e+01
7.999702e+13,6.359943e+01
1.614460e+13,7.899534e+01
1.244133e+14,4.474181e+01
5.400485e+13,5.357006e+01
1.386333e+14,6.257848e+01
1.330880e+14,5.999606e+01
3.294010e+13,4.999987e+00
3.813141e+13,4.191917e+01
1.722677e+13,7.895243e+01
3.979958e+13,4.221945e+01
1.583092e+13,7.899889e+01
1.677479e+13,7.513682e+01
2.972320e+13,3.393171e+01
2.405059e+13,4.910973e+01
9.916369e+13,6.221814e+01
2.878701e+13,7.899662e+01
4.302873e+13,7.899543e+01
3.289423e+13,2.738559e+01
2.879977e+13,7.898901e+01
1.419612e+13,7.898544e+01
7.081119e+13,4.546248e+01
1.295053e+13,7.899737e+01
1.950208e+13,7.899411e+01
5.089035e+13,3.933676e+01
2.640013e+13,7.899866e+01
4.464507e+14,5.825444e+01
2.178814e+13,7.894268e+01
3.272498e+13,7.899046e+01
2.275763e+13,7.894724e+01
5.727165e+13,5.134798e+01
1.171051e+14,5.056725e+01
3.008101e+13,3.375154e+01
2.019017e+13,7.899750e+01
1.312343e+13,4.999367e+00
1.177901e+13,7.899723e+01
1.684814e+13,7.896439e+01
1.324240e+16,8.000000e+01
4.746911e+13,4.215940e+01
1.143307e+14,5.363012e+01
2.338930e+13,2.648475e+01
3.452010e+13,4.999751e+00
3.357600e+13,7.899818e+01
3.620808e+13,3.200991e+01
3.411775e+13,7.899741e+01
2.793353e+13,7.894435e+01
5.179015e+13,7.896354e+01
1.351881e+14,5.080748e+01
2.848069e+13,3.020823e+01
3.137889e+14,7.146678e+01
1.484685e+13,7.899734e+01
1.451446e+13,7.899772e+01
2.968921e+13,7.897261e+01
1.854283e+16,8.000000e+01
1.274518e+13,7.894041e+01
2.364382e+13,7.895270e+01
1.045905e+16,8.000000e+01
1.006071e+13,7.899761e+01
2.103150e+13,7.899627e+01
5.023944e+13,7.899221e+01
1.262170e+13,7.899450e+01
6.745653e+13,4.732422e+01
4.395644e+13,3.417193e+01
4.361797e+13,3.146941e+01
2.605521e+13,2.099258e+01
1.535752e+13,7.898820e+01
2.453217e+13,7.898144e+01
7.426035e+13,6.876426e+01
5.664448e+13,7.899960e+01
5.664448e+13,7.899959e+01
4.004329e+13,4.041777e+01
2.855496e+13,7.898288e+01
3.398698e+13,7.899289e+01
4.170192e+13,7.899885e+01
1.847658e+13,7.908922e+01
3.694036e+13,3.387165e+01
8.682322e+13,8.000000e+01
7.108745e+13,3.777530e+01
9.714760e+12,7.899767e+01
6.252036e+15,8.000000e+01
4.780875e+13,2.510346e+01
1.445808e+13,7.899538e+01
5.146224e+13,4.251973e+01
7.340521e+14,8.000000e+01
2.086123e+13,4.657240e+01
4.347120e+13,7.899249e+01
4.018254e+13,3.885631e+01
2.774179e+13,7.898293e+01
5.411118e+13,3.981721e+01
8.104289e+13,5.050720e+01
1.982597e+13,7.899469e+01
1.349006e+13,7.897684e+01
4.481804e+13,4.998920e+00
1.925228e+13,7.899323e+01
1.616023e+13,7.899370e+01
3.795160e+13,7.898630e+01
3.795160e+13,7.898686e+01
4.384182e+13,7.899415e+01
5.225562e+13,4.999905e+00
2.942248e+13,7.899282e+01
1.316689e+13,7.898826e+01
1.780905e+14,5.621253e+01
8.827166e+13,3.777530e+01
1.994082e+13,7.895880e+01
1.189549e+13,7.896455e+01
4.915568e+13,4.576276e+01
1.353271e+13,7.899854e+01
3.393011e+13,7.897422e+01
5.410344e+19,8.000000e+01
9.347290e+13,8.000000e+01
2.439631e+13,7.899807e+01
1.642090e+14,6.726285e+01
1.129315e+14,6.816370e+01
1.902942e+13,5.000232e+00
1.380402e+13,7.849543e+01
2.362460e+13,2.588419e+01
1.279276e+14,4.882563e+01
1.374386e+13,7.878114e+01
1.893669e+14,7.609110e+01
2.175649e+13,7.899129e+01
2.722922e+13,4.998819e+00
2.209430e+13,2.318166e+01
3.238041e+13,7.899742e+01
2.960034e+13,4.903222e+01
2.638242e+13,7.896942e+01
8.014920e+13,5.014686e+01
1.147937e+13,7.898506e+01
9.974950e+12,7.899753e+01
3.078113e+13,7.898566e+01
7.041827e+13,5.441085e+01
6.392942e+13,3.855603e+01
2.158154e+13,2.270121e+01
2.606561e+13,4.999940e+00
5.628238e+13,5.020692e+01
2.457784e+13,7.899526e+01
7.134833e+16,8.000000e+01
1.731217e+13,7.898746e+01
2.334510e+14,8.000000e+01
6.446180e+13,4.011749e+01
6.189887e+13,7.899039e+01
3.035610e+13,3.447221e+01
1.518873e+13,7.898685e+01
6.579359e+19,8.000000e+01
6.579359e+19,8.000000e+01
1.653808e+14,5.056725e+01
2.612762e+13,7.896916e+01
1.089009e+13,1.900000e+01
2.530666e+13,5.000071e+00
6.272656e+13,5.000146e+00
6.272656e+13,7.890946e+01
3.158555e+13,3.074873e+01
6.111347e+13,5.182843e+01
1.819298e+13,7.899244e+01
2.267313e+18,8.000000e+01
2.267313e+18,8.000000e+01
8.736073e+13,7.899419e+01
8.794943e+12,7.899535e+01
1.733663e+13,7.899641e+01
2.474703e+13,3.098093e+01
3.451764e+13,5.000026e+00
2.689276e+13,7.899961e+01
2.689276e+13,7.899824e+01
1.014980e+13,7.898997e+01
1.189435e+13,7.899738e+01
7.744894e+13,7.899889e+01
1.292852e+13,7.899131e+01
1.044232e+14,4.173900e+01
1.313298e+14,7.020560e+01
2.287777e+13,2.222076e+01
6.740410e+13,4.642338e+01
3.272024e+13,7.899340e+01
5.776458e+13,7.899920e+01
5.776458e+13,7.899852e+01
2.712577e+13,7.898583e+01
3.363101e+13,7.899647e+01
7.772546e+13,8.000000e+01
6.394336e+13,4.588288e+01
1.214283e+14,4.756445e+01
2.751330e+14,7.266791e+01
1.459917e+13,7.899282e+01
1.616126e+13,7.899056e+01
2.369268e+13,7.899793e+01
3.397476e+13,7.899899e+01
3.397476e+13,7.899860e+01
1.861358e+13,7.899514e+01
2.631567e+13,7.895832e+01
3.701870e+13,4.696389e+01
1.249884e+13,7.899770e+01
1.962697e+15,8.000000e+01
1.755025e+13,7.899614e+01
6.920657e+13,6.897931e+01
1.654321e+14,5.951562e+01
1.194006e+14,7.795284e+01
3.849728e+13,3.933676e+01
1.383382e+14,6.462039e+01
2.954252e+13,3.176969e+01
1.443502e+14,5.519157e+01
5.420059e+13,4.438147e+01
1.363778e+13,7.898972e+01
3.313516e+13,3.615378e+01
1.725901e+13,7.899662e+01
1.893299e+13,7.899746e+01
4.670891e+13,7.899409e+01
1.287006e+14,7.813301e+01
3.401994e+13,4.999350e+00
2.986085e+13,4.999328e+00
3.452907e+13,4.999473e+00
3.452907e+13,5.000271e+00
1.563684e+13,7.898768e+01
7.412891e+13,7.310474e+01
1.528715e+13,7.899496e+01
1.360460e+13,7.899598e+01
1.130887e+14,8.000000e+01
1.130887e+14,8.000000e+01
4.753722e+13,7.899510e+01
6.937336e+13,4.528231e+01
2.665731e+13,7.899630e+01
1.747906e+13,7.899308e+01
5.121283e+14,7.044583e+01
1.221147e+13,7.893230e+01
8.309785e+12,7.897405e+01
1.004101e+13,4.999804e+00
7.330993e+16,8.000000e+01
5.208071e+13,3.537305e+01
1.753012e+13,1.999869e+01
8.655094e+18,8.000000e+01
8.655094e+18,8.000000e+01
8.655094e+18,8.000000e+01
1.808578e+13,7.899031e+01
1.217728e+13,7.899317e+01
1.797654e+13,7.896214e+01
4.322387e+13,3.873620e+01
2.248052e+13,5.326856e+01
8.356126e+13,4.588288e+01
4.351515e+13,4.999918e+00
1.716614e+13,7.899795e+01
9.734762e+12,7.899452e+01
1.647652e+13,7.899688e+01
4.000323e+13,3.327109e+01
8.342929e+13,4.426136e+01
4.379554e+13,4.500000e+01
2.743518e+13,4.999728e+00
2.935298e+13,2.798615e+01
2.163196e+13,7.899523e+01
4.935217e+13,3.969710e+01
2.688858e+13,7.899590e+01
2.835313e+13,2.918727e+01
4.933829e+13,3.921665e+01
4.585750e+13,3.657418e+01
1.223769e+13,7.899477e+01
1.916937e+13,2.107970e+01
7.636679e+13,8.000000e+01
2.146498e+13,4.878600e+01
7.738729e+13,4.263985e+01
6.751165e+13,4.161889e+01
3.138031e+13,3.369148e+01
2.783321e+13,2.984789e+01
9.563402e+14,8.000000e+01
9.563402e+14,8.000000e+01
4.117587e+14,7.266791e+01
5.134231e+13,3.861609e+01
2.211359e+13,7.899275e+01
1.293056e+13,7.899562e+01
3.084498e+14,8.000000e+01
2.965442e+13,2.852666e+01
3.364683e+13,3.753508e+01
6.121360e+13,4.918596e+01
3.964849e+13,4.492198e+01
1.527559e+13,7.899776e+01
2.108319e+13,7.899184e+01
1.663059e+13,6.248624e+01
1.374251e+13,7.899885e+01
1.861596e+13,7.899137e+01
2.599808e+13,7.899417e+01
4.322053e+13,7.898803e+01
3.520740e+13,2.888699e+01
3.278973e+13,3.297081e+01
3.316261e+13,7.899449e+01
6.909342e+13,4.936613e+01
2.915208e+13,4.899619e+01
1.229580e+13,7.899217e+01
6.453514e+13,4.209934e+01
1.372163e+13,7.899842e+01
8.123137e+13,6.233825e+01
4.712600e+13,4.378091e+01
3.485648e+13,7.899820e+01
1.703253e+13,7.899228e+01
4.713163e+13,7.893528e+01
1.353072e+14,7.555060e+01
1.646264e+14,5.488814e+01
2.278799e+13,2.474312e+01
6.698714e+13,6.870420e+01
3.580938e+13,3.825575e+01
1.667586e+13,7.898472e+01
1.900367e+13,7.898740e+01
5.475421e+13,6.143741e+01
2.969386e+13,7.896174e+01
1.766679e+13,7.897280e+01
6.734303e+13,8.000000e+01
1.146015e+14,7.899517e+01
1.146015e+14,5.000010e+00
1.146015e+14,8.000000e+01
1.380121e+13,7.898644e+01
2.026770e+13,7.897491e+01
2.074138e+13,5.104846e+01
1.687316e+14,6.444022e+01
1.131328e+14,6.035640e+01
2.282258e+13,7.898901e+01
5.804631e+13,4.522226e+01
3.680482e+13,3.237025e+01
1.018372e+13,1.700000e+01
2.207915e+18,8.000000e+01
3.364762e+13,3.194986e+01
1.130460e+14,7.899479e+01
1.130460e+14,7.899243e+01
3.369421e+13,3.188980e+01
4.912853e+13,3.723479e+01
1.303914e+14,5.387034e+01
2.055070e+16,8.000000e+01
2.735140e+13,2.540374e+01
3.060874e+13,2.714537e+01
9.960571e+13,8.000000e+01
4.037479e+13,4.999362e+00
1.501149e+13,7.890439e+01
1.239612e+13,7.899075e+01
1.748086e+13,7.899547e+01
4.446987e+13,7.899804e+01
1.406865e+13,7.899486e+01
2.906067e+14,4.864546e+01
6.879160e+13,4.924602e+01
1.641956e+14,8.000000e+01
1.641956e+14,8.000000e+01
1.274559e+13,7.899341e+01
4.249733e+13,7.899562e+01
7.769429e+13,8.000000e+01
3.652560e+14,7.206734e+01
6.593716e+13,5.110776e+01
1.319603e+13,7.899913e+01
3.052449e+13,7.897492e+01
8.334184e+13,8.000000e+01
1.921364e+14,8.000000e+01
7.345649e+15,8.000000e+01
3.177181e+13,5.000064e+00
1.520825e+13,7.899304e+01
1.026471e+13,7.899487e+01
8.510835e+13,4.005743e+01
2.757331e+13,2.990795e+01
1.780253e+14,8.000000e+01
1.780253e+14,8.000000e+01
5.358588e+13,2.834649e+01
1.686401e+13,7.923190e+01
1.243840e+13,4.999933e+00
1.232403e+13,7.899756e+01
1.299691e+14,6.528100e+01
5.755951e+13,5.062731e+01
1.286546e+14,4.972647e+01
2.621231e+14,5.933545e+01
6.971760e+15,8.000000e+01
1.306304e+15,8.000000e+01
4.985100e+13,7.899551e+01
7.933650e+13,4.870551e+01
3.913529e+13,7.899892e+01
1.580250e+13,4.999831e+00
4.225161e+13,3.200991e+01
2.491242e+13,7.931233e+01
7.083820e+14,8.000000e+01
6.482088e+13,4.564265e+01
2.361364e+13,4.892933e+01
2.961330e+13,3.110907e+01
7.264995e+13,4.852535e+01
2.356396e+13,5.000285e+00
2.851864e+13,7.897608e+01
3.533755e+13,3.459233e+01
1.426728e+13,7.891399e+01
2.737001e+13,2.954761e+01
6.687522e+13,7.899360e+01
1.960646e+13,7.897997e+01
2.680748e+19,8.000000e+01
2.680748e+19,8.000000e+01
2.680748e+19,8.000000e+01
3.511635e+13,3.068868e+01
1.740382e+13,7.899479e+01
9.312711e+13,4.954630e+01
2.046591e+13,7.899159e+01
1.092563e+13,7.899608e+01
1.050678e+14,4.432142e+01
1.154096e+13,7.899668e+01
2.178376e+14,8.000000e+01
7.520011e+13,6.089691e+01
7.287848e+13,4.999969e+00
7.287848e+13,7.895260e+01
1.703766e+13,2.497717e+01
3.916759e+13,3.651412e+01
2.238554e+13,7.899103e+01
2.197948e+14,5.375023e+01
3.049543e+14,8.000000e+01
3.049505e+13,2.858671e+01
4.433956e+13,3.140935e+01
1.938801e+14,8.000000e+01
1.797722e+13,7.899817e+01
3.875635e+13,5.000128e+00
3.730600e+13,2.978784e+01
7.044911e+13,6.606173e+01
1.372381e+14,5.933545e+01
1.824743e+13,7.898122e+01
1.119171e+13,7.899480e+01
2.215638e+13,7.899226e+01
7.414607e+13,5.062731e+01
3.486926e+13,7.899842e+01
2.072890e+14,8.000000e+01
1.208863e+14,8.000000e+01
3.546755e+13,3.795547e+01
3.174710e+13,7.898663e+01
5.986980e+14,7.795284e+01
8.332363e+13,7.899207e+01
8.332363e+13,8.000000e+01
3.498611e+13,7.898838e+01
2.271060e+13,7.899337e+01
9.698147e+12,7.899868e+01
2.308122e+13,2.540374e+01
1.157893e+13,7.899881e+01
1.867479e+13,7.893866e+01
1.179197e+14,7.807296e+01
6.263316e+13,6.197792e+01
2.206902e+13,7.898974e+01
1.703101e+13,7.899399e+01
3.246891e+15,8.000000e+01
4.405512e+13,3.279064e+01
6.927902e+13,4.312029e+01
1.169490e+14,8.000000e+01
2.068476e+13,7.899807e+01
1.514372e+13,7.899755e+01
1.507749e+14,6.930476e+01
3.330702e+13,2.882694e+01
2.649189e+13,2.618447e+01
1.930914e+13,7.899869e+01
1.563853e+13,7.899671e+01
2.340454e+13,3.237025e+01
1.561763e+13,7.899717e+01
4.457567e+13,7.899302e+01
1.469545e+13,7.899433e+01
1.418171e+14,7.807296e+01
2.157177e+13,5.000345e+00
1.351860e+13,7.899658e+01
7.030925e+13,4.203928e+01
8.709508e+13,3.100000e+01
5.663830e+14,8.000000e+01
6.004286e+13,4.336052e+01
3.458472e+13,7.899508e+01
4.349029e+13,7.899807e+01
2.802118e+13,4.999656e+00
1.649553e+13,7.109220e+01
1.426269e+13,7.897851e+01
1.117403e+13,7.899353e+01
5.077083e+13,4.251973e+01
3.810655e+13,3.921665e+01
8.570801e+13,7.855341e+01
1.933643e+13,7.897555e+01
4.422569e+13,3.771524e+01
1.230786e+14,4.564265e+01
1.356220e+15,8.000000e+01
1.356220e+15,8.000000e+01
1.857382e+13,7.895047e+01
4.017379e+13,7.899392e+01
4.264717e+13,7.899733e+01
2.000599e+13,7.899520e+01
1.999449e+13,7.897499e+01
3.652890e+13,3.555322e+01
2.037765e+13,7.899606e+01
9.546814e+13,4.918800e+01
6.970740e+13,4.035771e+01
5.008004e+13,3.573339e+01
3.343524e+13,7.899630e+01
2.846552e+13,3.014817e+01
1.699878e+14,8.000000e+01
1.699878e+14,8.000000e+01
2.138634e+14,5.561197e+01
7.499875e+13,5.501141e+01
1.550084e+13,7.899783e+01
1.717918e+13,7.898490e+01
1.426627e+14,8.000000e+01
1.370945e+13,7.890090e+01
5.463412e+13,3.513283e+01
3.174204e+13,3.104901e+01
1.988436e+13,7.899133e+01
9.073483e+14,8.000000e+01
3.091931e+13,7.899574e+01
2.832496e+13,3.062862e+01
8.964205e+13,5.915528e+01
2.734107e+14,8.000000e+01
4.783603e+13,7.899649e+01
3.175701e+13,3.194986e+01
2.048812e+13,7.899750e+01
2.084283e+13,7.897383e+01
5.707988e+13,7.899260e+01
3.241938e+13,7.896491e+01
3.551391e+14,7.807296e+01
3.051304e+13,7.899242e+01
4.744172e+13,7.899579e+01
1.657348e+13,7.899641e+01
2.432526e+13,7.899605e+01
1.928940e+13,7.899398e+01
3.168983e+13,7.899539e+01
5.473870e+13,5.867483e+01
6.094338e+16,8.000000e+01
1.600412e+13,7.899279e+01
1.290786e+13,7.899477e+01
3.825233e+13,7.898726e+01
3.074341e+13,7.886574e+01
3.580654e+13,7.899678e+01
4.322213e+18,8.000000e+01
4.322213e+18,8.000000e+01
1.519504e+14,8.000000e+01
1.041415e+14,7.495004e+01
2.769445e+13,7.895281e+01
1.618065e+13,7.897918e+01
1.559458e+13,7.899835e+01
2.751295e+13,4.999993e+00
5.534635e+13,4.161889e+01
2.589872e+13,2.972778e+01
5.027847e+13,5.308961e+01
2.222131e+13,7.899610e+01
1.551360e+14,8.000000e+01
1.060694e+14,8.000000e+01
4.161798e+13,3.200991e+01
1.172181e+13,7.896194e+01
1.261504e+14,4.642338e+01
1.833539e+13,7.899032e+01
4.472653e+13,7.899441e+01
4.178386e+13,3.249036e+01
2.571769e+13,7.899736e+01
2.307215e+13,2.282133e+01
1.133407e+14,4.690383e+01
1.310500e+14,6.335921e+01
6.621554e+13,4.999864e+00
2.599097e+13,2.966772e+01
1.611410e+13,7.897453e+01
4.718057e+13,3.993732e+01
2.913202e+13,7.891957e+01
1.004541e+14,7.314835e+01
1.307527e+14,4.924602e+01
1.695730e+13,7.899583e+01
2.028246e+13,7.899588e+01
1.848969e+14,8.000000e+01
1.848969e+14,8.000000e+01
1.865385e+13,7.898957e+01
3.416508e+13,7.899902e+01
1.321798e+15,8.000000e+01
1.338005e+14,8.000000e+01
1.338005e+14,8.000000e+01
1.022341e+17,8.000000e+01
2.991605e+13,7.937303e+01
1.849415e+14,7.897380e+01
1.241025e+14,5.471113e+01
5.902871e+13,5.074742e+01
3.557433e+13,3.621384e+01
3.264064e+13,7.899740e+01
7.783806e+13,7.899456e+01
3.064634e+13,2.768587e+01
8.000817e+13,4.588288e+01
2.380937e+13,7.899693e+01
6.171283e+13,4.540243e+01
8.976242e+13,4.696389e+01
3.603185e+13,3.279064e+01
2.386885e+13,2.708531e+01
3.182982e+13,7.899515e+01
1.728836e+13,7.899041e+01
5.178416e+13,4.384097e+01
1.278212e+13,7.899321e+01
3.401691e+13,2.930739e+01
2.547781e+14,6.582151e+01
1.124179e+13,7.899806e+01
2.841278e+14,6.894443e+01
4.603245e+13,4.245968e+01
2.904530e+13,2.816632e+01
2.588735e+13,4.999925e+00
1.350137e+13,7.899201e+01
4.641267e+13,6.005612e+01
1.451164e+14,8.000000e+01
2.716267e+13,2.744565e+01
2.043873e+13,7.899625e+01
3.298096e+13,7.899706e+01
5.658688e+13,4.239962e+01
6.914451e+13,4.227951e+01
2.080409e+14,8.000000e+01
1.598918e+13,7.899270e+01
1.607066e+13,7.898818e+01
2.203173e+13,7.899583e+01
2.951023e+13,3.068868e+01
2.209035e+14,6.720280e+01
2.347003e+13,7.898373e+01
2.731286e+13,7.899777e+01
3.638562e+13,3.032834e+01
1.255144e+14,5.873489e+01
2.005747e+13,7.899554e+01
1.297795e+13,7.899830e+01
1.933945e+13,7.896756e+01
2.775944e+13,2.480318e+01
1.726316e+13,7.899742e+01
6.063295e+13,4.366080e+01
1.716610e+13,7.894496e+01
3.070405e+14,8.000000e+01
2.695892e+13,2.996800e+01
8.406244e+13,4.444153e+01
4.240153e+13,3.447221e+01
8.349875e+13,8.000000e+01
1.611611e+13,7.897526e+01
1.211364e+13,7.904277e+01
1.283648e+13,7.899852e+01
4.379330e+13,3.585350e+01
4.866639e+13,3.086885e+01
2.442942e+13,7.899224e+01
4.299194e+13,7.899515e+01
1.218396e+14,5.915528e+01
5.821006e+13,7.898563e+01
5.821006e+13,7.338858e+01
2.708530e+13,7.919463e+01
2.039715e+13,7.899369e+01
8.277995e+13,6.798353e+01
5.555617e+13,5.218877e+01
2.819700e+13,2.918727e+01
1.686596e+13,7.899720e+01
2.455815e+14,8.000000e+01
1.364880e+13,7.899629e+01
7.196302e+13,6.137736e+01
1.538659e+13,7.918452e+01
2.194926e+13,7.899803e+01
1.138724e+14,7.074611e+01
2.688157e+13,7.899543e+01
6.801475e+13,4.534237e+01
5.543572e+13,6.317904e+01
1.393878e+14,8.000000e+01
1.122702e+14,5.429073e+01
5.407995e+13,4.999549e+00
2.050805e+13,7.899335e+01
3.373007e+13,7.899695e+01
4.766144e+13,4.023760e+01
2.493251e+13,2.654481e+01
3.890606e+13,7.899859e+01
3.174058e+13,7.899643e+01
1.569018e+13,5.000232e+00
3.524876e+13,7.899816e+01
2.179979e+13,7.899613e+01
2.956090e+13,3.321103e+01
2.575012e+13,3.020823e+01
1.323921e+15,8.000000e+01
1.323921e+15,8.000000e+01
1.166447e+13,7.899803e+01
4.993862e+14,8.000000e+01
4.993862e+14,8.000000e+01
2.948684e+13,7.899870e+01
1.922351e+13,7.897686e+01
8.652374e+12,7.899900e+01
3.941045e+13,3.585350e+01
3.788813e+13,7.899773e+01
7.809873e+13,3.299418e+01
3.360615e+13,5.495700e+01
1.294649e+13,7.899662e+01
4.099456e+13,2.882694e+01
1.441622e+13,7.899817e+01
7.753810e+13,5.993601e+01
6.457049e+13,5.230888e+01
1.695343e+14,8.000000e+01
2.662095e+13,7.899578e+01
2.019340e+13,7.896705e+01
4.227071e+13,3.945687e+01
8.203254e+13,4.738428e+01
1.177835e+13,7.899803e+01
1.934590e+14,8.000000e+01
1.798383e+13,7.897800e+01
6.421502e+20,8.000000e+01
6.421502e+20,8.000000e+01
2.359306e+13,7.876322e+01
2.362731e+13,2.324172e+01
7.066937e+13,5.777399e+01
2.662724e+13,7.899587e+01
3.757118e+14,8.000000e+01
1.481455e+13,7.899591e+01
5.863811e+17,8.000000e+01
5.863811e+17,8.000000e+01
6.734067e+13,4.999999e+00
6.734067e+13,7.899764e+01
7.755618e+13,4.065799e+01
1.246291e+13,7.899822e+01
2.913754e+13,7.897145e+01
9.264813e+12,7.899861e+01
2.955076e+13,7.899292e+01
1.685394e+13,7.899429e+01
1.498813e+14,6.071674e+01
1.703893e+13,7.898088e+01
1.686008e+13,7.899768e+01
1.516046e+13,5.485419e+01
1.818886e+13,7.899398e+01
9.374303e+13,6.678241e+01
6.398446e+13,8.000000e+01
6.398446e+13,5.000159e+00
5.498886e+13,7.897492e+01
2.203421e+13,7.899597e+01
3.180330e+13,7.898599e+01
2.372809e+14,6.335921e+01
3.661439e+13,3.495266e+01
1.218384e+13,7.906614e+01
5.325253e+13,7.899257e+01
3.618632e+13,3.975715e+01
3.965820e+13,3.128924e+01
2.106867e+14,6.161758e+01
2.354680e+13,7.898873e+01
3.009631e+13,7.899777e+01
3.061716e+13,7.899135e+01
3.742799e+13,7.897935e+01
2.565372e+13,7.898948e+01
3.078062e+13,2.852666e+01
4.229025e+14,8.000000e+01
1.690870e+13,7.896714e+01
2.157736e+14,7.128661e+01
2.271937e+13,3.299193e+01
1.470991e+13,7.899786e+01
1.838948e+13,4.999445e+00
1.035903e+13,7.899331e+01
1.212780e+13,7.899404e+01
3.069278e+13,3.158952e+01
4.943811e+13,4.534237e+01
1.518008e+14,7.645144e+01
6.381719e+13,4.257979e+01
6.304707e+13,4.999966e+00
5.509231e+13,7.899789e+01
5.509231e+13,4.999999e+00
1.388660e+14,8.000000e+01
3.875200e+13,7.897878e+01
2.439707e+14,6.137736e+01
5.700228e+13,4.954630e+01
1.877423e+13,7.899528e+01
2.947635e+13,7.899845e+01
1.246669e+13,7.899381e+01
7.159088e+13,6.347932e+01
1.190632e+13,7.899867e+01
4.050890e+13,3.645407e+01
7.544076e+16,8.000000e+01
3.259963e+13,2.768587e+01
1.247840e+14,6.245837e+01
1.137288e+13,7.899303e+01
2.899540e+13,7.899628e+01
3.283299e+13,7.897450e+01
4.344682e+13,4.999985e+00
3.897232e+13,7.899392e+01
3.009319e+13,7.899559e+01
2.685979e+14,8.000000e+01
2.007656e+15,8.000000e+01
1.266641e+13,7.899619e+01
3.230090e+13,7.899845e+01
3.141920e+13,3.098896e+01
3.011548e+14,6.660224e+01
1.414248e+13,7.893385e+01
2.099715e+14,7.140673e+01
1.517704e+13,4.999603e+00
6.613391e+13,5.951562e+01
1.528160e+13,7.899798e+01
1.170056e+13,7.899666e+01
8.749191e+13,6.059663e+01
1.453927e+13,7.899105e+01
1.182569e+13,7.899183e+01
7.181241e+13,5.825444e+01
2.896611e+13,7.898886e+01
4.631402e+13,4.239962e+01
3.567936e+13,7.899643e+01
3.049029e+13,3.008812e+01
8.183312e+13,4.822506e+01
5.700887e+13,5.465107e+01
8.252602e+13,6.426005e+01
4.782459e+13,5.098765e+01
2.863031e+13,7.896904e+01
1.248941e+13,5.000574e+00
3.061017e+15,8.000000e+01
2.239197e+14,8.000000e+01
2.168845e+14,7.056594e+01
3.872367e+13,4.324041e+01
1.704949e+13,7.899671e+01
1.278908e+13,7.897025e+01
1.222024e+13,7.899848e+01
2.487747e+13,7.899408e+01
1.249245e+13,5.000101e+00
8.839511e+14,8.000000e+01
9.713525e+13,7.897380e+01
9.547343e+12,7.899900e+01
7.691864e+13,4.558260e+01
1.071479e+14,4.984658e+01
7.420007e+13,4.648344e+01
4.571837e+13,5.903517e+01
1.743105e+14,8.000000e+01
1.903068e+13,7.899597e+01
3.057186e+13,4.999041e+00
2.865420e+13,3.056857e+01
4.404601e+13,3.921665e+01
9.499039e+13,5.813432e+01
7.642756e+13,4.420130e+01
2.038890e+13,7.899263e+01
3.891960e+13,3.747502e+01
1.309514e+13,4.999668e+00
3.665751e+13,7.898861e+01
2.112592e+13,7.898187e+01
2.791973e+13,7.899582e+01
1.829974e+13,7.899641e+01
1.528918e+13,7.888495e+01
2.386751e+13,7.899102e+01
3.147945e+13,3.146941e+01
1.883404e+13,7.899810e+01
1.137050e+13,7.899441e+01
3.125460e+13,4.999967e+00
1.042180e+14,4.792478e+01
1.817344e+13,7.898830e+01
1.936915e+13,7.899069e+01
3.212514e+13,3.501272e+01
6.069601e+13,5.254911e+01
9.327721e+12,6.481882e+01
4.228570e+13,3.164958e+01
3.104066e+13,7.898551e+01
5.390551e+13,7.899432e+01
5.603349e+13,7.899300e+01
7.190758e+13,6.029634e+01
1.805313e+13,4.999966e+00
1.203276e+13,7.899615e+01
3.299739e+13,7.899813e+01
1.257915e+14,5.266922e+01
1.301432e+13,7.903714e+01
1.198709e+16,8.000000e+01
1.198709e+16,8.000000e+01
1.198709e+16,8.000000e+01
1.423507e+13,7.900080e+01
3.465573e+13,7.899657e+01
3.525499e+13,2.918727e+01
1.993880e+13,4.999312e+00
3.133848e+13,2.666492e+01
5.103563e+13,5.014686e+01
1.431729e+14,5.549186e+01
1.545547e+13,7.899310e+01
1.661476e+14,8.000000e+01
1.538664e+13,7.899815e+01
7.380507e+13,3.513283e+01
6.967790e+13,6.714274e+01
1.765188e+13,7.899311e+01
6.391763e+13,7.898359e+01
1.356197e+13,7.899856e+01
8.374866e+13,6.113713e+01
3.428190e+13,3.243031e+01
5.673345e+13,5.068737e+01
9.539174e+12,7.898904e+01
2.435408e+14,8.000000e+01
1.739475e+13,7.899631e+01
4.331977e+13,3.519289e+01
2.367680e+13,7.899050e+01
6.786328e+14,8.000000e+01
4.041060e+13,3.999738e+01
3.934918e+13,5.000097e+00
3.934918e+13,7.894373e+01
1.104961e+13,7.899064e+01
2.101729e+13,7.899812e+01
4.417579e+13,3.597362e+01
3.400441e+13,3.477249e+01
2.192806e+13,7.895882e+01
2.729757e+13,7.893692e+01
1.391113e+13,7.899897e+01
4.301033e+13,7.896464e+01
1.861469e+13,7.899205e+01
1.302368e+13,7.899853e+01
1.535908e+13,7.898001e+01
3.349002e+13,7.899046e+01
6.679018e+13,4.119850e+01
1.434453e+14,7.693189e+01
1.434453e+14,7.693189e+01
3.589397e+13,4.999908e+00
3.589397e+13,5.000179e+00
1.098731e+14,6.582151e+01
8.258537e+13,5.314967e+01
3.604184e+13,3.074873e+01
1.852837e+14,8.000000e+01
2.681119e+13,7.898595e+01
5.802646e+13,7.899463e+01
5.203527e+13,5.092759e+01
1.588418e+13,7.899389e+01
1.482697e+13,7.899396e+01
4.938336e+13,4.071805e+01
8.884519e+13,6.191786e+01
5.782224e+13,4.432142e+01
1.052331e+14,7.386903e+01
1.576781e+14,8.000000e+01
3.499911e+13,3.351132e+01
2.424228e+13,7.880042e+01
3.593446e+13,3.194986e+01
2.471079e+13,2.762582e+01
5.550284e+13,3.513283e+01
6.649772e+13,4.023760e+01
5.368160e+13,4.408119e+01
5.691675e+13,6.185780e+01
5.691675e+13,6.185780e+01
2.191538e+14,6.828381e+01
1.480787e+13,7.899833e+01
2.567755e+13,4.998608e+00
9.332825e+13,6.275865e+01
2.168683e+14,5.260916e+01
1.443350e+14,8.000000e+01
1.443350e+14,8.000000e+01
2.377925e+13,7.899132e+01
2.819793e+13,2.690514e+01
1.563032e+14,7.158690e+01
7.819485e+13,3.873620e+01
1.887794e+15,8.000000e+01
1.894476e+14,8.000000e+01
1.010986e+14,5.236894e+01
4.160072e+13,5.000000e+00
9.511223e+12,7.899760e+01
4.547285e+13,3.927670e+01
1.497406e+13,4.999161e+00
1.570841e+13,7.896101e+01
1.420483e+13,7.897305e+01
1.297594e+14,8.000000e+01
5.017106e+13,5.531169e+01
1.028577e+13,7.899886e+01
4.717651e+13,7.898452e+01
2.454640e+13,7.898534e+01
5.116957e+13,4.678372e+01
2.651102e+13,2.864677e+01
5.297345e+13,7.898768e+01
4.153510e+14,6.017623e+01
3.599381e+13,3.399176e+01
4.711158e+13,7.897936e+01
1.832418e+13,2.071936e+01
6.293208e+13,6.359943e+01
1.282743e+14,7.470981e+01
1.070968e+13,7.899339e+01
1.299063e+14,6.125724e+01
6.547941e+13,5.753376e+01
4.019704e+14,8.000000e+01
1.746571e+13,7.899814e+01
1.321661e+13,7.899641e+01
1.817886e+15,8.000000e+01
6.377372e+13,5.897511e+01
3.650183e+13,4.999640e+00
5.481880e+13,4.209934e+01
4.643480e+13,3.873620e+01
5.992625e+13,4.233956e+01
2.905475e+13,7.899595e+01
2.058609e+14,8.000000e+01
1.107910e+13,4.298147e+01
2.198797e+14,8.000000e+01
6.864972e+16,8.000000e+01
4.372086e+13,4.999109e+00
3.775518e+13,3.861609e+01
1.438285e+13,7.899753e+01
3.946846e+19,8.000000e+01
3.946846e+19,8.000000e+01
3.946846e+19,8.000000e+01
2.545713e+13,7.899579e+01
4.162192e+13,6.630196e+01
6.682715e+13,4.978652e+01
3.293807e+13,7.897974e+01
1.268058e+14,6.185780e+01
1.263629e+13,4.999789e+00
1.155945e+14,8.000000e+01
1.155945e+14,8.000000e+01
8.320686e+12,7.898992e+01
2.039750e+13,7.899661e+01
4.618934e+13,3.789541e+01
5.454181e+18,8.000000e+01
3.709995e+13,3.981721e+01
2.111781e+13,7.899010e+01
1.214090e+13,7.897490e+01
2.051749e+13,7.899728e+01
3.122173e+13,7.899874e+01
3.790586e+13,3.309092e+01
2.655886e+13,7.899462e+01
3.947573e+13,7.899497e+01
3.358794e+16,8.000000e+01
2.817874e+13,7.899815e+01
1.387819e+13,7.899686e+01
1.377899e+13,7.899700e+01
1.490630e+13,7.899319e+01
2.338970e+13,7.897117e+01
1.904623e+13,7.899636e+01
1.458844e+13,7.899768e+01
3.079623e+13,7.899908e+01
5.718030e+13,3.609373e+01
7.144672e+13,5.092759e+01
1.163859e+13,2.301804e+01
2.321245e+17,8.000000e+01
3.194796e+13,7.896532e+01
1.384734e+13,7.899796e+01
2.419768e+13,7.897541e+01
1.398574e+14,6.738297e+01
2.989602e+13,3.417193e+01
6.682465e+13,4.239962e+01
3.013583e+13,7.899793e+01
6.208063e+13,6.606173e+01
4.758531e+14,7.026566e+01
5.418639e+13,4.269990e+01
5.423016e+13,7.895062e+01
2.413209e+13,7.899541e+01
2.463899e+13,7.899075e+01
1.010002e+14,8.000000e+01
4.812619e+13,6.098931e+01
4.639350e+13,7.898858e+01
3.224755e+13,3.152946e+01
6.583567e+14,6.546117e+01
3.643747e+13,3.657418e+01
1.139304e+13,7.899887e+01
9.990577e+13,7.488998e+01
8.585631e+13,7.020560e+01
4.284596e+13,7.884003e+01
4.284596e+13,5.000183e+00
3.590635e+13,7.899328e+01
4.702871e+13,4.438147e+01
5.888378e+13,4.918596e+01
4.752566e+13,4.251973e+01
1.345395e+14,7.446959e+01
6.388972e+13,5.645275e+01
2.970380e+20,8.000000e+01
2.970380e+20,8.000000e+01
2.970380e+20,8.000000e+01
4.961266e+13,7.899616e+01
1.797797e+13,7.898642e+01
1.188521e+14,5.879494e+01
1.236961e+13,7.906469e+01
1.019678e+13,7.898968e+01
2.235490e+13,7.897239e+01
1.189954e+14,8.000000e+01
1.189954e+14,8.000000e+01
1.591195e+13,7.899695e+01
1.457710e+13,7.897627e+01
1.030275e+15,8.000000e+01
1.359850e+13,7.899614e+01
3.769453e+13,3.549317e+01
2.295137e+13,7.899779e+01
5.131603e+13,7.899825e+01
5.131603e+13,4.999997e+00
6.786284e+13,7.212740e+01
1.623176e+13,7.895988e+01
3.618032e+13,7.896641e+01
4.841614e+13,7.899671e+01
4.841614e+13,7.899773e+01
5.394137e+13,7.896568e+01
8.500198e+12,7.899881e+01
1.819412e+14,8.000000e+01
3.438024e+13,7.899403e+01
7.040945e+13,7.899797e+01
6.953438e+13,6.540112e+01
4.464567e+13,4.372086e+01
3.698328e+13,4.999983e+00
3.929027e+13,3.345126e+01
3.743371e+13,3.483255e+01
1.317882e+13,7.899810e+01
9.293142e+15,8.000000e+01
5.976738e+13,4.282001e+01
1.473307e+15,8.000000e+01
2.776340e+13,7.899639e+01
2.399138e+13,7.899103e+01
1.404280e+13,5.000124e+00
2.695505e+13,2.696520e+01
2.621919e+13,7.928190e+01
1.078367e+13,7.898100e+01
3.113348e+13,2.696520e+01
1.853001e+13,7.899612e+01
6.363262e+13,5.254911e+01
1.296297e+13,7.899776e+01
2.289703e+13,2.540374e+01
2.091294e+13,7.899386e+01
2.039894e+13,7.899828e+01
4.577047e+13,7.891163e+01
3.907855e+13,7.899455e+01
5.294769e+13,4.999661e+00
2.964909e+13,2.750570e+01
1.176227e+13,7.899667e+01
5.460434e+13,7.899373e+01
1.057677e+13,7.898219e+01
9.142526e+12,7.890327e+01
1.179276e+14,4.564265e+01
4.263837e+13,3.495266e+01
1.371920e+13,7.898822e+01
3.294892e+13,3.002806e+01
4.330558e+13,3.663423e+01
3.213395e+13,3.194986e+01
4.288570e+13,3.825575e+01
6.888992e+13,5.128793e+01
1.757152e+13,7.863556e+01
3.983606e+13,3.801552e+01
1.626764e+13,7.894660e+01
2.931023e+13,7.898866e+01
2.011654e+13,7.899805e+01
1.941390e+13,7.898496e+01
9.192484e+14,8.000000e+01
1.658690e+13,7.899587e+01
4.945219e+13,4.426136e+01
3.057799e+13,3.056857e+01
3.496247e+13,2.894705e+01
1.536441e+13,7.897446e+01
1.887194e+13,7.899312e+01
2.174260e+14,8.000000e+01
2.174260e+14,8.000000e+01
8.175210e+13,7.897681e+01
8.175210e+13,7.898924e+01
1.373012e+13,7.899866e+01
1.492418e+13,7.898466e+01
5.180092e+13,3.531300e+01
8.440480e+12,7.899761e+01
1.129063e+14,7.188718e+01
1.129063e+14,7.188718e+01
2.184654e+13,7.899394e+01
5.618503e+13,4.107839e+01
1.878885e+13,7.898793e+01
2.309563e+13,7.895528e+01
3.753356e+14,6.720280e+01
1.830274e+13,7.899270e+01
2.745233e+13,7.870751e+01
1.369578e+14,8.000000e+01
2.435192e+13,7.899844e+01
6.486699e+13,5.086753e+01
1.889151e+13,7.896219e+01
1.139095e+13,7.899684e+01
3.336657e+13,3.297081e+01
4.063517e+13,3.933676e+01
1.413331e+13,7.898063e+01
1.898805e+20,8.000000e+01
1.898805e+20,8.000000e+01
1.898805e+20,8.000000e+01
1.898805e+20,8.000000e+01
3.734539e+13,7.899308e+01
2.374899e+13,7.882441e+01
1.099965e+14,4.846529e+01
7.759254e+13,6.245837e+01
2.225267e+13,7.899463e+01
7.938665e+13,4.852535e+01
2.244478e+15,6.341926e+01
6.475110e+13,7.284807e+01
2.463394e+17,8.000000e+01
4.230799e+13,4.131861e+01
2.114282e+13,4.999092e+00
4.464909e+13,4.215940e+01
2.033257e+13,7.899388e+01
3.799830e+13,7.899427e+01
4.327212e+13,5.000036e+00
1.410869e+13,7.899683e+01
1.466650e+13,7.896883e+01
3.993417e+13,4.492198e+01
2.796261e+13,7.898947e+01
4.042503e+13,3.303087e+01
3.547069e+13,7.895558e+01
1.005317e+13,7.898948e+01
2.114531e+13,2.438278e+01
8.861441e+13,4.600299e+01
3.447098e+13,7.899506e+01
2.024804e+13,7.899438e+01
1.220492e+14,5.170832e+01
2.151683e+13,7.899599e+01
1.615024e+13,7.898999e+01
1.229795e+13,7.899811e+01
2.956184e+13,3.309092e+01
2.840757e+13,7.899866e+01
3.077552e+13,3.110907e+01
1.428651e+13,7.899848e+01
7.611283e+13,4.167895e+01
4.898153e+13,3.945687e+01
1.294710e+14,6.840392e+01
9.764170e+13,7.899772e+01
1.462094e+13,7.899440e+01
3.373998e+13,3.489261e+01
2.059224e+13,7.899409e+01
5.144218e+13,4.942619e+01
3.769180e+13,7.897917e+01
5.489892e+13,3.783536e+01
8.357917e+13,3.963704e+01
1.997293e+13,7.899874e+01
1.678830e+14,8.000000e+01
1.678830e+14,8.000000e+01
3.599444e+13,5.236894e+01
2.077403e+13,7.892991e+01
5.477142e+13,3.825575e+01
1.646243e+13,7.894030e+01
5.273927e+13,3.489261e+01
1.126698e+14,5.915528e+01
4.248254e+13,7.899895e+01
2.348129e+13,2.702525e+01
1.245641e+13,7.898098e+01
1.161087e+18,8.000000e+01
1.802076e+14,8.000000e+01
2.788558e+13,7.898570e+01
1.363734e+13,7.899381e+01
3.247676e+13,3.170963e+01
3.645147e+13,4.203928e+01
1.233725e+13,7.899752e+01
4.470799e+13,3.843592e+01
4.841733e+13,4.594293e+01
2.122649e+13,7.898656e+01
2.884953e+13,7.920233e+01
1.855860e+13,7.899891e+01
3.256037e+13,3.567334e+01
1.653329e+13,7.899738e+01
6.285941e+13,7.899020e+01
1.067598e+13,7.897256e+01
1.409312e+13,7.897086e+01
6.820769e+13,7.338858e+01
2.000631e+13,7.897421e+01
2.035382e+13,7.899438e+01
1.268233e+13,7.899791e+01
1.678025e+13,7.899758e+01
1.583867e+13,7.899789e+01
4.044866e+13,3.477249e+01
6.262637e+13,4.179906e+01
1.565115e+13,7.899501e+01
3.904850e+13,7.899510e+01
7.541261e+13,8.000000e+01
4.253014e+13,7.269035e+01
2.831963e+13,2.840654e+01
1.001544e+14,4.816501e+01
3.824437e+13,4.306024e+01
2.679171e+13,2.714537e+01
9.034656e+13,4.774462e+01
9.725068e+13,7.633133e+01
9.725068e+13,7.633133e+01
1.245844e+14,7.176706e+01
4.747363e+13,4.666361e+01
5.242377e+13,7.897496e+01
2.908984e+13,7.681834e+01
9.184975e+13,5.663292e+01
4.985030e+13,4.780467e+01
1.724798e+13,7.899726e+01
6.620343e+13,4.792478e+01
2.111626e+14,6.173769e+01
2.135933e+14,8.000000e+01
1.188850e+13,7.899866e+01
2.516521e+13,7.892280e+01
1.347284e+13,7.899798e+01
1.637008e+13,7.919372e+01
1.969502e+14,8.000000e+01
1.814074e+13,7.899692e+01
1.320248e+13,6.304263e+01
2.140988e+13,7.899688e+01
4.611299e+13,4.999921e+00
3.463131e+13,3.693451e+01
6.160112e+13,4.600299e+01
5.690263e+13,3.609373e+01
2.503638e+13,7.899476e+01
2.664162e+13,7.898197e+01
4.987264e+13,4.642338e+01
2.161381e+13,7.898438e+01
1.521654e+13,4.895252e+01
1.021426e+14,8.000000e+01
1.012231e+14,8.000000e+01
7.486223e+13,5.242899e+01
2.467734e+13,1.939813e+01
1.807972e+14,8.000000e+01
5.605896e+13,7.899506e+01
2.262887e+13,7.897066e+01
1.662786e+13,7.896786e+01
1.236346e+13,7.897985e+01
1.565721e+13,7.899760e+01
6.571469e+13,6.990532e+01
2.162697e+13,7.899610e+01
3.263135e+13,3.363143e+01
2.002246e+14,8.000000e+01
2.002246e+14,8.000000e+01
1.967174e+13,7.899713e+01
1.732280e+13,7.897373e+01
2.872802e+13,7.899423e+01
1.821717e+13,7.899785e+01
2.576203e+13,7.899856e+01
3.808254e+13,3.273059e+01
2.251542e+13,7.894708e+01
1.189115e+13,7.899551e+01
1.130523e+13,7.899766e+01
1.307506e+13,7.899928e+01
1.287818e+13,4.999750e+00
5.929011e+13,5.531169e+01
1.141473e+16,8.000000e+01
2.442122e+13,2.786604e+01
2.409811e+13,7.899352e+01
1.703499e+13,7.897470e+01
4.882949e+13,4.582282e+01
1.264346e+13,4.999836e+00
3.445561e+13,3.741496e+01
4.387467e+13,7.899177e+01
1.535038e+13,7.899391e+01
1.673619e+13,7.899812e+01
1.459261e+14,5.909802e+01
1.889132e+13,7.899735e+01
2.832297e+13,3.285070e+01
1.249314e+13,7.899624e+01
1.445194e+13,7.898718e+01
1.210110e+13,7.899901e+01
3.728246e+13,7.887298e+01
8.640005e+13,6.990532e+01
1.145291e+14,4.999985e+00
8.532790e+13,8.000000e+01
5.759765e+14,7.416931e+01
1.687602e+18,8.000000e+01
2.221266e+13,7.899555e+01
1.375400e+13,7.898217e+01
7.963109e+13,4.582282e+01
8.435629e+13,5.357006e+01
5.423278e+13,4.179906e+01
3.080975e+13,7.899149e+01
8.174387e+13,5.242899e+01
1.851032e+17,8.000000e+01
1.851032e+17,8.000000e+01
1.992447e+15,8.000000e+01
1.992447e+15,8.000000e+01
4.907578e+13,4.996669e+01
1.272660e+13,7.899760e+01
3.695086e+13,7.899796e+01
8.548074e+17,8.000000e+01
2.115528e+16,8.000000e+01
2.064532e+13,7.899767e+01
6.615082e+13,8.000000e+01
3.261529e+14,7.669167e+01
1.049900e+13,7.899662e+01
5.149987e+13,7.901041e+01
5.175832e+13,4.999963e+00
6.989480e+14,7.939419e+01
1.320176e+13,7.091985e+01
1.308516e+13,7.899099e+01
7.627200e+13,4.510215e+01
6.585790e+13,6.984527e+01
2.012170e+13,7.899590e+01
9.120223e+13,6.407988e+01
1.217460e+14,8.000000e+01
4.899729e+13,4.600299e+01
1.459878e+13,7.899667e+01
1.062695e+13,7.899629e+01
6.735007e+13,7.899799e+01
4.960124e+13,5.152815e+01
6.639929e+13,7.897303e+01
6.273496e+18,8.000000e+01
9.781664e+12,7.899713e+01
2.290452e+14,5.705331e+01
4.118633e+13,7.899507e+01
6.954249e+13,6.323909e+01
1.561362e+15,8.000000e+01
4.382646e+13,3.909653e+01
4.764426e+13,2.828643e+01
8.559904e+13,7.963442e+01
1.251564e+14,8.000000e+01
1.976723e+13,4.999926e+00
2.246065e+13,2.528363e+01
4.112323e+13,7.888137e+01
1.718205e+13,7.899562e+01
1.192811e+16,7.759251e+01
7.380481e+13,6.245837e+01
7.749601e+13,7.104639e+01
4.726816e+13,4.999575e+00
4.473341e+13,4.065799e+01
3.372269e+13,7.899402e+01
2.034993e+13,7.897626e+01
5.027410e+13,7.899256e+01
2.753803e+13,2.756576e+01
1.618240e+13,7.899469e+01
2.933020e+13,3.020823e+01
1.436531e+13,7.899551e+01
1.512345e+13,7.899643e+01
1.750838e+13,7.898258e+01
1.133030e+14,4.708400e+01
2.057396e+14,8.000000e+01
1.528088e+14,4.792478e+01
1.549106e+13,7.898969e+01
3.191297e+13,3.363143e+01
8.892610e+12,7.899117e+01
2.235308e+13,4.492671e+01
6.774515e+13,7.290813e+01
2.432588e+13,7.899504e+01
4.156304e+13,4.582282e+01
3.573893e+13,7.899646e+01
3.935557e+13,4.999973e+00
1.219095e+14,7.933414e+01
1.219095e+14,7.933414e+01
1.170513e+13,7.899813e+01
2.474907e+13,7.899343e+01
1.370780e+13,7.899757e+01
5.425540e+13,3.429204e+01
2.157097e+13,7.895425e+01
1.039863e+13,7.899715e+01
1.022894e+13,7.899862e+01
2.911472e+13,7.885608e+01
1.861730e+14,7.128661e+01
1.886497e+14,8.000000e+01
1.001419e+13,7.899514e+01
1.181175e+14,7.476987e+01
1.181175e+14,7.476987e+01
6.719490e+13,5.741365e+01
1.095403e+14,8.000000e+01
1.059081e+14,5.891505e+01
3.534583e+13,4.999950e+00
4.617842e+13,3.675435e+01
2.478433e+13,7.899809e+01
4.527888e+13,3.789541e+01
2.424501e+14,5.939550e+01
4.625957e+13,3.465238e+01
5.751930e+16,8.000000e+01
2.437532e+13,7.894416e+01
1.489541e+13,7.899864e+01
5.691196e+13,4.582282e+01
8.972306e+13,5.032703e+01
2.091993e+13,7.899466e+01
2.848231e+13,7.899540e+01
3.280410e+13,2.906716e+01
1.866828e+14,5.939550e+01
1.495210e+13,7.897448e+01
3.759606e+14,6.654218e+01
1.003614e+17,8.000000e+01
3.532045e+13,3.711468e+01
7.155740e+13,6.552123e+01
4.863579e+13,3.513283e+01
2.120259e+13,7.899825e+01
5.994053e+13,6.215808e+01
2.382391e+13,7.899733e+01
1.802992e+13,7.899514e+01
1.979691e+13,7.899500e+01
1.551460e+13,7.914212e+01
5.775752e+13,4.324041e+01
3.463507e+13,3.399176e+01
2.142851e+14,6.113713e+01
1.281074e+13,7.899752e+01
3.444701e+13,7.897339e+01
1.838835e+13,7.898288e+01
1.686045e+13,7.895789e+01
2.721496e+13,2.768587e+01
6.202419e+13,7.898571e+01
2.972463e+13,7.882372e+01
4.902135e+13,4.576276e+01
2.707047e+13,7.898656e+01
1.236267e+13,7.899657e+01
5.536264e+13,5.260916e+01
3.811922e+14,8.000000e+01
3.811922e+14,8.000000e+01
3.445813e+13,3.381160e+01
4.238813e+13,3.879625e+01
1.242960e+13,7.899758e+01
6.369292e+13,4.059794e+01
2.364833e+13,7.898729e+01
3.115924e+13,3.213002e+01
2.898204e+13,7.899372e+01
1.348417e+14,7.380897e+01
7.336482e+13,3.987726e+01
1.970779e+14,8.000000e+01
1.064351e+14,8.000000e+01
3.501730e+13,3.489261e+01
1.394376e+13,7.899179e+01
3.752629e+13,3.447221e+01
5.656994e+13,6.300000e+01
3.752287e+13,3.387165e+01
1.232168e+13,7.896080e+01
1.133815e+13,7.065270e+01
7.580280e+13,8.000000e+01
8.466737e+13,7.146678e+01
8.466737e+13,7.146678e+01
4.592227e+13,5.387034e+01
3.810207e+13,7.892537e+01
1.136469e+14,6.131730e+01
4.666571e+13,4.576276e+01
1.605907e+13,7.899564e+01
1.816700e+13,7.899700e+01
1.226701e+14,6.552123e+01
1.205132e+14,5.813432e+01
3.068095e+13,2.978784e+01
7.581027e+13,4.504209e+01
2.442904e+14,8.000000e+01
8.816822e+13,4.330046e+01
4.960891e+13,3.447221e+01
5.371393e+15,8.000000e+01
2.582554e+14,8.000000e+01
3.946805e+13,7.899753e+01
1.108095e+13,7.899857e+01
3.786233e+13,4.245968e+01
4.456261e+13,3.609373e+01
5.885644e+13,6.738527e+01
3.070760e+13,7.899436e+01
6.650820e+14,8.000000e+01
4.759544e+14,7.855341e+01
6.521924e+13,7.899536e+01
3.687330e+13,3.573339e+01
1.735337e+13,7.899784e+01
8.071405e+13,7.904795e+01
3.092084e+13,2.990795e+01
2.539838e+13,7.899576e+01
8.271555e+13,5.525163e+01
1.501165e+13,7.899457e+01
3.291478e+13,7.899460e+01
4.695475e+19,8.000000e+01
5.706037e+13,6.912459e+01
6.224809e+13,6.930476e+01
3.145400e+13,3.459233e+01
3.806429e+13,7.899753e+01
6.400071e+14,6.480055e+01
1.428000e+15,8.000000e+01
1.597955e+13,7.899712e+01
6.567705e+13,4.089822e+01
2.011678e+13,7.899668e+01
6.213996e+13,3.369148e+01
6.616129e+13,4.708400e+01
8.212479e+13,8.000000e+01
6.426372e+13,4.630327e+01
8.564931e+13,4.227951e+01
2.373770e+13,7.899501e+01
5.457859e+13,7.896809e+01
1.177635e+13,7.899904e+01
2.514169e+13,7.899364e+01
1.784980e+13,5.000352e+00
2.557659e+13,7.899438e+01
1.384518e+13,7.899614e+01
3.434254e+13,7.899553e+01
1.638479e+13,7.896304e+01
3.792240e+13,3.867614e+01
2.359769e+13,7.898891e+01
8.849458e+13,7.899326e+01
2.499395e+13,7.899693e+01
1.351462e+13,7.899476e+01
2.966758e+13,7.899791e+01
2.662878e+13,7.870692e+01
2.866267e+13,7.899880e+01
2.391912e+13,7.896950e+01
1.058359e+14,6.083685e+01
8.662270e+13,6.456033e+01
1.479432e+14,7.332852e+01
6.060872e+13,5.453096e+01
5.051581e+13,4.558260e+01
3.870962e+13,3.693451e+01
5.341428e+13,3.837586e+01
1.248391e+13,7.899606e+01
1.947152e+13,7.893784e+01
1.985104e+14,7.859818e+01
1.985104e+14,8.000000e+01
2.874944e+13,3.303087e+01
2.170314e+13,7.897116e+01
4.119955e+18,8.000000e+01
4.119955e+18,8.000000e+01
1.771379e+13,7.899661e+01
1.987198e+13,7.898083e+01
6.557636e+13,5.026697e+01
3.267062e+13,7.898685e+01
3.360567e+13,3.681440e+01
1.402895e+13,7.898286e+01
1.661034e+13,7.899409e+01
3.175881e+13,3.567334e+01
1.934884e+13,7.893178e+01
6.150686e+13,4.245968e+01
1.340288e+14,7.488998e+01
1.707998e+13,7.899624e+01
1.617080e+14,5.140804e+01
1.126626e+14,5.789410e+01
1.485318e+13,7.898606e+01
5.184487e+13,3.285070e+01
1.336427e+14,5.417062e+01
1.788971e+14,7.356875e+01
9.095607e+13,5.194854e+01
7.019975e+13,5.825444e+01
1.608863e+14,5.771393e+01
2.758196e+13,7.899253e+01
5.891573e+13,6.930476e+01
1.872812e+13,7.856625e+01
8.234121e+13,7.899836e+01
3.714229e+13,4.143872e+01
7.049949e+13,5.627258e+01
1.930469e+13,7.899937e+01
9.432450e+14,8.000000e+01
1.472513e+14,6.089691e+01
2.520710e+14,8.000000e+01
2.669526e+13,7.899101e+01
2.230048e+13,7.899777e+01
7.224060e+13,5.393040e+01
1.979800e+13,7.277832e+01
2.471904e+13,2.606436e+01
3.719674e+13,3.993732e+01
6.644046e+14,8.000000e+01
6.644046e+14,8.000000e+01
1.080256e+14,8.000000e+01
1.158918e+13,5.090275e+01
1.126555e+14,6.149747e+01
5.024408e+13,4.534237e+01
8.653649e+13,4.516220e+01
6.642891e+13,4.125855e+01
3.859527e+13,7.898032e+01
4.877403e+13,5.026697e+01
5.916557e+17,8.000000e+01
5.916557e+17,8.000000e+01
2.346278e+13,7.899149e+01
2.482748e+13,7.899306e+01
1.572125e+13,7.899758e+01
1.652680e+15,8.000000e+01
1.068267e+14,8.000000e+01
2.374284e+14,7.807296e+01
4.807278e+13,4.432142e+01
1.197351e+13,7.895982e+01
6.059146e+13,5.158821e+01
2.116997e+13,7.899093e+01
1.500823e+13,7.899543e+01
5.755591e+13,7.906043e+01
5.421254e+13,3.957698e+01
1.130794e+13,7.899753e+01
3.105435e+13,7.896600e+01
2.536956e+13,7.899562e+01
7.237259e+13,4.011749e+01
1.222449e+14,8.000000e+01
9.267792e+13,8.000000e+01
9.819133e+13,8.000000e+01
9.819133e+13,8.000000e+01
1.209795e+13,7.898319e+01
2.205007e+13,7.898608e+01
3.006764e+13,2.900711e+01
3.879759e+13,4.173900e+01
1.448931e+13,7.899189e+01
1.368361e+13,7.899761e+01
1.583985e+13,7.899837e+01
3.530649e+13,3.489261e+01
2.459889e+13,7.897709e+01
1.800923e+13,7.899751e+01
8.073831e+13,7.272796e+01
3.157693e+13,2.678503e+01
9.921925e+12,7.907439e+01
3.007106e+13,2.898004e+01
5.353754e+13,3.711468e+01
4.871816e+13,7.891732e+01
2.578084e+13,2.720542e+01
2.021234e+13,7.898598e+01
2.368292e+13,7.899140e+01
5.510171e+13,7.893769e+01
1.632055e+15,8.000000e+01
5.924422e+13,7.899498e+01
5.924422e+13,7.899657e+01
2.510368e+16,8.000000e+01
1.012922e+13,7.897266e+01
2.890823e+13,2.690514e+01
8.908413e+13,8.000000e+01
7.970217e+13,5.429073e+01
2.318021e+13,2.570402e+01
1.708866e+13,4.999748e+00
9.546011e+12,7.899849e+01
1.532153e+13,7.899052e+01
1.733299e+13,7.899466e+01
5.135747e+13,4.999899e+00
5.642478e+13,5.080748e+01
9.029882e+13,4.294013e+01
2.407867e+13,7.894383e+01
4.142061e+13,3.357137e+01
4.521081e+13,4.149878e+01
2.535884e+13,4.999679e+00
1.787171e+13,7.898826e+01
2.308464e+13,7.899072e+01
7.207657e+13,7.038577e+01
7.207657e+13,7.038577e+01
1.661844e+13,7.899259e+01
3.176343e+13,7.897984e+01
1.520706e+14,8.000000e+01
2.219908e+13,7.898516e+01
2.657948e+13,2.876688e+01
6.864860e+13,4.972647e+01
1.552129e+14,8.000000e+01
1.552129e+14,8.000000e+01
7.260883e+13,5.567202e+01
6.288974e+13,7.918211e+01
6.288974e+13,7.895725e+01
3.051377e+13,3.237025e+01
1.658312e+13,5.000000e+00
2.891590e+13,7.899780e+01
8.975218e+13,6.383966e+01
2.047556e+13,7.899738e+01
3.875357e+13,4.999899e+00
2.507506e+14,5.801421e+01
1.015715e+13,7.899830e+01
7.285840e+13,5.921533e+01
2.092711e+13,7.899605e+01
1.636360e+14,6.065668e+01
4.673158e+13,3.483255e+01
9.986351e+14,8.000000e+01
1.729826e+14,7.753245e+01
8.829280e+13,6.876426e+01
4.973258e+13,7.899805e+01
2.820019e+13,4.999918e+00
3.229972e+13,3.146941e+01
1.171280e+13,7.899748e+01
3.901712e+13,3.188980e+01
2.531959e+13,7.899762e+01
5.199347e+13,4.999954e+00
2.062262e+13,7.898364e+01
8.111046e+12,7.899805e+01
1.362004e+14,7.729223e+01
1.342785e+13,7.897453e+01
2.063555e+13,7.899171e+01
8.873988e+13,4.999764e+00
8.207752e+13,5.411056e+01
1.620081e+13,4.999679e+00
2.251368e+13,7.899780e+01
3.013802e+13,3.279064e+01
4.702562e+14,8.000000e+01
4.241452e+13,3.909653e+01
1.412344e+14,5.344995e+01
8.319203e+12,7.899855e+01
1.315167e+13,7.894243e+01
1.155581e+13,7.898947e+01
1.163240e+14,8.000000e+01
1.527184e+13,7.899506e+01
2.149592e+13,7.899903e+01
1.478576e+13,7.899721e+01
1.648365e+14,5.951562e+01
1.409868e+13,7.899779e+01
3.066726e+13,3.369148e+01
3.149193e+13,7.899587e+01
7.086998e+13,4.999869e+00
3.895337e+13,3.188980e+01
3.861908e+13,3.627390e+01
8.196098e+13,8.000000e+01
3.889994e+13,7.923005e+01
4.079112e+13,7.897954e+01
1.029994e+14,6.822375e+01
1.728567e+13,7.909452e+01
5.670202e+13,4.666361e+01
3.217105e+13,4.999951e+00
3.110827e+13,2.738559e+01
2.030993e+13,4.999572e+00
3.901331e+13,4.107839e+01
2.551505e+13,2.624452e+01
5.679010e+13,5.789410e+01
2.402966e+13,7.899602e+01
1.679095e+13,7.899145e+01
3.223456e+14,7.933414e+01
2.725092e+13,7.899203e+01
3.583666e+13,3.675435e+01
2.136397e+13,7.899706e+01
1.025821e+13,7.899895e+01
2.450044e+13,7.899086e+01
2.529624e+13,7.899598e+01
2.388665e+14,5.861477e+01
1.313791e+13,7.898653e+01
2.201519e+13,7.899380e+01
2.401319e+13,7.883628e+01
4.218970e+13,3.831580e+01
3.041090e+13,3.339120e+01
2.497749e+13,7.880460e+01
1.587015e+14,5.224882e+01
1.805994e+13,7.899381e+01
1.175464e+14,7.899831e+01
1.175464e+14,7.899850e+01
1.008222e+13,7.899299e+01
2.672586e+13,7.918611e+01
1.516087e+14,6.011618e+01
2.378694e+13,7.898500e+01
3.983379e+13,7.898108e+01
5.954308e+13,5.657287e+01
2.872901e+13,3.417193e+01
1.394211e+14,5.206866e+01
4.455337e+13,3.513283e+01
5.097179e+14,8.000000e+01
3.851883e+13,4.426136e+01
7.804627e+13,4.245968e+01
1.495484e+13,7.899827e+01
1.042052e+14,8.000000e+01
3.445004e+13,7.899173e+01
2.641194e+13,7.896080e+01
1.808648e+13,7.897054e+01
1.276225e+13,7.899768e+01
2.405343e+13,7.899740e+01
4.273946e+13,3.435210e+01
3.782938e+13,3.513283e+01
1.594406e+13,7.899733e+01
1.983833e+13,7.898941e+01
4.562980e+16,8.000000e+01
3.828568e+13,3.483255e+01
6.420596e+13,5.867483e+01
1.776836e+15,8.000000e+01
1.999397e+13,7.896597e+01
4.728619e+13,7.899400e+01
1.000713e+13,7.899798e+01
4.693387e+20,8.000000e+01
4.693387e+20,8.000000e+01
3.353016e+13,7.137138e+01
3.925774e+13,7.899695e+01
2.973336e+13,2.099419e+01
2.322325e+13,2.612441e+01
6.388285e+13,7.896403e+01
3.905962e+13,4.432142e+01
5.948398e+13,3.399176e+01
2.424888e+13,7.899662e+01
6.211797e+13,4.840523e+01
5.506137e+13,4.546248e+01
9.999514e+12,7.899775e+01
2.170550e+13,7.894501e+01
8.078715e+13,4.972647e+01
8.406082e+13,6.702263e+01
5.194546e+13,5.224882e+01
3.226987e+13,3.447221e+01
2.608566e+13,7.899271e+01
8.723120e+13,4.552254e+01
1.217862e+13,7.898856e+01
4.989291e+13,4.450159e+01
5.150995e+13,3.525294e+01
2.850219e+13,2.660486e+01
1.077232e+13,7.876718e+01
2.233354e+14,7.170701e+01
6.031604e+13,5.014686e+01
1.789718e+14,8.000000e+01
1.789718e+14,8.000000e+01
1.789718e+14,8.000000e+01
1.151969e+14,5.885500e+01
1.039732e+14,4.774462e+01
9.418896e+13,8.000000e+01
1.389538e+13,7.899746e+01
5.961794e+13,6.071674e+01
3.787933e+13,3.297081e+01
8.829220e+13,6.648213e+01
2.181134e+13,7.899799e+01
5.912936e+13,4.215940e+01
3.226269e+13,3.603367e+01
2.601085e+13,7.899683e+01
9.118600e+13,7.561066e+01
2.998826e+13,7.896695e+01
7.591082e+13,4.516220e+01
1.454440e+13,7.899851e+01
1.148798e+14,6.305893e+01
7.895748e+13,8.000000e+01
1.896882e+13,7.881431e+01
2.781462e+13,7.897434e+01
2.641779e+13,7.898999e+01
2.332717e+13,7.899414e+01
1.457992e+13,7.899686e+01
4.522311e+13,7.899345e+01
1.167182e+13,7.894055e+01
2.921146e+13,7.899040e+01
2.336522e+19,8.000000e+01
2.336522e+19,8.000000e+01
3.944924e+13,3.501272e+01
9.136376e+13,4.432142e+01
9.747165e+12,7.878238e+01
1.469237e+14,8.000000e+01
1.475728e+14,7.176706e+01
1.592412e+13,7.898856e+01
1.891895e+13,7.899786e+01
2.690327e+13,7.899778e+01
1.749217e+13,7.899786e+01
1.070666e+13,7.894840e+01
5.292187e+13,7.899558e+01
1.615868e+13,7.905633e+01
2.216983e+13,2.480318e+01
1.942445e+13,7.899189e+01
5.503539e+13,5.813432e+01
1.083838e+14,5.711337e+01
1.405162e+13,7.899609e+01
3.775240e+13,3.471244e+01
1.385703e+13,7.899804e+01
6.671309e+13,6.450027e+01
2.985264e+13,4.999946e+00
1.489218e+13,7.899839e+01
1.968416e+13,7.898895e+01
6.277868e+13,7.899622e+01
1.911137e+14,8.000000e+01
1.911137e+14,8.000000e+01
3.459486e+13,3.303087e+01
2.033254e+13,7.898218e+01
3.129654e+13,3.273059e+01
1.000432e+14,8.000000e+01
4.489395e+13,3.699457e+01
1.900402e+13,7.893599e+01
1.195407e+14,7.723217e+01
1.268721e+13,7.899819e+01
1.791080e+17,8.000000e+01
2.159704e+14,7.206734e+01
4.505039e+13,6.125724e+01
4.021699e+13,7.899659e+01
5.592302e+13,4.071805e+01
2.275728e+13,7.899848e+01
3.176145e+13,2.990795e+01
4.544811e+13,4.972647e+01
8.337070e+13,7.987464e+01
1.520066e+13,7.899627e+01
1.428464e+14,8.000000e+01
1.428464e+14,8.000000e+01
4.580943e+13,7.899981e+01
4.580943e+13,7.898990e+01
1.054449e+13,7.898195e+01
1.409244e+13,7.899441e+01
3.485062e+13,7.936872e+01
5.546641e+13,5.302955e+01
4.404318e+13,3.693451e+01
2.649410e+13,7.899715e+01
1.815793e+14,7.446959e+01
8.010393e+17,7.693189e+01
9.518085e+13,4.155884e+01
5.585194e+16,5.314967e+01
2.708655e+13,2.504340e+01
2.789200e+13,7.833442e+01
1.218919e+13,7.897990e+01
8.439603e+13,4.444153e+01
3.643863e+13,7.899088e+01
3.050395e+13,7.899541e+01
6.739760e+13,4.570271e+01
2.347808e+13,7.883025e+01
9.890760e+13,8.000000e+01
9.890760e+13,8.000000e+01
1.877859e+19,8.000000e+01
1.877859e+19,8.000000e+01
6.816052e+13,7.899759e+01
1.779771e+13,7.899658e+01
1.373328e+13,7.898725e+01
5.301510e+13,3.993732e+01
1.971580e+13,7.114642e+01
1.544366e+13,5.000000e+00
3.674162e+13,3.633395e+01
1.023195e+14,4.810495e+01
4.506894e+13,3.669429e+01
2.866048e+13,7.899832e+01
1.757120e+13,7.899788e+01
1.405405e+13,7.893957e+01
6.724508e+13,4.999991e+00
3.103080e+13,5.000098e+00
4.203665e+13,7.897853e+01
1.289940e+13,7.899868e+01
1.812182e+13,4.999615e+00
1.636110e+14,8.000000e+01
1.760937e+13,7.899869e+01
3.638669e+13,7.899283e+01
4.156460e+13,4.113844e+01
5.547533e+16,8.000000e+01
2.336234e+13,7.898747e+01
2.767515e+13,7.899529e+01
4.882086e+13,3.981721e+01
3.427649e+13,7.896231e+01
3.065936e+13,3.008812e+01
1.654317e+15,8.000000e+01
3.410233e+13,7.895964e+01
8.962365e+14,8.000000e+01
4.068746e+13,7.898857e+01
1.766671e+13,7.899703e+01
2.562179e+13,7.899816e+01
8.124756e+13,4.372086e+01
2.921933e+13,7.891052e+01
1.562704e+13,7.899828e+01
1.583488e+13,7.899833e+01
7.156244e+13,6.155752e+01
1.973263e+13,7.755932e+01
1.139165e+14,6.468044e+01
9.299014e+13,6.287876e+01
2.982620e+13,7.917853e+01
1.200161e+14,7.585088e+01
1.103819e+14,8.000000e+01
2.789496e+13,7.899547e+01
1.289304e+13,7.876572e+01
9.032474e+13,7.898469e+01
1.829677e+13,7.899645e+01
1.270546e+14,5.338989e+01
5.944171e+13,5.134798e+01
1.327624e+13,7.899684e+01
8.514125e+13,8.000000e+01
4.745023e+13,7.896258e+01
2.025354e+13,4.998943e+00
5.422967e+13,6.588156e+01
8.113323e+13,4.936613e+01
1.843534e+13,7.897749e+01
2.828985e+13,3.056857e+01
1.300495e+13,7.899801e+01
2.161170e+13,7.891253e+01
3.790241e+13,5.000656e+00
1.663460e+14,5.477118e+01
4.184726e+13,4.336052e+01
2.121862e+13,6.926423e+01
8.002043e+12,7.899774e+01
1.540922e+13,7.899296e+01
9.695838e+13,4.750439e+01
4.260393e+13,7.892416e+01
2.374064e+13,7.899310e+01
1.873972e+13,7.899002e+01
7.666543e+13,5.266922e+01
4.251124e+13,4.999969e+00
4.429466e+13,7.899760e+01
1.745372e+13,7.899815e+01
1.349260e+13,7.874238e+01
1.217001e+13,7.898483e+01
1.358505e+13,7.899783e+01
5.787420e+15,8.000000e+01
5.787420e+15,8.000000e+01
1.521984e+13,7.893040e+01
1.090537e+14,8.000000e+01
2.063840e+13,7.899735e+01
2.710185e+13,7.899271e+01
9.108493e+13,4.936613e+01
1.421137e+13,7.897862e+01
1.147822e+13,7.899686e+01
1.843033e+13,7.899879e+01
1.297624e+14,6.702263e+01
9.642818e+12,7.898695e+01
3.986402e+13,3.495266e+01
1.804334e+13,7.895706e+01
2.413982e+13,7.899782e+01
1.600768e+13,7.896862e+01
2.125942e+13,7.899076e+01
1.388696e+13,7.898678e+01
3.587477e+13,3.693451e+01
2.329216e+13,4.999702e+00
1.153157e+13,7.899724e+01
7.400759e+18,8.000000e+01
7.400759e+18,8.000000e+01
1.716967e+13,7.910107e+01
2.518296e+13,2.558391e+01
3.514527e+13,3.110907e+01
1.189679e+19,8.000000e+01
1.352761e+13,7.899641e+01
4.107055e+13,3.363143e+01
5.015940e+13,7.899382e+01
6.155227e+13,4.666361e+01
1.834889e+13,7.899603e+01
1.527503e+13,7.899709e+01
1.706797e+13,7.899593e+01
2.486184e+13,2.774593e+01
7.017308e+13,5.681309e+01
1.299038e+13,7.899806e+01
6.574818e+13,5.056725e+01
7.887826e+13,7.898741e+01
7.887826e+13,7.899466e+01
4.582521e+13,4.384097e+01
2.146260e+13,7.899773e+01
4.817014e+13,3.723479e+01
1.099419e+14,4.999911e+00
1.008203e+13,7.899831e+01
3.449241e+13,3.393171e+01
6.392734e+13,5.099305e+01
2.005338e+13,7.899723e+01
2.956920e+13,4.998682e+00
1.806531e+15,8.000000e+01
2.116079e+13,7.896124e+01
1.652376e+13,7.898469e+01
3.105126e+13,3.110907e+01
6.199701e+13,4.432142e+01
1.663903e+13,4.999040e+00
1.613452e+13,7.899839e+01
3.059511e+13,3.032834e+01
1.060528e+13,4.999764e+00
1.819928e+13,7.899061e+01
6.796657e+13,7.909391e+01
7.661873e+13,5.284939e+01
6.198014e+13,7.898842e+01
5.478446e+13,3.573339e+01
3.333510e+13,2.972778e+01
8.399190e+18,8.000000e+01
7.626666e+13,7.579082e+01
6.551879e+19,8.000000e+01
6.551879e+19,8.000000e+01
3.155838e+13,7.898711e+01
2.308749e+13,7.899702e+01
1.619839e+14,7.380897e+01
1.619839e+14,7.380897e+01
1.105378e+14,6.125724e+01
9.113437e+13,6.371954e+01
1.132265e+14,7.074611e+01
1.436446e+13,7.899753e+01
1.623639e+14,7.416931e+01
1.993315e+14,5.891505e+01
1.526228e+14,6.918465e+01
7.364771e+13,5.375023e+01
1.552131e+13,7.899778e+01
1.628179e+13,7.899803e+01
1.166408e+13,5.108132e+01
3.699907e+13,3.477249e+01
1.987695e+13,4.999095e+00
5.045487e+13,7.899562e+01
9.085422e+12,7.896505e+01
3.484974e+13,5.098765e+01
3.038154e+13,2.804621e+01
4.030847e+18,8.000000e+01
4.030847e+18,8.000000e+01
4.030847e+18,8.000000e+01
2.073233e+13,7.899753e+01
7.110787e+13,7.899718e+01
5.682686e+13,3.285070e+01
1.225598e+13,7.899609e+01
1.854855e+13,7.899819e+01
3.797648e+13,7.899364e+01
2.691380e+13,7.899875e+01
1.166306e+13,7.899752e+01
1.745969e+13,7.897604e+01
1.017511e+14,8.000000e+01
2.840821e+13,4.999122e+00
3.354994e+13,3.050851e+01
2.429796e+13,7.923992e+01
2.531235e+13,2.306155e+01
1.833129e+13,7.781909e+01
6.140318e+19,8.000000e+01
1.350037e+13,7.899838e+01
1.084855e+13,7.898296e+01
2.809807e+13,7.899410e+01
4.898500e+14,8.000000e+01
1.051493e+13,7.899822e+01
5.017602e+13,5.000126e+00
3.343725e+13,3.116913e+01
7.963150e+13,6.534106e+01
5.452105e+13,4.300018e+01
1.606724e+13,4.999733e+00
2.766109e+13,7.899784e+01
8.851272e+12,7.896182e+01
1.156890e+14,4.774462e+01
1.059947e+14,8.000000e+01
8.160037e+13,8.000000e+01
9.257316e+13,8.000000e+01
5.010520e+13,3.369148e+01
3.922508e+13,3.621384e+01
2.095841e+13,7.899354e+01
2.142755e+14,5.579214e+01
3.317504e+13,4.318035e+01
1.080379e+14,5.230888e+01
1.173436e+13,7.899758e+01
2.686512e+13,4.999500e+00
1.644375e+13,7.897263e+01
1.743551e+13,7.899616e+01
4.839710e+13,5.000004e+00
4.839710e+13,7.899121e+01
1.329508e+14,8.000000e+01
1.329508e+14,8.000000e+01
1.701549e+13,4.999847e+00
7.297875e+13,6.023629e+01
2.146328e+13,7.899401e+01
3.971961e+13,7.899887e+01
3.008578e+13,7.899869e+01
2.932834e+15,8.000000e+01
1.753538e+13,7.898259e+01
5.360519e+13,4.822506e+01
5.428175e+13,7.555060e+01
1.975794e+13,7.899428e+01
4.367977e+15,8.000000e+01
2.549665e+13,2.720542e+01
1.247791e+15,8.000000e+01
1.371182e+14,6.816370e+01
3.640790e+13,7.899617e+01
1.648180e+13,7.899709e+01
6.664059e+13,5.435079e+01
5.119066e+13,4.486192e+01
2.481993e+13,2.582413e+01
1.395909e+13,7.909141e+01
2.422269e+13,7.896193e+01
6.939442e+13,4.245968e+01
1.314712e+13,7.894048e+01
1.651654e+13,7.899497e+01
6.682804e+13,4.312029e+01
5.172355e+13,5.477118e+01
5.134550e+13,5.405051e+01
2.528483e+13,2.690514e+01
1.221116e+13,7.065915e+01
2.965735e+13,7.888337e+01
1.949879e+13,7.899654e+01
2.127306e+14,8.000000e+01
2.127306e+14,8.000000e+01
6.179456e+13,4.999887e+00
1.632361e+13,7.899473e+01
9.921335e+13,8.000000e+01
1.709552e+13,7.898819e+01
1.187192e+13,7.899615e+01
4.941061e+13,4.113844e+01
1.439131e+14,7.422936e+01
6.336694e+14,8.000000e+01
4.620527e+13,3.104901e+01
5.652772e+13,5.146810e+01
2.009012e+13,7.897756e+01
4.090113e+13,7.895938e+01
5.942800e+13,4.792478e+01
4.314262e+13,3.423199e+01
5.913246e+13,7.898501e+01
3.253134e+14,8.000000e+01
1.319137e+14,8.000000e+01
3.012235e+13,7.897409e+01
1.170323e+13,7.899285e+01
2.626145e+13,7.924234e+01
1.443583e+14,8.000000e+01
2.165428e+13,2.384228e+01
3.541087e+13,2.894705e+01
1.866682e+13,7.893861e+01
4.023597e+13,7.899740e+01
8.584700e+13,8.000000e+01
8.584700e+13,8.000000e+01
2.660755e+13,7.898562e+01
1.365110e+13,7.899544e+01
5.617383e+13,5.837455e+01
1.156831e+13,7.899838e+01
1.147888e+13,7.904023e+01
1.683771e+14,8.000000e+01
6.613687e+13,4.636332e+01
7.742254e+15,8.000000e+01
7.742254e+15,8.000000e+01
5.985650e+13,4.648344e+01
1.861622e+13,7.898144e+01
1.548398e+15,8.000000e+01
1.548398e+15,8.000000e+01
1.188868e+19,8.000000e+01
1.188868e+19,8.000000e+01
7.814041e+13,5.000075e+00
2.313015e+13,2.504340e+01
2.311443e+13,7.889600e+01
4.104423e+13,4.275996e+01
1.989891e+13,7.897603e+01
8.229991e+13,3.993732e+01
4.742766e+13,4.300018e+01
3.975339e+13,3.531300e+01
6.760491e+13,5.957567e+01
2.113909e+13,7.898827e+01
6.194528e+13,5.140804e+01
5.810351e+13,4.173900e+01
7.328879e+15,8.000000e+01
7.328879e+15,8.000000e+01
6.770524e+13,7.855341e+01
5.478421e+14,7.404920e+01
1.203429e+14,7.603105e+01
5.841238e+13,6.269859e+01
5.252907e+13,7.299325e+01
6.451712e+14,6.906454e+01
6.161397e+13,3.861609e+01
9.300062e+13,8.000000e+01
1.972135e+13,7.899391e+01
1.370334e+13,7.899719e+01
4.604203e+19,8.000000e+01
4.604203e+19,8.000000e+01
4.604203e+19,8.000000e+01
2.746021e+13,7.899432e+01
7.822479e+13,8.000000e+01
4.541936e+13,6.949115e+01
1.262181e+13,7.899732e+01
2.912369e+13,3.513283e+01
2.094029e+13,7.899233e+01
1.684852e+13,7.896703e+01
1.365743e+13,7.896711e+01
2.037062e+14,8.000000e+01
2.037062e+14,8.000000e+01
1.129839e+14,4.906585e+01
3.245695e+19,8.000000e+01
3.245695e+19,8.000000e+01
2.251407e+13,7.895336e+01
1.670444e+13,7.899325e+01
1.588891e+14,5.963573e+01
5.455024e+13,7.899133e+01
5.970764e+13,5.417062e+01
7.766994e+14,6.888437e+01
2.839979e+13,2.726548e+01
1.575343e+14,5.110776e+01
4.071274e+13,4.239962e+01
3.804062e+13,5.000072e+00
3.567129e+14,6.131730e+01
2.517605e+13,7.899328e+01
5.024932e+15,8.000000e+01
5.024932e+15,8.000000e+01
3.081194e+13,2.522357e+01
1.467576e+14,5.699326e+01
5.086418e+13,4.426136e+01
2.656443e+13,7.895313e+01
7.499132e+13,7.899473e+01
2.655819e+13,7.899262e+01
1.087622e+13,7.899865e+01
2.106999e+14,7.495004e+01
1.843790e+13,4.999885e+00
3.654146e+13,7.896293e+01
1.381556e+14,5.735360e+01
9.084254e+13,5.000032e+00
9.084254e+13,5.000117e+00
6.321178e+13,5.164826e+01
2.293238e+13,7.898915e+01
2.355911e+13,7.899511e+01
1.786528e+13,7.897216e+01
2.582378e+14,6.377960e+01
1.215091e+13,7.899804e+01
8.647733e+13,3.095717e+01
1.212486e+13,7.897763e+01
4.199932e+13,7.899223e+01
9.693571e+12,7.899003e+01
3.092248e+13,3.363143e+01
4.285425e+14,8.000000e+01
1.330483e+13,7.899391e+01
1.675018e+13,7.899706e+01
3.987549e+13,7.943498e+01
2.346439e+13,2.612441e+01
2.203619e+13,7.886721e+01
2.501000e+13,5.000272e+00
1.367896e+16,8.000000e+01
1.367896e+16,8.000000e+01
1.810566e+13,7.899774e+01
3.640783e+13,3.405182e+01
2.100901e+13,7.899650e+01
7.488389e+13,6.203797e+01
2.287956e+13,2.510346e+01
1.193673e+14,8.000000e+01
4.012629e+13,7.899665e+01
3.089745e+13,7.898811e+01
3.018077e+13,7.914671e+01
1.021239e+14,7.753245e+01
2.135108e+13,7.899568e+01
6.113276e+13,7.899078e+01
1.784511e+13,7.898864e+01
7.961828e+13,8.000000e+01
1.317745e+13,7.899653e+01
5.129466e+13,6.005612e+01
4.592899e+13,3.537305e+01
3.275008e+13,3.176969e+01
3.843673e+13,7.899566e+01
7.700746e+13,5.435079e+01
1.157418e+14,8.000000e+01
1.157418e+14,8.000000e+01
1.580950e+13,7.899832e+01
2.180892e+13,7.899267e+01
2.025836e+13,7.899532e+01
3.141496e+13,7.898223e+01
2.977898e+13,7.899752e+01
1.039061e+13,7.899824e+01
1.092151e+14,8.000000e+01
1.092151e+14,8.000000e+01
4.941977e+13,4.053788e+01
5.999601e+13,6.750308e+01
1.032010e+13,7.899751e+01
1.058892e+13,5.090548e+01
3.147762e+13,7.899212e+01
1.046832e+16,8.000000e+01
1.262792e+18,8.000000e+01
1.262792e+18,8.000000e+01
4.790200e+13,3.531300e+01
7.905171e+13,4.396108e+01
4.052244e+13,2.570402e+01
1.167991e+13,7.897406e+01
1.081451e+14,8.000000e+01
1.845366e+13,7.899707e+01
1.399133e+14,7.711206e+01
1.278603e+13,7.899475e+01
3.245921e+13,7.899556e+01
8.410040e+13,7.633133e+01
7.208489e+13,5.393040e+01
2.528910e+13,7.898579e+01
3.188646e+13,7.895766e+01
6.689953e+13,4.396108e+01
1.321647e+13,7.899813e+01
1.055596e+14,5.951562e+01
1.747874e+13,6.888270e+01
2.357906e+13,2.564396e+01
5.212542e+13,4.924602e+01
2.740086e+13,7.899613e+01
3.796716e+13,3.921665e+01
1.781670e+13,4.999291e+00
1.653719e+13,7.896299e+01
2.211043e+13,7.887199e+01
9.438935e+12,7.703443e+01
3.708045e+13,3.243031e+01
3.857149e+13,3.585350e+01
1.683746e+14,6.996538e+01
2.757334e+13,2.540374e+01
1.960848e+13,7.898645e+01
2.579650e+13,7.899517e+01
2.720672e+13,7.899376e+01
1.234117e+13,7.899726e+01
2.274734e+13,7.899819e+01
1.298207e+14,8.000000e+01
5.957012e+13,8.000000e+01
8.812358e+13,5.296950e+01
5.086909e+13,3.573339e+01
2.650262e+13,7.899444e+01
5.088358e+13,3.975715e+01
8.937777e+12,7.899785e+01
2.195548e+13,7.897372e+01
8.832386e+13,5.879494e+01
1.241309e+13,7.899862e+01
3.848091e+13,3.825575e+01
1.905505e+13,7.898558e+01
9.241679e+13,4.846529e+01
4.082594e+13,3.657418e+01
1.496542e+14,7.867352e+01
1.401940e+13,7.897959e+01
4.537999e+13,5.736808e+01
1.236679e+13,7.889655e+01
1.452212e+13,7.899636e+01
1.710462e+13,7.897973e+01
7.252870e+13,5.417062e+01
2.658455e+13,7.899799e+01
1.143988e+13,7.899768e+01
1.757860e+13,7.899619e+01
1.202990e+13,7.898083e+01
6.788356e+14,8.000000e+01
1.529157e+14,5.465107e+01
4.266815e+13,3.519289e+01
2.262183e+13,7.896631e+01
2.200415e+14,7.795284e+01
1.071699e+14,7.194723e+01
7.993259e+13,7.905894e+01
8.940912e+13,8.000000e+01
8.940912e+13,8.000000e+01
3.459198e+13,7.952615e+01
1.516401e+14,7.795284e+01
1.413159e+14,8.000000e+01
1.861426e+13,7.899704e+01
2.634317e+13,7.899293e+01
1.795312e+14,8.000000e+01
1.795312e+14,8.000000e+01
4.712087e+13,3.705463e+01
1.664446e+13,7.898798e+01
7.458875e+19,8.000000e+01
1.091448e+13,7.899872e+01
5.519503e+13,5.000011e+00
5.519503e+13,7.897288e+01
3.606574e+13,3.303087e+01
2.266030e+13,2.576408e+01
6.484109e+13,6.756314e+01
3.988832e+13,4.294013e+01
2.868395e+13,7.884732e+01
2.519562e+14,6.636201e+01
1.084721e+14,5.507146e+01
1.468455e+18,8.000000e+01
3.803965e+13,3.681440e+01
8.465988e+13,6.528100e+01
2.747597e+14,8.000000e+01
1.929220e+13,7.899725e+01
3.428577e+13,2.500000e+01
1.353707e+14,6.984527e+01
3.157946e+13,7.899840e+01
4.390020e+13,5.000000e+00
2.788895e+13,7.899003e+01
3.733512e+13,4.119850e+01
7.388056e+13,5.375023e+01
3.267906e+13,7.899273e+01
9.405240e+13,6.095696e+01
2.800902e+15,8.000000e+01
2.800902e+15,8.000000e+01
6.692539e+13,3.300000e+01
4.837168e+13,7.899251e+01
4.117006e+13,3.399176e+01
1.754091e+13,7.898817e+01
9.658720e+13,7.200729e+01
1.231910e+13,7.914044e+01
4.295217e+16,8.000000e+01
9.210320e+12,7.899822e+01
3.360924e+13,4.999911e+00
1.148626e+13,7.899738e+01
3.059731e+13,2.900711e+01
4.789624e+17,8.000000e+01
3.783486e+13,7.899748e+01
3.983827e+13,7.898890e+01
6.034879e+13,3.675435e+01
2.881183e+13,7.894968e+01
1.741374e+13,7.899218e+01
2.744391e+14,5.849466e+01
2.471498e+13,4.999926e+00
3.497918e+13,3.092890e+01
1.102341e+13,5.000022e+00
1.132134e+14,8.000000e+01
4.411608e+13,4.378091e+01
5.826849e+13,4.780467e+01
6.898925e+13,4.306024e+01
1.624038e+13,7.899387e+01
9.107902e+13,7.899951e+01
9.107902e+13,8.000000e+01
1.410473e+14,4.984658e+01
1.643702e+13,7.899536e+01
4.045921e+13,7.898630e+01
2.627844e+14,6.912459e+01
3.914699e+13,3.801552e+01
1.191606e+14,5.675303e+01
5.593901e+13,4.660355e+01
3.081281e+13,2.798615e+01
3.214399e+13,7.898173e+01
1.352071e+13,7.899724e+01
2.698803e+13,7.899730e+01
1.082918e+13,7.899666e+01
1.755065e+13,4.999316e+00
3.431274e+13,7.899479e+01
4.280717e+13,3.176969e+01
1.836370e+13,7.899516e+01
5.347470e+13,4.396108e+01
1.400830e+13,7.899846e+01
2.142629e+13,2.462301e+01
1.314553e+13,7.899839e+01
7.522242e+13,7.499814e+01
2.494134e+14,8.000000e+01
2.088237e+13,2.282133e+01
4.254103e+13,3.291075e+01
1.628013e+13,7.899844e+01
1.327385e+14,8.000000e+01
1.327385e+14,8.000000e+01
5.843055e+13,5.933545e+01
1.452694e+13,7.899377e+01
3.298900e+13,7.899757e+01
3.394582e+13,3.435210e+01
3.561969e+13,4.354069e+01
2.341435e+14,6.714274e+01
8.928218e+13,6.389971e+01
1.795984e+13,7.899767e+01
3.620466e+13,3.489261e+01
3.870225e+13,3.213002e+01
1.118359e+13,7.899844e+01
5.334650e+13,7.899215e+01
8.261178e+13,4.714405e+01
1.572216e+14,8.000000e+01
2.049931e+16,8.000000e+01
1.972845e+13,7.899081e+01
1.031843e+14,6.648213e+01
3.488945e+15,8.000000e+01
1.698433e+13,7.898362e+01
7.838056e+13,7.899523e+01
7.838056e+13,7.899623e+01
2.840644e+13,7.899579e+01
1.927838e+13,7.893804e+01
1.584905e+13,7.899208e+01
2.594520e+13,7.861611e+01
9.899742e+13,8.000000e+01
9.899742e+13,5.000003e+00
8.184370e+13,7.458970e+01
8.184370e+13,7.458970e+01
4.380247e+13,3.939682e+01
2.009298e+13,7.898312e+01
3.641965e+13,3.471244e+01
3.774404e+13,3.459233e+01
2.358567e+13,7.899812e+01
7.076596e+13,6.095696e+01
2.953112e+13,2.852666e+01
1.147037e+13,7.899626e+01
3.353137e+13,2.624452e+01
1.912380e+13,7.899358e+01
5.111324e+13,7.899810e+01
3.652205e+13,4.738428e+01
1.097482e+14,8.000000e+01
1.254092e+13,7.899769e+01
1.212620e+13,7.899897e+01
1.398590e+13,7.899620e+01
7.945530e+13,7.609110e+01
2.177017e+13,2.408250e+01
1.280145e+14,5.681309e+01
1.082957e+14,8.000000e+01
2.133684e+16,8.000000e+01
2.674686e+16,8.000000e+01
2.097420e+13,7.899799e+01
1.340024e+13,7.898702e+01
7.407447e+14,7.434948e+01
1.591926e+13,7.899816e+01
2.439703e+13,7.889276e+01
1.074567e+13,7.506008e+01
3.174458e+13,7.897775e+01
8.167568e+13,7.615116e+01
2.466689e+13,7.899334e+01
5.917683e+13,3.855603e+01
4.070498e+13,3.711468e+01
3.205849e+19,8.000000e+01
7.439660e+13,7.899794e+01
1.486654e+13,5.000000e+00
2.449939e+13,7.915015e+01
1.674099e+13,7.899776e+01
3.292407e+15,8.000000e+01
3.292407e+15,8.000000e+01
1.802284e+14,6.291789e+01
3.807076e+13,7.898799e+01
1.383799e+14,7.068605e+01
4.561395e+13,7.899226e+01
6.112577e+13,3.411188e+01
3.887822e+13,3.315098e+01
1.068954e+13,6.489016e+01
3.206864e+13,3.489261e+01
1.680772e+13,7.899610e+01
3.249130e+13,7.898813e+01
3.068270e+13,2.918727e+01
1.745966e+13,7.899730e+01
2.689105e+13,7.899263e+01
2.722975e+13,2.636464e+01
2.698743e+13,7.899361e+01
6.170239e+13,3.567334e+01
9.648915e+13,5.014686e+01
3.395841e+13,7.898320e+01
2.423386e+13,2.558391e+01
1.829298e+14,8.000000e+01
1.946806e+13,7.899357e+01
4.665491e+13,4.999701e+00
1.676640e+13,7.898591e+01
1.901670e+13,7.899694e+01
3.007731e+14,7.092628e+01
2.847237e+13,2.852666e+01
3.398869e+13,3.465238e+01
8.481896e+17,8.000000e+01
3.862695e+13,7.919949e+01
1.742546e+14,7.999475e+01
1.995973e+14,4.630327e+01
3.601827e+13,7.898862e+01
1.714790e+13,7.899378e+01
5.366777e+13,7.898255e+01
1.172042e+14,6.900448e+01
3.100648e+13,7.897713e+01
5.876747e+13,3.351132e+01
3.746410e+14,8.000000e+01
4.214726e+13,4.642338e+01
1.384167e+14,7.320841e+01
1.290171e+14,5.399045e+01
3.376287e+13,3.375154e+01
4.096531e+13,3.303087e+01
1.053484e+14,5.026697e+01
2.224814e+13,7.899561e+01
7.293089e+13,4.005743e+01
3.099662e+13,7.894905e+01
2.912015e+13,2.438278e+01
3.161053e+13,2.858671e+01
3.150483e+14,6.444022e+01
1.348067e+14,7.140673e+01
1.296138e+13,7.899744e+01
1.614281e+13,7.899817e+01
1.285407e+13,4.999818e+00
2.267703e+13,7.832397e+01
3.231025e+13,3.675435e+01
1.063029e+13,7.899211e+01
1.421679e+13,7.899791e+01
6.795623e+13,5.501141e+01
2.208310e+13,7.899651e+01
2.450936e+13,7.898573e+01
8.279855e+13,5.555191e+01
1.045245e+14,5.909522e+01
6.761583e+13,6.918465e+01
2.680591e+13,2.996800e+01
1.968870e+13,2.156015e+01
4.611126e+14,8.000000e+01
1.269578e+13,7.899703e+01
4.419620e+14,8.000000e+01
8.699413e+13,8.000000e+01
4.118732e+13,3.008812e+01
1.122300e+13,7.899814e+01
1.446306e+13,7.899720e+01
1.344768e+13,7.911778e+01
4.226767e+13,3.898666e+01
4.160653e+13,3.483255e+01
5.610977e+13,6.365949e+01
4.077283e+13,7.898663e+01
1.003626e+14,4.612310e+01
1.279875e+13,7.899645e+01
1.192883e+13,7.896833e+01
9.959376e+18,8.000000e+01
9.959376e+18,8.000000e+01
9.959376e+18,8.000000e+01
9.959376e+18,8.000000e+01
3.827283e+13,3.525294e+01
3.421309e+13,7.894751e+01
1.134204e+13,7.899192e+01
4.771915e+13,3.855603e+01
1.864801e+13,7.899742e+01
1.462709e+13,7.899850e+01
3.373591e+13,5.000066e+00
3.810203e+13,7.898727e+01
1.698788e+13,7.899571e+01
5.856815e+13,3.885631e+01
2.340232e+15,7.086622e+01
1.182394e+14,8.000000e+01
1.182394e+14,8.000000e+01
1.585833e+13,7.899657e+01
1.323293e+13,5.296401e+01
2.030878e+13,2.276127e+01
1.842800e+14,8.000000e+01
1.862300e+13,7.896712e+01
2.094326e+13,7.899505e+01
4.055202e+13,7.899634e+01
2.500500e+13,1.900000e+01
2.815119e+13,7.896782e+01
1.115447e+13,7.899301e+01
3.476520e+13,7.899434e+01
5.065389e+13,7.899767e+01
2.038603e+14,8.000000e+01
9.850051e+12,7.899790e+01
4.808585e+14,8.000000e+01
7.491481e+14,8.000000e+01
1.825821e+13,7.898449e+01
2.590138e+13,2.606436e+01
2.892731e+13,3.243031e+01
3.029344e+13,7.914064e+01
1.290022e+14,5.038709e+01
8.753780e+13,8.000000e+01
2.240256e+14,8.000000e+01
9.642396e+13,5.290944e+01
1.342570e+14,8.000000e+01
1.342570e+14,8.000000e+01
4.228188e+13,3.417193e+01
2.359218e+13,7.899737e+01
1.415881e+14,5.567202e+01
1.452815e+13,7.899799e+01
4.225565e+13,3.501272e+01
4.624210e+13,3.200991e+01
3.767927e+13,3.255042e+01
1.385179e+13,7.899676e+01
3.114722e+13,3.441216e+01
1.216422e+13,7.899722e+01
3.622451e+13,7.897528e+01
3.646148e+13,3.219008e+01
2.245854e+19,8.000000e+01
5.792272e+13,7.176706e+01
1.369112e+14,8.000000e+01
1.369112e+14,8.000000e+01
1.219537e+13,7.899682e+01
1.561305e+13,7.899777e+01
1.891013e+14,5.915528e+01
1.869878e+13,4.998552e+00
4.311374e+13,7.899257e+01
1.592151e+13,7.897143e+01
1.825367e+13,7.899481e+01
2.002468e+13,7.899717e+01
2.599679e+13,2.618447e+01
1.414464e+13,7.899894e+01
1.908877e+20,8.000000e+01
1.908877e+20,8.000000e+01
1.908877e+20,8.000000e+01
3.865834e+16,8.000000e+01
3.865834e+16,8.000000e+01
1.693440e+13,7.899337e+01
7.009072e+13,4.846529e+01
1.721339e+13,7.846615e+01
2.114491e+13,7.899733e+01
5.154290e+13,3.097206e+01
4.015951e+13,3.567334e+01
5.619158e+14,8.000000e+01
2.013394e+13,5.000109e+00
1.543302e+13,7.899922e+01
1.543302e+13,7.899923e+01
3.834569e+13,3.867614e+01
2.101799e+14,7.963442e+01
6.657880e+13,7.561066e+01
1.166818e+13,7.899568e+01
2.224724e+13,3.091370e+01
2.100764e+13,2.276127e+01
1.248023e+13,7.899136e+01
4.761334e+13,3.657418e+01
1.346263e+13,7.898878e+01
2.929571e+13,7.878911e+01
1.981872e+13,7.899486e+01
6.197356e+13,6.161758e+01
6.197356e+13,7.899906e+01
1.508487e+13,7.880345e+01
3.338434e+13,7.898768e+01
7.026227e+16,8.000000e+01
5.680165e+13,3.363143e+01
6.310506e+13,6.263853e+01
4.377482e+13,7.899668e+01
6.162042e+13,7.899829e+01
3.982803e+13,7.899510e+01
1.791946e+16,8.000000e+01
1.351655e+13,7.896587e+01
1.526778e+13,7.899462e+01
4.811611e+13,3.405182e+01
1.435353e+13,7.899799e+01
1.587658e+13,7.899456e+01
1.620867e+14,8.000000e+01
1.117879e+13,7.899808e+01
2.186286e+13,7.897685e+01
2.216301e+13,7.897120e+01
3.116057e+13,7.899652e+01
8.374755e+13,4.888568e+01
1.283628e+13,7.899889e+01
4.295141e+13,7.899446e+01
4.429301e+13,7.897492e+01
2.977891e+13,7.894097e+01
3.976239e+13,4.257979e+01
2.875527e+13,2.822638e+01
3.287863e+13,3.050851e+01
1.348130e+14,6.311898e+01
2.182878e+13,7.899247e+01
2.702377e+13,7.899530e+01
5.429319e+13,4.924602e+01
6.529547e+18,8.000000e+01
2.843243e+13,7.898790e+01
1.227173e+13,7.899641e+01
1.899655e+13,7.898915e+01
1.173954e+14,6.588156e+01
2.276390e+14,7.116650e+01
4.695475e+15,7.795284e+01
1.371633e+14,6.083685e+01
5.365156e+13,7.899263e+01
1.815898e+13,7.899512e+01
3.888665e+13,7.899585e+01
3.370472e+13,2.270121e+01
1.518958e+14,6.444022e+01
1.335504e+14,4.972647e+01
1.767489e+13,7.903697e+01
2.566213e+13,7.930555e+01
3.231603e+13,7.899809e+01
3.364342e+13,2.918727e+01
1.521250e+13,7.898590e+01
2.508078e+13,2.666492e+01
4.048748e+13,4.999985e+00
2.509073e+13,7.899576e+01
9.037398e+12,7.899828e+01
5.585195e+13,4.053788e+01
3.982279e+13,3.945687e+01
2.310029e+13,2.480318e+01
2.506466e+13,4.999956e+00
4.282899e+13,7.892074e+01
4.282899e+13,4.999978e+00
5.862814e+13,5.723348e+01
1.645186e+13,7.899735e+01
3.487795e+13,7.899636e+01
3.879744e+13,7.899658e+01
1.323801e+14,7.555060e+01
1.886677e+14,5.909522e+01
4.188259e+14,8.000000e+01
2.254887e+13,7.899472e+01
1.396298e+13,7.898819e+01
2.605393e+14,4.750439e+01
3.433289e+13,3.351132e+01
2.489455e+13,7.899000e+01
1.120961e+13,7.899753e+01
2.304118e+15,8.000000e+01
2.939996e+14,8.000000e+01
1.798744e+15,8.000000e+01
1.728573e+13,2.499423e+01
6.032348e+13,3.783536e+01
4.585217e+13,7.899053e+01
2.077844e+13,7.899731e+01
3.536573e+13,3.086885e+01
2.439852e+13,2.606436e+01
2.622526e+13,1.899381e+01
2.159031e+13,2.432273e+01
4.738040e+13,5.206866e+01
1.707530e+13,7.899754e+01
1.340546e+13,7.898122e+01
1.351304e+13,7.899675e+01
1.446560e+13,7.899607e+01
1.752129e+13,7.899754e+01
1.537875e+13,7.899722e+01
1.399528e+13,7.894554e+01
2.679325e+14,8.000000e+01
1.070426e+14,4.678372e+01
1.007080e+14,8.000000e+01
1.466435e+13,7.899760e+01
4.010786e+13,3.615378e+01
3.689991e+13,7.895514e+01
8.606451e+13,8.000000e+01
4.885708e+13,3.693451e+01
4.774941e+13,7.899763e+01
3.598059e+13,4.106120e+01
1.583386e+13,4.998851e+00
3.419274e+13,7.899050e+01
2.829218e+13,7.898952e+01
1.545482e+14,5.489129e+01
6.426791e+13,6.023629e+01
1.934597e+13,7.898214e+01
3.899183e+13,7.892516e+01
5.945435e+13,5.098765e+01
5.704875e+13,4.167895e+01
1.283185e+13,7.899701e+01
8.480499e+13,5.080748e+01
6.521408e+13,6.726285e+01
2.277598e+13,7.897306e+01
3.596232e+13,3.231019e+01
2.369715e+14,6.570140e+01
1.570280e+14,8.000000e+01
5.540627e+13,4.173900e+01
2.370646e+13,7.898771e+01
1.824884e+13,7.899725e+01
1.975156e+13,2.222076e+01
9.008742e+12,7.899547e+01
1.480896e+13,7.899804e+01
4.368071e+13,7.898861e+01
4.191417e+13,7.897296e+01
3.414069e+13,2.822638e+01
3.594513e+19,8.000000e+01
3.594513e+19,8.000000e+01
3.594513e+19,8.000000e+01
3.594513e+19,8.000000e+01
2.348239e+13,2.426267e+01
7.203274e+13,7.899016e+01
7.154563e+13,4.518762e+01
1.017441e+13,7.899814e+01
1.983219e+14,4.101833e+01
5.394098e+13,7.899028e+01
6.998630e+13,6.996538e+01
1.174985e+13,4.106804e+01
3.087972e+13,7.881789e+01
1.501413e+13,5.296371e+01
5.622973e+14,7.747240e+01
1.561031e+13,7.898797e+01
1.290588e+13,7.899544e+01
3.354145e+13,2.828643e+01
3.089267e+13,7.899449e+01
3.754252e+13,4.684377e+01
2.766665e+13,4.997934e+00
1.274728e+13,7.899768e+01
1.120411e+13,5.904502e+01
1.012604e+13,7.899805e+01
1.838171e+13,7.899308e+01
2.336647e+13,7.898888e+01
4.214618e+13,7.899035e+01
2.300236e+13,7.897376e+01
3.538983e+13,2.804621e+01
9.786227e+13,4.750439e+01
1.236125e+14,5.507146e+01
1.418956e+13,7.899653e+01
4.531076e+13,3.146941e+01
2.491193e+13,2.774593e+01
3.180409e+13,3.279064e+01
2.439804e+13,7.898800e+01
2.198190e+13,7.899617e+01
2.035659e+13,7.910839e+01
5.721288e+13,3.981721e+01
7.666245e+13,8.000000e+01
7.666245e+13,8.000000e+01
2.658058e+13,7.899834e+01
2.989213e+13,7.887404e+01
5.574474e+14,8.000000e+01
1.381560e+14,8.000000e+01
3.108642e+13,7.895861e+01
1.548923e+13,6.645218e+01
2.348073e+13,7.899476e+01
2.137727e+13,7.897047e+01
9.405924e+13,6.888437e+01
1.720432e+13,7.897756e+01
5.363055e+13,5.609242e+01
4.555399e+13,3.723479e+01
1.015464e+14,7.927408e+01
2.221945e+13,7.899547e+01
1.747014e+13,7.899671e+01
4.321034e+13,3.969710e+01
1.661050e+13,7.898188e+01
5.995172e+13,4.071805e+01
3.173285e+13,7.895839e+01
6.578265e+13,6.257848e+01
1.558055e+13,7.898753e+01
6.333030e+13,4.999899e+00
6.495630e+14,7.044583e+01
3.088062e+13,3.146941e+01
3.949001e+13,3.194986e+01
2.386119e+13,7.899336e+01
6.908097e+13,7.452965e+01
6.759957e+13,7.897705e+01
6.759957e+13,7.032572e+01
1.372249e+13,7.899524e+01
1.075156e+13,7.899330e+01
1.699445e+16,8.000000e+01
2.363392e+14,8.000000e+01
2.153117e+13,2.131992e+01
5.144395e+14,8.000000e+01
1.129156e+13,7.899645e+01
1.321714e+14,5.242899e+01
3.401240e+13,2.100000e+01
2.871107e+13,7.899709e+01
4.268189e+13,7.899817e+01
3.055952e+13,2.822638e+01
5.359249e+13,7.899732e+01
8.070758e+16,8.000000e+01
4.389910e+14,6.347932e+01
2.385337e+13,2.612441e+01
3.094872e+13,7.899312e+01
9.095154e+13,7.050589e+01
1.684310e+13,7.899526e+01
1.511382e+13,7.899860e+01
1.093455e+14,4.179906e+01
4.332402e+13,5.000035e+00
1.194204e+13,7.899394e+01
1.868974e+13,7.898512e+01
2.027226e+13,7.899502e+01
6.536971e+13,4.053788e+01
9.340013e+13,4.414125e+01
2.364202e+13,7.898146e+01
6.527402e+13,5.086753e+01
4.844929e+13,4.732422e+01
4.398323e+13,3.741496e+01
8.897830e+13,7.422936e+01
8.897830e+13,7.422936e+01
2.111531e+13,2.264116e+01
2.935700e+13,3.206997e+01
4.412883e+13,3.375154e+01
1.292033e+13,7.899134e+01
2.408744e+13,2.432273e+01
6.718614e+13,3.807558e+01
1.754686e+15,8.000000e+01
4.087282e+13,7.899706e+01
2.018542e+13,7.899842e+01
3.353193e+13,7.899408e+01
1.801308e+13,7.899429e+01
1.062947e+13,7.899826e+01
9.472208e+13,5.381028e+01
1.275258e+19,8.000000e+01
1.275258e+19,8.000000e+01
1.173866e+14,8.000000e+01
1.833255e+13,7.898093e+01
4.651765e+13,3.447221e+01
3.780770e+13,3.669429e+01
4.513709e+13,2.909934e+01
1.197484e+13,7.899743e+01
1.957308e+13,7.898869e+01
1.968138e+13,7.896374e+01
1.454842e+13,7.896428e+01
1.278390e+13,7.899731e+01
1.395392e+13,7.899792e+01
1.553159e+14,7.188718e+01
1.683584e+14,8.000000e+01
1.758225e+13,7.898467e+01
3.131971e+13,7.899779e+01
3.519008e+13,7.899746e+01
2.722080e+13,2.678503e+01
4.094424e+13,7.898083e+01
2.544379e+13,7.893333e+01
3.083569e+13,2.960767e+01
2.517202e+13,2.714537e+01
2.820962e+13,2.756576e+01
4.085713e+13,7.899378e+01
1.924220e+13,2.186043e+01
1.845880e+13,7.899133e+01
2.229443e+13,7.899556e+01
2.527063e+14,8.000000e+01
2.527063e+14,8.000000e+01
4.745875e+13,4.822506e+01
2.850145e+13,2.864677e+01
4.306650e+13,3.188980e+01
1.173879e+14,6.672235e+01
2.320901e+13,7.899620e+01
2.805763e+13,7.899613e+01
1.062078e+14,5.296950e+01
5.923139e+19,8.000000e+01
5.923139e+19,8.000000e+01
6.098700e+13,4.756445e+01
3.809292e+13,4.522226e+01
4.595643e+17,8.000000e+01
1.707762e+13,7.899734e+01
6.683311e+13,7.867352e+01
4.361405e+13,7.298964e+01
6.130153e+15,8.000000e+01
4.936834e+13,3.699457e+01
1.135586e+13,7.899881e+01
2.508951e+16,8.000000e+01
1.323411e+13,7.899815e+01
8.018827e+13,7.999475e+01
1.884466e+14,6.582151e+01
1.733595e+13,7.899626e+01
7.831476e+13,7.482993e+01
1.035874e+13,7.899813e+01
3.522653e+13,3.441216e+01
2.859905e+13,7.899625e+01
6.720061e+14,7.915397e+01
1.420956e+13,7.899167e+01
1.556811e+14,5.104770e+01
8.431528e+13,7.681178e+01
1.744038e+13,5.000000e+00
8.836641e+12,5.291819e+01
3.736858e+13,3.267053e+01
1.357324e+13,7.899566e+01
3.359930e+14,7.573077e+01
1.163508e+14,8.000000e+01
1.611307e+13,7.921677e+01
2.874954e+13,5.000280e+00
1.662052e+13,7.898920e+01
7.492070e+14,8.000000e+01
2.896649e+13,7.899694e+01
8.640889e+13,7.807296e+01
1.330502e+13,7.899599e+01
7.794179e+13,5.194854e+01
3.098101e+14,8.000000e+01
3.098101e+14,8.000000e+01
3.098101e+14,8.000000e+01
1.235723e+13,7.897038e+01
5.436738e+13,7.899706e+01
4.580867e+13,3.747502e+01
4.443779e+13,3.573339e+01
1.024083e+13,7.899566e+01
8.253433e+13,5.603236e+01
9.905575e+12,7.899826e+01
1.669167e+13,7.890735e+01
1.926793e+13,7.899808e+01
1.669375e+14,8.000000e+01
5.756726e+13,7.899674e+01
7.362588e+13,7.899302e+01
4.333050e+13,4.209934e+01
3.534599e+13,3.681440e+01
1.127791e+14,6.089691e+01
3.564196e+13,7.895844e+01
6.032294e+13,3.705463e+01
4.923364e+13,3.783536e+01
1.793409e+13,7.896633e+01
3.231079e+13,2.858671e+01
1.576622e+13,6.308566e+01
1.084851e+14,8.000000e+01
9.699742e+13,8.000000e+01
8.826006e+13,5.056725e+01
2.253859e+13,7.899882e+01
1.508652e+13,7.899731e+01
3.988333e+13,7.899770e+01
3.708689e+13,3.615378e+01
1.453603e+13,4.999727e+00
3.110998e+13,3.074873e+01
1.524747e+13,7.899306e+01
2.016407e+13,7.899716e+01
1.690123e+14,8.000000e+01
3.730074e+13,7.899166e+01
4.304840e+13,3.831580e+01
1.897872e+13,7.899436e+01
1.992252e+13,7.899832e+01
8.895792e+13,4.924602e+01
5.851521e+13,4.588288e+01
1.284010e+14,5.765388e+01
1.193875e+14,5.000016e+00
1.193875e+14,5.000009e+00
4.195190e+13,7.898409e+01
1.943141e+13,5.000593e+00
2.478094e+13,2.462301e+01
3.002289e+13,3.411188e+01
2.759535e+13,7.899850e+01
2.366262e+13,7.907293e+01
2.145907e+13,7.899416e+01
1.785770e+13,7.893282e+01
1.408550e+14,5.032703e+01
6.067259e+13,3.981721e+01
8.011579e+16,8.000000e+01
8.011579e+16,8.000000e+01
2.243460e+14,5.609242e+01
2.836450e+16,8.000000e+01
4.542319e+13,4.378091e+01
4.125927e+13,7.899780e+01
5.797634e+13,5.158821e+01
2.369121e+14,6.275865e+01
7.127465e+13,7.452965e+01
9.935772e+12,7.899776e+01
1.336813e+13,7.899836e+01
8.862397e+13,4.966641e+01
2.619754e+13,7.899611e+01
4.042876e+13,7.899799e+01
8.239678e+13,4.999993e+00
2.808294e+14,8.000000e+01
7.274775e+13,5.441085e+01
8.369966e+13,6.924471e+01
2.589533e+13,7.897940e+01
5.048894e+13,4.546248e+01
5.181038e+13,7.898921e+01
5.225526e+13,7.899736e+01
1.803057e+13,7.899470e+01
1.589775e+13,6.669181e+01
3.982500e+13,4.342058e+01
1.943629e+13,7.899365e+01
1.979938e+13,7.899718e+01
4.720337e+13,4.330046e+01
5.353723e+13,7.899726e+01
4.621000e+13,3.903648e+01
3.628193e+13,7.943593e+01
3.050121e+14,7.657155e+01
1.766764e+13,7.896858e+01
2.074812e+13,7.899523e+01
1.884363e+14,8.000000e+01
1.884363e+14,8.000000e+01
2.609557e+13,7.899008e+01
1.327108e+16,8.000000e+01
4.707997e+13,5.044714e+01
4.119803e+13,4.516220e+01
1.140857e+13,7.898970e+01
7.901237e+13,6.702263e+01
1.234531e+14,5.429073e+01
4.009892e+13,7.899690e+01
4.300908e+13,3.213002e+01
8.629905e+13,4.594293e+01
7.971327e+13,5.357006e+01
1.203538e+14,4.999851e+00
1.203538e+14,5.000045e+00
2.406146e+14,8.000000e+01
7.928579e+13,4.450159e+01
1.352098e+14,8.000000e+01
1.352098e+14,7.899633e+01
7.802682e+13,6.654218e+01
3.389553e+13,5.499118e+01
1.503739e+13,2.099993e+01
8.705466e+12,1.699130e+01
1.846674e+14,8.000000e+01
4.110481e+13,3.417193e+01
3.582213e+13,7.899872e+01
2.378291e+13,7.899703e+01
1.816122e+13,7.921398e+01
5.818601e+13,5.843461e+01
7.801743e+13,6.419999e+01
7.801743e+13,6.419999e+01
3.075965e+13,2.756576e+01
2.272865e+13,7.899602e+01
1.176537e+14,6.864415e+01
2.332383e+13,7.899782e+01
4.869587e+13,3.927670e+01
3.316524e+13,3.249036e+01
4.510519e+13,3.339120e+01
1.220877e+14,4.984658e+01
6.348141e+13,6.474050e+01
2.792377e+13,7.887702e+01
3.355166e+13,5.000000e+00
4.394463e+13,7.899719e+01
2.141688e+13,7.898552e+01
7.547492e+13,8.000000e+01
2.077483e+13,7.892815e+01
1.594706e+13,7.898744e+01
9.485986e+13,4.840523e+01
2.723534e+13,2.792610e+01
5.088746e+13,7.899230e+01
1.040825e+15,8.000000e+01
7.220309e+13,6.618184e+01
1.210312e+14,5.693320e+01
1.981990e+13,7.899751e+01
6.733142e+13,4.570271e+01
5.834704e+13,4.107839e+01
2.457807e+13,7.899640e+01
8.692738e+13,4.720411e+01
3.051235e+13,3.489261e+01
3.495749e+13,7.899635e+01
6.624577e+13,2.900000e+01
1.795384e+13,7.895801e+01
9.691399e+13,6.095696e+01
9.691399e+13,6.095696e+01
1.143991e+13,7.899073e+01
2.199671e+13,4.998497e+00
1.020408e+13,6.685384e+01
5.460081e+13,3.855603e+01
1.629584e+13,7.913688e+01
2.510992e+13,7.899045e+01
2.391057e+13,7.898369e+01
6.202019e+14,8.000000e+01
2.273191e+13,7.899043e+01
1.679779e+20,8.000000e+01
1.679779e+20,8.000000e+01
1.679779e+20,8.000000e+01
2.456074e+13,7.899861e+01
3.908107e+13,2.498513e+01
3.134038e+13,3.393171e+01
6.313454e+13,6.317904e+01
2.515018e+13,2.624452e+01
1.388845e+13,7.899720e+01
4.138975e+13,7.897441e+01
8.982258e+13,6.924471e+01
1.592011e+13,7.898734e+01
1.300637e+13,7.899323e+01
2.278189e+13,7.899585e+01
1.785130e+13,2.497880e+01
1.917592e+13,7.899590e+01
1.166091e+13,7.899814e+01
2.069329e+13,7.899664e+01
5.988089e+13,4.041777e+01
1.291605e+13,7.899660e+01
1.286901e+13,7.899637e+01
2.288327e+13,7.899537e+01
1.363537e+13,7.899509e+01
2.636471e+13,7.899771e+01
9.657799e+13,4.366080e+01
1.048594e+14,4.744434e+01
4.326800e+13,4.017754e+01
1.606669e+14,8.000000e+01
1.606669e+14,8.000000e+01
7.710248e+13,7.899271e+01
1.061141e+13,6.676079e+01
3.554890e+13,3.813564e+01
2.211739e+13,7.899594e+01
6.927941e+13,4.318035e+01
1.213096e+13,7.899452e+01
1.434447e+14,8.000000e+01
6.509833e+14,8.000000e+01
6.509833e+14,8.000000e+01
6.509833e+14,8.000000e+01
3.012078e+13,3.080879e+01
8.520652e+13,5.567202e+01
4.979678e+13,5.411056e+01
3.701377e+13,7.898453e+01
7.450535e+14,8.000000e+01
1.493470e+13,7.899785e+01
8.547402e+13,5.915528e+01
2.274232e+13,4.999805e+00
1.070413e+13,7.898567e+01
5.859524e+13,4.624321e+01
1.987722e+13,7.920294e+01
4.051317e+13,3.489261e+01
5.597195e+13,7.897740e+01
1.160519e+14,5.621253e+01
8.384672e+13,6.161758e+01
8.822671e+13,7.422936e+01
1.362490e+14,4.678372e+01
2.786798e+13,3.200991e+01
1.555348e+13,7.880672e+01
2.988006e+13,2.954761e+01
2.169809e+15,8.000000e+01
2.169809e+15,8.000000e+01
2.169809e+15,8.000000e+01
6.364448e+13,5.230888e+01
4.703562e+14,8.000000e+01
2.312865e+13,7.899385e+01
9.707450e+13,4.660355e+01
4.898424e+13,7.898544e+01
4.113642e+13,7.899595e+01
4.113642e+13,5.000002e+00
3.313496e+19,8.000000e+01
3.313496e+19,8.000000e+01
4.261729e+13,3.110907e+01
1.251290e+13,7.899753e+01
8.824096e+13,5.254911e+01
1.684232e+13,7.899791e+01
9.186988e+14,8.000000e+01
9.186988e+14,8.000000e+01
5.192065e+13,3.549317e+01
1.700828e+13,7.899601e+01
6.487965e+14,8.000000e+01
1.800650e+13,2.083947e+01
6.445054e+14,7.909391e+01
5.014033e+13,4.047783e+01
1.277854e+13,7.890077e+01
1.554493e+13,7.899014e+01
1.613890e+13,7.899843e+01
4.223844e+13,3.255042e+01
2.077193e+13,7.899849e+01
8.803367e+13,4.245968e+01
1.451967e+15,8.000000e+01
8.136224e+13,7.609110e+01
4.535498e+13,3.657418e+01
1.327641e+13,5.000000e+00
3.875689e+13,7.899684e+01
4.006445e+14,7.969447e+01
1.333760e+14,8.000000e+01
2.538049e+13,7.882217e+01
4.203617e+13,3.465238e+01
3.729852e+13,4.999782e+00
1.992897e+13,7.899415e+01
4.423281e+13,4.516220e+01
1.481296e+14,8.000000e+01
4.482579e+13,4.203928e+01
6.258890e+13,7.898613e+01
7.003686e+13,4.131861e+01
2.852783e+13,7.897360e+01
1.912604e+13,7.899600e+01
4.844980e+13,4.999557e+00
7.509658e+13,4.462170e+01
8.237234e+13,4.756445e+01
1.485944e+13,7.895797e+01
7.098441e+13,7.899344e+01
1.076836e+14,8.000000e+01
1.237918e+13,7.899800e+01
8.895515e+13,7.897573e+01
1.863795e+13,7.898098e+01
5.831815e+13,5.609242e+01
4.367912e+13,3.945687e+01
3.437915e+13,3.104901e+01
5.074571e+13,3.843592e+01
4.030700e+13,3.387165e+01
2.489492e+13,7.899803e+01
1.862442e+13,7.908744e+01
1.249171e+14,7.933414e+01
7.040516e+13,5.891505e+01
6.211549e+13,3.717474e+01
5.447949e+13,5.000051e+00
3.162741e+14,8.000000e+01
8.047301e+13,5.038709e+01
1.696748e+13,7.898265e+01
2.217215e+13,7.899549e+01
4.398196e+13,7.889674e+01
1.310196e+13,7.899714e+01
2.723432e+13,4.998862e+00
1.520910e+13,7.898326e+01
2.962106e+15,7.783273e+01
1.223945e+13,6.278999e+01
4.936158e+13,3.621384e+01
3.173442e+13,2.864677e+01
3.722281e+13,3.789541e+01
1.197347e+15,8.000000e+01
1.167864e+13,7.898078e+01
1.512684e+13,7.899788e+01
1.658795e+13,7.899756e+01
7.635612e+17,8.000000e+01
7.635612e+17,8.000000e+01
6.206587e+13,7.899685e+01
6.206587e+13,7.899911e+01
4.035840e+14,6.263853e+01
1.316911e+14,8.000000e+01
2.503986e+13,7.922746e+01
1.397902e+13,7.899745e+01
2.920049e+13,7.899586e+01
1.870608e+14,6.672235e+01
1.233239e+14,8.000000e+01
1.542616e+13,7.899749e+01
1.555651e+13,7.894379e+01
9.711047e+13,6.468044e+01
2.781823e+13,7.899788e+01
1.297704e+13,7.899682e+01
2.164253e+14,8.000000e+01
2.164253e+14,8.000000e+01
1.079349e+13,7.896940e+01
1.332669e+14,4.948624e+01
2.620898e+13,7.893210e+01
4.409387e+14,7.326847e+01
1.529431e+13,7.899184e+01
5.791516e+13,5.849466e+01
4.060363e+13,3.357137e+01
1.140301e+14,5.338989e+01
1.667140e+13,7.897977e+01
4.445123e+13,6.624190e+01
2.828552e+13,3.213002e+01
6.588190e+13,4.648344e+01
9.199217e+13,4.540243e+01
2.667751e+13,7.898625e+01
1.320154e+14,8.000000e+01
4.456178e+13,5.633264e+01
4.456178e+13,4.999998e+00
9.403759e+13,8.000000e+01
2.505913e+13,2.432273e+01
1.818388e+13,7.899483e+01
2.625702e+13,2.576408e+01
6.678225e+13,5.735360e+01
1.735818e+13,7.897933e+01
1.036442e+14,7.308830e+01
2.657517e+13,2.822638e+01
3.491813e+13,7.893459e+01
1.092264e+14,8.000000e+01
3.283051e+13,3.303087e+01
2.278688e+13,7.899331e+01
8.868427e+12,7.899793e+01
9.665122e+13,8.000000e+01
1.113143e+13,7.899277e+01
1.632371e+13,7.896434e+01
2.336599e+13,7.899662e+01
1.564642e+14,5.284939e+01
2.365971e+13,7.898261e+01
8.371888e+13,5.128793e+01
2.057622e+13,2.246099e+01
1.179358e+14,8.000000e+01
2.037490e+13,7.899570e+01
7.531534e+13,4.999914e+00
5.902304e+13,7.899142e+01
3.765826e+13,7.899641e+01
4.119030e+14,8.000000e+01
4.119030e+14,8.000000e+01
4.727890e+13,7.897560e+01
7.892997e+13,5.555191e+01
5.557119e+13,7.899188e+01
2.327743e+13,7.899476e+01
1.317368e+13,7.868986e+01
3.740522e+13,3.291075e+01
8.039679e+12,1.500000e+01
2.445517e+13,6.433473e+01
6.165796e+13,6.005612e+01
4.419517e+13,4.239962e+01
2.093864e+13,4.999148e+00
9.871493e+13,5.266922e+01
2.028778e+13,7.898304e+01
1.272428e+13,7.899585e+01
2.295569e+13,7.899676e+01
2.764578e+15,8.000000e+01
1.959619e+13,6.920040e+01
2.314612e+15,8.000000e+01
4.315994e+13,3.225014e+01
8.539785e+12,4.691198e+01
6.008544e+13,3.867614e+01
4.609564e+13,4.582282e+01
1.223165e+15,7.122656e+01
1.078610e+14,7.899592e+01
3.089226e+13,7.899590e+01
6.174840e+13,5.537174e+01
2.794767e+13,2.972778e+01
1.961333e+13,7.899744e+01
1.783551e+13,7.898994e+01
1.087207e+14,5.453096e+01
9.164203e+13,4.191917e+01
4.983434e+13,4.738428e+01
1.784507e+13,7.899716e+01
1.173266e+13,6.873254e+01
2.641219e+13,7.899338e+01
1.528382e+14,6.047651e+01
7.661510e+13,7.194723e+01
5.790749e+13,3.969710e+01
7.800777e+13,5.921533e+01
2.232946e+13,7.913314e+01
1.275816e+13,7.895010e+01
1.751223e+13,6.866497e+01
4.435295e+13,4.209934e+01
1.800876e+13,7.899733e+01
1.321808e+13,7.899535e+01
2.241450e+13,7.899655e+01
2.853541e+14,8.000000e+01
1.579857e+13,3.710183e+01
2.237884e+13,7.899305e+01
2.401339e+13,2.330177e+01
1.015204e+13,7.899875e+01
1.394958e+13,7.899873e+01
2.139441e+13,7.898208e+01
6.471879e+13,3.867614e+01
2.313414e+13,7.920089e+01
1.857511e+13,4.999063e+00
4.027894e+13,4.666361e+01
2.151270e+14,8.000000e+01
5.900112e+13,5.387034e+01
8.412399e+13,5.338989e+01
2.444754e+13,7.899402e+01
8.388168e+13,4.546248e+01
5.030695e+13,3.740961e+01
3.384003e+13,7.896556e+01
4.305469e+13,7.898276e+01
1.479724e+14,7.831318e+01
1.341195e+14,8.000000e+01
1.341195e+14,8.000000e+01
3.881522e+15,8.000000e+01
1.524493e+13,7.894555e+01
2.376265e+13,7.899375e+01
6.511323e+13,4.384097e+01
8.991489e+13,5.687315e+01
1.631389e+13,7.898562e+01
6.937668e+13,7.898825e+01
6.937668e+13,5.657287e+01
3.664134e+13,3.351132e+01
4.484039e+13,3.843592e+01
3.592396e+13,3.152946e+01
8.517486e+13,6.822375e+01
1.340946e+16,8.000000e+01
1.916230e+14,8.000000e+01
2.384041e+13,7.899799e+01
5.945496e+13,4.059794e+01
1.845392e+13,7.899863e+01
7.697699e+13,5.098765e+01
5.363555e+14,6.371954e+01
2.210008e+13,4.998223e+00
1.074219e+14,8.000000e+01
3.826554e+13,3.849597e+01
1.693919e+14,3.843592e+01
1.429380e+13,7.898547e+01
2.247628e+13,7.899708e+01
3.277047e+13,3.441216e+01
2.100599e+14,8.000000e+01
3.850600e+13,7.899777e+01
2.862029e+13,3.297081e+01
2.839079e+13,5.000000e+00
1.145433e+14,6.203797e+01
1.472979e+13,7.899849e+01
3.459998e+13,3.092890e+01
1.367811e+13,4.687870e+01
1.248874e+13,7.899770e+01
1.053417e+14,8.000000e+01
6.498991e+13,4.360074e+01
2.448766e+13,4.998282e+00
1.866062e+13,7.881257e+01
1.037371e+14,8.000000e+01
1.037371e+14,8.000000e+01
1.218094e+13,7.899848e+01
1.639070e+13,7.898577e+01
5.811787e+15,8.000000e+01
5.811787e+15,8.000000e+01
6.235173e+13,7.899279e+01
3.920496e+13,3.032834e+01
1.085617e+14,4.672366e+01
1.383842e+14,5.537174e+01
1.799835e+13,7.891415e+01
3.084922e+13,7.898223e+01
1.408061e+13,7.898861e+01
2.063512e+13,7.897885e+01
1.835526e+17,8.000000e+01
1.490540e+13,7.899832e+01
6.655868e+13,4.354069e+01
2.974690e+13,7.899756e+01
2.202161e+13,7.899507e+01
3.756090e+14,7.398914e+01
2.296840e+13,7.899670e+01
1.325001e+13,7.899610e+01
2.621011e+13,7.899711e+01
2.858171e+13,7.898983e+01
2.456776e+13,7.899079e+01
2.376455e+13,7.898692e+01
2.702476e+13,4.712398e+01
2.990446e+17,8.000000e+01
1.864268e+13,7.899785e+01
2.432024e+13,7.899860e+01
7.959017e+13,4.999852e+00
1.560183e+13,7.899600e+01
2.633569e+13,7.899327e+01
8.337233e+12,1.500000e+01
1.941761e+13,7.889990e+01
6.563602e+13,7.182712e+01
4.476646e+13,3.591356e+01
2.324788e+13,2.125987e+01
4.492351e+13,3.345126e+01
1.311046e+14,8.000000e+01
2.744394e+13,4.998125e+00
6.774109e+13,6.197792e+01
1.299812e+13,7.898284e+01
2.940675e+13,3.194986e+01
4.538755e+13,3.741496e+01
1.362959e+14,5.741365e+01
3.330544e+13,3.032834e+01
2.231097e+13,5.000311e+00
3.845305e+13,3.681440e+01
9.025408e+13,8.000000e+01
5.122334e+13,3.669429e+01
1.765472e+13,7.899599e+01
3.911041e+13,3.783536e+01
1.135422e+13,7.899421e+01
4.515106e+13,7.895005e+01
2.878484e+13,7.899723e+01
4.109489e+13,7.898673e+01
1.196637e+14,8.000000e+01
4.666571e+13,3.363143e+01
1.275176e+13,7.896389e+01
1.322735e+13,7.899788e+01
5.653146e+13,3.717474e+01
2.903174e+13,3.249036e+01
3.241245e+13,3.417193e+01
1.560485e+13,7.898782e+01
1.497088e+15,8.000000e+01
9.863861e+13,6.311898e+01
6.765445e+13,7.134667e+01
2.911657e+13,7.899463e+01
1.324699e+14,4.522226e+01
3.152063e+13,4.999619e+00
2.325461e+13,7.889036e+01
1.731192e+13,7.897694e+01
1.757473e+13,7.899692e+01
2.840363e+13,7.898920e+01
2.278736e+13,7.899761e+01
3.173525e+13,3.519289e+01
3.551213e+13,3.206997e+01
3.553999e+13,3.507277e+01
1.050424e+14,6.690252e+01
1.018004e+13,7.899348e+01
5.164737e+13,7.899477e+01
1.734845e+13,7.899703e+01
1.423544e+13,7.272195e+01
1.188892e+13,7.899233e+01
2.419618e+13,7.897647e+01
2.673749e+13,2.720542e+01
4.047436e+13,7.899837e+01
1.448654e+13,7.899606e+01
2.734122e+13,4.999689e+00
2.209284e+13,7.898162e+01
1.022385e+14,7.899808e+01
1.022385e+14,7.899892e+01
1.596674e+13,7.899732e+01
2.568982e+13,7.898579e+01
1.008347e+13,7.899648e+01
2.054614e+13,7.898702e+01
4.710116e+13,7.899408e+01
1.879861e+13,7.899410e+01
1.262582e+13,7.899786e+01
2.927500e+13,4.115603e+01
5.612054e+14,8.000000e+01
7.791520e+13,7.182712e+01
2.385695e+13,7.898047e+01
3.163253e+13,4.999242e+00
6.175201e+13,5.122787e+01
2.421134e+13,2.378222e+01
6.466334e+13,4.660355e+01
4.729586e+13,3.513283e+01
2.676805e+13,2.840654e+01
3.017672e+13,4.999234e+00
8.431240e+13,6.750308e+01
7.816090e+13,4.576276e+01
2.028255e+13,7.899710e+01
7.206093e+13,4.143872e+01
5.998839e+13,7.531038e+01
1.637520e+13,4.999597e+00
1.078533e+13,7.899842e+01
2.401217e+13,7.899453e+01
2.258364e+13,4.999310e+00
9.889568e+13,7.899676e+01
9.889568e+13,7.899613e+01
2.155208e+15,8.000000e+01
1.959311e+14,8.000000e+01
3.711226e+13,3.561328e+01
2.038552e+14,7.999475e+01
1.425541e+13,7.899818e+01
4.254981e+13,5.068737e+01
1.321710e+13,4.999663e+00
2.536276e+13,2.894705e+01
1.259976e+13,7.899886e+01
5.246534e+13,4.564265e+01
1.863472e+13,7.897834e+01
2.973816e+13,7.898838e+01
2.991637e+13,7.894886e+01
4.166285e+15,8.000000e+01
2.176713e+13,7.893692e+01
1.239593e+13,7.899547e+01
3.450250e+13,7.899098e+01
6.546403e+13,4.420130e+01
6.842506e+13,5.729354e+01
6.844298e+13,4.402114e+01
2.271643e+13,2.468307e+01
5.062849e+13,3.747502e+01
2.374616e+13,4.998858e+00
4.800480e+13,5.284939e+01
2.327205e+13,7.899812e+01
2.229006e+13,7.899500e+01
1.516278e+14,6.456033e+01
1.275729e+14,6.996538e+01
1.922328e+15,8.000000e+01
1.718816e+14,7.398914e+01
5.147945e+13,4.999610e+00
1.912468e+13,7.899819e+01
8.672559e+19,8.000000e+01
8.672559e+19,8.000000e+01
1.685218e+14,8.000000e+01
2.124935e+13,2.390234e+01
1.635753e+13,7.911529e+01
1.037510e+14,6.347932e+01
1.013567e+14,7.152684e+01
5.467026e+13,4.179906e+01
5.754356e+13,3.735491e+01
1.922422e+13,5.000877e+00
2.274068e+13,7.899674e+01
1.309176e+13,4.999846e+00
2.269565e+17,8.000000e+01
1.134106e+14,6.149747e+01
3.007602e+13,7.899777e+01
1.354037e+13,7.898475e+01
2.571358e+13,7.913679e+01
2.894329e+13,7.899436e+01
3.856058e+13,3.345126e+01
4.536339e+13,4.408119e+01
9.147020e+13,8.000000e+01
7.791712e+13,6.672235e+01
7.230782e+15,8.000000e+01
2.299750e+14,7.092628e+01
8.261127e+13,7.519026e+01
1.944319e+13,7.547869e+01
1.448706e+13,7.898307e+01
1.153960e+14,8.000000e+01
1.248278e+13,7.898981e+01
3.950497e+13,7.899624e+01
1.354617e+13,7.898874e+01
3.624071e+13,7.899172e+01
2.293199e+13,4.999361e+00
3.836346e+13,4.999884e+00
2.355265e+13,7.895980e+01
3.146832e+13,7.895281e+01
1.412734e+13,7.899392e+01
1.253163e+14,4.107839e+01
8.005720e+13,5.188849e+01
1.004298e+14,8.000000e+01
5.980008e+13,6.131730e+01
1.928541e+13,7.897320e+01
4.382573e+13,4.251973e+01
3.694897e+13,7.899685e+01
2.405042e+13,7.899416e+01
1.059617e+14,8.000000e+01
1.810081e+13,7.898340e+01
2.642003e+13,7.899541e+01
2.885030e+13,7.899564e+01
6.232278e+13,5.543180e+01
5.199960e+13,3.969710e+01
2.706574e+13,7.899513e+01
1.394563e+15,7.681178e+01
2.889452e+13,7.890931e+01
7.083494e+13,6.552123e+01
1.287456e+16,8.000000e+01
2.557107e+13,7.896472e+01
1.416758e+13,7.904412e+01
3.923578e+13,7.896886e+01
2.336002e+13,7.899293e+01
4.673172e+13,3.615378e+01
3.408027e+13,7.898244e+01
9.180379e+13,4.768456e+01
1.146966e+13,7.899718e+01
3.225647e+13,3.128924e+01
5.476783e+13,7.899717e+01
2.592920e+13,7.899833e+01
1.824590e+14,7.795284e+01
1.824590e+14,7.795284e+01
1.290480e+14,5.963573e+01
4.566167e+13,5.098765e+01
3.449871e+15,8.000000e+01
1.651204e+13,7.914571e+01
3.021831e+13,4.998369e+00
1.650873e+13,7.899597e+01
5.800419e+14,8.000000e+01
6.307342e+13,4.125855e+01
5.155646e+13,7.939033e+01
8.079173e+13,5.290944e+01
3.815642e+13,7.898995e+01
1.349781e+13,7.899823e+01
1.914091e+13,7.891505e+01
6.231331e+13,4.300018e+01
3.687514e+13,5.000379e+00
1.768810e+13,7.897033e+01
2.214515e+13,7.899089e+01
2.207542e+13,7.899463e+01
3.747591e+13,7.897577e+01
2.079904e+14,7.783273e+01
2.761724e+13,7.899614e+01
2.907490e+13,4.998537e+00
4.225813e+13,4.999731e+00
1.855126e+14,5.537174e+01
9.946822e+13,8.000000e+01
9.946822e+13,8.000000e+01
3.836473e+13,3.399176e+01
6.572381e+13,3.819569e+01
2.058434e+13,7.899502e+01
5.122679e+13,3.957698e+01
8.850275e+13,3.969710e+01
4.627323e+13,3.537305e+01
2.674016e+13,2.858671e+01
8.005619e+13,6.257848e+01
2.601210e+13,7.898622e+01
5.242803e+13,7.899886e+01
2.872819e+13,2.846660e+01
1.607402e+13,7.899661e+01
1.364432e+14,4.822506e+01
4.088221e+13,7.898199e+01
8.944677e+13,8.000000e+01
8.944677e+13,8.000000e+01
4.138260e+13,7.899737e+01
5.244369e+13,5.987595e+01
3.471388e+13,3.633395e+01
1.179441e+13,7.899792e+01
9.549901e+12,2.099891e+01
2.328839e+15,8.000000e+01
2.313274e+13,7.899185e+01
4.362526e+14,8.000000e+01
4.362526e+14,8.000000e+01
2.244587e+13,7.898511e+01
2.139800e+13,7.898343e+01
1.110771e+14,6.275865e+01
4.538335e+13,4.834518e+01
9.068450e+13,5.681309e+01
1.253054e+14,8.000000e+01
4.048167e+13,7.898720e+01
3.485122e+13,7.899802e+01
1.804330e+13,7.899694e+01
3.129462e+13,4.998898e+00
1.449669e+16,8.000000e+01
6.640285e+13,7.898966e+01
2.171191e+14,6.504078e+01
1.280742e+13,7.899871e+01
1.346597e+13,7.899433e+01
9.715538e+13,8.000000e+01
1.052866e+14,7.663161e+01
3.432239e+13,3.621384e+01
6.437888e+16,8.000000e+01
1.360877e+13,7.899595e+01
3.740359e+13,3.843592e+01
3.679569e+13,7.899560e+01
5.083459e+13,4.474181e+01
1.442885e+14,5.290944e+01
2.417232e+14,5.777399e+01
1.946540e+13,6.592971e+01
2.308788e+13,2.366211e+01
4.741812e+13,7.899321e+01
3.540923e+13,3.657418e+01
3.560901e+13,7.899198e+01
1.769747e+13,7.898227e+01
9.949109e+13,4.450159e+01
9.195760e+13,8.000000e+01
3.734045e+13,7.897009e+01
5.120678e+13,5.104770e+01
7.257249e+13,5.272927e+01
1.203402e+14,8.000000e+01
1.311354e+14,5.176838e+01
4.465595e+14,7.212740e+01
6.647165e+13,5.140804e+01
9.002483e+12,7.899859e+01
2.323526e+13,7.899649e+01
1.450041e+15,8.000000e+01
2.977769e+13,2.822638e+01
5.254235e+13,5.000130e+00
2.370301e+13,7.899864e+01
6.475992e+14,7.753245e+01
3.076747e+14,7.945425e+01
2.101475e+14,8.000000e+01
4.000142e+13,3.327109e+01
1.842572e+14,3.284654e+01
1.003486e+13,7.899748e+01
1.599553e+14,7.507015e+01
1.450709e+14,5.465107e+01
1.160771e+13,7.897880e+01
2.075244e+13,7.897638e+01
2.047739e+13,7.899835e+01
1.432600e+13,2.302691e+01
5.392084e+13,4.444153e+01
3.532143e+13,7.896523e+01
5.310302e+13,4.089822e+01
4.102733e+13,4.426136e+01
1.611066e+13,7.899794e+01
4.436393e+13,4.906585e+01
4.475202e+13,4.966641e+01
1.646032e+13,7.899243e+01
4.768671e+13,3.705463e+01
4.539654e+13,3.795547e+01
2.372011e+13,7.890120e+01
1.517281e+13,7.899386e+01
2.551578e+13,2.660486e+01
4.112895e+13,4.191917e+01
1.625619e+13,5.000000e+00
2.895551e+13,7.898764e+01
6.504365e+13,4.420130e+01
1.227552e+13,7.899676e+01
1.141038e+14,8.000000e+01
4.060377e+13,5.000147e+00
1.254528e+14,5.735360e+01
8.013154e+13,5.074742e+01
9.649117e+12,7.899736e+01
2.485812e+13,7.899147e+01
2.205922e+13,7.897198e+01
1.277626e+13,7.899673e+01
2.195287e+14,6.035640e+01
3.318271e+13,3.086885e+01
2.264096e+13,5.528878e+01
2.593656e+13,7.898906e+01
1.894059e+13,7.898686e+01
1.657767e+13,7.899652e+01
1.657529e+13,7.896158e+01
1.319106e+13,7.899718e+01
3.849071e+13,3.303087e+01
8.738806e+12,7.899461e+01
1.843565e+13,7.899055e+01
1.267713e+14,5.885500e+01
1.846476e+13,7.899897e+01
3.145115e+13,7.897830e+01
2.533829e+13,7.899668e+01
2.311016e+13,7.899694e+01
6.866594e+13,4.999678e+00
4.733965e+14,8.000000e+01
3.576699e+13,3.092890e+01
3.841277e+13,7.897806e+01
1.266756e+13,7.899628e+01
3.346161e+13,3.453227e+01
1.160581e+14,5.795416e+01
4.927910e+13,3.543311e+01
2.007395e+13,1.698596e+01
3.901205e+13,4.999959e+00
1.016724e+14,5.008680e+01
2.099514e+13,1.861740e+01
1.383681e+14,5.008680e+01
2.827776e+13,7.899330e+01
3.112138e+13,7.899650e+01
1.373183e+13,7.899850e+01
1.181965e+14,8.000000e+01
2.651414e+13,3.080879e+01
2.873977e+13,7.907010e+01
5.177434e+13,5.000012e+00
1.990515e+13,7.898008e+01
5.373800e+13,4.468175e+01
7.662470e+13,6.948493e+01
3.401946e+13,7.897918e+01
7.533690e+13,5.567202e+01
1.186537e+13,7.899750e+01
5.184279e+14,8.000000e+01
1.711762e+13,4.999623e+00
1.164906e+14,6.209803e+01
1.406153e+14,6.798353e+01
6.228247e+13,4.954630e+01
2.282961e+13,4.307413e+01
5.198263e+13,3.044845e+01
7.543244e+13,4.041777e+01
1.052967e+13,7.899204e+01
4.412685e+13,3.531300e+01
2.035570e+13,4.998474e+00
7.191581e+13,7.896952e+01
1.347859e+13,7.899519e+01
1.085017e+13,7.903689e+01
7.705300e+13,3.753508e+01
1.412848e+13,7.899714e+01
1.522409e+13,7.898148e+01
1.589338e+13,7.886301e+01
9.113078e+13,3.097249e+01
8.128950e+12,1.500000e+01
2.472502e+13,2.354200e+01
2.161650e+13,2.444284e+01
2.052618e+13,7.899576e+01
1.477193e+14,5.897511e+01
3.111177e+13,2.744565e+01
1.621855e+13,7.899432e+01
2.131618e+13,7.899845e+01
3.806587e+13,3.831580e+01
4.351268e+13,4.999900e+00
7.903920e+13,4.438147e+01
4.575691e+13,7.899551e+01
1.483971e+13,7.892914e+01
1.116656e+15,8.000000e+01
2.081273e+13,7.899839e+01
1.330685e+14,7.350869e+01
4.656709e+13,7.899460e+01
4.416902e+14,8.000000e+01
3.655118e+13,3.591356e+01
1.302234e+13,5.707893e+01
3.563675e+13,7.899867e+01
1.123660e+13,6.905696e+01
2.548856e+13,7.899594e+01
3.498849e+13,3.543311e+01
3.522495e+13,3.255042e+01
1.387726e+13,7.899862e+01
5.011461e+13,5.000005e+00
5.011461e+13,7.899291e+01
3.023864e+14,8.000000e+01
3.023864e+14,8.000000e+01
2.381983e+13,2.552385e+01
1.011979e+13,4.999739e+00
3.324988e+13,3.411188e+01
1.536105e+13,7.899733e+01
3.139370e+13,2.804621e+01
1.361388e+13,7.899050e+01
2.677484e+13,7.816598e+01
5.301511e+13,5.068737e+01
6.383581e+13,6.984527e+01
1.061001e+14,4.426136e+01
1.176050e+13,7.899829e+01
1.762368e+13,7.899086e+01
7.069446e+13,4.462170e+01
3.258387e+13,3.074873e+01
4.041287e+13,3.375154e+01
1.680594e+13,7.899509e+01
3.611177e+13,7.899697e+01
3.521308e+13,7.899549e+01
4.068016e+13,2.390234e+01
1.126358e+13,7.480814e+01
2.111783e+13,7.899756e+01
1.794253e+13,7.898539e+01
1.667921e+14,8.000000e+01
7.774455e+13,7.899802e+01
7.774455e+13,8.000000e+01
2.000045e+13,7.895667e+01
3.621358e+16,8.000000e+01
3.401585e+13,3.134929e+01
4.636695e+13,3.194986e+01
4.167416e+14,8.000000e+01
4.313354e+13,7.899547e+01
3.847333e+13,3.789541e+01
1.521060e+14,8.000000e+01
1.521060e+14,8.000000e+01
7.948234e+13,8.000000e+01
5.419278e+13,7.897395e+01
2.647355e+13,2.678503e+01
6.930417e+13,4.275996e+01
1.178124e+13,7.899619e+01
4.009511e+13,3.447221e+01
7.156982e+13,7.200729e+01
3.197165e+13,5.000241e+00
2.528196e+13,2.702525e+01
7.653647e+13,4.438147e+01
5.651147e+13,5.891505e+01
9.139508e+12,7.899873e+01
9.658662e+15,8.000000e+01
3.019871e+13,3.080879e+01
2.760997e+13,7.899557e+01
1.654794e+13,7.899673e+01
3.862762e+13,3.531300e+01
9.556392e+13,6.005612e+01
4.736229e+13,4.999819e+00
1.221218e+13,7.899648e+01
2.387013e+13,4.997947e+00
3.762474e+13,3.615378e+01
2.454995e+13,4.999362e+00
1.634700e+13,7.910409e+01
4.694861e+13,3.603367e+01
1.111359e+14,8.000000e+01
1.320354e+14,5.363012e+01
4.356675e+14,8.000000e+01
9.662080e+12,7.899774e+01
5.218510e+13,3.759513e+01
1.487392e+14,8.000000e+01
7.776225e+12,7.899717e+01
3.299306e+13,7.898979e+01
3.575479e+13,4.798484e+01
1.760485e+13,7.919273e+01
1.747974e+13,7.888407e+01
1.357486e+13,7.898832e+01
4.475771e+13,4.131861e+01
5.593047e+13,7.953163e+01
7.510009e+13,7.898200e+01
2.522718e+13,7.899634e+01
4.569806e+14,6.696257e+01
6.682331e+13,7.909623e+01
6.682331e+13,7.299060e+01
9.804758e+13,7.899602e+01
7.473119e+13,5.363012e+01
3.819507e+13,7.899931e+01
2.236629e+14,7.452965e+01
1.714250e+14,8.000000e+01
1.714250e+14,8.000000e+01
1.167280e+13,7.899838e+01
7.567031e+13,5.200860e+01
1.430505e+13,7.897589e+01
9.229448e+13,4.097614e+01
4.206722e+13,3.495266e+01
2.087391e+13,7.899738e+01
1.069434e+13,7.899679e+01
2.457914e+13,7.898682e+01
2.736876e+13,7.897657e+01
1.797101e+13,7.898788e+01
3.175416e+13,7.898020e+01
3.522659e+13,3.116913e+01
1.587778e+13,7.899751e+01
1.104814e+13,7.899821e+01
1.962194e+13,2.192048e+01
3.314110e+13,3.453227e+01
6.540964e+13,5.531169e+01
2.694807e+13,7.899681e+01
2.965171e+13,7.899287e+01
7.586362e+14,5.939550e+01
4.802628e+13,2.496547e+01
1.238741e+13,7.896887e+01
7.059222e+13,6.702263e+01
8.694080e+13,4.203928e+01
4.791803e+13,7.899036e+01
9.031930e+12,7.899593e+01
1.094709e+13,2.703797e+01
1.873552e+13,7.899247e+01
8.192863e+13,7.416931e+01
8.554121e+13,3.819569e+01
2.219595e+13,7.897823e+01
4.139574e+13,7.899324e+01
7.158421e+13,4.999995e+00
4.913073e+13,3.188980e+01
2.158425e+14,5.555191e+01
2.987241e+13,4.999839e+00
4.929601e+13,3.387165e+01
6.254490e+20,8.000000e+01
6.254490e+20,8.000000e+01
3.292100e+20,8.000000e+01
3.292100e+20,8.000000e+01
3.292100e+20,8.000000e+01
3.292100e+20,8.000000e+01
7.345295e+13,3.975715e+01
2.511810e+13,7.897447e+01
1.303418e+13,7.899491e+01
1.696391e+14,7.555060e+01
4.923872e+13,7.899772e+01
2.730138e+13,7.898317e+01
1.671356e+14,5.585219e+01
1.537712e+13,4.999910e+00
1.437766e+13,7.898450e+01
3.480298e+13,3.056857e+01
3.083737e+13,3.243031e+01
2.313832e+17,8.000000e+01
2.317539e+13,5.000052e+00
3.543694e+13,7.899058e+01
1.330626e+13,7.899657e+01
2.709911e+13,5.000464e+00
1.103856e+15,8.000000e+01
2.006540e+13,5.000000e+00
6.705174e+13,8.000000e+01
6.705174e+13,8.000000e+01
6.566342e+13,4.840523e+01
4.253209e+13,3.152946e+01
1.958179e+13,2.264116e+01
1.995585e+13,1.698550e+01
1.464647e+13,7.899440e+01
3.589691e+13,3.603367e+01
2.457219e+13,7.894623e+01
1.049342e+13,6.657339e+01
7.010565e+13,7.164695e+01
6.048854e+13,4.804490e+01
4.068825e+13,3.855603e+01
1.442863e+13,7.899648e+01
1.425934e+13,7.898442e+01
3.734808e+13,3.026828e+01
1.217465e+13,7.899535e+01
4.106773e+13,7.863373e+01
2.944603e+13,7.899367e+01
1.298945e+14,6.576145e+01
4.755631e+13,7.897199e+01
6.412951e+13,4.462170e+01
1.197171e+13,7.898022e+01
4.949926e+13,2.898827e+01
1.604617e+13,7.898948e+01
1.405722e+13,7.898790e+01
3.863092e+13,7.899407e+01
1.304889e+13,7.898788e+01
1.334572e+13,3.511651e+01
2.031297e+13,7.899122e+01
8.702881e+13,8.000000e+01
2.718624e+13,7.898510e+01
7.402576e+13,4.402114e+01
1.595398e+13,7.899729e+01
1.419650e+13,7.899298e+01
3.628336e+13,7.899047e+01
7.683511e+13,4.570271e+01
4.007629e+13,7.899541e+01
8.299191e+13,7.753245e+01
3.242656e+13,3.086885e+01
5.803685e+13,3.843592e+01
1.664340e+14,8.000000e+01
2.383032e+13,7.899314e+01
1.014810e+19,8.000000e+01
1.014810e+19,8.000000e+01
1.014810e+19,8.000000e+01
9.935318e+13,8.000000e+01
3.317486e+13,3.669429e+01
1.010778e+14,4.600299e+01
4.495596e+13,3.249036e+01
1.953105e+13,7.899816e+01
2.279836e+13,7.899040e+01
8.441890e+13,8.000000e+01
1.828776e+13,7.899163e+01
3.974102e+13,3.231019e+01
1.657529e+13,7.898152e+01
3.219790e+13,7.899659e+01
2.486960e+13,7.899627e+01
6.137893e+13,4.696389e+01
1.808713e+13,7.899620e+01
1.902576e+13,7.898885e+01
1.650497e+13,3.112416e+01
2.479068e+13,7.899596e+01
3.073583e+13,7.898369e+01
1.611899e+13,7.798034e+01
1.366324e+13,7.899021e+01
3.193588e+13,7.896055e+01
3.080963e+13,7.899585e+01
1.497891e+13,7.899695e+01
1.344379e+13,7.899842e+01
1.629661e+14,6.263853e+01
1.539601e+13,7.891550e+01
3.255868e+13,3.645407e+01
5.309246e+13,3.891637e+01
1.111177e+14,5.885500e+01
4.197995e+13,3.987726e+01
7.700549e+13,6.432010e+01
5.863654e+13,3.423199e+01
7.550182e+13,6.570140e+01
5.058357e+13,3.783536e+01
8.944090e+13,5.002675e+01
1.440489e+14,8.000000e+01
5.198642e+14,8.000000e+01
8.672314e+13,5.000004e+00
6.567736e+14,8.000000e+01
6.567736e+14,8.000000e+01
7.560031e+13,7.254779e+01
7.370246e+13,7.597099e+01
3.466848e+13,3.447221e+01
1.340942e+14,4.300872e+01
1.016205e+14,7.464976e+01
2.276737e+13,2.570402e+01
1.484200e+14,6.359943e+01
1.520392e+14,8.000000e+01
4.618485e+13,4.528231e+01
5.350484e+13,4.999992e+00
5.144127e+13,7.899275e+01
4.385268e+13,3.134929e+01
1.992664e+14,8.000000e+01
2.420210e+13,5.000171e+00
2.095214e+14,6.432010e+01
8.867835e+14,8.000000e+01
1.696410e+13,7.899814e+01
1.755410e+13,7.899817e+01
6.149118e+13,7.899308e+01
6.149118e+13,7.899410e+01
7.366815e+13,4.005743e+01
5.750670e+13,5.000011e+00
5.750670e+13,7.898272e+01
8.380447e+13,4.999924e+00
1.492259e+13,7.896869e+01
1.374822e+13,7.899886e+01
6.206297e+13,3.513283e+01
1.442064e+13,7.899847e+01
1.243404e+14,5.849466e+01
1.813035e+13,4.499292e+01
5.349430e+13,5.266922e+01
4.955280e+13,3.591356e+01
4.427644e+13,3.885631e+01
7.406605e+13,7.050589e+01
1.474587e+14,8.000000e+01
4.337731e+13,7.898164e+01
1.884836e+13,7.899184e+01
4.398201e+13,3.885631e+01
5.295254e+13,4.744434e+01
1.441792e+13,7.899834e+01
2.068519e+13,7.899792e+01
2.259763e+13,2.624452e+01
2.763998e+13,7.899602e+01
4.576913e+13,4.762450e+01
1.128265e+13,7.898355e+01
1.047699e+13,7.899237e+01
1.338014e+13,7.898597e+01
4.945614e+13,3.783536e+01
1.389991e+13,7.899645e+01
1.342446e+13,7.899700e+01
2.653282e+13,5.000054e+00
1.106707e+13,7.672297e+01
1.965311e+13,7.899492e+01
7.911483e+13,5.134798e+01
5.156259e+13,4.396108e+01
4.478251e+13,7.898522e+01
9.624364e+13,8.000000e+01
9.624364e+13,8.000000e+01
1.339141e+14,6.708269e+01
2.230576e+13,7.899486e+01
3.963085e+13,5.000191e+00
1.523156e+13,7.898345e+01
4.643257e+13,3.807558e+01
2.104867e+13,7.899391e+01
1.238871e+13,7.875252e+01
1.600730e+13,7.899649e+01
1.724845e+13,7.899807e+01
4.303444e+13,1.896884e+01
4.861645e+13,5.146810e+01
3.895342e+16,8.000000e+01
1.148445e+14,4.720411e+01
1.082954e+13,7.899734e+01
1.270405e+14,5.789410e+01
2.366086e+15,8.000000e+01
2.110801e+16,8.000000e+01
3.517688e+13,7.897604e+01
2.394080e+13,7.899861e+01
5.057262e+13,4.840523e+01
1.231799e+13,7.899854e+01
3.418994e+13,7.899145e+01
7.547283e+13,4.312029e+01
3.249580e+13,2.750570e+01
3.233737e+17,8.000000e+01
7.101278e+13,3.795547e+01
1.446371e+13,7.899833e+01
1.671715e+13,7.898989e+01
2.048552e+13,7.897737e+01
4.200939e+13,7.898712e+01
1.242674e+13,7.899805e+01
2.216512e+14,8.000000e+01
2.343316e+13,7.897370e+01
1.557637e+13,4.517526e+01
7.044098e+13,4.047783e+01
1.434833e+13,7.899563e+01
3.045249e+13,3.399176e+01
2.376039e+13,7.899502e+01
3.522675e+13,3.915659e+01
1.423404e+14,7.969447e+01
2.270889e+15,8.000000e+01
2.118117e+13,7.892312e+01
1.226777e+13,7.899820e+01
2.994389e+13,2.097759e+01
2.619524e+13,7.896658e+01
2.551311e+13,7.899859e+01
1.762396e+14,5.813432e+01
1.656943e+13,7.895325e+01
5.118078e+13,3.363143e+01
2.046694e+13,7.899437e+01
2.758403e+13,7.922041e+01
1.837826e+13,7.899527e+01
7.327497e+13,4.756445e+01
1.276595e+13,7.899804e+01
1.887298e+13,7.899790e+01
3.047765e+13,5.000233e+00
2.146927e+20,8.000000e+01
2.146927e+20,8.000000e+01
2.146927e+20,8.000000e+01
3.673624e+13,7.898191e+01
2.374705e+16,8.000000e+01
1.010336e+14,4.306024e+01
4.138489e+13,3.255042e+01
8.504207e+13,7.963442e+01
1.108130e+13,7.897088e+01
4.995118e+13,4.846529e+01
2.501804e+13,7.933037e+01
5.994831e+13,6.450027e+01
1.727356e+13,7.896929e+01
3.298549e+13,7.890932e+01
1.935517e+13,7.899201e+01
2.181953e+13,7.899358e+01
1.427603e+13,7.898185e+01
8.290830e+13,4.318035e+01
6.316601e+13,6.786342e+01
6.316601e+13,6.786342e+01
1.166053e+14,4.948624e+01
1.315204e+13,7.899756e+01
1.742635e+14,8.000000e+01
1.721810e+13,7.899690e+01
1.419636e+13,7.899625e+01
5.571305e+13,5.543180e+01
6.172213e+13,7.897737e+01
3.597900e+13,3.705463e+01
8.002126e+13,7.898632e+01
1.390705e+13,7.899693e+01
1.184533e+14,7.224751e+01
2.481499e+13,2.762582e+01
5.313583e+13,4.300018e+01
5.518504e+13,7.899596e+01
3.876052e+13,7.899620e+01
1.421697e+13,7.898939e+01
7.549897e+12,7.899555e+01
1.900994e+13,7.898953e+01
1.758330e+13,7.899405e+01
4.490858e+13,7.899854e+01
7.065862e+13,4.071805e+01
2.451334e+13,2.702525e+01
1.560132e+13,6.664368e+01
2.852226e+13,7.896485e+01
3.569039e+13,3.531300e+01
1.342469e+13,7.897769e+01
6.780136e+13,7.899562e+01
6.780136e+13,7.200729e+01
3.162308e+13,4.750439e+01
1.509539e+13,7.897527e+01
1.839787e+13,7.899197e+01
2.920267e+13,7.899456e+01
2.745605e+13,2.840654e+01
7.306734e+13,4.173900e+01
4.899746e+13,7.899623e+01
5.031341e+13,7.897585e+01
7.104272e+13,3.699457e+01
1.821847e+13,7.899372e+01
4.186396e+13,4.816501e+01
5.843705e+13,5.375023e+01
4.437688e+13,3.741496e+01
2.342308e+13,7.899611e+01
1.442196e+14,7.615116e+01
2.328707e+13,7.898334e+01
1.507983e+13,7.899701e+01
2.476842e+13,2.750570e+01
5.939441e+13,5.753376e+01
9.736286e+12,1.500000e+01
1.000567e+14,5.747371e+01
4.698507e+13,4.432142e+01
1.953514e+14,8.000000e+01
2.874358e+13,2.678503e+01
2.869686e+14,7.362880e+01
1.784420e+13,7.898363e+01
4.100715e+13,3.435210e+01
2.157955e+13,7.896708e+01
1.489427e+14,8.000000e+01
1.782276e+13,7.111043e+01
4.660047e+13,4.161889e+01
6.364452e+13,6.287876e+01
2.116803e+13,7.899876e+01
4.301429e+13,4.999934e+00
4.301429e+13,5.000132e+00
1.008589e+13,7.899799e+01
4.691409e+13,3.417193e+01
5.081953e+13,3.225014e+01
6.417236e+13,5.717343e+01
1.959535e+13,7.896622e+01
3.633376e+13,7.899652e+01
2.094415e+14,5.669298e+01
4.431690e+13,3.044845e+01
2.270437e+13,7.899566e+01
3.018681e+13,2.924733e+01
7.919185e+13,5.891505e+01
4.352817e+13,7.899380e+01
1.278361e+13,7.899779e+01
5.608565e+13,6.029634e+01
2.002490e+14,7.603105e+01
2.794405e+13,7.899453e+01
8.346000e+13,5.429073e+01
5.281916e+13,4.999813e+00
2.668720e+13,5.000029e+00
1.104681e+14,4.540243e+01
3.706411e+13,3.321103e+01
7.631558e+13,6.257848e+01
4.524997e+13,4.005743e+01
3.551406e+13,7.899686e+01
5.536414e+13,5.735360e+01
6.206242e+13,4.780467e+01
1.114648e+14,5.573208e+01
1.591857e+14,6.792347e+01
7.850089e+13,8.000000e+01
2.738346e+13,7.898874e+01
5.494523e+13,7.899236e+01
5.410144e+13,4.245968e+01
2.311013e+13,2.666492e+01
3.645860e+13,7.895623e+01
1.136711e+14,5.693320e+01
1.478203e+14,7.999475e+01
2.630575e+13,4.999827e+00
2.193240e+13,7.899141e+01
4.490803e+13,3.213002e+01
2.613710e+13,4.999954e+00
3.346394e+13,7.899779e+01
3.662071e+13,3.279064e+01
5.129446e+13,7.899591e+01
4.537603e+13,7.897360e+01
4.580600e+14,7.368886e+01
1.625364e+13,7.899838e+01
1.504117e+13,5.000000e+00
1.234987e+14,5.933545e+01
3.708117e+14,8.000000e+01
1.412187e+14,8.000000e+01
1.741811e+13,7.899527e+01
5.532737e+13,3.723479e+01
2.697596e+13,2.696520e+01
3.591790e+13,7.899322e+01
3.303958e+13,7.899191e+01
1.623400e+14,8.000000e+01
1.623400e+14,8.000000e+01
2.359057e+13,2.420262e+01
1.055310e+13,7.899863e+01
4.769545e+13,3.813564e+01
4.488236e+13,7.899567e+01
2.673338e+13,7.898607e+01
4.724330e+13,3.861609e+01
4.358088e+13,7.893018e+01
9.979456e+13,4.936613e+01
4.288101e+13,4.215940e+01
1.398710e+13,7.899801e+01
1.720419e+13,7.898953e+01
1.024304e+14,7.212740e+01
4.413649e+13,7.899353e+01
7.634384e+13,4.846529e+01
5.587486e+13,4.954630e+01
3.457594e+13,7.897076e+01
3.347549e+13,4.999974e+00
4.024147e+14,8.000000e+01
1.674149e+13,7.899674e+01
1.665794e+14,8.000000e+01
8.411833e+13,4.999933e+00
8.411833e+13,5.000003e+00
2.242732e+13,7.898555e+01
1.227632e+13,7.899345e+01
2.362234e+13,3.099637e+01
1.455744e+13,7.899642e+01
2.071670e+13,7.899654e+01
1.895998e+13,7.899326e+01
1.071339e+14,8.000000e+01
1.071339e+14,8.000000e+01
1.952127e+13,7.899159e+01
2.905799e+13,3.255042e+01
1.499751e+14,8.000000e+01
1.499751e+14,8.000000e+01
1.580186e+13,7.899721e+01
5.919592e+13,5.519157e+01
2.681593e+14,6.263853e+01
1.826309e+13,7.898971e+01
6.550295e+13,4.095827e+01
2.027881e+14,7.182712e+01
3.463828e+13,7.899634e+01
1.047673e+13,7.880054e+01
3.704201e+13,7.899533e+01
2.028982e+13,7.898967e+01
3.888262e+13,7.898354e+01
1.488397e+13,7.899845e+01
7.909654e+13,6.510083e+01
5.263304e+13,3.777530e+01
2.845661e+13,7.895728e+01
1.869471e+13,7.885405e+01
1.037101e+14,6.696257e+01
3.761342e+13,7.899506e+01
5.007241e+13,5.080748e+01
1.480334e+13,7.898801e+01
3.027368e+13,7.899859e+01
1.487457e+13,7.898251e+01
2.692941e+13,7.897914e+01
1.837161e+13,7.898472e+01
7.068580e+13,4.696389e+01
6.086564e+13,4.107839e+01
3.741859e+13,3.945687e+01
1.421138e+14,8.000000e+01
4.930257e+14,8.000000e+01
1.569707e+13,7.899173e+01
7.838856e+13,4.738428e+01
2.650484e+13,7.899790e+01
6.234239e+13,3.321103e+01
3.886178e+13,4.209934e+01
3.726456e+13,2.960767e+01
4.443935e+13,3.375154e+01
7.161473e+13,4.912591e+01
1.394478e+13,7.899408e+01
6.014316e+13,4.912591e+01
4.988472e+13,3.585350e+01
5.437652e+14,8.000000e+01
5.159030e+13,4.492198e+01
3.662289e+13,4.402114e+01
1.995630e+13,7.898565e+01
5.862175e+13,4.101833e+01
9.942913e+12,7.898494e+01
2.651996e+13,7.899389e+01
7.768808e+13,7.434948e+01
5.963220e+13,3.657418e+01
1.844695e+13,7.899100e+01
3.750207e+13,7.899433e+01
1.676418e+13,2.698544e+01
9.846385e+13,6.065668e+01
3.428342e+13,5.000027e+00
1.023229e+13,7.898060e+01
4.190021e+15,8.000000e+01
1.837909e+13,7.899538e+01
1.039042e+13,7.899751e+01
9.413231e+12,7.899816e+01
7.570939e+13,7.903385e+01
4.861980e+13,5.290944e+01
2.916655e+13,7.899212e+01
4.305333e+13,7.899777e+01
4.305333e+13,7.899790e+01
2.238566e+13,7.899769e+01
1.457230e+13,7.899732e+01
2.391673e+13,2.576408e+01
4.802489e+13,5.134798e+01
2.010424e+13,7.899468e+01
2.123744e+13,7.894265e+01
2.285368e+13,7.898279e+01
1.415418e+13,7.899569e+01
2.321146e+13,7.896683e+01
1.181106e+14,6.792347e+01
1.145221e+14,5.879494e+01
9.517780e+12,7.899382e+01
2.978762e+13,7.899371e+01
2.314578e+13,7.897475e+01
2.729503e+13,7.898808e+01
1.764850e+13,7.899518e+01
3.128666e+13,7.895015e+01
1.602666e+13,7.899637e+01
5.976130e+13,6.864415e+01
8.050000e+13,6.383966e+01
7.302927e+13,3.975715e+01
2.237946e+13,7.899527e+01
4.116875e+13,3.909653e+01
3.996216e+13,3.483255e+01
3.849606e+13,7.899712e+01
5.244171e+13,4.035771e+01
1.763497e+13,7.899851e+01
1.265117e+14,8.000000e+01
9.934978e+13,6.083685e+01
4.011831e+13,5.000510e+00
5.957166e+13,7.898460e+01
7.163054e+13,7.899143e+01
7.163054e+13,7.899660e+01
3.381125e+13,3.134929e+01
7.667053e+13,5.987595e+01
1.562244e+18,8.000000e+01
5.259529e+16,8.000000e+01
4.914766e+13,3.375154e+01
1.244510e+13,7.898928e+01
1.329869e+13,7.899773e+01
1.454043e+13,5.690322e+01
4.324477e+13,4.786473e+01
2.730932e+13,5.000030e+00
2.730932e+13,4.999991e+00
6.761777e+13,6.293881e+01
3.201776e+13,2.888699e+01
3.571142e+13,3.219008e+01
1.289201e+18,8.000000e+01
1.289201e+18,8.000000e+01
1.289201e+18,8.000000e+01
1.935780e+13,7.899646e+01
1.648683e+13,7.883205e+01
1.374455e+14,7.987464e+01
1.247536e+13,7.898346e+01
7.126224e+13,2.498701e+01
2.064162e+13,7.899809e+01
5.764722e+13,5.326978e+01
6.882303e+13,4.546248e+01
2.342717e+13,4.999318e+00
7.622519e+17,8.000000e+01
4.802211e+13,4.999761e+00
9.919684e+16,8.000000e+01
2.945179e+13,2.774593e+01
3.403828e+13,7.899602e+01
2.285591e+13,7.895814e+01
3.229813e+13,7.899695e+01
3.974952e+13,5.369017e+01
1.535683e+13,7.897530e+01
3.212704e+13,3.567334e+01
2.057236e+14,8.000000e+01
3.180098e+13,7.899740e+01
1.500234e+13,6.093336e+01
9.158843e+13,8.000000e+01
9.158843e+13,8.000000e+01
1.416707e+13,7.899864e+01
2.261865e+13,7.896181e+01
3.364365e+13,7.897451e+01
1.479794e+13,7.899629e+01
5.893832e+13,7.899723e+01
2.100443e+13,7.899506e+01
1.054277e+14,8.000000e+01
1.801709e+13,7.899570e+01
1.120772e+14,8.000000e+01
1.039500e+13,7.899190e+01
2.732363e+13,2.852666e+01
9.054525e+16,8.000000e+01
9.054525e+16,8.000000e+01
1.189630e+13,7.899850e+01
1.861393e+15,8.000000e+01
1.861393e+15,8.000000e+01
6.292898e+13,5.116781e+01
3.229755e+13,3.411188e+01
1.383741e+14,5.759382e+01
1.058812e+13,7.899865e+01
2.060275e+13,7.899693e+01
6.779211e+13,4.372086e+01
1.409763e+13,7.899601e+01
1.715625e+13,7.905437e+01
6.483669e+13,7.885369e+01
6.483669e+13,7.885369e+01
1.331231e+13,7.895259e+01
1.221578e+13,7.899825e+01
5.982444e+13,4.173900e+01
4.761419e+13,7.899759e+01
9.656209e+13,4.972647e+01
8.565703e+13,8.000000e+01
3.143467e+13,7.899881e+01
1.120741e+13,7.898155e+01
3.929758e+14,5.873489e+01
2.170697e+13,7.887564e+01
2.125975e+14,6.822375e+01
1.862927e+13,7.897770e+01
2.040539e+13,7.898148e+01
4.986126e+13,4.876557e+01
3.248119e+13,7.949452e+01
8.273554e+13,5.819438e+01
6.877323e+13,6.852403e+01
9.451227e+12,4.999674e+00
1.351536e+14,8.000000e+01
1.509592e+13,7.899849e+01
1.447365e+13,7.899793e+01
2.106793e+13,7.898465e+01
1.851523e+13,5.000000e+00
7.882170e+13,6.828381e+01
6.457543e+13,7.897110e+01
3.750525e+13,4.047783e+01
3.695257e+13,7.899591e+01
6.073262e+13,4.119850e+01
7.427588e+13,5.429073e+01
3.303918e+13,3.496327e+01
3.400677e+13,3.519289e+01
3.311048e+13,2.978784e+01
4.573264e+13,6.529924e+01
3.307798e+13,3.116913e+01
2.405447e+13,7.896508e+01
8.354450e+12,7.899800e+01
4.022594e+13,3.243031e+01
3.826019e+13,3.999738e+01
4.008477e+13,3.381160e+01
3.471423e+13,7.899562e+01
4.368436e+13,5.000239e+00
1.673203e+15,8.000000e+01
4.771844e+13,5.284939e+01
3.819044e+13,3.447221e+01
2.787455e+14,6.984527e+01
3.396837e+13,2.924733e+01
2.396615e+13,7.899467e+01
7.377887e+13,4.999979e+00
2.918404e+13,3.194986e+01
5.407694e+13,4.600299e+01
4.431830e+19,8.000000e+01
2.814299e+13,2.099728e+01
8.072638e+13,7.218746e+01
9.550383e+13,6.456033e+01
1.263146e+13,7.899478e+01
3.766243e+13,7.887855e+01
2.385815e+13,7.892898e+01
2.795712e+13,7.899552e+01
4.889937e+13,7.899015e+01
4.587937e+13,2.300000e+01
1.918740e+14,8.000000e+01
2.761077e+13,7.899647e+01
1.797202e+14,8.000000e+01
5.250379e+14,7.374892e+01
7.037258e+13,5.158821e+01
2.255285e+13,7.899571e+01
2.269781e+14,6.203797e+01
2.032234e+13,7.899773e+01
4.038835e+13,7.897719e+01
1.037243e+13,7.899462e+01
6.950432e+13,8.000000e+01
1.706679e+14,7.158690e+01
8.677795e+12,7.899752e+01
6.356250e+13,4.444153e+01
1.141133e+13,7.899813e+01
3.500713e+13,7.899590e+01
2.105964e+13,2.258110e+01
1.318703e+13,7.899692e+01
2.900676e+14,8.000000e+01
4.687000e+13,7.899066e+01
3.479557e+13,3.459233e+01
3.876321e+13,4.209934e+01
8.066715e+13,4.432142e+01
2.729653e+13,6.265464e+01
2.124279e+14,7.549054e+01
2.540277e+13,7.899520e+01
3.623640e+13,2.894705e+01
4.016000e+13,3.711468e+01
4.446967e+13,3.297081e+01
2.963912e+13,3.164958e+01
6.365701e+13,6.155752e+01
4.180572e+13,7.899348e+01
9.689154e+13,8.000000e+01
2.586092e+13,7.899111e+01
3.191011e+13,7.899527e+01
1.399734e+13,7.899299e+01
3.623731e+13,3.717474e+01
1.213597e+13,7.899777e+01
1.688998e+13,7.899712e+01
4.829009e+13,4.999696e+00
1.308304e+13,7.899600e+01
2.093616e+13,7.898016e+01
5.147858e+13,5.260916e+01
1.886934e+14,7.254779e+01
1.675729e+14,5.188849e+01
2.682292e+13,2.924733e+01
3.770724e+13,3.765519e+01
1.858453e+14,7.837324e+01
1.761864e+13,7.899427e+01
6.484706e+13,6.744302e+01
1.317401e+13,7.899903e+01
5.987542e+14,8.000000e+01
1.143206e+13,7.897038e+01
1.246116e+13,7.899774e+01
2.876892e+13,6.916989e+01
1.818250e+13,7.895305e+01
2.155926e+13,7.899733e+01
8.488113e+13,5.369017e+01
2.032566e+14,8.000000e+01
9.607454e+13,8.000000e+01
2.001937e+13,7.899819e+01
1.703878e+13,7.892595e+01
2.045141e+13,7.896716e+01
3.526988e+13,3.387165e+01
4.122976e+13,3.531300e+01
8.809064e+13,8.000000e+01
2.321529e+13,7.899770e+01
1.165873e+14,8.000000e+01
1.165873e+14,8.000000e+01
1.165873e+14,8.000000e+01
3.298286e+13,7.891875e+01
1.990552e+14,8.000000e+01
2.333240e+13,7.893614e+01
1.445939e+14,8.000000e+01
3.016366e+13,7.896457e+01
1.121419e+13,7.899213e+01
1.583656e+14,7.501009e+01
1.583656e+14,7.501009e+01
3.447496e+13,4.023760e+01
5.947796e+13,4.396108e+01
3.527939e+13,3.891637e+01
4.073367e+13,4.257979e+01
2.185459e+13,7.899616e+01
5.373587e+13,4.414125e+01
2.093907e+13,7.899888e+01
1.841608e+13,6.115358e+01
7.348330e+13,4.606304e+01
6.351506e+13,3.879625e+01
4.493838e+13,3.561328e+01
1.601449e+13,7.898610e+01
2.181511e+13,7.899832e+01
1.915432e+13,7.899609e+01
3.759246e+13,5.000052e+00
7.940526e+13,6.233825e+01
5.880085e+13,4.282001e+01
2.706148e+13,7.899149e+01
1.923609e+14,8.000000e+01
1.171521e+14,6.005612e+01
1.163937e+13,7.899416e+01
4.858766e+13,2.882694e+01
5.207421e+13,3.735491e+01
1.948492e+13,7.899457e+01
1.264142e+14,5.002675e+01
3.834641e+13,6.699710e+01
1.237341e+14,6.768325e+01
1.241378e+13,7.898802e+01
1.083300e+14,6.540112e+01
2.834853e+13,7.899456e+01
1.765891e+14,7.404920e+01
1.007555e+16,8.000000e+01
1.359702e+13,7.899669e+01
4.628122e+13,5.000077e+00
5.687381e+13,5.435079e+01
1.265923e+15,7.723217e+01
3.710760e+14,7.182712e+01
3.528950e+13,3.255042e+01
6.730446e+13,6.930476e+01
2.666306e+14,6.864415e+01
5.874996e+13,6.233825e+01
5.231616e+13,3.981721e+01
1.539926e+13,7.899728e+01
6.412406e+13,4.275996e+01
1.109549e+13,7.898757e+01
3.270981e+13,2.972778e+01
1.654191e+13,7.899680e+01
9.852704e+12,2.099493e+01
2.267781e+13,2.816632e+01
5.588013e+13,5.777399e+01
3.294061e+13,7.896249e+01
1.849380e+13,7.905526e+01
3.925642e+13,3.489261e+01
5.287906e+13,7.899452e+01
1.727282e+13,7.898913e+01
2.392559e+13,2.510346e+01
2.144338e+13,7.899725e+01
6.961196e+13,6.990532e+01
6.045550e+13,4.960636e+01
2.100905e+13,7.899882e+01
5.037951e+13,5.969578e+01
1.486845e+13,7.898716e+01
2.321718e+13,7.898234e+01
1.653643e+13,7.899799e+01
2.431048e+13,7.886941e+01
4.853545e+13,7.898980e+01
6.350595e+14,6.480055e+01
2.154125e+13,7.899445e+01
5.786485e+13,4.251973e+01
1.112469e+14,8.000000e+01
7.406526e+13,6.161758e+01
3.603906e+13,3.411188e+01
1.785023e+13,4.999978e+00
9.997190e+13,6.035640e+01
7.871975e+13,4.053788e+01
7.192907e+13,4.047783e+01
2.646769e+14,8.000000e+01
5.799411e+13,6.155752e+01
1.186484e+14,7.899339e+01
1.186484e+14,4.999998e+00
2.109574e+13,7.897345e+01
9.727092e+12,7.899719e+01
1.100630e+13,7.898684e+01
3.605674e+13,4.017754e+01
3.841642e+13,5.000152e+00
4.649718e+13,3.747502e+01
1.216762e+14,2.694477e+01
5.560446e+13,7.898526e+01
7.442261e+13,7.899906e+01
1.480424e+13,7.898213e+01
1.390766e+15,8.000000e+01
2.166122e+14,7.897380e+01
6.386968e+13,4.522226e+01
1.479565e+14,8.000000e+01
3.346859e+13,3.441216e+01
1.597413e+13,4.999827e+00
2.813586e+13,7.899883e+01
4.116422e+13,3.315098e+01
1.119727e+13,4.999733e+00
1.576395e+13,7.898230e+01
2.656299e+13,7.899818e+01
5.199751e+13,4.432142e+01
2.973874e+13,2.504340e+01
3.996815e+13,4.999889e+00
5.974948e+13,7.893536e+01
4.596817e+13,4.528231e+01
1.377019e+13,7.899862e+01
2.777423e+13,7.897573e+01
1.654077e+13,7.899678e+01
4.742469e+13,3.194986e+01
1.243122e+13,7.897473e+01
6.087218e+13,4.708400e+01
5.198372e+13,7.898610e+01
1.629164e+13,7.899827e+01
1.217293e+13,7.899740e+01
2.582682e+13,2.990795e+01
1.380358e+13,7.899640e+01
1.433516e+14,8.000000e+01
4.148640e+13,7.899397e+01
4.005232e+13,4.209934e+01
4.855946e+13,4.999897e+00
1.400018e+14,8.000000e+01
6.747651e+13,5.727481e+01
6.747651e+13,5.038709e+01
1.143421e+14,6.371954e+01
1.249070e+14,8.000000e+01
1.249070e+14,8.000000e+01
7.555978e+13,7.899931e+01
7.555978e+13,7.899634e+01
1.754157e+13,7.892720e+01
8.950281e+12,7.868319e+01
1.281145e+15,8.000000e+01
5.218376e+13,7.899762e+01
4.216107e+13,7.899824e+01
3.860238e+13,3.405182e+01
2.119048e+13,7.899669e+01
9.140247e+16,8.000000e+01
1.668654e+13,7.898443e+01
2.248898e+13,7.899333e+01
1.069870e+13,7.899759e+01
2.761039e+13,3.002806e+01
1.448280e+13,7.899863e+01
1.798560e+13,7.899760e+01
3.704680e+13,3.501272e+01
4.450346e+13,4.263985e+01
3.841178e+14,6.335921e+01
2.327583e+13,7.898423e+01
1.999883e+13,7.898959e+01
6.289889e+13,7.898194e+01
4.408451e+13,7.899768e+01
1.047227e+13,7.899892e+01
1.249444e+14,5.000020e+00
1.249444e+14,8.000000e+01
4.383775e+14,5.957567e+01
3.621629e+13,4.288007e+01
3.307958e+13,3.495266e+01
1.807289e+14,8.000000e+01
1.807289e+14,5.000004e+00
4.666206e+13,7.896787e+01
7.244230e+13,7.206734e+01
9.197686e+15,8.000000e+01
4.442693e+14,8.000000e+01
4.442693e+14,8.000000e+01
3.391919e+13,7.897170e+01
2.622342e+15,8.000000e+01
2.622342e+15,8.000000e+01
