k_s_per_km,P_k_mean_km_per_s,P_k_std,P_k_err
0.000000e+00,2.419552e+00,3.661121e+01,3.661121e-01
2.783676e-03,1.320211e+00,5.505646e+00,5.505646e-02
5.567352e-03,1.034235e+00,2.495175e+00,2.495175e-02
8.351028e-03,8.859629e-01,1.948476e+00,1.948476e-02
1.113470e-02,7.612572e-01,1.589151e+00,1.589151e-02
1.391838e-02,6.653425e-01,1.317535e+00,1.317535e-02
1.670206e-02,5.754229e-01,1.110549e+00,1.110549e-02
1.948573e-02,4.864662e-01,9.010414e-01,9.010414e-03
2.226941e-02,4.179517e-01,7.537854e-01,7.537854e-03
2.505308e-02,3.572300e-01,6.283002e-01,6.283002e-03
2.783676e-02,3.054912e-01,5.229147e-01,5.229147e-03
3.062044e-02,2.679729e-01,4.687138e-01,4.687138e-03
3.340411e-02,2.341673e-01,3.992448e-01,3.992448e-03
3.618779e-02,2.024431e-01,3.351836e-01,3.351836e-03
3.897146e-02,1.715536e-01,2.760821e-01,2.760821e-03
4.175514e-02,1.506666e-01,2.500186e-01,2.500186e-03
4.453882e-02,1.323465e-01,2.107892e-01,2.107892e-03
4.732249e-02,1.155488e-01,1.866965e-01,1.866965e-03
5.010617e-02,1.018541e-01,1.610060e-01,1.610060e-03
5.288985e-02,8.728242e-02,1.345805e-01,1.345805e-03
5.567352e-02,7.642070e-02,1.165216e-01,1.165216e-03
5.845720e-02,6.762468e-02,1.022169e-01,1.022169e-03
6.124087e-02,6.148562e-02,9.550285e-02,9.550285e-04
6.402455e-02,5.353811e-02,8.241434e-02,8.241434e-04
6.680823e-02,4.588721e-02,6.838301e-02,6.838301e-04
6.959190e-02,4.094158e-02,6.082490e-02,6.082490e-04
7.237558e-02,3.625911e-02,5.410749e-02,5.410749e-04
7.515925e-02,3.221858e-02,4.839312e-02,4.839312e-04
7.794293e-02,2.876860e-02,4.278740e-02,4.278740e-04
8.072661e-02,2.506617e-02,3.748839e-02,3.748839e-04
8.351028e-02,2.197044e-02,3.174922e-02,3.174922e-04
8.629396e-02,2.022752e-02,2.929829e-02,2.929829e-04
8.907763e-02,1.748723e-02,2.598729e-02,2.598729e-04
9.186131e-02,1.562555e-02,2.273411e-02,2.273411e-04
9.464499e-02,1.353488e-02,1.967448e-02,1.967448e-04
9.742866e-02,1.213849e-02,1.756202e-02,1.756202e-04
1.002123e-01,1.096477e-02,1.602048e-02,1.602048e-04
1.029960e-01,9.662821e-03,1.428513e-02,1.428513e-04
1.057797e-01,8.651280e-03,1.236060e-02,1.236060e-04
1.085634e-01,7.686397e-03,1.116889e-02,1.116889e-04
1.113470e-01,6.741246e-03,9.540475e-03,9.540475e-05
1.141307e-01,6.207382e-03,9.135907e-03,9.135907e-05
1.169144e-01,5.426124e-03,7.695492e-03,7.695492e-05
1.196981e-01,4.819454e-03,7.040767e-03,7.040767e-05
1.224817e-01,4.319795e-03,6.319632e-03,6.319632e-05
1.252654e-01,3.812014e-03,5.552593e-03,5.552593e-05
1.280491e-01,3.374199e-03,4.881716e-03,4.881716e-05
1.308328e-01,2.998253e-03,4.428809e-03,4.428809e-05
1.336165e-01,2.724234e-03,3.934350e-03,3.934350e-05
1.364001e-01,2.393032e-03,3.532756e-03,3.532756e-05
1.391838e-01,2.137775e-03,3.214826e-03,3.214826e-05
1.419675e-01,1.949117e-03,2.843791e-03,2.843791e-05
1.447512e-01,1.752575e-03,2.556596e-03,2.556596e-05
1.475348e-01,1.532500e-03,2.300641e-03,2.300641e-05
1.503185e-01,1.364893e-03,2.000040e-03,2.000040e-05
1.531022e-01,1.231386e-03,1.760238e-03,1.760238e-05
1.558859e-01,1.082773e-03,1.595112e-03,1.595112e-05
1.586695e-01,9.670651e-04,1.399810e-03,1.399810e-05
1.614532e-01,8.590230e-04,1.273584e-03,1.273584e-05
1.642369e-01,7.775545e-04,1.232050e-03,1.232050e-05
1.670206e-01,6.964662e-04,1.107136e-03,1.107136e-05
1.698042e-01,6.230433e-04,9.791425e-04,9.791425e-06
1.725879e-01,5.511401e-04,8.971591e-04,8.971591e-06
1.753716e-01,5.032562e-04,8.463472e-04,8.463472e-06
1.781553e-01,4.500278e-04,7.690459e-04,7.690459e-06
1.809389e-01,4.052079e-04,7.105540e-04,7.105540e-06
1.837226e-01,3.686557e-04,6.489403e-04,6.489403e-06
1.865063e-01,3.260845e-04,5.957374e-04,5.957374e-06
1.892900e-01,2.864034e-04,5.155730e-04,5.155730e-06
1.920736e-01,2.570126e-04,4.658134e-04,4.658134e-06
1.948573e-01,2.298038e-04,4.228742e-04,4.228742e-06
1.976410e-01,2.101130e-04,3.952223e-04,3.952223e-06
2.004247e-01,1.853133e-04,3.450977e-04,3.450977e-06
2.032084e-01,1.682719e-04,3.287743e-04,3.287743e-06
2.059920e-01,1.516373e-04,3.069306e-04,3.069306e-06
2.087757e-01,1.331927e-04,2.662639e-04,2.662639e-06
2.115594e-01,1.188927e-04,2.398781e-04,2.398781e-06
2.143431e-01,1.079393e-04,2.294175e-04,2.294175e-06
2.171267e-01,9.910342e-05,2.189379e-04,2.189379e-06
2.199104e-01,8.912568e-05,2.084820e-04,2.084820e-06
2.226941e-01,7.957618e-05,1.975653e-04,1.975653e-06
2.254778e-01,7.295599e-05,1.881204e-04,1.881204e-06
2.282614e-01,6.495565e-05,1.894895e-04,1.894895e-06
2.310451e-01,5.863922e-05,1.677017e-04,1.677017e-06
2.338288e-01,5.337558e-05,1.592375e-04,1.592375e-06
2.366125e-01,4.935317e-05,1.608716e-04,1.608716e-06
2.393961e-01,4.390441e-05,1.352153e-04,1.352153e-06
2.421798e-01,3.983889e-05,1.246550e-04,1.246550e-06
2.449635e-01,3.572188e-05,1.118263e-04,1.118263e-06
2.477472e-01,3.255586e-05,1.067961e-04,1.067961e-06
2.505308e-01,2.938935e-05,8.910709e-05,8.910709e-07
2.533145e-01,2.654011e-05,8.200400e-05,8.200400e-07
2.560982e-01,2.460486e-05,8.475611e-05,8.475611e-07
2.588819e-01,2.194433e-05,8.107773e-05,8.107773e-07
2.616655e-01,2.027027e-05,7.802703e-05,7.802703e-07
2.644492e-01,1.847842e-05,7.969556e-05,7.969556e-07
2.672329e-01,1.683094e-05,7.397940e-05,7.397940e-07
2.700166e-01,1.574093e-05,7.029931e-05,7.029931e-07
2.728003e-01,1.431567e-05,7.242512e-05,7.242512e-07
2.755839e-01,1.317921e-05,6.589956e-05,6.589956e-07
2.783676e-01,1.190722e-05,6.126062e-05,6.126062e-07
2.811513e-01,1.089229e-05,5.930107e-05,5.930107e-07
2.839350e-01,9.816265e-06,5.208844e-05,5.208844e-07
2.867186e-01,8.938953e-06,4.876536e-05,4.876536e-07
2.895023e-01,8.172162e-06,4.507798e-05,4.507798e-07
2.922860e-01,7.456187e-06,4.090721e-05,4.090721e-07
2.950697e-01,6.784364e-06,3.874758e-05,3.874758e-07
2.978533e-01,6.323316e-06,3.672292e-05,3.672292e-07
3.006370e-01,5.986079e-06,3.593081e-05,3.593081e-07
3.034207e-01,5.561839e-06,3.421930e-05,3.421930e-07
3.062044e-01,5.159564e-06,3.449436e-05,3.449436e-07
3.089880e-01,4.962232e-06,3.518650e-05,3.518650e-07
3.117717e-01,4.528676e-06,3.426983e-05,3.426983e-07
3.145554e-01,4.288777e-06,3.410468e-05,3.410468e-07
3.173391e-01,3.916218e-06,3.260141e-05,3.260141e-07
3.201227e-01,3.642761e-06,2.978856e-05,2.978856e-07
3.229064e-01,3.314205e-06,2.696701e-05,2.696701e-07
3.256901e-01,2.971759e-06,2.291487e-05,2.291487e-07
3.284738e-01,2.753836e-06,2.108314e-05,2.108314e-07
3.312575e-01,2.476657e-06,1.895098e-05,1.895098e-07
3.340411e-01,2.324824e-06,1.829953e-05,1.829953e-07
3.368248e-01,2.112540e-06,1.721686e-05,1.721686e-07
3.396085e-01,2.054327e-06,1.742675e-05,1.742675e-07
3.423922e-01,1.923694e-06,1.718925e-05,1.718925e-07
3.451758e-01,1.872619e-06,1.740142e-05,1.740142e-07
3.479595e-01,1.772218e-06,1.760424e-05,1.760424e-07
3.507432e-01,1.741602e-06,1.789566e-05,1.789566e-07
3.535269e-01,1.651774e-06,1.785746e-05,1.785746e-07
3.563105e-01,1.548037e-06,1.715997e-05,1.715997e-07
3.590942e-01,1.425394e-06,1.568811e-05,1.568811e-07
3.618779e-01,1.345204e-06,1.526515e-05,1.526515e-07
3.646616e-01,1.238641e-06,1.395048e-05,1.395048e-07
3.674452e-01,1.121768e-06,1.260915e-05,1.260915e-07
3.702289e-01,1.012970e-06,1.117653e-05,1.117653e-07
3.730126e-01,9.551322e-07,1.013452e-05,1.013452e-07
3.757963e-01,8.611872e-07,8.991356e-06,8.991356e-08
3.785799e-01,8.273766e-07,8.513872e-06,8.513872e-08
3.813636e-01,7.809666e-07,8.010249e-06,8.010249e-08
3.841473e-01,7.687306e-07,8.304909e-06,8.304909e-08
3.869310e-01,7.427966e-07,8.367929e-06,8.367929e-08
3.897146e-01,7.084903e-07,8.279895e-06,8.279895e-08
3.924983e-01,6.979762e-07,8.465413e-06,8.465413e-08
3.952820e-01,6.705451e-07,8.395037e-06,8.395037e-08
3.980657e-01,6.398664e-07,8.291020e-06,8.291020e-08
4.008494e-01,6.109637e-07,8.106012e-06,8.106012e-08
4.036330e-01,5.761866e-07,7.865602e-06,7.865602e-08
4.064167e-01,5.388430e-07,7.406912e-06,7.406912e-08
4.092004e-01,4.953393e-07,6.843090e-06,6.843090e-08
4.119841e-01,4.576451e-07,6.373083e-06,6.373083e-08
4.147677e-01,4.329933e-07,5.839880e-06,5.839880e-08
4.175514e-01,4.007669e-07,5.401259e-06,5.401259e-08
4.203351e-01,3.763967e-07,4.934744e-06,4.934744e-08
4.231188e-01,3.602852e-07,4.796308e-06,4.796308e-08
4.259024e-01,3.445314e-07,4.575494e-06,4.575494e-08
4.286861e-01,3.332741e-07,4.562219e-06,4.562219e-08
4.314698e-01,3.202583e-07,4.426437e-06,4.426437e-08
4.342535e-01,3.104658e-07,4.182762e-06,4.182762e-08
4.370371e-01,2.999260e-07,4.125758e-06,4.125758e-08
4.398208e-01,2.810976e-07,3.839601e-06,3.839601e-08
4.426045e-01,2.750210e-07,3.897057e-06,3.897057e-08
4.453882e-01,2.631005e-07,3.834566e-06,3.834566e-08
4.481718e-01,2.492140e-07,3.675062e-06,3.675062e-08
4.509555e-01,2.403785e-07,3.712309e-06,3.712309e-08
4.537392e-01,2.265732e-07,3.497781e-06,3.497781e-08
4.565229e-01,2.159312e-07,3.360972e-06,3.360972e-08
4.593065e-01,2.045764e-07,3.138591e-06,3.138591e-08
4.620902e-01,1.970762e-07,2.990254e-06,2.990254e-08
4.648739e-01,1.855256e-07,2.823077e-06,2.823077e-08
4.676576e-01,1.748507e-07,2.665001e-06,2.665001e-08
4.704413e-01,1.643498e-07,2.493254e-06,2.493254e-08
4.732249e-01,1.546002e-07,2.349694e-06,2.349694e-08
4.760086e-01,1.479428e-07,2.244965e-06,2.244965e-08
4.787923e-01,1.379274e-07,2.088026e-06,2.088026e-08
4.815760e-01,1.297067e-07,2.023061e-06,2.023061e-08
4.843596e-01,1.249699e-07,1.948214e-06,1.948214e-08
4.871433e-01,1.206054e-07,1.973111e-06,1.973111e-08
4.899270e-01,1.155894e-07,1.918490e-06,1.918490e-08
4.927107e-01,1.122428e-07,1.914942e-06,1.914942e-08
4.954943e-01,1.094862e-07,1.887609e-06,1.887609e-08
4.982780e-01,1.071689e-07,1.822945e-06,1.822945e-08
5.010617e-01,1.033357e-07,1.762692e-06,1.762692e-08
5.038454e-01,1.002807e-07,1.724789e-06,1.724789e-08
5.066290e-01,9.686088e-08,1.654361e-06,1.654361e-08
5.094127e-01,9.186562e-08,1.547454e-06,1.547454e-08
5.121964e-01,8.809225e-08,1.474198e-06,1.474198e-08
5.149801e-01,8.392078e-08,1.382386e-06,1.382386e-08
5.177637e-01,7.819116e-08,1.264596e-06,1.264596e-08
5.205474e-01,7.418841e-08,1.210161e-06,1.210161e-08
5.233311e-01,6.872613e-08,1.125877e-06,1.125877e-08
5.261148e-01,6.529297e-08,1.118949e-06,1.118949e-08
5.288985e-01,6.151083e-08,1.074222e-06,1.074222e-08
5.316821e-01,5.866663e-08,1.055808e-06,1.055808e-08
5.344658e-01,5.553645e-08,1.020000e-06,1.020000e-08
5.372495e-01,5.369460e-08,1.013473e-06,1.013473e-08
5.400332e-01,5.193009e-08,1.005248e-06,1.005248e-08
5.428168e-01,5.030749e-08,9.789519e-07,9.789519e-09
5.456005e-01,4.828293e-08,9.431483e-07,9.431483e-09
5.483842e-01,4.701987e-08,8.994341e-07,8.994341e-09
5.511679e-01,4.468900e-08,8.459514e-07,8.459514e-09
5.539515e-01,4.372208e-08,8.108099e-07,8.108099e-09
5.567352e-01,4.223403e-08,7.661756e-07,7.661756e-09
5.595189e-01,3.990306e-08,7.209618e-07,7.209618e-09
5.623026e-01,3.836540e-08,6.998764e-07,6.998764e-09
5.650862e-01,3.682776e-08,6.739726e-07,6.739726e-09
5.678699e-01,3.538147e-08,6.499600e-07,6.499600e-09
5.706536e-01,3.419393e-08,6.377785e-07,6.377785e-09
5.734373e-01,3.322193e-08,6.240008e-07,6.240008e-09
5.762209e-01,3.189918e-08,6.057850e-07,6.057850e-09
5.790046e-01,3.032190e-08,5.924473e-07,5.924473e-09
5.817883e-01,2.926233e-08,5.834172e-07,5.834172e-09
5.845720e-01,2.795960e-08,5.671908e-07,5.671908e-09
5.873556e-01,2.651999e-08,5.376875e-07,5.376875e-09
5.901393e-01,2.518752e-08,5.130699e-07,5.130699e-09
5.929230e-01,2.373484e-08,4.820479e-07,4.820479e-09
5.957067e-01,2.234727e-08,4.520086e-07,4.520086e-09
5.984904e-01,2.126515e-08,4.326741e-07,4.326741e-09
6.012740e-01,2.001859e-08,4.042196e-07,4.042196e-09
6.040577e-01,1.935854e-08,3.932089e-07,3.932089e-09
6.068414e-01,1.850961e-08,3.745051e-07,3.745051e-09
6.096251e-01,1.796098e-08,3.658178e-07,3.658178e-09
6.124087e-01,1.774779e-08,3.613200e-07,3.613200e-09
6.151924e-01,1.752690e-08,3.569486e-07,3.569486e-09
6.179761e-01,1.715607e-08,3.542942e-07,3.542942e-09
6.207598e-01,1.662993e-08,3.458281e-07,3.458281e-09
6.235434e-01,1.625003e-08,3.397481e-07,3.397481e-09
6.263271e-01,1.562053e-08,3.297482e-07,3.297482e-09
6.291108e-01,1.495353e-08,3.155307e-07,3.155307e-09
6.318945e-01,1.423427e-08,3.002888e-07,3.002888e-09
6.346781e-01,1.344405e-08,2.859435e-07,2.859435e-09
6.374618e-01,1.258168e-08,2.665530e-07,2.665530e-09
6.402455e-01,1.195631e-08,2.546238e-07,2.546238e-09
6.430292e-01,1.131688e-08,2.412176e-07,2.412176e-09
6.458128e-01,1.088514e-08,2.339211e-07,2.339211e-09
6.485965e-01,1.045858e-08,2.229689e-07,2.229689e-09
6.513802e-01,1.004052e-08,2.159324e-07,2.159324e-09
6.541639e-01,9.759739e-09,2.086853e-07,2.086853e-09
6.569475e-01,9.617554e-09,2.086986e-07,2.086986e-09
6.597312e-01,9.309055e-09,2.059968e-07,2.059968e-09
6.625149e-01,9.132204e-09,2.040050e-07,2.040050e-09
6.652986e-01,8.802274e-09,1.990148e-07,1.990148e-09
6.680823e-01,8.449157e-09,1.909807e-07,1.909807e-09
6.708659e-01,7.977502e-09,1.814180e-07,1.814180e-09
6.736496e-01,7.622795e-09,1.745639e-07,1.745639e-09
6.764333e-01,7.232054e-09,1.653635e-07,1.653635e-09
6.792170e-01,6.828399e-09,1.570576e-07,1.570576e-09
6.820006e-01,6.573311e-09,1.514396e-07,1.514396e-09
6.847843e-01,6.265094e-09,1.437659e-07,1.437659e-09
6.875680e-01,6.169650e-09,1.407823e-07,1.407823e-09
6.903517e-01,5.945859e-09,1.341842e-07,1.341842e-09
6.931353e-01,5.820525e-09,1.313447e-07,1.313447e-09
6.959190e-01,5.688884e-09,1.286849e-07,1.286849e-09
6.987027e-01,5.568507e-09,1.269199e-07,1.269199e-09
7.014864e-01,5.381442e-09,1.228178e-07,1.228178e-09
7.042700e-01,5.222113e-09,1.209093e-07,1.209093e-09
7.070537e-01,5.026035e-09,1.170401e-07,1.170401e-09
7.098374e-01,4.852398e-09,1.133887e-07,1.133887e-09
7.126211e-01,4.591087e-09,1.077083e-07,1.077083e-09
7.154047e-01,4.390386e-09,1.036487e-07,1.036487e-09
7.181884e-01,4.158030e-09,9.884131e-08,9.884131e-10
7.209721e-01,3.966444e-09,9.519995e-08,9.519995e-10
7.237558e-01,3.823736e-09,9.223855e-08,9.223855e-10
7.265395e-01,3.668182e-09,8.792580e-08,8.792580e-10
7.293231e-01,3.572701e-09,8.552370e-08,8.552370e-10
7.321068e-01,3.468839e-09,8.279815e-08,8.279815e-10
7.348905e-01,3.380927e-09,8.093343e-08,8.093343e-10
7.376742e-01,3.302162e-09,7.861061e-08,7.861061e-10
7.404578e-01,3.208969e-09,7.671573e-08,7.671573e-10
7.432415e-01,3.101057e-09,7.469920e-08,7.469920e-10
7.460252e-01,3.006092e-09,7.229753e-08,7.229753e-10
7.488089e-01,2.867859e-09,6.900247e-08,6.900247e-10
7.515925e-01,2.768939e-09,6.707407e-08,6.707407e-10
7.543762e-01,2.615892e-09,6.376255e-08,6.376255e-10
7.571599e-01,2.504100e-09,6.166847e-08,6.166847e-10
7.599436e-01,2.395788e-09,5.951517e-08,5.951517e-10
7.627272e-01,2.305292e-09,5.778580e-08,5.778580e-10
7.655109e-01,2.246061e-09,5.635144e-08,5.635144e-10
7.682946e-01,2.173585e-09,5.464911e-08,5.464911e-10
7.710783e-01,2.132252e-09,5.381661e-08,5.381661e-10
7.738619e-01,2.072466e-09,5.213502e-08,5.213502e-10
7.766456e-01,2.006518e-09,5.028412e-08,5.028412e-10
7.794293e-01,1.966798e-09,4.930884e-08,4.930884e-10
7.822130e-01,1.912978e-09,4.797131e-08,4.797131e-10
7.849966e-01,1.854200e-09,4.629426e-08,4.629426e-10
7.877803e-01,1.764683e-09,4.384221e-08,4.384221e-10
7.905640e-01,1.686893e-09,4.226557e-08,4.226557e-10
7.933477e-01,1.601281e-09,4.020453e-08,4.020453e-10
7.961314e-01,1.539342e-09,3.929090e-08,3.929090e-10
7.989150e-01,1.459861e-09,3.741628e-08,3.741628e-10
8.016987e-01,1.399315e-09,3.624714e-08,3.624714e-10
8.044824e-01,1.346146e-09,3.542774e-08,3.542774e-10
8.072661e-01,1.312746e-09,3.461185e-08,3.461185e-10
8.100497e-01,1.280545e-09,3.403623e-08,3.403623e-10
8.128334e-01,1.240250e-09,3.293818e-08,3.293818e-10
8.156171e-01,1.213732e-09,3.239459e-08,3.239459e-10
8.184008e-01,1.185291e-09,3.195831e-08,3.195831e-10
8.211844e-01,1.150661e-09,3.090674e-08,3.090674e-10
8.239681e-01,1.105832e-09,2.986398e-08,2.986398e-10
8.267518e-01,1.071449e-09,2.890287e-08,2.890287e-10
8.295355e-01,1.016369e-09,2.737967e-08,2.737967e-10
8.323191e-01,9.805000e-10,2.647495e-08,2.647495e-10
8.351028e-01,9.350547e-10,2.524337e-08,2.524337e-10
8.378865e-01,8.886781e-10,2.404809e-08,2.404809e-10
8.406702e-01,8.626612e-10,2.361118e-08,2.361118e-10
8.434538e-01,8.403071e-10,2.286554e-08,2.286554e-10
8.462375e-01,8.059294e-10,2.203260e-08,2.203260e-10
8.490212e-01,7.945630e-10,2.174842e-08,2.174842e-10
8.518049e-01,7.724946e-10,2.102374e-08,2.102374e-10
8.545885e-01,7.577892e-10,2.075849e-08,2.075849e-10
8.573722e-01,7.432555e-10,2.028077e-08,2.028077e-10
8.601559e-01,7.232774e-10,1.989371e-08,1.989371e-10
8.629396e-01,7.056275e-10,1.940240e-08,1.940240e-10
8.657233e-01,6.780831e-10,1.879008e-08,1.879008e-10
8.685069e-01,6.498381e-10,1.791947e-08,1.791947e-10
8.712906e-01,6.299548e-10,1.747315e-08,1.747315e-10
8.740743e-01,5.987192e-10,1.660035e-08,1.660035e-10
8.768580e-01,5.735183e-10,1.610543e-08,1.610543e-10
8.796416e-01,5.522184e-10,1.554753e-08,1.554753e-10
8.824253e-01,5.329625e-10,1.504224e-08,1.504224e-10
8.852090e-01,5.155758e-10,1.454657e-08,1.454657e-10
8.879927e-01,5.006906e-10,1.423746e-08,1.423746e-10
8.907763e-01,4.873673e-10,1.383910e-08,1.383910e-10
8.935600e-01,4.779818e-10,1.351806e-08,1.351806e-10
8.963437e-01,4.649942e-10,1.327780e-08,1.327780e-10
8.991274e-01,4.536391e-10,1.292024e-08,1.292024e-10
9.019110e-01,4.414799e-10,1.259617e-08,1.259617e-10
9.046947e-01,4.276161e-10,1.225364e-08,1.225364e-10
9.074784e-01,4.147477e-10,1.178663e-08,1.178663e-10
9.102621e-01,3.976395e-10,1.134027e-08,1.134027e-10
9.130457e-01,3.889259e-10,1.110179e-08,1.110179e-10
9.158294e-01,3.703982e-10,1.058500e-08,1.058500e-10
9.186131e-01,3.624213e-10,1.034454e-08,1.034454e-10
9.213968e-01,3.511283e-10,1.004776e-08,1.004776e-10
9.241804e-01,3.388707e-10,9.706795e-09,9.706795e-11
9.269641e-01,3.283764e-10,9.396532e-09,9.396532e-11
9.297478e-01,3.246010e-10,9.355317e-09,9.355317e-11
9.325315e-01,3.148455e-10,8.975047e-09,8.975047e-11
9.353152e-01,3.096839e-10,8.812386e-09,8.812386e-11
9.380988e-01,2.993968e-10,8.561963e-09,8.561963e-11
9.408825e-01,2.893625e-10,8.302260e-09,8.302260e-11
9.436662e-01,2.802532e-10,8.084353e-09,8.084353e-11
9.464499e-01,2.720436e-10,7.879145e-09,7.879145e-11
9.492335e-01,2.655471e-10,7.574962e-09,7.574962e-11
9.520172e-01,2.541241e-10,7.334867e-09,7.334867e-11
9.548009e-01,2.489065e-10,7.148314e-09,7.148314e-11
9.575846e-01,2.388507e-10,6.938751e-09,6.938751e-11
9.603682e-01,2.335968e-10,6.763039e-09,6.763039e-11
9.631519e-01,2.255771e-10,6.465299e-09,6.465299e-11
9.659356e-01,2.206392e-10,6.393931e-09,6.393931e-11
9.687193e-01,2.166129e-10,6.206417e-09,6.206417e-11
9.715029e-01,2.121797e-10,6.085363e-09,6.085363e-11
9.742866e-01,2.058014e-10,5.890447e-09,5.890447e-11
9.770703e-01,2.035062e-10,5.819556e-09,5.819556e-11
9.798540e-01,1.972619e-10,5.562417e-09,5.562417e-11
9.826376e-01,1.939202e-10,5.515068e-09,5.515068e-11
9.854213e-01,1.869673e-10,5.289839e-09,5.289839e-11
9.882050e-01,1.798051e-10,5.122688e-09,5.122688e-11
9.909887e-01,1.767516e-10,4.989216e-09,4.989216e-11
9.937724e-01,1.694234e-10,4.831574e-09,4.831574e-11
9.965560e-01,1.648334e-10,4.632241e-09,4.632241e-11
9.993397e-01,1.597294e-10,4.544065e-09,4.544065e-11
1.002123e+00,1.570895e-10,4.449987e-09,4.449987e-11
1.004907e+00,1.520314e-10,4.288967e-09,4.288967e-11
1.007691e+00,1.488615e-10,4.157924e-09,4.157924e-11
1.010474e+00,1.457251e-10,4.086240e-09,4.086240e-11
1.013258e+00,1.427350e-10,3.969242e-09,3.969242e-11
1.016042e+00,1.402400e-10,3.916891e-09,3.916891e-11
1.018825e+00,1.380350e-10,3.808314e-09,3.808314e-11
1.021609e+00,1.339238e-10,3.703639e-09,3.703639e-11
1.024393e+00,1.310711e-10,3.635209e-09,3.635209e-11
1.027176e+00,1.274259e-10,3.527350e-09,3.527350e-11
1.029960e+00,1.238935e-10,3.414872e-09,3.414872e-11
1.032744e+00,1.206515e-10,3.321111e-09,3.321111e-11
1.035527e+00,1.154803e-10,3.206950e-09,3.206950e-11
1.038311e+00,1.131935e-10,3.148131e-09,3.148131e-11
1.041095e+00,1.097984e-10,3.046417e-09,3.046417e-11
1.043879e+00,1.071420e-10,2.929622e-09,2.929622e-11
1.046662e+00,1.061335e-10,2.902975e-09,2.902975e-11
1.049446e+00,1.037688e-10,2.829630e-09,2.829630e-11
1.052230e+00,1.004962e-10,2.729705e-09,2.729705e-11
1.055013e+00,1.006532e-10,2.687324e-09,2.687324e-11
1.057797e+00,9.716198e-11,2.606117e-09,2.606117e-11
1.060581e+00,9.595878e-11,2.522444e-09,2.522444e-11
1.063364e+00,9.387972e-11,2.517898e-09,2.517898e-11
1.066148e+00,9.171501e-11,2.403593e-09,2.403593e-11
1.068932e+00,8.912078e-11,2.345704e-09,2.345704e-11
1.071715e+00,8.821862e-11,2.299911e-09,2.299911e-11
1.074499e+00,8.660531e-11,2.248634e-09,2.248634e-11
1.077283e+00,8.376242e-11,2.156949e-09,2.156949e-11
1.080066e+00,8.259418e-11,2.148051e-09,2.148051e-11
1.082850e+00,8.151134e-11,2.072192e-09,2.072192e-11
1.085634e+00,8.004979e-11,2.044845e-09,2.044845e-11
1.088417e+00,7.861336e-11,1.986886e-09,1.986886e-11
1.091201e+00,7.745003e-11,1.946106e-09,1.946106e-11
1.093985e+00,7.633599e-11,1.904778e-09,1.904778e-11
1.096768e+00,7.548464e-11,1.877874e-09,1.877874e-11
1.099552e+00,7.362588e-11,1.825957e-09,1.825957e-11
1.102336e+00,7.303514e-11,1.800570e-09,1.800570e-11
1.105119e+00,7.131710e-11,1.765113e-09,1.765113e-11
1.107903e+00,6.939440e-11,1.700272e-09,1.700272e-11
1.110687e+00,6.841114e-11,1.695582e-09,1.695582e-11
1.113470e+00,6.736906e-11,1.651042e-09,1.651042e-11
1.116254e+00,6.580499e-11,1.646574e-09,1.646574e-11
1.119038e+00,6.417882e-11,1.577051e-09,1.577051e-11
1.121821e+00,6.326454e-11,1.580181e-09,1.580181e-11
1.124605e+00,6.218220e-11,1.525893e-09,1.525893e-11
1.127389e+00,6.196624e-11,1.546295e-09,1.546295e-11
1.130172e+00,6.139210e-11,1.504091e-09,1.504091e-11
1.132956e+00,6.010998e-11,1.485276e-09,1.485276e-11
1.135740e+00,5.968415e-11,1.444732e-09,1.444732e-11
1.138524e+00,6.070289e-11,1.486183e-09,1.486183e-11
1.141307e+00,5.944882e-11,1.441739e-09,1.441739e-11
1.144091e+00,5.987203e-11,1.443958e-09,1.443958e-11
1.146875e+00,5.999954e-11,1.449608e-09,1.449608e-11
1.149658e+00,6.005371e-11,1.464208e-09,1.464208e-11
1.152442e+00,6.032598e-11,1.470757e-09,1.470757e-11
1.155226e+00,6.049237e-11,1.509120e-09,1.509120e-11
1.158009e+00,6.084753e-11,1.542076e-09,1.542076e-11
1.160793e+00,6.118452e-11,1.577685e-09,1.577685e-11
1.163577e+00,6.273375e-11,1.649242e-09,1.649242e-11
1.166360e+00,6.237442e-11,1.679661e-09,1.679661e-11
1.169144e+00,6.385553e-11,1.751164e-09,1.751164e-11
1.171928e+00,6.503997e-11,1.818271e-09,1.818271e-11
1.174711e+00,6.604821e-11,1.885434e-09,1.885434e-11
1.177495e+00,6.646924e-11,1.931735e-09,1.931735e-11
1.180279e+00,6.803514e-11,2.008991e-09,2.008991e-11
1.183062e+00,6.839347e-11,2.051642e-09,2.051642e-11
1.185846e+00,6.931380e-11,2.118046e-09,2.118046e-11
1.188630e+00,7.069348e-11,2.165241e-09,2.165241e-11
1.191413e+00,7.134821e-11,2.214344e-09,2.214344e-11
1.194197e+00,7.224016e-11,2.249201e-09,2.249201e-11
1.196981e+00,7.281924e-11,2.289517e-09,2.289517e-11
1.199764e+00,7.341120e-11,2.311448e-09,2.311448e-11
1.202548e+00,7.429467e-11,2.340447e-09,2.340447e-11
1.205332e+00,7.447170e-11,2.348978e-09,2.348978e-11
1.208115e+00,7.465245e-11,2.350512e-09,2.350512e-11
1.210899e+00,7.430297e-11,2.343724e-09,2.343724e-11
1.213683e+00,7.443933e-11,2.333119e-09,2.333119e-11
1.216466e+00,7.390176e-11,2.314079e-09,2.314079e-11
1.219250e+00,7.351811e-11,2.285611e-09,2.285611e-11
1.222034e+00,7.235411e-11,2.244425e-09,2.244425e-11
1.224817e+00,7.138066e-11,2.199504e-09,2.199504e-11
1.227601e+00,6.989332e-11,2.147898e-09,2.147898e-11
1.230385e+00,6.847069e-11,2.088367e-09,2.088367e-11
1.233168e+00,6.648604e-11,2.022851e-09,2.022851e-11
1.235952e+00,6.450435e-11,1.951105e-09,1.951105e-11
1.238736e+00,6.252703e-11,1.879347e-09,1.879347e-11
1.241520e+00,6.012958e-11,1.803644e-09,1.803644e-11
1.244303e+00,5.792404e-11,1.727401e-09,1.727401e-11
1.247087e+00,5.540081e-11,1.653136e-09,1.653136e-11
1.249871e+00,5.308094e-11,1.579204e-09,1.579204e-11
1.252654e+00,5.046875e-11,1.504512e-09,1.504512e-11
1.255438e+00,4.814873e-11,1.441604e-09,1.441604e-11
1.258222e+00,4.586251e-11,1.376800e-09,1.376800e-11
1.261005e+00,4.333767e-11,1.319719e-09,1.319719e-11
1.263789e+00,4.144504e-11,1.268576e-09,1.268576e-11
1.266573e+00,3.920988e-11,1.228444e-09,1.228444e-11
1.269356e+00,3.744690e-11,1.189805e-09,1.189805e-11
1.272140e+00,3.559770e-11,1.164351e-09,1.164351e-11
1.274924e+00,3.389049e-11,1.131792e-09,1.131792e-11
1.277707e+00,3.270850e-11,1.117634e-09,1.117634e-11
1.280491e+00,3.155289e-11,1.102681e-09,1.102681e-11
1.283275e+00,3.074153e-11,1.094955e-09,1.094955e-11
1.286058e+00,2.990203e-11,1.080465e-09,1.080465e-11
1.288842e+00,2.952596e-11,1.077261e-09,1.077261e-11
1.291626e+00,2.897399e-11,1.069898e-09,1.069898e-11
1.294409e+00,2.916652e-11,1.072897e-09,1.072897e-11
1.297193e+00,2.907949e-11,1.068800e-09,1.068800e-11
1.299977e+00,2.941523e-11,1.068482e-09,1.068482e-11
1.302760e+00,2.976798e-11,1.070240e-09,1.070240e-11
1.305544e+00,3.041787e-11,1.075093e-09,1.075093e-11
1.308328e+00,3.125627e-11,1.080808e-09,1.080808e-11
1.311111e+00,3.200486e-11,1.087652e-09,1.087652e-11
1.313895e+00,3.307608e-11,1.099265e-09,1.099265e-11
1.316679e+00,3.399472e-11,1.110559e-09,1.110559e-11
1.319462e+00,3.543287e-11,1.131672e-09,1.131672e-11
1.322246e+00,3.649613e-11,1.150153e-09,1.150153e-11
1.325030e+00,3.789776e-11,1.177464e-09,1.177464e-11
1.327813e+00,3.917069e-11,1.203384e-09,1.203384e-11
1.330597e+00,4.058348e-11,1.238567e-09,1.238567e-11
1.333381e+00,4.179900e-11,1.270006e-09,1.270006e-11
1.336165e+00,4.322731e-11,1.309197e-09,1.309197e-11
1.338948e+00,4.424076e-11,1.342016e-09,1.342016e-11
1.341732e+00,4.538769e-11,1.378721e-09,1.378721e-11
1.344516e+00,4.625663e-11,1.410186e-09,1.410186e-11
1.347299e+00,4.714131e-11,1.442616e-09,1.442616e-11
1.350083e+00,4.763138e-11,1.467360e-09,1.467360e-11
1.352867e+00,4.805148e-11,1.489602e-09,1.489602e-11
1.355650e+00,4.815766e-11,1.505371e-09,1.505371e-11
1.358434e+00,4.819524e-11,1.517355e-09,1.517355e-11
1.361218e+00,4.803955e-11,1.524001e-09,1.524001e-11
1.364001e+00,4.771543e-11,1.524455e-09,1.524455e-11
1.366785e+00,4.722540e-11,1.519090e-09,1.519090e-11
1.369569e+00,4.658271e-11,1.507169e-09,1.507169e-11
1.372352e+00,4.590008e-11,1.491089e-09,1.491089e-11
1.375136e+00,4.492646e-11,1.467805e-09,1.467805e-11
1.377920e+00,4.411824e-11,1.441894e-09,1.441894e-11
1.380703e+00,4.296141e-11,1.409239e-09,1.409239e-11
1.383487e+00,4.205491e-11,1.375374e-09,1.375374e-11
1.386271e+00,4.088826e-11,1.336446e-09,1.336446e-11
1.389054e+00,3.990560e-11,1.297807e-09,1.297807e-11
1.391838e+00,3.891238e-11,1.256464e-09,1.256464e-11
1.394622e+00,3.789368e-11,1.216149e-09,1.216149e-11
1.397405e+00,3.702164e-11,1.175423e-09,1.175423e-11
1.400189e+00,3.609117e-11,1.138818e-09,1.138818e-11
1.402973e+00,3.542512e-11,1.104209e-09,1.104209e-11
1.405756e+00,3.458808e-11,1.073246e-09,1.073246e-11
1.408540e+00,3.408866e-11,1.046477e-09,1.046477e-11
1.411324e+00,3.340914e-11,1.024139e-09,1.024139e-11
1.414107e+00,3.295602e-11,1.005186e-09,1.005186e-11
1.416891e+00,3.240242e-11,9.896141e-10,9.896141e-12
1.419675e+00,3.204580e-11,9.769100e-10,9.769100e-12
1.422458e+00,3.163047e-11,9.647746e-10,9.647746e-12
1.425242e+00,3.117736e-11,9.524000e-10,9.524000e-12
1.428026e+00,3.081712e-11,9.385548e-10,9.385548e-12
1.430809e+00,3.030040e-11,9.229337e-10,9.229337e-12
1.433593e+00,3.006126e-11,9.054164e-10,9.054164e-12
1.436377e+00,2.950356e-11,8.854126e-10,8.854126e-12
1.439161e+00,2.923575e-11,8.641635e-10,8.641635e-12
1.441944e+00,2.873811e-11,8.418171e-10,8.418171e-12
1.444728e+00,2.844950e-11,8.189554e-10,8.189554e-12
1.447512e+00,2.803964e-11,7.978045e-10,7.978045e-12
1.450295e+00,2.781393e-11,7.791554e-10,7.791554e-12
1.453079e+00,2.751143e-11,7.636995e-10,7.636995e-12
1.455863e+00,2.735943e-11,7.523779e-10,7.523779e-12
1.458646e+00,2.718156e-11,7.453767e-10,7.453767e-12
1.461430e+00,2.713284e-11,7.425086e-10,7.425086e-12
1.464214e+00,2.708800e-11,7.433906e-10,7.433906e-12
1.466997e+00,2.713692e-11,7.476886e-10,7.476886e-12
1.469781e+00,2.719404e-11,7.541702e-10,7.541702e-12
1.472565e+00,2.728889e-11,7.619811e-10,7.619811e-12
1.475348e+00,2.740653e-11,7.703790e-10,7.703790e-12
1.478132e+00,2.749478e-11,7.784241e-10,7.784241e-12
1.480916e+00,2.762309e-11,7.864064e-10,7.864064e-12
1.483699e+00,2.769629e-11,7.928473e-10,7.928473e-12
1.486483e+00,2.776907e-11,7.975619e-10,7.975619e-12
1.489267e+00,2.771535e-11,7.997938e-10,7.997938e-12
1.492050e+00,2.775931e-11,8.007864e-10,8.007864e-12
1.494834e+00,2.756942e-11,7.989545e-10,7.989545e-12
1.497618e+00,2.754590e-11,7.955389e-10,7.955389e-12
1.500401e+00,2.722165e-11,7.895844e-10,7.895844e-12
1.503185e+00,2.712495e-11,7.831112e-10,7.831112e-12
1.505969e+00,2.673061e-11,7.751120e-10,7.751120e-12
1.508752e+00,2.656634e-11,7.672563e-10,7.672563e-12
1.511536e+00,2.615217e-11,7.586978e-10,7.586978e-12
1.514320e+00,2.591936e-11,7.509863e-10,7.509863e-12
1.517103e+00,2.556030e-11,7.444381e-10,7.444381e-12
1.519887e+00,2.534419e-11,7.396979e-10,7.396979e-12
1.522671e+00,2.508099e-11,7.364141e-10,7.364141e-12
1.525454e+00,2.491072e-11,7.354835e-10,7.354835e-12
1.528238e+00,2.481705e-11,7.370665e-10,7.370665e-12
1.531022e+00,2.473957e-11,7.408586e-10,7.408586e-12
1.533806e+00,2.483092e-11,7.479177e-10,7.479177e-12
1.536589e+00,2.490870e-11,7.578348e-10,7.578348e-12
1.539373e+00,2.521252e-11,7.710303e-10,7.710303e-12
1.542157e+00,2.544022e-11,7.869097e-10,7.869097e-12
1.544940e+00,2.593364e-11,8.066549e-10,8.066549e-12
1.547724e+00,2.634149e-11,8.290628e-10,8.290628e-12
1.550508e+00,2.698590e-11,8.549815e-10,8.549815e-12
1.553291e+00,2.756362e-11,8.834594e-10,8.834594e-12
1.556075e+00,2.833264e-11,9.144782e-10,9.144782e-12
1.558859e+00,2.903110e-11,9.472513e-10,9.472513e-12
1.561642e+00,2.990579e-11,9.820856e-10,9.820856e-12
1.564426e+00,3.070597e-11,1.017830e-09,1.017830e-11
1.567210e+00,3.164822e-11,1.054823e-09,1.054823e-11
1.569993e+00,3.256439e-11,1.092631e-09,1.092631e-11
1.572777e+00,3.357119e-11,1.131122e-09,1.131122e-11
1.575561e+00,3.456506e-11,1.170277e-09,1.170277e-11
1.578344e+00,3.564228e-11,1.210544e-09,1.210544e-11
1.581128e+00,3.675464e-11,1.252104e-09,1.252104e-11
1.583912e+00,3.790767e-11,1.295052e-09,1.295052e-11
1.586695e+00,3.911977e-11,1.339954e-09,1.339954e-11
1.589479e+00,4.035662e-11,1.386537e-09,1.386537e-11
1.592263e+00,4.162621e-11,1.435105e-09,1.435105e-11
1.595046e+00,4.292677e-11,1.485483e-09,1.485483e-11
1.597830e+00,4.424183e-11,1.537457e-09,1.537457e-11
1.600614e+00,4.555105e-11,1.590198e-09,1.590198e-11
1.603397e+00,4.683269e-11,1.642981e-09,1.642981e-11
1.606181e+00,4.806746e-11,1.694688e-09,1.694688e-11
1.608965e+00,4.924551e-11,1.744370e-09,1.744370e-11
1.611748e+00,5.033057e-11,1.790911e-09,1.790911e-11
1.614532e+00,5.131286e-11,1.832798e-09,1.832798e-11
1.617316e+00,5.214232e-11,1.868929e-09,1.868929e-11
1.620099e+00,5.285377e-11,1.898306e-09,1.898306e-11
1.622883e+00,5.335855e-11,1.919955e-09,1.919955e-11
1.625667e+00,5.373363e-11,1.932972e-09,1.932972e-11
1.628450e+00,5.384763e-11,1.937040e-09,1.937040e-11
1.631234e+00,5.385847e-11,1.931916e-09,1.931916e-11
1.634018e+00,5.356811e-11,1.917340e-09,1.917340e-11
1.636802e+00,5.319147e-11,1.893636e-09,1.893636e-11
1.639585e+00,5.251237e-11,1.861212e-09,1.861212e-11
1.642369e+00,5.176689e-11,1.820644e-09,1.820644e-11
1.645153e+00,5.074631e-11,1.772601e-09,1.772601e-11
1.647936e+00,4.967477e-11,1.718184e-09,1.718184e-11
1.650720e+00,4.838675e-11,1.658244e-09,1.658244e-11
1.653504e+00,4.705834e-11,1.593867e-09,1.593867e-11
1.656287e+00,4.557302e-11,1.526059e-09,1.526059e-11
1.659071e+00,4.406539e-11,1.455934e-09,1.455934e-11
1.661855e+00,4.247250e-11,1.384651e-09,1.384651e-11
1.664638e+00,4.087298e-11,1.313325e-09,1.313325e-11
1.667422e+00,3.925731e-11,1.243049e-09,1.243049e-11
1.670206e+00,3.765845e-11,1.174965e-09,1.174965e-11
1.672989e+00,3.611094e-11,1.110201e-09,1.110201e-11
1.675773e+00,3.458512e-11,1.049684e-09,1.049684e-11
1.678557e+00,3.316428e-11,9.942974e-10,9.942974e-12
1.681340e+00,3.177657e-11,9.448677e-10,9.448677e-12
1.684124e+00,3.054410e-11,9.021028e-10,9.021028e-12
1.686908e+00,2.934286e-11,8.662139e-10,8.662139e-12
1.689691e+00,2.832255e-11,8.370281e-10,8.370281e-12
1.692475e+00,2.732033e-11,8.142376e-10,8.142376e-12
1.695259e+00,2.651874e-11,7.973163e-10,7.973163e-12
1.698042e+00,2.571801e-11,7.851193e-10,7.851193e-12
1.700826e+00,2.511622e-11,7.766546e-10,7.766546e-12
1.703610e+00,2.449935e-11,7.708153e-10,7.708153e-12
1.706393e+00,2.406958e-11,7.667705e-10,7.667705e-12
1.709177e+00,2.361675e-11,7.633953e-10,7.633953e-12
1.711961e+00,2.331858e-11,7.601135e-10,7.601135e-12
1.714744e+00,2.299957e-11,7.562537e-10,7.562537e-12
1.717528e+00,2.279899e-11,7.515811e-10,7.515811e-12
1.720312e+00,2.258846e-11,7.457974e-10,7.457974e-12
1.723095e+00,2.245800e-11,7.389800e-10,7.389800e-12
1.725879e+00,2.232618e-11,7.310483e-10,7.310483e-12
1.728663e+00,2.224011e-11,7.221228e-10,7.221228e-12
1.731447e+00,2.216514e-11,7.123561e-10,7.123561e-12
1.734230e+00,2.210591e-11,7.019929e-10,7.019929e-12
1.737014e+00,2.207180e-11,6.912517e-10,6.912517e-12
1.739798e+00,2.202075e-11,6.803852e-10,6.803852e-12
1.742581e+00,2.201966e-11,6.697370e-10,6.697370e-12
1.745365e+00,2.197550e-11,6.595246e-10,6.595246e-12
1.748149e+00,2.200330e-11,6.501677e-10,6.501677e-12
1.750932e+00,2.196810e-11,6.419098e-10,6.419098e-12
1.753716e+00,2.203233e-11,6.351103e-10,6.351103e-12
1.756500e+00,2.201986e-11,6.300514e-10,6.300514e-12
1.759283e+00,2.213221e-11,6.271117e-10,6.271117e-12
1.762067e+00,2.216182e-11,6.263750e-10,6.263750e-12
1.764851e+00,2.233572e-11,6.280867e-10,6.280867e-12
1.767634e+00,2.243434e-11,6.322332e-10,6.322332e-12
1.770418e+00,2.267469e-11,6.388877e-10,6.388877e-12
1.773202e+00,2.286124e-11,6.477906e-10,6.477906e-12
1.775985e+00,2.316092e-11,6.587518e-10,6.587518e-12
1.778769e+00,2.344123e-11,6.713916e-10,6.713916e-12
1.781553e+00,2.378348e-11,6.852956e-10,6.852956e-12
1.784336e+00,2.413471e-11,6.998019e-10,6.998019e-12
1.787120e+00,2.448076e-11,7.142114e-10,7.142114e-12
1.789904e+00,2.485508e-11,7.279349e-10,7.279349e-12
1.792687e+00,2.516720e-11,7.404449e-10,7.404449e-12
1.795471e+00,2.551244e-11,7.512939e-10,7.512939e-12
1.798255e+00,2.574889e-11,7.598723e-10,7.598723e-12
1.801038e+00,2.600517e-11,7.661554e-10,7.661554e-12
1.803822e+00,2.613868e-11,7.701267e-10,7.701267e-12
1.806606e+00,2.627159e-11,7.719070e-10,7.719070e-12
1.809389e+00,2.628621e-11,7.716589e-10,7.716589e-12
1.812173e+00,2.627644e-11,7.698986e-10,7.698986e-12
1.814957e+00,2.617890e-11,7.670063e-10,7.670063e-12
1.817740e+00,2.604185e-11,7.631992e-10,7.631992e-12
1.820524e+00,2.584780e-11,7.589220e-10,7.589220e-12
1.823308e+00,2.562374e-11,7.542648e-10,7.542648e-12
1.826091e+00,2.537512e-11,7.494470e-10,7.494470e-12
1.828875e+00,2.511649e-11,7.442347e-10,7.442347e-12
1.831659e+00,2.485634e-11,7.387669e-10,7.387669e-12
1.834443e+00,2.463094e-11,7.330875e-10,7.330875e-12
1.837226e+00,2.442368e-11,7.274958e-10,7.274958e-12
1.840010e+00,2.429514e-11,7.223384e-10,7.223384e-12
1.842794e+00,2.420133e-11,7.182671e-10,7.182671e-12
1.845577e+00,2.422063e-11,7.162936e-10,7.162936e-12
1.848361e+00,2.429608e-11,7.174986e-10,7.174986e-12
1.851145e+00,2.450340e-11,7.233444e-10,7.233444e-12
1.853928e+00,2.479164e-11,7.349794e-10,7.349794e-12
1.856712e+00,2.520708e-11,7.533333e-10,7.533333e-12
1.859496e+00,2.571315e-11,7.787066e-10,7.787066e-12
1.862279e+00,2.631784e-11,8.108519e-10,8.108519e-12
1.865063e+00,2.701673e-11,8.488820e-10,8.488820e-12
1.867847e+00,2.777335e-11,8.914278e-10,8.914278e-12
1.870630e+00,2.860791e-11,9.367068e-10,9.367068e-12
1.873414e+00,2.945191e-11,9.827688e-10,9.827688e-12
1.876198e+00,3.034718e-11,1.027870e-09,1.027870e-11
1.878981e+00,3.121699e-11,1.070472e-09,1.070472e-11
1.881765e+00,3.209651e-11,1.109316e-09,1.109316e-11
1.884549e+00,3.291647e-11,1.143696e-09,1.143696e-11
1.887332e+00,3.371641e-11,1.173710e-09,1.173710e-11
1.890116e+00,3.444708e-11,1.199850e-09,1.199850e-11
1.892900e+00,3.512929e-11,1.223113e-09,1.223113e-11
1.895683e+00,3.573754e-11,1.245315e-09,1.245315e-11
1.898467e+00,3.630018e-11,1.268759e-09,1.268759e-11
1.901251e+00,3.680339e-11,1.295778e-09,1.295778e-11
1.904034e+00,3.727063e-11,1.328588e-09,1.328588e-11
1.906818e+00,3.768839e-11,1.369168e-09,1.369168e-11
1.909602e+00,3.809284e-11,1.418927e-09,1.418927e-11
1.912385e+00,3.846403e-11,1.478552e-09,1.478552e-11
1.915169e+00,3.884505e-11,1.547905e-09,1.547905e-11
1.917953e+00,3.920665e-11,1.626087e-09,1.626087e-11
1.920736e+00,3.958914e-11,1.711729e-09,1.711729e-11
1.923520e+00,3.996861e-11,1.803094e-09,1.803094e-11
1.926304e+00,4.036864e-11,1.898151e-09,1.898151e-11
1.929088e+00,4.077273e-11,1.994880e-09,1.994880e-11
1.931871e+00,4.119100e-11,2.091376e-09,2.091376e-11
1.934655e+00,4.161900e-11,2.185773e-09,2.185773e-11
1.937439e+00,4.203808e-11,2.276395e-09,2.276395e-11
1.940222e+00,4.246356e-11,2.361814e-09,2.361814e-11
1.943006e+00,4.286231e-11,2.440801e-09,2.440801e-11
1.945790e+00,4.325151e-11,2.512347e-09,2.512347e-11
1.948573e+00,4.359187e-11,2.575658e-09,2.575658e-11
1.951357e+00,4.390350e-11,2.630110e-09,2.630110e-11
1.954141e+00,4.414728e-11,2.675259e-09,2.675259e-11
1.956924e+00,4.433641e-11,2.710831e-09,2.710831e-11
1.959708e+00,4.444447e-11,2.736728e-09,2.736728e-11
1.962492e+00,4.448012e-11,2.752968e-09,2.752968e-11
1.965275e+00,4.442256e-11,2.759692e-09,2.759692e-11
1.968059e+00,4.428701e-11,2.757199e-09,2.757199e-11
1.970843e+00,4.406311e-11,2.745889e-09,2.745889e-11
1.973626e+00,4.377080e-11,2.726211e-09,2.726211e-11
1.976410e+00,4.339057e-11,2.698719e-09,2.698719e-11
1.979194e+00,4.296251e-11,2.664105e-09,2.664105e-11
1.981977e+00,4.246871e-11,2.623079e-09,2.623079e-11
1.984761e+00,4.195397e-11,2.576388e-09,2.576388e-11
1.987545e+00,4.139698e-11,2.524798e-09,2.524798e-11
1.990328e+00,4.083801e-11,2.469079e-09,2.469079e-11
1.993112e+00,4.026272e-11,2.409970e-09,2.409970e-11
1.995896e+00,3.969431e-11,2.348155e-09,2.348155e-11
1.998679e+00,3.912513e-11,2.284242e-09,2.284242e-11
2.001463e+00,3.855961e-11,2.218799e-09,2.218799e-11
2.004247e+00,3.800704e-11,2.152310e-09,2.152310e-11
2.007030e+00,3.744655e-11,2.085156e-09,2.085156e-11
2.009814e+00,3.690306e-11,2.017702e-09,2.017702e-11
2.012598e+00,3.633956e-11,1.950271e-09,1.950271e-11
2.015381e+00,3.579542e-11,1.883195e-09,1.883195e-11
2.018165e+00,3.523088e-11,1.816834e-09,1.816834e-11
2.020949e+00,3.469024e-11,1.751605e-09,1.751605e-11
2.023732e+00,3.414434e-11,1.687959e-09,1.687959e-11
2.026516e+00,3.362967e-11,1.626430e-09,1.626430e-11
2.029300e+00,3.314526e-11,1.567579e-09,1.567579e-11
2.032084e+00,3.271219e-11,1.511931e-09,1.511931e-11
2.034867e+00,3.234986e-11,1.460017e-09,1.460017e-11
2.037651e+00,3.206715e-11,1.412220e-09,1.412220e-11
2.040435e+00,3.189589e-11,1.368927e-09,1.368927e-11
2.043218e+00,3.183797e-11,1.330435e-09,1.330435e-11
2.046002e+00,3.192461e-11,1.297003e-09,1.297003e-11
2.048786e+00,3.215304e-11,1.268919e-09,1.268919e-11
2.051569e+00,3.254718e-11,1.246600e-09,1.246600e-11
2.054353e+00,3.310373e-11,1.230511e-09,1.230511e-11
2.057137e+00,3.382470e-11,1.221237e-09,1.221237e-11
2.059920e+00,3.471028e-11,1.219519e-09,1.219519e-11
2.062704e+00,3.574168e-11,1.226012e-09,1.226012e-11
2.065488e+00,3.692024e-11,1.241250e-09,1.241250e-11
2.068271e+00,3.820965e-11,1.265445e-09,1.265445e-11
2.071055e+00,3.960517e-11,1.298422e-09,1.298422e-11
2.073839e+00,4.106205e-11,1.339449e-09,1.339449e-11
2.076622e+00,4.256375e-11,1.387272e-09,1.387272e-11
2.079406e+00,4.406463e-11,1.440128e-09,1.440128e-11
2.082190e+00,4.553465e-11,1.495853e-09,1.495853e-11
2.084973e+00,4.693304e-11,1.552014e-09,1.552014e-11
2.087757e+00,4.822466e-11,1.606109e-09,1.606109e-11
2.090541e+00,4.937588e-11,1.655707e-09,1.655707e-11
2.093324e+00,5.034812e-11,1.698443e-09,1.698443e-11
2.096108e+00,5.111781e-11,1.732136e-09,1.732136e-11
2.098892e+00,5.165548e-11,1.755182e-09,1.755182e-11
2.101675e+00,5.195813e-11,1.766569e-09,1.766569e-11
2.104459e+00,5.201180e-11,1.765654e-09,1.765654e-11
2.107243e+00,5.182161e-11,1.752405e-09,1.752405e-11
2.110026e+00,5.139347e-11,1.727571e-09,1.727571e-11
2.112810e+00,5.075367e-11,1.692430e-09,1.692430e-11
2.115594e+00,4.991625e-11,1.648795e-09,1.648795e-11
2.118377e+00,4.892176e-11,1.599044e-09,1.599044e-11
2.121161e+00,4.779605e-11,1.545855e-09,1.545855e-11
2.123945e+00,4.658632e-11,1.492208e-09,1.492208e-11
2.126729e+00,4.532403e-11,1.441081e-09,1.441081e-11
2.129512e+00,4.405390e-11,1.394926e-09,1.394926e-11
2.132296e+00,4.280093e-11,1.355691e-09,1.355691e-11
2.135080e+00,4.161050e-11,1.324687e-09,1.324687e-11
2.137863e+00,4.049811e-11,1.302106e-09,1.302106e-11
2.140647e+00,3.949116e-11,1.287138e-09,1.287138e-11
2.143431e+00,3.860020e-11,1.278381e-09,1.278381e-11
2.146214e+00,3.784044e-11,1.273998e-09,1.273998e-11
2.148998e+00,3.721349e-11,1.272011e-09,1.272011e-11
2.151782e+00,3.671979e-11,1.270639e-09,1.270639e-11
2.154565e+00,3.635811e-11,1.268441e-09,1.268441e-11
2.157349e+00,3.611090e-11,1.264541e-09,1.264541e-11
2.160133e+00,3.597433e-11,1.258615e-09,1.258615e-11
2.162916e+00,3.592123e-11,1.250737e-09,1.250737e-11
2.165700e+00,3.594303e-11,1.241436e-09,1.241436e-11
2.168484e+00,3.600936e-11,1.231574e-09,1.231574e-11
2.171267e+00,3.611060e-11,1.222104e-09,1.222104e-11
2.174051e+00,3.621789e-11,1.213929e-09,1.213929e-11
2.176835e+00,3.632015e-11,1.207720e-09,1.207720e-11
2.179618e+00,3.638916e-11,1.203830e-09,1.203830e-11
2.182402e+00,3.641692e-11,1.202228e-09,1.202228e-11
2.185186e+00,3.638701e-11,1.202490e-09,1.202490e-11
2.187969e+00,3.629059e-11,1.203848e-09,1.203848e-11
2.190753e+00,3.612085e-11,1.205296e-09,1.205296e-11
2.193537e+00,3.587501e-11,1.205741e-09,1.205741e-11
2.196320e+00,3.555141e-11,1.204086e-09,1.204086e-11
2.199104e+00,3.515266e-11,1.199396e-09,1.199396e-11
2.201888e+00,3.468561e-11,1.190960e-09,1.190960e-11
2.204671e+00,3.415773e-11,1.178328e-09,1.178328e-11
2.207455e+00,3.358201e-11,1.161299e-09,1.161299e-11
2.210239e+00,3.296288e-11,1.139933e-09,1.139933e-11
2.213022e+00,3.231516e-11,1.114517e-09,1.114517e-11
2.215806e+00,3.164445e-11,1.085561e-09,1.085561e-11
2.218590e+00,3.096669e-11,1.053739e-09,1.053739e-11
2.221373e+00,3.028127e-11,1.019817e-09,1.019817e-11
2.224157e+00,2.959783e-11,9.846357e-10,9.846357e-12
2.226941e+00,2.891766e-11,9.489174e-10,9.489174e-12
2.229725e+00,2.824428e-11,9.133292e-10,9.133292e-12
2.232508e+00,2.757449e-11,8.785357e-10,8.785357e-12
2.235292e+00,2.691388e-11,8.450684e-10,8.450684e-12
2.238076e+00,2.625813e-11,8.132065e-10,8.132065e-12
2.240859e+00,2.560423e-11,7.831013e-10,7.831013e-12
2.243643e+00,2.495588e-11,7.548766e-10,7.548766e-12
2.246427e+00,2.431118e-11,7.285473e-10,7.285473e-12
2.249210e+00,2.367662e-11,7.041256e-10,7.041256e-12
2.251994e+00,2.304964e-11,6.816125e-10,6.816125e-12
2.254778e+00,2.243947e-11,6.610383e-10,6.610383e-12
2.257561e+00,2.184902e-11,6.425285e-10,6.425285e-12
2.260345e+00,2.128913e-11,6.262071e-10,6.262071e-12
2.263129e+00,2.075873e-11,6.121735e-10,6.121735e-12
2.265912e+00,2.027487e-11,6.006713e-10,6.006713e-12
2.268696e+00,1.984353e-11,5.919087e-10,5.919087e-12
2.271480e+00,1.947433e-11,5.859250e-10,5.859250e-12
2.274263e+00,1.917186e-11,5.827876e-10,5.827876e-12
2.277047e+00,1.894503e-11,5.825157e-10,5.825157e-12
2.279831e+00,1.880012e-11,5.851057e-10,5.851057e-12
2.282614e+00,1.874090e-11,5.904690e-10,5.904690e-12
2.285398e+00,1.877044e-11,5.984953e-10,5.984953e-12
2.288182e+00,1.888879e-11,6.091358e-10,6.091358e-12
2.290965e+00,1.909846e-11,6.223666e-10,6.223666e-12
2.293749e+00,1.939274e-11,6.380956e-10,6.380956e-12
2.296533e+00,1.976842e-11,6.562575e-10,6.562575e-12
2.299316e+00,2.021490e-11,6.768420e-10,6.768420e-12
2.302100e+00,2.072700e-11,6.997807e-10,6.997807e-12
2.304884e+00,2.129342e-11,7.250359e-10,7.250359e-12
2.307667e+00,2.190537e-11,7.524786e-10,7.524786e-12
2.310451e+00,2.254270e-11,7.818669e-10,7.818669e-12
2.313235e+00,2.319942e-11,8.130253e-10,8.130253e-12
2.316018e+00,2.385881e-11,8.457268e-10,8.457268e-12
2.318802e+00,2.451075e-11,8.796271e-10,8.796271e-12
2.321586e+00,2.514262e-11,9.144139e-10,9.144139e-12
2.324370e+00,2.574584e-11,9.498188e-10,9.498188e-12
2.327153e+00,2.631078e-11,9.855973e-10,9.855973e-12
2.329937e+00,2.683104e-11,1.021489e-09,1.021489e-11
2.332721e+00,2.730083e-11,1.057277e-09,1.057277e-11
2.335504e+00,2.772388e-11,1.092895e-09,1.092895e-11
2.338288e+00,2.810115e-11,1.128254e-09,1.128254e-11
2.341072e+00,2.843438e-11,1.163200e-09,1.163200e-11
2.343855e+00,2.872994e-11,1.197632e-09,1.197632e-11
2.346639e+00,2.899836e-11,1.231412e-09,1.231412e-11
2.349423e+00,2.924795e-11,1.264310e-09,1.264310e-11
2.352206e+00,2.948816e-11,1.296030e-09,1.296030e-11
2.354990e+00,2.972915e-11,1.326145e-09,1.326145e-11
2.357774e+00,2.998016e-11,1.354176e-09,1.354176e-11
2.360557e+00,3.024876e-11,1.379645e-09,1.379645e-11
2.363341e+00,3.053830e-11,1.402031e-09,1.402031e-11
2.366125e+00,3.085558e-11,1.420854e-09,1.420854e-11
2.368908e+00,3.119955e-11,1.435755e-09,1.435755e-11
2.371692e+00,3.157166e-11,1.446469e-09,1.446469e-11
2.374476e+00,3.196669e-11,1.452897e-09,1.452897e-11
2.377259e+00,3.238474e-11,1.455126e-09,1.455126e-11
2.380043e+00,3.281558e-11,1.453388e-09,1.453388e-11
2.382827e+00,3.325583e-11,1.448094e-09,1.448094e-11
2.385610e+00,3.369506e-11,1.439802e-09,1.439802e-11
2.388394e+00,3.413119e-11,1.429172e-09,1.429172e-11
2.391178e+00,3.455607e-11,1.416920e-09,1.416920e-11
2.393961e+00,3.496374e-11,1.403778e-09,1.403778e-11
2.396745e+00,3.534957e-11,1.390484e-09,1.390484e-11
2.399529e+00,3.571071e-11,1.377714e-09,1.377714e-11
2.402312e+00,3.604297e-11,1.366069e-09,1.366069e-11
2.405096e+00,3.634618e-11,1.356110e-09,1.356110e-11
2.407880e+00,3.662137e-11,1.348339e-09,1.348339e-11
2.410663e+00,3.687073e-11,1.343166e-09,1.343166e-11
2.413447e+00,3.709375e-11,1.340876e-09,1.340876e-11
2.416231e+00,3.729898e-11,1.341755e-09,1.341755e-11
2.419014e+00,3.748827e-11,1.346067e-09,1.346067e-11
2.421798e+00,3.766740e-11,1.353823e-09,1.353823e-11
2.424582e+00,3.784098e-11,1.364983e-09,1.364983e-11
2.427366e+00,3.801696e-11,1.379418e-09,1.379418e-11
2.430149e+00,3.819236e-11,1.396647e-09,1.396647e-11
2.432933e+00,3.837119e-11,1.416066e-09,1.416066e-11
2.435717e+00,3.855608e-11,1.436952e-09,1.436952e-11
2.438500e+00,3.874137e-11,1.458331e-09,1.458331e-11
2.441284e+00,3.892206e-11,1.479106e-09,1.479106e-11
2.444068e+00,3.908767e-11,1.498116e-09,1.498116e-11
2.446851e+00,3.923203e-11,1.514144e-09,1.514144e-11
2.449635e+00,3.933641e-11,1.525991e-09,1.525991e-11
2.452419e+00,3.939333e-11,1.532512e-09,1.532512e-11
2.455202e+00,3.937698e-11,1.532741e-09,1.532741e-11
2.457986e+00,3.927936e-11,1.525878e-09,1.525878e-11
2.460770e+00,3.907757e-11,1.511245e-09,1.511245e-11
2.463553e+00,3.876533e-11,1.488522e-09,1.488522e-11
2.466337e+00,3.832922e-11,1.457793e-09,1.457793e-11
2.469121e+00,3.776620e-11,1.419304e-09,1.419304e-11
2.471904e+00,3.707015e-11,1.373521e-09,1.373521e-11
2.474688e+00,3.624952e-11,1.321372e-09,1.321372e-11
2.477472e+00,3.531401e-11,1.264166e-09,1.264166e-11
2.480255e+00,3.427828e-11,1.203407e-09,1.203407e-11
2.483039e+00,3.316543e-11,1.140820e-09,1.140820e-11
2.485823e+00,3.199833e-11,1.078285e-09,1.078285e-11
2.488606e+00,3.080746e-11,1.017700e-09,1.017700e-11
2.491390e+00,2.962145e-11,9.608666e-10,9.608666e-12
2.494174e+00,2.847645e-11,9.093522e-10,9.093522e-12
2.496957e+00,2.740194e-11,8.642937e-10,8.642937e-12
2.499741e+00,2.642945e-11,8.262315e-10,8.262315e-12
2.502525e+00,2.558469e-11,7.952010e-10,7.952010e-12
2.505308e+00,2.489650e-11,7.708914e-10,7.708914e-12
2.508092e+00,2.438238e-11,7.527063e-10,7.527063e-12
2.510876e+00,2.406161e-11,7.400922e-10,7.400922e-12
2.513659e+00,2.394521e-11,7.327834e-10,7.327834e-12
2.516443e+00,2.403940e-11,7.307634e-10,7.307634e-12
2.519227e+00,2.433775e-11,7.344499e-10,7.344499e-12
2.522011e+00,2.483834e-11,7.447056e-10,7.447056e-12
2.524794e+00,2.552685e-11,7.624070e-10,7.624070e-12
2.527578e+00,2.638486e-11,7.881395e-10,7.881395e-12
2.530362e+00,2.738373e-11,8.219720e-10,8.219720e-12
2.533145e+00,2.849472e-11,8.633346e-10,8.633346e-12
2.535929e+00,2.968195e-11,9.110336e-10,9.110336e-12
2.538713e+00,3.090947e-11,9.631830e-10,9.631830e-12
2.541496e+00,3.213291e-11,1.017504e-09,1.017504e-11
2.544280e+00,3.331452e-11,1.071679e-09,1.071679e-11
2.547064e+00,3.441420e-11,1.123316e-09,1.123316e-11
2.549847e+00,3.539294e-11,1.170212e-09,1.170212e-11
2.552631e+00,3.622387e-11,1.210640e-09,1.210640e-11
2.555415e+00,3.687975e-11,1.243163e-09,1.243163e-11
2.558198e+00,3.733701e-11,1.266725e-09,1.266725e-11
2.560982e+00,3.758230e-11,1.280906e-09,1.280906e-11
2.563766e+00,3.761392e-11,1.285795e-09,1.285795e-11
2.566549e+00,3.743127e-11,1.281763e-09,1.281763e-11
2.569333e+00,3.704002e-11,1.269491e-09,1.269491e-11
2.572117e+00,3.645639e-11,1.250072e-09,1.250072e-11
2.574900e+00,3.570001e-11,1.224735e-09,1.224735e-11
2.577684e+00,3.479168e-11,1.194500e-09,1.194500e-11
2.580468e+00,3.375833e-11,1.160360e-09,1.160360e-11
2.583251e+00,3.262821e-11,1.123322e-09,1.123322e-11
2.586035e+00,3.143057e-11,1.084083e-09,1.084083e-11
2.588819e+00,3.019162e-11,1.043033e-09,1.043033e-11
2.591602e+00,2.894073e-11,1.000472e-09,1.000472e-11
2.594386e+00,2.770093e-11,9.566233e-10,9.566233e-12
2.597170e+00,2.650256e-11,9.117079e-10,9.117079e-12
2.599953e+00,2.536684e-11,8.660549e-10,8.660549e-12
2.602737e+00,2.431622e-11,8.200868e-10,8.200868e-12
2.605521e+00,2.336707e-11,7.745018e-10,7.745018e-12
2.608304e+00,2.254126e-11,7.304449e-10,7.304449e-12
2.611088e+00,2.185107e-11,6.893539e-10,6.893539e-12
2.613872e+00,2.130741e-11,6.529740e-10,6.529740e-12
2.616655e+00,2.091763e-11,6.233989e-10,6.233989e-12
2.619439e+00,2.068782e-11,6.026562e-10,6.026562e-12
2.622223e+00,2.061590e-11,5.922146e-10,5.922146e-12
2.625007e+00,2.069782e-11,5.927803e-10,5.927803e-12
2.627790e+00,2.092951e-11,6.040652e-10,6.040652e-12
2.630574e+00,2.130135e-11,6.245726e-10,6.245726e-12
2.633358e+00,2.179737e-11,6.520444e-10,6.520444e-12
2.636141e+00,2.240285e-11,6.840570e-10,6.840570e-12
2.638925e+00,2.310241e-11,7.182935e-10,7.182935e-12
2.641709e+00,2.387720e-11,7.528181e-10,7.528181e-12
2.644492e+00,2.471501e-11,7.862443e-10,7.862443e-12
2.647276e+00,2.560243e-11,8.177374e-10,8.177374e-12
2.650060e+00,2.652639e-11,8.469327e-10,8.469327e-12
2.652843e+00,2.747631e-11,8.739152e-10,8.739152e-12
2.655627e+00,2.844409e-11,8.992577e-10,8.992577e-12
2.658411e+00,2.942257e-11,9.238778e-10,9.238778e-12
2.661194e+00,3.040955e-11,9.487931e-10,9.487931e-12
2.663978e+00,3.139762e-11,9.750471e-10,9.750471e-12
2.666762e+00,3.238411e-11,1.003634e-09,1.003634e-11
2.669545e+00,3.336105e-11,1.035309e-09,1.035309e-11
2.672329e+00,3.432697e-11,1.070430e-09,1.070430e-11
2.675113e+00,3.527061e-11,1.109033e-09,1.109033e-11
2.677896e+00,3.618798e-11,1.150859e-09,1.150859e-11
2.680680e+00,3.706690e-11,1.195200e-09,1.195200e-11
2.683464e+00,3.790146e-11,1.241142e-09,1.241142e-11
2.686247e+00,3.868373e-11,1.287773e-09,1.287773e-11
2.689031e+00,3.940435e-11,1.333974e-09,1.333974e-11
2.691815e+00,4.005167e-11,1.378583e-09,1.378583e-11
2.694598e+00,4.061696e-11,1.420636e-09,1.420636e-11
2.697382e+00,4.109417e-11,1.459278e-09,1.459278e-11
2.700166e+00,4.147905e-11,1.493814e-09,1.493814e-11
2.702949e+00,4.176706e-11,1.523680e-09,1.523680e-11
2.705733e+00,4.194908e-11,1.548345e-09,1.548345e-11
2.708517e+00,4.202689e-11,1.567504e-09,1.567504e-11
2.711300e+00,4.199803e-11,1.581094e-09,1.581094e-11
2.714084e+00,4.186348e-11,1.589095e-09,1.589095e-11
2.716868e+00,4.162286e-11,1.591620e-09,1.591620e-11
2.719652e+00,4.128268e-11,1.589050e-09,1.589050e-11
2.722435e+00,4.084744e-11,1.581965e-09,1.581965e-11
2.725219e+00,4.032785e-11,1.571152e-09,1.571152e-11
2.728003e+00,3.973689e-11,1.557600e-09,1.557600e-11
2.730786e+00,3.908744e-11,1.542456e-09,1.542456e-11
2.733570e+00,3.839591e-11,1.527094e-09,1.527094e-11
2.736354e+00,3.768575e-11,1.513041e-09,1.513041e-11
2.739137e+00,3.697681e-11,1.501804e-09,1.501804e-11
2.741921e+00,3.629298e-11,1.494831e-09,1.494831e-11
2.744705e+00,3.565857e-11,1.493411e-09,1.493411e-11
2.747488e+00,3.509844e-11,1.498496e-09,1.498496e-11
2.750272e+00,3.463455e-11,1.510601e-09,1.510601e-11
2.753056e+00,3.428504e-11,1.529778e-09,1.529778e-11
2.755839e+00,3.406947e-11,1.555646e-09,1.555646e-11
2.758623e+00,3.400450e-11,1.587408e-09,1.587408e-11
2.761407e+00,3.409539e-11,1.623916e-09,1.623916e-11
2.764190e+00,3.434698e-11,1.663907e-09,1.663907e-11
2.766974e+00,3.476364e-11,1.706252e-09,1.706252e-11
2.769758e+00,3.534332e-11,1.749951e-09,1.749951e-11
2.772541e+00,3.607550e-11,1.794162e-09,1.794162e-11
2.775325e+00,3.694896e-11,1.838471e-09,1.838471e-11
2.778109e+00,3.795397e-11,1.882953e-09,1.882953e-11
2.780892e+00,3.907640e-11,1.927938e-09,1.927938e-11
2.783676e+00,4.030145e-11,1.973999e-09,1.973999e-11
2.786460e+00,4.161079e-11,2.021935e-09,2.021935e-11
2.789243e+00,4.298719e-11,2.072504e-09,2.072504e-11
2.792027e+00,4.441300e-11,2.126267e-09,2.126267e-11
2.794811e+00,4.586677e-11,2.183524e-09,2.183524e-11
2.797594e+00,4.732928e-11,2.244168e-09,2.244168e-11
2.800378e+00,4.878303e-11,2.307575e-09,2.307575e-11
2.803162e+00,5.020582e-11,2.372591e-09,2.372591e-11
2.805945e+00,5.157440e-11,2.437630e-09,2.437630e-11
2.808729e+00,5.286692e-11,2.500797e-09,2.500797e-11
2.811513e+00,5.406413e-11,2.559941e-09,2.559941e-11
2.814296e+00,5.514066e-11,2.612767e-09,2.612767e-11
2.817080e+00,5.607840e-11,2.657050e-09,2.657050e-11
2.819864e+00,5.686010e-11,2.690765e-09,2.690765e-11
2.822648e+00,5.746460e-11,2.712090e-09,2.712090e-11
2.825431e+00,5.787587e-11,2.719497e-09,2.719497e-11
2.828215e+00,5.808473e-11,2.711944e-09,2.711944e-11
2.830999e+00,5.807879e-11,2.688919e-09,2.688919e-11
2.833782e+00,5.785261e-11,2.650360e-09,2.650360e-11
2.836566e+00,5.740246e-11,2.596600e-09,2.596600e-11
2.839350e+00,5.672991e-11,2.528450e-09,2.528450e-11
2.842133e+00,5.583955e-11,2.447237e-09,2.447237e-11
2.844917e+00,5.473806e-11,2.354670e-09,2.354670e-11
2.847701e+00,5.343622e-11,2.252653e-09,2.252653e-11
2.850484e+00,5.194887e-11,2.143298e-09,2.143298e-11
2.853268e+00,5.029654e-11,2.028973e-09,2.028973e-11
2.856052e+00,4.850152e-11,1.912050e-09,1.912050e-11
2.858835e+00,4.658963e-11,1.794732e-09,1.794732e-11
2.861619e+00,4.458801e-11,1.679134e-09,1.679134e-11
2.864403e+00,4.252552e-11,1.567154e-09,1.567154e-11
2.867186e+00,4.043271e-11,1.460314e-09,1.460314e-11
2.869970e+00,3.834018e-11,1.359805e-09,1.359805e-11
2.872754e+00,3.627842e-11,1.266466e-09,1.266466e-11
2.875537e+00,3.427776e-11,1.180745e-09,1.180745e-11
2.878321e+00,3.236399e-11,1.102766e-09,1.102766e-11
2.881105e+00,3.056256e-11,1.032392e-09,1.032392e-11
2.883888e+00,2.889263e-11,9.693210e-10,9.693210e-12
2.886672e+00,2.737386e-11,9.131440e-10,9.131440e-12
2.889456e+00,2.601923e-11,8.633859e-10,8.633859e-12
2.892239e+00,2.483616e-11,8.196829e-10,8.196829e-12
2.895023e+00,2.382889e-11,7.817756e-10,7.817756e-12
2.897807e+00,2.299911e-11,7.494937e-10,7.494937e-12
2.900590e+00,2.234313e-11,7.228478e-10,7.228478e-12
2.903374e+00,2.185702e-11,7.019255e-10,7.019255e-12
2.906158e+00,2.152842e-11,6.867305e-10,6.867305e-12
2.908941e+00,2.134602e-11,6.772311e-10,6.772311e-12
2.911725e+00,2.130069e-11,6.734178e-10,6.734178e-12
2.914509e+00,2.138075e-11,6.751688e-10,6.751688e-12
2.917293e+00,2.157269e-11,6.821831e-10,6.821831e-12
2.920076e+00,2.186283e-11,6.940762e-10,6.940762e-12
2.922860e+00,2.223941e-11,7.104170e-10,7.104170e-12
2.925644e+00,2.269088e-11,7.306933e-10,7.306933e-12
2.928427e+00,2.320711e-11,7.543428e-10,7.543428e-12
2.931211e+00,2.377741e-11,7.808306e-10,7.808306e-12
2.933995e+00,2.439172e-11,8.096150e-10,8.096150e-12
2.936778e+00,2.503934e-11,8.401271e-10,8.401271e-12
2.939562e+00,2.571201e-11,8.718315e-10,8.718315e-12
2.942346e+00,2.639811e-11,9.042222e-10,9.042222e-12
2.945129e+00,2.708811e-11,9.368149e-10,9.368149e-12
2.947913e+00,2.777102e-11,9.691562e-10,9.691562e-12
2.950697e+00,2.843739e-11,1.000836e-09,1.000836e-11
2.953480e+00,2.907645e-11,1.031466e-09,1.031466e-11
2.956264e+00,2.967829e-11,1.060676e-09,1.060676e-11
2.959048e+00,3.023594e-11,1.088191e-09,1.088191e-11
2.961831e+00,3.074228e-11,1.113814e-09,1.113814e-11
2.964615e+00,3.119078e-11,1.137313e-09,1.137313e-11
2.967399e+00,3.157758e-11,1.158452e-09,1.158452e-11
2.970182e+00,3.190036e-11,1.177099e-09,1.177099e-11
2.972966e+00,3.215797e-11,1.193170e-09,1.193170e-11
2.975750e+00,3.235099e-11,1.206574e-09,1.206574e-11
2.978533e+00,3.248542e-11,1.217285e-09,1.217285e-11
2.981317e+00,3.256642e-11,1.225275e-09,1.225275e-11
2.984101e+00,3.260009e-11,1.230520e-09,1.230520e-11
2.986884e+00,3.259669e-11,1.233055e-09,1.233055e-11
2.989668e+00,3.256422e-11,1.232913e-09,1.232913e-11
2.992452e+00,3.251526e-11,1.230215e-09,1.230215e-11
2.995235e+00,3.246605e-11,1.225246e-09,1.225246e-11
2.998019e+00,3.242703e-11,1.218361e-09,1.218361e-11
3.000803e+00,3.240951e-11,1.210102e-09,1.210102e-11
3.003586e+00,3.242585e-11,1.201327e-09,1.201327e-11
3.006370e+00,3.248698e-11,1.193224e-09,1.193224e-11
3.009154e+00,3.260123e-11,1.187303e-09,1.187303e-11
3.011937e+00,3.277326e-11,1.185347e-09,1.185347e-11
3.014721e+00,3.300899e-11,1.189355e-09,1.189355e-11
3.017505e+00,3.330953e-11,1.201347e-09,1.201347e-11
3.020289e+00,3.367081e-11,1.222979e-09,1.222979e-11
3.023072e+00,3.408738e-11,1.255287e-09,1.255287e-11
3.025856e+00,3.455216e-11,1.298502e-09,1.298502e-11
3.028640e+00,3.505379e-11,1.351925e-09,1.351925e-11
3.031423e+00,3.557938e-11,1.413913e-09,1.413913e-11
3.034207e+00,3.610970e-11,1.482051e-09,1.482051e-11
3.036991e+00,3.662690e-11,1.553492e-09,1.553492e-11
3.039774e+00,3.711721e-11,1.625177e-09,1.625177e-11
3.042558e+00,3.756187e-11,1.693965e-09,1.693965e-11
3.045342e+00,3.794216e-11,1.756869e-09,1.756869e-11
3.048125e+00,3.824846e-11,1.811188e-09,1.811188e-11
3.050909e+00,3.846974e-11,1.854564e-09,1.854564e-11
3.053693e+00,3.859684e-11,1.885129e-09,1.885129e-11
3.056476e+00,3.862829e-11,1.901580e-09,1.901580e-11
3.059260e+00,3.856676e-11,1.903132e-09,1.903132e-11
3.062044e+00,3.841588e-11,1.889522e-09,1.889522e-11
3.064827e+00,3.818464e-11,1.861099e-09,1.861099e-11
3.067611e+00,3.788550e-11,1.818871e-09,1.818871e-11
3.070395e+00,3.753152e-11,1.764372e-09,1.764372e-11
3.073178e+00,3.713686e-11,1.699565e-09,1.699565e-11
3.075962e+00,3.671550e-11,1.626862e-09,1.626862e-11
3.078746e+00,3.628482e-11,1.549078e-09,1.549078e-11
3.081529e+00,3.585816e-11,1.469258e-09,1.469258e-11
3.084313e+00,3.544628e-11,1.390483e-09,1.390483e-11
3.087097e+00,3.506024e-11,1.315750e-09,1.315750e-11
3.089880e+00,3.471000e-11,1.247848e-09,1.247848e-11
3.092664e+00,3.440097e-11,1.189009e-09,1.189009e-11
3.095448e+00,3.413719e-11,1.140618e-09,1.140618e-11
3.098231e+00,3.392261e-11,1.103333e-09,1.103333e-11
3.101015e+00,3.376074e-11,1.077086e-09,1.077086e-11
3.103799e+00,3.364931e-11,1.060877e-09,1.060877e-11
3.106582e+00,3.358436e-11,1.053141e-09,1.053141e-11
3.109366e+00,3.356458e-11,1.052304e-09,1.052304e-11
3.112150e+00,3.358554e-11,1.056833e-09,1.056833e-11
3.114934e+00,3.364218e-11,1.065363e-09,1.065363e-11
3.117717e+00,3.372965e-11,1.076903e-09,1.076903e-11
3.120501e+00,3.383989e-11,1.090762e-09,1.090762e-11
3.123285e+00,3.396761e-11,1.106539e-09,1.106539e-11
3.126068e+00,3.410848e-11,1.124122e-09,1.124122e-11
3.128852e+00,3.425723e-11,1.143507e-09,1.143507e-11
3.131636e+00,3.440857e-11,1.164670e-09,1.164670e-11
3.134419e+00,3.455911e-11,1.187673e-09,1.187673e-11
3.137203e+00,3.471071e-11,1.212657e-09,1.212657e-11
3.139987e+00,3.486390e-11,1.239586e-09,1.239586e-11
3.142770e+00,3.501811e-11,1.268281e-09,1.268281e-11
3.145554e+00,3.517877e-11,1.298589e-09,1.298589e-11
3.148338e+00,3.535133e-11,1.330302e-09,1.330302e-11
3.151121e+00,3.553978e-11,1.363116e-09,1.363116e-11
3.153905e+00,3.575258e-11,1.396674e-09,1.396674e-11
3.156689e+00,3.599275e-11,1.430547e-09,1.430547e-11
3.159472e+00,3.626170e-11,1.464277e-09,1.464277e-11
3.162256e+00,3.656453e-11,1.497420e-09,1.497420e-11
3.165040e+00,3.689939e-11,1.529444e-09,1.529444e-11
3.167823e+00,3.726052e-11,1.559715e-09,1.559715e-11
3.170607e+00,3.764316e-11,1.587629e-09,1.587629e-11
3.173391e+00,3.803986e-11,1.612688e-09,1.612688e-11
3.176174e+00,3.844087e-11,1.634418e-09,1.634418e-11
3.178958e+00,3.883319e-11,1.652302e-09,1.652302e-11
3.181742e+00,3.920457e-11,1.665914e-09,1.665914e-11
3.184525e+00,3.954418e-11,1.675001e-09,1.675001e-11
3.187309e+00,3.984068e-11,1.679438e-09,1.679438e-11
3.190093e+00,4.008629e-11,1.679298e-09,1.679298e-11
3.192876e+00,4.027391e-11,1.674906e-09,1.674906e-11
3.195660e+00,4.039768e-11,1.666760e-09,1.666760e-11
3.198444e+00,4.045497e-11,1.655576e-09,1.655576e-11
3.201227e+00,4.044578e-11,1.642303e-09,1.642303e-11
3.204011e+00,4.037013e-11,1.627945e-09,1.627945e-11
3.206795e+00,4.022698e-11,1.613485e-09,1.613485e-11
3.209578e+00,4.001945e-11,1.599873e-09,1.599873e-11
3.212362e+00,3.975044e-11,1.587833e-09,1.587833e-11
3.215146e+00,3.942046e-11,1.577692e-09,1.577692e-11
3.217930e+00,3.903161e-11,1.569404e-09,1.569404e-11
3.220713e+00,3.858857e-11,1.562606e-09,1.562606e-11
3.223497e+00,3.809333e-11,1.556591e-09,1.556591e-11
3.226281e+00,3.754858e-11,1.550404e-09,1.550404e-11
3.229064e+00,3.696111e-11,1.543102e-09,1.543102e-11
3.231848e+00,3.633734e-11,1.533775e-09,1.533775e-11
3.234632e+00,3.568358e-11,1.521659e-09,1.521659e-11
3.237415e+00,3.500706e-11,1.506390e-09,1.506390e-11
3.240199e+00,3.431961e-11,1.487929e-09,1.487929e-11
3.242983e+00,3.363222e-11,1.466495e-09,1.466495e-11
3.245766e+00,3.295326e-11,1.442636e-09,1.442636e-11
3.248550e+00,3.229624e-11,1.417094e-09,1.417094e-11
3.251334e+00,3.167057e-11,1.390666e-09,1.390666e-11
3.254117e+00,3.108397e-11,1.364168e-09,1.364168e-11
3.256901e+00,3.054848e-11,1.338316e-09,1.338316e-11
3.259685e+00,3.006954e-11,1.313681e-09,1.313681e-11
3.262468e+00,2.965505e-11,1.290765e-09,1.290765e-11
3.265252e+00,2.931422e-11,1.269875e-09,1.269875e-11
3.268036e+00,2.904933e-11,1.250998e-09,1.250998e-11
3.270819e+00,2.886347e-11,1.234062e-09,1.234062e-11
3.273603e+00,2.876184e-11,1.219057e-09,1.219057e-11
3.276387e+00,2.874803e-11,1.205925e-09,1.205925e-11
3.279170e+00,2.882285e-11,1.194645e-09,1.194645e-11
3.281954e+00,2.898628e-11,1.185348e-09,1.185348e-11
3.284738e+00,2.923775e-11,1.178303e-09,1.178303e-11
3.287521e+00,2.957198e-11,1.173875e-09,1.173875e-11
3.290305e+00,2.998494e-11,1.172446e-09,1.172446e-11
3.293089e+00,3.046770e-11,1.174353e-09,1.174353e-11
3.295872e+00,3.100530e-11,1.179860e-09,1.179860e-11
3.298656e+00,3.158460e-11,1.189067e-09,1.189067e-11
3.301440e+00,3.218790e-11,1.201756e-09,1.201756e-11
3.304223e+00,3.279344e-11,1.217354e-09,1.217354e-11
3.307007e+00,3.337859e-11,1.235056e-09,1.235056e-11
3.309791e+00,3.392151e-11,1.253910e-09,1.253910e-11
3.312575e+00,3.439998e-11,1.272804e-09,1.272804e-11
3.315358e+00,3.479089e-11,1.290545e-09,1.290545e-11
3.318142e+00,3.507544e-11,1.306035e-09,1.306035e-11
3.320926e+00,3.523966e-11,1.318334e-09,1.318334e-11
3.323709e+00,3.527011e-11,1.326643e-09,1.326643e-11
3.326493e+00,3.515983e-11,1.330381e-09,1.330381e-11
3.329277e+00,3.490685e-11,1.329191e-09,1.329191e-11
3.332060e+00,3.451220e-11,1.322920e-09,1.322920e-11
3.334844e+00,3.398499e-11,1.311629e-09,1.311629e-11
3.337628e+00,3.333552e-11,1.295499e-09,1.295499e-11
3.340411e+00,3.257801e-11,1.274828e-09,1.274828e-11
3.343195e+00,3.173034e-11,1.250102e-09,1.250102e-11
3.345979e+00,3.081223e-11,1.221909e-09,1.221909e-11
3.348762e+00,2.984701e-11,1.190797e-09,1.190797e-11
3.351546e+00,2.885692e-11,1.157311e-09,1.157311e-11
3.354330e+00,2.786711e-11,1.122049e-09,1.122049e-11
3.357113e+00,2.690308e-11,1.085554e-09,1.085554e-11
3.359897e+00,2.598856e-11,1.048219e-09,1.048219e-11
3.362681e+00,2.514696e-11,1.010343e-09,1.010343e-11
3.365464e+00,2.440116e-11,9.723023e-10,9.723023e-12
3.368248e+00,2.377291e-11,9.346005e-10,9.346005e-12
3.371032e+00,2.327861e-11,8.978143e-10,8.978143e-12
3.373815e+00,2.293081e-11,8.628595e-10,8.628595e-12
3.376599e+00,2.274179e-11,8.312393e-10,8.312393e-12
3.379383e+00,2.271794e-11,8.049542e-10,8.049542e-12
3.382166e+00,2.285713e-11,7.864113e-10,7.864113e-12
3.384950e+00,2.315418e-11,7.782965e-10,7.782965e-12
3.387734e+00,2.360001e-11,7.831189e-10,7.831189e-12
3.390517e+00,2.417953e-11,8.025433e-10,8.025433e-12
3.393301e+00,2.487673e-11,8.369046e-10,8.369046e-12
3.396085e+00,2.567064e-11,8.850513e-10,8.850513e-12
3.398868e+00,2.653538e-11,9.445850e-10,9.445850e-12
3.401652e+00,2.744849e-11,1.012426e-09,1.012426e-11
3.404436e+00,2.838440e-11,1.085226e-09,1.085226e-11
3.407219e+00,2.931746e-11,1.159638e-09,1.159638e-11
3.410003e+00,3.022675e-11,1.232628e-09,1.232628e-11
3.412787e+00,3.109012e-11,1.301552e-09,1.301552e-11
3.415571e+00,3.188802e-11,1.364135e-09,1.364135e-11
3.418354e+00,3.260456e-11,1.418573e-09,1.418573e-11
3.421138e+00,3.322429e-11,1.463568e-09,1.463568e-11
3.423922e+00,3.373567e-11,1.498265e-09,1.498265e-11
3.426705e+00,3.413040e-11,1.522191e-09,1.522191e-11
3.429489e+00,3.440174e-11,1.535251e-09,1.535251e-11
3.432273e+00,3.454588e-11,1.537768e-09,1.537768e-11
3.435056e+00,3.456179e-11,1.530355e-09,1.530355e-11
3.437840e+00,3.444974e-11,1.513738e-09,1.513738e-11
3.440624e+00,3.421306e-11,1.488828e-09,1.488828e-11
3.443407e+00,3.385828e-11,1.456757e-09,1.456757e-11
3.446191e+00,3.339280e-11,1.418678e-09,1.418678e-11
3.448975e+00,3.282567e-11,1.375674e-09,1.375674e-11
3.451758e+00,3.216916e-11,1.328827e-09,1.328827e-11
3.454542e+00,3.143648e-11,1.279217e-09,1.279217e-11
3.457326e+00,3.064357e-11,1.227898e-09,1.227898e-11
3.460109e+00,2.980850e-11,1.175853e-09,1.175853e-11
3.462893e+00,2.894757e-11,1.123930e-09,1.123930e-11
3.465677e+00,2.807735e-11,1.072872e-09,1.072872e-11
3.468460e+00,2.721710e-11,1.023344e-09,1.023344e-11
3.471244e+00,2.638463e-11,9.758747e-10,9.758747e-12
3.474028e+00,2.559301e-11,9.308079e-10,9.308079e-12
3.476811e+00,2.485627e-11,8.884616e-10,8.884616e-12
3.479595e+00,2.418797e-11,8.492009e-10,8.492009e-12
3.482379e+00,2.359826e-11,8.133558e-10,8.133558e-12
3.485162e+00,2.309797e-11,7.813697e-10,7.813697e-12
3.487946e+00,2.269560e-11,7.538817e-10,7.538817e-12
3.490730e+00,2.239616e-11,7.317068e-10,7.317068e-12
3.493513e+00,2.220686e-11,7.159600e-10,7.159600e-12
3.496297e+00,2.213270e-11,7.079653e-10,7.079653e-12
3.499081e+00,2.217740e-11,7.090788e-10,7.090788e-12
3.501864e+00,2.234287e-11,7.205564e-10,7.205564e-12
3.504648e+00,2.262988e-11,7.433115e-10,7.433115e-12
3.507432e+00,2.304108e-11,7.777563e-10,7.777563e-12
3.510216e+00,2.357307e-11,8.237054e-10,8.237054e-12
3.512999e+00,2.422151e-11,8.804602e-10,8.804602e-12
3.515783e+00,2.498330e-11,9.470035e-10,9.470035e-12
3.518567e+00,2.584808e-11,1.022029e-09,1.022029e-11
3.521350e+00,2.680516e-11,1.104132e-09,1.104132e-11
3.524134e+00,2.784608e-11,1.191988e-09,1.191988e-11
3.526918e+00,2.895865e-11,1.284269e-09,1.284269e-11
3.529701e+00,3.012760e-11,1.379668e-09,1.379668e-11
3.532485e+00,3.133746e-11,1.476985e-09,1.476985e-11
3.535269e+00,3.257420e-11,1.575110e-09,1.575110e-11
3.538052e+00,3.382429e-11,1.672990e-09,1.672990e-11
3.540836e+00,3.507203e-11,1.769598e-09,1.769598e-11
3.543620e+00,3.630253e-11,1.863930e-09,1.863930e-11
3.546403e+00,3.750123e-11,1.954989e-09,1.954989e-11
3.549187e+00,3.865303e-11,2.041782e-09,2.041782e-11
3.551971e+00,3.974623e-11,2.123325e-09,2.123325e-11
3.554754e+00,4.076728e-11,2.198605e-09,2.198605e-11
3.557538e+00,4.170132e-11,2.266589e-09,2.266589e-11
3.560322e+00,4.253447e-11,2.326282e-09,2.326282e-11
3.563105e+00,4.325537e-11,2.376756e-09,2.376756e-11
3.565889e+00,4.385459e-11,2.417168e-09,2.417168e-11
3.568673e+00,4.432070e-11,2.446778e-09,2.446778e-11
3.571456e+00,4.464420e-11,2.464966e-09,2.464966e-11
3.574240e+00,4.481681e-11,2.471289e-09,2.471289e-11
3.577024e+00,4.483292e-11,2.465510e-09,2.465510e-11
3.579807e+00,4.469071e-11,2.447599e-09,2.447599e-11
3.582591e+00,4.438900e-11,2.417725e-09,2.417725e-11
3.585375e+00,4.393174e-11,2.376286e-09,2.376286e-11
3.588158e+00,4.332661e-11,2.323886e-09,2.323886e-11
3.590942e+00,4.258157e-11,2.261296e-09,2.261296e-11
3.593726e+00,4.170994e-11,2.189478e-09,2.189478e-11
3.596509e+00,4.073083e-11,2.109573e-09,2.109573e-11
3.599293e+00,3.966506e-11,2.022823e-09,2.022823e-11
3.602077e+00,3.853431e-11,1.930555e-09,1.930555e-11
3.604860e+00,3.736310e-11,1.834193e-09,1.834193e-11
3.607644e+00,3.617911e-11,1.735224e-09,1.735224e-11
3.610428e+00,3.500931e-11,1.635162e-09,1.635162e-11
3.613212e+00,3.388016e-11,1.535570e-09,1.535570e-11
3.615995e+00,3.281699e-11,1.438051e-09,1.438051e-11
3.618779e+00,3.184430e-11,1.344247e-09,1.344247e-11
3.621563e+00,3.098530e-11,1.255863e-09,1.255863e-11
3.624346e+00,3.025952e-11,1.174664e-09,1.174664e-11
3.627130e+00,2.968379e-11,1.102459e-09,1.102459e-11
3.629914e+00,2.927176e-11,1.041048e-09,1.041048e-11
3.632697e+00,2.903229e-11,9.921101e-10,9.921101e-12
3.635481e+00,2.897038e-11,9.570454e-10,9.570454e-12
3.638265e+00,2.908864e-11,9.367361e-10,9.367361e-12
3.641048e+00,2.938260e-11,9.313105e-10,9.313105e-12
3.643832e+00,2.984278e-11,9.400578e-10,9.400578e-12
3.646616e+00,3.045745e-11,9.615286e-10,9.615286e-12
3.649399e+00,3.120862e-11,9.937087e-10,9.937087e-12
3.652183e+00,3.207331e-11,1.034225e-09,1.034225e-11
3.654967e+00,3.302606e-11,1.080582e-09,1.080582e-11
3.657750e+00,3.403724e-11,1.130306e-09,1.130306e-11
3.660534e+00,3.507351e-11,1.181024e-09,1.181024e-11
3.663318e+00,3.610127e-11,1.230544e-09,1.230544e-11
3.666101e+00,3.708633e-11,1.276855e-09,1.276855e-11
3.668885e+00,3.799643e-11,1.318133e-09,1.318133e-11
3.671669e+00,3.880128e-11,1.352733e-09,1.352733e-11
3.674452e+00,3.947166e-11,1.379243e-09,1.379243e-11
3.677236e+00,3.998404e-11,1.396568e-09,1.396568e-11
3.680020e+00,4.032218e-11,1.403934e-09,1.403934e-11
3.682803e+00,4.047516e-11,1.400905e-09,1.400905e-11
3.685587e+00,4.043643e-11,1.387435e-09,1.387435e-11
3.688371e+00,4.020867e-11,1.363944e-09,1.363944e-11
3.691154e+00,3.980332e-11,1.331362e-09,1.331362e-11
3.693938e+00,3.923591e-11,1.291061e-09,1.291061e-11
3.696722e+00,3.852842e-11,1.244913e-09,1.244913e-11
3.699505e+00,3.771106e-11,1.195273e-09,1.195273e-11
3.702289e+00,3.681604e-11,1.144723e-09,1.144723e-11
3.705073e+00,3.587632e-11,1.096038e-09,1.096038e-11
3.707857e+00,3.493016e-11,1.052085e-09,1.052085e-11
3.710640e+00,3.401622e-11,1.015340e-09,1.015340e-11
3.713424e+00,3.317046e-11,9.876118e-10,9.876118e-12
3.716208e+00,3.242697e-11,9.697710e-10,9.697710e-12
3.718991e+00,3.181611e-11,9.614639e-10,9.614639e-12
3.721775e+00,3.136500e-11,9.614270e-10,9.614270e-12
3.724559e+00,3.109600e-11,9.678027e-10,9.678027e-12
3.727342e+00,3.102266e-11,9.783982e-10,9.783982e-12
3.730126e+00,3.115481e-11,9.913180e-10,9.913180e-12
3.732910e+00,3.149630e-11,1.005203e-09,1.005203e-11
3.735693e+00,3.203891e-11,1.019257e-09,1.019257e-11
3.738477e+00,3.277085e-11,1.033550e-09,1.033550e-11
3.741261e+00,3.367515e-11,1.048913e-09,1.048913e-11
3.744044e+00,3.472432e-11,1.066565e-09,1.066565e-11
3.746828e+00,3.588540e-11,1.087913e-09,1.087913e-11
3.749612e+00,3.712114e-11,1.114197e-09,1.114197e-11
3.752395e+00,3.839007e-11,1.146172e-09,1.146172e-11
3.755179e+00,3.965011e-11,1.183905e-09,1.183905e-11
3.757963e+00,4.085699e-11,1.226589e-09,1.226589e-11
3.760746e+00,4.196748e-11,1.272637e-09,1.272637e-11
3.763530e+00,4.294274e-11,1.319915e-09,1.319915e-11
3.766314e+00,4.374766e-11,1.365958e-09,1.365958e-11
3.769097e+00,4.435293e-11,1.408227e-09,1.408227e-11
3.771881e+00,4.473659e-11,1.444349e-09,1.444349e-11
3.774665e+00,4.488497e-11,1.472259e-09,1.472259e-11
3.777448e+00,4.479158e-11,1.490373e-09,1.490373e-11
3.780232e+00,4.445989e-11,1.497657e-09,1.497657e-11
3.783016e+00,4.389934e-11,1.493541e-09,1.493541e-11
3.785799e+00,4.312246e-11,1.477893e-09,1.477893e-11
3.788583e+00,4.215105e-11,1.451150e-09,1.451150e-11
3.791367e+00,4.101354e-11,1.414263e-09,1.414263e-11
3.794150e+00,3.973731e-11,1.368455e-09,1.368455e-11
3.796934e+00,3.835027e-11,1.315155e-09,1.315155e-11
3.799718e+00,3.688329e-11,1.256042e-09,1.256042e-11
3.802501e+00,3.536564e-11,1.192930e-09,1.192930e-11
3.805285e+00,3.382471e-11,1.127626e-09,1.127626e-11
3.808069e+00,3.228671e-11,1.061896e-09,1.061896e-11
3.810853e+00,3.077547e-11,9.973791e-10,9.973791e-12
3.813636e+00,2.931123e-11,9.354670e-10,9.354670e-12
3.816420e+00,2.791047e-11,8.773091e-10,8.773091e-12
3.819204e+00,2.658884e-11,8.237883e-10,8.237883e-12
3.821987e+00,2.535908e-11,7.754321e-10,7.754321e-12
3.824771e+00,2.422894e-11,7.324172e-10,7.324172e-12
3.827555e+00,2.320420e-11,6.946353e-10,6.946353e-12
3.830338e+00,2.228932e-11,6.617950e-10,6.617950e-12
3.833122e+00,2.148666e-11,6.334658e-10,6.334658e-12
3.835906e+00,2.079459e-11,6.090421e-10,6.090421e-12
3.838689e+00,2.020851e-11,5.879494e-10,5.879494e-12
3.841473e+00,1.972546e-11,5.697823e-10,5.697823e-12
3.844257e+00,1.933886e-11,5.541268e-10,5.541268e-12
3.847040e+00,1.903913e-11,5.406585e-10,5.406585e-12
3.849824e+00,1.882164e-11,5.293115e-10,5.293115e-12
3.852608e+00,1.868001e-11,5.200495e-10,5.200495e-12
3.855391e+00,1.860363e-11,5.127933e-10,5.127933e-12
3.858175e+00,1.858569e-11,5.076225e-10,5.076225e-12
3.860959e+00,1.862152e-11,5.046778e-10,5.046778e-12
3.863742e+00,1.870335e-11,5.040091e-10,5.040091e-12
3.866526e+00,1.882657e-11,5.057468e-10,5.057468e-12
3.869310e+00,1.898760e-11,5.100962e-10,5.100962e-12
3.872093e+00,1.917971e-11,5.171646e-10,5.171646e-12
3.874877e+00,1.939786e-11,5.270169e-10,5.270169e-12
3.877661e+00,1.963591e-11,5.396286e-10,5.396286e-12
3.880444e+00,1.988760e-11,5.547852e-10,5.547852e-12
3.883228e+00,2.014462e-11,5.721025e-10,5.721025e-12
3.886012e+00,2.039812e-11,5.909531e-10,5.909531e-12
3.888795e+00,2.063983e-11,6.104636e-10,6.104636e-12
3.891579e+00,2.085874e-11,6.296213e-10,6.296213e-12
3.894363e+00,2.104726e-11,6.473518e-10,6.473518e-12
3.897146e+00,2.119839e-11,6.625921e-10,6.625921e-12
3.899930e+00,2.130517e-11,6.744068e-10,6.744068e-12
3.902714e+00,2.136615e-11,6.821520e-10,6.821520e-12
3.905498e+00,2.138259e-11,6.855023e-10,6.855023e-12
3.908281e+00,2.135612e-11,6.843971e-10,6.843971e-12
3.911065e+00,2.129098e-11,6.791480e-10,6.791480e-12
3.913849e+00,2.119521e-11,6.705133e-10,6.705133e-12
3.916632e+00,2.107976e-11,6.595667e-10,6.595667e-12
3.919416e+00,2.095584e-11,6.475517e-10,6.475517e-12
3.922200e+00,2.083364e-11,6.358016e-10,6.358016e-12
3.924983e+00,2.072414e-11,6.256348e-10,6.256348e-12
3.927767e+00,2.063675e-11,6.181732e-10,6.181732e-12
3.930551e+00,2.058047e-11,6.142046e-10,6.142046e-12
3.933334e+00,2.056337e-11,6.141275e-10,6.141275e-12
3.936118e+00,2.059019e-11,6.178742e-10,6.178742e-12
3.938902e+00,2.066462e-11,6.249279e-10,6.249279e-12
3.941685e+00,2.078846e-11,6.345067e-10,6.345067e-12
3.944469e+00,2.096400e-11,6.457236e-10,6.457236e-12
3.947253e+00,2.119130e-11,6.576713e-10,6.576713e-12
3.950036e+00,2.146759e-11,6.695745e-10,6.695745e-12
3.952820e+00,2.179180e-11,6.809220e-10,6.809220e-12
3.955604e+00,2.216168e-11,6.914952e-10,6.914952e-12
3.958387e+00,2.257432e-11,7.014205e-10,7.014205e-12
3.961171e+00,2.302547e-11,7.111985e-10,7.111985e-12
3.963955e+00,2.351165e-11,7.216445e-10,7.216445e-12
3.966738e+00,2.402819e-11,7.337508e-10,7.337508e-12
3.969522e+00,2.456902e-11,7.485661e-10,7.485661e-12
3.972306e+00,2.513211e-11,7.670795e-10,7.670795e-12
3.975089e+00,2.571193e-11,7.899640e-10,7.899640e-12
3.977873e+00,2.630165e-11,8.174543e-10,8.174543e-12
3.980657e+00,2.689931e-11,8.494314e-10,8.494314e-12
3.983440e+00,2.750203e-11,8.854182e-10,8.854182e-12
3.986224e+00,2.810727e-11,9.246551e-10,9.246551e-12
3.989008e+00,2.871509e-11,9.663019e-10,9.663019e-12
3.991791e+00,2.932510e-11,1.009508e-09,1.009508e-11
3.994575e+00,2.993831e-11,1.053501e-09,1.053501e-11
3.997359e+00,3.055801e-11,1.097706e-09,1.097706e-11
4.000142e+00,3.118667e-11,1.141687e-09,1.141687e-11
4.002926e+00,3.182545e-11,1.185085e-09,1.185085e-11
4.005710e+00,3.247617e-11,1.227639e-09,1.227639e-11
4.008494e+00,3.313970e-11,1.269132e-09,1.269132e-11
4.011277e+00,3.381370e-11,1.309308e-09,1.309308e-11
4.014061e+00,3.449388e-11,1.347863e-09,1.347863e-11
4.016845e+00,3.517345e-11,1.384454e-09,1.384454e-11
4.019628e+00,3.584509e-11,1.418693e-09,1.418693e-11
4.022412e+00,3.649945e-11,1.450118e-09,1.450118e-11
4.025196e+00,3.712420e-11,1.478230e-09,1.478230e-11
4.027979e+00,3.770759e-11,1.502536e-09,1.502536e-11
4.030763e+00,3.823731e-11,1.522545e-09,1.522545e-11
4.033547e+00,3.870095e-11,1.537798e-09,1.537798e-11
4.036330e+00,3.908844e-11,1.547934e-09,1.547934e-11
4.039114e+00,3.939210e-11,1.552703e-09,1.552703e-11
4.041898e+00,3.960335e-11,1.551948e-09,1.551948e-11
4.044681e+00,3.971695e-11,1.545641e-09,1.545641e-11
4.047465e+00,3.973118e-11,1.533946e-09,1.533946e-11
4.050249e+00,3.964360e-11,1.517179e-09,1.517179e-11
4.053032e+00,3.945461e-11,1.495762e-09,1.495762e-11
4.055816e+00,3.916615e-11,1.470290e-09,1.470290e-11
4.058600e+00,3.878369e-11,1.441503e-09,1.441503e-11
4.061383e+00,3.831134e-11,1.410137e-09,1.410137e-11
4.064167e+00,3.775272e-11,1.376923e-09,1.376923e-11
4.066951e+00,3.711878e-11,1.342667e-09,1.342667e-11
4.069734e+00,3.642116e-11,1.308151e-09,1.308151e-11
4.072518e+00,3.567043e-11,1.273969e-09,1.273969e-11
4.075302e+00,3.487928e-11,1.240542e-09,1.240542e-11
4.078085e+00,3.406401e-11,1.208232e-09,1.208232e-11
4.080869e+00,3.324191e-11,1.177274e-09,1.177274e-11
4.083653e+00,3.242937e-11,1.147683e-09,1.147683e-11
4.086436e+00,3.164265e-11,1.119340e-09,1.119340e-11
4.089220e+00,3.089818e-11,1.092128e-09,1.092128e-11
4.092004e+00,3.021392e-11,1.065989e-09,1.065989e-11
4.094787e+00,2.960364e-11,1.040816e-09,1.040816e-11
4.097571e+00,2.907700e-11,1.016448e-09,1.016448e-11
4.100355e+00,2.864161e-11,9.928516e-10,9.928516e-12
4.103139e+00,2.830175e-11,9.701186e-10,9.701186e-12
4.105922e+00,2.806054e-11,9.483686e-10,9.483686e-12
4.108706e+00,2.791629e-11,9.278054e-10,9.278054e-12
4.111490e+00,2.786322e-11,9.087170e-10,9.087170e-12
4.114273e+00,2.789362e-11,8.913968e-10,8.913968e-12
4.117057e+00,2.799823e-11,8.762108e-10,8.762108e-12
4.119841e+00,2.816777e-11,8.636203e-10,8.636203e-12
4.122624e+00,2.839114e-11,8.540922e-10,8.540922e-12
4.125408e+00,2.865748e-11,8.481229e-10,8.481229e-12
4.128192e+00,2.895631e-11,8.462188e-10,8.462188e-12
4.130975e+00,2.927932e-11,8.488155e-10,8.488155e-12
4.133759e+00,2.962060e-11,8.562431e-10,8.562431e-12
4.136543e+00,2.997385e-11,8.686173e-10,8.686173e-12
4.139326e+00,3.033478e-11,8.858092e-10,8.858092e-12
4.142110e+00,3.070238e-11,9.075199e-10,9.075199e-12
4.144894e+00,3.107765e-11,9.332529e-10,9.332529e-12
4.147677e+00,3.146232e-11,9.623444e-10,9.623444e-12
4.150461e+00,3.186024e-11,9.940601e-10,9.940601e-12
4.153245e+00,3.227459e-11,1.027597e-09,1.027597e-11
4.156028e+00,3.270911e-11,1.062181e-09,1.062181e-11
4.158812e+00,3.317032e-11,1.097178e-09,1.097178e-11
4.161596e+00,3.366297e-11,1.131979e-09,1.131979e-11
4.164379e+00,3.418940e-11,1.166007e-09,1.166007e-11
4.167163e+00,3.475306e-11,1.198828e-09,1.198828e-11
4.169947e+00,3.535729e-11,1.230078e-09,1.230078e-11
4.172730e+00,3.599964e-11,1.259398e-09,1.259398e-11
4.175514e+00,3.667761e-11,1.286516e-09,1.286516e-11
4.178298e+00,3.738659e-11,1.311191e-09,1.311191e-11
4.181081e+00,3.811536e-11,1.333175e-09,1.333175e-11
4.183865e+00,3.885121e-11,1.352250e-09,1.352250e-11
4.186649e+00,3.957798e-11,1.368226e-09,1.368226e-11
4.189432e+00,4.027596e-11,1.380882e-09,1.380882e-11
4.192216e+00,4.092214e-11,1.389966e-09,1.389966e-11
4.195000e+00,4.149221e-11,1.395218e-09,1.395218e-11
4.197783e+00,4.196031e-11,1.396344e-09,1.396344e-11
4.200567e+00,4.230049e-11,1.393019e-09,1.393019e-11
4.203351e+00,4.249013e-11,1.384931e-09,1.384931e-11
4.206135e+00,4.250679e-11,1.371737e-09,1.371737e-11
4.208918e+00,4.233381e-11,1.353159e-09,1.353159e-11
4.211702e+00,4.196128e-11,1.329076e-09,1.329076e-11
4.214486e+00,4.138418e-11,1.299446e-09,1.299446e-11
4.217269e+00,4.060551e-11,1.264406e-09,1.264406e-11
4.220053e+00,3.963594e-11,1.224335e-09,1.224335e-11
4.222837e+00,3.849205e-11,1.179755e-09,1.179755e-11
4.225620e+00,3.719696e-11,1.131449e-09,1.131449e-11
4.228404e+00,3.578224e-11,1.080449e-09,1.080449e-11
4.231188e+00,3.428192e-11,1.027877e-09,1.027877e-11
4.233971e+00,3.273442e-11,9.750367e-10,9.750367e-12
4.236755e+00,3.118176e-11,9.233225e-10,9.233225e-12
4.239539e+00,2.966332e-11,8.740179e-10,8.740179e-12
4.242322e+00,2.821910e-11,8.283648e-10,8.283648e-12
4.245106e+00,2.688706e-11,7.875246e-10,7.875246e-12
4.247890e+00,2.569978e-11,7.524249e-10,7.524249e-12
4.250673e+00,2.468651e-11,7.237239e-10,7.237239e-12
4.253457e+00,2.386904e-11,7.018408e-10,7.018408e-12
4.256241e+00,2.326013e-11,6.870344e-10,6.870344e-12
4.259024e+00,2.286980e-11,6.794285e-10,6.794285e-12
4.261808e+00,2.269907e-11,6.789905e-10,6.789905e-12
4.264592e+00,2.273974e-11,6.856271e-10,6.856271e-12
4.267375e+00,2.298042e-11,6.992125e-10,6.992125e-12
4.270159e+00,2.340341e-11,7.195146e-10,7.195146e-12
4.272943e+00,2.398591e-11,7.461796e-10,7.461796e-12
4.275726e+00,2.470001e-11,7.786945e-10,7.786945e-12
4.278510e+00,2.551609e-11,8.164072e-10,8.164072e-12
4.281294e+00,2.640529e-11,8.585639e-10,8.585639e-12
4.284077e+00,2.733629e-11,9.042831e-10,9.042831e-12
4.286861e+00,2.827767e-11,9.526001e-10,9.526001e-12
4.289645e+00,2.920263e-11,1.002550e-09,1.002550e-11
4.292428e+00,3.008577e-11,1.053166e-09,1.053166e-11
4.295212e+00,3.090324e-11,1.103458e-09,1.103458e-11
4.297996e+00,3.163612e-11,1.152501e-09,1.152501e-11
4.300780e+00,3.227080e-11,1.199459e-09,1.199459e-11
4.303563e+00,3.279979e-11,1.243539e-09,1.243539e-11
4.306347e+00,3.321743e-11,1.283968e-09,1.283968e-11
4.309131e+00,3.352244e-11,1.320016e-09,1.320016e-11
4.311914e+00,3.371878e-11,1.351064e-09,1.351064e-11
4.314698e+00,3.381296e-11,1.376604e-09,1.376604e-11
4.317482e+00,3.381501e-11,1.396194e-09,1.396194e-11
4.320265e+00,3.373484e-11,1.409472e-09,1.409472e-11
4.323049e+00,3.358314e-11,1.416195e-09,1.416195e-11
4.325833e+00,3.337192e-11,1.416285e-09,1.416285e-11
4.328616e+00,3.311087e-11,1.409810e-09,1.409810e-11
4.331400e+00,3.280749e-11,1.396917e-09,1.396917e-11
4.334184e+00,3.246966e-11,1.377889e-09,1.377889e-11
4.336967e+00,3.210240e-11,1.353155e-09,1.353155e-11
4.339751e+00,3.170693e-11,1.323200e-09,1.323200e-11
4.342535e+00,3.128449e-11,1.288563e-09,1.288563e-11
4.345318e+00,3.083517e-11,1.249843e-09,1.249843e-11
4.348102e+00,3.035795e-11,1.207655e-09,1.207655e-11
4.350886e+00,2.985144e-11,1.162626e-09,1.162626e-11
4.353669e+00,2.931488e-11,1.115409e-09,1.115409e-11
4.356453e+00,2.874887e-11,1.066699e-09,1.066699e-11
4.359237e+00,2.815481e-11,1.017177e-09,1.017177e-11
4.362020e+00,2.753605e-11,9.675325e-10,9.675325e-12
4.364804e+00,2.689708e-11,9.185560e-10,9.185560e-12
4.367588e+00,2.624356e-11,8.710431e-10,8.710431e-12
4.370371e+00,2.558220e-11,8.257431e-10,8.257431e-12
4.373155e+00,2.492121e-11,7.834771e-10,7.834771e-12
4.375939e+00,2.426983e-11,7.450165e-10,7.450165e-12
4.378722e+00,2.363613e-11,7.109844e-10,7.109844e-12
4.381506e+00,2.302940e-11,6.819108e-10,6.819108e-12
4.384290e+00,2.245810e-11,6.580628e-10,6.580628e-12
4.387073e+00,2.192804e-11,6.394370e-10,6.394370e-12
4.389857e+00,2.144621e-11,6.258961e-10,6.258961e-12
4.392641e+00,2.101959e-11,6.170678e-10,6.170678e-12
4.395424e+00,2.065175e-11,6.123926e-10,6.123926e-12
4.398208e+00,2.034596e-11,6.113051e-10,6.113051e-12
4.400992e+00,2.010639e-11,6.132309e-10,6.132309e-12
4.403776e+00,1.993392e-11,6.176469e-10,6.176469e-12
4.406559e+00,1.983079e-11,6.242207e-10,6.242207e-12
4.409343e+00,1.979924e-11,6.327852e-10,6.327852e-12
4.412127e+00,1.983836e-11,6.432918e-10,6.432918e-12
4.414910e+00,1.994845e-11,6.557778e-10,6.557778e-12
4.417694e+00,2.012748e-11,6.703208e-10,6.703208e-12
4.420478e+00,2.037332e-11,6.869936e-10,6.869936e-12
4.423261e+00,2.068304e-11,7.057775e-10,7.057775e-12
4.426045e+00,2.105171e-11,7.265285e-10,7.265285e-12
4.428829e+00,2.147471e-11,7.489374e-10,7.489374e-12
4.431612e+00,2.194461e-11,7.725379e-10,7.725379e-12
4.434396e+00,2.245478e-11,7.967841e-10,7.967841e-12
4.437180e+00,2.299940e-11,8.211130e-10,8.211130e-12
4.439963e+00,2.357199e-11,8.450374e-10,8.450374e-12
4.442747e+00,2.416564e-11,8.681585e-10,8.681585e-12
4.445531e+00,2.477450e-11,8.902179e-10,8.902179e-12
4.448314e+00,2.539499e-11,9.111871e-10,9.111871e-12
4.451098e+00,2.602227e-11,9.311653e-10,9.311653e-12
4.453882e+00,2.665162e-11,9.503390e-10,9.503390e-12
4.456665e+00,2.727915e-11,9.689810e-10,9.689810e-12
4.459449e+00,2.790127e-11,9.873492e-10,9.873492e-12
4.462233e+00,2.851265e-11,1.005648e-09,1.005648e-11
4.465016e+00,2.910871e-11,1.023994e-09,1.023994e-11
4.467800e+00,2.968435e-11,1.042388e-09,1.042388e-11
4.470584e+00,3.023122e-11,1.060729e-09,1.060729e-11
4.473367e+00,3.074306e-11,1.078855e-09,1.078855e-11
4.476151e+00,3.121328e-11,1.096602e-09,1.096602e-11
4.478935e+00,3.163613e-11,1.113850e-09,1.113850e-11
4.481718e+00,3.200755e-11,1.130526e-09,1.130526e-11
4.484502e+00,3.232391e-11,1.146593e-09,1.146593e-11
4.487286e+00,3.258440e-11,1.162074e-09,1.162074e-11
4.490069e+00,3.278934e-11,1.177057e-09,1.177057e-11
4.492853e+00,3.294277e-11,1.191646e-09,1.191646e-11
4.495637e+00,3.305115e-11,1.205891e-09,1.205891e-11
4.498421e+00,3.312107e-11,1.219801e-09,1.219801e-11
4.501204e+00,3.316277e-11,1.233369e-09,1.233369e-11
4.503988e+00,3.318543e-11,1.246519e-09,1.246519e-11
4.506772e+00,3.320035e-11,1.259101e-09,1.259101e-11
4.509555e+00,3.322151e-11,1.270927e-09,1.270927e-11
4.512339e+00,3.325762e-11,1.281787e-09,1.281787e-11
4.515123e+00,3.331852e-11,1.291442e-09,1.291442e-11
4.517906e+00,3.341382e-11,1.299682e-09,1.299682e-11
4.520690e+00,3.354965e-11,1.306405e-09,1.306405e-11
4.523474e+00,3.373416e-11,1.311660e-09,1.311660e-11
4.526257e+00,3.397250e-11,1.315574e-09,1.315574e-11
4.529041e+00,3.426464e-11,1.318378e-09,1.318378e-11
4.531825e+00,3.461262e-11,1.320465e-09,1.320465e-11
4.534608e+00,3.501548e-11,1.322302e-09,1.322302e-11
4.537392e+00,3.546845e-11,1.324379e-09,1.324379e-11
4.540176e+00,3.596669e-11,1.327233e-09,1.327233e-11
4.542959e+00,3.650247e-11,1.331358e-09,1.331358e-11
4.545743e+00,3.706651e-11,1.337094e-09,1.337094e-11
4.548527e+00,3.764583e-11,1.344605e-09,1.344605e-11
4.551310e+00,3.822610e-11,1.353880e-09,1.353880e-11
4.554094e+00,3.879369e-11,1.364725e-09,1.364725e-11
4.556878e+00,3.933299e-11,1.376784e-09,1.376784e-11
4.559661e+00,3.982641e-11,1.389507e-09,1.389507e-11
4.562445e+00,4.025747e-11,1.402175e-09,1.402175e-11
4.565229e+00,4.061347e-11,1.414046e-09,1.414046e-11
4.568012e+00,4.088138e-11,1.424379e-09,1.424379e-11
4.570796e+00,4.105174e-11,1.432481e-09,1.432481e-11
4.573580e+00,4.112135e-11,1.437807e-09,1.437807e-11
4.576363e+00,4.108789e-11,1.439896e-09,1.439896e-11
4.579147e+00,4.095375e-11,1.438401e-09,1.438401e-11
4.581931e+00,4.072850e-11,1.433264e-09,1.433264e-11
4.584714e+00,4.042485e-11,1.424621e-09,1.424621e-11
4.587498e+00,4.005648e-11,1.412654e-09,1.412654e-11
4.590282e+00,3.963987e-11,1.397685e-09,1.397685e-11
4.593065e+00,3.919340e-11,1.380167e-09,1.380167e-11
4.595849e+00,3.873395e-11,1.360545e-09,1.360545e-11
4.598633e+00,3.827773e-11,1.339278e-09,1.339278e-11
4.601417e+00,3.783936e-11,1.316912e-09,1.316912e-11
4.604200e+00,3.743195e-11,1.293976e-09,1.293976e-11
4.606984e+00,3.706544e-11,1.270924e-09,1.270924e-11
4.609768e+00,3.674548e-11,1.248205e-09,1.248205e-11
4.612551e+00,3.647698e-11,1.226260e-09,1.226260e-11
4.615335e+00,3.626087e-11,1.205507e-09,1.205507e-11
4.618119e+00,3.609575e-11,1.186343e-09,1.186343e-11
4.620902e+00,3.597911e-11,1.169136e-09,1.169136e-11
4.623686e+00,3.590397e-11,1.154239e-09,1.154239e-11
4.626470e+00,3.586356e-11,1.141994e-09,1.141994e-11
4.629253e+00,3.584824e-11,1.132692e-09,1.132692e-11
4.632037e+00,3.584647e-11,1.126583e-09,1.126583e-11
4.634821e+00,3.584849e-11,1.123814e-09,1.123814e-11
4.637604e+00,3.584013e-11,1.124331e-09,1.124331e-11
4.640388e+00,3.580673e-11,1.127901e-09,1.127901e-11
4.643172e+00,3.573575e-11,1.134064e-09,1.134064e-11
4.645955e+00,3.561332e-11,1.142046e-09,1.142046e-11
4.648739e+00,3.542732e-11,1.150830e-09,1.150830e-11
4.651523e+00,3.516728e-11,1.159260e-09,1.159260e-11
4.654306e+00,3.482394e-11,1.166094e-09,1.166094e-11
4.657090e+00,3.439137e-11,1.170097e-09,1.170097e-11
4.659874e+00,3.386730e-11,1.170233e-09,1.170233e-11
4.662657e+00,3.325629e-11,1.165789e-09,1.165789e-11
4.665441e+00,3.256388e-11,1.156320e-09,1.156320e-11
4.668225e+00,3.179645e-11,1.141661e-09,1.141661e-11
4.671008e+00,3.096868e-11,1.122079e-09,1.122079e-11
4.673792e+00,3.009604e-11,1.098222e-09,1.098222e-11
4.676576e+00,2.919402e-11,1.070923e-09,1.070923e-11
4.679359e+00,2.828330e-11,1.041136e-09,1.041136e-11
4.682143e+00,2.738376e-11,1.009908e-09,1.009908e-11
4.684927e+00,2.651374e-11,9.782170e-10,9.782170e-12
4.687710e+00,2.569211e-11,9.468981e-10,9.468981e-12
4.690494e+00,2.493560e-11,9.166490e-10,9.166490e-12
4.693278e+00,2.426017e-11,8.879906e-10,8.879906e-12
4.696062e+00,2.367869e-11,8.612586e-10,8.612586e-12
4.698845e+00,2.320047e-11,8.367065e-10,8.367065e-12
4.701629e+00,2.283411e-11,8.146234e-10,8.146234e-12
4.704413e+00,2.258685e-11,7.954371e-10,7.954371e-12
4.707196e+00,2.246269e-11,7.797895e-10,7.797895e-12
4.709980e+00,2.246332e-11,7.685756e-10,7.685756e-12
4.712764e+00,2.259001e-11,7.629613e-10,7.629613e-12
4.715547e+00,2.284069e-11,7.643028e-10,7.643028e-12
4.718331e+00,2.321078e-11,7.739943e-10,7.739943e-12
4.721115e+00,2.369402e-11,7.932415e-10,7.932415e-12
4.723898e+00,2.428206e-11,8.228210e-10,8.228210e-12
4.726682e+00,2.496361e-11,8.629263e-10,8.629263e-12
4.729466e+00,2.572360e-11,9.131150e-10,9.131150e-12
4.732249e+00,2.654674e-11,9.723867e-10,9.723867e-12
4.735033e+00,2.741515e-11,1.039271e-09,1.039271e-11
4.737817e+00,2.830747e-11,1.111990e-09,1.111990e-11
4.740600e+00,2.920509e-11,1.188688e-09,1.188688e-11
4.743384e+00,3.008905e-11,1.267467e-09,1.267467e-11
4.746168e+00,3.093923e-11,1.346413e-09,1.346413e-11
4.748951e+00,3.173897e-11,1.423730e-09,1.423730e-11
4.751735e+00,3.247345e-11,1.497750e-09,1.497750e-11
4.754519e+00,3.313070e-11,1.566948e-09,1.566948e-11
4.757302e+00,3.370243e-11,1.629990e-09,1.629990e-11
4.760086e+00,3.418235e-11,1.685703e-09,1.685703e-11
4.762870e+00,3.456620e-11,1.733053e-09,1.733053e-11
4.765653e+00,3.485315e-11,1.771228e-09,1.771228e-11
4.768437e+00,3.504452e-11,1.799633e-09,1.799633e-11
4.771221e+00,3.514063e-11,1.817813e-09,1.817813e-11
4.774004e+00,3.514428e-11,1.825513e-09,1.825513e-11
4.776788e+00,3.506075e-11,1.822735e-09,1.822735e-11
4.779572e+00,3.489291e-11,1.809635e-09,1.809635e-11
4.782355e+00,3.464361e-11,1.786519e-09,1.786519e-11
4.785139e+00,3.431656e-11,1.753893e-09,1.753893e-11
4.787923e+00,3.391670e-11,1.712443e-09,1.712443e-11
4.790706e+00,3.344969e-11,1.663021e-09,1.663021e-11
4.793490e+00,3.291997e-11,1.606605e-09,1.606605e-11
4.796274e+00,3.233291e-11,1.544300e-09,1.544300e-11
4.799058e+00,3.169511e-11,1.477360e-09,1.477360e-11
4.801841e+00,3.101552e-11,1.407146e-09,1.407146e-11
4.804625e+00,3.030232e-11,1.335078e-09,1.335078e-11
4.807409e+00,2.956406e-11,1.262649e-09,1.262649e-11
4.810192e+00,2.881252e-11,1.191428e-09,1.191428e-11
4.812976e+00,2.805864e-11,1.122956e-09,1.122956e-11
4.815760e+00,2.731421e-11,1.058717e-09,1.058717e-11
4.818543e+00,2.659174e-11,1.000105e-09,1.000105e-11
4.821327e+00,2.590285e-11,9.483103e-10,9.483103e-12
4.824111e+00,2.525970e-11,9.042313e-10,9.042313e-12
4.826894e+00,2.467358e-11,8.684027e-10,8.684027e-12
4.829678e+00,2.415571e-11,8.409683e-10,8.409683e-12
4.832462e+00,2.371711e-11,8.216627e-10,8.216627e-12
4.835245e+00,2.336749e-11,8.098039e-10,8.098039e-12
4.838029e+00,2.311448e-11,8.044187e-10,8.044187e-12
4.840813e+00,2.296466e-11,8.044462e-10,8.044462e-12
4.843596e+00,2.292508e-11,8.088771e-10,8.088771e-12
4.846380e+00,2.299964e-11,8.167598e-10,8.167598e-12
4.849164e+00,2.318966e-11,8.272988e-10,8.272988e-12
4.851947e+00,2.349707e-11,8.400191e-10,8.400191e-12
4.854731e+00,2.392204e-11,8.546533e-10,8.546533e-12
4.857515e+00,2.445925e-11,8.710369e-10,8.710369e-12
4.860298e+00,2.510279e-11,8.892116e-10,8.892116e-12
4.863082e+00,2.584652e-11,9.093689e-10,9.093689e-12
4.865866e+00,2.668043e-11,9.317175e-10,9.317175e-12
4.868649e+00,2.759267e-11,9.564765e-10,9.564765e-12
4.871433e+00,2.856968e-11,9.838564e-10,9.838564e-12
4.874217e+00,2.959648e-11,1.014058e-09,1.014058e-11
4.877000e+00,3.065765e-11,1.047269e-09,1.047269e-11
4.879784e+00,3.173818e-11,1.083620e-09,1.083620e-11
4.882568e+00,3.282278e-11,1.123214e-09,1.123214e-11
4.885351e+00,3.389817e-11,1.166145e-09,1.166145e-11
4.888135e+00,3.495117e-11,1.212433e-09,1.212433e-11
4.890919e+00,3.596855e-11,1.262003e-09,1.262003e-11
4.893703e+00,3.694125e-11,1.314734e-09,1.314734e-11
4.896486e+00,3.786298e-11,1.370420e-09,1.370420e-11
4.899270e+00,3.872672e-11,1.428665e-09,1.428665e-11
4.902054e+00,3.952570e-11,1.488896e-09,1.488896e-11
4.904837e+00,4.025706e-11,1.550442e-09,1.550442e-11
4.907621e+00,4.091900e-11,1.612500e-09,1.612500e-11
4.910405e+00,4.150875e-11,1.674123e-09,1.674123e-11
4.913188e+00,4.202445e-11,1.734287e-09,1.734287e-11
4.915972e+00,4.246397e-11,1.791945e-09,1.791945e-11
4.918756e+00,4.282573e-11,1.846064e-09,1.846064e-11
4.921539e+00,4.310954e-11,1.895643e-09,1.895643e-11
4.924323e+00,4.331276e-11,1.939747e-09,1.939747e-11
4.927107e+00,4.343384e-11,1.977570e-09,1.977570e-11
4.929890e+00,4.347281e-11,2.008451e-09,2.008451e-11
4.932674e+00,4.342705e-11,2.031847e-09,2.031847e-11
4.935458e+00,4.329651e-11,2.047378e-09,2.047378e-11
4.938241e+00,4.308156e-11,2.054844e-09,2.054844e-11
4.941025e+00,4.278179e-11,2.054181e-09,2.054181e-11
4.943809e+00,4.239999e-11,2.045446e-09,2.045446e-11
4.946592e+00,4.193795e-11,2.028839e-09,2.028839e-11
4.949376e+00,4.139896e-11,2.004665e-09,2.004665e-11
4.952160e+00,4.078828e-11,1.973323e-09,1.973323e-11
4.954943e+00,4.011060e-11,1.935319e-09,1.935319e-11
4.957727e+00,3.937449e-11,1.891218e-09,1.891218e-11
4.960511e+00,3.858860e-11,1.841631e-09,1.841631e-11
4.963294e+00,3.776034e-11,1.787213e-09,1.787213e-11
4.966078e+00,3.689893e-11,1.728634e-09,1.728634e-11
4.968862e+00,3.601467e-11,1.666627e-09,1.666627e-11
4.971645e+00,3.511890e-11,1.601966e-09,1.601966e-11
4.974429e+00,3.422150e-11,1.535376e-09,1.535376e-11
4.977213e+00,3.333190e-11,1.467622e-09,1.467622e-11
4.979996e+00,3.246154e-11,1.399564e-09,1.399564e-11
4.982780e+00,3.162002e-11,1.332001e-09,1.332001e-11
4.985564e+00,3.081509e-11,1.265690e-09,1.265690e-11
4.988347e+00,3.005641e-11,1.201421e-09,1.201421e-11
4.991131e+00,2.935097e-11,1.139933e-09,1.139933e-11
4.993915e+00,2.870230e-11,1.081853e-09,1.081853e-11
4.996699e+00,2.811419e-11,1.027715e-09,1.027715e-11
4.999482e+00,2.758796e-11,9.779395e-10,9.779395e-12
5.002266e+00,2.712148e-11,9.327785e-10,9.327785e-12
5.005050e+00,2.671019e-11,8.923042e-10,8.923042e-12
5.007833e+00,2.634733e-11,8.564082e-10,8.564082e-12
5.010617e+00,2.602398e-11,8.247823e-10,8.247823e-12
5.013401e+00,2.572905e-11,7.969959e-10,7.969959e-12
5.016184e+00,2.545130e-11,7.725338e-10,7.725338e-12
5.018968e+00,2.517828e-11,7.507678e-10,7.507678e-12
5.021752e+00,2.489699e-11,7.310689e-10,7.310689e-12
5.024535e+00,2.459741e-11,7.128730e-10,7.128730e-12
5.027319e+00,2.426876e-11,6.956390e-10,6.956390e-12
5.030103e+00,2.390248e-11,6.789363e-10,6.789363e-12
5.032886e+00,2.349510e-11,6.624945e-10,6.624945e-12
5.035670e+00,2.304222e-11,6.461367e-10,6.461367e-12
5.038454e+00,2.254392e-11,6.297963e-10,6.297963e-12
5.041237e+00,2.200421e-11,6.134901e-10,6.134901e-12
5.044021e+00,2.142671e-11,5.972737e-10,5.972737e-12
5.046805e+00,2.081965e-11,5.812557e-10,5.812557e-12
5.049588e+00,2.019293e-11,5.655258e-10,5.655258e-12
5.052372e+00,1.955692e-11,5.501256e-10,5.501256e-12
5.055156e+00,1.892374e-11,5.350732e-10,5.350732e-12
5.057939e+00,1.830708e-11,5.203813e-10,5.203813e-12
5.060723e+00,1.772155e-11,5.060818e-10,5.060818e-12
5.063507e+00,1.718040e-11,4.922185e-10,4.922185e-12
5.066290e+00,1.669747e-11,4.789402e-10,4.789402e-12
5.069074e+00,1.628686e-11,4.665600e-10,4.665600e-12
5.071858e+00,1.596042e-11,4.555367e-10,4.555367e-12
5.074641e+00,1.572916e-11,4.465721e-10,4.465721e-12
5.077425e+00,1.560339e-11,4.406013e-10,4.406013e-12
5.080209e+00,1.558983e-11,4.386988e-10,4.386988e-12
5.082992e+00,1.569324e-11,4.420252e-10,4.420252e-12
5.085776e+00,1.591681e-11,4.516237e-10,4.516237e-12
5.088560e+00,1.625843e-11,4.681516e-10,4.681516e-12
5.091344e+00,1.671381e-11,4.917232e-10,4.917232e-12
5.094127e+00,1.727618e-11,5.218921e-10,5.218921e-12
5.096911e+00,1.793501e-11,5.577277e-10,5.577277e-12
5.099695e+00,1.867782e-11,5.978903e-10,5.978903e-12
5.102478e+00,1.948792e-11,6.408362e-10,6.408362e-12
5.105262e+00,2.034867e-11,6.850676e-10,6.850676e-12
5.108046e+00,2.124419e-11,7.291878e-10,7.291878e-12
5.110829e+00,2.215656e-11,7.719567e-10,7.719567e-12
5.113613e+00,2.306888e-11,8.123997e-10,8.123997e-12
5.116397e+00,2.396524e-11,8.498195e-10,8.498195e-12
5.119180e+00,2.483200e-11,8.838397e-10,8.838397e-12
5.121964e+00,2.565881e-11,9.143923e-10,9.143923e-12
5.124748e+00,2.643533e-11,9.415690e-10,9.415690e-12
5.127531e+00,2.715362e-11,9.655862e-10,9.655862e-12
5.130315e+00,2.781008e-11,9.867544e-10,9.867544e-12
5.133099e+00,2.840084e-11,1.005324e-09,1.005324e-11
5.135882e+00,2.892222e-11,1.021424e-09,1.021424e-11
5.138666e+00,2.937301e-11,1.035059e-09,1.035059e-11
5.141450e+00,2.975284e-11,1.046065e-09,1.046065e-11
5.144233e+00,3.006115e-11,1.054105e-09,1.054105e-11
5.147017e+00,3.029702e-11,1.058749e-09,1.058749e-11
5.149801e+00,3.046152e-11,1.059592e-09,1.059592e-11
5.152584e+00,3.055736e-11,1.056293e-09,1.056293e-11
5.155368e+00,3.058736e-11,1.048556e-09,1.048556e-11
5.158152e+00,3.055397e-11,1.036254e-09,1.036254e-11
5.160935e+00,3.046167e-11,1.019546e-09,1.019546e-11
5.163719e+00,3.031794e-11,9.988406e-10,9.988406e-12
5.166503e+00,3.012903e-11,9.748351e-10,9.748351e-12
5.169286e+00,2.990378e-11,9.485890e-10,9.485890e-12
5.172070e+00,2.965079e-11,9.214144e-10,9.214144e-12
5.174854e+00,2.937576e-11,8.948005e-10,8.948005e-12
5.177637e+00,2.908765e-11,8.703791e-10,8.703791e-12
5.180421e+00,2.879434e-11,8.496762e-10,8.496762e-12
5.183205e+00,2.849978e-11,8.338651e-10,8.338651e-12
5.185988e+00,2.820923e-11,8.236508e-10,8.236508e-12
5.188772e+00,2.792890e-11,8.191010e-10,8.191010e-12
5.191556e+00,2.766275e-11,8.195796e-10,8.195796e-12
5.194340e+00,2.741486e-11,8.238945e-10,8.238945e-12
5.197123e+00,2.719026e-11,8.305495e-10,8.305495e-12
5.199907e+00,2.699520e-11,8.380082e-10,8.380082e-12
5.202691e+00,2.683417e-11,8.448998e-10,8.448998e-12
5.205474e+00,2.671405e-11,8.502647e-10,8.502647e-12
5.208258e+00,2.664412e-11,8.536799e-10,8.536799e-12
5.211042e+00,2.663030e-11,8.552169e-10,8.552169e-12
5.213825e+00,2.668102e-11,8.555089e-10,8.555089e-12
5.216609e+00,2.680549e-11,8.556563e-10,8.556563e-12
5.219393e+00,2.700870e-11,8.569891e-10,8.569891e-12
5.222176e+00,2.729403e-11,8.610220e-10,8.610220e-12
5.224960e+00,2.766609e-11,8.692645e-10,8.692645e-12
5.227744e+00,2.812515e-11,8.829397e-10,8.829397e-12
5.230527e+00,2.866769e-11,9.029123e-10,9.029123e-12
5.233311e+00,2.928938e-11,9.295943e-10,9.295943e-12
5.236095e+00,2.998191e-11,9.629213e-10,9.629213e-12
5.238878e+00,3.073624e-11,1.002532e-09,1.002532e-11
5.241662e+00,3.154402e-11,1.047877e-09,1.047877e-11
5.244446e+00,3.239540e-11,1.098276e-09,1.098276e-11
5.247229e+00,3.327825e-11,1.153002e-09,1.153002e-11
5.250013e+00,3.418204e-11,1.211331e-09,1.211331e-11
5.252797e+00,3.509896e-11,1.272582e-09,1.272582e-11
5.255580e+00,3.602107e-11,1.336089e-09,1.336089e-11
5.258364e+00,3.694043e-11,1.401147e-09,1.401147e-11
5.261148e+00,3.785100e-11,1.466980e-09,1.466980e-11
5.263931e+00,3.874745e-11,1.532731e-09,1.532731e-11
5.266715e+00,3.962437e-11,1.597484e-09,1.597484e-11
5.269499e+00,4.047698e-11,1.660273e-09,1.660273e-11
5.272282e+00,4.130021e-11,1.720082e-09,1.720082e-11
5.275066e+00,4.208724e-11,1.775905e-09,1.775905e-11
5.277850e+00,4.283172e-11,1.826819e-09,1.826819e-11
5.280633e+00,4.352915e-11,1.872038e-09,1.872038e-11
5.283417e+00,4.417250e-11,1.910937e-09,1.910937e-11
5.286201e+00,4.475478e-11,1.943086e-09,1.943086e-11
5.288985e+00,4.527265e-11,1.968327e-09,1.968327e-11
5.291768e+00,4.572257e-11,1.986797e-09,1.986797e-11
5.294552e+00,4.610202e-11,1.998886e-09,1.998886e-11
5.297336e+00,4.641050e-11,2.005217e-09,2.005217e-11
5.300119e+00,4.664771e-11,2.006665e-09,2.006665e-11
5.302903e+00,4.681562e-11,2.004306e-09,2.004306e-11
5.305687e+00,4.691800e-11,1.999313e-09,1.999313e-11
5.308470e+00,4.695802e-11,1.992837e-09,1.992837e-11
5.311254e+00,4.693916e-11,1.985929e-09,1.985929e-11
5.314038e+00,4.686566e-11,1.979471e-09,1.979471e-11
5.316821e+00,4.674131e-11,1.974083e-09,1.974083e-11
5.319605e+00,4.657151e-11,1.970103e-09,1.970103e-11
5.322389e+00,4.636305e-11,1.967581e-09,1.967581e-11
5.325172e+00,4.612099e-11,1.966311e-09,1.966311e-11
5.327956e+00,4.585214e-11,1.965928e-09,1.965928e-11
5.330740e+00,4.556539e-11,1.966032e-09,1.966032e-11
5.333523e+00,4.526998e-11,1.966299e-09,1.966299e-11
5.336307e+00,4.497493e-11,1.966560e-09,1.966560e-11
5.339091e+00,4.469153e-11,1.966875e-09,1.966875e-11
5.341874e+00,4.443200e-11,1.967549e-09,1.967549e-11
5.344658e+00,4.420540e-11,1.969002e-09,1.969002e-11
5.347442e+00,4.402090e-11,1.971700e-09,1.971700e-11
5.350225e+00,4.388534e-11,1.976150e-09,1.976150e-11
5.353009e+00,4.380466e-11,1.982744e-09,1.982744e-11
5.355793e+00,4.378126e-11,1.991561e-09,1.991561e-11
5.358576e+00,4.381093e-11,2.002358e-09,2.002358e-11
5.361360e+00,4.388908e-11,2.014628e-09,2.014628e-11
5.364144e+00,4.400836e-11,2.027586e-09,2.027586e-11
5.366927e+00,4.415664e-11,2.040182e-09,2.040182e-11
5.369711e+00,4.431873e-11,2.051228e-09,2.051228e-11
5.372495e+00,4.447937e-11,2.059514e-09,2.059514e-11
5.375278e+00,4.462251e-11,2.063869e-09,2.063869e-11
5.378062e+00,4.473107e-11,2.063224e-09,2.063224e-11
5.380846e+00,4.478984e-11,2.056676e-09,2.056676e-11
5.383629e+00,4.478379e-11,2.043520e-09,2.043520e-11
5.386413e+00,4.470073e-11,2.023280e-09,2.023280e-11
5.389197e+00,4.453323e-11,1.995749e-09,1.995749e-11
5.391981e+00,4.427553e-11,1.960990e-09,1.960990e-11
5.394764e+00,4.392451e-11,1.919295e-09,1.919295e-11
5.397548e+00,4.348028e-11,1.871161e-09,1.871161e-11
5.400332e+00,4.294526e-11,1.817292e-09,1.817292e-11
5.403115e+00,4.232426e-11,1.758581e-09,1.758581e-11
5.405899e+00,4.162506e-11,1.696065e-09,1.696065e-11
5.408683e+00,4.085657e-11,1.630899e-09,1.630899e-11
5.411466e+00,4.002702e-11,1.564276e-09,1.564276e-11
5.414250e+00,3.914667e-11,1.497388e-09,1.497388e-11
5.417034e+00,3.822847e-11,1.431452e-09,1.431452e-11
5.419817e+00,3.728499e-11,1.367628e-09,1.367628e-11
5.422601e+00,3.632783e-11,1.306894e-09,1.306894e-11
5.425385e+00,3.536962e-11,1.250065e-09,1.250065e-11
5.428168e+00,3.442475e-11,1.197840e-09,1.197840e-11
5.430952e+00,3.350797e-11,1.150677e-09,1.150677e-11
5.433736e+00,3.263131e-11,1.108733e-09,1.108733e-11
5.436519e+00,3.180868e-11,1.071992e-09,1.071992e-11
5.439303e+00,3.105517e-11,1.040288e-09,1.040288e-11
5.442087e+00,3.038039e-11,1.013261e-09,1.013261e-11
5.444870e+00,2.979635e-11,9.905194e-10,9.905194e-12
5.447654e+00,2.931537e-11,9.717403e-10,9.717403e-12
5.450438e+00,2.894477e-11,9.566640e-10,9.566640e-12
5.453221e+00,2.869263e-11,9.451842e-10,9.451842e-12
5.456005e+00,2.856518e-11,9.373820e-10,9.373820e-12
5.458789e+00,2.856701e-11,9.335296e-10,9.335296e-12
5.461572e+00,2.870130e-11,9.340300e-10,9.340300e-12
5.464356e+00,2.896819e-11,9.393385e-10,9.393385e-12
5.467140e+00,2.936735e-11,9.499901e-10,9.499901e-12
5.469923e+00,2.989725e-11,9.665190e-10,9.665190e-12
5.472707e+00,3.055299e-11,9.892957e-10,9.892957e-12
5.475491e+00,3.132490e-11,1.018483e-09,1.018483e-11
5.478274e+00,3.220150e-11,1.054050e-09,1.054050e-11
5.481058e+00,3.316917e-11,1.095757e-09,1.095757e-11
5.483842e+00,3.420942e-11,1.143141e-09,1.143141e-11
5.486626e+00,3.530181e-11,1.195495e-09,1.195495e-11
5.489409e+00,3.642345e-11,1.251897e-09,1.251897e-11
5.492193e+00,3.754764e-11,1.311240e-09,1.311240e-11
5.494977e+00,3.864680e-11,1.372279e-09,1.372279e-11
5.497760e+00,3.969434e-11,1.433640e-09,1.433640e-11
5.500544e+00,4.066332e-11,1.493846e-09,1.493846e-11
5.503328e+00,4.152747e-11,1.551397e-09,1.551397e-11
5.506111e+00,4.226403e-11,1.604800e-09,1.604800e-11
5.508895e+00,4.285254e-11,1.652616e-09,1.652616e-11
5.511679e+00,4.327793e-11,1.693534e-09,1.693534e-11
5.514462e+00,4.353032e-11,1.726419e-09,1.726419e-11
5.517246e+00,4.360440e-11,1.750350e-09,1.750350e-11
5.520030e+00,4.350117e-11,1.764642e-09,1.764642e-11
5.522813e+00,4.322594e-11,1.768868e-09,1.768868e-11
5.525597e+00,4.279061e-11,1.762949e-09,1.762949e-11
5.528381e+00,4.221128e-11,1.747106e-09,1.747106e-11
5.531164e+00,4.150690e-11,1.721811e-09,1.721811e-11
5.533948e+00,4.070012e-11,1.687829e-09,1.687829e-11
5.536732e+00,3.981521e-11,1.646182e-09,1.646182e-11
5.539515e+00,3.887658e-11,1.598065e-09,1.598065e-11
5.542299e+00,3.790725e-11,1.544835e-09,1.544835e-11
5.545083e+00,3.692908e-11,1.487962e-09,1.487962e-11
5.547866e+00,3.596164e-11,1.428920e-09,1.428920e-11
5.550650e+00,3.502092e-11,1.369148e-09,1.369148e-11
5.553434e+00,3.411875e-11,1.310021e-09,1.310021e-11
5.556217e+00,3.326353e-11,1.252778e-09,1.252778e-11
5.559001e+00,3.246062e-11,1.198461e-09,1.198461e-11
5.561785e+00,3.171034e-11,1.147845e-09,1.147845e-11
5.564568e+00,3.101005e-11,1.101452e-09,1.101452e-11
5.567352e+00,3.035659e-11,1.059587e-09,1.059587e-11
5.570136e+00,2.974351e-11,1.022276e-09,1.022276e-11
5.572919e+00,2.916260e-11,9.892641e-10,9.892641e-12
5.575703e+00,2.860642e-11,9.601090e-10,9.601090e-12
5.578487e+00,2.806664e-11,9.342389e-10,9.342389e-12
5.581270e+00,2.753657e-11,9.110095e-10,9.110095e-12
5.584054e+00,2.701247e-11,8.897589e-10,8.897589e-12
5.586838e+00,2.649057e-11,8.698577e-10,8.698577e-12
5.589622e+00,2.597092e-11,8.507982e-10,8.507982e-12
5.592405e+00,2.545752e-11,8.322499e-10,8.322499e-12
5.595189e+00,2.495518e-11,8.140810e-10,8.140810e-12
5.597973e+00,2.447397e-11,7.964047e-10,7.964047e-12
5.600756e+00,2.402687e-11,7.795812e-10,7.795812e-12
5.603540e+00,2.362622e-11,7.642138e-10,7.642138e-12
5.606324e+00,2.328676e-11,7.511575e-10,7.511575e-12
5.609107e+00,2.302553e-11,7.414787e-10,7.414787e-12
5.611891e+00,2.285848e-11,7.363799e-10,7.363799e-12
5.614675e+00,2.280059e-11,7.370471e-10,7.370471e-12
5.617458e+00,2.286443e-11,7.444461e-10,7.444461e-12
5.620242e+00,2.305826e-11,7.592090e-10,7.592090e-12
5.623026e+00,2.338891e-11,7.815490e-10,7.815490e-12
5.625809e+00,2.385814e-11,8.111731e-10,8.111731e-12
5.628593e+00,2.446189e-11,8.473529e-10,8.473529e-12
5.631377e+00,2.519323e-11,8.890342e-10,8.890342e-12
5.634160e+00,2.603917e-11,9.348922e-10,9.348922e-12
5.636944e+00,2.698174e-11,9.835427e-10,9.835427e-12
5.639728e+00,2.800138e-11,1.033708e-09,1.033708e-11
5.642511e+00,2.907615e-11,1.084158e-09,1.084158e-11
5.645295e+00,3.017999e-11,1.133744e-09,1.133744e-11
5.648079e+00,3.128577e-11,1.181493e-09,1.181493e-11
5.650862e+00,3.236722e-11,1.226609e-09,1.226609e-11
5.653646e+00,3.339957e-11,1.268472e-09,1.268472e-11
5.656430e+00,3.435989e-11,1.306588e-09,1.306588e-11
5.659213e+00,3.522719e-11,1.340557e-09,1.340557e-11
5.661997e+00,3.598558e-11,1.370098e-09,1.370098e-11
5.664781e+00,3.662265e-11,1.395009e-09,1.395009e-11
5.667564e+00,3.712903e-11,1.415100e-09,1.415100e-11
5.670348e+00,3.749904e-11,1.430199e-09,1.430199e-11
5.673132e+00,3.773066e-11,1.440184e-09,1.440184e-11
5.675915e+00,3.782674e-11,1.444989e-09,1.444989e-11
5.678699e+00,3.779349e-11,1.444582e-09,1.444582e-11
5.681483e+00,3.763736e-11,1.438971e-09,1.438971e-11
5.684267e+00,3.736686e-11,1.428263e-09,1.428263e-11
5.687050e+00,3.699661e-11,1.412677e-09,1.412677e-11
5.689834e+00,3.653925e-11,1.392511e-09,1.392511e-11
5.692618e+00,3.600705e-11,1.368183e-09,1.368183e-11
5.695401e+00,3.541834e-11,1.340237e-09,1.340237e-11
5.698185e+00,3.478895e-11,1.309297e-09,1.309297e-11
5.700969e+00,3.413530e-11,1.276097e-09,1.276097e-11
5.703752e+00,3.347554e-11,1.241469e-09,1.241469e-11
5.706536e+00,3.282650e-11,1.206302e-09,1.206302e-11
5.709320e+00,3.220658e-11,1.171569e-09,1.171569e-11
5.712103e+00,3.163149e-11,1.138290e-09,1.138290e-11
5.714887e+00,3.111454e-11,1.107487e-09,1.107487e-11
5.717671e+00,3.066872e-11,1.080194e-09,1.080194e-11
5.720454e+00,3.030508e-11,1.057394e-09,1.057394e-11
5.723238e+00,3.003124e-11,1.039920e-09,1.039920e-11
5.726022e+00,2.985211e-11,1.028407e-09,1.028407e-11
5.728805e+00,2.977138e-11,1.023209e-09,1.023209e-11
5.731589e+00,2.978985e-11,1.024312e-09,1.024312e-11
5.734373e+00,2.990501e-11,1.031298e-09,1.031298e-11
5.737156e+00,3.011150e-11,1.043371e-09,1.043371e-11
5.739940e+00,3.040303e-11,1.059454e-09,1.059454e-11
5.742724e+00,3.077270e-11,1.078350e-09,1.078350e-11
5.745507e+00,3.121094e-11,1.098789e-09,1.098789e-11
5.748291e+00,3.170632e-11,1.119526e-09,1.119526e-11
5.751075e+00,3.224605e-11,1.139483e-09,1.139483e-11
5.753858e+00,3.281551e-11,1.157813e-09,1.157813e-11
5.756642e+00,3.339868e-11,1.173908e-09,1.173908e-11
5.759426e+00,3.397722e-11,1.187415e-09,1.187415e-11
5.762209e+00,3.453284e-11,1.198222e-09,1.198222e-11
5.764993e+00,3.504737e-11,1.206385e-09,1.206385e-11
5.767777e+00,3.550038e-11,1.212016e-09,1.212016e-11
5.770560e+00,3.587249e-11,1.215212e-09,1.215212e-11
5.773344e+00,3.614670e-11,1.215989e-09,1.215989e-11
5.776128e+00,3.630724e-11,1.214236e-09,1.214236e-11
5.778911e+00,3.634137e-11,1.209670e-09,1.209670e-11
5.781695e+00,3.624144e-11,1.201873e-09,1.201873e-11
5.784479e+00,3.600478e-11,1.190365e-09,1.190365e-11
5.787263e+00,3.563351e-11,1.174664e-09,1.174664e-11
5.790046e+00,3.513686e-11,1.154491e-09,1.154491e-11
5.792830e+00,3.453077e-11,1.129861e-09,1.129861e-11
5.795614e+00,3.383479e-11,1.101034e-09,1.101034e-11
5.798397e+00,3.307438e-11,1.068672e-09,1.068672e-11
5.801181e+00,3.228015e-11,1.033944e-09,1.033944e-11
5.803965e+00,3.148571e-11,9.983411e-10,9.983411e-12
5.806748e+00,3.072588e-11,9.635890e-10,9.635890e-12
5.809532e+00,3.003471e-11,9.315866e-10,9.315866e-12
5.812316e+00,2.944563e-11,9.041135e-10,9.041135e-12
5.815099e+00,2.898870e-11,8.826390e-10,8.826390e-12
5.817883e+00,2.869106e-11,8.682138e-10,8.682138e-12
5.820667e+00,2.857404e-11,8.612720e-10,8.612720e-12
5.823450e+00,2.865308e-11,8.617233e-10,8.617233e-12
5.826234e+00,2.893965e-11,8.692292e-10,8.692292e-12
5.829018e+00,2.943705e-11,8.833896e-10,8.833896e-12
5.831801e+00,3.014293e-11,9.040382e-10,9.040382e-12
5.834585e+00,3.104924e-11,9.315226e-10,9.315226e-12
5.837369e+00,3.214161e-11,9.667084e-10,9.667084e-12
5.840152e+00,3.340004e-11,1.010840e-09,1.010840e-11
5.842936e+00,3.479913e-11,1.065324e-09,1.065324e-11
5.845720e+00,3.631019e-11,1.131328e-09,1.131328e-11
5.848503e+00,3.789789e-11,1.209394e-09,1.209394e-11
5.851287e+00,3.952400e-11,1.299249e-09,1.299249e-11
5.854071e+00,4.114970e-11,1.399684e-09,1.399684e-11
5.856854e+00,4.273240e-11,1.508561e-09,1.508561e-11
5.859638e+00,4.422898e-11,1.623011e-09,1.623011e-11
5.862422e+00,4.559957e-11,1.739659e-09,1.739659e-11
5.865205e+00,4.680657e-11,1.854833e-09,1.854833e-11
5.867989e+00,4.781524e-11,1.964782e-09,1.964782e-11
5.870773e+00,4.859728e-11,2.065862e-09,2.065862e-11
5.873556e+00,4.912975e-11,2.154679e-09,2.154679e-11
5.876340e+00,4.939659e-11,2.228224e-09,2.228224e-11
5.879124e+00,4.939091e-11,2.283991e-09,2.283991e-11
5.881908e+00,4.911172e-11,2.320066e-09,2.320066e-11
5.884691e+00,4.856542e-11,2.335166e-09,2.335166e-11
5.887475e+00,4.776627e-11,2.328691e-09,2.328691e-11
5.890259e+00,4.673495e-11,2.300718e-09,2.300718e-11
5.893042e+00,4.549474e-11,2.251913e-09,2.251913e-11
5.895826e+00,4.407122e-11,2.183529e-09,2.183529e-11
5.898610e+00,4.249696e-11,2.097462e-09,2.097462e-11
5.901393e+00,4.080410e-11,1.996144e-09,1.996144e-11
5.904177e+00,3.902381e-11,1.882407e-09,1.882407e-11
5.906961e+00,3.718839e-11,1.759429e-09,1.759429e-11
5.909744e+00,3.532963e-11,1.630670e-09,1.630670e-11
5.912528e+00,3.347792e-11,1.499746e-09,1.499746e-11
5.915312e+00,3.166006e-11,1.370311e-09,1.370311e-11
5.918095e+00,2.990334e-11,1.245931e-09,1.245931e-11
5.920879e+00,2.823254e-11,1.129921e-09,1.129921e-11
5.923663e+00,2.666903e-11,1.025173e-09,1.025173e-11
5.926446e+00,2.523209e-11,9.339217e-10,9.339217e-12
5.929230e+00,2.393844e-11,8.574702e-10,8.574702e-12
5.932014e+00,2.280137e-11,7.960179e-10,7.960179e-12
5.934797e+00,2.182989e-11,7.486153e-10,7.486153e-12
5.937581e+00,2.103039e-11,7.133748e-10,7.133748e-12
5.940365e+00,2.040509e-11,6.879254e-10,6.879254e-12
5.943148e+00,1.995348e-11,6.699189e-10,6.699189e-12
5.945932e+00,1.967041e-11,6.573883e-10,6.573883e-12
5.948716e+00,1.954571e-11,6.489441e-10,6.489441e-12
5.951499e+00,1.956809e-11,6.438695e-10,6.438695e-12
5.954283e+00,1.972430e-11,6.419619e-10,6.419619e-12
5.957067e+00,1.999806e-11,6.432187e-10,6.432187e-12
5.959850e+00,2.037067e-11,6.476922e-10,6.476922e-12
5.962634e+00,2.082461e-11,6.553995e-10,6.553995e-12
5.965418e+00,2.134371e-11,6.661587e-10,6.661587e-12
5.968201e+00,2.191093e-11,6.795682e-10,6.795682e-12
5.970985e+00,2.251023e-11,6.950742e-10,6.950742e-12
5.973769e+00,2.312676e-11,7.120580e-10,7.120580e-12
5.976552e+00,2.374741e-11,7.299475e-10,7.299475e-12
5.979336e+00,2.435994e-11,7.482304e-10,7.482304e-12
5.982120e+00,2.495199e-11,7.664663e-10,7.664663e-12
5.984904e+00,2.551257e-11,7.843081e-10,7.843081e-12
5.987687e+00,2.603291e-11,8.014811e-10,8.014811e-12
5.990471e+00,2.650448e-11,8.177162e-10,8.177162e-12
5.993255e+00,2.691744e-11,8.326684e-10,8.326684e-12
5.996038e+00,2.726466e-11,8.459666e-10,8.459666e-12
5.998822e+00,2.754204e-11,8.572472e-10,8.572472e-12
6.001606e+00,2.774550e-11,8.661152e-10,8.661152e-12
6.004389e+00,2.787344e-11,8.722615e-10,8.722615e-12
6.007173e+00,2.792841e-11,8.755632e-10,8.755632e-12
6.009957e+00,2.791438e-11,8.760558e-10,8.760558e-12
6.012740e+00,2.783725e-11,8.739510e-10,8.739510e-12
6.015524e+00,2.770465e-11,8.696932e-10,8.696932e-12
6.018308e+00,2.752668e-11,8.639922e-10,8.639922e-12
6.021091e+00,2.731619e-11,8.577336e-10,8.577336e-12
6.023875e+00,2.708582e-11,8.518056e-10,8.518056e-12
6.026659e+00,2.684704e-11,8.470134e-10,8.470134e-12
6.029442e+00,2.661114e-11,8.440762e-10,8.440762e-12
6.032226e+00,2.639040e-11,8.435306e-10,8.435306e-12
6.035010e+00,2.619498e-11,8.455850e-10,8.455850e-12
6.037793e+00,2.603327e-11,8.501562e-10,8.501562e-12
6.040577e+00,2.591365e-11,8.569481e-10,8.569481e-12
6.043361e+00,2.584342e-11,8.654632e-10,8.654632e-12
6.046144e+00,2.582712e-11,8.750537e-10,8.750537e-12
6.048928e+00,2.586832e-11,8.850203e-10,8.850203e-12
6.051712e+00,2.597052e-11,8.947305e-10,8.947305e-12
6.054495e+00,2.613514e-11,9.036653e-10,9.036653e-12
6.057279e+00,2.636218e-11,9.114290e-10,9.114290e-12
6.060063e+00,2.665102e-11,9.177848e-10,9.177848e-12
6.062846e+00,2.699924e-11,9.227049e-10,9.227049e-12
6.065630e+00,2.740362e-11,9.263943e-10,9.263943e-12
6.068414e+00,2.785922e-11,9.291854e-10,9.291854e-12
6.071197e+00,2.835782e-11,9.315132e-10,9.315132e-12
6.073981e+00,2.889222e-11,9.339530e-10,9.339530e-12
6.076765e+00,2.945301e-11,9.370879e-10,9.370879e-12
6.079549e+00,3.002764e-11,9.414219e-10,9.414219e-12
6.082332e+00,3.060487e-11,9.473602e-10,9.473602e-12
6.085116e+00,3.117225e-11,9.551376e-10,9.551376e-12
6.087900e+00,3.171603e-11,9.648078e-10,9.648078e-12
6.090683e+00,3.222412e-11,9.762553e-10,9.762553e-12
6.093467e+00,3.268543e-11,9.892009e-10,9.892009e-12
6.096251e+00,3.308956e-11,1.003267e-09,1.003267e-11
6.099034e+00,3.342822e-11,1.018016e-09,1.018016e-11
6.101818e+00,3.369417e-11,1.032955e-09,1.032955e-11
6.104602e+00,3.388264e-11,1.047613e-09,1.047613e-11
6.107385e+00,3.399172e-11,1.061584e-09,1.061584e-11
6.110169e+00,3.402113e-11,1.074507e-09,1.074507e-11
6.112953e+00,3.397252e-11,1.086120e-09,1.086120e-11
6.115736e+00,3.385006e-11,1.096279e-09,1.096279e-11
6.118520e+00,3.365821e-11,1.104888e-09,1.104888e-11
6.121304e+00,3.340186e-11,1.111924e-09,1.111924e-11
6.124087e+00,3.308880e-11,1.117473e-09,1.117473e-11
6.126871e+00,3.272773e-11,1.121670e-09,1.121670e-11
6.129655e+00,3.232757e-11,1.124693e-09,1.124693e-11
6.132438e+00,3.189823e-11,1.126723e-09,1.126723e-11
6.135222e+00,3.145091e-11,1.127885e-09,1.127885e-11
6.138006e+00,3.099590e-11,1.128255e-09,1.128255e-11
6.140789e+00,3.054497e-11,1.127898e-09,1.127898e-11
6.143573e+00,3.011131e-11,1.126858e-09,1.126858e-11
6.146357e+00,2.970659e-11,1.125139e-09,1.125139e-11
6.149140e+00,2.934299e-11,1.122788e-09,1.122788e-11
6.151924e+00,2.903110e-11,1.119939e-09,1.119939e-11
6.154708e+00,2.878085e-11,1.116812e-09,1.116812e-11
6.157491e+00,2.860149e-11,1.113729e-09,1.113729e-11
6.160275e+00,2.849932e-11,1.111152e-09,1.111152e-11
6.163059e+00,2.847887e-11,1.109662e-09,1.109662e-11
6.165842e+00,2.854323e-11,1.109877e-09,1.109877e-11
6.168626e+00,2.869387e-11,1.112387e-09,1.112387e-11
6.171410e+00,2.893067e-11,1.117774e-09,1.117774e-11
6.174193e+00,2.925145e-11,1.126494e-09,1.126494e-11
6.176977e+00,2.965332e-11,1.138785e-09,1.138785e-11
6.179761e+00,3.013327e-11,1.154719e-09,1.154719e-11
6.182545e+00,3.068615e-11,1.174187e-09,1.174187e-11
6.185328e+00,3.130687e-11,1.196920e-09,1.196920e-11
6.188112e+00,3.198999e-11,1.222564e-09,1.222564e-11
6.190896e+00,3.272813e-11,1.250672e-09,1.250672e-11
6.193679e+00,3.351477e-11,1.280813e-09,1.280813e-11
6.196463e+00,3.434301e-11,1.312638e-09,1.312638e-11
6.199247e+00,3.520275e-11,1.345736e-09,1.345736e-11
6.202030e+00,3.608190e-11,1.379662e-09,1.379662e-11
6.204814e+00,3.696863e-11,1.414041e-09,1.414041e-11
6.207598e+00,3.785039e-11,1.448475e-09,1.448475e-11
6.210381e+00,3.871066e-11,1.482398e-09,1.482398e-11
6.213165e+00,3.953078e-11,1.515142e-09,1.515142e-11
6.215949e+00,4.029366e-11,1.545997e-09,1.545997e-11
6.218732e+00,4.098023e-11,1.574107e-09,1.574107e-11
6.221516e+00,4.156942e-11,1.598492e-09,1.598492e-11
6.224300e+00,4.204230e-11,1.618179e-09,1.618179e-11
6.227083e+00,4.237992e-11,1.632172e-09,1.632172e-11
6.229867e+00,4.256494e-11,1.639512e-09,1.639512e-11
6.232651e+00,4.258453e-11,1.639412e-09,1.639412e-11
6.235434e+00,4.242850e-11,1.631251e-09,1.631251e-11
6.238218e+00,4.208964e-11,1.614599e-09,1.614599e-11
6.241002e+00,4.156771e-11,1.589310e-09,1.589310e-11
6.243785e+00,4.086811e-11,1.555533e-09,1.555533e-11
6.246569e+00,3.999917e-11,1.513662e-09,1.513662e-11
6.249353e+00,3.897505e-11,1.464352e-09,1.464352e-11
6.252136e+00,3.781552e-11,1.408549e-09,1.408549e-11
6.254920e+00,3.654415e-11,1.347408e-09,1.347408e-11
6.257704e+00,3.518680e-11,1.282221e-09,1.282221e-11
6.260487e+00,3.377217e-11,1.214389e-09,1.214389e-11
6.263271e+00,3.233081e-11,1.145411e-09,1.145411e-11
6.266055e+00,3.089294e-11,1.076828e-09,1.076828e-11
6.268838e+00,2.948930e-11,1.010142e-09,1.010142e-11
6.271622e+00,2.814772e-11,9.467586e-10,9.467586e-12
6.274406e+00,2.689300e-11,8.879931e-10,8.879931e-12
6.277190e+00,2.574823e-11,8.350682e-10,8.350682e-12
6.279973e+00,2.473239e-11,7.890767e-10,7.890767e-12
6.282757e+00,2.385851e-11,7.508987e-10,7.508987e-12
6.285541e+00,2.313480e-11,7.211493e-10,7.211493e-12
6.288324e+00,2.256540e-11,7.001407e-10,7.001407e-12
6.291108e+00,2.214801e-11,6.878208e-10,6.878208e-12
6.293892e+00,2.187609e-11,6.837213e-10,6.837213e-12
6.296675e+00,2.173726e-11,6.869206e-10,6.869206e-12
6.299459e+00,2.171422e-11,6.961218e-10,6.961218e-12
6.302243e+00,2.178863e-11,7.098118e-10,7.098118e-12
6.305026e+00,2.193744e-11,7.263444e-10,7.263444e-12
6.307810e+00,2.213711e-11,7.440444e-10,7.440444e-12
6.310594e+00,2.236551e-11,7.613376e-10,7.613376e-12
6.313377e+00,2.259953e-11,7.768050e-10,7.768050e-12
6.316161e+00,2.281914e-11,7.892126e-10,7.892126e-12
6.318945e+00,2.300722e-11,7.975979e-10,7.975979e-12
6.321728e+00,2.315112e-11,8.013484e-10,8.013484e-12
6.324512e+00,2.324330e-11,8.001531e-10,8.001531e-12
6.327296e+00,2.327904e-11,7.940026e-10,7.940026e-12
6.330079e+00,2.325962e-11,7.832975e-10,7.832975e-12
6.332863e+00,2.319217e-11,7.687927e-10,7.687927e-12
6.335647e+00,2.308621e-11,7.514930e-10,7.514930e-12
6.338430e+00,2.295352e-11,7.326542e-10,7.326542e-12
6.341214e+00,2.280854e-11,7.136995e-10,7.136995e-12
6.343998e+00,2.266578e-11,6.960864e-10,6.960864e-12
6.346781e+00,2.253984e-11,6.811998e-10,6.811998e-12
6.349565e+00,2.244325e-11,6.701946e-10,6.701946e-12
6.352349e+00,2.238435e-11,6.638675e-10,6.638675e-12
6.355132e+00,2.237033e-11,6.626044e-10,6.626044e-12
6.357916e+00,2.240302e-11,6.663681e-10,6.663681e-12
6.360700e+00,2.247968e-11,6.747512e-10,6.747512e-12
6.363483e+00,2.259535e-11,6.870715e-10,6.870715e-12
6.366267e+00,2.274076e-11,7.025261e-10,7.025261e-12
6.369051e+00,2.290473e-11,7.202831e-10,7.202831e-12
6.371834e+00,2.307460e-11,7.394826e-10,7.394826e-12
6.374618e+00,2.323620e-11,7.593545e-10,7.593545e-12
6.377402e+00,2.337664e-11,7.792339e-10,7.792339e-12
6.380186e+00,2.348426e-11,7.984849e-10,7.984849e-12
6.382969e+00,2.354885e-11,8.165629e-10,8.165629e-12
6.385753e+00,2.356269e-11,8.329990e-10,8.329990e-12
6.388537e+00,2.352022e-11,8.473871e-10,8.473871e-12
6.391320e+00,2.342193e-11,8.594507e-10,8.594507e-12
6.394104e+00,2.327053e-11,8.689899e-10,8.689899e-12
6.396888e+00,2.306967e-11,8.758701e-10,8.758701e-12
6.399671e+00,2.282840e-11,8.800882e-10,8.800882e-12
6.402455e+00,2.255907e-11,8.817426e-10,8.817426e-12
6.405239e+00,2.227576e-11,8.809935e-10,8.809935e-12
6.408022e+00,2.199471e-11,8.780729e-10,8.780729e-12
6.410806e+00,2.173540e-11,8.732717e-10,8.732717e-12
6.413590e+00,2.151804e-11,8.669029e-10,8.669029e-12
6.416373e+00,2.136367e-11,8.593021e-10,8.593021e-12
6.419157e+00,2.129249e-11,8.508377e-10,8.508377e-12
6.421941e+00,2.132280e-11,8.419353e-10,8.419353e-12
6.424724e+00,2.147167e-11,8.331125e-10,8.331125e-12
6.427508e+00,2.175170e-11,8.249900e-10,8.249900e-12
6.430292e+00,2.217262e-11,8.183604e-10,8.183604e-12
6.433075e+00,2.273914e-11,8.141977e-10,8.141977e-12
6.435859e+00,2.344829e-11,8.135568e-10,8.135568e-12
6.438643e+00,2.429304e-11,8.175422e-10,8.175422e-12
6.441426e+00,2.526161e-11,8.272139e-10,8.272139e-12
6.444210e+00,2.633577e-11,8.433747e-10,8.433747e-12
6.446994e+00,2.749329e-11,8.664512e-10,8.664512e-12
6.449777e+00,2.871014e-11,8.964536e-10,8.964536e-12
6.452561e+00,2.996005e-11,9.329686e-10,9.329686e-12
6.455345e+00,3.121653e-11,9.752396e-10,9.752396e-12
6.458128e+00,3.245376e-11,1.022289e-09,1.022289e-11
6.460912e+00,3.364735e-11,1.073018e-09,1.073018e-11
6.463696e+00,3.477639e-11,1.126334e-09,1.126334e-11
6.466479e+00,3.582410e-11,1.181269e-09,1.181269e-11
6.469263e+00,3.677933e-11,1.236974e-09,1.236974e-11
6.472047e+00,3.763480e-11,1.292652e-09,1.292652e-11
6.474831e+00,3.838733e-11,1.347550e-09,1.347550e-11
6.477614e+00,3.903830e-11,1.400974e-09,1.400974e-11
6.480398e+00,3.959239e-11,1.452236e-09,1.452236e-11
6.483182e+00,4.005657e-11,1.500612e-09,1.500612e-11
6.485965e+00,4.044034e-11,1.545356e-09,1.545356e-11
6.488749e+00,4.075468e-11,1.585701e-09,1.585701e-11
6.491533e+00,4.100969e-11,1.620891e-09,1.620891e-11
6.494316e+00,4.121719e-11,1.650232e-09,1.650232e-11
6.497100e+00,4.138734e-11,1.673080e-09,1.673080e-11
6.499884e+00,4.152751e-11,1.688880e-09,1.688880e-11
6.502667e+00,4.164625e-11,1.697253e-09,1.697253e-11
6.505451e+00,4.174879e-11,1.697997e-09,1.697997e-11
6.508235e+00,4.183811e-11,1.691082e-09,1.691082e-11
6.511018e+00,4.191750e-11,1.676685e-09,1.676685e-11
6.513802e+00,4.198605e-11,1.655207e-09,1.655207e-11
6.516586e+00,4.204107e-11,1.627286e-09,1.627286e-11
6.519369e+00,4.207896e-11,1.593809e-09,1.593809e-11
6.522153e+00,4.209403e-11,1.555873e-09,1.555873e-11
6.524937e+00,4.207962e-11,1.514712e-09,1.514712e-11
6.527720e+00,4.202663e-11,1.471647e-09,1.471647e-11
6.530504e+00,4.192740e-11,1.428070e-09,1.428070e-11
6.533288e+00,4.177495e-11,1.385308e-09,1.385308e-11
6.536071e+00,4.156041e-11,1.344483e-09,1.344483e-11
6.538855e+00,4.127936e-11,1.306526e-09,1.306526e-11
6.541639e+00,4.093146e-11,1.272161e-09,1.272161e-11
6.544422e+00,4.051810e-11,1.241834e-09,1.241834e-11
6.547206e+00,4.004469e-11,1.215742e-09,1.215742e-11
6.549990e+00,3.952047e-11,1.193944e-09,1.193944e-11
6.552773e+00,3.895895e-11,1.176430e-09,1.176430e-11
6.555557e+00,3.837544e-11,1.163173e-09,1.163173e-11
6.558341e+00,3.778797e-11,1.154228e-09,1.154228e-11
6.561124e+00,3.721774e-11,1.149753e-09,1.149753e-11
6.563908e+00,3.668353e-11,1.149930e-09,1.149930e-11
6.566692e+00,3.620258e-11,1.154957e-09,1.154957e-11
6.569475e+00,3.579048e-11,1.165012e-09,1.165012e-11
6.572259e+00,3.545993e-11,1.180156e-09,1.180156e-11
6.575043e+00,3.521934e-11,1.200273e-09,1.200273e-11
6.577827e+00,3.507210e-11,1.225053e-09,1.225053e-11
6.580610e+00,3.501743e-11,1.253959e-09,1.253959e-11
6.583394e+00,3.505027e-11,1.286248e-09,1.286248e-11
6.586178e+00,3.516183e-11,1.320995e-09,1.320995e-11
6.588961e+00,3.533967e-11,1.357114e-09,1.357114e-11
6.591745e+00,3.556991e-11,1.393454e-09,1.393454e-11
6.594529e+00,3.583692e-11,1.428831e-09,1.428831e-11
6.597312e+00,3.612326e-11,1.462066e-09,1.462066e-11
6.600096e+00,3.641236e-11,1.492078e-09,1.492078e-11
6.602880e+00,3.668884e-11,1.517909e-09,1.517909e-11
6.605663e+00,3.693811e-11,1.538736e-09,1.538736e-11
6.608447e+00,3.714663e-11,1.553913e-09,1.553913e-11
6.611231e+00,3.730336e-11,1.562977e-09,1.562977e-11
6.614014e+00,3.740040e-11,1.565673e-09,1.565673e-11
6.616798e+00,3.743265e-11,1.561958e-09,1.561958e-11
6.619582e+00,3.739740e-11,1.551961e-09,1.551961e-11
6.622365e+00,3.729484e-11,1.535975e-09,1.535975e-11
6.625149e+00,3.712780e-11,1.514443e-09,1.514443e-11
6.627933e+00,3.690069e-11,1.487948e-09,1.487948e-11
6.630716e+00,3.662125e-11,1.457202e-09,1.457202e-11
6.633500e+00,3.629978e-11,1.423018e-09,1.423018e-11
6.636284e+00,3.594737e-11,1.386276e-09,1.386276e-11
6.639067e+00,3.557456e-11,1.347887e-09,1.347887e-11
6.641851e+00,3.519207e-11,1.308811e-09,1.308811e-11
6.644635e+00,3.481210e-11,1.270034e-09,1.270034e-11
6.647418e+00,3.444328e-11,1.232456e-09,1.232456e-11
6.650202e+00,3.409127e-11,1.196884e-09,1.196884e-11
6.652986e+00,3.376074e-11,1.164054e-09,1.164054e-11
6.655769e+00,3.345333e-11,1.134533e-09,1.134533e-11
6.658553e+00,3.316686e-11,1.108632e-09,1.108632e-11
6.661337e+00,3.289537e-11,1.086435e-09,1.086435e-11
6.664120e+00,3.263096e-11,1.067796e-09,1.067796e-11
6.666904e+00,3.236465e-11,1.052330e-09,1.052330e-11
6.669688e+00,3.208648e-11,1.039440e-09,1.039440e-11
6.672472e+00,3.178597e-11,1.028370e-09,1.028370e-11
6.675255e+00,3.145371e-11,1.018295e-09,1.018295e-11
6.678039e+00,3.108346e-11,1.008393e-09,1.008393e-11
6.680823e+00,3.067183e-11,9.979111e-10,9.979111e-12
6.683606e+00,3.021814e-11,9.862185e-10,9.862185e-12
6.686390e+00,2.972530e-11,9.728252e-10,9.728252e-12
6.689174e+00,2.920047e-11,9.574539e-10,9.574539e-12
6.691957e+00,2.865449e-11,9.400493e-10,9.400493e-12
6.694741e+00,2.809936e-11,9.207053e-10,9.207053e-12
6.697525e+00,2.754946e-11,8.996945e-10,8.996945e-12
6.700308e+00,2.702034e-11,8.774883e-10,8.774883e-12
6.703092e+00,2.652611e-11,8.546974e-10,8.546974e-12
6.705876e+00,2.608075e-11,8.320568e-10,8.320568e-12
6.708659e+00,2.569553e-11,8.104041e-10,8.104041e-12
6.711443e+00,2.537948e-11,7.906398e-10,7.906398e-12
6.714227e+00,2.513922e-11,7.736650e-10,7.736650e-12
6.717010e+00,2.497689e-11,7.602831e-10,7.602831e-12
6.719794e+00,2.489283e-11,7.511351e-10,7.511351e-12
6.722578e+00,2.488386e-11,7.466091e-10,7.466091e-12
6.725361e+00,2.494308e-11,7.467620e-10,7.467620e-12
6.728145e+00,2.506166e-11,7.513277e-10,7.513277e-12
6.730929e+00,2.522726e-11,7.597438e-10,7.597438e-12
6.733712e+00,2.542564e-11,7.712320e-10,7.712320e-12
6.736496e+00,2.564186e-11,7.849229e-10,7.849229e-12
6.739280e+00,2.585979e-11,7.999544e-10,7.999544e-12
6.742063e+00,2.606330e-11,8.155170e-10,8.155170e-12
6.744847e+00,2.623678e-11,8.308755e-10,8.308755e-12
6.747631e+00,2.636477e-11,8.454241e-10,8.454241e-12
6.750414e+00,2.643479e-11,8.586595e-10,8.586595e-12
6.753198e+00,2.643683e-11,8.701414e-10,8.701414e-12
6.755982e+00,2.636408e-11,8.795364e-10,8.795364e-12
6.758765e+00,2.621468e-11,8.865320e-10,8.865320e-12
6.761549e+00,2.598895e-11,8.907876e-10,8.907876e-12
6.764333e+00,2.569164e-11,8.920369e-10,8.920369e-12
6.767116e+00,2.533213e-11,8.900503e-10,8.900503e-12
6.769900e+00,2.492306e-11,8.845993e-10,8.845993e-12
6.772684e+00,2.447996e-11,8.755343e-10,8.755343e-12
6.775468e+00,2.402000e-11,8.628027e-10,8.628027e-12
6.778251e+00,2.356267e-11,8.464493e-10,8.464493e-12
6.781035e+00,2.312674e-11,8.266530e-10,8.266530e-12
6.783819e+00,2.272963e-11,8.037686e-10,8.037686e-12
6.786602e+00,2.238830e-11,7.783966e-10,7.783966e-12
6.789386e+00,2.211576e-11,7.514508e-10,7.514508e-12
6.792170e+00,2.192191e-11,7.241385e-10,7.241385e-12
6.794953e+00,2.181306e-11,6.979674e-10,6.979674e-12
6.797737e+00,2.178974e-11,6.747918e-10,6.747918e-12
6.800521e+00,2.184894e-11,6.566838e-10,6.566838e-12
6.803304e+00,2.198466e-11,6.456566e-10,6.456566e-12
6.806088e+00,2.218676e-11,6.433246e-10,6.433246e-12
6.808872e+00,2.244202e-11,6.505354e-10,6.505354e-12
6.811655e+00,2.273654e-11,6.671413e-10,6.671413e-12
6.814439e+00,2.305533e-11,6.919996e-10,6.919996e-12
6.817223e+00,2.338276e-11,7.231971e-10,7.231971e-12
6.820006e+00,2.370461e-11,7.584116e-10,7.584116e-12
6.822790e+00,2.400910e-11,7.952382e-10,7.952382e-12
6.825574e+00,2.428599e-11,8.314093e-10,8.314093e-12
6.828357e+00,2.452621e-11,8.649612e-10,8.649612e-12
6.831141e+00,2.472438e-11,8.943311e-10,8.943311e-12
6.833925e+00,2.487854e-11,9.183623e-10,9.183623e-12
6.836708e+00,2.498749e-11,9.363025e-10,9.363025e-12
6.839492e+00,2.505296e-11,9.478113e-10,9.478113e-12
6.842276e+00,2.507840e-11,9.529636e-10,9.529636e-12
6.845059e+00,2.506890e-11,9.522412e-10,9.522412e-12
6.847843e+00,2.503279e-11,9.464669e-10,9.464669e-12
6.850627e+00,2.497840e-11,9.367302e-10,9.367302e-12
6.853410e+00,2.491535e-11,9.243550e-10,9.243550e-12
6.856194e+00,2.485403e-11,9.108467e-10,9.108467e-12
6.858978e+00,2.480520e-11,8.977693e-10,8.977693e-12
6.861761e+00,2.477930e-11,8.865920e-10,8.865920e-12
6.864545e+00,2.478611e-11,8.786025e-10,8.786025e-12
6.867329e+00,2.483578e-11,8.748419e-10,8.748419e-12
6.870113e+00,2.493614e-11,8.760050e-10,8.760050e-12
6.872896e+00,2.509386e-11,8.823936e-10,8.823936e-12
6.875680e+00,2.531363e-11,8.939487e-10,8.939487e-12
6.878464e+00,2.559705e-11,9.103314e-10,9.103314e-12
6.881247e+00,2.594508e-11,9.310142e-10,9.310142e-12
6.884031e+00,2.635562e-11,9.553616e-10,9.553616e-12
6.886815e+00,2.682335e-11,9.826956e-10,9.826956e-12
6.889598e+00,2.734153e-11,1.012335e-09,1.012335e-11
6.892382e+00,2.790006e-11,1.043634e-09,1.043634e-11
6.895166e+00,2.848759e-11,1.075972e-09,1.075972e-11
6.897949e+00,2.909224e-11,1.108723e-09,1.108723e-11
6.900733e+00,2.969860e-11,1.141254e-09,1.141254e-11
6.903517e+00,3.029134e-11,1.172930e-09,1.172930e-11
6.906300e+00,3.085591e-11,1.203108e-09,1.203108e-11
6.909084e+00,3.137533e-11,1.231110e-09,1.231110e-11
6.911868e+00,3.183435e-11,1.256263e-09,1.256263e-11
6.914651e+00,3.222129e-11,1.277951e-09,1.277951e-11
6.917435e+00,3.252314e-11,1.295552e-09,1.295552e-11
6.920219e+00,3.272784e-11,1.308490e-09,1.308490e-11
6.923002e+00,3.282985e-11,1.316332e-09,1.316332e-11
6.925786e+00,3.282392e-11,1.318710e-09,1.318710e-11
6.928570e+00,3.270495e-11,1.315306e-09,1.315306e-11
6.931353e+00,3.247403e-11,1.305986e-09,1.305986e-11
6.934137e+00,3.213405e-11,1.290771e-09,1.290771e-11
6.936921e+00,3.168933e-11,1.269767e-09,1.269767e-11
6.939704e+00,3.114733e-11,1.243223e-09,1.243223e-11
6.942488e+00,3.051884e-11,1.211576e-09,1.211576e-11
6.945272e+00,2.981779e-11,1.175403e-09,1.175403e-11
6.948055e+00,2.905948e-11,1.135413e-09,1.135413e-11
6.950839e+00,2.826187e-11,1.092449e-09,1.092449e-11
6.953623e+00,2.744491e-11,1.047477e-09,1.047477e-11
6.956406e+00,2.662918e-11,1.001548e-09,1.001548e-11
6.959190e+00,2.583605e-11,9.557711e-10,9.557711e-12
6.961974e+00,2.508706e-11,9.113316e-10,9.113316e-12
6.964757e+00,2.440228e-11,8.694367e-10,8.694367e-12
6.967541e+00,2.379835e-11,8.312671e-10,8.312671e-12
6.970325e+00,2.328980e-11,7.980054e-10,7.980054e-12
6.973109e+00,2.288821e-11,7.707320e-10,7.707320e-12
6.975892e+00,2.259882e-11,7.502746e-10,7.502746e-12
6.978676e+00,2.242254e-11,7.371881e-10,7.371881e-12
6.981460e+00,2.235528e-11,7.316488e-10,7.316488e-12
6.984243e+00,2.238797e-11,7.333365e-10,7.333365e-12
6.987027e+00,2.250799e-11,7.415114e-10,7.415114e-12
6.989811e+00,2.269844e-11,7.550633e-10,7.550633e-12
6.992594e+00,2.294019e-11,7.725808e-10,7.725808e-12
6.995378e+00,2.321228e-11,7.925673e-10,7.925673e-12
6.998162e+00,2.349278e-11,8.135529e-10,8.135529e-12
7.000945e+00,2.376126e-11,8.341621e-10,8.341621e-12
7.003729e+00,2.399874e-11,8.532351e-10,8.532351e-12
7.006513e+00,2.418819e-11,8.698536e-10,8.698536e-12
7.009296e+00,2.431622e-11,8.833256e-10,8.833256e-12
7.012080e+00,2.437294e-11,8.931788e-10,8.931788e-12
7.014864e+00,2.435178e-11,8.991493e-10,8.991493e-12
7.017647e+00,2.425036e-11,9.012037e-10,9.012037e-12
7.020431e+00,2.407017e-11,8.994842e-10,8.994842e-12
7.023215e+00,2.381564e-11,8.942322e-10,8.942322e-12
7.025998e+00,2.349431e-11,8.858080e-10,8.858080e-12
7.028782e+00,2.311606e-11,8.746588e-10,8.746588e-12
7.031566e+00,2.269244e-11,8.612790e-10,8.612790e-12
7.034349e+00,2.223676e-11,8.462021e-10,8.462021e-12
7.037133e+00,2.176247e-11,8.299350e-10,8.299350e-12
7.039917e+00,2.128327e-11,8.129913e-10,8.129913e-12
7.042700e+00,2.081347e-11,7.958959e-10,7.958959e-12
7.045484e+00,2.036611e-11,7.790607e-10,7.790607e-12
7.048268e+00,1.995275e-11,7.628236e-10,7.628236e-12
7.051051e+00,1.958483e-11,7.475352e-10,7.475352e-12
7.053835e+00,1.927267e-11,7.334872e-10,7.334872e-12
7.056619e+00,1.902318e-11,7.209059e-10,7.209059e-12
7.059402e+00,1.884177e-11,7.100436e-10,7.100436e-12
7.062186e+00,1.873201e-11,7.011796e-10,7.011796e-12
7.064970e+00,1.869405e-11,6.946352e-10,6.946352e-12
7.067754e+00,1.872674e-11,6.908259e-10,6.908259e-12
7.070537e+00,1.882697e-11,6.901793e-10,6.901793e-12
7.073321e+00,1.898797e-11,6.930425e-10,6.930425e-12
7.076105e+00,1.920173e-11,6.996874e-10,6.996874e-12
7.078888e+00,1.946128e-11,7.102432e-10,7.102432e-12
7.081672e+00,1.975770e-11,7.245629e-10,7.245629e-12
7.084456e+00,2.008186e-11,7.422084e-10,7.422084e-12
7.087239e+00,2.042595e-11,7.624829e-10,7.624829e-12
7.090023e+00,2.078227e-11,7.844723e-10,7.844723e-12
7.092807e+00,2.114493e-11,8.071481e-10,8.071481e-12
7.095590e+00,2.150837e-11,8.294097e-10,8.294097e-12
7.098374e+00,2.186740e-11,8.501544e-10,8.501544e-12
7.101158e+00,2.221698e-11,8.684192e-10,8.684192e-12
7.103941e+00,2.255224e-11,8.834123e-10,8.834123e-12
7.106725e+00,2.286825e-11,8.945271e-10,8.945271e-12
7.109509e+00,2.315859e-11,9.014089e-10,9.014089e-12
7.112292e+00,2.341559e-11,9.039464e-10,9.039464e-12
7.115076e+00,2.363117e-11,9.022548e-10,9.022548e-12
7.117860e+00,2.379748e-11,8.966737e-10,8.966737e-12
7.120643e+00,2.390559e-11,8.876732e-10,8.876732e-12
7.123427e+00,2.394642e-11,8.757988e-10,8.757988e-12
7.126211e+00,2.391358e-11,8.617007e-10,8.617007e-12
7.128994e+00,2.380183e-11,8.460383e-10,8.460383e-12
7.131778e+00,2.360638e-11,8.293608e-10,8.293608e-12
7.134562e+00,2.332736e-11,8.121903e-10,8.121903e-12
7.137345e+00,2.296874e-11,7.950305e-10,7.950305e-12
7.140129e+00,2.253573e-11,7.782422e-10,7.782422e-12
7.142913e+00,2.203730e-11,7.620855e-10,7.620855e-12
7.145696e+00,2.148511e-11,7.467761e-10,7.467761e-12
7.148480e+00,2.089363e-11,7.324474e-10,7.324474e-12
7.151264e+00,2.027934e-11,7.191492e-10,7.191492e-12
7.154047e+00,1.965864e-11,7.068517e-10,7.068517e-12
7.156831e+00,1.904901e-11,6.954536e-10,6.954536e-12
7.159615e+00,1.846750e-11,6.847960e-10,6.847960e-12
7.162398e+00,1.793040e-11,6.746753e-10,6.746753e-12
7.165182e+00,1.745303e-11,6.648699e-10,6.648699e-12
7.167966e+00,1.704889e-11,6.551554e-10,6.551554e-12
7.170750e+00,1.672977e-11,6.453251e-10,6.453251e-12
7.173533e+00,1.650507e-11,6.352252e-10,6.352252e-12
7.176317e+00,1.638155e-11,6.248082e-10,6.248082e-12
7.179101e+00,1.636395e-11,6.142048e-10,6.142048e-12
7.181884e+00,1.645442e-11,6.037601e-10,6.037601e-12
7.184668e+00,1.665119e-11,5.940736e-10,5.940736e-12
7.187452e+00,1.695085e-11,5.860627e-10,5.860627e-12
7.190235e+00,1.734715e-11,5.808987e-10,5.808987e-12
7.193019e+00,1.783014e-11,5.798428e-10,5.798428e-12
7.195803e+00,1.838751e-11,5.840538e-10,5.840538e-12
7.198586e+00,1.900496e-11,5.943098e-10,5.943098e-12
7.201370e+00,1.966625e-11,6.107327e-10,6.107327e-12
7.204154e+00,2.035255e-11,6.326805e-10,6.326805e-12
7.206937e+00,2.104576e-11,6.588422e-10,6.588422e-12
7.209721e+00,2.172886e-11,6.874398e-10,6.874398e-12
7.212505e+00,2.238425e-11,7.164407e-10,7.164407e-12
7.215288e+00,2.299666e-11,7.438137e-10,7.438137e-12
7.218072e+00,2.355408e-11,7.677935e-10,7.677935e-12
7.220856e+00,2.404804e-11,7.870281e-10,7.870281e-12
7.223639e+00,2.447468e-11,8.006343e-10,8.006343e-12
7.226423e+00,2.483230e-11,8.082219e-10,8.082219e-12
7.229207e+00,2.512301e-11,8.099138e-10,8.099138e-12
7.231990e+00,2.535299e-11,8.063046e-10,8.063046e-12
7.234774e+00,2.552942e-11,7.983756e-10,7.983756e-12
7.237558e+00,2.566115e-11,7.874405e-10,7.874405e-12
7.240341e+00,2.575789e-11,7.750190e-10,7.750190e-12
7.243125e+00,2.582933e-11,7.627098e-10,7.627098e-12
7.245909e+00,2.588550e-11,7.521123e-10,7.521123e-12
7.248692e+00,2.593442e-11,7.446207e-10,7.446207e-12
7.251476e+00,2.598059e-11,7.412718e-10,7.412718e-12
7.254260e+00,2.602958e-11,7.427497e-10,7.427497e-12
7.257043e+00,2.608660e-11,7.493198e-10,7.493198e-12
7.259827e+00,2.615430e-11,7.607599e-10,7.607599e-12
7.262611e+00,2.623468e-11,7.764317e-10,7.764317e-12
7.265395e+00,2.632908e-11,7.954060e-10,7.954060e-12
7.268178e+00,2.643932e-11,8.165865e-10,8.165865e-12
7.270962e+00,2.656730e-11,8.388104e-10,8.388104e-12
7.273746e+00,2.671425e-11,8.609326e-10,8.609326e-12
7.276529e+00,2.688078e-11,8.819096e-10,8.819096e-12
7.279313e+00,2.706691e-11,9.008441e-10,9.008441e-12
7.282097e+00,2.727253e-11,9.170453e-10,9.170453e-12
7.284880e+00,2.749731e-11,9.300931e-10,9.300931e-12
7.287664e+00,2.774047e-11,9.398145e-10,9.398145e-12
7.290448e+00,2.800151e-11,9.462770e-10,9.462770e-12
7.293231e+00,2.827819e-11,9.497859e-10,9.497859e-12
7.296015e+00,2.856743e-11,9.508660e-10,9.508660e-12
7.298799e+00,2.886888e-11,9.502808e-10,9.502808e-12
7.301582e+00,2.918158e-11,9.489555e-10,9.489555e-12
7.304366e+00,2.950366e-11,9.478993e-10,9.478993e-12
7.307150e+00,2.983527e-11,9.481981e-10,9.481981e-12
7.309933e+00,3.017636e-11,9.508904e-10,9.508904e-12
7.312717e+00,3.052585e-11,9.568463e-10,9.568463e-12
7.315501e+00,3.088386e-11,9.667480e-10,9.667480e-12
7.318284e+00,3.125009e-11,9.809937e-10,9.809937e-12
7.321068e+00,3.162261e-11,9.995935e-10,9.995935e-12
7.323852e+00,3.199808e-11,1.022212e-09,1.022212e-11
7.326635e+00,3.237191e-11,1.048235e-09,1.048235e-11
7.329419e+00,3.273897e-11,1.076803e-09,1.076803e-11
7.332203e+00,3.309144e-11,1.106900e-09,1.106900e-11
7.334986e+00,3.341997e-11,1.137443e-09,1.137443e-11
7.337770e+00,3.371439e-11,1.167350e-09,1.167350e-11
7.340554e+00,3.396393e-11,1.195608e-09,1.195608e-11
7.343337e+00,3.415842e-11,1.221317e-09,1.221317e-11
7.346121e+00,3.428851e-11,1.243718e-09,1.243718e-11
7.348905e+00,3.434734e-11,1.262236e-09,1.262236e-11
7.351688e+00,3.433120e-11,1.276504e-09,1.276504e-11
7.354472e+00,3.423871e-11,1.286323e-09,1.286323e-11
7.357256e+00,3.407081e-11,1.291678e-09,1.291678e-11
7.360039e+00,3.383336e-11,1.292765e-09,1.292765e-11
7.362823e+00,3.353660e-11,1.289965e-09,1.289965e-11
7.365607e+00,3.319266e-11,1.283787e-09,1.283787e-11
7.368391e+00,3.281587e-11,1.274876e-09,1.274876e-11
7.371174e+00,3.242297e-11,1.263972e-09,1.263972e-11
7.373958e+00,3.203023e-11,1.251849e-09,1.251849e-11
7.376742e+00,3.165390e-11,1.239298e-09,1.239298e-11
7.379525e+00,3.131079e-11,1.227112e-09,1.227112e-11
7.382309e+00,3.101533e-11,1.216039e-09,1.216039e-11
7.385093e+00,3.077970e-11,1.206735e-09,1.206735e-11
7.387876e+00,3.061406e-11,1.199742e-09,1.199742e-11
7.390660e+00,3.052644e-11,1.195490e-09,1.195490e-11
7.393444e+00,3.052206e-11,1.194257e-09,1.194257e-11
7.396227e+00,3.060323e-11,1.196131e-09,1.196131e-11
7.399011e+00,3.076907e-11,1.201062e-09,1.201062e-11
7.401795e+00,3.101694e-11,1.208901e-09,1.208901e-11
7.404578e+00,3.134162e-11,1.219366e-09,1.219366e-11
7.407362e+00,3.173436e-11,1.232069e-09,1.232069e-11
7.410146e+00,3.218514e-11,1.246546e-09,1.246546e-11
7.412929e+00,3.268026e-11,1.262249e-09,1.262249e-11
7.415713e+00,3.320329e-11,1.278592e-09,1.278592e-11
7.418497e+00,3.373820e-11,1.294981e-09,1.294981e-11
7.421280e+00,3.426699e-11,1.310777e-09,1.310777e-11
7.424064e+00,3.476992e-11,1.325308e-09,1.325308e-11
7.426848e+00,3.522777e-11,1.337883e-09,1.337883e-11
7.429631e+00,3.562202e-11,1.347810e-09,1.347810e-11
7.432415e+00,3.593608e-11,1.354422e-09,1.354422e-11
7.435199e+00,3.615431e-11,1.357109e-09,1.357109e-11
7.437982e+00,3.626320e-11,1.355344e-09,1.355344e-11
7.440766e+00,3.625283e-11,1.348672e-09,1.348672e-11
7.443550e+00,3.611637e-11,1.336770e-09,1.336770e-11
7.446333e+00,3.585099e-11,1.319516e-09,1.319516e-11
7.449117e+00,3.545738e-11,1.296907e-09,1.296907e-11
7.451901e+00,3.493886e-11,1.269008e-09,1.269008e-11
7.454684e+00,3.430249e-11,1.236055e-09,1.236055e-11
7.457468e+00,3.355967e-11,1.198449e-09,1.198449e-11
7.460252e+00,3.272269e-11,1.156636e-09,1.156636e-11
7.463036e+00,3.180558e-11,1.111137e-09,1.111137e-11
7.465819e+00,3.082697e-11,1.062610e-09,1.062610e-11
7.468603e+00,2.980593e-11,1.011801e-09,1.011801e-11
7.471387e+00,2.876098e-11,9.595230e-10,9.595230e-12
7.474170e+00,2.771223e-11,9.066996e-10,9.066996e-12
7.476954e+00,2.668035e-11,8.543641e-10,8.543641e-12
7.479738e+00,2.568568e-11,8.036414e-10,8.036414e-12
7.482521e+00,2.474730e-11,7.557192e-10,7.557192e-12
7.485305e+00,2.388316e-11,7.117926e-10,7.117926e-12
7.488089e+00,2.311060e-11,6.730194e-10,6.730194e-12
7.490872e+00,2.244504e-11,6.404293e-10,6.404293e-12
7.493656e+00,2.189912e-11,6.147874e-10,6.147874e-12
7.496440e+00,2.148241e-11,5.965195e-10,5.965195e-12
7.499223e+00,2.120293e-11,5.856815e-10,5.856815e-12
7.502007e+00,2.106529e-11,5.819658e-10,5.819658e-12
7.504791e+00,2.106890e-11,5.847785e-10,5.847785e-12
7.507574e+00,2.120976e-11,5.933684e-10,5.933684e-12
7.510358e+00,2.148070e-11,6.069771e-10,6.069771e-12
7.513142e+00,2.187026e-11,6.248961e-10,6.248961e-12
7.515925e+00,2.236168e-11,6.464416e-10,6.464416e-12
7.518709e+00,2.293620e-11,6.710054e-10,6.710054e-12
7.521493e+00,2.357410e-11,6.980310e-10,6.980310e-12
7.524276e+00,2.425200e-11,7.268861e-10,7.268861e-12
7.527060e+00,2.494600e-11,7.568760e-10,7.568760e-12
7.529844e+00,2.563409e-11,7.872781e-10,7.872781e-12
7.532627e+00,2.629498e-11,8.172886e-10,8.172886e-12
7.535411e+00,2.690979e-11,8.460677e-10,8.460677e-12
7.538195e+00,2.746266e-11,8.728036e-10,8.728036e-12
7.540978e+00,2.794058e-11,8.967102e-10,8.967102e-12
7.543762e+00,2.833565e-11,9.170991e-10,9.170991e-12
7.546546e+00,2.864460e-11,9.334623e-10,9.334623e-12
7.549329e+00,2.886761e-11,9.454404e-10,9.454404e-12
7.552113e+00,2.900896e-11,9.528083e-10,9.528083e-12
7.554897e+00,2.907592e-11,9.555490e-10,9.555490e-12
7.557680e+00,2.907917e-11,9.538575e-10,9.538575e-12
7.560464e+00,2.903169e-11,9.480782e-10,9.480782e-12
7.563248e+00,2.894813e-11,9.387264e-10,9.387264e-12
7.566032e+00,2.884392e-11,9.264832e-10,9.264832e-12
7.568815e+00,2.873344e-11,9.121235e-10,9.121235e-12
7.571599e+00,2.863091e-11,8.965212e-10,8.965212e-12
7.574383e+00,2.854858e-11,8.806408e-10,8.806408e-12
7.577166e+00,2.849685e-11,8.654923e-10,8.654923e-12
7.579950e+00,2.848362e-11,8.521186e-10,8.521186e-12
7.582734e+00,2.851371e-11,8.415432e-10,8.415432e-12
7.585517e+00,2.858901e-11,8.346846e-10,8.346846e-12
7.588301e+00,2.870674e-11,8.322934e-10,8.322934e-12
7.591085e+00,2.886313e-11,8.349311e-10,8.349311e-12
7.593868e+00,2.905334e-11,8.428887e-10,8.428887e-12
7.596652e+00,2.926726e-11,8.560737e-10,8.560737e-12
7.599436e+00,2.949414e-11,8.740627e-10,8.740627e-12
7.602219e+00,2.972361e-11,8.961633e-10,8.961633e-12
7.605003e+00,2.994382e-11,9.214450e-10,9.214450e-12
7.607787e+00,3.014365e-11,9.488447e-10,9.488447e-12
7.610570e+00,3.031200e-11,9.772420e-10,9.772420e-12
7.613354e+00,3.044012e-11,1.005555e-09,1.005555e-11
7.616138e+00,3.052170e-11,1.032821e-09,1.032821e-11
7.618921e+00,3.055194e-11,1.058198e-09,1.058198e-11
7.621705e+00,3.053016e-11,1.081035e-09,1.081035e-11
7.624489e+00,3.045903e-11,1.100892e-09,1.100892e-11
7.627272e+00,3.034399e-11,1.117506e-09,1.117506e-11
7.630056e+00,3.019321e-11,1.130795e-09,1.130795e-11
7.632840e+00,3.001822e-11,1.140882e-09,1.140882e-11
7.635623e+00,2.983377e-11,1.148052e-09,1.148052e-11
7.638407e+00,2.965397e-11,1.152703e-09,1.152703e-11
7.641191e+00,2.949317e-11,1.155341e-09,1.155341e-11
7.643974e+00,2.936716e-11,1.156563e-09,1.156563e-11
7.646758e+00,2.928888e-11,1.156972e-09,1.156972e-11
7.649542e+00,2.926712e-11,1.157110e-09,1.157110e-11
7.652325e+00,2.930911e-11,1.157462e-09,1.157462e-11
7.655109e+00,2.941923e-11,1.158404e-09,1.158404e-11
7.657893e+00,2.959662e-11,1.160121e-09,1.160121e-11
7.660677e+00,2.983682e-11,1.162612e-09,1.162612e-11
7.663460e+00,3.013311e-11,1.165706e-09,1.165706e-11
7.666244e+00,3.047504e-11,1.169076e-09,1.169076e-11
7.669028e+00,3.085046e-11,1.172319e-09,1.172319e-11
7.671811e+00,3.124651e-11,1.174986e-09,1.174986e-11
7.674595e+00,3.164849e-11,1.176648e-09,1.176648e-11
7.677379e+00,3.204323e-11,1.176983e-09,1.176983e-11
7.680162e+00,3.241783e-11,1.175765e-09,1.175765e-11
7.682946e+00,3.276021e-11,1.172910e-09,1.172910e-11
7.685730e+00,3.306217e-11,1.168510e-09,1.168510e-11
7.688513e+00,3.331665e-11,1.162758e-09,1.162758e-11
7.691297e+00,3.351856e-11,1.155921e-09,1.155921e-11
7.694081e+00,3.366521e-11,1.148322e-09,1.148322e-11
7.696864e+00,3.375621e-11,1.140316e-09,1.140316e-11
7.699648e+00,3.379454e-11,1.132276e-09,1.132276e-11
7.702432e+00,3.378441e-11,1.124541e-09,1.124541e-11
7.705215e+00,3.373189e-11,1.117401e-09,1.117401e-11
7.707999e+00,3.364619e-11,1.111120e-09,1.111120e-11
7.710783e+00,3.353642e-11,1.105885e-09,1.105885e-11
7.713566e+00,3.341200e-11,1.101813e-09,1.101813e-11
7.716350e+00,3.328430e-11,1.098997e-09,1.098997e-11
7.719134e+00,3.316445e-11,1.097505e-09,1.097505e-11
7.721917e+00,3.306179e-11,1.097340e-09,1.097340e-11
7.724701e+00,3.298526e-11,1.098476e-09,1.098476e-11
7.727485e+00,3.294341e-11,1.100920e-09,1.100920e-11
7.730268e+00,3.294202e-11,1.104696e-09,1.104696e-11
7.733052e+00,3.298357e-11,1.109813e-09,1.109813e-11
7.735836e+00,3.306863e-11,1.116308e-09,1.116308e-11
7.738619e+00,3.319631e-11,1.124226e-09,1.124226e-11
7.741403e+00,3.336186e-11,1.133563e-09,1.133563e-11
7.744187e+00,3.355784e-11,1.144266e-09,1.144266e-11
7.746970e+00,3.377618e-11,1.156226e-09,1.156226e-11
7.749754e+00,3.400719e-11,1.169254e-09,1.169254e-11
7.752538e+00,3.424021e-11,1.183083e-09,1.183083e-11
7.755321e+00,3.446453e-11,1.197395e-09,1.197395e-11
7.758105e+00,3.467059e-11,1.211870e-09,1.211870e-11
7.760889e+00,3.485084e-11,1.226196e-09,1.226196e-11
7.763673e+00,3.499931e-11,1.240104e-09,1.240104e-11
7.766456e+00,3.511175e-11,1.253418e-09,1.253418e-11
7.769240e+00,3.518636e-11,1.266025e-09,1.266025e-11
7.772024e+00,3.522314e-11,1.277857e-09,1.277857e-11
7.774807e+00,3.522302e-11,1.288889e-09,1.288889e-11
7.777591e+00,3.518806e-11,1.299089e-09,1.299089e-11
7.780375e+00,3.512011e-11,1.308399e-09,1.308399e-11
7.783158e+00,3.502104e-11,1.316724e-09,1.316724e-11
7.785942e+00,3.489221e-11,1.323899e-09,1.323899e-11
7.788726e+00,3.473346e-11,1.329723e-09,1.329723e-11
7.791509e+00,3.454512e-11,1.334000e-09,1.334000e-11
7.794293e+00,3.432625e-11,1.336515e-09,1.336515e-11
7.797077e+00,3.407495e-11,1.337047e-09,1.337047e-11
7.799860e+00,3.379047e-11,1.335435e-09,1.335435e-11
7.802644e+00,3.347167e-11,1.331583e-09,1.331583e-11
7.805428e+00,3.311866e-11,1.325464e-09,1.325464e-11
7.808211e+00,3.273325e-11,1.317149e-09,1.317149e-11
7.810995e+00,3.231807e-11,1.306816e-09,1.306816e-11
7.813779e+00,3.187798e-11,1.294702e-09,1.294702e-11
7.816562e+00,3.141847e-11,1.281052e-09,1.281052e-11
7.819346e+00,3.094541e-11,1.266130e-09,1.266130e-11
7.822130e+00,3.046685e-11,1.250231e-09,1.250231e-11
7.824913e+00,2.999107e-11,1.233642e-09,1.233642e-11
7.827697e+00,2.952617e-11,1.216595e-09,1.216595e-11
7.830481e+00,2.908093e-11,1.199274e-09,1.199274e-11
7.833264e+00,2.866313e-11,1.181839e-09,1.181839e-11
7.836048e+00,2.828071e-11,1.164468e-09,1.164468e-11
7.838832e+00,2.794206e-11,1.147354e-09,1.147354e-11
7.841615e+00,2.765452e-11,1.130667e-09,1.130667e-11
7.844399e+00,2.742473e-11,1.114582e-09,1.114582e-11
7.847183e+00,2.725862e-11,1.099331e-09,1.099331e-11
7.849966e+00,2.716217e-11,1.085222e-09,1.085222e-11
7.852750e+00,2.713917e-11,1.072633e-09,1.072633e-11
7.855534e+00,2.719080e-11,1.061992e-09,1.061992e-11
7.858317e+00,2.731765e-11,1.053780e-09,1.053780e-11
7.861101e+00,2.751741e-11,1.048524e-09,1.048524e-11
7.863885e+00,2.778450e-11,1.046689e-09,1.046689e-11
7.866669e+00,2.811005e-11,1.048601e-09,1.048601e-11
7.869452e+00,2.848239e-11,1.054385e-09,1.054385e-11
7.872236e+00,2.888774e-11,1.063870e-09,1.063870e-11
7.875020e+00,2.930882e-11,1.076496e-09,1.076496e-11
7.877803e+00,2.972673e-11,1.091332e-09,1.091332e-11
7.880587e+00,3.012157e-11,1.107121e-09,1.107121e-11
7.883371e+00,3.047425e-11,1.122415e-09,1.122415e-11
7.886154e+00,3.076716e-11,1.135699e-09,1.135699e-11
7.888938e+00,3.098425e-11,1.145465e-09,1.145465e-11
7.891722e+00,3.111439e-11,1.150440e-09,1.150440e-11
7.894505e+00,3.115007e-11,1.149724e-09,1.149724e-11
7.897289e+00,3.108857e-11,1.142773e-09,1.142773e-11
7.900073e+00,3.093416e-11,1.129470e-09,1.129470e-11
7.902856e+00,3.069526e-11,1.110124e-09,1.110124e-11
7.905640e+00,3.038460e-11,1.085417e-09,1.085417e-11
7.908424e+00,3.002021e-11,1.056391e-09,1.056391e-11
7.911207e+00,2.962239e-11,1.024314e-09,1.024314e-11
7.913991e+00,2.921327e-11,9.906399e-10,9.906399e-12
7.916775e+00,2.881795e-11,9.569748e-10,9.569748e-12
7.919558e+00,2.846140e-11,9.249106e-10,9.249106e-12
7.922342e+00,2.816544e-11,8.960101e-10,8.960101e-12
7.925126e+00,2.795099e-11,8.718108e-10,8.718108e-12
7.927909e+00,2.783773e-11,8.537383e-10,8.537383e-12
7.930693e+00,2.784134e-11,8.430848e-10,8.430848e-12
7.933477e+00,2.797383e-11,8.409547e-10,8.409547e-12
7.936260e+00,2.824398e-11,8.481625e-10,8.481625e-12
7.939044e+00,2.865651e-11,8.651676e-10,8.651676e-12
7.941828e+00,2.920963e-11,8.920001e-10,8.920001e-12
7.944611e+00,2.989708e-11,9.282485e-10,9.282485e-12
7.947395e+00,3.071003e-11,9.730918e-10,9.730918e-12
7.950179e+00,3.163225e-11,1.025301e-09,1.025301e-11
7.952962e+00,3.264202e-11,1.083338e-09,1.083338e-11
7.955746e+00,3.371550e-11,1.145441e-09,1.145441e-11
7.958530e+00,3.482289e-11,1.209618e-09,1.209618e-11
7.961314e+00,3.592938e-11,1.273732e-09,1.273732e-11
7.964097e+00,3.700004e-11,1.335625e-09,1.335625e-11
7.966881e+00,3.800002e-11,1.393155e-09,1.393155e-11
7.969665e+00,3.889301e-11,1.444248e-09,1.444248e-11
7.972448e+00,3.964466e-11,1.486973e-09,1.486973e-11
7.975232e+00,4.022535e-11,1.519634e-09,1.519634e-11
7.978016e+00,4.060977e-11,1.540840e-09,1.540840e-11
7.980799e+00,4.077791e-11,1.549532e-09,1.549532e-11
7.983583e+00,4.071601e-11,1.545036e-09,1.545036e-11
7.986367e+00,4.041831e-11,1.527138e-09,1.527138e-11
7.989150e+00,3.988621e-11,1.496078e-09,1.496078e-11
7.991934e+00,3.912663e-11,1.452511e-09,1.452511e-11
7.994718e+00,3.815385e-11,1.397528e-09,1.397528e-11
7.997501e+00,3.698827e-11,1.332647e-09,1.332647e-11
8.000285e+00,3.565442e-11,1.259734e-09,1.259734e-11
8.003069e+00,3.418067e-11,1.180943e-09,1.180943e-11
8.005852e+00,3.259778e-11,1.098645e-09,1.098645e-11
8.008636e+00,3.093863e-11,1.015391e-09,1.015391e-11
8.011420e+00,2.923743e-11,9.337702e-10,9.337702e-12
8.014203e+00,2.752704e-11,8.562391e-10,8.562391e-12
8.016987e+00,2.583912e-11,7.849588e-10,7.849588e-12
8.019771e+00,2.420458e-11,7.215919e-10,7.215919e-12
8.022554e+00,2.265153e-11,6.670937e-10,6.670937e-12
8.025338e+00,2.120534e-11,6.215510e-10,6.215510e-12
8.028122e+00,1.988803e-11,5.841535e-10,5.841535e-12
8.030905e+00,1.871933e-11,5.534432e-10,5.534432e-12
8.033689e+00,1.771456e-11,5.276457e-10,5.276457e-12
8.036473e+00,1.688396e-11,5.050510e-10,5.050510e-12
8.039256e+00,1.623515e-11,4.844363e-10,4.844363e-12
8.042040e+00,1.577082e-11,4.653090e-10,4.653090e-12
8.044824e+00,1.549053e-11,4.480036e-10,4.480036e-12
8.047607e+00,1.538945e-11,4.336389e-10,4.336389e-12
8.050391e+00,1.545808e-11,4.239026e-10,4.239026e-12
8.053175e+00,1.568366e-11,4.207095e-10,4.207095e-12
8.055958e+00,1.605114e-11,4.256804e-10,4.256804e-12
8.058742e+00,1.654421e-11,4.396040e-10,4.396040e-12
8.061526e+00,1.714317e-11,4.621944e-10,4.621944e-12
8.064310e+00,1.782784e-11,4.922300e-10,4.922300e-12
8.067093e+00,1.857911e-11,5.279649e-10,5.279649e-12
8.069877e+00,1.937807e-11,5.675166e-10,5.675166e-12
8.072661e+00,2.020620e-11,6.091157e-10,6.091157e-12
8.075444e+00,2.104710e-11,6.513026e-10,6.513026e-12
8.078228e+00,2.188687e-11,6.929579e-10,6.929579e-12
8.081012e+00,2.271305e-11,7.332561e-10,7.332561e-12
8.083795e+00,2.351445e-11,7.716474e-10,7.716474e-12
8.086579e+00,2.428160e-11,8.077813e-10,8.077813e-12
8.089363e+00,2.500771e-11,8.414491e-10,8.414491e-12
8.092146e+00,2.568761e-11,8.725571e-10,8.725571e-12
8.094930e+00,2.631765e-11,9.010375e-10,9.010375e-12
8.097714e+00,2.689490e-11,9.267966e-10,9.267966e-12
8.100497e+00,2.741843e-11,9.497302e-10,9.497302e-12
8.103281e+00,2.788869e-11,9.697027e-10,9.697027e-12
8.106065e+00,2.830721e-11,9.865595e-10,9.865595e-12
8.108848e+00,2.867885e-11,1.000181e-09,1.000181e-11
8.111632e+00,2.900837e-11,1.010487e-09,1.010487e-11
8.114416e+00,2.930031e-11,1.017463e-09,1.017463e-11
8.117199e+00,2.956234e-11,1.021228e-09,1.021228e-11
8.119983e+00,2.980198e-11,1.022038e-09,1.022038e-11
8.122767e+00,3.002553e-11,1.020299e-09,1.020299e-11
8.125550e+00,3.024020e-11,1.016552e-09,1.016552e-11
8.128334e+00,3.045128e-11,1.011448e-09,1.011448e-11
8.131118e+00,3.066203e-11,1.005681e-09,1.005681e-11
8.133901e+00,3.087472e-11,9.999240e-10,9.999240e-12
8.136685e+00,3.108964e-11,9.948164e-10,9.948164e-12
8.139469e+00,3.130453e-11,9.908765e-10,9.908765e-12
8.142252e+00,3.151404e-11,9.883814e-10,9.883814e-12
8.145036e+00,3.171140e-11,9.873907e-10,9.873907e-12
8.147820e+00,3.188797e-11,9.877590e-10,9.877590e-12
8.150603e+00,3.203302e-11,9.891114e-10,9.891114e-12
8.153387e+00,3.213650e-11,9.909017e-10,9.909017e-12
8.156171e+00,3.218741e-11,9.924557e-10,9.924557e-12
8.158955e+00,3.217388e-11,9.930258e-10,9.930258e-12
8.161738e+00,3.208685e-11,9.918932e-10,9.918932e-12
8.164522e+00,3.191875e-11,9.883854e-10,9.883854e-12
8.167306e+00,3.166372e-11,9.819233e-10,9.819233e-12
8.170089e+00,3.132055e-11,9.721234e-10,9.721234e-12
8.172873e+00,3.089000e-11,9.587508e-10,9.587508e-12
8.175657e+00,3.037567e-11,9.417142e-10,9.417142e-12
8.178440e+00,2.978633e-11,9.211633e-10,9.211633e-12
8.181224e+00,2.913282e-11,8.974250e-10,8.974250e-12
8.184008e+00,2.842793e-11,8.709422e-10,8.709422e-12
8.186791e+00,2.768692e-11,8.423322e-10,8.423322e-12
8.189575e+00,2.692716e-11,8.123240e-10,8.123240e-12
8.192359e+00,2.616574e-11,7.816929e-10,7.816929e-12
8.195142e+00,2.542000e-11,7.513053e-10,7.513053e-12
8.197926e+00,2.470824e-11,7.220352e-10,7.220352e-12
8.200710e+00,2.404532e-11,6.946804e-10,6.946804e-12
8.203493e+00,2.344526e-11,6.700161e-10,6.700161e-12
8.206277e+00,2.292013e-11,6.487495e-10,6.487495e-12
8.209061e+00,2.247799e-11,6.314684e-10,6.314684e-12
8.211844e+00,2.212507e-11,6.186421e-10,6.186421e-12
8.214628e+00,2.186395e-11,6.105726e-10,6.105726e-12
8.217412e+00,2.169430e-11,6.073711e-10,6.073711e-12
8.220195e+00,2.161232e-11,6.089141e-10,6.089141e-12
8.222979e+00,2.161106e-11,6.148409e-10,6.148409e-12
8.225763e+00,2.168151e-11,6.245832e-10,6.245832e-12
8.228546e+00,2.181195e-11,6.373677e-10,6.373677e-12
8.231330e+00,2.198896e-11,6.522903e-10,6.522903e-12
8.234114e+00,2.219779e-11,6.683708e-10,6.683708e-12
8.236897e+00,2.242387e-11,6.846140e-10,6.846140e-12
8.239681e+00,2.265374e-11,7.001160e-10,7.001160e-12
8.242465e+00,2.287463e-11,7.140791e-10,7.140791e-12
8.245248e+00,2.307520e-11,7.258454e-10,7.258454e-12
8.248032e+00,2.324788e-11,7.349832e-10,7.349832e-12
8.250816e+00,2.338793e-11,7.412650e-10,7.412650e-12
8.253599e+00,2.349206e-11,7.446725e-10,7.446725e-12
8.256383e+00,2.356206e-11,7.454705e-10,7.454705e-12
8.259167e+00,2.360253e-11,7.441539e-10,7.441539e-12
8.261951e+00,2.361943e-11,7.414150e-10,7.414150e-12
8.264734e+00,2.362358e-11,7.381737e-10,7.381737e-12
8.267518e+00,2.362578e-11,7.354677e-10,7.354677e-12
8.270302e+00,2.363718e-11,7.343621e-10,7.343621e-12
8.273085e+00,2.367184e-11,7.359279e-10,7.359279e-12
8.275869e+00,2.374300e-11,7.411035e-10,7.411035e-12
8.278653e+00,2.386259e-11,7.505601e-10,7.505601e-12
8.281436e+00,2.404200e-11,7.646655e-10,7.646655e-12
8.284220e+00,2.429046e-11,7.834611e-10,7.834611e-12
8.287004e+00,2.461547e-11,8.066875e-10,8.066875e-12
8.289787e+00,2.502356e-11,8.338518e-10,8.338518e-12
8.292571e+00,2.551728e-11,8.642796e-10,8.642796e-12
8.295355e+00,2.609696e-11,8.972626e-10,8.972626e-12
8.298138e+00,2.676246e-11,9.321657e-10,9.321657e-12
8.300922e+00,2.751071e-11,9.683648e-10,9.683648e-12
8.303706e+00,2.833531e-11,1.005337e-09,1.005337e-11
8.306489e+00,2.922965e-11,1.042778e-09,1.042778e-11
8.309273e+00,3.018624e-11,1.080455e-09,1.080455e-11
8.312057e+00,3.119369e-11,1.118157e-09,1.118157e-11
8.314840e+00,3.223841e-11,1.155720e-09,1.155720e-11
8.317624e+00,3.330538e-11,1.192931e-09,1.192931e-11
8.320408e+00,3.437839e-11,1.229495e-09,1.229495e-11
8.323191e+00,3.543912e-11,1.265015e-09,1.265015e-11
8.325975e+00,3.646664e-11,1.298913e-09,1.298913e-11
8.328759e+00,3.743997e-11,1.330451e-09,1.330451e-11
8.331542e+00,3.833743e-11,1.358743e-09,1.358743e-11
8.334326e+00,3.913596e-11,1.382785e-09,1.382785e-11
8.337110e+00,3.981543e-11,1.401576e-09,1.401576e-11
8.339893e+00,4.035858e-11,1.414189e-09,1.414189e-11
8.342677e+00,4.074917e-11,1.419792e-09,1.419792e-11
8.345461e+00,4.097483e-11,1.417764e-09,1.417764e-11
8.348244e+00,4.102868e-11,1.407786e-09,1.407786e-11
8.351028e+00,4.090821e-11,1.389856e-09,1.389856e-11
8.353812e+00,4.061518e-11,1.364314e-09,1.364314e-11
8.356596e+00,4.015757e-11,1.331890e-09,1.331890e-11
8.359379e+00,3.954732e-11,1.293661e-09,1.293661e-11
8.362163e+00,3.879997e-11,1.250978e-09,1.250978e-11
8.364947e+00,3.793673e-11,1.205419e-09,1.205419e-11
8.367730e+00,3.698015e-11,1.158687e-09,1.158687e-11
8.370514e+00,3.595368e-11,1.112469e-09,1.112469e-11
8.373298e+00,3.488480e-11,1.068345e-09,1.068345e-11
8.376081e+00,3.380144e-11,1.027668e-09,1.027668e-11
8.378865e+00,3.272951e-11,9.913959e-10,9.913959e-12
8.381649e+00,3.169459e-11,9.600522e-10,9.600522e-12
8.384432e+00,3.072192e-11,9.337578e-10,9.337578e-12
8.387216e+00,2.983404e-11,9.122320e-10,9.122320e-12
8.390000e+00,2.904931e-11,8.949087e-10,8.949087e-12
8.392783e+00,2.838281e-11,8.811374e-10,8.811374e-12
8.395567e+00,2.784560e-11,8.703269e-10,8.703269e-12
8.398351e+00,2.744331e-11,8.620413e-10,8.620413e-12
8.401134e+00,2.717570e-11,8.560711e-10,8.560711e-12
8.403918e+00,2.703743e-11,8.524797e-10,8.524797e-12
8.406702e+00,2.701951e-11,8.515221e-10,8.515221e-12
8.409485e+00,2.710584e-11,8.534321e-10,8.534321e-12
8.412269e+00,2.727485e-11,8.583062e-10,8.583062e-12
8.415053e+00,2.750450e-11,8.660520e-10,8.660520e-12
8.417836e+00,2.776979e-11,8.762046e-10,8.762046e-12
8.420620e+00,2.804265e-11,8.878404e-10,8.878404e-12
8.423404e+00,2.829656e-11,8.997382e-10,8.997382e-12
8.426187e+00,2.850768e-11,9.105185e-10,9.105185e-12
8.428971e+00,2.865477e-11,9.187539e-10,9.187539e-12
8.431755e+00,2.872131e-11,9.231257e-10,9.231257e-12
8.434538e+00,2.869504e-11,9.225690e-10,9.225690e-12
8.437322e+00,2.856995e-11,9.164305e-10,9.164305e-12
8.440106e+00,2.834784e-11,9.044847e-10,9.044847e-12
8.442889e+00,2.803330e-11,8.868979e-10,8.868979e-12
8.445673e+00,2.763648e-11,8.643263e-10,8.643263e-12
8.448457e+00,2.717403e-11,8.378769e-10,8.378769e-12
8.451240e+00,2.666315e-11,8.089392e-10,8.089392e-12
8.454024e+00,2.612313e-11,7.791456e-10,7.791456e-12
8.456808e+00,2.557449e-11,7.503060e-10,7.503060e-12
8.459592e+00,2.503619e-11,7.242038e-10,7.242038e-12
8.462375e+00,2.452540e-11,7.024336e-10,7.024336e-12
8.465159e+00,2.405738e-11,6.862837e-10,6.862837e-12
8.467943e+00,2.364419e-11,6.765362e-10,6.765362e-12
8.470726e+00,2.329428e-11,6.733904e-10,6.733904e-12
8.473510e+00,2.301413e-11,6.765493e-10,6.765493e-12
8.476294e+00,2.280662e-11,6.852786e-10,6.852786e-12
8.479077e+00,2.267201e-11,6.985831e-10,6.985831e-12
8.481861e+00,2.260983e-11,7.154433e-10,7.154433e-12
8.484645e+00,2.261662e-11,7.349002e-10,7.349002e-12
8.487428e+00,2.268712e-11,7.561307e-10,7.561307e-12
8.490212e+00,2.281603e-11,7.785310e-10,7.785310e-12
8.492996e+00,2.299775e-11,8.016965e-10,8.016965e-12
8.495779e+00,2.322612e-11,8.253741e-10,8.253741e-12
8.498563e+00,2.349389e-11,8.494282e-10,8.494282e-12
8.501347e+00,2.379471e-11,8.737876e-10,8.737876e-12
8.504130e+00,2.412375e-11,8.984095e-10,8.984095e-12
8.506914e+00,2.447700e-11,9.232501e-10,9.232501e-12
8.509698e+00,2.485154e-11,9.482107e-10,9.482107e-12
8.512481e+00,2.524657e-11,9.731187e-10,9.731187e-12
8.515265e+00,2.566410e-11,9.977392e-10,9.977392e-12
8.518049e+00,2.610703e-11,1.021789e-09,1.021789e-11
8.520832e+00,2.658020e-11,1.044961e-09,1.044961e-11
8.523616e+00,2.709051e-11,1.066958e-09,1.066958e-11
8.526400e+00,2.764433e-11,1.087526e-09,1.087526e-11
8.529183e+00,2.824825e-11,1.106499e-09,1.106499e-11
8.531967e+00,2.890853e-11,1.123862e-09,1.123862e-11
8.534751e+00,2.962876e-11,1.139756e-09,1.139756e-11
8.537534e+00,3.040918e-11,1.154463e-09,1.154463e-11
8.540318e+00,3.124716e-11,1.168412e-09,1.168412e-11
8.543102e+00,3.213619e-11,1.182140e-09,1.182140e-11
8.545885e+00,3.306568e-11,1.196232e-09,1.196232e-11
8.548669e+00,3.402225e-11,1.211242e-09,1.211242e-11
8.551453e+00,3.498787e-11,1.227614e-09,1.227614e-11
8.554237e+00,3.594267e-11,1.245641e-09,1.245641e-11
8.557020e+00,3.686729e-11,1.265445e-09,1.265445e-11
8.559804e+00,3.774104e-11,1.286963e-09,1.286963e-11
8.562588e+00,3.854498e-11,1.309963e-09,1.309963e-11
8.565371e+00,3.926279e-11,1.334103e-09,1.334103e-11
8.568155e+00,3.988142e-11,1.358969e-09,1.358969e-11
8.570939e+00,4.039233e-11,1.384100e-09,1.384100e-11
8.573722e+00,4.079139e-11,1.409020e-09,1.409020e-11
8.576506e+00,4.107957e-11,1.433243e-09,1.433243e-11
8.579290e+00,4.126203e-11,1.456259e-09,1.456259e-11
8.582073e+00,4.134808e-11,1.477551e-09,1.477551e-11
8.584857e+00,4.135042e-11,1.496599e-09,1.496599e-11
8.587641e+00,4.128415e-11,1.512866e-09,1.512866e-11
8.590424e+00,4.116564e-11,1.525829e-09,1.525829e-11
8.593208e+00,4.101218e-11,1.535021e-09,1.535021e-11
8.595992e+00,4.084043e-11,1.540051e-09,1.540051e-11
8.598775e+00,4.066477e-11,1.540637e-09,1.540637e-11
8.601559e+00,4.049980e-11,1.536671e-09,1.536671e-11
8.604343e+00,4.035767e-11,1.528244e-09,1.528244e-11
8.607126e+00,4.024719e-11,1.515629e-09,1.515629e-11
8.609910e+00,4.017566e-11,1.499292e-09,1.499292e-11
8.612694e+00,4.014691e-11,1.479912e-09,1.479912e-11
8.615477e+00,4.016281e-11,1.458356e-09,1.458356e-11
8.618261e+00,4.022354e-11,1.435624e-09,1.435624e-11
8.621045e+00,4.032589e-11,1.412822e-09,1.412822e-11
8.623828e+00,4.046510e-11,1.391105e-09,1.391105e-11
8.626612e+00,4.063572e-11,1.371597e-09,1.371597e-11
8.629396e+00,4.083051e-11,1.355288e-09,1.355288e-11
8.632179e+00,4.104178e-11,1.342971e-09,1.342971e-11
8.634963e+00,4.126241e-11,1.335160e-09,1.335160e-11
8.637747e+00,4.148544e-11,1.332063e-09,1.332063e-11
8.640530e+00,4.170585e-11,1.333590e-09,1.333590e-11
8.643314e+00,4.192040e-11,1.339391e-09,1.339391e-11
8.646098e+00,4.212838e-11,1.348960e-09,1.348960e-11
8.648881e+00,4.233258e-11,1.361762e-09,1.361762e-11
8.651665e+00,4.253732e-11,1.377328e-09,1.377328e-11
8.654449e+00,4.275028e-11,1.395343e-09,1.395343e-11
8.657233e+00,4.298132e-11,1.415713e-09,1.415713e-11
8.660016e+00,4.324092e-11,1.438602e-09,1.438602e-11
8.662800e+00,4.354041e-11,1.464372e-09,1.464372e-11
8.665584e+00,4.388877e-11,1.493496e-09,1.493496e-11
8.668367e+00,4.429304e-11,1.526550e-09,1.526550e-11
8.671151e+00,4.475816e-11,1.564091e-09,1.564091e-11
8.673935e+00,4.528398e-11,1.606514e-09,1.606514e-11
8.676718e+00,4.586633e-11,1.653993e-09,1.653993e-11
8.679502e+00,4.649624e-11,1.706398e-09,1.706398e-11
8.682286e+00,4.715862e-11,1.763253e-09,1.763253e-11
8.685069e+00,4.783469e-11,1.823753e-09,1.823753e-11
8.687853e+00,4.850174e-11,1.886762e-09,1.886762e-11
8.690637e+00,4.913395e-11,1.950860e-09,1.950860e-11
8.693420e+00,4.970418e-11,2.014423e-09,2.014423e-11
8.696204e+00,5.018534e-11,2.075687e-09,2.075687e-11
8.698988e+00,5.055059e-11,2.132840e-09,2.132840e-11
8.701771e+00,5.077476e-11,2.184070e-09,2.184070e-11
8.704555e+00,5.083784e-11,2.227660e-09,2.227660e-11
8.707339e+00,5.072379e-11,2.262076e-09,2.262076e-11
8.710122e+00,5.042138e-11,2.285993e-09,2.285993e-11
8.712906e+00,4.992510e-11,2.298359e-09,2.298359e-11
8.715690e+00,4.923643e-11,2.298437e-09,2.298437e-11
8.718473e+00,4.836406e-11,2.285798e-09,2.285798e-11
8.721257e+00,4.732049e-11,2.260332e-09,2.260332e-11
8.724041e+00,4.612402e-11,2.222272e-09,2.222272e-11
8.726824e+00,4.479877e-11,2.172166e-09,2.172166e-11
8.729608e+00,4.337240e-11,2.110865e-09,2.110865e-11
8.732392e+00,4.187547e-11,2.039478e-09,2.039478e-11
8.735175e+00,4.033953e-11,1.959326e-09,1.959326e-11
8.737959e+00,3.879719e-11,1.871920e-09,1.871920e-11
8.740743e+00,3.728052e-11,1.778943e-09,1.778943e-11
8.743526e+00,3.581897e-11,1.682195e-09,1.682195e-11
8.746310e+00,3.443887e-11,1.583575e-09,1.583575e-11
8.749094e+00,3.316238e-11,1.485052e-09,1.485052e-11
8.751878e+00,3.200639e-11,1.388634e-09,1.388634e-11
8.754661e+00,3.098322e-11,1.296335e-09,1.296335e-11
8.757445e+00,3.009860e-11,1.210111e-09,1.210111e-11
8.760229e+00,2.935044e-11,1.131763e-09,1.131763e-11
8.763012e+00,2.873163e-11,1.062822e-09,1.062822e-11
8.765796e+00,2.822927e-11,1.004403e-09,1.004403e-11
8.768580e+00,2.782530e-11,9.570136e-10,9.570136e-12
8.771363e+00,2.749820e-11,9.204375e-10,9.204375e-12
8.774147e+00,2.722369e-11,8.937081e-10,8.937081e-12
8.776931e+00,2.697633e-11,8.751867e-10,8.751867e-12
8.779714e+00,2.673141e-11,8.628121e-10,8.628121e-12
8.782498e+00,2.646606e-11,8.543625e-10,8.543625e-12
8.785282e+00,2.616007e-11,8.476826e-10,8.476826e-12
8.788065e+00,2.579819e-11,8.409159e-10,8.409159e-12
8.790849e+00,2.537020e-11,8.325914e-10,8.325914e-12
8.793633e+00,2.487021e-11,8.216024e-10,8.216024e-12
8.796416e+00,2.429822e-11,8.072606e-10,8.072606e-12
8.799200e+00,2.366039e-11,7.893183e-10,7.893183e-12
8.801984e+00,2.296687e-11,7.678235e-10,7.678235e-12
8.804767e+00,2.223104e-11,7.430166e-10,7.430166e-12
8.807551e+00,2.147023e-11,7.153580e-10,7.153580e-12
8.810335e+00,2.070395e-11,6.854849e-10,6.854849e-12
8.813118e+00,1.995225e-11,6.541103e-10,6.541103e-12
8.815902e+00,1.923505e-11,6.219816e-10,6.219816e-12
8.818686e+00,1.857092e-11,5.899038e-10,5.899038e-12
8.821469e+00,1.797748e-11,5.587401e-10,5.587401e-12
8.824253e+00,1.746905e-11,5.293568e-10,5.293568e-12
8.827037e+00,1.705640e-11,5.026319e-10,5.026319e-12
8.829820e+00,1.674727e-11,4.794487e-10,4.794487e-12
8.832604e+00,1.654472e-11,4.606306e-10,4.606306e-12
8.835388e+00,1.644892e-11,4.468840e-10,4.468840e-12
8.838171e+00,1.645647e-11,4.386921e-10,4.386921e-12
8.840955e+00,1.656039e-11,4.362475e-10,4.362475e-12
8.843739e+00,1.675122e-11,4.394275e-10,4.394275e-12
8.846522e+00,1.701800e-11,4.478103e-10,4.478103e-12
8.849306e+00,1.734874e-11,4.607762e-10,4.607762e-12
8.852090e+00,1.773036e-11,4.775741e-10,4.775741e-12
8.854874e+00,1.815022e-11,4.974159e-10,4.974159e-12
8.857657e+00,1.859703e-11,5.195871e-10,5.195871e-12
8.860441e+00,1.906172e-11,5.434355e-10,5.434355e-12
8.863225e+00,1.953693e-11,5.683330e-10,5.683330e-12
8.866008e+00,2.001677e-11,5.936854e-10,5.936854e-12
8.868792e+00,2.049928e-11,6.189347e-10,6.189347e-12
8.871576e+00,2.098610e-11,6.435516e-10,6.435516e-12
8.874359e+00,2.148035e-11,6.670530e-10,6.670530e-12
8.877143e+00,2.198747e-11,6.890442e-10,6.890442e-12
8.879927e+00,2.251585e-11,7.092969e-10,7.092969e-12
8.882710e+00,2.307569e-11,7.278495e-10,7.278495e-12
8.885494e+00,2.367752e-11,7.450728e-10,7.450728e-12
8.888278e+00,2.433218e-11,7.617273e-10,7.617273e-12
8.891061e+00,2.504935e-11,7.790318e-10,7.790318e-12
8.893845e+00,2.583696e-11,7.986662e-10,7.986662e-12
8.896629e+00,2.670134e-11,8.226269e-10,8.226269e-12
8.899412e+00,2.764457e-11,8.529898e-10,8.529898e-12
8.902196e+00,2.866471e-11,8.916345e-10,8.916345e-12
8.904980e+00,2.975566e-11,9.398992e-10,9.398992e-12
8.907763e+00,3.090579e-11,9.983027e-10,9.983027e-12
8.910547e+00,3.210028e-11,1.066464e-09,1.066464e-11
8.913331e+00,3.332050e-11,1.143147e-09,1.143147e-11
8.916114e+00,3.454387e-11,1.226394e-09,1.226394e-11
8.918898e+00,3.574524e-11,1.313726e-09,1.313726e-11
8.921682e+00,3.689767e-11,1.402394e-09,1.402394e-11
8.924465e+00,3.797492e-11,1.489579e-09,1.489579e-11
8.927249e+00,3.895169e-11,1.572481e-09,1.572481e-11
8.930033e+00,3.980170e-11,1.648430e-09,1.648430e-11
8.932816e+00,4.050257e-11,1.715071e-09,1.715071e-11
8.935600e+00,4.103732e-11,1.770426e-09,1.770426e-11
8.938384e+00,4.138995e-11,1.812882e-09,1.812882e-11
8.941167e+00,4.154898e-11,1.841269e-09,1.841269e-11
8.943951e+00,4.150872e-11,1.854913e-09,1.854913e-11
8.946735e+00,4.126743e-11,1.853621e-09,1.853621e-11
8.949519e+00,4.082818e-11,1.837690e-09,1.837690e-11
8.952302e+00,4.019931e-11,1.807901e-09,1.807901e-11
8.955086e+00,3.939330e-11,1.765461e-09,1.765461e-11
8.957870e+00,3.842684e-11,1.711941e-09,1.711941e-11
8.960653e+00,3.732093e-11,1.649245e-09,1.649245e-11
8.963437e+00,3.609986e-11,1.579527e-09,1.579527e-11
8.966221e+00,3.479156e-11,1.505069e-09,1.505069e-11
8.969004e+00,3.342572e-11,1.428205e-09,1.428205e-11
8.971788e+00,3.203382e-11,1.351230e-09,1.351230e-11
8.974572e+00,3.064827e-11,1.276290e-09,1.276290e-11
8.977355e+00,2.930140e-11,1.205271e-09,1.205271e-11
8.980139e+00,2.802485e-11,1.139719e-09,1.139719e-11
8.982923e+00,2.684687e-11,1.080757e-09,1.080757e-11
8.985706e+00,2.579350e-11,1.029076e-09,1.029076e-11
8.988490e+00,2.488693e-11,9.849740e-10,9.849740e-12
8.991274e+00,2.414330e-11,9.484115e-10,9.484115e-12
8.994057e+00,2.357315e-11,9.190929e-10,9.190929e-12
8.996841e+00,2.318103e-11,8.965789e-10,8.965789e-12
8.999625e+00,2.296520e-11,8.803984e-10,8.803984e-12
9.002408e+00,2.291735e-11,8.700821e-10,8.700821e-12
9.005192e+00,2.302331e-11,8.651502e-10,8.651502e-12
9.007976e+00,2.326425e-11,8.651150e-10,8.651150e-12
9.010759e+00,2.361743e-11,8.694507e-10,8.694507e-12
9.013543e+00,2.405731e-11,8.775411e-10,8.775411e-12
9.016327e+00,2.455655e-11,8.887032e-10,8.887032e-12
9.019110e+00,2.508820e-11,9.022271e-10,9.022271e-12
9.021894e+00,2.562662e-11,9.173707e-10,9.173707e-12
9.024678e+00,2.614780e-11,9.334004e-10,9.334004e-12
9.027461e+00,2.663094e-11,9.496346e-10,9.496346e-12
9.030245e+00,2.705820e-11,9.654509e-10,9.654509e-12
9.033029e+00,2.741534e-11,9.803214e-10,9.803214e-12
9.035812e+00,2.769265e-11,9.937972e-10,9.937972e-12
9.038596e+00,2.788413e-11,1.005476e-09,1.005476e-11
9.041380e+00,2.798698e-11,1.015022e-09,1.015022e-11
9.044163e+00,2.800150e-11,1.022154e-09,1.022154e-11
9.046947e+00,2.793104e-11,1.026655e-09,1.026655e-11
9.049731e+00,2.778303e-11,1.028381e-09,1.028381e-11
9.052515e+00,2.756668e-11,1.027210e-09,1.027210e-11
9.055298e+00,2.729211e-11,1.023068e-09,1.023068e-11
9.058082e+00,2.697245e-11,1.015982e-09,1.015982e-11
9.060866e+00,2.662150e-11,1.006064e-09,1.006064e-11
9.063649e+00,2.625340e-11,9.934996e-10,9.934996e-12
9.066433e+00,2.588196e-11,9.785756e-10,9.785756e-12
9.069217e+00,2.551931e-11,9.617249e-10,9.617249e-12
9.072000e+00,2.517746e-11,9.435632e-10,9.435632e-12
9.074784e+00,2.486604e-11,9.248429e-10,9.248429e-12
9.077568e+00,2.458960e-11,9.064177e-10,9.064177e-12
9.080351e+00,2.435101e-11,8.892769e-10,8.892769e-12
9.083135e+00,2.415107e-11,8.744318e-10,8.744318e-12
9.085919e+00,2.398515e-11,8.627291e-10,8.627291e-12
9.088702e+00,2.384699e-11,8.547858e-10,8.547858e-12
9.091486e+00,2.372970e-11,8.508768e-10,8.508768e-12
9.094270e+00,2.362400e-11,8.507895e-10,8.507895e-12
9.097053e+00,2.351986e-11,8.538484e-10,8.538484e-12
9.099837e+00,2.340875e-11,8.590597e-10,8.590597e-12
9.102621e+00,2.328496e-11,8.652657e-10,8.652657e-12
9.105404e+00,2.314476e-11,8.712756e-10,8.712756e-12
9.108188e+00,2.298610e-11,8.759849e-10,8.759849e-12
9.110972e+00,2.281055e-11,8.785346e-10,8.785346e-12
9.113755e+00,2.262377e-11,8.784045e-10,8.784045e-12
9.116539e+00,2.243339e-11,8.753967e-10,8.753967e-12
9.119323e+00,2.224989e-11,8.696109e-10,8.696109e-12
9.122106e+00,2.208544e-11,8.613909e-10,8.613909e-12
9.124890e+00,2.195198e-11,8.512639e-10,8.512639e-12
9.127674e+00,2.186145e-11,8.399235e-10,8.399235e-12
9.130457e+00,2.182555e-11,8.281618e-10,8.281618e-12
9.133241e+00,2.185358e-11,8.167754e-10,8.167754e-12
9.136025e+00,2.195114e-11,8.065555e-10,8.065555e-12
9.138808e+00,2.212266e-11,7.982920e-10,7.982920e-12
9.141592e+00,2.237008e-11,7.927004e-10,7.927004e-12
9.144376e+00,2.269178e-11,7.903636e-10,7.903636e-12
9.147160e+00,2.308454e-11,7.917324e-10,7.917324e-12
9.149943e+00,2.354220e-11,7.970369e-10,7.970369e-12
9.152727e+00,2.405631e-11,8.062322e-10,8.062322e-12
9.155511e+00,2.461961e-11,8.190665e-10,8.190665e-12
9.158294e+00,2.522330e-11,8.350362e-10,8.350362e-12
9.161078e+00,2.585592e-11,8.533661e-10,8.533661e-12
9.163862e+00,2.650653e-11,8.731760e-10,8.731760e-12
9.166645e+00,2.716444e-11,8.935837e-10,8.935837e-12
9.169429e+00,2.781859e-11,9.137119e-10,9.137119e-12
9.172213e+00,2.845751e-11,9.327742e-10,9.327742e-12
9.174996e+00,2.907039e-11,9.501831e-10,9.501831e-12
9.177780e+00,2.964675e-11,9.655565e-10,9.655565e-12
9.180564e+00,3.017652e-11,9.787051e-10,9.787051e-12
9.183347e+00,3.065112e-11,9.896590e-10,9.896590e-12
9.186131e+00,3.106317e-11,9.986441e-10,9.986441e-12
9.188915e+00,3.140788e-11,1.006029e-09,1.006029e-11
9.191698e+00,3.168298e-11,1.012246e-09,1.012246e-11
9.194482e+00,3.188705e-11,1.017682e-09,1.017682e-11
9.197266e+00,3.202140e-11,1.022658e-09,1.022658e-11
9.200049e+00,3.208996e-11,1.027370e-09,1.027370e-11
9.202833e+00,3.209675e-11,1.031811e-09,1.031811e-11
9.205617e+00,3.204673e-11,1.035788e-09,1.035788e-11
9.208400e+00,3.194562e-11,1.038974e-09,1.038974e-11
9.211184e+00,3.179846e-11,1.040945e-09,1.040945e-11
9.213968e+00,3.161018e-11,1.041272e-09,1.041272e-11
9.216751e+00,3.138516e-11,1.039575e-09,1.039575e-11
9.219535e+00,3.112515e-11,1.035548e-09,1.035548e-11
9.222319e+00,3.083105e-11,1.029035e-09,1.029035e-11
9.225102e+00,3.050482e-11,1.020078e-09,1.020078e-11
9.227886e+00,3.014768e-11,1.008888e-09,1.008888e-11
9.230670e+00,2.976087e-11,9.957981e-10,9.957981e-12
9.233453e+00,2.934609e-11,9.812314e-10,9.812314e-12
9.236237e+00,2.890618e-11,9.656876e-10,9.656876e-12
9.239021e+00,2.844716e-11,9.497204e-10,9.497204e-12
9.241804e+00,2.797666e-11,9.338677e-10,9.338677e-12
9.244588e+00,2.750276e-11,9.186076e-10,9.186076e-12
9.247372e+00,2.703555e-11,9.043741e-10,9.043741e-12
9.250156e+00,2.658751e-11,8.915681e-10,8.915681e-12
9.252939e+00,2.617114e-11,8.805726e-10,8.805726e-12
9.255723e+00,2.579991e-11,8.717996e-10,8.717996e-12
9.258507e+00,2.548758e-11,8.657388e-10,8.657388e-12
9.261290e+00,2.524598e-11,8.629775e-10,8.629775e-12
9.264074e+00,2.508579e-11,8.642001e-10,8.642001e-12
9.266858e+00,2.501718e-11,8.701729e-10,8.701729e-12
9.269641e+00,2.504867e-11,8.816453e-10,8.816453e-12
9.272425e+00,2.518517e-11,8.991999e-10,8.991999e-12
9.275209e+00,2.542998e-11,9.231340e-10,9.231340e-12
9.277992e+00,2.578418e-11,9.533598e-10,9.533598e-12
9.280776e+00,2.624608e-11,9.893693e-10,9.893693e-12
9.283560e+00,2.681269e-11,1.030267e-09,1.030267e-11
9.286343e+00,2.747741e-11,1.074842e-09,1.074842e-11
9.289127e+00,2.823153e-11,1.121708e-09,1.121708e-11
9.291911e+00,2.906561e-11,1.169444e-09,1.169444e-11
9.294694e+00,2.996599e-11,1.216668e-09,1.216668e-11
9.297478e+00,3.091711e-11,1.262114e-09,1.262114e-11
9.300262e+00,3.190238e-11,1.304704e-09,1.304704e-11
9.303045e+00,3.290238e-11,1.343581e-09,1.343581e-11
9.305829e+00,3.389686e-11,1.378084e-09,1.378084e-11
9.308613e+00,3.486398e-11,1.407706e-09,1.407706e-11
9.311396e+00,3.578199e-11,1.432105e-09,1.432105e-11
9.314180e+00,3.663044e-11,1.451104e-09,1.451104e-11
9.316964e+00,3.738952e-11,1.464623e-09,1.464623e-11
9.319747e+00,3.804226e-11,1.472658e-09,1.472658e-11
9.322531e+00,3.857481e-11,1.475316e-09,1.475316e-11
9.325315e+00,3.897709e-11,1.472818e-09,1.472818e-11
9.328098e+00,3.924302e-11,1.465471e-09,1.465471e-11
9.330882e+00,3.937051e-11,1.453667e-09,1.453667e-11
9.333666e+00,3.936238e-11,1.437885e-09,1.437885e-11
9.336449e+00,3.922483e-11,1.418666e-09,1.418666e-11
9.339233e+00,3.896782e-11,1.396596e-09,1.396596e-11
9.342017e+00,3.860493e-11,1.372267e-09,1.372267e-11
9.344801e+00,3.815096e-11,1.346244e-09,1.346244e-11
9.347584e+00,3.762262e-11,1.319029e-09,1.319029e-11
9.350368e+00,3.703750e-11,1.291028e-09,1.291028e-11
9.353152e+00,3.641304e-11,1.262572e-09,1.262572e-11
9.355935e+00,3.576741e-11,1.233905e-09,1.233905e-11
9.358719e+00,3.511784e-11,1.205159e-09,1.205159e-11
9.361503e+00,3.448098e-11,1.176391e-09,1.176391e-11
9.364286e+00,3.387273e-11,1.147633e-09,1.147633e-11
9.367070e+00,3.330774e-11,1.118905e-09,1.118905e-11
9.369854e+00,3.279911e-11,1.090252e-09,1.090252e-11
9.372637e+00,3.235792e-11,1.061789e-09,1.061789e-11
9.375421e+00,3.199396e-11,1.033766e-09,1.033766e-11
9.378205e+00,3.171556e-11,1.006618e-09,1.006618e-11
9.380988e+00,3.152849e-11,9.809740e-10,9.809740e-12
9.383772e+00,3.143510e-11,9.576621e-10,9.576621e-12
9.386556e+00,3.143602e-11,9.377231e-10,9.377231e-12
9.389339e+00,3.152917e-11,9.223353e-10,9.223353e-12
9.392123e+00,3.171041e-11,9.126886e-10,9.126886e-12
9.394907e+00,3.197278e-11,9.098351e-10,9.098351e-12
9.397690e+00,3.230631e-11,9.145113e-10,9.145113e-12
9.400474e+00,3.270152e-11,9.270199e-10,9.270199e-12
9.403258e+00,3.314704e-11,9.471532e-10,9.471532e-12
9.406041e+00,3.362890e-11,9.741802e-10,9.741802e-12
9.408825e+00,3.413333e-11,1.006991e-09,1.006991e-11
9.411609e+00,3.464757e-11,1.044271e-09,1.044271e-11
9.414392e+00,3.515886e-11,1.084627e-09,1.084627e-11
9.417176e+00,3.565469e-11,1.126713e-09,1.126713e-11
9.419960e+00,3.612390e-11,1.169354e-09,1.169354e-11
9.422743e+00,3.655657e-11,1.211588e-09,1.211588e-11
9.425527e+00,3.694389e-11,1.252662e-09,1.252662e-11
9.428311e+00,3.727774e-11,1.292020e-09,1.292020e-11
9.431094e+00,3.755155e-11,1.329279e-09,1.329279e-11
9.433878e+00,3.776051e-11,1.364190e-09,1.364190e-11
9.436662e+00,3.790005e-11,1.396561e-09,1.396561e-11
9.439445e+00,3.796614e-11,1.426217e-09,1.426217e-11
9.442229e+00,3.795670e-11,1.452967e-09,1.452967e-11
9.445013e+00,3.787061e-11,1.476560e-09,1.476560e-11
9.447797e+00,3.770683e-11,1.496680e-09,1.496680e-11
9.450580e+00,3.746658e-11,1.512953e-09,1.512953e-11
9.453364e+00,3.715259e-11,1.524961e-09,1.524961e-11
9.456148e+00,3.676829e-11,1.532274e-09,1.532274e-11
9.458931e+00,3.632016e-11,1.534498e-09,1.534498e-11
9.461715e+00,3.581655e-11,1.531314e-09,1.531314e-11
9.464499e+00,3.526690e-11,1.522504e-09,1.522504e-11
9.467282e+00,3.468291e-11,1.508005e-09,1.508005e-11
9.470066e+00,3.407782e-11,1.487917e-09,1.487917e-11
9.472850e+00,3.346537e-11,1.462508e-09,1.462508e-11
9.475633e+00,3.286003e-11,1.432219e-09,1.432219e-11
9.478417e+00,3.227640e-11,1.397659e-09,1.397659e-11
9.481201e+00,3.172882e-11,1.359580e-09,1.359580e-11
9.483984e+00,3.123091e-11,1.318845e-09,1.318845e-11
9.486768e+00,3.079436e-11,1.276407e-09,1.276407e-11
9.489552e+00,3.042893e-11,1.233298e-09,1.233298e-11
9.492335e+00,3.014329e-11,1.190610e-09,1.190610e-11
9.495119e+00,2.994481e-11,1.149469e-09,1.149469e-11
9.497903e+00,2.983753e-11,1.111041e-09,1.111041e-11
9.500686e+00,2.982423e-11,1.076524e-09,1.076524e-11
9.503470e+00,2.990640e-11,1.047122e-09,1.047122e-11
9.506254e+00,3.008203e-11,1.024021e-09,1.024021e-11
9.509037e+00,3.034838e-11,1.008346e-09,1.008346e-11
9.511821e+00,3.070124e-11,1.001094e-09,1.001094e-11
9.514605e+00,3.113415e-11,1.003020e-09,1.003020e-11
9.517388e+00,3.163934e-11,1.014537e-09,1.014537e-11
9.520172e+00,3.220653e-11,1.035649e-09,1.035649e-11
9.522956e+00,3.282405e-11,1.065904e-09,1.065904e-11
9.525739e+00,3.347975e-11,1.104439e-09,1.104439e-11
9.528523e+00,3.416011e-11,1.150042e-09,1.150042e-11
9.531307e+00,3.484916e-11,1.201201e-09,1.201201e-11
9.534090e+00,3.553054e-11,1.256192e-09,1.256192e-11
9.536874e+00,3.618785e-11,1.313168e-09,1.313168e-11
9.539658e+00,3.680368e-11,1.370224e-09,1.370224e-11
9.542442e+00,3.736111e-11,1.425443e-09,1.425443e-11
9.545225e+00,3.784274e-11,1.476937e-09,1.476937e-11
9.548009e+00,3.823245e-11,1.522919e-09,1.522919e-11
9.550793e+00,3.851625e-11,1.561734e-09,1.561734e-11
9.553576e+00,3.868234e-11,1.591899e-09,1.591899e-11
9.556360e+00,3.872128e-11,1.612142e-09,1.612142e-11
9.559144e+00,3.862493e-11,1.621406e-09,1.621406e-11
9.561927e+00,3.838980e-11,1.618921e-09,1.618921e-11
9.564711e+00,3.801587e-11,1.604237e-09,1.604237e-11
9.567495e+00,3.750508e-11,1.577227e-09,1.577227e-11
9.570278e+00,3.686341e-11,1.538122e-09,1.538122e-11
9.573062e+00,3.609993e-11,1.487531e-09,1.487531e-11
9.575846e+00,3.522614e-11,1.426415e-09,1.426415e-11
9.578629e+00,3.425542e-11,1.356075e-09,1.356075e-11
9.581413e+00,3.320327e-11,1.278199e-09,1.278199e-11
9.584197e+00,3.208766e-11,1.194864e-09,1.194864e-11
9.586980e+00,3.092749e-11,1.108436e-09,1.108436e-11
9.589764e+00,2.974222e-11,1.021540e-09,1.021540e-11
9.592548e+00,2.855247e-11,9.370276e-10,9.370276e-12
9.595331e+00,2.738088e-11,8.578774e-10,8.578774e-12
9.598115e+00,2.625062e-11,7.869832e-10,7.869832e-12
9.600899e+00,2.518414e-11,7.267971e-10,7.267971e-12
9.603682e+00,2.420405e-11,6.789433e-10,6.789433e-12
9.606466e+00,2.333159e-11,6.438712e-10,6.438712e-12
9.609250e+00,2.258699e-11,6.206844e-10,6.206844e-12
9.612033e+00,2.198872e-11,6.073812e-10,6.073812e-12
9.614817e+00,2.155122e-11,6.014179e-10,6.014179e-12
9.617601e+00,2.128525e-11,6.003862e-10,6.003862e-12
9.620384e+00,2.119748e-11,6.025885e-10,6.025885e-12
9.623168e+00,2.128958e-11,6.072805e-10,6.072805e-12
9.625952e+00,2.155765e-11,6.146753e-10,6.146753e-12
9.628735e+00,2.199310e-11,6.257709e-10,6.257709e-12
9.631519e+00,2.258334e-11,6.419471e-10,6.419471e-12
9.634303e+00,2.331111e-11,6.644988e-10,6.644988e-12
9.637086e+00,2.415470e-11,6.941955e-10,6.941955e-12
9.639870e+00,2.508984e-11,7.309842e-10,7.309842e-12
9.642654e+00,2.609181e-11,7.739754e-10,7.739754e-12
9.645438e+00,2.713499e-11,8.215678e-10,8.215678e-12
9.648221e+00,2.819309e-11,8.716962e-10,8.716962e-12
9.651005e+00,2.924111e-11,9.221395e-10,9.221395e-12
9.653789e+00,3.025606e-11,9.707459e-10,9.707459e-12
9.656572e+00,3.121778e-11,1.015657e-09,1.015657e-11
9.659356e+00,3.210924e-11,1.055395e-09,1.055395e-11
9.662140e+00,3.291519e-11,1.088870e-09,1.088870e-11
9.664923e+00,3.362431e-11,1.115503e-09,1.115503e-11
9.667707e+00,3.422930e-11,1.135225e-09,1.135225e-11
9.670491e+00,3.472416e-11,1.148366e-09,1.148366e-11
9.673274e+00,3.510712e-11,1.155643e-09,1.155643e-11
9.676058e+00,3.537895e-11,1.158076e-09,1.158076e-11
9.678842e+00,3.554058e-11,1.156856e-09,1.156856e-11
9.681625e+00,3.559637e-11,1.153257e-09,1.153257e-11
9.684409e+00,3.555268e-11,1.148492e-09,1.148492e-11
9.687193e+00,3.541522e-11,1.143593e-09,1.143593e-11
9.689976e+00,3.519147e-11,1.139348e-09,1.139348e-11
9.692760e+00,3.489018e-11,1.136259e-09,1.136259e-11
9.695544e+00,3.451942e-11,1.134520e-09,1.134520e-11
9.698327e+00,3.408774e-11,1.134040e-09,1.134040e-11
9.701111e+00,3.360296e-11,1.134485e-09,1.134485e-11
9.703895e+00,3.307155e-11,1.135339e-09,1.135339e-11
9.706678e+00,3.250011e-11,1.135987e-09,1.135987e-11
9.709462e+00,3.189493e-11,1.135773e-09,1.135773e-11
9.712246e+00,3.125996e-11,1.134053e-09,1.134053e-11
9.715029e+00,3.059853e-11,1.130217e-09,1.130217e-11
9.717813e+00,2.991443e-11,1.123718e-09,1.123718e-11
9.720597e+00,2.921109e-11,1.114110e-09,1.114110e-11
9.723380e+00,2.849360e-11,1.101071e-09,1.101071e-11
9.726164e+00,2.776917e-11,1.084415e-09,1.084415e-11
9.728948e+00,2.704598e-11,1.064091e-09,1.064091e-11
9.731731e+00,2.633510e-11,1.040213e-09,1.040213e-11
9.734515e+00,2.565106e-11,1.013087e-09,1.013087e-11
9.737299e+00,2.501106e-11,9.832282e-10,9.832282e-12
9.740083e+00,2.443412e-11,9.513824e-10,9.513824e-12
9.742866e+00,2.394015e-11,9.185540e-10,9.185540e-12
9.745650e+00,2.355052e-11,8.860219e-10,8.860219e-12
9.748434e+00,2.328476e-11,8.553252e-10,8.553252e-12
9.751217e+00,2.315986e-11,8.282054e-10,8.282054e-12
9.754001e+00,2.319026e-11,8.064732e-10,8.064732e-12
9.756785e+00,2.338439e-11,7.917851e-10,7.917851e-12
9.759568e+00,2.374498e-11,7.853909e-10,7.853909e-12
9.762352e+00,2.426954e-11,7.878877e-10,7.878877e-12
9.765136e+00,2.494871e-11,7.990569e-10,7.990569e-12
9.767919e+00,2.576619e-11,8.179100e-10,8.179100e-12
9.770703e+00,2.670070e-11,8.428789e-10,8.428789e-12
9.773487e+00,2.772584e-11,8.720655e-10,8.720655e-12
9.776270e+00,2.881067e-11,9.035618e-10,9.035618e-12
9.779054e+00,2.992269e-11,9.356552e-10,9.356552e-12
9.781838e+00,3.102792e-11,9.668891e-10,9.668891e-12
9.784621e+00,3.209202e-11,9.961651e-10,9.961651e-12
9.787405e+00,3.308247e-11,1.022731e-09,1.022731e-11
9.790189e+00,3.396896e-11,1.046074e-09,1.046074e-11
9.792972e+00,3.472551e-11,1.065936e-09,1.065936e-11
9.795756e+00,3.533178e-11,1.082261e-09,1.082261e-11
9.798540e+00,3.577165e-11,1.095051e-09,1.095051e-11
9.801323e+00,3.603451e-11,1.104386e-09,1.104386e-11
9.804107e+00,3.611776e-11,1.110453e-09,1.110453e-11
9.806891e+00,3.602507e-11,1.113482e-09,1.113482e-11
9.809674e+00,3.576613e-11,1.113749e-09,1.113749e-11
9.812458e+00,3.535804e-11,1.111607e-09,1.111607e-11
9.815242e+00,3.482340e-11,1.107442e-09,1.107442e-11
9.818025e+00,3.418892e-11,1.101641e-09,1.101641e-11
9.820809e+00,3.348640e-11,1.094630e-09,1.094630e-11
9.823593e+00,3.275103e-11,1.086842e-09,1.086842e-11
9.826376e+00,3.201848e-11,1.078646e-09,1.078646e-11
9.829160e+00,3.132453e-11,1.070379e-09,1.070379e-11
9.831944e+00,3.070514e-11,1.062393e-09,1.062393e-11
9.834727e+00,3.019260e-11,1.055007e-09,1.055007e-11
9.837511e+00,2.981292e-11,1.048542e-09,1.048542e-11
9.840295e+00,2.958894e-11,1.043427e-09,1.043427e-11
9.843079e+00,2.953770e-11,1.040170e-09,1.040170e-11
9.845862e+00,2.966717e-11,1.039330e-09,1.039330e-11
9.848646e+00,2.997943e-11,1.041543e-09,1.041543e-11
9.851430e+00,3.047036e-11,1.047482e-09,1.047482e-11
9.854213e+00,3.112873e-11,1.057780e-09,1.057780e-11
9.856997e+00,3.193787e-11,1.072962e-09,1.072962e-11
9.859781e+00,3.287707e-11,1.093369e-09,1.093369e-11
9.862564e+00,3.392286e-11,1.119134e-09,1.119134e-11
9.865348e+00,3.505043e-11,1.150171e-09,1.150171e-11
9.868132e+00,3.623376e-11,1.186112e-09,1.186112e-11
9.870915e+00,3.744584e-11,1.226331e-09,1.226331e-11
9.873699e+00,3.866196e-11,1.270033e-09,1.270033e-11
9.876483e+00,3.985962e-11,1.316259e-09,1.316259e-11
9.879266e+00,4.101636e-11,1.363897e-09,1.363897e-11
9.882050e+00,4.211149e-11,1.411781e-09,1.411781e-11
9.884834e+00,4.312748e-11,1.458744e-09,1.458744e-11
9.887617e+00,4.404823e-11,1.503598e-09,1.503598e-11
9.890401e+00,4.485777e-11,1.545206e-09,1.545206e-11
9.893185e+00,4.554349e-11,1.582570e-09,1.582570e-11
9.895968e+00,4.609508e-11,1.614808e-09,1.614808e-11
9.898752e+00,4.650294e-11,1.641166e-09,1.641166e-11
9.901536e+00,4.676124e-11,1.661094e-09,1.661094e-11
9.904319e+00,4.686670e-11,1.674227e-09,1.674227e-11
9.907103e+00,4.681811e-11,1.680363e-09,1.680363e-11
9.909887e+00,4.661846e-11,1.679524e-09,1.679524e-11
9.912670e+00,4.627406e-11,1.671928e-09,1.671928e-11
9.915454e+00,4.579306e-11,1.657922e-09,1.657922e-11
9.918238e+00,4.518652e-11,1.638000e-09,1.638000e-11
9.921021e+00,4.446865e-11,1.612773e-09,1.612773e-11
9.923805e+00,4.365463e-11,1.582919e-09,1.582919e-11
9.926589e+00,4.276123e-11,1.549152e-09,1.549152e-11
9.929372e+00,4.180612e-11,1.512190e-09,1.512190e-11
9.932156e+00,4.080684e-11,1.472722e-09,1.472722e-11
9.934940e+00,3.978141e-11,1.431426e-09,1.431426e-11
9.937724e+00,3.874733e-11,1.388955e-09,1.388955e-11
9.940507e+00,3.772143e-11,1.345933e-09,1.345933e-11
9.943291e+00,3.671965e-11,1.302988e-09,1.302988e-11
9.946075e+00,3.575669e-11,1.260767e-09,1.260767e-11
9.948858e+00,3.484601e-11,1.219941e-09,1.219941e-11
9.951642e+00,3.400031e-11,1.181238e-09,1.181238e-11
9.954426e+00,3.323099e-11,1.145440e-09,1.145440e-11
9.957209e+00,3.254702e-11,1.113350e-09,1.113350e-11
9.959993e+00,3.195566e-11,1.085760e-09,1.085760e-11
9.962777e+00,3.146158e-11,1.063401e-09,1.063401e-11
9.965560e+00,3.106664e-11,1.046870e-09,1.046870e-11
9.968344e+00,3.077003e-11,1.036554e-09,1.036554e-11
9.971128e+00,3.056820e-11,1.032558e-09,1.032558e-11
9.973911e+00,3.045407e-11,1.034633e-09,1.034633e-11
9.976695e+00,3.041745e-11,1.042162e-09,1.042162e-11
9.979479e+00,3.044649e-11,1.054197e-09,1.054197e-11
9.982262e+00,3.052627e-11,1.069515e-09,1.069515e-11
9.985046e+00,3.064103e-11,1.086699e-09,1.086699e-11
9.987830e+00,3.077482e-11,1.104267e-09,1.104267e-11
9.990613e+00,3.091135e-11,1.120787e-09,1.120787e-11
9.993397e+00,3.103617e-11,1.134951e-09,1.134951e-11
9.996181e+00,3.113720e-11,1.145696e-09,1.145696e-11
9.998964e+00,3.120578e-11,1.152245e-09,1.152245e-11
1.000175e+01,3.123569e-11,1.154077e-09,1.154077e-11
1.000453e+01,3.122476e-11,1.151015e-09,1.151015e-11
1.000732e+01,3.117561e-11,1.143234e-09,1.143234e-11
1.001010e+01,3.109332e-11,1.131157e-09,1.131157e-11
1.001288e+01,3.098535e-11,1.115419e-09,1.115419e-11
1.001567e+01,3.086157e-11,1.096859e-09,1.096859e-11
1.001845e+01,3.073416e-11,1.076449e-09,1.076449e-11
1.002123e+01,3.061500e-11,1.055196e-09,1.055196e-11
1.002402e+01,3.051510e-11,1.034096e-09,1.034096e-11
1.002680e+01,3.044559e-11,1.014131e-09,1.014131e-11
1.002958e+01,3.041529e-11,9.961671e-10,9.961671e-12
1.003237e+01,3.043032e-11,9.809023e-10,9.809023e-12
1.003515e+01,3.049577e-11,9.689117e-10,9.689117e-12
1.003794e+01,3.061329e-11,9.605725e-10,9.605725e-12
1.004072e+01,3.078101e-11,9.560483e-10,9.560483e-12
1.004350e+01,3.099574e-11,9.553637e-10,9.553637e-12
1.004629e+01,3.125137e-11,9.583909e-10,9.583909e-12
1.004907e+01,3.153864e-11,9.648649e-10,9.648649e-12
1.005185e+01,3.184705e-11,9.744406e-10,9.744406e-12
1.005464e+01,3.216413e-11,9.866983e-10,9.866983e-12
1.005742e+01,3.247550e-11,1.001158e-09,1.001158e-11
1.006021e+01,3.276611e-11,1.017317e-09,1.017317e-11
1.006299e+01,3.302067e-11,1.034663e-09,1.034663e-11
1.006577e+01,3.322464e-11,1.052671e-09,1.052671e-11
1.006856e+01,3.336428e-11,1.070799e-09,1.070799e-11
1.007134e+01,3.342755e-11,1.088517e-09,1.088517e-11
1.007412e+01,3.340638e-11,1.105341e-09,1.105341e-11
1.007691e+01,3.329556e-11,1.120818e-09,1.120818e-11
1.007969e+01,3.309230e-11,1.134525e-09,1.134525e-11
1.008247e+01,3.279941e-11,1.146131e-09,1.146131e-11
1.008526e+01,3.242458e-11,1.155388e-09,1.155388e-11
1.008804e+01,3.197833e-11,1.162102e-09,1.162102e-11
1.009083e+01,3.147523e-11,1.166154e-09,1.166154e-11
1.009361e+01,3.093387e-11,1.167487e-09,1.167487e-11
1.009639e+01,3.037496e-11,1.166079e-09,1.166079e-11
1.009918e+01,2.981971e-11,1.161930e-09,1.161930e-11
1.010196e+01,2.929075e-11,1.155073e-09,1.155073e-11
1.010474e+01,2.881055e-11,1.145592e-09,1.145592e-11
1.010753e+01,2.839873e-11,1.133624e-09,1.133624e-11
1.011031e+01,2.807305e-11,1.119381e-09,1.119381e-11
1.011310e+01,2.784760e-11,1.103200e-09,1.103200e-11
1.011588e+01,2.773175e-11,1.085577e-09,1.085577e-11
1.011866e+01,2.773062e-11,1.067195e-09,1.067195e-11
1.012145e+01,2.784446e-11,1.048928e-09,1.048928e-11
1.012423e+01,2.806905e-11,1.031838e-09,1.031838e-11
1.012701e+01,2.839539e-11,1.017113e-09,1.017113e-11
1.012980e+01,2.881073e-11,1.005958e-09,1.005958e-11
1.013258e+01,2.929999e-11,9.994738e-10,9.994738e-12
1.013536e+01,2.984578e-11,9.985113e-10,9.985113e-12
1.013815e+01,3.042903e-11,1.003502e-09,1.003502e-11
1.014093e+01,3.103079e-11,1.014363e-09,1.014363e-11
1.014372e+01,3.163284e-11,1.030501e-09,1.030501e-11
1.014650e+01,3.221774e-11,1.050862e-09,1.050862e-11
1.014928e+01,3.276995e-11,1.074049e-09,1.074049e-11
1.015207e+01,3.327591e-11,1.098482e-09,1.098482e-11
1.015485e+01,3.372462e-11,1.122576e-09,1.122576e-11
1.015763e+01,3.410780e-11,1.144859e-09,1.144859e-11
1.016042e+01,3.441910e-11,1.164062e-09,1.164062e-11
1.016320e+01,3.465469e-11,1.179205e-09,1.179205e-11
1.016598e+01,3.481339e-11,1.189667e-09,1.189667e-11
1.016877e+01,3.489663e-11,1.195198e-09,1.195198e-11
1.017155e+01,3.490780e-11,1.195890e-09,1.195890e-11
1.017434e+01,3.485173e-11,1.192156e-09,1.192156e-11
1.017712e+01,3.473540e-11,1.184722e-09,1.184722e-11
1.017990e+01,3.456741e-11,1.174536e-09,1.174536e-11
1.018269e+01,3.435693e-11,1.162674e-09,1.162674e-11
1.018547e+01,3.411417e-11,1.150285e-09,1.150285e-11
1.018825e+01,3.385038e-11,1.138485e-09,1.138485e-11
1.019104e+01,3.357734e-11,1.128253e-09,1.128253e-11
1.019382e+01,3.330606e-11,1.120336e-09,1.120336e-11
1.019661e+01,3.304560e-11,1.115178e-09,1.115178e-11
1.019939e+01,3.280562e-11,1.112936e-09,1.112936e-11
1.020217e+01,3.259604e-11,1.113507e-09,1.113507e-11
1.020496e+01,3.242437e-11,1.116510e-09,1.116510e-11
1.020774e+01,3.229574e-11,1.121350e-09,1.121350e-11
1.021052e+01,3.221513e-11,1.127361e-09,1.127361e-11
1.021331e+01,3.218657e-11,1.133861e-09,1.133861e-11
1.021609e+01,3.221125e-11,1.140144e-09,1.140144e-11
1.021887e+01,3.228933e-11,1.145577e-09,1.145577e-11
1.022166e+01,3.242026e-11,1.149670e-09,1.149670e-11
1.022444e+01,3.260234e-11,1.152070e-09,1.152070e-11
1.022723e+01,3.283267e-11,1.152580e-09,1.152580e-11
1.023001e+01,3.310756e-11,1.151173e-09,1.151173e-11
1.023279e+01,3.342289e-11,1.148001e-09,1.148001e-11
1.023558e+01,3.377404e-11,1.143431e-09,1.143431e-11
1.023836e+01,3.415608e-11,1.137982e-09,1.137982e-11
1.024114e+01,3.456279e-11,1.132245e-09,1.132245e-11
1.024393e+01,3.498784e-11,1.126899e-09,1.126899e-11
1.024671e+01,3.542517e-11,1.122658e-09,1.122658e-11
1.024950e+01,3.586684e-11,1.120127e-09,1.120127e-11
1.025228e+01,3.630397e-11,1.119757e-09,1.119757e-11
1.025506e+01,3.672855e-11,1.121825e-09,1.121825e-11
1.025785e+01,3.713165e-11,1.126359e-09,1.126359e-11
1.026063e+01,3.750379e-11,1.133146e-09,1.133146e-11
1.026341e+01,3.783633e-11,1.141748e-09,1.141748e-11
1.026620e+01,3.811980e-11,1.151511e-09,1.151511e-11
1.026898e+01,3.834603e-11,1.161685e-09,1.161685e-11
1.027176e+01,3.850991e-11,1.171511e-09,1.171511e-11
1.027455e+01,3.860684e-11,1.180236e-09,1.180236e-11
1.027733e+01,3.863388e-11,1.187168e-09,1.187168e-11
1.028012e+01,3.859026e-11,1.191729e-09,1.191729e-11
1.028290e+01,3.847614e-11,1.193493e-09,1.193493e-11
1.028568e+01,3.829360e-11,1.192204e-09,1.192204e-11
1.028847e+01,3.804609e-11,1.187775e-09,1.187775e-11
1.029125e+01,3.773751e-11,1.180280e-09,1.180280e-11
1.029403e+01,3.737209e-11,1.169914e-09,1.169914e-11
1.029682e+01,3.695350e-11,1.156959e-09,1.156959e-11
1.029960e+01,3.648513e-11,1.141756e-09,1.141756e-11
1.030239e+01,3.597001e-11,1.124664e-09,1.124664e-11
1.030517e+01,3.541047e-11,1.106027e-09,1.106027e-11
1.030795e+01,3.480926e-11,1.086128e-09,1.086128e-11
1.031074e+01,3.416858e-11,1.065177e-09,1.065177e-11
1.031352e+01,3.349058e-11,1.043308e-09,1.043308e-11
1.031630e+01,3.277891e-11,1.020582e-09,1.020582e-11
1.031909e+01,3.203642e-11,9.969916e-10,9.969916e-12
1.032187e+01,3.126718e-11,9.725098e-10,9.725098e-12
1.032465e+01,3.047700e-11,9.471464e-10,9.471464e-12
1.032744e+01,2.967219e-11,9.209483e-10,9.209483e-12
1.033022e+01,2.886028e-11,8.940019e-10,8.940019e-12
1.033301e+01,2.804782e-11,8.664486e-10,8.664486e-12
1.033579e+01,2.724238e-11,8.385064e-10,8.385064e-12
1.033857e+01,2.645269e-11,8.104608e-10,8.104608e-12
1.034136e+01,2.568633e-11,7.826404e-10,7.826404e-12
1.034414e+01,2.495109e-11,7.554079e-10,7.554079e-12
1.034692e+01,2.425460e-11,7.291233e-10,7.291233e-12
1.034971e+01,2.360362e-11,7.041219e-10,7.041219e-12
1.035249e+01,2.300450e-11,6.807171e-10,6.807171e-12
1.035527e+01,2.246417e-11,6.591863e-10,6.591863e-12
1.035806e+01,2.198929e-11,6.397479e-10,6.397479e-12
1.036084e+01,2.158520e-11,6.225796e-10,6.225796e-12
1.036363e+01,2.125763e-11,6.078599e-10,6.078599e-12
1.036641e+01,2.101255e-11,5.957646e-10,5.957646e-12
1.036919e+01,2.085513e-11,5.864844e-10,5.864844e-12
1.037198e+01,2.079013e-11,5.802527e-10,5.802527e-12
1.037476e+01,2.082092e-11,5.773123e-10,5.773123e-12
1.037754e+01,2.095034e-11,5.779074e-10,5.779074e-12
1.038033e+01,2.118045e-11,5.822581e-10,5.822581e-12
1.038311e+01,2.151053e-11,5.904744e-10,5.904744e-12
1.038590e+01,2.193811e-11,6.025424e-10,6.025424e-12
1.038868e+01,2.245935e-11,6.183524e-10,6.183524e-12
1.039146e+01,2.306884e-11,6.376694e-10,6.376694e-12
1.039425e+01,2.375855e-11,6.601263e-10,6.601263e-12
1.039703e+01,2.451906e-11,6.852978e-10,6.852978e-12
1.039981e+01,2.534110e-11,7.127702e-10,7.127702e-12
1.040260e+01,2.621424e-11,7.421577e-10,7.421577e-12
1.040538e+01,2.712765e-11,7.731087e-10,7.731087e-12
1.040816e+01,2.806969e-11,8.053553e-10,8.053553e-12
1.041095e+01,2.902913e-11,8.387837e-10,8.387837e-12
1.041373e+01,2.999595e-11,8.734142e-10,8.734142e-12
1.041652e+01,3.095890e-11,9.093395e-10,9.093395e-12
1.041930e+01,3.190649e-11,9.467113e-10,9.467113e-12
1.042208e+01,3.282734e-11,9.857070e-10,9.857070e-12
1.042487e+01,3.370908e-11,1.026444e-09,1.026444e-11
1.042765e+01,3.453894e-11,1.068897e-09,1.068897e-11
1.043043e+01,3.530348e-11,1.112819e-09,1.112819e-11
1.043322e+01,3.598828e-11,1.157706e-09,1.157706e-11
1.043600e+01,3.657991e-11,1.202810e-09,1.202810e-11
1.043879e+01,3.706581e-11,1.247150e-09,1.247150e-11
1.044157e+01,3.743493e-11,1.289583e-09,1.289583e-11
1.044435e+01,3.767948e-11,1.328913e-09,1.328913e-11
1.044714e+01,3.779358e-11,1.363967e-09,1.363967e-11
1.044992e+01,3.777531e-11,1.393695e-09,1.393695e-11
1.045270e+01,3.762789e-11,1.417278e-09,1.417278e-11
1.045549e+01,3.735840e-11,1.434189e-09,1.434189e-11
1.045827e+01,3.697827e-11,1.444208e-09,1.444208e-11
1.046105e+01,3.650251e-11,1.447423e-09,1.447423e-11
1.046384e+01,3.594929e-11,1.444242e-09,1.444242e-11
1.046662e+01,3.533955e-11,1.435333e-09,1.435333e-11
1.046941e+01,3.469524e-11,1.421553e-09,1.421553e-11
1.047219e+01,3.403911e-11,1.403920e-09,1.403920e-11
1.047497e+01,3.339391e-11,1.383555e-09,1.383555e-11
1.047776e+01,3.278074e-11,1.361618e-09,1.361618e-11
1.048054e+01,3.221904e-11,1.339259e-09,1.339259e-11
1.048332e+01,3.172681e-11,1.317591e-09,1.317591e-11
1.048611e+01,3.131894e-11,1.297647e-09,1.297647e-11
1.048889e+01,3.100655e-11,1.280339e-09,1.280339e-11
1.049168e+01,3.079837e-11,1.266433e-09,1.266433e-11
1.049446e+01,3.069984e-11,1.256524e-09,1.256524e-11
1.049724e+01,3.071196e-11,1.251003e-09,1.251003e-11
1.050003e+01,3.083166e-11,1.250060e-09,1.250060e-11
1.050281e+01,3.105342e-11,1.253697e-09,1.253697e-11
1.050559e+01,3.136821e-11,1.261739e-09,1.261739e-11
1.050838e+01,3.176287e-11,1.273847e-09,1.273847e-11
1.051116e+01,3.222156e-11,1.289545e-09,1.289545e-11
1.051394e+01,3.272595e-11,1.308243e-09,1.308243e-11
1.051673e+01,3.325615e-11,1.329260e-09,1.329260e-11
1.051951e+01,3.379098e-11,1.351854e-09,1.351854e-11
1.052230e+01,3.430930e-11,1.375245e-09,1.375245e-11
1.052508e+01,3.479056e-11,1.398630e-09,1.398630e-11
1.052786e+01,3.521668e-11,1.421235e-09,1.421235e-11
1.053065e+01,3.557328e-11,1.442379e-09,1.442379e-11
1.053343e+01,3.584887e-11,1.461476e-09,1.461476e-11
1.053621e+01,3.603695e-11,1.478103e-09,1.478103e-11
1.053900e+01,3.613661e-11,1.492018e-09,1.492018e-11
1.054178e+01,3.615101e-11,1.503132e-09,1.503132e-11
1.054456e+01,3.608823e-11,1.511542e-09,1.511542e-11
1.054735e+01,3.596137e-11,1.517509e-09,1.517509e-11
1.055013e+01,3.578600e-11,1.521360e-09,1.521360e-11
1.055292e+01,3.557931e-11,1.523450e-09,1.523450e-11
1.055570e+01,3.536017e-11,1.524145e-09,1.524145e-11
1.055848e+01,3.514689e-11,1.523776e-09,1.523776e-11
1.056127e+01,3.495623e-11,1.522613e-09,1.522613e-11
1.056405e+01,3.480265e-11,1.520838e-09,1.520838e-11
1.056683e+01,3.469750e-11,1.518577e-09,1.518577e-11
1.056962e+01,3.464985e-11,1.515964e-09,1.515964e-11
1.057240e+01,3.466489e-11,1.513145e-09,1.513145e-11
1.057519e+01,3.474486e-11,1.510283e-09,1.510283e-11
1.057797e+01,3.489070e-11,1.507650e-09,1.507650e-11
1.058075e+01,3.510196e-11,1.505662e-09,1.505662e-11
1.058354e+01,3.537602e-11,1.504829e-09,1.504829e-11
1.058632e+01,3.570976e-11,1.505816e-09,1.505816e-11
1.058910e+01,3.610208e-11,1.509468e-09,1.509468e-11
1.059189e+01,3.655143e-11,1.516713e-09,1.516713e-11
1.059467e+01,3.705617e-11,1.528507e-09,1.528507e-11
1.059745e+01,3.761625e-11,1.545821e-09,1.545821e-11
1.060024e+01,3.823261e-11,1.569543e-09,1.569543e-11
1.060302e+01,3.890645e-11,1.600371e-09,1.600371e-11
1.060581e+01,3.963957e-11,1.638787e-09,1.638787e-11
1.060859e+01,4.043466e-11,1.684969e-09,1.684969e-11
1.061137e+01,4.129358e-11,1.738743e-09,1.738743e-11
1.061416e+01,4.221813e-11,1.799631e-09,1.799631e-11
1.061694e+01,4.321059e-11,1.866878e-09,1.866878e-11
1.061972e+01,4.427183e-11,1.939473e-09,1.939473e-11
1.062251e+01,4.540210e-11,2.016227e-09,2.016227e-11
1.062529e+01,4.660069e-11,2.095840e-09,2.095840e-11
1.062808e+01,4.786416e-11,2.176950e-09,2.176950e-11
1.063086e+01,4.918751e-11,2.258193e-09,2.258193e-11
1.063364e+01,5.056360e-11,2.338258e-09,2.338258e-11
1.063643e+01,5.198149e-11,2.415901e-09,2.415901e-11
1.063921e+01,5.342719e-11,2.489973e-09,2.489973e-11
1.064199e+01,5.488367e-11,2.559443e-09,2.559443e-11
1.064478e+01,5.633069e-11,2.623395e-09,2.623395e-11
1.064756e+01,5.774492e-11,2.681006e-09,2.681006e-11
1.065034e+01,5.910012e-11,2.731548e-09,2.731548e-11
1.065313e+01,6.036891e-11,2.774389e-09,2.774389e-11
1.065591e+01,6.152369e-11,2.808972e-09,2.808972e-11
1.065870e+01,6.253596e-11,2.834818e-09,2.834818e-11
1.066148e+01,6.337900e-11,2.851530e-09,2.851530e-11
1.066426e+01,6.402973e-11,2.858802e-09,2.858802e-11
1.066705e+01,6.446782e-11,2.856437e-09,2.856437e-11
1.066983e+01,6.467742e-11,2.844359e-09,2.844359e-11
1.067261e+01,6.464859e-11,2.822632e-09,2.822632e-11
1.067540e+01,6.437794e-11,2.791494e-09,2.791494e-11
1.067818e+01,6.386828e-11,2.751357e-09,2.751357e-11
1.068097e+01,6.312851e-11,2.702783e-09,2.702783e-11
1.068375e+01,6.217310e-11,2.646491e-09,2.646491e-11
1.068653e+01,6.102116e-11,2.583334e-09,2.583334e-11
1.068932e+01,5.969717e-11,2.514282e-09,2.514282e-11
1.069210e+01,5.822912e-11,2.440387e-09,2.440387e-11
1.069488e+01,5.664619e-11,2.362745e-09,2.362745e-11
1.069767e+01,5.497946e-11,2.282456e-09,2.282456e-11
1.070045e+01,5.325964e-11,2.200599e-09,2.200599e-11
1.070323e+01,5.151641e-11,2.118216e-09,2.118216e-11
1.070602e+01,4.977980e-11,2.036285e-09,2.036285e-11
1.070880e+01,4.807597e-11,1.955685e-09,1.955685e-11
1.071159e+01,4.642847e-11,1.877206e-09,1.877206e-11
1.071437e+01,4.485940e-11,1.801551e-09,1.801551e-11
1.071715e+01,4.338659e-11,1.729323e-09,1.729323e-11
1.071994e+01,4.202437e-11,1.661047e-09,1.661047e-11
1.072272e+01,4.078456e-11,1.597185e-09,1.597185e-11
1.072550e+01,3.967592e-11,1.538140e-09,1.538140e-11
1.072829e+01,3.870372e-11,1.484260e-09,1.484260e-11
1.073107e+01,3.786976e-11,1.435828e-09,1.435828e-11
1.073385e+01,3.717260e-11,1.393052e-09,1.393052e-11
1.073664e+01,3.660901e-11,1.356067e-09,1.356067e-11
1.073942e+01,3.617322e-11,1.324912e-09,1.324912e-11
1.074221e+01,3.585759e-11,1.299500e-09,1.299500e-11
1.074499e+01,3.565271e-11,1.279618e-09,1.279618e-11
1.074777e+01,3.554808e-11,1.264942e-09,1.264942e-11
1.075056e+01,3.553397e-11,1.255057e-09,1.255057e-11
1.075334e+01,3.559987e-11,1.249465e-09,1.249465e-11
1.075612e+01,3.573556e-11,1.247636e-09,1.247636e-11
1.075891e+01,3.593111e-11,1.249040e-09,1.249040e-11
1.076169e+01,3.617717e-11,1.253147e-09,1.253147e-11
1.076448e+01,3.646626e-11,1.259503e-09,1.259503e-11
1.076726e+01,3.679146e-11,1.267719e-09,1.267719e-11
1.077004e+01,3.714512e-11,1.277396e-09,1.277396e-11
1.077283e+01,3.751976e-11,1.288171e-09,1.288171e-11
1.077561e+01,3.790894e-11,1.299731e-09,1.299731e-11
1.077839e+01,3.830556e-11,1.311745e-09,1.311745e-11
1.078118e+01,3.870161e-11,1.323880e-09,1.323880e-11
1.078396e+01,3.908924e-11,1.335818e-09,1.335818e-11
1.078674e+01,3.946001e-11,1.347224e-09,1.347224e-11
1.078953e+01,3.980372e-11,1.357742e-09,1.357742e-11
1.079231e+01,4.010904e-11,1.367001e-09,1.367001e-11
1.079510e+01,4.036577e-11,1.374649e-09,1.374649e-11
1.079788e+01,4.056380e-11,1.380359e-09,1.380359e-11
1.080066e+01,4.069211e-11,1.383816e-09,1.383816e-11
1.080345e+01,4.074031e-11,1.384724e-09,1.384724e-11
1.080623e+01,4.069951e-11,1.382838e-09,1.382838e-11
1.080901e+01,4.056333e-11,1.377997e-09,1.377997e-11
1.081180e+01,4.032730e-11,1.370136e-09,1.370136e-11
1.081458e+01,3.999036e-11,1.359301e-09,1.359301e-11
1.081737e+01,3.955548e-11,1.345671e-09,1.345671e-11
1.082015e+01,3.902780e-11,1.329549e-09,1.329549e-11
1.082293e+01,3.841581e-11,1.311352e-09,1.311352e-11
1.082572e+01,3.773241e-11,1.291654e-09,1.291654e-11
1.082850e+01,3.699370e-11,1.271164e-09,1.271164e-11
1.083128e+01,3.621794e-11,1.250646e-09,1.250646e-11
1.083407e+01,3.542509e-11,1.230905e-09,1.230905e-11
1.083685e+01,3.463658e-11,1.212770e-09,1.212770e-11
1.083963e+01,3.387451e-11,1.197013e-09,1.197013e-11
1.084242e+01,3.316017e-11,1.184293e-09,1.184293e-11
1.084520e+01,3.251445e-11,1.175137e-09,1.175137e-11
1.084799e+01,3.195681e-11,1.169918e-09,1.169918e-11
1.085077e+01,3.150330e-11,1.168811e-09,1.168811e-11
1.085355e+01,3.116745e-11,1.171805e-09,1.171805e-11
1.085634e+01,3.095932e-11,1.178719e-09,1.178719e-11
1.085912e+01,3.088397e-11,1.189216e-09,1.189216e-11
1.086190e+01,3.094225e-11,1.202839e-09,1.202839e-11
1.086469e+01,3.113044e-11,1.219029e-09,1.219029e-11
1.086747e+01,3.143908e-11,1.237132e-09,1.237132e-11
1.087025e+01,3.185451e-11,1.256452e-09,1.256452e-11
1.087304e+01,3.235924e-11,1.276248e-09,1.276248e-11
1.087582e+01,3.293052e-11,1.295727e-09,1.295727e-11
1.087861e+01,3.354262e-11,1.314089e-09,1.314089e-11
1.088139e+01,3.416848e-11,1.330560e-09,1.330560e-11
1.088417e+01,3.477984e-11,1.344382e-09,1.344382e-11
1.088696e+01,3.534806e-11,1.354850e-09,1.354850e-11
1.088974e+01,3.584593e-11,1.361368e-09,1.361368e-11
1.089252e+01,3.624965e-11,1.363458e-09,1.363458e-11
1.089531e+01,3.653808e-11,1.360769e-09,1.360769e-11
1.089809e+01,3.669449e-11,1.353127e-09,1.353127e-11
1.090088e+01,3.670882e-11,1.340563e-09,1.340563e-11
1.090366e+01,3.657574e-11,1.323306e-09,1.323306e-11
1.090644e+01,3.629557e-11,1.301786e-09,1.301786e-11
1.090923e+01,3.587514e-11,1.276638e-09,1.276638e-11
1.091201e+01,3.532677e-11,1.248668e-09,1.248668e-11
1.091479e+01,3.466742e-11,1.218805e-09,1.218805e-11
1.091758e+01,3.391689e-11,1.188066e-09,1.188066e-11
1.092036e+01,3.309843e-11,1.157509e-09,1.157509e-11
1.092314e+01,3.223803e-11,1.128174e-09,1.128174e-11
1.092593e+01,3.136200e-11,1.101016e-09,1.101016e-11
1.092871e+01,3.049500e-11,1.076839e-09,1.076839e-11
1.093150e+01,2.966046e-11,1.056279e-09,1.056279e-11
1.093428e+01,2.888044e-11,1.039809e-09,1.039809e-11
1.093706e+01,2.817394e-11,1.027708e-09,1.027708e-11
1.093985e+01,2.755675e-11,1.020041e-09,1.020041e-11
1.094263e+01,2.704034e-11,1.016724e-09,1.016724e-11
1.094541e+01,2.663322e-11,1.017577e-09,1.017577e-11
1.094820e+01,2.634126e-11,1.022288e-09,1.022288e-11
1.095098e+01,2.616666e-11,1.030466e-09,1.030466e-11
1.095377e+01,2.610878e-11,1.041717e-09,1.041717e-11
1.095655e+01,2.616495e-11,1.055620e-09,1.055620e-11
1.095933e+01,2.632976e-11,1.071715e-09,1.071715e-11
1.096212e+01,2.659606e-11,1.089583e-09,1.089583e-11
1.096490e+01,2.695666e-11,1.108852e-09,1.108852e-11
1.096768e+01,2.740187e-11,1.129148e-09,1.129148e-11
1.097047e+01,2.792206e-11,1.150122e-09,1.150122e-11
1.097325e+01,2.850815e-11,1.171481e-09,1.171481e-11
1.097603e+01,2.915009e-11,1.192966e-09,1.192966e-11
1.097882e+01,2.983961e-11,1.214359e-09,1.214359e-11
1.098160e+01,3.056944e-11,1.235506e-09,1.235506e-11
1.098439e+01,3.133320e-11,1.256340e-09,1.256340e-11
1.098717e+01,3.212701e-11,1.276912e-09,1.276912e-11
1.098995e+01,3.294817e-11,1.297389e-09,1.297389e-11
1.099274e+01,3.379457e-11,1.318059e-09,1.318059e-11
1.099552e+01,3.466631e-11,1.339303e-09,1.339303e-11
1.099830e+01,3.556366e-11,1.361528e-09,1.361528e-11
1.100109e+01,3.648579e-11,1.385131e-09,1.385131e-11
1.100387e+01,3.743114e-11,1.410453e-09,1.410453e-11
1.100666e+01,3.839670e-11,1.437657e-09,1.437657e-11
1.100944e+01,3.937772e-11,1.466673e-09,1.466673e-11
1.101222e+01,4.036606e-11,1.497208e-09,1.497208e-11
1.101501e+01,4.135091e-11,1.528744e-09,1.528744e-11
1.101779e+01,4.231994e-11,1.560546e-09,1.560546e-11
1.102057e+01,4.325774e-11,1.591733e-09,1.591733e-11
1.102336e+01,4.414775e-11,1.621384e-09,1.621384e-11
1.102614e+01,4.497322e-11,1.648584e-09,1.648584e-11
1.102892e+01,4.571696e-11,1.672478e-09,1.672478e-11
1.103171e+01,4.636353e-11,1.692367e-09,1.692367e-11
1.103449e+01,4.689911e-11,1.707745e-09,1.707745e-11
1.103728e+01,4.731237e-11,1.718305e-09,1.718305e-11
1.104006e+01,4.759583e-11,1.723991e-09,1.723991e-11
1.104284e+01,4.774495e-11,1.725009e-09,1.725009e-11
1.104563e+01,4.775932e-11,1.721783e-09,1.721783e-11
1.104841e+01,4.764226e-11,1.714904e-09,1.714904e-11
1.105119e+01,4.739993e-11,1.705103e-09,1.705103e-11
1.105398e+01,4.704190e-11,1.693211e-09,1.693211e-11
1.105676e+01,4.658045e-11,1.680078e-09,1.680078e-11
1.105954e+01,4.603044e-11,1.666478e-09,1.666478e-11
1.106233e+01,4.540816e-11,1.653054e-09,1.653054e-11
1.106511e+01,4.473114e-11,1.640262e-09,1.640262e-11
1.106790e+01,4.401797e-11,1.628324e-09,1.628324e-11
1.107068e+01,4.328796e-11,1.617213e-09,1.617213e-11
1.107346e+01,4.256102e-11,1.606662e-09,1.606662e-11
1.107625e+01,4.185661e-11,1.596208e-09,1.596208e-11
1.107903e+01,4.119370e-11,1.585292e-09,1.585292e-11
1.108181e+01,4.059001e-11,1.573327e-09,1.573327e-11
1.108460e+01,4.006166e-11,1.559766e-09,1.559766e-11
1.108738e+01,3.962272e-11,1.544239e-09,1.544239e-11
1.109017e+01,3.928455e-11,1.526622e-09,1.526622e-11
1.109295e+01,3.905503e-11,1.507054e-09,1.507054e-11
1.109573e+01,3.893773e-11,1.485951e-09,1.485951e-11
1.109852e+01,3.893158e-11,1.464020e-09,1.464020e-11
1.110130e+01,3.903048e-11,1.442199e-09,1.442199e-11
1.110408e+01,3.922460e-11,1.421547e-09,1.421547e-11
1.110687e+01,3.949961e-11,1.403116e-09,1.403116e-11
1.110965e+01,3.983666e-11,1.387815e-09,1.387815e-11
1.111243e+01,4.021440e-11,1.376286e-09,1.376286e-11
1.111522e+01,4.061038e-11,1.368818e-09,1.368818e-11
1.111800e+01,4.100155e-11,1.365315e-09,1.365315e-11
1.112079e+01,4.136389e-11,1.365295e-09,1.365295e-11
1.112357e+01,4.167587e-11,1.368004e-09,1.368004e-11
1.112635e+01,4.191966e-11,1.372541e-09,1.372541e-11
1.112914e+01,4.207910e-11,1.377932e-09,1.377932e-11
1.113192e+01,4.214105e-11,1.383212e-09,1.383212e-11
1.113470e+01,4.209669e-11,1.387541e-09,1.387541e-11
1.113749e+01,4.194134e-11,1.390237e-09,1.390237e-11
1.114027e+01,4.167233e-11,1.390734e-09,1.390734e-11
1.114306e+01,4.129010e-11,1.388597e-09,1.388597e-11
1.114584e+01,4.079941e-11,1.383534e-09,1.383534e-11
1.114862e+01,4.020620e-11,1.375336e-09,1.375336e-11
1.115141e+01,3.951864e-11,1.363892e-09,1.363892e-11
1.115419e+01,3.874790e-11,1.349200e-09,1.349200e-11
1.115697e+01,3.790689e-11,1.331330e-09,1.331330e-11
1.115976e+01,3.701031e-11,1.310437e-09,1.310437e-11
1.116254e+01,3.607450e-11,1.286780e-09,1.286780e-11
1.116532e+01,3.511739e-11,1.260719e-09,1.260719e-11
1.116811e+01,3.415819e-11,1.232732e-09,1.232732e-11
1.117089e+01,3.321724e-11,1.203381e-09,1.203381e-11
1.117368e+01,3.231322e-11,1.173268e-09,1.173268e-11
1.117646e+01,3.146452e-11,1.143076e-09,1.143076e-11
1.117924e+01,3.068944e-11,1.113564e-09,1.113564e-11
1.118203e+01,3.000150e-11,1.085443e-09,1.085443e-11
1.118481e+01,2.941140e-11,1.059351e-09,1.059351e-11
1.118759e+01,2.892734e-11,1.035844e-09,1.035844e-11
1.119038e+01,2.855266e-11,1.015315e-09,1.015315e-11
1.119316e+01,2.828688e-11,9.979172e-10,9.979172e-12
1.119595e+01,2.812529e-11,9.835598e-10,9.835598e-12
1.119873e+01,2.805963e-11,9.719291e-10,9.719291e-12
1.120151e+01,2.807917e-11,9.625183e-10,9.625183e-12
1.120430e+01,2.817038e-11,9.547196e-10,9.547196e-12
1.120708e+01,2.831927e-11,9.479310e-10,9.479310e-12
1.120986e+01,2.851182e-11,9.416356e-10,9.416356e-12
1.121265e+01,2.873308e-11,9.354635e-10,9.354635e-12
1.121543e+01,2.896950e-11,9.292412e-10,9.292412e-12
1.121821e+01,2.920941e-11,9.229987e-10,9.229987e-12
1.122100e+01,2.944278e-11,9.169237e-10,9.169237e-12
1.122378e+01,2.966130e-11,9.113056e-10,9.113056e-12
1.122657e+01,2.985865e-11,9.064704e-10,9.064704e-12
1.122935e+01,3.003024e-11,9.026864e-10,9.026864e-12
1.123213e+01,3.017260e-11,9.001259e-10,9.001259e-12
1.123492e+01,3.028401e-11,8.988614e-10,8.988614e-12
1.123770e+01,3.036325e-11,8.988297e-10,8.988297e-12
1.124048e+01,3.040925e-11,8.998659e-10,8.998659e-12
1.124327e+01,3.042228e-11,9.017867e-10,9.017867e-12
1.124605e+01,3.040296e-11,9.043883e-10,9.043883e-12
1.124883e+01,3.035113e-11,9.074467e-10,9.074467e-12
1.125162e+01,3.026756e-11,9.108030e-10,9.108030e-12
1.125440e+01,3.015513e-11,9.143718e-10,9.143718e-12
1.125719e+01,3.001567e-11,9.180846e-10,9.180846e-12
1.125997e+01,2.985146e-11,9.219002e-10,9.219002e-12
1.126275e+01,2.966624e-11,9.257788e-10,9.257788e-12
1.126554e+01,2.946199e-11,9.296249e-10,9.296249e-12
1.126832e+01,2.924093e-11,9.333181e-10,9.333181e-12
1.127110e+01,2.900663e-11,9.367157e-10,9.367157e-12
1.127389e+01,2.876101e-11,9.395847e-10,9.395847e-12
1.127667e+01,2.850416e-11,9.416149e-10,9.416149e-12
1.127946e+01,2.823655e-11,9.424785e-10,9.424785e-12
1.128224e+01,2.795904e-11,9.418141e-10,9.418141e-12
1.128502e+01,2.767116e-11,9.392343e-10,9.392343e-12
1.128781e+01,2.737181e-11,9.343790e-10,9.343790e-12
1.129059e+01,2.706113e-11,9.269509e-10,9.269509e-12
1.129337e+01,2.674056e-11,9.167493e-10,9.167493e-12
1.129616e+01,2.641218e-11,9.036742e-10,9.036742e-12
1.129894e+01,2.607858e-11,8.877357e-10,8.877357e-12
1.130172e+01,2.574406e-11,8.691063e-10,8.691063e-12
1.130451e+01,2.541431e-11,8.481514e-10,8.481514e-12
1.130729e+01,2.509548e-11,8.254230e-10,8.254230e-12
1.131008e+01,2.479394e-11,8.016255e-10,8.016255e-12
1.131286e+01,2.451567e-11,7.775948e-10,7.775948e-12
1.131564e+01,2.426622e-11,7.542923e-10,7.542923e-12
1.131843e+01,2.405049e-11,7.327670e-10,7.327670e-12
1.132121e+01,2.387234e-11,7.140659e-10,7.140659e-12
1.132399e+01,2.373393e-11,6.990891e-10,6.990891e-12
1.132678e+01,2.363618e-11,6.884842e-10,6.884842e-12
1.132956e+01,2.357824e-11,6.825889e-10,6.825889e-12
1.133235e+01,2.355870e-11,6.813863e-10,6.813863e-12
1.133513e+01,2.357625e-11,6.845266e-10,6.845266e-12
1.133791e+01,2.362771e-11,6.913948e-10,6.913948e-12
1.134070e+01,2.371015e-11,7.012322e-10,7.012322e-12
1.134348e+01,2.382209e-11,7.133207e-10,7.133207e-12
1.134626e+01,2.396288e-11,7.271261e-10,7.271261e-12
1.134905e+01,2.413260e-11,7.423376e-10,7.423376e-12
1.135183e+01,2.433153e-11,7.589011e-10,7.589011e-12
1.135461e+01,2.456222e-11,7.770928e-10,7.770928e-12
1.135740e+01,2.482869e-11,7.974823e-10,7.974823e-12
1.136018e+01,2.513464e-11,8.208140e-10,8.208140e-12
1.136297e+01,2.548487e-11,8.479360e-10,8.479360e-12
1.136575e+01,2.588487e-11,8.796950e-10,8.796950e-12
1.136853e+01,2.633937e-11,9.167706e-10,9.167706e-12
1.137132e+01,2.685181e-11,9.595686e-10,9.595686e-12
1.137410e+01,2.742497e-11,1.008160e-09,1.008160e-11
1.137688e+01,2.806027e-11,1.062231e-09,1.062231e-11
1.137967e+01,2.875710e-11,1.121075e-09,1.121075e-11
1.138245e+01,2.951244e-11,1.183646e-09,1.183646e-11
1.138524e+01,3.032071e-11,1.248636e-09,1.248636e-11
1.138802e+01,3.117468e-11,1.314566e-09,1.314566e-11
1.139080e+01,3.206494e-11,1.379870e-09,1.379870e-11
1.139359e+01,3.297939e-11,1.442958e-09,1.442958e-11
1.139637e+01,3.390344e-11,1.502314e-09,1.502314e-11
1.139915e+01,3.482156e-11,1.556570e-09,1.556570e-11
1.140194e+01,3.571740e-11,1.604551e-09,1.604551e-11
1.140472e+01,3.657286e-11,1.645312e-09,1.645312e-11
1.140750e+01,3.736907e-11,1.678176e-09,1.678176e-11
1.141029e+01,3.808770e-11,1.702759e-09,1.702759e-11
1.141307e+01,3.871215e-11,1.718964e-09,1.718964e-11
1.141586e+01,3.922699e-11,1.726948e-09,1.726948e-11
1.141864e+01,3.961895e-11,1.727123e-09,1.727123e-11
1.142142e+01,3.987827e-11,1.720127e-09,1.720127e-11
1.142421e+01,3.999860e-11,1.706752e-09,1.706752e-11
1.142699e+01,3.997862e-11,1.687905e-09,1.687905e-11
1.142977e+01,3.982148e-11,1.664575e-09,1.664575e-11
1.143256e+01,3.953478e-11,1.637775e-09,1.637775e-11
1.143534e+01,3.913170e-11,1.608514e-09,1.608514e-11
1.143812e+01,3.862922e-11,1.577757e-09,1.577757e-11
1.144091e+01,3.804810e-11,1.546394e-09,1.546394e-11
1.144369e+01,3.741267e-11,1.515261e-09,1.515261e-11
1.144648e+01,3.674860e-11,1.485111e-09,1.485111e-11
1.144926e+01,3.608267e-11,1.456613e-09,1.456613e-11
1.145204e+01,3.544188e-11,1.430369e-09,1.430369e-11
1.145483e+01,3.485177e-11,1.406903e-09,1.406903e-11
1.145761e+01,3.433574e-11,1.386665e-09,1.386665e-11
1.146039e+01,3.391413e-11,1.370046e-09,1.370046e-11
1.146318e+01,3.360406e-11,1.357376e-09,1.357376e-11
1.146596e+01,3.341767e-11,1.348897e-09,1.348897e-11
1.146875e+01,3.336209e-11,1.344789e-09,1.344789e-11
1.147153e+01,3.344071e-11,1.345164e-09,1.345164e-11
1.147431e+01,3.365113e-11,1.350045e-09,1.350045e-11
1.147710e+01,3.398564e-11,1.359374e-09,1.359374e-11
1.147988e+01,3.443369e-11,1.373026e-09,1.373026e-11
1.148266e+01,3.498007e-11,1.390787e-09,1.390787e-11
1.148545e+01,3.560594e-11,1.412346e-09,1.412346e-11
1.148823e+01,3.629108e-11,1.437289e-09,1.437289e-11
1.149101e+01,3.701329e-11,1.465104e-09,1.465104e-11
1.149380e+01,3.774963e-11,1.495177e-09,1.495177e-11
1.149658e+01,3.847702e-11,1.526793e-09,1.526793e-11
1.149937e+01,3.917381e-11,1.559166e-09,1.559166e-11
1.150215e+01,3.981986e-11,1.591461e-09,1.591461e-11
1.150493e+01,4.039647e-11,1.622812e-09,1.622812e-11
1.150772e+01,4.088795e-11,1.652377e-09,1.652377e-11
1.151050e+01,4.128234e-11,1.679367e-09,1.679367e-11
1.151328e+01,4.157126e-11,1.703068e-09,1.703068e-11
1.151607e+01,4.174908e-11,1.722861e-09,1.722861e-11
1.151885e+01,4.181460e-11,1.738244e-09,1.738244e-11
1.152164e+01,4.177043e-11,1.748842e-09,1.748842e-11
1.152442e+01,4.162222e-11,1.754407e-09,1.754407e-11
1.152720e+01,4.137986e-11,1.754809e-09,1.754809e-11
1.152999e+01,4.105568e-11,1.750028e-09,1.750028e-11
1.153277e+01,4.066474e-11,1.740136e-09,1.740136e-11
1.153555e+01,4.022314e-11,1.725277e-09,1.725277e-11
1.153834e+01,3.974684e-11,1.705660e-09,1.705660e-11
1.154112e+01,3.925263e-11,1.681565e-09,1.681565e-11
1.154390e+01,3.875585e-11,1.653342e-09,1.653342e-11
1.154669e+01,3.826988e-11,1.621408e-09,1.621408e-11
1.154947e+01,3.780522e-11,1.586275e-09,1.586275e-11
1.155226e+01,3.736944e-11,1.548553e-09,1.548553e-11
1.155504e+01,3.696674e-11,1.508956e-09,1.508956e-11
1.155782e+01,3.659794e-11,1.468319e-09,1.468319e-11
1.156061e+01,3.626196e-11,1.427599e-09,1.427599e-11
1.156339e+01,3.595447e-11,1.387839e-09,1.387839e-11
1.156617e+01,3.566934e-11,1.350154e-09,1.350154e-11
1.156896e+01,3.539986e-11,1.315668e-09,1.315668e-11
1.157174e+01,3.513800e-11,1.285426e-09,1.285426e-11
1.157453e+01,3.487680e-11,1.260338e-09,1.260338e-11
1.157731e+01,3.461059e-11,1.241076e-09,1.241076e-11
1.158009e+01,3.433395e-11,1.227959e-09,1.227959e-11
1.158288e+01,3.404366e-11,1.220931e-09,1.220931e-11
1.158566e+01,3.373844e-11,1.219533e-09,1.219533e-11
1.158844e+01,3.341858e-11,1.222923e-09,1.222923e-11
1.159123e+01,3.308686e-11,1.229973e-09,1.229973e-11
1.159401e+01,3.274734e-11,1.239370e-09,1.239370e-11
1.159679e+01,3.240588e-11,1.249710e-09,1.249710e-11
1.159958e+01,3.206973e-11,1.259627e-09,1.259627e-11
1.160236e+01,3.174683e-11,1.267896e-09,1.267896e-11
1.160515e+01,3.144641e-11,1.273494e-09,1.273494e-11
1.160793e+01,3.117864e-11,1.275674e-09,1.275674e-11
1.161071e+01,3.095369e-11,1.273979e-09,1.273979e-11
1.161350e+01,3.078127e-11,1.268265e-09,1.268265e-11
1.161628e+01,3.067167e-11,1.258715e-09,1.258715e-11
1.161906e+01,3.063491e-11,1.245828e-09,1.245828e-11
1.162185e+01,3.067961e-11,1.230378e-09,1.230378e-11
1.162463e+01,3.081280e-11,1.213389e-09,1.213389e-11
1.162741e+01,3.104029e-11,1.196101e-09,1.196101e-11
1.163020e+01,3.136607e-11,1.179902e-09,1.179902e-11
1.163298e+01,3.179077e-11,1.166222e-09,1.166222e-11
1.163577e+01,3.231168e-11,1.156412e-09,1.156412e-11
1.163855e+01,3.292278e-11,1.151598e-09,1.151598e-11
1.164133e+01,3.361398e-11,1.152557e-09,1.152557e-11
1.164412e+01,3.437178e-11,1.159608e-09,1.159608e-11
1.164690e+01,3.517987e-11,1.172512e-09,1.172512e-11
1.164968e+01,3.601784e-11,1.190457e-09,1.190457e-11
1.165247e+01,3.686300e-11,1.212174e-09,1.212174e-11
1.165525e+01,3.769245e-11,1.236069e-09,1.236069e-11
1.165804e+01,3.848219e-11,1.260387e-09,1.260387e-11
1.166082e+01,3.920868e-11,1.283384e-09,1.283384e-11
1.166360e+01,3.985078e-11,1.303461e-09,1.303461e-11
1.166639e+01,4.038980e-11,1.319306e-09,1.319306e-11
1.166917e+01,4.081024e-11,1.329967e-09,1.329967e-11
1.167195e+01,4.110048e-11,1.334874e-09,1.334874e-11
1.167474e+01,4.125325e-11,1.333886e-09,1.333886e-11
1.167752e+01,4.126591e-11,1.327292e-09,1.327292e-11
1.168030e+01,4.114043e-11,1.315744e-09,1.315744e-11
1.168309e+01,4.088253e-11,1.300197e-09,1.300197e-11
1.168587e+01,4.050126e-11,1.281834e-09,1.281834e-11
1.168866e+01,4.001051e-11,1.261974e-09,1.261974e-11
1.169144e+01,3.942799e-11,1.241970e-09,1.241970e-11
1.169422e+01,3.877444e-11,1.223050e-09,1.223050e-11
1.169701e+01,3.807295e-11,1.206167e-09,1.206167e-11
1.169979e+01,3.734958e-11,1.191941e-09,1.191941e-11
1.170257e+01,3.663388e-11,1.180610e-09,1.180610e-11
1.170536e+01,3.595542e-11,1.171983e-09,1.171983e-11
1.170814e+01,3.534412e-11,1.165545e-09,1.165545e-11
1.171093e+01,3.483103e-11,1.160664e-09,1.160664e-11
1.171371e+01,3.444476e-11,1.156746e-09,1.156746e-11
1.171649e+01,3.421028e-11,1.153444e-09,1.153444e-11
1.171928e+01,3.414963e-11,1.150933e-09,1.150933e-11
1.172206e+01,3.427959e-11,1.150055e-09,1.150055e-11
1.172484e+01,3.460989e-11,1.152390e-09,1.152390e-11
1.172763e+01,3.514353e-11,1.160229e-09,1.160229e-11
1.173041e+01,3.587558e-11,1.176337e-09,1.176337e-11
1.173319e+01,3.679365e-11,1.203525e-09,1.203525e-11
1.173598e+01,3.787925e-11,1.244128e-09,1.244128e-11
1.173876e+01,3.910675e-11,1.299449e-09,1.299449e-11
1.174155e+01,4.044492e-11,1.369380e-09,1.369380e-11
1.174433e+01,4.185912e-11,1.452385e-09,1.452385e-11
1.174711e+01,4.331257e-11,1.545742e-09,1.545742e-11
1.174990e+01,4.476809e-11,1.645907e-09,1.645907e-11
1.175268e+01,4.618926e-11,1.748893e-09,1.748893e-11
1.175546e+01,4.754198e-11,1.850621e-09,1.850621e-11
1.175825e+01,4.879561e-11,1.947187e-09,1.947187e-11
1.176103e+01,4.992438e-11,2.035078e-09,2.035078e-11
1.176382e+01,5.090859e-11,2.111312e-09,2.111312e-11
1.176660e+01,5.173387e-11,2.173507e-09,2.173507e-11
1.176938e+01,5.239099e-11,2.219942e-09,2.219942e-11
1.177217e+01,5.287631e-11,2.249601e-09,2.249601e-11
1.177495e+01,5.319160e-11,2.262193e-09,2.262193e-11
1.177773e+01,5.334402e-11,2.258105e-09,2.258105e-11
1.178052e+01,5.334353e-11,2.238359e-09,2.238359e-11
1.178330e+01,5.320275e-11,2.204570e-09,2.204570e-11
1.178608e+01,5.293894e-11,2.158875e-09,2.158875e-11
1.178887e+01,5.257024e-11,2.103793e-09,2.103793e-11
1.179165e+01,5.211544e-11,2.042137e-09,2.042137e-11
1.179444e+01,5.159474e-11,1.976897e-09,1.976897e-11
1.179722e+01,5.102735e-11,1.911082e-09,1.911082e-11
1.180000e+01,5.043231e-11,1.847598e-09,1.847598e-11
1.180279e+01,4.982772e-11,1.789071e-09,1.789071e-11
1.180557e+01,4.922824e-11,1.737622e-09,1.737622e-11
1.180835e+01,4.864623e-11,1.694754e-09,1.694754e-11
1.181114e+01,4.809181e-11,1.661250e-09,1.661250e-11
1.181392e+01,4.757039e-11,1.637100e-09,1.637100e-11
1.181670e+01,4.708358e-11,1.621582e-09,1.621582e-11
1.181949e+01,4.663082e-11,1.613406e-09,1.613406e-11
1.182227e+01,4.620796e-11,1.610867e-09,1.610867e-11
1.182506e+01,4.580749e-11,1.612085e-09,1.612085e-11
1.182784e+01,4.542175e-11,1.615201e-09,1.615201e-11
1.183062e+01,4.504204e-11,1.618495e-09,1.618495e-11
1.183341e+01,4.465871e-11,1.620478e-09,1.620478e-11
1.183619e+01,4.426444e-11,1.619984e-09,1.619984e-11
1.183897e+01,4.385384e-11,1.616177e-09,1.616177e-11
1.184176e+01,4.342323e-11,1.608546e-09,1.608546e-11
1.184454e+01,4.297146e-11,1.596887e-09,1.596887e-11
1.184733e+01,4.249942e-11,1.581276e-09,1.581276e-11
1.185011e+01,4.200971e-11,1.562039e-09,1.562039e-11
1.185289e+01,4.150668e-11,1.539721e-09,1.539721e-11
1.185568e+01,4.099570e-11,1.515051e-09,1.515051e-11
1.185846e+01,4.048223e-11,1.488846e-09,1.488846e-11
1.186124e+01,3.997070e-11,1.461936e-09,1.461936e-11
1.186403e+01,3.946481e-11,1.435093e-09,1.435093e-11
1.186681e+01,3.896736e-11,1.408940e-09,1.408940e-11
1.186959e+01,3.847855e-11,1.383880e-09,1.383880e-11
1.187238e+01,3.799766e-11,1.360083e-09,1.360083e-11
1.187516e+01,3.752318e-11,1.337473e-09,1.337473e-11
1.187795e+01,3.705159e-11,1.315763e-09,1.315763e-11
1.188073e+01,3.657876e-11,1.294529e-09,1.294529e-11
1.188351e+01,3.610056e-11,1.273311e-09,1.273311e-11
1.188630e+01,3.561245e-11,1.251692e-09,1.251692e-11
1.188908e+01,3.511012e-11,1.229360e-09,1.229360e-11
1.189186e+01,3.458986e-11,1.206167e-09,1.206167e-11
1.189465e+01,3.404810e-11,1.182108e-09,1.182108e-11
1.189743e+01,3.348255e-11,1.157312e-09,1.157312e-11
1.190022e+01,3.289175e-11,1.132009e-09,1.132009e-11
1.190300e+01,3.227516e-11,1.106491e-09,1.106491e-11
1.190578e+01,3.163436e-11,1.081073e-09,1.081073e-11
1.190857e+01,3.097094e-11,1.056020e-09,1.056020e-11
1.191135e+01,3.028706e-11,1.031545e-09,1.031545e-11
1.191413e+01,2.958763e-11,1.007866e-09,1.007866e-11
1.191692e+01,2.887894e-11,9.851922e-10,9.851922e-12
1.191970e+01,2.816795e-11,9.636946e-10,9.636946e-12
1.192248e+01,2.746311e-11,9.435353e-10,9.435353e-12
1.192527e+01,2.677482e-11,9.248992e-10,9.248992e-12
1.192805e+01,2.611410e-11,9.079536e-10,9.079536e-12
1.193084e+01,2.549242e-11,8.927952e-10,8.927952e-12
1.193362e+01,2.492249e-11,8.794729e-10,8.794729e-12
1.193640e+01,2.441658e-11,8.679838e-10,8.679838e-12
1.193919e+01,2.398554e-11,8.582340e-10,8.582340e-12
1.194197e+01,2.364003e-11,8.500667e-10,8.500667e-12
1.194475e+01,2.338865e-11,8.433201e-10,8.433201e-12
1.194754e+01,2.323652e-11,8.378624e-10,8.378624e-12
1.195032e+01,2.318715e-11,8.336378e-10,8.336378e-12
1.195310e+01,2.324146e-11,8.307047e-10,8.307047e-12
1.195589e+01,2.339655e-11,8.292191e-10,8.292191e-12
1.195867e+01,2.364594e-11,8.294276e-10,8.294276e-12
1.196146e+01,2.398227e-11,8.316813e-10,8.316813e-12
1.196424e+01,2.439671e-11,8.363492e-10,8.363492e-12
1.196702e+01,2.487726e-11,8.437075e-10,8.437075e-12
1.196981e+01,2.541231e-11,8.539044e-10,8.539044e-12
1.197259e+01,2.599015e-11,8.669167e-10,8.669167e-12
1.197537e+01,2.659763e-11,8.825184e-10,8.825184e-12
1.197816e+01,2.722243e-11,9.003035e-10,9.003035e-12
1.198094e+01,2.785297e-11,9.197265e-10,9.197265e-12
1.198373e+01,2.847791e-11,9.401703e-10,9.401703e-12
1.198651e+01,2.908683e-11,9.610124e-10,9.610124e-12
1.198929e+01,2.966994e-11,9.816834e-10,9.816834e-12
1.199208e+01,3.021766e-11,1.001698e-09,1.001698e-11
1.199486e+01,3.072001e-11,1.020668e-09,1.020668e-11
1.199764e+01,3.116900e-11,1.038342e-09,1.038342e-11
1.200043e+01,3.155824e-11,1.054588e-09,1.054588e-11
1.200321e+01,3.188106e-11,1.069336e-09,1.069336e-11
1.200599e+01,3.213343e-11,1.082569e-09,1.082569e-11
1.200878e+01,3.231252e-11,1.094294e-09,1.094294e-11
1.201156e+01,3.241678e-11,1.104500e-09,1.104500e-11
1.201435e+01,3.244817e-11,1.113165e-09,1.113165e-11
1.201713e+01,3.240924e-11,1.120231e-09,1.120231e-11
1.201991e+01,3.230416e-11,1.125616e-09,1.125616e-11
1.202270e+01,3.214025e-11,1.129222e-09,1.129222e-11
1.202548e+01,3.192526e-11,1.130954e-09,1.130954e-11
1.202826e+01,3.166808e-11,1.130724e-09,1.130724e-11
1.203105e+01,3.137894e-11,1.128453e-09,1.128453e-11
1.203383e+01,3.106806e-11,1.124100e-09,1.124100e-11
1.203662e+01,3.074593e-11,1.117670e-09,1.117670e-11
1.203940e+01,3.042305e-11,1.109208e-09,1.109208e-11
1.204218e+01,3.011036e-11,1.098842e-09,1.098842e-11
1.204497e+01,2.981851e-11,1.086782e-09,1.086782e-11
1.204775e+01,2.955750e-11,1.073310e-09,1.073310e-11
1.205053e+01,2.933731e-11,1.058803e-09,1.058803e-11
1.205332e+01,2.916781e-11,1.043734e-09,1.043734e-11
1.205610e+01,2.905904e-11,1.028661e-09,1.028661e-11
1.205888e+01,2.901992e-11,1.014212e-09,1.014212e-11
1.206167e+01,2.905892e-11,1.001089e-09,1.001089e-11
1.206445e+01,2.918540e-11,9.900425e-10,9.900425e-12
1.206724e+01,2.940706e-11,9.818109e-10,9.818109e-12
1.207002e+01,2.972994e-11,9.770802e-10,9.770802e-12
1.207280e+01,3.015963e-11,9.764597e-10,9.764597e-12
1.207559e+01,3.069940e-11,9.804287e-10,9.804287e-12
1.207837e+01,3.134970e-11,9.892989e-10,9.892989e-12
1.208115e+01,3.210878e-11,1.003201e-09,1.003201e-11
1.208394e+01,3.297129e-11,1.022058e-09,1.022058e-11
1.208672e+01,3.392776e-11,1.045553e-09,1.045553e-11
1.208951e+01,3.496540e-11,1.073184e-09,1.073184e-11
1.209229e+01,3.606859e-11,1.104291e-09,1.104291e-11
1.209507e+01,3.721787e-11,1.138065e-09,1.138065e-11
1.209786e+01,3.839090e-11,1.173596e-09,1.173596e-11
1.210064e+01,3.956346e-11,1.209899e-09,1.209899e-11
1.210342e+01,4.070930e-11,1.245934e-09,1.245934e-11
1.210621e+01,4.180249e-11,1.280686e-09,1.280686e-11
1.210899e+01,4.281688e-11,1.313179e-09,1.313179e-11
1.211177e+01,4.372703e-11,1.342489e-09,1.342489e-11
1.211456e+01,4.451060e-11,1.367785e-09,1.367785e-11
1.211734e+01,4.514694e-11,1.388332e-09,1.388332e-11
1.212013e+01,4.561821e-11,1.403523e-09,1.403523e-11
1.212291e+01,4.591106e-11,1.412903e-09,1.412903e-11
1.212569e+01,4.601679e-11,1.416171e-09,1.416171e-11
1.212848e+01,4.593088e-11,1.413187e-09,1.413187e-11
1.213126e+01,4.565318e-11,1.403970e-09,1.403970e-11
1.213404e+01,4.518899e-11,1.388721e-09,1.388721e-11
1.213683e+01,4.454829e-11,1.367813e-09,1.367813e-11
1.213961e+01,4.374594e-11,1.341778e-09,1.341778e-11
1.214239e+01,4.280200e-11,1.311312e-09,1.311312e-11
1.214518e+01,4.173970e-11,1.277258e-09,1.277258e-11
1.214796e+01,4.058644e-11,1.240570e-09,1.240570e-11
1.215075e+01,3.937251e-11,1.202288e-09,1.202288e-11
1.215353e+01,3.812921e-11,1.163494e-09,1.163494e-11
1.215631e+01,3.688954e-11,1.125294e-09,1.125294e-11
1.215910e+01,3.568683e-11,1.088800e-09,1.088800e-11
1.216188e+01,3.455362e-11,1.055069e-09,1.055069e-11
1.216466e+01,3.351909e-11,1.025055e-09,1.025055e-11
1.216745e+01,3.260923e-11,9.996388e-10,9.996388e-12
1.217023e+01,3.184759e-11,9.796377e-10,9.796377e-12
1.217302e+01,3.125220e-11,9.657469e-10,9.657469e-12
1.217580e+01,3.083529e-11,9.585466e-10,9.585466e-12
1.217858e+01,3.060431e-11,9.584940e-10,9.584940e-12
1.218137e+01,3.056091e-11,9.658584e-10,9.658584e-12
1.218415e+01,3.070105e-11,9.806857e-10,9.806857e-12
1.218693e+01,3.101562e-11,1.002757e-09,1.002757e-11
1.218972e+01,3.149138e-11,1.031560e-09,1.031560e-11
1.219250e+01,3.211217e-11,1.066318e-09,1.066318e-11
1.219528e+01,3.285907e-11,1.106052e-09,1.106052e-11
1.219807e+01,3.371255e-11,1.149629e-09,1.149629e-11
1.220085e+01,3.465223e-11,1.195866e-09,1.195866e-11
1.220364e+01,3.565842e-11,1.243641e-09,1.243641e-11
1.220642e+01,3.671459e-11,1.291985e-09,1.291985e-11
1.220920e+01,3.780581e-11,1.340146e-09,1.340146e-11
1.221199e+01,3.891988e-11,1.387652e-09,1.387652e-11
1.221477e+01,4.004680e-11,1.434350e-09,1.434350e-11
1.221755e+01,4.117974e-11,1.480422e-09,1.480422e-11
1.222034e+01,4.231507e-11,1.526377e-09,1.526377e-11
1.222312e+01,4.344933e-11,1.572986e-09,1.572986e-11
1.222591e+01,4.458062e-11,1.621226e-09,1.621226e-11
1.222869e+01,4.570845e-11,1.672197e-09,1.672197e-11
1.223147e+01,4.683228e-11,1.727003e-09,1.727003e-11
1.223426e+01,4.795162e-11,1.786626e-09,1.786626e-11
1.223704e+01,4.906465e-11,1.851825e-09,1.851825e-11
1.223982e+01,5.016954e-11,1.923069e-09,1.923069e-11
1.224261e+01,5.126423e-11,2.000473e-09,2.000473e-11
1.224539e+01,5.234475e-11,2.083757e-09,2.083757e-11
1.224817e+01,5.340674e-11,2.172278e-09,2.172278e-11
1.225096e+01,5.444519e-11,2.265072e-09,2.265072e-11
1.225374e+01,5.545386e-11,2.360893e-09,2.360893e-11
1.225653e+01,5.642531e-11,2.458265e-09,2.458265e-11
1.225931e+01,5.735182e-11,2.555565e-09,2.555565e-11
1.226209e+01,5.822553e-11,2.651073e-09,2.651073e-11
1.226488e+01,5.903644e-11,2.743027e-09,2.743027e-11
1.226766e+01,5.977355e-11,2.829680e-09,2.829680e-11
1.227044e+01,6.042679e-11,2.909365e-09,2.909365e-11
1.227323e+01,6.098605e-11,2.980544e-09,2.980544e-11
1.227601e+01,6.144160e-11,3.041841e-09,3.041841e-11
1.227880e+01,6.178459e-11,3.092073e-09,3.092073e-11
1.228158e+01,6.200765e-11,3.130286e-09,3.130286e-11
1.228436e+01,6.210627e-11,3.155769e-09,3.155769e-11
1.228715e+01,6.207724e-11,3.168059e-09,3.168059e-11
1.228993e+01,6.192018e-11,3.166928e-09,3.166928e-11
1.229271e+01,6.163784e-11,3.152373e-09,3.152373e-11
1.229550e+01,6.123566e-11,3.124617e-09,3.124617e-11
1.229828e+01,6.072257e-11,3.084078e-09,3.084078e-11
1.230106e+01,6.010893e-11,3.031337e-09,3.031337e-11
1.230385e+01,5.940623e-11,2.967117e-09,2.967117e-11
1.230663e+01,5.862775e-11,2.892284e-09,2.892284e-11
1.230942e+01,5.778761e-11,2.807832e-09,2.807832e-11
1.231220e+01,5.689922e-11,2.714868e-09,2.714868e-11
1.231498e+01,5.597617e-11,2.614612e-09,2.614612e-11
1.231777e+01,5.503102e-11,2.508375e-09,2.508375e-11
1.232055e+01,5.407460e-11,2.397579e-09,2.397579e-11
1.232333e+01,5.311781e-11,2.283762e-09,2.283762e-11
1.232612e+01,5.216948e-11,2.168546e-09,2.168546e-11
1.232890e+01,5.123741e-11,2.053664e-09,2.053664e-11
1.233168e+01,5.032987e-11,1.940997e-09,1.940997e-11
1.233447e+01,4.945430e-11,1.832578e-09,1.832578e-11
1.233725e+01,4.861819e-11,1.730575e-09,1.730575e-11
1.234004e+01,4.782871e-11,1.637298e-09,1.637298e-11
1.234282e+01,4.709410e-11,1.555142e-09,1.555142e-11
1.234560e+01,4.642195e-11,1.486384e-09,1.486384e-11
1.234839e+01,4.581679e-11,1.432962e-09,1.432962e-11
1.235117e+01,4.528510e-11,1.396296e-09,1.396296e-11
1.235395e+01,4.483265e-11,1.376958e-09,1.376958e-11
1.235674e+01,4.445959e-11,1.374414e-09,1.374414e-11
1.235952e+01,4.416520e-11,1.387151e-09,1.387151e-11
1.236231e+01,4.394748e-11,1.412888e-09,1.412888e-11
1.236509e+01,4.379990e-11,1.448810e-09,1.448810e-11
1.236787e+01,4.371341e-11,1.491913e-09,1.491913e-11
1.237066e+01,4.367684e-11,1.539301e-09,1.539301e-11
1.237344e+01,4.367824e-11,1.588325e-09,1.588325e-11
1.237622e+01,4.370437e-11,1.636633e-09,1.636633e-11
1.237901e+01,4.374016e-11,1.682198e-09,1.682198e-11
1.238179e+01,4.377245e-11,1.723344e-09,1.723344e-11
1.238457e+01,4.378911e-11,1.758713e-09,1.758713e-11
1.238736e+01,4.377780e-11,1.787181e-09,1.787181e-11
1.239014e+01,4.372828e-11,1.807884e-09,1.807884e-11
1.239293e+01,4.363289e-11,1.820258e-09,1.820258e-11
1.239571e+01,4.348555e-11,1.823963e-09,1.823963e-11
1.239849e+01,4.328163e-11,1.818858e-09,1.818858e-11
1.240128e+01,4.301811e-11,1.805070e-09,1.805070e-11
1.240406e+01,4.269392e-11,1.782961e-09,1.782961e-11
1.240684e+01,4.230972e-11,1.753108e-09,1.753108e-11
1.240963e+01,4.186860e-11,1.716295e-09,1.716295e-11
1.241241e+01,4.137482e-11,1.673446e-09,1.673446e-11
1.241520e+01,4.083398e-11,1.625630e-09,1.625630e-11
1.241798e+01,4.025425e-11,1.574067e-09,1.574067e-11
1.242076e+01,3.964371e-11,1.520029e-09,1.520029e-11
1.242355e+01,3.901161e-11,1.464802e-09,1.464802e-11
1.242633e+01,3.836893e-11,1.409707e-09,1.409707e-11
1.242911e+01,3.772612e-11,1.356033e-09,1.356033e-11
1.243190e+01,3.709237e-11,1.304913e-09,1.304913e-11
1.243468e+01,3.647552e-11,1.257286e-09,1.257286e-11
1.243746e+01,3.588195e-11,1.213848e-09,1.213848e-11
1.244025e+01,3.531599e-11,1.174987e-09,1.174987e-11
1.244303e+01,3.477911e-11,1.140743e-09,1.140743e-11
1.244582e+01,3.427019e-11,1.110800e-09,1.110800e-11
1.244860e+01,3.378601e-11,1.084531e-09,1.084531e-11
1.245138e+01,3.332098e-11,1.061070e-09,1.061070e-11
1.245417e+01,3.286751e-11,1.039405e-09,1.039405e-11
1.245695e+01,3.241751e-11,1.018513e-09,1.018513e-11
1.245973e+01,3.196319e-11,9.974648e-10,9.974648e-12
1.246252e+01,3.149738e-11,9.754974e-10,9.754974e-12
1.246530e+01,3.101431e-11,9.520888e-10,9.520888e-12
1.246809e+01,3.051073e-11,9.270228e-10,9.270228e-12
1.247087e+01,2.998626e-11,9.003840e-10,9.003840e-12
1.247365e+01,2.944300e-11,8.725296e-10,8.725296e-12
1.247644e+01,2.888596e-11,8.440666e-10,8.440666e-12
1.247922e+01,2.832336e-11,8.157987e-10,8.157987e-12
1.248200e+01,2.776598e-11,7.886327e-10,7.886327e-12
1.248479e+01,2.722517e-11,7.634499e-10,7.634499e-12
1.248757e+01,2.671232e-11,7.410180e-10,7.410180e-12
1.249035e+01,2.624046e-11,7.219499e-10,7.219499e-12
1.249314e+01,2.582179e-11,7.066027e-10,7.066027e-12
1.249592e+01,2.546579e-11,6.950246e-10,6.950246e-12
1.249871e+01,2.518103e-11,6.870145e-10,6.870145e-12
1.250149e+01,2.497406e-11,6.821806e-10,6.821806e-12
1.250427e+01,2.484820e-11,6.799976e-10,6.799976e-12
1.250706e+01,2.480531e-11,6.799083e-10,6.799083e-12
1.250984e+01,2.484501e-11,6.814159e-10,6.814159e-12
1.251262e+01,2.496367e-11,6.841251e-10,6.841251e-12
1.251541e+01,2.515632e-11,6.877942e-10,6.877942e-12
1.251819e+01,2.541563e-11,6.923752e-10,6.923752e-12
1.252097e+01,2.573186e-11,6.980112e-10,6.980112e-12
1.252376e+01,2.609414e-11,7.050348e-10,7.050348e-12
1.252654e+01,2.648964e-11,7.139128e-10,7.139128e-12
1.252933e+01,2.690344e-11,7.251450e-10,7.251450e-12
1.253211e+01,2.731994e-11,7.392136e-10,7.392136e-12
1.253489e+01,2.772380e-11,7.564628e-10,7.564628e-12
1.253768e+01,2.809839e-11,7.769472e-10,7.769472e-12
1.254046e+01,2.842791e-11,8.004366e-10,8.004366e-12
1.254324e+01,2.869941e-11,8.264313e-10,8.264313e-12
1.254603e+01,2.890161e-11,8.541677e-10,8.541677e-12
1.254881e+01,2.902663e-11,8.827561e-10,8.827561e-12
1.255160e+01,2.907073e-11,9.113012e-10,9.113012e-12
1.255438e+01,2.903405e-11,9.389910e-10,9.389910e-12
1.255716e+01,2.892185e-11,9.652018e-10,9.652018e-12
1.255995e+01,2.874268e-11,9.895307e-10,9.895307e-12
1.256273e+01,2.850853e-11,1.011816e-09,1.011816e-11
1.256551e+01,2.823589e-11,1.032121e-09,1.032121e-11
1.256830e+01,2.794270e-11,1.050663e-09,1.050663e-11
1.257108e+01,2.764816e-11,1.067764e-09,1.067764e-11
1.257386e+01,2.737218e-11,1.083786e-09,1.083786e-11
1.257665e+01,2.713363e-11,1.099060e-09,1.099060e-11
1.257943e+01,2.694948e-11,1.113844e-09,1.113844e-11
1.258222e+01,2.683421e-11,1.128323e-09,1.128323e-11
1.258500e+01,2.680043e-11,1.142617e-09,1.142617e-11
1.258778e+01,2.685717e-11,1.156791e-09,1.156791e-11
1.259057e+01,2.700898e-11,1.170860e-09,1.170860e-11
1.259335e+01,2.725737e-11,1.184834e-09,1.184834e-11
1.259613e+01,2.760040e-11,1.198722e-09,1.198722e-11
1.259892e+01,2.803216e-11,1.212522e-09,1.212522e-11
1.260170e+01,2.854398e-11,1.226219e-09,1.226219e-11
1.260449e+01,2.912399e-11,1.239750e-09,1.239750e-11
1.260727e+01,2.975748e-11,1.252999e-09,1.252999e-11
1.261005e+01,3.042792e-11,1.265782e-09,1.265782e-11
1.261284e+01,3.111688e-11,1.277832e-09,1.277832e-11
1.261562e+01,3.180419e-11,1.288814e-09,1.288814e-11
1.261840e+01,3.246947e-11,1.298356e-09,1.298356e-11
1.262119e+01,3.309287e-11,1.306078e-09,1.306078e-11
1.262397e+01,3.365388e-11,1.311612e-09,1.311612e-11
1.262675e+01,3.413350e-11,1.314646e-09,1.314646e-11
1.262954e+01,3.451608e-11,1.315003e-09,1.315003e-11
1.263232e+01,3.478877e-11,1.312634e-09,1.312634e-11
1.263511e+01,3.494218e-11,1.307617e-09,1.307617e-11
1.263789e+01,3.497168e-11,1.300195e-09,1.300195e-11
1.264067e+01,3.487789e-11,1.290761e-09,1.290761e-11
1.264346e+01,3.466680e-11,1.279799e-09,1.279799e-11
1.264624e+01,3.434942e-11,1.267844e-09,1.267844e-11
1.264902e+01,3.394167e-11,1.255441e-09,1.255441e-11
1.265181e+01,3.346395e-11,1.243093e-09,1.243093e-11
1.265459e+01,3.293937e-11,1.231201e-09,1.231201e-11
1.265738e+01,3.239412e-11,1.220041e-09,1.220041e-11
1.266016e+01,3.185489e-11,1.209795e-09,1.209795e-11
1.266294e+01,3.134719e-11,1.200578e-09,1.200578e-11
1.266573e+01,3.089604e-11,1.192482e-09,1.192482e-11
1.266851e+01,3.052320e-11,1.185659e-09,1.185659e-11
1.267129e+01,3.024606e-11,1.180403e-09,1.180403e-11
1.267408e+01,3.007848e-11,1.177181e-09,1.177181e-11
1.267686e+01,3.002965e-11,1.176631e-09,1.176631e-11
1.267964e+01,3.010296e-11,1.179519e-09,1.179519e-11
1.268243e+01,3.029698e-11,1.186644e-09,1.186644e-11
1.268521e+01,3.060657e-11,1.198718e-09,1.198718e-11
1.268800e+01,3.102276e-11,1.216229e-09,1.216229e-11
1.269078e+01,3.153302e-11,1.239292e-09,1.239292e-11
1.269356e+01,3.212202e-11,1.267587e-09,1.267587e-11
1.269635e+01,3.277207e-11,1.300338e-09,1.300338e-11
1.269913e+01,3.346486e-11,1.336380e-09,1.336380e-11
1.270191e+01,3.418132e-11,1.374268e-09,1.374268e-11
1.270470e+01,3.490266e-11,1.412396e-09,1.412396e-11
1.270748e+01,3.561119e-11,1.449122e-09,1.449122e-11
1.271026e+01,3.628948e-11,1.482904e-09,1.482904e-11
1.271305e+01,3.692345e-11,1.512399e-09,1.512399e-11
1.271583e+01,3.750125e-11,1.536503e-09,1.536503e-11
1.271862e+01,3.801221e-11,1.554382e-09,1.554382e-11
1.272140e+01,3.844988e-11,1.565519e-09,1.565519e-11
1.272418e+01,3.881084e-11,1.569702e-09,1.569702e-11
1.272697e+01,3.909403e-11,1.566993e-09,1.566993e-11
1.272975e+01,3.930186e-11,1.557692e-09,1.557692e-11
1.273253e+01,3.943842e-11,1.542303e-09,1.542303e-11
1.273532e+01,3.951018e-11,1.521502e-09,1.521502e-11
1.273810e+01,3.952572e-11,1.496087e-09,1.496087e-11
1.274089e+01,3.949340e-11,1.466929e-09,1.466929e-11
1.274367e+01,3.942247e-11,1.434952e-09,1.434952e-11
1.274645e+01,3.932214e-11,1.401098e-09,1.401098e-11
1.274924e+01,3.920038e-11,1.366301e-09,1.366301e-11
1.275202e+01,3.906328e-11,1.331462e-09,1.331462e-11
1.275480e+01,3.891498e-11,1.297431e-09,1.297431e-11
1.275759e+01,3.875766e-11,1.264993e-09,1.264993e-11
1.276037e+01,3.859043e-11,1.234821e-09,1.234821e-11
1.276315e+01,3.841009e-11,1.207448e-09,1.207448e-11
1.276594e+01,3.821130e-11,1.183252e-09,1.183252e-11
1.276872e+01,3.798636e-11,1.162409e-09,1.162409e-11
1.277151e+01,3.772673e-11,1.144860e-09,1.144860e-11
1.277429e+01,3.742353e-11,1.130349e-09,1.130349e-11
1.277707e+01,3.706835e-11,1.118442e-09,1.118442e-11
1.277986e+01,3.665382e-11,1.108533e-09,1.108533e-11
1.278264e+01,3.617447e-11,1.099936e-09,1.099936e-11
1.278542e+01,3.562844e-11,1.091966e-09,1.091966e-11
1.278821e+01,3.501693e-11,1.083969e-09,1.083969e-11
1.279099e+01,3.434422e-11,1.075356e-09,1.075356e-11
1.279378e+01,3.361808e-11,1.065662e-09,1.065662e-11
1.279656e+01,3.285079e-11,1.054617e-09,1.054617e-11
1.279934e+01,3.205853e-11,1.042112e-09,1.042112e-11
1.280213e+01,3.125787e-11,1.028132e-09,1.028132e-11
1.280491e+01,3.046808e-11,1.012796e-09,1.012796e-11
1.280769e+01,2.971121e-11,9.963875e-10,9.963875e-12
1.281048e+01,2.900785e-11,9.792809e-10,9.792809e-12
1.281326e+01,2.837840e-11,9.619468e-10,9.619468e-12
1.281604e+01,2.784322e-11,9.449589e-10,9.449589e-12
1.281883e+01,2.742014e-11,9.289649e-10,9.289649e-12
1.282161e+01,2.712464e-11,9.147178e-10,9.147178e-12
1.282440e+01,2.696964e-11,9.030761e-10,9.030761e-12
1.282718e+01,2.696455e-11,8.949497e-10,8.949497e-12
1.282996e+01,2.711572e-11,8.912767e-10,8.912767e-12
1.283275e+01,2.742561e-11,8.929602e-10,8.929602e-12
1.283553e+01,2.789229e-11,9.007735e-10,9.007735e-12
1.283831e+01,2.851069e-11,9.153013e-10,9.153013e-12
1.284110e+01,2.927271e-11,9.368593e-10,9.368593e-12
1.284388e+01,3.016665e-11,9.654290e-10,9.654290e-12
1.284666e+01,3.117737e-11,1.000663e-09,1.000663e-11
1.284945e+01,3.228739e-11,1.041930e-09,1.041930e-11
1.285223e+01,3.347752e-11,1.088375e-09,1.088375e-11
1.285502e+01,3.472751e-11,1.139001e-09,1.139001e-11
1.285780e+01,3.601573e-11,1.192715e-09,1.192715e-11
1.286058e+01,3.731962e-11,1.248387e-09,1.248387e-11
1.286337e+01,3.861839e-11,1.304921e-09,1.304921e-11
1.286615e+01,3.989169e-11,1.361291e-09,1.361291e-11
1.286893e+01,4.111991e-11,1.416539e-09,1.416539e-11
1.287172e+01,4.228516e-11,1.469781e-09,1.469781e-11
1.287450e+01,4.337138e-11,1.520249e-09,1.520249e-11
1.287729e+01,4.436557e-11,1.567291e-09,1.567291e-11
1.288007e+01,4.525624e-11,1.610340e-09,1.610340e-11
1.288285e+01,4.603359e-11,1.648907e-09,1.648907e-11
1.288564e+01,4.668965e-11,1.682576e-09,1.682576e-11
1.288842e+01,4.721698e-11,1.710978e-09,1.710978e-11
1.289120e+01,4.760914e-11,1.733787e-09,1.733787e-11
1.289399e+01,4.786060e-11,1.750711e-09,1.750711e-11
1.289677e+01,4.796517e-11,1.761480e-09,1.761480e-11
1.289955e+01,4.791621e-11,1.765838e-09,1.765838e-11
1.290234e+01,4.770755e-11,1.763554e-09,1.763554e-11
1.290512e+01,4.733294e-11,1.754430e-09,1.754430e-11
1.290791e+01,4.678647e-11,1.738302e-09,1.738302e-11
1.291069e+01,4.606302e-11,1.715063e-09,1.715063e-11
1.291347e+01,4.516092e-11,1.684695e-09,1.684695e-11
1.291626e+01,4.408136e-11,1.647276e-09,1.647276e-11
1.291904e+01,4.282845e-11,1.602978e-09,1.602978e-11
1.292182e+01,4.141163e-11,1.552104e-09,1.552104e-11
1.292461e+01,3.984531e-11,1.495110e-09,1.495110e-11
1.292739e+01,3.814999e-11,1.432611e-09,1.432611e-11
1.293018e+01,3.635113e-11,1.365373e-09,1.365373e-11
1.293296e+01,3.447889e-11,1.294343e-09,1.294343e-11
1.293574e+01,3.256882e-11,1.220630e-09,1.220630e-11
1.293853e+01,3.065926e-11,1.145514e-09,1.145514e-11
1.294131e+01,2.879147e-11,1.070483e-09,1.070483e-11
1.294409e+01,2.700866e-11,9.972116e-10,9.972116e-12
1.294688e+01,2.535308e-11,9.275518e-10,9.275518e-12
1.294966e+01,2.386638e-11,8.635409e-10,8.635409e-12
1.295244e+01,2.258810e-11,8.073590e-10,8.073590e-12
1.295523e+01,2.155372e-11,7.612312e-10,7.612312e-12
1.295801e+01,2.079434e-11,7.272274e-10,7.272274e-12
1.296080e+01,2.033550e-11,7.069838e-10,7.069838e-12
1.296358e+01,2.019622e-11,7.014355e-10,7.014355e-12
1.296636e+01,2.038819e-11,7.106472e-10,7.106472e-12
1.296915e+01,2.091452e-11,7.338986e-10,7.338986e-12
1.297193e+01,2.177080e-11,7.699887e-10,7.699887e-12
1.297471e+01,2.294418e-11,8.175610e-10,8.175610e-12
1.297750e+01,2.441271e-11,8.753608e-10,8.753608e-12
1.298028e+01,2.614766e-11,9.423659e-10,9.423659e-12
1.298307e+01,2.811295e-11,1.017768e-09,1.017768e-11
1.298585e+01,3.026599e-11,1.100870e-09,1.100870e-11
1.298863e+01,3.255927e-11,1.190980e-09,1.190980e-11
1.299142e+01,3.494227e-11,1.287336e-09,1.287336e-11
1.299420e+01,3.736341e-11,1.389023e-09,1.389023e-11
1.299698e+01,3.976975e-11,1.494941e-09,1.494941e-11
1.299977e+01,4.211089e-11,1.603838e-09,1.603838e-11
1.300255e+01,4.434044e-11,1.714340e-09,1.714340e-11
1.300533e+01,4.641552e-11,1.824970e-09,1.824970e-11
1.300812e+01,4.829988e-11,1.934202e-09,1.934202e-11
1.301090e+01,4.996453e-11,2.040537e-09,2.040537e-11
1.301369e+01,5.138735e-11,2.142514e-09,2.142514e-11
1.301647e+01,5.255292e-11,2.238735e-09,2.238735e-11
1.301925e+01,5.345365e-11,2.327919e-09,2.327919e-11
1.302204e+01,5.408935e-11,2.408894e-09,2.408894e-11
1.302482e+01,5.446450e-11,2.480592e-09,2.480592e-11
1.302760e+01,5.458881e-11,2.542065e-09,2.542065e-11
1.303039e+01,5.447622e-11,2.592507e-09,2.592507e-11
1.303317e+01,5.414347e-11,2.631259e-09,2.631259e-11
1.303595e+01,5.360964e-11,2.657808e-09,2.657808e-11
1.303874e+01,5.289413e-11,2.671803e-09,2.671803e-11
1.304152e+01,5.201766e-11,2.673073e-09,2.673073e-11
1.304431e+01,5.100199e-11,2.661628e-09,2.661628e-11
1.304709e+01,4.986756e-11,2.637665e-09,2.637665e-11
1.304987e+01,4.863521e-11,2.601558e-09,2.601558e-11
1.305266e+01,4.732689e-11,2.553856e-09,2.553856e-11
1.305544e+01,4.596273e-11,2.495265e-09,2.495265e-11
1.305822e+01,4.456197e-11,2.426647e-09,2.426647e-11
1.306101e+01,4.314423e-11,2.349004e-09,2.349004e-11
1.306379e+01,4.172762e-11,2.263465e-09,2.263465e-11
1.306658e+01,4.032907e-11,2.171264e-09,2.171264e-11
1.306936e+01,3.896424e-11,2.073727e-09,2.073727e-11
1.307214e+01,3.764666e-11,1.972241e-09,1.972241e-11
1.307493e+01,3.638745e-11,1.868225e-09,1.868225e-11
1.307771e+01,3.519643e-11,1.763093e-09,1.763093e-11
1.308049e+01,3.408134e-11,1.658210e-09,1.658210e-11
1.308328e+01,3.304733e-11,1.554854e-09,1.554854e-11
1.308606e+01,3.209875e-11,1.454197e-09,1.454197e-11
1.308884e+01,3.123900e-11,1.357294e-09,1.357294e-11
1.309163e+01,3.047023e-11,1.265096e-09,1.265096e-11
1.309441e+01,2.979319e-11,1.178486e-09,1.178486e-11
1.309720e+01,2.920820e-11,1.098333e-09,1.098333e-11
1.309998e+01,2.871471e-11,1.025566e-09,1.025566e-11
1.310276e+01,2.831052e-11,9.612017e-10,9.612017e-12
1.310555e+01,2.799235e-11,9.063060e-10,9.063060e-12
1.310833e+01,2.775456e-11,8.618952e-10,8.618952e-12
1.311111e+01,2.758959e-11,8.287629e-10,8.287629e-12
1.311390e+01,2.748790e-11,8.072150e-10,8.072150e-12
1.311668e+01,2.743718e-11,7.968401e-10,7.968401e-12
1.311947e+01,2.742376e-11,7.964745e-10,7.964745e-12
1.312225e+01,2.743217e-11,8.042891e-10,8.042891e-12
1.312503e+01,2.744604e-11,8.179987e-10,8.179987e-12
1.312782e+01,2.744913e-11,8.351913e-10,8.351913e-12
1.313060e+01,2.742597e-11,8.535942e-10,8.535942e-12
1.313338e+01,2.736372e-11,8.712179e-10,8.712179e-12
1.313617e+01,2.725129e-11,8.864350e-10,8.864350e-12
1.313895e+01,2.708045e-11,8.980485e-10,8.980485e-12
1.314173e+01,2.684840e-11,9.053044e-10,9.053044e-12
1.314452e+01,2.655615e-11,9.078299e-10,9.078299e-12
1.314730e+01,2.620796e-11,9.055882e-10,9.055882e-12
1.315009e+01,2.581224e-11,8.988451e-10,8.988451e-12
1.315287e+01,2.538067e-11,8.881115e-10,8.881115e-12
1.315565e+01,2.492734e-11,8.740894e-10,8.740894e-12
1.315844e+01,2.446816e-11,8.576118e-10,8.576118e-12
1.316122e+01,2.401989e-11,8.395648e-10,8.395648e-12
1.316400e+01,2.359888e-11,8.208182e-10,8.208182e-12
1.316679e+01,2.322105e-11,8.021713e-10,8.021713e-12
1.316957e+01,2.290088e-11,7.842995e-10,7.842995e-12
1.317236e+01,2.265036e-11,7.677131e-10,7.677131e-12
1.317514e+01,2.248005e-11,7.527537e-10,7.527537e-12
1.317792e+01,2.239766e-11,7.396098e-10,7.396098e-12
1.318071e+01,2.240744e-11,7.283857e-10,7.283857e-12
1.318349e+01,2.251240e-11,7.192021e-10,7.192021e-12
1.318627e+01,2.271306e-11,7.122399e-10,7.122399e-12
1.318906e+01,2.300576e-11,7.077912e-10,7.077912e-12
1.319184e+01,2.338494e-11,7.063395e-10,7.063395e-12
1.319462e+01,2.384329e-11,7.085174e-10,7.085174e-12
1.319741e+01,2.436920e-11,7.149772e-10,7.149772e-12
1.320019e+01,2.494940e-11,7.262989e-10,7.262989e-12
1.320298e+01,2.556914e-11,7.428188e-10,7.428188e-12
1.320576e+01,2.620918e-11,7.644359e-10,7.644359e-12
1.320854e+01,2.684951e-11,7.905711e-10,7.905711e-12
1.321133e+01,2.746961e-11,8.201726e-10,8.201726e-12
1.321411e+01,2.804777e-11,8.517802e-10,8.517802e-12
1.321689e+01,2.856338e-11,8.836989e-10,8.836989e-12
1.321968e+01,2.899760e-11,9.141502e-10,9.141502e-12
1.322246e+01,2.933379e-11,9.414106e-10,9.414106e-12
1.322524e+01,2.955877e-11,9.639709e-10,9.639709e-12
1.322803e+01,2.966383e-11,9.806349e-10,9.806349e-12
1.323081e+01,2.964453e-11,9.905782e-10,9.905782e-12
1.323360e+01,2.950176e-11,9.934121e-10,9.934121e-12
1.323638e+01,2.924115e-11,9.891752e-10,9.891752e-12
1.323916e+01,2.887220e-11,9.782888e-10,9.782888e-12
1.324195e+01,2.840832e-11,9.615558e-10,9.615558e-12
1.324473e+01,2.786600e-11,9.401045e-10,9.401045e-12
1.324751e+01,2.726422e-11,9.152652e-10,9.152652e-12
1.325030e+01,2.662269e-11,8.884836e-10,8.884836e-12
1.325308e+01,2.596151e-11,8.612531e-10,8.612531e-12
1.325587e+01,2.530212e-11,8.350211e-10,8.350211e-12
1.325865e+01,2.466508e-11,8.110710e-10,8.110710e-12
1.326143e+01,2.406885e-11,7.904110e-10,7.904110e-12
1.326422e+01,2.353089e-11,7.737166e-10,7.737166e-12
1.326700e+01,2.306663e-11,7.613254e-10,7.613254e-12
1.326978e+01,2.268932e-11,7.532262e-10,7.532262e-12
1.327257e+01,2.240958e-11,7.490983e-10,7.490983e-12
1.327535e+01,2.223575e-11,7.484330e-10,7.484330e-12
1.327813e+01,2.217377e-11,7.506119e-10,7.506119e-12
1.328092e+01,2.222585e-11,7.549660e-10,7.549660e-12
1.328370e+01,2.239116e-11,7.608644e-10,7.608644e-12
1.328649e+01,2.266546e-11,7.677503e-10,7.677503e-12
1.328927e+01,2.304093e-11,7.751634e-10,7.751634e-12
1.329205e+01,2.350713e-11,7.827678e-10,7.827678e-12
1.329484e+01,2.405073e-11,7.903195e-10,7.903195e-12
1.329762e+01,2.465582e-11,7.976549e-10,7.976549e-12
1.330040e+01,2.530480e-11,8.047040e-10,8.047040e-12
1.330319e+01,2.597829e-11,8.114611e-10,8.114611e-12
1.330597e+01,2.665610e-11,8.179901e-10,8.179901e-12
1.330876e+01,2.731939e-11,8.244482e-10,8.244482e-12
1.331154e+01,2.794957e-11,8.310502e-10,8.310502e-12
1.331432e+01,2.852948e-11,8.380376e-10,8.380376e-12
1.331711e+01,2.904587e-11,8.456751e-10,8.456751e-12
1.331989e+01,2.948767e-11,8.541750e-10,8.541750e-12
1.332267e+01,2.984610e-11,8.636005e-10,8.636005e-12
1.332546e+01,3.011694e-11,8.738660e-10,8.738660e-12
1.332824e+01,3.029971e-11,8.846993e-10,8.846993e-12
1.333102e+01,3.039597e-11,8.955835e-10,8.955835e-12
1.333381e+01,3.041015e-11,9.058321e-10,9.058321e-12
1.333659e+01,3.034969e-11,9.146708e-10,9.146708e-12
1.333938e+01,3.022299e-11,9.212752e-10,9.212752e-12
1.334216e+01,3.003929e-11,9.248825e-10,9.248825e-12
1.334494e+01,2.980823e-11,9.249070e-10,9.249070e-12
1.334773e+01,2.953958e-11,9.210056e-10,9.210056e-12
1.335051e+01,2.924320e-11,9.131383e-10,9.131383e-12
1.335329e+01,2.892734e-11,9.015975e-10,9.015975e-12
1.335608e+01,2.860017e-11,8.870212e-10,8.870212e-12
1.335886e+01,2.826948e-11,8.703538e-10,8.703538e-12
1.336165e+01,2.794117e-11,8.527494e-10,8.527494e-12
1.336443e+01,2.762143e-11,8.354998e-10,8.354998e-12
1.336721e+01,2.731595e-11,8.199031e-10,8.199031e-12
1.337000e+01,2.702932e-11,8.070739e-10,8.070739e-12
1.337278e+01,2.676550e-11,7.978227e-10,7.978227e-12
1.337556e+01,2.652827e-11,7.925825e-10,7.925825e-12
1.337835e+01,2.632164e-11,7.913603e-10,7.913603e-12
1.338113e+01,2.614864e-11,7.937819e-10,7.937819e-12
1.338391e+01,2.601210e-11,7.992371e-10,7.992371e-12
1.338670e+01,2.591525e-11,8.070424e-10,8.070424e-12
1.338948e+01,2.586125e-11,8.165810e-10,8.165810e-12
1.339227e+01,2.585298e-11,8.274298e-10,8.274298e-12
1.339505e+01,2.589351e-11,8.394729e-10,8.394729e-12
1.339783e+01,2.598696e-11,8.529583e-10,8.529583e-12
1.340062e+01,2.613756e-11,8.684781e-10,8.684781e-12
1.340340e+01,2.634942e-11,8.869358e-10,8.869358e-12
1.340618e+01,2.662785e-11,9.094803e-10,9.094803e-12
1.340897e+01,2.697823e-11,9.373836e-10,9.373836e-12
1.341175e+01,2.740564e-11,9.718968e-10,9.718968e-12
1.341453e+01,2.791474e-11,1.014116e-09,1.014116e-11
1.341732e+01,2.851035e-11,1.064881e-09,1.064881e-11
1.342010e+01,2.919732e-11,1.124696e-09,1.124696e-11
1.342289e+01,2.997872e-11,1.193688e-09,1.193688e-11
1.342567e+01,3.085625e-11,1.271602e-09,1.271602e-11
1.342845e+01,3.183004e-11,1.357869e-09,1.357869e-11
1.343124e+01,3.289960e-11,1.451676e-09,1.451676e-11
1.343402e+01,3.406256e-11,1.551984e-09,1.551984e-11
1.343680e+01,3.531255e-11,1.657582e-09,1.657582e-11
1.343959e+01,3.664142e-11,1.767149e-09,1.767149e-11
1.344237e+01,3.803920e-11,1.879282e-09,1.879282e-11
1.344516e+01,3.949380e-11,1.992517e-09,1.992517e-11
1.344794e+01,4.099021e-11,2.105352e-09,2.105352e-11
1.345072e+01,4.251093e-11,2.216296e-09,2.216296e-11
1.345351e+01,4.403786e-11,2.323886e-09,2.323886e-11
1.345629e+01,4.555044e-11,2.426698e-09,2.426698e-11
1.345907e+01,4.702722e-11,2.523384e-09,2.523384e-11
1.346186e+01,4.844737e-11,2.612705e-09,2.612705e-11
1.346464e+01,4.978868e-11,2.693527e-09,2.693527e-11
1.346742e+01,5.102878e-11,2.764834e-09,2.764834e-11
1.347021e+01,5.214742e-11,2.825760e-09,2.825760e-11
1.347299e+01,5.312507e-11,2.875581e-09,2.875581e-11
1.347578e+01,5.394277e-11,2.913707e-09,2.913707e-11
1.347856e+01,5.458356e-11,2.939692e-09,2.939692e-11
1.348134e+01,5.503312e-11,2.953231e-09,2.953231e-11
1.348413e+01,5.528022e-11,2.954150e-09,2.954150e-11
1.348691e+01,5.531612e-11,2.942397e-09,2.942397e-11
1.348969e+01,5.513516e-11,2.918041e-09,2.918041e-11
1.349248e+01,5.473633e-11,2.881286e-09,2.881286e-11
1.349526e+01,5.412317e-11,2.832456e-09,2.832456e-11
1.349805e+01,5.330264e-11,2.771995e-09,2.771995e-11
1.350083e+01,5.228654e-11,2.700485e-09,2.700485e-11
1.350361e+01,5.109146e-11,2.618636e-09,2.618636e-11
1.350640e+01,4.973739e-11,2.527296e-09,2.527296e-11
1.350918e+01,4.824826e-11,2.427449e-09,2.427449e-11
1.351196e+01,4.664960e-11,2.320202e-09,2.320202e-11
1.351475e+01,4.496845e-11,2.206784e-09,2.206784e-11
1.351753e+01,4.323461e-11,2.088545e-09,2.088545e-11
1.352031e+01,4.147678e-11,1.966925e-09,1.966925e-11
1.352310e+01,3.972185e-11,1.843436e-09,1.843436e-11
1.352588e+01,3.799592e-11,1.719637e-09,1.719637e-11
1.352867e+01,3.632201e-11,1.597109e-09,1.597109e-11
1.353145e+01,3.472055e-11,1.477425e-09,1.477425e-11
1.353423e+01,3.320861e-11,1.362113e-09,1.362113e-11
1.353702e+01,3.179900e-11,1.252625e-09,1.252625e-11
1.353980e+01,3.050182e-11,1.150315e-09,1.150315e-11
1.354258e+01,2.932351e-11,1.056409e-09,1.056409e-11
1.354537e+01,2.826726e-11,9.719648e-10,9.719648e-12
1.354815e+01,2.733397e-11,8.978441e-10,8.978441e-12
1.355094e+01,2.652205e-11,8.346551e-10,8.346551e-12
1.355372e+01,2.582866e-11,7.826926e-10,7.826926e-12
1.355650e+01,2.525000e-11,7.418703e-10,7.418703e-12
1.355929e+01,2.478068e-11,7.116840e-10,7.116840e-12
1.356207e+01,2.441583e-11,6.912724e-10,6.912724e-12
1.356485e+01,2.415099e-11,6.795104e-10,6.795104e-12
1.356764e+01,2.398100e-11,6.751601e-10,6.751601e-12
1.357042e+01,2.390214e-11,6.770884e-10,6.770884e-12
1.357320e+01,2.391095e-11,6.844227e-10,6.844227e-12
1.357599e+01,2.400429e-11,6.966566e-10,6.966566e-12
1.357877e+01,2.418089e-11,7.137006e-10,7.137006e-12
1.358156e+01,2.443922e-11,7.358267e-10,7.358267e-12
1.358434e+01,2.477801e-11,7.635647e-10,7.635647e-12
1.358712e+01,2.519691e-11,7.975863e-10,7.975863e-12
1.358991e+01,2.569643e-11,8.385373e-10,8.385373e-12
1.359269e+01,2.627686e-11,8.868521e-10,8.868521e-12
1.359547e+01,2.693722e-11,9.426726e-10,9.426726e-12
1.359826e+01,2.767655e-11,1.005832e-09,1.005832e-11
1.360104e+01,2.849277e-11,1.075835e-09,1.075835e-11
1.360382e+01,2.938177e-11,1.151920e-09,1.151920e-11
1.360661e+01,3.033787e-11,1.233130e-09,1.233130e-11
1.360939e+01,3.135269e-11,1.318367e-09,1.318367e-11
1.361218e+01,3.241479e-11,1.406466e-09,1.406466e-11
1.361496e+01,3.351074e-11,1.496214e-09,1.496214e-11
1.361774e+01,3.462450e-11,1.586377e-09,1.586377e-11
1.362053e+01,3.573749e-11,1.675730e-09,1.675730e-11
1.362331e+01,3.683031e-11,1.763059e-09,1.763059e-11
1.362609e+01,3.788316e-11,1.847157e-09,1.847157e-11
1.362888e+01,3.887605e-11,1.926828e-09,1.926828e-11
1.363166e+01,3.979002e-11,2.000904e-09,2.000904e-11
1.363445e+01,4.060791e-11,2.068261e-09,2.068261e-11
1.363723e+01,4.131494e-11,2.127818e-09,2.127818e-11
1.364001e+01,4.189904e-11,2.178564e-09,2.178564e-11
1.364280e+01,4.235045e-11,2.219585e-09,2.219585e-11
1.364558e+01,4.266237e-11,2.250077e-09,2.250077e-11
1.364836e+01,4.283022e-11,2.269387e-09,2.269387e-11
1.365115e+01,4.285126e-11,2.277039e-09,2.277039e-11
1.365393e+01,4.272506e-11,2.272737e-09,2.272737e-11
1.365671e+01,4.245163e-11,2.256362e-09,2.256362e-11
1.365950e+01,4.203194e-11,2.227998e-09,2.227998e-11
1.366228e+01,4.146883e-11,2.187939e-09,2.187939e-11
1.366507e+01,4.076609e-11,2.136651e-09,2.136651e-11
1.366785e+01,3.992846e-11,2.074749e-09,2.074749e-11
1.367063e+01,3.896147e-11,2.002988e-09,2.002988e-11
1.367342e+01,3.787325e-11,1.922251e-09,1.922251e-11
1.367620e+01,3.667560e-11,1.833530e-09,1.833530e-11
1.367898e+01,3.538133e-11,1.737895e-09,1.737895e-11
1.368177e+01,3.400575e-11,1.636507e-09,1.636507e-11
1.368455e+01,3.256822e-11,1.530635e-09,1.530635e-11
1.368734e+01,3.109030e-11,1.421653e-09,1.421653e-11
1.369012e+01,2.959562e-11,1.311050e-09,1.311050e-11
1.369290e+01,2.810920e-11,1.200450e-09,1.200450e-11
1.369569e+01,2.665777e-11,1.091625e-09,1.091625e-11
1.369847e+01,2.526851e-11,9.865099e-10,9.865099e-12
1.370125e+01,2.396743e-11,8.871892e-10,8.871892e-12
1.370404e+01,2.277926e-11,7.959068e-10,7.959068e-12
1.370682e+01,2.172678e-11,7.150175e-10,7.150175e-12
1.370960e+01,2.083018e-11,6.468457e-10,6.468457e-12
1.371239e+01,2.010602e-11,5.934063e-10,5.934063e-12
1.371517e+01,1.956762e-11,5.559406e-10,5.559406e-12
1.371796e+01,1.922416e-11,5.344283e-10,5.344283e-12
1.372074e+01,1.908033e-11,5.274181e-10,5.274181e-12
1.372352e+01,1.913751e-11,5.323594e-10,5.323594e-12
1.372631e+01,1.939160e-11,5.462868e-10,5.462868e-12
1.372909e+01,1.983479e-11,5.665307e-10,5.665307e-12
1.373187e+01,2.045571e-11,5.911166e-10,5.911166e-12
1.373466e+01,2.123781e-11,6.188215e-10,6.188215e-12
1.373744e+01,2.216102e-11,6.490672e-10,6.490672e-12
1.374023e+01,2.320145e-11,6.817221e-10,6.817221e-12
1.374301e+01,2.433181e-11,7.168627e-10,7.168627e-12
1.374579e+01,2.552231e-11,7.545611e-10,7.545611e-12
1.374858e+01,2.674108e-11,7.947160e-10,7.947160e-12
1.375136e+01,2.795510e-11,8.369324e-10,8.369324e-12
1.375414e+01,2.913189e-11,8.805149e-10,8.805149e-12
1.375693e+01,3.024097e-11,9.245410e-10,9.245410e-12
1.375971e+01,3.125442e-11,9.679154e-10,9.679154e-12
1.376249e+01,3.214864e-11,1.009479e-09,1.009479e-11
1.376528e+01,3.290544e-11,1.048158e-09,1.048158e-11
1.376806e+01,3.351322e-11,1.083056e-09,1.083056e-11
1.377085e+01,3.396689e-11,1.113522e-09,1.113522e-11
1.377363e+01,3.426788e-11,1.139193e-09,1.139193e-11
1.377641e+01,3.442461e-11,1.159975e-09,1.159975e-11
1.377920e+01,3.445078e-11,1.176017e-09,1.176017e-11
1.378198e+01,3.436401e-11,1.187639e-09,1.187639e-11
1.378476e+01,3.418542e-11,1.195273e-09,1.195273e-11
1.378755e+01,3.393905e-11,1.199407e-09,1.199407e-11
1.379033e+01,3.364945e-11,1.200507e-09,1.200507e-11
1.379311e+01,3.333893e-11,1.198961e-09,1.198961e-11
1.379590e+01,3.302849e-11,1.195088e-09,1.195088e-11
1.379868e+01,3.273768e-11,1.189168e-09,1.189168e-11
1.380147e+01,3.248218e-11,1.181461e-09,1.181461e-11
1.380425e+01,3.227445e-11,1.172251e-09,1.172251e-11
1.380703e+01,3.212377e-11,1.161919e-09,1.161919e-11
1.380982e+01,3.203556e-11,1.151001e-09,1.151001e-11
1.381260e+01,3.201299e-11,1.140212e-09,1.140212e-11
1.381538e+01,3.205560e-11,1.130449e-09,1.130449e-11
1.381817e+01,3.215948e-11,1.122769e-09,1.122769e-11
1.382095e+01,3.231945e-11,1.118331e-09,1.118331e-11
1.382374e+01,3.252828e-11,1.118261e-09,1.118261e-11
1.382652e+01,3.277593e-11,1.123493e-09,1.123493e-11
1.382930e+01,3.305064e-11,1.134631e-09,1.134631e-11
1.383209e+01,3.334039e-11,1.151828e-09,1.151828e-11
1.383487e+01,3.363152e-11,1.174674e-09,1.174674e-11
1.383765e+01,3.390989e-11,1.202217e-09,1.202217e-11
1.384044e+01,3.416260e-11,1.233055e-09,1.233055e-11
1.384322e+01,3.437617e-11,1.265429e-09,1.265429e-11
1.384600e+01,3.453835e-11,1.297376e-09,1.297376e-11
1.384879e+01,3.463977e-11,1.326903e-09,1.326903e-11
1.385157e+01,3.467218e-11,1.352132e-09,1.352132e-11
1.385436e+01,3.463044e-11,1.371400e-09,1.371400e-11
1.385714e+01,3.451195e-11,1.383337e-09,1.383337e-11
1.385992e+01,3.431650e-11,1.386934e-09,1.386934e-11
1.386271e+01,3.404752e-11,1.381616e-09,1.381616e-11
1.386549e+01,3.371028e-11,1.367257e-09,1.367257e-11
1.386827e+01,3.331273e-11,1.344195e-09,1.344195e-11
1.387106e+01,3.286405e-11,1.313214e-09,1.313214e-11
1.387384e+01,3.237375e-11,1.275507e-09,1.275507e-11
1.387663e+01,3.185261e-11,1.232645e-09,1.232645e-11
1.387941e+01,3.131107e-11,1.186507e-09,1.186507e-11
1.388219e+01,3.075980e-11,1.139165e-09,1.139165e-11
1.388498e+01,3.020865e-11,1.092727e-09,1.092727e-11
1.388776e+01,2.966494e-11,1.049143e-09,1.049143e-11
1.389054e+01,2.913648e-11,1.010034e-09,1.010034e-11
1.389333e+01,2.863079e-11,9.765225e-10,9.765225e-12
1.389611e+01,2.815442e-11,9.491013e-10,9.491013e-12
1.389889e+01,2.771420e-11,9.276045e-10,9.276045e-12
1.390168e+01,2.731567e-11,9.113091e-10,9.113091e-12
1.390446e+01,2.696480e-11,8.991357e-10,8.991357e-12
1.390725e+01,2.666736e-11,8.898948e-10,8.898948e-12
1.391003e+01,2.642816e-11,8.825081e-10,8.825081e-12
1.391281e+01,2.625218e-11,8.761719e-10,8.761719e-12
1.391560e+01,2.614219e-11,8.704493e-10,8.704493e-12
1.391838e+01,2.609942e-11,8.653183e-10,8.653183e-12
1.392116e+01,2.612465e-11,8.611380e-10,8.611380e-12
1.392395e+01,2.621598e-11,8.584959e-10,8.584959e-12
1.392673e+01,2.636816e-11,8.580834e-10,8.580834e-12
1.392951e+01,2.657576e-11,8.605883e-10,8.605883e-12
1.393230e+01,2.683224e-11,8.664976e-10,8.664976e-12
1.393508e+01,2.712811e-11,8.759496e-10,8.759496e-12
1.393787e+01,2.745387e-11,8.887065e-10,8.887065e-12
1.394065e+01,2.780034e-11,9.041801e-10,9.041801e-12
1.394343e+01,2.815867e-11,9.214857e-10,9.214857e-12
1.394622e+01,2.852053e-11,9.395314e-10,9.395314e-12
1.394900e+01,2.887830e-11,9.571688e-10,9.571688e-12
1.395178e+01,2.922674e-11,9.733304e-10,9.733304e-12
1.395457e+01,2.956195e-11,9.871092e-10,9.871092e-12
1.395735e+01,2.988054e-11,9.978230e-10,9.978230e-12
1.396014e+01,3.018108e-11,1.005058e-09,1.005058e-11
1.396292e+01,3.046342e-11,1.008685e-09,1.008685e-11
1.396570e+01,3.072789e-11,1.008846e-09,1.008846e-11
1.396849e+01,3.097569e-11,1.005914e-09,1.005914e-11
1.397127e+01,3.120867e-11,1.000443e-09,1.000443e-11
1.397405e+01,3.142886e-11,9.931002e-10,9.931002e-12
1.397684e+01,3.163763e-11,9.845859e-10,9.845859e-12
1.397962e+01,3.183617e-11,9.755853e-10,9.755853e-12
1.398240e+01,3.202504e-11,9.667335e-10,9.667335e-12
1.398519e+01,3.220384e-11,9.585679e-10,9.585679e-12
1.398797e+01,3.237156e-11,9.515084e-10,9.515084e-12
1.399076e+01,3.252609e-11,9.458491e-10,9.458491e-12
1.399354e+01,3.266414e-11,9.417527e-10,9.417527e-12
1.399632e+01,3.278145e-11,9.392693e-10,9.392693e-12
1.399911e+01,3.287378e-11,9.383372e-10,9.383372e-12
1.400189e+01,3.293587e-11,9.387774e-10,9.387774e-12
1.400467e+01,3.296199e-11,9.403101e-10,9.403101e-12
1.400746e+01,3.294726e-11,9.425669e-10,9.425669e-12
1.401024e+01,3.288685e-11,9.450932e-10,9.450932e-12
1.401303e+01,3.277697e-11,9.473767e-10,9.473767e-12
1.401581e+01,3.261567e-11,9.488970e-10,9.488970e-12
1.401859e+01,3.240257e-11,9.491572e-10,9.491572e-12
1.402138e+01,3.213875e-11,9.477087e-10,9.477087e-12
1.402416e+01,3.182776e-11,9.441796e-10,9.441796e-12
1.402694e+01,3.147575e-11,9.383230e-10,9.383230e-12
1.402973e+01,3.109145e-11,9.300701e-10,9.300701e-12
1.403251e+01,3.068671e-11,9.195229e-10,9.195229e-12
1.403529e+01,3.027420e-11,9.069324e-10,9.069324e-12
1.403808e+01,2.986763e-11,8.927093e-10,8.927093e-12
1.404086e+01,2.948273e-11,8.774453e-10,8.774453e-12
1.404365e+01,2.913522e-11,8.618967e-10,8.618967e-12
1.404643e+01,2.883941e-11,8.469200e-10,8.469200e-12
1.404921e+01,2.860861e-11,8.334407e-10,8.334407e-12
1.405200e+01,2.845368e-11,8.224149e-10,8.224149e-12
1.405478e+01,2.838179e-11,8.147214e-10,8.147214e-12
1.405756e+01,2.839641e-11,8.110718e-10,8.110718e-12
1.406035e+01,2.849711e-11,8.119417e-10,8.119417e-12
1.406313e+01,2.867923e-11,8.174905e-10,8.174905e-12
1.406592e+01,2.893356e-11,8.275222e-10,8.275222e-12
1.406870e+01,2.924814e-11,8.415050e-10,8.415050e-12
1.407148e+01,2.960760e-11,8.586130e-10,8.586130e-12
1.407427e+01,2.999371e-11,8.778069e-10,8.778069e-12
1.407705e+01,3.038764e-11,8.979364e-10,8.979364e-12
1.407983e+01,3.076964e-11,9.178064e-10,9.178064e-12
1.408262e+01,3.112000e-11,9.362640e-10,9.362640e-12
1.408540e+01,3.142059e-11,9.522837e-10,9.522837e-12
1.408818e+01,3.165481e-11,9.649847e-10,9.649847e-12
1.409097e+01,3.180873e-11,9.736672e-10,9.736672e-12
1.409375e+01,3.187202e-11,9.778420e-10,9.778420e-12
1.409654e+01,3.183701e-11,9.772374e-10,9.772374e-12
1.409932e+01,3.169977e-11,9.718109e-10,9.718109e-12
1.410210e+01,3.145968e-11,9.617183e-10,9.617183e-12
1.410489e+01,3.111948e-11,9.473111e-10,9.473111e-12
1.410767e+01,3.068597e-11,9.291346e-10,9.291346e-12
1.411045e+01,3.016809e-11,9.078634e-10,9.078634e-12
1.411324e+01,2.957690e-11,8.842834e-10,8.842834e-12
1.411602e+01,2.892594e-11,8.592559e-10,8.592559e-12
1.411880e+01,2.822974e-11,8.336339e-10,8.336339e-12
1.412159e+01,2.750424e-11,8.082272e-10,8.082272e-12
1.412437e+01,2.676558e-11,7.837566e-10,7.837566e-12
1.412716e+01,2.602914e-11,7.607866e-10,7.607866e-12
1.412994e+01,2.531072e-11,7.397009e-10,7.397009e-12
1.413272e+01,2.462583e-11,7.207056e-10,7.207056e-12
1.413551e+01,2.398912e-11,7.038429e-10,7.038429e-12
1.413829e+01,2.341366e-11,6.890048e-10,6.890048e-12
1.414107e+01,2.291137e-11,6.759949e-10,6.759949e-12
1.414386e+01,2.249396e-11,6.646404e-10,6.646404e-12
1.414664e+01,2.217198e-11,6.548629e-10,6.548629e-12
1.414943e+01,2.195435e-11,6.467400e-10,6.467400e-12
1.415221e+01,2.184895e-11,6.406147e-10,6.406147e-12
1.415499e+01,2.186275e-11,6.371864e-10,6.371864e-12
1.415778e+01,2.200203e-11,6.375503e-10,6.375503e-12
1.416056e+01,2.227249e-11,6.431921e-10,6.431921e-12
1.416334e+01,2.267897e-11,6.559040e-10,6.559040e-12
1.416613e+01,2.322568e-11,6.776163e-10,6.776163e-12
1.416891e+01,2.391683e-11,7.101468e-10,7.101468e-12
1.417169e+01,2.475620e-11,7.549135e-10,7.549135e-12
1.417448e+01,2.574620e-11,8.127402e-10,8.127402e-12
1.417726e+01,2.688850e-11,8.838068e-10,8.838068e-12
1.418005e+01,2.818375e-11,9.677112e-10,9.677112e-12
1.418283e+01,2.963005e-11,1.063596e-09,1.063596e-11
1.418561e+01,3.122272e-11,1.170290e-09,1.170290e-11
1.418840e+01,3.295417e-11,1.286429e-09,1.286429e-11
1.419118e+01,3.481312e-11,1.410530e-09,1.410530e-11
1.419396e+01,3.678412e-11,1.541021e-09,1.541021e-11
1.419675e+01,3.884761e-11,1.676274e-09,1.676274e-11
1.419953e+01,4.098013e-11,1.814624e-09,1.814624e-11
1.420232e+01,4.315461e-11,1.954373e-09,1.954373e-11
1.420510e+01,4.534041e-11,2.093803e-09,2.093803e-11
1.420788e+01,4.750552e-11,2.231212e-09,2.231212e-11
1.421067e+01,4.961763e-11,2.364931e-09,2.364931e-11
1.421345e+01,5.164367e-11,2.493348e-09,2.493348e-11
1.421623e+01,5.355284e-11,2.614954e-09,2.614954e-11
1.421902e+01,5.531702e-11,2.728382e-09,2.728382e-11
1.422180e+01,5.691121e-11,2.832429e-09,2.832429e-11
1.422458e+01,5.831512e-11,2.926085e-09,2.926085e-11
1.422737e+01,5.951250e-11,3.008559e-09,3.008559e-11
1.423015e+01,6.049340e-11,3.079299e-09,3.079299e-11
1.423294e+01,6.125389e-11,3.137988e-09,3.137988e-11
1.423572e+01,6.179332e-11,3.184510e-09,3.184510e-11
1.423850e+01,6.211577e-11,3.218948e-09,3.218948e-11
1.424129e+01,6.223028e-11,3.241580e-09,3.241580e-11
1.424407e+01,6.214904e-11,3.252838e-09,3.252838e-11
1.424685e+01,6.188697e-11,3.253274e-09,3.253274e-11
1.424964e+01,6.146038e-11,3.243524e-09,3.243524e-11
1.425242e+01,6.088652e-11,3.224285e-09,3.224285e-11
1.425521e+01,6.018398e-11,3.196282e-09,3.196282e-11
1.425799e+01,5.937098e-11,3.160237e-09,3.160237e-11
1.426077e+01,5.846433e-11,3.116849e-09,3.116849e-11
1.426356e+01,5.747979e-11,3.066754e-09,3.066754e-11
1.426634e+01,5.643189e-11,3.010531e-09,3.010531e-11
1.426912e+01,5.533391e-11,2.948698e-09,2.948698e-11
1.427191e+01,5.419652e-11,2.881692e-09,2.881692e-11
1.427469e+01,5.302774e-11,2.809872e-09,2.809872e-11
1.427747e+01,5.183424e-11,2.733554e-09,2.733554e-11
1.428026e+01,5.062062e-11,2.653028e-09,2.653028e-11
1.428304e+01,4.938867e-11,2.568556e-09,2.568556e-11
1.428583e+01,4.813878e-11,2.480411e-09,2.480411e-11
1.428861e+01,4.687105e-11,2.388914e-09,2.388914e-11
1.429139e+01,4.558486e-11,2.294442e-09,2.294442e-11
1.429418e+01,4.427969e-11,2.197435e-09,2.197435e-11
1.429696e+01,4.295643e-11,2.098419e-09,2.098419e-11
1.429974e+01,4.161790e-11,1.998017e-09,1.998017e-11
1.430253e+01,4.026975e-11,1.896938e-09,1.896938e-11
1.430531e+01,3.892088e-11,1.795972e-09,1.795972e-11
1.430809e+01,3.758382e-11,1.696005e-09,1.696005e-11
1.431088e+01,3.627465e-11,1.597994e-09,1.597994e-11
1.431366e+01,3.501238e-11,1.502953e-09,1.502953e-11
1.431645e+01,3.381825e-11,1.411963e-09,1.411963e-11
1.431923e+01,3.271425e-11,1.326156e-09,1.326156e-11
1.432201e+01,3.172217e-11,1.246697e-09,1.246697e-11
1.432480e+01,3.086217e-11,1.174762e-09,1.174762e-11
1.432758e+01,3.015084e-11,1.111489e-09,1.111489e-11
1.433036e+01,2.960076e-11,1.057906e-09,1.057906e-11
1.433315e+01,2.921885e-11,1.014815e-09,1.014815e-11
1.433593e+01,2.900549e-11,9.826444e-10,9.826444e-12
1.433872e+01,2.895598e-11,9.613463e-10,9.613463e-12
1.434150e+01,2.905899e-11,9.503083e-10,9.503083e-12
1.434428e+01,2.929706e-11,9.483741e-10,9.483741e-12
1.434707e+01,2.964945e-11,9.539862e-10,9.539862e-12
1.434985e+01,3.009178e-11,9.653484e-10,9.653484e-12
1.435263e+01,3.059739e-11,9.806158e-10,9.806158e-12
1.435542e+01,3.113886e-11,9.980834e-10,9.980834e-12
1.435820e+01,3.168939e-11,1.016301e-09,1.016301e-11
1.436098e+01,3.222450e-11,1.034130e-09,1.034130e-11
1.436377e+01,3.272140e-11,1.050748e-09,1.050748e-11
1.436655e+01,3.316039e-11,1.065626e-09,1.065626e-11
1.436934e+01,3.352612e-11,1.078491e-09,1.078491e-11
1.437212e+01,3.380775e-11,1.089277e-09,1.089277e-11
1.437490e+01,3.399872e-11,1.098050e-09,1.098050e-11
1.437769e+01,3.409649e-11,1.104937e-09,1.104937e-11
1.438047e+01,3.410289e-11,1.110080e-09,1.110080e-11
1.438325e+01,3.402372e-11,1.113620e-09,1.113620e-11
1.438604e+01,3.386864e-11,1.115660e-09,1.115660e-11
1.438882e+01,3.365086e-11,1.116260e-09,1.116260e-11
1.439161e+01,3.338558e-11,1.115415e-09,1.115415e-11
1.439439e+01,3.308968e-11,1.113079e-09,1.113079e-11
1.439717e+01,3.278232e-11,1.109210e-09,1.109210e-11
1.439996e+01,3.248228e-11,1.103788e-09,1.103788e-11
1.440274e+01,3.220733e-11,1.096848e-09,1.096848e-11
1.440552e+01,3.197488e-11,1.088544e-09,1.088544e-11
1.440831e+01,3.179925e-11,1.079186e-09,1.079186e-11
1.441109e+01,3.169213e-11,1.069250e-09,1.069250e-11
1.441387e+01,3.166230e-11,1.059410e-09,1.059410e-11
1.441666e+01,3.171321e-11,1.050480e-09,1.050480e-11
1.441944e+01,3.184380e-11,1.043353e-09,1.043353e-11
1.442223e+01,3.205021e-11,1.038950e-09,1.038950e-11
1.442501e+01,3.232460e-11,1.038084e-09,1.038084e-11
1.442779e+01,3.265540e-11,1.041321e-09,1.041321e-11
1.443058e+01,3.302849e-11,1.048948e-09,1.048948e-11
1.443336e+01,3.342872e-11,1.060942e-09,1.060942e-11
1.443614e+01,3.384042e-11,1.076956e-09,1.076956e-11
1.443893e+01,3.424707e-11,1.096422e-09,1.096422e-11
1.444171e+01,3.463530e-11,1.118682e-09,1.118682e-11
1.444450e+01,3.499375e-11,1.143024e-09,1.143024e-11
1.444728e+01,3.531121e-11,1.168714e-09,1.168714e-11
1.445006e+01,3.558025e-11,1.195075e-09,1.195075e-11
1.445285e+01,3.579556e-11,1.221493e-09,1.221493e-11
1.445563e+01,3.595330e-11,1.247375e-09,1.247375e-11
1.445841e+01,3.605162e-11,1.272129e-09,1.272129e-11
1.446120e+01,3.608940e-11,1.295156e-09,1.295156e-11
1.446398e+01,3.606671e-11,1.315873e-09,1.315873e-11
1.446676e+01,3.598349e-11,1.333737e-09,1.333737e-11
1.446955e+01,3.584012e-11,1.348242e-09,1.348242e-11
1.447233e+01,3.563740e-11,1.358950e-09,1.358950e-11
1.447512e+01,3.537675e-11,1.365570e-09,1.365570e-11
1.447790e+01,3.506033e-11,1.367958e-09,1.367958e-11
1.448068e+01,3.469096e-11,1.366097e-09,1.366097e-11
1.448347e+01,3.427357e-11,1.360127e-09,1.360127e-11
1.448625e+01,3.381402e-11,1.350343e-09,1.350343e-11
1.448903e+01,3.331955e-11,1.337148e-09,1.337148e-11
1.449182e+01,3.279975e-11,1.321043e-09,1.321043e-11
1.449460e+01,3.226487e-11,1.302602e-09,1.302602e-11
1.449738e+01,3.172513e-11,1.282435e-09,1.282435e-11
1.450017e+01,3.119145e-11,1.261180e-09,1.261180e-11
1.450295e+01,3.067485e-11,1.239514e-09,1.239514e-11
1.450574e+01,3.018578e-11,1.218117e-09,1.218117e-11
1.450852e+01,2.973347e-11,1.197646e-09,1.197646e-11
1.451130e+01,2.932498e-11,1.178717e-09,1.178717e-11
1.451409e+01,2.896561e-11,1.161854e-09,1.161854e-11
1.451687e+01,2.865966e-11,1.147464e-09,1.147464e-11
1.451965e+01,2.840969e-11,1.135818e-09,1.135818e-11
1.452244e+01,2.821612e-11,1.126960e-09,1.126960e-11
1.452522e+01,2.807737e-11,1.120671e-09,1.120671e-11
1.452801e+01,2.799053e-11,1.116494e-09,1.116494e-11
1.453079e+01,2.795196e-11,1.113747e-09,1.113747e-11
1.453357e+01,2.795671e-11,1.111566e-09,1.111566e-11
1.453636e+01,2.799869e-11,1.108969e-09,1.108969e-11
1.453914e+01,2.807086e-11,1.104915e-09,1.104915e-11
1.454192e+01,2.816573e-11,1.098450e-09,1.098450e-11
1.454471e+01,2.827637e-11,1.088798e-09,1.088798e-11
1.454749e+01,2.839547e-11,1.075402e-09,1.075402e-11
1.455027e+01,2.851548e-11,1.058045e-09,1.058045e-11
1.455306e+01,2.862949e-11,1.036912e-09,1.036912e-11
1.455584e+01,2.873174e-11,1.012616e-09,1.012616e-11
1.455863e+01,2.881824e-11,9.862747e-10,9.862747e-12
1.456141e+01,2.888586e-11,9.594507e-10,9.594507e-12
1.456419e+01,2.893322e-11,9.340823e-10,9.340823e-12
1.456698e+01,2.896153e-11,9.123775e-10,9.123775e-12
1.456976e+01,2.897326e-11,8.965771e-10,8.965771e-12
1.457254e+01,2.897337e-11,8.886768e-10,8.886768e-12
1.457533e+01,2.896857e-11,8.900917e-10,8.900917e-12
1.457811e+01,2.896645e-11,9.013774e-10,9.013774e-12
1.458090e+01,2.897628e-11,9.221574e-10,9.221574e-12
1.458368e+01,2.900664e-11,9.512071e-10,9.512071e-12
1.458646e+01,2.906629e-11,9.867005e-10,9.867005e-12
1.458925e+01,2.916348e-11,1.026518e-09,1.026518e-11
1.459203e+01,2.930403e-11,1.068512e-09,1.068512e-11
1.459481e+01,2.949288e-11,1.110732e-09,1.110732e-11
1.459760e+01,2.973185e-11,1.151518e-09,1.151518e-11
1.460038e+01,3.001960e-11,1.189565e-09,1.189565e-11
1.460316e+01,3.035426e-11,1.223973e-09,1.223973e-11
1.460595e+01,3.073171e-11,1.254244e-09,1.254244e-11
1.460873e+01,3.114576e-11,1.280240e-09,1.280240e-11
1.461152e+01,3.158965e-11,1.302121e-09,1.302121e-11
1.461430e+01,3.205565e-11,1.320312e-09,1.320312e-11
1.461708e+01,3.253641e-11,1.335477e-09,1.335477e-11
1.461987e+01,3.302502e-11,1.348452e-09,1.348452e-11
1.462265e+01,3.351482e-11,1.360147e-09,1.360147e-11
1.462543e+01,3.399983e-11,1.371478e-09,1.371478e-11
1.462822e+01,3.447495e-11,1.383304e-09,1.383304e-11
1.463100e+01,3.493552e-11,1.396358e-09,1.396358e-11
1.463379e+01,3.537717e-11,1.411171e-09,1.411171e-11
1.463657e+01,3.579585e-11,1.428023e-09,1.428023e-11
1.463935e+01,3.618690e-11,1.446925e-09,1.446925e-11
1.464214e+01,3.654666e-11,1.467618e-09,1.467618e-11
1.464492e+01,3.687088e-11,1.489577e-09,1.489577e-11
1.464770e+01,3.715491e-11,1.512067e-09,1.512067e-11
1.465049e+01,3.739551e-11,1.534209e-09,1.534209e-11
1.465327e+01,3.758865e-11,1.555029e-09,1.555029e-11
1.465605e+01,3.773052e-11,1.573535e-09,1.573535e-11
1.465884e+01,3.781835e-11,1.588803e-09,1.588803e-11
1.466162e+01,3.785003e-11,1.600026e-09,1.600026e-11
1.466441e+01,3.782406e-11,1.606558e-09,1.606558e-11
1.466719e+01,3.774001e-11,1.607956e-09,1.607956e-11
1.466997e+01,3.759766e-11,1.603985e-09,1.603985e-11
1.467276e+01,3.739741e-11,1.594623e-09,1.594623e-11
1.467554e+01,3.714100e-11,1.580052e-09,1.580052e-11
1.467832e+01,3.682985e-11,1.560623e-09,1.560623e-11
1.468111e+01,3.646555e-11,1.536810e-09,1.536810e-11
1.468389e+01,3.605016e-11,1.509176e-09,1.509176e-11
1.468667e+01,3.558662e-11,1.478342e-09,1.478342e-11
1.468946e+01,3.507772e-11,1.444922e-09,1.444922e-11
1.469224e+01,3.452582e-11,1.409476e-09,1.409476e-11
1.469503e+01,3.393411e-11,1.372504e-09,1.372504e-11
1.469781e+01,3.330570e-11,1.334415e-09,1.334415e-11
1.470059e+01,3.264380e-11,1.295513e-09,1.295513e-11
1.470338e+01,3.195208e-11,1.256014e-09,1.256014e-11
1.470616e+01,3.123462e-11,1.216068e-09,1.216068e-11
1.470894e+01,3.049572e-11,1.175767e-09,1.175767e-11
1.471173e+01,2.974030e-11,1.135192e-09,1.135192e-11
1.471451e+01,2.897414e-11,1.094436e-09,1.094436e-11
1.471730e+01,2.820291e-11,1.053621e-09,1.053621e-11
1.472008e+01,2.743265e-11,1.012926e-09,1.012926e-11
1.472286e+01,2.666970e-11,9.725886e-10,9.725886e-12
1.472565e+01,2.592020e-11,9.328939e-10,9.328939e-12
1.472843e+01,2.519054e-11,8.941810e-10,8.941810e-12
1.473121e+01,2.448729e-11,8.568144e-10,8.568144e-12
1.473400e+01,2.381639e-11,8.211547e-10,8.211547e-12
1.473678e+01,2.318399e-11,7.875537e-10,7.875537e-12
1.473956e+01,2.259732e-11,7.563355e-10,7.563355e-12
1.474235e+01,2.206325e-11,7.277713e-10,7.277713e-12
1.474513e+01,2.158851e-11,7.020878e-10,7.020878e-12
1.474792e+01,2.118210e-11,6.795184e-10,6.795184e-12
1.475070e+01,2.085387e-11,6.602968e-10,6.602968e-12
1.475348e+01,2.061328e-11,6.446516e-10,6.446516e-12
1.475627e+01,2.047175e-11,6.328835e-10,6.328835e-12
1.475905e+01,2.044134e-11,6.253412e-10,6.253412e-12
1.476183e+01,2.053257e-11,6.223780e-10,6.223780e-12
1.476462e+01,2.075661e-11,6.243943e-10,6.243943e-12
1.476740e+01,2.112384e-11,6.317879e-10,6.317879e-12
1.477019e+01,2.164149e-11,6.448906e-10,6.448906e-12
1.477297e+01,2.231433e-11,6.639559e-10,6.639559e-12
1.477575e+01,2.314352e-11,6.891424e-10,6.891424e-12
1.477854e+01,2.412728e-11,7.205274e-10,7.205274e-12
1.478132e+01,2.525971e-11,7.580775e-10,7.580775e-12
1.478410e+01,2.652892e-11,8.016146e-10,8.016146e-12
1.478689e+01,2.791967e-11,8.508627e-10,8.508627e-12
1.478967e+01,2.941365e-11,9.054413e-10,9.054413e-12
1.479245e+01,3.098760e-11,9.648151e-10,9.648151e-12
1.479524e+01,3.261521e-11,1.028320e-09,1.028320e-11
1.479802e+01,3.426921e-11,1.095173e-09,1.095173e-11
1.480081e+01,3.592028e-11,1.164448e-09,1.164448e-11
1.480359e+01,3.753862e-11,1.235112e-09,1.235112e-11
1.480637e+01,3.909529e-11,1.306058e-09,1.306058e-11
1.480916e+01,4.056271e-11,1.376115e-09,1.376115e-11
1.481194e+01,4.191601e-11,1.444075e-09,1.444075e-11
1.481472e+01,4.313257e-11,1.508740e-09,1.508740e-11
1.481751e+01,4.419379e-11,1.568989e-09,1.568989e-11
1.482029e+01,4.508553e-11,1.623784e-09,1.623784e-11
1.482307e+01,4.579626e-11,1.672193e-09,1.672193e-11
1.482586e+01,4.631980e-11,1.713481e-09,1.713481e-11
1.482864e+01,4.665519e-11,1.747145e-09,1.747145e-11
1.483143e+01,4.680481e-11,1.772876e-09,1.772876e-11
1.483421e+01,4.677492e-11,1.790577e-09,1.790577e-11
1.483699e+01,4.657546e-11,1.800398e-09,1.800398e-11
1.483978e+01,4.622064e-11,1.802703e-09,1.802703e-11
1.484256e+01,4.572753e-11,1.798012e-09,1.798012e-11
1.484534e+01,4.511465e-11,1.786957e-09,1.786957e-11
1.484813e+01,4.440316e-11,1.770263e-09,1.770263e-11
1.485091e+01,4.361636e-11,1.748695e-09,1.748695e-11
1.485370e+01,4.277688e-11,1.722990e-09,1.722990e-11
1.485648e+01,4.190669e-11,1.693833e-09,1.693833e-11
1.485926e+01,4.102719e-11,1.661874e-09,1.661874e-11
1.486205e+01,4.015756e-11,1.627710e-09,1.627710e-11
1.486483e+01,3.931376e-11,1.591864e-09,1.591864e-11
1.486761e+01,3.850717e-11,1.554840e-09,1.554840e-11
1.487040e+01,3.774563e-11,1.517164e-09,1.517164e-11
1.487318e+01,3.703381e-11,1.479370e-09,1.479370e-11
1.487596e+01,3.637149e-11,1.441986e-09,1.441986e-11
1.487875e+01,3.575395e-11,1.405508e-09,1.405508e-11
1.488153e+01,3.517392e-11,1.370358e-09,1.370358e-11
1.488432e+01,3.462257e-11,1.336875e-09,1.336875e-11
1.488710e+01,3.408986e-11,1.305263e-09,1.305263e-11
1.488988e+01,3.356559e-11,1.275538e-09,1.275538e-11
1.489267e+01,3.304039e-11,1.247562e-09,1.247562e-11
1.489545e+01,3.250639e-11,1.221044e-09,1.221044e-11
1.489823e+01,3.195776e-11,1.195551e-09,1.195551e-11
1.490102e+01,3.139132e-11,1.170622e-09,1.170622e-11
1.490380e+01,3.080746e-11,1.145831e-09,1.145831e-11
1.490659e+01,3.020871e-11,1.120752e-09,1.120752e-11
1.490937e+01,2.959896e-11,1.095006e-09,1.095006e-11
1.491215e+01,2.898526e-11,1.068346e-09,1.068346e-11
1.491494e+01,2.837622e-11,1.040616e-09,1.040616e-11
1.491772e+01,2.778071e-11,1.011730e-09,1.011730e-11
1.492050e+01,2.720893e-11,9.817263e-10,9.817263e-12
1.492329e+01,2.667180e-11,9.507815e-10,9.507815e-12
1.492607e+01,2.617958e-11,9.191691e-10,9.191691e-12
1.492885e+01,2.574213e-11,8.873008e-10,8.873008e-12
1.493164e+01,2.536952e-11,8.558106e-10,8.558106e-12
1.493442e+01,2.507081e-11,8.255733e-10,8.255733e-12
1.493721e+01,2.485446e-11,7.977071e-10,7.977071e-12
1.493999e+01,2.472826e-11,7.735937e-10,7.735937e-12
1.494277e+01,2.469907e-11,7.548333e-10,7.548333e-12
1.494556e+01,2.477255e-11,7.430987e-10,7.430987e-12
1.494834e+01,2.495206e-11,7.399393e-10,7.399393e-12
1.495112e+01,2.523996e-11,7.465442e-10,7.465442e-12
1.495391e+01,2.563695e-11,7.635079e-10,7.635079e-12
1.495669e+01,2.614126e-11,7.907069e-10,7.907069e-12
1.495948e+01,2.674952e-11,8.273410e-10,8.273410e-12
1.496226e+01,2.745556e-11,8.720889e-10,8.720889e-12
1.496504e+01,2.825163e-11,9.233287e-10,9.233287e-12
1.496783e+01,2.912862e-11,9.793409e-10,9.793409e-12
1.497061e+01,3.007519e-11,1.038458e-09,1.038458e-11
1.497339e+01,3.107978e-11,1.099195e-09,1.099195e-11
1.497618e+01,3.213107e-11,1.160309e-09,1.160309e-11
1.497896e+01,3.321705e-11,1.220786e-09,1.220786e-11
1.498174e+01,3.432581e-11,1.279846e-09,1.279846e-11
1.498453e+01,3.544737e-11,1.336975e-09,1.336975e-11
1.498731e+01,3.657281e-11,1.391878e-09,1.391878e-11
1.499010e+01,3.769351e-11,1.444403e-09,1.444403e-11
1.499288e+01,3.880156e-11,1.494510e-09,1.494510e-11
1.499566e+01,3.988965e-11,1.542234e-09,1.542234e-11
1.499845e+01,4.095056e-11,1.587626e-09,1.587626e-11
1.500123e+01,4.197615e-11,1.630723e-09,1.630723e-11
1.500401e+01,4.295800e-11,1.671536e-09,1.671536e-11
1.500680e+01,4.388784e-11,1.710018e-09,1.710018e-11
1.500958e+01,4.475606e-11,1.746063e-09,1.746063e-11
1.501236e+01,4.555175e-11,1.779514e-09,1.779514e-11
1.501515e+01,4.626520e-11,1.810198e-09,1.810198e-11
1.501793e+01,4.688821e-11,1.837955e-09,1.837955e-11
1.502072e+01,4.741319e-11,1.862648e-09,1.862648e-11
1.502350e+01,4.783467e-11,1.884167e-09,1.884167e-11
1.502628e+01,4.814967e-11,1.902466e-09,1.902466e-11
1.502907e+01,4.835816e-11,1.917580e-09,1.917580e-11
1.503185e+01,4.846419e-11,1.929629e-09,1.929629e-11
1.503463e+01,4.847495e-11,1.938780e-09,1.938780e-11
1.503742e+01,4.839970e-11,1.945232e-09,1.945232e-11
1.504020e+01,4.825092e-11,1.949215e-09,1.949215e-11
1.504299e+01,4.804413e-11,1.950981e-09,1.950981e-11
1.504577e+01,4.779566e-11,1.950782e-09,1.950782e-11
1.504855e+01,4.752247e-11,1.948846e-09,1.948846e-11
1.505134e+01,4.724234e-11,1.945401e-09,1.945401e-11
1.505412e+01,4.697338e-11,1.940692e-09,1.940692e-11
1.505690e+01,4.673273e-11,1.934949e-09,1.934949e-11
1.505969e+01,4.653520e-11,1.928396e-09,1.928396e-11
1.506247e+01,4.639456e-11,1.921283e-09,1.921283e-11
1.506525e+01,4.632243e-11,1.913859e-09,1.913859e-11
1.506804e+01,4.632694e-11,1.906345e-09,1.906345e-11
1.507082e+01,4.641291e-11,1.898931e-09,1.898931e-11
1.507361e+01,4.658128e-11,1.891765e-09,1.891765e-11
1.507639e+01,4.682857e-11,1.884921e-09,1.884921e-11
1.507917e+01,4.714625e-11,1.878389e-09,1.878389e-11
1.508196e+01,4.752096e-11,1.872067e-09,1.872067e-11
1.508474e+01,4.793525e-11,1.865752e-09,1.865752e-11
1.508752e+01,4.836707e-11,1.859130e-09,1.859130e-11
1.509031e+01,4.879018e-11,1.851784e-09,1.851784e-11
1.509309e+01,4.917603e-11,1.843210e-09,1.843210e-11
1.509588e+01,4.949471e-11,1.832810e-09,1.832810e-11
1.509866e+01,4.971591e-11,1.819912e-09,1.819912e-11
1.510144e+01,4.981059e-11,1.803818e-09,1.803818e-11
1.510423e+01,4.975316e-11,1.783856e-09,1.783856e-11
1.510701e+01,4.952357e-11,1.759443e-09,1.759443e-11
1.510979e+01,4.910748e-11,1.730131e-09,1.730131e-11
1.511258e+01,4.849733e-11,1.695680e-09,1.695680e-11
1.511536e+01,4.769444e-11,1.656113e-09,1.656113e-11
1.511814e+01,4.670860e-11,1.611755e-09,1.611755e-11
1.512093e+01,4.555785e-11,1.563234e-09,1.563234e-11
1.512371e+01,4.426816e-11,1.511461e-09,1.511461e-11
1.512650e+01,4.287254e-11,1.457603e-09,1.457603e-11
1.512928e+01,4.141004e-11,1.403024e-09,1.403024e-11
1.513206e+01,3.992251e-11,1.349175e-09,1.349175e-11
1.513485e+01,3.845351e-11,1.297522e-09,1.297522e-11
1.513763e+01,3.704782e-11,1.249524e-09,1.249524e-11
1.514041e+01,3.574794e-11,1.206536e-09,1.206536e-11
1.514320e+01,3.459188e-11,1.169738e-09,1.169738e-11
1.514598e+01,3.361311e-11,1.140162e-09,1.140162e-11
1.514877e+01,3.283951e-11,1.118685e-09,1.118685e-11
1.515155e+01,3.229086e-11,1.105970e-09,1.105970e-11
1.515433e+01,3.197931e-11,1.102431e-09,1.102431e-11
1.515712e+01,3.190902e-11,1.108211e-09,1.108211e-11
1.515990e+01,3.207542e-11,1.123121e-09,1.123121e-11
1.516268e+01,3.246629e-11,1.146593e-09,1.146593e-11
1.516547e+01,3.306182e-11,1.177667e-09,1.177667e-11
1.516825e+01,3.383518e-11,1.215033e-09,1.215033e-11
1.517103e+01,3.475343e-11,1.257100e-09,1.257100e-11
1.517382e+01,3.577909e-11,1.302085e-09,1.302085e-11
1.517660e+01,3.687183e-11,1.348104e-09,1.348104e-11
1.517939e+01,3.798851e-11,1.393261e-09,1.393261e-11
1.518217e+01,3.908633e-11,1.435750e-09,1.435750e-11
1.518495e+01,4.012496e-11,1.473936e-09,1.473936e-11
1.518774e+01,4.106622e-11,1.506414e-09,1.506414e-11
1.519052e+01,4.187800e-11,1.532086e-09,1.532086e-11
1.519330e+01,4.253534e-11,1.550207e-09,1.550207e-11
1.519609e+01,4.301925e-11,1.560407e-09,1.560407e-11
1.519887e+01,4.331910e-11,1.562721e-09,1.562721e-11
1.520165e+01,4.343290e-11,1.557599e-09,1.557599e-11
1.520444e+01,4.336579e-11,1.545868e-09,1.545868e-11
1.520722e+01,4.312947e-11,1.528705e-09,1.528705e-11
1.521001e+01,4.274167e-11,1.507591e-09,1.507591e-11
1.521279e+01,4.222481e-11,1.484209e-09,1.484209e-11
1.521557e+01,4.160386e-11,1.460311e-09,1.460311e-11
1.521836e+01,4.090395e-11,1.437577e-09,1.437577e-11
1.522114e+01,4.014973e-11,1.417474e-09,1.417474e-11
1.522392e+01,3.936483e-11,1.401120e-09,1.401120e-11
1.522671e+01,3.856933e-11,1.389173e-09,1.389173e-11
1.522949e+01,3.777988e-11,1.381755e-09,1.381755e-11
1.523228e+01,3.700906e-11,1.378458e-09,1.378458e-11
1.523506e+01,3.626508e-11,1.378428e-09,1.378428e-11
1.523784e+01,3.555303e-11,1.380455e-09,1.380455e-11
1.524063e+01,3.487390e-11,1.383074e-09,1.383074e-11
1.524341e+01,3.422536e-11,1.384740e-09,1.384740e-11
1.524619e+01,3.360384e-11,1.383989e-09,1.383989e-11
1.524898e+01,3.300483e-11,1.379502e-09,1.379502e-11
1.525176e+01,3.242234e-11,1.370165e-09,1.370165e-11
1.525454e+01,3.185058e-11,1.355141e-09,1.355141e-11
1.525733e+01,3.128554e-11,1.333917e-09,1.333917e-11
1.526011e+01,3.072387e-11,1.306298e-09,1.306298e-11
1.526290e+01,3.016308e-11,1.272406e-09,1.272406e-11
1.526568e+01,2.960254e-11,1.232682e-09,1.232682e-11
1.526846e+01,2.904303e-11,1.187869e-09,1.187869e-11
1.527125e+01,2.848664e-11,1.138965e-09,1.138965e-11
1.527403e+01,2.793688e-11,1.087195e-09,1.087195e-11
1.527681e+01,2.739855e-11,1.033992e-09,1.033992e-11
1.527960e+01,2.687726e-11,9.809033e-10,9.809033e-12
1.528238e+01,2.637865e-11,9.294926e-10,9.294926e-12
1.528517e+01,2.590965e-11,8.812980e-10,8.812980e-12
1.528795e+01,2.547753e-11,8.377171e-10,8.377171e-12
1.529073e+01,2.508872e-11,7.998633e-10,7.998633e-12
1.529352e+01,2.475036e-11,7.685016e-10,7.685016e-12
1.529630e+01,2.446898e-11,7.440049e-10,7.440049e-12
1.529908e+01,2.425012e-11,7.263421e-10,7.263421e-12
1.530187e+01,2.409829e-11,7.151411e-10,7.151411e-12
1.530465e+01,2.401653e-11,7.098103e-10,7.098103e-12
1.530743e+01,2.400670e-11,7.096863e-10,7.096863e-12
1.531022e+01,2.406889e-11,7.141259e-10,7.141259e-12
1.531300e+01,2.420161e-11,7.225528e-10,7.225528e-12
1.531579e+01,2.440224e-11,7.344958e-10,7.344958e-12
1.531857e+01,2.466730e-11,7.495645e-10,7.495645e-12
1.532135e+01,2.499271e-11,7.673895e-10,7.673895e-12
1.532414e+01,2.537401e-11,7.876016e-10,7.876016e-12
1.532692e+01,2.580682e-11,8.098155e-10,8.098155e-12
1.532970e+01,2.628829e-11,8.336330e-10,8.336330e-12
1.533249e+01,2.681693e-11,8.586943e-10,8.586943e-12
1.533527e+01,2.739186e-11,8.847172e-10,8.847172e-12
1.533806e+01,2.801366e-11,9.115385e-10,9.115385e-12
1.534084e+01,2.868481e-11,9.391886e-10,9.391886e-12
1.534362e+01,2.940836e-11,9.679150e-10,9.679150e-12
1.534641e+01,3.018725e-11,9.981530e-10,9.981530e-12
1.534919e+01,3.102502e-11,1.030528e-09,1.030528e-11
1.535197e+01,3.192515e-11,1.065831e-09,1.065831e-11
1.535476e+01,3.289004e-11,1.104913e-09,1.104913e-11
1.535754e+01,3.392029e-11,1.148586e-09,1.148586e-11
1.536032e+01,3.501465e-11,1.197534e-09,1.197534e-11
1.536311e+01,3.617066e-11,1.252248e-09,1.252248e-11
1.536589e+01,3.738397e-11,1.312967e-09,1.312967e-11
1.536868e+01,3.864780e-11,1.379621e-09,1.379621e-11
1.537146e+01,3.995363e-11,1.451838e-09,1.451838e-11
1.537424e+01,4.129195e-11,1.528979e-09,1.528979e-11
1.537703e+01,4.265236e-11,1.610176e-09,1.610176e-11
1.537981e+01,4.402360e-11,1.694371e-09,1.694371e-11
1.538259e+01,4.539486e-11,1.780371e-09,1.780371e-11
1.538538e+01,4.675568e-11,1.866893e-09,1.866893e-11
1.538816e+01,4.809621e-11,1.952612e-09,1.952612e-11
1.539094e+01,4.940862e-11,2.036207e-09,2.036207e-11
1.539373e+01,5.068573e-11,2.116388e-09,2.116388e-11
1.539651e+01,5.192131e-11,2.191942e-09,2.191942e-11
1.539930e+01,5.311123e-11,2.261783e-09,2.261783e-11
1.540208e+01,5.425196e-11,2.324969e-09,2.324969e-11
1.540486e+01,5.534026e-11,2.380741e-09,2.380741e-11
1.540765e+01,5.637328e-11,2.428557e-09,2.428557e-11
1.541043e+01,5.734774e-11,2.468097e-09,2.468097e-11
1.541321e+01,5.825933e-11,2.499274e-09,2.499274e-11
1.541600e+01,5.910342e-11,2.522239e-09,2.522239e-11
1.541878e+01,5.987408e-11,2.537354e-09,2.537354e-11
1.542157e+01,6.056362e-11,2.545150e-09,2.545150e-11
1.542435e+01,6.116392e-11,2.546271e-09,2.546271e-11
1.542713e+01,6.166523e-11,2.541414e-09,2.541414e-11
1.542992e+01,6.205727e-11,2.531251e-09,2.531251e-11
1.543270e+01,6.232980e-11,2.516355e-09,2.516355e-11
1.543548e+01,6.247139e-11,2.497130e-09,2.497130e-11
1.543827e+01,6.247177e-11,2.473780e-09,2.473780e-11
1.544105e+01,6.232125e-11,2.446284e-09,2.446284e-11
1.544383e+01,6.200995e-11,2.414384e-09,2.414384e-11
1.544662e+01,6.153017e-11,2.377646e-09,2.377646e-11
1.544940e+01,6.087650e-11,2.335528e-09,2.335528e-11
1.545219e+01,6.004451e-11,2.287449e-09,2.287449e-11
1.545497e+01,5.903198e-11,2.232888e-09,2.232888e-11
1.545775e+01,5.784042e-11,2.171501e-09,2.171501e-11
1.546054e+01,5.647412e-11,2.103174e-09,2.103174e-11
1.546332e+01,5.494088e-11,2.028092e-09,2.028092e-11
1.546610e+01,5.325254e-11,1.946788e-09,1.946788e-11
1.546889e+01,5.142389e-11,1.860149e-09,1.860149e-11
1.547167e+01,4.947356e-11,1.769404e-09,1.769404e-11
1.547446e+01,4.742428e-11,1.676072e-09,1.676072e-11
1.547724e+01,4.530154e-11,1.581890e-09,1.581890e-11
1.548002e+01,4.313308e-11,1.488695e-09,1.488695e-11
1.548281e+01,4.094921e-11,1.398304e-09,1.398304e-11
1.548559e+01,3.878062e-11,1.312362e-09,1.312362e-11
1.548837e+01,3.665811e-11,1.232185e-09,1.232185e-11
1.549116e+01,3.461181e-11,1.158636e-09,1.158636e-11
1.549394e+01,3.266963e-11,1.092062e-09,1.092062e-11
1.549672e+01,3.085756e-11,1.032316e-09,1.032316e-11
1.549951e+01,2.919755e-11,9.788462e-10,9.788462e-12
1.550229e+01,2.770752e-11,9.308998e-10,9.308998e-12
1.550508e+01,2.640224e-11,8.877797e-10,8.877797e-12
1.550786e+01,2.529140e-11,8.490571e-10,8.490571e-12
1.551064e+01,2.437984e-11,8.147350e-10,8.147350e-12
1.551343e+01,2.366924e-11,7.853403e-10,7.853403e-12
1.551621e+01,2.315723e-11,7.618597e-10,7.618597e-12
1.551899e+01,2.283842e-11,7.455154e-10,7.455154e-12
1.552178e+01,2.270568e-11,7.374395e-10,7.374395e-12
1.552456e+01,2.274913e-11,7.382943e-10,7.382943e-12
1.552735e+01,2.295795e-11,7.479960e-10,7.479960e-12
1.553013e+01,2.332099e-11,7.656499e-10,7.656499e-12
1.553291e+01,2.382601e-11,7.896714e-10,7.896714e-12
1.553570e+01,2.445999e-11,8.180920e-10,8.180920e-12
1.553848e+01,2.521006e-11,8.489060e-10,8.489060e-12
1.554126e+01,2.606268e-11,8.803190e-10,8.803190e-12
1.554405e+01,2.700327e-11,9.109303e-10,9.109303e-12
1.554683e+01,2.801706e-11,9.398130e-10,9.398130e-12
1.554961e+01,2.908878e-11,9.665077e-10,9.665077e-12
1.555240e+01,3.020226e-11,9.909882e-10,9.909882e-12
1.555518e+01,3.134079e-11,1.013571e-09,1.013571e-11
1.555797e+01,3.248815e-11,1.034826e-09,1.034826e-11
1.556075e+01,3.362813e-11,1.055496e-09,1.055496e-11
1.556353e+01,3.474517e-11,1.076357e-09,1.076357e-11
1.556632e+01,3.582421e-11,1.098127e-09,1.098127e-11
1.556910e+01,3.685148e-11,1.121426e-09,1.121426e-11
1.557188e+01,3.781581e-11,1.146722e-09,1.146722e-11
1.557467e+01,3.870692e-11,1.174264e-09,1.174264e-11
1.557745e+01,3.951560e-11,1.204080e-09,1.204080e-11
1.558023e+01,4.023459e-11,1.235991e-09,1.235991e-11
1.558302e+01,4.085841e-11,1.269643e-09,1.269643e-11
1.558580e+01,4.138311e-11,1.304536e-09,1.304536e-11
1.558859e+01,4.180599e-11,1.340043e-09,1.340043e-11
1.559137e+01,4.212586e-11,1.375454e-09,1.375454e-11
1.559415e+01,4.234294e-11,1.410013e-09,1.410013e-11
1.559694e+01,4.245914e-11,1.442947e-09,1.442947e-11
1.559972e+01,4.247805e-11,1.473487e-09,1.473487e-11
1.560250e+01,4.240440e-11,1.500885e-09,1.500885e-11
1.560529e+01,4.224445e-11,1.524426e-09,1.524426e-11
1.560807e+01,4.200628e-11,1.543466e-09,1.543466e-11
1.561086e+01,4.169841e-11,1.557421e-09,1.557421e-11
1.561364e+01,4.132959e-11,1.565786e-09,1.565786e-11
1.561642e+01,4.090932e-11,1.568176e-09,1.568176e-11
1.561921e+01,4.044646e-11,1.564344e-09,1.564344e-11
1.562199e+01,3.994846e-11,1.554186e-09,1.554186e-11
1.562477e+01,3.942188e-11,1.537776e-09,1.537776e-11
1.562756e+01,3.887114e-11,1.515354e-09,1.515354e-11
1.563034e+01,3.829868e-11,1.487337e-09,1.487337e-11
1.563312e+01,3.770574e-11,1.454297e-09,1.454297e-11
1.563591e+01,3.709123e-11,1.416907e-09,1.416907e-11
1.563869e+01,3.645263e-11,1.375915e-09,1.375915e-11
1.564148e+01,3.578725e-11,1.332078e-09,1.332078e-11
1.564426e+01,3.509218e-11,1.286109e-09,1.286109e-11
1.564704e+01,3.436530e-11,1.238651e-09,1.238651e-11
1.564983e+01,3.360585e-11,1.190241e-09,1.190241e-11
1.565261e+01,3.281473e-11,1.141313e-09,1.141313e-11
1.565539e+01,3.199536e-11,1.092228e-09,1.092228e-11
1.565818e+01,3.115384e-11,1.043303e-09,1.043303e-11
1.566096e+01,3.029858e-11,9.948486e-10,9.948486e-12
1.566375e+01,2.944003e-11,9.472086e-10,9.472086e-12
1.566653e+01,2.859048e-11,9.008119e-10,9.008119e-12
1.566931e+01,2.776400e-11,8.561788e-10,8.561788e-12
1.567210e+01,2.697384e-11,8.138986e-10,8.138986e-12
1.567488e+01,2.623234e-11,7.746450e-10,7.746450e-12
1.567766e+01,2.555167e-11,7.391668e-10,7.391668e-12
1.568045e+01,2.494106e-11,7.082278e-10,7.082278e-12
1.568323e+01,2.440701e-11,6.825612e-10,6.825612e-12
1.568601e+01,2.395383e-11,6.628465e-10,6.628465e-12
1.568880e+01,2.358308e-11,6.496598e-10,6.496598e-12
1.569158e+01,2.329358e-11,6.433721e-10,6.433721e-12
1.569437e+01,2.308087e-11,6.440907e-10,6.440907e-12
1.569715e+01,2.293876e-11,6.516512e-10,6.516512e-12
1.569993e+01,2.285993e-11,6.655903e-10,6.655903e-12
1.570272e+01,2.283551e-11,6.851540e-10,6.851540e-12
1.570550e+01,2.285571e-11,7.093596e-10,7.093596e-12
1.570828e+01,2.291035e-11,7.370529e-10,7.370529e-12
1.571107e+01,2.298857e-11,7.669779e-10,7.669779e-12
1.571385e+01,2.308000e-11,7.978621e-10,7.978621e-12
1.571663e+01,2.317459e-11,8.284661e-10,8.284661e-12
1.571942e+01,2.326249e-11,8.576516e-10,8.576516e-12
1.572220e+01,2.333576e-11,8.844595e-10,8.844595e-12
1.572499e+01,2.338782e-11,9.081180e-10,9.081180e-12
1.572777e+01,2.341387e-11,9.280584e-10,9.280584e-12
1.573055e+01,2.341191e-11,9.439381e-10,9.439381e-12
1.573334e+01,2.338226e-11,9.556249e-10,9.556249e-12
1.573612e+01,2.332806e-11,9.631922e-10,9.631922e-12
1.573890e+01,2.325603e-11,9.668891e-10,9.668891e-12
1.574169e+01,2.317510e-11,9.670911e-10,9.670911e-12
1.574447e+01,2.309581e-11,9.642641e-10,9.642641e-12
1.574726e+01,2.303016e-11,9.589251e-10,9.589251e-12
1.575004e+01,2.299001e-11,9.516140e-10,9.516140e-12
1.575282e+01,2.298678e-11,9.428645e-10,9.428645e-12
1.575561e+01,2.302993e-11,9.332185e-10,9.332185e-12
1.575839e+01,2.312647e-11,9.232433e-10,9.232433e-12
1.576117e+01,2.328048e-11,9.134770e-10,9.134770e-12
1.576396e+01,2.349216e-11,9.044180e-10,9.044180e-12
1.576674e+01,2.375859e-11,8.965285e-10,8.965285e-12
1.576952e+01,2.407284e-11,8.901637e-10,8.901637e-12
1.577231e+01,2.442532e-11,8.855628e-10,8.855628e-12
1.577509e+01,2.480573e-11,8.828734e-10,8.828734e-12
1.577788e+01,2.520262e-11,8.820887e-10,8.820887e-12
1.578066e+01,2.560395e-11,8.830786e-10,8.830786e-12
1.578344e+01,2.599982e-11,8.857319e-10,8.857319e-12
1.578623e+01,2.638305e-11,8.899958e-10,8.899958e-12
1.578901e+01,2.674864e-11,8.959043e-10,8.959043e-12
1.579179e+01,2.709523e-11,9.036631e-10,9.036631e-12
1.579458e+01,2.742483e-11,9.136528e-10,9.136528e-12
1.579736e+01,2.774290e-11,9.263757e-10,9.263757e-12
1.580015e+01,2.805802e-11,9.423956e-10,9.423956e-12
1.580293e+01,2.838119e-11,9.622387e-10,9.622387e-12
1.580571e+01,2.872497e-11,9.862926e-10,9.862926e-12
1.580850e+01,2.910256e-11,1.014725e-09,1.014725e-11
1.581128e+01,2.952654e-11,1.047419e-09,1.047419e-11
1.581406e+01,3.000900e-11,1.083985e-09,1.083985e-11
1.581685e+01,3.056099e-11,1.123807e-09,1.123807e-11
1.581963e+01,3.118962e-11,1.166081e-09,1.166081e-11
1.582241e+01,3.190007e-11,1.209879e-09,1.209879e-11
1.582520e+01,3.269497e-11,1.254237e-09,1.254237e-11
1.582798e+01,3.357287e-11,1.298217e-09,1.298217e-11
1.583077e+01,3.452965e-11,1.340929e-09,1.340929e-11
1.583355e+01,3.555745e-11,1.381564e-09,1.381564e-11
1.583633e+01,3.664513e-11,1.419435e-09,1.419435e-11
1.583912e+01,3.777880e-11,1.453980e-09,1.453980e-11
1.584190e+01,3.894107e-11,1.484744e-09,1.484744e-11
1.584468e+01,4.011212e-11,1.511386e-09,1.511386e-11
1.584747e+01,4.126994e-11,1.533659e-09,1.533659e-11
1.585025e+01,4.239043e-11,1.551389e-09,1.551389e-11
1.585304e+01,4.344860e-11,1.564441e-09,1.564441e-11
1.585582e+01,4.441856e-11,1.572692e-09,1.572692e-11
1.585860e+01,4.527513e-11,1.576031e-09,1.576031e-11
1.586139e+01,4.599527e-11,1.574366e-09,1.574366e-11
1.586417e+01,4.655781e-11,1.567602e-09,1.567602e-11
1.586695e+01,4.694454e-11,1.555668e-09,1.555668e-11
1.586974e+01,4.714244e-11,1.538572e-09,1.538572e-11
1.587252e+01,4.714377e-11,1.516426e-09,1.516426e-11
1.587530e+01,4.694441e-11,1.489439e-09,1.489439e-11
1.587809e+01,4.654550e-11,1.457951e-09,1.457951e-11
1.588087e+01,4.595398e-11,1.422465e-09,1.422465e-11
1.588366e+01,4.518078e-11,1.383616e-09,1.383616e-11
1.588644e+01,4.424036e-11,1.342126e-09,1.342126e-11
1.588922e+01,4.314989e-11,1.298763e-09,1.298763e-11
1.589201e+01,4.192807e-11,1.254288e-09,1.254288e-11
1.589479e+01,4.059551e-11,1.209419e-09,1.209419e-11
1.589757e+01,3.917376e-11,1.164762e-09,1.164762e-11
1.590036e+01,3.768348e-11,1.120743e-09,1.120743e-11
1.590314e+01,3.614520e-11,1.077602e-09,1.077602e-11
1.590592e+01,3.457915e-11,1.035406e-09,1.035406e-11
1.590871e+01,3.300514e-11,9.940593e-10,9.940593e-12
1.591149e+01,3.144211e-11,9.533381e-10,9.533381e-12
1.591428e+01,2.990846e-11,9.129839e-10,9.129839e-12
1.591706e+01,2.842287e-11,8.727931e-10,8.727931e-12
1.591984e+01,2.700247e-11,8.326526e-10,8.326526e-12
1.592263e+01,2.566338e-11,7.926305e-10,7.926305e-12
1.592541e+01,2.442201e-11,7.530857e-10,7.530857e-12
1.592819e+01,2.329340e-11,7.146828e-10,7.146828e-12
1.593098e+01,2.229031e-11,6.783606e-10,6.783606e-12
1.593376e+01,2.142320e-11,6.453077e-10,6.453077e-12
1.593655e+01,2.070029e-11,6.168848e-10,6.168848e-12
1.593933e+01,2.012744e-11,5.944378e-10,5.944378e-12
1.594211e+01,1.970609e-11,5.790310e-10,5.790310e-12
1.594490e+01,1.943365e-11,5.711925e-10,5.711925e-12
1.594768e+01,1.930457e-11,5.707725e-10,5.707725e-12
1.595046e+01,1.930864e-11,5.769162e-10,5.769162e-12
1.595325e+01,1.943177e-11,5.882114e-10,5.882114e-12
1.595603e+01,1.965756e-11,6.029760e-10,6.029760e-12
1.595881e+01,1.996701e-11,6.194919e-10,6.194919e-12
1.596160e+01,2.033859e-11,6.361869e-10,6.361869e-12
1.596438e+01,2.074983e-11,6.517793e-10,6.517793e-12
1.596717e+01,2.117863e-11,6.653354e-10,6.653354e-12
1.596995e+01,2.160408e-11,6.762878e-10,6.762878e-12
1.597273e+01,2.200706e-11,6.844106e-10,6.844106e-12
1.597552e+01,2.237103e-11,6.897751e-10,6.897751e-12
1.597830e+01,2.268303e-11,6.927272e-10,6.927272e-12
1.598108e+01,2.293351e-11,6.938200e-10,6.938200e-12
1.598387e+01,2.311700e-11,6.937189e-10,6.937189e-12
1.598665e+01,2.323261e-11,6.931369e-10,6.931369e-12
1.598944e+01,2.328350e-11,6.927470e-10,6.927470e-12
1.599222e+01,2.327628e-11,6.930708e-10,6.930708e-12
1.599500e+01,2.322115e-11,6.944430e-10,6.944430e-12
1.599779e+01,2.313126e-11,6.970103e-10,6.970103e-12
1.600057e+01,2.302171e-11,7.007528e-10,7.007528e-12
1.600335e+01,2.291019e-11,7.055814e-10,7.055814e-12
1.600614e+01,2.281394e-11,7.114134e-10,7.114134e-12
1.600892e+01,2.274931e-11,7.182729e-10,7.182729e-12
1.601170e+01,2.273278e-11,7.264250e-10,7.264250e-12
1.601449e+01,2.277793e-11,7.363795e-10,7.363795e-12
1.601727e+01,2.289517e-11,7.488383e-10,7.488383e-12
1.602006e+01,2.309194e-11,7.646354e-10,7.646354e-12
1.602284e+01,2.337127e-11,7.845761e-10,7.845761e-12
1.602562e+01,2.373176e-11,8.092417e-10,8.092417e-12
1.602841e+01,2.416797e-11,8.388206e-10,8.388206e-12
1.603119e+01,2.467002e-11,8.729969e-10,8.729969e-12
1.603397e+01,2.522454e-11,9.109528e-10,9.109528e-12
1.603676e+01,2.581595e-11,9.514389e-10,9.514389e-12
1.603954e+01,2.642610e-11,9.928758e-10,9.928758e-12
1.604233e+01,2.703582e-11,1.033521e-09,1.033521e-11
1.604511e+01,2.762701e-11,1.071639e-09,1.071639e-11
1.604789e+01,2.818239e-11,1.105609e-09,1.105609e-11
1.605068e+01,2.868618e-11,1.134023e-09,1.134023e-11
1.605346e+01,2.912671e-11,1.155788e-09,1.155788e-11
1.605624e+01,2.949584e-11,1.170179e-09,1.170179e-11
1.605903e+01,2.978853e-11,1.176862e-09,1.176862e-11
1.606181e+01,3.000463e-11,1.175907e-09,1.175907e-11
1.606459e+01,3.014805e-11,1.167792e-09,1.167792e-11
1.606738e+01,3.022691e-11,1.153396e-09,1.153396e-11
1.607016e+01,3.025271e-11,1.133962e-09,1.133962e-11
1.607295e+01,3.023882e-11,1.111025e-09,1.111025e-11
1.607573e+01,3.020057e-11,1.086335e-09,1.086335e-11
1.607851e+01,3.015431e-11,1.061773e-09,1.061773e-11
1.608130e+01,3.011615e-11,1.039236e-09,1.039236e-11
1.608408e+01,3.010087e-11,1.020492e-09,1.020492e-11
1.608686e+01,3.012141e-11,1.007009e-09,1.007009e-11
1.608965e+01,3.018822e-11,9.998365e-10,9.998365e-12
1.609243e+01,3.030917e-11,9.995300e-10,9.995300e-12
1.609521e+01,3.048900e-11,1.006126e-09,1.006126e-11
1.609800e+01,3.072882e-11,1.019193e-09,1.019193e-11
1.610078e+01,3.102740e-11,1.037966e-09,1.037966e-11
1.610357e+01,3.138143e-11,1.061497e-09,1.061497e-11
1.610635e+01,3.178575e-11,1.088777e-09,1.088777e-11
1.610913e+01,3.223378e-11,1.118837e-09,1.118837e-11
1.611192e+01,3.271839e-11,1.150818e-09,1.150818e-11
1.611470e+01,3.323243e-11,1.184003e-09,1.184003e-11
1.611748e+01,3.376852e-11,1.217813e-09,1.217813e-11
1.612027e+01,3.431967e-11,1.251780e-09,1.251780e-11
1.612305e+01,3.487984e-11,1.285541e-09,1.285541e-11
1.612584e+01,3.544363e-11,1.318808e-09,1.318808e-11
1.612862e+01,3.600644e-11,1.351356e-09,1.351356e-11
1.613140e+01,3.656503e-11,1.383001e-09,1.383001e-11
1.613419e+01,3.711639e-11,1.413571e-09,1.413571e-11
1.613697e+01,3.765811e-11,1.442908e-09,1.442908e-11
1.613975e+01,3.818829e-11,1.470855e-09,1.470855e-11
1.614254e+01,3.870530e-11,1.497243e-09,1.497243e-11
1.614532e+01,3.920847e-11,1.521887e-09,1.521887e-11
1.614810e+01,3.969612e-11,1.544578e-09,1.544578e-11
1.615089e+01,4.016591e-11,1.565066e-09,1.565066e-11
1.615367e+01,4.061595e-11,1.583077e-09,1.583077e-11
1.615646e+01,4.104311e-11,1.598320e-09,1.598320e-11
1.615924e+01,4.144312e-11,1.610496e-09,1.610496e-11
1.616202e+01,4.181050e-11,1.619298e-09,1.619298e-11
1.616481e+01,4.213835e-11,1.624465e-09,1.624465e-11
1.616759e+01,4.241945e-11,1.625799e-09,1.625799e-11
1.617037e+01,4.264566e-11,1.623183e-09,1.623183e-11
1.617316e+01,4.280857e-11,1.616607e-09,1.616607e-11
1.617594e+01,4.290008e-11,1.606180e-09,1.606180e-11
1.617873e+01,4.291224e-11,1.592113e-09,1.592113e-11
1.618151e+01,4.283903e-11,1.574723e-09,1.574723e-11
1.618429e+01,4.267622e-11,1.554426e-09,1.554426e-11
1.618708e+01,4.242163e-11,1.531699e-09,1.531699e-11
1.618986e+01,4.207627e-11,1.507045e-09,1.507045e-11
1.619264e+01,4.164322e-11,1.480953e-09,1.480953e-11
1.619543e+01,4.112850e-11,1.453881e-09,1.453881e-11
1.619821e+01,4.054146e-11,1.426249e-09,1.426249e-11
1.620099e+01,3.989323e-11,1.398415e-09,1.398415e-11
1.620378e+01,3.919684e-11,1.370677e-09,1.370677e-11
1.620656e+01,3.846600e-11,1.343283e-09,1.343283e-11
1.620935e+01,3.771457e-11,1.316453e-09,1.316453e-11
1.621213e+01,3.695647e-11,1.290397e-09,1.290397e-11
1.621491e+01,3.620395e-11,1.265316e-09,1.265316e-11
1.621770e+01,3.546745e-11,1.241411e-09,1.241411e-11
1.622048e+01,3.475562e-11,1.218873e-09,1.218873e-11
1.622326e+01,3.407419e-11,1.197848e-09,1.197848e-11
1.622605e+01,3.342627e-11,1.178418e-09,1.178418e-11
1.622883e+01,3.281358e-11,1.160584e-09,1.160584e-11
1.623162e+01,3.223559e-11,1.144246e-09,1.144246e-11
1.623440e+01,3.169010e-11,1.129220e-09,1.129220e-11
1.623718e+01,3.117561e-11,1.115272e-09,1.115272e-11
1.623997e+01,3.068985e-11,1.102141e-09,1.102141e-11
1.624275e+01,3.023025e-11,1.089588e-09,1.089588e-11
1.624553e+01,2.979645e-11,1.077461e-09,1.077461e-11
1.624832e+01,2.938898e-11,1.065724e-09,1.065724e-11
1.625110e+01,2.900880e-11,1.054471e-09,1.054471e-11
1.625388e+01,2.865886e-11,1.043923e-09,1.043923e-11
1.625667e+01,2.834325e-11,1.034428e-09,1.034428e-11
1.625945e+01,2.806692e-11,1.026414e-09,1.026414e-11
1.626224e+01,2.783571e-11,1.020332e-09,1.020332e-11
1.626502e+01,2.765556e-11,1.016624e-09,1.016624e-11
1.626780e+01,2.753379e-11,1.015676e-09,1.015676e-11
1.627059e+01,2.747749e-11,1.017761e-09,1.017761e-11
1.627337e+01,2.749323e-11,1.023009e-09,1.023009e-11
1.627615e+01,2.758865e-11,1.031407e-09,1.031407e-11
1.627894e+01,2.776999e-11,1.042800e-09,1.042800e-11
1.628172e+01,2.804251e-11,1.056900e-09,1.056900e-11
1.628450e+01,2.841023e-11,1.073327e-09,1.073327e-11
1.628729e+01,2.887491e-11,1.091663e-09,1.091663e-11
1.629007e+01,2.943605e-11,1.111482e-09,1.111482e-11
1.629286e+01,3.008875e-11,1.132392e-09,1.132392e-11
1.629564e+01,3.082449e-11,1.154058e-09,1.154058e-11
1.629842e+01,3.163118e-11,1.176209e-09,1.176209e-11
1.630121e+01,3.249164e-11,1.198613e-09,1.198613e-11
1.630399e+01,3.338500e-11,1.221043e-09,1.221043e-11
1.630677e+01,3.428739e-11,1.243240e-09,1.243240e-11
1.630956e+01,3.517178e-11,1.264859e-09,1.264859e-11
1.631234e+01,3.600986e-11,1.285434e-09,1.285434e-11
1.631513e+01,3.677311e-11,1.304368e-09,1.304368e-11
1.631791e+01,3.743495e-11,1.320980e-09,1.320980e-11
1.632069e+01,3.797196e-11,1.334530e-09,1.334530e-11
1.632348e+01,3.836345e-11,1.344272e-09,1.344272e-11
1.632626e+01,3.859421e-11,1.349540e-09,1.349540e-11
1.632904e+01,3.865555e-11,1.349823e-09,1.349823e-11
1.633183e+01,3.854444e-11,1.344807e-09,1.344807e-11
1.633461e+01,3.826417e-11,1.334401e-09,1.334401e-11
1.633739e+01,3.782444e-11,1.318728e-09,1.318728e-11
1.634018e+01,3.723979e-11,1.298103e-09,1.298103e-11
1.634296e+01,3.652929e-11,1.273002e-09,1.273002e-11
1.634575e+01,3.571600e-11,1.244020e-09,1.244020e-11
1.634853e+01,3.482475e-11,1.211804e-09,1.211804e-11
1.635131e+01,3.388149e-11,1.177010e-09,1.177010e-11
1.635410e+01,3.291292e-11,1.140295e-09,1.140295e-11
1.635688e+01,3.194441e-11,1.102307e-09,1.102307e-11
1.635966e+01,3.099923e-11,1.063689e-09,1.063689e-11
1.636245e+01,3.009914e-11,1.025118e-09,1.025118e-11
1.636523e+01,2.926290e-11,9.873244e-10,9.873244e-12
1.636802e+01,2.850608e-11,9.511098e-10,9.511098e-12
1.637080e+01,2.784136e-11,9.173580e-10,9.173580e-12
1.637358e+01,2.727811e-11,8.869966e-10,8.869966e-12
1.637637e+01,2.682263e-11,8.609168e-10,8.609168e-12
1.637915e+01,2.647758e-11,8.398707e-10,8.398707e-12
1.638193e+01,2.624260e-11,8.243649e-10,8.243649e-12
1.638472e+01,2.611482e-11,8.145711e-10,8.145711e-12
1.638750e+01,2.608824e-11,8.102614e-10,8.102614e-12
1.639028e+01,2.615407e-11,8.108197e-10,8.108197e-12
1.639307e+01,2.630220e-11,8.153611e-10,8.153611e-12
1.639585e+01,2.652132e-11,8.228637e-10,8.228637e-12
1.639864e+01,2.679907e-11,8.322965e-10,8.322965e-12
1.640142e+01,2.712422e-11,8.427792e-10,8.427792e-12
1.640420e+01,2.748658e-11,8.536651e-10,8.536651e-12
1.640699e+01,2.787727e-11,8.645656e-10,8.645656e-12
1.640977e+01,2.829112e-11,8.753799e-10,8.753799e-12
1.641255e+01,2.872537e-11,8.862516e-10,8.862516e-12
1.641534e+01,2.918007e-11,8.975118e-10,8.975118e-12
1.641812e+01,2.965951e-11,9.096198e-10,9.096198e-12
1.642091e+01,3.016910e-11,9.230479e-10,9.230479e-12
1.642369e+01,3.071502e-11,9.382173e-10,9.382173e-12
1.642647e+01,3.130469e-11,9.554810e-10,9.554810e-12
1.642926e+01,3.194455e-11,9.750698e-10,9.750698e-12
1.643204e+01,3.263848e-11,9.970733e-10,9.970733e-12
1.643482e+01,3.338751e-11,1.021456e-09,1.021456e-11
1.643761e+01,3.418876e-11,1.048062e-09,1.048062e-11
1.644039e+01,3.503497e-11,1.076641e-09,1.076641e-11
1.644317e+01,3.591484e-11,1.106864e-09,1.106864e-11
1.644596e+01,3.681209e-11,1.138283e-09,1.138283e-11
1.644874e+01,3.770675e-11,1.170360e-09,1.170360e-11
1.645153e+01,3.857703e-11,1.202497e-09,1.202497e-11
1.645431e+01,3.939870e-11,1.234017e-09,1.234017e-11
1.645709e+01,4.014615e-11,1.264167e-09,1.264167e-11
1.645988e+01,4.079472e-11,1.292171e-09,1.292171e-11
1.646266e+01,4.132146e-11,1.317258e-09,1.317258e-11
1.646544e+01,4.170529e-11,1.338663e-09,1.338663e-11
1.646823e+01,4.192827e-11,1.355656e-09,1.355656e-11
1.647101e+01,4.197719e-11,1.367597e-09,1.367597e-11
1.647379e+01,4.184292e-11,1.373927e-09,1.373927e-11
1.647658e+01,4.152039e-11,1.374168e-09,1.374168e-11
1.647936e+01,4.101030e-11,1.367986e-09,1.367986e-11
1.648215e+01,4.031812e-11,1.355199e-09,1.355199e-11
1.648493e+01,3.945383e-11,1.335760e-09,1.335760e-11
1.648771e+01,3.843236e-11,1.309791e-09,1.309791e-11
1.649050e+01,3.727280e-11,1.277598e-09,1.277598e-11
1.649328e+01,3.599840e-11,1.239652e-09,1.239652e-11
1.649606e+01,3.463489e-11,1.196559e-09,1.196559e-11
1.649885e+01,3.321059e-11,1.149072e-09,1.149072e-11
1.650163e+01,3.175598e-11,1.098086e-09,1.098086e-11
1.650442e+01,3.030122e-11,1.044592e-09,1.044592e-11
1.650720e+01,2.887710e-11,9.896892e-10,9.896892e-12
1.650998e+01,2.751364e-11,9.346016e-10,9.346016e-12
1.651277e+01,2.623743e-11,8.806544e-10,8.806544e-12
1.651555e+01,2.507233e-11,8.292725e-10,8.292725e-12
1.651833e+01,2.403896e-11,7.819708e-10,7.819708e-12
1.652112e+01,2.315282e-11,7.402895e-10,7.402895e-12
1.652390e+01,2.242419e-11,7.056606e-10,7.056606e-12
1.652668e+01,2.185823e-11,6.792350e-10,6.792350e-12
1.652947e+01,2.145515e-11,6.616837e-10,6.616837e-12
1.653225e+01,2.121035e-11,6.530024e-10,6.530024e-12
1.653504e+01,2.111489e-11,6.524693e-10,6.524693e-12
1.653782e+01,2.115723e-11,6.587797e-10,6.587797e-12
1.654060e+01,2.132305e-11,6.702822e-10,6.702822e-12
1.654339e+01,2.159634e-11,6.852550e-10,6.852550e-12
1.654617e+01,2.196129e-11,7.021345e-10,7.021345e-12
1.654895e+01,2.240232e-11,7.196987e-10,7.196987e-12
1.655174e+01,2.290488e-11,7.371432e-10,7.371432e-12
1.655452e+01,2.345550e-11,7.540508e-10,7.540508e-12
1.655731e+01,2.404280e-11,7.703902e-10,7.703902e-12
1.656009e+01,2.465737e-11,7.864599e-10,7.864599e-12
1.656287e+01,2.529068e-11,8.027788e-10,8.027788e-12
1.656566e+01,2.593617e-11,8.200282e-10,8.200282e-12
1.656844e+01,2.658808e-11,8.389436e-10,8.389436e-12
1.657122e+01,2.724097e-11,8.601957e-10,8.601957e-12
1.657401e+01,2.789007e-11,8.843493e-10,8.843493e-12
1.657679e+01,2.853089e-11,9.117968e-10,9.117968e-12
1.657957e+01,2.915896e-11,9.426727e-10,9.426727e-12
1.658236e+01,2.976934e-11,9.768426e-10,9.768426e-12
1.658514e+01,3.035730e-11,1.013923e-09,1.013923e-11
1.658793e+01,3.091827e-11,1.053296e-09,1.053296e-11
1.659071e+01,3.144735e-11,1.094139e-09,1.094139e-11
1.659349e+01,3.193917e-11,1.135488e-09,1.135488e-11
1.659628e+01,3.238880e-11,1.176294e-09,1.176294e-11
1.659906e+01,3.279184e-11,1.215482e-09,1.215482e-11
1.660184e+01,3.314365e-11,1.252003e-09,1.252003e-11
1.660463e+01,3.344007e-11,1.284873e-09,1.284873e-11
1.660741e+01,3.367784e-11,1.313225e-09,1.313225e-11
1.661020e+01,3.385456e-11,1.336336e-09,1.336336e-11
1.661298e+01,3.396856e-11,1.353649e-09,1.353649e-11
1.661576e+01,3.401979e-11,1.364785e-09,1.364785e-11
1.661855e+01,3.400968e-11,1.369560e-09,1.369560e-11
1.662133e+01,3.394159e-11,1.367978e-09,1.367978e-11
1.662411e+01,3.382052e-11,1.360219e-09,1.360219e-11
1.662690e+01,3.365254e-11,1.346621e-09,1.346621e-11
1.662968e+01,3.344589e-11,1.327680e-09,1.327680e-11
1.663246e+01,3.320991e-11,1.304021e-09,1.304021e-11
1.663525e+01,3.295475e-11,1.276383e-09,1.276383e-11
1.663803e+01,3.269164e-11,1.245613e-09,1.245613e-11
1.664082e+01,3.243133e-11,1.212636e-09,1.212636e-11
1.664360e+01,3.218324e-11,1.178432e-09,1.178432e-11
1.664638e+01,3.195678e-11,1.144051e-09,1.144051e-11
1.664917e+01,3.176023e-11,1.110578e-09,1.110578e-11
1.665195e+01,3.159855e-11,1.079077e-09,1.079077e-11
1.665473e+01,3.147411e-11,1.050559e-09,1.050559e-11
1.665752e+01,3.138724e-11,1.025925e-09,1.025925e-11
1.666030e+01,3.133518e-11,1.005875e-09,1.005875e-11
1.666308e+01,3.131203e-11,9.908376e-10,9.908376e-12
1.666587e+01,3.130970e-11,9.809056e-10,9.809056e-12
1.666865e+01,3.131732e-11,9.757966e-10,9.757966e-12
1.667144e+01,3.132247e-11,9.748649e-10,9.748649e-12
1.667422e+01,3.131236e-11,9.771639e-10,9.771639e-12
1.667700e+01,3.127298e-11,9.815159e-10,9.815159e-12
1.667979e+01,3.119035e-11,9.866179e-10,9.866179e-12
1.668257e+01,3.105244e-11,9.911729e-10,9.911729e-12
1.668535e+01,3.084899e-11,9.939777e-10,9.939777e-12
1.668814e+01,3.057132e-11,9.939779e-10,9.939779e-12
1.669092e+01,3.021354e-11,9.903171e-10,9.903171e-12
1.669371e+01,2.977245e-11,9.823794e-10,9.823794e-12
1.669649e+01,2.924797e-11,9.698188e-10,9.698188e-12
1.669927e+01,2.864272e-11,9.525262e-10,9.525262e-12
1.670206e+01,2.796139e-11,9.306043e-10,9.306043e-12
1.670484e+01,2.721150e-11,9.043829e-10,9.043829e-12
1.670762e+01,2.640253e-11,8.743798e-10,8.743798e-12
1.671041e+01,2.554550e-11,8.412544e-10,8.412544e-12
1.671319e+01,2.465271e-11,8.057647e-10,8.057647e-12
1.671597e+01,2.373743e-11,7.687145e-10,7.687145e-12
1.671876e+01,2.281383e-11,7.309431e-10,7.309431e-12
1.672154e+01,2.189623e-11,6.932683e-10,6.932683e-12
1.672433e+01,2.099868e-11,6.564191e-10,6.564191e-12
1.672711e+01,2.013497e-11,6.210261e-10,6.210261e-12
1.672989e+01,1.931779e-11,5.875809e-10,5.875809e-12
1.673268e+01,1.855859e-11,5.564242e-10,5.564242e-12
1.673546e+01,1.786753e-11,5.277822e-10,5.277822e-12
1.673824e+01,1.725296e-11,5.017743e-10,5.017743e-12
1.674103e+01,1.672117e-11,4.784545e-10,4.784545e-12
1.674381e+01,1.627663e-11,4.578896e-10,4.578896e-12
1.674660e+01,1.592188e-11,4.401890e-10,4.401890e-12
1.674938e+01,1.565639e-11,4.255152e-10,4.255152e-12
1.675216e+01,1.547783e-11,4.141084e-10,4.141084e-12
1.675495e+01,1.538273e-11,4.062567e-10,4.062567e-12
1.675773e+01,1.536548e-11,4.021926e-10,4.021926e-12
1.676051e+01,1.541870e-11,4.020032e-10,4.020032e-12
1.676330e+01,1.553416e-11,4.055709e-10,4.055709e-12
1.676608e+01,1.570307e-11,4.125387e-10,4.125387e-12
1.676886e+01,1.591582e-11,4.223182e-10,4.223182e-12
1.677165e+01,1.616258e-11,4.341732e-10,4.341732e-12
1.677443e+01,1.643416e-11,4.473258e-10,4.473258e-12
1.677722e+01,1.672160e-11,4.610150e-10,4.610150e-12
1.678000e+01,1.701633e-11,4.745763e-10,4.745763e-12
1.678278e+01,1.731077e-11,4.875126e-10,4.875126e-12
1.678557e+01,1.759823e-11,4.994836e-10,4.994836e-12
1.678835e+01,1.787250e-11,5.102882e-10,5.102882e-12
1.679113e+01,1.812741e-11,5.198459e-10,5.198459e-12
1.679392e+01,1.835798e-11,5.281831e-10,5.281831e-12
1.679670e+01,1.855951e-11,5.353878e-10,5.353878e-12
1.679948e+01,1.872690e-11,5.415426e-10,5.415426e-12
1.680227e+01,1.885526e-11,5.467148e-10,5.467148e-12
1.680505e+01,1.894031e-11,5.509643e-10,5.509643e-12
1.680784e+01,1.897904e-11,5.543240e-10,5.543240e-12
1.681062e+01,1.896837e-11,5.567798e-10,5.567798e-12
1.681340e+01,1.890634e-11,5.582910e-10,5.582910e-12
1.681619e+01,1.879318e-11,5.588160e-10,5.588160e-12
1.681897e+01,1.863049e-11,5.583119e-10,5.583119e-12
1.682175e+01,1.842216e-11,5.567448e-10,5.567448e-12
1.682454e+01,1.817389e-11,5.540994e-10,5.540994e-12
1.682732e+01,1.789369e-11,5.503892e-10,5.503892e-12
1.683011e+01,1.759144e-11,5.456658e-10,5.456658e-12
1.683289e+01,1.727775e-11,5.400210e-10,5.400210e-12
1.683567e+01,1.696476e-11,5.336042e-10,5.336042e-12
1.683846e+01,1.666510e-11,5.266392e-10,5.266392e-12
1.684124e+01,1.639141e-11,5.194221e-10,5.194221e-12
1.684402e+01,1.615600e-11,5.123184e-10,5.123184e-12
1.684681e+01,1.597059e-11,5.057630e-10,5.057630e-12
1.684959e+01,1.584689e-11,5.002295e-10,5.002295e-12
1.685237e+01,1.579543e-11,4.961819e-10,4.961819e-12
1.685516e+01,1.582573e-11,4.940555e-10,4.940555e-12
1.685794e+01,1.594701e-11,4.942279e-10,4.942279e-12
1.686073e+01,1.616745e-11,4.970041e-10,4.970041e-12
1.686351e+01,1.649460e-11,5.026667e-10,5.026667e-12
1.686629e+01,1.693561e-11,5.115243e-10,5.115243e-12
1.686908e+01,1.749601e-11,5.239491e-10,5.239491e-12
1.687186e+01,1.817994e-11,5.404267e-10,5.404267e-12
1.687464e+01,1.899028e-11,5.615639e-10,5.615639e-12
1.687743e+01,1.992714e-11,5.880193e-10,5.880193e-12
1.688021e+01,2.098732e-11,6.204092e-10,6.204092e-12
1.688300e+01,2.216538e-11,6.591887e-10,6.591887e-12
1.688578e+01,2.345242e-11,7.044995e-10,7.044995e-12
1.688856e+01,2.483510e-11,7.560689e-10,7.560689e-12
1.689135e+01,2.629693e-11,8.131876e-10,8.131876e-12
1.689413e+01,2.781861e-11,8.747223e-10,8.747223e-12
1.689691e+01,2.937724e-11,9.391781e-10,9.391781e-12
1.689970e+01,3.094792e-11,1.004811e-09,1.004811e-11
1.690248e+01,3.250533e-11,1.069732e-09,1.069732e-11
1.690526e+01,3.402301e-11,1.132015e-09,1.132015e-11
1.690805e+01,3.547537e-11,1.189829e-09,1.189829e-11
1.691083e+01,3.683902e-11,1.241546e-09,1.241546e-11
1.691362e+01,3.809286e-11,1.285815e-09,1.285815e-11
1.691640e+01,3.921937e-11,1.321639e-09,1.321639e-11
1.691918e+01,4.020519e-11,1.348466e-09,1.348466e-11
1.692197e+01,4.104098e-11,1.366207e-09,1.366207e-11
1.692475e+01,4.172163e-11,1.375259e-09,1.375259e-11
1.692753e+01,4.224729e-11,1.376494e-09,1.376494e-11
1.693032e+01,4.262160e-11,1.371230e-09,1.371230e-11
1.693310e+01,4.285263e-11,1.361171e-09,1.361171e-11
1.693589e+01,4.295231e-11,1.348285e-09,1.348285e-11
1.693867e+01,4.293470e-11,1.334653e-09,1.334653e-11
1.694145e+01,4.281818e-11,1.322337e-09,1.322337e-11
1.694424e+01,4.262401e-11,1.313151e-09,1.313151e-11
1.694702e+01,4.237443e-11,1.308439e-09,1.308439e-11
1.694980e+01,4.209442e-11,1.308967e-09,1.308967e-11
1.695259e+01,4.181077e-11,1.314859e-09,1.314859e-11
1.695537e+01,4.154987e-11,1.325612e-09,1.325612e-11
1.695815e+01,4.133813e-11,1.340240e-09,1.340240e-11
1.696094e+01,4.120145e-11,1.357496e-09,1.357496e-11
1.696372e+01,4.116304e-11,1.376077e-09,1.376077e-11
1.696651e+01,4.124260e-11,1.394808e-09,1.394808e-11
1.696929e+01,4.145546e-11,1.412798e-09,1.412798e-11
1.697207e+01,4.181054e-11,1.429521e-09,1.429521e-11
1.697486e+01,4.231130e-11,1.444851e-09,1.444851e-11
1.697764e+01,4.295516e-11,1.459047e-09,1.459047e-11
1.698042e+01,4.373251e-11,1.472665e-09,1.472665e-11
1.698321e+01,4.462839e-11,1.486449e-09,1.486449e-11
1.698599e+01,4.562188e-11,1.501195e-09,1.501195e-11
1.698877e+01,4.668739e-11,1.517647e-09,1.517647e-11
1.699156e+01,4.779696e-11,1.536458e-09,1.536458e-11
1.699434e+01,4.892150e-11,1.558137e-09,1.558137e-11
1.699713e+01,5.003166e-11,1.583016e-09,1.583016e-11
1.699991e+01,5.109905e-11,1.611302e-09,1.611302e-11
1.700269e+01,5.209820e-11,1.643132e-09,1.643132e-11
1.700548e+01,5.300684e-11,1.678583e-09,1.678583e-11
1.700826e+01,5.380691e-11,1.717704e-09,1.717704e-11
1.701104e+01,5.448467e-11,1.760531e-09,1.760531e-11
1.701383e+01,5.503170e-11,1.807054e-09,1.807054e-11
1.701661e+01,5.544447e-11,1.857172e-09,1.857172e-11
1.701940e+01,5.572310e-11,1.910650e-09,1.910650e-11
1.702218e+01,5.587290e-11,1.967105e-09,1.967105e-11
1.702496e+01,5.590302e-11,2.025990e-09,2.025990e-11
1.702775e+01,5.582515e-11,2.086581e-09,2.086581e-11
1.703053e+01,5.565449e-11,2.148012e-09,2.148012e-11
1.703331e+01,5.540854e-11,2.209304e-09,2.209304e-11
1.703610e+01,5.510555e-11,2.269390e-09,2.269390e-11
1.703888e+01,5.476484e-11,2.327172e-09,2.327172e-11
1.704166e+01,5.440598e-11,2.381571e-09,2.381571e-11
1.704445e+01,5.404774e-11,2.431559e-09,2.431559e-11
1.704723e+01,5.370752e-11,2.476181e-09,2.476181e-11
1.705002e+01,5.339989e-11,2.514591e-09,2.514591e-11
1.705280e+01,5.313697e-11,2.546077e-09,2.546077e-11
1.705558e+01,5.292736e-11,2.570083e-09,2.570083e-11
1.705837e+01,5.277478e-11,2.586207e-09,2.586207e-11
1.706115e+01,5.267898e-11,2.594205e-09,2.594205e-11
1.706393e+01,5.263483e-11,2.593988e-09,2.593988e-11
1.706672e+01,5.263251e-11,2.585606e-09,2.585606e-11
1.706950e+01,5.265888e-11,2.569238e-09,2.569238e-11
1.707229e+01,5.269711e-11,2.545161e-09,2.545161e-11
1.707507e+01,5.272794e-11,2.513730e-09,2.513730e-11
1.707785e+01,5.273083e-11,2.475366e-09,2.475366e-11
1.708064e+01,5.268483e-11,2.430531e-09,2.430531e-11
1.708342e+01,5.257044e-11,2.379733e-09,2.379733e-11
1.708620e+01,5.237048e-11,2.323519e-09,2.323519e-11
1.708899e+01,5.207030e-11,2.262478e-09,2.262478e-11
1.709177e+01,5.165866e-11,2.197243e-09,2.197243e-11
1.709455e+01,5.112845e-11,2.128505e-09,2.128505e-11
1.709734e+01,5.047620e-11,2.057010e-09,2.057010e-11
1.710012e+01,4.970202e-11,1.983560e-09,1.983560e-11
1.710291e+01,4.880919e-11,1.908994e-09,1.908994e-11
1.710569e+01,4.780344e-11,1.834165e-09,1.834165e-11
1.710847e+01,4.669257e-11,1.759914e-09,1.759914e-11
1.711126e+01,4.548574e-11,1.687030e-09,1.687030e-11
1.711404e+01,4.419380e-11,1.616222e-09,1.616222e-11
1.711682e+01,4.282828e-11,1.548056e-09,1.548056e-11
1.711961e+01,4.140031e-11,1.482928e-09,1.482928e-11
1.712239e+01,3.992285e-11,1.421084e-09,1.421084e-11
1.712518e+01,3.841046e-11,1.362624e-09,1.362624e-11
1.712796e+01,3.687708e-11,1.307499e-09,1.307499e-11
1.713074e+01,3.533771e-11,1.255569e-09,1.255569e-11
1.713353e+01,3.380916e-11,1.206673e-09,1.206673e-11
1.713631e+01,3.230929e-11,1.160659e-09,1.160659e-11
1.713909e+01,3.085658e-11,1.117409e-09,1.117409e-11
1.714188e+01,2.946995e-11,1.076866e-09,1.076866e-11
1.714466e+01,2.816919e-11,1.039020e-09,1.039020e-11
1.714744e+01,2.697353e-11,1.003900e-09,1.003900e-11
1.715023e+01,2.590218e-11,9.715683e-10,9.715683e-12
1.715301e+01,2.497364e-11,9.421127e-10,9.421127e-12
1.715580e+01,2.420477e-11,9.156735e-10,9.156735e-12
1.715858e+01,2.361188e-11,8.924981e-10,8.924981e-12
1.716136e+01,2.320854e-11,8.729418e-10,8.729418e-12
1.716415e+01,2.300560e-11,8.575087e-10,8.575087e-12
1.716693e+01,2.301191e-11,8.469197e-10,8.469197e-12
1.716971e+01,2.323290e-11,8.421011e-10,8.421011e-12
1.717250e+01,2.366994e-11,8.440927e-10,8.440927e-12
1.717528e+01,2.431998e-11,8.539291e-10,8.539291e-12
1.717806e+01,2.517610e-11,8.725162e-10,8.725162e-12
1.718085e+01,2.622658e-11,9.004799e-10,9.004799e-12
1.718363e+01,2.745418e-11,9.380288e-10,9.380288e-12
1.718642e+01,2.883690e-11,9.849021e-10,9.849021e-12
1.718920e+01,3.034819e-11,1.040407e-09,1.040407e-11
1.719198e+01,3.195738e-11,1.103492e-09,1.103492e-11
1.719477e+01,3.363017e-11,1.172831e-09,1.172831e-11
1.719755e+01,3.532970e-11,1.246915e-09,1.246915e-11
1.720033e+01,3.701789e-11,1.324130e-09,1.324130e-11
1.720312e+01,3.865612e-11,1.402804e-09,1.402804e-11
1.720590e+01,4.020702e-11,1.481260e-09,1.481260e-11
1.720869e+01,4.163677e-11,1.557868e-09,1.557868e-11
1.721147e+01,4.291518e-11,1.631063e-09,1.631063e-11
1.721425e+01,4.401680e-11,1.699371e-09,1.699371e-11
1.721704e+01,4.492297e-11,1.761443e-09,1.761443e-11
1.721982e+01,4.562163e-11,1.816084e-09,1.816084e-11
1.722260e+01,4.610729e-11,1.862261e-09,1.862261e-11
1.722539e+01,4.638164e-11,1.899124e-09,1.899124e-11
1.722817e+01,4.645309e-11,1.926021e-09,1.926021e-11
1.723095e+01,4.633524e-11,1.942513e-09,1.942513e-11
1.723374e+01,4.604586e-11,1.948367e-09,1.948367e-11
1.723652e+01,4.560595e-11,1.943574e-09,1.943574e-11
1.723931e+01,4.503854e-11,1.928374e-09,1.928374e-11
1.724209e+01,4.436666e-11,1.903243e-09,1.903243e-11
1.724487e+01,4.361264e-11,1.868913e-09,1.868913e-11
1.724766e+01,4.279728e-11,1.826370e-09,1.826370e-11
1.725044e+01,4.193848e-11,1.776853e-09,1.776853e-11
1.725322e+01,4.105139e-11,1.721842e-09,1.721842e-11
1.725601e+01,4.014847e-11,1.663021e-09,1.663021e-11
1.725879e+01,3.923921e-11,1.602201e-09,1.602201e-11
1.726158e+01,3.832946e-11,1.541254e-09,1.541254e-11
1.726436e+01,3.742326e-11,1.482009e-09,1.482009e-11
1.726714e+01,3.652314e-11,1.426118e-09,1.426118e-11
1.726993e+01,3.562982e-11,1.374933e-09,1.374933e-11
1.727271e+01,3.474380e-11,1.329393e-09,1.329393e-11
1.727549e+01,3.386560e-11,1.289921e-09,1.289921e-11
1.727828e+01,3.299656e-11,1.256424e-09,1.256424e-11
1.728106e+01,3.213860e-11,1.228318e-09,1.228318e-11
1.728384e+01,3.129482e-11,1.204624e-09,1.204624e-11
1.728663e+01,3.047130e-11,1.184169e-09,1.184169e-11
1.728941e+01,2.967557e-11,1.165734e-09,1.165734e-11
1.729220e+01,2.891683e-11,1.148186e-09,1.148186e-11
1.729498e+01,2.820691e-11,1.130615e-09,1.130615e-11
1.729776e+01,2.755849e-11,1.112408e-09,1.112408e-11
1.730055e+01,2.698519e-11,1.093287e-09,1.093287e-11
1.730333e+01,2.650177e-11,1.073324e-09,1.073324e-11
1.730611e+01,2.612192e-11,1.052938e-09,1.052938e-11
1.730890e+01,2.585860e-11,1.032856e-09,1.032856e-11
1.731168e+01,2.572252e-11,1.014049e-09,1.014049e-11
1.731447e+01,2.572023e-11,9.976412e-10,9.976412e-12
1.731725e+01,2.585563e-11,9.848184e-10,9.848184e-12
1.732003e+01,2.612781e-11,9.766833e-10,9.766833e-12
1.732282e+01,2.653040e-11,9.741064e-10,9.741064e-12
1.732560e+01,2.705253e-11,9.775971e-10,9.775971e-12
1.732838e+01,2.767808e-11,9.871957e-10,9.871957e-12
1.733117e+01,2.838575e-11,1.002434e-09,1.002434e-11
1.733395e+01,2.915093e-11,1.022383e-09,1.022383e-11
1.733673e+01,2.994599e-11,1.045754e-09,1.045754e-11
1.733952e+01,3.074042e-11,1.071014e-09,1.071014e-11
1.734230e+01,3.150339e-11,1.096545e-09,1.096545e-11
1.734509e+01,3.220496e-11,1.120789e-09,1.120789e-11
1.734787e+01,3.281690e-11,1.142333e-09,1.142333e-11
1.735065e+01,3.331407e-11,1.159976e-09,1.159976e-11
1.735344e+01,3.367582e-11,1.172794e-09,1.172794e-11
1.735622e+01,3.388704e-11,1.180161e-09,1.180161e-11
1.735900e+01,3.393852e-11,1.181755e-09,1.181755e-11
1.736179e+01,3.382726e-11,1.177536e-09,1.177536e-11
1.736457e+01,3.355639e-11,1.167718e-09,1.167718e-11
1.736735e+01,3.313475e-11,1.152751e-09,1.152751e-11
1.737014e+01,3.257744e-11,1.133278e-09,1.133278e-11
1.737292e+01,3.190348e-11,1.110066e-09,1.110066e-11
1.737571e+01,3.113466e-11,1.083960e-09,1.083960e-11
1.737849e+01,3.029564e-11,1.055844e-09,1.055844e-11
1.738127e+01,2.941172e-11,1.026592e-09,1.026592e-11
1.738406e+01,2.850813e-11,9.970289e-10,9.970289e-12
1.738684e+01,2.760908e-11,9.679027e-10,9.679027e-12
1.738962e+01,2.673697e-11,9.398535e-10,9.398535e-12
1.739241e+01,2.591179e-11,9.133879e-10,9.133879e-12
1.739519e+01,2.515023e-11,8.888862e-10,8.888862e-12
1.739798e+01,2.446630e-11,8.666168e-10,8.666168e-12
1.740076e+01,2.387084e-11,8.467341e-10,8.467341e-12
1.740354e+01,2.337137e-11,8.293027e-10,8.293027e-12
1.740633e+01,2.297254e-11,8.143367e-10,8.143367e-12
1.740911e+01,2.267547e-11,8.018342e-10,8.018342e-12
1.741189e+01,2.247909e-11,7.918273e-10,7.918273e-12
1.741468e+01,2.238026e-11,7.844128e-10,7.844128e-12
1.741746e+01,2.237306e-11,7.797570e-10,7.797570e-12
1.742024e+01,2.245006e-11,7.781036e-10,7.781036e-12
1.742303e+01,2.260254e-11,7.797366e-10,7.797366e-12
1.742581e+01,2.282045e-11,7.849191e-10,7.849191e-12
1.742860e+01,2.309338e-11,7.938302e-10,7.938302e-12
1.743138e+01,2.341058e-11,8.064702e-10,8.064702e-12
1.743416e+01,2.376131e-11,8.225968e-10,8.225968e-12
1.743695e+01,2.413602e-11,8.417047e-10,8.417047e-12
1.743973e+01,2.452563e-11,8.630254e-10,8.630254e-12
1.744251e+01,2.492213e-11,8.855999e-10,8.855999e-12
1.744530e+01,2.531982e-11,9.083714e-10,9.083714e-12
1.744808e+01,2.571419e-11,9.302545e-10,9.302545e-12
1.745087e+01,2.610207e-11,9.502414e-10,9.502414e-12
1.745365e+01,2.648270e-11,9.675155e-10,9.675155e-12
1.745643e+01,2.685654e-11,9.815075e-10,9.815075e-12
1.745922e+01,2.722508e-11,9.919257e-10,9.919257e-12
1.746200e+01,2.759114e-11,9.987795e-10,9.987795e-12
1.746478e+01,2.795725e-11,1.002374e-09,1.002374e-11
1.746757e+01,2.832612e-11,1.003289e-09,1.003289e-11
1.747035e+01,2.870060e-11,1.002351e-09,1.002351e-11
1.747313e+01,2.908238e-11,1.000538e-09,1.000538e-11
1.747592e+01,2.947167e-11,9.988832e-10,9.988832e-12
1.747870e+01,2.986799e-11,9.984209e-10,9.984209e-12
1.748149e+01,3.027002e-11,1.000099e-09,1.000099e-11
1.748427e+01,3.067485e-11,1.004652e-09,1.004652e-11
1.748705e+01,3.107907e-11,1.012543e-09,1.012543e-11
1.748984e+01,3.147898e-11,1.023965e-09,1.023965e-11
1.749262e+01,3.187114e-11,1.038830e-09,1.038830e-11
1.749540e+01,3.225230e-11,1.056769e-09,1.056769e-11
1.749819e+01,3.261910e-11,1.077203e-09,1.077203e-11
1.750097e+01,3.296882e-11,1.099420e-09,1.099420e-11
1.750376e+01,3.329906e-11,1.122642e-09,1.122642e-11
1.750654e+01,3.360792e-11,1.146085e-09,1.146085e-11
1.750932e+01,3.389331e-11,1.169010e-09,1.169010e-11
1.751211e+01,3.415260e-11,1.190745e-09,1.190745e-11
1.751489e+01,3.438258e-11,1.210711e-09,1.210711e-11
1.751767e+01,3.457978e-11,1.228440e-09,1.228440e-11
1.752046e+01,3.474020e-11,1.243558e-09,1.243558e-11
1.752324e+01,3.485870e-11,1.255770e-09,1.255770e-11
1.752602e+01,3.493071e-11,1.264866e-09,1.264866e-11
1.752881e+01,3.495255e-11,1.270721e-09,1.270721e-11
1.753159e+01,3.492078e-11,1.273270e-09,1.273270e-11
1.753438e+01,3.483318e-11,1.272517e-09,1.272517e-11
1.753716e+01,3.468978e-11,1.268567e-09,1.268567e-11
1.753994e+01,3.449267e-11,1.261641e-09,1.261641e-11
1.754273e+01,3.424569e-11,1.252063e-09,1.252063e-11
1.754551e+01,3.395487e-11,1.240291e-09,1.240291e-11
1.754829e+01,3.362845e-11,1.226933e-09,1.226933e-11
1.755108e+01,3.327529e-11,1.212704e-09,1.212704e-11
1.755386e+01,3.290494e-11,1.198400e-09,1.198400e-11
1.755664e+01,3.252766e-11,1.184882e-09,1.184882e-11
1.755943e+01,3.215308e-11,1.173012e-09,1.173012e-11
1.756221e+01,3.178978e-11,1.163561e-09,1.163561e-11
1.756500e+01,3.144503e-11,1.157146e-09,1.157146e-11
1.756778e+01,3.112476e-11,1.154164e-09,1.154164e-11
1.757056e+01,3.083319e-11,1.154713e-09,1.154713e-11
1.757335e+01,3.057326e-11,1.158548e-09,1.158548e-11
1.757613e+01,3.034644e-11,1.165103e-09,1.165103e-11
1.757891e+01,3.015324e-11,1.173515e-09,1.173515e-11
1.758170e+01,2.999394e-11,1.182668e-09,1.182668e-11
1.758448e+01,2.986829e-11,1.191297e-09,1.191297e-11
1.758727e+01,2.977633e-11,1.198096e-09,1.198096e-11
1.759005e+01,2.971863e-11,1.201808e-09,1.201808e-11
1.759283e+01,2.969625e-11,1.201320e-09,1.201320e-11
1.759562e+01,2.971080e-11,1.195766e-09,1.195766e-11
1.759840e+01,2.976451e-11,1.184638e-09,1.184638e-11
1.760118e+01,2.986056e-11,1.167888e-09,1.167888e-11
1.760397e+01,3.000222e-11,1.146007e-09,1.146007e-11
1.760675e+01,3.019326e-11,1.120119e-09,1.120119e-11
1.760953e+01,3.043788e-11,1.092048e-09,1.092048e-11
1.761232e+01,3.074005e-11,1.064330e-09,1.064330e-11
1.761510e+01,3.110336e-11,1.040127e-09,1.040127e-11
1.761789e+01,3.153151e-11,1.023016e-09,1.023016e-11
1.762067e+01,3.202837e-11,1.016552e-09,1.016552e-11
1.762345e+01,3.259699e-11,1.023647e-09,1.023647e-11
1.762624e+01,3.323978e-11,1.045974e-09,1.045974e-11
1.762902e+01,3.395916e-11,1.083618e-09,1.083618e-11
1.763180e+01,3.475627e-11,1.135095e-09,1.135095e-11
1.763459e+01,3.562970e-11,1.197740e-09,1.197740e-11
1.763737e+01,3.657673e-11,1.268264e-09,1.268264e-11
1.764016e+01,3.759263e-11,1.343245e-09,1.343245e-11
1.764294e+01,3.866891e-11,1.419456e-09,1.419456e-11
1.764572e+01,3.979325e-11,1.494041e-09,1.494041e-11
1.764851e+01,4.095054e-11,1.564589e-09,1.564589e-11
1.765129e+01,4.212310e-11,1.629174e-09,1.629174e-11
1.765407e+01,4.328954e-11,1.686314e-09,1.686314e-11
1.765686e+01,4.442620e-11,1.734893e-09,1.734893e-11
1.765964e+01,4.550832e-11,1.774121e-09,1.774121e-11
1.766242e+01,4.651090e-11,1.803518e-09,1.803518e-11
1.766521e+01,4.741028e-11,1.822880e-09,1.822880e-11
1.766799e+01,4.818456e-11,1.832232e-09,1.832232e-11
1.767078e+01,4.881521e-11,1.831827e-09,1.831827e-11
1.767356e+01,4.928793e-11,1.822129e-09,1.822129e-11
1.767634e+01,4.959206e-11,1.803774e-09,1.803774e-11
1.767913e+01,4.972168e-11,1.777561e-09,1.777561e-11
1.768191e+01,4.967604e-11,1.744444e-09,1.744444e-11
1.768469e+01,4.945833e-11,1.705467e-09,1.705467e-11
1.768748e+01,4.907541e-11,1.661711e-09,1.661711e-11
1.769026e+01,4.853789e-11,1.614277e-09,1.614277e-11
1.769304e+01,4.785907e-11,1.564256e-09,1.564256e-11
1.769583e+01,4.705457e-11,1.512695e-09,1.512695e-11
1.769861e+01,4.614150e-11,1.460558e-09,1.460558e-11
1.770140e+01,4.513721e-11,1.408714e-09,1.408714e-11
1.770418e+01,4.406058e-11,1.357962e-09,1.357962e-11
1.770696e+01,4.293128e-11,1.309007e-09,1.309007e-11
1.770975e+01,4.176797e-11,1.262417e-09,1.262417e-11
1.771253e+01,4.058941e-11,1.218627e-09,1.218627e-11
1.771531e+01,3.941439e-11,1.177933e-09,1.177933e-11
1.771810e+01,3.826007e-11,1.140431e-09,1.140431e-11
1.772088e+01,3.714245e-11,1.106019e-09,1.106019e-11
1.772367e+01,3.607650e-11,1.074428e-09,1.074428e-11
1.772645e+01,3.507553e-11,1.045251e-09,1.045251e-11
1.772923e+01,3.415096e-11,1.018029e-09,1.018029e-11
1.773202e+01,3.331224e-11,9.923213e-10,9.923213e-12
1.773480e+01,3.256745e-11,9.678108e-10,9.678108e-12
1.773758e+01,3.192233e-11,9.443758e-10,9.443758e-12
1.774037e+01,3.138079e-11,9.221501e-10,9.221501e-12
1.774315e+01,3.094604e-11,9.016026e-10,9.016026e-12
1.774593e+01,3.061977e-11,8.835336e-10,8.835336e-12
1.774872e+01,3.040311e-11,8.690338e-10,8.690338e-12
1.775150e+01,3.029688e-11,8.594384e-10,8.594384e-12
1.775429e+01,3.030113e-11,8.562121e-10,8.562121e-12
1.775707e+01,3.041622e-11,8.607838e-10,8.607838e-12
1.775985e+01,3.064249e-11,8.743510e-10,8.743510e-12
1.776264e+01,3.097972e-11,8.977001e-10,8.977001e-12
1.776542e+01,3.142739e-11,9.310821e-10,9.310821e-12
1.776820e+01,3.198359e-11,9.741610e-10,9.741610e-12
1.777099e+01,3.264452e-11,1.026081e-09,1.026081e-11
1.777377e+01,3.340486e-11,1.085601e-09,1.085601e-11
1.777656e+01,3.425599e-11,1.151213e-09,1.151213e-11
1.777934e+01,3.518607e-11,1.221296e-09,1.221296e-11
1.778212e+01,3.618100e-11,1.294251e-09,1.294251e-11
1.778491e+01,3.722313e-11,1.368543e-09,1.368543e-11
1.778769e+01,3.829168e-11,1.442745e-09,1.442745e-11
1.779047e+01,3.936409e-11,1.515586e-09,1.515586e-11
1.779326e+01,4.041727e-11,1.585968e-09,1.585968e-11
1.779604e+01,4.142729e-11,1.652934e-09,1.652934e-11
1.779882e+01,4.236973e-11,1.715658e-09,1.715658e-11
1.780161e+01,4.322359e-11,1.773444e-09,1.773444e-11
1.780439e+01,4.397066e-11,1.825703e-09,1.825703e-11
1.780718e+01,4.459516e-11,1.871917e-09,1.871917e-11
1.780996e+01,4.508515e-11,1.911619e-09,1.911619e-11
1.781274e+01,4.543158e-11,1.944391e-09,1.944391e-11
1.781553e+01,4.563064e-11,1.969865e-09,1.969865e-11
1.781831e+01,4.568279e-11,1.987727e-09,1.987727e-11
1.782109e+01,4.559075e-11,1.997722e-09,1.997722e-11
1.782388e+01,4.536071e-11,1.999676e-09,1.999676e-11
1.782666e+01,4.500164e-11,1.993515e-09,1.993515e-11
1.782945e+01,4.452452e-11,1.979291e-09,1.979291e-11
1.783223e+01,4.394279e-11,1.957205e-09,1.957205e-11
1.783501e+01,4.327177e-11,1.927613e-09,1.927613e-11
1.783780e+01,4.252700e-11,1.891024e-09,1.891024e-11
1.784058e+01,4.172500e-11,1.848098e-09,1.848098e-11
1.784336e+01,4.088338e-11,1.799638e-09,1.799638e-11
1.784615e+01,4.001931e-11,1.746572e-09,1.746572e-11
1.784893e+01,3.914861e-11,1.689902e-09,1.689902e-11
1.785171e+01,3.828567e-11,1.630692e-09,1.630692e-11
1.785450e+01,3.744346e-11,1.570043e-09,1.570043e-11
1.785728e+01,3.663287e-11,1.509061e-09,1.509061e-11
1.786007e+01,3.586116e-11,1.448821e-09,1.448821e-11
1.786285e+01,3.513168e-11,1.390338e-09,1.390338e-11
1.786563e+01,3.444548e-11,1.334558e-09,1.334558e-11
1.786842e+01,3.380000e-11,1.282307e-09,1.282307e-11
1.787120e+01,3.318944e-11,1.234275e-09,1.234275e-11
1.787398e+01,3.260639e-11,1.190976e-09,1.190976e-11
1.787677e+01,3.204099e-11,1.152702e-09,1.152702e-11
1.787955e+01,3.148211e-11,1.119498e-09,1.119498e-11
1.788233e+01,3.091950e-11,1.091176e-09,1.091176e-11
1.788512e+01,3.034383e-11,1.067333e-09,1.067333e-11
1.788790e+01,2.974704e-11,1.047386e-09,1.047386e-11
1.789069e+01,2.912419e-11,1.030628e-09,1.030628e-11
1.789347e+01,2.847334e-11,1.016309e-09,1.016309e-11
1.789625e+01,2.779600e-11,1.003708e-09,1.003708e-11
1.789904e+01,2.709711e-11,9.921688e-10,9.921688e-12
1.790182e+01,2.638512e-11,9.811403e-10,9.811403e-12
1.790460e+01,2.567238e-11,9.702051e-10,9.702051e-12
1.790739e+01,2.497280e-11,9.590513e-10,9.590513e-12
1.791017e+01,2.430245e-11,9.474753e-10,9.474753e-12
1.791296e+01,2.367893e-11,9.353927e-10,9.353927e-12
1.791574e+01,2.311935e-11,9.227933e-10,9.227933e-12
1.791852e+01,2.264028e-11,9.097233e-10,9.097233e-12
1.792131e+01,2.225653e-11,8.963191e-10,8.963191e-12
1.792409e+01,2.198081e-11,8.828228e-10,8.828228e-12
1.792687e+01,2.182341e-11,8.695730e-10,8.695730e-12
1.792966e+01,2.179111e-11,8.570163e-10,8.570163e-12
1.793244e+01,2.188743e-11,8.457166e-10,8.457166e-12
1.793522e+01,2.211237e-11,8.363297e-10,8.363297e-12
1.793801e+01,2.246211e-11,8.295665e-10,8.295665e-12
1.794079e+01,2.293000e-11,8.261387e-10,8.261387e-12
1.794358e+01,2.350581e-11,8.266619e-10,8.266619e-12
1.794636e+01,2.417558e-11,8.315538e-10,8.315538e-12
1.794914e+01,2.492279e-11,8.409660e-10,8.409660e-12
1.795193e+01,2.572829e-11,8.547300e-10,8.547300e-12
1.795471e+01,2.657090e-11,8.723283e-10,8.723283e-12
1.795749e+01,2.742750e-11,8.929399e-10,8.929399e-12
1.796028e+01,2.827372e-11,9.155182e-10,9.155182e-12
1.796306e+01,2.908579e-11,9.388689e-10,9.388689e-12
1.796585e+01,2.984021e-11,9.617517e-10,9.617517e-12
1.796863e+01,3.051460e-11,9.829730e-10,9.829730e-12
1.797141e+01,3.108930e-11,1.001442e-09,1.001442e-11
1.797420e+01,3.154717e-11,1.016224e-09,1.016224e-11
1.797698e+01,3.187542e-11,1.026604e-09,1.026604e-11
1.797976e+01,3.206614e-11,1.032120e-09,1.032120e-11
1.798255e+01,3.211503e-11,1.032537e-09,1.032537e-11
1.798533e+01,3.202268e-11,1.027849e-09,1.027849e-11
1.798811e+01,3.179476e-11,1.018282e-09,1.018282e-11
1.799090e+01,3.144133e-11,1.004278e-09,1.004278e-11
1.799368e+01,3.097656e-11,9.864466e-10,9.864466e-12
1.799647e+01,3.041719e-11,9.655114e-10,9.655114e-12
1.799925e+01,2.978270e-11,9.422914e-10,9.422914e-12
1.800203e+01,2.909521e-11,9.176744e-10,9.176744e-12
1.800482e+01,2.837677e-11,8.925434e-10,8.925434e-12
1.800760e+01,2.764921e-11,8.677489e-10,8.677489e-12
1.801038e+01,2.693457e-11,8.441120e-10,8.441120e-12
1.801317e+01,2.625324e-11,8.223795e-10,8.223795e-12
1.801595e+01,2.562303e-11,8.032075e-10,8.032075e-12
1.801874e+01,2.506000e-11,7.871760e-10,7.871760e-12
1.802152e+01,2.457747e-11,7.747575e-10,7.747575e-12
1.802430e+01,2.418518e-11,7.662940e-10,7.662940e-12
1.802709e+01,2.389034e-11,7.620084e-10,7.620084e-12
1.802987e+01,2.369761e-11,7.620008e-10,7.620008e-12
1.803265e+01,2.360914e-11,7.662293e-10,7.662293e-12
1.803544e+01,2.362398e-11,7.744966e-10,7.744966e-12
1.803822e+01,2.373881e-11,7.864681e-10,7.864681e-12
1.804100e+01,2.394915e-11,8.016989e-10,8.016989e-12
1.804379e+01,2.424828e-11,8.196439e-10,8.196439e-12
1.804657e+01,2.462793e-11,8.396785e-10,8.396785e-12
1.804936e+01,2.507831e-11,8.611363e-10,8.611363e-12
1.805214e+01,2.558832e-11,8.833517e-10,8.833517e-12
1.805492e+01,2.614643e-11,9.056754e-10,9.056754e-12
1.805771e+01,2.673961e-11,9.274945e-10,9.274945e-12
1.806049e+01,2.735468e-11,9.482721e-10,9.482721e-12
1.806327e+01,2.797901e-11,9.675527e-10,9.675527e-12
1.806606e+01,2.860003e-11,9.849737e-10,9.849737e-12
1.806884e+01,2.920630e-11,1.000279e-09,1.000279e-11
1.807162e+01,2.978728e-11,1.013319e-09,1.013319e-11
1.807441e+01,3.033508e-11,1.024076e-09,1.024076e-11
1.807719e+01,3.084427e-11,1.032648e-09,1.032648e-11
1.807998e+01,3.131054e-11,1.039212e-09,1.039212e-11
1.808276e+01,3.173279e-11,1.044045e-09,1.044045e-11
1.808554e+01,3.211220e-11,1.047520e-09,1.047520e-11
1.808833e+01,3.245145e-11,1.050049e-09,1.050049e-11
1.809111e+01,3.275462e-11,1.052056e-09,1.052056e-11
1.809389e+01,3.302653e-11,1.053963e-09,1.053963e-11
1.809668e+01,3.327269e-11,1.056170e-09,1.056170e-11
1.809946e+01,3.349828e-11,1.058981e-09,1.058981e-11
1.810225e+01,3.370815e-11,1.062595e-09,1.062595e-11
1.810503e+01,3.390674e-11,1.067099e-09,1.067099e-11
1.810781e+01,3.409627e-11,1.072425e-09,1.072425e-11
1.811060e+01,3.427757e-11,1.078357e-09,1.078357e-11
1.811338e+01,3.445162e-11,1.084589e-09,1.084589e-11
1.811616e+01,3.461725e-11,1.090708e-09,1.090708e-11
1.811895e+01,3.477171e-11,1.096249e-09,1.096249e-11
1.812173e+01,3.491312e-11,1.100768e-09,1.100768e-11
1.812451e+01,3.503821e-11,1.103863e-09,1.103863e-11
1.812730e+01,3.514254e-11,1.105203e-09,1.105203e-11
1.813008e+01,3.522328e-11,1.104575e-09,1.104575e-11
1.813287e+01,3.527762e-11,1.101894e-09,1.101894e-11
1.813565e+01,3.530234e-11,1.097186e-09,1.097186e-11
1.813843e+01,3.529489e-11,1.090560e-09,1.090560e-11
1.814122e+01,3.525375e-11,1.082238e-09,1.082238e-11
1.814400e+01,3.517863e-11,1.072543e-09,1.072543e-11
1.814678e+01,3.506995e-11,1.061849e-09,1.061849e-11
1.814957e+01,3.492859e-11,1.050573e-09,1.050573e-11
1.815235e+01,3.475662e-11,1.039170e-09,1.039170e-11
1.815514e+01,3.455755e-11,1.028167e-09,1.028167e-11
1.815792e+01,3.433647e-11,1.018161e-09,1.018161e-11
1.816070e+01,3.409956e-11,1.009756e-09,1.009756e-11
1.816349e+01,3.385383e-11,1.003565e-09,1.003565e-11
1.816627e+01,3.360825e-11,1.000206e-09,1.000206e-11
1.816905e+01,3.337274e-11,1.000236e-09,1.000236e-11
1.817184e+01,3.315747e-11,1.004084e-09,1.004084e-11
1.817462e+01,3.297353e-11,1.012035e-09,1.012035e-11
1.817740e+01,3.283218e-11,1.024180e-09,1.024180e-11
1.818019e+01,3.274314e-11,1.040379e-09,1.040379e-11
1.818297e+01,3.271514e-11,1.060278e-09,1.060278e-11
1.818576e+01,3.275541e-11,1.083334e-09,1.083334e-11
1.818854e+01,3.286830e-11,1.108831e-09,1.108831e-11
1.819132e+01,3.305557e-11,1.135917e-09,1.135917e-11
1.819411e+01,3.331598e-11,1.163644e-09,1.163644e-11
1.819689e+01,3.364583e-11,1.191033e-09,1.191033e-11
1.819967e+01,3.403875e-11,1.217111e-09,1.217111e-11
1.820246e+01,3.448615e-11,1.240959e-09,1.240959e-11
1.820524e+01,3.497900e-11,1.261792e-09,1.261792e-11
1.820803e+01,3.550709e-11,1.278990e-09,1.278990e-11
1.821081e+01,3.605942e-11,1.292142e-09,1.292142e-11
1.821359e+01,3.662629e-11,1.301122e-09,1.301122e-11
1.821638e+01,3.719920e-11,1.306110e-09,1.306110e-11
1.821916e+01,3.777031e-11,1.307570e-09,1.307570e-11
1.822194e+01,3.833324e-11,1.306252e-09,1.306252e-11
1.822473e+01,3.888304e-11,1.303162e-09,1.303162e-11
1.822751e+01,3.941602e-11,1.299458e-09,1.299458e-11
1.823029e+01,3.992957e-11,1.296381e-09,1.296381e-11
1.823308e+01,4.042193e-11,1.295160e-09,1.295160e-11
1.823586e+01,4.089267e-11,1.296896e-09,1.296896e-11
1.823865e+01,4.134226e-11,1.302477e-09,1.302477e-11
1.824143e+01,4.177140e-11,1.312505e-09,1.312505e-11
1.824421e+01,4.218192e-11,1.327265e-09,1.327265e-11
1.824700e+01,4.257697e-11,1.346745e-09,1.346745e-11
1.824978e+01,4.295962e-11,1.370666e-09,1.370666e-11
1.825256e+01,4.333403e-11,1.398550e-09,1.398550e-11
1.825535e+01,4.370579e-11,1.429797e-09,1.429797e-11
1.825813e+01,4.407975e-11,1.463733e-09,1.463733e-11
1.826091e+01,4.446078e-11,1.499647e-09,1.499647e-11
1.826370e+01,4.485414e-11,1.536827e-09,1.536827e-11
1.826648e+01,4.526350e-11,1.574567e-09,1.574567e-11
1.826927e+01,4.569078e-11,1.612168e-09,1.612168e-11
1.827205e+01,4.613703e-11,1.648939e-09,1.648939e-11
1.827483e+01,4.660079e-11,1.684187e-09,1.684187e-11
1.827762e+01,4.707846e-11,1.717225e-09,1.717225e-11
1.828040e+01,4.756437e-11,1.747374e-09,1.747374e-11
1.828318e+01,4.805061e-11,1.773972e-09,1.773972e-11
1.828597e+01,4.852845e-11,1.796394e-09,1.796394e-11
1.828875e+01,4.898690e-11,1.814088e-09,1.814088e-11
1.829154e+01,4.941455e-11,1.826602e-09,1.826602e-11
1.829432e+01,4.980106e-11,1.833609e-09,1.833609e-11
1.829710e+01,5.013579e-11,1.834922e-09,1.834922e-11
1.829989e+01,5.040973e-11,1.830529e-09,1.830529e-11
1.830267e+01,5.061591e-11,1.820615e-09,1.820615e-11
1.830545e+01,5.074848e-11,1.805546e-09,1.805546e-11
1.830824e+01,5.080340e-11,1.785858e-09,1.785858e-11
1.831102e+01,5.077907e-11,1.762277e-09,1.762277e-11
1.831380e+01,5.067532e-11,1.735679e-09,1.735679e-11
1.831659e+01,5.049292e-11,1.707011e-09,1.707011e-11
1.831937e+01,5.023435e-11,1.677268e-09,1.677268e-11
1.832216e+01,4.990293e-11,1.647431e-09,1.647431e-11
1.832494e+01,4.950231e-11,1.618353e-09,1.618353e-11
1.832772e+01,4.903664e-11,1.590710e-09,1.590710e-11
1.833051e+01,4.851105e-11,1.564944e-09,1.564944e-11
1.833329e+01,4.793074e-11,1.541204e-09,1.541204e-11
1.833607e+01,4.730181e-11,1.519367e-09,1.519367e-11
1.833886e+01,4.663239e-11,1.499105e-09,1.499105e-11
1.834164e+01,4.593079e-11,1.479936e-09,1.479936e-11
1.834443e+01,4.520687e-11,1.461323e-09,1.461323e-11
1.834721e+01,4.447231e-11,1.442810e-09,1.442810e-11
1.834999e+01,4.373941e-11,1.424082e-09,1.424082e-11
1.835278e+01,4.302060e-11,1.404999e-09,1.404999e-11
1.835556e+01,4.232839e-11,1.385680e-09,1.385680e-11
1.835834e+01,4.167607e-11,1.366544e-09,1.366544e-11
1.836113e+01,4.107588e-11,1.348233e-09,1.348233e-11
1.836391e+01,4.053826e-11,1.331577e-09,1.331577e-11
1.836669e+01,4.007267e-11,1.317565e-09,1.317565e-11
1.836948e+01,3.968706e-11,1.307254e-09,1.307254e-11
1.837226e+01,3.938757e-11,1.301683e-09,1.301683e-11
1.837505e+01,3.917951e-11,1.301823e-09,1.301823e-11
1.837783e+01,3.906753e-11,1.308482e-09,1.308482e-11
1.838061e+01,3.905519e-11,1.322225e-09,1.322225e-11
1.838340e+01,3.914504e-11,1.343334e-09,1.343334e-11
1.838618e+01,3.933898e-11,1.371781e-09,1.371781e-11
1.838896e+01,3.963832e-11,1.407246e-09,1.407246e-11
1.839175e+01,4.004253e-11,1.449148e-09,1.449148e-11
1.839453e+01,4.054929e-11,1.496704e-09,1.496704e-11
1.839732e+01,4.115494e-11,1.548987e-09,1.548987e-11
1.840010e+01,4.185289e-11,1.604966e-09,1.604966e-11
1.840288e+01,4.263243e-11,1.663532e-09,1.663532e-11
1.840567e+01,4.347952e-11,1.723521e-09,1.723521e-11
1.840845e+01,4.437707e-11,1.783733e-09,1.783733e-11
1.841123e+01,4.530383e-11,1.842939e-09,1.842939e-11
1.841402e+01,4.623536e-11,1.899868e-09,1.899868e-11
1.841680e+01,4.714486e-11,1.953220e-09,1.953220e-11
1.841958e+01,4.800446e-11,2.001692e-09,2.001692e-11
1.842237e+01,4.878601e-11,2.044013e-09,2.044013e-11
1.842515e+01,4.946188e-11,2.078977e-09,2.078977e-11
1.842794e+01,5.000696e-11,2.105490e-09,2.105490e-11
1.843072e+01,5.039930e-11,2.122629e-09,2.122629e-11
1.843350e+01,5.062190e-11,2.129684e-09,2.129684e-11
1.843629e+01,5.066250e-11,2.126190e-09,2.126190e-11
1.843907e+01,5.051389e-11,2.111944e-09,2.111944e-11
1.844185e+01,5.017570e-11,2.087020e-09,2.087020e-11
1.844464e+01,4.965328e-11,2.051767e-09,2.051767e-11
1.844742e+01,4.895686e-11,2.006787e-09,2.006787e-11
1.845020e+01,4.810223e-11,1.952920e-09,1.952920e-11
1.845299e+01,4.710963e-11,1.891209e-09,1.891209e-11
1.845577e+01,4.600177e-11,1.822873e-09,1.822873e-11
1.845856e+01,4.480421e-11,1.749280e-09,1.749280e-11
1.846134e+01,4.354422e-11,1.671914e-09,1.671914e-11
1.846412e+01,4.224909e-11,1.592355e-09,1.592355e-11
1.846691e+01,4.094601e-11,1.512256e-09,1.512256e-11
1.846969e+01,3.966096e-11,1.433306e-09,1.433306e-11
1.847247e+01,3.841772e-11,1.357197e-09,1.357197e-11
1.847526e+01,3.723752e-11,1.285584e-09,1.285584e-11
1.847804e+01,3.613847e-11,1.220004e-09,1.220004e-11
1.848083e+01,3.513474e-11,1.161798e-09,1.161798e-11
1.848361e+01,3.423608e-11,1.111999e-09,1.111999e-11
1.848639e+01,3.344746e-11,1.071201e-09,1.071201e-11
1.848918e+01,3.276913e-11,1.039470e-09,1.039470e-11
1.849196e+01,3.219684e-11,1.016293e-09,1.016293e-11
1.849474e+01,3.172201e-11,1.000600e-09,1.000600e-11
1.849753e+01,3.133148e-11,9.908691e-10,9.908691e-12
1.850031e+01,3.100911e-11,9.852825e-10,9.852825e-12
1.850309e+01,3.073749e-11,9.819194e-10,9.819194e-12
1.850588e+01,3.049798e-11,9.789121e-10,9.789121e-12
1.850866e+01,3.027290e-11,9.745915e-10,9.745915e-12
1.851145e+01,3.004661e-11,9.676066e-10,9.676066e-12
1.851423e+01,2.980604e-11,9.569805e-10,9.569805e-12
1.851701e+01,2.954333e-11,9.421733e-10,9.421733e-12
1.851980e+01,2.925582e-11,9.231214e-10,9.231214e-12
1.852258e+01,2.894544e-11,9.002298e-10,9.002298e-12
1.852536e+01,2.862031e-11,8.743927e-10,8.743927e-12
1.852815e+01,2.829362e-11,8.469820e-10,8.469820e-12
1.853093e+01,2.798192e-11,8.197646e-10,8.197646e-12
1.853372e+01,2.770461e-11,7.948127e-10,7.948127e-12
1.853650e+01,2.748351e-11,7.743614e-10,7.743614e-12
1.853928e+01,2.734064e-11,7.605422e-10,7.605422e-12
1.854207e+01,2.729677e-11,7.550698e-10,7.550698e-12
1.854485e+01,2.737041e-11,7.589879e-10,7.589879e-12
1.854763e+01,2.757545e-11,7.724928e-10,7.724928e-12
1.855042e+01,2.792099e-11,7.949637e-10,7.949637e-12
1.855320e+01,2.841191e-11,8.252237e-10,8.252237e-12
1.855598e+01,2.904717e-11,8.617875e-10,8.617875e-12
1.855877e+01,2.981842e-11,9.030669e-10,9.030669e-12
1.856155e+01,3.071187e-11,9.476063e-10,9.476063e-12
1.856434e+01,3.170872e-11,9.941802e-10,9.941802e-12
1.856712e+01,3.278488e-11,1.041748e-09,1.041748e-11
1.856990e+01,3.391218e-11,1.089410e-09,1.089410e-11
1.857269e+01,3.505922e-11,1.136384e-09,1.136384e-11
1.857547e+01,3.619444e-11,1.181949e-09,1.181949e-11
1.857825e+01,3.728505e-11,1.225340e-09,1.225340e-11
1.858104e+01,3.829799e-11,1.265741e-09,1.265741e-11
1.858382e+01,3.920404e-11,1.302334e-09,1.302334e-11
1.858661e+01,3.997626e-11,1.334274e-09,1.334274e-11
1.858939e+01,4.059192e-11,1.360728e-09,1.360728e-11
1.859217e+01,4.103428e-11,1.380959e-09,1.380959e-11
1.859496e+01,4.129142e-11,1.394355e-09,1.394355e-11
1.859774e+01,4.135781e-11,1.400457e-09,1.400457e-11
1.860052e+01,4.123427e-11,1.399022e-09,1.399022e-11
1.860331e+01,4.092794e-11,1.390064e-09,1.390064e-11
1.860609e+01,4.045249e-11,1.373849e-09,1.373849e-11
1.860887e+01,3.982623e-11,1.350877e-09,1.350877e-11
1.861166e+01,3.907229e-11,1.321870e-09,1.321870e-11
1.861444e+01,3.821811e-11,1.287761e-09,1.287761e-11
1.861723e+01,3.729365e-11,1.249658e-09,1.249658e-11
1.862001e+01,3.633010e-11,1.208778e-09,1.208778e-11
1.862279e+01,3.535863e-11,1.166377e-09,1.166377e-11
1.862558e+01,3.440956e-11,1.123732e-09,1.123732e-11
1.862836e+01,3.351110e-11,1.082111e-09,1.082111e-11
1.863114e+01,3.268832e-11,1.042697e-09,1.042697e-11
1.863393e+01,3.196164e-11,1.006540e-09,1.006540e-11
1.863671e+01,3.134686e-11,9.745681e-10,9.745681e-12
1.863949e+01,3.085518e-11,9.475670e-10,9.475670e-12
1.864228e+01,3.049207e-11,9.261197e-10,9.261197e-12
1.864506e+01,3.025795e-11,9.106228e-10,9.106228e-12
1.864785e+01,3.014972e-11,9.012878e-10,9.012878e-12
1.865063e+01,3.015986e-11,8.980826e-10,8.980826e-12
1.865341e+01,3.027663e-11,9.007334e-10,9.007334e-12
1.865620e+01,3.048660e-11,9.087402e-10,9.087402e-12
1.865898e+01,3.077459e-11,9.213794e-10,9.213794e-12
1.866176e+01,3.112401e-11,9.377433e-10,9.377433e-12
1.866455e+01,3.151746e-11,9.567659e-10,9.567659e-12
1.866733e+01,3.193711e-11,9.772812e-10,9.772812e-12
1.867012e+01,3.236643e-11,9.981197e-10,9.981197e-12
1.867290e+01,3.278926e-11,1.018163e-09,1.018163e-11
1.867568e+01,3.319053e-11,1.036381e-09,1.036381e-11
1.867847e+01,3.355665e-11,1.051891e-09,1.051891e-11
1.868125e+01,3.387489e-11,1.064016e-09,1.064016e-11
1.868403e+01,3.413530e-11,1.072315e-09,1.072315e-11
1.868682e+01,3.432931e-11,1.076584e-09,1.076584e-11
1.868960e+01,3.444990e-11,1.076861e-09,1.076861e-11
1.869238e+01,3.449342e-11,1.073423e-09,1.073423e-11
1.869517e+01,3.445777e-11,1.066739e-09,1.066739e-11
1.869795e+01,3.434219e-11,1.057421e-09,1.057421e-11
1.870074e+01,3.414924e-11,1.046209e-09,1.046209e-11
1.870352e+01,3.388424e-11,1.033898e-09,1.033898e-11
1.870630e+01,3.355393e-11,1.021251e-09,1.021251e-11
1.870909e+01,3.316768e-11,1.008973e-09,1.008973e-11
1.871187e+01,3.273708e-11,9.976653e-10,9.976653e-12
1.871465e+01,3.227497e-11,9.877901e-10,9.877901e-12
1.871744e+01,3.179585e-11,9.796808e-10,9.796808e-12
1.872022e+01,3.131472e-11,9.735489e-10,9.735489e-12
1.872301e+01,3.084647e-11,9.695324e-10,9.695324e-12
1.872579e+01,3.040652e-11,9.677543e-10,9.677543e-12
1.872857e+01,3.000939e-11,9.683489e-10,9.683489e-12
1.873136e+01,2.966743e-11,9.714882e-10,9.714882e-12
1.873414e+01,2.939116e-11,9.773808e-10,9.773808e-12
1.873692e+01,2.918834e-11,9.862594e-10,9.862594e-12
1.873971e+01,2.906366e-11,9.983628e-10,9.983628e-12
1.874249e+01,2.901931e-11,1.013858e-09,1.013858e-11
1.874527e+01,2.905467e-11,1.032771e-09,1.032771e-11
1.874806e+01,2.916605e-11,1.054946e-09,1.054946e-11
1.875084e+01,2.934709e-11,1.080003e-09,1.080003e-11
1.875363e+01,2.958896e-11,1.107324e-09,1.107324e-11
1.875641e+01,2.988061e-11,1.136089e-09,1.136089e-11
1.875919e+01,3.020983e-11,1.165322e-09,1.165322e-11
1.876198e+01,3.056308e-11,1.193941e-09,1.193941e-11
1.876476e+01,3.092530e-11,1.220836e-09,1.220836e-11
1.876754e+01,3.128103e-11,1.244943e-09,1.244943e-11
1.877033e+01,3.161504e-11,1.265319e-09,1.265319e-11
1.877311e+01,3.191311e-11,1.281183e-09,1.281183e-11
1.877589e+01,3.216122e-11,1.291942e-09,1.291942e-11
1.877868e+01,3.234696e-11,1.297214e-09,1.297214e-11
1.878146e+01,3.246055e-11,1.296836e-09,1.296836e-11
1.878425e+01,3.249457e-11,1.290851e-09,1.290851e-11
1.878703e+01,3.244515e-11,1.279495e-09,1.279495e-11
1.878981e+01,3.231151e-11,1.263171e-09,1.263171e-11
1.879260e+01,3.209639e-11,1.242427e-09,1.242427e-11
1.879538e+01,3.180655e-11,1.217927e-09,1.217927e-11
1.879816e+01,3.145142e-11,1.190427e-09,1.190427e-11
1.880095e+01,3.104331e-11,1.160763e-09,1.160763e-11
1.880373e+01,3.059721e-11,1.129824e-09,1.129824e-11
1.880652e+01,3.012945e-11,1.098519e-09,1.098519e-11
1.880930e+01,2.965728e-11,1.067762e-09,1.067762e-11
1.881208e+01,2.919824e-11,1.038441e-09,1.038441e-11
1.881487e+01,2.876958e-11,1.011375e-09,1.011375e-11
1.881765e+01,2.838740e-11,9.872786e-10,9.872786e-12
1.882043e+01,2.806601e-11,9.667391e-10,9.667391e-12
1.882322e+01,2.781827e-11,9.501946e-10,9.501946e-12
1.882600e+01,2.765456e-11,9.379253e-10,9.379253e-12
1.882878e+01,2.758278e-11,9.300754e-10,9.300754e-12
1.883157e+01,2.760938e-11,9.266829e-10,9.266829e-12
1.883435e+01,2.773871e-11,9.276925e-10,9.276925e-12
1.883714e+01,2.797236e-11,9.329856e-10,9.329856e-12
1.883992e+01,2.831022e-11,9.424264e-10,9.424264e-12
1.884270e+01,2.875007e-11,9.558531e-10,9.558531e-12
1.884549e+01,2.928763e-11,9.730818e-10,9.730818e-12
1.884827e+01,2.991683e-11,9.939331e-10,9.939331e-12
1.885105e+01,3.062907e-11,1.018194e-09,1.018194e-11
1.885384e+01,3.141400e-11,1.045584e-09,1.045584e-11
1.885662e+01,3.225891e-11,1.075746e-09,1.075746e-11
1.885941e+01,3.314801e-11,1.108217e-09,1.108217e-11
1.886219e+01,3.406407e-11,1.142425e-09,1.142425e-11
1.886497e+01,3.498858e-11,1.177692e-09,1.177692e-11
1.886776e+01,3.590069e-11,1.213212e-09,1.213212e-11
1.887054e+01,3.677925e-11,1.248071e-09,1.248071e-11
1.887332e+01,3.760346e-11,1.281295e-09,1.281295e-11
1.887611e+01,3.835275e-11,1.311898e-09,1.311898e-11
1.887889e+01,3.900906e-11,1.338949e-09,1.338949e-11
1.888167e+01,3.955708e-11,1.361635e-09,1.361635e-11
1.888446e+01,3.998379e-11,1.379320e-09,1.379320e-11
1.888724e+01,4.028044e-11,1.391588e-09,1.391588e-11
1.889003e+01,4.044271e-11,1.398270e-09,1.398270e-11
1.889281e+01,4.046928e-11,1.399459e-09,1.399459e-11
1.889559e+01,4.036305e-11,1.395512e-09,1.395512e-11
1.889838e+01,4.013063e-11,1.387021e-09,1.387021e-11
1.890116e+01,3.978127e-11,1.374739e-09,1.374739e-11
1.890394e+01,3.932592e-11,1.359520e-09,1.359520e-11
1.890673e+01,3.877669e-11,1.342259e-09,1.342259e-11
1.890951e+01,3.814776e-11,1.323851e-09,1.323851e-11
1.891230e+01,3.745384e-11,1.305106e-09,1.305106e-11
1.891508e+01,3.670902e-11,1.286689e-09,1.286689e-11
1.891786e+01,3.592790e-11,1.269114e-09,1.269114e-11
1.892065e+01,3.512481e-11,1.252727e-09,1.252727e-11
1.892343e+01,3.431368e-11,1.237690e-09,1.237690e-11
1.892621e+01,3.350823e-11,1.223999e-09,1.223999e-11
1.892900e+01,3.272045e-11,1.211516e-09,1.211516e-11
1.893178e+01,3.196194e-11,1.199997e-09,1.199997e-11
1.893456e+01,3.124357e-11,1.189141e-09,1.189141e-11
1.893735e+01,3.057331e-11,1.178628e-09,1.178628e-11
1.894013e+01,2.995784e-11,1.168153e-09,1.168153e-11
1.894292e+01,2.940137e-11,1.157473e-09,1.157473e-11
1.894570e+01,2.890573e-11,1.146430e-09,1.146430e-11
1.894848e+01,2.847138e-11,1.134974e-09,1.134974e-11
1.895127e+01,2.809553e-11,1.123155e-09,1.123155e-11
1.895405e+01,2.777410e-11,1.111107e-09,1.111107e-11
1.895683e+01,2.750250e-11,1.099018e-09,1.099018e-11
1.895962e+01,2.727477e-11,1.087103e-09,1.087103e-11
1.896240e+01,2.708571e-11,1.075562e-09,1.075562e-11
1.896518e+01,2.693097e-11,1.064522e-09,1.064522e-11
1.896797e+01,2.680675e-11,1.054026e-09,1.054026e-11
1.897075e+01,2.671169e-11,1.044034e-09,1.044034e-11
1.897354e+01,2.664574e-11,1.034416e-09,1.034416e-11
1.897632e+01,2.660972e-11,1.024995e-09,1.024995e-11
1.897910e+01,2.660598e-11,1.015607e-09,1.015607e-11
1.898189e+01,2.663745e-11,1.006170e-09,1.006170e-11
1.898467e+01,2.670701e-11,9.967380e-10,9.967380e-12
1.898745e+01,2.681645e-11,9.875321e-10,9.875321e-12
1.899024e+01,2.696605e-11,9.789648e-10,9.789648e-12
1.899302e+01,2.715388e-11,9.716186e-10,9.716186e-12
1.899581e+01,2.737605e-11,9.661677e-10,9.661677e-12
1.899859e+01,2.762623e-11,9.632561e-10,9.632561e-12
1.900137e+01,2.789450e-11,9.633437e-10,9.633437e-12
1.900416e+01,2.816896e-11,9.665803e-10,9.665803e-12
1.900694e+01,2.843666e-11,9.727347e-10,9.727347e-12
1.900972e+01,2.868415e-11,9.811701e-10,9.811701e-12
1.901251e+01,2.889793e-11,9.908831e-10,9.908831e-12
1.901529e+01,2.906465e-11,1.000619e-09,1.000619e-11
1.901807e+01,2.917308e-11,1.009044e-09,1.009044e-11
1.902086e+01,2.921478e-11,1.014906e-09,1.014906e-11
1.902364e+01,2.918402e-11,1.017163e-09,1.017163e-11
1.902643e+01,2.907805e-11,1.015076e-09,1.015076e-11
1.902921e+01,2.889692e-11,1.008277e-09,1.008277e-11
1.903199e+01,2.864381e-11,9.967970e-10,9.967970e-12
1.903478e+01,2.832449e-11,9.810530e-10,9.810530e-12
1.903756e+01,2.794711e-11,9.617989e-10,9.617989e-12
1.904034e+01,2.752158e-11,9.400567e-10,9.400567e-12
1.904313e+01,2.705935e-11,9.170324e-10,9.170324e-12
1.904591e+01,2.657346e-11,8.939912e-10,8.939912e-12
1.904870e+01,2.607801e-11,8.721139e-10,8.721139e-12
1.905148e+01,2.558771e-11,8.523771e-10,8.523771e-12
1.905426e+01,2.511768e-11,8.354592e-10,8.354592e-12
1.905705e+01,2.468390e-11,8.216652e-10,8.216652e-12
1.905983e+01,2.430206e-11,8.109419e-10,8.109419e-12
1.906261e+01,2.398746e-11,8.029719e-10,8.029719e-12
1.906540e+01,2.375397e-11,7.972825e-10,7.972825e-12
1.906818e+01,2.361350e-11,7.934135e-10,7.934135e-12
1.907096e+01,2.357589e-11,7.910636e-10,7.910636e-12
1.907375e+01,2.364757e-11,7.901783e-10,7.901783e-12
1.907653e+01,2.383177e-11,7.910060e-10,7.910060e-12
1.907932e+01,2.412750e-11,7.940318e-10,7.940318e-12
1.908210e+01,2.452938e-11,7.998522e-10,7.998522e-12
1.908488e+01,2.502807e-11,8.090332e-10,8.090332e-12
1.908767e+01,2.561117e-11,8.219325e-10,8.219325e-12
1.909045e+01,2.626365e-11,8.385542e-10,8.385542e-12
1.909323e+01,2.696777e-11,8.584710e-10,8.584710e-12
1.909602e+01,2.770492e-11,8.808485e-10,8.808485e-12
1.909880e+01,2.845643e-11,9.045802e-10,9.045802e-12
1.910159e+01,2.920455e-11,9.284334e-10,9.284334e-12
1.910437e+01,2.993244e-11,9.511616e-10,9.511616e-12
1.910715e+01,3.062518e-11,9.716707e-10,9.716707e-12
1.910994e+01,3.127119e-11,9.891689e-10,9.891689e-12
1.911272e+01,3.186114e-11,1.003194e-09,1.003194e-11
1.911550e+01,3.238775e-11,1.013617e-09,1.013617e-11
1.911829e+01,3.284665e-11,1.020669e-09,1.020669e-11
1.912107e+01,3.323590e-11,1.024930e-09,1.024930e-11
1.912385e+01,3.355495e-11,1.027280e-09,1.027280e-11
1.912664e+01,3.380494e-11,1.028833e-09,1.028833e-11
1.912942e+01,3.398839e-11,1.030864e-09,1.030864e-11
1.913221e+01,3.410817e-11,1.034711e-09,1.034711e-11
1.913499e+01,3.416758e-11,1.041659e-09,1.041659e-11
1.913777e+01,3.417064e-11,1.052836e-09,1.052836e-11
1.914056e+01,3.412143e-11,1.069085e-09,1.069085e-11
1.914334e+01,3.402392e-11,1.090857e-09,1.090857e-11
1.914612e+01,3.388265e-11,1.118196e-09,1.118196e-11
1.914891e+01,3.370274e-11,1.150742e-09,1.150742e-11
1.915169e+01,3.348935e-11,1.187772e-09,1.187772e-11
1.915447e+01,3.324764e-11,1.228298e-09,1.228298e-11
1.915726e+01,3.298335e-11,1.271172e-09,1.271172e-11
1.916004e+01,3.270287e-11,1.315185e-09,1.315185e-11
1.916283e+01,3.241249e-11,1.359137e-09,1.359137e-11
1.916561e+01,3.211801e-11,1.401902e-09,1.401902e-11
1.916839e+01,3.182533e-11,1.442470e-09,1.442470e-11
1.917118e+01,3.154037e-11,1.479967e-09,1.479967e-11
1.917396e+01,3.126836e-11,1.513657e-09,1.513657e-11
1.917674e+01,3.101355e-11,1.542944e-09,1.542944e-11
1.917953e+01,3.078008e-11,1.567364e-09,1.567364e-11
1.918231e+01,3.057176e-11,1.586580e-09,1.586580e-11
1.918510e+01,3.039138e-11,1.600375e-09,1.600375e-11
1.918788e+01,3.024129e-11,1.608655e-09,1.608655e-11
1.919066e+01,3.012355e-11,1.611444e-09,1.611444e-11
1.919345e+01,3.003937e-11,1.608880e-09,1.608880e-11
1.919623e+01,2.998886e-11,1.601216e-09,1.601216e-11
1.919901e+01,2.997120e-11,1.588816e-09,1.588816e-11
1.920180e+01,2.998435e-11,1.572142e-09,1.572142e-11
1.920458e+01,3.002424e-11,1.551732e-09,1.551732e-11
1.920736e+01,3.008470e-11,1.528174e-09,1.528174e-11
1.921015e+01,3.015827e-11,1.502072e-09,1.502072e-11
1.921293e+01,3.023513e-11,1.474002e-09,1.474002e-11
1.921572e+01,3.030351e-11,1.444472e-09,1.444472e-11
1.921850e+01,3.035041e-11,1.413889e-09,1.413889e-11
1.922128e+01,3.036201e-11,1.382533e-09,1.382533e-11
1.922407e+01,3.032466e-11,1.350545e-09,1.350545e-11
1.922685e+01,3.022493e-11,1.317929e-09,1.317929e-11
1.922963e+01,3.005098e-11,1.284580e-09,1.284580e-11
1.923242e+01,2.979308e-11,1.250322e-09,1.250322e-11
1.923520e+01,2.944418e-11,1.214962e-09,1.214962e-11
1.923799e+01,2.900078e-11,1.178348e-09,1.178348e-11
1.924077e+01,2.846316e-11,1.140412e-09,1.140412e-11
1.924355e+01,2.783493e-11,1.101197e-09,1.101197e-11
1.924634e+01,2.712346e-11,1.060879e-09,1.060879e-11
1.924912e+01,2.633968e-11,1.019759e-09,1.019759e-11
1.925190e+01,2.549723e-11,9.782513e-10,9.782513e-12
1.925469e+01,2.461273e-11,9.368596e-10,9.368596e-12
1.925747e+01,2.370485e-11,8.961179e-10,8.961179e-12
1.926025e+01,2.279304e-11,8.565421e-10,8.565421e-12
1.926304e+01,2.189692e-11,8.185988e-10,8.185988e-12
1.926582e+01,2.103589e-11,7.826736e-10,7.826736e-12
1.926861e+01,2.022873e-11,7.490692e-10,7.490692e-12
1.927139e+01,1.949226e-11,7.179996e-10,7.179996e-12
1.927417e+01,1.884048e-11,6.895912e-10,6.895912e-12
1.927696e+01,1.828471e-11,6.639351e-10,6.639351e-12
1.927974e+01,1.783325e-11,6.411107e-10,6.411107e-12
1.928252e+01,1.749079e-11,6.211832e-10,6.211832e-12
1.928531e+01,1.725862e-11,6.042249e-10,6.042249e-12
1.928809e+01,1.713478e-11,5.902976e-10,5.902976e-12
1.929088e+01,1.711364e-11,5.794259e-10,5.794259e-12
1.929366e+01,1.718694e-11,5.715936e-10,5.715936e-12
1.929644e+01,1.734394e-11,5.667124e-10,5.667124e-12
1.929923e+01,1.757144e-11,5.646081e-10,5.646081e-12
1.930201e+01,1.785533e-11,5.650495e-10,5.650495e-12
1.930479e+01,1.818072e-11,5.677710e-10,5.677710e-12
1.930758e+01,1.853212e-11,5.724806e-10,5.724806e-12
1.931036e+01,1.889447e-11,5.788809e-10,5.788809e-12
1.931314e+01,1.925363e-11,5.866925e-10,5.866925e-12
1.931593e+01,1.959696e-11,5.956408e-10,5.956408e-12
1.931871e+01,1.991412e-11,6.054433e-10,6.054433e-12
1.932150e+01,2.019723e-11,6.158048e-10,6.158048e-12
1.932428e+01,2.044079e-11,6.263916e-10,6.263916e-12
1.932706e+01,2.064252e-11,6.368306e-10,6.368306e-12
1.932985e+01,2.080342e-11,6.467269e-10,6.467269e-12
1.933263e+01,2.092662e-11,6.556681e-10,6.556681e-12
1.933541e+01,2.101758e-11,6.632578e-10,6.632578e-12
1.933820e+01,2.108410e-11,6.691737e-10,6.691737e-12
1.934098e+01,2.113507e-11,6.732095e-10,6.732095e-12
1.934376e+01,2.118025e-11,6.752960e-10,6.752960e-12
1.934655e+01,2.122898e-11,6.755269e-10,6.755269e-12
1.934933e+01,2.128909e-11,6.741837e-10,6.741837e-12
1.935212e+01,2.136809e-11,6.717511e-10,6.717511e-12
1.935490e+01,2.147186e-11,6.688992e-10,6.688992e-12
1.935768e+01,2.160391e-11,6.664140e-10,6.664140e-12
1.936047e+01,2.176586e-11,6.651186e-10,6.651186e-12
1.936325e+01,2.195680e-11,6.658030e-10,6.658030e-12
1.936603e+01,2.217412e-11,6.691258e-10,6.691258e-12
1.936882e+01,2.241376e-11,6.755108e-10,6.755108e-12
1.937160e+01,2.267020e-11,6.851016e-10,6.851016e-12
1.937439e+01,2.293691e-11,6.977649e-10,6.977649e-12
1.937717e+01,2.320663e-11,7.131142e-10,7.131142e-12
1.937995e+01,2.347214e-11,7.305845e-10,7.305845e-12
1.938274e+01,2.372638e-11,7.495327e-10,7.495327e-12
1.938552e+01,2.396215e-11,7.693137e-10,7.693137e-12
1.938830e+01,2.417362e-11,7.893533e-10,7.893533e-12
1.939109e+01,2.435589e-11,8.091828e-10,8.091828e-12
1.939387e+01,2.450451e-11,8.284378e-10,8.284378e-12
1.939665e+01,2.461696e-11,8.468604e-10,8.468604e-12
1.939944e+01,2.469192e-11,8.642735e-10,8.642735e-12
1.940222e+01,2.472917e-11,8.805205e-10,8.805205e-12
1.940501e+01,2.472995e-11,8.954177e-10,8.954177e-12
1.940779e+01,2.469632e-11,9.087377e-10,9.087377e-12
1.941057e+01,2.463179e-11,9.202016e-10,9.202016e-12
1.941336e+01,2.454097e-11,9.294659e-10,9.294659e-12
1.941614e+01,2.442896e-11,9.361366e-10,9.361366e-12
1.941892e+01,2.430222e-11,9.398281e-10,9.398281e-12
1.942171e+01,2.416761e-11,9.402149e-10,9.402149e-12
1.942449e+01,2.403235e-11,9.370864e-10,9.370864e-12
1.942728e+01,2.390390e-11,9.303970e-10,9.303970e-12
1.943006e+01,2.378884e-11,9.202861e-10,9.202861e-12
1.943284e+01,2.369368e-11,9.071334e-10,9.071334e-12
1.943563e+01,2.362388e-11,8.915752e-10,8.915752e-12
1.943841e+01,2.358314e-11,8.744189e-10,8.744189e-12
1.944119e+01,2.357331e-11,8.566198e-10,8.566198e-12
1.944398e+01,2.359486e-11,8.392299e-10,8.392299e-12
1.944676e+01,2.364580e-11,8.232331e-10,8.232331e-12
1.944954e+01,2.372208e-11,8.094634e-10,8.094634e-12
1.945233e+01,2.381949e-11,7.985275e-10,7.985275e-12
1.945511e+01,2.393234e-11,7.906727e-10,7.906727e-12
1.945790e+01,2.405408e-11,7.857779e-10,7.857779e-12
1.946068e+01,2.417890e-11,7.834248e-10,7.834248e-12
1.946346e+01,2.430236e-11,7.829975e-10,7.829975e-12
1.946625e+01,2.442158e-11,7.838281e-10,7.838281e-12
1.946903e+01,2.453522e-11,7.853125e-10,7.853125e-12
1.947181e+01,2.464406e-11,7.870183e-10,7.870183e-12
1.947460e+01,2.475090e-11,7.887940e-10,7.887940e-12
1.947738e+01,2.486040e-11,7.907752e-10,7.907752e-12
1.948017e+01,2.497850e-11,7.933293e-10,7.933293e-12
1.948295e+01,2.511125e-11,7.970272e-10,7.970272e-12
1.948573e+01,2.526554e-11,8.025568e-10,8.025568e-12
1.948852e+01,2.544791e-11,8.105672e-10,8.105672e-12
1.949130e+01,2.566291e-11,8.215527e-10,8.215527e-12
1.949408e+01,2.591440e-11,8.357913e-10,8.357913e-12
1.949687e+01,2.620469e-11,8.532948e-10,8.532948e-12
1.949965e+01,2.653398e-11,8.737793e-10,8.737793e-12
1.950243e+01,2.690082e-11,8.966989e-10,8.966989e-12
1.950522e+01,2.730257e-11,9.213221e-10,9.213221e-12
1.950800e+01,2.773520e-11,9.467930e-10,9.467930e-12
1.951079e+01,2.819297e-11,9.721892e-10,9.721892e-12
1.951357e+01,2.866943e-11,9.965913e-10,9.965913e-12
1.951635e+01,2.915762e-11,1.019141e-09,1.019141e-11
1.951914e+01,2.965003e-11,1.039092e-09,1.039092e-11
1.952192e+01,3.013852e-11,1.055863e-09,1.055863e-11
1.952470e+01,3.061477e-11,1.069074e-09,1.069074e-11
1.952749e+01,3.107048e-11,1.078590e-09,1.078590e-11
1.953027e+01,3.149688e-11,1.084538e-09,1.084538e-11
1.953305e+01,3.188545e-11,1.087308e-09,1.087308e-11
1.953584e+01,3.222815e-11,1.087527e-09,1.087527e-11
1.953862e+01,3.251751e-11,1.086004e-09,1.086004e-11
1.954141e+01,3.274699e-11,1.083627e-09,1.083627e-11
1.954419e+01,3.291179e-11,1.081272e-09,1.081272e-11
1.954697e+01,3.300887e-11,1.079672e-09,1.079672e-11
1.954976e+01,3.303685e-11,1.079304e-09,1.079304e-11
1.955254e+01,3.299756e-11,1.080351e-09,1.080351e-11
1.955532e+01,3.289540e-11,1.082700e-09,1.082700e-11
1.955811e+01,3.273722e-11,1.085949e-09,1.085949e-11
1.956089e+01,3.253244e-11,1.089492e-09,1.089492e-11
1.956368e+01,3.229213e-11,1.092637e-09,1.092637e-11
1.956646e+01,3.202890e-11,1.094689e-09,1.094689e-11
1.956924e+01,3.175619e-11,1.095048e-09,1.095048e-11
1.957203e+01,3.148728e-11,1.093285e-09,1.093285e-11
1.957481e+01,3.123440e-11,1.089153e-09,1.089153e-11
1.957759e+01,3.100807e-11,1.082626e-09,1.082626e-11
1.958038e+01,3.081694e-11,1.073910e-09,1.073910e-11
1.958316e+01,3.066695e-11,1.063420e-09,1.063420e-11
1.958594e+01,3.056170e-11,1.051772e-09,1.051772e-11
1.958873e+01,3.050364e-11,1.039769e-09,1.039769e-11
1.959151e+01,3.049296e-11,1.028326e-09,1.028326e-11
1.959430e+01,3.052815e-11,1.018409e-09,1.018409e-11
1.959708e+01,3.060832e-11,1.011005e-09,1.011005e-11
1.959986e+01,3.073258e-11,1.007020e-09,1.007020e-11
1.960265e+01,3.090041e-11,1.007186e-09,1.007186e-11
1.960543e+01,3.111255e-11,1.012021e-09,1.012021e-11
1.960821e+01,3.137046e-11,1.021780e-09,1.021780e-11
1.961100e+01,3.167685e-11,1.036451e-09,1.036451e-11
1.961378e+01,3.203512e-11,1.055777e-09,1.055777e-11
1.961657e+01,3.244880e-11,1.079311e-09,1.079311e-11
1.961935e+01,3.292153e-11,1.106483e-09,1.106483e-11
1.962213e+01,3.345602e-11,1.136668e-09,1.136668e-11
1.962492e+01,3.405430e-11,1.169232e-09,1.169232e-11
1.962770e+01,3.471776e-11,1.203581e-09,1.203581e-11
1.963048e+01,3.544602e-11,1.239184e-09,1.239184e-11
1.963327e+01,3.623725e-11,1.275591e-09,1.275591e-11
1.963605e+01,3.708850e-11,1.312454e-09,1.312454e-11
1.963883e+01,3.799575e-11,1.349538e-09,1.349538e-11
1.964162e+01,3.895383e-11,1.386723e-09,1.386723e-11
1.964440e+01,3.995619e-11,1.423995e-09,1.423995e-11
1.964719e+01,4.099492e-11,1.461423e-09,1.461423e-11
1.964997e+01,4.206036e-11,1.499117e-09,1.499117e-11
1.965275e+01,4.314222e-11,1.537202e-09,1.537202e-11
1.965554e+01,4.422840e-11,1.575754e-09,1.575754e-11
1.965832e+01,4.530426e-11,1.614719e-09,1.614719e-11
1.966110e+01,4.635417e-11,1.653883e-09,1.653883e-11
1.966389e+01,4.736095e-11,1.692829e-09,1.692829e-11
1.966667e+01,4.830584e-11,1.730900e-09,1.730900e-11
1.966945e+01,4.916948e-11,1.767207e-09,1.767207e-11
1.967224e+01,4.993251e-11,1.800657e-09,1.800657e-11
1.967502e+01,5.057664e-11,1.830010e-09,1.830010e-11
1.967781e+01,5.108538e-11,1.853943e-09,1.853943e-11
1.968059e+01,5.144413e-11,1.871117e-09,1.871117e-11
1.968337e+01,5.164176e-11,1.880285e-09,1.880285e-11
1.968616e+01,5.167220e-11,1.880399e-09,1.880399e-11
1.968894e+01,5.153363e-11,1.870684e-09,1.870684e-11
1.969172e+01,5.122893e-11,1.850723e-09,1.850723e-11
1.969451e+01,5.076625e-11,1.820536e-09,1.820536e-11
1.969729e+01,5.015820e-11,1.780621e-09,1.780621e-11
1.970008e+01,4.942154e-11,1.732011e-09,1.732011e-11
1.970286e+01,4.857646e-11,1.676297e-09,1.676297e-11
1.970564e+01,4.764570e-11,1.615608e-09,1.615608e-11
1.970843e+01,4.665280e-11,1.552556e-09,1.552556e-11
1.971121e+01,4.562127e-11,1.490142e-09,1.490142e-11
1.971399e+01,4.457412e-11,1.431582e-09,1.431582e-11
1.971678e+01,4.353202e-11,1.380037e-09,1.380037e-11
1.971956e+01,4.251306e-11,1.338230e-09,1.338230e-11
1.972234e+01,4.153267e-11,1.308054e-09,1.308054e-11
1.972513e+01,4.060349e-11,1.290222e-09,1.290222e-11
1.972791e+01,3.973439e-11,1.284077e-09,1.284077e-11
1.973070e+01,3.893067e-11,1.287700e-09,1.287700e-11
1.973348e+01,3.819519e-11,1.298241e-09,1.298241e-11
1.973626e+01,3.752738e-11,1.312362e-09,1.312362e-11
1.973905e+01,3.692428e-11,1.326717e-09,1.326717e-11
1.974183e+01,3.638132e-11,1.338320e-09,1.338320e-11
1.974461e+01,3.589208e-11,1.344761e-09,1.344761e-11
1.974740e+01,3.544837e-11,1.344334e-09,1.344334e-11
1.975018e+01,3.504050e-11,1.336107e-09,1.336107e-11
1.975297e+01,3.465923e-11,1.319896e-09,1.319896e-11
1.975575e+01,3.429515e-11,1.296225e-09,1.296225e-11
1.975853e+01,3.393887e-11,1.266233e-09,1.266233e-11
1.976132e+01,3.358281e-11,1.231569e-09,1.231569e-11
1.976410e+01,3.322126e-11,1.194258e-09,1.194258e-11
1.976688e+01,3.285060e-11,1.156507e-09,1.156507e-11
1.976967e+01,3.246937e-11,1.120514e-09,1.120514e-11
1.977245e+01,3.207863e-11,1.088293e-09,1.088293e-11
1.977523e+01,3.168302e-11,1.061472e-09,1.061472e-11
1.977802e+01,3.128924e-11,1.041130e-09,1.041130e-11
1.978080e+01,3.090518e-11,1.027700e-09,1.027700e-11
1.978359e+01,3.053923e-11,1.020975e-09,1.020975e-11
1.978637e+01,3.019990e-11,1.020257e-09,1.020257e-11
1.978915e+01,2.989638e-11,1.024559e-09,1.024559e-11
1.979194e+01,2.963548e-11,1.032718e-09,1.032718e-11
1.979472e+01,2.942079e-11,1.043558e-09,1.043558e-11
1.979750e+01,2.925441e-11,1.056078e-09,1.056078e-11
1.980029e+01,2.913532e-11,1.069463e-09,1.069463e-11
1.980307e+01,2.905896e-11,1.083051e-09,1.083051e-11
1.980586e+01,2.901857e-11,1.096365e-09,1.096365e-11
1.980864e+01,2.900523e-11,1.109053e-09,1.109053e-11
1.981142e+01,2.900774e-11,1.120786e-09,1.120786e-11
1.981421e+01,2.901396e-11,1.131252e-09,1.131252e-11
1.981699e+01,2.901211e-11,1.140115e-09,1.140115e-11
1.981977e+01,2.899026e-11,1.146971e-09,1.146971e-11
1.982256e+01,2.893734e-11,1.151371e-09,1.151371e-11
1.982534e+01,2.884415e-11,1.152847e-09,1.152847e-11
1.982812e+01,2.870304e-11,1.150897e-09,1.150897e-11
1.983091e+01,2.850841e-11,1.145078e-09,1.145078e-11
1.983369e+01,2.825737e-11,1.135061e-09,1.135061e-11
1.983648e+01,2.794885e-11,1.120620e-09,1.120620e-11
1.983926e+01,2.758376e-11,1.101684e-09,1.101684e-11
1.984204e+01,2.716523e-11,1.078360e-09,1.078360e-11
1.984483e+01,2.669736e-11,1.050916e-09,1.050916e-11
1.984761e+01,2.618602e-11,1.019794e-09,1.019794e-11
1.985039e+01,2.563817e-11,9.855661e-10,9.855661e-12
1.985318e+01,2.506164e-11,9.488958e-10,9.488958e-12
1.985596e+01,2.446560e-11,9.105249e-10,9.105249e-12
1.985874e+01,2.385948e-11,8.712224e-10,8.712224e-12
1.986153e+01,2.325347e-11,8.317492e-10,8.317492e-12
1.986431e+01,2.265855e-11,7.928516e-10,7.928516e-12
1.986710e+01,2.208573e-11,7.552203e-10,7.552203e-12
1.986988e+01,2.154618e-11,7.194731e-10,7.194731e-12
1.987266e+01,2.105156e-11,6.861876e-10,6.861876e-12
1.987545e+01,2.061355e-11,6.558889e-10,6.558889e-12
1.987823e+01,2.024216e-11,6.290281e-10,6.290281e-12
1.988101e+01,1.994683e-11,6.060217e-10,6.060217e-12
1.988380e+01,1.973634e-11,5.872575e-10,5.872575e-12
1.988658e+01,1.961688e-11,5.730739e-10,5.730739e-12
1.988937e+01,1.959299e-11,5.637841e-10,5.637841e-12
1.989215e+01,1.966715e-11,5.596637e-10,5.596637e-12
1.989493e+01,1.983991e-11,5.609367e-10,5.609367e-12
1.989772e+01,2.010979e-11,5.677835e-10,5.677835e-12
1.990050e+01,2.047297e-11,5.802950e-10,5.802950e-12
1.990328e+01,2.092351e-11,5.984388e-10,5.984388e-12
1.990607e+01,2.145349e-11,6.220690e-10,6.220690e-12
1.990885e+01,2.205399e-11,6.509143e-10,6.509143e-12
1.991163e+01,2.271440e-11,6.845397e-10,6.845397e-12
1.991442e+01,2.342229e-11,7.223328e-10,7.223328e-12
1.991720e+01,2.416454e-11,7.635215e-10,7.635215e-12
1.991999e+01,2.492631e-11,8.071616e-10,8.071616e-12
1.992277e+01,2.569185e-11,8.521536e-10,8.521536e-12
1.992555e+01,2.644531e-11,8.972942e-10,8.972942e-12
1.992834e+01,2.716988e-11,9.412945e-10,9.412945e-12
1.993112e+01,2.784920e-11,9.828374e-10,9.828374e-12
1.993390e+01,2.846811e-11,1.020645e-09,1.020645e-11
1.993669e+01,2.901243e-11,1.053515e-09,1.053515e-11
1.993947e+01,2.946971e-11,1.080391e-09,1.080391e-11
1.994226e+01,2.983035e-11,1.100422e-09,1.100422e-11
1.994504e+01,3.008764e-11,1.112997e-09,1.112997e-11
1.994782e+01,3.023803e-11,1.117806e-09,1.117806e-11
1.995061e+01,3.028214e-11,1.114841e-09,1.114841e-11
1.995339e+01,3.022341e-11,1.104390e-09,1.104390e-11
1.995617e+01,3.006885e-11,1.087070e-09,1.087070e-11
1.995896e+01,2.982933e-11,1.063799e-09,1.063799e-11
1.996174e+01,2.951799e-11,1.035724e-09,1.035724e-11
1.996452e+01,2.914970e-11,1.004176e-09,1.004176e-11
1.996731e+01,2.874063e-11,9.706316e-10,9.706316e-12
1.997009e+01,2.830780e-11,9.366391e-10,9.366391e-12
1.997288e+01,2.786775e-11,9.036978e-10,9.036978e-12
1.997566e+01,2.743576e-11,8.731892e-10,8.731892e-12
1.997844e+01,2.702556e-11,8.463215e-10,8.463215e-12
1.998123e+01,2.664883e-11,8.240129e-10,8.240129e-12
1.998401e+01,2.631382e-11,8.068218e-10,8.068218e-12
1.998679e+01,2.602598e-11,7.949615e-10,7.949615e-12
1.998958e+01,2.578877e-11,7.883173e-10,7.883173e-12
1.999236e+01,2.560236e-11,7.864732e-10,7.864732e-12
1.999515e+01,2.546467e-11,7.887879e-10,7.887879e-12
1.999793e+01,2.537238e-11,7.945089e-10,7.945089e-12
2.000071e+01,2.532123e-11,8.028593e-10,8.028593e-12
2.000350e+01,2.530664e-11,8.130794e-10,8.130794e-12
2.000628e+01,2.532409e-11,8.244793e-10,8.244793e-12
2.000906e+01,2.536993e-11,8.364981e-10,8.364981e-12
2.001185e+01,2.544191e-11,8.486995e-10,8.486995e-12
2.001463e+01,2.553904e-11,8.607527e-10,8.607527e-12
2.001741e+01,2.566140e-11,8.724489e-10,8.724489e-12
2.002020e+01,2.581062e-11,8.836942e-10,8.836942e-12
2.002298e+01,2.598908e-11,8.944644e-10,8.944644e-12
2.002577e+01,2.619952e-11,9.047871e-10,9.047871e-12
2.002855e+01,2.644512e-11,9.147465e-10,9.147465e-12
2.003133e+01,2.672852e-11,9.244665e-10,9.244665e-12
2.003412e+01,2.705163e-11,9.340760e-10,9.340760e-12
2.003690e+01,2.741564e-11,9.437078e-10,9.437078e-12
2.003968e+01,2.782088e-11,9.535086e-10,9.535086e-12
2.004247e+01,2.826580e-11,9.636125e-10,9.636125e-12
2.004525e+01,2.874774e-11,9.741114e-10,9.741114e-12
2.004803e+01,2.926247e-11,9.850445e-10,9.850445e-12
2.005082e+01,2.980393e-11,9.963890e-10,9.963890e-12
2.005360e+01,3.036525e-11,1.008054e-09,1.008054e-11
2.005639e+01,3.093803e-11,1.019865e-09,1.019865e-11
2.005917e+01,3.151259e-11,1.031558e-09,1.031558e-11
2.006195e+01,3.207766e-11,1.042801e-09,1.042801e-11
2.006474e+01,3.262087e-11,1.053224e-09,1.053224e-11
2.006752e+01,3.313013e-11,1.062453e-09,1.062453e-11
2.007030e+01,3.359312e-11,1.070158e-09,1.070158e-11
2.007309e+01,3.399711e-11,1.076053e-09,1.076053e-11
2.007587e+01,3.433047e-11,1.079939e-09,1.079939e-11
2.007866e+01,3.458318e-11,1.081732e-09,1.081732e-11
2.008144e+01,3.474683e-11,1.081433e-09,1.081433e-11
2.008422e+01,3.481487e-11,1.079106e-09,1.079106e-11
2.008701e+01,3.478364e-11,1.074891e-09,1.074891e-11
2.008979e+01,3.465293e-11,1.068957e-09,1.068957e-11
2.009257e+01,3.442552e-11,1.061474e-09,1.061474e-11
2.009536e+01,3.410751e-11,1.052591e-09,1.052591e-11
2.009814e+01,3.370777e-11,1.042417e-09,1.042417e-11
2.010092e+01,3.323807e-11,1.031023e-09,1.031023e-11
2.010371e+01,3.271253e-11,1.018459e-09,1.018459e-11
2.010649e+01,3.214626e-11,1.004754e-09,1.004754e-11
2.010928e+01,3.155490e-11,9.899378e-10,9.899378e-12
2.011206e+01,3.095387e-11,9.740781e-10,9.740781e-12
2.011484e+01,3.035761e-11,9.572920e-10,9.572920e-12
2.011763e+01,2.977862e-11,9.397498e-10,9.397498e-12
2.012041e+01,2.922671e-11,9.216748e-10,9.216748e-12
2.012319e+01,2.870890e-11,9.033328e-10,9.033328e-12
2.012598e+01,2.822967e-11,8.850130e-10,8.850130e-12
2.012876e+01,2.779054e-11,8.669923e-10,8.669923e-12
2.013155e+01,2.739013e-11,8.494968e-10,8.494968e-12
2.013433e+01,2.702620e-11,8.326927e-10,8.326927e-12
2.013711e+01,2.669538e-11,8.166734e-10,8.166734e-12
2.013990e+01,2.639316e-11,8.014520e-10,8.014520e-12
2.014268e+01,2.611584e-11,7.869905e-10,7.869905e-12
2.014546e+01,2.586002e-11,7.732283e-10,7.732283e-12
2.014825e+01,2.562358e-11,7.601262e-10,7.601262e-12
2.015103e+01,2.540621e-11,7.477100e-10,7.477100e-12
2.015381e+01,2.520803e-11,7.360888e-10,7.360888e-12
2.015660e+01,2.503040e-11,7.254937e-10,7.254937e-12
2.015938e+01,2.487586e-11,7.163021e-10,7.163021e-12
2.016217e+01,2.474749e-11,7.090109e-10,7.090109e-12
2.016495e+01,2.464867e-11,7.042048e-10,7.042048e-12
2.016773e+01,2.458276e-11,7.025131e-10,7.025131e-12
2.017052e+01,2.455332e-11,7.045321e-10,7.045321e-12
2.017330e+01,2.456387e-11,7.107386e-10,7.107386e-12
2.017608e+01,2.461788e-11,7.213973e-10,7.213973e-12
2.017887e+01,2.471844e-11,7.364920e-10,7.364920e-12
2.018165e+01,2.486811e-11,7.557265e-10,7.557265e-12
2.018444e+01,2.506955e-11,7.785483e-10,7.785483e-12
2.018722e+01,2.532465e-11,8.041943e-10,8.041943e-12
2.019000e+01,2.563407e-11,8.317940e-10,8.317940e-12
2.019279e+01,2.599744e-11,8.604863e-10,8.604863e-12
2.019557e+01,2.641311e-11,8.894975e-10,8.894975e-12
2.019835e+01,2.687702e-11,9.181869e-10,9.181869e-12
2.020114e+01,2.738298e-11,9.461121e-10,9.461121e-12
2.020392e+01,2.792313e-11,9.730304e-10,9.730304e-12
2.020670e+01,2.848648e-11,9.988315e-10,9.988315e-12
2.020949e+01,2.906039e-11,1.023503e-09,1.023503e-11
2.021227e+01,2.963110e-11,1.047053e-09,1.047053e-11
2.021506e+01,3.018218e-11,1.069411e-09,1.069411e-11
2.021784e+01,3.069746e-11,1.090423e-09,1.090423e-11
2.022062e+01,3.116180e-11,1.109800e-09,1.109800e-11
2.022341e+01,3.156011e-11,1.127093e-09,1.127093e-11
2.022619e+01,3.187897e-11,1.141771e-09,1.141771e-11
2.022897e+01,3.210778e-11,1.153289e-09,1.153289e-11
2.023176e+01,3.223867e-11,1.161124e-09,1.161124e-11
2.023454e+01,3.226632e-11,1.164836e-09,1.164836e-11
2.023732e+01,3.218845e-11,1.164142e-09,1.164142e-11
2.024011e+01,3.200638e-11,1.158950e-09,1.158950e-11
2.024289e+01,3.172442e-11,1.149336e-09,1.149336e-11
2.024568e+01,3.134874e-11,1.135530e-09,1.135530e-11
2.024846e+01,3.088746e-11,1.117906e-09,1.117906e-11
2.025124e+01,3.035064e-11,1.096926e-09,1.096926e-11
2.025403e+01,2.974974e-11,1.073144e-09,1.073144e-11
2.025681e+01,2.909694e-11,1.047172e-09,1.047172e-11
2.025959e+01,2.840483e-11,1.019630e-09,1.019630e-11
2.026238e+01,2.768702e-11,9.911730e-10,9.911730e-12
2.026516e+01,2.695760e-11,9.624726e-10,9.624726e-12
2.026795e+01,2.623061e-11,9.341601e-10,9.341601e-12
2.027073e+01,2.552092e-11,9.068324e-10,9.068324e-12
2.027351e+01,2.484417e-11,8.810430e-10,8.810430e-12
2.027630e+01,2.421551e-11,8.572421e-10,8.572421e-12
2.027908e+01,2.364972e-11,8.357391e-10,8.357391e-12
2.028186e+01,2.316113e-11,8.167174e-10,8.167174e-12
2.028465e+01,2.276290e-11,8.002505e-10,8.002505e-12
2.028743e+01,2.246600e-11,7.863107e-10,7.863107e-12
2.029021e+01,2.227862e-11,7.748190e-10,7.748190e-12
2.029300e+01,2.220681e-11,7.657053e-10,7.657053e-12
2.029578e+01,2.225311e-11,7.589370e-10,7.589370e-12
2.029857e+01,2.241669e-11,7.545517e-10,7.545517e-12
2.030135e+01,2.269398e-11,7.526541e-10,7.526541e-12
2.030413e+01,2.307774e-11,7.533891e-10,7.533891e-12
2.030692e+01,2.355891e-11,7.569590e-10,7.569590e-12
2.030970e+01,2.412734e-11,7.635956e-10,7.635956e-12
2.031248e+01,2.477103e-11,7.735136e-10,7.735136e-12
2.031527e+01,2.547735e-11,7.869091e-10,7.869091e-12
2.031805e+01,2.623419e-11,8.039418e-10,8.039418e-12
2.032084e+01,2.702996e-11,8.247182e-10,8.247182e-12
2.032362e+01,2.785343e-11,8.492494e-10,8.492494e-12
2.032640e+01,2.869409e-11,8.773932e-10,8.773932e-12
2.032919e+01,2.954199e-11,9.088428e-10,9.088428e-12
2.033197e+01,3.038769e-11,9.431226e-10,9.431226e-12
2.033475e+01,3.122238e-11,9.795886e-10,9.795886e-12
2.033754e+01,3.203747e-11,1.017464e-09,1.017464e-11
2.034032e+01,3.282426e-11,1.055874e-09,1.055874e-11
2.034310e+01,3.357463e-11,1.093908e-09,1.093908e-11
2.034589e+01,3.428113e-11,1.130694e-09,1.130694e-11
2.034867e+01,3.493611e-11,1.165456e-09,1.165456e-11
2.035146e+01,3.553321e-11,1.197546e-09,1.197546e-11
2.035424e+01,3.606736e-11,1.226483e-09,1.226483e-11
2.035702e+01,3.653360e-11,1.251967e-09,1.251967e-11
2.035981e+01,3.692813e-11,1.273876e-09,1.273876e-11
2.036259e+01,3.724888e-11,1.292252e-09,1.292252e-11
2.036537e+01,3.749503e-11,1.307283e-09,1.307283e-11
2.036816e+01,3.766615e-11,1.319244e-09,1.319244e-11
2.037094e+01,3.776267e-11,1.328453e-09,1.328453e-11
2.037373e+01,3.778602e-11,1.335230e-09,1.335230e-11
2.037651e+01,3.773772e-11,1.339860e-09,1.339860e-11
2.037929e+01,3.761981e-11,1.342565e-09,1.342565e-11
2.038208e+01,3.743512e-11,1.343496e-09,1.343496e-11
2.038486e+01,3.718646e-11,1.342732e-09,1.342732e-11
2.038764e+01,3.687717e-11,1.340298e-09,1.340298e-11
2.039043e+01,3.651186e-11,1.336200e-09,1.336200e-11
2.039321e+01,3.609615e-11,1.330454e-09,1.330454e-11
2.039599e+01,3.563718e-11,1.323110e-09,1.323110e-11
2.039878e+01,3.514410e-11,1.314276e-09,1.314276e-11
2.040156e+01,3.462745e-11,1.304128e-09,1.304128e-11
2.040435e+01,3.409993e-11,1.292912e-09,1.292912e-11
2.040713e+01,3.357600e-11,1.280940e-09,1.280940e-11
2.040991e+01,3.307111e-11,1.268569e-09,1.268569e-11
2.041270e+01,3.260166e-11,1.256181e-09,1.256181e-11
2.041548e+01,3.218341e-11,1.244159e-09,1.244159e-11
2.041826e+01,3.183123e-11,1.232854e-09,1.232854e-11
2.042105e+01,3.155843e-11,1.222563e-09,1.222563e-11
2.042383e+01,3.137510e-11,1.213493e-09,1.213493e-11
2.042661e+01,3.128801e-11,1.205745e-09,1.205745e-11
2.042940e+01,3.129999e-11,1.199289e-09,1.199289e-11
2.043218e+01,3.140930e-11,1.193954e-09,1.193954e-11
2.043497e+01,3.161016e-11,1.189442e-09,1.189442e-11
2.043775e+01,3.189276e-11,1.185357e-09,1.185357e-11
2.044053e+01,3.224355e-11,1.181239e-09,1.181239e-11
2.044332e+01,3.264595e-11,1.176630e-09,1.176630e-11
2.044610e+01,3.308117e-11,1.171127e-09,1.171127e-11
2.044888e+01,3.352945e-11,1.164434e-09,1.164434e-11
2.045167e+01,3.397020e-11,1.156411e-09,1.156411e-11
2.045445e+01,3.438277e-11,1.147077e-09,1.147077e-11
2.045724e+01,3.474698e-11,1.136584e-09,1.136584e-11
2.046002e+01,3.504412e-11,1.125198e-09,1.125198e-11
2.046280e+01,3.525716e-11,1.113240e-09,1.113240e-11
2.046559e+01,3.537060e-11,1.100992e-09,1.100992e-11
2.046837e+01,3.537200e-11,1.088662e-09,1.088662e-11
2.047115e+01,3.525175e-11,1.076341e-09,1.076341e-11
2.047394e+01,3.500315e-11,1.063940e-09,1.063940e-11
2.047672e+01,3.462321e-11,1.051236e-09,1.051236e-11
2.047950e+01,3.411279e-11,1.037894e-09,1.037894e-11
2.048229e+01,3.347679e-11,1.023490e-09,1.023490e-11
2.048507e+01,3.272428e-11,1.007601e-09,1.007601e-11
2.048786e+01,3.186880e-11,9.898775e-10,9.898775e-12
2.049064e+01,3.092720e-11,9.700462e-10,9.700462e-12
2.049342e+01,2.991905e-11,9.479555e-10,9.479555e-12
2.049621e+01,2.886730e-11,9.236169e-10,9.236169e-12
2.049899e+01,2.779639e-11,8.972051e-10,8.972051e-12
2.050177e+01,2.673084e-11,8.690395e-10,8.690395e-12
2.050456e+01,2.569504e-11,8.395624e-10,8.395624e-12
2.050734e+01,2.471165e-11,8.093375e-10,8.093375e-12
2.051013e+01,2.380095e-11,7.790269e-10,7.790269e-12
2.051291e+01,2.298002e-11,7.493504e-10,7.493504e-12
2.051569e+01,2.226203e-11,7.210520e-10,7.210520e-12
2.051848e+01,2.165546e-11,6.948433e-10,6.948433e-12
2.052126e+01,2.116450e-11,6.713763e-10,6.713763e-12
2.052404e+01,2.078926e-11,6.512103e-10,6.512103e-12
2.052683e+01,2.052536e-11,6.347402e-10,6.347402e-12
2.052961e+01,2.036481e-11,6.221778e-10,6.221778e-12
2.053239e+01,2.029682e-11,6.135613e-10,6.135613e-12
2.053518e+01,2.030877e-11,6.087563e-10,6.087563e-12
2.053796e+01,2.038644e-11,6.074848e-10,6.074848e-12
2.054075e+01,2.051486e-11,6.093807e-10,6.093807e-12
2.054353e+01,2.067976e-11,6.140338e-10,6.140338e-12
2.054631e+01,2.086773e-11,6.210096e-10,6.210096e-12
2.054910e+01,2.106655e-11,6.298776e-10,6.298776e-12
2.055188e+01,2.126589e-11,6.402283e-10,6.402283e-12
2.055466e+01,2.145780e-11,6.516655e-10,6.516655e-12
2.055745e+01,2.163624e-11,6.637992e-10,6.637992e-12
2.056023e+01,2.179706e-11,6.762450e-10,6.762450e-12
2.056302e+01,2.193780e-11,6.886222e-10,6.886222e-12
2.056580e+01,2.205773e-11,7.005526e-10,7.005526e-12
2.056858e+01,2.215795e-11,7.116738e-10,7.116738e-12
2.057137e+01,2.224017e-11,7.216483e-10,7.216483e-12
2.057415e+01,2.230699e-11,7.301738e-10,7.301738e-12
2.057693e+01,2.236170e-11,7.370016e-10,7.370016e-12
2.057972e+01,2.240722e-11,7.419488e-10,7.419488e-12
2.058250e+01,2.244675e-11,7.449190e-10,7.449190e-12
2.058528e+01,2.248319e-11,7.459275e-10,7.459275e-12
2.058807e+01,2.251845e-11,7.450973e-10,7.450973e-12
2.059085e+01,2.255378e-11,7.426299e-10,7.426299e-12
2.059364e+01,2.258871e-11,7.387996e-10,7.387996e-12
2.059642e+01,2.262195e-11,7.339454e-10,7.339454e-12
2.059920e+01,2.265080e-11,7.284064e-10,7.284064e-12
2.060199e+01,2.267059e-11,7.224743e-10,7.224743e-12
2.060477e+01,2.267621e-11,7.163712e-10,7.163712e-12
2.060755e+01,2.266191e-11,7.102152e-10,7.102152e-12
2.061034e+01,2.262167e-11,7.040213e-10,7.040213e-12
2.061312e+01,2.255035e-11,6.977103e-10,6.977103e-12
2.061590e+01,2.244408e-11,6.911199e-10,6.911199e-12
2.061869e+01,2.230032e-11,6.840645e-10,6.840645e-12
2.062147e+01,2.211952e-11,6.764207e-10,6.764207e-12
2.062426e+01,2.190584e-11,6.681535e-10,6.681535e-12
2.062704e+01,2.166595e-11,6.593272e-10,6.593272e-12
2.062982e+01,2.141030e-11,6.501657e-10,6.501657e-12
2.063261e+01,2.115318e-11,6.410344e-10,6.410344e-12
2.063539e+01,2.091102e-11,6.323772e-10,6.323772e-12
2.063817e+01,2.070267e-11,6.247318e-10,6.247318e-12
2.064096e+01,2.054939e-11,6.186856e-10,6.186856e-12
2.064374e+01,2.047214e-11,6.147847e-10,6.147847e-12
2.064653e+01,2.049112e-11,6.135671e-10,6.135671e-12
2.064931e+01,2.062563e-11,6.155835e-10,6.155835e-12
2.065209e+01,2.089130e-11,6.213678e-10,6.213678e-12
2.065488e+01,2.129982e-11,6.315104e-10,6.315104e-12
2.065766e+01,2.185836e-11,6.466811e-10,6.466811e-12
2.066044e+01,2.256766e-11,6.675572e-10,6.675572e-12
2.066323e+01,2.342290e-11,6.947934e-10,6.947934e-12
2.066601e+01,2.441357e-11,7.289170e-10,7.289170e-12
2.066879e+01,2.552251e-11,7.701589e-10,7.701589e-12
2.067158e+01,2.672676e-11,8.183551e-10,8.183551e-12
2.067436e+01,2.799925e-11,8.729253e-10,8.729253e-12
2.067715e+01,2.930982e-11,9.328835e-10,9.328835e-12
2.067993e+01,3.062513e-11,9.968398e-10,9.968398e-12
2.068271e+01,3.191047e-11,1.063091e-09,1.063091e-11
2.068550e+01,3.313230e-11,1.129774e-09,1.129774e-11
2.068828e+01,3.425823e-11,1.194939e-09,1.194939e-11
2.069106e+01,3.525835e-11,1.256629e-09,1.256629e-11
2.069385e+01,3.610711e-11,1.312997e-09,1.312997e-11
2.069663e+01,3.678320e-11,1.362380e-09,1.362380e-11
2.069942e+01,3.727104e-11,1.403362e-09,1.403362e-11
2.070220e+01,3.756107e-11,1.434822e-09,1.434822e-11
2.070498e+01,3.764948e-11,1.455980e-09,1.455980e-11
2.070777e+01,3.753944e-11,1.466443e-09,1.466443e-11
2.071055e+01,3.724045e-11,1.466198e-09,1.466198e-11
2.071333e+01,3.676794e-11,1.455598e-09,1.455598e-11
2.071612e+01,3.614321e-11,1.435351e-09,1.435351e-11
2.071890e+01,3.539294e-11,1.406471e-09,1.406471e-11
2.072168e+01,3.454784e-11,1.370231e-09,1.370231e-11
2.072447e+01,3.364153e-11,1.328113e-09,1.328113e-11
2.072725e+01,3.270995e-11,1.281733e-09,1.281733e-11
2.073004e+01,3.178981e-11,1.232771e-09,1.232771e-11
2.073282e+01,3.091623e-11,1.182895e-09,1.182895e-11
2.073560e+01,3.012188e-11,1.133729e-09,1.133729e-11
2.073839e+01,2.943605e-11,1.086826e-09,1.086826e-11
2.074117e+01,2.888308e-11,1.043623e-09,1.043623e-11
2.074395e+01,2.848132e-11,1.005417e-09,1.005417e-11
2.074674e+01,2.824175e-11,9.733416e-10,9.733416e-12
2.074952e+01,2.816890e-11,9.483504e-10,9.483504e-12
2.075230e+01,2.826082e-11,9.311691e-10,9.311691e-12
2.075509e+01,2.850853e-11,9.222055e-10,9.222055e-12
2.075787e+01,2.889679e-11,9.214816e-10,9.214816e-12
2.076066e+01,2.940609e-11,9.286063e-10,9.286063e-12
2.076344e+01,3.001279e-11,9.427683e-10,9.427683e-12
2.076622e+01,3.068998e-11,9.627905e-10,9.627905e-12
2.076901e+01,3.141026e-11,9.872237e-10,9.872237e-12
2.077179e+01,3.214541e-11,1.014453e-09,1.014453e-11
2.077457e+01,3.286785e-11,1.042832e-09,1.042832e-11
2.077736e+01,3.355232e-11,1.070770e-09,1.070770e-11
2.078014e+01,3.417547e-11,1.096787e-09,1.096787e-11
2.078293e+01,3.471748e-11,1.119603e-09,1.119603e-11
2.078571e+01,3.516223e-11,1.138182e-09,1.138182e-11
2.078849e+01,3.549671e-11,1.151732e-09,1.151732e-11
2.079128e+01,3.571244e-11,1.159742e-09,1.159742e-11
2.079406e+01,3.580431e-11,1.161987e-09,1.161987e-11
2.079684e+01,3.577041e-11,1.158525e-09,1.158525e-11
2.079963e+01,3.561358e-11,1.149709e-09,1.149709e-11
2.080241e+01,3.533923e-11,1.136148e-09,1.136148e-11
2.080519e+01,3.495499e-11,1.118676e-09,1.118676e-11
2.080798e+01,3.447212e-11,1.098329e-09,1.098329e-11
2.081076e+01,3.390428e-11,1.076287e-09,1.076287e-11
2.081355e+01,3.326660e-11,1.053806e-09,1.053806e-11
2.081633e+01,3.257538e-11,1.032132e-09,1.032132e-11
2.081911e+01,3.184815e-11,1.012425e-09,1.012425e-11
2.082190e+01,3.110291e-11,9.956875e-10,9.956875e-12
2.082468e+01,3.035741e-11,9.826801e-10,9.826801e-12
2.082746e+01,2.962836e-11,9.738795e-10,9.738795e-12
2.083025e+01,2.893070e-11,9.694657e-10,9.694657e-12
2.083303e+01,2.827740e-11,9.693460e-10,9.693460e-12
2.083582e+01,2.767929e-11,9.732162e-10,9.732162e-12
2.083860e+01,2.714485e-11,9.806310e-10,9.806310e-12
2.084138e+01,2.668001e-11,9.910703e-10,9.910703e-12
2.084417e+01,2.628852e-11,1.003999e-09,1.003999e-11
2.084695e+01,2.597235e-11,1.018912e-09,1.018912e-11
2.084973e+01,2.573229e-11,1.035354e-09,1.035354e-11
2.085252e+01,2.556801e-11,1.052922e-09,1.052922e-11
2.085530e+01,2.547847e-11,1.071266e-09,1.071266e-11
2.085808e+01,2.546245e-11,1.090082e-09,1.090082e-11
2.086087e+01,2.551874e-11,1.109109e-09,1.109109e-11
2.086365e+01,2.564585e-11,1.128122e-09,1.128122e-11
2.086644e+01,2.584127e-11,1.146930e-09,1.146930e-11
2.086922e+01,2.610173e-11,1.165373e-09,1.165373e-11
2.087200e+01,2.642291e-11,1.183331e-09,1.183331e-11
2.087479e+01,2.679883e-11,1.200708e-09,1.200708e-11
2.087757e+01,2.722155e-11,1.217416e-09,1.217416e-11
2.088035e+01,2.768113e-11,1.233340e-09,1.233340e-11
2.088314e+01,2.816515e-11,1.248307e-09,1.248307e-11
2.088592e+01,2.865940e-11,1.262055e-09,1.262055e-11
2.088871e+01,2.914883e-11,1.274210e-09,1.274210e-11
2.089149e+01,2.961741e-11,1.284278e-09,1.284278e-11
2.089427e+01,3.004873e-11,1.291653e-09,1.291653e-11
2.089706e+01,3.042703e-11,1.295657e-09,1.295657e-11
2.089984e+01,3.073769e-11,1.295601e-09,1.295601e-11
2.090262e+01,3.096767e-11,1.290829e-09,1.290829e-11
2.090541e+01,3.110588e-11,1.280783e-09,1.280783e-11
2.090819e+01,3.114416e-11,1.265068e-09,1.265068e-11
2.091097e+01,3.107782e-11,1.243495e-09,1.243495e-11
2.091376e+01,3.090401e-11,1.216076e-09,1.216076e-11
2.091654e+01,3.062275e-11,1.183046e-09,1.183046e-11
2.091933e+01,3.023762e-11,1.144883e-09,1.144883e-11
2.092211e+01,2.975398e-11,1.102273e-09,1.102273e-11
2.092489e+01,2.918001e-11,1.056108e-09,1.056108e-11
2.092768e+01,2.852629e-11,1.007468e-09,1.007468e-11
2.093046e+01,2.780494e-11,9.576089e-10,9.576089e-12
2.093324e+01,2.703042e-11,9.079477e-10,9.079477e-12
2.093603e+01,2.621886e-11,8.600285e-10,8.600285e-12
2.093881e+01,2.538761e-11,8.154633e-10,8.154633e-12
2.094159e+01,2.455496e-11,7.758391e-10,7.758391e-12
2.094438e+01,2.374014e-11,7.425898e-10,7.425898e-12
2.094716e+01,2.296269e-11,7.168312e-10,7.168312e-12
2.094995e+01,2.224125e-11,6.991778e-10,6.991778e-12
2.095273e+01,2.159366e-11,6.896390e-10,6.896390e-12
2.095551e+01,2.103581e-11,6.876345e-10,6.876345e-12
2.095830e+01,2.058074e-11,6.921052e-10,6.921052e-12
2.096108e+01,2.023842e-11,7.017035e-10,7.017035e-12
2.096386e+01,2.001525e-11,7.150055e-10,7.150055e-12
2.096665e+01,1.991372e-11,7.306550e-10,7.306550e-12
2.096943e+01,1.993190e-11,7.474435e-10,7.474435e-12
2.097222e+01,2.006445e-11,7.643658e-10,7.643658e-12
2.097500e+01,2.030291e-11,7.806101e-10,7.806101e-12
2.097778e+01,2.063578e-11,7.955206e-10,7.955206e-12
2.098057e+01,2.104997e-11,8.086112e-10,8.086112e-12
2.098335e+01,2.153178e-11,8.195899e-10,8.195899e-12
2.098613e+01,2.206718e-11,8.283783e-10,8.283783e-12
2.098892e+01,2.264321e-11,8.351508e-10,8.351508e-12
2.099170e+01,2.324881e-11,8.403531e-10,8.403531e-12
2.099448e+01,2.387391e-11,8.446822e-10,8.446822e-12
2.099727e+01,2.451006e-11,8.490488e-10,8.490488e-12
2.100005e+01,2.515074e-11,8.545069e-10,8.545069e-12
2.100284e+01,2.579069e-11,8.621416e-10,8.621416e-12
2.100562e+01,2.642596e-11,8.729189e-10,8.729189e-12
2.100840e+01,2.705271e-11,8.875273e-10,8.875273e-12
2.101119e+01,2.766701e-11,9.062925e-10,9.062925e-12
2.101397e+01,2.826526e-11,9.291565e-10,9.291565e-12
2.101675e+01,2.884367e-11,9.556873e-10,9.556873e-12
2.101954e+01,2.939799e-11,9.851580e-10,9.851580e-12
2.102232e+01,2.992372e-11,1.016669e-09,1.016669e-11
2.102511e+01,3.041707e-11,1.049254e-09,1.049254e-11
2.102789e+01,3.087428e-11,1.081963e-09,1.081963e-11
2.103067e+01,3.129199e-11,1.113934e-09,1.113934e-11
2.103346e+01,3.166814e-11,1.144417e-09,1.144417e-11
2.103624e+01,3.200149e-11,1.172786e-09,1.172786e-11
2.103902e+01,3.229130e-11,1.198529e-09,1.198529e-11
2.104181e+01,3.253740e-11,1.221233e-09,1.221233e-11
2.104459e+01,3.274052e-11,1.240560e-09,1.240560e-11
2.104737e+01,3.290144e-11,1.256232e-09,1.256232e-11
2.105016e+01,3.302121e-11,1.268027e-09,1.268027e-11
2.105294e+01,3.310087e-11,1.275782e-09,1.275782e-11
2.105573e+01,3.314066e-11,1.279372e-09,1.279372e-11
2.105851e+01,3.314172e-11,1.278753e-09,1.278753e-11
2.106129e+01,3.310573e-11,1.274009e-09,1.274009e-11
2.106408e+01,3.303451e-11,1.265317e-09,1.265317e-11
2.106686e+01,3.293060e-11,1.252946e-09,1.252946e-11
2.106964e+01,3.279760e-11,1.237308e-09,1.237308e-11
2.107243e+01,3.264040e-11,1.218930e-09,1.218930e-11
2.107521e+01,3.246551e-11,1.198442e-09,1.198442e-11
2.107800e+01,3.228092e-11,1.176579e-09,1.176579e-11
2.108078e+01,3.209557e-11,1.154140e-09,1.154140e-11
2.108356e+01,3.191939e-11,1.131942e-09,1.131942e-11
2.108635e+01,3.176313e-11,1.110817e-09,1.110817e-11
2.108913e+01,3.163749e-11,1.091588e-09,1.091588e-11
2.109191e+01,3.155242e-11,1.075050e-09,1.075050e-11
2.109470e+01,3.151727e-11,1.061960e-09,1.061960e-11
2.109748e+01,3.153968e-11,1.053008e-09,1.053008e-11
2.110026e+01,3.162471e-11,1.048781e-09,1.048781e-11
2.110305e+01,3.177500e-11,1.049750e-09,1.049750e-11
2.110583e+01,3.199114e-11,1.056230e-09,1.056230e-11
2.110862e+01,3.227133e-11,1.068325e-09,1.068325e-11
2.111140e+01,3.261105e-11,1.085895e-09,1.085895e-11
2.111418e+01,3.300428e-11,1.108550e-09,1.108550e-11
2.111697e+01,3.344312e-11,1.135654e-09,1.135654e-11
2.111975e+01,3.391885e-11,1.166360e-09,1.166360e-11
2.112253e+01,3.442217e-11,1.199654e-09,1.199654e-11
2.112532e+01,3.494233e-11,1.234411e-09,1.234411e-11
2.112810e+01,3.546911e-11,1.269466e-09,1.269466e-11
2.113088e+01,3.599251e-11,1.303663e-09,1.303663e-11
2.113367e+01,3.650178e-11,1.335892e-09,1.335892e-11
2.113645e+01,3.698618e-11,1.365135e-09,1.365135e-11
2.113924e+01,3.743518e-11,1.390496e-09,1.390496e-11
2.114202e+01,3.783791e-11,1.411211e-09,1.411211e-11
2.114480e+01,3.818342e-11,1.426681e-09,1.426681e-11
2.114759e+01,3.846147e-11,1.436484e-09,1.436484e-11
2.115037e+01,3.866237e-11,1.440385e-09,1.440385e-11
2.115315e+01,3.877734e-11,1.438337e-09,1.438337e-11
2.115594e+01,3.879950e-11,1.430474e-09,1.430474e-11
2.115872e+01,3.872395e-11,1.417094e-09,1.417094e-11
2.116151e+01,3.854851e-11,1.398656e-09,1.398656e-11
2.116429e+01,3.827403e-11,1.375762e-09,1.375762e-11
2.116707e+01,3.790433e-11,1.349128e-09,1.349128e-11
2.116986e+01,3.744686e-11,1.319555e-09,1.319555e-11
2.117264e+01,3.691176e-11,1.287912e-09,1.287912e-11
2.117542e+01,3.631165e-11,1.255103e-09,1.255103e-11
2.117821e+01,3.566215e-11,1.222050e-09,1.222050e-11
2.118099e+01,3.498025e-11,1.189654e-09,1.189654e-11
2.118377e+01,3.428361e-11,1.158758e-09,1.158758e-11
2.118656e+01,3.359063e-11,1.130124e-09,1.130124e-11
2.118934e+01,3.291984e-11,1.104395e-09,1.104395e-11
2.119213e+01,3.228866e-11,1.082049e-09,1.082049e-11
2.119491e+01,3.171276e-11,1.063389e-09,1.063389e-11
2.119769e+01,3.120644e-11,1.048541e-09,1.048541e-11
2.120048e+01,3.078194e-11,1.037483e-09,1.037483e-11
2.120326e+01,3.044876e-11,1.030089e-09,1.030089e-11
2.120604e+01,3.021379e-11,1.026194e-09,1.026194e-11
2.120883e+01,3.008126e-11,1.025659e-09,1.025659e-11
2.121161e+01,3.005237e-11,1.028442e-09,1.028442e-11
2.121440e+01,3.012582e-11,1.034624e-09,1.034624e-11
2.121718e+01,3.029775e-11,1.044424e-09,1.044424e-11
2.121996e+01,3.056142e-11,1.058173e-09,1.058173e-11
2.122275e+01,3.090867e-11,1.076267e-09,1.076267e-11
2.122553e+01,3.133001e-11,1.099067e-09,1.099067e-11
2.122831e+01,3.181393e-11,1.126807e-09,1.126807e-11
2.123110e+01,3.234826e-11,1.159536e-09,1.159536e-11
2.123388e+01,3.292051e-11,1.197054e-09,1.197054e-11
2.123666e+01,3.351805e-11,1.238884e-09,1.238884e-11
2.123945e+01,3.412875e-11,1.284316e-09,1.284316e-11
2.124223e+01,3.474144e-11,1.332440e-09,1.332440e-11
2.124502e+01,3.534678e-11,1.382207e-09,1.382207e-11
2.124780e+01,3.593639e-11,1.432494e-09,1.432494e-11
2.125058e+01,3.650369e-11,1.482175e-09,1.482175e-11
2.125337e+01,3.704511e-11,1.530190e-09,1.530190e-11
2.125615e+01,3.755864e-11,1.575593e-09,1.575593e-11
2.125893e+01,3.804439e-11,1.617580e-09,1.617580e-11
2.126172e+01,3.850466e-11,1.655524e-09,1.655524e-11
2.126450e+01,3.894297e-11,1.688991e-09,1.688991e-11
2.126729e+01,3.936428e-11,1.717749e-09,1.717749e-11
2.127007e+01,3.977380e-11,1.741760e-09,1.741760e-11
2.127285e+01,4.017630e-11,1.761162e-09,1.761162e-11
2.127564e+01,4.057571e-11,1.776252e-09,1.776252e-11
2.127842e+01,4.097450e-11,1.787455e-09,1.787455e-11
2.128120e+01,4.137331e-11,1.795273e-09,1.795273e-11
2.128399e+01,4.177023e-11,1.800250e-09,1.800250e-11
2.128677e+01,4.216092e-11,1.802920e-09,1.802920e-11
2.128955e+01,4.253901e-11,1.803751e-09,1.803751e-11
2.129234e+01,4.289582e-11,1.803115e-09,1.803115e-11
2.129512e+01,4.322049e-11,1.801254e-09,1.801254e-11
2.129791e+01,4.350134e-11,1.798253e-09,1.798253e-11
2.130069e+01,4.372637e-11,1.794058e-09,1.794058e-11
2.130347e+01,4.388307e-11,1.788475e-09,1.788475e-11
2.130626e+01,4.395968e-11,1.781189e-09,1.781189e-11
2.130904e+01,4.394565e-11,1.771834e-09,1.771834e-11
2.131182e+01,4.383211e-11,1.760034e-09,1.760034e-11
2.131461e+01,4.361201e-11,1.745396e-09,1.745396e-11
2.131739e+01,4.328053e-11,1.727582e-09,1.727582e-11
2.132017e+01,4.283604e-11,1.706359e-09,1.706359e-11
2.132296e+01,4.227888e-11,1.681574e-09,1.681574e-11
2.132574e+01,4.161155e-11,1.653140e-09,1.653140e-11
2.132853e+01,4.083897e-11,1.621078e-09,1.621078e-11
2.133131e+01,3.996867e-11,1.585506e-09,1.585506e-11
2.133409e+01,3.901002e-11,1.546577e-09,1.546577e-11
2.133688e+01,3.797351e-11,1.504498e-09,1.504498e-11
2.133966e+01,3.687159e-11,1.459518e-09,1.459518e-11
2.134244e+01,3.571699e-11,1.411897e-09,1.411897e-11
2.134523e+01,3.452302e-11,1.361912e-09,1.361912e-11
2.134801e+01,3.330425e-11,1.309897e-09,1.309897e-11
2.135080e+01,3.207549e-11,1.256235e-09,1.256235e-11
2.135358e+01,3.085155e-11,1.201359e-09,1.201359e-11
2.135636e+01,2.964666e-11,1.145765e-09,1.145765e-11
2.135915e+01,2.847550e-11,1.090037e-09,1.090037e-11
2.136193e+01,2.735264e-11,1.034841e-09,1.034841e-11
2.136471e+01,2.629157e-11,9.808709e-10,9.808709e-12
2.136750e+01,2.530512e-11,9.288572e-10,9.288572e-12
2.137028e+01,2.440521e-11,8.795476e-10,8.795476e-12
2.137306e+01,2.360220e-11,8.336541e-10,8.336541e-12
2.137585e+01,2.290495e-11,7.918357e-10,7.918357e-12
2.137863e+01,2.232084e-11,7.546860e-10,7.546860e-12
2.138142e+01,2.185494e-11,7.227176e-10,7.227176e-12
2.138420e+01,2.151086e-11,6.963821e-10,6.963821e-12
2.138698e+01,2.129042e-11,6.760537e-10,6.760537e-12
2.138977e+01,2.119277e-11,6.619967e-10,6.619967e-12
2.139255e+01,2.121572e-11,6.543623e-10,6.543623e-12
2.139533e+01,2.135524e-11,6.531398e-10,6.531398e-12
2.139812e+01,2.160514e-11,6.580974e-10,6.580974e-12
2.140090e+01,2.195789e-11,6.687644e-10,6.687644e-12
2.140369e+01,2.240403e-11,6.844245e-10,6.844245e-12
2.140647e+01,2.293216e-11,7.041520e-10,7.041520e-12
2.140925e+01,2.352907e-11,7.268856e-10,7.268856e-12
2.141204e+01,2.417982e-11,7.515232e-10,7.515232e-12
2.141482e+01,2.486852e-11,7.770058e-10,7.770058e-12
2.141760e+01,2.557768e-11,8.023678e-10,8.023678e-12
2.142039e+01,2.628899e-11,8.268100e-10,8.268100e-12
2.142317e+01,2.698496e-11,8.497339e-10,8.497339e-12
2.142595e+01,2.764838e-11,8.707218e-10,8.707218e-12
2.142874e+01,2.826359e-11,8.895444e-10,8.895444e-12
2.143152e+01,2.881760e-11,9.061421e-10,9.061421e-12
2.143431e+01,2.930025e-11,9.205769e-10,9.205769e-12
2.143709e+01,2.970494e-11,9.330117e-10,9.330117e-12
2.143987e+01,3.002913e-11,9.436829e-10,9.436829e-12
2.144266e+01,3.027492e-11,9.528560e-10,9.528560e-12
2.144544e+01,3.044765e-11,9.607828e-10,9.607828e-12
2.144822e+01,3.055555e-11,9.676868e-10,9.676868e-12
2.145101e+01,3.061018e-11,9.737655e-10,9.737655e-12
2.145379e+01,3.062483e-11,9.791710e-10,9.791710e-12
2.145658e+01,3.061350e-11,9.840076e-10,9.840076e-12
2.145936e+01,3.058978e-11,9.883693e-10,9.883693e-12
2.146214e+01,3.056645e-11,9.923648e-10,9.923648e-12
2.146493e+01,3.055428e-11,9.961268e-10,9.961268e-12
2.146771e+01,3.056146e-11,9.998391e-10,9.998391e-12
2.147049e+01,3.059331e-11,1.003759e-09,1.003759e-11
2.147328e+01,3.065185e-11,1.008215e-09,1.008215e-11
2.147606e+01,3.073671e-11,1.013592e-09,1.013592e-11
2.147884e+01,3.084506e-11,1.020284e-09,1.020284e-11
2.148163e+01,3.097153e-11,1.028628e-09,1.028628e-11
2.148441e+01,3.110940e-11,1.038864e-09,1.038864e-11
2.148720e+01,3.125152e-11,1.051076e-09,1.051076e-11
2.148998e+01,3.139033e-11,1.065146e-09,1.065146e-11
2.149276e+01,3.151914e-11,1.080780e-09,1.080780e-11
2.149555e+01,3.163310e-11,1.097518e-09,1.097518e-11
2.149833e+01,3.172817e-11,1.114763e-09,1.114763e-11
2.150111e+01,3.180289e-11,1.131887e-09,1.131887e-11
2.150390e+01,3.185841e-11,1.148285e-09,1.148285e-11
2.150668e+01,3.189714e-11,1.163431e-09,1.163431e-11
2.150946e+01,3.192443e-11,1.176947e-09,1.176947e-11
2.151225e+01,3.194738e-11,1.188640e-09,1.188640e-11
2.151503e+01,3.197474e-11,1.198518e-09,1.198518e-11
2.151782e+01,3.201707e-11,1.206796e-09,1.206796e-11
2.152060e+01,3.208544e-11,1.213887e-09,1.213887e-11
2.152338e+01,3.219158e-11,1.220378e-09,1.220378e-11
2.152617e+01,3.234708e-11,1.226996e-09,1.226996e-11
2.152895e+01,3.256307e-11,1.234567e-09,1.234567e-11
2.153173e+01,3.284956e-11,1.243944e-09,1.243944e-11
2.153452e+01,3.321320e-11,1.255897e-09,1.255897e-11
2.153730e+01,3.365739e-11,1.271061e-09,1.271061e-11
2.154009e+01,3.418277e-11,1.289864e-09,1.289864e-11
2.154287e+01,3.478511e-11,1.312426e-09,1.312426e-11
2.154565e+01,3.545464e-11,1.338519e-09,1.338519e-11
2.154844e+01,3.617761e-11,1.367575e-09,1.367575e-11
2.155122e+01,3.693564e-11,1.398712e-09,1.398712e-11
2.155400e+01,3.770575e-11,1.430775e-09,1.430775e-11
2.155679e+01,3.846249e-11,1.462422e-09,1.462422e-11
2.155957e+01,3.917916e-11,1.492221e-09,1.492221e-11
2.156235e+01,3.982886e-11,1.518760e-09,1.518760e-11
2.156514e+01,4.038661e-11,1.540722e-09,1.540722e-11
2.156792e+01,4.083077e-11,1.556976e-09,1.556976e-11
2.157071e+01,4.114402e-11,1.566664e-09,1.566664e-11
2.157349e+01,4.131487e-11,1.569256e-09,1.569256e-11
2.157627e+01,4.133898e-11,1.564620e-09,1.564620e-11
2.157906e+01,4.121870e-11,1.553033e-09,1.553033e-11
2.158184e+01,4.096268e-11,1.535184e-09,1.535184e-11
2.158462e+01,4.058634e-11,1.512160e-09,1.512160e-11
2.158741e+01,4.011034e-11,1.485406e-09,1.485406e-11
2.159019e+01,3.955899e-11,1.456647e-09,1.456647e-11
2.159298e+01,3.896005e-11,1.427777e-09,1.427777e-11
2.159576e+01,3.834231e-11,1.400743e-09,1.400743e-11
2.159854e+01,3.773445e-11,1.377393e-09,1.377393e-11
2.160133e+01,3.716443e-11,1.359323e-09,1.359323e-11
2.160411e+01,3.665767e-11,1.347726e-09,1.347726e-11
2.160689e+01,3.623634e-11,1.343277e-09,1.343277e-11
2.160968e+01,3.591880e-11,1.346082e-09,1.346082e-11
2.161246e+01,3.571891e-11,1.355714e-09,1.355714e-11
2.161524e+01,3.564553e-11,1.371276e-09,1.371276e-11
2.161803e+01,3.570245e-11,1.391524e-09,1.391524e-11
2.162081e+01,3.588864e-11,1.415038e-09,1.415038e-11
2.162360e+01,3.619863e-11,1.440375e-09,1.440375e-11
2.162638e+01,3.662209e-11,1.466162e-09,1.466162e-11
2.162916e+01,3.714391e-11,1.491182e-09,1.491182e-11
2.163195e+01,3.774590e-11,1.514457e-09,1.514457e-11
2.163473e+01,3.840704e-11,1.535268e-09,1.535268e-11
2.163751e+01,3.910383e-11,1.553141e-09,1.553141e-11
2.164030e+01,3.981166e-11,1.567823e-09,1.567823e-11
2.164308e+01,4.050593e-11,1.579235e-09,1.579235e-11
2.164586e+01,4.116248e-11,1.587422e-09,1.587422e-11
2.164865e+01,4.175950e-11,1.592502e-09,1.592502e-11
2.165143e+01,4.227895e-11,1.594616e-09,1.594616e-11
2.165422e+01,4.270641e-11,1.593886e-09,1.593886e-11
2.165700e+01,4.303234e-11,1.590406e-09,1.590406e-11
2.165978e+01,4.325236e-11,1.584268e-09,1.584268e-11
2.166257e+01,4.336768e-11,1.575587e-09,1.575587e-11
2.166535e+01,4.338541e-11,1.564534e-09,1.564534e-11
2.166813e+01,4.331701e-11,1.551366e-09,1.551366e-11
2.167092e+01,4.317758e-11,1.536472e-09,1.536472e-11
2.167370e+01,4.298494e-11,1.520384e-09,1.520384e-11
2.167649e+01,4.275826e-11,1.503771e-09,1.503771e-11
2.167927e+01,4.251636e-11,1.487434e-09,1.487434e-11
2.168205e+01,4.227698e-11,1.472270e-09,1.472270e-11
2.168484e+01,4.205520e-11,1.459206e-09,1.459206e-11
2.168762e+01,4.186208e-11,1.449127e-09,1.449127e-11
2.169040e+01,4.170520e-11,1.442806e-09,1.442806e-11
2.169319e+01,4.158808e-11,1.440822e-09,1.440822e-11
2.169597e+01,4.150971e-11,1.443472e-09,1.443472e-11
2.169875e+01,4.146522e-11,1.450709e-09,1.450709e-11
2.170154e+01,4.144641e-11,1.462125e-09,1.462125e-11
2.170432e+01,4.144280e-11,1.476980e-09,1.476980e-11
2.170711e+01,4.144211e-11,1.494226e-09,1.494226e-11
2.170989e+01,4.143058e-11,1.512573e-09,1.512573e-11
2.171267e+01,4.139376e-11,1.530595e-09,1.530595e-11
2.171546e+01,4.131766e-11,1.546838e-09,1.546838e-11
2.171824e+01,4.118883e-11,1.559893e-09,1.559893e-11
2.172102e+01,4.099445e-11,1.568472e-09,1.568472e-11
2.172381e+01,4.072320e-11,1.571465e-09,1.571465e-11
2.172659e+01,4.036545e-11,1.567997e-09,1.567997e-11
2.172938e+01,3.991413e-11,1.557452e-09,1.557452e-11
2.173216e+01,3.936480e-11,1.539473e-09,1.539473e-11
2.173494e+01,3.871530e-11,1.513960e-09,1.513960e-11
2.173773e+01,3.796675e-11,1.481050e-09,1.481050e-11
2.174051e+01,3.712349e-11,1.441104e-09,1.441104e-11
2.174329e+01,3.619334e-11,1.394688e-09,1.394688e-11
2.174608e+01,3.518727e-11,1.342539e-09,1.342539e-11
2.174886e+01,3.411883e-11,1.285547e-09,1.285547e-11
2.175164e+01,3.300397e-11,1.224735e-09,1.224735e-11
2.175443e+01,3.186072e-11,1.161237e-09,1.161237e-11
2.175721e+01,3.070827e-11,1.096293e-09,1.096293e-11
2.176000e+01,2.956597e-11,1.031235e-09,1.031235e-11
2.176278e+01,2.845284e-11,9.674697e-10,9.674697e-12
2.176556e+01,2.738662e-11,9.064541e-10,9.064541e-12
2.176835e+01,2.638314e-11,8.496814e-10,8.496814e-12
2.177113e+01,2.545584e-11,7.986313e-10,7.986313e-12
2.177391e+01,2.461590e-11,7.546797e-10,7.546797e-12
2.177670e+01,2.387167e-11,7.189741e-10,7.189741e-12
2.177948e+01,2.322782e-11,6.922854e-10,6.922854e-12
2.178227e+01,2.268649e-11,6.748846e-10,6.748846e-12
2.178505e+01,2.224744e-11,6.664874e-10,6.664874e-12
2.178783e+01,2.190843e-11,6.663025e-10,6.663025e-12
2.179062e+01,2.166526e-11,6.731650e-10,6.731650e-12
2.179340e+01,2.151201e-11,6.857271e-10,6.857271e-12
2.179618e+01,2.144228e-11,7.026631e-10,7.026631e-12
2.179897e+01,2.144880e-11,7.227897e-10,7.227897e-12
2.180175e+01,2.152378e-11,7.451220e-10,7.451220e-12
2.180453e+01,2.165925e-11,7.688887e-10,7.688887e-12
2.180732e+01,2.184676e-11,7.934832e-10,7.934832e-12
2.181010e+01,2.207718e-11,8.184242e-10,8.184242e-12
2.181289e+01,2.234106e-11,8.433226e-10,8.433226e-12
2.181567e+01,2.262900e-11,8.678117e-10,8.678117e-12
2.181845e+01,2.292999e-11,8.915053e-10,8.915053e-12
2.182124e+01,2.323277e-11,9.139951e-10,9.139951e-12
2.182402e+01,2.352674e-11,9.348310e-10,9.348310e-12
2.182680e+01,2.380070e-11,9.534955e-10,9.534955e-12
2.182959e+01,2.404381e-11,9.694142e-10,9.694142e-12
2.183237e+01,2.424629e-11,9.819935e-10,9.819935e-12
2.183515e+01,2.439978e-11,9.906398e-10,9.906398e-12
2.183794e+01,2.449762e-11,9.947907e-10,9.947907e-12
2.184072e+01,2.453579e-11,9.939733e-10,9.939733e-12
2.184351e+01,2.451231e-11,9.878329e-10,9.878329e-12
2.184629e+01,2.442719e-11,9.761884e-10,9.761884e-12
2.184907e+01,2.428397e-11,9.591171e-10,9.591171e-12
2.185186e+01,2.408837e-11,9.369752e-10,9.369752e-12
2.185464e+01,2.384806e-11,9.104104e-10,9.104104e-12
2.185742e+01,2.357296e-11,8.803981e-10,8.803981e-12
2.186021e+01,2.327469e-11,8.482236e-10,8.482236e-12
2.186299e+01,2.296609e-11,8.154178e-10,8.154178e-12
2.186578e+01,2.266106e-11,7.836748e-10,7.836748e-12
2.186856e+01,2.237433e-11,7.547196e-10,7.547196e-12
2.187134e+01,2.212083e-11,7.301162e-10,7.301162e-12
2.187413e+01,2.191548e-11,7.110647e-10,7.110647e-12
2.187691e+01,2.177258e-11,6.982571e-10,6.982571e-12
2.187969e+01,2.170568e-11,6.918367e-10,6.918367e-12
2.188248e+01,2.172704e-11,6.914546e-10,6.914546e-12
2.188526e+01,2.184662e-11,6.964260e-10,6.964260e-12
2.188804e+01,2.207195e-11,7.060092e-10,7.060092e-12
2.189083e+01,2.240887e-11,7.196564e-10,7.196564e-12
2.189361e+01,2.286000e-11,7.371023e-10,7.371023e-12
2.189640e+01,2.342446e-11,7.584016e-10,7.584016e-12
2.189918e+01,2.409867e-11,7.839068e-10,7.839068e-12
2.190196e+01,2.487617e-11,8.141088e-10,8.141088e-12
2.190475e+01,2.574811e-11,8.494361e-10,8.494361e-12
2.190753e+01,2.670239e-11,8.900777e-10,8.900777e-12
2.191031e+01,2.772531e-11,9.358552e-10,9.358552e-12
2.191310e+01,2.880207e-11,9.861740e-10,9.861740e-12
2.191588e+01,2.991636e-11,1.040039e-09,1.040039e-11
2.191867e+01,3.105212e-11,1.096120e-09,1.096120e-11
2.192145e+01,3.219302e-11,1.152879e-09,1.152879e-11
2.192423e+01,3.332363e-11,1.208702e-09,1.208702e-11
2.192702e+01,3.443044e-11,1.262003e-09,1.262003e-11
2.192980e+01,3.550166e-11,1.311346e-09,1.311346e-11
2.193258e+01,3.652731e-11,1.355508e-09,1.355508e-11
2.193537e+01,3.749953e-11,1.393541e-09,1.393541e-11
2.193815e+01,3.841380e-11,1.424848e-09,1.424848e-11
2.194093e+01,3.926772e-11,1.449182e-09,1.449182e-11
2.194372e+01,4.006034e-11,1.466653e-09,1.466653e-11
2.194650e+01,4.079310e-11,1.477774e-09,1.477774e-11
2.194929e+01,4.146866e-11,1.483412e-09,1.483412e-11
2.195207e+01,4.209008e-11,1.484752e-09,1.484752e-11
2.195485e+01,4.266126e-11,1.483286e-09,1.483286e-11
2.195764e+01,4.318629e-11,1.480724e-09,1.480724e-11
2.196042e+01,4.366815e-11,1.478871e-09,1.478871e-11
2.196320e+01,4.410894e-11,1.479544e-09,1.479544e-11
2.196599e+01,4.451109e-11,1.484448e-09,1.484448e-11
2.196877e+01,4.487586e-11,1.495013e-09,1.495013e-11
2.197156e+01,4.520276e-11,1.512274e-09,1.512274e-11
2.197434e+01,4.549123e-11,1.536784e-09,1.536784e-11
2.197712e+01,4.574042e-11,1.568578e-09,1.568578e-11
2.197991e+01,4.594880e-11,1.607202e-09,1.607202e-11
2.198269e+01,4.611468e-11,1.651761e-09,1.651761e-11
2.198547e+01,4.623570e-11,1.701010e-09,1.701010e-11
2.198826e+01,4.630939e-11,1.753475e-09,1.753475e-11
2.199104e+01,4.633355e-11,1.807557e-09,1.807557e-11
2.199382e+01,4.630586e-11,1.861613e-09,1.861613e-11
2.199661e+01,4.622407e-11,1.914036e-09,1.914036e-11
2.199939e+01,4.608599e-11,1.963298e-09,1.963298e-11
2.200218e+01,4.588968e-11,2.007989e-09,2.007989e-11
2.200496e+01,4.563416e-11,2.046861e-09,2.046861e-11
2.200774e+01,4.531905e-11,2.078840e-09,2.078840e-11
2.201053e+01,4.494479e-11,2.103036e-09,2.103036e-11
2.201331e+01,4.451292e-11,2.118758e-09,2.118758e-11
2.201609e+01,4.402593e-11,2.125513e-09,2.125513e-11
2.201888e+01,4.348810e-11,2.123015e-09,2.123015e-11
2.202166e+01,4.290509e-11,2.111187e-09,2.111187e-11
2.202444e+01,4.228336e-11,2.090141e-09,2.090141e-11
2.202723e+01,4.163104e-11,2.060183e-09,2.060183e-11
2.203001e+01,4.095750e-11,2.021804e-09,2.021804e-11
2.203280e+01,4.027172e-11,1.975663e-09,1.975663e-11
2.203558e+01,3.958351e-11,1.922584e-09,1.922584e-11
2.203836e+01,3.890381e-11,1.863545e-09,1.863545e-11
2.204115e+01,3.824257e-11,1.799662e-09,1.799662e-11
2.204393e+01,3.760864e-11,1.732176e-09,1.732176e-11
2.204671e+01,3.701046e-11,1.662441e-09,1.662441e-11
2.204950e+01,3.645610e-11,1.591912e-09,1.591912e-11
2.205228e+01,3.595161e-11,1.522105e-09,1.522105e-11
2.205507e+01,3.550120e-11,1.454557e-09,1.454557e-11
2.205785e+01,3.510879e-11,1.390781e-09,1.390781e-11
2.206063e+01,3.477728e-11,1.332183e-09,1.332183e-11
2.206342e+01,3.450780e-11,1.279955e-09,1.279955e-11
2.206620e+01,3.430037e-11,1.234976e-09,1.234976e-11
2.206898e+01,3.415456e-11,1.197723e-09,1.197723e-11
2.207177e+01,3.406885e-11,1.168211e-09,1.168211e-11
2.207455e+01,3.404092e-11,1.145985e-09,1.145985e-11
2.207733e+01,3.406698e-11,1.130193e-09,1.130193e-11
2.208012e+01,3.414201e-11,1.119722e-09,1.119722e-11
2.208290e+01,3.426046e-11,1.113356e-09,1.113356e-11
2.208569e+01,3.441441e-11,1.109907e-09,1.109907e-11
2.208847e+01,3.459349e-11,1.108342e-09,1.108342e-11
2.209125e+01,3.478640e-11,1.107890e-09,1.107890e-11
2.209404e+01,3.498083e-11,1.108057e-09,1.108057e-11
2.209682e+01,3.516238e-11,1.108567e-09,1.108567e-11
2.209960e+01,3.531601e-11,1.109288e-09,1.109288e-11
2.210239e+01,3.542756e-11,1.110181e-09,1.110181e-11
2.210517e+01,3.548361e-11,1.111215e-09,1.111215e-11
2.210796e+01,3.547207e-11,1.112263e-09,1.112263e-11
2.211074e+01,3.538329e-11,1.113062e-09,1.113062e-11
2.211352e+01,3.521098e-11,1.113243e-09,1.113243e-11
2.211631e+01,3.495230e-11,1.112353e-09,1.112353e-11
2.211909e+01,3.460788e-11,1.109882e-09,1.109882e-11
2.212187e+01,3.418210e-11,1.105336e-09,1.105336e-11
2.212466e+01,3.368277e-11,1.098307e-09,1.098307e-11
2.212744e+01,3.312043e-11,1.088501e-09,1.088501e-11
2.213022e+01,3.250752e-11,1.075758e-09,1.075758e-11
2.213301e+01,3.185842e-11,1.060089e-09,1.060089e-11
2.213579e+01,3.118864e-11,1.041681e-09,1.041681e-11
2.213858e+01,3.051390e-11,1.020869e-09,1.020869e-11
2.214136e+01,2.984945e-11,9.981217e-10,9.981217e-12
2.214414e+01,2.920985e-11,9.740346e-10,9.740346e-12
2.214693e+01,2.860924e-11,9.493246e-10,9.493246e-12
2.214971e+01,2.806012e-11,9.247729e-10,9.247729e-12
2.215249e+01,2.757254e-11,9.011812e-10,9.011812e-12
2.215528e+01,2.715533e-11,8.793706e-10,8.793706e-12
2.215806e+01,2.681538e-11,8.601306e-10,8.601306e-12
2.216085e+01,2.655660e-11,8.441353e-10,8.441353e-12
2.216363e+01,2.638071e-11,8.318965e-10,8.318965e-12
2.216641e+01,2.628697e-11,8.237267e-10,8.237267e-12
2.216920e+01,2.627143e-11,8.197087e-10,8.197087e-12
2.217198e+01,2.632695e-11,8.196901e-10,8.196901e-12
2.217476e+01,2.644376e-11,8.233152e-10,8.233152e-12
2.217755e+01,2.661022e-11,8.300833e-10,8.300833e-12
2.218033e+01,2.681248e-11,8.393957e-10,8.393957e-12
2.218311e+01,2.703469e-11,8.506020e-10,8.506020e-12
2.218590e+01,2.726086e-11,8.630388e-10,8.630388e-12
2.218868e+01,2.747510e-11,8.760479e-10,8.760479e-12
2.219147e+01,2.766229e-11,8.890148e-10,8.890148e-12
2.219425e+01,2.781009e-11,9.013874e-10,9.013874e-12
2.219703e+01,2.790889e-11,9.126656e-10,9.126656e-12
2.219982e+01,2.795239e-11,9.224348e-10,9.224348e-12
2.220260e+01,2.793881e-11,9.303946e-10,9.303946e-12
2.220538e+01,2.787056e-11,9.363609e-10,9.363609e-12
2.220817e+01,2.775440e-11,9.402817e-10,9.402817e-12
2.221095e+01,2.760068e-11,9.422399e-10,9.422399e-12
2.221373e+01,2.742255e-11,9.424454e-10,9.424454e-12
2.221652e+01,2.723517e-11,9.412120e-10,9.412120e-12
2.221930e+01,2.705438e-11,9.389302e-10,9.389302e-12
2.222209e+01,2.689611e-11,9.360424e-10,9.360424e-12
2.222487e+01,2.677485e-11,9.329870e-10,9.329870e-12
2.222765e+01,2.670289e-11,9.301488e-10,9.301488e-12
2.223044e+01,2.668986e-11,9.278287e-10,9.278287e-12
2.223322e+01,2.674209e-11,9.262083e-10,9.262083e-12
2.223600e+01,2.686272e-11,9.253409e-10,9.253409e-12
2.223879e+01,2.705180e-11,9.251720e-10,9.251720e-12
2.224157e+01,2.730685e-11,9.255662e-10,9.255662e-12
2.224436e+01,2.762240e-11,9.263580e-10,9.263580e-12
2.224714e+01,2.799119e-11,9.274104e-10,9.274104e-12
2.224992e+01,2.840468e-11,9.286584e-10,9.286584e-12
2.225271e+01,2.885284e-11,9.301407e-10,9.301407e-12
2.225549e+01,2.932536e-11,9.320090e-10,9.320090e-12
2.225827e+01,2.981136e-11,9.345072e-10,9.345072e-12
2.226106e+01,3.029919e-11,9.379265e-10,9.379265e-12
2.226384e+01,3.077784e-11,9.425537e-10,9.425537e-12
2.226662e+01,3.123697e-11,9.486154e-10,9.486154e-12
2.226941e+01,3.166699e-11,9.562119e-10,9.562119e-12
2.227219e+01,3.205967e-11,9.652816e-10,9.652816e-12
2.227498e+01,3.240863e-11,9.756037e-10,9.756037e-12
2.227776e+01,3.271031e-11,9.868136e-10,9.868136e-12
2.228054e+01,3.296402e-11,9.984491e-10,9.984491e-12
2.228333e+01,3.317189e-11,1.010028e-09,1.010028e-11
2.228611e+01,3.333970e-11,1.021117e-09,1.021117e-11
2.228889e+01,3.347689e-11,1.031394e-09,1.031394e-11
2.229168e+01,3.359535e-11,1.040714e-09,1.040714e-11
2.229446e+01,3.370939e-11,1.049195e-09,1.049195e-11
2.229725e+01,3.383549e-11,1.057246e-09,1.057246e-11
2.230003e+01,3.399077e-11,1.065553e-09,1.065553e-11
2.230281e+01,3.419216e-11,1.075029e-09,1.075029e-11
2.230560e+01,3.445481e-11,1.086723e-09,1.086723e-11
2.230838e+01,3.479154e-11,1.101705e-09,1.101705e-11
2.231116e+01,3.521254e-11,1.120910e-09,1.120910e-11
2.231395e+01,3.572433e-11,1.144954e-09,1.144954e-11
2.231673e+01,3.632870e-11,1.173990e-09,1.173990e-11
2.231951e+01,3.702325e-11,1.207673e-09,1.207673e-11
2.232230e+01,3.780214e-11,1.245198e-09,1.245198e-11
2.232508e+01,3.865527e-11,1.285363e-09,1.285363e-11
2.232787e+01,3.956892e-11,1.326736e-09,1.326736e-11
2.233065e+01,4.052767e-11,1.367842e-09,1.367842e-11
2.233343e+01,4.151392e-11,1.407282e-09,1.407282e-11
2.233622e+01,4.250874e-11,1.443859e-09,1.443859e-11
2.233900e+01,4.349369e-11,1.476662e-09,1.476662e-11
2.234178e+01,4.445021e-11,1.505072e-09,1.505072e-11
2.234457e+01,4.536060e-11,1.528749e-09,1.528749e-11
2.234735e+01,4.620884e-11,1.547601e-09,1.547601e-11
2.235014e+01,4.697987e-11,1.561732e-09,1.561732e-11
2.235292e+01,4.766122e-11,1.571407e-09,1.571407e-11
2.235570e+01,4.824319e-11,1.576989e-09,1.576989e-11
2.235849e+01,4.871798e-11,1.578896e-09,1.578896e-11
2.236127e+01,4.908038e-11,1.577615e-09,1.577615e-11
2.236405e+01,4.932817e-11,1.573691e-09,1.573691e-11
2.236684e+01,4.946245e-11,1.567725e-09,1.567725e-11
2.236962e+01,4.948735e-11,1.560384e-09,1.560384e-11
2.237240e+01,4.941044e-11,1.552385e-09,1.552385e-11
2.237519e+01,4.924267e-11,1.544469e-09,1.544469e-11
2.237797e+01,4.899755e-11,1.537349e-09,1.537349e-11
2.238076e+01,4.869119e-11,1.531646e-09,1.531646e-11
2.238354e+01,4.834162e-11,1.527807e-09,1.527807e-11
2.238632e+01,4.796785e-11,1.526063e-09,1.526063e-11
2.238911e+01,4.758938e-11,1.526391e-09,1.526391e-11
2.239189e+01,4.722447e-11,1.528504e-09,1.528504e-11
2.239467e+01,4.688931e-11,1.531891e-09,1.531891e-11
2.239746e+01,4.659831e-11,1.535904e-09,1.535904e-11
2.240024e+01,4.636245e-11,1.539847e-09,1.539847e-11
2.240302e+01,4.618871e-11,1.543064e-09,1.543064e-11
2.240581e+01,4.608059e-11,1.545037e-09,1.545037e-11
2.240859e+01,4.603838e-11,1.545472e-09,1.545472e-11
2.241138e+01,4.605881e-11,1.544323e-09,1.544323e-11
2.241416e+01,4.613459e-11,1.541799e-09,1.541799e-11
2.241694e+01,4.625693e-11,1.538352e-09,1.538352e-11
2.241973e+01,4.641536e-11,1.534615e-09,1.534615e-11
2.242251e+01,4.659738e-11,1.531315e-09,1.531315e-11
2.242529e+01,4.679047e-11,1.529170e-09,1.529170e-11
2.242808e+01,4.698129e-11,1.528779e-09,1.528779e-11
2.243086e+01,4.715637e-11,1.530516e-09,1.530516e-11
2.243365e+01,4.730278e-11,1.534470e-09,1.534470e-11
2.243643e+01,4.740803e-11,1.540405e-09,1.540405e-11
2.243921e+01,4.746054e-11,1.547789e-09,1.547789e-11
2.244200e+01,4.745004e-11,1.555847e-09,1.555847e-11
2.244478e+01,4.736728e-11,1.563642e-09,1.563642e-11
2.244756e+01,4.720439e-11,1.570186e-09,1.570186e-11
2.245035e+01,4.695591e-11,1.574536e-09,1.574536e-11
2.245313e+01,4.661824e-11,1.575874e-09,1.575874e-11
2.245591e+01,4.618950e-11,1.573573e-09,1.573573e-11
2.245870e+01,4.567046e-11,1.567238e-09,1.567238e-11
2.246148e+01,4.506460e-11,1.556722e-09,1.556722e-11
2.246427e+01,4.437766e-11,1.542116e-09,1.542116e-11
2.246705e+01,4.361738e-11,1.523724e-09,1.523724e-11
2.246983e+01,4.279399e-11,1.502032e-09,1.502032e-11
2.247262e+01,4.191957e-11,1.477643e-09,1.477643e-11
2.247540e+01,4.100675e-11,1.451218e-09,1.451218e-11
2.247818e+01,4.006942e-11,1.423426e-09,1.423426e-11
2.248097e+01,3.912200e-11,1.394898e-09,1.394898e-11
2.248375e+01,3.817890e-11,1.366181e-09,1.366181e-11
2.248654e+01,3.725466e-11,1.337715e-09,1.337715e-11
2.248932e+01,3.636185e-11,1.309792e-09,1.309792e-11
2.249210e+01,3.551180e-11,1.282575e-09,1.282575e-11
2.249489e+01,3.471532e-11,1.256123e-09,1.256123e-11
2.249767e+01,3.398103e-11,1.230396e-09,1.230396e-11
2.250045e+01,3.331563e-11,1.205288e-09,1.205288e-11
2.250324e+01,3.272464e-11,1.180669e-09,1.180669e-11
2.250602e+01,3.221226e-11,1.156417e-09,1.156417e-11
2.250880e+01,3.178075e-11,1.132439e-09,1.132439e-11
2.251159e+01,3.143108e-11,1.108709e-09,1.108709e-11
2.251437e+01,3.116375e-11,1.085301e-09,1.085301e-11
2.251716e+01,3.097753e-11,1.062398e-09,1.062398e-11
2.251994e+01,3.086954e-11,1.040318e-09,1.040318e-11
2.252272e+01,3.083637e-11,1.019532e-09,1.019532e-11
2.252551e+01,3.087323e-11,1.000651e-09,1.000651e-11
2.252829e+01,3.097343e-11,9.844100e-10,9.844100e-12
2.253107e+01,3.112923e-11,9.716097e-10,9.716097e-12
2.253386e+01,3.133174e-11,9.630442e-10,9.630442e-12
2.253664e+01,3.157026e-11,9.594018e-10,9.594018e-12
2.253943e+01,3.183260e-11,9.611485e-10,9.611485e-12
2.254221e+01,3.210674e-11,9.684620e-10,9.684620e-12
2.254499e+01,3.238033e-11,9.811767e-10,9.811767e-12
2.254778e+01,3.264005e-11,9.987476e-10,9.987476e-12
2.255056e+01,3.287347e-11,1.020304e-09,1.020304e-11
2.255334e+01,3.306947e-11,1.044744e-09,1.044744e-11
2.255613e+01,3.321747e-11,1.070807e-09,1.070807e-11
2.255891e+01,3.330782e-11,1.097163e-09,1.097163e-11
2.256169e+01,3.333260e-11,1.122495e-09,1.122495e-11
2.256448e+01,3.328542e-11,1.145561e-09,1.145561e-11
2.256726e+01,3.316117e-11,1.165221e-09,1.165221e-11
2.257005e+01,3.295662e-11,1.180490e-09,1.180490e-11
2.257283e+01,3.266984e-11,1.190545e-09,1.190545e-11
2.257561e+01,3.230036e-11,1.194715e-09,1.194715e-11
2.257840e+01,3.184954e-11,1.192529e-09,1.192529e-11
2.258118e+01,3.132065e-11,1.183723e-09,1.183723e-11
2.258396e+01,3.071799e-11,1.168204e-09,1.168204e-11
2.258675e+01,3.004752e-11,1.146101e-09,1.146101e-11
2.258953e+01,2.931842e-11,1.117815e-09,1.117815e-11
2.259231e+01,2.854118e-11,1.083981e-09,1.083981e-11
2.259510e+01,2.772772e-11,1.045460e-09,1.045460e-11
2.259788e+01,2.689185e-11,1.003368e-09,1.003368e-11
2.260067e+01,2.604916e-11,9.590727e-10,9.590727e-12
2.260345e+01,2.521689e-11,9.141833e-10,9.141833e-12
2.260623e+01,2.441289e-11,8.704714e-10,8.704714e-12
2.260902e+01,2.365503e-11,8.297722e-10,8.297722e-12
2.261180e+01,2.296089e-11,7.938984e-10,7.938984e-12
2.261458e+01,2.234805e-11,7.644881e-10,7.644881e-12
2.261737e+01,2.183215e-11,7.427920e-10,7.427920e-12
2.262015e+01,2.142606e-11,7.295033e-10,7.295033e-12
2.262294e+01,2.114052e-11,7.246803e-10,7.246803e-12
2.262572e+01,2.098269e-11,7.277729e-10,7.277729e-12
2.262850e+01,2.095570e-11,7.377583e-10,7.377583e-12
2.263129e+01,2.105897e-11,7.533555e-10,7.533555e-12
2.263407e+01,2.128771e-11,7.732420e-10,7.732420e-12
2.263685e+01,2.163349e-11,7.961992e-10,7.961992e-12
2.263964e+01,2.208454e-11,8.211875e-10,8.211875e-12
2.264242e+01,2.262628e-11,8.473778e-10,8.473778e-12
2.264520e+01,2.324261e-11,8.741276e-10,8.741276e-12
2.264799e+01,2.391667e-11,9.009395e-10,9.009395e-12
2.265077e+01,2.463152e-11,9.274260e-10,9.274260e-12
2.265356e+01,2.537107e-11,9.532687e-10,9.532687e-12
2.265634e+01,2.612119e-11,9.781944e-10,9.781944e-12
2.265912e+01,2.686982e-11,1.001960e-09,1.001960e-11
2.266191e+01,2.760730e-11,1.024324e-09,1.024324e-11
2.266469e+01,2.832660e-11,1.045065e-09,1.045065e-11
2.266747e+01,2.902371e-11,1.064011e-09,1.064011e-11
2.267026e+01,2.969708e-11,1.081045e-09,1.081045e-11
2.267304e+01,3.034751e-11,1.096100e-09,1.096100e-11
2.267583e+01,3.097739e-11,1.109180e-09,1.109180e-11
2.267861e+01,3.159035e-11,1.120365e-09,1.120365e-11
2.268139e+01,3.219121e-11,1.129810e-09,1.129810e-11
2.268418e+01,3.278449e-11,1.137751e-09,1.137751e-11
2.268696e+01,3.337474e-11,1.144506e-09,1.144506e-11
2.268974e+01,3.396594e-11,1.150477e-09,1.150477e-11
2.269253e+01,3.456149e-11,1.156138e-09,1.156138e-11
2.269531e+01,3.516319e-11,1.162015e-09,1.162015e-11
2.269809e+01,3.577069e-11,1.168686e-09,1.168686e-11
2.270088e+01,3.638297e-11,1.176787e-09,1.176787e-11
2.270366e+01,3.699684e-11,1.186954e-09,1.186954e-11
2.270645e+01,3.760660e-11,1.199778e-09,1.199778e-11
2.270923e+01,3.820581e-11,1.215805e-09,1.215805e-11
2.271201e+01,3.878718e-11,1.235488e-09,1.235488e-11
2.271480e+01,3.934207e-11,1.259107e-09,1.259107e-11
2.271758e+01,3.986202e-11,1.286758e-09,1.286758e-11
2.272036e+01,4.033967e-11,1.318344e-09,1.318344e-11
2.272315e+01,4.076880e-11,1.353546e-09,1.353546e-11
2.272593e+01,4.114558e-11,1.391843e-09,1.391843e-11
2.272871e+01,4.146995e-11,1.432548e-09,1.432548e-11
2.273150e+01,4.174505e-11,1.474831e-09,1.474831e-11
2.273428e+01,4.197781e-11,1.517790e-09,1.517790e-11
2.273707e+01,4.218019e-11,1.560506e-09,1.560506e-11
2.273985e+01,4.236795e-11,1.602093e-09,1.602093e-11
2.274263e+01,4.256073e-11,1.641763e-09,1.641763e-11
2.274542e+01,4.278112e-11,1.678889e-09,1.678889e-11
2.274820e+01,4.305317e-11,1.713057e-09,1.713057e-11
2.275098e+01,4.340162e-11,1.744123e-09,1.744123e-11
2.275377e+01,4.385009e-11,1.772237e-09,1.772237e-11
2.275655e+01,4.441938e-11,1.797861e-09,1.797861e-11
2.275934e+01,4.512611e-11,1.821773e-09,1.821773e-11
2.276212e+01,4.598070e-11,1.844995e-09,1.844995e-11
2.276490e+01,4.698639e-11,1.868700e-09,1.868700e-11
2.276769e+01,4.813914e-11,1.894094e-09,1.894094e-11
2.277047e+01,4.942641e-11,1.922271e-09,1.922271e-11
2.277325e+01,5.082742e-11,1.954050e-09,1.954050e-11
2.277604e+01,5.231459e-11,1.989837e-09,1.989837e-11
2.277882e+01,5.385421e-11,2.029543e-09,2.029543e-11
2.278160e+01,5.540754e-11,2.072549e-09,2.072549e-11
2.278439e+01,5.693316e-11,2.117745e-09,2.117745e-11
2.278717e+01,5.838828e-11,2.163647e-09,2.163647e-11
2.278996e+01,5.973060e-11,2.208533e-09,2.208533e-11
2.279274e+01,6.092099e-11,2.250596e-09,2.250596e-11
2.279552e+01,6.192412e-11,2.288106e-09,2.288106e-11
2.279831e+01,6.271000e-11,2.319523e-09,2.319523e-11
2.280109e+01,6.325526e-11,2.343614e-09,2.343614e-11
2.280387e+01,6.354351e-11,2.359512e-09,2.359512e-11
2.280666e+01,6.356588e-11,2.366763e-09,2.366763e-11
2.280944e+01,6.332179e-11,2.365362e-09,2.365362e-11
2.281223e+01,6.281893e-11,2.355733e-09,2.355733e-11
2.281501e+01,6.207200e-11,2.338677e-09,2.338677e-11
2.281779e+01,6.110314e-11,2.315331e-09,2.315331e-11
2.282058e+01,5.994097e-11,2.287100e-09,2.287100e-11
2.282336e+01,5.861918e-11,2.255556e-09,2.255556e-11
2.282614e+01,5.717634e-11,2.222324e-09,2.222324e-11
2.282893e+01,5.565382e-11,2.188953e-09,2.188953e-11
2.283171e+01,5.409424e-11,2.156821e-09,2.156821e-11
2.283449e+01,5.254024e-11,2.127062e-09,2.127062e-11
2.283728e+01,5.103236e-11,2.100481e-09,2.100481e-11
2.284006e+01,4.960789e-11,2.077522e-09,2.077522e-11
2.284285e+01,4.829922e-11,2.058308e-09,2.058308e-11
2.284563e+01,4.713270e-11,2.042714e-09,2.042714e-11
2.284841e+01,4.612777e-11,2.030405e-09,2.030405e-11
2.285120e+01,4.529626e-11,2.020916e-09,2.020916e-11
2.285398e+01,4.464253e-11,2.013742e-09,2.013742e-11
2.285676e+01,4.416359e-11,2.008383e-09,2.008383e-11
2.285955e+01,4.385055e-11,2.004366e-09,2.004366e-11
2.286233e+01,4.368859e-11,2.001239e-09,2.001239e-11
2.286512e+01,4.365823e-11,1.998559e-09,1.998559e-11
2.286790e+01,4.373773e-11,1.995883e-09,1.995883e-11
2.287068e+01,4.390365e-11,1.992772e-09,1.992772e-11
2.287347e+01,4.413257e-11,1.988782e-09,1.988782e-11
2.287625e+01,4.440180e-11,1.983474e-09,1.983474e-11
2.287903e+01,4.469045e-11,1.976441e-09,1.976441e-11
2.288182e+01,4.498034e-11,1.967339e-09,1.967339e-11
2.288460e+01,4.525561e-11,1.955912e-09,1.955912e-11
2.288738e+01,4.550380e-11,1.942023e-09,1.942023e-11
2.289017e+01,4.571530e-11,1.925668e-09,1.925668e-11
2.289295e+01,4.588188e-11,1.906960e-09,1.906960e-11
2.289574e+01,4.599761e-11,1.886139e-09,1.886139e-11
2.289852e+01,4.605841e-11,1.863563e-09,1.863563e-11
2.290130e+01,4.606051e-11,1.839662e-09,1.839662e-11
2.290409e+01,4.600103e-11,1.814900e-09,1.814900e-11
2.290687e+01,4.587781e-11,1.789774e-09,1.789774e-11
2.290965e+01,4.568931e-11,1.764772e-09,1.764772e-11
2.291244e+01,4.543488e-11,1.740334e-09,1.740334e-11
2.291522e+01,4.511416e-11,1.716812e-09,1.716812e-11
2.291800e+01,4.472778e-11,1.694479e-09,1.694479e-11
2.292079e+01,4.427799e-11,1.673536e-09,1.673536e-11
2.292357e+01,4.376834e-11,1.654095e-09,1.654095e-11
2.292636e+01,4.320382e-11,1.636193e-09,1.636193e-11
2.292914e+01,4.259077e-11,1.619808e-09,1.619808e-11
2.293192e+01,4.193640e-11,1.604852e-09,1.604852e-11
2.293471e+01,4.124900e-11,1.591206e-09,1.591206e-11
2.293749e+01,4.053777e-11,1.578739e-09,1.578739e-11
2.294027e+01,3.981227e-11,1.567300e-09,1.567300e-11
2.294306e+01,3.908247e-11,1.556727e-09,1.556727e-11
2.294584e+01,3.835875e-11,1.546854e-09,1.546854e-11
2.294863e+01,3.765159e-11,1.537504e-09,1.537504e-11
2.295141e+01,3.697129e-11,1.528468e-09,1.528468e-11
2.295419e+01,3.632832e-11,1.519511e-09,1.519511e-11
2.295698e+01,3.573318e-11,1.510378e-09,1.510378e-11
2.295976e+01,3.519583e-11,1.500813e-09,1.500813e-11
2.296254e+01,3.472560e-11,1.490555e-09,1.490555e-11
2.296533e+01,3.433059e-11,1.479361e-09,1.479361e-11
2.296811e+01,3.401694e-11,1.467031e-09,1.467031e-11
2.297089e+01,3.378835e-11,1.453436e-09,1.453436e-11
2.297368e+01,3.364569e-11,1.438540e-09,1.438540e-11
2.297646e+01,3.358627e-11,1.422414e-09,1.422414e-11
2.297925e+01,3.360334e-11,1.405229e-09,1.405229e-11
2.298203e+01,3.368677e-11,1.387241e-09,1.387241e-11
2.298481e+01,3.382301e-11,1.368751e-09,1.368751e-11
2.298760e+01,3.399481e-11,1.350054e-09,1.350054e-11
2.299038e+01,3.418269e-11,1.331369e-09,1.331369e-11
2.299316e+01,3.436586e-11,1.312788e-09,1.312788e-11
2.299595e+01,3.452280e-11,1.294246e-09,1.294246e-11
2.299873e+01,3.463360e-11,1.275512e-09,1.275512e-11
2.300152e+01,3.468060e-11,1.256203e-09,1.256203e-11
2.300430e+01,3.464749e-11,1.235821e-09,1.235821e-11
2.300708e+01,3.452241e-11,1.213835e-09,1.213835e-11
2.300987e+01,3.429823e-11,1.189776e-09,1.189776e-11
2.301265e+01,3.397153e-11,1.163280e-09,1.163280e-11
2.301543e+01,3.354391e-11,1.134151e-09,1.134151e-11
2.301822e+01,3.302137e-11,1.102406e-09,1.102406e-11
2.302100e+01,3.241396e-11,1.068264e-09,1.068264e-11
2.302378e+01,3.173435e-11,1.032121e-09,1.032121e-11
2.302657e+01,3.099776e-11,9.945603e-10,9.945603e-12
2.302935e+01,3.022131e-11,9.563125e-10,9.563125e-12
2.303214e+01,2.942266e-11,9.182048e-10,9.182048e-12
2.303492e+01,2.861990e-11,8.811224e-10,8.811224e-12
2.303770e+01,2.783034e-11,8.459692e-10,8.459692e-12
2.304049e+01,2.707001e-11,8.136072e-10,8.136072e-12
2.304327e+01,2.635352e-11,7.848106e-10,7.848106e-12
2.304605e+01,2.569363e-11,7.602022e-10,7.602022e-12
2.304884e+01,2.510070e-11,7.401807e-10,7.401807e-12
2.305162e+01,2.458304e-11,7.248902e-10,7.248902e-12
2.305441e+01,2.414668e-11,7.141914e-10,7.141914e-12
2.305719e+01,2.379439e-11,7.076596e-10,7.076596e-12
2.305997e+01,2.352623e-11,7.046673e-10,7.046673e-12
2.306276e+01,2.334018e-11,7.044668e-10,7.044668e-12
2.306554e+01,2.323150e-11,7.062647e-10,7.062647e-12
2.306832e+01,2.319259e-11,7.093161e-10,7.093161e-12
2.307111e+01,2.321403e-11,7.129826e-10,7.129826e-12
2.307389e+01,2.328465e-11,7.167493e-10,7.167493e-12
2.307667e+01,2.339192e-11,7.202368e-10,7.202368e-12
2.307946e+01,2.352316e-11,7.231945e-10,7.231945e-12
2.308224e+01,2.366599e-11,7.254744e-10,7.254744e-12
2.308503e+01,2.380877e-11,7.270067e-10,7.270067e-12
2.308781e+01,2.394174e-11,7.277921e-10,7.277921e-12
2.309059e+01,2.405755e-11,7.279018e-10,7.279018e-12
2.309338e+01,2.415187e-11,7.274816e-10,7.274816e-12
2.309616e+01,2.422347e-11,7.267465e-10,7.267465e-12
2.309894e+01,2.427380e-11,7.259732e-10,7.259732e-12
2.310173e+01,2.430712e-11,7.255004e-10,7.255004e-12
2.310451e+01,2.433040e-11,7.257243e-10,7.257243e-12
2.310729e+01,2.435246e-11,7.270619e-10,7.270619e-12
2.311008e+01,2.438285e-11,7.299006e-10,7.299006e-12
2.311286e+01,2.443138e-11,7.345818e-10,7.345818e-12
2.311565e+01,2.450795e-11,7.413942e-10,7.413942e-12
2.311843e+01,2.462224e-11,7.505484e-10,7.505484e-12
2.312121e+01,2.478230e-11,7.621736e-10,7.621736e-12
2.312400e+01,2.499468e-11,7.763499e-10,7.763499e-12
2.312678e+01,2.526538e-11,7.931279e-10,7.931279e-12
2.312956e+01,2.559842e-11,8.125240e-10,8.125240e-12
2.313235e+01,2.599568e-11,8.345433e-10,8.345433e-12
2.313513e+01,2.645835e-11,8.592078e-10,8.592078e-12
2.313792e+01,2.698623e-11,8.865335e-10,8.865335e-12
2.314070e+01,2.757699e-11,9.164817e-10,9.164817e-12
2.314348e+01,2.822691e-11,9.489527e-10,9.489527e-12
2.314627e+01,2.893147e-11,9.837935e-10,9.837935e-12
2.314905e+01,2.968463e-11,1.020741e-09,1.020741e-11
2.315183e+01,3.047810e-11,1.059394e-09,1.059394e-11
2.315462e+01,3.130279e-11,1.099255e-09,1.099255e-11
2.315740e+01,3.214891e-11,1.139743e-09,1.139743e-11
2.316018e+01,3.300459e-11,1.180175e-09,1.180175e-11
2.316297e+01,3.385724e-11,1.219814e-09,1.219814e-11
2.316575e+01,3.469411e-11,1.257937e-09,1.257937e-11
2.316854e+01,3.550226e-11,1.293866e-09,1.293866e-11
2.317132e+01,3.626889e-11,1.326979e-09,1.326979e-11
2.317410e+01,3.698162e-11,1.356749e-09,1.356749e-11
2.317689e+01,3.762920e-11,1.382791e-09,1.382791e-11
2.317967e+01,3.820217e-11,1.404867e-09,1.404867e-11
2.318245e+01,3.869253e-11,1.422882e-09,1.422882e-11
2.318524e+01,3.909441e-11,1.436907e-09,1.436907e-11
2.318802e+01,3.940481e-11,1.447155e-09,1.447155e-11
2.319081e+01,3.962278e-11,1.453953e-09,1.453953e-11
2.319359e+01,3.974935e-11,1.457730e-09,1.457730e-11
2.319637e+01,3.978765e-11,1.458980e-09,1.458980e-11
2.319916e+01,3.974273e-11,1.458236e-09,1.458236e-11
2.320194e+01,3.962121e-11,1.456047e-09,1.456047e-11
2.320472e+01,3.943016e-11,1.452936e-09,1.452936e-11
2.320751e+01,3.917705e-11,1.449371e-09,1.449371e-11
2.321029e+01,3.886984e-11,1.445744e-09,1.445744e-11
2.321307e+01,3.851634e-11,1.442355e-09,1.442355e-11
2.321586e+01,3.812356e-11,1.439388e-09,1.439388e-11
2.321864e+01,3.769821e-11,1.436902e-09,1.436902e-11
2.322143e+01,3.724672e-11,1.434837e-09,1.434837e-11
2.322421e+01,3.677450e-11,1.433017e-09,1.433017e-11
2.322699e+01,3.628673e-11,1.431168e-09,1.431168e-11
2.322978e+01,3.578871e-11,1.428949e-09,1.428949e-11
2.323256e+01,3.528496e-11,1.425980e-09,1.425980e-11
2.323534e+01,3.477962e-11,1.421873e-09,1.421873e-11
2.323813e+01,3.427682e-11,1.416279e-09,1.416279e-11
2.324091e+01,3.378028e-11,1.408921e-09,1.408921e-11
2.324370e+01,3.329305e-11,1.399608e-09,1.399608e-11
2.324648e+01,3.281752e-11,1.388251e-09,1.388251e-11
2.324926e+01,3.235554e-11,1.374881e-09,1.374881e-11
2.325205e+01,3.190851e-11,1.359636e-09,1.359636e-11
2.325483e+01,3.147707e-11,1.342746e-09,1.342746e-11
2.325761e+01,3.106161e-11,1.324513e-09,1.324513e-11
2.326040e+01,3.066228e-11,1.305271e-09,1.305271e-11
2.326318e+01,3.027907e-11,1.285367e-09,1.285367e-11
2.326596e+01,2.991249e-11,1.265135e-09,1.265135e-11
2.326875e+01,2.956307e-11,1.244870e-09,1.244870e-11
2.327153e+01,2.923218e-11,1.224811e-09,1.224811e-11
2.327432e+01,2.892227e-11,1.205151e-09,1.205151e-11
2.327710e+01,2.863660e-11,1.186041e-09,1.186041e-11
2.327988e+01,2.837918e-11,1.167603e-09,1.167603e-11
2.328267e+01,2.815481e-11,1.149946e-09,1.149946e-11
2.328545e+01,2.796914e-11,1.133194e-09,1.133194e-11
2.328823e+01,2.782801e-11,1.117509e-09,1.117509e-11
2.329102e+01,2.773736e-11,1.103095e-09,1.103095e-11
2.329380e+01,2.770251e-11,1.090196e-09,1.090196e-11
2.329658e+01,2.772832e-11,1.079102e-09,1.079102e-11
2.329937e+01,2.781804e-11,1.070131e-09,1.070131e-11
2.330215e+01,2.797309e-11,1.063596e-09,1.063596e-11
2.330494e+01,2.819309e-11,1.059775e-09,1.059775e-11
2.330772e+01,2.847524e-11,1.058896e-09,1.058896e-11
2.331050e+01,2.881446e-11,1.061096e-09,1.061096e-11
2.331329e+01,2.920335e-11,1.066396e-09,1.066396e-11
2.331607e+01,2.963241e-11,1.074690e-09,1.074690e-11
2.331885e+01,3.009043e-11,1.085747e-09,1.085747e-11
2.332164e+01,3.056516e-11,1.099212e-09,1.099212e-11
2.332442e+01,3.104307e-11,1.114620e-09,1.114620e-11
2.332721e+01,3.151058e-11,1.131416e-09,1.131416e-11
2.332999e+01,3.195433e-11,1.148970e-09,1.148970e-11
2.333277e+01,3.236129e-11,1.166601e-09,1.166601e-11
2.333556e+01,3.271976e-11,1.183599e-09,1.183599e-11
2.333834e+01,3.301890e-11,1.199234e-09,1.199234e-11
2.334112e+01,3.324942e-11,1.212775e-09,1.212775e-11
2.334391e+01,3.340334e-11,1.223526e-09,1.223526e-11
2.334669e+01,3.347415e-11,1.230847e-09,1.230847e-11
2.334947e+01,3.345737e-11,1.234173e-09,1.234173e-11
2.335226e+01,3.335030e-11,1.233055e-09,1.233055e-11
2.335504e+01,3.315211e-11,1.227183e-09,1.227183e-11
2.335783e+01,3.286417e-11,1.216408e-09,1.216408e-11
2.336061e+01,3.249045e-11,1.200769e-09,1.200769e-11
2.336339e+01,3.203729e-11,1.180511e-09,1.180511e-11
2.336618e+01,3.151360e-11,1.156087e-09,1.156087e-11
2.336896e+01,3.093085e-11,1.128157e-09,1.128157e-11
2.337174e+01,3.030257e-11,1.097577e-09,1.097577e-11
2.337453e+01,2.964409e-11,1.065383e-09,1.065383e-11
2.337731e+01,2.897246e-11,1.032752e-09,1.032752e-11
2.338010e+01,2.830522e-11,1.000956e-09,1.000956e-11
2.338288e+01,2.765962e-11,9.712911e-10,9.712911e-12
2.338566e+01,2.705273e-11,9.450012e-10,9.450012e-12
2.338845e+01,2.650037e-11,9.231855e-10,9.231855e-12
2.339123e+01,2.601635e-11,9.067080e-10,9.067080e-12
2.339401e+01,2.561255e-11,8.961199e-10,8.961199e-12
2.339680e+01,2.529879e-11,8.916112e-10,8.916112e-12
2.339958e+01,2.508221e-11,8.929947e-10,8.929947e-12
2.340236e+01,2.496741e-11,8.997453e-10,8.997453e-12
2.340515e+01,2.495702e-11,9.110833e-10,9.110833e-12
2.340793e+01,2.505208e-11,9.260672e-10,9.260672e-12
2.341072e+01,2.525131e-11,9.436879e-10,9.436879e-12
2.341350e+01,2.555209e-11,9.629512e-10,9.629512e-12
2.341628e+01,2.595080e-11,9.829310e-10,9.829310e-12
2.341907e+01,2.644208e-11,1.002829e-09,1.002829e-11
2.342185e+01,2.701953e-11,1.022030e-09,1.022030e-11
2.342463e+01,2.767598e-11,1.040098e-09,1.040098e-11
2.342742e+01,2.840232e-11,1.056763e-09,1.056763e-11
2.343020e+01,2.918764e-11,1.071949e-09,1.071949e-11
2.343299e+01,3.002014e-11,1.085766e-09,1.085766e-11
2.343577e+01,3.088607e-11,1.098470e-09,1.098470e-11
2.343855e+01,3.177020e-11,1.110418e-09,1.110418e-11
2.344134e+01,3.265584e-11,1.122018e-09,1.122018e-11
2.344412e+01,3.352542e-11,1.133658e-09,1.133658e-11
2.344690e+01,3.436137e-11,1.145630e-09,1.145630e-11
2.344969e+01,3.514545e-11,1.158072e-09,1.158072e-11
2.345247e+01,3.586094e-11,1.170952e-09,1.170952e-11
2.345525e+01,3.649321e-11,1.184052e-09,1.184052e-11
2.345804e+01,3.702940e-11,1.196964e-09,1.196964e-11
2.346082e+01,3.746065e-11,1.209148e-09,1.209148e-11
2.346361e+01,3.778158e-11,1.219975e-09,1.219975e-11
2.346639e+01,3.799001e-11,1.228773e-09,1.228773e-11
2.346917e+01,3.808820e-11,1.234907e-09,1.234907e-11
2.347196e+01,3.808252e-11,1.237825e-09,1.237825e-11
2.347474e+01,3.798191e-11,1.237066e-09,1.237066e-11
2.347752e+01,3.779771e-11,1.232327e-09,1.232327e-11
2.348031e+01,3.754498e-11,1.223527e-09,1.223527e-11
2.348309e+01,3.724003e-11,1.210811e-09,1.210811e-11
2.348587e+01,3.689893e-11,1.194567e-09,1.194567e-11
2.348866e+01,3.653955e-11,1.175495e-09,1.175495e-11
2.349144e+01,3.618020e-11,1.154599e-09,1.154599e-11
2.349423e+01,3.583743e-11,1.133142e-09,1.133142e-11
2.349701e+01,3.552762e-11,1.112619e-09,1.112619e-11
2.349979e+01,3.526663e-11,1.094660e-09,1.094660e-11
2.350258e+01,3.506792e-11,1.080868e-09,1.080868e-11
2.350536e+01,3.494314e-11,1.072640e-09,1.072640e-11
2.350814e+01,3.490178e-11,1.070975e-09,1.070975e-11
2.351093e+01,3.494949e-11,1.076319e-09,1.076319e-11
2.351371e+01,3.508839e-11,1.088505e-09,1.088505e-11
2.351650e+01,3.531709e-11,1.106796e-09,1.106796e-11
2.351928e+01,3.562994e-11,1.130006e-09,1.130006e-11
2.352206e+01,3.601788e-11,1.156682e-09,1.156682e-11
2.352485e+01,3.646762e-11,1.185269e-09,1.185269e-11
2.352763e+01,3.696212e-11,1.214246e-09,1.214246e-11
2.353041e+01,3.748234e-11,1.242243e-09,1.242243e-11
2.353320e+01,3.800809e-11,1.268108e-09,1.268108e-11
2.353598e+01,3.851875e-11,1.290920e-09,1.290920e-11
2.353876e+01,3.899373e-11,1.309974e-09,1.309974e-11
2.354155e+01,3.941420e-11,1.324792e-09,1.324792e-11
2.354433e+01,3.976449e-11,1.335127e-09,1.335127e-11
2.354712e+01,4.003207e-11,1.340924e-09,1.340924e-11
2.354990e+01,4.020747e-11,1.342292e-09,1.342292e-11
2.355268e+01,4.028509e-11,1.339483e-09,1.339483e-11
2.355547e+01,4.026350e-11,1.332850e-09,1.332850e-11
2.355825e+01,4.014516e-11,1.322821e-09,1.322821e-11
2.356103e+01,3.993477e-11,1.309827e-09,1.309827e-11
2.356382e+01,3.963820e-11,1.294262e-09,1.294262e-11
2.356660e+01,3.926440e-11,1.276486e-09,1.276486e-11
2.356939e+01,3.882312e-11,1.256810e-09,1.256810e-11
2.357217e+01,3.832358e-11,1.235470e-09,1.235470e-11
2.357495e+01,3.777567e-11,1.212691e-09,1.212691e-11
2.357774e+01,3.718909e-11,1.188725e-09,1.188725e-11
2.358052e+01,3.657245e-11,1.163857e-09,1.163857e-11
2.358330e+01,3.593317e-11,1.138440e-09,1.138440e-11
2.358609e+01,3.527877e-11,1.112938e-09,1.112938e-11
2.358887e+01,3.461637e-11,1.087902e-09,1.087902e-11
2.359165e+01,3.395177e-11,1.063931e-09,1.063931e-11
2.359444e+01,3.329091e-11,1.041618e-09,1.041618e-11
2.359722e+01,3.263937e-11,1.021463e-09,1.021463e-11
2.360001e+01,3.200164e-11,1.003796e-09,1.003796e-11
2.360279e+01,3.138225e-11,9.887212e-10,9.887212e-12
2.360557e+01,3.078509e-11,9.760827e-10,9.760827e-12
2.360836e+01,3.021315e-11,9.654720e-10,9.654720e-12
2.361114e+01,2.966889e-11,9.562735e-10,9.562735e-12
2.361392e+01,2.915364e-11,9.477304e-10,9.477304e-12
2.361671e+01,2.866806e-11,9.390723e-10,9.390723e-12
2.361949e+01,2.821313e-11,9.296364e-10,9.296364e-12
2.362227e+01,2.778949e-11,9.189176e-10,9.189176e-12
2.362506e+01,2.739713e-11,9.066219e-10,9.066219e-12
2.362784e+01,2.703769e-11,8.927579e-10,8.927579e-12
2.363063e+01,2.671377e-11,8.776622e-10,8.776622e-12
2.363341e+01,2.642785e-11,8.619604e-10,8.619604e-12
2.363619e+01,2.618390e-11,8.465440e-10,8.465440e-12
2.363898e+01,2.598646e-11,8.325354e-10,8.325354e-12
2.364176e+01,2.584028e-11,8.212004e-10,8.212004e-12
2.364454e+01,2.574999e-11,8.138124e-10,8.138124e-12
2.364733e+01,2.571865e-11,8.115210e-10,8.115210e-12
2.365011e+01,2.574837e-11,8.152421e-10,8.152421e-12
2.365290e+01,2.583938e-11,8.255272e-10,8.255272e-12
2.365568e+01,2.598895e-11,8.424888e-10,8.424888e-12
2.365846e+01,2.619251e-11,8.658212e-10,8.658212e-12
2.366125e+01,2.644365e-11,8.948442e-10,8.948442e-12
2.366403e+01,2.673374e-11,9.285818e-10,9.285818e-12
2.366681e+01,2.705274e-11,9.658902e-10,9.658902e-12
2.366960e+01,2.739057e-11,1.005573e-09,1.005573e-11
2.367238e+01,2.773726e-11,1.046458e-09,1.046458e-11
2.367516e+01,2.808341e-11,1.087473e-09,1.087473e-11
2.367795e+01,2.842146e-11,1.127712e-09,1.127712e-11
2.368073e+01,2.874575e-11,1.166465e-09,1.166465e-11
2.368352e+01,2.905292e-11,1.203229e-09,1.203229e-11
2.368630e+01,2.934147e-11,1.237704e-09,1.237704e-11
2.368908e+01,2.961195e-11,1.269775e-09,1.269775e-11
2.369187e+01,2.986733e-11,1.299473e-09,1.299473e-11
2.369465e+01,3.011142e-11,1.326924e-09,1.326924e-11
2.369743e+01,3.034914e-11,1.352294e-09,1.352294e-11
2.370022e+01,3.058614e-11,1.375735e-09,1.375735e-11
2.370300e+01,3.082740e-11,1.397331e-09,1.397331e-11
2.370579e+01,3.107833e-11,1.417074e-09,1.417074e-11
2.370857e+01,3.134337e-11,1.434834e-09,1.434834e-11
2.371135e+01,3.162579e-11,1.450365e-09,1.450365e-11
2.371414e+01,3.192820e-11,1.463326e-09,1.463326e-11
2.371692e+01,3.225150e-11,1.473304e-09,1.473304e-11
2.371970e+01,3.259617e-11,1.479864e-09,1.479864e-11
2.372249e+01,3.296087e-11,1.482588e-09,1.482588e-11
2.372527e+01,3.334282e-11,1.481117e-09,1.481117e-11
2.372805e+01,3.373839e-11,1.475198e-09,1.475198e-11
2.373084e+01,3.414204e-11,1.464716e-09,1.464716e-11
2.373362e+01,3.454782e-11,1.449725e-09,1.449725e-11
2.373641e+01,3.494799e-11,1.430447e-09,1.430447e-11
2.373919e+01,3.533358e-11,1.407266e-09,1.407266e-11
2.374197e+01,3.569576e-11,1.380727e-09,1.380727e-11
2.374476e+01,3.602487e-11,1.351499e-09,1.351499e-11
2.374754e+01,3.631082e-11,1.320316e-09,1.320316e-11
2.375032e+01,3.654417e-11,1.287931e-09,1.287931e-11
2.375311e+01,3.671670e-11,1.255078e-09,1.255078e-11
2.375589e+01,3.682207e-11,1.222419e-09,1.222419e-11
2.375868e+01,3.685604e-11,1.190502e-09,1.190502e-11
2.376146e+01,3.681675e-11,1.159764e-09,1.159764e-11
2.376424e+01,3.670580e-11,1.130534e-09,1.130534e-11
2.376703e+01,3.652772e-11,1.103042e-09,1.103042e-11
2.376981e+01,3.629010e-11,1.077475e-09,1.077475e-11
2.377259e+01,3.600395e-11,1.054022e-09,1.054022e-11
2.377538e+01,3.568184e-11,1.032869e-09,1.032869e-11
2.377816e+01,3.533733e-11,1.014231e-09,1.014231e-11
2.378094e+01,3.498500e-11,9.983624e-10,9.983624e-12
2.378373e+01,3.463884e-11,9.855149e-10,9.855149e-12
2.378651e+01,3.431070e-11,9.759109e-10,9.759109e-12
2.378930e+01,3.401076e-11,9.697153e-10,9.697153e-12
2.379208e+01,3.374619e-11,9.669905e-10,9.669905e-12
2.379486e+01,3.352018e-11,9.676592e-10,9.676592e-12
2.379765e+01,3.333289e-11,9.714916e-10,9.714916e-12
2.380043e+01,3.318140e-11,9.781146e-10,9.781146e-12
2.380321e+01,3.305983e-11,9.870246e-10,9.870246e-12
2.380600e+01,3.295936e-11,9.975965e-10,9.975965e-12
2.380878e+01,3.286949e-11,1.009124e-09,1.009124e-11
2.381156e+01,3.277894e-11,1.020871e-09,1.020871e-11
2.381435e+01,3.267608e-11,1.032101e-09,1.032101e-11
2.381713e+01,3.254966e-11,1.042107e-09,1.042107e-11
2.381992e+01,3.238937e-11,1.050257e-09,1.050257e-11
2.382270e+01,3.218704e-11,1.056028e-09,1.056028e-11
2.382548e+01,3.193602e-11,1.059001e-09,1.059001e-11
2.382827e+01,3.163190e-11,1.058882e-09,1.058882e-11
2.383105e+01,3.127393e-11,1.055537e-09,1.055537e-11
2.383383e+01,3.086392e-11,1.048975e-09,1.048975e-11
2.383662e+01,3.040624e-11,1.039313e-09,1.039313e-11
2.383940e+01,2.990767e-11,1.026767e-09,1.026767e-11
2.384219e+01,2.937733e-11,1.011636e-09,1.011636e-11
2.384497e+01,2.882692e-11,9.943032e-10,9.943032e-12
2.384775e+01,2.826948e-11,9.751926e-10,9.751926e-12
2.385054e+01,2.771819e-11,9.547378e-10,9.547378e-12
2.385332e+01,2.718700e-11,9.333959e-10,9.333959e-12
2.385610e+01,2.668950e-11,9.116511e-10,9.116511e-12
2.385889e+01,2.623787e-11,8.900087e-10,8.900087e-12
2.386167e+01,2.584277e-11,8.690041e-10,8.690041e-12
2.386445e+01,2.551218e-11,8.492051e-10,8.492051e-12
2.386724e+01,2.525147e-11,8.312147e-10,8.312147e-12
2.387002e+01,2.506324e-11,8.156644e-10,8.156644e-12
2.387281e+01,2.494681e-11,8.031681e-10,8.031681e-12
2.387559e+01,2.489806e-11,7.942556e-10,7.942556e-12
2.387837e+01,2.490946e-11,7.893071e-10,7.893071e-12
2.388116e+01,2.497082e-11,7.884895e-10,7.884895e-12
2.388394e+01,2.506978e-11,7.917119e-10,7.917119e-12
2.388672e+01,2.519194e-11,7.985918e-10,7.985918e-12
2.388951e+01,2.532157e-11,8.084672e-10,8.084672e-12
2.389229e+01,2.544289e-11,8.204736e-10,8.204736e-12
2.389508e+01,2.554155e-11,8.336271e-10,8.336271e-12
2.389786e+01,2.560496e-11,8.469057e-10,8.469057e-12
2.390064e+01,2.562237e-11,8.593277e-10,8.593277e-12
2.390343e+01,2.558638e-11,8.700204e-10,8.700204e-12
2.390621e+01,2.549418e-11,8.782993e-10,8.782993e-12
2.390899e+01,2.534695e-11,8.836925e-10,8.836925e-12
2.391178e+01,2.514933e-11,8.859329e-10,8.859329e-12
2.391456e+01,2.491066e-11,8.849952e-10,8.849952e-12
2.391734e+01,2.464371e-11,8.810710e-10,8.810710e-12
2.392013e+01,2.436334e-11,8.745094e-10,8.745094e-12
2.392291e+01,2.408687e-11,8.658253e-10,8.658253e-12
2.392570e+01,2.383233e-11,8.556736e-10,8.556736e-12
2.392848e+01,2.361781e-11,8.447998e-10,8.447998e-12
2.393126e+01,2.346072e-11,8.340264e-10,8.340264e-12
2.393405e+01,2.337605e-11,8.242287e-10,8.242287e-12
2.393683e+01,2.337673e-11,8.163226e-10,8.163226e-12
2.393961e+01,2.347305e-11,8.112444e-10,8.112444e-12
2.394240e+01,2.367151e-11,8.099012e-10,8.099012e-12
2.394518e+01,2.397532e-11,8.131268e-10,8.131268e-12
2.394797e+01,2.438411e-11,8.216026e-10,8.216026e-12
2.395075e+01,2.489396e-11,8.357682e-10,8.357682e-12
2.395353e+01,2.549826e-11,8.557672e-10,8.557672e-12
2.395632e+01,2.618722e-11,8.813978e-10,8.813978e-12
2.395910e+01,2.694850e-11,9.121070e-10,9.121070e-12
2.396188e+01,2.776826e-11,9.470493e-10,9.470493e-12
2.396467e+01,2.863177e-11,9.851587e-10,9.851587e-12
2.396745e+01,2.952313e-11,1.025233e-09,1.025233e-11
2.397023e+01,3.042593e-11,1.066032e-09,1.066032e-11
2.397302e+01,3.132484e-11,1.106372e-09,1.106372e-11
2.397580e+01,3.220503e-11,1.145179e-09,1.145179e-11
2.397859e+01,3.305289e-11,1.181546e-09,1.181546e-11
2.398137e+01,3.385694e-11,1.214747e-09,1.214747e-11
2.398415e+01,3.460709e-11,1.244248e-09,1.244248e-11
2.398694e+01,3.529570e-11,1.269709e-09,1.269709e-11
2.398972e+01,3.591727e-11,1.290950e-09,1.290950e-11
2.399250e+01,3.646808e-11,1.307932e-09,1.307932e-11
2.399529e+01,3.694750e-11,1.320746e-09,1.320746e-11
2.399807e+01,3.735649e-11,1.329551e-09,1.329551e-11
2.400085e+01,3.769697e-11,1.334538e-09,1.334538e-11
2.400364e+01,3.797302e-11,1.335949e-09,1.335949e-11
2.400642e+01,3.818938e-11,1.334031e-09,1.334031e-11
2.400921e+01,3.835100e-11,1.329022e-09,1.329022e-11
2.401199e+01,3.846298e-11,1.321163e-09,1.321163e-11
2.401477e+01,3.852892e-11,1.310677e-09,1.310677e-11
2.401756e+01,3.855192e-11,1.297800e-09,1.297800e-11
2.402034e+01,3.853450e-11,1.282795e-09,1.282795e-11
2.402312e+01,3.847662e-11,1.265941e-09,1.265941e-11
2.402591e+01,3.837679e-11,1.247543e-09,1.247543e-11
2.402869e+01,3.823263e-11,1.227957e-09,1.227957e-11
2.403148e+01,3.804149e-11,1.207575e-09,1.207575e-11
2.403426e+01,3.780062e-11,1.186815e-09,1.186815e-11
2.403704e+01,3.750682e-11,1.166101e-09,1.166101e-11
2.403983e+01,3.715841e-11,1.145849e-09,1.145849e-11
2.404261e+01,3.675543e-11,1.126440e-09,1.126440e-11
2.404539e+01,3.629970e-11,1.108185e-09,1.108185e-11
2.404818e+01,3.579486e-11,1.091316e-09,1.091316e-11
2.405096e+01,3.524613e-11,1.075975e-09,1.075975e-11
2.405374e+01,3.466102e-11,1.062224e-09,1.062224e-11
2.405653e+01,3.404896e-11,1.050070e-09,1.050070e-11
2.405931e+01,3.342007e-11,1.039483e-09,1.039483e-11
2.406210e+01,3.278453e-11,1.030407e-09,1.030407e-11
2.406488e+01,3.215288e-11,1.022819e-09,1.022819e-11
2.406766e+01,3.153584e-11,1.016745e-09,1.016745e-11
2.407045e+01,3.094375e-11,1.012263e-09,1.012263e-11
2.407323e+01,3.038596e-11,1.009498e-09,1.009498e-11
2.407601e+01,2.987129e-11,1.008610e-09,1.008610e-11
2.407880e+01,2.940836e-11,1.009779e-09,1.009779e-11
2.408158e+01,2.900463e-11,1.013174e-09,1.013174e-11
2.408437e+01,2.866760e-11,1.018936e-09,1.018936e-11
2.408715e+01,2.840422e-11,1.027142e-09,1.027142e-11
2.408993e+01,2.822026e-11,1.037809e-09,1.037809e-11
2.409272e+01,2.812168e-11,1.050888e-09,1.050888e-11
2.409550e+01,2.811330e-11,1.066261e-09,1.066261e-11
2.409828e+01,2.819824e-11,1.083737e-09,1.083737e-11
2.410107e+01,2.837897e-11,1.103077e-09,1.103077e-11
2.410385e+01,2.865619e-11,1.124004e-09,1.124004e-11
2.410663e+01,2.902817e-11,1.146196e-09,1.146196e-11
2.410942e+01,2.949135e-11,1.169301e-09,1.169301e-11
2.411220e+01,3.004021e-11,1.192942e-09,1.192942e-11
2.411499e+01,3.066668e-11,1.216719e-09,1.216719e-11
2.411777e+01,3.136076e-11,1.240218e-09,1.240218e-11
2.412055e+01,3.211099e-11,1.263022e-09,1.263022e-11
2.412334e+01,3.290417e-11,1.284725e-09,1.284725e-11
2.412612e+01,3.372603e-11,1.304952e-09,1.304952e-11
2.412890e+01,3.456152e-11,1.323379e-09,1.323379e-11
2.413169e+01,3.539500e-11,1.339758e-09,1.339758e-11
2.413447e+01,3.621128e-11,1.353938e-09,1.353938e-11
2.413726e+01,3.699560e-11,1.365860e-09,1.365860e-11
2.414004e+01,3.773332e-11,1.375556e-09,1.375556e-11
2.414282e+01,3.841094e-11,1.383139e-09,1.383139e-11
2.414561e+01,3.901643e-11,1.388788e-09,1.388788e-11
2.414839e+01,3.953876e-11,1.392713e-09,1.392713e-11
2.415117e+01,3.996843e-11,1.395127e-09,1.395127e-11
2.415396e+01,4.029741e-11,1.396231e-09,1.396231e-11
2.415674e+01,4.052025e-11,1.396227e-09,1.396227e-11
2.415952e+01,4.063445e-11,1.395296e-09,1.395296e-11
2.416231e+01,4.063928e-11,1.393580e-09,1.393580e-11
2.416509e+01,4.053735e-11,1.391201e-09,1.391201e-11
2.416788e+01,4.033518e-11,1.388263e-09,1.388263e-11
2.417066e+01,4.004194e-11,1.384825e-09,1.384825e-11
2.417344e+01,3.966987e-11,1.380886e-09,1.380886e-11
2.417623e+01,3.923421e-11,1.376376e-09,1.376376e-11
2.417901e+01,3.875259e-11,1.371151e-09,1.371151e-11
2.418179e+01,3.824395e-11,1.364991e-09,1.364991e-11
2.418458e+01,3.772679e-11,1.357616e-09,1.357616e-11
2.418736e+01,3.721852e-11,1.348721e-09,1.348721e-11
2.419014e+01,3.673532e-11,1.338046e-09,1.338046e-11
2.419293e+01,3.629026e-11,1.325430e-09,1.325430e-11
2.419571e+01,3.589199e-11,1.310817e-09,1.310817e-11
2.419850e+01,3.554504e-11,1.294303e-09,1.294303e-11
2.420128e+01,3.525000e-11,1.276167e-09,1.276167e-11
2.420406e+01,3.500316e-11,1.256811e-09,1.256811e-11
2.420685e+01,3.479694e-11,1.236702e-09,1.236702e-11
2.420963e+01,3.462170e-11,1.216329e-09,1.216329e-11
2.421241e+01,3.446593e-11,1.196124e-09,1.196124e-11
2.421520e+01,3.431725e-11,1.176394e-09,1.176394e-11
2.421798e+01,3.416439e-11,1.157322e-09,1.157322e-11
2.422077e+01,3.399751e-11,1.138949e-09,1.138949e-11
2.422355e+01,3.380846e-11,1.121186e-09,1.121186e-11
2.422633e+01,3.359178e-11,1.103889e-09,1.103889e-11
2.422912e+01,3.334498e-11,1.086923e-09,1.086923e-11
2.423190e+01,3.306802e-11,1.070190e-09,1.070190e-11
2.423468e+01,3.276321e-11,1.053708e-09,1.053708e-11
2.423747e+01,3.243498e-11,1.037626e-09,1.037626e-11
2.424025e+01,3.208907e-11,1.022232e-09,1.022232e-11
2.424303e+01,3.173264e-11,1.007970e-09,1.007970e-11
2.424582e+01,3.137337e-11,9.953711e-10,9.953711e-12
2.424860e+01,3.101826e-11,9.849726e-10,9.849726e-12
2.425139e+01,3.067425e-11,9.772990e-10,9.772990e-12
2.425417e+01,3.034796e-11,9.727846e-10,9.727846e-12
2.425695e+01,3.004429e-11,9.716464e-10,9.716464e-12
2.425974e+01,2.976676e-11,9.738476e-10,9.738476e-12
2.426252e+01,2.951777e-11,9.790927e-10,9.790927e-12
2.426530e+01,2.929822e-11,9.868247e-10,9.868247e-12
2.426809e+01,2.910729e-11,9.962712e-10,9.962712e-12
2.427087e+01,2.894230e-11,1.006498e-09,1.006498e-11
2.427366e+01,2.879874e-11,1.016504e-09,1.016504e-11
2.427644e+01,2.867099e-11,1.025328e-09,1.025328e-11
2.427922e+01,2.855227e-11,1.032106e-09,1.032106e-11
2.428201e+01,2.843490e-11,1.036133e-09,1.036133e-11
2.428479e+01,2.831071e-11,1.036910e-09,1.036910e-11
2.428757e+01,2.817182e-11,1.034159e-09,1.034159e-11
2.429036e+01,2.801163e-11,1.027821e-09,1.027821e-11
2.429314e+01,2.782479e-11,1.018036e-09,1.018036e-11
2.429592e+01,2.760835e-11,1.005105e-09,1.005105e-11
2.429871e+01,2.736216e-11,9.894410e-10,9.894410e-12
2.430149e+01,2.708942e-11,9.715458e-10,9.715458e-12
2.430428e+01,2.679718e-11,9.519896e-10,9.519896e-12
2.430706e+01,2.649603e-11,9.313482e-10,9.313482e-12
2.430984e+01,2.619964e-11,9.101791e-10,9.101791e-12
2.431263e+01,2.592400e-11,8.890233e-10,8.890233e-12
2.431541e+01,2.568679e-11,8.683993e-10,8.683993e-12
2.431819e+01,2.550626e-11,8.488275e-10,8.488275e-12
2.432098e+01,2.539971e-11,8.308529e-10,8.308529e-12
2.432376e+01,2.538237e-11,8.150564e-10,8.150564e-12
2.432655e+01,2.546617e-11,8.020690e-10,8.020690e-12
2.432933e+01,2.565876e-11,7.925523e-10,7.925523e-12
2.433211e+01,2.596308e-11,7.871598e-10,7.871598e-12
2.433490e+01,2.637711e-11,7.864634e-10,7.864634e-12
2.433768e+01,2.689378e-11,7.908493e-10,7.908493e-12
2.434046e+01,2.750123e-11,8.004392e-10,8.004392e-12
2.434325e+01,2.818408e-11,8.150462e-10,8.150462e-12
2.434603e+01,2.892433e-11,8.341702e-10,8.341702e-12
2.434881e+01,2.970181e-11,8.570568e-10,8.570568e-12
2.435160e+01,3.049556e-11,8.827862e-10,8.827862e-12
2.435438e+01,3.128475e-11,9.103710e-10,9.103710e-12
2.435717e+01,3.205008e-11,9.388708e-10,9.388708e-12
2.435995e+01,3.277404e-11,9.674718e-10,9.674718e-12
2.436273e+01,3.344086e-11,9.955156e-10,9.955156e-12
2.436552e+01,3.403779e-11,1.022540e-09,1.022540e-11
2.436830e+01,3.455574e-11,1.048298e-09,1.048298e-11
2.437108e+01,3.498855e-11,1.072714e-09,1.072714e-11
2.437387e+01,3.533309e-11,1.095840e-09,1.095840e-11
2.437665e+01,3.558973e-11,1.117842e-09,1.117842e-11
2.437943e+01,3.576201e-11,1.138956e-09,1.138956e-11
2.438222e+01,3.585677e-11,1.159428e-09,1.159428e-11
2.438500e+01,3.588374e-11,1.179485e-09,1.179485e-11
2.438779e+01,3.585534e-11,1.199324e-09,1.199324e-11
2.439057e+01,3.578601e-11,1.219083e-09,1.219083e-11
2.439335e+01,3.569170e-11,1.238846e-09,1.238846e-11
2.439614e+01,3.558947e-11,1.258683e-09,1.258683e-11
2.439892e+01,3.549716e-11,1.278665e-09,1.278665e-11
2.440170e+01,3.543177e-11,1.298884e-09,1.298884e-11
2.440449e+01,3.540872e-11,1.319479e-09,1.319479e-11
2.440727e+01,3.544241e-11,1.340663e-09,1.340663e-11
2.441006e+01,3.554447e-11,1.362705e-09,1.362705e-11
2.441284e+01,3.572297e-11,1.385893e-09,1.385893e-11
2.441562e+01,3.598289e-11,1.410491e-09,1.410491e-11
2.441841e+01,3.632541e-11,1.436696e-09,1.436696e-11
2.442119e+01,3.674778e-11,1.464591e-09,1.464591e-11
2.442397e+01,3.724379e-11,1.494085e-09,1.494085e-11
2.442676e+01,3.780362e-11,1.524900e-09,1.524900e-11
2.442954e+01,3.841471e-11,1.556585e-09,1.556585e-11
2.443232e+01,3.906279e-11,1.588549e-09,1.588549e-11
2.443511e+01,3.973196e-11,1.620096e-09,1.620096e-11
2.443789e+01,4.040502e-11,1.650491e-09,1.650491e-11
2.444068e+01,4.106472e-11,1.679012e-09,1.679012e-11
2.444346e+01,4.169489e-11,1.705010e-09,1.705010e-11
2.444624e+01,4.228047e-11,1.727931e-09,1.727931e-11
2.444903e+01,4.280768e-11,1.747310e-09,1.747310e-11
2.445181e+01,4.326435e-11,1.762771e-09,1.762771e-11
2.445459e+01,4.364032e-11,1.774005e-09,1.774005e-11
2.445738e+01,4.392754e-11,1.780747e-09,1.780747e-11
2.446016e+01,4.412042e-11,1.782752e-09,1.782752e-11
2.446295e+01,4.421526e-11,1.779765e-09,1.779765e-11
2.446573e+01,4.420980e-11,1.771518e-09,1.771518e-11
2.446851e+01,4.410451e-11,1.757746e-09,1.757746e-11
2.447130e+01,4.390168e-11,1.738208e-09,1.738208e-11
2.447408e+01,4.360537e-11,1.712712e-09,1.712712e-11
2.447686e+01,4.322216e-11,1.681179e-09,1.681179e-11
2.447965e+01,4.276054e-11,1.643685e-09,1.643685e-11
2.448243e+01,4.223104e-11,1.600502e-09,1.600502e-11
2.448521e+01,4.164570e-11,1.552139e-09,1.552139e-11
2.448800e+01,4.101811e-11,1.499396e-09,1.499396e-11
2.449078e+01,4.036387e-11,1.443369e-09,1.443369e-11
2.449357e+01,3.969870e-11,1.385443e-09,1.385443e-11
2.449635e+01,3.903817e-11,1.327267e-09,1.327267e-11
2.449913e+01,3.839837e-11,1.270707e-09,1.270707e-11
2.450192e+01,3.779419e-11,1.217741e-09,1.217741e-11
2.450470e+01,3.723890e-11,1.170298e-09,1.170298e-11
2.450748e+01,3.674398e-11,1.130081e-09,1.130081e-11
2.451027e+01,3.631862e-11,1.098363e-09,1.098363e-11
2.451305e+01,3.596947e-11,1.075799e-09,1.075799e-11
2.451584e+01,3.570033e-11,1.062310e-09,1.062310e-11
2.451862e+01,3.551238e-11,1.057105e-09,1.057105e-11
2.452140e+01,3.540433e-11,1.058829e-09,1.058829e-11
2.452419e+01,3.537179e-11,1.065773e-09,1.065773e-11
2.452697e+01,3.540760e-11,1.076117e-09,1.076117e-11
2.452975e+01,3.550269e-11,1.088166e-09,1.088166e-11
2.453254e+01,3.564576e-11,1.100501e-09,1.100501e-11
2.453532e+01,3.582349e-11,1.112031e-09,1.112031e-11
2.453810e+01,3.602161e-11,1.122057e-09,1.122057e-11
2.454089e+01,3.622540e-11,1.130259e-09,1.130259e-11
2.454367e+01,3.641911e-11,1.136594e-09,1.136594e-11
2.454646e+01,3.658700e-11,1.141237e-09,1.141237e-11
2.454924e+01,3.671427e-11,1.144521e-09,1.144521e-11
2.455202e+01,3.678721e-11,1.146841e-09,1.146841e-11
2.455481e+01,3.679406e-11,1.148557e-09,1.148557e-11
2.455759e+01,3.672414e-11,1.149906e-09,1.149906e-11
2.456037e+01,3.656907e-11,1.150969e-09,1.150969e-11
2.456316e+01,3.632350e-11,1.151658e-09,1.151658e-11
2.456594e+01,3.598425e-11,1.151696e-09,1.151696e-11
2.456872e+01,3.555128e-11,1.150657e-09,1.150657e-11
2.457151e+01,3.502722e-11,1.147996e-09,1.147996e-11
2.457429e+01,3.441699e-11,1.143115e-09,1.143115e-11
2.457708e+01,3.372883e-11,1.135431e-09,1.135431e-11
2.457986e+01,3.297303e-11,1.124423e-09,1.124423e-11
2.458264e+01,3.216138e-11,1.109680e-09,1.109680e-11
2.458543e+01,3.130801e-11,1.090953e-09,1.090953e-11
2.458821e+01,3.042783e-11,1.068171e-09,1.068171e-11
2.459099e+01,2.953575e-11,1.041439e-09,1.041439e-11
2.459378e+01,2.864675e-11,1.011058e-09,1.011058e-11
2.459656e+01,2.777442e-11,9.775298e-10,9.775298e-12
2.459935e+01,2.693125e-11,9.415417e-10,9.415417e-12
2.460213e+01,2.612833e-11,9.039514e-10,9.039514e-12
2.460491e+01,2.537420e-11,8.657690e-10,8.657690e-12
2.460770e+01,2.467530e-11,8.281269e-10,8.281269e-12
2.461048e+01,2.403599e-11,7.922262e-10,7.922262e-12
2.461326e+01,2.345905e-11,7.592888e-10,7.592888e-12
2.461605e+01,2.294616e-11,7.304771e-10,7.304771e-12
2.461883e+01,2.249722e-11,7.067525e-10,7.067525e-12
2.462161e+01,2.211159e-11,6.887719e-10,6.887719e-12
2.462440e+01,2.178881e-11,6.768121e-10,6.768121e-12
2.462718e+01,2.152777e-11,6.707024e-10,6.707024e-12
2.462997e+01,2.132784e-11,6.698572e-10,6.698572e-12
2.463275e+01,2.118900e-11,6.733789e-10,6.733789e-12
2.463553e+01,2.111078e-11,6.801956e-10,6.801956e-12
2.463832e+01,2.109248e-11,6.892062e-10,6.892062e-12
2.464110e+01,2.113344e-11,6.994084e-10,6.994084e-12
2.464388e+01,2.123277e-11,7.100028e-10,7.100028e-12
2.464667e+01,2.138829e-11,7.204217e-10,7.204217e-12
2.464945e+01,2.159683e-11,7.303318e-10,7.303318e-12
2.465224e+01,2.185446e-11,7.396273e-10,7.396273e-12
2.465502e+01,2.215565e-11,7.483756e-10,7.483756e-12
2.465780e+01,2.249392e-11,7.567567e-10,7.567567e-12
2.466059e+01,2.286169e-11,7.649938e-10,7.649938e-12
2.466337e+01,2.324984e-11,7.732887e-10,7.732887e-12
2.466615e+01,2.364875e-11,7.818017e-10,7.818017e-12
2.466894e+01,2.404856e-11,7.906196e-10,7.906196e-12
2.467172e+01,2.443907e-11,7.997475e-10,7.997475e-12
2.467450e+01,2.481087e-11,8.091498e-10,8.091498e-12
2.467729e+01,2.515528e-11,8.187475e-10,8.187475e-12
2.468007e+01,2.546365e-11,8.284188e-10,8.284188e-12
2.468286e+01,2.572900e-11,8.380682e-10,8.380682e-12
2.468564e+01,2.594699e-11,8.476485e-10,8.476485e-12
2.468842e+01,2.611470e-11,8.571114e-10,8.571114e-12
2.469121e+01,2.623091e-11,8.664068e-10,8.664068e-12
2.469399e+01,2.629664e-11,8.755101e-10,8.755101e-12
2.469677e+01,2.631536e-11,8.844170e-10,8.844170e-12
2.469956e+01,2.629301e-11,8.931299e-10,8.931299e-12
2.470234e+01,2.623730e-11,9.016689e-10,9.016689e-12
2.470512e+01,2.615859e-11,9.101061e-10,9.101061e-12
2.470791e+01,2.606931e-11,9.185706e-10,9.185706e-12
2.471069e+01,2.598307e-11,9.272417e-10,9.272417e-12
2.471348e+01,2.591527e-11,9.363668e-10,9.363668e-12
2.471626e+01,2.588173e-11,9.462460e-10,9.462460e-12
2.471904e+01,2.589815e-11,9.572104e-10,9.572104e-12
2.472183e+01,2.598014e-11,9.696073e-10,9.696073e-12
2.472461e+01,2.614113e-11,9.837479e-10,9.837479e-12
2.472739e+01,2.639180e-11,9.998779e-10,9.998779e-12
2.473018e+01,2.674011e-11,1.018176e-09,1.018176e-11
2.473296e+01,2.719002e-11,1.038724e-09,1.038724e-11
2.473575e+01,2.774069e-11,1.061480e-09,1.061480e-11
2.473853e+01,2.838712e-11,1.086296e-09,1.086296e-11
2.474131e+01,2.911989e-11,1.112915e-09,1.112915e-11
2.474410e+01,2.992586e-11,1.140977e-09,1.140977e-11
2.474688e+01,3.078897e-11,1.170037e-09,1.170037e-11
2.474966e+01,3.169071e-11,1.199578e-09,1.199578e-11
2.475245e+01,3.261225e-11,1.229049e-09,1.229049e-11
2.475523e+01,3.353455e-11,1.257895e-09,1.257895e-11
2.475801e+01,3.443959e-11,1.285575e-09,1.285575e-11
2.476080e+01,3.531181e-11,1.311609e-09,1.311609e-11
2.476358e+01,3.613849e-11,1.335618e-09,1.335618e-11
2.476637e+01,3.690978e-11,1.357316e-09,1.357316e-11
2.476915e+01,3.761874e-11,1.376518e-09,1.376518e-11
2.477193e+01,3.826218e-11,1.393173e-09,1.393173e-11
2.477472e+01,3.883924e-11,1.407337e-09,1.407337e-11
2.477750e+01,3.935078e-11,1.419133e-09,1.419133e-11
2.478028e+01,3.979990e-11,1.428742e-09,1.428742e-11
2.478307e+01,4.019084e-11,1.436376e-09,1.436376e-11
2.478585e+01,4.052784e-11,1.442237e-09,1.442237e-11
2.478864e+01,4.081573e-11,1.446499e-09,1.446499e-11
2.479142e+01,4.105926e-11,1.449277e-09,1.449277e-11
2.479420e+01,4.126199e-11,1.450609e-09,1.450609e-11
2.479699e+01,4.142670e-11,1.450486e-09,1.450486e-11
2.479977e+01,4.155558e-11,1.448875e-09,1.448875e-11
2.480255e+01,4.164970e-11,1.445701e-09,1.445701e-11
2.480534e+01,4.170866e-11,1.440897e-09,1.440897e-11
2.480812e+01,4.173163e-11,1.434470e-09,1.434470e-11
2.481090e+01,4.171629e-11,1.426480e-09,1.426480e-11
2.481369e+01,4.165832e-11,1.417059e-09,1.417059e-11
2.481647e+01,4.155388e-11,1.406468e-09,1.406468e-11
2.481926e+01,4.139891e-11,1.395067e-09,1.395067e-11
2.482204e+01,4.118790e-11,1.383281e-09,1.383281e-11
2.482482e+01,4.091596e-11,1.371626e-09,1.371626e-11
2.482761e+01,4.057997e-11,1.360677e-09,1.360677e-11
2.483039e+01,4.017778e-11,1.351003e-09,1.351003e-11
2.483317e+01,3.970910e-11,1.343149e-09,1.343149e-11
2.483596e+01,3.917683e-11,1.337603e-09,1.337603e-11
2.483874e+01,3.858760e-11,1.334745e-09,1.334745e-11
2.484153e+01,3.795171e-11,1.334791e-09,1.334791e-11
2.484431e+01,3.728317e-11,1.337773e-09,1.337773e-11
2.484709e+01,3.660033e-11,1.343527e-09,1.343527e-11
2.484988e+01,3.592478e-11,1.351687e-09,1.351687e-11
2.485266e+01,3.528050e-11,1.361722e-09,1.361722e-11
2.485544e+01,3.469324e-11,1.373012e-09,1.373012e-11
2.485823e+01,3.418907e-11,1.384921e-09,1.384921e-11
2.486101e+01,3.379237e-11,1.396860e-09,1.396860e-11
2.486379e+01,3.352423e-11,1.408387e-09,1.408387e-11
2.486658e+01,3.340203e-11,1.419260e-09,1.419260e-11
2.486936e+01,3.343708e-11,1.429458e-09,1.429458e-11
2.487215e+01,3.363375e-11,1.439178e-09,1.439178e-11
2.487493e+01,3.398974e-11,1.448786e-09,1.448786e-11
2.487771e+01,3.449542e-11,1.458738e-09,1.458738e-11
2.488050e+01,3.513462e-11,1.469484e-09,1.469484e-11
2.488328e+01,3.588531e-11,1.481374e-09,1.481374e-11
2.488606e+01,3.672031e-11,1.494555e-09,1.494555e-11
2.488885e+01,3.760895e-11,1.508916e-09,1.508916e-11
2.489163e+01,3.851855e-11,1.524071e-09,1.524071e-11
2.489441e+01,3.941614e-11,1.539381e-09,1.539381e-11
2.489720e+01,4.026917e-11,1.554000e-09,1.554000e-11
2.489998e+01,4.104712e-11,1.566947e-09,1.566947e-11
2.490277e+01,4.172317e-11,1.577209e-09,1.577209e-11
2.490555e+01,4.227425e-11,1.583813e-09,1.583813e-11
2.490833e+01,4.268186e-11,1.585908e-09,1.585908e-11
2.491112e+01,4.293303e-11,1.582855e-09,1.582855e-11
2.491390e+01,4.302077e-11,1.574294e-09,1.574294e-11
2.491668e+01,4.294413e-11,1.560192e-09,1.560192e-11
2.491947e+01,4.270808e-11,1.540868e-09,1.540868e-11
2.492225e+01,4.232386e-11,1.517001e-09,1.517001e-11
2.492504e+01,4.180838e-11,1.489603e-09,1.489603e-11
2.492782e+01,4.118384e-11,1.459976e-09,1.459976e-11
2.493060e+01,4.047700e-11,1.429611e-09,1.429611e-11
2.493339e+01,3.971829e-11,1.400072e-09,1.400072e-11
2.493617e+01,3.894076e-11,1.372837e-09,1.372837e-11
2.493895e+01,3.817805e-11,1.349143e-09,1.349143e-11
2.494174e+01,3.746297e-11,1.329868e-09,1.329868e-11
2.494452e+01,3.682705e-11,1.315458e-09,1.315458e-11
2.494730e+01,3.629857e-11,1.305935e-09,1.305935e-11
2.495009e+01,3.590082e-11,1.300968e-09,1.300968e-11
2.495287e+01,3.565095e-11,1.299976e-09,1.299976e-11
2.495566e+01,3.555900e-11,1.302286e-09,1.302286e-11
2.495844e+01,3.562907e-11,1.307292e-09,1.307292e-11
2.496122e+01,3.585827e-11,1.314541e-09,1.314541e-11
2.496401e+01,3.623596e-11,1.323737e-09,1.323737e-11
2.496679e+01,3.674580e-11,1.334745e-09,1.334745e-11
2.496957e+01,3.736639e-11,1.347553e-09,1.347553e-11
2.497236e+01,3.807254e-11,1.362180e-09,1.362180e-11
2.497514e+01,3.883697e-11,1.378596e-09,1.378596e-11
2.497793e+01,3.963012e-11,1.396625e-09,1.396625e-11
2.498071e+01,4.042252e-11,1.415898e-09,1.415898e-11
2.498349e+01,4.118644e-11,1.435878e-09,1.435878e-11
2.498628e+01,4.189586e-11,1.455864e-09,1.455864e-11
2.498906e+01,4.252770e-11,1.475009e-09,1.475009e-11
2.499184e+01,4.306170e-11,1.492380e-09,1.492380e-11
2.499463e+01,4.348112e-11,1.507039e-09,1.507039e-11
2.499741e+01,4.377318e-11,1.518099e-09,1.518099e-11
2.500019e+01,4.392839e-11,1.524791e-09,1.524791e-11
2.500298e+01,4.394048e-11,1.526488e-09,1.526488e-11
2.500576e+01,4.380636e-11,1.522722e-09,1.522722e-11
2.500855e+01,4.352608e-11,1.513220e-09,1.513220e-11
2.501133e+01,4.310286e-11,1.497902e-09,1.497902e-11
2.501411e+01,4.254234e-11,1.476858e-09,1.476858e-11
2.501690e+01,4.185246e-11,1.450348e-09,1.450348e-11
2.501968e+01,4.104461e-11,1.418789e-09,1.418789e-11
2.502246e+01,4.013246e-11,1.382716e-09,1.382716e-11
2.502525e+01,3.913128e-11,1.342756e-09,1.342756e-11
2.502803e+01,3.805843e-11,1.299615e-09,1.299615e-11
2.503082e+01,3.693285e-11,1.254057e-09,1.254057e-11
2.503360e+01,3.577462e-11,1.206866e-09,1.206866e-11
2.503638e+01,3.460397e-11,1.158831e-09,1.158831e-11
2.503917e+01,3.344093e-11,1.110731e-09,1.110731e-11
2.504195e+01,3.230475e-11,1.063310e-09,1.063310e-11
2.504473e+01,3.121331e-11,1.017286e-09,1.017286e-11
2.504752e+01,3.018321e-11,9.733359e-10,9.733359e-12
2.505030e+01,2.922942e-11,9.320935e-10,9.320935e-12
2.505308e+01,2.836465e-11,8.941380e-10,8.941380e-12
2.505587e+01,2.759945e-11,8.599887e-10,8.599887e-12
2.505865e+01,2.694307e-11,8.300973e-10,8.300973e-12
2.506144e+01,2.640252e-11,8.048097e-10,8.048097e-12
2.506422e+01,2.598240e-11,7.843494e-10,7.843494e-12
2.506700e+01,2.568559e-11,7.688213e-10,7.688213e-12
2.506979e+01,2.551312e-11,7.582037e-10,7.582037e-12
2.507257e+01,2.546342e-11,7.523536e-10,7.523536e-12
2.507535e+01,2.553215e-11,7.510443e-10,7.510443e-12
2.507814e+01,2.571340e-11,7.540158e-10,7.540158e-12
2.508092e+01,2.599825e-11,7.609889e-10,7.609889e-12
2.508370e+01,2.637442e-11,7.716750e-10,7.716750e-12
2.508649e+01,2.682829e-11,7.857952e-10,7.857952e-12
2.508927e+01,2.734358e-11,8.030453e-10,8.030453e-12
2.509206e+01,2.790210e-11,8.230550e-10,8.230550e-12
2.509484e+01,2.848481e-11,8.453646e-10,8.453646e-12
2.509762e+01,2.907167e-11,8.693898e-10,8.693898e-12
2.510041e+01,2.964329e-11,8.944284e-10,8.944284e-12
2.510319e+01,3.018093e-11,9.196916e-10,9.196916e-12
2.510597e+01,3.066740e-11,9.443272e-10,9.443272e-12
2.510876e+01,3.108782e-11,9.674787e-10,9.674787e-12
2.511154e+01,3.143005e-11,9.883739e-10,9.883739e-12
2.511433e+01,3.168577e-11,1.006373e-09,1.006373e-11
2.511711e+01,3.185008e-11,1.020985e-09,1.020985e-11
2.511989e+01,3.192147e-11,1.031927e-09,1.031927e-11
2.512268e+01,3.190244e-11,1.039144e-09,1.039144e-11
2.512546e+01,3.179897e-11,1.042788e-09,1.042788e-11
2.512824e+01,3.161989e-11,1.043202e-09,1.043202e-11
2.513103e+01,3.137681e-11,1.040905e-09,1.040905e-11
2.513381e+01,3.108324e-11,1.036552e-09,1.036552e-11
2.513659e+01,3.075386e-11,1.030889e-09,1.030889e-11
2.513938e+01,3.040386e-11,1.024710e-09,1.024710e-11
2.514216e+01,3.004834e-11,1.018821e-09,1.018821e-11
2.514495e+01,2.970198e-11,1.014017e-09,1.014017e-11
2.514773e+01,2.937797e-11,1.011024e-09,1.011024e-11
2.515051e+01,2.908750e-11,1.010474e-09,1.010474e-11
2.515330e+01,2.884031e-11,1.012896e-09,1.012896e-11
2.515608e+01,2.864359e-11,1.018663e-09,1.018663e-11
2.515886e+01,2.850123e-11,1.027960e-09,1.027960e-11
2.516165e+01,2.841515e-11,1.040793e-09,1.040793e-11
2.516443e+01,2.838483e-11,1.056982e-09,1.056982e-11
2.516722e+01,2.840678e-11,1.076131e-09,1.076131e-11
2.517000e+01,2.847473e-11,1.097650e-09,1.097650e-11
2.517278e+01,2.858021e-11,1.120805e-09,1.120805e-11
2.517557e+01,2.871344e-11,1.144745e-09,1.144745e-11
2.517835e+01,2.886276e-11,1.168538e-09,1.168538e-11
2.518113e+01,2.901539e-11,1.191222e-09,1.191222e-11
2.518392e+01,2.915873e-11,1.211864e-09,1.211864e-11
2.518670e+01,2.928058e-11,1.229596e-09,1.229596e-11
2.518948e+01,2.937027e-11,1.243659e-09,1.243659e-11
2.519227e+01,2.941897e-11,1.253433e-09,1.253433e-11
2.519505e+01,2.941988e-11,1.258457e-09,1.258457e-11
2.519784e+01,2.937001e-11,1.258462e-09,1.258462e-11
2.520062e+01,2.926984e-11,1.253379e-09,1.253379e-11
2.520340e+01,2.912255e-11,1.243324e-09,1.243324e-11
2.520619e+01,2.893486e-11,1.228609e-09,1.228609e-11
2.520897e+01,2.871645e-11,1.209739e-09,1.209739e-11
2.521175e+01,2.847929e-11,1.187377e-09,1.187377e-11
2.521454e+01,2.823703e-11,1.162329e-09,1.162329e-11
2.521732e+01,2.800382e-11,1.135532e-09,1.135532e-11
2.522011e+01,2.779411e-11,1.108003e-09,1.108003e-11
2.522289e+01,2.762122e-11,1.080808e-09,1.080808e-11
2.522567e+01,2.749662e-11,1.055027e-09,1.055027e-11
2.522846e+01,2.742991e-11,1.031718e-09,1.031718e-11
2.523124e+01,2.742769e-11,1.011842e-09,1.011842e-11
2.523402e+01,2.749292e-11,9.961827e-10,9.961827e-12
2.523681e+01,2.762465e-11,9.852774e-10,9.852774e-12
2.523959e+01,2.781920e-11,9.793880e-10,9.793880e-12
2.524237e+01,2.806967e-11,9.784569e-10,9.784569e-12
2.524516e+01,2.836575e-11,9.820601e-10,9.820601e-12
2.524794e+01,2.869505e-11,9.894649e-10,9.894649e-12
2.525073e+01,2.904375e-11,9.997217e-10,9.997217e-12
2.525351e+01,2.939731e-11,1.011737e-09,1.011737e-11
2.525629e+01,2.974111e-11,1.024384e-09,1.024384e-11
2.525908e+01,3.006160e-11,1.036612e-09,1.036612e-11
2.526186e+01,3.034699e-11,1.047556e-09,1.047556e-11
2.526464e+01,3.058753e-11,1.056636e-09,1.056636e-11
2.526743e+01,3.077592e-11,1.063627e-09,1.063627e-11
2.527021e+01,3.090827e-11,1.068700e-09,1.068700e-11
2.527299e+01,3.098356e-11,1.072463e-09,1.072463e-11
2.527578e+01,3.100343e-11,1.075941e-09,1.075941e-11
2.527856e+01,3.097311e-11,1.080501e-09,1.080501e-11
2.528135e+01,3.090064e-11,1.087749e-09,1.087749e-11
2.528413e+01,3.079656e-11,1.099344e-09,1.099344e-11
2.528691e+01,3.067243e-11,1.116749e-09,1.116749e-11
2.528970e+01,3.054179e-11,1.141024e-09,1.141024e-11
2.529248e+01,3.041984e-11,1.172673e-09,1.172673e-11
2.529526e+01,3.032087e-11,1.211548e-09,1.211548e-11
2.529805e+01,3.025967e-11,1.256873e-09,1.256873e-11
2.530083e+01,3.024994e-11,1.307385e-09,1.307385e-11
2.530362e+01,3.030269e-11,1.361490e-09,1.361490e-11
2.530640e+01,3.042669e-11,1.417451e-09,1.417451e-11
2.530918e+01,3.062773e-11,1.473560e-09,1.473560e-11
2.531197e+01,3.090772e-11,1.528245e-09,1.528245e-11
2.531475e+01,3.126381e-11,1.580136e-09,1.580136e-11
2.531753e+01,3.168907e-11,1.628121e-09,1.628121e-11
2.532032e+01,3.217331e-11,1.671341e-09,1.671341e-11
2.532310e+01,3.270194e-11,1.709163e-09,1.709163e-11
2.532588e+01,3.325755e-11,1.741141e-09,1.741141e-11
2.532867e+01,3.382122e-11,1.766980e-09,1.766980e-11
2.533145e+01,3.437244e-11,1.786481e-09,1.786481e-11
2.533424e+01,3.489116e-11,1.799506e-09,1.799506e-11
2.533702e+01,3.535858e-11,1.805947e-09,1.805947e-11
2.533980e+01,3.575785e-11,1.805717e-09,1.805717e-11
2.534259e+01,3.607526e-11,1.798755e-09,1.798755e-11
2.534537e+01,3.630049e-11,1.785030e-09,1.785030e-11
2.534815e+01,3.642721e-11,1.764574e-09,1.764574e-11
2.535094e+01,3.645354e-11,1.737506e-09,1.737506e-11
2.535372e+01,3.638098e-11,1.704051e-09,1.704051e-11
2.535651e+01,3.621446e-11,1.664550e-09,1.664550e-11
2.535929e+01,3.596204e-11,1.619479e-09,1.619479e-11
2.536207e+01,3.563447e-11,1.569460e-09,1.569460e-11
2.536486e+01,3.524399e-11,1.515245e-09,1.515245e-11
2.536764e+01,3.480333e-11,1.457700e-09,1.457700e-11
2.537042e+01,3.432614e-11,1.397811e-09,1.397811e-11
2.537321e+01,3.382593e-11,1.336669e-09,1.336669e-11
2.537599e+01,3.331571e-11,1.275445e-09,1.275445e-11
2.537877e+01,3.280693e-11,1.215376e-09,1.215376e-11
2.538156e+01,3.231007e-11,1.157740e-09,1.157740e-11
2.538434e+01,3.183455e-11,1.103799e-09,1.103799e-11
2.538713e+01,3.138767e-11,1.054739e-09,1.054739e-11
2.538991e+01,3.097558e-11,1.011587e-09,1.011587e-11
2.539269e+01,3.060234e-11,9.750986e-10,9.750986e-12
2.539548e+01,3.027044e-11,9.456591e-10,9.456591e-12
2.539826e+01,2.998021e-11,9.232115e-10,9.232115e-12
2.540104e+01,2.972925e-11,9.072466e-10,9.072466e-12
2.540383e+01,2.951395e-11,8.968619e-10,8.968619e-12
2.540661e+01,2.932829e-11,8.908656e-10,8.908656e-12
2.540940e+01,2.916318e-11,8.878988e-10,8.878988e-12
2.541218e+01,2.900844e-11,8.865771e-10,8.865771e-12
2.541496e+01,2.885266e-11,8.856092e-10,8.856092e-12
2.541775e+01,2.868273e-11,8.838642e-10,8.838642e-12
2.542053e+01,2.848594e-11,8.804208e-10,8.804208e-12
2.542331e+01,2.825019e-11,8.746040e-10,8.746040e-12
2.542610e+01,2.796515e-11,8.660002e-10,8.660002e-12
2.542888e+01,2.762293e-11,8.544515e-10,8.544515e-12
2.543166e+01,2.721784e-11,8.400539e-10,8.400539e-12
2.543445e+01,2.674770e-11,8.231726e-10,8.231726e-12
2.543723e+01,2.621428e-11,8.044102e-10,8.044102e-12
2.544002e+01,2.562245e-11,7.845476e-10,7.845476e-12
2.544280e+01,2.498019e-11,7.644914e-10,7.644914e-12
2.544558e+01,2.429803e-11,7.451633e-10,7.451633e-12
2.544837e+01,2.358804e-11,7.273740e-10,7.273740e-12
2.545115e+01,2.286403e-11,7.117376e-10,7.117376e-12
2.545393e+01,2.214075e-11,6.985600e-10,6.985600e-12
2.545672e+01,2.143242e-11,6.877646e-10,6.877646e-12
2.545950e+01,2.075291e-11,6.789498e-10,6.789498e-12
2.546228e+01,2.011579e-11,6.714741e-10,6.714741e-12
2.546507e+01,1.953339e-11,6.645583e-10,6.645583e-12
2.546785e+01,1.901671e-11,6.574650e-10,6.574650e-12
2.547064e+01,1.857609e-11,6.496405e-10,6.496405e-12
2.547342e+01,1.821992e-11,6.408159e-10,6.408159e-12
2.547620e+01,1.795513e-11,6.311168e-10,6.311168e-12
2.547899e+01,1.778749e-11,6.210873e-10,6.210873e-12
2.548177e+01,1.771998e-11,6.116470e-10,6.116470e-12
2.548455e+01,1.775318e-11,6.040423e-10,6.040423e-12
2.548734e+01,1.788537e-11,5.997167e-10,5.997167e-12
2.549012e+01,1.811181e-11,6.000681e-10,6.000681e-12
2.549291e+01,1.842425e-11,6.061979e-10,6.061979e-12
2.549569e+01,1.881179e-11,6.187084e-10,6.187084e-12
2.549847e+01,1.926095e-11,6.375544e-10,6.375544e-12
2.550126e+01,1.975526e-11,6.620232e-10,6.620232e-12
2.550404e+01,2.027728e-11,6.908600e-10,6.908600e-12
2.550682e+01,2.080827e-11,7.224508e-10,7.224508e-12
2.550961e+01,2.132921e-11,7.550119e-10,7.550119e-12
2.551239e+01,2.182288e-11,7.867489e-10,7.867489e-12
2.551517e+01,2.227314e-11,8.159681e-10,8.159681e-12
2.551796e+01,2.266669e-11,8.411687e-10,8.411687e-12
2.552074e+01,2.299389e-11,8.611162e-10,8.611162e-12
2.552353e+01,2.324866e-11,8.748987e-10,8.748987e-12
2.552631e+01,2.342953e-11,8.819889e-10,8.819889e-12
2.552909e+01,2.353836e-11,8.822986e-10,8.822986e-12
2.553188e+01,2.358055e-11,8.762230e-10,8.762230e-12
2.553466e+01,2.356516e-11,8.646948e-10,8.646948e-12
2.553744e+01,2.350338e-11,8.492001e-10,8.492001e-12
2.554023e+01,2.340794e-11,8.317183e-10,8.317183e-12
2.554301e+01,2.329261e-11,8.146158e-10,8.146158e-12
2.554580e+01,2.317218e-11,8.004333e-10,8.004333e-12
2.554858e+01,2.306053e-11,7.914968e-10,7.914968e-12
2.555136e+01,2.297056e-11,7.895095e-10,7.895095e-12
2.555415e+01,2.291494e-11,7.952349e-10,7.952349e-12
2.555693e+01,2.290521e-11,8.082977e-10,8.082977e-12
2.555971e+01,2.295139e-11,8.272539e-10,8.272539e-12
2.556250e+01,2.306227e-11,8.499372e-10,8.499372e-12
2.556528e+01,2.324562e-11,8.738948e-10,8.738948e-12
2.556806e+01,2.350780e-11,8.967647e-10,8.967647e-12
2.557085e+01,2.385387e-11,9.165432e-10,9.165432e-12
2.557363e+01,2.428713e-11,9.317861e-10,9.317861e-12
2.557642e+01,2.480907e-11,9.417455e-10,9.417455e-12
2.557920e+01,2.541911e-11,9.464062e-10,9.464062e-12
2.558198e+01,2.611439e-11,9.465224e-10,9.465224e-12
2.558477e+01,2.689033e-11,9.436351e-10,9.436351e-12
2.558755e+01,2.773967e-11,9.399526e-10,9.399526e-12
2.559033e+01,2.865255e-11,9.382019e-10,9.382019e-12
2.559312e+01,2.961797e-11,9.414178e-10,9.414178e-12
2.559590e+01,3.062423e-11,9.524839e-10,9.524839e-12
2.559868e+01,3.165823e-11,9.735946e-10,9.735946e-12
2.560147e+01,3.270648e-11,1.005858e-09,1.005858e-11
2.560425e+01,3.375648e-11,1.049053e-09,1.049053e-11
2.560704e+01,3.479569e-11,1.101662e-09,1.101662e-11
2.560982e+01,3.581229e-11,1.161193e-09,1.161193e-11
2.561260e+01,3.679589e-11,1.224593e-09,1.224593e-11
2.561539e+01,3.773625e-11,1.288630e-09,1.288630e-11
2.561817e+01,3.862389e-11,1.350192e-09,1.350192e-11
2.562095e+01,3.944997e-11,1.406497e-09,1.406497e-11
2.562374e+01,4.020586e-11,1.455233e-09,1.455233e-11
2.562652e+01,4.088320e-11,1.494634e-09,1.494634e-11
2.562931e+01,4.147392e-11,1.523526e-09,1.523526e-11
2.563209e+01,4.197090e-11,1.541324e-09,1.541324e-11
2.563487e+01,4.236764e-11,1.548012e-09,1.548012e-11
2.563766e+01,4.265893e-11,1.544107e-09,1.544107e-11
2.564044e+01,4.284188e-11,1.530606e-09,1.530606e-11
2.564322e+01,4.291522e-11,1.508896e-09,1.508896e-11
2.564601e+01,4.288030e-11,1.480676e-09,1.480676e-11
2.564879e+01,4.274217e-11,1.447883e-09,1.447883e-11
2.565157e+01,4.250848e-11,1.412554e-09,1.412554e-11
2.565436e+01,4.218978e-11,1.376707e-09,1.376707e-11
2.565714e+01,4.179994e-11,1.342228e-09,1.342228e-11
2.565993e+01,4.135465e-11,1.310733e-09,1.310733e-11
2.566271e+01,4.087109e-11,1.283452e-09,1.283452e-11
2.566549e+01,4.036730e-11,1.261166e-09,1.261166e-11
2.566828e+01,3.986113e-11,1.244165e-09,1.244165e-11
2.567106e+01,3.936958e-11,1.232292e-09,1.232292e-11
2.567384e+01,3.890769e-11,1.225034e-09,1.225034e-11
2.567663e+01,3.848803e-11,1.221639e-09,1.221639e-11
2.567941e+01,3.812046e-11,1.221276e-09,1.221276e-11
2.568220e+01,3.781145e-11,1.223143e-09,1.223143e-11
2.568498e+01,3.756396e-11,1.226568e-09,1.226568e-11
2.568776e+01,3.737764e-11,1.231065e-09,1.231065e-11
2.569055e+01,3.724920e-11,1.236355e-09,1.236355e-11
2.569333e+01,3.717302e-11,1.242364e-09,1.242364e-11
2.569611e+01,3.714155e-11,1.249175e-09,1.249175e-11
2.569890e+01,3.714522e-11,1.256957e-09,1.256957e-11
2.570168e+01,3.717446e-11,1.265950e-09,1.265950e-11
2.570446e+01,3.722029e-11,1.276396e-09,1.276396e-11
2.570725e+01,3.727263e-11,1.288461e-09,1.288461e-11
2.571003e+01,3.732227e-11,1.302237e-09,1.302237e-11
2.571282e+01,3.736280e-11,1.317757e-09,1.317757e-11
2.571560e+01,3.738866e-11,1.334962e-09,1.334962e-11
2.571838e+01,3.739583e-11,1.353708e-09,1.353708e-11
2.572117e+01,3.738271e-11,1.373795e-09,1.373795e-11
2.572395e+01,3.734975e-11,1.394989e-09,1.394989e-11
2.572673e+01,3.730048e-11,1.417037e-09,1.417037e-11
2.572952e+01,3.723994e-11,1.439672e-09,1.439672e-11
2.573230e+01,3.717474e-11,1.462611e-09,1.462611e-11
2.573509e+01,3.711380e-11,1.485581e-09,1.485581e-11
2.573787e+01,3.706705e-11,1.508316e-09,1.508316e-11
2.574065e+01,3.704447e-11,1.530552e-09,1.530552e-11
2.574344e+01,3.705541e-11,1.552039e-09,1.552039e-11
2.574622e+01,3.710789e-11,1.572545e-09,1.572545e-11
2.574900e+01,3.720752e-11,1.591860e-09,1.591860e-11
2.575179e+01,3.735637e-11,1.609789e-09,1.609789e-11
2.575457e+01,3.755291e-11,1.626152e-09,1.626152e-11
2.575735e+01,3.779150e-11,1.640774e-09,1.640774e-11
2.576014e+01,3.806151e-11,1.653461e-09,1.653461e-11
2.576292e+01,3.834820e-11,1.663987e-09,1.663987e-11
2.576571e+01,3.863340e-11,1.672080e-09,1.672080e-11
2.576849e+01,3.889553e-11,1.677411e-09,1.677411e-11
2.577127e+01,3.911123e-11,1.679582e-09,1.679582e-11
2.577406e+01,3.925682e-11,1.678155e-09,1.678155e-11
2.577684e+01,3.930949e-11,1.672659e-09,1.672659e-11
2.577962e+01,3.924847e-11,1.662623e-09,1.662623e-11
2.578241e+01,3.905653e-11,1.647627e-09,1.647627e-11
2.578519e+01,3.872112e-11,1.627327e-09,1.627327e-11
2.578797e+01,3.823476e-11,1.601496e-09,1.601496e-11
2.579076e+01,3.759594e-11,1.570057e-09,1.570057e-11
2.579354e+01,3.680966e-11,1.533099e-09,1.533099e-11
2.579633e+01,3.588681e-11,1.490873e-09,1.490873e-11
2.579911e+01,3.484409e-11,1.443795e-09,1.443795e-11
2.580189e+01,3.370355e-11,1.392418e-09,1.392418e-11
2.580468e+01,3.249116e-11,1.337396e-09,1.337396e-11
2.580746e+01,3.123638e-11,1.279468e-09,1.279468e-11
2.581024e+01,2.997065e-11,1.219421e-09,1.219421e-11
2.581303e+01,2.872615e-11,1.158078e-09,1.158078e-11
2.581581e+01,2.753457e-11,1.096285e-09,1.096285e-11
2.581860e+01,2.642527e-11,1.034920e-09,1.034920e-11
2.582138e+01,2.542578e-11,9.749261e-10,9.749261e-12
2.582416e+01,2.456010e-11,9.173515e-10,9.173515e-12
2.582695e+01,2.384737e-11,8.633690e-10,8.633690e-12
2.582973e+01,2.330205e-11,8.143123e-10,8.143123e-12
2.583251e+01,2.293371e-11,7.716699e-10,7.716699e-12
2.583530e+01,2.274702e-11,7.369923e-10,7.369923e-12
2.583808e+01,2.274128e-11,7.117118e-10,7.117118e-12
2.584086e+01,2.291096e-11,6.968976e-10,6.968976e-12
2.584365e+01,2.324653e-11,6.929891e-10,6.929891e-12
2.584643e+01,2.373402e-11,6.996095e-10,6.996095e-12
2.584922e+01,2.435591e-11,7.155854e-10,7.155854e-12
2.585200e+01,2.509269e-11,7.391600e-10,7.391600e-12
2.585478e+01,2.592291e-11,7.682816e-10,7.682816e-12
2.585757e+01,2.682356e-11,8.008588e-10,8.008588e-12
2.586035e+01,2.777114e-11,8.349573e-10,8.349573e-12
2.586313e+01,2.874290e-11,8.689383e-10,8.689383e-12
2.586592e+01,2.971807e-11,9.015153e-10,9.015153e-12
2.586870e+01,3.067751e-11,9.317347e-10,9.317347e-12
2.587149e+01,3.160405e-11,9.589553e-10,9.589553e-12
2.587427e+01,3.248402e-11,9.828563e-10,9.828563e-12
2.587705e+01,3.330704e-11,1.003400e-09,1.003400e-11
2.587984e+01,3.406562e-11,1.020770e-09,1.020770e-11
2.588262e+01,3.475528e-11,1.035339e-09,1.035339e-11
2.588540e+01,3.537435e-11,1.047632e-09,1.047632e-11
2.588819e+01,3.592314e-11,1.058253e-09,1.058253e-11
2.589097e+01,3.640319e-11,1.067841e-09,1.067841e-11
2.589375e+01,3.681722e-11,1.077026e-09,1.077026e-11
2.589654e+01,3.716865e-11,1.086374e-09,1.086374e-11
2.589932e+01,3.746052e-11,1.096341e-09,1.096341e-11
2.590211e+01,3.769541e-11,1.107251e-09,1.107251e-11
2.590489e+01,3.787538e-11,1.119278e-09,1.119278e-11
2.590767e+01,3.800176e-11,1.132442e-09,1.132442e-11
2.591046e+01,3.807514e-11,1.146622e-09,1.146622e-11
2.591324e+01,3.809562e-11,1.161562e-09,1.161562e-11
2.591602e+01,3.806297e-11,1.176882e-09,1.176882e-11
2.591881e+01,3.797682e-11,1.192117e-09,1.192117e-11
2.592159e+01,3.783755e-11,1.206751e-09,1.206751e-11
2.592438e+01,3.764609e-11,1.220225e-09,1.220225e-11
2.592716e+01,3.740403e-11,1.231952e-09,1.231952e-11
2.592994e+01,3.711395e-11,1.241344e-09,1.241344e-11
2.593273e+01,3.677956e-11,1.247847e-09,1.247847e-11
2.593551e+01,3.640637e-11,1.250976e-09,1.250976e-11
2.593829e+01,3.600094e-11,1.250330e-09,1.250330e-11
2.594108e+01,3.557032e-11,1.245606e-09,1.245606e-11
2.594386e+01,3.512225e-11,1.236644e-09,1.236644e-11
2.594664e+01,3.466497e-11,1.223470e-09,1.223470e-11
2.594943e+01,3.420702e-11,1.206318e-09,1.206318e-11
2.595221e+01,3.375611e-11,1.185639e-09,1.185639e-11
2.595500e+01,3.331973e-11,1.162138e-09,1.162138e-11
2.595778e+01,3.290552e-11,1.136784e-09,1.136784e-11
2.596056e+01,3.252010e-11,1.110789e-09,1.110789e-11
2.596335e+01,3.216968e-11,1.085575e-09,1.085575e-11
2.596613e+01,3.186047e-11,1.062715e-09,1.062715e-11
2.596891e+01,3.159858e-11,1.043818e-09,1.043818e-11
2.597170e+01,3.138998e-11,1.030389e-09,1.030389e-11
2.597448e+01,3.124071e-11,1.023669e-09,1.023669e-11
2.597726e+01,3.115725e-11,1.024472e-09,1.024472e-11
2.598005e+01,3.114594e-11,1.033085e-09,1.033085e-11
2.598283e+01,3.121258e-11,1.049240e-09,1.049240e-11
2.598562e+01,3.136225e-11,1.072174e-09,1.072174e-11
2.598840e+01,3.159934e-11,1.100781e-09,1.100781e-11
2.599118e+01,3.192666e-11,1.133774e-09,1.133774e-11
2.599397e+01,3.234547e-11,1.169842e-09,1.169842e-11
2.599675e+01,3.285589e-11,1.207778e-09,1.207778e-11
2.599953e+01,3.345574e-11,1.246544e-09,1.246544e-11
2.600232e+01,3.414111e-11,1.285321e-09,1.285321e-11
2.600510e+01,3.490699e-11,1.323543e-09,1.323543e-11
2.600789e+01,3.574713e-11,1.360879e-09,1.360879e-11
2.601067e+01,3.665437e-11,1.397185e-09,1.397185e-11
2.601345e+01,3.762025e-11,1.432471e-09,1.432471e-11
2.601624e+01,3.863535e-11,1.466886e-09,1.466886e-11
2.601902e+01,3.969026e-11,1.500691e-09,1.500691e-11
2.602180e+01,4.077492e-11,1.534185e-09,1.534185e-11
2.602459e+01,4.187822e-11,1.567674e-09,1.567674e-11
2.602737e+01,4.298818e-11,1.601441e-09,1.601441e-11
2.603015e+01,4.409160e-11,1.635693e-09,1.635693e-11
2.603294e+01,4.517427e-11,1.670551e-09,1.670551e-11
2.603572e+01,4.622151e-11,1.706037e-09,1.706037e-11
2.603851e+01,4.721733e-11,1.742047e-09,1.742047e-11
2.604129e+01,4.814527e-11,1.778361e-09,1.778361e-11
2.604407e+01,4.898999e-11,1.814675e-09,1.814675e-11
2.604686e+01,4.973652e-11,1.850601e-09,1.850601e-11
2.604964e+01,5.037101e-11,1.885678e-09,1.885678e-11
2.605242e+01,5.088277e-11,1.919410e-09,1.919410e-11
2.605521e+01,5.126410e-11,1.951289e-09,1.951289e-11
2.605799e+01,5.151074e-11,1.980794e-09,1.980794e-11
2.606078e+01,5.162288e-11,2.007417e-09,2.007417e-11
2.606356e+01,5.160506e-11,2.030674e-09,2.030674e-11
2.606634e+01,5.146591e-11,2.050122e-09,2.050122e-11
2.606913e+01,5.121851e-11,2.065376e-09,2.065376e-11
2.607191e+01,5.087949e-11,2.076117e-09,2.076117e-11
2.607469e+01,5.046767e-11,2.082124e-09,2.082124e-11
2.607748e+01,5.000407e-11,2.083296e-09,2.083296e-11
2.608026e+01,4.951090e-11,2.079657e-09,2.079657e-11
2.608304e+01,4.900961e-11,2.071350e-09,2.071350e-11
2.608583e+01,4.852017e-11,2.058640e-09,2.058640e-11
2.608861e+01,4.806069e-11,2.041904e-09,2.041904e-11
2.609140e+01,4.764666e-11,2.021617e-09,2.021617e-11
2.609418e+01,4.729003e-11,1.998315e-09,1.998315e-11
2.609696e+01,4.699874e-11,1.972568e-09,1.972568e-11
2.609975e+01,4.677700e-11,1.944964e-09,1.944964e-11
2.610253e+01,4.662528e-11,1.916100e-09,1.916100e-11
2.610531e+01,4.654060e-11,1.886561e-09,1.886561e-11
2.610810e+01,4.651639e-11,1.856900e-09,1.856900e-11
2.611088e+01,4.654263e-11,1.827619e-09,1.827619e-11
2.611367e+01,4.660717e-11,1.799160e-09,1.799160e-11
2.611645e+01,4.669512e-11,1.771876e-09,1.771876e-11
2.611923e+01,4.678940e-11,1.745996e-09,1.745996e-11
2.612202e+01,4.687240e-11,1.721612e-09,1.721612e-11
2.612480e+01,4.692555e-11,1.698675e-09,1.698675e-11
2.612758e+01,4.693019e-11,1.676993e-09,1.676993e-11
2.613037e+01,4.686858e-11,1.656254e-09,1.656254e-11
2.613315e+01,4.672476e-11,1.636084e-09,1.636084e-11
2.613593e+01,4.648567e-11,1.616088e-09,1.616088e-11
2.613872e+01,4.614156e-11,1.595917e-09,1.595917e-11
2.614150e+01,4.568697e-11,1.575321e-09,1.575321e-11
2.614429e+01,4.512170e-11,1.554182e-09,1.554182e-11
2.614707e+01,4.445062e-11,1.532526e-09,1.532526e-11
2.614985e+01,4.368304e-11,1.510505e-09,1.510505e-11
2.615264e+01,4.283348e-11,1.488384e-09,1.488384e-11
2.615542e+01,4.192086e-11,1.466467e-09,1.466467e-11
2.615820e+01,4.096626e-11,1.445022e-09,1.445022e-11
2.616099e+01,3.999274e-11,1.424254e-09,1.424254e-11
2.616377e+01,3.902458e-11,1.404258e-09,1.404258e-11
2.616655e+01,3.808538e-11,1.384979e-09,1.384979e-11
2.616934e+01,3.719710e-11,1.366238e-09,1.366238e-11
2.617212e+01,3.637928e-11,1.347768e-09,1.347768e-11
2.617491e+01,3.564825e-11,1.329256e-09,1.329256e-11
2.617769e+01,3.501691e-11,1.310417e-09,1.310417e-11
2.618047e+01,3.449483e-11,1.291104e-09,1.291104e-11
2.618326e+01,3.408803e-11,1.271349e-09,1.271349e-11
2.618604e+01,3.379923e-11,1.251381e-09,1.251381e-11
2.618882e+01,3.362761e-11,1.231660e-09,1.231660e-11
2.619161e+01,3.356945e-11,1.212895e-09,1.212895e-11
2.619439e+01,3.361948e-11,1.195993e-09,1.195993e-11
2.619718e+01,3.377003e-11,1.181962e-09,1.181962e-11
2.619996e+01,3.401137e-11,1.171815e-09,1.171815e-11
2.620274e+01,3.433229e-11,1.166443e-09,1.166443e-11
2.620553e+01,3.472028e-11,1.166495e-09,1.166495e-11
2.620831e+01,3.516189e-11,1.172297e-09,1.172297e-11
2.621109e+01,3.564241e-11,1.183780e-09,1.183780e-11
2.621388e+01,3.614621e-11,1.200464e-09,1.200464e-11
2.621666e+01,3.665765e-11,1.221527e-09,1.221527e-11
2.621944e+01,3.716086e-11,1.245892e-09,1.245892e-11
2.622223e+01,3.763987e-11,1.272307e-09,1.272307e-11
2.622501e+01,3.807999e-11,1.299458e-09,1.299458e-11
2.622780e+01,3.846829e-11,1.326087e-09,1.326087e-11
2.623058e+01,3.879322e-11,1.351047e-09,1.351047e-11
2.623336e+01,3.904500e-11,1.373341e-09,1.373341e-11
2.623615e+01,3.921644e-11,1.392192e-09,1.392192e-11
2.623893e+01,3.930308e-11,1.407065e-09,1.407065e-11
2.624171e+01,3.930303e-11,1.417653e-09,1.417653e-11
2.624450e+01,3.921708e-11,1.423870e-09,1.423870e-11
2.624728e+01,3.904776e-11,1.425807e-09,1.425807e-11
2.625007e+01,3.879868e-11,1.423678e-09,1.423678e-11
2.625285e+01,3.847541e-11,1.417785e-09,1.417785e-11
2.625563e+01,3.808480e-11,1.408474e-09,1.408474e-11
2.625842e+01,3.763365e-11,1.396090e-09,1.396090e-11
2.626120e+01,3.712900e-11,1.380908e-09,1.380908e-11
2.626398e+01,3.657738e-11,1.363133e-09,1.363133e-11
2.626677e+01,3.598592e-11,1.342933e-09,1.342933e-11
2.626955e+01,3.536222e-11,1.320422e-09,1.320422e-11
2.627233e+01,3.471315e-11,1.295666e-09,1.295666e-11
2.627512e+01,3.404662e-11,1.268740e-09,1.268740e-11
2.627790e+01,3.337112e-11,1.239730e-09,1.239730e-11
2.628069e+01,3.269512e-11,1.208748e-09,1.208748e-11
2.628347e+01,3.202721e-11,1.175955e-09,1.175955e-11
2.628625e+01,3.137567e-11,1.141551e-09,1.141551e-11
2.628904e+01,3.074865e-11,1.105818e-09,1.105818e-11
2.629182e+01,3.015350e-11,1.069122e-09,1.069122e-11
2.629460e+01,2.959579e-11,1.031884e-09,1.031884e-11
2.629739e+01,2.907931e-11,9.946007e-10,9.946007e-12
2.630017e+01,2.860582e-11,9.578580e-10,9.578580e-12
2.630296e+01,2.817509e-11,9.222909e-10,9.222909e-12
2.630574e+01,2.778529e-11,8.885571e-10,8.885571e-12
2.630852e+01,2.743274e-11,8.573016e-10,8.573016e-12
2.631131e+01,2.711282e-11,8.290669e-10,8.290669e-12
2.631409e+01,2.682009e-11,8.042218e-10,8.042218e-12
2.631687e+01,2.654932e-11,7.829492e-10,7.829492e-12
2.631966e+01,2.629647e-11,7.652127e-10,7.652127e-12
2.632244e+01,2.605828e-11,7.507665e-10,7.507665e-12
2.632522e+01,2.583287e-11,7.392230e-10,7.392230e-12
2.632801e+01,2.561959e-11,7.301110e-10,7.301110e-12
2.633079e+01,2.541988e-11,7.229759e-10,7.229759e-12
2.633358e+01,2.523636e-11,7.174537e-10,7.174537e-12
2.633636e+01,2.507210e-11,7.133022e-10,7.133022e-12
2.633914e+01,2.493108e-11,7.104439e-10,7.104439e-12
2.634193e+01,2.481732e-11,7.089573e-10,7.089573e-12
2.634471e+01,2.473430e-11,7.090441e-10,7.090441e-12
2.634749e+01,2.468477e-11,7.109916e-10,7.109916e-12
2.635028e+01,2.467049e-11,7.151062e-10,7.151062e-12
2.635306e+01,2.469216e-11,7.216606e-10,7.216606e-12
2.635584e+01,2.474976e-11,7.308281e-10,7.308281e-12
2.635863e+01,2.484146e-11,7.426180e-10,7.426180e-12
2.636141e+01,2.496448e-11,7.568575e-10,7.568575e-12
2.636420e+01,2.511598e-11,7.731860e-10,7.731860e-12
2.636698e+01,2.529197e-11,7.910659e-10,7.910659e-12
2.636976e+01,2.548831e-11,8.098225e-10,8.098225e-12
2.637255e+01,2.570057e-11,8.286959e-10,8.286959e-12
2.637533e+01,2.592403e-11,8.469123e-10,8.469123e-12
2.637811e+01,2.615462e-11,8.637483e-10,8.637483e-12
2.638090e+01,2.638810e-11,8.785704e-10,8.785704e-12
2.638368e+01,2.661996e-11,8.908825e-10,8.908825e-12
2.638647e+01,2.684637e-11,9.003718e-10,9.003718e-12
2.638925e+01,2.706374e-11,9.069185e-10,9.069185e-12
2.639203e+01,2.726810e-11,9.105884e-10,9.105884e-12
2.639482e+01,2.745608e-11,9.116349e-10,9.116349e-12
2.639760e+01,2.762534e-11,9.104842e-10,9.104842e-12
2.640038e+01,2.777391e-11,9.076825e-10,9.076825e-12
2.640317e+01,2.790091e-11,9.038515e-10,9.038515e-12
2.640595e+01,2.800679e-11,8.996490e-10,8.996490e-12
2.640873e+01,2.809342e-11,8.957094e-10,8.957094e-12
2.641152e+01,2.816431e-11,8.925936e-10,8.925936e-12
2.641430e+01,2.822407e-11,8.907490e-10,8.907490e-12
2.641709e+01,2.827920e-11,8.904800e-10,8.904800e-12
2.641987e+01,2.833764e-11,8.919228e-10,8.919228e-12
2.642265e+01,2.840704e-11,8.950402e-10,8.950402e-12
2.642544e+01,2.849524e-11,8.996587e-10,8.996587e-12
2.642822e+01,2.860978e-11,9.054910e-10,9.054910e-12
2.643100e+01,2.875686e-11,9.121617e-10,9.121617e-12
2.643379e+01,2.894120e-11,9.192872e-10,9.192872e-12
2.643657e+01,2.916595e-11,9.265149e-10,9.265149e-12
2.643936e+01,2.943203e-11,9.335238e-10,9.335238e-12
2.644214e+01,2.973814e-11,9.400809e-10,9.400809e-12
2.644492e+01,3.008135e-11,9.460604e-10,9.460604e-12
2.644771e+01,3.045701e-11,9.514298e-10,9.514298e-12
2.645049e+01,3.085863e-11,9.562876e-10,9.562876e-12
2.645327e+01,3.127945e-11,9.608607e-10,9.608607e-12
2.645606e+01,3.171229e-11,9.654650e-10,9.654650e-12
2.645884e+01,3.214957e-11,9.705114e-10,9.705114e-12
2.646162e+01,3.258456e-11,9.764839e-10,9.764839e-12
2.646441e+01,3.301059e-11,9.838965e-10,9.838965e-12
2.646719e+01,3.342173e-11,9.932741e-10,9.932741e-12
2.646998e+01,3.381341e-11,1.005108e-09,1.005108e-11
2.647276e+01,3.418125e-11,1.019814e-09,1.019814e-11
2.647554e+01,3.452244e-11,1.037728e-09,1.037728e-11
2.647833e+01,3.483584e-11,1.059089e-09,1.059089e-11
2.648111e+01,3.511980e-11,1.084000e-09,1.084000e-11
2.648389e+01,3.537386e-11,1.112463e-09,1.112463e-11
2.648668e+01,3.559951e-11,1.144404e-09,1.144404e-11
2.648946e+01,3.579797e-11,1.179650e-09,1.179650e-11
2.649225e+01,3.597134e-11,1.217967e-09,1.217967e-11
2.649503e+01,3.612283e-11,1.259073e-09,1.259073e-11
2.649781e+01,3.625561e-11,1.302633e-09,1.302633e-11
2.650060e+01,3.637376e-11,1.348248e-09,1.348248e-11
2.650338e+01,3.648180e-11,1.395477e-09,1.395477e-11
2.650616e+01,3.658458e-11,1.443820e-09,1.443820e-11
2.650895e+01,3.668718e-11,1.492708e-09,1.492708e-11
2.651173e+01,3.679443e-11,1.541510e-09,1.541510e-11
2.651451e+01,3.691156e-11,1.589551e-09,1.589551e-11
2.651730e+01,3.704346e-11,1.636108e-09,1.636108e-11
2.652008e+01,3.719395e-11,1.680432e-09,1.680432e-11
2.652287e+01,3.736604e-11,1.721774e-09,1.721774e-11
2.652565e+01,3.756161e-11,1.759414e-09,1.759414e-11
2.652843e+01,3.778081e-11,1.792679e-09,1.792679e-11
2.653122e+01,3.802219e-11,1.820984e-09,1.820984e-11
2.653400e+01,3.828274e-11,1.843855e-09,1.843855e-11
2.653678e+01,3.855748e-11,1.860956e-09,1.860956e-11
2.653957e+01,3.883953e-11,1.872096e-09,1.872096e-11
2.654235e+01,3.912113e-11,1.877247e-09,1.877247e-11
2.654513e+01,3.939363e-11,1.876544e-09,1.876544e-11
2.654792e+01,3.964738e-11,1.870278e-09,1.870278e-11
2.655070e+01,3.987279e-11,1.858875e-09,1.858875e-11
2.655349e+01,4.006083e-11,1.842865e-09,1.842865e-11
2.655627e+01,4.020243e-11,1.822836e-09,1.822836e-11
2.655905e+01,4.028913e-11,1.799388e-09,1.799388e-11
2.656184e+01,4.031381e-11,1.773087e-09,1.773087e-11
2.656462e+01,4.026987e-11,1.744407e-09,1.744407e-11
2.656740e+01,4.015156e-11,1.713692e-09,1.713692e-11
2.657019e+01,3.995422e-11,1.681136e-09,1.681136e-11
2.657297e+01,3.967407e-11,1.646764e-09,1.646764e-11
2.657576e+01,3.930825e-11,1.610439e-09,1.610439e-11
2.657854e+01,3.885408e-11,1.571899e-09,1.571899e-11
2.658132e+01,3.831060e-11,1.530815e-09,1.530815e-11
2.658411e+01,3.767808e-11,1.486836e-09,1.486836e-11
2.658689e+01,3.695717e-11,1.439659e-09,1.439659e-11
2.658967e+01,3.615080e-11,1.389099e-09,1.389099e-11
2.659246e+01,3.526369e-11,1.335140e-09,1.335140e-11
2.659524e+01,3.430191e-11,1.277970e-09,1.277970e-11
2.659802e+01,3.327340e-11,1.218013e-09,1.218013e-11
2.660081e+01,3.218821e-11,1.155931e-09,1.155931e-11
2.660359e+01,3.105838e-11,1.092613e-09,1.092613e-11
2.660638e+01,2.989688e-11,1.029129e-09,1.029129e-11
2.660916e+01,2.871795e-11,9.666897e-10,9.666897e-12
2.661194e+01,2.753773e-11,9.065957e-10,9.065957e-12
2.661473e+01,2.637246e-11,8.501269e-10,8.501269e-12
2.661751e+01,2.523820e-11,7.984568e-10,7.984568e-12
2.662029e+01,2.415147e-11,7.525665e-10,7.525665e-12
2.662308e+01,2.312779e-11,7.131342e-10,7.131342e-12
2.662586e+01,2.218130e-11,6.804761e-10,6.804761e-12
2.662865e+01,2.132508e-11,6.545489e-10,6.545489e-12
2.663143e+01,2.057074e-11,6.349767e-10,6.349767e-12
2.663421e+01,1.992767e-11,6.211409e-10,6.211409e-12
2.663700e+01,1.940344e-11,6.123348e-10,6.123348e-12
2.663978e+01,1.900438e-11,6.078689e-10,6.078689e-12
2.664256e+01,1.873410e-11,6.071332e-10,6.071332e-12
2.664535e+01,1.859398e-11,6.096637e-10,6.096637e-12
2.664813e+01,1.858381e-11,6.151412e-10,6.151412e-12
2.665091e+01,1.870103e-11,6.233465e-10,6.233465e-12
2.665370e+01,1.894145e-11,6.341356e-10,6.341356e-12
2.665648e+01,1.929810e-11,6.473848e-10,6.473848e-12
2.665927e+01,1.976084e-11,6.629469e-10,6.629469e-12
2.666205e+01,2.031766e-11,6.806548e-10,6.806548e-12
2.666483e+01,2.095416e-11,7.003175e-10,7.003175e-12
2.666762e+01,2.165302e-11,7.217072e-10,7.217072e-12
2.667040e+01,2.239466e-11,7.445475e-10,7.445475e-12
2.667318e+01,2.315834e-11,7.685165e-10,7.685165e-12
2.667597e+01,2.392237e-11,7.932420e-10,7.932420e-12
2.667875e+01,2.466430e-11,8.182651e-10,8.182651e-12
2.668153e+01,2.536241e-11,8.430407e-10,8.430407e-12
2.668432e+01,2.599704e-11,8.669589e-10,8.669589e-12
2.668710e+01,2.655082e-11,8.893309e-10,8.893309e-12
2.668989e+01,2.700922e-11,9.094058e-10,9.094058e-12
2.669267e+01,2.736140e-11,9.264305e-10,9.264305e-12
2.669545e+01,2.760048e-11,9.396838e-10,9.396838e-12
2.669824e+01,2.772386e-11,9.485056e-10,9.485056e-12
2.670102e+01,2.773239e-11,9.523438e-10,9.523438e-12
2.670380e+01,2.763086e-11,9.507996e-10,9.507996e-12
2.670659e+01,2.742821e-11,9.436686e-10,9.436686e-12
2.670937e+01,2.713532e-11,9.309604e-10,9.309604e-12
2.671216e+01,2.676583e-11,9.129075e-10,9.129075e-12
2.671494e+01,2.633589e-11,8.900014e-10,8.900014e-12
2.671772e+01,2.586308e-11,8.630063e-10,8.630063e-12
2.672051e+01,2.536635e-11,8.329308e-10,8.329308e-12
2.672329e+01,2.486534e-11,8.010161e-10,8.010161e-12
2.672607e+01,2.438029e-11,7.687201e-10,7.687201e-12
2.672886e+01,2.393142e-11,7.376363e-10,7.376363e-12
2.673164e+01,2.353831e-11,7.093787e-10,7.093787e-12
2.673442e+01,2.321936e-11,6.854599e-10,6.854599e-12
2.673721e+01,2.299114e-11,6.671437e-10,6.671437e-12
2.673999e+01,2.286762e-11,6.552946e-10,6.552946e-12
2.674278e+01,2.285980e-11,6.503180e-10,6.503180e-12
2.674556e+01,2.297599e-11,6.521978e-10,6.521978e-12
2.674834e+01,2.321977e-11,6.605711e-10,6.605711e-12
2.675113e+01,2.359006e-11,6.748970e-10,6.748970e-12
2.675391e+01,2.408252e-11,6.946458e-10,6.946458e-12
2.675669e+01,2.468861e-11,7.193672e-10,7.193672e-12
2.675948e+01,2.539612e-11,7.486760e-10,7.486760e-12
2.676226e+01,2.618945e-11,7.821992e-10,7.821992e-12
2.676505e+01,2.705077e-11,8.195125e-10,8.195125e-12
2.676783e+01,2.796111e-11,8.600738e-10,8.600738e-12
2.677061e+01,2.890071e-11,9.031646e-10,9.031646e-12
2.677340e+01,2.984976e-11,9.478934e-10,9.478934e-12
2.677618e+01,3.078966e-11,9.932525e-10,9.932525e-12
2.677896e+01,3.170386e-11,1.038189e-09,1.038189e-11
2.678175e+01,3.257766e-11,1.081665e-09,1.081665e-11
2.678453e+01,3.339854e-11,1.122709e-09,1.122709e-11
2.678731e+01,3.415637e-11,1.160488e-09,1.160488e-11
2.679010e+01,3.484368e-11,1.194354e-09,1.194354e-11
2.679288e+01,3.545531e-11,1.223841e-09,1.223841e-11
2.679567e+01,3.598782e-11,1.248677e-09,1.248677e-11
2.679845e+01,3.643973e-11,1.268786e-09,1.268786e-11
2.680123e+01,3.681059e-11,1.284253e-09,1.284253e-11
2.680402e+01,3.710143e-11,1.295323e-09,1.295323e-11
2.680680e+01,3.731472e-11,1.302384e-09,1.302384e-11
2.680958e+01,3.745366e-11,1.305939e-09,1.305939e-11
2.681237e+01,3.752351e-11,1.306575e-09,1.306575e-11
2.681515e+01,3.753086e-11,1.304943e-09,1.304943e-11
2.681794e+01,3.748328e-11,1.301719e-09,1.301719e-11
2.682072e+01,3.739027e-11,1.297559e-09,1.297559e-11
2.682350e+01,3.726217e-11,1.293060e-09,1.293060e-11
2.682629e+01,3.710998e-11,1.288731e-09,1.288731e-11
2.682907e+01,3.694582e-11,1.284973e-09,1.284973e-11
2.683185e+01,3.678108e-11,1.282052e-09,1.282052e-11
2.683464e+01,3.662573e-11,1.280105e-09,1.280105e-11
2.683742e+01,3.648917e-11,1.279161e-09,1.279161e-11
2.684020e+01,3.637858e-11,1.279163e-09,1.279163e-11
2.684299e+01,3.629861e-11,1.279995e-09,1.279995e-11
2.684577e+01,3.625223e-11,1.281535e-09,1.281535e-11
2.684856e+01,3.623982e-11,1.283649e-09,1.283649e-11
2.685134e+01,3.625954e-11,1.286198e-09,1.286198e-11
2.685412e+01,3.630894e-11,1.289067e-09,1.289067e-11
2.685691e+01,3.638477e-11,1.292156e-09,1.292156e-11
2.685969e+01,3.648315e-11,1.295363e-09,1.295363e-11
2.686247e+01,3.660106e-11,1.298589e-09,1.298589e-11
2.686526e+01,3.673574e-11,1.301718e-09,1.301718e-11
2.686804e+01,3.688569e-11,1.304622e-09,1.304622e-11
2.687082e+01,3.705069e-11,1.307179e-09,1.307179e-11
2.687361e+01,3.723095e-11,1.309285e-09,1.309285e-11
2.687639e+01,3.742777e-11,1.310864e-09,1.310864e-11
2.687918e+01,3.764247e-11,1.311907e-09,1.311907e-11
2.688196e+01,3.787667e-11,1.312499e-09,1.312499e-11
2.688474e+01,3.813230e-11,1.312857e-09,1.312857e-11
2.688753e+01,3.841019e-11,1.313318e-09,1.313318e-11
2.689031e+01,3.871012e-11,1.314325e-09,1.314325e-11
2.689309e+01,3.903137e-11,1.316419e-09,1.316419e-11
2.689588e+01,3.937284e-11,1.320219e-09,1.320219e-11
2.689866e+01,3.973240e-11,1.326304e-09,1.326304e-11
2.690145e+01,4.010705e-11,1.335133e-09,1.335133e-11
2.690423e+01,4.049341e-11,1.347006e-09,1.347006e-11
2.690701e+01,4.088720e-11,1.362001e-09,1.362001e-11
2.690980e+01,4.128376e-11,1.379936e-09,1.379936e-11
2.691258e+01,4.167819e-11,1.400385e-09,1.400385e-11
2.691536e+01,4.206442e-11,1.422721e-09,1.422721e-11
2.691815e+01,4.243570e-11,1.446184e-09,1.446184e-11
2.692093e+01,4.278478e-11,1.469947e-09,1.469947e-11
2.692371e+01,4.310357e-11,1.493193e-09,1.493193e-11
2.692650e+01,4.338317e-11,1.515176e-09,1.515176e-11
2.692928e+01,4.361434e-11,1.535271e-09,1.535271e-11
2.693207e+01,4.378770e-11,1.553002e-09,1.553002e-11
2.693485e+01,4.389479e-11,1.568049e-09,1.568049e-11
2.693763e+01,4.392886e-11,1.580236e-09,1.580236e-11
2.694042e+01,4.388437e-11,1.589490e-09,1.589490e-11
2.694320e+01,4.375870e-11,1.595814e-09,1.595814e-11
2.694598e+01,4.355312e-11,1.599255e-09,1.599255e-11
2.694877e+01,4.327259e-11,1.599859e-09,1.599859e-11
2.695155e+01,4.292666e-11,1.597662e-09,1.597662e-11
2.695434e+01,4.252917e-11,1.592686e-09,1.592686e-11
2.695712e+01,4.209741e-11,1.584950e-09,1.584950e-11
2.695990e+01,4.165204e-11,1.574523e-09,1.574523e-11
2.696269e+01,4.121642e-11,1.561589e-09,1.561589e-11
2.696547e+01,4.081466e-11,1.546504e-09,1.546504e-11
2.696825e+01,4.047030e-11,1.529858e-09,1.529858e-11
2.697104e+01,4.020475e-11,1.512529e-09,1.512529e-11
2.697382e+01,4.003608e-11,1.495697e-09,1.495697e-11
2.697660e+01,3.997835e-11,1.480809e-09,1.480809e-11
2.697939e+01,4.004000e-11,1.469489e-09,1.469489e-11
2.698217e+01,4.022348e-11,1.463386e-09,1.463386e-11
2.698496e+01,4.052513e-11,1.463990e-09,1.463990e-11
2.698774e+01,4.093509e-11,1.472409e-09,1.472409e-11
2.699052e+01,4.143792e-11,1.489174e-09,1.489174e-11
2.699331e+01,4.201345e-11,1.514133e-09,1.514133e-11
2.699609e+01,4.263727e-11,1.546447e-09,1.546447e-11
2.699887e+01,4.328196e-11,1.584649e-09,1.584649e-11
2.700166e+01,4.391814e-11,1.626796e-09,1.626796e-11
2.700444e+01,4.451529e-11,1.670663e-09,1.670663e-11
2.700723e+01,4.504309e-11,1.713911e-09,1.713911e-11
2.701001e+01,4.547220e-11,1.754243e-09,1.754243e-11
2.701279e+01,4.577556e-11,1.789527e-09,1.789527e-11
2.701558e+01,4.592912e-11,1.817878e-09,1.817878e-11
2.701836e+01,4.591279e-11,1.837735e-09,1.837735e-11
2.702114e+01,4.571087e-11,1.847898e-09,1.847898e-11
2.702393e+01,4.531277e-11,1.847543e-09,1.847543e-11
2.702671e+01,4.471383e-11,1.836232e-09,1.836232e-11
2.702949e+01,4.391523e-11,1.813921e-09,1.813921e-11
2.703228e+01,4.292432e-11,1.780928e-09,1.780928e-11
2.703506e+01,4.175393e-11,1.737896e-09,1.737896e-11
2.703785e+01,4.042226e-11,1.685757e-09,1.685757e-11
2.704063e+01,3.895278e-11,1.625689e-09,1.625689e-11
2.704341e+01,3.737246e-11,1.559041e-09,1.559041e-11
2.704620e+01,3.571114e-11,1.487263e-09,1.487263e-11
2.704898e+01,3.400083e-11,1.411840e-09,1.411840e-11
2.705176e+01,3.227413e-11,1.334249e-09,1.334249e-11
2.705455e+01,3.056308e-11,1.255900e-09,1.255900e-11
2.705733e+01,2.889866e-11,1.178089e-09,1.178089e-11
2.706011e+01,2.730929e-11,1.101968e-09,1.101968e-11
2.706290e+01,2.582016e-11,1.028548e-09,1.028548e-11
2.706568e+01,2.445318e-11,9.587184e-10,9.587184e-12
2.706847e+01,2.322605e-11,8.932671e-10,8.932671e-12
2.707125e+01,2.215276e-11,8.329131e-10,8.329131e-12
2.707403e+01,2.124302e-11,7.783434e-10,7.783434e-12
2.707682e+01,2.050251e-11,7.302559e-10,7.302559e-12
2.707960e+01,1.993440e-11,6.893811e-10,6.893811e-12
2.708238e+01,1.953869e-11,6.564487e-10,6.564487e-12
2.708517e+01,1.931310e-11,6.321275e-10,6.321275e-12
2.708795e+01,1.925323e-11,6.169345e-10,6.169345e-12
2.709074e+01,1.935322e-11,6.111249e-10,6.111249e-12
2.709352e+01,1.960627e-11,6.146132e-10,6.146132e-12
2.709630e+01,2.000409e-11,6.269643e-10,6.269643e-12
2.709909e+01,2.053752e-11,6.474605e-10,6.474605e-12
2.710187e+01,2.119568e-11,6.752045e-10,6.752045e-12
2.710465e+01,2.196658e-11,7.092399e-10,7.092399e-12
2.710744e+01,2.283671e-11,7.486372e-10,7.486372e-12
2.711022e+01,2.379066e-11,7.925228e-10,7.925228e-12
2.711300e+01,2.481160e-11,8.400812e-10,8.400812e-12
2.711579e+01,2.588051e-11,8.905360e-10,8.905360e-12
2.711857e+01,2.697730e-11,9.431103e-10,9.431103e-12
2.712136e+01,2.808086e-11,9.969930e-10,9.969930e-12
2.712414e+01,2.916951e-11,1.051318e-09,1.051318e-11
2.712692e+01,3.022145e-11,1.105143e-09,1.105143e-11
2.712971e+01,3.121508e-11,1.157451e-09,1.157451e-11
2.713249e+01,3.213027e-11,1.207169e-09,1.207169e-11
2.713527e+01,3.294882e-11,1.253203e-09,1.253203e-11
2.713806e+01,3.365464e-11,1.294465e-09,1.294465e-11
2.714084e+01,3.423451e-11,1.329917e-09,1.329917e-11
2.714363e+01,3.467884e-11,1.358611e-09,1.358611e-11
2.714641e+01,3.498159e-11,1.379736e-09,1.379736e-11
2.714919e+01,3.514043e-11,1.392654e-09,1.392654e-11
2.715198e+01,3.515721e-11,1.396930e-09,1.396930e-11
2.715476e+01,3.503818e-11,1.392371e-09,1.392371e-11
2.715754e+01,3.479328e-11,1.379039e-09,1.379039e-11
2.716033e+01,3.443656e-11,1.357273e-09,1.357273e-11
2.716311e+01,3.398576e-11,1.327694e-09,1.327694e-11
2.716589e+01,3.346101e-11,1.291209e-09,1.291209e-11
2.716868e+01,3.288531e-11,1.249020e-09,1.249020e-11
2.717146e+01,3.228370e-11,1.202630e-09,1.202630e-11
2.717425e+01,3.168179e-11,1.153825e-09,1.153825e-11
2.717703e+01,3.110516e-11,1.104656e-09,1.104656e-11
2.717981e+01,3.057850e-11,1.057407e-09,1.057407e-11
2.718260e+01,3.012542e-11,1.014519e-09,1.014519e-11
2.718538e+01,2.976729e-11,9.784364e-10,9.784364e-12
2.718816e+01,2.952144e-11,9.513839e-10,9.513839e-12
2.719095e+01,2.940181e-11,9.351015e-10,9.351015e-12
2.719373e+01,2.941887e-11,9.305852e-10,9.305852e-12
2.719652e+01,2.957797e-11,9.378958e-10,9.378958e-12
2.719930e+01,2.987939e-11,9.561602e-10,9.561602e-12
2.720208e+01,3.031872e-11,9.837723e-10,9.837723e-12
2.720487e+01,3.088698e-11,1.018679e-09,1.018679e-11
2.720765e+01,3.157118e-11,1.058667e-09,1.058667e-11
2.721043e+01,3.235420e-11,1.101592e-09,1.101592e-11
2.721322e+01,3.321598e-11,1.145531e-09,1.145531e-11
2.721600e+01,3.413461e-11,1.188856e-09,1.188856e-11
2.721878e+01,3.508668e-11,1.230265e-09,1.230265e-11
2.722157e+01,3.604950e-11,1.268796e-09,1.268796e-11
2.722435e+01,3.700131e-11,1.303804e-09,1.303804e-11
2.722714e+01,3.792181e-11,1.334924e-09,1.334924e-11
2.722992e+01,3.879341e-11,1.362054e-09,1.362054e-11
2.723270e+01,3.960237e-11,1.385347e-09,1.385347e-11
2.723549e+01,4.033848e-11,1.405176e-09,1.405176e-11
2.723827e+01,4.099520e-11,1.422079e-09,1.422079e-11
2.724105e+01,4.157027e-11,1.436709e-09,1.436709e-11
2.724384e+01,4.206434e-11,1.449815e-09,1.449815e-11
2.724662e+01,4.248201e-11,1.462214e-09,1.462214e-11
2.724940e+01,4.283073e-11,1.474720e-09,1.474720e-11
2.725219e+01,4.311951e-11,1.488115e-09,1.488115e-11
2.725497e+01,4.335947e-11,1.503131e-09,1.503131e-11
2.725776e+01,4.356230e-11,1.520405e-09,1.520405e-11
2.726054e+01,4.374042e-11,1.540478e-09,1.540478e-11
2.726332e+01,4.390670e-11,1.563785e-09,1.563785e-11
2.726611e+01,4.407261e-11,1.590614e-09,1.590614e-11
2.726889e+01,4.424874e-11,1.621114e-09,1.621114e-11
2.727167e+01,4.444460e-11,1.655288e-09,1.655288e-11
2.727446e+01,4.466698e-11,1.692954e-09,1.692954e-11
2.727724e+01,4.492046e-11,1.733754e-09,1.733754e-11
2.728003e+01,4.520703e-11,1.777172e-09,1.777172e-11
2.728281e+01,4.552558e-11,1.822535e-09,1.822535e-11
2.728559e+01,4.587231e-11,1.869047e-09,1.869047e-11
2.728838e+01,4.624083e-11,1.915830e-09,1.915830e-11
2.729116e+01,4.662156e-11,1.961937e-09,1.961937e-11
2.729394e+01,4.700202e-11,2.006406e-09,2.006406e-11
2.729673e+01,4.736888e-11,2.048313e-09,2.048313e-11
2.729951e+01,4.770793e-11,2.086793e-09,2.086793e-11
2.730229e+01,4.800392e-11,2.121056e-09,2.121056e-11
2.730508e+01,4.824238e-11,2.150408e-09,2.150408e-11
2.730786e+01,4.840996e-11,2.174264e-09,2.174264e-11
2.731065e+01,4.849498e-11,2.192149e-09,2.192149e-11
2.731343e+01,4.848843e-11,2.203708e-09,2.203708e-11
2.731621e+01,4.838425e-11,2.208701e-09,2.208701e-11
2.731900e+01,4.817954e-11,2.206999e-09,2.206999e-11
2.732178e+01,4.787438e-11,2.198590e-09,2.198590e-11
2.732456e+01,4.747218e-11,2.183571e-09,2.183571e-11
2.732735e+01,4.697963e-11,2.162150e-09,2.162150e-11
2.733013e+01,4.640536e-11,2.134635e-09,2.134635e-11
2.733292e+01,4.575966e-11,2.101422e-09,2.101422e-11
2.733570e+01,4.505422e-11,2.062981e-09,2.062981e-11
2.733848e+01,4.430124e-11,2.019839e-09,2.019839e-11
2.734127e+01,4.351282e-11,1.972561e-09,1.972561e-11
2.734405e+01,4.270052e-11,1.921725e-09,1.921725e-11
2.734683e+01,4.187493e-11,1.867896e-09,1.867896e-11
2.734962e+01,4.104492e-11,1.811598e-09,1.811598e-11
2.735240e+01,4.021826e-11,1.753312e-09,1.753312e-11
2.735518e+01,3.940154e-11,1.693475e-09,1.693475e-11
2.735797e+01,3.859945e-11,1.632473e-09,1.632473e-11
2.736075e+01,3.781559e-11,1.570654e-09,1.570654e-11
2.736354e+01,3.705209e-11,1.508360e-09,1.508360e-11
2.736632e+01,3.630990e-11,1.445951e-09,1.445951e-11
2.736910e+01,3.558889e-11,1.383828e-09,1.383828e-11
2.737189e+01,3.488709e-11,1.322439e-09,1.322439e-11
2.737467e+01,3.420168e-11,1.262302e-09,1.262302e-11
2.737745e+01,3.352852e-11,1.203989e-09,1.203989e-11
2.738024e+01,3.286196e-11,1.148089e-09,1.148089e-11
2.738302e+01,3.219559e-11,1.095173e-09,1.095173e-11
2.738581e+01,3.152258e-11,1.045765e-09,1.045765e-11
2.738859e+01,3.083631e-11,1.000270e-09,1.000270e-11
2.739137e+01,3.013021e-11,9.589118e-10,9.589118e-12
2.739416e+01,2.939934e-11,9.217148e-10,9.217148e-12
2.739694e+01,2.864085e-11,8.884907e-10,8.884907e-12
2.739972e+01,2.785430e-11,8.588502e-10,8.588502e-12
2.740251e+01,2.704272e-11,8.322396e-10,8.322396e-12
2.740529e+01,2.621154e-11,8.079892e-10,8.079892e-12
2.740807e+01,2.536938e-11,7.853978e-10,7.853978e-12
2.741086e+01,2.452783e-11,7.638089e-10,7.638089e-12
2.741364e+01,2.369985e-11,7.426812e-10,7.426812e-12
2.741643e+01,2.290044e-11,7.216866e-10,7.216866e-12
2.741921e+01,2.214528e-11,7.007723e-10,7.007723e-12
2.742199e+01,2.144875e-11,6.801961e-10,6.801961e-12
2.742478e+01,2.082425e-11,6.605708e-10,6.605708e-12
2.742756e+01,2.028355e-11,6.428473e-10,6.428473e-12
2.743034e+01,1.983597e-11,6.282164e-10,6.282164e-12
2.743313e+01,1.948813e-11,6.179412e-10,6.179412e-12
2.743591e+01,1.924409e-11,6.131174e-10,6.131174e-12
2.743869e+01,1.910510e-11,6.143993e-10,6.143993e-12
2.744148e+01,1.906988e-11,6.218187e-10,6.218187e-12
2.744426e+01,1.913559e-11,6.347520e-10,6.347520e-12
2.744705e+01,1.929717e-11,6.519965e-10,6.519965e-12
2.744983e+01,1.954804e-11,6.719840e-10,6.719840e-12
2.745261e+01,1.988077e-11,6.930689e-10,6.930689e-12
2.745540e+01,2.028699e-11,7.137359e-10,7.137359e-12
2.745818e+01,2.075767e-11,7.326987e-10,7.326987e-12
2.746096e+01,2.128272e-11,7.489976e-10,7.489976e-12
2.746375e+01,2.185213e-11,7.620587e-10,7.620587e-12
2.746653e+01,2.245550e-11,7.716207e-10,7.716207e-12
2.746932e+01,2.308093e-11,7.776860e-10,7.776860e-12
2.747210e+01,2.371707e-11,7.805552e-10,7.805552e-12
2.747488e+01,2.435326e-11,7.807708e-10,7.807708e-12
2.747767e+01,2.497835e-11,7.790163e-10,7.790163e-12
2.748045e+01,2.558201e-11,7.760906e-10,7.760906e-12
2.748323e+01,2.615570e-11,7.728721e-10,7.728721e-12
2.748602e+01,2.669172e-11,7.702293e-10,7.702293e-12
2.748880e+01,2.718435e-11,7.689653e-10,7.689653e-12
2.749158e+01,2.763049e-11,7.697572e-10,7.697572e-12
2.749437e+01,2.802860e-11,7.730633e-10,7.730633e-12
2.749715e+01,2.837920e-11,7.790943e-10,7.790943e-12
2.749994e+01,2.868472e-11,7.878096e-10,7.878096e-12
2.750272e+01,2.894845e-11,7.989156e-10,7.989156e-12
2.750550e+01,2.917450e-11,8.119341e-10,8.119341e-12
2.750829e+01,2.936710e-11,8.262858e-10,8.262858e-12
2.751107e+01,2.952940e-11,8.413455e-10,8.413455e-12
2.751385e+01,2.966355e-11,8.565056e-10,8.565056e-12
2.751664e+01,2.977040e-11,8.712198e-10,8.712198e-12
2.751942e+01,2.984922e-11,8.850183e-10,8.850183e-12
2.752221e+01,2.989801e-11,8.975107e-10,8.975107e-12
2.752499e+01,2.991354e-11,9.083722e-10,9.083722e-12
2.752777e+01,2.989243e-11,9.173455e-10,9.173455e-12
2.753056e+01,2.983164e-11,9.242420e-10,9.242420e-12
2.753334e+01,2.972878e-11,9.289294e-10,9.289294e-12
2.753612e+01,2.958253e-11,9.313473e-10,9.313473e-12
2.753891e+01,2.939355e-11,9.315360e-10,9.315360e-12
2.754169e+01,2.916468e-11,9.296352e-10,9.296352e-12
2.754447e+01,2.889998e-11,9.258586e-10,9.258586e-12
2.754726e+01,2.860524e-11,9.204808e-10,9.204808e-12
2.755004e+01,2.828756e-11,9.138270e-10,9.138270e-12
2.755283e+01,2.795441e-11,9.062198e-10,9.062198e-12
2.755561e+01,2.761355e-11,8.979286e-10,8.979286e-12
2.755839e+01,2.727236e-11,8.891719e-10,8.891719e-12
2.756118e+01,2.693786e-11,8.800989e-10,8.800989e-12
2.756396e+01,2.661613e-11,8.707611e-10,8.707611e-12
2.756674e+01,2.631210e-11,8.611542e-10,8.611542e-12
2.756953e+01,2.602977e-11,8.512762e-10,8.512762e-12
2.757231e+01,2.577201e-11,8.411645e-10,8.411645e-12
2.757509e+01,2.554188e-11,8.309533e-10,8.309533e-12
2.757788e+01,2.534236e-11,8.209275e-10,8.209275e-12
2.758066e+01,2.517578e-11,8.115421e-10,8.115421e-12
2.758345e+01,2.504480e-11,8.034173e-10,8.034173e-12
2.758623e+01,2.495184e-11,7.973073e-10,7.973073e-12
2.758901e+01,2.489977e-11,7.940483e-10,7.940483e-12
2.759180e+01,2.489187e-11,7.944609e-10,7.944609e-12
2.759458e+01,2.493077e-11,7.992276e-10,7.992276e-12
2.759736e+01,2.501914e-11,8.087995e-10,8.087995e-12
2.760015e+01,2.515953e-11,8.233262e-10,8.233262e-12
2.760293e+01,2.535421e-11,8.426318e-10,8.426318e-12
2.760572e+01,2.560513e-11,8.662480e-10,8.662480e-12
2.760850e+01,2.591399e-11,8.934812e-10,8.934812e-12
2.761128e+01,2.628262e-11,9.235010e-10,9.235010e-12
2.761407e+01,2.671265e-11,9.554332e-10,9.554332e-12
2.761685e+01,2.720615e-11,9.884513e-10,9.884513e-12
2.761963e+01,2.776531e-11,1.021853e-09,1.021853e-11
2.762242e+01,2.839255e-11,1.055116e-09,1.055116e-11
2.762520e+01,2.909100e-11,1.087939e-09,1.087939e-11
2.762798e+01,2.986377e-11,1.120274e-09,1.120274e-11
2.763077e+01,3.071375e-11,1.152344e-09,1.152344e-11
2.763355e+01,3.164276e-11,1.184643e-09,1.184643e-11
2.763634e+01,3.265200e-11,1.217914e-09,1.217914e-11
2.763912e+01,3.374150e-11,1.253100e-09,1.253100e-11
2.764190e+01,3.490857e-11,1.291236e-09,1.291236e-11
2.764469e+01,3.614795e-11,1.333340e-09,1.333340e-11
2.764747e+01,3.745175e-11,1.380285e-09,1.380285e-11
2.765025e+01,3.880971e-11,1.432678e-09,1.432678e-11
2.765304e+01,4.020841e-11,1.490738e-09,1.490738e-11
2.765582e+01,4.163119e-11,1.554251e-09,1.554251e-11
2.765861e+01,4.306045e-11,1.622579e-09,1.622579e-11
2.766139e+01,4.447768e-11,1.694735e-09,1.694735e-11
2.766417e+01,4.586338e-11,1.769461e-09,1.769461e-11
2.766696e+01,4.719809e-11,1.845338e-09,1.845338e-11
2.766974e+01,4.846382e-11,1.920906e-09,1.920906e-11
2.767252e+01,4.964427e-11,1.994761e-09,1.994761e-11
2.767531e+01,5.072501e-11,2.065630e-09,2.065630e-11
2.767809e+01,5.169468e-11,2.132425e-09,2.132425e-11
2.768087e+01,5.254464e-11,2.194268e-09,2.194268e-11
2.768366e+01,5.326857e-11,2.250492e-09,2.250492e-11
2.768644e+01,5.386316e-11,2.300636e-09,2.300636e-11
2.768923e+01,5.432740e-11,2.344411e-09,2.344411e-11
2.769201e+01,5.466226e-11,2.381676e-09,2.381676e-11
2.769479e+01,5.487116e-11,2.412412e-09,2.412412e-11
2.769758e+01,5.495882e-11,2.436674e-09,2.436674e-11
2.770036e+01,5.493164e-11,2.454563e-09,2.454563e-11
2.770314e+01,5.479713e-11,2.466209e-09,2.466209e-11
2.770593e+01,5.456334e-11,2.471735e-09,2.471735e-11
2.770871e+01,5.423951e-11,2.471251e-09,2.471251e-11
2.771150e+01,5.383470e-11,2.464856e-09,2.464856e-11
2.771428e+01,5.335785e-11,2.452626e-09,2.452626e-11
2.771706e+01,5.281779e-11,2.434621e-09,2.434621e-11
2.771985e+01,5.222178e-11,2.410898e-09,2.410898e-11
2.772263e+01,5.157631e-11,2.381536e-09,2.381536e-11
2.772541e+01,5.088676e-11,2.346648e-09,2.346648e-11
2.772820e+01,5.015652e-11,2.306398e-09,2.306398e-11
2.773098e+01,4.938800e-11,2.261034e-09,2.261034e-11
2.773376e+01,4.858254e-11,2.210894e-09,2.210894e-11
2.773655e+01,4.773989e-11,2.156405e-09,2.156405e-11
2.773933e+01,4.685906e-11,2.098092e-09,2.098092e-11
2.774212e+01,4.593944e-11,2.036565e-09,2.036565e-11
2.774490e+01,4.498024e-11,1.972487e-09,1.972487e-11
2.774768e+01,4.398079e-11,1.906546e-09,1.906546e-11
2.775047e+01,4.294204e-11,1.839423e-09,1.839423e-11
2.775325e+01,4.186624e-11,1.771738e-09,1.771738e-11
2.775603e+01,4.075689e-11,1.704002e-09,1.704002e-11
2.775882e+01,3.961960e-11,1.636596e-09,1.636596e-11
2.776160e+01,3.846162e-11,1.569745e-09,1.569745e-11
2.776438e+01,3.729140e-11,1.503514e-09,1.503514e-11
2.776717e+01,3.611890e-11,1.437837e-09,1.437837e-11
2.776995e+01,3.495519e-11,1.372567e-09,1.372567e-11
2.777274e+01,3.381143e-11,1.307544e-09,1.307544e-11
2.777552e+01,3.269887e-11,1.242683e-09,1.242683e-11
2.777830e+01,3.162829e-11,1.178072e-09,1.178072e-11
2.778109e+01,3.060906e-11,1.114060e-09,1.114060e-11
2.778387e+01,2.964919e-11,1.051333e-09,1.051333e-11
2.778665e+01,2.875497e-11,9.909739e-10,9.909739e-12
2.778944e+01,2.793044e-11,9.344665e-10,9.344665e-12
2.779222e+01,2.717766e-11,8.836287e-10,8.836287e-12
2.779501e+01,2.649669e-11,8.404379e-10,8.404379e-12
2.779779e+01,2.588591e-11,8.067525e-10,8.067525e-12
2.780057e+01,2.534264e-11,7.839292e-10,7.839292e-12
2.780336e+01,2.486297e-11,7.724227e-10,7.724227e-12
2.780614e+01,2.444205e-11,7.715612e-10,7.715612e-12
2.780892e+01,2.407541e-11,7.796152e-10,7.796152e-12
2.781171e+01,2.375847e-11,7.941045e-10,7.941045e-12
2.781449e+01,2.348688e-11,8.122305e-10,8.122305e-12
2.781727e+01,2.325756e-11,8.312833e-10,8.312833e-12
2.782006e+01,2.306773e-11,8.489141e-10,8.489141e-12
2.782284e+01,2.291546e-11,8.633041e-10,8.633041e-12
2.782563e+01,2.280034e-11,8.732490e-10,8.732490e-12
2.782841e+01,2.272238e-11,8.781655e-10,8.781655e-12
2.783119e+01,2.268236e-11,8.780855e-10,8.780855e-12
2.783398e+01,2.268229e-11,8.736513e-10,8.736513e-12
2.783676e+01,2.272495e-11,8.660804e-10,8.660804e-12
2.783954e+01,2.281373e-11,8.571105e-10,8.571105e-12
2.784233e+01,2.295254e-11,8.489090e-10,8.489090e-12
2.784511e+01,2.314524e-11,8.439167e-10,8.439167e-12
2.784790e+01,2.339553e-11,8.446227e-10,8.446227e-12
2.785068e+01,2.370702e-11,8.532639e-10,8.532639e-12
2.785346e+01,2.408236e-11,8.714945e-10,8.714945e-12
2.785625e+01,2.452311e-11,9.001511e-10,9.001511e-12
2.785903e+01,2.502952e-11,9.391676e-10,9.391676e-12
2.786181e+01,2.559997e-11,9.876562e-10,9.876562e-12
2.786460e+01,2.623111e-11,1.044126e-09,1.044126e-11
2.786738e+01,2.691770e-11,1.106735e-09,1.106735e-11
2.787016e+01,2.765217e-11,1.173510e-09,1.173510e-11
2.787295e+01,2.842534e-11,1.242491e-09,1.242491e-11
2.787573e+01,2.922662e-11,1.311825e-09,1.311825e-11
2.787852e+01,3.004350e-11,1.379804e-09,1.379804e-11
2.788130e+01,3.086277e-11,1.444884e-09,1.444884e-11
2.788408e+01,3.167030e-11,1.505677e-09,1.505677e-11
2.788687e+01,3.245191e-11,1.560960e-09,1.560960e-11
2.788965e+01,3.319449e-11,1.609669e-09,1.609669e-11
2.789243e+01,3.388487e-11,1.650890e-09,1.650890e-11
2.789522e+01,3.451107e-11,1.683872e-09,1.683872e-11
2.789800e+01,3.506350e-11,1.708040e-09,1.708040e-11
2.790079e+01,3.553504e-11,1.723000e-09,1.723000e-11
2.790357e+01,3.592038e-11,1.728538e-09,1.728538e-11
2.790635e+01,3.621590e-11,1.724629e-09,1.724629e-11
2.790914e+01,3.642127e-11,1.711447e-09,1.711447e-11
2.791192e+01,3.653820e-11,1.689350e-09,1.689350e-11
2.791470e+01,3.656970e-11,1.658866e-09,1.658866e-11
2.791749e+01,3.652109e-11,1.620692e-09,1.620692e-11
2.792027e+01,3.639845e-11,1.575661e-09,1.575661e-11
2.792305e+01,3.620850e-11,1.524726e-09,1.524726e-11
2.792584e+01,3.595908e-11,1.468964e-09,1.468964e-11
2.792862e+01,3.565869e-11,1.409556e-09,1.409556e-11
2.793141e+01,3.531609e-11,1.347766e-09,1.347766e-11
2.793419e+01,3.494023e-11,1.284953e-09,1.284953e-11
2.793697e+01,3.454090e-11,1.222562e-09,1.222562e-11
2.793976e+01,3.412838e-11,1.162097e-09,1.162097e-11
2.794254e+01,3.371310e-11,1.105089e-09,1.105089e-11
2.794532e+01,3.330572e-11,1.053027e-09,1.053027e-11
2.794811e+01,3.291692e-11,1.007275e-09,1.007275e-11
2.795089e+01,3.255712e-11,9.689150e-10,9.689150e-12
2.795367e+01,3.223546e-11,9.386272e-10,9.386272e-12
2.795646e+01,3.196011e-11,9.166069e-10,9.166069e-12
2.795924e+01,3.173773e-11,9.025131e-10,9.025131e-12
2.796203e+01,3.157228e-11,8.955154e-10,8.955154e-12
2.796481e+01,3.146595e-11,8.944480e-10,8.944480e-12
2.796759e+01,3.141816e-11,8.979804e-10,8.979804e-12
2.797038e+01,3.142635e-11,9.047992e-10,9.047992e-12
2.797316e+01,3.148651e-11,9.137457e-10,9.137457e-12
2.797594e+01,3.159214e-11,9.238694e-10,9.238694e-12
2.797873e+01,3.173591e-11,9.344759e-10,9.344759e-12
2.798151e+01,3.191064e-11,9.451245e-10,9.451245e-12
2.798430e+01,3.210909e-11,9.555632e-10,9.555632e-12
2.798708e+01,3.232457e-11,9.656940e-10,9.656940e-12
2.798986e+01,3.255133e-11,9.755183e-10,9.755183e-12
2.799265e+01,3.278454e-11,9.850728e-10,9.850728e-12
2.799543e+01,3.302113e-11,9.944152e-10,9.944152e-12
2.799821e+01,3.325942e-11,1.003578e-09,1.003578e-11
2.800100e+01,3.349799e-11,1.012533e-09,1.012533e-11
2.800378e+01,3.373670e-11,1.021226e-09,1.021226e-11
2.800656e+01,3.397597e-11,1.029551e-09,1.029551e-11
2.800935e+01,3.421615e-11,1.037354e-09,1.037354e-11
2.801213e+01,3.445744e-11,1.044472e-09,1.044472e-11
2.801492e+01,3.469954e-11,1.050755e-09,1.050755e-11
2.801770e+01,3.494203e-11,1.056089e-09,1.056089e-11
2.802048e+01,3.518351e-11,1.060415e-09,1.060415e-11
2.802327e+01,3.542250e-11,1.063773e-09,1.063773e-11
2.802605e+01,3.565802e-11,1.066324e-09,1.066324e-11
2.802883e+01,3.588875e-11,1.068315e-09,1.068315e-11
2.803162e+01,3.611332e-11,1.070080e-09,1.070080e-11
2.803440e+01,3.633136e-11,1.072059e-09,1.072059e-11
2.803719e+01,3.654368e-11,1.074746e-09,1.074746e-11
2.803997e+01,3.675142e-11,1.078633e-09,1.078633e-11
2.804275e+01,3.695636e-11,1.084165e-09,1.084165e-11
2.804554e+01,3.716111e-11,1.091714e-09,1.091714e-11
2.804832e+01,3.736845e-11,1.101534e-09,1.101534e-11
2.805110e+01,3.758114e-11,1.113740e-09,1.113740e-11
2.805389e+01,3.780144e-11,1.128282e-09,1.128282e-11
2.805667e+01,3.803142e-11,1.144981e-09,1.144981e-11
2.805945e+01,3.827302e-11,1.163554e-09,1.163554e-11
2.806224e+01,3.852683e-11,1.183622e-09,1.183622e-11
2.806502e+01,3.879346e-11,1.204751e-09,1.204751e-11
2.806781e+01,3.907361e-11,1.226505e-09,1.226505e-11
2.807059e+01,3.936745e-11,1.248457e-09,1.248457e-11
2.807337e+01,3.967545e-11,1.270216e-09,1.270216e-11
2.807616e+01,3.999831e-11,1.291455e-09,1.291455e-11
2.807894e+01,4.033791e-11,1.311931e-09,1.311931e-11
2.808172e+01,4.069564e-11,1.331484e-09,1.331484e-11
2.808451e+01,4.107213e-11,1.350048e-09,1.350048e-11
2.808729e+01,4.146852e-11,1.367670e-09,1.367670e-11
2.809008e+01,4.188429e-11,1.384508e-09,1.384508e-11
2.809286e+01,4.231704e-11,1.400811e-09,1.400811e-11
2.809564e+01,4.276298e-11,1.416900e-09,1.416900e-11
2.809843e+01,4.321579e-11,1.433136e-09,1.433136e-11
2.810121e+01,4.366725e-11,1.449861e-09,1.449861e-11
2.810399e+01,4.410777e-11,1.467341e-09,1.467341e-11
2.810678e+01,4.452607e-11,1.485690e-09,1.485690e-11
2.810956e+01,4.491011e-11,1.504805e-09,1.504805e-11
2.811234e+01,4.524825e-11,1.524378e-09,1.524378e-11
2.811513e+01,4.553023e-11,1.543875e-09,1.543875e-11
2.811791e+01,4.574692e-11,1.562566e-09,1.562566e-11
2.812070e+01,4.589153e-11,1.579622e-09,1.579622e-11
2.812348e+01,4.596100e-11,1.594187e-09,1.594187e-11
2.812626e+01,4.595456e-11,1.605452e-09,1.605452e-11
2.812905e+01,4.587395e-11,1.612733e-09,1.612733e-11
2.813183e+01,4.572375e-11,1.615540e-09,1.615540e-11
2.813461e+01,4.551111e-11,1.613622e-09,1.613622e-11
2.813740e+01,4.524460e-11,1.606967e-09,1.606967e-11
2.814018e+01,4.493303e-11,1.595767e-09,1.595767e-11
2.814296e+01,4.458603e-11,1.580454e-09,1.580454e-11
2.814575e+01,4.421353e-11,1.561638e-09,1.561638e-11
2.814853e+01,4.382430e-11,1.540029e-09,1.540029e-11
2.815132e+01,4.342594e-11,1.516430e-09,1.516430e-11
2.815410e+01,4.302542e-11,1.491696e-09,1.491696e-11
2.815688e+01,4.262878e-11,1.466661e-09,1.466661e-11
2.815967e+01,4.224107e-11,1.442115e-09,1.442115e-11
2.816245e+01,4.186689e-11,1.418779e-09,1.418779e-11
2.816523e+01,4.151079e-11,1.397267e-09,1.397267e-11
2.816802e+01,4.117635e-11,1.378048e-09,1.378048e-11
2.817080e+01,4.086704e-11,1.361450e-09,1.361450e-11
2.817359e+01,4.058729e-11,1.347690e-09,1.347690e-11
2.817637e+01,4.034102e-11,1.336870e-09,1.336870e-11
2.817915e+01,4.013203e-11,1.328980e-09,1.328980e-11
2.818194e+01,3.996406e-11,1.323926e-09,1.323926e-11
2.818472e+01,3.983995e-11,1.321536e-09,1.321536e-11
2.818750e+01,3.976221e-11,1.321571e-09,1.321571e-11
2.819029e+01,3.973242e-11,1.323699e-09,1.323699e-11
2.819307e+01,3.975107e-11,1.327494e-09,1.327494e-11
2.819585e+01,3.981775e-11,1.332449e-09,1.332449e-11
2.819864e+01,3.993074e-11,1.337972e-09,1.337972e-11
2.820142e+01,4.008725e-11,1.343430e-09,1.343430e-11
2.820421e+01,4.028341e-11,1.348203e-09,1.348203e-11
2.820699e+01,4.051452e-11,1.351738e-09,1.351738e-11
2.820977e+01,4.077466e-11,1.353622e-09,1.353622e-11
2.821256e+01,4.105670e-11,1.353623e-09,1.353623e-11
2.821534e+01,4.135229e-11,1.351715e-09,1.351715e-11
2.821812e+01,4.165178e-11,1.348061e-09,1.348061e-11
2.822091e+01,4.194336e-11,1.342962e-09,1.342962e-11
2.822369e+01,4.221324e-11,1.336787e-09,1.336787e-11
2.822648e+01,4.244652e-11,1.329876e-09,1.329876e-11
2.822926e+01,4.262589e-11,1.322429e-09,1.322429e-11
2.823204e+01,4.273323e-11,1.314449e-09,1.314449e-11
2.823483e+01,4.275040e-11,1.305703e-09,1.305703e-11
2.823761e+01,4.265889e-11,1.295684e-09,1.295684e-11
2.824039e+01,4.244185e-11,1.283693e-09,1.283693e-11
2.824318e+01,4.208506e-11,1.268925e-09,1.268925e-11
2.824596e+01,4.157798e-11,1.250553e-09,1.250553e-11
2.824874e+01,4.091450e-11,1.227855e-09,1.227855e-11
2.825153e+01,4.009371e-11,1.200333e-09,1.200333e-11
2.825431e+01,3.912102e-11,1.167785e-09,1.167785e-11
2.825710e+01,3.800767e-11,1.130363e-09,1.130363e-11
2.825988e+01,3.677086e-11,1.088601e-09,1.088601e-11
2.826266e+01,3.543287e-11,1.043398e-09,1.043398e-11
2.826545e+01,3.402017e-11,9.959755e-10,9.959755e-12
2.826823e+01,3.256341e-11,9.478096e-10,9.478096e-12
2.827101e+01,3.109501e-11,9.005088e-10,9.005088e-12
2.827380e+01,2.964803e-11,8.556624e-10,8.556624e-12
2.827658e+01,2.825570e-11,8.146792e-10,8.146792e-12
2.827937e+01,2.694942e-11,7.786221e-10,7.786221e-12
2.828215e+01,2.575756e-11,7.480728e-10,7.480728e-12
2.828493e+01,2.470504e-11,7.230877e-10,7.230877e-12
2.828772e+01,2.381267e-11,7.032743e-10,7.032743e-12
2.829050e+01,2.309612e-11,6.879531e-10,6.879531e-12
2.829328e+01,2.256512e-11,6.763718e-10,6.763718e-12
2.829607e+01,2.222430e-11,6.679489e-10,6.679489e-12
2.829885e+01,2.207251e-11,6.624577e-10,6.624577e-12
2.830163e+01,2.210255e-11,6.600997e-10,6.600997e-12
2.830442e+01,2.230234e-11,6.614694e-10,6.614694e-12
2.830720e+01,2.265508e-11,6.674138e-10,6.674138e-12
2.830999e+01,2.313977e-11,6.788111e-10,6.788111e-12
2.831277e+01,2.373192e-11,6.962995e-10,6.962995e-12
2.831555e+01,2.440466e-11,7.200371e-10,7.200371e-12
2.831834e+01,2.512961e-11,7.496012e-10,7.496012e-12
2.832112e+01,2.587798e-11,7.840015e-10,7.840015e-12
2.832390e+01,2.662186e-11,8.217809e-10,8.217809e-12
2.832669e+01,2.733477e-11,8.612046e-10,8.612046e-12
2.832947e+01,2.799292e-11,9.004458e-10,9.004458e-12
2.833225e+01,2.857611e-11,9.377255e-10,9.377255e-12
2.833504e+01,2.906805e-11,9.714484e-10,9.714484e-12
2.833782e+01,2.945770e-11,1.000309e-09,1.000309e-11
2.834061e+01,2.973876e-11,1.023326e-09,1.023326e-11
2.834339e+01,2.990903e-11,1.039864e-09,1.039864e-11
2.834617e+01,2.997138e-11,1.049667e-09,1.049667e-11
2.834896e+01,2.993276e-11,1.052845e-09,1.052845e-11
2.835174e+01,2.980289e-11,1.049824e-09,1.049824e-11
2.835452e+01,2.959406e-11,1.041296e-09,1.041296e-11
2.835731e+01,2.931978e-11,1.028162e-09,1.028162e-11
2.836009e+01,2.899449e-11,1.011447e-09,1.011447e-11
2.836288e+01,2.863223e-11,9.922077e-10,9.922077e-12
2.836566e+01,2.824604e-11,9.714401e-10,9.714401e-12
2.836844e+01,2.784793e-11,9.500010e-10,9.500010e-12
2.837123e+01,2.744877e-11,9.285683e-10,9.285683e-12
2.837401e+01,2.705831e-11,9.076134e-10,9.076134e-12
2.837679e+01,2.668454e-11,8.873841e-10,8.873841e-12
2.837958e+01,2.633485e-11,8.679583e-10,8.679583e-12
2.838236e+01,2.601639e-11,8.493222e-10,8.493222e-12
2.838514e+01,2.573591e-11,8.314444e-10,8.314444e-12
2.838793e+01,2.550001e-11,8.143535e-10,8.143535e-12
2.839071e+01,2.531537e-11,7.982050e-10,7.982050e-12
2.839350e+01,2.518873e-11,7.833293e-10,7.833293e-12
2.839628e+01,2.512648e-11,7.702464e-10,7.702464e-12
2.839906e+01,2.513466e-11,7.596516e-10,7.596516e-12
2.840185e+01,2.521872e-11,7.523688e-10,7.523688e-12
2.840463e+01,2.538302e-11,7.492657e-10,7.492657e-12
2.840741e+01,2.563047e-11,7.511532e-10,7.511532e-12
2.841020e+01,2.596259e-11,7.586731e-10,7.586731e-12
2.841298e+01,2.637871e-11,7.722101e-10,7.722101e-12
2.841577e+01,2.687644e-11,7.918595e-10,7.918595e-12
2.841855e+01,2.745192e-11,8.174232e-10,8.174232e-12
2.842133e+01,2.809876e-11,8.484404e-10,8.484404e-12
2.842412e+01,2.880880e-11,8.842639e-10,8.842639e-12
2.842690e+01,2.957252e-11,9.241472e-10,9.241472e-12
2.842968e+01,3.037881e-11,9.673021e-10,9.673021e-12
2.843247e+01,3.121552e-11,1.012929e-09,1.012929e-11
2.843525e+01,3.206946e-11,1.060247e-09,1.060247e-11
2.843803e+01,3.292712e-11,1.108519e-09,1.108519e-11
2.844082e+01,3.377497e-11,1.157042e-09,1.157042e-11
2.844360e+01,3.459950e-11,1.205138e-09,1.205138e-11
2.844639e+01,3.538790e-11,1.252158e-09,1.252158e-11
2.844917e+01,3.612800e-11,1.297491e-09,1.297491e-11
2.845195e+01,3.680906e-11,1.340571e-09,1.340571e-11
2.845474e+01,3.742183e-11,1.380900e-09,1.380900e-11
2.845752e+01,3.795854e-11,1.418059e-09,1.418059e-11
2.846030e+01,3.841344e-11,1.451732e-09,1.451732e-11
2.846309e+01,3.878246e-11,1.481715e-09,1.481715e-11
2.846587e+01,3.906341e-11,1.507927e-09,1.507927e-11
2.846866e+01,3.925591e-11,1.530425e-09,1.530425e-11
2.847144e+01,3.936170e-11,1.549379e-09,1.549379e-11
2.847422e+01,3.938400e-11,1.565058e-09,1.565058e-11
2.847701e+01,3.932727e-11,1.577808e-09,1.577808e-11
2.847979e+01,3.919748e-11,1.588011e-09,1.588011e-11
2.848257e+01,3.900115e-11,1.596045e-09,1.596045e-11
2.848536e+01,3.874511e-11,1.602238e-09,1.602238e-11
2.848814e+01,3.843610e-11,1.606832e-09,1.606832e-11
2.849092e+01,3.808060e-11,1.609961e-09,1.609961e-11
2.849371e+01,3.768479e-11,1.611642e-09,1.611642e-11
2.849649e+01,3.725310e-11,1.611752e-09,1.611752e-11
2.849928e+01,3.678834e-11,1.610053e-09,1.610053e-11
2.850206e+01,3.629324e-11,1.606222e-09,1.606222e-11
2.850484e+01,3.576956e-11,1.599883e-09,1.599883e-11
2.850763e+01,3.521775e-11,1.590637e-09,1.590637e-11
2.851041e+01,3.463822e-11,1.578106e-09,1.578106e-11
2.851319e+01,3.403187e-11,1.561970e-09,1.561970e-11
2.851598e+01,3.340071e-11,1.541987e-09,1.541987e-11
2.851876e+01,3.274802e-11,1.518012e-09,1.518012e-11
2.852154e+01,3.207886e-11,1.490010e-09,1.490010e-11
2.852433e+01,3.140088e-11,1.458058e-09,1.458058e-11
2.852711e+01,3.072336e-11,1.422336e-09,1.422336e-11
2.852990e+01,3.005747e-11,1.383133e-09,1.383133e-11
2.853268e+01,2.941693e-11,1.340853e-09,1.340853e-11
2.853546e+01,2.881598e-11,1.296002e-09,1.296002e-11
2.853825e+01,2.826933e-11,1.249205e-09,1.249205e-11
2.854103e+01,2.779186e-11,1.201228e-09,1.201228e-11
2.854381e+01,2.739709e-11,1.152999e-09,1.152999e-11
2.854660e+01,2.709656e-11,1.105630e-09,1.105630e-11
2.854938e+01,2.689963e-11,1.060436e-09,1.060436e-11
2.855217e+01,2.681277e-11,1.018921e-09,1.018921e-11
2.855495e+01,2.683856e-11,9.827124e-10,9.827124e-12
2.855773e+01,2.697589e-11,9.534588e-10,9.534588e-12
2.856052e+01,2.722069e-11,9.326582e-10,9.326582e-12
2.856330e+01,2.756492e-11,9.214138e-10,9.214138e-12
2.856608e+01,2.799696e-11,9.202206e-10,9.202206e-12
2.856887e+01,2.850337e-11,9.288604e-10,9.288604e-12
2.857165e+01,2.906821e-11,9.463806e-10,9.463806e-12
2.857443e+01,2.967352e-11,9.712196e-10,9.712196e-12
2.857722e+01,3.030082e-11,1.001448e-09,1.001448e-11
2.858000e+01,3.093166e-11,1.034990e-09,1.034990e-11
2.858279e+01,3.154812e-11,1.069810e-09,1.069810e-11
2.858557e+01,3.213305e-11,1.104043e-09,1.104043e-11
2.858835e+01,3.267052e-11,1.136085e-09,1.136085e-11
2.859114e+01,3.314653e-11,1.164650e-09,1.164650e-11
2.859392e+01,3.354917e-11,1.188781e-09,1.188781e-11
2.859670e+01,3.386902e-11,1.207877e-09,1.207877e-11
2.859949e+01,3.409976e-11,1.221705e-09,1.221705e-11
2.860227e+01,3.423785e-11,1.230378e-09,1.230378e-11
2.860506e+01,3.428248e-11,1.234335e-09,1.234335e-11
2.860784e+01,3.423714e-11,1.234345e-09,1.234345e-11
2.861062e+01,3.410871e-11,1.231430e-09,1.231430e-11
2.861341e+01,3.390707e-11,1.226767e-09,1.226767e-11
2.861619e+01,3.364625e-11,1.221614e-09,1.221614e-11
2.861897e+01,3.334280e-11,1.217148e-09,1.217148e-11
2.862176e+01,3.301565e-11,1.214311e-09,1.214311e-11
2.862454e+01,3.268532e-11,1.213709e-09,1.213709e-11
2.862732e+01,3.237273e-11,1.215543e-09,1.215543e-11
2.863011e+01,3.209884e-11,1.219593e-09,1.219593e-11
2.863289e+01,3.188219e-11,1.225276e-09,1.225276e-11
2.863568e+01,3.173906e-11,1.231801e-09,1.231801e-11
2.863846e+01,3.168252e-11,1.238329e-09,1.238329e-11
2.864124e+01,3.172049e-11,1.244138e-09,1.244138e-11
2.864403e+01,3.185671e-11,1.248769e-09,1.248769e-11
2.864681e+01,3.209015e-11,1.252148e-09,1.252148e-11
2.864959e+01,3.241498e-11,1.254627e-09,1.254627e-11
2.865238e+01,3.282122e-11,1.256970e-09,1.256970e-11
2.865516e+01,3.329518e-11,1.260259e-09,1.260259e-11
2.865794e+01,3.382054e-11,1.265732e-09,1.265732e-11
2.866073e+01,3.437864e-11,1.274563e-09,1.274563e-11
2.866351e+01,3.494949e-11,1.287645e-09,1.287645e-11
2.866630e+01,3.551261e-11,1.305363e-09,1.305363e-11
2.866908e+01,3.604791e-11,1.327459e-09,1.327459e-11
2.867186e+01,3.653591e-11,1.352991e-09,1.352991e-11
2.867465e+01,3.695827e-11,1.380414e-09,1.380414e-11
2.867743e+01,3.729908e-11,1.407750e-09,1.407750e-11
2.868021e+01,3.754410e-11,1.432772e-09,1.432772e-11
2.868300e+01,3.768121e-11,1.453229e-09,1.453229e-11
2.868578e+01,3.770211e-11,1.467080e-09,1.467080e-11
2.868857e+01,3.760174e-11,1.472641e-09,1.472641e-11
2.869135e+01,3.737786e-11,1.468688e-09,1.468688e-11
2.869413e+01,3.703217e-11,1.454557e-09,1.454557e-11
2.869692e+01,3.657031e-11,1.430174e-09,1.430174e-11
2.869970e+01,3.600148e-11,1.396069e-09,1.396069e-11
2.870248e+01,3.533865e-11,1.353352e-09,1.353352e-11
2.870527e+01,3.459803e-11,1.303646e-09,1.303646e-11
2.870805e+01,3.379833e-11,1.248970e-09,1.248970e-11
2.871083e+01,3.296016e-11,1.191634e-09,1.191634e-11
2.871362e+01,3.210603e-11,1.134090e-09,1.134090e-11
2.871640e+01,3.125864e-11,1.078735e-09,1.078735e-11
2.871919e+01,3.043966e-11,1.027686e-09,1.027686e-11
2.872197e+01,2.966949e-11,9.825772e-10,9.825772e-12
2.872475e+01,2.896572e-11,9.443997e-10,9.443997e-12
2.872754e+01,2.834276e-11,9.134282e-10,9.134282e-12
2.873032e+01,2.781134e-11,8.892604e-10,8.892604e-12
2.873310e+01,2.737801e-11,8.709649e-10,8.709649e-12
2.873589e+01,2.704535e-11,8.573182e-10,8.573182e-12
2.873867e+01,2.681184e-11,8.470334e-10,8.470334e-12
2.874146e+01,2.667228e-11,8.389482e-10,8.389482e-12
2.874424e+01,2.661876e-11,8.321642e-10,8.321642e-12
2.874702e+01,2.664124e-11,8.260875e-10,8.260875e-12
2.874981e+01,2.672791e-11,8.203980e-10,8.203980e-12
2.875259e+01,2.686622e-11,8.150150e-10,8.150150e-12
2.875537e+01,2.704374e-11,8.100356e-10,8.100356e-12
2.875816e+01,2.724812e-11,8.056500e-10,8.056500e-12
2.876094e+01,2.746713e-11,8.020822e-10,8.020822e-12
2.876372e+01,2.768930e-11,7.995630e-10,7.995630e-12
2.876651e+01,2.790448e-11,7.983233e-10,7.983233e-12
2.876929e+01,2.810363e-11,7.985669e-10,7.985669e-12
2.877208e+01,2.827827e-11,8.004441e-10,8.004441e-12
2.877486e+01,2.842144e-11,8.040520e-10,8.040520e-12
2.877764e+01,2.852801e-11,8.094106e-10,8.094106e-12
2.878043e+01,2.859474e-11,8.164215e-10,8.164215e-12
2.878321e+01,2.862064e-11,8.248505e-10,8.248505e-12
2.878599e+01,2.860729e-11,8.343420e-10,8.343420e-12
2.878878e+01,2.855959e-11,8.444393e-10,8.444393e-12
2.879156e+01,2.848503e-11,8.546094e-10,8.546094e-12
2.879435e+01,2.839418e-11,8.643341e-10,8.643341e-12
2.879713e+01,2.830082e-11,8.731939e-10,8.731939e-12
2.879991e+01,2.822037e-11,8.809018e-10,8.809018e-12
2.880270e+01,2.816970e-11,8.873782e-10,8.873782e-12
2.880548e+01,2.816685e-11,8.928176e-10,8.928176e-12
2.880826e+01,2.822972e-11,8.976974e-10,8.976974e-12
2.881105e+01,2.837489e-11,9.027757e-10,9.027757e-12
2.881383e+01,2.861718e-11,9.090672e-10,9.090672e-12
2.881661e+01,2.896897e-11,9.177870e-10,9.177870e-12
2.881940e+01,2.943915e-11,9.302670e-10,9.302670e-12
2.882218e+01,3.003362e-11,9.478409e-10,9.478409e-12
2.882497e+01,3.075515e-11,9.717188e-10,9.717188e-12
2.882775e+01,3.160309e-11,1.002836e-09,1.002836e-11
2.883053e+01,3.257308e-11,1.041709e-09,1.041709e-11
2.883332e+01,3.365735e-11,1.088395e-09,1.088395e-11
2.883610e+01,3.484663e-11,1.142504e-09,1.142504e-11
2.883888e+01,3.612868e-11,1.203231e-09,1.203231e-11
2.884167e+01,3.748839e-11,1.269435e-09,1.269435e-11
2.884445e+01,3.890940e-11,1.339777e-09,1.339777e-11
2.884723e+01,4.037370e-11,1.412837e-09,1.412837e-11
2.885002e+01,4.186181e-11,1.487195e-09,1.487195e-11
2.885280e+01,4.335304e-11,1.561509e-09,1.561509e-11
2.885559e+01,4.482610e-11,1.634578e-09,1.634578e-11
2.885837e+01,4.625952e-11,1.705378e-09,1.705378e-11
2.886115e+01,4.763195e-11,1.773040e-09,1.773040e-11
2.886394e+01,4.892253e-11,1.836834e-09,1.836834e-11
2.886672e+01,5.011218e-11,1.896166e-09,1.896166e-11
2.886950e+01,5.118384e-11,1.950534e-09,1.950534e-11
2.887229e+01,5.212264e-11,1.999496e-09,1.999496e-11
2.887507e+01,5.291721e-11,2.042642e-09,2.042642e-11
2.887786e+01,5.355949e-11,2.079599e-09,2.079599e-11
2.888064e+01,5.404558e-11,2.110037e-09,2.110037e-11
2.888342e+01,5.437546e-11,2.133676e-09,2.133676e-11
2.888621e+01,5.455267e-11,2.150292e-09,2.150292e-11
2.888899e+01,5.458427e-11,2.159760e-09,2.159760e-11
2.889177e+01,5.447981e-11,2.162071e-09,2.162071e-11
2.889456e+01,5.425201e-11,2.157339e-09,2.157339e-11
2.889734e+01,5.391465e-11,2.145805e-09,2.145805e-11
2.890012e+01,5.348161e-11,2.127828e-09,2.127828e-11
2.890291e+01,5.296776e-11,2.103886e-09,2.103886e-11
2.890569e+01,5.238699e-11,2.074562e-09,2.074562e-11
2.890848e+01,5.175202e-11,2.040513e-09,2.040513e-11
2.891126e+01,5.107484e-11,2.002472e-09,2.002472e-11
2.891404e+01,5.036644e-11,1.961221e-09,1.961221e-11
2.891683e+01,4.963590e-11,1.917563e-09,1.917563e-11
2.891961e+01,4.889115e-11,1.872310e-09,1.872310e-11
2.892239e+01,4.813952e-11,1.826265e-09,1.826265e-11
2.892518e+01,4.738696e-11,1.780196e-09,1.780196e-11
2.892796e+01,4.663878e-11,1.734826e-09,1.734826e-11
2.893075e+01,4.589934e-11,1.690805e-09,1.690805e-11
2.893353e+01,4.517139e-11,1.648682e-09,1.648682e-11
2.893631e+01,4.445631e-11,1.608889e-09,1.608889e-11
2.893910e+01,4.375412e-11,1.571719e-09,1.571719e-11
2.894188e+01,4.306289e-11,1.537304e-09,1.537304e-11
2.894466e+01,4.237917e-11,1.505623e-09,1.505623e-11
2.894745e+01,4.169815e-11,1.476503e-09,1.476503e-11
2.895023e+01,4.101322e-11,1.449614e-09,1.449614e-11
2.895301e+01,4.031726e-11,1.424512e-09,1.424512e-11
2.895580e+01,3.960358e-11,1.400676e-09,1.400676e-11
2.895858e+01,3.886595e-11,1.377551e-09,1.377551e-11
2.896137e+01,3.809937e-11,1.354597e-09,1.354597e-11
2.896415e+01,3.730090e-11,1.331336e-09,1.331336e-11
2.896693e+01,3.647028e-11,1.307398e-09,1.307398e-11
2.896972e+01,3.561037e-11,1.282578e-09,1.282578e-11
2.897250e+01,3.472697e-11,1.256830e-09,1.256830e-11
2.897528e+01,3.382817e-11,1.230253e-09,1.230253e-11
2.897807e+01,3.292463e-11,1.203109e-09,1.203109e-11
2.898085e+01,3.202981e-11,1.175793e-09,1.175793e-11
2.898364e+01,3.115794e-11,1.148747e-09,1.148747e-11
2.898642e+01,3.032284e-11,1.122400e-09,1.122400e-11
2.898920e+01,2.953907e-11,1.097151e-09,1.097151e-11
2.899199e+01,2.881993e-11,1.073292e-09,1.073292e-11
2.899477e+01,2.817606e-11,1.050965e-09,1.050965e-11
2.899755e+01,2.761665e-11,1.030164e-09,1.030164e-11
2.900034e+01,2.714763e-11,1.010751e-09,1.010751e-11
2.900312e+01,2.677199e-11,9.925069e-10,9.925069e-12
2.900590e+01,2.648991e-11,9.751902e-10,9.751902e-12
2.900869e+01,2.629753e-11,9.585735e-10,9.585735e-12
2.901147e+01,2.618874e-11,9.425204e-10,9.425204e-12
2.901426e+01,2.615522e-11,9.270546e-10,9.270546e-12
2.901704e+01,2.618560e-11,9.123573e-10,9.123573e-12
2.901982e+01,2.626711e-11,8.987418e-10,8.987418e-12
2.902261e+01,2.638615e-11,8.866356e-10,8.866356e-12
2.902539e+01,2.652832e-11,8.765121e-10,8.765121e-12
2.902817e+01,2.667903e-11,8.687906e-10,8.687906e-12
2.903096e+01,2.682353e-11,8.637554e-10,8.637554e-12
2.903374e+01,2.694842e-11,8.614939e-10,8.614939e-12
2.903652e+01,2.704190e-11,8.618699e-10,8.618699e-12
2.903931e+01,2.709407e-11,8.645348e-10,8.645348e-12
2.904209e+01,2.709769e-11,8.689601e-10,8.689601e-12
2.904488e+01,2.704770e-11,8.744956e-10,8.744956e-12
2.904766e+01,2.694276e-11,8.804614e-10,8.804614e-12
2.905044e+01,2.678519e-11,8.862262e-10,8.862262e-12
2.905323e+01,2.658033e-11,8.912490e-10,8.912490e-12
2.905601e+01,2.633702e-11,8.951193e-10,8.951193e-12
2.905879e+01,2.606759e-11,8.975782e-10,8.975782e-12
2.906158e+01,2.578616e-11,8.985067e-10,8.985067e-12
2.906436e+01,2.550849e-11,8.979300e-10,8.979300e-12
2.906715e+01,2.525191e-11,8.960147e-10,8.960147e-12
2.906993e+01,2.503300e-11,8.930314e-10,8.930314e-12
2.907271e+01,2.486687e-11,8.893330e-10,8.893330e-12
2.907550e+01,2.476606e-11,8.853471e-10,8.853471e-12
2.907828e+01,2.473943e-11,8.815553e-10,8.815553e-12
2.908106e+01,2.479229e-11,8.784607e-10,8.784607e-12
2.908385e+01,2.492506e-11,8.765424e-10,8.765424e-12
2.908663e+01,2.513309e-11,8.762061e-10,8.762061e-12
2.908941e+01,2.540724e-11,8.777246e-10,8.777246e-12
2.909220e+01,2.573388e-11,8.811840e-10,8.811840e-12
2.909498e+01,2.609571e-11,8.864554e-10,8.864554e-12
2.909777e+01,2.647253e-11,8.931770e-10,8.931770e-12
2.910055e+01,2.684246e-11,9.007683e-10,9.007683e-12
2.910333e+01,2.718323e-11,9.084830e-10,9.084830e-12
2.910612e+01,2.747248e-11,9.154603e-10,9.154603e-12
2.910890e+01,2.768933e-11,9.207988e-10,9.207988e-12
2.911168e+01,2.781553e-11,9.236425e-10,9.236425e-12
2.911447e+01,2.783569e-11,9.232357e-10,9.232357e-12
2.911725e+01,2.773810e-11,9.189737e-10,9.189737e-12
2.912004e+01,2.751566e-11,9.104527e-10,9.104527e-12
2.912282e+01,2.716648e-11,8.974996e-10,8.974996e-12
2.912560e+01,2.669273e-11,8.801749e-10,8.801749e-12
2.912839e+01,2.610101e-11,8.587707e-10,8.587707e-12
2.913117e+01,2.540286e-11,8.338091e-10,8.338091e-12
2.913395e+01,2.461325e-11,8.060237e-10,8.060237e-12
2.913674e+01,2.375044e-11,7.763227e-10,7.763227e-12
2.913952e+01,2.283521e-11,7.457634e-10,7.457634e-12
2.914230e+01,2.189056e-11,7.155094e-10,7.155094e-12
2.914509e+01,2.094036e-11,6.867398e-10,6.867398e-12
2.914787e+01,2.000817e-11,6.605678e-10,6.605678e-12
2.915066e+01,1.911796e-11,6.379822e-10,6.379822e-12
2.915344e+01,1.829255e-11,6.197457e-10,6.197457e-12
2.915622e+01,1.755251e-11,6.062967e-10,6.062967e-12
2.915901e+01,1.691601e-11,5.977312e-10,5.977312e-12
2.916179e+01,1.639831e-11,5.938351e-10,5.938351e-12
2.916457e+01,1.601126e-11,5.941382e-10,5.941382e-12
2.916736e+01,1.576241e-11,5.980210e-10,5.980210e-12
2.917014e+01,1.565557e-11,6.048413e-10,6.048413e-12
2.917293e+01,1.569023e-11,6.140041e-10,6.140041e-12
2.917571e+01,1.586129e-11,6.249973e-10,6.249973e-12
2.917849e+01,1.615996e-11,6.374272e-10,6.374272e-12
2.918128e+01,1.657380e-11,6.510093e-10,6.510093e-12
2.918406e+01,1.708781e-11,6.655174e-10,6.655174e-12
2.918684e+01,1.768473e-11,6.807487e-10,6.807487e-12
2.918963e+01,1.834565e-11,6.964974e-10,6.964974e-12
2.919241e+01,1.905185e-11,7.125326e-10,7.125326e-12
2.919519e+01,1.978570e-11,7.285954e-10,7.285954e-12
2.919798e+01,2.053061e-11,7.444068e-10,7.444068e-12
2.920076e+01,2.127215e-11,7.596901e-10,7.596901e-12
2.920355e+01,2.199923e-11,7.742076e-10,7.742076e-12
2.920633e+01,2.270349e-11,7.877868e-10,7.877868e-12
2.920911e+01,2.337946e-11,8.003440e-10,8.003440e-12
2.921190e+01,2.402475e-11,8.119103e-10,8.119103e-12
2.921468e+01,2.463965e-11,8.226365e-10,8.226365e-12
2.921746e+01,2.522646e-11,8.327810e-10,8.327810e-12
2.922025e+01,2.578937e-11,8.426967e-10,8.426967e-12
2.922303e+01,2.633351e-11,8.527990e-10,8.527990e-12
2.922581e+01,2.686416e-11,8.635224e-10,8.635224e-12
2.922860e+01,2.738733e-11,8.752770e-10,8.752770e-12
2.923138e+01,2.790836e-11,8.884041e-10,8.884041e-12
2.923417e+01,2.843188e-11,9.031471e-10,9.031471e-12
2.923695e+01,2.896212e-11,9.196304e-10,9.196304e-12
2.923973e+01,2.950228e-11,9.378524e-10,9.378524e-12
2.924252e+01,3.005440e-11,9.577063e-10,9.577063e-12
2.924530e+01,3.061934e-11,9.790147e-10,9.790147e-12
2.924808e+01,3.119745e-11,1.001570e-09,1.001570e-11
2.925087e+01,3.178821e-11,1.025177e-09,1.025177e-11
2.925365e+01,3.239023e-11,1.049691e-09,1.049691e-11
2.925644e+01,3.300158e-11,1.075049e-09,1.075049e-11
2.925922e+01,3.362002e-11,1.101293e-09,1.101293e-11
2.926200e+01,3.424309e-11,1.128555e-09,1.128555e-11
2.926479e+01,3.486836e-11,1.157049e-09,1.157049e-11
2.926757e+01,3.549338e-11,1.187040e-09,1.187040e-11
2.927035e+01,3.611538e-11,1.218802e-09,1.218802e-11
2.927314e+01,3.673280e-11,1.252577e-09,1.252577e-11
2.927592e+01,3.734447e-11,1.288533e-09,1.288533e-11
2.927870e+01,3.794968e-11,1.326713e-09,1.326713e-11
2.928149e+01,3.854896e-11,1.367006e-09,1.367006e-11
2.928427e+01,3.914374e-11,1.409133e-09,1.409133e-11
2.928706e+01,3.973655e-11,1.452653e-09,1.452653e-11
2.928984e+01,4.033111e-11,1.496992e-09,1.496992e-11
2.929262e+01,4.093214e-11,1.541464e-09,1.541464e-11
2.929541e+01,4.154452e-11,1.585324e-09,1.585324e-11
2.929819e+01,4.217307e-11,1.627833e-09,1.627833e-11
2.930097e+01,4.282262e-11,1.668315e-09,1.668315e-11
2.930376e+01,4.349685e-11,1.706220e-09,1.706220e-11
2.930654e+01,4.419762e-11,1.741160e-09,1.741160e-11
2.930933e+01,4.492473e-11,1.772929e-09,1.772929e-11
2.931211e+01,4.567511e-11,1.801522e-09,1.801522e-11
2.931489e+01,4.644314e-11,1.827129e-09,1.827129e-11
2.931768e+01,4.722081e-11,1.850099e-09,1.850099e-11
2.932046e+01,4.799756e-11,1.870891e-09,1.870891e-11
2.932324e+01,4.876107e-11,1.890018e-09,1.890018e-11
2.932603e+01,4.949826e-11,1.907979e-09,1.907979e-11
2.932881e+01,5.019541e-11,1.925198e-09,1.925198e-11
2.933159e+01,5.083944e-11,1.941996e-09,1.941996e-11
2.933438e+01,5.141940e-11,1.958554e-09,1.958554e-11
2.933716e+01,5.192529e-11,1.974890e-09,1.974890e-11
2.933995e+01,5.234973e-11,1.990865e-09,1.990865e-11
2.934273e+01,5.268897e-11,2.006207e-09,2.006207e-11
2.934551e+01,5.294130e-11,2.020531e-09,2.020531e-11
2.934830e+01,5.310781e-11,2.033359e-09,2.033359e-11
2.935108e+01,5.319245e-11,2.044154e-09,2.044154e-11
2.935386e+01,5.320096e-11,2.052362e-09,2.052362e-11
2.935665e+01,5.314080e-11,2.057451e-09,2.057451e-11
2.935943e+01,5.302147e-11,2.058950e-09,2.058950e-11
2.936222e+01,5.285330e-11,2.056494e-09,2.056494e-11
2.936500e+01,5.264651e-11,2.049851e-09,2.049851e-11
2.936778e+01,5.241195e-11,2.038971e-09,2.038971e-11
2.937057e+01,5.216052e-11,2.024019e-09,2.024019e-11
2.937335e+01,5.190230e-11,2.005372e-09,2.005372e-11
2.937613e+01,5.164600e-11,1.983602e-09,1.983602e-11
2.937892e+01,5.139857e-11,1.959463e-09,1.959463e-11
2.938170e+01,5.116515e-11,1.933832e-09,1.933832e-11
2.938448e+01,5.094875e-11,1.907640e-09,1.907640e-11
2.938727e+01,5.074915e-11,1.881784e-09,1.881784e-11
2.939005e+01,5.056293e-11,1.857042e-09,1.857042e-11
2.939284e+01,5.038417e-11,1.834023e-09,1.834023e-11
2.939562e+01,5.020374e-11,1.813091e-09,1.813091e-11
2.939840e+01,5.000984e-11,1.794328e-09,1.794328e-11
2.940119e+01,4.978903e-11,1.777570e-09,1.777570e-11
2.940397e+01,4.952687e-11,1.762432e-09,1.762432e-11
2.940675e+01,4.920888e-11,1.748341e-09,1.748341e-11
2.940954e+01,4.882159e-11,1.734616e-09,1.734616e-11
2.941232e+01,4.835335e-11,1.720545e-09,1.720545e-11
2.941510e+01,4.779536e-11,1.705449e-09,1.705449e-11
2.941789e+01,4.714331e-11,1.688745e-09,1.688745e-11
2.942067e+01,4.639772e-11,1.669994e-09,1.669994e-11
2.942346e+01,4.556404e-11,1.648935e-09,1.648935e-11
2.942624e+01,4.465278e-11,1.625496e-09,1.625496e-11
2.942902e+01,4.367845e-11,1.599791e-09,1.599791e-11
2.943181e+01,4.265990e-11,1.572110e-09,1.572110e-11
2.943459e+01,4.161937e-11,1.542909e-09,1.542909e-11
2.943737e+01,4.058022e-11,1.512775e-09,1.512775e-11
2.944016e+01,3.956639e-11,1.482371e-09,1.482371e-11
2.944294e+01,3.860051e-11,1.452390e-09,1.452390e-11
2.944573e+01,3.770264e-11,1.423506e-09,1.423506e-11
2.944851e+01,3.689033e-11,1.396327e-09,1.396327e-11
2.945129e+01,3.617617e-11,1.371319e-09,1.371319e-11
2.945408e+01,3.556699e-11,1.348770e-09,1.348770e-11
2.945686e+01,3.506596e-11,1.328789e-09,1.328789e-11
2.945964e+01,3.467087e-11,1.311284e-09,1.311284e-11
2.946243e+01,3.437430e-11,1.295968e-09,1.295968e-11
2.946521e+01,3.416482e-11,1.282402e-09,1.282402e-11
2.946799e+01,3.402673e-11,1.270029e-09,1.270029e-11
2.947078e+01,3.394204e-11,1.258228e-09,1.258228e-11
2.947356e+01,3.389085e-11,1.246377e-09,1.246377e-11
2.947635e+01,3.385101e-11,1.233860e-09,1.233860e-11
2.947913e+01,3.379984e-11,1.220110e-09,1.220110e-11
2.948191e+01,3.371553e-11,1.204648e-09,1.204648e-11
2.948470e+01,3.357711e-11,1.187085e-09,1.187085e-11
2.948748e+01,3.336569e-11,1.167136e-09,1.167136e-11
2.949026e+01,3.306524e-11,1.144630e-09,1.144630e-11
2.949305e+01,3.266317e-11,1.119524e-09,1.119524e-11
2.949583e+01,3.215230e-11,1.091913e-09,1.091913e-11
2.949862e+01,3.153034e-11,1.062021e-09,1.062021e-11
2.950140e+01,3.080022e-11,1.030198e-09,1.030198e-11
2.950418e+01,2.997155e-11,9.968918e-10,9.968918e-12
2.950697e+01,2.905892e-11,9.625779e-10,9.625779e-12
2.950975e+01,2.808092e-11,9.277181e-10,9.277181e-12
2.951253e+01,2.706116e-11,8.927221e-10,8.927221e-12
2.951532e+01,2.602604e-11,8.579003e-10,8.579003e-12
2.951810e+01,2.500273e-11,8.234481e-10,8.234481e-12
2.952088e+01,2.401813e-11,7.894577e-10,7.894577e-12
2.952367e+01,2.309658e-11,7.559867e-10,7.559867e-12
2.952645e+01,2.225986e-11,7.231851e-10,7.231851e-12
2.952924e+01,2.152560e-11,6.914059e-10,6.914059e-12
2.953202e+01,2.090582e-11,6.613023e-10,6.613023e-12
2.953480e+01,2.040730e-11,6.338982e-10,6.338982e-12
2.953759e+01,2.003108e-11,6.105569e-10,6.105569e-12
2.954037e+01,1.977324e-11,5.928269e-10,5.928269e-12
2.954315e+01,1.962554e-11,5.821578e-10,5.821578e-12
2.954594e+01,1.957635e-11,5.795274e-10,5.795274e-12
2.954872e+01,1.961208e-11,5.851234e-10,5.851234e-12
2.955150e+01,1.971788e-11,5.982233e-10,5.982233e-12
2.955429e+01,1.987925e-11,6.173308e-10,6.173308e-12
2.955707e+01,2.008290e-11,6.404825e-10,6.404825e-12
2.955986e+01,2.031749e-11,6.656124e-10,6.656124e-12
2.956264e+01,2.057441e-11,6.908558e-10,6.908558e-12
2.956542e+01,2.084794e-11,7.147215e-10,7.147215e-12
2.956821e+01,2.113516e-11,7.362114e-10,7.362114e-12
2.957099e+01,2.143560e-11,7.549068e-10,7.549068e-12
2.957377e+01,2.175178e-11,7.709844e-10,7.709844e-12
2.957656e+01,2.208803e-11,7.852132e-10,7.852132e-12
2.957934e+01,2.244954e-11,7.989563e-10,7.989563e-12
2.958213e+01,2.284296e-11,8.140994e-10,8.140994e-12
2.958491e+01,2.327496e-11,8.328948e-10,8.328948e-12
2.958769e+01,2.375192e-11,8.577488e-10,8.577488e-12
2.959048e+01,2.428030e-11,8.909049e-10,8.909049e-12
2.959326e+01,2.486529e-11,9.340870e-10,9.340870e-12
2.959604e+01,2.551122e-11,9.882578e-10,9.882578e-12
2.959883e+01,2.622167e-11,1.053497e-09,1.053497e-11
2.960161e+01,2.699810e-11,1.129028e-09,1.129028e-11
2.960439e+01,2.784046e-11,1.213408e-09,1.213408e-11
2.960718e+01,2.874732e-11,1.304753e-09,1.304753e-11
2.960996e+01,2.971480e-11,1.400935e-09,1.400935e-11
2.961275e+01,3.073630e-11,1.499746e-09,1.499746e-11
2.961553e+01,3.180323e-11,1.599036e-09,1.599036e-11
2.961831e+01,3.290529e-11,1.696785e-09,1.696785e-11
2.962110e+01,3.402940e-11,1.791153e-09,1.791153e-11
2.962388e+01,3.516078e-11,1.880506e-09,1.880506e-11
2.962666e+01,3.628389e-11,1.963438e-09,1.963438e-11
2.962945e+01,3.738223e-11,2.038768e-09,2.038768e-11
2.963223e+01,3.843937e-11,2.105543e-09,2.105543e-11
2.963502e+01,3.944013e-11,2.163036e-09,2.163036e-11
2.963780e+01,4.037061e-11,2.210727e-09,2.210727e-11
2.964058e+01,4.121838e-11,2.248303e-09,2.248303e-11
2.964337e+01,4.197366e-11,2.275642e-09,2.275642e-11
2.964615e+01,4.262934e-11,2.292801e-09,2.292801e-11
2.964893e+01,4.318024e-11,2.299998e-09,2.299998e-11
2.965172e+01,4.362388e-11,2.297600e-09,2.297600e-11
2.965450e+01,4.396021e-11,2.286109e-09,2.286109e-11
2.965728e+01,4.419033e-11,2.266140e-09,2.266140e-11
2.966007e+01,4.431728e-11,2.238415e-09,2.238415e-11
2.966285e+01,4.434572e-11,2.203743e-09,2.203743e-11
2.966564e+01,4.428062e-11,2.163005e-09,2.163005e-11
2.966842e+01,4.412801e-11,2.117137e-09,2.117137e-11
2.967120e+01,4.389518e-11,2.067123e-09,2.067123e-11
2.967399e+01,4.358978e-11,2.013968e-09,2.013968e-11
2.967677e+01,4.322035e-11,1.958688e-09,1.958688e-11
2.967955e+01,4.279641e-11,1.902287e-09,1.902287e-11
2.968234e+01,4.232788e-11,1.845729e-09,1.845729e-11
2.968512e+01,4.182528e-11,1.789919e-09,1.789919e-11
2.968791e+01,4.129967e-11,1.735679e-09,1.735679e-11
2.969069e+01,4.076265e-11,1.683729e-09,1.683729e-11
2.969347e+01,4.022499e-11,1.634648e-09,1.634648e-11
2.969626e+01,3.969628e-11,1.588858e-09,1.588858e-11
2.969904e+01,3.918567e-11,1.546630e-09,1.546630e-11
2.970182e+01,3.870061e-11,1.508073e-09,1.508073e-11
2.970461e+01,3.824598e-11,1.473138e-09,1.473138e-11
2.970739e+01,3.782423e-11,1.441641e-09,1.441641e-11
2.971017e+01,3.743504e-11,1.413287e-09,1.413287e-11
2.971296e+01,3.707465e-11,1.387682e-09,1.387682e-11
2.971574e+01,3.673663e-11,1.364381e-09,1.364381e-11
2.971853e+01,3.641217e-11,1.342903e-09,1.342903e-11
2.972131e+01,3.608986e-11,1.322727e-09,1.322727e-11
2.972409e+01,3.575655e-11,1.303307e-09,1.303307e-11
2.972688e+01,3.539850e-11,1.284087e-09,1.284087e-11
2.972966e+01,3.500214e-11,1.264493e-09,1.264493e-11
2.973244e+01,3.455478e-11,1.243936e-09,1.243936e-11
2.973523e+01,3.404563e-11,1.221840e-09,1.221840e-11
2.973801e+01,3.346677e-11,1.197686e-09,1.197686e-11
2.974079e+01,3.281400e-11,1.171034e-09,1.171034e-11
2.974358e+01,3.208656e-11,1.141562e-09,1.141562e-11
2.974636e+01,3.128762e-11,1.109128e-09,1.109128e-11
2.974915e+01,3.042504e-11,1.073820e-09,1.073820e-11
2.975193e+01,2.951028e-11,1.035982e-09,1.035982e-11
2.975471e+01,2.855815e-11,9.962424e-10,9.962424e-12
2.975750e+01,2.758699e-11,9.555205e-10,9.555205e-12
2.976028e+01,2.661706e-11,9.149949e-10,9.149949e-12
2.976306e+01,2.566978e-11,8.760421e-10,8.760421e-12
2.976585e+01,2.476742e-11,8.401423e-10,8.401423e-12
2.976863e+01,2.393203e-11,8.087587e-10,8.087587e-12
2.977142e+01,2.318475e-11,7.831789e-10,7.831789e-12
2.977420e+01,2.254418e-11,7.643353e-10,7.643353e-12
2.977698e+01,2.202612e-11,7.526812e-10,7.526812e-12
2.977977e+01,2.164306e-11,7.481349e-10,7.481349e-12
2.978255e+01,2.140324e-11,7.501144e-10,7.501144e-12
2.978533e+01,2.131059e-11,7.576811e-10,7.576811e-12
2.978812e+01,2.136409e-11,7.696964e-10,7.696964e-12
2.979090e+01,2.155785e-11,7.849489e-10,7.849489e-12
2.979368e+01,2.188163e-11,8.022922e-10,8.022922e-12
2.979647e+01,2.232102e-11,8.207226e-10,8.207226e-12
2.979925e+01,2.285771e-11,8.393703e-10,8.393703e-12
2.980204e+01,2.347069e-11,8.575131e-10,8.575131e-12
2.980482e+01,2.413738e-11,8.745843e-10,8.745843e-12
2.980760e+01,2.483389e-11,8.901234e-10,8.901234e-12
2.981039e+01,2.553632e-11,9.037734e-10,9.037734e-12
2.981317e+01,2.622222e-11,9.153091e-10,9.153091e-12
2.981595e+01,2.687074e-11,9.246136e-10,9.246136e-12
2.981874e+01,2.746372e-11,9.316726e-10,9.316726e-12
2.982152e+01,2.798670e-11,9.365959e-10,9.365959e-12
2.982431e+01,2.842904e-11,9.396044e-10,9.396044e-12
2.982709e+01,2.878421e-11,9.410087e-10,9.410087e-12
2.982987e+01,2.905003e-11,9.411951e-10,9.411951e-12
2.983266e+01,2.922827e-11,9.405841e-10,9.405841e-12
2.983544e+01,2.932436e-11,9.395933e-10,9.395933e-12
2.983822e+01,2.934727e-11,9.386257e-10,9.386257e-12
2.984101e+01,2.930827e-11,9.380366e-10,9.380366e-12
2.984379e+01,2.922013e-11,9.381116e-10,9.381116e-12
2.984657e+01,2.909667e-11,9.390736e-10,9.390736e-12
2.984936e+01,2.895172e-11,9.410835e-10,9.410835e-12
2.985214e+01,2.879822e-11,9.442592e-10,9.442592e-12
2.985493e+01,2.864791e-11,9.486981e-10,9.486981e-12
2.985771e+01,2.851062e-11,9.544611e-10,9.544611e-12
2.986049e+01,2.839359e-11,9.615870e-10,9.615870e-12
2.986328e+01,2.830218e-11,9.701142e-10,9.701142e-12
2.986606e+01,2.823947e-11,9.800553e-10,9.800553e-12
2.986884e+01,2.820645e-11,9.913840e-10,9.913840e-12
2.987163e+01,2.820286e-11,1.004037e-09,1.004037e-11
2.987441e+01,2.822706e-11,1.017897e-09,1.017897e-11
2.987720e+01,2.827655e-11,1.032793e-09,1.032793e-11
2.987998e+01,2.834852e-11,1.048495e-09,1.048495e-11
2.988276e+01,2.843951e-11,1.064719e-09,1.064719e-11
2.988555e+01,2.854619e-11,1.081124e-09,1.081124e-11
2.988833e+01,2.866532e-11,1.097329e-09,1.097329e-11
2.989111e+01,2.879358e-11,1.112919e-09,1.112919e-11
2.989390e+01,2.892806e-11,1.127448e-09,1.127448e-11
2.989668e+01,2.906554e-11,1.140440e-09,1.140440e-11
2.989946e+01,2.920304e-11,1.151430e-09,1.151430e-11
2.990225e+01,2.933825e-11,1.159977e-09,1.159977e-11
2.990503e+01,2.946849e-11,1.165669e-09,1.165669e-11
2.990782e+01,2.959118e-11,1.168156e-09,1.168156e-11
2.991060e+01,2.970436e-11,1.167198e-09,1.167198e-11
2.991338e+01,2.980634e-11,1.162688e-09,1.162688e-11
2.991617e+01,2.989505e-11,1.154648e-09,1.154648e-11
2.991895e+01,2.996836e-11,1.143254e-09,1.143254e-11
2.992173e+01,3.002474e-11,1.128863e-09,1.128863e-11
2.992452e+01,3.006243e-11,1.111995e-09,1.111995e-11
2.992730e+01,3.007894e-11,1.093286e-09,1.093286e-11
2.993008e+01,3.007131e-11,1.073441e-09,1.073441e-11
2.993287e+01,3.003662e-11,1.053205e-09,1.053205e-11
2.993565e+01,2.997201e-11,1.033299e-09,1.033299e-11
2.993844e+01,2.987431e-11,1.014339e-09,1.014339e-11
2.994122e+01,2.974043e-11,9.967770e-10,9.967770e-12
2.994400e+01,2.956801e-11,9.808837e-10,9.808837e-12
2.994679e+01,2.935596e-11,9.667275e-10,9.667275e-12
2.994957e+01,2.910409e-11,9.541769e-10,9.541769e-12
2.995235e+01,2.881384e-11,9.429518e-10,9.429518e-12
2.995514e+01,2.848905e-11,9.326855e-10,9.326855e-12
2.995792e+01,2.813539e-11,9.229729e-10,9.229729e-12
2.996071e+01,2.776020e-11,9.134267e-10,9.134267e-12
2.996349e+01,2.737280e-11,9.037290e-10,9.037290e-12
2.996627e+01,2.698433e-11,8.936634e-10,8.936634e-12
2.996906e+01,2.660650e-11,8.831277e-10,8.831277e-12
2.997184e+01,2.625106e-11,8.721433e-10,8.721433e-12
2.997462e+01,2.592951e-11,8.608731e-10,8.608731e-12
2.997741e+01,2.565236e-11,8.496232e-10,8.496232e-12
2.998019e+01,2.542750e-11,8.388253e-10,8.388253e-12
2.998297e+01,2.525977e-11,8.290257e-10,8.290257e-12
2.998576e+01,2.515177e-11,8.208668e-10,8.208668e-12
2.998854e+01,2.510270e-11,8.150247e-10,8.150247e-12
2.999133e+01,2.510813e-11,8.121156e-10,8.121156e-12
2.999411e+01,2.516115e-11,8.126011e-10,8.126011e-12
2.999689e+01,2.525213e-11,8.166925e-10,8.166925e-12
2.999968e+01,2.536994e-11,8.242983e-10,8.242983e-12
3.000246e+01,2.550333e-11,8.350150e-10,8.350150e-12
3.000524e+01,2.564088e-11,8.481547e-10,8.481547e-12
3.000803e+01,2.577228e-11,8.628378e-10,8.628378e-12
3.001081e+01,2.588897e-11,8.780899e-10,8.780899e-12
3.001360e+01,2.598433e-11,8.929317e-10,8.929317e-12
3.001638e+01,2.605426e-11,9.064839e-10,9.064839e-12
3.001916e+01,2.609757e-11,9.180497e-10,9.180497e-12
3.002195e+01,2.611607e-11,9.271543e-10,9.271543e-12
3.002473e+01,2.611305e-11,9.335490e-10,9.335490e-12
3.002751e+01,2.609424e-11,9.372225e-10,9.372225e-12
3.003030e+01,2.606789e-11,9.384414e-10,9.384414e-12
3.003308e+01,2.604292e-11,9.377532e-10,9.377532e-12
3.003586e+01,2.603016e-11,9.359495e-10,9.359495e-12
3.003865e+01,2.604184e-11,9.340622e-10,9.340622e-12
3.004143e+01,2.609045e-11,9.333403e-10,9.333403e-12
3.004422e+01,2.618941e-11,9.351490e-10,9.351490e-12
3.004700e+01,2.635220e-11,9.408646e-10,9.408646e-12
3.004978e+01,2.659199e-11,9.517504e-10,9.517504e-12
3.005257e+01,2.692124e-11,9.687747e-10,9.687747e-12
3.005535e+01,2.735046e-11,9.924800e-10,9.924800e-12
3.005813e+01,2.788768e-11,1.022935e-09,1.022935e-11
3.006092e+01,2.853832e-11,1.059736e-09,1.059736e-11
3.006370e+01,2.930416e-11,1.102080e-09,1.102080e-11
3.006649e+01,3.018298e-11,1.148890e-09,1.148890e-11
3.006927e+01,3.116844e-11,1.198968e-09,1.198968e-11
3.007205e+01,3.224963e-11,1.251099e-09,1.251099e-11
3.007484e+01,3.341222e-11,1.304139e-09,1.304139e-11
3.007762e+01,3.463861e-11,1.357075e-09,1.357075e-11
3.008040e+01,3.590830e-11,1.409047e-09,1.409047e-11
3.008319e+01,3.719958e-11,1.459349e-09,1.459349e-11
3.008597e+01,3.849032e-11,1.507432e-09,1.507432e-11
3.008875e+01,3.975840e-11,1.552875e-09,1.552875e-11
3.009154e+01,4.098280e-11,1.595369e-09,1.595369e-11
3.009432e+01,4.214478e-11,1.634717e-09,1.634717e-11
3.009711e+01,4.322816e-11,1.670808e-09,1.670808e-11
3.009989e+01,4.421891e-11,1.703589e-09,1.703589e-11
3.010267e+01,4.510581e-11,1.733044e-09,1.733044e-11
3.010546e+01,4.588033e-11,1.759177e-09,1.759177e-11
3.010824e+01,4.653540e-11,1.781987e-09,1.781987e-11
3.011102e+01,4.706607e-11,1.801455e-09,1.801455e-11
3.011381e+01,4.746872e-11,1.817521e-09,1.817521e-11
3.011659e+01,4.774020e-11,1.830089e-09,1.830089e-11
3.011937e+01,4.787826e-11,1.839018e-09,1.839018e-11
3.012216e+01,4.788120e-11,1.844138e-09,1.844138e-11
3.012494e+01,4.774777e-11,1.845269e-09,1.845269e-11
3.012773e+01,4.747756e-11,1.842237e-09,1.842237e-11
3.013051e+01,4.707169e-11,1.834886e-09,1.834886e-11
3.013329e+01,4.653274e-11,1.823100e-09,1.823100e-11
3.013608e+01,4.586566e-11,1.806813e-09,1.806813e-11
3.013886e+01,4.507823e-11,1.786013e-09,1.786013e-11
3.014164e+01,4.418054e-11,1.760737e-09,1.760737e-11
3.014443e+01,4.318561e-11,1.731059e-09,1.731059e-11
3.014721e+01,4.210935e-11,1.697088e-09,1.697088e-11
3.015000e+01,4.096990e-11,1.658954e-09,1.658954e-11
3.015278e+01,3.978721e-11,1.616811e-09,1.616811e-11
3.015556e+01,3.858250e-11,1.570843e-09,1.570843e-11
3.015835e+01,3.737761e-11,1.521284e-09,1.521284e-11
3.016113e+01,3.619419e-11,1.468447e-09,1.468447e-11
3.016391e+01,3.505289e-11,1.412774e-09,1.412774e-11
3.016670e+01,3.397340e-11,1.354878e-09,1.354878e-11
3.016948e+01,3.297387e-11,1.295602e-09,1.295602e-11
3.017226e+01,3.207084e-11,1.236071e-09,1.236071e-11
3.017505e+01,3.127891e-11,1.177707e-09,1.177707e-11
3.017783e+01,3.061047e-11,1.122229e-09,1.122229e-11
3.018062e+01,3.007621e-11,1.071608e-09,1.071608e-11
3.018340e+01,2.968464e-11,1.027936e-09,1.027936e-11
3.018618e+01,2.944165e-11,9.932066e-10,9.932066e-12
3.018897e+01,2.935039e-11,9.690336e-10,9.690336e-12
3.019175e+01,2.941070e-11,9.563681e-10,9.563681e-12
3.019453e+01,2.961982e-11,9.552947e-10,9.552947e-12
3.019732e+01,2.997179e-11,9.649853e-10,9.649853e-12
3.020010e+01,3.045625e-11,9.838412e-10,9.838412e-12
3.020289e+01,3.105977e-11,1.009793e-09,1.009793e-11
3.020567e+01,3.176640e-11,1.040607e-09,1.040607e-11
3.020845e+01,3.255744e-11,1.074131e-09,1.074131e-11
3.021124e+01,3.341259e-11,1.108455e-09,1.108455e-11
3.021402e+01,3.431012e-11,1.141984e-09,1.141984e-11
3.021680e+01,3.522840e-11,1.173462e-09,1.173462e-11
3.021959e+01,3.614719e-11,1.201978e-09,1.201978e-11
3.022237e+01,3.704733e-11,1.226933e-09,1.226933e-11
3.022515e+01,3.791182e-11,1.248004e-09,1.248004e-11
3.022794e+01,3.872619e-11,1.265115e-09,1.265115e-11
3.023072e+01,3.947887e-11,1.278407e-09,1.278407e-11
3.023351e+01,4.016113e-11,1.288175e-09,1.288175e-11
3.023629e+01,4.076626e-11,1.294811e-09,1.294811e-11
3.023907e+01,4.128971e-11,1.298771e-09,1.298771e-11
3.024186e+01,4.172858e-11,1.300505e-09,1.300505e-11
3.024464e+01,4.208118e-11,1.300405e-09,1.300405e-11
3.024742e+01,4.234615e-11,1.298759e-09,1.298759e-11
3.025021e+01,4.252133e-11,1.295729e-09,1.295729e-11
3.025299e+01,4.260520e-11,1.291346e-09,1.291346e-11
3.025578e+01,4.259562e-11,1.285528e-09,1.285528e-11
3.025856e+01,4.248911e-11,1.278102e-09,1.278102e-11
3.026134e+01,4.228254e-11,1.268844e-09,1.268844e-11
3.026413e+01,4.197285e-11,1.257514e-09,1.257514e-11
3.026691e+01,4.155762e-11,1.243901e-09,1.243901e-11
3.026969e+01,4.103559e-11,1.227848e-09,1.227848e-11
3.027248e+01,4.040649e-11,1.209241e-09,1.209241e-11
3.027526e+01,3.967229e-11,1.188057e-09,1.188057e-11
3.027804e+01,3.883809e-11,1.164386e-09,1.164386e-11
3.028083e+01,3.791183e-11,1.138421e-09,1.138421e-11
3.028361e+01,3.690407e-11,1.110463e-09,1.110463e-11
3.028640e+01,3.582861e-11,1.080916e-09,1.080916e-11
3.028918e+01,3.470197e-11,1.050270e-09,1.050270e-11
3.029196e+01,3.354336e-11,1.019106e-09,1.019106e-11
3.029475e+01,3.237444e-11,9.880521e-10,9.880521e-12
3.029753e+01,3.121812e-11,9.577275e-10,9.577275e-12
3.030031e+01,3.009865e-11,9.287199e-10,9.287199e-12
3.030310e+01,2.904097e-11,9.015568e-10,9.015568e-12
3.030588e+01,2.806952e-11,8.766777e-10,8.766777e-12
3.030866e+01,2.720833e-11,8.544500e-10,8.544500e-12
3.031145e+01,2.647924e-11,8.352045e-10,8.352045e-12
3.031423e+01,2.590189e-11,8.192946e-10,8.192946e-12
3.031702e+01,2.549288e-11,8.071540e-10,8.071540e-12
3.031980e+01,2.526412e-11,7.993246e-10,7.993246e-12
3.032258e+01,2.522303e-11,7.964663e-10,7.964663e-12
3.032537e+01,2.537211e-11,7.993108e-10,7.993108e-12
3.032815e+01,2.570835e-11,8.085422e-10,8.085422e-12
3.033093e+01,2.622231e-11,8.246331e-10,8.246331e-12
3.033372e+01,2.689849e-11,8.476969e-10,8.476969e-12
3.033650e+01,2.771677e-11,8.774223e-10,8.774223e-12
3.033929e+01,2.865240e-11,9.130571e-10,9.130571e-12
3.034207e+01,2.967638e-11,9.534420e-10,9.534420e-12
3.034485e+01,3.075785e-11,9.971452e-10,9.971452e-12
3.034764e+01,3.186515e-11,1.042609e-09,1.042609e-11
3.035042e+01,3.296632e-11,1.088260e-09,1.088260e-11
3.035320e+01,3.403099e-11,1.132633e-09,1.132633e-11
3.035599e+01,3.503215e-11,1.174473e-09,1.174473e-11
3.035877e+01,3.594708e-11,1.212798e-09,1.212798e-11
3.036155e+01,3.675759e-11,1.246922e-09,1.246922e-11
3.036434e+01,3.745054e-11,1.276472e-09,1.276472e-11
3.036712e+01,3.801885e-11,1.301378e-09,1.301378e-11
3.036991e+01,3.846104e-11,1.321840e-09,1.321840e-11
3.037269e+01,3.878053e-11,1.338283e-09,1.338283e-11
3.037547e+01,3.898583e-11,1.351287e-09,1.351287e-11
3.037826e+01,3.908977e-11,1.361513e-09,1.361513e-11
3.038104e+01,3.910830e-11,1.369627e-09,1.369627e-11
3.038382e+01,3.905922e-11,1.376214e-09,1.376214e-11
3.038661e+01,3.896226e-11,1.381726e-09,1.381726e-11
3.038939e+01,3.883757e-11,1.386453e-09,1.386453e-11
3.039218e+01,3.870378e-11,1.390501e-09,1.390501e-11
3.039496e+01,3.857918e-11,1.393819e-09,1.393819e-11
3.039774e+01,3.847990e-11,1.396231e-09,1.396231e-11
3.040053e+01,3.841888e-11,1.397492e-09,1.397492e-11
3.040331e+01,3.840723e-11,1.397357e-09,1.397357e-11
3.040609e+01,3.845234e-11,1.395629e-09,1.395629e-11
3.040888e+01,3.855789e-11,1.392193e-09,1.392193e-11
3.041166e+01,3.872512e-11,1.387059e-09,1.387059e-11
3.041444e+01,3.895257e-11,1.380369e-09,1.380369e-11
3.041723e+01,3.923604e-11,1.372384e-09,1.372384e-11
3.042001e+01,3.956945e-11,1.363473e-09,1.363473e-11
3.042280e+01,3.994507e-11,1.354066e-09,1.354066e-11
3.042558e+01,4.035363e-11,1.344607e-09,1.344607e-11
3.042836e+01,4.078545e-11,1.335523e-09,1.335523e-11
3.043115e+01,4.123020e-11,1.327184e-09,1.327184e-11
3.043393e+01,4.167771e-11,1.319864e-09,1.319864e-11
3.043671e+01,4.211865e-11,1.313729e-09,1.313729e-11
3.043950e+01,4.254440e-11,1.308828e-09,1.308828e-11
3.044228e+01,4.294787e-11,1.305102e-09,1.305102e-11
3.044507e+01,4.332262e-11,1.302383e-09,1.302383e-11
3.044785e+01,4.366351e-11,1.300442e-09,1.300442e-11
3.045063e+01,4.396788e-11,1.299022e-09,1.299022e-11
3.045342e+01,4.423352e-11,1.297834e-09,1.297834e-11
3.045620e+01,4.445940e-11,1.296602e-09,1.296602e-11
3.045898e+01,4.464562e-11,1.295087e-09,1.295087e-11
3.046177e+01,4.479207e-11,1.293084e-09,1.293084e-11
3.046455e+01,4.489928e-11,1.290451e-09,1.290451e-11
3.046733e+01,4.496728e-11,1.287098e-09,1.287098e-11
3.047012e+01,4.499503e-11,1.282990e-09,1.282990e-11
3.047290e+01,4.498170e-11,1.278172e-09,1.278172e-11
3.047569e+01,4.492565e-11,1.272745e-09,1.272745e-11
3.047847e+01,4.482424e-11,1.266840e-09,1.266840e-11
3.048125e+01,4.467462e-11,1.260647e-09,1.260647e-11
3.048404e+01,4.447391e-11,1.254380e-09,1.254380e-11
3.048682e+01,4.421942e-11,1.248247e-09,1.248247e-11
3.048960e+01,4.390884e-11,1.242442e-09,1.242442e-11
3.049239e+01,4.354083e-11,1.237117e-09,1.237117e-11
3.049517e+01,4.311569e-11,1.232348e-09,1.232348e-11
3.049795e+01,4.263468e-11,1.228128e-09,1.228128e-11
3.050074e+01,4.210057e-11,1.224336e-09,1.224336e-11
3.050352e+01,4.151778e-11,1.220736e-09,1.220736e-11
3.050631e+01,4.089213e-11,1.217003e-09,1.217003e-11
3.050909e+01,4.023144e-11,1.212748e-09,1.212748e-11
3.051187e+01,3.954422e-11,1.207534e-09,1.207534e-11
3.051466e+01,3.883982e-11,1.200934e-09,1.200934e-11
3.051744e+01,3.812874e-11,1.192583e-09,1.192583e-11
3.052022e+01,3.742116e-11,1.182217e-09,1.182217e-11
3.052301e+01,3.672746e-11,1.169723e-09,1.169723e-11
3.052579e+01,3.605813e-11,1.155172e-09,1.155172e-11
3.052858e+01,3.542262e-11,1.138834e-09,1.138834e-11
3.053136e+01,3.482995e-11,1.121178e-09,1.121178e-11
3.053414e+01,3.428817e-11,1.102844e-09,1.102844e-11
3.053693e+01,3.380406e-11,1.084616e-09,1.084616e-11
3.053971e+01,3.338417e-11,1.067371e-09,1.067371e-11
3.054249e+01,3.303359e-11,1.052003e-09,1.052003e-11
3.054528e+01,3.275648e-11,1.039353e-09,1.039353e-11
3.054806e+01,3.255610e-11,1.030147e-09,1.030147e-11
3.055084e+01,3.243396e-11,1.024930e-09,1.024930e-11
3.055363e+01,3.239069e-11,1.024036e-09,1.024036e-11
3.055641e+01,3.242533e-11,1.027580e-09,1.027580e-11
3.055920e+01,3.253492e-11,1.035464e-09,1.035464e-11
3.056198e+01,3.271424e-11,1.047404e-09,1.047404e-11
3.056476e+01,3.295593e-11,1.062976e-09,1.062976e-11
3.056755e+01,3.325114e-11,1.081664e-09,1.081664e-11
3.057033e+01,3.358862e-11,1.102866e-09,1.102866e-11
3.057311e+01,3.395525e-11,1.125928e-09,1.125928e-11
3.057590e+01,3.433711e-11,1.150165e-09,1.150165e-11
3.057868e+01,3.471978e-11,1.174860e-09,1.174860e-11
3.058147e+01,3.508875e-11,1.199272e-09,1.199272e-11
3.058425e+01,3.543034e-11,1.222651e-09,1.222651e-11
3.058703e+01,3.573303e-11,1.244267e-09,1.244267e-11
3.058982e+01,3.598696e-11,1.263426e-09,1.263426e-11
3.059260e+01,3.618444e-11,1.279491e-09,1.279491e-11
3.059538e+01,3.632086e-11,1.291920e-09,1.291920e-11
3.059817e+01,3.639428e-11,1.300300e-09,1.300300e-11
3.060095e+01,3.640546e-11,1.304386e-09,1.304386e-11
3.060373e+01,3.635721e-11,1.304107e-09,1.304107e-11
3.060652e+01,3.625410e-11,1.299590e-09,1.299590e-11
3.060930e+01,3.610262e-11,1.291193e-09,1.291193e-11
3.061209e+01,3.591093e-11,1.279508e-09,1.279508e-11
3.061487e+01,3.568803e-11,1.265311e-09,1.265311e-11
3.061765e+01,3.544292e-11,1.249536e-09,1.249536e-11
3.062044e+01,3.518597e-11,1.233266e-09,1.233266e-11
3.062322e+01,3.492843e-11,1.217663e-09,1.217663e-11
3.062600e+01,3.468168e-11,1.203875e-09,1.203875e-11
3.062879e+01,3.445782e-11,1.192953e-09,1.192953e-11
3.063157e+01,3.426897e-11,1.185762e-09,1.185762e-11
3.063435e+01,3.412754e-11,1.182932e-09,1.182932e-11
3.063714e+01,3.404605e-11,1.184814e-09,1.184814e-11
3.063992e+01,3.403603e-11,1.191439e-09,1.191439e-11
3.064271e+01,3.410811e-11,1.202569e-09,1.202569e-11
3.064549e+01,3.427155e-11,1.217789e-09,1.217789e-11
3.064827e+01,3.453330e-11,1.236559e-09,1.236559e-11
3.065106e+01,3.489752e-11,1.258309e-09,1.258309e-11
3.065384e+01,3.536566e-11,1.282543e-09,1.282543e-11
3.065662e+01,3.593587e-11,1.308889e-09,1.308889e-11
3.065941e+01,3.660289e-11,1.337100e-09,1.337100e-11
3.066219e+01,3.735821e-11,1.367051e-09,1.367051e-11
3.066498e+01,3.819001e-11,1.398717e-09,1.398717e-11
3.066776e+01,3.908388e-11,1.432132e-09,1.432132e-11
3.067054e+01,4.002373e-11,1.467321e-09,1.467321e-11
3.067333e+01,4.099206e-11,1.504237e-09,1.504237e-11
3.067611e+01,4.197019e-11,1.542728e-09,1.542728e-11
3.067889e+01,4.293972e-11,1.582502e-09,1.582502e-11
3.068168e+01,4.388311e-11,1.623117e-09,1.623117e-11
3.068446e+01,4.478351e-11,1.663995e-09,1.663995e-11
3.068724e+01,4.562512e-11,1.704431e-09,1.704431e-11
3.069003e+01,4.639342e-11,1.743614e-09,1.743614e-11
3.069281e+01,4.707541e-11,1.780677e-09,1.780677e-11
3.069560e+01,4.765963e-11,1.814729e-09,1.814729e-11
3.069838e+01,4.813560e-11,1.844898e-09,1.844898e-11
3.070116e+01,4.849389e-11,1.870360e-09,1.870360e-11
3.070395e+01,4.872664e-11,1.890388e-09,1.890388e-11
3.070673e+01,4.882765e-11,1.904387e-09,1.904387e-11
3.070951e+01,4.879214e-11,1.911917e-09,1.911917e-11
3.071230e+01,4.861744e-11,1.912707e-09,1.912707e-11
3.071508e+01,4.830385e-11,1.906667e-09,1.906667e-11
3.071787e+01,4.785472e-11,1.893880e-09,1.893880e-11
3.072065e+01,4.727601e-11,1.874582e-09,1.874582e-11
3.072343e+01,4.657702e-11,1.849125e-09,1.849125e-11
3.072622e+01,4.577035e-11,1.817954e-09,1.817954e-11
3.072900e+01,4.487118e-11,1.781578e-09,1.781578e-11
3.073178e+01,4.389651e-11,1.740531e-09,1.740531e-11
3.073457e+01,4.286390e-11,1.695353e-09,1.695353e-11
3.073735e+01,4.179173e-11,1.646604e-09,1.646604e-11
3.074013e+01,4.069830e-11,1.594864e-09,1.594864e-11
3.074292e+01,3.959958e-11,1.540732e-09,1.540732e-11
3.074570e+01,3.850936e-11,1.484857e-09,1.484857e-11
3.074849e+01,3.744009e-11,1.427962e-09,1.427962e-11
3.075127e+01,3.640092e-11,1.370847e-09,1.370847e-11
3.075405e+01,3.539797e-11,1.314389e-09,1.314389e-11
3.075684e+01,3.443615e-11,1.259537e-09,1.259537e-11
3.075962e+01,3.351794e-11,1.207281e-09,1.207281e-11
3.076240e+01,3.264408e-11,1.158614e-09,1.158614e-11
3.076519e+01,3.181473e-11,1.114486e-09,1.114486e-11
3.076797e+01,3.102993e-11,1.075734e-09,1.075734e-11
3.077076e+01,3.028934e-11,1.042989e-09,1.042989e-11
3.077354e+01,2.959215e-11,1.016574e-09,1.016574e-11
3.077632e+01,2.893811e-11,9.964452e-10,9.964452e-12
3.077911e+01,2.832707e-11,9.821534e-10,9.821534e-12
3.078189e+01,2.775912e-11,9.728103e-10,9.728103e-12
3.078467e+01,2.723445e-11,9.671676e-10,9.671676e-12
3.078746e+01,2.675263e-11,9.637414e-10,9.637414e-12
3.079024e+01,2.631336e-11,9.609491e-10,9.609491e-12
3.079302e+01,2.591629e-11,9.572709e-10,9.572709e-12
3.079581e+01,2.556054e-11,9.513774e-10,9.513774e-12
3.079859e+01,2.524497e-11,9.422526e-10,9.422526e-12
3.080138e+01,2.496863e-11,9.293106e-10,9.293106e-12
3.080416e+01,2.473108e-11,9.124544e-10,9.124544e-12
3.080694e+01,2.453214e-11,8.921057e-10,8.921057e-12
3.080973e+01,2.437178e-11,8.692127e-10,8.692127e-12
3.081251e+01,2.425063e-11,8.452209e-10,8.452209e-12
3.081529e+01,2.416995e-11,8.219969e-10,8.219969e-12
3.081808e+01,2.413137e-11,8.016913e-10,8.016913e-12
3.082086e+01,2.413652e-11,7.865265e-10,7.865265e-12
3.082364e+01,2.418743e-11,7.785150e-10,7.785150e-12
3.082643e+01,2.428596e-11,7.791522e-10,7.791522e-12
3.082921e+01,2.443320e-11,7.891811e-10,7.891811e-12
3.083200e+01,2.462971e-11,8.085139e-10,8.085139e-12
3.083478e+01,2.487515e-11,8.363275e-10,8.363275e-12
3.083756e+01,2.516884e-11,8.712940e-10,8.712940e-12
3.084035e+01,2.550954e-11,9.118538e-10,9.118538e-12
3.084313e+01,2.589553e-11,9.564362e-10,9.564362e-12
3.084591e+01,2.632511e-11,1.003603e-09,1.003603e-11
3.084870e+01,2.679659e-11,1.052126e-09,1.052126e-11
3.085148e+01,2.730855e-11,1.100996e-09,1.100996e-11
3.085427e+01,2.786029e-11,1.149400e-09,1.149400e-11
3.085705e+01,2.845160e-11,1.196692e-09,1.196692e-11
3.085983e+01,2.908207e-11,1.242357e-09,1.242357e-11
3.086262e+01,2.975143e-11,1.285968e-09,1.285968e-11
3.086540e+01,3.045861e-11,1.327161e-09,1.327161e-11
3.086818e+01,3.120049e-11,1.365607e-09,1.365607e-11
3.087097e+01,3.197254e-11,1.401010e-09,1.401010e-11
3.087375e+01,3.276775e-11,1.433083e-09,1.433083e-11
3.087653e+01,3.357644e-11,1.461548e-09,1.461548e-11
3.087932e+01,3.438654e-11,1.486125e-09,1.486125e-11
3.088210e+01,3.518271e-11,1.506512e-09,1.506512e-11
3.088489e+01,3.594746e-11,1.522402e-09,1.522402e-11
3.088767e+01,3.666198e-11,1.533478e-09,1.533478e-11
3.089045e+01,3.730647e-11,1.539414e-09,1.539414e-11
3.089324e+01,3.786097e-11,1.539902e-09,1.539902e-11
3.089602e+01,3.830703e-11,1.534675e-09,1.534675e-11
3.089880e+01,3.862770e-11,1.523519e-09,1.523519e-11
3.090159e+01,3.880836e-11,1.506299e-09,1.506299e-11
3.090437e+01,3.883847e-11,1.482988e-09,1.482988e-11
3.090716e+01,3.870992e-11,1.453658e-09,1.453658e-11
3.090994e+01,3.841894e-11,1.418514e-09,1.418514e-11
3.091272e+01,3.796718e-11,1.377903e-09,1.377903e-11
3.091551e+01,3.735945e-11,1.332294e-09,1.332294e-11
3.091829e+01,3.660470e-11,1.282282e-09,1.282282e-11
3.092107e+01,3.571630e-11,1.228605e-09,1.228605e-11
3.092386e+01,3.471137e-11,1.172145e-09,1.172145e-11
3.092664e+01,3.361053e-11,1.113925e-09,1.113925e-11
3.092942e+01,3.243696e-11,1.055121e-09,1.055121e-11
3.093221e+01,3.121641e-11,9.970507e-10,9.970507e-12
3.093499e+01,2.997644e-11,9.411567e-10,9.411567e-12
3.093778e+01,2.874519e-11,8.889615e-10,8.889615e-12
3.094056e+01,2.755122e-11,8.419902e-10,8.419902e-12
3.094334e+01,2.642195e-11,8.016385e-10,8.016385e-12
3.094613e+01,2.538296e-11,7.690202e-10,7.690202e-12
3.094891e+01,2.445733e-11,7.448212e-10,7.448212e-12
3.095169e+01,2.366407e-11,7.291698e-10,7.291698e-12
3.095448e+01,2.301810e-11,7.216180e-10,7.216180e-12
3.095726e+01,2.252938e-11,7.212473e-10,7.212473e-12
3.096005e+01,2.220280e-11,7.268304e-10,7.268304e-12
3.096283e+01,2.203782e-11,7.370389e-10,7.370389e-12
3.096561e+01,2.202814e-11,7.506168e-10,7.506168e-12
3.096840e+01,2.216309e-11,7.664634e-10,7.664634e-12
3.097118e+01,2.242775e-11,7.836755e-10,7.836755e-12
3.097396e+01,2.280341e-11,8.015372e-10,8.015372e-12
3.097675e+01,2.326932e-11,8.194738e-10,8.194738e-12
3.097953e+01,2.380310e-11,8.370151e-10,8.370151e-12
3.098231e+01,2.438178e-11,8.537537e-10,8.537537e-12
3.098510e+01,2.498353e-11,8.693246e-10,8.693246e-12
3.098788e+01,2.558780e-11,8.834091e-10,8.834091e-12
3.099067e+01,2.617628e-11,8.957366e-10,8.957366e-12
3.099345e+01,2.673363e-11,9.061008e-10,9.061008e-12
3.099623e+01,2.724708e-11,9.143768e-10,9.143768e-12
3.099902e+01,2.770676e-11,9.205273e-10,9.205273e-12
3.100180e+01,2.810606e-11,9.246196e-10,9.246196e-12
3.100458e+01,2.844102e-11,9.268328e-10,9.268328e-12
3.100737e+01,2.870940e-11,9.274289e-10,9.274289e-12
3.101015e+01,2.891076e-11,9.267371e-10,9.267371e-12
3.101293e+01,2.904650e-11,9.251493e-10,9.251493e-12
3.101572e+01,2.911924e-11,9.230760e-10,9.230760e-12
3.101850e+01,2.913200e-11,9.208961e-10,9.208961e-12
3.102129e+01,2.908831e-11,9.189238e-10,9.189238e-12
3.102407e+01,2.899283e-11,9.173881e-10,9.173881e-12
3.102685e+01,2.885063e-11,9.164223e-10,9.164223e-12
3.102964e+01,2.866667e-11,9.160328e-10,9.160328e-12
3.103242e+01,2.844649e-11,9.161015e-10,9.161015e-12
3.103520e+01,2.819596e-11,9.164336e-10,9.164336e-12
3.103799e+01,2.792059e-11,9.167586e-10,9.167586e-12
3.104077e+01,2.762504e-11,9.167449e-10,9.167449e-12
3.104356e+01,2.731387e-11,9.160581e-10,9.160581e-12
3.104634e+01,2.699127e-11,9.143950e-10,9.143950e-12
3.104912e+01,2.666034e-11,9.114929e-10,9.114929e-12
3.105191e+01,2.632358e-11,9.071173e-10,9.071173e-12
3.105469e+01,2.598208e-11,9.010672e-10,9.010672e-12
3.105747e+01,2.563624e-11,8.931959e-10,8.931959e-12
3.106026e+01,2.528615e-11,8.833855e-10,8.833855e-12
3.106304e+01,2.493100e-11,8.715353e-10,8.715353e-12
3.106582e+01,2.456990e-11,8.575744e-10,8.575744e-12
3.106861e+01,2.420201e-11,8.414582e-10,8.414582e-12
3.107139e+01,2.382637e-11,8.231801e-10,8.231801e-12
3.107418e+01,2.344214e-11,8.027875e-10,8.027875e-12
3.107696e+01,2.304940e-11,7.804120e-10,7.804120e-12
3.107974e+01,2.264865e-11,7.562949e-10,7.562949e-12
3.108253e+01,2.224052e-11,7.307882e-10,7.307882e-12
3.108531e+01,2.182694e-11,7.043732e-10,7.043732e-12
3.108809e+01,2.141031e-11,6.776530e-10,6.776530e-12
3.109088e+01,2.099347e-11,6.513186e-10,6.513186e-12
3.109366e+01,2.058017e-11,6.261057e-10,6.261057e-12
3.109645e+01,2.017364e-11,6.027051e-10,6.027051e-12
3.109923e+01,1.977724e-11,5.817060e-10,5.817060e-12
3.110201e+01,1.939553e-11,5.635494e-10,5.635494e-12
3.110480e+01,1.903275e-11,5.484406e-10,5.484406e-12
3.110758e+01,1.869222e-11,5.363342e-10,5.363342e-12
3.111036e+01,1.837735e-11,5.269804e-10,5.269804e-12
3.111315e+01,1.809158e-11,5.199927e-10,5.199927e-12
3.111593e+01,1.783770e-11,5.149419e-10,5.149419e-12
3.111871e+01,1.761831e-11,5.114442e-10,5.114442e-12
3.112150e+01,1.743596e-11,5.092244e-10,5.092244e-12
3.112428e+01,1.729242e-11,5.081317e-10,5.081317e-12
3.112707e+01,1.718900e-11,5.081474e-10,5.081474e-12
3.112985e+01,1.712721e-11,5.093505e-10,5.093505e-12
3.113263e+01,1.710706e-11,5.118062e-10,5.118062e-12
3.113542e+01,1.712684e-11,5.155188e-10,5.155188e-12
3.113820e+01,1.718508e-11,5.204153e-10,5.204153e-12
3.114098e+01,1.727846e-11,5.262796e-10,5.262796e-12
3.114377e+01,1.740156e-11,5.327542e-10,5.327542e-12
3.114655e+01,1.754810e-11,5.393951e-10,5.393951e-12
3.114934e+01,1.771014e-11,5.457279e-10,5.457279e-12
3.115212e+01,1.787913e-11,5.513135e-10,5.513135e-12
3.115490e+01,1.804568e-11,5.557896e-10,5.557896e-12
3.115769e+01,1.820045e-11,5.589282e-10,5.589282e-12
3.116047e+01,1.833527e-11,5.606775e-10,5.606775e-12
3.116325e+01,1.844299e-11,5.611440e-10,5.611440e-12
3.116604e+01,1.851873e-11,5.605758e-10,5.605758e-12
3.116882e+01,1.856010e-11,5.593317e-10,5.593317e-12
3.117160e+01,1.856741e-11,5.578166e-10,5.578166e-12
3.117439e+01,1.854398e-11,5.564197e-10,5.564197e-12
3.117717e+01,1.849591e-11,5.554569e-10,5.554569e-12
3.117996e+01,1.843184e-11,5.551185e-10,5.551185e-12
3.118274e+01,1.836204e-11,5.554497e-10,5.554497e-12
3.118552e+01,1.829762e-11,5.563764e-10,5.563764e-12
3.118831e+01,1.825031e-11,5.577487e-10,5.577487e-12
3.119109e+01,1.823112e-11,5.593984e-10,5.593984e-12
3.119387e+01,1.824932e-11,5.612187e-10,5.612187e-12
3.119666e+01,1.831239e-11,5.632184e-10,5.632184e-12
3.119944e+01,1.842478e-11,5.655389e-10,5.655389e-12
3.120222e+01,1.858735e-11,5.684547e-10,5.684547e-12
3.120501e+01,1.879835e-11,5.723306e-10,5.723306e-12
3.120779e+01,1.905274e-11,5.775397e-10,5.775397e-12
3.121058e+01,1.934206e-11,5.843828e-10,5.843828e-12
3.121336e+01,1.965634e-11,5.930188e-10,5.930188e-12
3.121614e+01,1.998379e-11,6.034088e-10,6.034088e-12
3.121893e+01,2.031151e-11,6.153069e-10,6.153069e-12
3.122171e+01,2.062718e-11,6.283032e-10,6.283032e-12
3.122449e+01,2.091959e-11,6.418970e-10,6.418970e-12
3.122728e+01,2.117949e-11,6.555665e-10,6.555665e-12
3.123006e+01,2.139956e-11,6.688198e-10,6.688198e-12
3.123285e+01,2.157533e-11,6.812633e-10,6.812633e-12
3.123563e+01,2.170582e-11,6.926539e-10,6.926539e-12
3.123841e+01,2.179329e-11,7.028959e-10,7.028959e-12
3.124120e+01,2.184310e-11,7.120134e-10,7.120134e-12
3.124398e+01,2.186327e-11,7.201356e-10,7.201356e-12
3.124676e+01,2.186467e-11,7.274969e-10,7.274969e-12
3.124955e+01,2.186078e-11,7.344118e-10,7.344118e-12
3.125233e+01,2.186665e-11,7.412484e-10,7.412484e-12
3.125511e+01,2.189836e-11,7.484395e-10,7.484395e-12
3.125790e+01,2.197284e-11,7.564963e-10,7.564963e-12
3.126068e+01,2.210684e-11,7.660136e-10,7.660136e-12
3.126347e+01,2.231595e-11,7.776789e-10,7.776789e-12
3.126625e+01,2.261408e-11,7.922606e-10,7.922606e-12
3.126903e+01,2.301259e-11,8.105484e-10,8.105484e-12
3.127182e+01,2.351877e-11,8.332669e-10,8.332669e-12
3.127460e+01,2.413571e-11,8.609802e-10,8.609802e-12
3.127738e+01,2.486182e-11,8.939812e-10,8.939812e-12
3.128017e+01,2.568995e-11,9.322025e-10,9.322025e-12
3.128295e+01,2.660798e-11,9.751815e-10,9.751815e-12
3.128574e+01,2.759882e-11,1.022065e-09,1.022065e-11
3.128852e+01,2.864124e-11,1.071657e-09,1.071657e-11
3.129130e+01,2.971076e-11,1.122519e-09,1.122519e-11
3.129409e+01,3.078139e-11,1.173098e-09,1.173098e-11
3.129687e+01,3.182714e-11,1.221824e-09,1.221824e-11
3.129965e+01,3.282253e-11,1.267216e-09,1.267216e-11
3.130244e+01,3.374497e-11,1.308012e-09,1.308012e-11
3.130522e+01,3.457657e-11,1.343242e-09,1.343242e-11
3.130800e+01,3.530381e-11,1.372278e-09,1.372278e-11
3.131079e+01,3.591821e-11,1.394891e-09,1.394891e-11
3.131357e+01,3.641789e-11,1.411264e-09,1.411264e-11
3.131636e+01,3.680605e-11,1.421963e-09,1.421963e-11
3.131914e+01,3.709026e-11,1.427884e-09,1.427884e-11
3.132192e+01,3.728245e-11,1.430189e-09,1.430189e-11
3.132471e+01,3.739678e-11,1.430179e-09,1.430179e-11
3.132749e+01,3.744896e-11,1.429156e-09,1.429156e-11
3.133027e+01,3.745566e-11,1.428274e-09,1.428274e-11
3.133306e+01,3.743221e-11,1.428401e-09,1.428401e-11
3.133584e+01,3.739084e-11,1.429988e-09,1.429988e-11
3.133863e+01,3.734142e-11,1.433017e-09,1.433017e-11
3.134141e+01,3.729126e-11,1.437011e-09,1.437011e-11
3.134419e+01,3.724291e-11,1.441084e-09,1.441084e-11
3.134698e+01,3.719510e-11,1.444056e-09,1.444056e-11
3.134976e+01,3.714344e-11,1.444607e-09,1.444607e-11
3.135254e+01,3.708008e-11,1.441413e-09,1.441413e-11
3.135533e+01,3.699480e-11,1.433285e-09,1.433285e-11
3.135811e+01,3.687583e-11,1.419295e-09,1.419295e-11
3.136089e+01,3.671047e-11,1.398837e-09,1.398837e-11
3.136368e+01,3.648594e-11,1.371693e-09,1.371693e-11
3.136646e+01,3.619048e-11,1.338083e-09,1.338083e-11
3.136925e+01,3.581405e-11,1.298647e-09,1.298647e-11
3.137203e+01,3.534910e-11,1.254454e-09,1.254454e-11
3.137481e+01,3.479164e-11,1.206992e-09,1.206992e-11
3.137760e+01,3.414126e-11,1.158101e-09,1.158101e-11
3.138038e+01,3.340180e-11,1.109907e-09,1.109907e-11
3.138316e+01,3.258202e-11,1.064698e-09,1.064698e-11
3.138595e+01,3.169550e-11,1.024732e-09,1.024732e-11
3.138873e+01,3.076077e-11,9.919919e-10,9.919919e-12
3.139151e+01,2.980033e-11,9.678555e-10,9.678555e-12
3.139430e+01,2.883995e-11,9.528314e-10,9.528314e-12
3.139708e+01,2.790825e-11,9.464445e-10,9.464445e-12
3.139987e+01,2.703561e-11,9.472946e-10,9.472946e-12
3.140265e+01,2.625215e-11,9.532831e-10,9.532831e-12
3.140543e+01,2.558603e-11,9.619732e-10,9.619732e-12
3.140822e+01,2.506236e-11,9.709660e-10,9.709660e-12
3.141100e+01,2.470129e-11,9.782030e-10,9.782030e-12
3.141378e+01,2.451704e-11,9.822015e-10,9.822015e-12
