k_s_per_km,P_k_mean_km_per_s,P_k_std,P_k_err
0.000000e+00,8.706110e+00,6.096633e+01,6.096633e-01
2.843466e-03,7.294156e+00,1.216846e+01,1.216846e-01
5.686932e-03,6.425273e+00,8.989509e+00,8.989509e-02
8.530398e-03,5.115995e+00,6.536260e+00,6.536260e-02
1.137386e-02,4.350997e+00,5.608560e+00,5.608560e-02
1.421733e-02,3.704139e+00,4.725926e+00,4.725926e-02
1.706080e-02,3.055963e+00,3.772476e+00,3.772476e-02
1.990426e-02,2.483392e+00,2.956218e+00,2.956218e-02
2.274773e-02,2.099670e+00,2.454835e+00,2.454835e-02
2.559119e-02,1.786675e+00,2.124447e+00,2.124447e-02
2.843466e-02,1.511083e+00,1.777313e+00,1.777313e-02
3.127813e-02,1.315930e+00,1.536116e+00,1.536116e-02
3.412159e-02,1.106852e+00,1.271379e+00,1.271379e-02
3.696506e-02,9.616354e-01,1.110782e+00,1.110782e-02
3.980852e-02,8.157631e-01,9.419729e-01,9.419729e-03
4.265199e-02,7.149699e-01,8.018903e-01,8.018903e-03
4.549546e-02,6.104772e-01,7.052508e-01,7.052508e-03
4.833892e-02,5.239138e-01,5.974757e-01,5.974757e-03
5.118239e-02,4.627272e-01,5.305099e-01,5.305099e-03
5.402585e-02,4.143780e-01,4.711866e-01,4.711866e-03
5.686932e-02,3.534639e-01,4.075643e-01,4.075643e-03
5.971278e-02,3.085582e-01,3.485660e-01,3.485660e-03
6.255625e-02,2.647312e-01,3.026703e-01,3.026703e-03
6.539972e-02,2.348498e-01,2.665260e-01,2.665260e-03
6.824318e-02,2.037962e-01,2.328222e-01,2.328222e-03
7.108665e-02,1.827104e-01,2.059820e-01,2.059820e-03
7.393011e-02,1.571341e-01,1.787817e-01,1.787817e-03
7.677358e-02,1.380655e-01,1.550304e-01,1.550304e-03
7.961705e-02,1.213211e-01,1.372696e-01,1.372696e-03
8.246051e-02,1.078613e-01,1.220982e-01,1.220982e-03
8.530398e-02,9.313509e-02,1.054960e-01,1.054960e-03
8.814744e-02,8.237762e-02,9.346488e-02,9.346488e-04
9.099091e-02,7.293325e-02,8.458864e-02,8.458864e-04
9.383438e-02,6.435483e-02,7.395848e-02,7.395848e-04
9.667784e-02,5.530851e-02,6.287001e-02,6.287001e-04
9.952131e-02,4.954093e-02,5.685953e-02,5.685953e-04
1.023648e-01,4.369721e-02,5.047892e-02,5.047892e-04
1.052082e-01,3.713864e-02,4.196097e-02,4.196097e-04
1.080517e-01,3.368252e-02,3.872080e-02,3.872080e-04
1.108952e-01,2.957959e-02,3.415195e-02,3.415195e-04
1.137386e-01,2.590083e-02,2.957308e-02,2.957308e-04
1.165821e-01,2.282945e-02,2.682527e-02,2.682527e-04
1.194256e-01,2.012206e-02,2.322652e-02,2.322652e-04
1.222690e-01,1.753480e-02,2.009102e-02,2.009102e-04
1.251125e-01,1.563956e-02,1.818092e-02,1.818092e-04
1.279560e-01,1.369338e-02,1.608673e-02,1.608673e-04
1.307994e-01,1.197083e-02,1.410351e-02,1.410351e-04
1.336429e-01,1.073361e-02,1.277950e-02,1.277950e-04
1.364864e-01,9.341069e-03,1.114901e-02,1.114901e-04
1.393298e-01,8.235406e-03,9.832731e-03,9.832731e-05
1.421733e-01,7.227832e-03,8.585957e-03,8.585957e-05
1.450168e-01,6.401094e-03,7.784024e-03,7.784024e-05
1.478602e-01,5.588360e-03,6.643764e-03,6.643764e-05
1.507037e-01,4.925149e-03,6.026138e-03,6.026138e-05
1.535472e-01,4.325064e-03,5.250523e-03,5.250523e-05
1.563906e-01,3.863366e-03,4.593045e-03,4.593045e-05
1.592341e-01,3.435535e-03,4.158814e-03,4.158814e-05
1.620776e-01,2.998171e-03,3.608493e-03,3.608493e-05
1.649210e-01,2.657948e-03,3.247465e-03,3.247465e-05
1.677645e-01,2.382554e-03,2.953436e-03,2.953436e-05
1.706080e-01,2.080716e-03,2.686649e-03,2.686649e-05
1.734514e-01,1.898547e-03,2.516722e-03,2.516722e-05
1.762949e-01,1.664358e-03,2.157735e-03,2.157735e-05
1.791384e-01,1.468017e-03,1.950441e-03,1.950441e-05
1.819818e-01,1.288050e-03,1.721804e-03,1.721804e-05
1.848253e-01,1.171410e-03,1.673633e-03,1.673633e-05
1.876688e-01,1.063135e-03,1.469254e-03,1.469254e-05
1.905122e-01,9.409226e-04,1.303047e-03,1.303047e-05
1.933557e-01,8.357451e-04,1.163988e-03,1.163988e-05
1.961992e-01,7.460217e-04,1.073609e-03,1.073609e-05
1.990426e-01,6.770840e-04,9.816228e-04,9.816228e-06
2.018861e-01,5.910612e-04,8.454658e-04,8.454658e-06
2.047295e-01,5.380164e-04,7.741359e-04,7.741359e-06
2.075730e-01,4.754237e-04,7.229239e-04,7.229239e-06
2.104165e-01,4.301304e-04,6.656769e-04,6.656769e-06
2.132599e-01,3.792015e-04,6.108460e-04,6.108460e-06
2.161034e-01,3.490043e-04,5.946995e-04,5.946995e-06
2.189469e-01,3.185256e-04,5.498711e-04,5.498711e-06
2.217903e-01,2.863697e-04,5.221825e-04,5.221825e-06
2.246338e-01,2.588549e-04,4.628778e-04,4.628778e-06
2.274773e-01,2.335285e-04,4.272197e-04,4.272197e-06
2.303207e-01,2.093783e-04,3.895310e-04,3.895310e-06
2.331642e-01,1.882369e-04,3.421954e-04,3.421954e-06
2.360077e-01,1.664691e-04,3.160288e-04,3.160288e-06
2.388511e-01,1.520300e-04,2.947554e-04,2.947554e-06
2.416946e-01,1.406348e-04,2.846228e-04,2.846228e-06
2.445381e-01,1.251429e-04,2.746127e-04,2.746127e-06
2.473815e-01,1.142560e-04,2.435859e-04,2.435859e-06
2.502250e-01,1.009797e-04,2.284911e-04,2.284911e-06
2.530685e-01,9.377117e-05,2.155160e-04,2.155160e-06
2.559119e-01,8.506516e-05,2.064021e-04,2.064021e-06
2.587554e-01,7.669845e-05,1.849087e-04,1.849087e-06
2.615989e-01,7.122032e-05,1.790098e-04,1.790098e-06
2.644423e-01,6.359164e-05,1.609380e-04,1.609380e-06
2.672858e-01,5.872663e-05,1.585385e-04,1.585385e-06
2.701293e-01,5.348254e-05,1.474606e-04,1.474606e-06
2.729727e-01,4.844076e-05,1.410444e-04,1.410444e-06
2.758162e-01,4.448612e-05,1.398809e-04,1.398809e-06
2.786597e-01,4.085128e-05,1.339512e-04,1.339512e-06
2.815031e-01,3.768902e-05,1.238639e-04,1.238639e-06
2.843466e-01,3.475982e-05,1.187149e-04,1.187149e-06
2.871901e-01,3.109275e-05,1.097001e-04,1.097001e-06
2.900335e-01,2.914047e-05,1.079234e-04,1.079234e-06
2.928770e-01,2.599973e-05,9.318360e-05,9.318360e-07
2.957205e-01,2.362196e-05,8.670311e-05,8.670311e-07
2.985639e-01,2.173060e-05,8.223870e-05,8.223870e-07
3.014074e-01,1.972375e-05,7.549378e-05,7.549378e-07
3.042509e-01,1.826695e-05,6.904085e-05,6.904085e-07
3.070943e-01,1.686156e-05,6.674693e-05,6.674693e-07
3.099378e-01,1.598905e-05,6.665323e-05,6.665323e-07
3.127813e-01,1.434669e-05,6.080202e-05,6.080202e-07
3.156247e-01,1.355517e-05,6.036007e-05,6.036007e-07
3.184682e-01,1.283518e-05,5.964234e-05,5.964234e-07
3.213117e-01,1.183721e-05,5.652952e-05,5.652952e-07
3.241551e-01,1.119635e-05,5.751467e-05,5.751467e-07
3.269986e-01,1.055030e-05,5.780744e-05,5.780744e-07
3.298420e-01,9.882864e-06,5.551530e-05,5.551530e-07
3.326855e-01,9.131701e-06,5.444143e-05,5.444143e-07
3.355290e-01,8.474025e-06,4.991331e-05,4.991331e-07
3.383724e-01,7.679985e-06,4.463307e-05,4.463307e-07
3.412159e-01,7.169820e-06,4.050855e-05,4.050855e-07
3.440594e-01,6.583591e-06,3.692753e-05,3.692753e-07
3.469028e-01,6.119812e-06,3.456412e-05,3.456412e-07
3.497463e-01,5.677808e-06,3.268502e-05,3.268502e-07
3.525898e-01,5.354762e-06,3.147733e-05,3.147733e-07
3.554332e-01,4.939395e-06,2.906419e-05,2.906419e-07
3.582767e-01,4.615462e-06,2.791407e-05,2.791407e-07
3.611202e-01,4.526732e-06,2.754365e-05,2.754365e-07
3.639636e-01,4.176962e-06,2.689453e-05,2.689453e-07
3.668071e-01,4.042758e-06,2.815812e-05,2.815812e-07
3.696506e-01,3.834516e-06,2.787297e-05,2.787297e-07
3.724940e-01,3.674264e-06,2.808730e-05,2.808730e-07
3.753375e-01,3.495911e-06,2.767916e-05,2.767916e-07
3.781810e-01,3.275609e-06,2.588921e-05,2.588921e-07
3.810244e-01,3.064978e-06,2.361332e-05,2.361332e-07
3.838679e-01,2.846940e-06,2.122634e-05,2.122634e-07
3.867114e-01,2.630076e-06,1.963992e-05,1.963992e-07
3.895548e-01,2.431745e-06,1.790633e-05,1.790633e-07
3.923983e-01,2.294996e-06,1.750885e-05,1.750885e-07
3.952418e-01,2.174205e-06,1.653491e-05,1.653491e-07
3.980852e-01,2.016249e-06,1.573268e-05,1.573268e-07
4.009287e-01,1.908725e-06,1.537793e-05,1.537793e-07
4.037722e-01,1.839803e-06,1.479106e-05,1.479106e-07
4.066156e-01,1.733541e-06,1.449046e-05,1.449046e-07
4.094591e-01,1.697361e-06,1.509587e-05,1.509587e-07
4.123026e-01,1.602649e-06,1.473866e-05,1.473866e-07
4.151460e-01,1.512338e-06,1.389355e-05,1.389355e-07
4.179895e-01,1.450633e-06,1.362244e-05,1.362244e-07
4.208330e-01,1.376890e-06,1.289129e-05,1.289129e-07
4.236764e-01,1.294918e-06,1.192055e-05,1.192055e-07
4.265199e-01,1.208449e-06,1.103422e-05,1.103422e-07
4.293634e-01,1.135332e-06,1.027807e-05,1.027807e-07
4.322068e-01,1.068551e-06,9.856153e-06,9.856153e-08
4.350503e-01,1.025213e-06,9.418405e-06,9.418405e-08
4.378938e-01,9.697068e-07,8.991753e-06,8.991753e-08
4.407372e-01,9.371858e-07,8.769605e-06,8.769605e-08
4.435807e-01,8.990073e-07,8.652668e-06,8.652668e-08
4.464242e-01,8.589889e-07,8.595123e-06,8.595123e-08
4.492676e-01,8.272535e-07,8.514444e-06,8.514444e-08
4.521111e-01,7.849078e-07,8.352724e-06,8.352724e-08
4.549546e-01,7.366251e-07,8.097761e-06,8.097761e-08
4.577980e-01,6.946450e-07,7.741091e-06,7.741091e-08
4.606415e-01,6.534096e-07,7.163552e-06,7.163552e-08
4.634849e-01,6.136256e-07,6.819727e-06,6.819727e-08
4.663284e-01,5.771222e-07,6.394159e-06,6.394159e-08
4.691719e-01,5.381064e-07,5.995701e-06,5.995701e-08
4.720153e-01,5.081828e-07,5.588193e-06,5.588193e-08
4.748588e-01,4.852614e-07,5.259169e-06,5.259169e-08
4.777023e-01,4.683169e-07,5.075110e-06,5.075110e-08
4.805457e-01,4.564445e-07,4.940601e-06,4.940601e-08
4.833892e-01,4.472391e-07,4.891798e-06,4.891798e-08
4.862327e-01,4.371057e-07,4.845209e-06,4.845209e-08
4.890761e-01,4.274724e-07,4.890668e-06,4.890668e-08
4.919196e-01,4.127927e-07,4.880933e-06,4.880933e-08
4.947631e-01,3.939033e-07,4.749690e-06,4.749690e-08
4.976065e-01,3.694976e-07,4.507058e-06,4.507058e-08
5.004500e-01,3.459703e-07,4.250620e-06,4.250620e-08
5.032935e-01,3.257946e-07,3.975690e-06,3.975690e-08
5.061369e-01,3.038425e-07,3.714643e-06,3.714643e-08
5.089804e-01,2.850680e-07,3.554707e-06,3.554707e-08
5.118239e-01,2.674833e-07,3.424155e-06,3.424155e-08
5.146673e-01,2.521020e-07,3.261497e-06,3.261497e-08
5.175108e-01,2.393631e-07,3.082661e-06,3.082661e-08
5.203543e-01,2.311922e-07,2.951335e-06,2.951335e-08
5.231977e-01,2.234386e-07,2.818810e-06,2.818810e-08
5.260412e-01,2.208817e-07,2.772245e-06,2.772245e-08
5.288847e-01,2.168505e-07,2.766436e-06,2.766436e-08
5.317281e-01,2.124113e-07,2.764521e-06,2.764521e-08
5.345716e-01,2.076580e-07,2.755857e-06,2.755857e-08
5.374151e-01,2.003337e-07,2.657741e-06,2.657741e-08
5.402585e-01,1.918423e-07,2.534924e-06,2.534924e-08
5.431020e-01,1.820524e-07,2.388750e-06,2.388750e-08
5.459455e-01,1.723233e-07,2.252907e-06,2.252907e-08
5.487889e-01,1.613797e-07,2.116860e-06,2.116860e-08
5.516324e-01,1.516437e-07,2.033809e-06,2.033809e-08
5.544759e-01,1.428584e-07,1.946935e-06,1.946935e-08
5.573193e-01,1.347183e-07,1.878043e-06,1.878043e-08
5.601628e-01,1.280826e-07,1.793360e-06,1.793360e-08
5.630063e-01,1.226528e-07,1.722854e-06,1.722854e-08
5.658497e-01,1.180053e-07,1.667438e-06,1.667438e-08
5.686932e-01,1.144243e-07,1.627391e-06,1.627391e-08
5.715367e-01,1.120861e-07,1.620519e-06,1.620519e-08
5.743801e-01,1.093662e-07,1.605806e-06,1.605806e-08
5.772236e-01,1.059152e-07,1.561602e-06,1.561602e-08
5.800671e-01,1.033386e-07,1.513224e-06,1.513224e-08
5.829105e-01,9.932387e-08,1.431513e-06,1.431513e-08
5.857540e-01,9.482112e-08,1.347920e-06,1.347920e-08
5.885975e-01,9.084722e-08,1.285231e-06,1.285231e-08
5.914409e-01,8.672439e-08,1.229659e-06,1.229659e-08
5.942844e-01,8.278717e-08,1.183433e-06,1.183433e-08
5.971278e-01,7.883020e-08,1.141781e-06,1.141781e-08
5.999713e-01,7.578550e-08,1.112891e-06,1.112891e-08
6.028148e-01,7.229132e-08,1.069753e-06,1.069753e-08
6.056582e-01,6.896224e-08,1.025721e-06,1.025721e-08
6.085017e-01,6.612694e-08,1.001010e-06,1.001010e-08
6.113452e-01,6.382538e-08,9.793766e-07,9.793766e-09
6.141886e-01,6.117509e-08,9.533949e-07,9.533949e-09
6.170321e-01,5.881330e-08,9.275398e-07,9.275398e-09
6.198756e-01,5.632939e-08,8.962987e-07,8.962987e-09
6.227190e-01,5.405015e-08,8.542144e-07,8.542144e-09
6.255625e-01,5.228139e-08,8.166108e-07,8.166108e-09
6.284060e-01,5.016795e-08,7.710443e-07,7.710443e-09
6.312494e-01,4.825518e-08,7.388145e-07,7.388145e-09
6.340929e-01,4.633673e-08,7.079886e-07,7.079886e-09
6.369364e-01,4.501405e-08,6.893415e-07,6.893415e-09
6.397798e-01,4.360720e-08,6.735007e-07,6.735007e-09
6.426233e-01,4.228614e-08,6.584374e-07,6.584374e-09
6.454668e-01,4.097812e-08,6.421591e-07,6.421591e-09
6.483102e-01,3.956470e-08,6.283638e-07,6.283638e-09
6.511537e-01,3.819739e-08,6.154400e-07,6.154400e-09
6.539972e-01,3.672104e-08,6.006248e-07,6.006248e-09
6.568406e-01,3.502241e-08,5.791182e-07,5.791182e-09
6.596841e-01,3.344589e-08,5.565319e-07,5.565319e-09
6.625276e-01,3.178478e-08,5.291746e-07,5.291746e-09
6.653710e-01,3.012042e-08,4.987742e-07,4.987742e-09
6.682145e-01,2.860739e-08,4.685450e-07,4.685450e-09
6.710580e-01,2.718617e-08,4.442641e-07,4.442641e-09
6.739014e-01,2.602897e-08,4.250886e-07,4.250886e-09
6.767449e-01,2.504485e-08,4.091026e-07,4.091026e-09
6.795884e-01,2.441308e-08,3.991697e-07,3.991697e-09
6.824318e-01,2.390524e-08,3.899106e-07,3.899106e-09
6.852753e-01,2.335456e-08,3.817207e-07,3.817207e-09
6.881188e-01,2.294036e-08,3.765628e-07,3.765628e-09
6.909622e-01,2.248444e-08,3.739992e-07,3.739992e-09
6.938057e-01,2.186177e-08,3.714353e-07,3.714353e-09
6.966492e-01,2.116359e-08,3.658496e-07,3.658496e-09
6.994926e-01,2.026898e-08,3.557182e-07,3.557182e-09
7.023361e-01,1.934466e-08,3.411554e-07,3.411554e-09
7.051796e-01,1.837941e-08,3.218455e-07,3.218455e-09
7.080230e-01,1.738640e-08,3.015930e-07,3.015930e-09
7.108665e-01,1.651276e-08,2.837264e-07,2.837264e-09
7.137100e-01,1.569758e-08,2.679922e-07,2.679922e-09
7.165534e-01,1.493422e-08,2.555829e-07,2.555829e-09
7.193969e-01,1.429963e-08,2.455795e-07,2.455795e-09
7.222404e-01,1.377735e-08,2.370935e-07,2.370935e-09
7.250838e-01,1.333074e-08,2.295003e-07,2.295003e-09
7.279273e-01,1.295045e-08,2.231389e-07,2.231389e-09
7.307707e-01,1.267756e-08,2.201863e-07,2.201863e-09
7.336142e-01,1.242720e-08,2.185008e-07,2.185008e-09
7.364577e-01,1.218301e-08,2.175503e-07,2.175503e-09
7.393011e-01,1.186838e-08,2.158013e-07,2.158013e-09
7.421446e-01,1.152039e-08,2.114632e-07,2.114632e-09
7.449881e-01,1.113706e-08,2.044086e-07,2.044086e-09
7.478315e-01,1.068719e-08,1.944195e-07,1.944195e-09
7.506750e-01,1.021805e-08,1.841569e-07,1.841569e-09
7.535185e-01,9.694722e-09,1.736351e-07,1.736351e-09
7.563619e-01,9.229388e-09,1.651013e-07,1.651013e-09
7.592054e-01,8.796669e-09,1.578292e-07,1.578292e-09
7.620489e-01,8.394563e-09,1.518156e-07,1.518156e-09
7.648923e-01,8.055088e-09,1.463664e-07,1.463664e-09
7.677358e-01,7.779786e-09,1.411579e-07,1.411579e-09
7.705793e-01,7.537053e-09,1.365624e-07,1.365624e-09
7.734227e-01,7.337950e-09,1.333590e-07,1.333590e-09
7.762662e-01,7.141987e-09,1.311601e-07,1.311601e-09
7.791097e-01,6.966309e-09,1.294665e-07,1.294665e-09
7.819531e-01,6.774963e-09,1.275681e-07,1.275681e-09
7.847966e-01,6.560401e-09,1.249454e-07,1.249454e-09
7.876401e-01,6.343100e-09,1.209333e-07,1.209333e-09
7.904835e-01,6.105691e-09,1.158039e-07,1.158039e-09
7.933270e-01,5.855657e-09,1.104948e-07,1.104948e-09
7.961705e-01,5.602464e-09,1.051911e-07,1.051911e-09
7.990139e-01,5.351465e-09,1.004075e-07,1.004075e-09
8.018574e-01,5.109006e-09,9.604512e-08,9.604512e-10
8.047009e-01,4.896692e-09,9.262852e-08,9.262852e-10
8.075443e-01,4.693299e-09,8.935622e-08,8.935622e-10
8.103878e-01,4.535523e-09,8.667349e-08,8.667349e-10
8.132313e-01,4.408790e-09,8.426790e-08,8.426790e-10
8.160747e-01,4.299699e-09,8.240776e-08,8.240776e-10
8.189182e-01,4.210190e-09,8.084832e-08,8.084832e-10
8.217617e-01,4.117596e-09,7.924940e-08,7.924940e-10
8.246051e-01,4.011692e-09,7.753373e-08,7.753373e-10
8.274486e-01,3.894566e-09,7.538616e-08,7.538616e-10
8.302921e-01,3.752211e-09,7.292241e-08,7.292241e-10
8.331355e-01,3.597905e-09,7.007315e-08,7.007315e-10
8.359790e-01,3.434585e-09,6.718169e-08,6.718169e-10
8.388225e-01,3.271199e-09,6.429916e-08,6.429916e-10
8.416659e-01,3.116983e-09,6.155701e-08,6.155701e-10
8.445094e-01,2.981847e-09,5.900818e-08,5.900818e-10
8.473529e-01,2.855997e-09,5.659474e-08,5.659474e-10
8.501963e-01,2.749659e-09,5.446006e-08,5.446006e-10
8.530398e-01,2.657498e-09,5.262794e-08,5.262794e-10
8.558832e-01,2.580360e-09,5.121371e-08,5.121371e-10
8.587267e-01,2.513725e-09,5.005954e-08,5.005954e-10
8.615702e-01,2.446835e-09,4.909237e-08,4.909237e-10
8.644136e-01,2.385770e-09,4.806537e-08,4.806537e-10
8.672571e-01,2.326114e-09,4.694377e-08,4.694377e-10
8.701006e-01,2.263022e-09,4.562164e-08,4.562164e-10
8.729440e-01,2.197556e-09,4.421188e-08,4.421188e-10
8.757875e-01,2.123619e-09,4.274770e-08,4.274770e-10
8.786310e-01,2.046414e-09,4.127287e-08,4.127287e-10
8.814744e-01,1.967393e-09,3.984009e-08,3.984009e-10
8.843179e-01,1.885409e-09,3.842190e-08,3.842190e-10
8.871614e-01,1.807197e-09,3.699065e-08,3.699065e-10
8.900048e-01,1.728232e-09,3.546557e-08,3.546557e-10
8.928483e-01,1.654686e-09,3.400996e-08,3.400996e-10
8.956918e-01,1.590555e-09,3.273401e-08,3.273401e-10
8.985352e-01,1.534626e-09,3.167283e-08,3.167283e-10
9.013787e-01,1.484578e-09,3.078219e-08,3.078219e-10
9.042222e-01,1.439807e-09,2.999433e-08,2.999433e-10
9.070656e-01,1.398146e-09,2.922474e-08,2.922474e-10
9.099091e-01,1.358581e-09,2.837301e-08,2.837301e-10
9.127526e-01,1.319903e-09,2.745000e-08,2.745000e-10
9.155960e-01,1.276860e-09,2.649700e-08,2.649700e-10
9.184395e-01,1.235326e-09,2.564230e-08,2.564230e-10
9.212830e-01,1.193230e-09,2.486750e-08,2.486750e-10
9.241264e-01,1.151980e-09,2.419381e-08,2.419381e-10
9.269699e-01,1.113473e-09,2.358607e-08,2.358607e-10
9.298134e-01,1.075117e-09,2.294119e-08,2.294119e-10
9.326568e-01,1.038224e-09,2.221808e-08,2.221808e-10
9.355003e-01,1.004195e-09,2.145831e-08,2.145831e-10
9.383438e-01,9.709689e-10,2.071841e-08,2.071841e-10
9.411872e-01,9.396902e-10,2.003485e-08,2.003485e-10
9.440307e-01,9.084735e-10,1.939588e-08,1.939588e-10
9.468742e-01,8.768838e-10,1.878908e-08,1.878908e-10
9.497176e-01,8.474825e-10,1.821708e-08,1.821708e-10
9.525611e-01,8.174259e-10,1.758843e-08,1.758843e-10
9.554046e-01,7.876013e-10,1.691640e-08,1.691640e-10
9.582480e-01,7.580117e-10,1.624402e-08,1.624402e-10
9.610915e-01,7.285866e-10,1.561932e-08,1.561932e-10
9.639350e-01,7.017848e-10,1.507921e-08,1.507921e-10
9.667784e-01,6.755880e-10,1.462122e-08,1.462122e-10
9.696219e-01,6.508424e-10,1.424125e-08,1.424125e-10
9.724654e-01,6.288054e-10,1.389558e-08,1.389558e-10
9.753088e-01,6.091668e-10,1.354802e-08,1.354802e-10
9.781523e-01,5.923080e-10,1.319821e-08,1.319821e-10
9.809958e-01,5.777466e-10,1.284362e-08,1.284362e-10
9.838392e-01,5.639319e-10,1.248641e-08,1.248641e-10
9.866827e-01,5.500597e-10,1.213446e-08,1.213446e-10
9.895261e-01,5.359912e-10,1.179229e-08,1.179229e-10
9.923696e-01,5.200222e-10,1.143371e-08,1.143371e-10
9.952131e-01,5.029069e-10,1.104863e-08,1.104863e-10
9.980565e-01,4.836143e-10,1.064117e-08,1.064117e-10
1.000900e+00,4.634561e-10,1.022011e-08,1.022011e-10
1.003743e+00,4.432873e-10,9.806016e-09,9.806016e-11
1.006587e+00,4.235907e-10,9.417030e-09,9.417030e-11
1.009430e+00,4.052373e-10,9.072048e-09,9.072048e-11
1.012274e+00,3.891601e-10,8.785523e-09,8.785523e-11
1.015117e+00,3.745690e-10,8.535800e-09,8.535800e-11
1.017961e+00,3.625220e-10,8.314919e-09,8.314919e-11
1.020804e+00,3.524223e-10,8.110274e-09,8.110274e-11
1.023648e+00,3.434344e-10,7.913779e-09,7.913779e-11
1.026491e+00,3.354876e-10,7.711186e-09,7.711186e-11
1.029335e+00,3.276236e-10,7.502109e-09,7.502109e-11
1.032178e+00,3.195763e-10,7.279912e-09,7.279912e-11
1.035022e+00,3.110677e-10,7.054624e-09,7.054624e-11
1.037865e+00,3.017458e-10,6.825814e-09,6.825814e-11
1.040709e+00,2.914261e-10,6.588084e-09,6.588084e-11
1.043552e+00,2.807778e-10,6.356726e-09,6.356726e-11
1.046395e+00,2.695481e-10,6.130369e-09,6.130369e-11
1.049239e+00,2.587793e-10,5.919017e-09,5.919017e-11
1.052082e+00,2.479970e-10,5.715819e-09,5.715819e-11
1.054926e+00,2.378294e-10,5.523103e-09,5.523103e-11
1.057769e+00,2.289940e-10,5.352514e-09,5.352514e-11
1.060613e+00,2.213678e-10,5.201243e-09,5.201243e-11
1.063456e+00,2.150921e-10,5.067890e-09,5.067890e-11
1.066300e+00,2.095291e-10,4.943193e-09,4.943193e-11
1.069143e+00,2.041271e-10,4.819141e-09,4.819141e-11
1.071987e+00,1.991912e-10,4.694089e-09,4.694089e-11
1.074830e+00,1.940580e-10,4.559240e-09,4.559240e-11
1.077674e+00,1.882837e-10,4.410989e-09,4.410989e-11
1.080517e+00,1.818709e-10,4.250270e-09,4.250270e-11
1.083361e+00,1.748529e-10,4.087367e-09,4.087367e-11
1.086204e+00,1.676911e-10,3.931676e-09,3.931676e-11
1.089047e+00,1.607887e-10,3.786823e-09,3.786823e-11
1.091891e+00,1.539854e-10,3.652745e-09,3.652745e-11
1.094734e+00,1.478706e-10,3.530786e-09,3.530786e-11
1.097578e+00,1.426521e-10,3.424102e-09,3.424102e-11
1.100421e+00,1.381301e-10,3.325655e-09,3.325655e-11
1.103265e+00,1.345045e-10,3.237120e-09,3.237120e-11
1.106108e+00,1.313834e-10,3.156966e-09,3.156966e-11
1.108952e+00,1.287098e-10,3.086625e-09,3.086625e-11
1.111795e+00,1.260916e-10,3.021770e-09,3.021770e-11
1.114639e+00,1.232628e-10,2.952371e-09,2.952371e-11
1.117482e+00,1.200662e-10,2.877441e-09,2.877441e-11
1.120326e+00,1.164853e-10,2.792656e-09,2.792656e-11
1.123169e+00,1.123022e-10,2.697064e-09,2.697064e-11
1.126013e+00,1.078098e-10,2.592898e-09,2.592898e-11
1.128856e+00,1.030403e-10,2.486401e-09,2.486401e-11
1.131699e+00,9.836389e-11,2.385469e-09,2.385469e-11
1.134543e+00,9.374636e-11,2.291356e-09,2.291356e-11
1.137386e+00,8.947839e-11,2.205439e-09,2.205439e-11
1.140230e+00,8.571065e-11,2.129594e-09,2.129594e-11
1.143073e+00,8.270396e-11,2.063282e-09,2.063282e-11
1.145917e+00,8.028650e-11,2.003578e-09,2.003578e-11
1.148760e+00,7.843089e-11,1.949720e-09,1.949720e-11
1.151604e+00,7.691667e-11,1.901588e-09,1.901588e-11
1.154447e+00,7.570462e-11,1.860793e-09,1.860793e-11
1.157291e+00,7.451060e-11,1.823113e-09,1.823113e-11
1.160134e+00,7.307569e-11,1.785352e-09,1.785352e-11
1.162978e+00,7.145020e-11,1.745439e-09,1.745439e-11
1.165821e+00,6.936818e-11,1.697811e-09,1.697811e-11
1.168665e+00,6.695659e-11,1.643968e-09,1.643968e-11
1.171508e+00,6.427095e-11,1.584668e-09,1.584668e-11
1.174351e+00,6.151347e-11,1.523915e-09,1.523915e-11
1.177195e+00,5.859036e-11,1.462146e-09,1.462146e-11
1.180038e+00,5.584662e-11,1.404846e-09,1.404846e-11
1.182882e+00,5.331086e-11,1.352363e-09,1.352363e-11
1.185725e+00,5.116590e-11,1.305510e-09,1.305510e-11
1.188569e+00,4.928999e-11,1.262081e-09,1.262081e-11
1.191412e+00,4.780859e-11,1.223859e-09,1.223859e-11
1.194256e+00,4.657626e-11,1.188394e-09,1.188394e-11
1.197099e+00,4.559039e-11,1.157329e-09,1.157329e-11
1.199943e+00,4.470451e-11,1.129275e-09,1.129275e-11
1.202786e+00,4.385330e-11,1.102812e-09,1.102812e-11
1.205630e+00,4.294080e-11,1.077614e-09,1.077614e-11
1.208473e+00,4.188487e-11,1.051070e-09,1.051070e-11
1.211316e+00,4.069107e-11,1.022518e-09,1.022518e-11
1.214160e+00,3.934889e-11,9.920387e-10,9.920387e-12
1.217003e+00,3.789306e-11,9.589821e-10,9.589821e-12
1.219847e+00,3.633219e-11,9.253185e-10,9.253185e-12
1.222690e+00,3.478838e-11,8.921157e-10,8.921157e-12
1.225534e+00,3.331650e-11,8.603889e-10,8.603889e-12
1.228377e+00,3.196527e-11,8.300096e-10,8.300096e-12
1.231221e+00,3.076660e-11,8.022298e-10,8.022298e-12
1.234064e+00,2.974700e-11,7.770391e-10,7.770391e-12
1.236908e+00,2.887653e-11,7.530892e-10,7.530892e-12
1.239751e+00,2.815257e-11,7.315226e-10,7.315226e-12
1.242595e+00,2.750432e-11,7.111806e-10,7.111806e-12
1.245438e+00,2.688093e-11,6.923308e-10,6.923308e-12
1.248282e+00,2.623381e-11,6.737893e-10,6.737893e-12
1.251125e+00,2.554696e-11,6.556178e-10,6.556178e-12
1.253968e+00,2.480640e-11,6.378444e-10,6.378444e-12
1.256812e+00,2.400934e-11,6.196347e-10,6.196347e-12
1.259655e+00,2.314807e-11,6.012717e-10,6.012717e-12
1.262499e+00,2.227591e-11,5.824614e-10,5.824614e-12
1.265342e+00,2.140852e-11,5.633230e-10,5.633230e-12
1.268186e+00,2.057156e-11,5.438827e-10,5.438827e-12
1.271029e+00,1.979605e-11,5.247284e-10,5.247284e-12
1.273873e+00,1.909430e-11,5.070454e-10,5.070454e-12
1.276716e+00,1.846161e-11,4.899181e-10,4.899181e-12
1.279560e+00,1.791130e-11,4.748132e-10,4.748132e-12
1.282403e+00,1.741227e-11,4.608750e-10,4.608750e-12
1.285247e+00,1.697233e-11,4.482188e-10,4.482188e-12
1.288090e+00,1.653172e-11,4.360191e-10,4.360191e-12
1.290934e+00,1.611776e-11,4.241013e-10,4.241013e-12
1.293777e+00,1.567640e-11,4.120602e-10,4.120602e-12
1.296620e+00,1.524611e-11,4.005294e-10,4.005294e-12
1.299464e+00,1.478783e-11,3.893023e-10,3.893023e-12
1.302307e+00,1.430688e-11,3.783918e-10,3.783918e-12
1.305151e+00,1.382329e-11,3.675538e-10,3.675538e-12
1.307994e+00,1.333053e-11,3.569008e-10,3.569008e-12
1.310838e+00,1.286797e-11,3.459879e-10,3.459879e-12
1.313681e+00,1.240296e-11,3.344840e-10,3.344840e-12
1.316525e+00,1.198258e-11,3.231311e-10,3.231311e-12
1.319368e+00,1.157193e-11,3.120029e-10,3.120029e-12
1.322212e+00,1.119861e-11,3.012362e-10,3.012362e-12
1.325055e+00,1.082977e-11,2.913353e-10,2.913353e-12
1.327899e+00,1.049757e-11,2.820809e-10,2.820809e-12
1.330742e+00,1.015816e-11,2.735329e-10,2.735329e-12
1.333586e+00,9.853164e-12,2.655241e-10,2.655241e-12
1.336429e+00,9.544118e-12,2.575860e-10,2.575860e-12
1.339272e+00,9.265509e-12,2.504697e-10,2.504697e-12
1.342116e+00,8.976644e-12,2.431113e-10,2.431113e-12
1.344959e+00,8.714456e-12,2.366218e-10,2.366218e-12
1.347803e+00,8.460034e-12,2.302600e-10,2.302600e-12
1.350646e+00,8.230074e-12,2.247631e-10,2.247631e-12
1.353490e+00,8.007386e-12,2.188032e-10,2.188032e-12
1.356333e+00,7.796408e-12,2.130065e-10,2.130065e-12
1.359177e+00,7.579829e-12,2.065421e-10,2.065421e-12
1.362020e+00,7.370284e-12,2.002114e-10,2.002114e-12
1.364864e+00,7.148263e-12,1.934931e-10,1.934931e-12
1.367707e+00,6.915949e-12,1.868612e-10,1.868612e-12
1.370551e+00,6.678539e-12,1.806134e-10,1.806134e-12
1.373394e+00,6.428109e-12,1.745208e-10,1.745208e-12
1.376238e+00,6.177488e-12,1.684370e-10,1.684370e-12
1.379081e+00,5.926625e-12,1.628099e-10,1.628099e-12
1.381924e+00,5.698024e-12,1.575497e-10,1.575497e-12
1.384768e+00,5.479187e-12,1.525143e-10,1.525143e-12
1.387611e+00,5.289088e-12,1.479014e-10,1.479014e-12
1.390455e+00,5.120771e-12,1.436296e-10,1.436296e-12
1.393298e+00,4.988430e-12,1.400140e-10,1.400140e-12
1.396142e+00,4.868064e-12,1.363055e-10,1.363055e-12
1.398985e+00,4.772874e-12,1.331802e-10,1.331802e-12
1.401829e+00,4.678651e-12,1.298649e-10,1.298649e-12
1.404672e+00,4.594702e-12,1.267643e-10,1.267643e-12
1.407516e+00,4.493580e-12,1.231223e-10,1.231223e-12
1.410359e+00,4.392937e-12,1.196892e-10,1.196892e-12
1.413203e+00,4.260789e-12,1.158860e-10,1.158860e-12
1.416046e+00,4.126420e-12,1.121159e-10,1.121159e-12
1.418890e+00,3.967302e-12,1.082407e-10,1.082407e-12
1.421733e+00,3.803888e-12,1.044229e-10,1.044229e-12
1.424576e+00,3.637185e-12,1.006857e-10,1.006857e-12
1.427420e+00,3.482374e-12,9.732166e-11,9.732166e-13
1.430263e+00,3.329883e-12,9.396440e-11,9.396440e-13
1.433107e+00,3.204261e-12,9.101725e-11,9.101725e-13
1.435950e+00,3.089657e-12,8.819784e-11,8.819784e-13
1.438794e+00,3.003718e-12,8.566826e-11,8.566826e-13
1.441637e+00,2.929281e-12,8.341891e-11,8.341891e-13
1.444481e+00,2.869390e-12,8.122040e-11,8.122040e-13
1.447324e+00,2.820135e-12,7.935943e-11,7.935943e-13
1.450168e+00,2.765317e-12,7.723710e-11,7.723710e-13
1.453011e+00,2.717357e-12,7.540840e-11,7.540840e-13
1.455855e+00,2.651509e-12,7.327922e-11,7.327922e-13
1.458698e+00,2.586671e-12,7.125789e-11,7.125789e-13
1.461541e+00,2.500717e-12,6.899425e-11,6.899425e-13
1.464385e+00,2.418879e-12,6.674813e-11,6.674813e-13
1.467228e+00,2.319064e-12,6.439619e-11,6.439619e-13
1.470072e+00,2.228000e-12,6.220819e-11,6.220819e-13
1.472915e+00,2.134277e-12,6.016204e-11,6.016204e-13
1.475759e+00,2.055210e-12,5.823366e-11,5.823366e-13
1.478602e+00,1.975318e-12,5.636105e-11,5.636105e-13
1.481446e+00,1.912579e-12,5.463139e-11,5.463139e-13
1.484289e+00,1.850553e-12,5.292599e-11,5.292599e-13
1.487133e+00,1.807436e-12,5.149619e-11,5.149619e-13
1.489976e+00,1.765794e-12,5.009145e-11,5.009145e-13
1.492820e+00,1.727046e-12,4.879573e-11,4.879573e-13
1.495663e+00,1.691089e-12,4.751705e-11,4.751705e-13
1.498507e+00,1.649956e-12,4.632040e-11,4.632040e-13
1.501350e+00,1.609188e-12,4.500924e-11,4.500924e-13
1.504193e+00,1.564344e-12,4.375720e-11,4.375720e-13
1.507037e+00,1.513481e-12,4.232761e-11,4.232761e-13
1.509880e+00,1.459300e-12,4.095492e-11,4.095492e-13
1.512724e+00,1.406691e-12,3.963706e-11,3.963706e-13
1.515567e+00,1.353419e-12,3.830715e-11,3.830715e-13
1.518411e+00,1.306102e-12,3.708943e-11,3.708943e-13
1.521254e+00,1.256763e-12,3.586599e-11,3.586599e-13
1.524098e+00,1.217653e-12,3.475904e-11,3.475904e-13
1.526941e+00,1.182024e-12,3.374165e-11,3.374165e-13
1.529785e+00,1.151647e-12,3.274919e-11,3.274919e-13
1.532628e+00,1.122240e-12,3.179305e-11,3.179305e-13
1.535472e+00,1.099215e-12,3.099829e-11,3.099829e-13
1.538315e+00,1.072526e-12,3.016939e-11,3.016939e-13
1.541159e+00,1.048820e-12,2.938690e-11,2.938690e-13
1.544002e+00,1.020682e-12,2.855820e-11,2.855820e-13
1.546845e+00,9.926322e-13,2.779224e-11,2.779224e-13
1.549689e+00,9.631592e-13,2.696632e-11,2.696632e-13
1.552532e+00,9.325678e-13,2.621770e-11,2.621770e-13
1.555376e+00,8.983674e-13,2.530448e-11,2.530448e-13
1.558219e+00,8.690663e-13,2.458837e-11,2.458837e-13
1.561063e+00,8.355855e-13,2.369124e-11,2.369124e-13
1.563906e+00,8.074874e-13,2.291110e-11,2.291110e-13
1.566750e+00,7.799903e-13,2.218713e-11,2.218713e-13
1.569593e+00,7.546843e-13,2.147294e-11,2.147294e-13
1.572437e+00,7.327851e-13,2.083878e-11,2.083878e-13
1.575280e+00,7.121334e-13,2.019191e-11,2.019191e-13
1.578124e+00,6.947950e-13,1.967400e-11,1.967400e-13
1.580967e+00,6.769217e-13,1.907420e-11,1.907420e-13
1.583811e+00,6.598954e-13,1.859490e-11,1.859490e-13
1.586654e+00,6.438395e-13,1.807442e-11,1.807442e-13
1.589497e+00,6.273579e-13,1.759353e-11,1.759353e-13
1.592341e+00,6.103189e-13,1.711397e-11,1.711397e-13
1.595184e+00,5.936964e-13,1.666143e-11,1.666143e-13
1.598028e+00,5.741260e-13,1.614748e-11,1.614748e-13
1.600871e+00,5.588546e-13,1.572418e-11,1.572418e-13
1.603715e+00,5.387014e-13,1.517980e-11,1.517980e-13
1.606558e+00,5.229061e-13,1.474394e-11,1.474394e-13
1.609402e+00,5.041842e-13,1.425615e-11,1.425615e-13
1.612245e+00,4.905972e-13,1.383415e-11,1.383415e-13
1.615089e+00,4.711328e-13,1.330270e-11,1.330270e-13
1.617932e+00,4.585188e-13,1.294875e-11,1.294875e-13
1.620776e+00,4.430106e-13,1.254847e-11,1.254847e-13
1.623619e+00,4.307508e-13,1.217534e-11,1.217534e-13
1.626463e+00,4.163406e-13,1.180541e-11,1.180541e-13
1.629306e+00,4.050597e-13,1.147713e-11,1.147713e-13
1.632149e+00,3.918847e-13,1.110782e-11,1.110782e-13
1.634993e+00,3.830274e-13,1.088076e-11,1.088076e-13
1.637836e+00,3.718603e-13,1.055017e-11,1.055017e-13
1.640680e+00,3.620644e-13,1.027694e-11,1.027694e-13
1.643523e+00,3.531552e-13,9.968638e-12,9.968638e-14
1.646367e+00,3.436713e-13,9.697493e-12,9.697493e-14
1.649210e+00,3.358020e-13,9.421364e-12,9.421364e-14
1.652054e+00,3.267533e-13,9.171091e-12,9.171091e-14
1.654897e+00,3.181828e-13,8.877179e-12,8.877179e-14
1.657741e+00,3.079018e-13,8.618432e-12,8.618432e-14
1.660584e+00,3.003048e-13,8.356434e-12,8.356434e-14
1.663428e+00,2.896317e-13,8.081244e-12,8.081244e-14
1.666271e+00,2.808362e-13,7.806887e-12,7.806887e-14
1.669115e+00,2.707910e-13,7.566005e-12,7.566005e-14
1.671958e+00,2.630660e-13,7.358335e-12,7.358335e-14
1.674801e+00,2.531887e-13,7.107691e-12,7.107691e-14
1.677645e+00,2.463031e-13,6.928154e-12,6.928154e-14
1.680488e+00,2.382557e-13,6.706662e-12,6.706662e-14
1.683332e+00,2.321534e-13,6.530843e-12,6.530843e-14
1.686175e+00,2.261877e-13,6.369926e-12,6.369926e-14
1.689019e+00,2.211028e-13,6.223964e-12,6.223964e-14
1.691862e+00,2.149641e-13,6.011616e-12,6.011616e-14
1.694706e+00,2.100042e-13,5.847473e-12,5.847473e-14
1.697549e+00,2.047464e-13,5.684972e-12,5.684972e-14
1.700393e+00,1.999504e-13,5.536003e-12,5.536003e-14
1.703236e+00,1.940304e-13,5.343524e-12,5.343524e-14
1.706080e+00,1.883518e-13,5.197146e-12,5.197146e-14
1.708923e+00,1.827385e-13,5.020105e-12,5.020105e-14
1.711766e+00,1.764661e-13,4.871915e-12,4.871915e-14
1.714610e+00,1.710263e-13,4.718808e-12,4.718808e-14
1.717453e+00,1.656045e-13,4.592336e-12,4.592336e-14
1.720297e+00,1.605734e-13,4.439598e-12,4.439598e-14
1.723140e+00,1.556552e-13,4.330136e-12,4.330136e-14
1.725984e+00,1.511201e-13,4.188385e-12,4.188385e-14
1.728827e+00,1.475313e-13,4.096897e-12,4.096897e-14
1.731671e+00,1.442942e-13,3.979465e-12,3.979465e-14
1.734514e+00,1.405547e-13,3.857471e-12,3.857471e-14
1.737358e+00,1.374833e-13,3.763125e-12,3.763125e-14
1.740201e+00,1.345080e-13,3.667482e-12,3.667482e-14
1.743045e+00,1.316787e-13,3.557249e-12,3.557249e-14
1.745888e+00,1.278829e-13,3.467590e-12,3.467590e-14
1.748732e+00,1.247829e-13,3.356253e-12,3.356253e-14
1.751575e+00,1.209773e-13,3.260598e-12,3.260598e-14
1.754418e+00,1.177962e-13,3.159232e-12,3.159232e-14
1.757262e+00,1.138933e-13,3.052410e-12,3.052410e-14
1.760105e+00,1.110409e-13,2.971301e-12,2.971301e-14
1.762949e+00,1.074623e-13,2.876007e-12,2.876007e-14
1.765792e+00,1.053120e-13,2.811980e-12,2.811980e-14
1.768636e+00,1.022145e-13,2.706034e-12,2.706034e-14
1.771479e+00,1.003800e-13,2.643997e-12,2.643997e-14
1.774323e+00,9.862012e-14,2.575964e-12,2.575964e-14
1.777166e+00,9.687127e-14,2.506819e-12,2.506819e-14
1.780010e+00,9.529957e-14,2.444936e-12,2.444936e-14
1.782853e+00,9.334041e-14,2.390453e-12,2.390453e-14
1.785697e+00,9.180080e-14,2.321246e-12,2.321246e-14
1.788540e+00,9.032181e-14,2.271658e-12,2.271658e-14
1.791384e+00,8.832914e-14,2.209651e-12,2.209651e-14
1.794227e+00,8.598244e-14,2.148029e-12,2.148029e-14
1.797070e+00,8.381621e-14,2.091819e-12,2.091819e-14
1.799914e+00,8.163752e-14,2.035944e-12,2.035944e-14
1.802757e+00,7.956531e-14,1.978349e-12,1.978349e-14
1.805601e+00,7.673966e-14,1.905419e-12,1.905419e-14
1.808444e+00,7.497624e-14,1.858999e-12,1.858999e-14
1.811288e+00,7.297299e-14,1.815133e-12,1.815133e-14
1.814131e+00,7.144539e-14,1.758998e-12,1.758998e-14
1.816975e+00,6.962620e-14,1.723225e-12,1.723225e-14
1.819818e+00,6.825023e-14,1.669239e-12,1.669239e-14
1.822662e+00,6.671060e-14,1.635993e-12,1.635993e-14
1.825505e+00,6.586475e-14,1.605012e-12,1.605012e-14
1.828349e+00,6.441581e-14,1.556785e-12,1.556785e-14
1.831192e+00,6.293155e-14,1.518544e-12,1.518544e-14
1.834036e+00,6.153107e-14,1.479557e-12,1.479557e-14
1.836879e+00,6.022295e-14,1.450803e-12,1.450803e-14
1.839722e+00,5.871961e-14,1.403931e-12,1.403931e-14
1.842566e+00,5.728208e-14,1.371882e-12,1.371882e-14
1.845409e+00,5.589707e-14,1.336201e-12,1.336201e-14
1.848253e+00,5.443279e-14,1.297191e-12,1.297191e-14
1.851096e+00,5.326684e-14,1.263198e-12,1.263198e-14
1.853940e+00,5.149324e-14,1.221620e-12,1.221620e-14
1.856783e+00,5.059105e-14,1.194325e-12,1.194325e-14
1.859627e+00,4.906313e-14,1.156207e-12,1.156207e-14
1.862470e+00,4.819468e-14,1.128758e-12,1.128758e-14
1.865314e+00,4.731588e-14,1.107493e-12,1.107493e-14
1.868157e+00,4.640879e-14,1.077115e-12,1.077115e-14
1.871001e+00,4.543411e-14,1.049347e-12,1.049347e-14
1.873844e+00,4.455896e-14,1.024628e-12,1.024628e-14
1.876688e+00,4.374400e-14,9.984393e-13,9.984393e-15
1.879531e+00,4.325333e-14,9.822791e-13,9.822791e-15
1.882374e+00,4.241444e-14,9.612958e-13,9.612958e-15
1.885218e+00,4.197727e-14,9.474342e-13,9.474342e-15
1.888061e+00,4.121508e-14,9.243706e-13,9.243706e-15
1.890905e+00,4.067984e-14,9.137774e-13,9.137774e-15
1.893748e+00,3.997853e-14,8.959430e-13,8.959430e-15
1.896592e+00,3.942933e-14,8.788837e-13,8.788837e-15
1.899435e+00,3.897673e-14,8.661153e-13,8.661153e-15
1.902279e+00,3.836562e-14,8.488997e-13,8.488997e-15
1.905122e+00,3.793147e-14,8.404165e-13,8.404165e-15
1.907966e+00,3.723486e-14,8.262202e-13,8.262202e-15
1.910809e+00,3.679588e-14,8.128795e-13,8.128795e-15
1.913653e+00,3.627435e-14,8.073641e-13,8.073641e-15
1.916496e+00,3.583659e-14,8.035488e-13,8.035488e-15
1.919340e+00,3.544046e-14,7.939633e-13,7.939633e-15
1.922183e+00,3.503583e-14,7.902494e-13,7.902494e-15
1.925026e+00,3.450616e-14,7.843542e-13,7.843542e-15
1.927870e+00,3.397920e-14,7.738847e-13,7.738847e-15
1.930713e+00,3.383307e-14,7.741679e-13,7.741679e-15
1.933557e+00,3.345987e-14,7.663570e-13,7.663570e-15
1.936400e+00,3.302228e-14,7.612155e-13,7.612155e-15
1.939244e+00,3.271533e-14,7.529017e-13,7.529017e-15
1.942087e+00,3.224299e-14,7.481328e-13,7.481328e-15
1.944931e+00,3.185288e-14,7.395809e-13,7.395809e-15
1.947774e+00,3.141066e-14,7.323168e-13,7.323168e-15
1.950618e+00,3.105328e-14,7.250872e-13,7.250872e-15
1.953461e+00,3.036852e-14,7.154221e-13,7.154221e-15
1.956305e+00,2.991441e-14,7.049382e-13,7.049382e-15
1.959148e+00,2.942906e-14,7.003760e-13,7.003760e-15
1.961992e+00,2.898514e-14,6.906945e-13,6.906945e-15
1.964835e+00,2.827628e-14,6.794085e-13,6.794085e-15
1.967678e+00,2.778699e-14,6.677647e-13,6.677647e-15
1.970522e+00,2.723616e-14,6.589261e-13,6.589261e-15
1.973365e+00,2.676535e-14,6.507315e-13,6.507315e-15
1.976209e+00,2.619545e-14,6.401045e-13,6.401045e-15
1.979052e+00,2.572992e-14,6.284109e-13,6.284109e-15
1.981896e+00,2.527514e-14,6.197599e-13,6.197599e-15
1.984739e+00,2.485109e-14,6.100532e-13,6.100532e-15
1.987583e+00,2.437534e-14,5.992966e-13,5.992966e-15
1.990426e+00,2.386503e-14,5.901175e-13,5.901175e-15
1.993270e+00,2.345613e-14,5.806278e-13,5.806278e-15
1.996113e+00,2.297585e-14,5.716231e-13,5.716231e-15
1.998957e+00,2.252346e-14,5.615733e-13,5.615733e-15
2.001800e+00,2.193993e-14,5.511608e-13,5.511608e-15
2.004643e+00,2.152661e-14,5.415959e-13,5.415959e-15
2.007487e+00,2.096794e-14,5.310680e-13,5.310680e-15
2.010330e+00,2.059862e-14,5.224841e-13,5.224841e-15
2.013174e+00,2.010701e-14,5.128172e-13,5.128172e-15
2.016017e+00,1.984671e-14,5.063676e-13,5.063676e-15
2.018861e+00,1.940360e-14,4.976013e-13,4.976013e-15
2.021704e+00,1.913806e-14,4.898615e-13,4.898615e-15
2.024548e+00,1.879215e-14,4.825195e-13,4.825195e-15
2.027391e+00,1.849996e-14,4.751220e-13,4.751220e-15
2.030235e+00,1.806983e-14,4.692775e-13,4.692775e-15
2.033078e+00,1.776822e-14,4.622236e-13,4.622236e-15
2.035922e+00,1.762372e-14,4.588826e-13,4.588826e-15
2.038765e+00,1.729316e-14,4.536119e-13,4.536119e-15
2.041609e+00,1.703755e-14,4.501263e-13,4.501263e-15
2.044452e+00,1.670905e-14,4.461873e-13,4.461873e-15
2.047295e+00,1.649662e-14,4.434458e-13,4.434458e-15
2.050139e+00,1.621527e-14,4.401166e-13,4.401166e-15
2.052982e+00,1.588976e-14,4.375842e-13,4.375842e-15
2.055826e+00,1.566500e-14,4.355905e-13,4.355905e-15
2.058669e+00,1.539242e-14,4.328860e-13,4.328860e-15
2.061513e+00,1.523422e-14,4.317049e-13,4.317049e-15
2.064356e+00,1.506952e-14,4.308479e-13,4.308479e-15
2.067200e+00,1.484768e-14,4.298620e-13,4.298620e-15
2.070043e+00,1.473239e-14,4.288224e-13,4.288224e-15
2.072887e+00,1.459812e-14,4.284195e-13,4.284195e-15
2.075730e+00,1.453466e-14,4.281332e-13,4.281332e-15
2.078574e+00,1.436731e-14,4.275004e-13,4.275004e-15
2.081417e+00,1.420543e-14,4.268805e-13,4.268805e-15
2.084261e+00,1.404959e-14,4.269005e-13,4.269005e-15
2.087104e+00,1.409936e-14,4.271290e-13,4.271290e-15
2.089947e+00,1.389304e-14,4.266855e-13,4.266855e-15
2.092791e+00,1.378722e-14,4.264557e-13,4.264557e-15
2.095634e+00,1.373983e-14,4.270022e-13,4.270022e-15
2.098478e+00,1.367604e-14,4.271573e-13,4.271573e-15
2.101321e+00,1.356979e-14,4.278098e-13,4.278098e-15
2.104165e+00,1.348589e-14,4.280525e-13,4.280525e-15
2.107008e+00,1.345489e-14,4.288831e-13,4.288831e-15
2.109852e+00,1.345968e-14,4.301037e-13,4.301037e-15
2.112695e+00,1.336585e-14,4.302025e-13,4.302025e-15
2.115539e+00,1.339727e-14,4.306066e-13,4.306066e-15
2.118382e+00,1.334844e-14,4.305690e-13,4.305690e-15
2.121226e+00,1.335509e-14,4.309839e-13,4.309839e-15
2.124069e+00,1.336305e-14,4.314226e-13,4.314226e-15
2.126913e+00,1.329928e-14,4.317317e-13,4.317317e-15
2.129756e+00,1.327225e-14,4.314354e-13,4.314354e-15
2.132599e+00,1.318007e-14,4.313267e-13,4.313267e-15
2.135443e+00,1.320660e-14,4.315330e-13,4.315330e-15
2.138286e+00,1.316603e-14,4.318824e-13,4.318824e-15
2.141130e+00,1.316919e-14,4.320452e-13,4.320452e-15
2.143973e+00,1.309396e-14,4.311869e-13,4.311869e-15
2.146817e+00,1.303463e-14,4.306643e-13,4.306643e-15
2.149660e+00,1.298314e-14,4.301713e-13,4.301713e-15
2.152504e+00,1.298992e-14,4.294789e-13,4.294789e-15
2.155347e+00,1.296531e-14,4.288976e-13,4.288976e-15
2.158191e+00,1.292510e-14,4.279074e-13,4.279074e-15
2.161034e+00,1.284262e-14,4.268426e-13,4.268426e-15
2.163878e+00,1.274294e-14,4.255179e-13,4.255179e-15
2.166721e+00,1.267656e-14,4.243742e-13,4.243742e-15
2.169565e+00,1.261114e-14,4.229441e-13,4.229441e-15
2.172408e+00,1.257770e-14,4.219638e-13,4.219638e-15
2.175251e+00,1.244937e-14,4.202273e-13,4.202273e-15
2.178095e+00,1.232917e-14,4.181615e-13,4.181615e-15
2.180938e+00,1.228768e-14,4.158437e-13,4.158437e-15
2.183782e+00,1.219352e-14,4.135017e-13,4.135017e-15
2.186625e+00,1.207776e-14,4.109779e-13,4.109779e-15
2.189469e+00,1.193834e-14,4.080290e-13,4.080290e-15
2.192312e+00,1.177820e-14,4.047396e-13,4.047396e-15
2.195156e+00,1.164893e-14,4.011046e-13,4.011046e-15
2.197999e+00,1.150798e-14,3.973045e-13,3.973045e-15
2.200843e+00,1.136205e-14,3.935135e-13,3.935135e-15
2.203686e+00,1.117563e-14,3.898311e-13,3.898311e-15
2.206530e+00,1.100528e-14,3.865527e-13,3.865527e-15
2.209373e+00,1.082298e-14,3.832068e-13,3.832068e-15
2.212217e+00,1.069155e-14,3.798668e-13,3.798668e-15
2.215060e+00,1.046331e-14,3.761813e-13,3.761813e-15
2.217903e+00,1.030430e-14,3.728887e-13,3.728887e-15
2.220747e+00,1.015061e-14,3.696220e-13,3.696220e-15
2.223590e+00,1.000968e-14,3.664927e-13,3.664927e-15
2.226434e+00,9.883454e-15,3.636056e-13,3.636056e-15
2.229277e+00,9.767211e-15,3.606135e-13,3.606135e-15
2.232121e+00,9.654464e-15,3.576519e-13,3.576519e-15
2.234964e+00,9.530049e-15,3.547432e-13,3.547432e-15
2.237808e+00,9.453395e-15,3.519683e-13,3.519683e-15
2.240651e+00,9.326299e-15,3.492167e-13,3.492167e-15
2.243495e+00,9.263229e-15,3.465362e-13,3.465362e-15
2.246338e+00,9.262816e-15,3.438589e-13,3.438589e-15
2.249182e+00,9.198409e-15,3.413315e-13,3.413315e-15
2.252025e+00,9.185226e-15,3.390753e-13,3.390753e-15
2.254868e+00,9.151289e-15,3.370549e-13,3.370549e-15
2.257712e+00,9.216134e-15,3.353163e-13,3.353163e-15
2.260555e+00,9.214394e-15,3.335452e-13,3.335452e-15
2.263399e+00,9.266505e-15,3.316974e-13,3.316974e-15
2.266242e+00,9.323578e-15,3.300526e-13,3.300526e-15
2.269086e+00,9.358804e-15,3.287069e-13,3.287069e-15
2.271929e+00,9.401021e-15,3.275748e-13,3.275748e-15
2.274773e+00,9.450159e-15,3.266518e-13,3.266518e-15
2.277616e+00,9.519921e-15,3.256684e-13,3.256684e-15
2.280460e+00,9.582663e-15,3.245821e-13,3.245821e-15
2.283303e+00,9.654620e-15,3.234626e-13,3.234626e-15
2.286147e+00,9.665605e-15,3.224139e-13,3.224139e-15
2.288990e+00,9.752789e-15,3.213562e-13,3.213562e-15
2.291834e+00,9.783501e-15,3.201600e-13,3.201600e-15
2.294677e+00,9.796808e-15,3.184366e-13,3.184366e-15
2.297520e+00,9.753503e-15,3.165396e-13,3.165396e-15
2.300364e+00,9.781439e-15,3.147933e-13,3.147933e-15
2.303207e+00,9.785557e-15,3.127762e-13,3.127762e-15
2.306051e+00,9.765466e-15,3.103036e-13,3.103036e-15
2.308894e+00,9.709970e-15,3.077341e-13,3.077341e-15
2.311738e+00,9.697181e-15,3.052314e-13,3.052314e-15
2.314581e+00,9.628191e-15,3.026150e-13,3.026150e-15
2.317425e+00,9.597247e-15,2.995889e-13,2.995889e-15
2.320268e+00,9.499643e-15,2.962146e-13,2.962146e-15
2.323112e+00,9.402139e-15,2.926770e-13,2.926770e-15
2.325955e+00,9.348899e-15,2.894482e-13,2.894482e-15
2.328799e+00,9.243008e-15,2.864553e-13,2.864553e-15
2.331642e+00,9.177411e-15,2.834517e-13,2.834517e-15
2.334486e+00,9.044988e-15,2.802410e-13,2.802410e-15
2.337329e+00,8.963062e-15,2.769446e-13,2.769446e-15
2.340172e+00,8.886910e-15,2.737130e-13,2.737130e-15
2.343016e+00,8.783226e-15,2.705531e-13,2.705531e-15
2.345859e+00,8.622687e-15,2.673909e-13,2.673909e-15
2.348703e+00,8.523508e-15,2.643367e-13,2.643367e-15
2.351546e+00,8.393666e-15,2.611738e-13,2.611738e-15
2.354390e+00,8.306136e-15,2.578046e-13,2.578046e-15
2.357233e+00,8.177280e-15,2.544875e-13,2.544875e-15
2.360077e+00,8.083121e-15,2.513311e-13,2.513311e-15
2.362920e+00,7.992178e-15,2.481339e-13,2.481339e-15
2.365764e+00,7.888338e-15,2.449187e-13,2.449187e-15
2.368607e+00,7.746694e-15,2.415900e-13,2.415900e-15
2.371451e+00,7.646198e-15,2.380847e-13,2.380847e-15
2.374294e+00,7.512097e-15,2.347257e-13,2.347257e-15
2.377138e+00,7.423286e-15,2.315374e-13,2.315374e-15
2.379981e+00,7.319871e-15,2.282483e-13,2.282483e-15
2.382824e+00,7.206779e-15,2.248214e-13,2.248214e-15
2.385668e+00,7.094186e-15,2.215409e-13,2.215409e-15
2.388511e+00,7.035362e-15,2.186801e-13,2.186801e-15
2.391355e+00,6.940792e-15,2.160161e-13,2.160161e-15
2.394198e+00,6.848320e-15,2.133504e-13,2.133504e-15
2.397042e+00,6.780607e-15,2.107271e-13,2.107271e-15
2.399885e+00,6.691870e-15,2.081191e-13,2.081191e-15
2.402729e+00,6.605399e-15,2.056937e-13,2.056937e-15
2.405572e+00,6.571904e-15,2.034985e-13,2.034985e-15
2.408416e+00,6.492551e-15,2.014765e-13,2.014765e-15
2.411259e+00,6.419151e-15,1.996246e-13,1.996246e-15
2.414103e+00,6.378601e-15,1.979810e-13,1.979810e-15
2.416946e+00,6.324398e-15,1.961832e-13,1.961832e-15
2.419790e+00,6.278689e-15,1.941939e-13,1.941939e-15
2.422633e+00,6.242143e-15,1.924002e-13,1.924002e-15
2.425476e+00,6.204419e-15,1.907623e-13,1.907623e-15
2.428320e+00,6.129796e-15,1.887766e-13,1.887766e-15
2.431163e+00,6.015873e-15,1.864770e-13,1.864770e-15
2.434007e+00,5.965627e-15,1.843291e-13,1.843291e-15
2.436850e+00,5.933754e-15,1.824810e-13,1.824810e-15
2.439694e+00,5.846546e-15,1.806826e-13,1.806826e-15
2.442537e+00,5.808533e-15,1.787069e-13,1.787069e-15
2.445381e+00,5.724020e-15,1.765957e-13,1.765957e-15
2.448224e+00,5.658617e-15,1.744889e-13,1.744889e-15
2.451068e+00,5.564029e-15,1.724278e-13,1.724278e-15
2.453911e+00,5.496229e-15,1.702829e-13,1.702829e-15
2.456755e+00,5.432299e-15,1.681060e-13,1.681060e-15
2.459598e+00,5.360991e-15,1.661616e-13,1.661616e-15
2.462442e+00,5.285026e-15,1.643122e-13,1.643122e-15
2.465285e+00,5.214023e-15,1.623053e-13,1.623053e-15
2.468128e+00,5.151570e-15,1.603520e-13,1.603520e-15
2.470972e+00,5.126474e-15,1.586280e-13,1.586280e-15
2.473815e+00,5.087804e-15,1.569289e-13,1.569289e-15
2.476659e+00,5.047801e-15,1.551987e-13,1.551987e-15
2.479502e+00,5.026323e-15,1.535364e-13,1.535364e-15
2.482346e+00,4.977378e-15,1.519041e-13,1.519041e-15
2.485189e+00,4.979636e-15,1.503485e-13,1.503485e-15
2.488033e+00,4.971579e-15,1.490048e-13,1.490048e-15
2.490876e+00,5.016203e-15,1.478427e-13,1.478427e-15
2.493720e+00,5.012955e-15,1.467633e-13,1.467633e-15
2.496563e+00,5.054488e-15,1.457228e-13,1.457228e-15
2.499407e+00,5.058744e-15,1.447610e-13,1.447610e-15
2.502250e+00,5.132666e-15,1.440284e-13,1.440284e-15
2.505093e+00,5.159387e-15,1.435283e-13,1.435283e-15
2.507937e+00,5.178774e-15,1.431891e-13,1.431891e-15
2.510780e+00,5.220059e-15,1.429779e-13,1.429779e-15
2.513624e+00,5.277669e-15,1.429441e-13,1.429441e-15
2.516467e+00,5.319645e-15,1.430798e-13,1.430798e-15
2.519311e+00,5.340339e-15,1.434168e-13,1.434168e-15
2.522154e+00,5.394703e-15,1.440912e-13,1.440912e-15
2.524998e+00,5.449872e-15,1.450065e-13,1.450065e-15
2.527841e+00,5.483464e-15,1.459722e-13,1.459722e-15
2.530685e+00,5.491376e-15,1.470228e-13,1.470228e-15
2.533528e+00,5.521466e-15,1.481846e-13,1.481846e-15
2.536372e+00,5.538468e-15,1.493833e-13,1.493833e-15
2.539215e+00,5.548387e-15,1.506175e-13,1.506175e-15
2.542059e+00,5.553259e-15,1.520152e-13,1.520152e-15
2.544902e+00,5.554908e-15,1.535266e-13,1.535266e-15
2.547745e+00,5.533682e-15,1.549182e-13,1.549182e-15
2.550589e+00,5.553250e-15,1.561761e-13,1.561761e-15
2.553432e+00,5.522045e-15,1.573689e-13,1.573689e-15
2.556276e+00,5.488990e-15,1.583718e-13,1.583718e-15
2.559119e+00,5.446933e-15,1.590640e-13,1.590640e-15
2.561963e+00,5.417995e-15,1.593660e-13,1.593660e-15
2.564806e+00,5.356420e-15,1.592430e-13,1.592430e-15
2.567650e+00,5.280639e-15,1.587198e-13,1.587198e-15
2.570493e+00,5.187518e-15,1.578155e-13,1.578155e-15
2.573337e+00,5.115491e-15,1.566236e-13,1.566236e-15
2.576180e+00,5.061551e-15,1.552268e-13,1.552268e-15
2.579024e+00,5.000097e-15,1.535718e-13,1.535718e-15
2.581867e+00,4.918127e-15,1.516485e-13,1.516485e-15
2.584711e+00,4.834025e-15,1.494126e-13,1.494126e-15
2.587554e+00,4.738592e-15,1.467552e-13,1.467552e-15
2.590397e+00,4.656858e-15,1.436761e-13,1.436761e-15
2.593241e+00,4.571299e-15,1.403496e-13,1.403496e-15
2.596084e+00,4.508898e-15,1.370905e-13,1.370905e-15
2.598928e+00,4.441784e-15,1.338620e-13,1.338620e-15
2.601771e+00,4.378779e-15,1.303899e-13,1.303899e-15
2.604615e+00,4.319212e-15,1.269034e-13,1.269034e-15
2.607458e+00,4.268446e-15,1.236578e-13,1.236578e-15
2.610302e+00,4.222544e-15,1.205386e-13,1.205386e-15
2.613145e+00,4.165991e-15,1.176130e-13,1.176130e-15
2.615989e+00,4.140543e-15,1.149473e-13,1.149473e-15
2.618832e+00,4.142111e-15,1.124479e-13,1.124479e-15
2.621676e+00,4.097088e-15,1.101667e-13,1.101667e-15
2.624519e+00,4.083083e-15,1.082071e-13,1.082071e-15
2.627363e+00,4.083804e-15,1.064364e-13,1.064364e-15
2.630206e+00,4.083618e-15,1.048256e-13,1.048256e-15
2.633049e+00,4.087670e-15,1.035247e-13,1.035247e-15
2.635893e+00,4.076695e-15,1.023563e-13,1.023563e-15
2.638736e+00,4.033976e-15,1.011311e-13,1.011311e-15
2.641580e+00,4.013815e-15,1.000445e-13,1.000445e-15
2.644423e+00,4.013126e-15,9.919395e-14,9.919395e-16
2.647267e+00,4.004918e-15,9.845736e-14,9.845736e-16
2.650110e+00,3.984810e-15,9.778217e-14,9.778217e-16
2.652954e+00,3.952448e-15,9.715524e-14,9.715524e-16
2.655797e+00,3.960310e-15,9.649032e-14,9.649032e-16
2.658641e+00,3.941210e-15,9.570712e-14,9.570712e-16
2.661484e+00,3.913559e-15,9.465740e-14,9.465740e-16
2.664328e+00,3.851726e-15,9.328443e-14,9.328443e-16
2.667171e+00,3.817770e-15,9.185910e-14,9.185910e-16
2.670015e+00,3.802125e-15,9.047059e-14,9.047059e-16
2.672858e+00,3.762087e-15,8.905377e-14,8.905377e-16
2.675701e+00,3.743101e-15,8.778368e-14,8.778368e-16
2.678545e+00,3.709067e-15,8.655350e-14,8.655350e-16
2.681388e+00,3.691786e-15,8.502510e-14,8.502510e-16
2.684232e+00,3.628577e-15,8.342054e-14,8.342054e-16
2.687075e+00,3.593367e-15,8.215060e-14,8.215060e-16
2.689919e+00,3.558123e-15,8.113039e-14,8.113039e-16
2.692762e+00,3.495401e-15,8.021996e-14,8.021996e-16
2.695606e+00,3.470646e-15,7.946681e-14,7.946681e-16
2.698449e+00,3.433642e-15,7.881319e-14,7.881319e-16
2.701293e+00,3.378352e-15,7.829792e-14,7.829792e-16
2.704136e+00,3.355475e-15,7.807080e-14,7.807080e-16
2.706980e+00,3.346512e-15,7.797594e-14,7.797594e-16
2.709823e+00,3.312273e-15,7.773525e-14,7.773525e-16
2.712667e+00,3.279623e-15,7.733819e-14,7.733819e-16
2.715510e+00,3.241837e-15,7.697816e-14,7.697816e-16
2.718353e+00,3.209823e-15,7.668356e-14,7.668356e-16
2.721197e+00,3.228430e-15,7.635809e-14,7.635809e-16
2.724040e+00,3.200284e-15,7.594228e-14,7.594228e-16
2.726884e+00,3.189213e-15,7.538947e-14,7.538947e-16
2.729727e+00,3.187149e-15,7.471619e-14,7.471619e-16
2.732571e+00,3.201910e-15,7.405932e-14,7.405932e-16
2.735414e+00,3.192236e-15,7.338087e-14,7.338087e-16
2.738258e+00,3.192608e-15,7.244764e-14,7.244764e-16
2.741101e+00,3.167604e-15,7.139515e-14,7.139515e-16
2.743945e+00,3.183023e-15,7.062336e-14,7.062336e-16
2.746788e+00,3.189675e-15,7.000237e-14,7.000237e-16
2.749632e+00,3.178997e-15,6.935139e-14,6.935139e-16
2.752475e+00,3.176861e-15,6.887346e-14,6.887346e-16
2.755319e+00,3.204571e-15,6.845604e-14,6.845604e-16
2.758162e+00,3.197892e-15,6.800586e-14,6.800586e-16
2.761005e+00,3.182659e-15,6.771153e-14,6.771153e-16
2.763849e+00,3.170889e-15,6.757194e-14,6.757194e-16
2.766692e+00,3.161741e-15,6.745574e-14,6.745574e-16
2.769536e+00,3.145686e-15,6.727821e-14,6.727821e-16
2.772379e+00,3.128826e-15,6.707983e-14,6.707983e-16
2.775223e+00,3.105452e-15,6.699112e-14,6.699112e-16
2.778066e+00,3.073803e-15,6.693127e-14,6.693127e-16
2.780910e+00,3.062871e-15,6.680275e-14,6.680275e-16
2.783753e+00,3.027438e-15,6.656565e-14,6.656565e-16
2.786597e+00,2.986254e-15,6.606250e-14,6.606250e-16
2.789440e+00,2.952023e-15,6.547364e-14,6.547364e-16
2.792284e+00,2.919382e-15,6.506398e-14,6.506398e-16
2.795127e+00,2.885336e-15,6.464259e-14,6.464259e-16
2.797970e+00,2.824772e-15,6.402547e-14,6.402547e-16
2.800814e+00,2.791259e-15,6.326158e-14,6.326158e-16
2.803657e+00,2.746416e-15,6.247947e-14,6.247947e-16
2.806501e+00,2.691512e-15,6.176092e-14,6.176092e-16
2.809344e+00,2.667349e-15,6.103577e-14,6.103577e-16
2.812188e+00,2.638364e-15,6.026744e-14,6.026744e-16
2.815031e+00,2.599790e-15,5.946004e-14,5.946004e-16
2.817875e+00,2.555049e-15,5.868510e-14,5.868510e-16
2.820718e+00,2.538336e-15,5.801960e-14,5.801960e-16
2.823562e+00,2.501819e-15,5.736496e-14,5.736496e-16
2.826405e+00,2.455695e-15,5.667230e-14,5.667230e-16
2.829249e+00,2.425594e-15,5.602617e-14,5.602617e-16
2.832092e+00,2.414365e-15,5.536684e-14,5.536684e-16
2.834936e+00,2.393081e-15,5.468318e-14,5.468318e-16
2.837779e+00,2.375019e-15,5.423406e-14,5.423406e-16
2.840622e+00,2.382716e-15,5.410061e-14,5.410061e-16
2.843466e+00,2.379400e-15,5.401402e-14,5.401402e-16
2.846309e+00,2.369390e-15,5.385968e-14,5.385968e-16
2.849153e+00,2.361129e-15,5.374452e-14,5.374452e-16
2.851996e+00,2.370727e-15,5.377732e-14,5.377732e-16
2.854840e+00,2.378743e-15,5.397736e-14,5.397736e-16
2.857683e+00,2.397093e-15,5.428467e-14,5.428467e-16
2.860527e+00,2.430065e-15,5.478223e-14,5.478223e-16
2.863370e+00,2.455669e-15,5.542278e-14,5.542278e-16
2.866214e+00,2.475114e-15,5.598822e-14,5.598822e-16
2.869057e+00,2.488740e-15,5.666823e-14,5.666823e-16
2.871901e+00,2.501243e-15,5.764663e-14,5.764663e-16
2.874744e+00,2.552300e-15,5.882784e-14,5.882784e-16
2.877588e+00,2.593387e-15,6.016922e-14,6.016922e-16
2.880431e+00,2.609581e-15,6.157498e-14,6.157498e-16
2.883274e+00,2.654874e-15,6.289358e-14,6.289358e-16
2.886118e+00,2.677352e-15,6.416939e-14,6.416939e-16
2.888961e+00,2.713143e-15,6.546232e-14,6.546232e-16
2.891805e+00,2.730602e-15,6.665825e-14,6.665825e-16
2.894648e+00,2.748036e-15,6.777481e-14,6.777481e-16
2.897492e+00,2.773160e-15,6.897923e-14,6.897923e-16
2.900335e+00,2.814242e-15,7.015501e-14,7.015501e-16
2.903179e+00,2.841244e-15,7.103223e-14,7.103223e-16
2.906022e+00,2.844048e-15,7.161016e-14,7.161016e-16
2.908866e+00,2.841211e-15,7.205568e-14,7.205568e-16
2.911709e+00,2.852639e-15,7.247126e-14,7.247126e-16
2.914553e+00,2.877004e-15,7.290005e-14,7.290005e-16
2.917396e+00,2.891853e-15,7.329870e-14,7.329870e-16
2.920240e+00,2.883874e-15,7.361796e-14,7.361796e-16
2.923083e+00,2.894378e-15,7.384225e-14,7.384225e-16
2.925926e+00,2.890651e-15,7.387720e-14,7.387720e-16
2.928770e+00,2.893360e-15,7.379261e-14,7.379261e-16
2.931613e+00,2.899480e-15,7.373283e-14,7.373283e-16
2.934457e+00,2.886136e-15,7.357109e-14,7.357109e-16
2.937300e+00,2.867548e-15,7.328999e-14,7.328999e-16
2.940144e+00,2.874210e-15,7.303053e-14,7.303053e-16
2.942987e+00,2.869551e-15,7.274141e-14,7.274141e-16
2.945831e+00,2.855367e-15,7.239569e-14,7.239569e-16
2.948674e+00,2.832883e-15,7.189421e-14,7.189421e-16
2.951518e+00,2.809535e-15,7.115149e-14,7.115149e-16
2.954361e+00,2.781607e-15,7.047795e-14,7.047795e-16
2.957205e+00,2.781768e-15,6.989709e-14,6.989709e-16
2.960048e+00,2.775498e-15,6.904734e-14,6.904734e-16
2.962892e+00,2.749472e-15,6.807587e-14,6.807587e-16
2.965735e+00,2.741099e-15,6.730877e-14,6.730877e-16
2.968578e+00,2.745664e-15,6.660992e-14,6.660992e-16
2.971422e+00,2.729240e-15,6.570900e-14,6.570900e-16
2.974265e+00,2.700309e-15,6.470406e-14,6.470406e-16
2.977109e+00,2.690658e-15,6.376922e-14,6.376922e-16
2.979952e+00,2.673837e-15,6.284293e-14,6.284293e-16
2.982796e+00,2.672792e-15,6.188536e-14,6.188536e-16
2.985639e+00,2.672243e-15,6.097463e-14,6.097463e-16
2.988483e+00,2.640576e-15,6.018330e-14,6.018330e-16
2.991326e+00,2.639387e-15,5.945609e-14,5.945609e-16
2.994170e+00,2.627387e-15,5.861043e-14,5.861043e-16
2.997013e+00,2.591378e-15,5.773869e-14,5.773869e-16
2.999857e+00,2.588458e-15,5.714997e-14,5.714997e-16
3.002700e+00,2.573604e-15,5.675107e-14,5.675107e-16
3.005544e+00,2.545879e-15,5.623495e-14,5.623495e-16
3.008387e+00,2.536447e-15,5.564034e-14,5.564034e-16
3.011230e+00,2.502003e-15,5.512589e-14,5.512589e-16
3.014074e+00,2.490364e-15,5.464466e-14,5.464466e-16
3.016917e+00,2.457433e-15,5.403199e-14,5.403199e-16
3.019761e+00,2.452171e-15,5.333289e-14,5.333289e-16
3.022604e+00,2.433128e-15,5.272921e-14,5.272921e-16
3.025448e+00,2.410066e-15,5.221326e-14,5.221326e-16
3.028291e+00,2.387862e-15,5.151257e-14,5.151257e-16
3.031135e+00,2.368622e-15,5.062670e-14,5.062670e-16
3.033978e+00,2.354243e-15,4.975287e-14,4.975287e-16
3.036822e+00,2.333889e-15,4.890910e-14,4.890910e-16
3.039665e+00,2.312418e-15,4.808636e-14,4.808636e-16
3.042509e+00,2.314009e-15,4.720955e-14,4.720955e-16
3.045352e+00,2.288845e-15,4.628763e-14,4.628763e-16
3.048195e+00,2.286211e-15,4.553877e-14,4.553877e-16
3.051039e+00,2.264617e-15,4.499182e-14,4.499182e-16
3.053882e+00,2.255902e-15,4.443031e-14,4.443031e-16
3.056726e+00,2.239334e-15,4.380496e-14,4.380496e-16
3.059569e+00,2.234703e-15,4.331830e-14,4.331830e-16
3.062413e+00,2.222353e-15,4.309746e-14,4.309746e-16
3.065256e+00,2.216668e-15,4.291965e-14,4.291965e-16
3.068100e+00,2.211716e-15,4.261126e-14,4.261126e-16
3.070943e+00,2.199739e-15,4.239582e-14,4.239582e-16
3.073787e+00,2.192180e-15,4.236505e-14,4.236505e-16
3.076630e+00,2.175828e-15,4.228733e-14,4.228733e-16
3.079474e+00,2.172426e-15,4.212420e-14,4.212420e-16
3.082317e+00,2.165573e-15,4.205836e-14,4.205836e-16
3.085161e+00,2.162301e-15,4.207098e-14,4.207098e-16
3.088004e+00,2.174578e-15,4.209282e-14,4.209282e-16
3.090847e+00,2.169452e-15,4.214749e-14,4.214749e-16
3.093691e+00,2.164170e-15,4.217516e-14,4.217516e-16
3.096534e+00,2.171338e-15,4.217164e-14,4.217164e-16
3.099378e+00,2.176358e-15,4.225276e-14,4.225276e-16
3.102221e+00,2.190580e-15,4.249407e-14,4.249407e-16
3.105065e+00,2.191370e-15,4.277858e-14,4.277858e-16
3.107908e+00,2.193608e-15,4.282994e-14,4.282994e-16
3.110752e+00,2.203239e-15,4.281569e-14,4.281569e-16
3.113595e+00,2.205165e-15,4.308213e-14,4.308213e-16
3.116439e+00,2.229289e-15,4.344625e-14,4.344625e-16
3.119282e+00,2.229054e-15,4.362105e-14,4.362105e-16
3.122126e+00,2.246253e-15,4.376255e-14,4.376255e-16
3.124969e+00,2.250418e-15,4.400915e-14,4.400915e-16
3.127813e+00,2.253732e-15,4.427933e-14,4.427933e-16
3.130656e+00,2.250964e-15,4.448724e-14,4.448724e-16
3.133499e+00,2.262064e-15,4.465918e-14,4.465918e-16
3.136343e+00,2.266859e-15,4.484279e-14,4.484279e-16
3.139186e+00,2.268797e-15,4.494820e-14,4.494820e-16
3.142030e+00,2.271179e-15,4.491851e-14,4.491851e-16
3.144873e+00,2.252816e-15,4.488614e-14,4.488614e-16
3.147717e+00,2.254998e-15,4.485336e-14,4.485336e-16
3.150560e+00,2.252116e-15,4.463160e-14,4.463160e-16
3.153404e+00,2.229617e-15,4.417782e-14,4.417782e-16
3.156247e+00,2.190754e-15,4.363626e-14,4.363626e-16
3.159091e+00,2.171990e-15,4.310607e-14,4.310607e-16
3.161934e+00,2.139966e-15,4.261029e-14,4.261029e-16
3.164778e+00,2.135103e-15,4.210701e-14,4.210701e-16
3.167621e+00,2.109816e-15,4.161588e-14,4.161588e-16
3.170465e+00,2.079560e-15,4.120676e-14,4.120676e-16
3.173308e+00,2.050097e-15,4.076320e-14,4.076320e-16
3.176151e+00,2.027275e-15,4.021622e-14,4.021622e-16
3.178995e+00,2.004263e-15,3.977485e-14,3.977485e-16
3.181838e+00,1.974516e-15,3.953481e-14,3.953481e-16
3.184682e+00,1.965567e-15,3.938639e-14,3.938639e-16
3.187525e+00,1.942429e-15,3.923059e-14,3.923059e-16
3.190369e+00,1.921130e-15,3.902891e-14,3.902891e-16
3.193212e+00,1.902429e-15,3.882238e-14,3.882238e-16
3.196056e+00,1.892079e-15,3.875021e-14,3.875021e-16
3.198899e+00,1.871915e-15,3.881655e-14,3.881655e-16
3.201743e+00,1.862480e-15,3.887676e-14,3.887676e-16
3.204586e+00,1.859974e-15,3.890196e-14,3.890196e-16
3.207430e+00,1.869151e-15,3.897528e-14,3.897528e-16
3.210273e+00,1.875143e-15,3.922862e-14,3.922862e-16
3.213117e+00,1.880886e-15,3.968419e-14,3.968419e-16
3.215960e+00,1.902500e-15,4.005498e-14,4.005498e-16
3.218803e+00,1.910331e-15,4.020772e-14,4.020772e-16
3.221647e+00,1.917152e-15,4.043554e-14,4.043554e-16
3.224490e+00,1.944181e-15,4.093427e-14,4.093427e-16
3.227334e+00,1.962552e-15,4.157004e-14,4.157004e-16
3.230177e+00,1.981658e-15,4.219152e-14,4.219152e-16
3.233021e+00,2.017281e-15,4.296324e-14,4.296324e-16
3.235864e+00,2.032263e-15,4.400919e-14,4.400919e-16
3.238708e+00,2.065884e-15,4.515319e-14,4.515319e-16
3.241551e+00,2.089745e-15,4.623229e-14,4.623229e-16
3.244395e+00,2.114315e-15,4.727785e-14,4.727785e-16
3.247238e+00,2.142980e-15,4.847250e-14,4.847250e-16
3.250082e+00,2.180596e-15,4.990428e-14,4.990428e-16
3.252925e+00,2.215943e-15,5.133658e-14,5.133658e-16
3.255769e+00,2.225936e-15,5.259737e-14,5.259737e-16
3.258612e+00,2.258241e-15,5.384917e-14,5.384917e-16
3.261455e+00,2.272825e-15,5.517966e-14,5.517966e-16
3.264299e+00,2.294179e-15,5.648783e-14,5.648783e-16
3.267142e+00,2.317644e-15,5.773472e-14,5.773472e-16
3.269986e+00,2.329468e-15,5.887358e-14,5.887358e-16
3.272829e+00,2.341620e-15,5.988818e-14,5.988818e-16
3.275673e+00,2.360030e-15,6.082821e-14,6.082821e-16
3.278516e+00,2.377796e-15,6.168540e-14,6.168540e-16
3.281360e+00,2.376578e-15,6.245867e-14,6.245867e-16
3.284203e+00,2.382312e-15,6.318031e-14,6.318031e-16
3.287047e+00,2.401184e-15,6.382087e-14,6.382087e-16
3.289890e+00,2.411583e-15,6.435011e-14,6.435011e-16
3.292734e+00,2.410300e-15,6.473885e-14,6.473885e-16
3.295577e+00,2.429718e-15,6.501322e-14,6.501322e-16
3.298420e+00,2.423534e-15,6.524032e-14,6.524032e-16
3.301264e+00,2.428160e-15,6.534440e-14,6.534440e-16
3.304107e+00,2.431614e-15,6.524130e-14,6.524130e-16
3.306951e+00,2.432643e-15,6.498905e-14,6.498905e-16
3.309794e+00,2.430573e-15,6.468870e-14,6.468870e-16
3.312638e+00,2.421517e-15,6.439373e-14,6.439373e-16
3.315481e+00,2.436091e-15,6.404519e-14,6.404519e-16
3.318325e+00,2.427965e-15,6.355553e-14,6.355553e-16
3.321168e+00,2.422545e-15,6.295708e-14,6.295708e-16
3.324012e+00,2.418796e-15,6.232682e-14,6.232682e-16
3.326855e+00,2.407117e-15,6.162564e-14,6.162564e-16
3.329699e+00,2.393743e-15,6.076622e-14,6.076622e-16
3.332542e+00,2.382898e-15,5.978548e-14,5.978548e-16
3.335386e+00,2.373982e-15,5.873643e-14,5.873643e-16
3.338229e+00,2.349204e-15,5.764966e-14,5.764966e-16
3.341072e+00,2.334465e-15,5.665757e-14,5.665757e-16
3.343916e+00,2.325338e-15,5.578465e-14,5.578465e-16
3.346759e+00,2.321185e-15,5.487905e-14,5.487905e-16
3.349603e+00,2.299587e-15,5.392471e-14,5.392471e-16
3.352446e+00,2.282241e-15,5.298542e-14,5.298542e-16
3.355290e+00,2.263515e-15,5.201853e-14,5.201853e-16
3.358133e+00,2.253296e-15,5.109642e-14,5.109642e-16
3.360977e+00,2.239956e-15,5.036766e-14,5.036766e-16
3.363820e+00,2.221729e-15,4.974258e-14,4.974258e-16
3.366664e+00,2.214547e-15,4.907391e-14,4.907391e-16
3.369507e+00,2.190280e-15,4.841803e-14,4.841803e-16
3.372351e+00,2.173145e-15,4.785146e-14,4.785146e-16
3.375194e+00,2.178672e-15,4.733437e-14,4.733437e-16
3.378038e+00,2.152504e-15,4.685539e-14,4.685539e-16
3.380881e+00,2.152126e-15,4.643756e-14,4.643756e-16
3.383724e+00,2.133980e-15,4.604137e-14,4.604137e-16
3.386568e+00,2.107326e-15,4.556257e-14,4.556257e-16
3.389411e+00,2.086975e-15,4.491268e-14,4.491268e-16
3.392255e+00,2.063316e-15,4.424309e-14,4.424309e-16
3.395098e+00,2.030208e-15,4.371349e-14,4.371349e-16
3.397942e+00,2.016404e-15,4.310952e-14,4.310952e-16
3.400785e+00,1.988846e-15,4.226911e-14,4.226911e-16
3.403629e+00,1.967572e-15,4.139272e-14,4.139272e-16
3.406472e+00,1.924719e-15,4.055373e-14,4.055373e-16
3.409316e+00,1.896067e-15,3.972837e-14,3.972837e-16
3.412159e+00,1.875849e-15,3.898386e-14,3.898386e-16
3.415003e+00,1.834293e-15,3.820397e-14,3.820397e-16
3.417846e+00,1.807843e-15,3.733089e-14,3.733089e-16
3.420690e+00,1.773302e-15,3.656084e-14,3.656084e-16
3.423533e+00,1.761763e-15,3.591287e-14,3.591287e-16
3.426376e+00,1.731548e-15,3.528172e-14,3.528172e-16
3.429220e+00,1.716781e-15,3.469605e-14,3.469605e-16
3.432063e+00,1.679129e-15,3.418921e-14,3.418921e-16
3.434907e+00,1.655247e-15,3.364709e-14,3.364709e-16
3.437750e+00,1.632131e-15,3.304706e-14,3.304706e-16
3.440594e+00,1.621455e-15,3.261377e-14,3.261377e-16
3.443437e+00,1.616062e-15,3.244400e-14,3.244400e-16
3.446281e+00,1.609917e-15,3.236818e-14,3.236818e-16
3.449124e+00,1.608041e-15,3.225796e-14,3.225796e-16
3.451968e+00,1.604326e-15,3.210820e-14,3.210820e-16
3.454811e+00,1.613224e-15,3.193542e-14,3.193542e-16
3.457655e+00,1.604625e-15,3.177289e-14,3.177289e-16
3.460498e+00,1.609562e-15,3.168722e-14,3.168722e-16
3.463342e+00,1.616330e-15,3.174663e-14,3.174663e-16
3.466185e+00,1.625312e-15,3.184018e-14,3.184018e-16
3.469028e+00,1.619296e-15,3.184429e-14,3.184429e-16
3.471872e+00,1.629742e-15,3.185241e-14,3.185241e-16
3.474715e+00,1.645829e-15,3.189163e-14,3.189163e-16
3.477559e+00,1.640354e-15,3.192888e-14,3.192888e-16
3.480402e+00,1.652509e-15,3.205092e-14,3.205092e-16
3.483246e+00,1.653534e-15,3.222191e-14,3.222191e-16
3.486089e+00,1.670605e-15,3.231383e-14,3.231383e-16
3.488933e+00,1.669186e-15,3.231268e-14,3.231268e-16
3.491776e+00,1.667593e-15,3.231969e-14,3.231969e-16
3.494620e+00,1.674242e-15,3.238837e-14,3.238837e-16
3.497463e+00,1.671521e-15,3.239455e-14,3.239455e-16
3.500307e+00,1.671986e-15,3.228263e-14,3.228263e-16
3.503150e+00,1.675621e-15,3.222831e-14,3.222831e-16
3.505994e+00,1.671671e-15,3.223822e-14,3.223822e-16
3.508837e+00,1.670645e-15,3.212216e-14,3.212216e-16
3.511680e+00,1.658928e-15,3.191766e-14,3.191766e-16
3.514524e+00,1.657928e-15,3.179235e-14,3.179235e-16
3.517367e+00,1.659340e-15,3.168769e-14,3.168769e-16
3.520211e+00,1.635051e-15,3.154768e-14,3.154768e-16
3.523054e+00,1.641419e-15,3.145249e-14,3.145249e-16
3.525898e+00,1.620369e-15,3.131173e-14,3.131173e-16
3.528741e+00,1.607218e-15,3.108703e-14,3.108703e-16
3.531585e+00,1.594427e-15,3.101811e-14,3.101811e-16
3.534428e+00,1.587600e-15,3.107222e-14,3.107222e-16
3.537272e+00,1.566797e-15,3.101519e-14,3.101519e-16
3.540115e+00,1.543963e-15,3.095136e-14,3.095136e-16
3.542959e+00,1.544416e-15,3.103688e-14,3.103688e-16
3.545802e+00,1.530319e-15,3.111107e-14,3.111107e-16
3.548645e+00,1.524755e-15,3.109395e-14,3.109395e-16
3.551489e+00,1.516392e-15,3.112246e-14,3.112246e-16
3.554332e+00,1.502366e-15,3.117947e-14,3.117947e-16
3.557176e+00,1.488765e-15,3.119526e-14,3.119526e-16
3.560019e+00,1.476307e-15,3.123988e-14,3.123988e-16
3.562863e+00,1.474982e-15,3.134902e-14,3.134902e-16
3.565706e+00,1.487337e-15,3.140576e-14,3.140576e-16
3.568550e+00,1.466183e-15,3.132106e-14,3.132106e-16
3.571393e+00,1.469798e-15,3.120631e-14,3.120631e-16
3.574237e+00,1.472389e-15,3.116702e-14,3.116702e-16
3.577080e+00,1.477138e-15,3.114838e-14,3.114838e-16
3.579924e+00,1.479065e-15,3.111295e-14,3.111295e-16
3.582767e+00,1.482623e-15,3.102160e-14,3.102160e-16
3.585611e+00,1.497412e-15,3.088556e-14,3.088556e-16
3.588454e+00,1.496461e-15,3.076966e-14,3.076966e-16
3.591297e+00,1.498465e-15,3.062444e-14,3.062444e-16
3.594141e+00,1.507332e-15,3.045376e-14,3.045376e-16
3.596984e+00,1.516207e-15,3.036290e-14,3.036290e-16
3.599828e+00,1.530635e-15,3.029761e-14,3.029761e-16
3.602671e+00,1.534607e-15,3.018523e-14,3.018523e-16
3.605515e+00,1.543027e-15,3.012631e-14,3.012631e-16
3.608358e+00,1.544678e-15,3.013445e-14,3.013445e-16
3.611202e+00,1.561713e-15,3.010196e-14,3.010196e-16
3.614045e+00,1.552800e-15,3.007125e-14,3.007125e-16
3.616889e+00,1.566890e-15,3.011658e-14,3.011658e-16
3.619732e+00,1.568436e-15,3.014465e-14,3.014465e-16
3.622576e+00,1.567331e-15,3.010768e-14,3.010768e-16
3.625419e+00,1.563412e-15,3.009386e-14,3.009386e-16
3.628263e+00,1.565412e-15,3.009390e-14,3.009390e-16
3.631106e+00,1.557761e-15,3.002400e-14,3.002400e-16
3.633949e+00,1.542636e-15,2.993172e-14,2.993172e-16
3.636793e+00,1.528743e-15,2.987908e-14,2.987908e-16
3.639636e+00,1.521399e-15,2.981265e-14,2.981265e-16
3.642480e+00,1.502447e-15,2.968015e-14,2.968015e-16
3.645323e+00,1.498632e-15,2.958788e-14,2.958788e-16
3.648167e+00,1.472054e-15,2.953841e-14,2.953841e-16
3.651010e+00,1.449508e-15,2.934832e-14,2.934832e-16
3.653854e+00,1.421816e-15,2.912490e-14,2.912490e-16
3.656697e+00,1.412805e-15,2.905354e-14,2.905354e-16
3.659541e+00,1.385717e-15,2.894504e-14,2.894504e-16
3.662384e+00,1.368683e-15,2.872807e-14,2.872807e-16
3.665228e+00,1.341638e-15,2.858001e-14,2.858001e-16
3.668071e+00,1.333689e-15,2.847392e-14,2.847392e-16
3.670915e+00,1.314184e-15,2.828819e-14,2.828819e-16
3.673758e+00,1.297354e-15,2.805258e-14,2.805258e-16
3.676601e+00,1.281288e-15,2.783956e-14,2.783956e-16
3.679445e+00,1.271591e-15,2.766362e-14,2.766362e-16
3.682288e+00,1.262457e-15,2.745852e-14,2.745852e-16
3.685132e+00,1.247406e-15,2.722898e-14,2.722898e-16
3.687975e+00,1.235484e-15,2.707393e-14,2.707393e-16
3.690819e+00,1.238497e-15,2.694030e-14,2.694030e-16
3.693662e+00,1.230312e-15,2.672648e-14,2.672648e-16
3.696506e+00,1.229812e-15,2.655042e-14,2.655042e-16
3.699349e+00,1.231789e-15,2.645657e-14,2.645657e-16
3.702193e+00,1.225560e-15,2.631725e-14,2.631725e-16
3.705036e+00,1.217552e-15,2.617813e-14,2.617813e-16
3.707880e+00,1.226690e-15,2.612064e-14,2.612064e-16
3.710723e+00,1.227663e-15,2.607065e-14,2.607065e-16
3.713567e+00,1.224531e-15,2.605065e-14,2.605065e-16
3.716410e+00,1.224464e-15,2.609955e-14,2.609955e-16
3.719253e+00,1.228337e-15,2.620009e-14,2.620009e-16
3.722097e+00,1.225994e-15,2.635588e-14,2.635588e-16
3.724940e+00,1.220602e-15,2.647521e-14,2.647521e-16
3.727784e+00,1.222743e-15,2.649236e-14,2.649236e-16
3.730627e+00,1.227411e-15,2.650511e-14,2.650511e-16
3.733471e+00,1.215567e-15,2.652633e-14,2.652633e-16
3.736314e+00,1.195154e-15,2.653731e-14,2.653731e-16
3.739158e+00,1.193380e-15,2.657705e-14,2.657705e-16
3.742001e+00,1.188465e-15,2.659538e-14,2.659538e-16
3.744845e+00,1.188073e-15,2.652481e-14,2.652481e-16
3.747688e+00,1.179689e-15,2.638920e-14,2.638920e-16
3.750532e+00,1.164734e-15,2.622259e-14,2.622259e-16
3.753375e+00,1.149908e-15,2.607376e-14,2.607376e-16
3.756219e+00,1.156265e-15,2.595941e-14,2.595941e-16
3.759062e+00,1.139309e-15,2.577648e-14,2.577648e-16
3.761905e+00,1.132387e-15,2.553131e-14,2.553131e-16
3.764749e+00,1.120656e-15,2.535467e-14,2.535467e-16
3.767592e+00,1.117421e-15,2.523438e-14,2.523438e-16
3.770436e+00,1.101147e-15,2.507198e-14,2.507198e-16
3.773279e+00,1.091921e-15,2.489263e-14,2.489263e-16
3.776123e+00,1.082800e-15,2.476442e-14,2.476442e-16
3.778966e+00,1.076442e-15,2.466665e-14,2.466665e-16
3.781810e+00,1.070587e-15,2.459701e-14,2.459701e-16
3.784653e+00,1.069445e-15,2.458004e-14,2.458004e-16
3.787497e+00,1.068240e-15,2.461421e-14,2.461421e-16
3.790340e+00,1.061988e-15,2.467641e-14,2.467641e-16
3.793184e+00,1.065687e-15,2.468260e-14,2.468260e-16
3.796027e+00,1.059859e-15,2.463559e-14,2.463559e-16
3.798871e+00,1.073691e-15,2.465586e-14,2.465586e-16
3.801714e+00,1.059874e-15,2.475874e-14,2.475874e-16
3.804557e+00,1.071112e-15,2.486738e-14,2.486738e-16
3.807401e+00,1.073706e-15,2.497302e-14,2.497302e-16
3.810244e+00,1.082904e-15,2.503731e-14,2.503731e-16
3.813088e+00,1.093692e-15,2.504333e-14,2.504333e-16
3.815931e+00,1.103161e-15,2.510146e-14,2.510146e-16
3.818775e+00,1.107736e-15,2.523127e-14,2.523127e-16
3.821618e+00,1.111805e-15,2.534289e-14,2.534289e-16
3.824462e+00,1.130223e-15,2.546014e-14,2.546014e-16
3.827305e+00,1.148092e-15,2.560425e-14,2.560425e-16
3.830149e+00,1.157933e-15,2.576180e-14,2.576180e-16
3.832992e+00,1.171995e-15,2.598429e-14,2.598429e-16
3.835836e+00,1.182232e-15,2.627626e-14,2.627626e-16
3.838679e+00,1.201681e-15,2.664842e-14,2.664842e-16
3.841522e+00,1.219966e-15,2.708340e-14,2.708340e-16
3.844366e+00,1.236698e-15,2.748150e-14,2.748150e-16
3.847209e+00,1.248823e-15,2.782262e-14,2.782262e-16
3.850053e+00,1.258308e-15,2.814700e-14,2.814700e-16
3.852896e+00,1.281351e-15,2.845678e-14,2.845678e-16
3.855740e+00,1.288059e-15,2.880846e-14,2.880846e-16
3.858583e+00,1.303429e-15,2.925773e-14,2.925773e-16
3.861427e+00,1.315888e-15,2.973985e-14,2.973985e-16
3.864270e+00,1.324035e-15,3.015385e-14,3.015385e-16
3.867114e+00,1.329360e-15,3.048526e-14,3.048526e-16
3.869957e+00,1.338466e-15,3.077347e-14,3.077347e-16
3.872801e+00,1.342371e-15,3.108177e-14,3.108177e-16
3.875644e+00,1.362125e-15,3.143885e-14,3.143885e-16
3.878488e+00,1.364388e-15,3.174892e-14,3.174892e-16
3.881331e+00,1.366879e-15,3.195182e-14,3.195182e-16
3.884174e+00,1.364751e-15,3.214248e-14,3.214248e-16
3.887018e+00,1.363998e-15,3.237339e-14,3.237339e-16
3.889861e+00,1.378344e-15,3.256118e-14,3.256118e-16
3.892705e+00,1.377830e-15,3.267108e-14,3.267108e-16
3.895548e+00,1.372996e-15,3.273286e-14,3.273286e-16
3.898392e+00,1.380875e-15,3.274832e-14,3.274832e-16
3.901235e+00,1.362909e-15,3.276352e-14,3.276352e-16
3.904079e+00,1.360970e-15,3.281062e-14,3.281062e-16
3.906922e+00,1.372106e-15,3.286457e-14,3.286457e-16
3.909766e+00,1.371747e-15,3.291931e-14,3.291931e-16
3.912609e+00,1.360695e-15,3.291963e-14,3.291963e-16
3.915453e+00,1.368164e-15,3.284238e-14,3.284238e-16
3.918296e+00,1.360544e-15,3.278419e-14,3.278419e-16
3.921140e+00,1.361651e-15,3.275869e-14,3.275869e-16
3.923983e+00,1.361465e-15,3.269052e-14,3.269052e-16
3.926826e+00,1.359988e-15,3.255998e-14,3.255998e-16
3.929670e+00,1.358622e-15,3.242684e-14,3.242684e-16
3.932513e+00,1.356739e-15,3.234891e-14,3.234891e-16
3.935357e+00,1.372618e-15,3.228536e-14,3.228536e-16
3.938200e+00,1.382367e-15,3.215809e-14,3.215809e-16
3.941044e+00,1.376957e-15,3.197018e-14,3.197018e-16
3.943887e+00,1.370278e-15,3.176993e-14,3.176993e-16
3.946731e+00,1.376356e-15,3.154701e-14,3.154701e-16
3.949574e+00,1.370207e-15,3.126742e-14,3.126742e-16
3.952418e+00,1.364898e-15,3.095738e-14,3.095738e-16
3.955261e+00,1.359446e-15,3.065979e-14,3.065979e-16
3.958105e+00,1.360425e-15,3.036739e-14,3.036739e-16
3.960948e+00,1.355891e-15,3.004617e-14,3.004617e-16
3.963792e+00,1.345784e-15,2.964850e-14,2.964850e-16
3.966635e+00,1.330826e-15,2.916952e-14,2.916952e-16
3.969478e+00,1.327811e-15,2.867726e-14,2.867726e-16
3.972322e+00,1.312574e-15,2.819492e-14,2.819492e-16
3.975165e+00,1.309298e-15,2.769359e-14,2.769359e-16
3.978009e+00,1.282992e-15,2.716286e-14,2.716286e-16
3.980852e+00,1.269650e-15,2.660913e-14,2.660913e-16
3.983696e+00,1.250089e-15,2.604597e-14,2.604597e-16
3.986539e+00,1.237019e-15,2.549292e-14,2.549292e-16
3.989383e+00,1.215649e-15,2.496695e-14,2.496695e-16
3.992226e+00,1.202717e-15,2.447060e-14,2.447060e-16
3.995070e+00,1.182562e-15,2.399829e-14,2.399829e-16
3.997913e+00,1.162169e-15,2.352343e-14,2.352343e-16
4.000757e+00,1.143806e-15,2.304288e-14,2.304288e-16
4.003600e+00,1.127060e-15,2.259787e-14,2.259787e-16
4.006444e+00,1.113472e-15,2.219883e-14,2.219883e-16
4.009287e+00,1.094567e-15,2.183243e-14,2.183243e-16
4.012130e+00,1.074286e-15,2.154057e-14,2.154057e-16
4.014974e+00,1.061210e-15,2.129531e-14,2.129531e-16
4.017817e+00,1.046607e-15,2.100826e-14,2.100826e-16
4.020661e+00,1.029507e-15,2.072612e-14,2.072612e-16
4.023504e+00,1.017877e-15,2.051386e-14,2.051386e-16
4.026348e+00,1.007287e-15,2.034019e-14,2.034019e-16
4.029191e+00,9.963232e-16,2.018252e-14,2.018252e-16
4.032035e+00,9.880748e-16,2.005164e-14,2.005164e-16
4.034878e+00,9.788354e-16,1.997335e-14,1.997335e-16
4.037722e+00,9.732174e-16,1.994078e-14,1.994078e-16
4.040565e+00,9.735723e-16,1.985902e-14,1.985902e-16
4.043409e+00,9.643483e-16,1.972291e-14,1.972291e-16
4.046252e+00,9.690386e-16,1.963209e-14,1.963209e-16
4.049096e+00,9.651592e-16,1.961204e-14,1.961204e-16
4.051939e+00,9.675964e-16,1.959610e-14,1.959610e-16
4.054782e+00,9.686188e-16,1.953979e-14,1.953979e-16
4.057626e+00,9.670826e-16,1.947102e-14,1.947102e-16
4.060469e+00,9.732581e-16,1.945741e-14,1.945741e-16
4.063313e+00,9.779589e-16,1.951258e-14,1.951258e-16
4.066156e+00,9.830403e-16,1.959136e-14,1.959136e-16
4.069000e+00,9.921988e-16,1.966936e-14,1.966936e-16
4.071843e+00,9.992932e-16,1.979503e-14,1.979503e-16
4.074687e+00,1.011809e-15,1.997287e-14,1.997287e-16
4.077530e+00,1.011573e-15,2.015130e-14,2.015130e-16
4.080374e+00,1.017720e-15,2.034031e-14,2.034031e-16
4.083217e+00,1.018154e-15,2.055556e-14,2.055556e-16
4.086061e+00,1.029138e-15,2.076389e-14,2.076389e-16
4.088904e+00,1.033517e-15,2.096481e-14,2.096481e-16
4.091747e+00,1.044571e-15,2.120531e-14,2.120531e-16
4.094591e+00,1.040423e-15,2.146642e-14,2.146642e-16
4.097434e+00,1.045754e-15,2.168998e-14,2.168998e-16
4.100278e+00,1.041904e-15,2.187311e-14,2.187311e-16
4.103121e+00,1.042046e-15,2.203885e-14,2.203885e-16
4.105965e+00,1.046328e-15,2.217684e-14,2.217684e-16
4.108808e+00,1.037408e-15,2.227766e-14,2.227766e-16
4.111652e+00,1.030950e-15,2.238276e-14,2.238276e-16
4.114495e+00,1.034226e-15,2.251743e-14,2.251743e-16
4.117339e+00,1.034336e-15,2.260746e-14,2.260746e-16
4.120182e+00,1.027853e-15,2.260145e-14,2.260145e-16
4.123026e+00,1.015625e-15,2.255123e-14,2.255123e-16
4.125869e+00,1.006949e-15,2.246466e-14,2.246466e-16
4.128713e+00,9.958931e-16,2.233587e-14,2.233587e-16
4.131556e+00,9.864447e-16,2.220290e-14,2.220290e-16
4.134399e+00,9.856225e-16,2.205285e-14,2.205285e-16
4.137243e+00,9.725741e-16,2.188816e-14,2.188816e-16
4.140086e+00,9.643960e-16,2.175976e-14,2.175976e-16
4.142930e+00,9.572501e-16,2.167298e-14,2.167298e-16
4.145773e+00,9.461380e-16,2.159648e-14,2.159648e-16
4.148617e+00,9.381638e-16,2.149693e-14,2.149693e-16
4.151460e+00,9.358999e-16,2.136357e-14,2.136357e-16
4.154304e+00,9.204113e-16,2.123652e-14,2.123652e-16
4.157147e+00,9.252044e-16,2.115839e-14,2.115839e-16
4.159991e+00,9.109706e-16,2.108633e-14,2.108633e-16
4.162834e+00,9.055621e-16,2.099129e-14,2.099129e-16
4.165678e+00,9.033057e-16,2.093559e-14,2.093559e-16
4.168521e+00,8.966073e-16,2.093144e-14,2.093144e-16
4.171365e+00,9.131919e-16,2.094067e-14,2.094067e-16
4.174208e+00,9.014911e-16,2.096465e-14,2.096465e-16
4.177051e+00,9.125294e-16,2.100560e-14,2.100560e-16
4.179895e+00,9.081662e-16,2.106328e-14,2.106328e-16
4.182738e+00,9.123302e-16,2.114609e-14,2.114609e-16
4.185582e+00,9.231874e-16,2.124386e-14,2.124386e-16
4.188425e+00,9.266717e-16,2.137138e-14,2.137138e-16
4.191269e+00,9.339213e-16,2.158548e-14,2.158548e-16
4.194112e+00,9.430046e-16,2.184692e-14,2.184692e-16
4.196956e+00,9.589866e-16,2.206254e-14,2.206254e-16
4.199799e+00,9.662294e-16,2.223739e-14,2.223739e-16
4.202643e+00,9.634331e-16,2.244645e-14,2.244645e-16
4.205486e+00,9.887330e-16,2.274541e-14,2.274541e-16
4.208330e+00,1.001102e-15,2.308827e-14,2.308827e-16
4.211173e+00,1.013765e-15,2.337628e-14,2.337628e-16
4.214017e+00,1.023858e-15,2.362157e-14,2.362157e-16
4.216860e+00,1.037972e-15,2.388115e-14,2.388115e-16
4.219703e+00,1.041492e-15,2.415484e-14,2.415484e-16
4.222547e+00,1.051922e-15,2.441681e-14,2.441681e-16
4.225390e+00,1.057966e-15,2.465803e-14,2.465803e-16
4.228234e+00,1.067687e-15,2.490952e-14,2.490952e-16
4.231077e+00,1.077290e-15,2.515734e-14,2.515734e-16
4.233921e+00,1.084168e-15,2.536628e-14,2.536628e-16
4.236764e+00,1.080052e-15,2.556686e-14,2.556686e-16
4.239608e+00,1.091374e-15,2.579304e-14,2.579304e-16
4.242451e+00,1.099891e-15,2.602492e-14,2.602492e-16
4.245295e+00,1.099691e-15,2.624383e-14,2.624383e-16
4.248138e+00,1.105554e-15,2.645540e-14,2.645540e-16
4.250982e+00,1.108675e-15,2.662547e-14,2.662547e-16
4.253825e+00,1.100509e-15,2.672468e-14,2.672468e-16
4.256669e+00,1.105143e-15,2.683080e-14,2.683080e-16
4.259512e+00,1.107379e-15,2.700466e-14,2.700466e-16
4.262355e+00,1.110874e-15,2.720752e-14,2.720752e-16
4.265199e+00,1.119245e-15,2.738848e-14,2.738848e-16
4.268042e+00,1.114604e-15,2.752342e-14,2.752342e-16
4.270886e+00,1.110712e-15,2.762485e-14,2.762485e-16
4.273729e+00,1.111369e-15,2.773643e-14,2.773643e-16
4.276573e+00,1.108795e-15,2.787441e-14,2.787441e-16
4.279416e+00,1.103811e-15,2.803227e-14,2.803227e-16
4.282260e+00,1.104002e-15,2.820142e-14,2.820142e-16
4.285103e+00,1.102527e-15,2.835196e-14,2.835196e-16
4.287947e+00,1.104935e-15,2.847086e-14,2.847086e-16
4.290790e+00,1.101514e-15,2.859354e-14,2.859354e-16
4.293634e+00,1.107972e-15,2.873898e-14,2.873898e-16
4.296477e+00,1.110110e-15,2.885472e-14,2.885472e-16
4.299321e+00,1.103179e-15,2.891484e-14,2.891484e-16
4.302164e+00,1.104486e-15,2.894298e-14,2.894298e-16
4.305007e+00,1.104569e-15,2.896006e-14,2.896006e-16
4.307851e+00,1.109387e-15,2.899303e-14,2.899303e-16
4.310694e+00,1.105122e-15,2.904143e-14,2.904143e-16
4.313538e+00,1.106555e-15,2.907762e-14,2.907762e-16
4.316381e+00,1.103364e-15,2.909948e-14,2.909948e-16
4.319225e+00,1.101836e-15,2.909943e-14,2.909943e-16
4.322068e+00,1.100217e-15,2.907434e-14,2.907434e-16
4.324912e+00,1.104527e-15,2.904665e-14,2.904665e-16
4.327755e+00,1.105166e-15,2.901206e-14,2.901206e-16
4.330599e+00,1.099780e-15,2.895201e-14,2.895201e-16
4.333442e+00,1.090796e-15,2.889373e-14,2.889373e-16
4.336286e+00,1.095391e-15,2.884163e-14,2.884163e-16
4.339129e+00,1.098117e-15,2.874866e-14,2.874866e-16
4.341972e+00,1.084186e-15,2.860191e-14,2.860191e-16
4.344816e+00,1.078336e-15,2.844473e-14,2.844473e-16
4.347659e+00,1.066757e-15,2.831160e-14,2.831160e-16
4.350503e+00,1.066895e-15,2.818852e-14,2.818852e-16
4.353346e+00,1.058184e-15,2.805414e-14,2.805414e-16
4.356190e+00,1.045926e-15,2.789426e-14,2.789426e-16
4.359033e+00,1.031847e-15,2.771842e-14,2.771842e-16
4.361877e+00,1.026307e-15,2.755258e-14,2.755258e-16
4.364720e+00,1.016356e-15,2.736523e-14,2.736523e-16
4.367564e+00,1.009766e-15,2.712104e-14,2.712104e-16
4.370407e+00,9.937516e-16,2.688972e-14,2.688972e-16
4.373251e+00,9.814469e-16,2.671286e-14,2.671286e-16
4.376094e+00,9.764319e-16,2.653795e-14,2.653795e-16
4.378938e+00,9.631326e-16,2.633658e-14,2.633658e-16
4.381781e+00,9.557351e-16,2.613030e-14,2.613030e-16
4.384624e+00,9.440855e-16,2.594728e-14,2.594728e-16
4.387468e+00,9.311039e-16,2.580386e-14,2.580386e-16
4.390311e+00,9.294706e-16,2.566358e-14,2.566358e-16
4.393155e+00,9.203645e-16,2.549735e-14,2.549735e-16
4.395998e+00,9.068279e-16,2.534041e-14,2.534041e-16
4.398842e+00,9.003063e-16,2.519337e-14,2.519337e-16
4.401685e+00,8.918390e-16,2.503632e-14,2.503632e-16
4.404529e+00,8.833038e-16,2.489026e-14,2.489026e-16
4.407372e+00,8.783673e-16,2.477196e-14,2.477196e-16
4.410216e+00,8.777864e-16,2.469524e-14,2.469524e-16
4.413059e+00,8.737857e-16,2.464884e-14,2.464884e-16
4.415903e+00,8.785179e-16,2.458295e-14,2.458295e-16
4.418746e+00,8.773834e-16,2.448740e-14,2.448740e-16
4.421590e+00,8.759982e-16,2.437807e-14,2.437807e-16
4.424433e+00,8.686684e-16,2.427123e-14,2.427123e-16
4.427276e+00,8.670992e-16,2.419706e-14,2.419706e-16
4.430120e+00,8.735603e-16,2.415455e-14,2.415455e-16
4.432963e+00,8.711558e-16,2.410917e-14,2.410917e-16
4.435807e+00,8.716112e-16,2.403653e-14,2.403653e-16
4.438650e+00,8.665993e-16,2.393608e-14,2.393608e-16
4.441494e+00,8.729147e-16,2.382020e-14,2.382020e-16
4.444337e+00,8.620824e-16,2.372336e-14,2.372336e-16
4.447181e+00,8.727968e-16,2.366745e-14,2.366745e-16
4.450024e+00,8.718087e-16,2.360194e-14,2.360194e-16
4.452868e+00,8.707372e-16,2.349279e-14,2.349279e-16
4.455711e+00,8.660647e-16,2.338117e-14,2.338117e-16
4.458555e+00,8.618592e-16,2.328574e-14,2.328574e-16
4.461398e+00,8.610102e-16,2.319832e-14,2.319832e-16
4.464242e+00,8.634356e-16,2.310665e-14,2.310665e-16
4.467085e+00,8.558567e-16,2.297759e-14,2.297759e-16
4.469928e+00,8.568651e-16,2.280510e-14,2.280510e-16
4.472772e+00,8.451072e-16,2.263146e-14,2.263146e-16
4.475615e+00,8.504323e-16,2.246448e-14,2.246448e-16
4.478459e+00,8.436622e-16,2.228513e-14,2.228513e-16
4.481302e+00,8.416621e-16,2.209556e-14,2.209556e-16
4.484146e+00,8.334716e-16,2.189524e-14,2.189524e-16
4.486989e+00,8.239027e-16,2.169415e-14,2.169415e-16
4.489833e+00,8.217855e-16,2.151354e-14,2.151354e-16
4.492676e+00,8.123116e-16,2.134674e-14,2.134674e-16
4.495520e+00,8.086189e-16,2.119185e-14,2.119185e-16
4.498363e+00,8.051034e-16,2.106051e-14,2.106051e-16
4.501207e+00,7.980651e-16,2.094058e-14,2.094058e-16
4.504050e+00,7.978764e-16,2.079804e-14,2.079804e-16
4.506894e+00,7.891473e-16,2.064818e-14,2.064818e-16
4.509737e+00,7.850491e-16,2.054471e-14,2.054471e-16
4.512580e+00,7.861943e-16,2.046751e-14,2.046751e-16
4.515424e+00,7.825181e-16,2.035976e-14,2.035976e-16
4.518267e+00,7.749456e-16,2.022800e-14,2.022800e-16
4.521111e+00,7.741436e-16,2.009520e-14,2.009520e-16
4.523954e+00,7.733901e-16,1.997040e-14,1.997040e-16
4.526798e+00,7.736673e-16,1.986603e-14,1.986603e-16
4.529641e+00,7.757340e-16,1.978479e-14,1.978479e-16
4.532485e+00,7.726781e-16,1.971191e-14,1.971191e-16
4.535328e+00,7.727224e-16,1.962835e-14,1.962835e-16
4.538172e+00,7.736011e-16,1.953601e-14,1.953601e-16
4.541015e+00,7.779658e-16,1.945109e-14,1.945109e-16
4.543859e+00,7.715442e-16,1.936748e-14,1.936748e-16
4.546702e+00,7.727324e-16,1.926290e-14,1.926290e-16
4.549546e+00,7.712878e-16,1.916200e-14,1.916200e-16
4.552389e+00,7.760638e-16,1.910501e-14,1.910501e-16
4.555232e+00,7.782892e-16,1.906227e-14,1.906227e-16
4.558076e+00,7.801774e-16,1.899737e-14,1.899737e-16
4.560919e+00,7.741863e-16,1.894577e-14,1.894577e-16
4.563763e+00,7.826718e-16,1.892346e-14,1.892346e-16
4.566606e+00,7.832962e-16,1.887849e-14,1.887849e-16
4.569450e+00,7.864206e-16,1.883722e-14,1.883722e-16
4.572293e+00,7.869048e-16,1.884928e-14,1.884928e-16
4.575137e+00,7.887271e-16,1.887750e-14,1.887750e-16
4.577980e+00,7.883637e-16,1.887915e-14,1.887915e-16
4.580824e+00,7.930215e-16,1.886896e-14,1.886896e-16
4.583667e+00,7.935600e-16,1.884541e-14,1.884541e-16
4.586511e+00,7.941491e-16,1.880543e-14,1.880543e-16
4.589354e+00,7.926066e-16,1.877748e-14,1.877748e-16
4.592198e+00,7.943197e-16,1.875840e-14,1.875840e-16
4.595041e+00,7.896794e-16,1.872654e-14,1.872654e-16
4.597884e+00,7.907005e-16,1.866996e-14,1.866996e-16
4.600728e+00,7.867345e-16,1.859410e-14,1.859410e-16
4.603571e+00,7.823979e-16,1.852341e-14,1.852341e-16
4.606415e+00,7.847422e-16,1.844324e-14,1.844324e-16
4.609258e+00,7.796714e-16,1.832540e-14,1.832540e-16
4.612102e+00,7.728908e-16,1.819713e-14,1.819713e-16
4.614945e+00,7.702230e-16,1.808180e-14,1.808180e-16
4.617789e+00,7.679770e-16,1.795226e-14,1.795226e-16
4.620632e+00,7.624723e-16,1.780885e-14,1.780885e-16
4.623476e+00,7.553035e-16,1.766239e-14,1.766239e-16
4.626319e+00,7.494864e-16,1.749849e-14,1.749849e-16
4.629163e+00,7.448174e-16,1.732084e-14,1.732084e-16
4.632006e+00,7.376952e-16,1.713528e-14,1.713528e-16
4.634849e+00,7.344649e-16,1.696208e-14,1.696208e-16
4.637693e+00,7.340643e-16,1.682386e-14,1.682386e-16
4.640536e+00,7.262084e-16,1.668704e-14,1.668704e-16
4.643380e+00,7.202972e-16,1.652038e-14,1.652038e-16
4.646223e+00,7.216792e-16,1.634317e-14,1.634317e-16
4.649067e+00,7.136888e-16,1.617530e-14,1.617530e-16
4.651910e+00,7.126072e-16,1.602042e-14,1.602042e-16
4.654754e+00,7.124883e-16,1.586798e-14,1.586798e-16
4.657597e+00,7.109399e-16,1.569732e-14,1.569732e-16
4.660441e+00,7.022746e-16,1.551039e-14,1.551039e-16
4.663284e+00,6.980844e-16,1.533108e-14,1.533108e-16
4.666128e+00,6.940631e-16,1.518297e-14,1.518297e-16
4.668971e+00,6.947921e-16,1.506456e-14,1.506456e-16
4.671815e+00,6.913219e-16,1.495672e-14,1.495672e-16
4.674658e+00,6.835402e-16,1.485899e-14,1.485899e-16
4.677501e+00,6.859018e-16,1.477571e-14,1.477571e-16
4.680345e+00,6.803806e-16,1.468614e-14,1.468614e-16
4.683188e+00,6.766197e-16,1.458728e-14,1.458728e-16
4.686032e+00,6.738514e-16,1.450240e-14,1.450240e-16
4.688875e+00,6.736289e-16,1.442955e-14,1.442955e-16
4.691719e+00,6.631629e-16,1.439166e-14,1.439166e-16
4.694562e+00,6.648873e-16,1.439928e-14,1.439928e-16
4.697406e+00,6.560011e-16,1.439951e-14,1.439951e-16
4.700249e+00,6.582997e-16,1.436017e-14,1.436017e-16
4.703093e+00,6.524162e-16,1.430532e-14,1.430532e-16
4.705936e+00,6.451759e-16,1.423954e-14,1.423954e-16
4.708780e+00,6.355749e-16,1.416004e-14,1.416004e-16
4.711623e+00,6.381597e-16,1.408463e-14,1.408463e-16
4.714467e+00,6.320964e-16,1.400777e-14,1.400777e-16
4.717310e+00,6.242450e-16,1.390938e-14,1.390938e-16
4.720153e+00,6.210408e-16,1.380839e-14,1.380839e-16
4.722997e+00,6.136971e-16,1.372334e-14,1.372334e-16
4.725840e+00,6.090151e-16,1.364984e-14,1.364984e-16
4.728684e+00,6.020021e-16,1.358268e-14,1.358268e-16
4.731527e+00,5.977286e-16,1.350476e-14,1.350476e-16
4.734371e+00,5.950000e-16,1.341950e-14,1.341950e-16
4.737214e+00,5.921134e-16,1.335876e-14,1.335876e-16
4.740058e+00,5.900524e-16,1.332379e-14,1.332379e-16
4.742901e+00,5.875295e-16,1.328167e-14,1.328167e-16
4.745745e+00,5.897286e-16,1.321682e-14,1.321682e-16
4.748588e+00,5.810341e-16,1.315346e-14,1.315346e-16
4.751432e+00,5.775951e-16,1.312482e-14,1.312482e-16
4.754275e+00,5.818232e-16,1.313083e-14,1.313083e-16
4.757119e+00,5.860771e-16,1.313846e-14,1.313846e-16
4.759962e+00,5.868149e-16,1.312490e-14,1.312490e-16
4.762805e+00,5.849167e-16,1.311704e-14,1.311704e-16
4.765649e+00,5.864277e-16,1.313548e-14,1.313548e-16
4.768492e+00,5.960221e-16,1.314974e-14,1.314974e-16
4.771336e+00,5.984993e-16,1.314392e-14,1.314392e-16
4.774179e+00,6.050185e-16,1.313662e-14,1.313662e-16
4.777023e+00,6.102203e-16,1.314045e-14,1.314045e-16
4.779866e+00,6.114649e-16,1.315158e-14,1.315158e-16
4.782710e+00,6.181129e-16,1.315437e-14,1.315437e-16
4.785553e+00,6.249809e-16,1.313325e-14,1.313325e-16
4.788397e+00,6.310986e-16,1.312760e-14,1.312760e-16
4.791240e+00,6.394082e-16,1.314464e-14,1.314464e-16
4.794084e+00,6.373992e-16,1.313062e-14,1.313062e-16
4.796927e+00,6.397204e-16,1.310821e-14,1.310821e-16
4.799771e+00,6.534349e-16,1.314309e-14,1.314309e-16
4.802614e+00,6.559999e-16,1.320465e-14,1.320465e-16
4.805457e+00,6.656834e-16,1.324612e-14,1.324612e-16
4.808301e+00,6.678398e-16,1.327936e-14,1.327936e-16
4.811144e+00,6.742802e-16,1.332908e-14,1.332908e-16
4.813988e+00,6.771146e-16,1.339382e-14,1.339382e-16
4.816831e+00,6.781793e-16,1.344038e-14,1.344038e-16
4.819675e+00,6.852542e-16,1.346140e-14,1.346140e-16
4.822518e+00,6.819943e-16,1.350044e-14,1.350044e-16
4.825362e+00,6.881163e-16,1.356737e-14,1.356737e-16
4.828205e+00,6.913186e-16,1.363892e-14,1.363892e-16
4.831049e+00,6.920613e-16,1.371847e-14,1.371847e-16
4.833892e+00,6.922430e-16,1.378582e-14,1.378582e-16
4.836736e+00,6.924630e-16,1.381504e-14,1.381504e-16
4.839579e+00,6.914382e-16,1.383738e-14,1.383738e-16
4.842423e+00,6.836642e-16,1.386055e-14,1.386055e-16
4.845266e+00,6.877973e-16,1.387959e-14,1.387959e-16
4.848109e+00,6.901591e-16,1.390638e-14,1.390638e-16
4.850953e+00,6.878879e-16,1.391531e-14,1.391531e-16
4.853796e+00,6.792680e-16,1.388488e-14,1.388488e-16
4.856640e+00,6.819130e-16,1.384640e-14,1.384640e-16
4.859483e+00,6.714506e-16,1.381741e-14,1.381741e-16
4.862327e+00,6.774108e-16,1.378402e-14,1.378402e-16
4.865170e+00,6.709009e-16,1.375706e-14,1.375706e-16
4.868014e+00,6.721536e-16,1.375417e-14,1.375417e-16
4.870857e+00,6.663239e-16,1.376034e-14,1.376034e-16
4.873701e+00,6.670789e-16,1.374444e-14,1.374444e-16
4.876544e+00,6.630194e-16,1.369409e-14,1.369409e-16
4.879388e+00,6.645324e-16,1.361403e-14,1.361403e-16
4.882231e+00,6.587184e-16,1.351560e-14,1.351560e-16
4.885074e+00,6.579659e-16,1.342904e-14,1.342904e-16
4.887918e+00,6.543058e-16,1.337674e-14,1.337674e-16
4.890761e+00,6.574509e-16,1.335327e-14,1.335327e-16
4.893605e+00,6.574680e-16,1.332725e-14,1.332725e-16
4.896448e+00,6.531685e-16,1.326025e-14,1.326025e-16
4.899292e+00,6.537839e-16,1.316077e-14,1.316077e-16
4.902135e+00,6.508441e-16,1.307134e-14,1.307134e-16
4.904979e+00,6.534476e-16,1.300361e-14,1.300361e-16
4.907822e+00,6.514139e-16,1.293776e-14,1.293776e-16
4.910666e+00,6.523322e-16,1.287524e-14,1.287524e-16
4.913509e+00,6.465132e-16,1.281444e-14,1.281444e-16
4.916353e+00,6.513965e-16,1.273428e-14,1.273428e-16
4.919196e+00,6.465667e-16,1.262568e-14,1.262568e-16
4.922040e+00,6.441621e-16,1.249985e-14,1.249985e-16
4.924883e+00,6.439786e-16,1.237575e-14,1.237575e-16
4.927726e+00,6.393105e-16,1.228574e-14,1.228574e-16
4.930570e+00,6.445599e-16,1.221388e-14,1.221388e-16
4.933413e+00,6.410745e-16,1.212533e-14,1.212533e-16
4.936257e+00,6.321390e-16,1.202639e-14,1.202639e-16
4.939100e+00,6.301762e-16,1.189441e-14,1.189441e-16
4.941944e+00,6.235190e-16,1.172457e-14,1.172457e-16
4.944787e+00,6.184833e-16,1.157645e-14,1.157645e-16
4.947631e+00,6.120103e-16,1.142641e-14,1.142641e-16
4.950474e+00,6.113277e-16,1.123034e-14,1.123034e-16
4.953318e+00,6.003506e-16,1.102801e-14,1.102801e-16
4.956161e+00,5.923587e-16,1.082936e-14,1.082936e-16
4.959005e+00,5.903266e-16,1.062666e-14,1.062666e-16
4.961848e+00,5.843513e-16,1.042724e-14,1.042724e-16
4.964692e+00,5.793429e-16,1.019760e-14,1.019760e-16
4.967535e+00,5.726251e-16,9.951338e-15,9.951338e-17
4.970378e+00,5.680711e-16,9.731462e-15,9.731462e-17
4.973222e+00,5.604913e-16,9.523899e-15,9.523899e-17
4.976065e+00,5.537133e-16,9.313234e-15,9.313234e-17
4.978909e+00,5.467520e-16,9.105453e-15,9.105453e-17
4.981752e+00,5.433299e-16,8.893005e-15,8.893005e-17
4.984596e+00,5.356169e-16,8.670722e-15,8.670722e-17
4.987439e+00,5.294310e-16,8.474780e-15,8.474780e-17
4.990283e+00,5.231564e-16,8.322310e-15,8.322310e-17
4.993126e+00,5.169707e-16,8.185555e-15,8.185555e-17
4.995970e+00,5.166139e-16,8.064817e-15,8.064817e-17
4.998813e+00,5.129294e-16,7.986398e-15,7.986398e-17
5.001657e+00,5.109758e-16,7.927814e-15,7.927814e-17
5.004500e+00,5.079349e-16,7.858072e-15,7.858072e-17
5.007344e+00,5.012143e-16,7.801951e-15,7.801951e-17
5.010187e+00,5.048285e-16,7.768671e-15,7.768671e-17
5.013030e+00,5.024929e-16,7.742075e-15,7.742075e-17
5.015874e+00,5.012651e-16,7.725632e-15,7.725632e-17
5.018717e+00,4.990221e-16,7.741978e-15,7.741978e-17
5.021561e+00,5.033072e-16,7.765580e-15,7.765580e-17
5.024404e+00,4.998467e-16,7.769606e-15,7.769606e-17
5.027248e+00,4.956745e-16,7.788165e-15,7.788165e-17
5.030091e+00,5.029746e-16,7.849138e-15,7.849138e-17
5.032935e+00,5.068983e-16,7.923119e-15,7.923119e-17
5.035778e+00,5.080789e-16,7.972805e-15,7.972805e-17
5.038622e+00,5.045236e-16,8.006692e-15,8.006692e-17
5.041465e+00,5.078160e-16,8.053963e-15,8.053963e-17
5.044309e+00,5.095716e-16,8.110479e-15,8.110479e-17
5.047152e+00,5.115034e-16,8.175030e-15,8.175030e-17
5.049996e+00,5.170394e-16,8.257748e-15,8.257748e-17
5.052839e+00,5.186966e-16,8.319019e-15,8.319019e-17
5.055682e+00,5.150283e-16,8.339044e-15,8.339044e-17
5.058526e+00,5.189173e-16,8.386676e-15,8.386676e-17
5.061369e+00,5.235495e-16,8.469094e-15,8.469094e-17
5.064213e+00,5.289834e-16,8.538968e-15,8.538968e-17
5.067056e+00,5.277306e-16,8.568081e-15,8.568081e-17
5.069900e+00,5.254145e-16,8.566391e-15,8.566391e-17
5.072743e+00,5.293295e-16,8.560182e-15,8.560182e-17
5.075587e+00,5.232750e-16,8.558786e-15,8.558786e-17
5.078430e+00,5.259414e-16,8.558069e-15,8.558069e-17
5.081274e+00,5.240629e-16,8.550433e-15,8.550433e-17
5.084117e+00,5.247096e-16,8.508472e-15,8.508472e-17
5.086961e+00,5.234973e-16,8.426571e-15,8.426571e-17
5.089804e+00,5.231141e-16,8.354827e-15,8.354827e-17
5.092648e+00,5.179056e-16,8.299665e-15,8.299665e-17
5.095491e+00,5.175536e-16,8.218514e-15,8.218514e-17
5.098334e+00,5.135265e-16,8.108341e-15,8.108341e-17
5.101178e+00,5.079388e-16,7.991748e-15,7.991748e-17
5.104021e+00,5.036505e-16,7.882796e-15,7.882796e-17
5.106865e+00,5.004517e-16,7.791731e-15,7.791731e-17
5.109708e+00,4.964619e-16,7.698576e-15,7.698576e-17
5.112552e+00,4.915462e-16,7.592217e-15,7.592217e-17
5.115395e+00,4.867833e-16,7.498995e-15,7.498995e-17
5.118239e+00,4.825196e-16,7.425540e-15,7.425540e-17
5.121082e+00,4.774236e-16,7.342379e-15,7.342379e-17
5.123926e+00,4.760960e-16,7.252732e-15,7.252732e-17
5.126769e+00,4.735718e-16,7.182474e-15,7.182474e-17
5.129613e+00,4.664421e-16,7.126970e-15,7.126970e-17
5.132456e+00,4.630364e-16,7.066518e-15,7.066518e-17
5.135299e+00,4.618761e-16,6.986692e-15,6.986692e-17
5.138143e+00,4.561484e-16,6.897007e-15,6.897007e-17
5.140986e+00,4.516830e-16,6.821238e-15,6.821238e-17
5.143830e+00,4.539050e-16,6.741198e-15,6.741198e-17
5.146673e+00,4.506570e-16,6.647535e-15,6.647535e-17
5.149517e+00,4.464099e-16,6.570932e-15,6.570932e-17
5.152360e+00,4.458545e-16,6.503336e-15,6.503336e-17
5.155204e+00,4.458255e-16,6.424860e-15,6.424860e-17
5.158047e+00,4.444302e-16,6.358142e-15,6.358142e-17
5.160891e+00,4.426710e-16,6.312642e-15,6.312642e-17
5.163734e+00,4.443221e-16,6.272497e-15,6.272497e-17
5.166578e+00,4.411798e-16,6.221149e-15,6.221149e-17
5.169421e+00,4.401437e-16,6.165070e-15,6.165070e-17
5.172265e+00,4.392194e-16,6.136309e-15,6.136309e-17
5.175108e+00,4.391149e-16,6.152113e-15,6.152113e-17
5.177951e+00,4.384732e-16,6.156090e-15,6.156090e-17
5.180795e+00,4.385529e-16,6.123246e-15,6.123246e-17
5.183638e+00,4.336050e-16,6.099245e-15,6.099245e-17
5.186482e+00,4.318702e-16,6.099966e-15,6.099966e-17
5.189325e+00,4.339671e-16,6.123318e-15,6.123318e-17
5.192169e+00,4.316963e-16,6.166781e-15,6.166781e-17
5.195012e+00,4.316196e-16,6.160502e-15,6.160502e-17
5.197856e+00,4.301590e-16,6.081455e-15,6.081455e-17
5.200699e+00,4.280001e-16,6.013442e-15,6.013442e-17
5.203543e+00,4.222119e-16,5.987274e-15,5.987274e-17
5.206386e+00,4.198002e-16,5.962935e-15,5.962935e-17
5.209230e+00,4.166156e-16,5.930690e-15,5.930690e-17
5.212073e+00,4.139961e-16,5.919082e-15,5.919082e-17
5.214917e+00,4.132988e-16,5.932097e-15,5.932097e-17
5.217760e+00,4.135173e-16,5.941687e-15,5.941687e-17
5.220603e+00,4.096588e-16,5.919011e-15,5.919011e-17
5.223447e+00,4.057190e-16,5.883967e-15,5.883967e-17
5.226290e+00,4.069058e-16,5.880612e-15,5.880612e-17
5.229134e+00,4.089407e-16,5.920887e-15,5.920887e-17
5.231977e+00,4.047132e-16,5.978210e-15,5.978210e-17
5.234821e+00,4.049889e-16,6.018756e-15,6.018756e-17
5.237664e+00,4.077909e-16,6.064303e-15,6.064303e-17
5.240508e+00,4.099347e-16,6.130929e-15,6.130929e-17
5.243351e+00,4.103801e-16,6.203651e-15,6.203651e-17
5.246195e+00,4.115613e-16,6.286634e-15,6.286634e-17
5.249038e+00,4.170316e-16,6.381539e-15,6.381539e-17
5.251882e+00,4.156031e-16,6.468675e-15,6.468675e-17
5.254725e+00,4.207777e-16,6.561974e-15,6.561974e-17
5.257569e+00,4.279728e-16,6.683615e-15,6.683615e-17
5.260412e+00,4.290374e-16,6.800946e-15,6.800946e-17
5.263255e+00,4.322653e-16,6.888424e-15,6.888424e-17
5.266099e+00,4.374351e-16,6.959764e-15,6.959764e-17
5.268942e+00,4.416136e-16,7.053638e-15,7.053638e-17
5.271786e+00,4.484004e-16,7.191116e-15,7.191116e-17
5.274629e+00,4.582395e-16,7.321256e-15,7.321256e-17
5.277473e+00,4.565859e-16,7.395738e-15,7.395738e-17
5.280316e+00,4.586197e-16,7.461788e-15,7.461788e-17
5.283160e+00,4.615143e-16,7.560365e-15,7.560365e-17
5.286003e+00,4.644020e-16,7.665003e-15,7.665003e-17
5.288847e+00,4.680581e-16,7.747081e-15,7.747081e-17
5.291690e+00,4.706998e-16,7.795414e-15,7.795414e-17
5.294534e+00,4.655412e-16,7.802665e-15,7.802665e-17
5.297377e+00,4.664851e-16,7.804120e-15,7.804120e-17
5.300221e+00,4.638768e-16,7.830534e-15,7.830534e-17
5.303064e+00,4.682534e-16,7.840761e-15,7.840761e-17
5.305907e+00,4.643369e-16,7.806682e-15,7.806682e-17
5.308751e+00,4.616386e-16,7.759219e-15,7.759219e-17
5.311594e+00,4.629432e-16,7.696670e-15,7.696670e-17
5.314438e+00,4.565171e-16,7.629939e-15,7.629939e-17
5.317281e+00,4.536951e-16,7.560427e-15,7.560427e-17
5.320125e+00,4.514692e-16,7.440880e-15,7.440880e-17
5.322968e+00,4.491247e-16,7.280057e-15,7.280057e-17
5.325812e+00,4.398266e-16,7.125950e-15,7.125950e-17
5.328655e+00,4.375304e-16,6.976746e-15,6.976746e-17
5.331499e+00,4.354665e-16,6.811866e-15,6.811866e-17
5.334342e+00,4.253666e-16,6.638570e-15,6.638570e-17
5.337186e+00,4.168666e-16,6.458927e-15,6.458927e-17
5.340029e+00,4.193349e-16,6.261079e-15,6.261079e-17
5.342873e+00,4.108891e-16,6.061802e-15,6.061802e-17
5.345716e+00,3.998674e-16,5.884511e-15,5.884511e-17
5.348559e+00,3.982196e-16,5.715596e-15,5.715596e-17
5.351403e+00,3.895001e-16,5.541892e-15,5.541892e-17
5.354246e+00,3.857370e-16,5.368461e-15,5.368461e-17
5.357090e+00,3.785217e-16,5.218305e-15,5.218305e-17
5.359933e+00,3.731120e-16,5.112418e-15,5.112418e-17
5.362777e+00,3.712985e-16,5.033177e-15,5.033177e-17
5.365620e+00,3.658398e-16,4.950631e-15,4.950631e-17
5.368464e+00,3.626912e-16,4.878148e-15,4.878148e-17
5.371307e+00,3.600433e-16,4.822493e-15,4.822493e-17
5.374151e+00,3.524204e-16,4.754058e-15,4.754058e-17
5.376994e+00,3.482434e-16,4.669030e-15,4.669030e-17
5.379838e+00,3.452422e-16,4.627874e-15,4.627874e-17
5.382681e+00,3.471161e-16,4.628248e-15,4.628248e-17
5.385524e+00,3.457310e-16,4.614940e-15,4.614940e-17
5.388368e+00,3.421367e-16,4.593279e-15,4.593279e-17
5.391211e+00,3.422802e-16,4.581632e-15,4.581632e-17
5.394055e+00,3.468373e-16,4.566136e-15,4.566136e-17
5.396898e+00,3.453174e-16,4.554651e-15,4.554651e-17
5.399742e+00,3.428500e-16,4.538432e-15,4.538432e-17
5.402585e+00,3.429868e-16,4.526261e-15,4.526261e-17
5.405429e+00,3.507551e-16,4.549541e-15,4.549541e-17
5.408272e+00,3.512425e-16,4.591604e-15,4.591604e-17
5.411116e+00,3.528940e-16,4.624963e-15,4.624963e-17
5.413959e+00,3.550391e-16,4.653527e-15,4.653527e-17
5.416803e+00,3.549384e-16,4.695958e-15,4.695958e-17
5.419646e+00,3.629605e-16,4.757567e-15,4.757567e-17
5.422490e+00,3.651559e-16,4.810878e-15,4.810878e-17
5.425333e+00,3.668857e-16,4.858130e-15,4.858130e-17
5.428176e+00,3.709562e-16,4.928143e-15,4.928143e-17
5.431020e+00,3.712934e-16,5.016981e-15,5.016981e-17
5.433863e+00,3.802017e-16,5.089554e-15,5.089554e-17
5.436707e+00,3.835823e-16,5.143924e-15,5.143924e-17
5.439550e+00,3.850575e-16,5.212001e-15,5.212001e-17
5.442394e+00,3.899962e-16,5.264809e-15,5.264809e-17
5.445237e+00,3.854567e-16,5.275895e-15,5.275895e-17
5.448081e+00,3.912981e-16,5.291702e-15,5.291702e-17
5.450924e+00,3.939527e-16,5.336736e-15,5.336736e-17
5.453768e+00,3.960664e-16,5.381253e-15,5.381253e-17
5.456611e+00,3.955336e-16,5.395313e-15,5.395313e-17
5.459455e+00,3.930842e-16,5.418286e-15,5.418286e-17
5.462298e+00,3.985404e-16,5.483759e-15,5.483759e-17
5.465142e+00,3.966459e-16,5.544674e-15,5.544674e-17
5.467985e+00,3.963411e-16,5.586408e-15,5.586408e-17
5.470828e+00,3.998245e-16,5.649644e-15,5.649644e-17
5.473672e+00,4.002368e-16,5.719676e-15,5.719676e-17
5.476515e+00,3.972371e-16,5.779241e-15,5.779241e-17
5.479359e+00,3.973613e-16,5.857393e-15,5.857393e-17
5.482202e+00,4.016687e-16,5.947607e-15,5.947607e-17
5.485046e+00,4.013754e-16,6.026322e-15,6.026322e-17
5.487889e+00,3.971853e-16,6.106393e-15,6.106393e-17
5.490733e+00,3.968880e-16,6.190572e-15,6.190572e-17
5.493576e+00,4.020270e-16,6.272771e-15,6.272771e-17
5.496420e+00,4.011976e-16,6.346579e-15,6.346579e-17
5.499263e+00,3.996691e-16,6.407759e-15,6.407759e-17
5.502107e+00,3.979884e-16,6.460232e-15,6.460232e-17
5.504950e+00,3.993294e-16,6.514843e-15,6.514843e-17
5.507794e+00,4.019550e-16,6.555874e-15,6.555874e-17
5.510637e+00,4.017807e-16,6.568556e-15,6.568556e-17
5.513480e+00,4.040418e-16,6.572726e-15,6.572726e-17
5.516324e+00,4.028560e-16,6.571096e-15,6.571096e-17
5.519167e+00,4.024221e-16,6.557526e-15,6.557526e-17
5.522011e+00,4.020694e-16,6.547681e-15,6.547681e-17
5.524854e+00,4.075966e-16,6.536076e-15,6.536076e-17
5.527698e+00,4.031094e-16,6.506632e-15,6.506632e-17
5.530541e+00,3.986777e-16,6.443587e-15,6.443587e-17
5.533385e+00,4.020520e-16,6.346572e-15,6.346572e-17
5.536228e+00,3.951648e-16,6.242408e-15,6.242408e-17
5.539072e+00,3.949693e-16,6.150696e-15,6.150696e-17
5.541915e+00,3.906782e-16,6.054418e-15,6.054418e-17
5.544759e+00,3.863540e-16,5.916277e-15,5.916277e-17
5.547602e+00,3.849277e-16,5.760705e-15,5.760705e-17
5.550446e+00,3.773477e-16,5.631752e-15,5.631752e-17
5.553289e+00,3.802032e-16,5.526548e-15,5.526548e-17
5.556132e+00,3.753838e-16,5.410205e-15,5.410205e-17
5.558976e+00,3.733685e-16,5.264401e-15,5.264401e-17
5.561819e+00,3.621964e-16,5.106554e-15,5.106554e-17
5.564663e+00,3.632144e-16,4.966748e-15,4.966748e-17
5.567506e+00,3.599671e-16,4.862766e-15,4.862766e-17
5.570350e+00,3.601209e-16,4.780450e-15,4.780450e-17
5.573193e+00,3.565100e-16,4.674461e-15,4.674461e-17
5.576037e+00,3.540080e-16,4.555562e-15,4.555562e-17
5.578880e+00,3.460121e-16,4.487163e-15,4.487163e-17
5.581724e+00,3.462331e-16,4.441548e-15,4.441548e-17
5.584567e+00,3.457363e-16,4.367895e-15,4.367895e-17
5.587411e+00,3.419924e-16,4.326096e-15,4.326096e-17
5.590254e+00,3.376971e-16,4.340145e-15,4.340145e-17
5.593098e+00,3.425530e-16,4.339329e-15,4.339329e-17
5.595941e+00,3.399710e-16,4.338988e-15,4.338988e-17
5.598784e+00,3.417524e-16,4.381826e-15,4.381826e-17
5.601628e+00,3.433091e-16,4.422157e-15,4.422157e-17
5.604471e+00,3.408079e-16,4.455420e-15,4.455420e-17
5.607315e+00,3.422167e-16,4.513735e-15,4.513735e-17
5.610158e+00,3.414838e-16,4.575175e-15,4.575175e-17
5.613002e+00,3.416967e-16,4.615230e-15,4.615230e-17
5.615845e+00,3.445104e-16,4.647890e-15,4.647890e-17
5.618689e+00,3.379984e-16,4.695290e-15,4.695290e-17
5.621532e+00,3.381440e-16,4.744617e-15,4.744617e-17
5.624376e+00,3.433056e-16,4.778704e-15,4.778704e-17
5.627219e+00,3.445239e-16,4.797875e-15,4.797875e-17
5.630063e+00,3.408456e-16,4.806489e-15,4.806489e-17
5.632906e+00,3.423010e-16,4.808442e-15,4.808442e-17
5.635750e+00,3.410461e-16,4.817089e-15,4.817089e-17
5.638593e+00,3.465962e-16,4.846764e-15,4.846764e-17
5.641436e+00,3.452305e-16,4.869011e-15,4.869011e-17
5.644280e+00,3.454756e-16,4.862828e-15,4.862828e-17
5.647123e+00,3.445420e-16,4.880023e-15,4.880023e-17
5.649967e+00,3.447568e-16,4.924524e-15,4.924524e-17
5.652810e+00,3.457153e-16,4.953105e-15,4.953105e-17
5.655654e+00,3.467562e-16,4.968640e-15,4.968640e-17
5.658497e+00,3.472067e-16,4.999537e-15,4.999537e-17
5.661341e+00,3.502524e-16,5.047231e-15,5.047231e-17
5.664184e+00,3.480534e-16,5.090606e-15,5.090606e-17
5.667028e+00,3.458830e-16,5.121248e-15,5.121248e-17
5.669871e+00,3.508809e-16,5.145445e-15,5.145445e-17
5.672715e+00,3.469926e-16,5.133665e-15,5.133665e-17
5.675558e+00,3.465698e-16,5.092412e-15,5.092412e-17
5.678401e+00,3.471872e-16,5.074759e-15,5.074759e-17
5.681245e+00,3.409501e-16,5.074599e-15,5.074599e-17
5.684088e+00,3.416870e-16,5.036995e-15,5.036995e-17
5.686932e+00,3.393182e-16,4.953336e-15,4.953336e-17
5.689775e+00,3.360059e-16,4.865404e-15,4.865404e-17
5.692619e+00,3.374372e-16,4.787110e-15,4.787110e-17
5.695462e+00,3.351835e-16,4.679261e-15,4.679261e-17
5.698306e+00,3.289612e-16,4.541433e-15,4.541433e-17
5.701149e+00,3.285184e-16,4.432020e-15,4.432020e-17
5.703993e+00,3.259587e-16,4.332088e-15,4.332088e-17
5.706836e+00,3.236609e-16,4.180081e-15,4.180081e-17
5.709680e+00,3.175688e-16,4.009594e-15,4.009594e-17
5.712523e+00,3.125857e-16,3.888147e-15,3.888147e-17
5.715367e+00,3.083578e-16,3.815008e-15,3.815008e-17
5.718210e+00,3.095747e-16,3.743496e-15,3.743496e-17
5.721053e+00,3.033181e-16,3.662525e-15,3.662525e-17
5.723897e+00,3.024058e-16,3.587553e-15,3.587553e-17
5.726740e+00,2.967105e-16,3.524081e-15,3.524081e-17
5.729584e+00,2.953853e-16,3.481386e-15,3.481386e-17
5.732427e+00,2.934341e-16,3.444318e-15,3.444318e-17
5.735271e+00,2.877868e-16,3.386470e-15,3.386470e-17
5.738114e+00,2.907758e-16,3.341406e-15,3.341406e-17
5.740958e+00,2.859662e-16,3.330988e-15,3.330988e-17
5.743801e+00,2.864161e-16,3.326351e-15,3.326351e-17
5.746645e+00,2.839630e-16,3.312116e-15,3.312116e-17
5.749488e+00,2.861262e-16,3.296463e-15,3.296463e-17
5.752332e+00,2.873002e-16,3.298408e-15,3.298408e-17
5.755175e+00,2.886536e-16,3.315766e-15,3.315766e-17
5.758019e+00,2.855823e-16,3.326890e-15,3.326890e-17
5.760862e+00,2.895820e-16,3.339443e-15,3.339443e-17
5.763705e+00,2.877869e-16,3.360333e-15,3.360333e-17
5.766549e+00,2.869297e-16,3.382256e-15,3.382256e-17
5.769392e+00,2.849406e-16,3.417724e-15,3.417724e-17
5.772236e+00,2.891809e-16,3.483340e-15,3.483340e-17
5.775079e+00,2.902966e-16,3.563579e-15,3.563579e-17
5.777923e+00,2.939694e-16,3.634342e-15,3.634342e-17
5.780766e+00,2.945258e-16,3.721234e-15,3.721234e-17
5.783610e+00,2.967394e-16,3.839307e-15,3.839307e-17
5.786453e+00,2.984058e-16,3.947543e-15,3.947543e-17
5.789297e+00,3.029101e-16,4.039655e-15,4.039655e-17
5.792140e+00,3.082166e-16,4.148840e-15,4.148840e-17
5.794984e+00,3.124645e-16,4.273701e-15,4.273701e-17
5.797827e+00,3.121383e-16,4.393734e-15,4.393734e-17
5.800671e+00,3.140274e-16,4.496370e-15,4.496370e-17
5.803514e+00,3.194875e-16,4.603643e-15,4.603643e-17
5.806357e+00,3.215955e-16,4.733500e-15,4.733500e-17
5.809201e+00,3.227219e-16,4.853537e-15,4.853537e-17
5.812044e+00,3.272254e-16,4.966652e-15,4.966652e-17
5.814888e+00,3.345213e-16,5.094601e-15,5.094601e-17
5.817731e+00,3.328880e-16,5.222573e-15,5.222573e-17
5.820575e+00,3.344857e-16,5.344805e-15,5.344805e-17
5.823418e+00,3.326841e-16,5.465366e-15,5.465366e-17
5.826262e+00,3.404449e-16,5.585272e-15,5.585272e-17
5.829105e+00,3.429576e-16,5.705710e-15,5.705710e-17
5.831949e+00,3.440764e-16,5.817784e-15,5.817784e-17
5.834792e+00,3.473672e-16,5.914937e-15,5.914937e-17
5.837636e+00,3.450475e-16,6.009476e-15,6.009476e-17
5.840479e+00,3.521118e-16,6.110501e-15,6.110501e-17
5.843323e+00,3.489915e-16,6.203185e-15,6.203185e-17
5.846166e+00,3.476206e-16,6.278607e-15,6.278607e-17
5.849009e+00,3.470644e-16,6.337112e-15,6.337112e-17
5.851853e+00,3.493148e-16,6.377271e-15,6.377271e-17
5.854696e+00,3.464515e-16,6.403912e-15,6.403912e-17
5.857540e+00,3.497020e-16,6.425660e-15,6.425660e-17
5.860383e+00,3.496091e-16,6.452358e-15,6.452358e-17
5.863227e+00,3.500712e-16,6.472316e-15,6.472316e-17
5.866070e+00,3.479871e-16,6.456471e-15,6.456471e-17
5.868914e+00,3.496119e-16,6.423936e-15,6.423936e-17
5.871757e+00,3.474621e-16,6.386856e-15,6.386856e-17
5.874601e+00,3.424137e-16,6.326671e-15,6.326671e-17
5.877444e+00,3.406663e-16,6.257719e-15,6.257719e-17
5.880288e+00,3.418778e-16,6.191521e-15,6.191521e-17
5.883131e+00,3.443449e-16,6.113979e-15,6.113979e-17
5.885975e+00,3.423034e-16,6.030844e-15,6.030844e-17
5.888818e+00,3.448902e-16,5.942606e-15,5.942606e-17
5.891661e+00,3.388528e-16,5.839487e-15,5.839487e-17
5.894505e+00,3.380537e-16,5.738706e-15,5.738706e-17
5.897348e+00,3.368169e-16,5.641497e-15,5.641497e-17
5.900192e+00,3.325824e-16,5.540730e-15,5.540730e-17
5.903035e+00,3.356430e-16,5.451726e-15,5.451726e-17
5.905879e+00,3.340095e-16,5.369102e-15,5.369102e-17
5.908722e+00,3.320150e-16,5.276001e-15,5.276001e-17
5.911566e+00,3.292334e-16,5.175513e-15,5.175513e-17
5.914409e+00,3.256224e-16,5.070504e-15,5.070504e-17
5.917253e+00,3.231285e-16,4.969639e-15,4.969639e-17
5.920096e+00,3.215851e-16,4.883172e-15,4.883172e-17
5.922940e+00,3.222811e-16,4.804432e-15,4.804432e-17
5.925783e+00,3.193246e-16,4.732572e-15,4.732572e-17
5.928626e+00,3.181110e-16,4.676335e-15,4.676335e-17
5.931470e+00,3.153865e-16,4.614292e-15,4.614292e-17
5.934313e+00,3.119437e-16,4.523255e-15,4.523255e-17
5.937157e+00,3.086978e-16,4.427155e-15,4.427155e-17
5.940000e+00,3.072959e-16,4.356231e-15,4.356231e-17
5.942844e+00,3.063493e-16,4.310423e-15,4.310423e-17
5.945687e+00,3.071672e-16,4.264162e-15,4.264162e-17
5.948531e+00,2.989111e-16,4.217215e-15,4.217215e-17
5.951374e+00,3.027754e-16,4.190755e-15,4.190755e-17
5.954218e+00,3.008540e-16,4.173776e-15,4.173776e-17
5.957061e+00,2.980024e-16,4.142486e-15,4.142486e-17
5.959905e+00,2.976521e-16,4.109218e-15,4.109218e-17
5.962748e+00,2.941507e-16,4.087232e-15,4.087232e-17
5.965592e+00,2.933575e-16,4.075262e-15,4.075262e-17
5.968435e+00,2.922143e-16,4.074342e-15,4.074342e-17
5.971278e+00,2.936095e-16,4.076021e-15,4.076021e-17
5.974122e+00,2.913010e-16,4.079234e-15,4.079234e-17
5.976965e+00,2.930854e-16,4.082341e-15,4.082341e-17
5.979809e+00,2.910714e-16,4.072020e-15,4.072020e-17
5.982652e+00,2.891791e-16,4.060332e-15,4.060332e-17
5.985496e+00,2.921625e-16,4.061112e-15,4.061112e-17
5.988339e+00,2.909981e-16,4.061634e-15,4.061634e-17
5.991183e+00,2.905706e-16,4.056865e-15,4.056865e-17
5.994026e+00,2.890613e-16,4.054862e-15,4.054862e-17
5.996870e+00,2.967933e-16,4.053790e-15,4.053790e-17
5.999713e+00,2.910924e-16,4.051717e-15,4.051717e-17
6.002557e+00,2.975018e-16,4.047946e-15,4.047946e-17
6.005400e+00,2.934285e-16,4.035394e-15,4.035394e-17
6.008244e+00,2.945360e-16,4.032564e-15,4.032564e-17
6.011087e+00,2.950837e-16,4.054957e-15,4.054957e-17
6.013930e+00,2.948384e-16,4.066680e-15,4.066680e-17
6.016774e+00,2.923555e-16,4.046788e-15,4.046788e-17
6.019617e+00,2.901811e-16,4.022139e-15,4.022139e-17
6.022461e+00,2.901899e-16,4.016447e-15,4.016447e-17
6.025304e+00,2.898019e-16,4.041710e-15,4.041710e-17
6.028148e+00,2.934241e-16,4.077416e-15,4.077416e-17
6.030991e+00,2.906355e-16,4.071469e-15,4.071469e-17
6.033835e+00,2.887841e-16,4.024672e-15,4.024672e-17
6.036678e+00,2.878190e-16,3.987966e-15,3.987966e-17
6.039522e+00,2.873135e-16,3.970202e-15,3.970202e-17
6.042365e+00,2.867339e-16,3.946339e-15,3.946339e-17
6.045209e+00,2.856313e-16,3.899988e-15,3.899988e-17
6.048052e+00,2.830195e-16,3.834016e-15,3.834016e-17
6.050896e+00,2.812280e-16,3.769071e-15,3.769071e-17
6.053739e+00,2.764812e-16,3.708862e-15,3.708862e-17
6.056582e+00,2.768041e-16,3.625522e-15,3.625522e-17
6.059426e+00,2.756811e-16,3.526992e-15,3.526992e-17
6.062269e+00,2.724925e-16,3.424164e-15,3.424164e-17
6.065113e+00,2.683506e-16,3.329974e-15,3.329974e-17
6.067956e+00,2.679136e-16,3.260838e-15,3.260838e-17
6.070800e+00,2.692919e-16,3.197190e-15,3.197190e-17
6.073643e+00,2.653846e-16,3.119189e-15,3.119189e-17
6.076487e+00,2.642396e-16,3.040931e-15,3.040931e-17
6.079330e+00,2.591903e-16,2.967904e-15,2.967904e-17
6.082174e+00,2.579738e-16,2.890783e-15,2.890783e-17
6.085017e+00,2.593928e-16,2.810926e-15,2.810926e-17
6.087861e+00,2.534772e-16,2.746159e-15,2.746159e-17
6.090704e+00,2.514029e-16,2.711145e-15,2.711145e-17
6.093548e+00,2.510271e-16,2.690878e-15,2.690878e-17
6.096391e+00,2.489138e-16,2.652250e-15,2.652250e-17
6.099234e+00,2.479693e-16,2.609771e-15,2.609771e-17
6.102078e+00,2.426374e-16,2.590939e-15,2.590939e-17
6.104921e+00,2.450185e-16,2.579139e-15,2.579139e-17
6.107765e+00,2.427564e-16,2.555117e-15,2.555117e-17
6.110608e+00,2.473868e-16,2.541737e-15,2.541737e-17
6.113452e+00,2.404373e-16,2.547643e-15,2.547643e-17
6.116295e+00,2.403667e-16,2.552063e-15,2.552063e-17
6.119139e+00,2.428790e-16,2.547524e-15,2.547524e-17
6.121982e+00,2.409291e-16,2.540064e-15,2.540064e-17
6.124826e+00,2.398411e-16,2.533757e-15,2.533757e-17
6.127669e+00,2.418967e-16,2.541261e-15,2.541261e-17
6.130513e+00,2.392959e-16,2.560572e-15,2.560572e-17
6.133356e+00,2.411709e-16,2.585155e-15,2.585155e-17
6.136200e+00,2.381877e-16,2.624426e-15,2.624426e-17
6.139043e+00,2.414088e-16,2.692467e-15,2.692467e-17
6.141886e+00,2.424708e-16,2.764522e-15,2.764522e-17
6.144730e+00,2.417326e-16,2.812235e-15,2.812235e-17
6.147573e+00,2.451708e-16,2.857181e-15,2.857181e-17
6.150417e+00,2.451489e-16,2.920608e-15,2.920608e-17
6.153260e+00,2.415834e-16,2.981106e-15,2.981106e-17
6.156104e+00,2.437809e-16,3.030906e-15,3.030906e-17
6.158947e+00,2.419471e-16,3.083845e-15,3.083845e-17
6.161791e+00,2.467786e-16,3.130178e-15,3.130178e-17
6.164634e+00,2.465300e-16,3.152074e-15,3.152074e-17
6.167478e+00,2.436375e-16,3.165479e-15,3.165479e-17
6.170321e+00,2.428799e-16,3.191318e-15,3.191318e-17
6.173165e+00,2.450929e-16,3.211273e-15,3.211273e-17
6.176008e+00,2.443523e-16,3.198573e-15,3.198573e-17
6.178851e+00,2.430859e-16,3.157156e-15,3.157156e-17
6.181695e+00,2.398568e-16,3.118662e-15,3.118662e-17
6.184538e+00,2.420916e-16,3.100452e-15,3.100452e-17
6.187382e+00,2.404959e-16,3.076011e-15,3.076011e-17
6.190225e+00,2.410869e-16,3.025807e-15,3.025807e-17
6.193069e+00,2.392955e-16,2.991239e-15,2.991239e-17
6.195912e+00,2.402815e-16,2.979406e-15,2.979406e-17
6.198756e+00,2.381592e-16,2.951836e-15,2.951836e-17
6.201599e+00,2.336271e-16,2.925988e-15,2.925988e-17
6.204443e+00,2.341017e-16,2.924136e-15,2.924136e-17
6.207286e+00,2.360375e-16,2.931608e-15,2.931608e-17
6.210130e+00,2.334530e-16,2.937857e-15,2.937857e-17
6.212973e+00,2.335640e-16,2.933499e-15,2.933499e-17
6.215817e+00,2.313641e-16,2.926889e-15,2.926889e-17
6.218660e+00,2.324378e-16,2.936536e-15,2.936536e-17
6.221503e+00,2.336444e-16,2.960068e-15,2.960068e-17
6.224347e+00,2.347075e-16,2.981629e-15,2.981629e-17
6.227190e+00,2.329270e-16,2.992078e-15,2.992078e-17
6.230034e+00,2.321488e-16,3.003998e-15,3.003998e-17
6.232877e+00,2.344444e-16,3.022164e-15,3.022164e-17
6.235721e+00,2.339096e-16,3.038351e-15,3.038351e-17
6.238564e+00,2.326739e-16,3.052488e-15,3.052488e-17
6.241408e+00,2.335284e-16,3.063276e-15,3.063276e-17
6.244251e+00,2.367838e-16,3.066877e-15,3.066877e-17
6.247095e+00,2.353857e-16,3.074811e-15,3.074811e-17
6.249938e+00,2.376825e-16,3.093116e-15,3.093116e-17
6.252782e+00,2.371064e-16,3.108014e-15,3.108014e-17
6.255625e+00,2.350188e-16,3.111707e-15,3.111707e-17
6.258469e+00,2.365874e-16,3.122459e-15,3.122459e-17
6.261312e+00,2.392533e-16,3.142265e-15,3.142265e-17
6.264155e+00,2.393126e-16,3.150885e-15,3.150885e-17
6.266999e+00,2.375801e-16,3.154656e-15,3.154656e-17
6.269842e+00,2.377366e-16,3.165947e-15,3.165947e-17
6.272686e+00,2.416113e-16,3.172813e-15,3.172813e-17
6.275529e+00,2.402760e-16,3.178832e-15,3.178832e-17
6.278373e+00,2.412033e-16,3.189104e-15,3.189104e-17
6.281216e+00,2.428469e-16,3.192424e-15,3.192424e-17
6.284060e+00,2.401372e-16,3.195410e-15,3.195410e-17
6.286903e+00,2.412808e-16,3.206647e-15,3.206647e-17
6.289747e+00,2.427829e-16,3.218586e-15,3.218586e-17
6.292590e+00,2.418162e-16,3.221552e-15,3.221552e-17
6.295434e+00,2.397542e-16,3.217416e-15,3.217416e-17
6.298277e+00,2.424922e-16,3.221176e-15,3.221176e-17
6.301121e+00,2.438369e-16,3.227282e-15,3.227282e-17
6.303964e+00,2.381680e-16,3.220753e-15,3.220753e-17
6.306807e+00,2.403762e-16,3.212719e-15,3.212719e-17
6.309651e+00,2.384190e-16,3.207410e-15,3.207410e-17
6.312494e+00,2.396923e-16,3.207950e-15,3.207950e-17
6.315338e+00,2.395678e-16,3.223335e-15,3.223335e-17
6.318181e+00,2.379601e-16,3.242912e-15,3.242912e-17
6.321025e+00,2.383719e-16,3.251664e-15,3.251664e-17
6.323868e+00,2.369168e-16,3.253556e-15,3.253556e-17
6.326712e+00,2.341895e-16,3.268030e-15,3.268030e-17
6.329555e+00,2.377447e-16,3.304215e-15,3.304215e-17
6.332399e+00,2.357588e-16,3.334498e-15,3.334498e-17
6.335242e+00,2.367335e-16,3.343211e-15,3.343211e-17
6.338086e+00,2.343187e-16,3.360769e-15,3.360769e-17
6.340929e+00,2.381685e-16,3.402586e-15,3.402586e-17
6.343773e+00,2.385110e-16,3.438935e-15,3.438935e-17
6.346616e+00,2.362659e-16,3.450687e-15,3.450687e-17
6.349459e+00,2.377094e-16,3.458474e-15,3.458474e-17
6.352303e+00,2.360571e-16,3.482421e-15,3.482421e-17
6.355146e+00,2.382884e-16,3.519656e-15,3.519656e-17
6.357990e+00,2.390702e-16,3.554245e-15,3.554245e-17
6.360833e+00,2.391745e-16,3.571094e-15,3.571094e-17
6.363677e+00,2.395770e-16,3.583975e-15,3.583975e-17
6.366520e+00,2.398582e-16,3.608054e-15,3.608054e-17
6.369364e+00,2.415942e-16,3.630463e-15,3.630463e-17
6.372207e+00,2.455199e-16,3.661469e-15,3.661469e-17
6.375051e+00,2.456779e-16,3.721447e-15,3.721447e-17
6.377894e+00,2.482920e-16,3.781431e-15,3.781431e-17
6.380738e+00,2.506645e-16,3.816686e-15,3.816686e-17
6.383581e+00,2.490871e-16,3.844979e-15,3.844979e-17
6.386425e+00,2.514144e-16,3.886582e-15,3.886582e-17
6.389268e+00,2.533818e-16,3.951635e-15,3.951635e-17
6.392111e+00,2.557427e-16,4.015789e-15,4.015789e-17
6.394955e+00,2.590093e-16,4.045062e-15,4.045062e-17
6.397798e+00,2.590753e-16,4.069619e-15,4.069619e-17
6.400642e+00,2.598024e-16,4.125712e-15,4.125712e-17
6.403485e+00,2.617444e-16,4.190779e-15,4.190779e-17
6.406329e+00,2.609739e-16,4.241549e-15,4.241549e-17
6.409172e+00,2.659682e-16,4.281480e-15,4.281480e-17
6.412016e+00,2.674165e-16,4.302132e-15,4.302132e-17
6.414859e+00,2.662904e-16,4.312570e-15,4.312570e-17
6.417703e+00,2.673403e-16,4.332791e-15,4.332791e-17
6.420546e+00,2.696740e-16,4.354632e-15,4.354632e-17
6.423390e+00,2.699891e-16,4.373750e-15,4.373750e-17
6.426233e+00,2.716363e-16,4.396806e-15,4.396806e-17
6.429077e+00,2.709798e-16,4.421259e-15,4.421259e-17
6.431920e+00,2.732463e-16,4.451507e-15,4.451507e-17
6.434763e+00,2.748073e-16,4.483840e-15,4.483840e-17
6.437607e+00,2.720996e-16,4.501193e-15,4.501193e-17
6.440450e+00,2.703130e-16,4.519291e-15,4.519291e-17
6.443294e+00,2.724352e-16,4.555857e-15,4.555857e-17
6.446137e+00,2.725390e-16,4.592355e-15,4.592355e-17
6.448981e+00,2.722274e-16,4.608656e-15,4.608656e-17
6.451824e+00,2.718043e-16,4.624677e-15,4.624677e-17
6.454668e+00,2.738978e-16,4.656411e-15,4.656411e-17
6.457511e+00,2.718227e-16,4.689763e-15,4.689763e-17
6.460355e+00,2.720810e-16,4.712690e-15,4.712690e-17
6.463198e+00,2.701630e-16,4.725253e-15,4.725253e-17
6.466042e+00,2.713854e-16,4.725267e-15,4.725267e-17
6.468885e+00,2.738918e-16,4.725933e-15,4.725933e-17
6.471728e+00,2.700145e-16,4.738571e-15,4.738571e-17
6.474572e+00,2.742878e-16,4.749712e-15,4.749712e-17
6.477415e+00,2.720094e-16,4.753874e-15,4.753874e-17
6.480259e+00,2.666927e-16,4.754736e-15,4.754736e-17
6.483102e+00,2.683788e-16,4.754554e-15,4.754554e-17
6.485946e+00,2.700776e-16,4.760573e-15,4.760573e-17
6.488789e+00,2.697348e-16,4.772880e-15,4.772880e-17
6.491633e+00,2.711153e-16,4.782266e-15,4.782266e-17
6.494476e+00,2.691173e-16,4.792915e-15,4.792915e-17
6.497320e+00,2.661564e-16,4.806998e-15,4.806998e-17
6.500163e+00,2.636745e-16,4.820044e-15,4.820044e-17
6.503007e+00,2.670017e-16,4.837731e-15,4.837731e-17
6.505850e+00,2.647973e-16,4.866020e-15,4.866020e-17
6.508694e+00,2.646620e-16,4.891228e-15,4.891228e-17
6.511537e+00,2.647650e-16,4.905928e-15,4.905928e-17
6.514380e+00,2.656099e-16,4.928118e-15,4.928118e-17
6.517224e+00,2.676475e-16,4.959509e-15,4.959509e-17
6.520067e+00,2.636430e-16,4.983892e-15,4.983892e-17
6.522911e+00,2.627062e-16,5.005231e-15,5.005231e-17
6.525754e+00,2.654847e-16,5.034391e-15,5.034391e-17
6.528598e+00,2.644016e-16,5.062706e-15,5.062706e-17
6.531441e+00,2.623184e-16,5.082342e-15,5.082342e-17
6.534285e+00,2.617392e-16,5.101344e-15,5.101344e-17
6.537128e+00,2.619837e-16,5.121464e-15,5.121464e-17
6.539972e+00,2.590263e-16,5.140788e-15,5.140788e-17
6.542815e+00,2.598826e-16,5.154745e-15,5.154745e-17
6.545659e+00,2.594926e-16,5.160494e-15,5.160494e-17
6.548502e+00,2.598653e-16,5.163563e-15,5.163563e-17
6.551346e+00,2.592277e-16,5.165432e-15,5.165432e-17
6.554189e+00,2.558779e-16,5.168467e-15,5.168467e-17
6.557032e+00,2.566776e-16,5.179644e-15,5.179644e-17
6.559876e+00,2.539829e-16,5.189647e-15,5.189647e-17
6.562719e+00,2.533319e-16,5.184591e-15,5.184591e-17
6.565563e+00,2.558427e-16,5.175840e-15,5.175840e-17
6.568406e+00,2.526042e-16,5.175172e-15,5.175172e-17
6.571250e+00,2.501485e-16,5.183140e-15,5.183140e-17
6.574093e+00,2.508788e-16,5.195180e-15,5.195180e-17
6.576937e+00,2.518441e-16,5.201307e-15,5.201307e-17
6.579780e+00,2.495855e-16,5.199656e-15,5.199656e-17
6.582624e+00,2.489489e-16,5.194209e-15,5.194209e-17
6.585467e+00,2.451641e-16,5.181724e-15,5.181724e-17
6.588311e+00,2.445787e-16,5.166925e-15,5.166925e-17
6.591154e+00,2.463008e-16,5.157273e-15,5.157273e-17
6.593998e+00,2.432905e-16,5.149677e-15,5.149677e-17
6.596841e+00,2.463819e-16,5.140688e-15,5.140688e-17
6.599684e+00,2.402489e-16,5.130979e-15,5.130979e-17
6.602528e+00,2.413961e-16,5.122193e-15,5.122193e-17
6.605371e+00,2.438078e-16,5.114826e-15,5.114826e-17
6.608215e+00,2.421190e-16,5.105312e-15,5.105312e-17
6.611058e+00,2.404675e-16,5.094529e-15,5.094529e-17
6.613902e+00,2.399956e-16,5.088857e-15,5.088857e-17
6.616745e+00,2.413787e-16,5.086242e-15,5.086242e-17
6.619589e+00,2.405499e-16,5.082598e-15,5.082598e-17
6.622432e+00,2.398279e-16,5.080368e-15,5.080368e-17
6.625276e+00,2.412224e-16,5.082584e-15,5.082584e-17
6.628119e+00,2.400128e-16,5.085604e-15,5.085604e-17
6.630963e+00,2.403508e-16,5.089427e-15,5.089427e-17
6.633806e+00,2.407705e-16,5.099980e-15,5.099980e-17
6.636650e+00,2.421136e-16,5.116051e-15,5.116051e-17
6.639493e+00,2.430184e-16,5.130019e-15,5.130019e-17
6.642336e+00,2.404778e-16,5.137867e-15,5.137867e-17
6.645180e+00,2.437033e-16,5.142263e-15,5.142263e-17
6.648023e+00,2.444197e-16,5.150433e-15,5.150433e-17
6.650867e+00,2.442519e-16,5.163325e-15,5.163325e-17
6.653710e+00,2.443492e-16,5.175388e-15,5.175388e-17
6.656554e+00,2.454320e-16,5.184737e-15,5.184737e-17
6.659397e+00,2.474884e-16,5.184382e-15,5.184382e-17
6.662241e+00,2.443392e-16,5.171670e-15,5.171670e-17
6.665084e+00,2.473077e-16,5.163100e-15,5.163100e-17
6.667928e+00,2.442409e-16,5.163962e-15,5.163962e-17
6.670771e+00,2.475427e-16,5.160403e-15,5.160403e-17
6.673615e+00,2.448043e-16,5.148357e-15,5.148357e-17
6.676458e+00,2.450604e-16,5.135758e-15,5.135758e-17
6.679302e+00,2.435980e-16,5.118289e-15,5.118289e-17
6.682145e+00,2.428328e-16,5.089133e-15,5.089133e-17
6.684988e+00,2.421503e-16,5.060480e-15,5.060480e-17
6.687832e+00,2.414411e-16,5.040148e-15,5.040148e-17
6.690675e+00,2.398042e-16,5.016828e-15,5.016828e-17
6.693519e+00,2.417712e-16,4.985279e-15,4.985279e-17
6.696362e+00,2.401517e-16,4.949689e-15,4.949689e-17
6.699206e+00,2.401531e-16,4.908823e-15,4.908823e-17
6.702049e+00,2.389054e-16,4.859670e-15,4.859670e-17
6.704893e+00,2.367448e-16,4.809157e-15,4.809157e-17
6.707736e+00,2.382871e-16,4.766506e-15,4.766506e-17
6.710580e+00,2.368773e-16,4.727804e-15,4.727804e-17
6.713423e+00,2.363605e-16,4.686533e-15,4.686533e-17
6.716267e+00,2.373730e-16,4.638286e-15,4.638286e-17
6.719110e+00,2.338474e-16,4.582608e-15,4.582608e-17
6.721953e+00,2.356339e-16,4.528303e-15,4.528303e-17
6.724797e+00,2.334313e-16,4.482919e-15,4.482919e-17
6.727640e+00,2.327597e-16,4.444881e-15,4.444881e-17
6.730484e+00,2.326031e-16,4.415085e-15,4.415085e-17
6.733327e+00,2.293592e-16,4.388494e-15,4.388494e-17
6.736171e+00,2.296753e-16,4.358500e-15,4.358500e-17
6.739014e+00,2.283260e-16,4.328979e-15,4.328979e-17
6.741858e+00,2.274838e-16,4.305467e-15,4.305467e-17
6.744701e+00,2.273688e-16,4.285524e-15,4.285524e-17
6.747545e+00,2.257027e-16,4.264526e-15,4.264526e-17
6.750388e+00,2.253267e-16,4.243660e-15,4.243660e-17
6.753232e+00,2.267496e-16,4.228563e-15,4.228563e-17
6.756075e+00,2.239183e-16,4.213624e-15,4.213624e-17
6.758919e+00,2.246056e-16,4.203908e-15,4.203908e-17
6.761762e+00,2.253046e-16,4.198067e-15,4.198067e-17
6.764605e+00,2.245460e-16,4.174693e-15,4.174693e-17
6.767449e+00,2.216819e-16,4.146494e-15,4.146494e-17
6.770292e+00,2.234097e-16,4.134353e-15,4.134353e-17
6.773136e+00,2.223083e-16,4.119836e-15,4.119836e-17
6.775979e+00,2.211182e-16,4.089093e-15,4.089093e-17
6.778823e+00,2.218341e-16,4.054664e-15,4.054664e-17
6.781666e+00,2.221451e-16,4.023501e-15,4.023501e-17
6.784510e+00,2.233349e-16,3.998511e-15,3.998511e-17
6.787353e+00,2.228876e-16,3.985088e-15,3.985088e-17
6.790197e+00,2.266563e-16,3.972920e-15,3.972920e-17
6.793040e+00,2.225588e-16,3.949526e-15,3.949526e-17
6.795884e+00,2.203594e-16,3.918858e-15,3.918858e-17
6.798727e+00,2.203642e-16,3.885429e-15,3.885429e-17
6.801571e+00,2.206196e-16,3.857956e-15,3.857956e-17
6.804414e+00,2.168489e-16,3.844357e-15,3.844357e-17
6.807257e+00,2.186581e-16,3.834081e-15,3.834081e-17
6.810101e+00,2.170453e-16,3.821540e-15,3.821540e-17
6.812944e+00,2.171042e-16,3.818142e-15,3.818142e-17
6.815788e+00,2.178192e-16,3.826991e-15,3.826991e-17
6.818631e+00,2.158233e-16,3.837795e-15,3.837795e-17
6.821475e+00,2.152701e-16,3.848104e-15,3.848104e-17
6.824318e+00,2.153557e-16,3.856336e-15,3.856336e-17
6.827162e+00,2.153019e-16,3.857190e-15,3.857190e-17
6.830005e+00,2.133552e-16,3.852090e-15,3.852090e-17
6.832849e+00,2.153905e-16,3.848197e-15,3.848197e-17
6.835692e+00,2.154260e-16,3.852445e-15,3.852445e-17
6.838536e+00,2.158193e-16,3.862963e-15,3.862963e-17
6.841379e+00,2.171760e-16,3.876238e-15,3.876238e-17
6.844223e+00,2.180684e-16,3.894300e-15,3.894300e-17
6.847066e+00,2.195096e-16,3.913192e-15,3.913192e-17
6.849909e+00,2.200326e-16,3.927521e-15,3.927521e-17
6.852753e+00,2.192953e-16,3.935543e-15,3.935543e-17
6.855596e+00,2.206930e-16,3.937588e-15,3.937588e-17
6.858440e+00,2.199999e-16,3.945066e-15,3.945066e-17
6.861283e+00,2.232913e-16,3.965927e-15,3.965927e-17
6.864127e+00,2.232128e-16,3.990393e-15,3.990393e-17
6.866970e+00,2.254486e-16,4.011372e-15,4.011372e-17
6.869814e+00,2.246702e-16,4.024525e-15,4.024525e-17
6.872657e+00,2.246623e-16,4.027433e-15,4.027433e-17
6.875501e+00,2.245462e-16,4.030508e-15,4.030508e-17
6.878344e+00,2.260691e-16,4.041874e-15,4.041874e-17
6.881188e+00,2.246449e-16,4.052083e-15,4.052083e-17
6.884031e+00,2.257588e-16,4.055731e-15,4.055731e-17
6.886875e+00,2.237725e-16,4.056428e-15,4.056428e-17
6.889718e+00,2.250724e-16,4.050911e-15,4.050911e-17
6.892561e+00,2.259757e-16,4.035537e-15,4.035537e-17
6.895405e+00,2.248433e-16,4.009063e-15,4.009063e-17
6.898248e+00,2.233834e-16,3.972586e-15,3.972586e-17
6.901092e+00,2.235059e-16,3.929450e-15,3.929450e-17
6.903935e+00,2.212795e-16,3.882138e-15,3.882138e-17
6.906779e+00,2.212241e-16,3.840954e-15,3.840954e-17
6.909622e+00,2.232768e-16,3.807363e-15,3.807363e-17
6.912466e+00,2.210561e-16,3.771176e-15,3.771176e-17
6.915309e+00,2.199349e-16,3.731747e-15,3.731747e-17
6.918153e+00,2.188682e-16,3.693175e-15,3.693175e-17
6.920996e+00,2.162247e-16,3.650445e-15,3.650445e-17
6.923840e+00,2.124396e-16,3.605719e-15,3.605719e-17
6.926683e+00,2.143131e-16,3.570242e-15,3.570242e-17
6.929527e+00,2.114936e-16,3.545430e-15,3.545430e-17
6.932370e+00,2.103379e-16,3.524989e-15,3.524989e-17
6.935213e+00,2.116758e-16,3.508344e-15,3.508344e-17
6.938057e+00,2.104496e-16,3.492851e-15,3.492851e-17
6.940900e+00,2.097212e-16,3.474730e-15,3.474730e-17
6.943744e+00,2.067846e-16,3.459155e-15,3.459155e-17
6.946587e+00,2.081617e-16,3.451471e-15,3.451471e-17
6.949431e+00,2.081601e-16,3.448193e-15,3.448193e-17
6.952274e+00,2.081846e-16,3.443850e-15,3.443850e-17
6.955118e+00,2.050436e-16,3.434201e-15,3.434201e-17
6.957961e+00,2.073671e-16,3.420804e-15,3.420804e-17
6.960805e+00,2.046817e-16,3.410079e-15,3.410079e-17
6.963648e+00,2.079291e-16,3.401014e-15,3.401014e-17
6.966492e+00,2.068345e-16,3.388151e-15,3.388151e-17
6.969335e+00,2.039423e-16,3.375957e-15,3.375957e-17
6.972178e+00,2.043376e-16,3.367768e-15,3.367768e-17
6.975022e+00,2.094063e-16,3.362446e-15,3.362446e-17
6.977865e+00,2.095663e-16,3.359680e-15,3.359680e-17
6.980709e+00,2.085596e-16,3.358297e-15,3.358297e-17
6.983552e+00,2.082851e-16,3.356749e-15,3.356749e-17
6.986396e+00,2.096779e-16,3.352290e-15,3.352290e-17
6.989239e+00,2.104965e-16,3.344382e-15,3.344382e-17
6.992083e+00,2.075398e-16,3.336872e-15,3.336872e-17
6.994926e+00,2.084731e-16,3.334327e-15,3.334327e-17
6.997770e+00,2.103797e-16,3.338474e-15,3.338474e-17
7.000613e+00,2.102785e-16,3.336828e-15,3.336828e-17
7.003457e+00,2.115154e-16,3.322360e-15,3.322360e-17
7.006300e+00,2.086518e-16,3.306200e-15,3.306200e-17
7.009144e+00,2.084248e-16,3.290849e-15,3.290849e-17
7.011987e+00,2.087161e-16,3.267096e-15,3.267096e-17
7.014830e+00,2.090171e-16,3.244644e-15,3.244644e-17
7.017674e+00,2.072827e-16,3.225372e-15,3.225372e-17
7.020517e+00,2.078176e-16,3.197281e-15,3.197281e-17
7.023361e+00,2.059422e-16,3.166304e-15,3.166304e-17
7.026204e+00,2.049461e-16,3.139093e-15,3.139093e-17
7.029048e+00,2.019320e-16,3.107754e-15,3.107754e-17
7.031891e+00,2.028810e-16,3.074521e-15,3.074521e-17
7.034735e+00,2.041973e-16,3.044032e-15,3.044032e-17
7.037578e+00,2.029157e-16,3.007760e-15,3.007760e-17
7.040422e+00,1.999101e-16,2.959894e-15,2.959894e-17
7.043265e+00,2.009099e-16,2.906348e-15,2.906348e-17
7.046109e+00,1.985147e-16,2.852142e-15,2.852142e-17
7.048952e+00,1.963200e-16,2.799524e-15,2.799524e-17
7.051796e+00,1.951837e-16,2.744819e-15,2.744819e-17
7.054639e+00,1.914558e-16,2.689525e-15,2.689525e-17
7.057482e+00,1.895114e-16,2.645554e-15,2.645554e-17
7.060326e+00,1.887388e-16,2.610292e-15,2.610292e-17
7.063169e+00,1.880667e-16,2.572963e-15,2.572963e-17
7.066013e+00,1.880963e-16,2.534676e-15,2.534676e-17
7.068856e+00,1.876239e-16,2.494251e-15,2.494251e-17
7.071700e+00,1.849766e-16,2.454052e-15,2.454052e-17
7.074543e+00,1.839342e-16,2.417633e-15,2.417633e-17
7.077387e+00,1.850665e-16,2.379767e-15,2.379767e-17
7.080230e+00,1.847278e-16,2.339603e-15,2.339603e-17
7.083074e+00,1.834528e-16,2.305620e-15,2.305620e-17
7.085917e+00,1.848320e-16,2.288449e-15,2.288449e-17
7.088761e+00,1.825880e-16,2.287736e-15,2.287736e-17
7.091604e+00,1.860853e-16,2.281823e-15,2.281823e-17
7.094448e+00,1.859139e-16,2.257924e-15,2.257924e-17
7.097291e+00,1.808196e-16,2.236869e-15,2.236869e-17
7.100134e+00,1.831072e-16,2.229041e-15,2.229041e-17
7.102978e+00,1.846376e-16,2.222165e-15,2.222165e-17
7.105821e+00,1.843249e-16,2.219693e-15,2.219693e-17
7.108665e+00,1.858321e-16,2.225666e-15,2.225666e-17
7.111508e+00,1.847242e-16,2.227699e-15,2.227699e-17
7.114352e+00,1.843385e-16,2.228904e-15,2.228904e-17
7.117195e+00,1.855957e-16,2.238651e-15,2.238651e-17
7.120039e+00,1.851936e-16,2.243984e-15,2.243984e-17
7.122882e+00,1.854163e-16,2.237029e-15,2.237029e-17
7.125726e+00,1.872647e-16,2.223542e-15,2.223542e-17
7.128569e+00,1.824276e-16,2.208834e-15,2.208834e-17
7.131413e+00,1.812349e-16,2.195237e-15,2.195237e-17
7.134256e+00,1.819020e-16,2.174647e-15,2.174647e-17
7.137100e+00,1.805635e-16,2.146862e-15,2.146862e-17
7.139943e+00,1.811201e-16,2.122655e-15,2.122655e-17
7.142786e+00,1.803154e-16,2.099555e-15,2.099555e-17
7.145630e+00,1.785019e-16,2.070886e-15,2.070886e-17
7.148473e+00,1.757756e-16,2.034377e-15,2.034377e-17
7.151317e+00,1.776754e-16,1.988020e-15,1.988020e-17
7.154160e+00,1.745471e-16,1.944879e-15,1.944879e-17
7.157004e+00,1.724031e-16,1.914987e-15,1.914987e-17
7.159847e+00,1.709912e-16,1.891192e-15,1.891192e-17
7.162691e+00,1.729097e-16,1.866261e-15,1.866261e-17
7.165534e+00,1.703782e-16,1.838350e-15,1.838350e-17
7.168378e+00,1.677413e-16,1.810460e-15,1.810460e-17
7.171221e+00,1.678088e-16,1.790472e-15,1.790472e-17
7.174065e+00,1.690215e-16,1.774392e-15,1.774392e-17
7.176908e+00,1.649822e-16,1.755053e-15,1.755053e-17
7.179752e+00,1.660132e-16,1.740108e-15,1.740108e-17
7.182595e+00,1.667364e-16,1.741673e-15,1.741673e-17
7.185438e+00,1.651832e-16,1.750350e-15,1.750350e-17
7.188282e+00,1.664837e-16,1.750971e-15,1.750971e-17
7.191125e+00,1.629191e-16,1.750725e-15,1.750725e-17
7.193969e+00,1.638566e-16,1.758692e-15,1.758692e-17
7.196812e+00,1.660049e-16,1.772757e-15,1.772757e-17
7.199656e+00,1.648944e-16,1.790226e-15,1.790226e-17
7.202499e+00,1.664914e-16,1.803432e-15,1.803432e-17
7.205343e+00,1.638909e-16,1.812489e-15,1.812489e-17
7.208186e+00,1.677107e-16,1.832005e-15,1.832005e-17
7.211030e+00,1.686105e-16,1.867783e-15,1.867783e-17
7.213873e+00,1.663752e-16,1.907500e-15,1.907500e-17
7.216717e+00,1.697283e-16,1.940979e-15,1.940979e-17
7.219560e+00,1.706498e-16,1.978472e-15,1.978472e-17
7.222404e+00,1.703308e-16,2.020917e-15,2.020917e-17
7.225247e+00,1.720917e-16,2.051495e-15,2.051495e-17
7.228090e+00,1.705829e-16,2.079706e-15,2.079706e-17
7.230934e+00,1.743290e-16,2.118231e-15,2.118231e-17
7.233777e+00,1.749283e-16,2.158148e-15,2.158148e-17
7.236621e+00,1.763144e-16,2.193645e-15,2.193645e-17
7.239464e+00,1.750546e-16,2.223982e-15,2.223982e-17
7.242308e+00,1.755484e-16,2.247487e-15,2.247487e-17
7.245151e+00,1.766145e-16,2.277639e-15,2.277639e-17
7.247995e+00,1.770543e-16,2.317168e-15,2.317168e-17
7.250838e+00,1.772852e-16,2.339543e-15,2.339543e-17
7.253682e+00,1.749846e-16,2.335921e-15,2.335921e-17
7.256525e+00,1.772635e-16,2.322694e-15,2.322694e-17
7.259369e+00,1.787375e-16,2.298459e-15,2.298459e-17
7.262212e+00,1.761373e-16,2.267438e-15,2.267438e-17
7.265055e+00,1.744223e-16,2.244679e-15,2.244679e-17
7.267899e+00,1.735271e-16,2.213064e-15,2.213064e-17
7.270742e+00,1.751670e-16,2.162496e-15,2.162496e-17
7.273586e+00,1.718512e-16,2.110641e-15,2.110641e-17
7.276429e+00,1.709588e-16,2.063557e-15,2.063557e-17
7.279273e+00,1.726510e-16,2.010815e-15,2.010815e-17
7.282116e+00,1.699296e-16,1.940622e-15,1.940622e-17
7.284960e+00,1.674918e-16,1.860557e-15,1.860557e-17
7.287803e+00,1.656016e-16,1.788831e-15,1.788831e-17
7.290647e+00,1.650709e-16,1.728850e-15,1.728850e-17
7.293490e+00,1.646282e-16,1.665034e-15,1.665034e-17
7.296334e+00,1.609392e-16,1.585785e-15,1.585785e-17
7.299177e+00,1.600565e-16,1.507820e-15,1.507820e-17
7.302021e+00,1.601369e-16,1.446783e-15,1.446783e-17
7.304864e+00,1.559912e-16,1.387199e-15,1.387199e-17
7.307707e+00,1.533666e-16,1.329300e-15,1.329300e-17
7.310551e+00,1.564396e-16,1.288759e-15,1.288759e-17
7.313394e+00,1.524280e-16,1.249314e-15,1.249314e-17
7.316238e+00,1.516299e-16,1.200602e-15,1.200602e-17
7.319081e+00,1.504085e-16,1.161104e-15,1.161104e-17
7.321925e+00,1.476136e-16,1.128708e-15,1.128708e-17
7.324768e+00,1.478655e-16,1.096902e-15,1.096902e-17
7.327612e+00,1.468185e-16,1.075904e-15,1.075904e-17
7.330455e+00,1.467731e-16,1.069599e-15,1.069599e-17
7.333299e+00,1.445515e-16,1.067614e-15,1.067614e-17
7.336142e+00,1.437062e-16,1.065646e-15,1.065646e-17
7.338986e+00,1.463875e-16,1.051126e-15,1.051126e-17
7.341829e+00,1.454772e-16,1.031944e-15,1.031944e-17
7.344673e+00,1.444896e-16,1.021874e-15,1.021874e-17
7.347516e+00,1.434330e-16,1.019312e-15,1.019312e-17
7.350359e+00,1.465986e-16,1.028498e-15,1.028498e-17
7.353203e+00,1.433469e-16,1.040626e-15,1.040626e-17
7.356046e+00,1.448558e-16,1.043285e-15,1.043285e-17
7.358890e+00,1.438373e-16,1.062461e-15,1.062461e-17
7.361733e+00,1.460360e-16,1.091316e-15,1.091316e-17
7.364577e+00,1.448455e-16,1.094661e-15,1.094661e-17
7.367420e+00,1.451289e-16,1.104177e-15,1.104177e-17
7.370264e+00,1.456365e-16,1.138493e-15,1.138493e-17
7.373107e+00,1.466294e-16,1.165013e-15,1.165013e-17
7.375951e+00,1.465192e-16,1.179667e-15,1.179667e-17
7.378794e+00,1.496852e-16,1.202029e-15,1.202029e-17
7.381638e+00,1.455880e-16,1.223524e-15,1.223524e-17
7.384481e+00,1.499603e-16,1.234785e-15,1.234785e-17
7.387325e+00,1.482435e-16,1.250463e-15,1.250463e-17
7.390168e+00,1.497925e-16,1.270764e-15,1.270764e-17
7.393011e+00,1.490906e-16,1.285350e-15,1.285350e-17
7.395855e+00,1.508739e-16,1.308744e-15,1.308744e-17
7.398698e+00,1.495221e-16,1.337401e-15,1.337401e-17
7.401542e+00,1.487351e-16,1.360096e-15,1.360096e-17
7.404385e+00,1.505987e-16,1.384890e-15,1.384890e-17
7.407229e+00,1.517408e-16,1.410956e-15,1.410956e-17
7.410072e+00,1.521987e-16,1.429239e-15,1.429239e-17
7.412916e+00,1.523130e-16,1.448700e-15,1.448700e-17
7.415759e+00,1.508708e-16,1.471077e-15,1.471077e-17
7.418603e+00,1.521048e-16,1.487955e-15,1.487955e-17
7.421446e+00,1.512579e-16,1.504648e-15,1.504648e-17
7.424290e+00,1.536998e-16,1.523156e-15,1.523156e-17
7.427133e+00,1.505926e-16,1.538593e-15,1.538593e-17
7.429977e+00,1.521000e-16,1.552693e-15,1.552693e-17
7.432820e+00,1.535362e-16,1.557673e-15,1.557673e-17
7.435663e+00,1.541364e-16,1.553468e-15,1.553468e-17
7.438507e+00,1.508402e-16,1.553419e-15,1.553419e-17
7.441350e+00,1.535880e-16,1.562197e-15,1.562197e-17
7.444194e+00,1.543729e-16,1.571152e-15,1.571152e-17
7.447037e+00,1.525809e-16,1.573647e-15,1.573647e-17
7.449881e+00,1.547353e-16,1.575329e-15,1.575329e-17
7.452724e+00,1.549663e-16,1.576795e-15,1.576795e-17
7.455568e+00,1.551161e-16,1.577221e-15,1.577221e-17
7.458411e+00,1.553385e-16,1.585224e-15,1.585224e-17
7.461255e+00,1.565331e-16,1.595103e-15,1.595103e-17
7.464098e+00,1.555403e-16,1.602580e-15,1.602580e-17
7.466942e+00,1.566140e-16,1.618584e-15,1.618584e-17
7.469785e+00,1.558982e-16,1.643000e-15,1.643000e-17
7.472629e+00,1.593539e-16,1.663148e-15,1.663148e-17
7.475472e+00,1.576448e-16,1.668503e-15,1.668503e-17
7.478315e+00,1.571826e-16,1.676832e-15,1.676832e-17
7.481159e+00,1.584813e-16,1.699142e-15,1.699142e-17
7.484002e+00,1.590653e-16,1.714183e-15,1.714183e-17
7.486846e+00,1.600572e-16,1.715964e-15,1.715964e-17
7.489689e+00,1.596053e-16,1.719882e-15,1.719882e-17
7.492533e+00,1.588773e-16,1.725784e-15,1.725784e-17
7.495376e+00,1.593073e-16,1.730457e-15,1.730457e-17
7.498220e+00,1.595070e-16,1.733016e-15,1.733016e-17
7.501063e+00,1.585601e-16,1.737265e-15,1.737265e-17
7.503907e+00,1.601383e-16,1.741149e-15,1.741149e-17
7.506750e+00,1.610705e-16,1.735427e-15,1.735427e-17
7.509594e+00,1.585528e-16,1.722960e-15,1.722960e-17
7.512437e+00,1.606321e-16,1.709990e-15,1.709990e-17
7.515280e+00,1.609342e-16,1.700673e-15,1.700673e-17
7.518124e+00,1.595652e-16,1.696325e-15,1.696325e-17
7.520967e+00,1.579446e-16,1.695959e-15,1.695959e-17
7.523811e+00,1.579741e-16,1.695398e-15,1.695398e-17
7.526654e+00,1.593817e-16,1.692459e-15,1.692459e-17
7.529498e+00,1.600165e-16,1.685190e-15,1.685190e-17
7.532341e+00,1.573737e-16,1.676549e-15,1.676549e-17
7.535185e+00,1.580283e-16,1.675938e-15,1.675938e-17
7.538028e+00,1.573839e-16,1.679836e-15,1.679836e-17
7.540872e+00,1.585112e-16,1.676728e-15,1.676728e-17
7.543715e+00,1.577127e-16,1.667311e-15,1.667311e-17
7.546559e+00,1.576339e-16,1.661934e-15,1.661934e-17
7.549402e+00,1.566821e-16,1.662757e-15,1.662757e-17
7.552246e+00,1.573312e-16,1.670621e-15,1.670621e-17
7.555089e+00,1.587039e-16,1.683207e-15,1.683207e-17
7.557932e+00,1.576849e-16,1.691021e-15,1.691021e-17
7.560776e+00,1.592546e-16,1.687802e-15,1.687802e-17
7.563619e+00,1.584443e-16,1.676406e-15,1.676406e-17
7.566463e+00,1.587542e-16,1.665331e-15,1.665331e-17
7.569306e+00,1.576054e-16,1.664713e-15,1.664713e-17
7.572150e+00,1.592130e-16,1.673666e-15,1.673666e-17
7.574993e+00,1.574598e-16,1.677998e-15,1.677998e-17
7.577837e+00,1.595605e-16,1.679658e-15,1.679658e-17
7.580680e+00,1.574916e-16,1.693823e-15,1.693823e-17
7.583524e+00,1.597029e-16,1.716589e-15,1.716589e-17
7.586367e+00,1.607339e-16,1.734395e-15,1.734395e-17
7.589211e+00,1.614533e-16,1.748683e-15,1.748683e-17
7.592054e+00,1.623574e-16,1.773799e-15,1.773799e-17
7.594898e+00,1.616893e-16,1.810889e-15,1.810889e-17
7.597741e+00,1.630728e-16,1.850213e-15,1.850213e-17
7.600584e+00,1.641107e-16,1.879531e-15,1.879531e-17
7.603428e+00,1.634471e-16,1.896911e-15,1.896911e-17
7.606271e+00,1.634609e-16,1.914880e-15,1.914880e-17
7.609115e+00,1.637056e-16,1.939230e-15,1.939230e-17
7.611958e+00,1.649243e-16,1.965167e-15,1.965167e-17
7.614802e+00,1.652456e-16,1.988974e-15,1.988974e-17
7.617645e+00,1.641970e-16,2.009220e-15,2.009220e-17
7.620489e+00,1.637801e-16,2.026450e-15,2.026450e-17
7.623332e+00,1.660042e-16,2.044865e-15,2.044865e-17
7.626176e+00,1.655964e-16,2.059797e-15,2.059797e-17
7.629019e+00,1.653432e-16,2.062065e-15,2.062065e-17
7.631863e+00,1.660067e-16,2.058068e-15,2.058068e-17
7.634706e+00,1.651404e-16,2.051199e-15,2.051199e-17
7.637550e+00,1.626492e-16,2.044186e-15,2.044186e-17
7.640393e+00,1.639889e-16,2.038130e-15,2.038130e-17
7.643236e+00,1.638618e-16,2.020961e-15,2.020961e-17
7.646080e+00,1.611319e-16,1.994119e-15,1.994119e-17
7.648923e+00,1.609397e-16,1.978030e-15,1.978030e-17
7.651767e+00,1.592916e-16,1.972244e-15,1.972244e-17
7.654610e+00,1.605490e-16,1.962060e-15,1.962060e-17
7.657454e+00,1.581968e-16,1.945681e-15,1.945681e-17
7.660297e+00,1.593327e-16,1.927627e-15,1.927627e-17
7.663141e+00,1.580227e-16,1.906418e-15,1.906418e-17
7.665984e+00,1.560425e-16,1.885051e-15,1.885051e-17
7.668828e+00,1.539606e-16,1.872191e-15,1.872191e-17
7.671671e+00,1.553607e-16,1.862381e-15,1.862381e-17
7.674515e+00,1.545312e-16,1.838855e-15,1.838855e-17
7.677358e+00,1.536990e-16,1.804011e-15,1.804011e-17
7.680202e+00,1.512340e-16,1.771868e-15,1.771868e-17
7.683045e+00,1.501060e-16,1.748862e-15,1.748862e-17
7.685888e+00,1.507962e-16,1.731127e-15,1.731127e-17
7.688732e+00,1.510531e-16,1.709479e-15,1.709479e-17
7.691575e+00,1.497551e-16,1.683781e-15,1.683781e-17
7.694419e+00,1.505314e-16,1.659523e-15,1.659523e-17
7.697262e+00,1.509109e-16,1.641324e-15,1.641324e-17
7.700106e+00,1.499949e-16,1.629431e-15,1.629431e-17
7.702949e+00,1.473152e-16,1.616389e-15,1.616389e-17
7.705793e+00,1.487305e-16,1.597918e-15,1.597918e-17
7.708636e+00,1.461237e-16,1.579703e-15,1.579703e-17
7.711480e+00,1.467368e-16,1.569682e-15,1.569682e-17
7.714323e+00,1.468297e-16,1.565288e-15,1.565288e-17
7.717167e+00,1.452689e-16,1.557873e-15,1.557873e-17
7.720010e+00,1.457916e-16,1.546994e-15,1.546994e-17
7.722854e+00,1.469145e-16,1.539748e-15,1.539748e-17
7.725697e+00,1.460372e-16,1.536106e-15,1.536106e-17
7.728540e+00,1.489392e-16,1.533638e-15,1.533638e-17
7.731384e+00,1.452689e-16,1.534353e-15,1.534353e-17
7.734227e+00,1.457701e-16,1.534053e-15,1.534053e-17
7.737071e+00,1.452485e-16,1.518284e-15,1.518284e-17
7.739914e+00,1.439052e-16,1.488266e-15,1.488266e-17
7.742758e+00,1.435428e-16,1.460390e-15,1.460390e-17
7.745601e+00,1.426288e-16,1.436027e-15,1.436027e-17
7.748445e+00,1.410112e-16,1.409693e-15,1.409693e-17
7.751288e+00,1.404381e-16,1.386366e-15,1.386366e-17
7.754132e+00,1.410521e-16,1.370904e-15,1.370904e-17
7.756975e+00,1.406678e-16,1.351330e-15,1.351330e-17
7.759819e+00,1.387632e-16,1.316653e-15,1.316653e-17
7.762662e+00,1.370040e-16,1.281468e-15,1.281468e-17
7.765505e+00,1.344307e-16,1.255698e-15,1.255698e-17
7.768349e+00,1.363865e-16,1.229774e-15,1.229774e-17
7.771192e+00,1.340512e-16,1.205199e-15,1.205199e-17
7.774036e+00,1.333740e-16,1.189704e-15,1.189704e-17
7.776879e+00,1.331042e-16,1.174148e-15,1.174148e-17
7.779723e+00,1.316199e-16,1.149430e-15,1.149430e-17
7.782566e+00,1.309740e-16,1.124624e-15,1.124624e-17
7.785410e+00,1.304229e-16,1.105249e-15,1.105249e-17
7.788253e+00,1.301068e-16,1.093927e-15,1.093927e-17
7.791097e+00,1.306267e-16,1.090048e-15,1.090048e-17
7.793940e+00,1.289999e-16,1.084124e-15,1.084124e-17
7.796784e+00,1.298624e-16,1.079624e-15,1.079624e-17
7.799627e+00,1.282908e-16,1.090531e-15,1.090531e-17
7.802471e+00,1.301400e-16,1.104824e-15,1.104824e-17
7.805314e+00,1.300557e-16,1.104514e-15,1.104514e-17
7.808157e+00,1.317073e-16,1.109432e-15,1.109432e-17
7.811001e+00,1.304446e-16,1.122608e-15,1.122608e-17
7.813844e+00,1.324791e-16,1.133924e-15,1.133924e-17
7.816688e+00,1.347110e-16,1.155897e-15,1.155897e-17
7.819531e+00,1.339547e-16,1.181127e-15,1.181127e-17
7.822375e+00,1.347051e-16,1.193660e-15,1.193660e-17
7.825218e+00,1.341821e-16,1.208210e-15,1.208210e-17
7.828062e+00,1.372599e-16,1.223159e-15,1.223159e-17
7.830905e+00,1.352539e-16,1.230467e-15,1.230467e-17
7.833749e+00,1.349553e-16,1.244902e-15,1.244902e-17
7.836592e+00,1.376533e-16,1.262631e-15,1.262631e-17
7.839436e+00,1.368413e-16,1.273238e-15,1.273238e-17
7.842279e+00,1.354869e-16,1.292566e-15,1.292566e-17
7.845123e+00,1.390484e-16,1.322152e-15,1.322152e-17
7.847966e+00,1.388255e-16,1.341609e-15,1.341609e-17
7.850809e+00,1.406035e-16,1.343437e-15,1.343437e-17
7.853653e+00,1.388196e-16,1.345130e-15,1.345130e-17
7.856496e+00,1.388572e-16,1.359875e-15,1.359875e-17
7.859340e+00,1.380739e-16,1.366679e-15,1.366679e-17
7.862183e+00,1.392809e-16,1.350263e-15,1.350263e-17
7.865027e+00,1.373644e-16,1.336994e-15,1.336994e-17
7.867870e+00,1.381292e-16,1.343161e-15,1.343161e-17
7.870714e+00,1.390055e-16,1.344287e-15,1.344287e-17
7.873557e+00,1.393334e-16,1.332802e-15,1.332802e-17
7.876401e+00,1.369399e-16,1.325225e-15,1.325225e-17
7.879244e+00,1.379910e-16,1.314251e-15,1.314251e-17
7.882088e+00,1.368162e-16,1.296138e-15,1.296138e-17
7.884931e+00,1.332907e-16,1.285494e-15,1.285494e-17
7.887775e+00,1.370098e-16,1.282028e-15,1.282028e-17
7.890618e+00,1.356726e-16,1.275192e-15,1.275192e-17
7.893461e+00,1.337764e-16,1.263750e-15,1.263750e-17
7.896305e+00,1.331280e-16,1.250643e-15,1.250643e-17
7.899148e+00,1.314710e-16,1.242143e-15,1.242143e-17
7.901992e+00,1.311678e-16,1.241991e-15,1.241991e-17
7.904835e+00,1.326479e-16,1.242972e-15,1.242972e-17
7.907679e+00,1.322573e-16,1.245504e-15,1.245504e-17
7.910522e+00,1.322479e-16,1.250390e-15,1.250390e-17
7.913366e+00,1.319454e-16,1.251162e-15,1.251162e-17
7.916209e+00,1.312321e-16,1.250619e-15,1.250619e-17
7.919053e+00,1.314867e-16,1.261631e-15,1.261631e-17
7.921896e+00,1.322425e-16,1.270131e-15,1.270131e-17
7.924740e+00,1.319972e-16,1.265484e-15,1.265484e-17
7.927583e+00,1.334436e-16,1.267173e-15,1.267173e-17
7.930427e+00,1.327088e-16,1.284940e-15,1.284940e-17
7.933270e+00,1.349766e-16,1.305968e-15,1.305968e-17
7.936113e+00,1.351313e-16,1.323638e-15,1.323638e-17
7.938957e+00,1.377255e-16,1.343401e-15,1.343401e-17
7.941800e+00,1.368612e-16,1.357945e-15,1.357945e-17
7.944644e+00,1.380365e-16,1.363812e-15,1.363812e-17
7.947487e+00,1.379807e-16,1.372514e-15,1.372514e-17
7.950331e+00,1.373946e-16,1.396335e-15,1.396335e-17
7.953174e+00,1.398857e-16,1.430878e-15,1.430878e-17
7.956018e+00,1.417604e-16,1.455294e-15,1.455294e-17
7.958861e+00,1.405283e-16,1.471869e-15,1.471869e-17
7.961705e+00,1.419483e-16,1.493808e-15,1.493808e-17
7.964548e+00,1.407398e-16,1.516045e-15,1.516045e-17
7.967392e+00,1.420104e-16,1.534903e-15,1.534903e-17
7.970235e+00,1.426596e-16,1.557558e-15,1.557558e-17
7.973079e+00,1.432729e-16,1.584320e-15,1.584320e-17
7.975922e+00,1.449219e-16,1.600379e-15,1.600379e-17
7.978765e+00,1.417535e-16,1.595773e-15,1.595773e-17
7.981609e+00,1.418670e-16,1.583984e-15,1.583984e-17
7.984452e+00,1.416076e-16,1.580684e-15,1.580684e-17
7.987296e+00,1.421872e-16,1.577299e-15,1.577299e-17
7.990139e+00,1.410921e-16,1.565965e-15,1.565965e-17
7.992983e+00,1.415542e-16,1.554692e-15,1.554692e-17
7.995826e+00,1.395830e-16,1.542483e-15,1.542483e-17
7.998670e+00,1.373342e-16,1.525809e-15,1.525809e-17
8.001513e+00,1.382402e-16,1.508040e-15,1.508040e-17
8.004357e+00,1.361378e-16,1.488831e-15,1.488831e-17
8.007200e+00,1.371986e-16,1.468760e-15,1.468760e-17
8.010044e+00,1.368941e-16,1.446122e-15,1.446122e-17
8.012887e+00,1.328930e-16,1.422279e-15,1.422279e-17
8.015730e+00,1.326378e-16,1.400632e-15,1.400632e-17
8.018574e+00,1.326357e-16,1.382042e-15,1.382042e-17
8.021417e+00,1.297836e-16,1.360493e-15,1.360493e-17
8.024261e+00,1.292710e-16,1.331876e-15,1.331876e-17
8.027104e+00,1.287016e-16,1.307585e-15,1.307585e-17
8.029948e+00,1.287830e-16,1.295355e-15,1.295355e-17
8.032791e+00,1.277896e-16,1.279666e-15,1.279666e-17
8.035635e+00,1.258324e-16,1.257316e-15,1.257316e-17
8.038478e+00,1.251306e-16,1.244106e-15,1.244106e-17
8.041322e+00,1.245522e-16,1.245243e-15,1.245243e-17
8.044165e+00,1.259090e-16,1.246979e-15,1.246979e-17
8.047009e+00,1.253283e-16,1.236116e-15,1.236116e-17
8.049852e+00,1.239728e-16,1.217820e-15,1.217820e-17
8.052696e+00,1.238907e-16,1.202659e-15,1.202659e-17
8.055539e+00,1.231427e-16,1.195453e-15,1.195453e-17
8.058382e+00,1.239216e-16,1.190959e-15,1.190959e-17
8.061226e+00,1.232592e-16,1.188756e-15,1.188756e-17
8.064069e+00,1.244172e-16,1.191261e-15,1.191261e-17
8.066913e+00,1.231951e-16,1.188265e-15,1.188265e-17
8.069756e+00,1.235920e-16,1.181390e-15,1.181390e-17
8.072600e+00,1.251431e-16,1.191313e-15,1.191313e-17
8.075443e+00,1.252994e-16,1.214145e-15,1.214145e-17
8.078287e+00,1.246395e-16,1.228703e-15,1.228703e-17
8.081130e+00,1.254437e-16,1.234254e-15,1.234254e-17
8.083974e+00,1.259570e-16,1.241284e-15,1.241284e-17
8.086817e+00,1.268607e-16,1.250179e-15,1.250179e-17
8.089661e+00,1.257111e-16,1.255958e-15,1.255958e-17
8.092504e+00,1.259158e-16,1.266731e-15,1.266731e-17
8.095348e+00,1.267111e-16,1.289208e-15,1.289208e-17
8.098191e+00,1.264598e-16,1.313392e-15,1.313392e-17
8.101034e+00,1.273935e-16,1.325734e-15,1.325734e-17
8.103878e+00,1.274284e-16,1.331083e-15,1.331083e-17
8.106721e+00,1.265296e-16,1.340013e-15,1.340013e-17
8.109565e+00,1.280573e-16,1.347012e-15,1.347012e-17
8.112408e+00,1.251821e-16,1.341396e-15,1.341396e-17
8.115252e+00,1.264814e-16,1.334123e-15,1.334123e-17
8.118095e+00,1.271377e-16,1.337969e-15,1.337969e-17
8.120939e+00,1.269006e-16,1.347212e-15,1.347212e-17
8.123782e+00,1.288372e-16,1.353032e-15,1.353032e-17
8.126626e+00,1.274896e-16,1.354409e-15,1.354409e-17
8.129469e+00,1.275152e-16,1.353231e-15,1.353231e-17
8.132313e+00,1.270434e-16,1.349160e-15,1.349160e-17
8.135156e+00,1.255219e-16,1.351897e-15,1.351897e-17
8.138000e+00,1.262334e-16,1.365211e-15,1.365211e-17
8.140843e+00,1.276599e-16,1.380023e-15,1.380023e-17
8.143686e+00,1.265339e-16,1.390415e-15,1.390415e-17
8.146530e+00,1.267527e-16,1.401934e-15,1.401934e-17
8.149373e+00,1.272914e-16,1.415965e-15,1.415965e-17
8.152217e+00,1.268394e-16,1.432137e-15,1.432137e-17
8.155060e+00,1.272155e-16,1.454366e-15,1.454366e-17
8.157904e+00,1.288341e-16,1.480773e-15,1.480773e-17
8.160747e+00,1.303490e-16,1.510651e-15,1.510651e-17
8.163591e+00,1.294888e-16,1.545303e-15,1.545303e-17
8.166434e+00,1.321887e-16,1.581869e-15,1.581869e-17
8.169278e+00,1.307640e-16,1.613885e-15,1.613885e-17
8.172121e+00,1.324905e-16,1.643581e-15,1.643581e-17
8.174965e+00,1.311636e-16,1.680787e-15,1.680787e-17
8.177808e+00,1.336129e-16,1.724263e-15,1.724263e-17
8.180652e+00,1.343536e-16,1.763837e-15,1.763837e-17
8.183495e+00,1.360463e-16,1.799420e-15,1.799420e-17
8.186338e+00,1.360994e-16,1.832375e-15,1.832375e-17
8.189182e+00,1.377211e-16,1.863235e-15,1.863235e-17
8.192025e+00,1.384662e-16,1.899714e-15,1.899714e-17
8.194869e+00,1.393946e-16,1.939911e-15,1.939911e-17
8.197712e+00,1.382852e-16,1.973677e-15,1.973677e-17
8.200556e+00,1.394061e-16,1.998950e-15,1.998950e-17
8.203399e+00,1.403192e-16,2.018500e-15,2.018500e-17
8.206243e+00,1.402537e-16,2.038937e-15,2.038937e-17
8.209086e+00,1.430821e-16,2.062236e-15,2.062236e-17
8.211930e+00,1.429466e-16,2.086179e-15,2.086179e-17
8.214773e+00,1.429523e-16,2.111620e-15,2.111620e-17
8.217617e+00,1.445479e-16,2.130555e-15,2.130555e-17
8.220460e+00,1.434779e-16,2.137780e-15,2.137780e-17
8.223304e+00,1.450157e-16,2.139779e-15,2.139779e-17
8.226147e+00,1.447198e-16,2.140203e-15,2.140203e-17
8.228990e+00,1.452285e-16,2.144097e-15,2.144097e-17
8.231834e+00,1.475821e-16,2.151931e-15,2.151931e-17
8.234677e+00,1.475225e-16,2.156940e-15,2.156940e-17
8.237521e+00,1.470998e-16,2.154161e-15,2.154161e-17
8.240364e+00,1.463475e-16,2.145835e-15,2.145835e-17
8.243208e+00,1.466704e-16,2.142999e-15,2.142999e-17
8.246051e+00,1.460667e-16,2.140978e-15,2.140978e-17
8.248895e+00,1.477052e-16,2.126785e-15,2.126785e-17
8.251738e+00,1.473251e-16,2.107382e-15,2.107382e-17
8.254582e+00,1.459830e-16,2.090232e-15,2.090232e-17
8.257425e+00,1.466122e-16,2.073577e-15,2.073577e-17
8.260269e+00,1.458779e-16,2.052990e-15,2.052990e-17
8.263112e+00,1.448365e-16,2.028441e-15,2.028441e-17
8.265956e+00,1.434891e-16,2.008585e-15,2.008585e-17
8.268799e+00,1.428783e-16,1.987782e-15,1.987782e-17
8.271642e+00,1.428484e-16,1.959701e-15,1.959701e-17
8.274486e+00,1.431441e-16,1.928117e-15,1.928117e-17
8.277329e+00,1.429701e-16,1.894330e-15,1.894330e-17
8.280173e+00,1.412516e-16,1.857989e-15,1.857989e-17
8.283016e+00,1.412806e-16,1.821211e-15,1.821211e-17
8.285860e+00,1.390749e-16,1.788507e-15,1.788507e-17
8.288703e+00,1.391442e-16,1.758802e-15,1.758802e-17
8.291547e+00,1.388786e-16,1.720536e-15,1.720536e-17
8.294390e+00,1.371403e-16,1.679283e-15,1.679283e-17
8.297234e+00,1.365008e-16,1.645975e-15,1.645975e-17
8.300077e+00,1.360194e-16,1.615455e-15,1.615455e-17
8.302921e+00,1.357205e-16,1.586395e-15,1.586395e-17
8.305764e+00,1.350042e-16,1.557616e-15,1.557616e-17
8.308607e+00,1.347069e-16,1.525297e-15,1.525297e-17
8.311451e+00,1.330721e-16,1.498022e-15,1.498022e-17
8.314294e+00,1.348149e-16,1.473864e-15,1.473864e-17
8.317138e+00,1.316856e-16,1.443315e-15,1.443315e-17
8.319981e+00,1.300452e-16,1.415750e-15,1.415750e-17
8.322825e+00,1.305840e-16,1.401930e-15,1.401930e-17
8.325668e+00,1.279656e-16,1.390950e-15,1.390950e-17
8.328512e+00,1.272513e-16,1.371783e-15,1.371783e-17
8.331355e+00,1.281170e-16,1.350125e-15,1.350125e-17
8.334199e+00,1.256934e-16,1.327887e-15,1.327887e-17
8.337042e+00,1.271755e-16,1.307697e-15,1.307697e-17
8.339886e+00,1.246521e-16,1.298330e-15,1.298330e-17
8.342729e+00,1.234666e-16,1.298149e-15,1.298149e-17
8.345573e+00,1.254740e-16,1.293604e-15,1.293604e-17
8.348416e+00,1.244729e-16,1.278528e-15,1.278528e-17
8.351259e+00,1.226417e-16,1.262411e-15,1.262411e-17
8.354103e+00,1.220270e-16,1.246592e-15,1.246592e-17
8.356946e+00,1.208757e-16,1.223313e-15,1.223313e-17
8.359790e+00,1.200622e-16,1.197317e-15,1.197317e-17
8.362633e+00,1.193342e-16,1.179960e-15,1.179960e-17
8.365477e+00,1.194442e-16,1.175171e-15,1.175171e-17
8.368320e+00,1.201287e-16,1.173652e-15,1.173652e-17
8.371164e+00,1.207071e-16,1.162566e-15,1.162566e-17
8.374007e+00,1.199826e-16,1.151624e-15,1.151624e-17
8.376851e+00,1.196309e-16,1.152207e-15,1.152207e-17
8.379694e+00,1.173197e-16,1.152726e-15,1.152726e-17
8.382538e+00,1.179294e-16,1.148689e-15,1.148689e-17
8.385381e+00,1.166861e-16,1.150158e-15,1.150158e-17
8.388225e+00,1.175336e-16,1.163082e-15,1.163082e-17
8.391068e+00,1.177553e-16,1.183585e-15,1.183585e-17
8.393911e+00,1.167976e-16,1.200385e-15,1.200385e-17
8.396755e+00,1.180616e-16,1.208429e-15,1.208429e-17
8.399598e+00,1.176752e-16,1.214884e-15,1.214884e-17
8.402442e+00,1.188703e-16,1.229264e-15,1.229264e-17
8.405285e+00,1.184705e-16,1.245985e-15,1.245985e-17
8.408129e+00,1.186054e-16,1.254471e-15,1.254471e-17
8.410972e+00,1.189087e-16,1.258594e-15,1.258594e-17
8.413816e+00,1.197483e-16,1.267614e-15,1.267614e-17
8.416659e+00,1.185944e-16,1.281607e-15,1.281607e-17
8.419503e+00,1.190622e-16,1.294801e-15,1.294801e-17
8.422346e+00,1.169016e-16,1.304574e-15,1.304574e-17
8.425190e+00,1.203462e-16,1.315622e-15,1.315622e-17
8.428033e+00,1.198141e-16,1.325741e-15,1.325741e-17
8.430877e+00,1.210385e-16,1.329865e-15,1.329865e-17
8.433720e+00,1.209998e-16,1.331708e-15,1.331708e-17
8.436563e+00,1.217382e-16,1.337010e-15,1.337010e-17
8.439407e+00,1.230487e-16,1.348293e-15,1.348293e-17
8.442250e+00,1.240526e-16,1.365499e-15,1.365499e-17
8.445094e+00,1.222819e-16,1.378266e-15,1.378266e-17
8.447937e+00,1.225931e-16,1.381389e-15,1.381389e-17
8.450781e+00,1.243163e-16,1.383033e-15,1.383033e-17
8.453624e+00,1.223151e-16,1.384519e-15,1.384519e-17
8.456468e+00,1.227770e-16,1.383554e-15,1.383554e-17
8.459311e+00,1.223383e-16,1.385310e-15,1.385310e-17
8.462155e+00,1.238262e-16,1.390200e-15,1.390200e-17
8.464998e+00,1.242355e-16,1.394042e-15,1.394042e-17
8.467842e+00,1.244581e-16,1.394633e-15,1.394633e-17
8.470685e+00,1.220109e-16,1.393010e-15,1.393010e-17
8.473529e+00,1.217431e-16,1.388197e-15,1.388197e-17
8.476372e+00,1.231532e-16,1.384758e-15,1.384758e-17
8.479215e+00,1.227865e-16,1.383883e-15,1.383883e-17
8.482059e+00,1.219522e-16,1.381155e-15,1.381155e-17
8.484902e+00,1.215061e-16,1.379286e-15,1.379286e-17
8.487746e+00,1.209918e-16,1.382880e-15,1.382880e-17
8.490589e+00,1.217329e-16,1.383371e-15,1.383371e-17
8.493433e+00,1.220699e-16,1.376236e-15,1.376236e-17
8.496276e+00,1.204892e-16,1.370123e-15,1.370123e-17
8.499120e+00,1.195770e-16,1.369063e-15,1.369063e-17
8.501963e+00,1.173783e-16,1.369867e-15,1.369867e-17
8.504807e+00,1.189662e-16,1.371780e-15,1.371780e-17
8.507650e+00,1.181874e-16,1.378724e-15,1.378724e-17
8.510494e+00,1.195464e-16,1.388678e-15,1.388678e-17
8.513337e+00,1.181598e-16,1.392527e-15,1.392527e-17
8.516181e+00,1.188119e-16,1.389311e-15,1.389311e-17
8.519024e+00,1.184560e-16,1.390245e-15,1.390245e-17
8.521867e+00,1.176145e-16,1.398557e-15,1.398557e-17
8.524711e+00,1.179401e-16,1.406755e-15,1.406755e-17
8.527554e+00,1.179529e-16,1.412936e-15,1.412936e-17
8.530398e+00,1.187918e-16,1.420993e-15,1.420993e-17
8.533241e+00,1.184235e-16,1.431450e-15,1.431450e-17
8.536085e+00,1.180944e-16,1.447740e-15,1.447740e-17
8.538928e+00,1.180977e-16,1.466955e-15,1.466955e-17
8.541772e+00,1.189102e-16,1.481690e-15,1.481690e-17
8.544615e+00,1.189401e-16,1.490615e-15,1.490615e-17
8.547459e+00,1.200153e-16,1.500936e-15,1.500936e-17
8.550302e+00,1.212564e-16,1.518046e-15,1.518046e-17
8.553146e+00,1.203867e-16,1.535725e-15,1.535725e-17
8.555989e+00,1.216188e-16,1.548851e-15,1.548851e-17
8.558832e+00,1.212906e-16,1.559702e-15,1.559702e-17
8.561676e+00,1.217397e-16,1.571657e-15,1.571657e-17
8.564519e+00,1.239524e-16,1.587005e-15,1.587005e-17
8.567363e+00,1.230312e-16,1.603739e-15,1.603739e-17
8.570206e+00,1.238852e-16,1.618521e-15,1.618521e-17
8.573050e+00,1.232827e-16,1.633225e-15,1.633225e-17
8.575893e+00,1.246397e-16,1.648862e-15,1.648862e-17
8.578737e+00,1.261887e-16,1.663642e-15,1.663642e-17
8.581580e+00,1.262767e-16,1.676545e-15,1.676545e-17
8.584424e+00,1.266540e-16,1.687827e-15,1.687827e-17
8.587267e+00,1.258162e-16,1.698997e-15,1.698997e-17
8.590111e+00,1.276263e-16,1.708680e-15,1.708680e-17
8.592954e+00,1.269433e-16,1.711866e-15,1.711866e-17
8.595798e+00,1.267298e-16,1.712239e-15,1.712239e-17
8.598641e+00,1.254609e-16,1.715681e-15,1.715681e-17
8.601484e+00,1.262555e-16,1.722106e-15,1.722106e-17
8.604328e+00,1.268280e-16,1.725143e-15,1.725143e-17
8.607171e+00,1.254104e-16,1.724951e-15,1.724951e-17
8.610015e+00,1.254577e-16,1.724897e-15,1.724897e-17
8.612858e+00,1.251852e-16,1.722115e-15,1.722115e-17
8.615702e+00,1.251632e-16,1.718366e-15,1.718366e-17
8.618545e+00,1.261899e-16,1.719856e-15,1.719856e-17
8.621389e+00,1.267215e-16,1.719551e-15,1.719551e-17
8.624232e+00,1.246120e-16,1.714303e-15,1.714303e-17
8.627076e+00,1.235951e-16,1.720096e-15,1.720096e-17
8.629919e+00,1.256238e-16,1.734359e-15,1.734359e-17
8.632763e+00,1.243356e-16,1.735912e-15,1.735912e-17
8.635606e+00,1.241577e-16,1.728548e-15,1.728548e-17
8.638450e+00,1.238362e-16,1.722866e-15,1.722866e-17
8.641293e+00,1.242877e-16,1.715875e-15,1.715875e-17
8.644136e+00,1.230005e-16,1.710995e-15,1.710995e-17
8.646980e+00,1.233255e-16,1.714881e-15,1.714881e-17
8.649823e+00,1.220892e-16,1.722233e-15,1.722233e-17
8.652667e+00,1.235408e-16,1.722886e-15,1.722886e-17
8.655510e+00,1.228519e-16,1.715446e-15,1.715446e-17
8.658354e+00,1.238733e-16,1.707058e-15,1.707058e-17
8.661197e+00,1.227015e-16,1.705328e-15,1.705328e-17
8.664041e+00,1.228972e-16,1.706218e-15,1.706218e-17
8.666884e+00,1.228008e-16,1.704414e-15,1.704414e-17
8.669728e+00,1.229404e-16,1.706685e-15,1.706685e-17
8.672571e+00,1.219633e-16,1.717600e-15,1.717600e-17
8.675415e+00,1.241050e-16,1.727084e-15,1.727084e-17
8.678258e+00,1.238493e-16,1.728007e-15,1.728007e-17
8.681102e+00,1.223802e-16,1.726736e-15,1.726736e-17
8.683945e+00,1.232763e-16,1.728624e-15,1.728624e-17
8.686788e+00,1.208194e-16,1.732364e-15,1.732364e-17
8.689632e+00,1.233143e-16,1.738347e-15,1.738347e-17
8.692475e+00,1.210075e-16,1.744424e-15,1.744424e-17
8.695319e+00,1.220358e-16,1.746278e-15,1.746278e-17
8.698162e+00,1.213712e-16,1.746141e-15,1.746141e-17
8.701006e+00,1.219881e-16,1.746267e-15,1.746267e-17
8.703849e+00,1.204127e-16,1.744198e-15,1.744198e-17
8.706693e+00,1.219343e-16,1.744653e-15,1.744653e-17
8.709536e+00,1.183978e-16,1.746203e-15,1.746203e-17
8.712380e+00,1.187681e-16,1.740819e-15,1.740819e-17
8.715223e+00,1.188907e-16,1.735066e-15,1.735066e-17
8.718067e+00,1.197342e-16,1.733456e-15,1.733456e-17
8.720910e+00,1.197419e-16,1.725963e-15,1.725963e-17
8.723754e+00,1.180010e-16,1.717081e-15,1.717081e-17
8.726597e+00,1.186711e-16,1.718400e-15,1.718400e-17
8.729440e+00,1.185102e-16,1.720548e-15,1.720548e-17
8.732284e+00,1.184432e-16,1.716231e-15,1.716231e-17
8.735127e+00,1.190692e-16,1.709685e-15,1.709685e-17
8.737971e+00,1.166083e-16,1.704626e-15,1.704626e-17
8.740814e+00,1.162741e-16,1.702036e-15,1.702036e-17
8.743658e+00,1.172888e-16,1.700771e-15,1.700771e-17
8.746501e+00,1.160663e-16,1.700402e-15,1.700402e-17
8.749345e+00,1.178263e-16,1.704904e-15,1.704904e-17
8.752188e+00,1.184464e-16,1.712959e-15,1.712959e-17
8.755032e+00,1.164243e-16,1.720065e-15,1.720065e-17
8.757875e+00,1.181500e-16,1.727562e-15,1.727562e-17
8.760719e+00,1.173154e-16,1.734982e-15,1.734982e-17
8.763562e+00,1.187472e-16,1.741818e-15,1.741818e-17
8.766406e+00,1.203387e-16,1.751557e-15,1.751557e-17
8.769249e+00,1.195475e-16,1.763131e-15,1.763131e-17
8.772092e+00,1.209356e-16,1.771848e-15,1.771848e-17
8.774936e+00,1.216450e-16,1.780678e-15,1.780678e-17
8.777779e+00,1.223020e-16,1.792898e-15,1.792898e-17
8.780623e+00,1.220123e-16,1.807012e-15,1.807012e-17
8.783466e+00,1.211843e-16,1.820151e-15,1.820151e-17
8.786310e+00,1.220251e-16,1.829569e-15,1.829569e-17
8.789153e+00,1.220770e-16,1.836210e-15,1.836210e-17
8.791997e+00,1.216173e-16,1.847210e-15,1.847210e-17
8.794840e+00,1.231466e-16,1.865248e-15,1.865248e-17
8.797684e+00,1.249901e-16,1.882034e-15,1.882034e-17
8.800527e+00,1.249454e-16,1.895276e-15,1.895276e-17
8.803371e+00,1.251361e-16,1.909189e-15,1.909189e-17
8.806214e+00,1.257035e-16,1.922286e-15,1.922286e-17
8.809057e+00,1.261724e-16,1.933761e-15,1.933761e-17
8.811901e+00,1.259947e-16,1.944668e-15,1.944668e-17
8.814744e+00,1.270537e-16,1.953096e-15,1.953096e-17
8.817588e+00,1.249674e-16,1.957519e-15,1.957519e-17
8.820431e+00,1.270246e-16,1.963565e-15,1.963565e-17
8.823275e+00,1.263979e-16,1.969875e-15,1.969875e-17
8.826118e+00,1.267135e-16,1.970295e-15,1.970295e-17
8.828962e+00,1.256237e-16,1.969546e-15,1.969546e-17
8.831805e+00,1.253581e-16,1.969384e-15,1.969384e-17
8.834649e+00,1.234309e-16,1.963419e-15,1.963419e-17
8.837492e+00,1.240828e-16,1.957107e-15,1.957107e-17
8.840336e+00,1.247137e-16,1.954538e-15,1.954538e-17
8.843179e+00,1.231536e-16,1.947913e-15,1.947913e-17
8.846023e+00,1.234256e-16,1.932767e-15,1.932767e-17
8.848866e+00,1.225956e-16,1.916989e-15,1.916989e-17
8.851709e+00,1.219106e-16,1.905273e-15,1.905273e-17
8.854553e+00,1.207080e-16,1.894071e-15,1.894071e-17
8.857396e+00,1.204615e-16,1.879879e-15,1.879879e-17
8.860240e+00,1.190563e-16,1.865822e-15,1.865822e-17
8.863083e+00,1.200946e-16,1.852264e-15,1.852264e-17
8.865927e+00,1.166707e-16,1.839160e-15,1.839160e-17
8.868770e+00,1.177416e-16,1.828189e-15,1.828189e-17
8.871614e+00,1.172183e-16,1.817795e-15,1.817795e-17
8.874457e+00,1.166687e-16,1.807002e-15,1.807002e-17
8.877301e+00,1.146689e-16,1.798298e-15,1.798298e-17
8.880144e+00,1.168648e-16,1.789675e-15,1.789675e-17
8.882988e+00,1.154310e-16,1.780284e-15,1.780284e-17
8.885831e+00,1.143021e-16,1.773436e-15,1.773436e-17
8.888675e+00,1.153047e-16,1.769542e-15,1.769542e-17
8.891518e+00,1.142123e-16,1.765344e-15,1.765344e-17
8.894361e+00,1.150055e-16,1.759367e-15,1.759367e-17
8.897205e+00,1.139763e-16,1.751966e-15,1.751966e-17
8.900048e+00,1.140145e-16,1.747093e-15,1.747093e-17
8.902892e+00,1.144704e-16,1.746764e-15,1.746764e-17
8.905735e+00,1.148950e-16,1.747402e-15,1.747402e-17
8.908579e+00,1.156753e-16,1.749164e-15,1.749164e-17
8.911422e+00,1.159410e-16,1.754682e-15,1.754682e-17
8.914266e+00,1.149150e-16,1.756922e-15,1.756922e-17
8.917109e+00,1.159825e-16,1.754970e-15,1.754970e-17
8.919953e+00,1.153734e-16,1.754106e-15,1.754106e-17
8.922796e+00,1.160352e-16,1.755312e-15,1.755312e-17
8.925640e+00,1.165469e-16,1.757538e-15,1.757538e-17
8.928483e+00,1.174758e-16,1.759041e-15,1.759041e-17
8.931327e+00,1.164146e-16,1.760325e-15,1.760325e-17
8.934170e+00,1.171350e-16,1.765372e-15,1.765372e-17
8.937013e+00,1.176094e-16,1.772278e-15,1.772278e-17
8.939857e+00,1.181906e-16,1.776311e-15,1.776311e-17
8.942700e+00,1.190054e-16,1.778974e-15,1.778974e-17
8.945544e+00,1.189332e-16,1.781978e-15,1.781978e-17
8.948387e+00,1.183162e-16,1.783935e-15,1.783935e-17
8.951231e+00,1.177433e-16,1.788362e-15,1.788362e-17
8.954074e+00,1.203131e-16,1.795252e-15,1.795252e-17
8.956918e+00,1.189336e-16,1.798066e-15,1.798066e-17
8.959761e+00,1.190588e-16,1.797234e-15,1.797234e-17
8.962605e+00,1.178549e-16,1.796478e-15,1.796478e-17
8.965448e+00,1.194635e-16,1.796397e-15,1.796397e-17
8.968292e+00,1.185918e-16,1.799108e-15,1.799108e-17
8.971135e+00,1.187653e-16,1.802543e-15,1.802543e-17
8.973979e+00,1.189045e-16,1.800802e-15,1.800802e-17
8.976822e+00,1.189078e-16,1.797862e-15,1.797862e-17
8.979665e+00,1.196572e-16,1.796397e-15,1.796397e-17
8.982509e+00,1.186143e-16,1.791452e-15,1.791452e-17
8.985352e+00,1.195947e-16,1.783316e-15,1.783316e-17
8.988196e+00,1.187758e-16,1.777384e-15,1.777384e-17
8.991039e+00,1.192746e-16,1.773434e-15,1.773434e-17
8.993883e+00,1.169808e-16,1.769367e-15,1.769367e-17
8.996726e+00,1.190500e-16,1.765516e-15,1.765516e-17
8.999570e+00,1.194882e-16,1.759422e-15,1.759422e-17
9.002413e+00,1.177887e-16,1.746569e-15,1.746569e-17
9.005257e+00,1.171211e-16,1.732875e-15,1.732875e-17
9.008100e+00,1.174630e-16,1.725979e-15,1.725979e-17
9.010944e+00,1.163106e-16,1.720499e-15,1.720499e-17
9.013787e+00,1.179814e-16,1.707665e-15,1.707665e-17
9.016631e+00,1.158077e-16,1.689984e-15,1.689984e-17
9.019474e+00,1.157644e-16,1.676178e-15,1.676178e-17
9.022317e+00,1.155104e-16,1.666859e-15,1.666859e-17
9.025161e+00,1.153963e-16,1.657496e-15,1.657496e-17
9.028004e+00,1.147651e-16,1.648857e-15,1.648857e-17
9.030848e+00,1.154557e-16,1.645709e-15,1.645709e-17
9.033691e+00,1.150599e-16,1.646209e-15,1.646209e-17
9.036535e+00,1.165291e-16,1.644116e-15,1.644116e-17
9.039378e+00,1.148689e-16,1.639239e-15,1.639239e-17
9.042222e+00,1.138273e-16,1.632188e-15,1.632188e-17
9.045065e+00,1.143092e-16,1.621785e-15,1.621785e-17
9.047909e+00,1.128381e-16,1.613910e-15,1.613910e-17
9.050752e+00,1.145342e-16,1.614667e-15,1.614667e-17
9.053596e+00,1.145799e-16,1.619310e-15,1.619310e-17
9.056439e+00,1.135941e-16,1.618627e-15,1.618627e-17
9.059283e+00,1.133902e-16,1.609096e-15,1.609096e-17
9.062126e+00,1.126530e-16,1.599996e-15,1.599996e-17
9.064969e+00,1.132689e-16,1.597279e-15,1.597279e-17
9.067813e+00,1.137146e-16,1.593069e-15,1.593069e-17
9.070656e+00,1.139695e-16,1.585521e-15,1.585521e-17
9.073500e+00,1.111579e-16,1.581929e-15,1.581929e-17
9.076343e+00,1.132816e-16,1.583133e-15,1.583133e-17
9.079187e+00,1.128611e-16,1.579853e-15,1.579853e-17
9.082030e+00,1.139204e-16,1.570912e-15,1.570912e-17
9.084874e+00,1.129999e-16,1.564164e-15,1.564164e-17
9.087717e+00,1.138524e-16,1.557976e-15,1.557976e-17
9.090561e+00,1.133097e-16,1.550519e-15,1.550519e-17
9.093404e+00,1.127550e-16,1.546945e-15,1.546945e-17
9.096248e+00,1.127021e-16,1.544828e-15,1.544828e-17
9.099091e+00,1.132435e-16,1.540697e-15,1.540697e-17
9.101934e+00,1.129065e-16,1.533788e-15,1.533788e-17
9.104778e+00,1.132023e-16,1.525304e-15,1.525304e-17
9.107621e+00,1.135651e-16,1.517760e-15,1.517760e-17
9.110465e+00,1.128128e-16,1.511344e-15,1.511344e-17
9.113308e+00,1.128560e-16,1.507727e-15,1.507727e-17
9.116152e+00,1.133471e-16,1.506175e-15,1.506175e-17
9.118995e+00,1.135562e-16,1.498947e-15,1.498947e-17
9.121839e+00,1.109582e-16,1.488533e-15,1.488533e-17
9.124682e+00,1.113926e-16,1.486998e-15,1.486998e-17
9.127526e+00,1.119585e-16,1.492164e-15,1.492164e-17
9.130369e+00,1.131335e-16,1.495949e-15,1.495949e-17
9.133213e+00,1.123241e-16,1.499563e-15,1.499563e-17
9.136056e+00,1.118845e-16,1.501987e-15,1.501987e-17
9.138900e+00,1.133288e-16,1.499024e-15,1.499024e-17
9.141743e+00,1.122527e-16,1.494024e-15,1.494024e-17
9.144586e+00,1.142609e-16,1.493658e-15,1.493658e-17
9.147430e+00,1.117056e-16,1.498742e-15,1.498742e-17
9.150273e+00,1.128157e-16,1.502492e-15,1.502492e-17
9.153117e+00,1.128182e-16,1.502991e-15,1.502991e-17
9.155960e+00,1.131564e-16,1.507769e-15,1.507769e-17
9.158804e+00,1.125288e-16,1.515936e-15,1.515936e-17
9.161647e+00,1.123620e-16,1.518961e-15,1.518961e-17
9.164491e+00,1.125947e-16,1.516158e-15,1.516158e-17
9.167334e+00,1.134739e-16,1.516341e-15,1.516341e-17
9.170178e+00,1.116717e-16,1.522391e-15,1.522391e-17
9.173021e+00,1.128790e-16,1.524760e-15,1.524760e-17
9.175865e+00,1.130800e-16,1.520095e-15,1.520095e-17
9.178708e+00,1.123631e-16,1.513580e-15,1.513580e-17
9.181552e+00,1.112311e-16,1.507731e-15,1.507731e-17
9.184395e+00,1.114264e-16,1.503353e-15,1.503353e-17
9.187238e+00,1.094278e-16,1.499264e-15,1.499264e-17
9.190082e+00,1.102451e-16,1.493526e-15,1.493526e-17
9.192925e+00,1.088686e-16,1.486727e-15,1.486727e-17
9.195769e+00,1.105242e-16,1.481256e-15,1.481256e-17
9.198612e+00,1.090384e-16,1.474790e-15,1.474790e-17
9.201456e+00,1.086092e-16,1.466445e-15,1.466445e-17
9.204299e+00,1.066095e-16,1.459138e-15,1.459138e-17
9.207143e+00,1.072959e-16,1.452517e-15,1.452517e-17
9.209986e+00,1.088198e-16,1.445523e-15,1.445523e-17
9.212830e+00,1.069950e-16,1.439938e-15,1.439938e-17
9.215673e+00,1.066915e-16,1.433247e-15,1.433247e-17
9.218517e+00,1.059751e-16,1.419751e-15,1.419751e-17
9.221360e+00,1.066743e-16,1.404423e-15,1.404423e-17
9.224204e+00,1.056752e-16,1.394462e-15,1.394462e-17
9.227047e+00,1.039262e-16,1.385878e-15,1.385878e-17
9.229890e+00,1.034896e-16,1.375361e-15,1.375361e-17
9.232734e+00,1.035227e-16,1.367126e-15,1.367126e-17
9.235577e+00,1.032800e-16,1.361826e-15,1.361826e-17
9.238421e+00,1.037122e-16,1.353117e-15,1.353117e-17
9.241264e+00,1.031302e-16,1.337391e-15,1.337391e-17
9.244108e+00,1.013095e-16,1.319058e-15,1.319058e-17
9.246951e+00,1.007406e-16,1.302933e-15,1.302933e-17
9.249795e+00,1.011298e-16,1.288034e-15,1.288034e-17
9.252638e+00,1.019528e-16,1.270557e-15,1.270557e-17
9.255482e+00,1.004663e-16,1.249762e-15,1.249762e-17
9.258325e+00,1.004733e-16,1.225737e-15,1.225737e-17
9.261169e+00,9.836142e-17,1.200198e-15,1.200198e-17
9.264012e+00,9.973782e-17,1.176614e-15,1.176614e-17
9.266856e+00,9.874420e-17,1.155341e-15,1.155341e-17
9.269699e+00,9.886358e-17,1.135341e-15,1.135341e-17
9.272542e+00,9.772098e-17,1.116139e-15,1.116139e-17
9.275386e+00,9.732122e-17,1.095533e-15,1.095533e-17
9.278229e+00,9.621510e-17,1.073587e-15,1.073587e-17
9.281073e+00,9.635620e-17,1.051703e-15,1.051703e-17
9.283916e+00,9.700821e-17,1.029167e-15,1.029167e-17
9.286760e+00,9.652801e-17,1.004310e-15,1.004310e-17
9.289603e+00,9.638802e-17,9.794071e-16,9.794071e-18
9.292447e+00,9.569646e-17,9.571951e-16,9.571951e-18
9.295290e+00,9.505171e-17,9.367137e-16,9.367137e-18
9.298134e+00,9.457547e-17,9.160090e-16,9.160090e-18
9.300977e+00,9.457910e-17,8.962862e-16,8.962862e-18
9.303821e+00,9.415734e-17,8.762605e-16,8.762605e-18
9.306664e+00,9.467200e-17,8.566662e-16,8.566662e-18
9.309508e+00,9.471662e-17,8.394272e-16,8.394272e-18
9.312351e+00,9.366937e-17,8.197864e-16,8.197864e-18
9.315194e+00,9.277354e-17,7.995574e-16,7.995574e-18
9.318038e+00,9.158475e-17,7.836629e-16,7.836629e-18
9.320881e+00,9.214243e-17,7.697148e-16,7.697148e-18
9.323725e+00,9.140817e-17,7.538739e-16,7.538739e-18
9.326568e+00,9.006515e-17,7.402151e-16,7.402151e-18
9.329412e+00,9.155864e-17,7.306416e-16,7.306416e-18
9.332255e+00,9.157498e-17,7.214280e-16,7.214280e-18
9.335099e+00,9.046547e-17,7.110248e-16,7.110248e-18
9.337942e+00,9.006917e-17,6.999662e-16,6.999662e-18
9.340786e+00,8.956551e-17,6.892393e-16,6.892393e-18
9.343629e+00,8.822564e-17,6.819596e-16,6.819596e-18
9.346473e+00,8.906083e-17,6.813087e-16,6.813087e-18
9.349316e+00,8.815399e-17,6.804327e-16,6.804327e-18
9.352159e+00,8.769740e-17,6.779592e-16,6.779592e-18
9.355003e+00,8.823566e-17,6.747948e-16,6.747948e-18
9.357846e+00,8.830774e-17,6.693319e-16,6.693319e-18
9.360690e+00,8.722132e-17,6.659967e-16,6.659967e-18
9.363533e+00,8.709414e-17,6.658609e-16,6.658609e-18
9.366377e+00,8.822894e-17,6.665578e-16,6.665578e-18
9.369220e+00,8.650339e-17,6.666391e-16,6.666391e-18
9.372064e+00,8.657785e-17,6.666127e-16,6.666127e-18
9.374907e+00,8.558843e-17,6.652175e-16,6.652175e-18
9.377751e+00,8.665714e-17,6.646207e-16,6.646207e-18
9.380594e+00,8.673015e-17,6.659118e-16,6.659118e-18
9.383438e+00,8.866901e-17,6.695433e-16,6.695433e-18
9.386281e+00,8.798075e-17,6.767121e-16,6.767121e-18
9.389125e+00,8.855188e-17,6.853001e-16,6.853001e-18
9.391968e+00,8.823612e-17,6.906983e-16,6.906983e-18
9.394811e+00,8.885105e-17,6.950292e-16,6.950292e-18
9.397655e+00,8.868950e-17,6.987469e-16,6.987469e-18
9.400498e+00,8.887436e-17,7.007721e-16,7.007721e-18
9.403342e+00,8.918965e-17,7.040090e-16,7.040090e-18
9.406185e+00,8.953608e-17,7.079077e-16,7.079077e-18
9.409029e+00,9.021111e-17,7.125283e-16,7.125283e-18
9.411872e+00,9.055573e-17,7.211383e-16,7.211383e-18
9.414716e+00,9.016889e-17,7.243408e-16,7.243408e-18
9.417559e+00,8.975081e-17,7.195949e-16,7.195949e-18
9.420403e+00,8.982213e-17,7.201740e-16,7.201740e-18
9.423246e+00,9.040681e-17,7.251255e-16,7.251255e-18
9.426090e+00,9.114133e-17,7.255490e-16,7.255490e-18
9.428933e+00,9.047100e-17,7.227327e-16,7.227327e-18
9.431777e+00,8.973826e-17,7.212065e-16,7.212065e-18
9.434620e+00,9.126360e-17,7.190870e-16,7.190870e-18
9.437463e+00,9.028411e-17,7.133232e-16,7.133232e-18
9.440307e+00,9.045803e-17,7.109308e-16,7.109308e-18
9.443150e+00,8.920392e-17,7.139475e-16,7.139475e-18
9.445994e+00,9.059087e-17,7.144051e-16,7.144051e-18
9.448837e+00,8.991002e-17,7.081705e-16,7.081705e-18
9.451681e+00,9.019583e-17,7.036310e-16,7.036310e-18
9.454524e+00,8.982451e-17,7.032358e-16,7.032358e-18
9.457368e+00,8.948718e-17,7.041079e-16,7.041079e-18
9.460211e+00,9.048138e-17,7.011507e-16,7.011507e-18
9.463055e+00,8.861694e-17,6.959818e-16,6.959818e-18
9.465898e+00,8.933937e-17,6.933449e-16,6.933449e-18
9.468742e+00,8.788782e-17,6.932758e-16,6.932758e-18
9.471585e+00,8.755374e-17,6.968271e-16,6.968271e-18
9.474429e+00,8.902543e-17,7.031708e-16,7.031708e-18
9.477272e+00,8.853633e-17,7.058157e-16,7.058157e-18
9.480115e+00,8.735891e-17,7.050560e-16,7.050560e-18
9.482959e+00,8.676066e-17,7.095668e-16,7.095668e-18
9.485802e+00,8.706897e-17,7.198130e-16,7.198130e-18
9.488646e+00,8.734046e-17,7.297179e-16,7.297179e-18
9.491489e+00,8.757167e-17,7.364364e-16,7.364364e-18
9.494333e+00,8.690717e-17,7.385738e-16,7.385738e-18
9.497176e+00,8.642023e-17,7.363358e-16,7.363358e-18
9.500020e+00,8.649523e-17,7.340004e-16,7.340004e-18
9.502863e+00,8.714908e-17,7.368965e-16,7.368965e-18
9.505707e+00,8.801036e-17,7.440580e-16,7.440580e-18
9.508550e+00,8.762059e-17,7.484939e-16,7.484939e-18
9.511394e+00,8.698300e-17,7.519545e-16,7.519545e-18
9.514237e+00,8.775985e-17,7.549172e-16,7.549172e-18
9.517081e+00,8.712264e-17,7.558866e-16,7.558866e-18
9.519924e+00,8.697573e-17,7.581844e-16,7.581844e-18
9.522767e+00,8.786049e-17,7.634693e-16,7.634693e-18
9.525611e+00,8.882320e-17,7.717493e-16,7.717493e-18
9.528454e+00,8.774423e-17,7.822709e-16,7.822709e-18
9.531298e+00,8.912321e-17,7.942027e-16,7.942027e-18
9.534141e+00,8.874949e-17,8.044285e-16,8.044285e-18
9.536985e+00,8.813836e-17,8.086575e-16,8.086575e-18
9.539828e+00,8.755673e-17,8.081209e-16,8.081209e-18
9.542672e+00,8.949398e-17,8.118179e-16,8.118179e-18
9.545515e+00,8.886583e-17,8.214928e-16,8.214928e-18
9.548359e+00,9.054648e-17,8.337774e-16,8.337774e-18
9.551202e+00,8.946250e-17,8.432825e-16,8.432825e-18
9.554046e+00,9.067587e-17,8.473339e-16,8.473339e-18
9.556889e+00,9.043483e-17,8.496377e-16,8.496377e-18
9.559733e+00,9.001274e-17,8.486701e-16,8.486701e-18
9.562576e+00,8.885933e-17,8.430199e-16,8.430199e-18
9.565419e+00,8.926521e-17,8.388070e-16,8.388070e-18
9.568263e+00,8.929488e-17,8.413353e-16,8.413353e-18
9.571106e+00,8.863820e-17,8.464265e-16,8.464265e-18
9.573950e+00,8.781710e-17,8.421009e-16,8.421009e-18
9.576793e+00,8.753963e-17,8.317199e-16,8.317199e-18
9.579637e+00,8.801694e-17,8.258598e-16,8.258598e-18
9.582480e+00,8.728026e-17,8.249861e-16,8.249861e-18
9.585324e+00,8.846603e-17,8.219819e-16,8.219819e-18
9.588167e+00,8.817275e-17,8.107628e-16,8.107628e-18
9.591011e+00,8.707638e-17,7.985132e-16,7.985132e-18
9.593854e+00,8.628528e-17,7.982782e-16,7.982782e-18
9.596698e+00,8.633556e-17,8.047137e-16,8.047137e-18
9.599541e+00,8.637548e-17,7.977341e-16,7.977341e-18
9.602384e+00,8.534191e-17,7.809852e-16,7.809852e-18
9.605228e+00,8.524202e-17,7.728046e-16,7.728046e-18
9.608071e+00,8.509615e-17,7.771777e-16,7.771777e-18
9.610915e+00,8.653806e-17,7.828622e-16,7.828622e-18
9.613758e+00,8.589191e-17,7.840645e-16,7.840645e-18
9.616602e+00,8.555654e-17,7.842006e-16,7.842006e-18
9.619445e+00,8.637290e-17,7.850316e-16,7.850316e-18
9.622289e+00,8.517227e-17,7.825928e-16,7.825928e-18
9.625132e+00,8.524473e-17,7.760302e-16,7.760302e-18
9.627976e+00,8.514597e-17,7.700515e-16,7.700515e-18
9.630819e+00,8.450842e-17,7.652924e-16,7.652924e-18
9.633663e+00,8.515561e-17,7.613292e-16,7.613292e-18
9.636506e+00,8.470459e-17,7.605227e-16,7.605227e-18
9.639350e+00,8.505189e-17,7.579074e-16,7.579074e-18
9.642193e+00,8.550710e-17,7.494561e-16,7.494561e-18
9.645036e+00,8.452567e-17,7.446978e-16,7.446978e-18
9.647880e+00,8.582057e-17,7.453952e-16,7.453952e-18
9.650723e+00,8.558981e-17,7.415101e-16,7.415101e-18
9.653567e+00,8.577104e-17,7.304088e-16,7.304088e-18
9.656410e+00,8.580043e-17,7.201101e-16,7.201101e-18
9.659254e+00,8.524281e-17,7.099775e-16,7.099775e-18
9.662097e+00,8.440331e-17,6.978030e-16,6.978030e-18
9.664941e+00,8.555896e-17,6.872146e-16,6.872146e-18
9.667784e+00,8.494142e-17,6.758036e-16,6.758036e-18
9.670628e+00,8.410975e-17,6.661792e-16,6.661792e-18
9.673471e+00,8.444907e-17,6.620727e-16,6.620727e-18
9.676315e+00,8.486106e-17,6.566214e-16,6.566214e-18
9.679158e+00,8.382779e-17,6.445613e-16,6.445613e-18
9.682002e+00,8.354243e-17,6.314620e-16,6.314620e-18
9.684845e+00,8.289976e-17,6.209822e-16,6.209822e-18
9.687688e+00,8.247895e-17,6.133945e-16,6.133945e-18
9.690532e+00,8.342487e-17,6.059787e-16,6.059787e-18
9.693375e+00,8.198496e-17,5.912059e-16,5.912059e-18
9.696219e+00,8.186375e-17,5.720592e-16,5.720592e-18
9.699062e+00,8.057476e-17,5.606181e-16,5.606181e-18
9.701906e+00,8.191874e-17,5.582740e-16,5.582740e-18
9.704749e+00,8.027378e-17,5.519227e-16,5.519227e-18
9.707593e+00,8.034295e-17,5.413309e-16,5.413309e-18
9.710436e+00,8.079821e-17,5.377268e-16,5.377268e-18
9.713280e+00,7.950444e-17,5.374250e-16,5.374250e-18
9.716123e+00,7.878084e-17,5.333001e-16,5.333001e-18
9.718967e+00,7.933523e-17,5.282450e-16,5.282450e-18
9.721810e+00,7.960042e-17,5.228816e-16,5.228816e-18
9.724654e+00,7.995953e-17,5.195013e-16,5.195013e-18
9.727497e+00,7.859224e-17,5.199685e-16,5.199685e-18
9.730340e+00,8.051817e-17,5.205529e-16,5.205529e-18
9.733184e+00,7.937797e-17,5.175626e-16,5.175626e-18
9.736027e+00,7.920469e-17,5.151573e-16,5.151573e-18
9.738871e+00,8.020040e-17,5.191353e-16,5.191353e-18
9.741714e+00,7.972797e-17,5.257383e-16,5.257383e-18
9.744558e+00,7.977453e-17,5.274678e-16,5.274678e-18
9.747401e+00,8.133121e-17,5.278340e-16,5.278340e-18
9.750245e+00,8.053187e-17,5.355968e-16,5.355968e-18
9.753088e+00,8.078172e-17,5.519721e-16,5.519721e-18
9.755932e+00,8.272589e-17,5.683067e-16,5.683067e-18
9.758775e+00,8.104868e-17,5.762591e-16,5.762591e-18
9.761619e+00,8.096860e-17,5.854578e-16,5.854578e-18
9.764462e+00,8.226102e-17,6.003738e-16,6.003738e-18
9.767306e+00,8.284410e-17,6.145046e-16,6.145046e-18
9.770149e+00,8.299561e-17,6.271721e-16,6.271721e-18
9.772992e+00,8.364247e-17,6.421232e-16,6.421232e-18
9.775836e+00,8.210721e-17,6.581979e-16,6.581979e-18
9.778679e+00,8.355430e-17,6.732325e-16,6.732325e-18
9.781523e+00,8.257298e-17,6.847726e-16,6.847726e-18
9.784366e+00,8.341177e-17,6.951920e-16,6.951920e-18
9.787210e+00,8.465865e-17,7.074593e-16,7.074593e-18
9.790053e+00,8.450697e-17,7.262590e-16,7.262590e-18
9.792897e+00,8.646131e-17,7.463919e-16,7.463919e-18
9.795740e+00,8.552409e-17,7.563590e-16,7.563590e-18
9.798584e+00,8.540837e-17,7.583207e-16,7.583207e-18
9.801427e+00,8.515172e-17,7.600114e-16,7.600114e-18
9.804271e+00,8.415328e-17,7.623083e-16,7.623083e-18
9.807114e+00,8.471115e-17,7.669477e-16,7.669477e-18
9.809958e+00,8.483505e-17,7.718763e-16,7.718763e-18
9.812801e+00,8.436392e-17,7.706411e-16,7.706411e-18
9.815644e+00,8.440024e-17,7.693533e-16,7.693533e-18
9.818488e+00,8.413376e-17,7.705424e-16,7.705424e-18
9.821331e+00,8.353633e-17,7.683480e-16,7.683480e-18
9.824175e+00,8.395354e-17,7.610929e-16,7.610929e-18
9.827018e+00,8.287480e-17,7.544935e-16,7.544935e-18
9.829862e+00,8.392300e-17,7.509814e-16,7.509814e-18
9.832705e+00,8.270763e-17,7.486989e-16,7.486989e-18
9.835549e+00,8.339673e-17,7.454850e-16,7.454850e-18
9.838392e+00,8.450184e-17,7.421522e-16,7.421522e-18
9.841236e+00,8.369982e-17,7.396577e-16,7.396577e-18
9.844079e+00,8.387124e-17,7.365397e-16,7.365397e-18
9.846923e+00,8.319164e-17,7.288279e-16,7.288279e-18
9.849766e+00,8.154475e-17,7.150390e-16,7.150390e-18
9.852609e+00,8.248061e-17,7.016228e-16,7.016228e-18
9.855453e+00,8.130885e-17,6.947494e-16,6.947494e-18
9.858296e+00,8.367023e-17,6.920207e-16,6.920207e-18
9.861140e+00,8.203434e-17,6.864598e-16,6.864598e-18
9.863983e+00,8.105559e-17,6.783458e-16,6.783458e-18
9.866827e+00,8.175633e-17,6.703428e-16,6.703428e-18
9.869670e+00,8.208348e-17,6.629371e-16,6.629371e-18
9.872514e+00,8.172350e-17,6.606873e-16,6.606873e-18
9.875357e+00,8.298413e-17,6.630870e-16,6.630870e-18
9.878201e+00,8.204349e-17,6.627824e-16,6.627824e-18
9.881044e+00,8.310848e-17,6.610072e-16,6.610072e-18
9.883888e+00,8.232766e-17,6.621313e-16,6.621313e-18
9.886731e+00,8.328555e-17,6.667606e-16,6.667606e-18
9.889575e+00,8.261733e-17,6.769759e-16,6.769759e-18
9.892418e+00,8.334561e-17,6.915960e-16,6.915960e-18
9.895261e+00,8.337216e-17,7.032869e-16,7.032869e-18
9.898105e+00,8.401612e-17,7.101399e-16,7.101399e-18
9.900948e+00,8.351973e-17,7.178330e-16,7.178330e-18
9.903792e+00,8.389637e-17,7.312853e-16,7.312853e-18
9.906635e+00,8.456979e-17,7.441702e-16,7.441702e-18
9.909479e+00,8.468001e-17,7.514573e-16,7.514573e-18
9.912322e+00,8.476040e-17,7.574175e-16,7.574175e-18
9.915166e+00,8.559465e-17,7.688378e-16,7.688378e-18
9.918009e+00,8.589877e-17,7.807192e-16,7.807192e-18
9.920853e+00,8.575943e-17,7.870195e-16,7.870195e-18
9.923696e+00,8.546568e-17,7.920621e-16,7.920621e-18
9.926540e+00,8.669479e-17,8.006948e-16,8.006948e-18
9.929383e+00,8.529870e-17,8.079433e-16,8.079433e-18
9.932227e+00,8.507969e-17,8.132263e-16,8.132263e-18
9.935070e+00,8.497910e-17,8.204156e-16,8.204156e-18
9.937913e+00,8.512577e-17,8.277775e-16,8.277775e-18
9.940757e+00,8.614627e-17,8.318223e-16,8.318223e-18
9.943600e+00,8.687667e-17,8.341629e-16,8.341629e-18
9.946444e+00,8.599525e-17,8.373923e-16,8.373923e-18
9.949287e+00,8.610691e-17,8.422562e-16,8.422562e-18
9.952131e+00,8.453962e-17,8.478703e-16,8.478703e-18
9.954974e+00,8.625843e-17,8.547885e-16,8.547885e-18
9.957818e+00,8.653177e-17,8.614390e-16,8.614390e-18
9.960661e+00,8.520413e-17,8.686693e-16,8.686693e-18
9.963505e+00,8.527489e-17,8.737219e-16,8.737219e-18
9.966348e+00,8.487795e-17,8.733884e-16,8.733884e-18
9.969192e+00,8.396752e-17,8.731323e-16,8.731323e-18
9.972035e+00,8.400703e-17,8.753299e-16,8.753299e-18
9.974879e+00,8.372737e-17,8.768477e-16,8.768477e-18
9.977722e+00,8.349577e-17,8.760855e-16,8.760855e-18
9.980565e+00,8.437229e-17,8.726824e-16,8.726824e-18
9.983409e+00,8.395789e-17,8.676826e-16,8.676826e-18
9.986252e+00,8.259336e-17,8.620284e-16,8.620284e-18
9.989096e+00,8.191973e-17,8.547729e-16,8.547729e-18
9.991939e+00,8.077839e-17,8.425982e-16,8.425982e-18
9.994783e+00,8.037783e-17,8.271085e-16,8.271085e-18
9.997626e+00,8.087949e-17,8.130185e-16,8.130185e-18
1.000047e+01,8.020255e-17,7.974464e-16,7.974464e-18
1.000331e+01,8.037149e-17,7.775647e-16,7.775647e-18
1.000616e+01,7.969280e-17,7.558055e-16,7.558055e-18
1.000900e+01,8.046263e-17,7.341760e-16,7.341760e-18
1.001184e+01,8.045561e-17,7.140346e-16,7.140346e-18
1.001469e+01,7.877065e-17,6.955751e-16,6.955751e-18
1.001753e+01,7.857256e-17,6.768023e-16,6.768023e-18
1.002037e+01,7.893661e-17,6.572467e-16,6.572467e-18
1.002322e+01,7.768806e-17,6.399209e-16,6.399209e-18
1.002606e+01,7.737586e-17,6.265341e-16,6.265341e-18
1.002890e+01,7.781846e-17,6.129068e-16,6.129068e-18
1.003175e+01,7.830370e-17,5.981379e-16,5.981379e-18
1.003459e+01,7.604841e-17,5.888150e-16,5.888150e-18
1.003743e+01,7.652765e-17,5.835921e-16,5.835921e-18
1.004028e+01,7.730324e-17,5.777199e-16,5.777199e-18
1.004312e+01,7.593795e-17,5.722432e-16,5.722432e-18
1.004597e+01,7.638331e-17,5.715443e-16,5.715443e-18
1.004881e+01,7.615322e-17,5.722373e-16,5.722373e-18
1.005165e+01,7.687625e-17,5.739765e-16,5.739765e-18
1.005450e+01,7.643699e-17,5.770120e-16,5.770120e-18
1.005734e+01,7.661623e-17,5.800103e-16,5.800103e-18
1.006018e+01,7.612957e-17,5.830529e-16,5.830529e-18
1.006303e+01,7.680660e-17,5.884518e-16,5.884518e-18
1.006587e+01,7.670158e-17,5.940993e-16,5.940993e-18
1.006871e+01,7.641497e-17,5.978947e-16,5.978947e-18
1.007156e+01,7.649862e-17,6.033492e-16,6.033492e-18
1.007440e+01,7.725890e-17,6.123113e-16,6.123113e-18
1.007724e+01,7.705810e-17,6.219636e-16,6.219636e-18
1.008009e+01,7.706674e-17,6.274132e-16,6.274132e-18
1.008293e+01,7.682316e-17,6.315647e-16,6.315647e-18
1.008577e+01,7.675788e-17,6.396540e-16,6.396540e-18
1.008862e+01,7.703281e-17,6.493310e-16,6.493310e-18
1.009146e+01,7.784032e-17,6.553751e-16,6.553751e-18
1.009430e+01,7.682286e-17,6.630775e-16,6.630775e-18
1.009715e+01,7.914624e-17,6.720418e-16,6.720418e-18
1.009999e+01,7.814249e-17,6.751257e-16,6.751257e-18
1.010283e+01,7.780415e-17,6.736910e-16,6.736910e-18
1.010568e+01,7.817370e-17,6.754502e-16,6.754502e-18
1.010852e+01,7.857132e-17,6.787493e-16,6.787493e-18
1.011136e+01,7.774158e-17,6.797465e-16,6.797465e-18
1.011421e+01,7.926577e-17,6.792580e-16,6.792580e-18
1.011705e+01,7.921840e-17,6.766762e-16,6.766762e-18
1.011990e+01,7.828984e-17,6.731785e-16,6.731785e-18
1.012274e+01,7.859567e-17,6.691670e-16,6.691670e-18
1.012558e+01,7.921454e-17,6.614798e-16,6.614798e-18
1.012843e+01,7.878204e-17,6.499385e-16,6.499385e-18
1.013127e+01,7.815534e-17,6.395525e-16,6.395525e-18
1.013411e+01,7.727160e-17,6.326275e-16,6.326275e-18
1.013696e+01,7.803782e-17,6.263406e-16,6.263406e-18
1.013980e+01,7.857032e-17,6.174635e-16,6.174635e-18
1.014264e+01,7.730872e-17,6.061772e-16,6.061772e-18
1.014549e+01,7.708843e-17,5.950991e-16,5.950991e-18
1.014833e+01,7.639725e-17,5.860660e-16,5.860660e-18
1.015117e+01,7.655548e-17,5.765895e-16,5.765895e-18
1.015402e+01,7.666220e-17,5.648451e-16,5.648451e-18
1.015686e+01,7.592012e-17,5.534051e-16,5.534051e-18
1.015970e+01,7.560021e-17,5.421068e-16,5.421068e-18
1.016255e+01,7.596073e-17,5.316479e-16,5.316479e-18
1.016539e+01,7.540781e-17,5.220256e-16,5.220256e-18
1.016823e+01,7.548736e-17,5.122946e-16,5.122946e-18
1.017108e+01,7.497602e-17,5.042021e-16,5.042021e-18
1.017392e+01,7.445732e-17,4.993860e-16,4.993860e-18
1.017676e+01,7.458486e-17,4.955305e-16,4.955305e-18
1.017961e+01,7.474126e-17,4.921795e-16,4.921795e-18
1.018245e+01,7.451997e-17,4.914200e-16,4.914200e-18
1.018530e+01,7.457420e-17,4.906968e-16,4.906968e-18
1.018814e+01,7.485234e-17,4.861461e-16,4.861461e-18
1.019098e+01,7.372218e-17,4.810083e-16,4.810083e-18
1.019383e+01,7.286485e-17,4.785154e-16,4.785154e-18
1.019667e+01,7.326205e-17,4.774284e-16,4.774284e-18
1.019951e+01,7.393989e-17,4.778454e-16,4.778454e-18
1.020236e+01,7.347519e-17,4.800261e-16,4.800261e-18
1.020520e+01,7.299596e-17,4.825388e-16,4.825388e-18
1.020804e+01,7.211162e-17,4.834679e-16,4.834679e-18
1.021089e+01,7.352555e-17,4.819656e-16,4.819656e-18
1.021373e+01,7.218221e-17,4.800302e-16,4.800302e-18
1.021657e+01,7.211732e-17,4.787194e-16,4.787194e-18
1.021942e+01,7.184115e-17,4.786183e-16,4.786183e-18
1.022226e+01,7.279094e-17,4.790611e-16,4.790611e-18
1.022510e+01,7.213170e-17,4.769737e-16,4.769737e-18
1.022795e+01,7.243757e-17,4.749923e-16,4.749923e-18
1.023079e+01,7.308484e-17,4.784535e-16,4.784535e-18
1.023363e+01,7.312789e-17,4.814600e-16,4.814600e-18
1.023648e+01,7.249442e-17,4.796005e-16,4.796005e-18
1.023932e+01,7.291854e-17,4.763814e-16,4.763814e-18
1.024216e+01,7.239884e-17,4.769589e-16,4.769589e-18
1.024501e+01,7.242894e-17,4.782447e-16,4.782447e-18
1.024785e+01,7.361438e-17,4.755791e-16,4.755791e-18
1.025069e+01,7.208283e-17,4.734471e-16,4.734471e-18
1.025354e+01,7.311515e-17,4.720080e-16,4.720080e-18
1.025638e+01,7.221694e-17,4.676607e-16,4.676607e-18
1.025923e+01,7.222044e-17,4.657471e-16,4.657471e-18
1.026207e+01,7.291051e-17,4.694828e-16,4.694828e-18
1.026491e+01,7.304701e-17,4.702819e-16,4.702819e-18
1.026776e+01,7.236372e-17,4.687462e-16,4.687462e-18
1.027060e+01,7.247423e-17,4.702776e-16,4.702776e-18
1.027344e+01,7.423162e-17,4.687359e-16,4.687359e-18
1.027629e+01,7.292712e-17,4.639839e-16,4.639839e-18
1.027913e+01,7.219350e-17,4.649357e-16,4.649357e-18
1.028197e+01,7.385137e-17,4.692435e-16,4.692435e-18
1.028482e+01,7.247288e-17,4.700778e-16,4.700778e-18
1.028766e+01,7.245625e-17,4.640044e-16,4.640044e-18
1.029050e+01,7.176190e-17,4.545334e-16,4.545334e-18
1.029335e+01,7.101117e-17,4.504234e-16,4.504234e-18
1.029619e+01,7.266305e-17,4.493116e-16,4.493116e-18
1.029903e+01,7.112818e-17,4.409065e-16,4.409065e-18
1.030188e+01,7.138828e-17,4.322797e-16,4.322797e-18
1.030472e+01,7.088150e-17,4.300531e-16,4.300531e-18
1.030756e+01,7.202070e-17,4.285807e-16,4.285807e-18
1.031041e+01,7.094209e-17,4.211412e-16,4.211412e-18
1.031325e+01,7.013452e-17,4.125540e-16,4.125540e-18
1.031609e+01,7.057320e-17,4.116514e-16,4.116514e-18
1.031894e+01,7.023392e-17,4.169008e-16,4.169008e-18
1.032178e+01,7.003793e-17,4.185459e-16,4.185459e-18
1.032462e+01,7.021756e-17,4.175206e-16,4.175206e-18
1.032747e+01,7.033815e-17,4.196630e-16,4.196630e-18
1.033031e+01,6.991784e-17,4.193595e-16,4.193595e-18
1.033316e+01,6.832228e-17,4.163440e-16,4.163440e-18
1.033600e+01,6.897792e-17,4.172140e-16,4.172140e-18
1.033884e+01,6.880391e-17,4.203165e-16,4.203165e-18
1.034169e+01,6.821728e-17,4.220091e-16,4.220091e-18
1.034453e+01,6.874001e-17,4.245066e-16,4.245066e-18
1.034737e+01,6.965872e-17,4.281283e-16,4.281283e-18
1.035022e+01,6.801324e-17,4.319799e-16,4.319799e-18
1.035306e+01,6.945035e-17,4.371502e-16,4.371502e-18
1.035590e+01,6.857102e-17,4.413864e-16,4.413864e-18
1.035875e+01,6.907417e-17,4.452456e-16,4.452456e-18
1.036159e+01,6.963688e-17,4.501103e-16,4.501103e-18
1.036443e+01,6.975638e-17,4.535474e-16,4.535474e-18
1.036728e+01,6.922996e-17,4.557903e-16,4.557903e-18
1.037012e+01,6.994488e-17,4.574898e-16,4.574898e-18
1.037296e+01,7.029010e-17,4.618646e-16,4.618646e-18
1.037581e+01,7.102488e-17,4.686863e-16,4.686863e-18
1.037865e+01,7.182765e-17,4.755005e-16,4.755005e-18
1.038149e+01,7.082677e-17,4.800179e-16,4.800179e-18
1.038434e+01,7.005203e-17,4.812004e-16,4.812004e-18
1.038718e+01,7.018319e-17,4.834061e-16,4.834061e-18
1.039002e+01,7.105968e-17,4.913522e-16,4.913522e-18
1.039287e+01,7.108864e-17,5.012161e-16,5.012161e-18
1.039571e+01,7.271510e-17,5.062334e-16,5.062334e-18
1.039855e+01,7.185600e-17,5.076726e-16,5.076726e-18
1.040140e+01,7.107798e-17,5.090317e-16,5.090317e-18
1.040424e+01,7.312884e-17,5.131143e-16,5.131143e-18
1.040709e+01,7.348009e-17,5.191640e-16,5.191640e-18
1.040993e+01,7.252800e-17,5.241825e-16,5.241825e-18
1.041277e+01,7.215301e-17,5.300357e-16,5.300357e-18
1.041562e+01,7.255927e-17,5.382339e-16,5.382339e-18
1.041846e+01,7.428674e-17,5.441039e-16,5.441039e-18
1.042130e+01,7.233561e-17,5.449103e-16,5.449103e-18
1.042415e+01,7.299483e-17,5.469809e-16,5.469809e-18
1.042699e+01,7.251824e-17,5.524424e-16,5.524424e-18
1.042983e+01,7.308151e-17,5.589914e-16,5.589914e-18
1.043268e+01,7.302109e-17,5.660394e-16,5.660394e-18
1.043552e+01,7.174713e-17,5.725376e-16,5.725376e-18
1.043836e+01,7.343291e-17,5.755803e-16,5.755803e-18
1.044121e+01,7.301039e-17,5.764147e-16,5.764147e-18
1.044405e+01,7.325812e-17,5.775854e-16,5.775854e-18
1.044689e+01,7.242089e-17,5.774625e-16,5.774625e-18
1.044974e+01,7.213221e-17,5.772370e-16,5.772370e-18
1.045258e+01,7.300558e-17,5.797548e-16,5.797548e-18
1.045542e+01,7.258811e-17,5.835456e-16,5.835456e-18
1.045827e+01,7.255031e-17,5.858475e-16,5.858475e-18
1.046111e+01,7.233628e-17,5.868116e-16,5.868116e-18
1.046395e+01,7.224562e-17,5.871337e-16,5.871337e-18
1.046680e+01,7.141938e-17,5.871687e-16,5.871687e-18
1.046964e+01,7.255059e-17,5.853753e-16,5.853753e-18
1.047249e+01,7.202775e-17,5.829147e-16,5.829147e-18
1.047533e+01,7.246859e-17,5.851241e-16,5.851241e-18
1.047817e+01,7.304813e-17,5.906092e-16,5.906092e-18
1.048102e+01,7.375414e-17,5.919959e-16,5.919959e-18
1.048386e+01,7.306461e-17,5.893701e-16,5.893701e-18
1.048670e+01,7.288121e-17,5.860090e-16,5.860090e-18
1.048955e+01,7.249391e-17,5.848932e-16,5.848932e-18
1.049239e+01,7.221131e-17,5.885675e-16,5.885675e-18
1.049523e+01,7.419800e-17,5.960123e-16,5.960123e-18
1.049808e+01,7.424816e-17,6.055584e-16,6.055584e-18
1.050092e+01,7.327365e-17,6.131741e-16,6.131741e-18
1.050376e+01,7.475780e-17,6.165338e-16,6.165338e-18
1.050661e+01,7.311791e-17,6.182302e-16,6.182302e-18
1.050945e+01,7.404868e-17,6.244287e-16,6.244287e-18
1.051229e+01,7.466969e-17,6.343868e-16,6.343868e-18
1.051514e+01,7.517402e-17,6.420936e-16,6.420936e-18
1.051798e+01,7.515880e-17,6.490134e-16,6.490134e-18
1.052082e+01,7.404493e-17,6.587976e-16,6.587976e-18
1.052367e+01,7.385239e-17,6.672392e-16,6.672392e-18
1.052651e+01,7.466985e-17,6.723321e-16,6.723321e-18
1.052935e+01,7.533271e-17,6.795912e-16,6.795912e-18
1.053220e+01,7.386698e-17,6.887415e-16,6.887415e-18
1.053504e+01,7.427755e-17,6.949132e-16,6.949132e-18
1.053788e+01,7.512776e-17,7.007670e-16,7.007670e-18
1.054073e+01,7.410956e-17,7.084082e-16,7.084082e-18
1.054357e+01,7.423844e-17,7.130362e-16,7.130362e-18
1.054642e+01,7.419437e-17,7.136415e-16,7.136415e-18
1.054926e+01,7.323324e-17,7.145465e-16,7.145465e-18
1.055210e+01,7.367337e-17,7.181320e-16,7.181320e-18
1.055495e+01,7.409564e-17,7.213611e-16,7.213611e-18
1.055779e+01,7.344080e-17,7.209062e-16,7.209062e-18
1.056063e+01,7.480734e-17,7.169546e-16,7.169546e-18
1.056348e+01,7.473087e-17,7.113489e-16,7.113489e-18
1.056632e+01,7.311171e-17,7.053240e-16,7.053240e-18
1.056916e+01,7.416723e-17,7.024055e-16,7.024055e-18
1.057201e+01,7.477397e-17,7.038538e-16,7.038538e-18
1.057485e+01,7.357788e-17,7.053814e-16,7.053814e-18
1.057769e+01,7.406054e-17,7.037061e-16,7.037061e-18
1.058054e+01,7.427477e-17,6.992874e-16,6.992874e-18
1.058338e+01,7.393364e-17,6.958087e-16,6.958087e-18
1.058622e+01,7.476686e-17,6.932438e-16,6.932438e-18
1.058907e+01,7.464225e-17,6.894505e-16,6.894505e-18
1.059191e+01,7.457436e-17,6.853115e-16,6.853115e-18
1.059475e+01,7.403311e-17,6.837876e-16,6.837876e-18
1.059760e+01,7.513441e-17,6.868090e-16,6.868090e-18
1.060044e+01,7.616051e-17,6.887637e-16,6.887637e-18
1.060328e+01,7.530293e-17,6.843478e-16,6.843478e-18
1.060613e+01,7.577598e-17,6.801980e-16,6.801980e-18
1.060897e+01,7.546495e-17,6.796497e-16,6.796497e-18
1.061181e+01,7.539752e-17,6.794972e-16,6.794972e-18
1.061466e+01,7.536052e-17,6.799366e-16,6.799366e-18
1.061750e+01,7.558006e-17,6.787474e-16,6.787474e-18
1.062035e+01,7.557036e-17,6.724391e-16,6.724391e-18
1.062319e+01,7.533588e-17,6.686441e-16,6.686441e-18
1.062603e+01,7.532844e-17,6.712165e-16,6.712165e-18
1.062888e+01,7.554374e-17,6.701480e-16,6.701480e-18
1.063172e+01,7.591586e-17,6.610480e-16,6.610480e-18
1.063456e+01,7.567628e-17,6.492014e-16,6.492014e-18
1.063741e+01,7.433048e-17,6.369951e-16,6.369951e-18
1.064025e+01,7.378824e-17,6.274102e-16,6.274102e-18
1.064309e+01,7.406032e-17,6.209525e-16,6.209525e-18
1.064594e+01,7.387651e-17,6.122483e-16,6.122483e-18
1.064878e+01,7.347750e-17,5.983279e-16,5.983279e-18
1.065162e+01,7.322284e-17,5.831355e-16,5.831355e-18
1.065447e+01,7.209712e-17,5.684808e-16,5.684808e-18
1.065731e+01,7.115550e-17,5.561234e-16,5.561234e-18
1.066015e+01,7.027770e-17,5.435328e-16,5.435328e-18
1.066300e+01,6.965649e-17,5.301440e-16,5.301440e-18
1.066584e+01,7.084062e-17,5.191345e-16,5.191345e-18
1.066868e+01,6.941364e-17,5.119259e-16,5.119259e-18
1.067153e+01,6.899914e-17,5.051945e-16,5.051945e-18
1.067437e+01,6.848953e-17,4.969107e-16,4.969107e-18
1.067721e+01,6.672881e-17,4.899505e-16,4.899505e-18
1.068006e+01,6.765088e-17,4.848843e-16,4.848843e-18
1.068290e+01,6.738598e-17,4.776970e-16,4.776970e-18
1.068575e+01,6.585715e-17,4.729768e-16,4.729768e-18
1.068859e+01,6.668113e-17,4.744797e-16,4.744797e-18
1.069143e+01,6.658223e-17,4.769673e-16,4.769673e-18
1.069428e+01,6.691556e-17,4.762392e-16,4.762392e-18
1.069712e+01,6.616645e-17,4.743203e-16,4.743203e-18
1.069996e+01,6.655375e-17,4.733425e-16,4.733425e-18
1.070281e+01,6.486236e-17,4.733297e-16,4.733297e-18
1.070565e+01,6.668400e-17,4.733730e-16,4.733730e-18
1.070849e+01,6.585801e-17,4.713183e-16,4.713183e-18
1.071134e+01,6.474344e-17,4.697929e-16,4.697929e-18
1.071418e+01,6.493479e-17,4.725450e-16,4.725450e-18
1.071702e+01,6.670509e-17,4.767808e-16,4.767808e-18
1.071987e+01,6.534019e-17,4.777264e-16,4.777264e-18
1.072271e+01,6.603304e-17,4.790674e-16,4.790674e-18
1.072555e+01,6.586558e-17,4.832691e-16,4.832691e-18
1.072840e+01,6.612368e-17,4.906715e-16,4.906715e-18
1.073124e+01,6.709932e-17,5.021757e-16,5.021757e-18
1.073408e+01,6.803983e-17,5.126218e-16,5.126218e-18
1.073693e+01,6.833874e-17,5.200194e-16,5.200194e-18
1.073977e+01,6.883879e-17,5.293892e-16,5.293892e-18
1.074261e+01,6.835793e-17,5.406082e-16,5.406082e-18
1.074546e+01,6.886892e-17,5.493345e-16,5.493345e-18
1.074830e+01,6.912060e-17,5.556911e-16,5.556911e-18
1.075114e+01,6.964784e-17,5.643970e-16,5.643970e-18
1.075399e+01,6.829052e-17,5.771995e-16,5.771995e-18
1.075683e+01,7.015931e-17,5.916093e-16,5.916093e-18
1.075968e+01,6.996054e-17,6.033555e-16,6.033555e-18
1.076252e+01,7.017482e-17,6.134812e-16,6.134812e-18
1.076536e+01,6.991602e-17,6.245005e-16,6.245005e-18
1.076821e+01,7.067526e-17,6.347948e-16,6.347948e-18
1.077105e+01,7.123926e-17,6.421660e-16,6.421660e-18
1.077389e+01,7.250271e-17,6.495702e-16,6.495702e-18
1.077674e+01,7.046929e-17,6.576216e-16,6.576216e-18
1.077958e+01,7.226021e-17,6.646764e-16,6.646764e-18
1.078242e+01,7.140479e-17,6.708854e-16,6.708854e-18
1.078527e+01,7.122825e-17,6.763406e-16,6.763406e-18
1.078811e+01,7.153846e-17,6.827849e-16,6.827849e-18
1.079095e+01,7.137223e-17,6.903264e-16,6.903264e-18
1.079380e+01,7.218494e-17,6.961477e-16,6.961477e-18
1.079664e+01,7.241643e-17,7.015651e-16,7.015651e-18
1.079948e+01,7.157890e-17,7.074756e-16,7.074756e-18
1.080233e+01,7.255308e-17,7.104975e-16,7.104975e-18
1.080517e+01,7.199375e-17,7.118211e-16,7.118211e-18
1.080801e+01,7.094095e-17,7.153107e-16,7.153107e-18
1.081086e+01,7.222508e-17,7.191640e-16,7.191640e-18
1.081370e+01,7.162150e-17,7.214267e-16,7.214267e-18
1.081654e+01,7.224201e-17,7.222274e-16,7.222274e-18
1.081939e+01,7.131523e-17,7.231046e-16,7.231046e-18
1.082223e+01,7.193171e-17,7.241744e-16,7.241744e-18
1.082507e+01,7.168463e-17,7.234549e-16,7.234549e-18
1.082792e+01,7.137633e-17,7.212102e-16,7.212102e-18
1.083076e+01,7.236226e-17,7.176442e-16,7.176442e-18
1.083361e+01,7.075385e-17,7.133024e-16,7.133024e-18
1.083645e+01,7.103762e-17,7.114699e-16,7.114699e-18
1.083929e+01,7.055167e-17,7.099341e-16,7.099341e-18
1.084214e+01,7.084056e-17,7.067277e-16,7.067277e-18
1.084498e+01,7.081346e-17,7.019422e-16,7.019422e-18
1.084782e+01,7.076523e-17,6.958007e-16,6.958007e-18
1.085067e+01,7.044458e-17,6.910834e-16,6.910834e-18
1.085351e+01,7.041503e-17,6.883655e-16,6.883655e-18
1.085635e+01,7.003773e-17,6.864833e-16,6.864833e-18
1.085920e+01,7.091410e-17,6.844638e-16,6.844638e-18
1.086204e+01,7.079116e-17,6.826915e-16,6.826915e-18
1.086488e+01,7.024805e-17,6.834474e-16,6.834474e-18
1.086773e+01,7.013982e-17,6.844163e-16,6.844163e-18
1.087057e+01,7.121833e-17,6.828022e-16,6.828022e-18
1.087341e+01,7.099270e-17,6.828344e-16,6.828344e-18
1.087626e+01,7.116294e-17,6.868198e-16,6.868198e-18
1.087910e+01,7.036012e-17,6.910738e-16,6.910738e-18
1.088194e+01,6.999513e-17,6.933902e-16,6.933902e-18
1.088479e+01,7.049436e-17,6.935891e-16,6.935891e-18
1.088763e+01,7.138361e-17,6.940496e-16,6.940496e-18
1.089047e+01,7.104916e-17,6.947374e-16,6.947374e-18
1.089332e+01,7.115657e-17,6.951285e-16,6.951285e-18
1.089616e+01,7.135078e-17,6.965917e-16,6.965917e-18
1.089900e+01,7.026378e-17,6.995091e-16,6.995091e-18
1.090185e+01,6.978924e-17,7.034533e-16,7.034533e-18
1.090469e+01,6.976161e-17,7.087307e-16,7.087307e-18
1.090754e+01,7.085948e-17,7.136436e-16,7.136436e-18
1.091038e+01,6.997973e-17,7.174294e-16,7.174294e-18
1.091322e+01,7.049454e-17,7.230385e-16,7.230385e-18
1.091607e+01,7.166542e-17,7.303911e-16,7.303911e-18
1.091891e+01,7.042073e-17,7.363701e-16,7.363701e-18
1.092175e+01,7.158888e-17,7.422573e-16,7.422573e-18
1.092460e+01,7.112452e-17,7.486840e-16,7.486840e-18
1.092744e+01,7.172351e-17,7.546538e-16,7.546538e-18
1.093028e+01,7.103780e-17,7.594043e-16,7.594043e-18
1.093313e+01,7.095294e-17,7.630568e-16,7.630568e-18
1.093597e+01,7.034645e-17,7.678137e-16,7.678137e-18
1.093881e+01,7.173533e-17,7.738048e-16,7.738048e-18
1.094166e+01,7.217253e-17,7.793929e-16,7.793929e-18
1.094450e+01,7.183288e-17,7.839799e-16,7.839799e-18
1.094734e+01,7.110449e-17,7.872424e-16,7.872424e-18
1.095019e+01,7.133241e-17,7.905696e-16,7.905696e-18
1.095303e+01,7.279077e-17,7.944848e-16,7.944848e-18
1.095587e+01,7.232675e-17,7.980590e-16,7.980590e-18
1.095872e+01,7.194285e-17,8.005296e-16,8.005296e-18
1.096156e+01,7.275783e-17,8.021067e-16,8.021067e-18
1.096440e+01,7.230232e-17,8.048737e-16,8.048737e-18
1.096725e+01,7.244759e-17,8.092483e-16,8.092483e-18
1.097009e+01,7.209675e-17,8.125777e-16,8.125777e-18
1.097294e+01,7.251114e-17,8.147320e-16,8.147320e-18
1.097578e+01,7.257200e-17,8.161532e-16,8.161532e-18
1.097862e+01,7.331637e-17,8.165011e-16,8.165011e-18
1.098147e+01,7.259541e-17,8.170748e-16,8.170748e-18
1.098431e+01,7.309782e-17,8.178810e-16,8.178810e-18
1.098715e+01,7.198977e-17,8.170315e-16,8.170315e-18
1.099000e+01,7.138859e-17,8.150380e-16,8.150380e-18
1.099284e+01,7.241662e-17,8.132560e-16,8.132560e-18
1.099568e+01,7.118855e-17,8.110559e-16,8.110559e-18
1.099853e+01,7.293715e-17,8.094482e-16,8.094482e-18
1.100137e+01,7.093803e-17,8.076508e-16,8.076508e-18
1.100421e+01,7.089867e-17,8.049897e-16,8.049897e-18
1.100706e+01,7.139631e-17,8.018225e-16,8.018225e-18
1.100990e+01,7.102570e-17,7.985615e-16,7.985615e-18
1.101274e+01,7.056741e-17,7.955180e-16,7.955180e-18
1.101559e+01,7.024798e-17,7.921165e-16,7.921165e-18
1.101843e+01,6.989855e-17,7.867405e-16,7.867405e-18
1.102127e+01,6.936944e-17,7.802560e-16,7.802560e-18
1.102412e+01,6.913052e-17,7.742269e-16,7.742269e-18
1.102696e+01,6.777261e-17,7.699537e-16,7.699537e-18
1.102980e+01,6.799956e-17,7.681352e-16,7.681352e-18
1.103265e+01,6.841170e-17,7.660155e-16,7.660155e-18
1.103549e+01,6.650646e-17,7.617439e-16,7.617439e-18
1.103833e+01,6.812593e-17,7.569214e-16,7.569214e-18
1.104118e+01,6.734590e-17,7.534783e-16,7.534783e-18
1.104402e+01,6.768901e-17,7.514684e-16,7.514684e-18
1.104687e+01,6.648798e-17,7.508705e-16,7.508705e-18
1.104971e+01,6.719961e-17,7.514095e-16,7.514095e-18
1.105255e+01,6.652119e-17,7.512950e-16,7.512950e-18
1.105540e+01,6.675000e-17,7.513020e-16,7.513020e-18
1.105824e+01,6.667292e-17,7.523400e-16,7.523400e-18
1.106108e+01,6.605268e-17,7.536679e-16,7.536679e-18
1.106393e+01,6.563066e-17,7.554843e-16,7.554843e-18
1.106677e+01,6.669225e-17,7.575909e-16,7.575909e-18
1.106961e+01,6.636252e-17,7.567471e-16,7.567471e-18
1.107246e+01,6.528299e-17,7.528451e-16,7.528451e-18
1.107530e+01,6.514703e-17,7.506389e-16,7.506389e-18
1.107814e+01,6.638730e-17,7.507626e-16,7.507626e-18
1.108099e+01,6.628805e-17,7.500326e-16,7.500326e-18
1.108383e+01,6.522710e-17,7.499962e-16,7.499962e-18
1.108667e+01,6.554228e-17,7.529747e-16,7.529747e-18
1.108952e+01,6.568574e-17,7.551694e-16,7.551694e-18
1.109236e+01,6.602490e-17,7.531145e-16,7.531145e-18
1.109520e+01,6.574859e-17,7.508580e-16,7.508580e-18
1.109805e+01,6.506175e-17,7.514392e-16,7.514392e-18
1.110089e+01,6.690711e-17,7.527777e-16,7.527777e-18
1.110373e+01,6.587142e-17,7.525024e-16,7.525024e-18
1.110658e+01,6.653371e-17,7.526123e-16,7.526123e-18
1.110942e+01,6.690515e-17,7.545390e-16,7.545390e-18
1.111226e+01,6.667038e-17,7.555446e-16,7.555446e-18
1.111511e+01,6.641086e-17,7.534488e-16,7.534488e-18
1.111795e+01,6.605280e-17,7.519384e-16,7.519384e-18
1.112080e+01,6.698591e-17,7.531345e-16,7.531345e-18
1.112364e+01,6.657228e-17,7.546588e-16,7.546588e-18
1.112648e+01,6.617684e-17,7.552527e-16,7.552527e-18
1.112933e+01,6.661282e-17,7.559016e-16,7.559016e-18
1.113217e+01,6.535582e-17,7.566059e-16,7.566059e-18
1.113501e+01,6.685638e-17,7.571376e-16,7.571376e-18
1.113786e+01,6.644987e-17,7.567195e-16,7.567195e-18
1.114070e+01,6.691891e-17,7.538349e-16,7.538349e-18
1.114354e+01,6.603205e-17,7.468793e-16,7.468793e-18
1.114639e+01,6.694200e-17,7.397570e-16,7.397570e-18
1.114923e+01,6.574687e-17,7.359912e-16,7.359912e-18
1.115207e+01,6.666655e-17,7.344297e-16,7.344297e-18
1.115492e+01,6.529181e-17,7.319941e-16,7.319941e-18
1.115776e+01,6.531029e-17,7.284495e-16,7.284495e-18
1.116060e+01,6.549145e-17,7.259658e-16,7.259658e-18
1.116345e+01,6.494011e-17,7.234304e-16,7.234304e-18
1.116629e+01,6.589961e-17,7.211515e-16,7.211515e-18
1.116913e+01,6.513275e-17,7.205926e-16,7.205926e-18
1.117198e+01,6.576648e-17,7.176622e-16,7.176622e-18
1.117482e+01,6.479124e-17,7.122591e-16,7.122591e-18
1.117766e+01,6.359253e-17,7.088249e-16,7.088249e-18
1.118051e+01,6.348643e-17,7.064492e-16,7.064492e-18
1.118335e+01,6.349206e-17,7.022856e-16,7.022856e-18
1.118620e+01,6.334963e-17,6.983383e-16,6.983383e-18
1.118904e+01,6.367070e-17,6.965743e-16,6.965743e-18
1.119188e+01,6.318470e-17,6.968675e-16,6.968675e-18
1.119473e+01,6.225069e-17,6.961045e-16,6.961045e-18
1.119757e+01,6.340647e-17,6.925352e-16,6.925352e-18
1.120041e+01,6.277264e-17,6.861799e-16,6.861799e-18
1.120326e+01,6.285374e-17,6.794837e-16,6.794837e-18
1.120610e+01,6.195641e-17,6.748458e-16,6.748458e-18
1.120894e+01,6.208811e-17,6.729333e-16,6.729333e-18
1.121179e+01,6.303418e-17,6.715921e-16,6.715921e-18
1.121463e+01,6.259355e-17,6.681765e-16,6.681765e-18
1.121747e+01,6.199713e-17,6.651453e-16,6.651453e-18
1.122032e+01,6.161419e-17,6.630448e-16,6.630448e-18
1.122316e+01,6.190725e-17,6.588220e-16,6.588220e-18
1.122600e+01,6.206622e-17,6.531615e-16,6.531615e-18
1.122885e+01,6.264119e-17,6.496700e-16,6.496700e-18
1.123169e+01,6.129257e-17,6.477740e-16,6.477740e-18
1.123453e+01,6.193712e-17,6.448821e-16,6.448821e-18
1.123738e+01,6.082546e-17,6.408736e-16,6.408736e-18
1.124022e+01,6.168268e-17,6.372012e-16,6.372012e-18
1.124306e+01,6.149025e-17,6.331836e-16,6.331836e-18
1.124591e+01,6.171581e-17,6.281368e-16,6.281368e-18
1.124875e+01,6.049256e-17,6.247525e-16,6.247525e-18
1.125159e+01,6.168227e-17,6.235752e-16,6.235752e-18
1.125444e+01,6.180515e-17,6.225558e-16,6.225558e-18
1.125728e+01,6.110154e-17,6.185986e-16,6.185986e-18
1.126013e+01,6.117984e-17,6.121686e-16,6.121686e-18
1.126297e+01,6.062078e-17,6.067546e-16,6.067546e-18
1.126581e+01,6.134096e-17,6.032896e-16,6.032896e-18
1.126866e+01,6.107854e-17,5.998335e-16,5.998335e-18
1.127150e+01,6.168939e-17,5.974327e-16,5.974327e-18
1.127434e+01,6.118859e-17,5.976038e-16,5.976038e-18
1.127719e+01,6.219745e-17,5.976171e-16,5.976171e-18
1.128003e+01,6.103880e-17,5.959713e-16,5.959713e-18
1.128287e+01,6.180877e-17,5.938638e-16,5.938638e-18
1.128572e+01,6.063229e-17,5.902859e-16,5.902859e-18
1.128856e+01,6.045377e-17,5.867144e-16,5.867144e-18
1.129140e+01,6.048695e-17,5.841741e-16,5.841741e-18
1.129425e+01,6.097093e-17,5.812439e-16,5.812439e-18
1.129709e+01,6.055325e-17,5.773879e-16,5.773879e-18
1.129993e+01,6.149946e-17,5.737391e-16,5.737391e-18
1.130278e+01,6.138044e-17,5.709572e-16,5.709572e-18
1.130562e+01,6.144241e-17,5.688646e-16,5.688646e-18
1.130846e+01,6.079568e-17,5.675690e-16,5.675690e-18
1.131131e+01,6.108674e-17,5.667731e-16,5.667731e-18
1.131415e+01,6.113623e-17,5.649984e-16,5.649984e-18
1.131699e+01,6.228454e-17,5.619214e-16,5.619214e-18
1.131984e+01,6.059153e-17,5.602543e-16,5.602543e-18
1.132268e+01,6.150173e-17,5.617775e-16,5.617775e-18
1.132552e+01,6.156290e-17,5.642269e-16,5.642269e-18
1.132837e+01,6.158014e-17,5.660709e-16,5.660709e-18
1.133121e+01,6.205876e-17,5.672982e-16,5.672982e-18
1.133406e+01,6.302432e-17,5.691857e-16,5.691857e-18
1.133690e+01,6.284718e-17,5.721612e-16,5.721612e-18
1.133974e+01,6.318002e-17,5.746334e-16,5.746334e-18
1.134259e+01,6.273210e-17,5.751640e-16,5.751640e-18
1.134543e+01,6.301633e-17,5.751700e-16,5.751700e-18
1.134827e+01,6.363499e-17,5.769920e-16,5.769920e-18
1.135112e+01,6.354892e-17,5.819184e-16,5.819184e-18
1.135396e+01,6.407257e-17,5.871010e-16,5.871010e-18
1.135680e+01,6.335829e-17,5.872001e-16,5.872001e-18
1.135965e+01,6.367018e-17,5.843706e-16,5.843706e-18
1.136249e+01,6.389830e-17,5.844218e-16,5.844218e-18
1.136533e+01,6.361232e-17,5.843262e-16,5.843262e-18
1.136818e+01,6.399477e-17,5.809136e-16,5.809136e-18
1.137102e+01,6.380099e-17,5.773756e-16,5.773756e-18
1.137386e+01,6.295615e-17,5.743975e-16,5.743975e-18
1.137671e+01,6.378672e-17,5.698466e-16,5.698466e-18
1.137955e+01,6.338876e-17,5.655110e-16,5.655110e-18
1.138239e+01,6.358098e-17,5.626469e-16,5.626469e-18
1.138524e+01,6.313515e-17,5.609744e-16,5.609744e-18
1.138808e+01,6.306979e-17,5.573375e-16,5.573375e-18
1.139092e+01,6.200604e-17,5.499644e-16,5.499644e-18
1.139377e+01,6.283229e-17,5.426182e-16,5.426182e-18
1.139661e+01,6.247395e-17,5.383967e-16,5.383967e-18
1.139945e+01,6.211493e-17,5.353042e-16,5.353042e-18
1.140230e+01,6.134535e-17,5.328312e-16,5.328312e-18
1.140514e+01,6.172723e-17,5.314156e-16,5.314156e-18
1.140799e+01,6.200238e-17,5.295178e-16,5.295178e-18
1.141083e+01,6.143723e-17,5.274583e-16,5.274583e-18
1.141367e+01,6.087390e-17,5.273421e-16,5.273421e-18
1.141652e+01,6.182782e-17,5.278425e-16,5.278425e-18
1.141936e+01,6.056699e-17,5.262304e-16,5.262304e-18
1.142220e+01,6.122998e-17,5.241210e-16,5.241210e-18
1.142505e+01,6.033257e-17,5.220208e-16,5.220208e-18
1.142789e+01,6.049422e-17,5.206675e-16,5.206675e-18
1.143073e+01,6.076288e-17,5.207104e-16,5.207104e-18
1.143358e+01,6.090737e-17,5.215272e-16,5.215272e-18
1.143642e+01,6.156446e-17,5.201590e-16,5.201590e-18
1.143926e+01,6.052124e-17,5.174299e-16,5.174299e-18
1.144211e+01,6.155992e-17,5.181892e-16,5.181892e-18
1.144495e+01,6.166955e-17,5.202812e-16,5.202812e-18
1.144779e+01,6.099868e-17,5.203867e-16,5.203867e-18
1.145064e+01,6.172549e-17,5.188712e-16,5.188712e-18
1.145348e+01,6.154141e-17,5.187168e-16,5.187168e-18
1.145632e+01,6.188891e-17,5.223554e-16,5.223554e-18
1.145917e+01,6.115179e-17,5.282759e-16,5.282759e-18
1.146201e+01,6.255209e-17,5.340084e-16,5.340084e-18
1.146485e+01,6.253415e-17,5.389966e-16,5.389966e-18
1.146770e+01,6.206077e-17,5.447854e-16,5.447854e-18
1.147054e+01,6.209110e-17,5.508924e-16,5.508924e-18
1.147339e+01,6.265173e-17,5.563202e-16,5.563202e-18
1.147623e+01,6.204279e-17,5.633389e-16,5.633389e-18
1.147907e+01,6.213304e-17,5.725692e-16,5.725692e-18
1.148192e+01,6.303715e-17,5.823801e-16,5.823801e-18
1.148476e+01,6.334713e-17,5.922278e-16,5.922278e-18
1.148760e+01,6.293184e-17,6.030982e-16,6.030982e-18
1.149045e+01,6.316411e-17,6.137940e-16,6.137940e-18
1.149329e+01,6.325526e-17,6.222003e-16,6.222003e-18
1.149613e+01,6.340620e-17,6.284875e-16,6.284875e-18
1.149898e+01,6.395885e-17,6.354517e-16,6.354517e-18
1.150182e+01,6.339817e-17,6.438653e-16,6.438653e-18
1.150466e+01,6.433596e-17,6.521449e-16,6.521449e-18
1.150751e+01,6.328420e-17,6.591157e-16,6.591157e-18
1.151035e+01,6.372788e-17,6.649963e-16,6.649963e-18
1.151319e+01,6.378125e-17,6.669819e-16,6.669819e-18
1.151604e+01,6.339338e-17,6.654758e-16,6.654758e-18
1.151888e+01,6.326697e-17,6.640616e-16,6.640616e-18
1.152172e+01,6.294794e-17,6.658548e-16,6.658548e-18
1.152457e+01,6.298867e-17,6.693963e-16,6.693963e-18
1.152741e+01,6.376621e-17,6.726779e-16,6.726779e-18
1.153025e+01,6.227013e-17,6.733811e-16,6.733811e-18
1.153310e+01,6.284347e-17,6.718360e-16,6.718360e-18
1.153594e+01,6.373674e-17,6.677496e-16,6.677496e-18
1.153878e+01,6.331544e-17,6.611667e-16,6.611667e-18
1.154163e+01,6.300178e-17,6.545149e-16,6.545149e-18
1.154447e+01,6.318172e-17,6.490512e-16,6.490512e-18
1.154732e+01,6.319139e-17,6.433592e-16,6.433592e-18
1.155016e+01,6.200960e-17,6.378245e-16,6.378245e-18
1.155300e+01,6.165661e-17,6.337053e-16,6.337053e-18
1.155585e+01,6.218244e-17,6.281673e-16,6.281673e-18
1.155869e+01,6.209129e-17,6.180536e-16,6.180536e-18
1.156153e+01,6.266813e-17,6.062262e-16,6.062262e-18
1.156438e+01,6.190539e-17,5.960062e-16,5.960062e-18
1.156722e+01,6.222128e-17,5.849117e-16,5.849117e-18
1.157006e+01,6.125051e-17,5.713762e-16,5.713762e-18
1.157291e+01,6.134863e-17,5.603938e-16,5.603938e-18
1.157575e+01,6.158133e-17,5.541108e-16,5.541108e-18
1.157859e+01,6.099702e-17,5.477329e-16,5.477329e-18
1.158144e+01,6.079230e-17,5.388945e-16,5.388945e-18
1.158428e+01,6.098707e-17,5.294359e-16,5.294359e-18
1.158712e+01,6.055568e-17,5.176970e-16,5.176970e-18
1.158997e+01,5.985975e-17,5.038566e-16,5.038566e-18
1.159281e+01,6.082106e-17,4.918060e-16,4.918060e-18
1.159565e+01,5.921288e-17,4.813683e-16,4.813683e-18
1.159850e+01,5.974434e-17,4.703088e-16,4.703088e-18
1.160134e+01,5.945119e-17,4.574116e-16,4.574116e-18
1.160418e+01,5.982705e-17,4.440419e-16,4.440419e-18
1.160703e+01,5.979460e-17,4.330271e-16,4.330271e-18
1.160987e+01,5.878931e-17,4.233050e-16,4.233050e-18
1.161271e+01,5.951405e-17,4.113353e-16,4.113353e-18
1.161556e+01,5.908492e-17,3.981927e-16,3.981927e-18
1.161840e+01,5.789068e-17,3.856249e-16,3.856249e-18
1.162125e+01,5.831496e-17,3.727025e-16,3.727025e-18
1.162409e+01,5.792963e-17,3.606909e-16,3.606909e-18
1.162693e+01,5.762575e-17,3.519405e-16,3.519405e-18
1.162978e+01,5.752093e-17,3.444680e-16,3.444680e-18
1.163262e+01,5.621451e-17,3.357028e-16,3.357028e-18
1.163546e+01,5.670403e-17,3.276636e-16,3.276636e-18
1.163831e+01,5.714363e-17,3.226416e-16,3.226416e-18
1.164115e+01,5.631945e-17,3.196958e-16,3.196958e-18
1.164399e+01,5.631588e-17,3.155129e-16,3.155129e-18
1.164684e+01,5.646136e-17,3.070482e-16,3.070482e-18
1.164968e+01,5.592709e-17,2.996115e-16,2.996115e-18
1.165252e+01,5.494564e-17,2.965993e-16,2.965993e-18
1.165537e+01,5.542367e-17,2.937521e-16,2.937521e-18
1.165821e+01,5.537612e-17,2.895936e-16,2.895936e-18
1.166105e+01,5.463676e-17,2.871792e-16,2.871792e-18
1.166390e+01,5.431033e-17,2.852666e-16,2.852666e-18
1.166674e+01,5.479139e-17,2.838255e-16,2.838255e-18
1.166958e+01,5.508125e-17,2.835274e-16,2.835274e-18
1.167243e+01,5.458471e-17,2.834443e-16,2.834443e-18
1.167527e+01,5.456625e-17,2.796940e-16,2.796940e-18
1.167811e+01,5.476805e-17,2.753281e-16,2.753281e-18
1.168096e+01,5.508200e-17,2.784146e-16,2.784146e-18
1.168380e+01,5.522716e-17,2.800692e-16,2.800692e-18
1.168665e+01,5.503662e-17,2.761771e-16,2.761771e-18
1.168949e+01,5.469695e-17,2.759273e-16,2.759273e-18
1.169233e+01,5.499383e-17,2.784908e-16,2.784908e-18
1.169518e+01,5.618676e-17,2.768197e-16,2.768197e-18
1.169802e+01,5.447963e-17,2.768347e-16,2.768347e-18
1.170086e+01,5.488403e-17,2.813810e-16,2.813810e-18
1.170371e+01,5.470849e-17,2.864198e-16,2.864198e-18
1.170655e+01,5.522762e-17,2.894945e-16,2.894945e-18
1.170939e+01,5.577231e-17,2.907727e-16,2.907727e-18
1.171224e+01,5.553177e-17,2.943592e-16,2.943592e-18
1.171508e+01,5.550079e-17,2.976471e-16,2.976471e-18
1.171792e+01,5.553138e-17,2.957505e-16,2.957505e-18
1.172077e+01,5.523980e-17,2.951793e-16,2.951793e-18
1.172361e+01,5.559204e-17,3.018857e-16,3.018857e-18
1.172645e+01,5.498244e-17,3.068344e-16,3.068344e-18
1.172930e+01,5.524330e-17,3.038131e-16,3.038131e-18
1.173214e+01,5.513203e-17,3.024823e-16,3.024823e-18
1.173498e+01,5.559484e-17,3.057507e-16,3.057507e-18
1.173783e+01,5.523735e-17,3.090409e-16,3.090409e-18
1.174067e+01,5.423799e-17,3.084320e-16,3.084320e-18
1.174351e+01,5.433329e-17,3.046726e-16,3.046726e-18
1.174636e+01,5.517031e-17,2.979883e-16,2.979883e-18
1.174920e+01,5.430036e-17,2.923176e-16,2.923176e-18
1.175204e+01,5.472310e-17,2.939760e-16,2.939760e-18
1.175489e+01,5.509684e-17,2.959618e-16,2.959618e-18
1.175773e+01,5.428631e-17,2.920716e-16,2.920716e-18
1.176058e+01,5.428380e-17,2.876143e-16,2.876143e-18
1.176342e+01,5.388639e-17,2.844506e-16,2.844506e-18
1.176626e+01,5.431988e-17,2.810865e-16,2.810865e-18
1.176911e+01,5.393170e-17,2.782524e-16,2.782524e-18
1.177195e+01,5.276806e-17,2.784987e-16,2.784987e-18
1.177479e+01,5.411167e-17,2.819091e-16,2.819091e-18
1.177764e+01,5.369514e-17,2.812827e-16,2.812827e-18
1.178048e+01,5.339670e-17,2.792347e-16,2.792347e-18
1.178332e+01,5.345162e-17,2.819429e-16,2.819429e-18
1.178617e+01,5.404252e-17,2.840664e-16,2.840664e-18
1.178901e+01,5.359854e-17,2.791390e-16,2.791390e-18
1.179185e+01,5.172518e-17,2.742656e-16,2.742656e-18
1.179470e+01,5.307980e-17,2.757846e-16,2.757846e-18
1.179754e+01,5.345915e-17,2.797031e-16,2.797031e-18
1.180038e+01,5.341784e-17,2.813562e-16,2.813562e-18
1.180323e+01,5.316556e-17,2.812532e-16,2.812532e-18
1.180607e+01,5.366007e-17,2.806989e-16,2.806989e-18
1.180891e+01,5.359749e-17,2.821155e-16,2.821155e-18
1.181176e+01,5.278729e-17,2.847813e-16,2.847813e-18
1.181460e+01,5.290857e-17,2.881082e-16,2.881082e-18
1.181744e+01,5.410337e-17,2.938932e-16,2.938932e-18
1.182029e+01,5.403598e-17,3.011348e-16,3.011348e-18
1.182313e+01,5.373160e-17,3.082874e-16,3.082874e-18
1.182597e+01,5.380193e-17,3.167341e-16,3.167341e-18
1.182882e+01,5.502980e-17,3.242712e-16,3.242712e-18
1.183166e+01,5.429322e-17,3.272912e-16,3.272912e-18
1.183451e+01,5.472703e-17,3.303777e-16,3.303777e-18
1.183735e+01,5.503133e-17,3.365526e-16,3.365526e-18
1.184019e+01,5.488309e-17,3.408130e-16,3.408130e-18
1.184304e+01,5.397047e-17,3.414012e-16,3.414012e-18
1.184588e+01,5.449491e-17,3.430556e-16,3.430556e-18
1.184872e+01,5.480697e-17,3.433876e-16,3.433876e-18
1.185157e+01,5.432928e-17,3.432029e-16,3.432029e-18
1.185441e+01,5.469813e-17,3.485207e-16,3.485207e-18
1.185725e+01,5.481023e-17,3.541205e-16,3.541205e-18
1.186010e+01,5.478912e-17,3.566533e-16,3.566533e-18
1.186294e+01,5.433565e-17,3.612489e-16,3.612489e-18
1.186578e+01,5.432733e-17,3.674240e-16,3.674240e-18
1.186863e+01,5.522655e-17,3.700161e-16,3.700161e-18
1.187147e+01,5.536469e-17,3.705542e-16,3.705542e-18
1.187431e+01,5.440263e-17,3.698419e-16,3.698419e-18
1.187716e+01,5.421738e-17,3.696848e-16,3.696848e-18
1.188000e+01,5.501060e-17,3.734292e-16,3.734292e-18
1.188284e+01,5.443252e-17,3.788677e-16,3.788677e-18
1.188569e+01,5.529914e-17,3.851310e-16,3.851310e-18
1.188853e+01,5.532820e-17,3.918606e-16,3.918606e-18
1.189137e+01,5.495414e-17,3.977740e-16,3.977740e-18
1.189422e+01,5.520848e-17,4.023580e-16,4.023580e-18
1.189706e+01,5.550387e-17,4.078984e-16,4.078984e-18
1.189990e+01,5.450650e-17,4.157534e-16,4.157534e-18
1.190275e+01,5.477772e-17,4.243621e-16,4.243621e-18
1.190559e+01,5.488174e-17,4.309138e-16,4.309138e-18
1.190844e+01,5.496312e-17,4.360967e-16,4.360967e-18
1.191128e+01,5.487629e-17,4.389357e-16,4.389357e-18
1.191412e+01,5.550348e-17,4.393903e-16,4.393903e-18
1.191697e+01,5.471620e-17,4.399666e-16,4.399666e-18
1.191981e+01,5.455289e-17,4.430142e-16,4.430142e-18
1.192265e+01,5.411719e-17,4.479422e-16,4.479422e-18
1.192550e+01,5.486923e-17,4.524693e-16,4.524693e-18
1.192834e+01,5.451353e-17,4.558079e-16,4.558079e-18
1.193118e+01,5.554602e-17,4.572086e-16,4.572086e-18
1.193403e+01,5.453537e-17,4.567565e-16,4.567565e-18
1.193687e+01,5.437167e-17,4.567261e-16,4.567261e-18
1.193971e+01,5.490028e-17,4.569555e-16,4.569555e-18
1.194256e+01,5.430988e-17,4.563983e-16,4.563983e-18
1.194540e+01,5.470326e-17,4.537860e-16,4.537860e-18
1.194824e+01,5.509138e-17,4.496703e-16,4.496703e-18
1.195109e+01,5.435589e-17,4.469069e-16,4.469069e-18
1.195393e+01,5.492751e-17,4.457467e-16,4.457467e-18
1.195677e+01,5.506527e-17,4.449389e-16,4.449389e-18
1.195962e+01,5.489150e-17,4.428979e-16,4.428979e-18
1.196246e+01,5.510758e-17,4.401590e-16,4.401590e-18
1.196530e+01,5.446507e-17,4.391864e-16,4.391864e-18
1.196815e+01,5.481716e-17,4.390736e-16,4.390736e-18
1.197099e+01,5.481640e-17,4.353036e-16,4.353036e-18
1.197384e+01,5.475698e-17,4.273076e-16,4.273076e-18
1.197668e+01,5.476195e-17,4.188395e-16,4.188395e-18
1.197952e+01,5.428558e-17,4.110089e-16,4.110089e-18
1.198237e+01,5.408843e-17,4.042909e-16,4.042909e-18
1.198521e+01,5.398570e-17,4.002140e-16,4.002140e-18
1.198805e+01,5.407782e-17,3.967423e-16,3.967423e-18
1.199090e+01,5.333848e-17,3.906412e-16,3.906412e-18
1.199374e+01,5.317891e-17,3.825860e-16,3.825860e-18
1.199658e+01,5.298235e-17,3.749273e-16,3.749273e-18
1.199943e+01,5.262771e-17,3.696730e-16,3.696730e-18
1.200227e+01,5.271774e-17,3.641320e-16,3.641320e-18
1.200511e+01,5.245503e-17,3.549598e-16,3.549598e-18
1.200796e+01,5.216593e-17,3.456616e-16,3.456616e-18
1.201080e+01,5.154094e-17,3.393664e-16,3.393664e-18
1.201364e+01,5.210717e-17,3.343054e-16,3.343054e-18
1.201649e+01,5.143907e-17,3.287834e-16,3.287834e-18
1.201933e+01,5.219366e-17,3.248847e-16,3.248847e-18
1.202217e+01,5.154560e-17,3.228269e-16,3.228269e-18
1.202502e+01,5.197677e-17,3.211630e-16,3.211630e-18
1.202786e+01,5.106905e-17,3.178469e-16,3.178469e-18
1.203070e+01,5.182304e-17,3.126908e-16,3.126908e-18
1.203355e+01,5.192816e-17,3.073839e-16,3.073839e-18
1.203639e+01,5.136758e-17,3.021827e-16,3.021827e-18
1.203923e+01,5.073778e-17,2.982411e-16,2.982411e-18
1.204208e+01,5.148302e-17,2.978823e-16,2.978823e-18
1.204492e+01,5.130883e-17,2.970835e-16,2.970835e-18
1.204777e+01,5.188445e-17,2.927649e-16,2.927649e-18
1.205061e+01,5.251262e-17,2.917108e-16,2.917108e-18
1.205345e+01,5.181308e-17,2.942156e-16,2.942156e-18
1.205630e+01,5.243061e-17,2.966515e-16,2.966515e-18
1.205914e+01,5.231622e-17,2.973351e-16,2.973351e-18
1.206198e+01,5.243489e-17,2.976217e-16,2.976217e-18
1.206483e+01,5.199308e-17,2.990349e-16,2.990349e-18
1.206767e+01,5.250606e-17,3.025725e-16,3.025725e-18
1.207051e+01,5.265515e-17,3.053575e-16,3.053575e-18
1.207336e+01,5.209292e-17,3.065444e-16,3.065444e-18
1.207620e+01,5.196828e-17,3.084847e-16,3.084847e-18
1.207904e+01,5.223694e-17,3.098997e-16,3.098997e-18
1.208189e+01,5.151787e-17,3.099122e-16,3.099122e-18
1.208473e+01,5.149398e-17,3.105195e-16,3.105195e-18
1.208757e+01,5.258723e-17,3.112500e-16,3.112500e-18
1.209042e+01,5.243106e-17,3.117827e-16,3.117827e-18
1.209326e+01,5.160497e-17,3.136139e-16,3.136139e-18
1.209610e+01,5.221670e-17,3.142456e-16,3.142456e-18
1.209895e+01,5.256495e-17,3.098355e-16,3.098355e-18
1.210179e+01,5.148933e-17,3.042766e-16,3.042766e-18
1.210463e+01,5.150093e-17,3.018228e-16,3.018228e-18
1.210748e+01,5.099641e-17,3.005354e-16,3.005354e-18
1.211032e+01,5.151243e-17,2.983684e-16,2.983684e-18
1.211316e+01,5.149498e-17,2.947273e-16,2.947273e-18
1.211601e+01,5.116416e-17,2.886428e-16,2.886428e-18
1.211885e+01,5.138716e-17,2.843870e-16,2.843870e-18
1.212170e+01,5.104608e-17,2.835453e-16,2.835453e-18
1.212454e+01,5.098960e-17,2.803335e-16,2.803335e-18
1.212738e+01,5.140137e-17,2.749213e-16,2.749213e-18
1.213023e+01,5.021925e-17,2.728044e-16,2.728044e-18
1.213307e+01,5.063197e-17,2.708305e-16,2.708305e-18
1.213591e+01,5.043581e-17,2.671484e-16,2.671484e-18
1.213876e+01,4.988771e-17,2.652435e-16,2.652435e-18
1.214160e+01,4.994667e-17,2.616061e-16,2.616061e-18
1.214444e+01,5.001574e-17,2.566434e-16,2.566434e-18
1.214729e+01,4.940604e-17,2.539013e-16,2.539013e-18
1.215013e+01,4.921121e-17,2.504862e-16,2.504862e-18
1.215297e+01,4.927512e-17,2.445497e-16,2.445497e-18
1.215582e+01,4.888472e-17,2.416157e-16,2.416157e-18
1.215866e+01,4.965073e-17,2.420898e-16,2.420898e-18
1.216150e+01,4.940131e-17,2.410522e-16,2.410522e-18
1.216435e+01,4.951183e-17,2.375469e-16,2.375469e-18
1.216719e+01,4.922429e-17,2.354783e-16,2.354783e-18
1.217003e+01,4.899297e-17,2.379967e-16,2.379967e-18
1.217288e+01,4.958403e-17,2.415009e-16,2.415009e-18
1.217572e+01,4.963571e-17,2.394993e-16,2.394993e-18
1.217856e+01,4.942307e-17,2.366324e-16,2.366324e-18
1.218141e+01,4.997188e-17,2.405785e-16,2.405785e-18
1.218425e+01,4.946059e-17,2.460545e-16,2.460545e-18
1.218710e+01,4.954144e-17,2.473185e-16,2.473185e-18
1.218994e+01,4.999796e-17,2.476022e-16,2.476022e-18
1.219278e+01,4.953602e-17,2.496007e-16,2.496007e-18
1.219563e+01,5.004569e-17,2.502588e-16,2.502588e-18
1.219847e+01,4.946268e-17,2.480075e-16,2.480075e-18
1.220131e+01,5.086865e-17,2.493031e-16,2.493031e-18
1.220416e+01,4.951935e-17,2.545986e-16,2.545986e-18
1.220700e+01,5.006526e-17,2.566065e-16,2.566065e-18
1.220984e+01,5.002551e-17,2.513992e-16,2.513992e-18
1.221269e+01,5.025999e-17,2.483439e-16,2.483439e-18
1.221553e+01,5.021658e-17,2.498856e-16,2.498856e-18
1.221837e+01,5.029985e-17,2.497658e-16,2.497658e-18
1.222122e+01,5.045005e-17,2.482059e-16,2.482059e-18
1.222406e+01,4.982892e-17,2.466590e-16,2.466590e-18
1.222690e+01,5.086469e-17,2.438301e-16,2.438301e-18
1.222975e+01,5.016297e-17,2.439046e-16,2.439046e-18
1.223259e+01,5.027905e-17,2.461009e-16,2.461009e-18
1.223543e+01,4.975930e-17,2.448880e-16,2.448880e-18
1.223828e+01,5.001328e-17,2.427917e-16,2.427917e-18
1.224112e+01,4.919730e-17,2.418532e-16,2.418532e-18
1.224396e+01,5.025967e-17,2.414325e-16,2.414325e-18
1.224681e+01,4.920894e-17,2.417800e-16,2.417800e-18
1.224965e+01,5.015255e-17,2.432304e-16,2.432304e-18
1.225249e+01,4.911104e-17,2.428912e-16,2.428912e-18
1.225534e+01,4.952619e-17,2.440744e-16,2.440744e-18
1.225818e+01,4.997855e-17,2.476821e-16,2.476821e-18
1.226103e+01,5.086559e-17,2.517828e-16,2.517828e-18
1.226387e+01,4.998681e-17,2.558002e-16,2.558002e-18
1.226671e+01,4.962449e-17,2.591721e-16,2.591721e-18
1.226956e+01,4.971398e-17,2.621589e-16,2.621589e-18
1.227240e+01,4.978601e-17,2.667530e-16,2.667530e-18
1.227524e+01,4.996132e-17,2.712979e-16,2.712979e-18
1.227809e+01,5.035728e-17,2.744457e-16,2.744457e-18
1.228093e+01,4.968927e-17,2.774551e-16,2.774551e-18
1.228377e+01,4.973446e-17,2.808171e-16,2.808171e-18
1.228662e+01,5.020413e-17,2.824043e-16,2.824043e-18
1.228946e+01,4.986084e-17,2.833495e-16,2.833495e-18
1.229230e+01,4.981975e-17,2.861525e-16,2.861525e-18
1.229515e+01,4.960693e-17,2.900409e-16,2.900409e-18
1.229799e+01,5.066308e-17,2.927772e-16,2.927772e-18
1.230083e+01,5.053634e-17,2.931355e-16,2.931355e-18
1.230368e+01,5.138738e-17,2.945253e-16,2.945253e-18
1.230652e+01,5.114053e-17,2.967306e-16,2.967306e-18
1.230936e+01,5.089597e-17,2.981659e-16,2.981659e-18
1.231221e+01,5.060637e-17,2.978951e-16,2.978951e-18
1.231505e+01,5.119573e-17,2.986749e-16,2.986749e-18
1.231789e+01,5.199345e-17,3.016015e-16,3.016015e-18
1.232074e+01,5.175256e-17,3.039999e-16,3.039999e-18
1.232358e+01,5.087961e-17,3.058767e-16,3.058767e-18
1.232642e+01,5.126902e-17,3.073047e-16,3.073047e-18
1.232927e+01,5.152299e-17,3.068908e-16,3.068908e-18
1.233211e+01,5.061710e-17,3.066077e-16,3.066077e-18
1.233496e+01,5.102717e-17,3.079078e-16,3.079078e-18
1.233780e+01,5.148561e-17,3.077360e-16,3.077360e-18
1.234064e+01,5.138178e-17,3.052808e-16,3.052808e-18
1.234349e+01,5.064407e-17,3.052318e-16,3.052318e-18
1.234633e+01,5.054871e-17,3.060692e-16,3.060692e-18
1.234917e+01,5.112034e-17,3.066293e-16,3.066293e-18
1.235202e+01,5.079127e-17,3.065542e-16,3.065542e-18
1.235486e+01,5.079653e-17,3.052075e-16,3.052075e-18
1.235770e+01,5.029608e-17,3.038531e-16,3.038531e-18
1.236055e+01,5.076362e-17,3.036912e-16,3.036912e-18
1.236339e+01,5.062884e-17,3.026281e-16,3.026281e-18
1.236623e+01,5.036483e-17,3.028212e-16,3.028212e-18
1.236908e+01,5.049571e-17,3.056755e-16,3.056755e-18
1.237192e+01,5.007346e-17,3.082530e-16,3.082530e-18
1.237476e+01,4.968169e-17,3.087272e-16,3.087272e-18
1.237761e+01,5.025777e-17,3.092077e-16,3.092077e-18
1.238045e+01,5.053920e-17,3.103667e-16,3.103667e-18
1.238329e+01,4.978252e-17,3.105778e-16,3.105778e-18
1.238614e+01,4.984518e-17,3.094594e-16,3.094594e-18
1.238898e+01,5.020321e-17,3.101792e-16,3.101792e-18
1.239182e+01,5.068073e-17,3.130633e-16,3.130633e-18
1.239467e+01,5.104201e-17,3.143861e-16,3.143861e-18
1.239751e+01,5.025862e-17,3.151883e-16,3.151883e-18
1.240035e+01,5.015864e-17,3.168114e-16,3.168114e-18
1.240320e+01,5.085219e-17,3.181729e-16,3.181729e-18
1.240604e+01,5.045899e-17,3.192730e-16,3.192730e-18
1.240889e+01,4.983519e-17,3.203535e-16,3.203535e-18
1.241173e+01,5.086651e-17,3.207193e-16,3.207193e-18
1.241457e+01,5.081752e-17,3.207634e-16,3.207634e-18
1.241742e+01,5.080992e-17,3.212133e-16,3.212133e-18
1.242026e+01,5.075501e-17,3.232488e-16,3.232488e-18
1.242310e+01,5.135748e-17,3.269012e-16,3.269012e-18
1.242595e+01,5.049625e-17,3.292943e-16,3.292943e-18
1.242879e+01,5.077031e-17,3.305097e-16,3.305097e-18
1.243163e+01,5.169283e-17,3.320530e-16,3.320530e-18
1.243448e+01,5.107757e-17,3.335258e-16,3.335258e-18
1.243732e+01,5.091599e-17,3.347385e-16,3.347385e-18
1.244016e+01,5.164532e-17,3.370403e-16,3.370403e-18
1.244301e+01,5.230766e-17,3.386204e-16,3.386204e-18
1.244585e+01,5.123268e-17,3.376224e-16,3.376224e-18
1.244869e+01,5.117234e-17,3.348970e-16,3.348970e-18
1.245154e+01,5.095922e-17,3.333075e-16,3.333075e-18
1.245438e+01,5.052380e-17,3.340326e-16,3.340326e-18
1.245722e+01,5.042466e-17,3.357306e-16,3.357306e-18
1.246007e+01,5.138460e-17,3.378093e-16,3.378093e-18
1.246291e+01,5.057124e-17,3.395671e-16,3.395671e-18
1.246575e+01,5.109742e-17,3.404345e-16,3.404345e-18
1.246860e+01,5.167573e-17,3.407433e-16,3.407433e-18
1.247144e+01,5.036836e-17,3.412075e-16,3.412075e-18
1.247429e+01,5.138770e-17,3.446735e-16,3.446735e-18
1.247713e+01,5.090289e-17,3.488330e-16,3.488330e-18
1.247997e+01,5.118398e-17,3.530434e-16,3.530434e-18
1.248282e+01,5.041159e-17,3.578394e-16,3.578394e-18
1.248566e+01,5.082247e-17,3.630158e-16,3.630158e-18
1.248850e+01,5.131709e-17,3.700309e-16,3.700309e-18
1.249135e+01,5.092432e-17,3.801634e-16,3.801634e-18
1.249419e+01,5.122779e-17,3.914068e-16,3.914068e-18
1.249703e+01,5.202624e-17,4.018266e-16,4.018266e-18
1.249988e+01,5.167240e-17,4.107730e-16,4.107730e-18
1.250272e+01,5.202256e-17,4.205783e-16,4.205783e-18
1.250556e+01,5.181248e-17,4.324870e-16,4.324870e-18
1.250841e+01,5.157271e-17,4.447366e-16,4.447366e-18
1.251125e+01,5.198733e-17,4.571905e-16,4.571905e-18
1.251409e+01,5.255725e-17,4.689826e-16,4.689826e-18
1.251694e+01,5.267077e-17,4.790122e-16,4.790122e-18
1.251978e+01,5.346739e-17,4.894305e-16,4.894305e-18
1.252262e+01,5.295416e-17,5.008348e-16,5.008348e-18
1.252547e+01,5.307181e-17,5.112536e-16,5.112536e-18
1.252831e+01,5.259610e-17,5.204632e-16,5.204632e-18
1.253115e+01,5.325409e-17,5.288632e-16,5.288632e-18
1.253400e+01,5.299867e-17,5.361110e-16,5.361110e-18
1.253684e+01,5.426022e-17,5.440009e-16,5.440009e-18
1.253968e+01,5.406481e-17,5.528123e-16,5.528123e-18
1.254253e+01,5.373143e-17,5.599786e-16,5.599786e-18
1.254537e+01,5.457872e-17,5.638456e-16,5.638456e-18
1.254822e+01,5.363326e-17,5.653434e-16,5.653434e-18
1.255106e+01,5.395444e-17,5.669251e-16,5.669251e-18
1.255390e+01,5.386815e-17,5.687979e-16,5.687979e-18
1.255675e+01,5.489798e-17,5.685194e-16,5.685194e-18
1.255959e+01,5.397128e-17,5.649610e-16,5.649610e-18
1.256243e+01,5.321911e-17,5.585768e-16,5.585768e-18
1.256528e+01,5.436432e-17,5.495122e-16,5.495122e-18
1.256812e+01,5.297869e-17,5.380353e-16,5.380353e-18
1.257096e+01,5.288761e-17,5.239000e-16,5.239000e-18
1.257381e+01,5.241082e-17,5.086849e-16,5.086849e-18
1.257665e+01,5.285072e-17,4.954895e-16,4.954895e-18
1.257949e+01,5.239311e-17,4.817232e-16,4.817232e-18
1.258234e+01,5.155769e-17,4.628396e-16,4.628396e-18
1.258518e+01,5.138426e-17,4.420394e-16,4.420394e-18
1.258802e+01,5.198197e-17,4.236849e-16,4.236849e-18
1.259087e+01,5.085701e-17,4.062317e-16,4.062317e-18
1.259371e+01,5.083017e-17,3.860601e-16,3.860601e-18
1.259655e+01,4.960015e-17,3.627771e-16,3.627771e-18
1.259940e+01,4.969125e-17,3.423704e-16,3.423704e-18
1.260224e+01,4.959614e-17,3.244523e-16,3.244523e-18
1.260508e+01,4.868796e-17,3.046507e-16,3.046507e-18
1.260793e+01,4.806823e-17,2.877453e-16,2.877453e-18
1.261077e+01,4.838657e-17,2.762084e-16,2.762084e-18
1.261361e+01,4.793110e-17,2.642893e-16,2.642893e-18
1.261646e+01,4.808426e-17,2.526228e-16,2.526228e-18
1.261930e+01,4.756976e-17,2.440041e-16,2.440041e-18
1.262215e+01,4.723520e-17,2.362443e-16,2.362443e-18
1.262499e+01,4.698639e-17,2.303497e-16,2.303497e-18
1.262783e+01,4.659590e-17,2.253629e-16,2.253629e-18
1.263068e+01,4.602411e-17,2.183858e-16,2.183858e-18
1.263352e+01,4.594561e-17,2.151540e-16,2.151540e-18
1.263636e+01,4.606341e-17,2.153763e-16,2.153763e-18
1.263921e+01,4.634674e-17,2.149801e-16,2.149801e-18
1.264205e+01,4.554776e-17,2.149498e-16,2.149498e-18
1.264489e+01,4.548130e-17,2.121458e-16,2.121458e-18
1.264774e+01,4.528294e-17,2.079173e-16,2.079173e-18
1.265058e+01,4.581146e-17,2.078903e-16,2.078903e-18
1.265342e+01,4.552168e-17,2.107052e-16,2.107052e-18
1.265627e+01,4.562343e-17,2.121220e-16,2.121220e-18
1.265911e+01,4.653364e-17,2.110165e-16,2.110165e-18
1.266195e+01,4.572919e-17,2.082098e-16,2.082098e-18
1.266480e+01,4.550180e-17,2.071375e-16,2.071375e-18
1.266764e+01,4.514733e-17,2.092235e-16,2.092235e-18
1.267048e+01,4.637560e-17,2.139772e-16,2.139772e-18
1.267333e+01,4.568475e-17,2.153732e-16,2.153732e-18
1.267617e+01,4.564598e-17,2.130683e-16,2.130683e-18
1.267901e+01,4.651790e-17,2.145581e-16,2.145581e-18
1.268186e+01,4.625855e-17,2.192300e-16,2.192300e-18
1.268470e+01,4.633625e-17,2.206707e-16,2.206707e-18
1.268755e+01,4.588628e-17,2.211341e-16,2.211341e-18
1.269039e+01,4.605527e-17,2.204750e-16,2.204750e-18
1.269323e+01,4.674161e-17,2.197485e-16,2.197485e-18
1.269608e+01,4.599346e-17,2.243300e-16,2.243300e-18
1.269892e+01,4.645719e-17,2.307139e-16,2.307139e-18
1.270176e+01,4.625844e-17,2.316957e-16,2.316957e-18
1.270461e+01,4.615825e-17,2.310820e-16,2.310820e-18
1.270745e+01,4.612291e-17,2.333196e-16,2.333196e-18
1.271029e+01,4.651471e-17,2.357806e-16,2.357806e-18
1.271314e+01,4.596943e-17,2.368596e-16,2.368596e-18
1.271598e+01,4.672592e-17,2.377722e-16,2.377722e-18
1.271882e+01,4.632401e-17,2.371654e-16,2.371654e-18
1.272167e+01,4.593416e-17,2.373344e-16,2.373344e-18
1.272451e+01,4.626707e-17,2.397010e-16,2.397010e-18
1.272735e+01,4.573181e-17,2.419551e-16,2.419551e-18
1.273020e+01,4.683319e-17,2.406299e-16,2.406299e-18
1.273304e+01,4.611012e-17,2.366282e-16,2.366282e-18
1.273588e+01,4.572109e-17,2.369532e-16,2.369532e-18
1.273873e+01,4.565064e-17,2.425508e-16,2.425508e-18
1.274157e+01,4.584188e-17,2.457670e-16,2.457670e-18
1.274441e+01,4.631201e-17,2.429926e-16,2.429926e-18
1.274726e+01,4.561168e-17,2.399678e-16,2.399678e-18
1.275010e+01,4.521037e-17,2.396539e-16,2.396539e-18
1.275294e+01,4.615411e-17,2.395419e-16,2.395419e-18
1.275579e+01,4.576031e-17,2.385877e-16,2.385877e-18
1.275863e+01,4.538852e-17,2.368290e-16,2.368290e-18
1.276148e+01,4.522362e-17,2.342524e-16,2.342524e-18
1.276432e+01,4.537629e-17,2.326872e-16,2.326872e-18
1.276716e+01,4.511663e-17,2.330296e-16,2.330296e-18
1.277001e+01,4.501866e-17,2.342989e-16,2.342989e-18
1.277285e+01,4.588505e-17,2.352521e-16,2.352521e-18
1.277569e+01,4.509388e-17,2.365227e-16,2.365227e-18
1.277854e+01,4.558148e-17,2.394789e-16,2.394789e-18
1.278138e+01,4.673386e-17,2.430940e-16,2.430940e-18
1.278422e+01,4.617398e-17,2.433189e-16,2.433189e-18
1.278707e+01,4.515763e-17,2.409319e-16,2.409319e-18
1.278991e+01,4.579343e-17,2.410480e-16,2.410480e-18
1.279275e+01,4.580987e-17,2.449958e-16,2.449958e-18
1.279560e+01,4.627613e-17,2.505785e-16,2.505785e-18
1.279844e+01,4.682631e-17,2.550715e-16,2.550715e-18
1.280128e+01,4.586324e-17,2.574533e-16,2.574533e-18
1.280413e+01,4.588859e-17,2.584353e-16,2.584353e-18
1.280697e+01,4.622426e-17,2.603624e-16,2.603624e-18
1.280981e+01,4.639052e-17,2.638222e-16,2.638222e-18
1.281266e+01,4.692986e-17,2.670474e-16,2.670474e-18
1.281550e+01,4.673828e-17,2.678838e-16,2.678838e-18
1.281834e+01,4.675795e-17,2.660508e-16,2.660508e-18
1.282119e+01,4.606674e-17,2.649537e-16,2.649537e-18
1.282403e+01,4.617135e-17,2.649015e-16,2.649015e-18
1.282687e+01,4.673619e-17,2.627946e-16,2.627946e-18
1.282972e+01,4.667486e-17,2.629140e-16,2.629140e-18
1.283256e+01,4.660315e-17,2.665319e-16,2.665319e-18
1.283541e+01,4.616740e-17,2.685549e-16,2.685549e-18
1.283825e+01,4.632956e-17,2.688865e-16,2.688865e-18
1.284109e+01,4.594036e-17,2.680866e-16,2.680866e-18
1.284394e+01,4.538532e-17,2.671209e-16,2.671209e-18
1.284678e+01,4.592755e-17,2.673978e-16,2.673978e-18
1.284962e+01,4.490689e-17,2.684053e-16,2.684053e-18
1.285247e+01,4.552403e-17,2.704091e-16,2.704091e-18
1.285531e+01,4.566488e-17,2.739948e-16,2.739948e-18
1.285815e+01,4.581346e-17,2.775387e-16,2.775387e-18
1.286100e+01,4.577477e-17,2.787279e-16,2.787279e-18
1.286384e+01,4.626259e-17,2.788432e-16,2.788432e-18
1.286668e+01,4.530721e-17,2.790840e-16,2.790840e-18
1.286953e+01,4.531359e-17,2.793880e-16,2.793880e-18
1.287237e+01,4.587084e-17,2.813284e-16,2.813284e-18
1.287521e+01,4.587105e-17,2.838158e-16,2.838158e-18
1.287806e+01,4.588577e-17,2.849894e-16,2.849894e-18
1.288090e+01,4.534449e-17,2.862298e-16,2.862298e-18
1.288374e+01,4.703243e-17,2.896553e-16,2.896553e-18
1.288659e+01,4.630566e-17,2.923206e-16,2.923206e-18
1.288943e+01,4.574396e-17,2.947129e-16,2.947129e-18
1.289227e+01,4.698783e-17,2.983881e-16,2.983881e-18
1.289512e+01,4.591499e-17,3.015053e-16,3.015053e-18
1.289796e+01,4.654772e-17,3.048811e-16,3.048811e-18
1.290080e+01,4.653866e-17,3.089642e-16,3.089642e-18
1.290365e+01,4.648553e-17,3.137094e-16,3.137094e-18
1.290649e+01,4.689357e-17,3.177274e-16,3.177274e-18
1.290934e+01,4.701725e-17,3.204017e-16,3.204017e-18
1.291218e+01,4.672740e-17,3.208389e-16,3.208389e-18
1.291502e+01,4.820447e-17,3.220102e-16,3.220102e-18
1.291787e+01,4.749217e-17,3.253768e-16,3.253768e-18
1.292071e+01,4.695180e-17,3.286111e-16,3.286111e-18
1.292355e+01,4.751009e-17,3.293246e-16,3.293246e-18
1.292640e+01,4.731759e-17,3.312573e-16,3.312573e-18
1.292924e+01,4.779516e-17,3.337232e-16,3.337232e-18
1.293208e+01,4.705333e-17,3.326082e-16,3.326082e-18
1.293493e+01,4.775470e-17,3.295160e-16,3.295160e-18
1.293777e+01,4.743674e-17,3.290230e-16,3.290230e-18
1.294061e+01,4.748367e-17,3.311804e-16,3.311804e-18
1.294346e+01,4.737926e-17,3.334532e-16,3.334532e-18
1.294630e+01,4.644577e-17,3.327207e-16,3.327207e-18
1.294914e+01,4.779382e-17,3.276494e-16,3.276494e-18
1.295199e+01,4.660158e-17,3.210573e-16,3.210573e-18
1.295483e+01,4.682591e-17,3.189596e-16,3.189596e-18
1.295767e+01,4.631948e-17,3.189347e-16,3.189347e-18
1.296052e+01,4.631559e-17,3.147036e-16,3.147036e-18
1.296336e+01,4.613226e-17,3.084333e-16,3.084333e-18
1.296620e+01,4.622148e-17,3.041976e-16,3.041976e-18
1.296905e+01,4.559735e-17,3.015264e-16,3.015264e-18
1.297189e+01,4.591787e-17,2.988893e-16,2.988893e-18
1.297474e+01,4.457121e-17,2.950726e-16,2.950726e-18
1.297758e+01,4.528674e-17,2.923172e-16,2.923172e-18
1.298042e+01,4.532311e-17,2.912070e-16,2.912070e-18
1.298327e+01,4.463191e-17,2.900117e-16,2.900117e-18
1.298611e+01,4.524463e-17,2.894553e-16,2.894553e-18
1.298895e+01,4.559895e-17,2.881303e-16,2.881303e-18
1.299180e+01,4.468247e-17,2.841096e-16,2.841096e-18
1.299464e+01,4.477496e-17,2.810881e-16,2.810881e-18
1.299748e+01,4.364182e-17,2.788917e-16,2.788917e-18
1.300033e+01,4.420691e-17,2.762246e-16,2.762246e-18
1.300317e+01,4.396120e-17,2.738783e-16,2.738783e-18
1.300601e+01,4.434041e-17,2.722660e-16,2.722660e-18
1.300886e+01,4.345114e-17,2.710269e-16,2.710269e-18
1.301170e+01,4.471574e-17,2.712228e-16,2.712228e-18
1.301454e+01,4.453754e-17,2.715705e-16,2.715705e-18
1.301739e+01,4.459596e-17,2.710903e-16,2.710903e-18
1.302023e+01,4.442423e-17,2.700243e-16,2.700243e-18
1.302307e+01,4.408987e-17,2.686338e-16,2.686338e-18
1.302592e+01,4.424240e-17,2.692601e-16,2.692601e-18
1.302876e+01,4.463117e-17,2.721844e-16,2.721844e-18
1.303160e+01,4.447074e-17,2.755914e-16,2.755914e-18
1.303445e+01,4.500042e-17,2.775725e-16,2.775725e-18
1.303729e+01,4.546369e-17,2.797182e-16,2.797182e-18
1.304013e+01,4.540241e-17,2.826796e-16,2.826796e-18
1.304298e+01,4.475108e-17,2.860750e-16,2.860750e-18
1.304582e+01,4.521235e-17,2.901176e-16,2.901176e-18
1.304867e+01,4.562042e-17,2.951837e-16,2.951837e-18
1.305151e+01,4.579233e-17,3.012605e-16,3.012605e-18
1.305435e+01,4.502618e-17,3.055989e-16,3.055989e-18
1.305720e+01,4.564217e-17,3.096900e-16,3.096900e-18
1.306004e+01,4.576028e-17,3.138844e-16,3.138844e-18
1.306288e+01,4.629085e-17,3.184779e-16,3.184779e-18
1.306573e+01,4.593122e-17,3.244508e-16,3.244508e-18
1.306857e+01,4.708957e-17,3.308750e-16,3.308750e-18
1.307141e+01,4.692798e-17,3.354192e-16,3.354192e-18
1.307426e+01,4.658116e-17,3.393713e-16,3.393713e-18
1.307710e+01,4.674677e-17,3.453025e-16,3.453025e-18
1.307994e+01,4.694904e-17,3.520604e-16,3.520604e-18
1.308279e+01,4.597388e-17,3.585531e-16,3.585531e-18
1.308563e+01,4.620759e-17,3.655180e-16,3.655180e-18
1.308847e+01,4.626748e-17,3.733271e-16,3.733271e-18
1.309132e+01,4.649853e-17,3.810315e-16,3.810315e-18
1.309416e+01,4.695729e-17,3.871540e-16,3.871540e-18
1.309700e+01,4.625151e-17,3.928433e-16,3.928433e-18
1.309985e+01,4.559000e-17,3.995142e-16,3.995142e-18
1.310269e+01,4.621399e-17,4.068268e-16,4.068268e-18
1.310553e+01,4.640433e-17,4.129618e-16,4.129618e-18
1.310838e+01,4.590661e-17,4.167780e-16,4.167780e-18
1.311122e+01,4.635071e-17,4.191871e-16,4.191871e-18
1.311406e+01,4.590653e-17,4.205637e-16,4.205637e-18
1.311691e+01,4.619907e-17,4.212137e-16,4.212137e-18
1.311975e+01,4.566199e-17,4.211594e-16,4.211594e-18
1.312260e+01,4.587658e-17,4.206380e-16,4.206380e-18
1.312544e+01,4.636503e-17,4.195985e-16,4.195985e-18
1.312828e+01,4.549779e-17,4.170238e-16,4.170238e-18
1.313113e+01,4.628108e-17,4.127544e-16,4.127544e-18
1.313397e+01,4.584151e-17,4.089613e-16,4.089613e-18
1.313681e+01,4.580713e-17,4.062475e-16,4.062475e-18
1.313966e+01,4.558153e-17,4.024920e-16,4.024920e-18
1.314250e+01,4.520702e-17,3.965283e-16,3.965283e-18
1.314534e+01,4.530140e-17,3.909847e-16,3.909847e-18
1.314819e+01,4.487147e-17,3.867048e-16,3.867048e-18
1.315103e+01,4.561588e-17,3.821293e-16,3.821293e-18
1.315387e+01,4.574914e-17,3.778781e-16,3.778781e-18
1.315672e+01,4.578790e-17,3.747552e-16,3.747552e-18
1.315956e+01,4.493258e-17,3.708192e-16,3.708192e-18
1.316240e+01,4.597630e-17,3.657551e-16,3.657551e-18
1.316525e+01,4.524977e-17,3.611976e-16,3.611976e-18
1.316809e+01,4.553009e-17,3.576469e-16,3.576469e-18
1.317093e+01,4.503815e-17,3.552376e-16,3.552376e-18
1.317378e+01,4.499084e-17,3.537111e-16,3.537111e-18
1.317662e+01,4.515809e-17,3.517626e-16,3.517626e-18
1.317946e+01,4.568720e-17,3.495691e-16,3.495691e-18
1.318231e+01,4.511813e-17,3.474785e-16,3.474785e-18
1.318515e+01,4.481143e-17,3.462870e-16,3.462870e-18
1.318800e+01,4.499929e-17,3.455070e-16,3.455070e-18
1.319084e+01,4.516701e-17,3.443325e-16,3.443325e-18
1.319368e+01,4.432091e-17,3.422813e-16,3.422813e-18
1.319653e+01,4.429258e-17,3.404565e-16,3.404565e-18
1.319937e+01,4.451685e-17,3.405862e-16,3.405862e-18
1.320221e+01,4.410780e-17,3.420637e-16,3.420637e-18
1.320506e+01,4.379345e-17,3.419613e-16,3.419613e-18
1.320790e+01,4.382768e-17,3.409094e-16,3.409094e-18
1.321074e+01,4.477235e-17,3.409000e-16,3.409000e-18
1.321359e+01,4.448430e-17,3.411298e-16,3.411298e-18
1.321643e+01,4.448431e-17,3.415132e-16,3.415132e-18
1.321927e+01,4.378299e-17,3.438166e-16,3.438166e-18
1.322212e+01,4.434275e-17,3.467662e-16,3.467662e-18
1.322496e+01,4.446969e-17,3.490392e-16,3.490392e-18
1.322780e+01,4.384817e-17,3.511645e-16,3.511645e-18
1.323065e+01,4.431331e-17,3.530179e-16,3.530179e-18
1.323349e+01,4.399255e-17,3.550118e-16,3.550118e-18
1.323633e+01,4.454619e-17,3.580414e-16,3.580414e-18
1.323918e+01,4.468467e-17,3.609089e-16,3.609089e-18
1.324202e+01,4.450405e-17,3.625977e-16,3.625977e-18
1.324486e+01,4.498109e-17,3.639053e-16,3.639053e-18
1.324771e+01,4.463298e-17,3.665313e-16,3.665313e-18
1.325055e+01,4.521445e-17,3.708192e-16,3.708192e-18
1.325339e+01,4.561578e-17,3.746123e-16,3.746123e-18
1.325624e+01,4.525126e-17,3.767046e-16,3.767046e-18
1.325908e+01,4.570563e-17,3.793252e-16,3.793252e-18
1.326193e+01,4.526948e-17,3.826973e-16,3.826973e-18
1.326477e+01,4.513138e-17,3.852950e-16,3.852950e-18
1.326761e+01,4.637574e-17,3.875325e-16,3.875325e-18
1.327046e+01,4.649289e-17,3.908924e-16,3.908924e-18
1.327330e+01,4.622370e-17,3.948081e-16,3.948081e-18
1.327614e+01,4.697552e-17,3.978382e-16,3.978382e-18
1.327899e+01,4.597314e-17,3.992169e-16,3.992169e-18
1.328183e+01,4.653873e-17,4.000557e-16,4.000557e-18
1.328467e+01,4.595824e-17,4.005659e-16,4.005659e-18
1.328752e+01,4.543430e-17,4.002686e-16,4.002686e-18
1.329036e+01,4.647999e-17,3.996711e-16,3.996711e-18
1.329320e+01,4.545569e-17,3.988806e-16,3.988806e-18
1.329605e+01,4.482941e-17,3.991793e-16,3.991793e-18
1.329889e+01,4.575861e-17,4.006682e-16,4.006682e-18
1.330173e+01,4.588956e-17,4.026080e-16,4.026080e-18
1.330458e+01,4.597297e-17,4.021474e-16,4.021474e-18
1.330742e+01,4.606694e-17,3.968112e-16,3.968112e-18
1.331026e+01,4.571607e-17,3.913384e-16,3.913384e-18
1.331311e+01,4.456612e-17,3.901097e-16,3.901097e-18
1.331595e+01,4.565951e-17,3.915402e-16,3.915402e-18
1.331879e+01,4.516445e-17,3.918421e-16,3.918421e-18
1.332164e+01,4.529966e-17,3.903734e-16,3.903734e-18
1.332448e+01,4.509085e-17,3.880935e-16,3.880935e-18
1.332732e+01,4.506774e-17,3.864709e-16,3.864709e-18
1.333017e+01,4.476327e-17,3.856385e-16,3.856385e-18
1.333301e+01,4.461003e-17,3.839036e-16,3.839036e-18
1.333586e+01,4.489030e-17,3.819125e-16,3.819125e-18
1.333870e+01,4.471738e-17,3.805638e-16,3.805638e-18
1.334154e+01,4.464518e-17,3.790119e-16,3.790119e-18
1.334439e+01,4.408275e-17,3.780211e-16,3.780211e-18
1.334723e+01,4.415382e-17,3.783169e-16,3.783169e-18
1.335007e+01,4.384614e-17,3.787513e-16,3.787513e-18
1.335292e+01,4.393192e-17,3.791374e-16,3.791374e-18
1.335576e+01,4.419070e-17,3.805407e-16,3.805407e-18
1.335860e+01,4.390869e-17,3.811894e-16,3.811894e-18
1.336145e+01,4.378462e-17,3.798815e-16,3.798815e-18
1.336429e+01,4.396810e-17,3.788202e-16,3.788202e-18
1.336713e+01,4.399300e-17,3.794971e-16,3.794971e-18
1.336998e+01,4.387977e-17,3.807596e-16,3.807596e-18
1.337282e+01,4.441891e-17,3.821760e-16,3.821760e-18
1.337566e+01,4.439299e-17,3.835817e-16,3.835817e-18
1.337851e+01,4.394418e-17,3.843536e-16,3.843536e-18
1.338135e+01,4.489936e-17,3.839465e-16,3.839465e-18
1.338419e+01,4.468814e-17,3.832553e-16,3.832553e-18
1.338704e+01,4.449924e-17,3.836217e-16,3.836217e-18
1.338988e+01,4.415668e-17,3.845150e-16,3.845150e-18
1.339272e+01,4.471964e-17,3.841886e-16,3.841886e-18
1.339557e+01,4.430992e-17,3.836366e-16,3.836366e-18
1.339841e+01,4.472530e-17,3.839255e-16,3.839255e-18
1.340125e+01,4.442295e-17,3.835924e-16,3.835924e-18
1.340410e+01,4.446298e-17,3.826627e-16,3.826627e-18
1.340694e+01,4.368378e-17,3.817065e-16,3.817065e-18
1.340979e+01,4.504647e-17,3.811260e-16,3.811260e-18
1.341263e+01,4.476837e-17,3.809928e-16,3.809928e-18
1.341547e+01,4.521567e-17,3.806883e-16,3.806883e-18
1.341832e+01,4.405835e-17,3.795438e-16,3.795438e-18
1.342116e+01,4.476040e-17,3.792597e-16,3.792597e-18
1.342400e+01,4.480162e-17,3.797324e-16,3.797324e-18
1.342685e+01,4.461897e-17,3.788058e-16,3.788058e-18
1.342969e+01,4.471894e-17,3.771319e-16,3.771319e-18
1.343253e+01,4.503099e-17,3.768036e-16,3.768036e-18
1.343538e+01,4.465027e-17,3.769415e-16,3.769415e-18
1.343822e+01,4.429396e-17,3.749713e-16,3.749713e-18
1.344106e+01,4.381289e-17,3.721518e-16,3.721518e-18
1.344391e+01,4.392186e-17,3.706093e-16,3.706093e-18
1.344675e+01,4.475301e-17,3.696815e-16,3.696815e-18
1.344959e+01,4.401421e-17,3.692593e-16,3.692593e-18
1.345244e+01,4.409084e-17,3.700290e-16,3.700290e-18
1.345528e+01,4.454405e-17,3.709973e-16,3.709973e-18
1.345812e+01,4.453925e-17,3.712397e-16,3.712397e-18
1.346097e+01,4.411157e-17,3.720661e-16,3.720661e-18
1.346381e+01,4.440571e-17,3.736121e-16,3.736121e-18
1.346665e+01,4.425820e-17,3.755701e-16,3.755701e-18
1.346950e+01,4.391619e-17,3.786537e-16,3.786537e-18
1.347234e+01,4.385453e-17,3.824758e-16,3.824758e-18
1.347519e+01,4.430237e-17,3.857250e-16,3.857250e-18
1.347803e+01,4.453167e-17,3.872380e-16,3.872380e-18
1.348087e+01,4.453638e-17,3.881010e-16,3.881010e-18
1.348372e+01,4.422556e-17,3.904318e-16,3.904318e-18
1.348656e+01,4.491553e-17,3.942364e-16,3.942364e-18
1.348940e+01,4.406339e-17,3.978602e-16,3.978602e-18
1.349225e+01,4.464563e-17,4.012711e-16,4.012711e-18
1.349509e+01,4.525995e-17,4.046642e-16,4.046642e-18
1.349793e+01,4.486569e-17,4.082750e-16,4.082750e-18
1.350078e+01,4.490642e-17,4.120619e-16,4.120619e-18
1.350362e+01,4.527779e-17,4.151633e-16,4.151633e-18
1.350646e+01,4.513815e-17,4.174174e-16,4.174174e-18
1.350931e+01,4.532078e-17,4.199236e-16,4.199236e-18
1.351215e+01,4.529526e-17,4.226751e-16,4.226751e-18
1.351499e+01,4.527899e-17,4.245182e-16,4.245182e-18
1.351784e+01,4.502581e-17,4.260645e-16,4.260645e-18
1.352068e+01,4.568635e-17,4.278418e-16,4.278418e-18
1.352352e+01,4.509041e-17,4.287649e-16,4.287649e-18
1.352637e+01,4.434862e-17,4.292199e-16,4.292199e-18
1.352921e+01,4.495278e-17,4.292615e-16,4.292615e-18
1.353205e+01,4.536141e-17,4.278195e-16,4.278195e-18
1.353490e+01,4.538473e-17,4.253652e-16,4.253652e-18
1.353774e+01,4.549364e-17,4.219196e-16,4.219196e-18
1.354058e+01,4.525747e-17,4.176559e-16,4.176559e-18
1.354343e+01,4.543707e-17,4.143992e-16,4.143992e-18
1.354627e+01,4.543324e-17,4.115724e-16,4.115724e-18
1.354912e+01,4.488038e-17,4.065495e-16,4.065495e-18
1.355196e+01,4.504156e-17,4.003167e-16,4.003167e-18
1.355480e+01,4.499942e-17,3.943190e-16,3.943190e-18
1.355765e+01,4.357707e-17,3.874492e-16,3.874492e-18
1.356049e+01,4.373083e-17,3.808039e-16,3.808039e-18
1.356333e+01,4.421591e-17,3.759555e-16,3.759555e-18
1.356618e+01,4.410224e-17,3.707891e-16,3.707891e-18
1.356902e+01,4.381904e-17,3.636975e-16,3.636975e-18
1.357186e+01,4.361937e-17,3.563326e-16,3.563326e-18
1.357471e+01,4.388968e-17,3.499830e-16,3.499830e-18
1.357755e+01,4.290563e-17,3.442017e-16,3.442017e-18
1.358039e+01,4.233364e-17,3.381899e-16,3.381899e-18
1.358324e+01,4.241155e-17,3.325334e-16,3.325334e-18
1.358608e+01,4.278066e-17,3.271134e-16,3.271134e-18
1.358892e+01,4.256407e-17,3.214635e-16,3.214635e-18
1.359177e+01,4.255579e-17,3.161390e-16,3.161390e-18
1.359461e+01,4.193818e-17,3.111659e-16,3.111659e-18
1.359745e+01,4.199766e-17,3.061787e-16,3.061787e-18
1.360030e+01,4.109923e-17,3.018784e-16,3.018784e-18
1.360314e+01,4.155395e-17,2.991655e-16,2.991655e-18
1.360598e+01,4.186664e-17,2.957039e-16,2.957039e-18
1.360883e+01,4.200277e-17,2.917048e-16,2.917048e-18
1.361167e+01,4.137292e-17,2.887855e-16,2.887855e-18
1.361451e+01,4.181574e-17,2.859053e-16,2.859053e-18
1.361736e+01,4.110100e-17,2.825021e-16,2.825021e-18
1.362020e+01,4.100776e-17,2.796475e-16,2.796475e-18
1.362305e+01,4.122305e-17,2.767914e-16,2.767914e-18
1.362589e+01,4.147793e-17,2.741543e-16,2.741543e-18
1.362873e+01,4.062873e-17,2.732957e-16,2.732957e-18
1.363158e+01,4.097107e-17,2.730415e-16,2.730415e-18
1.363442e+01,4.096046e-17,2.727480e-16,2.727480e-18
1.363726e+01,4.094781e-17,2.739789e-16,2.739789e-18
1.364011e+01,4.094180e-17,2.754966e-16,2.754966e-18
1.364295e+01,4.111369e-17,2.743638e-16,2.743638e-18
1.364579e+01,4.053854e-17,2.720121e-16,2.720121e-18
1.364864e+01,4.042709e-17,2.715631e-16,2.715631e-18
1.365148e+01,4.111441e-17,2.713015e-16,2.713015e-18
1.365432e+01,4.084435e-17,2.705435e-16,2.705435e-18
1.365717e+01,4.118966e-17,2.703642e-16,2.703642e-18
1.366001e+01,4.132589e-17,2.683640e-16,2.683640e-18
1.366285e+01,4.091833e-17,2.653894e-16,2.653894e-18
1.366570e+01,4.030195e-17,2.629985e-16,2.629985e-18
1.366854e+01,4.029148e-17,2.607930e-16,2.607930e-18
1.367138e+01,4.005792e-17,2.591057e-16,2.591057e-18
1.367423e+01,4.037493e-17,2.575919e-16,2.575919e-18
1.367707e+01,4.080705e-17,2.548988e-16,2.548988e-18
1.367991e+01,4.034370e-17,2.516253e-16,2.516253e-18
1.368276e+01,4.026317e-17,2.490742e-16,2.490742e-18
1.368560e+01,4.077493e-17,2.469398e-16,2.469398e-18
1.368845e+01,4.029274e-17,2.440232e-16,2.440232e-18
1.369129e+01,4.041161e-17,2.406336e-16,2.406336e-18
1.369413e+01,3.975982e-17,2.373627e-16,2.373627e-18
1.369698e+01,4.013216e-17,2.337558e-16,2.337558e-18
1.369982e+01,3.937970e-17,2.306446e-16,2.306446e-18
1.370266e+01,3.977897e-17,2.288503e-16,2.288503e-18
1.370551e+01,3.992985e-17,2.275074e-16,2.275074e-18
1.370835e+01,3.880007e-17,2.262105e-16,2.262105e-18
1.371119e+01,4.018639e-17,2.274660e-16,2.274660e-18
1.371404e+01,4.009114e-17,2.277819e-16,2.277819e-18
1.371688e+01,3.984363e-17,2.242050e-16,2.242050e-18
1.371972e+01,3.961978e-17,2.213416e-16,2.213416e-18
1.372257e+01,3.981486e-17,2.216584e-16,2.216584e-18
1.372541e+01,3.987958e-17,2.219290e-16,2.219290e-18
1.372825e+01,3.985172e-17,2.219018e-16,2.219018e-18
1.373110e+01,3.982306e-17,2.226431e-16,2.226431e-18
1.373394e+01,4.021974e-17,2.220397e-16,2.220397e-18
1.373678e+01,3.985663e-17,2.208480e-16,2.208480e-18
1.373963e+01,3.971838e-17,2.200792e-16,2.200792e-18
1.374247e+01,4.036717e-17,2.196311e-16,2.196311e-18
1.374531e+01,3.979568e-17,2.199328e-16,2.199328e-18
1.374816e+01,4.005573e-17,2.211582e-16,2.211582e-18
1.375100e+01,4.008843e-17,2.222449e-16,2.222449e-18
1.375384e+01,4.057065e-17,2.220528e-16,2.220528e-18
1.375669e+01,3.965335e-17,2.216121e-16,2.216121e-18
1.375953e+01,3.973414e-17,2.224368e-16,2.224368e-18
1.376238e+01,4.062039e-17,2.232017e-16,2.232017e-18
1.376522e+01,4.012236e-17,2.228183e-16,2.228183e-18
1.376806e+01,4.018479e-17,2.229367e-16,2.229367e-18
1.377091e+01,4.062826e-17,2.246297e-16,2.246297e-18
1.377375e+01,4.108974e-17,2.265260e-16,2.265260e-18
1.377659e+01,4.070263e-17,2.275121e-16,2.275121e-18
1.377944e+01,4.087937e-17,2.267852e-16,2.267852e-18
1.378228e+01,4.036164e-17,2.259371e-16,2.259371e-18
1.378512e+01,4.072757e-17,2.267790e-16,2.267790e-18
1.378797e+01,4.059398e-17,2.279555e-16,2.279555e-18
1.379081e+01,4.165634e-17,2.270281e-16,2.270281e-18
1.379365e+01,4.114784e-17,2.244572e-16,2.244572e-18
1.379650e+01,4.004588e-17,2.219871e-16,2.219871e-18
1.379934e+01,4.044774e-17,2.205182e-16,2.205182e-18
1.380218e+01,4.006973e-17,2.201773e-16,2.201773e-18
1.380503e+01,4.069744e-17,2.192704e-16,2.192704e-18
1.380787e+01,4.069079e-17,2.175011e-16,2.175011e-18
1.381071e+01,4.053425e-17,2.166979e-16,2.166979e-18
1.381356e+01,4.068877e-17,2.170868e-16,2.170868e-18
1.381640e+01,4.087925e-17,2.172708e-16,2.172708e-18
1.381924e+01,3.945979e-17,2.162559e-16,2.162559e-18
1.382209e+01,4.028757e-17,2.157157e-16,2.157157e-18
1.382493e+01,4.062667e-17,2.163140e-16,2.163140e-18
1.382777e+01,3.995913e-17,2.165702e-16,2.165702e-18
1.383062e+01,4.024455e-17,2.163111e-16,2.163111e-18
1.383346e+01,3.937822e-17,2.168618e-16,2.168618e-18
1.383631e+01,3.960819e-17,2.194103e-16,2.194103e-18
1.383915e+01,3.974496e-17,2.219650e-16,2.219650e-18
1.384199e+01,4.027834e-17,2.239987e-16,2.239987e-18
1.384484e+01,3.970261e-17,2.252967e-16,2.252967e-18
1.384768e+01,3.983285e-17,2.274415e-16,2.274415e-18
1.385052e+01,3.927487e-17,2.309195e-16,2.309195e-18
1.385337e+01,4.006021e-17,2.349082e-16,2.349082e-18
1.385621e+01,4.031794e-17,2.387317e-16,2.387317e-18
1.385905e+01,4.036162e-17,2.439963e-16,2.439963e-18
1.386190e+01,3.953382e-17,2.480850e-16,2.480850e-18
1.386474e+01,4.024869e-17,2.491605e-16,2.491605e-18
1.386758e+01,4.006872e-17,2.507751e-16,2.507751e-18
1.387043e+01,3.971168e-17,2.541602e-16,2.541602e-18
1.387327e+01,4.108368e-17,2.565834e-16,2.565834e-18
1.387611e+01,4.079655e-17,2.585762e-16,2.585762e-18
1.387896e+01,4.056885e-17,2.611043e-16,2.611043e-18
1.388180e+01,4.129981e-17,2.644339e-16,2.644339e-18
1.388464e+01,4.106885e-17,2.677921e-16,2.677921e-18
1.388749e+01,4.044560e-17,2.707263e-16,2.707263e-18
1.389033e+01,4.114746e-17,2.734231e-16,2.734231e-18
1.389317e+01,4.115551e-17,2.756018e-16,2.756018e-18
1.389602e+01,4.113325e-17,2.769717e-16,2.769717e-18
1.389886e+01,4.107732e-17,2.787483e-16,2.787483e-18
1.390171e+01,4.106395e-17,2.819919e-16,2.819919e-18
1.390455e+01,4.134275e-17,2.847707e-16,2.847707e-18
1.390739e+01,4.069631e-17,2.854728e-16,2.854728e-18
1.391024e+01,4.117940e-17,2.838546e-16,2.838546e-18
1.391308e+01,4.132244e-17,2.819325e-16,2.819325e-18
1.391592e+01,4.189457e-17,2.823975e-16,2.823975e-18
1.391877e+01,4.110874e-17,2.831593e-16,2.831593e-18
1.392161e+01,4.085849e-17,2.823773e-16,2.823773e-18
1.392445e+01,4.108261e-17,2.808689e-16,2.808689e-18
1.392730e+01,4.135558e-17,2.779199e-16,2.779199e-18
1.393014e+01,4.077859e-17,2.726463e-16,2.726463e-18
1.393298e+01,4.064700e-17,2.679488e-16,2.679488e-18
1.393583e+01,4.051960e-17,2.643211e-16,2.643211e-18
1.393867e+01,4.065963e-17,2.609618e-16,2.609618e-18
1.394151e+01,4.101678e-17,2.570436e-16,2.570436e-18
1.394436e+01,4.030315e-17,2.518388e-16,2.518388e-18
1.394720e+01,3.988448e-17,2.464070e-16,2.464070e-18
1.395004e+01,4.034051e-17,2.423704e-16,2.423704e-18
1.395289e+01,3.999803e-17,2.382485e-16,2.382485e-18
1.395573e+01,3.970152e-17,2.323615e-16,2.323615e-18
1.395857e+01,3.910422e-17,2.252684e-16,2.252684e-18
1.396142e+01,3.953997e-17,2.180727e-16,2.180727e-18
1.396426e+01,3.893484e-17,2.117584e-16,2.117584e-18
1.396710e+01,3.932268e-17,2.065402e-16,2.065402e-18
1.396995e+01,3.862778e-17,2.002220e-16,2.002220e-18
1.397279e+01,3.852893e-17,1.931456e-16,1.931456e-18
1.397564e+01,3.841837e-17,1.882229e-16,1.882229e-18
1.397848e+01,3.871089e-17,1.850897e-16,1.850897e-18
1.398132e+01,3.889936e-17,1.804429e-16,1.804429e-18
1.398417e+01,3.784693e-17,1.753127e-16,1.753127e-18
1.398701e+01,3.846443e-17,1.733060e-16,1.733060e-18
1.398985e+01,3.854079e-17,1.722207e-16,1.722207e-18
1.399270e+01,3.891932e-17,1.700280e-16,1.700280e-18
1.399554e+01,3.769482e-17,1.668463e-16,1.668463e-18
1.399838e+01,3.818086e-17,1.658472e-16,1.658472e-18
1.400123e+01,3.812797e-17,1.670845e-16,1.670845e-18
1.400407e+01,3.806674e-17,1.695210e-16,1.695210e-18
1.400691e+01,3.810511e-17,1.732386e-16,1.732386e-18
1.400976e+01,3.856003e-17,1.767677e-16,1.767677e-18
1.401260e+01,3.882149e-17,1.782205e-16,1.782205e-18
1.401544e+01,3.862248e-17,1.806358e-16,1.806358e-18
1.401829e+01,3.777860e-17,1.807329e-16,1.807329e-18
1.402113e+01,3.798055e-17,1.780273e-16,1.780273e-18
1.402397e+01,3.869112e-17,1.794594e-16,1.794594e-18
1.402682e+01,3.828256e-17,1.851344e-16,1.851344e-18
1.402966e+01,3.867831e-17,1.871500e-16,1.871500e-18
1.403250e+01,3.885299e-17,1.875217e-16,1.875217e-18
1.403535e+01,3.853060e-17,1.893059e-16,1.893059e-18
1.403819e+01,3.837034e-17,1.926797e-16,1.926797e-18
1.404103e+01,3.863128e-17,1.972331e-16,1.972331e-18
1.404388e+01,3.934923e-17,2.016807e-16,2.016807e-18
1.404672e+01,3.899720e-17,2.046877e-16,2.046877e-18
1.404957e+01,3.860412e-17,2.073815e-16,2.073815e-18
1.405241e+01,3.878180e-17,2.112766e-16,2.112766e-18
1.405525e+01,3.931595e-17,2.157670e-16,2.157670e-18
1.405810e+01,3.858521e-17,2.208525e-16,2.208525e-18
1.406094e+01,3.858581e-17,2.272594e-16,2.272594e-18
1.406378e+01,3.885789e-17,2.355076e-16,2.355076e-18
1.406663e+01,3.893600e-17,2.438706e-16,2.438706e-18
1.406947e+01,3.935186e-17,2.517575e-16,2.517575e-18
1.407231e+01,3.922713e-17,2.606239e-16,2.606239e-18
1.407516e+01,3.936381e-17,2.687672e-16,2.687672e-18
1.407800e+01,3.935760e-17,2.728710e-16,2.728710e-18
1.408084e+01,3.963559e-17,2.752569e-16,2.752569e-18
1.408369e+01,3.903761e-17,2.789692e-16,2.789692e-18
1.408653e+01,3.961163e-17,2.831052e-16,2.831052e-18
1.408937e+01,3.926128e-17,2.862210e-16,2.862210e-18
1.409222e+01,3.957321e-17,2.878028e-16,2.878028e-18
1.409506e+01,3.983605e-17,2.874746e-16,2.874746e-18
1.409790e+01,3.868539e-17,2.863265e-16,2.863265e-18
1.410075e+01,3.898937e-17,2.857518e-16,2.857518e-18
1.410359e+01,3.944782e-17,2.855730e-16,2.855730e-18
1.410643e+01,4.002205e-17,2.851643e-16,2.851643e-18
1.410928e+01,3.951149e-17,2.845227e-16,2.845227e-18
1.411212e+01,3.997662e-17,2.836705e-16,2.836705e-18
1.411496e+01,3.900482e-17,2.813700e-16,2.813700e-18
1.411781e+01,3.999221e-17,2.786858e-16,2.786858e-18
1.412065e+01,3.941284e-17,2.768420e-16,2.768420e-18
1.412350e+01,3.927789e-17,2.739932e-16,2.739932e-18
1.412634e+01,3.902833e-17,2.691076e-16,2.691076e-18
1.412918e+01,3.934035e-17,2.638441e-16,2.638441e-18
1.413203e+01,3.948409e-17,2.593432e-16,2.593432e-18
1.413487e+01,3.968871e-17,2.545543e-16,2.545543e-18
1.413771e+01,3.924622e-17,2.493862e-16,2.493862e-18
1.414056e+01,3.915135e-17,2.444140e-16,2.444140e-18
1.414340e+01,3.882695e-17,2.391292e-16,2.391292e-18
1.414624e+01,3.900204e-17,2.330725e-16,2.330725e-18
1.414909e+01,3.882851e-17,2.266304e-16,2.266304e-18
1.415193e+01,3.841290e-17,2.198701e-16,2.198701e-18
1.415477e+01,3.855775e-17,2.130481e-16,2.130481e-18
1.415762e+01,3.847025e-17,2.062874e-16,2.062874e-18
1.416046e+01,3.884674e-17,2.007416e-16,2.007416e-18
1.416330e+01,3.819420e-17,1.947265e-16,1.947265e-18
1.416615e+01,3.827432e-17,1.873582e-16,1.873582e-18
1.416899e+01,3.857851e-17,1.801867e-16,1.801867e-18
1.417183e+01,3.759964e-17,1.743336e-16,1.743336e-18
1.417468e+01,3.750276e-17,1.678232e-16,1.678232e-18
1.417752e+01,3.692374e-17,1.612634e-16,1.612634e-18
1.418036e+01,3.764133e-17,1.572461e-16,1.572461e-18
1.418321e+01,3.763655e-17,1.544148e-16,1.544148e-18
1.418605e+01,3.786360e-17,1.498134e-16,1.498134e-18
1.418890e+01,3.643558e-17,1.453834e-16,1.453834e-18
1.419174e+01,3.719064e-17,1.438770e-16,1.438770e-18
1.419458e+01,3.687184e-17,1.430458e-16,1.430458e-18
1.419743e+01,3.699693e-17,1.428729e-16,1.428729e-18
1.420027e+01,3.733796e-17,1.444117e-16,1.444117e-18
1.420311e+01,3.633684e-17,1.438241e-16,1.438241e-18
1.420596e+01,3.601387e-17,1.434301e-16,1.434301e-18
1.420880e+01,3.676633e-17,1.455011e-16,1.455011e-18
1.421164e+01,3.671988e-17,1.459907e-16,1.459907e-18
1.421449e+01,3.601764e-17,1.452904e-16,1.452904e-18
1.421733e+01,3.684085e-17,1.470136e-16,1.470136e-18
1.422017e+01,3.629362e-17,1.485949e-16,1.485949e-18
1.422302e+01,3.672629e-17,1.484692e-16,1.484692e-18
1.422586e+01,3.679442e-17,1.490279e-16,1.490279e-18
1.422870e+01,3.656213e-17,1.497641e-16,1.497641e-18
1.423155e+01,3.646968e-17,1.507992e-16,1.507992e-18
1.423439e+01,3.674336e-17,1.532008e-16,1.532008e-18
1.423723e+01,3.709963e-17,1.529191e-16,1.529191e-18
1.424008e+01,3.639668e-17,1.497053e-16,1.497053e-18
1.424292e+01,3.706159e-17,1.481530e-16,1.481530e-18
1.424576e+01,3.681217e-17,1.492057e-16,1.492057e-18
1.424861e+01,3.674776e-17,1.507674e-16,1.507674e-18
1.425145e+01,3.644643e-17,1.514375e-16,1.514375e-18
1.425429e+01,3.706364e-17,1.515312e-16,1.515312e-18
1.425714e+01,3.667684e-17,1.510789e-16,1.510789e-18
1.425998e+01,3.713340e-17,1.504999e-16,1.504999e-18
1.426283e+01,3.673785e-17,1.486207e-16,1.486207e-18
1.426567e+01,3.638978e-17,1.466414e-16,1.466414e-18
1.426851e+01,3.696388e-17,1.456671e-16,1.456671e-18
1.427136e+01,3.670072e-17,1.448015e-16,1.448015e-18
1.427420e+01,3.611059e-17,1.442026e-16,1.442026e-18
1.427704e+01,3.644673e-17,1.439094e-16,1.439094e-18
1.427989e+01,3.705677e-17,1.432018e-16,1.432018e-18
1.428273e+01,3.659128e-17,1.422025e-16,1.422025e-18
1.428557e+01,3.649169e-17,1.411337e-16,1.411337e-18
1.428842e+01,3.651515e-17,1.397787e-16,1.397787e-18
1.429126e+01,3.577223e-17,1.386179e-16,1.386179e-18
1.429410e+01,3.561021e-17,1.377209e-16,1.377209e-18
1.429695e+01,3.617897e-17,1.370589e-16,1.370589e-18
1.429979e+01,3.605676e-17,1.366253e-16,1.366253e-18
1.430263e+01,3.568939e-17,1.363559e-16,1.363559e-18
1.430548e+01,3.576586e-17,1.344697e-16,1.344697e-18
1.430832e+01,3.612174e-17,1.329408e-16,1.329408e-18
1.431116e+01,3.567613e-17,1.338358e-16,1.338358e-18
1.431401e+01,3.543176e-17,1.350595e-16,1.350595e-18
1.431685e+01,3.534190e-17,1.343719e-16,1.343719e-18
1.431969e+01,3.605801e-17,1.333071e-16,1.333071e-18
1.432254e+01,3.583574e-17,1.335090e-16,1.335090e-18
1.432538e+01,3.605820e-17,1.363733e-16,1.363733e-18
1.432822e+01,3.607727e-17,1.386500e-16,1.386500e-18
1.433107e+01,3.551227e-17,1.390428e-16,1.390428e-18
1.433391e+01,3.517052e-17,1.389705e-16,1.389705e-18
1.433676e+01,3.582562e-17,1.385774e-16,1.385774e-18
1.433960e+01,3.577490e-17,1.390242e-16,1.390242e-18
1.434244e+01,3.567909e-17,1.395761e-16,1.395761e-18
1.434529e+01,3.593411e-17,1.405296e-16,1.405296e-18
1.434813e+01,3.538983e-17,1.422812e-16,1.422812e-18
1.435097e+01,3.570275e-17,1.449943e-16,1.449943e-18
1.435382e+01,3.601825e-17,1.480275e-16,1.480275e-18
1.435666e+01,3.524813e-17,1.510318e-16,1.510318e-18
1.435950e+01,3.589308e-17,1.536386e-16,1.536386e-18
1.436235e+01,3.549684e-17,1.537591e-16,1.537591e-18
1.436519e+01,3.549018e-17,1.542897e-16,1.542897e-18
1.436803e+01,3.629378e-17,1.587641e-16,1.587641e-18
1.437088e+01,3.581617e-17,1.619914e-16,1.619914e-18
1.437372e+01,3.593101e-17,1.608406e-16,1.608406e-18
1.437656e+01,3.604817e-17,1.598163e-16,1.598163e-18
1.437941e+01,3.601045e-17,1.604953e-16,1.604953e-18
1.438225e+01,3.610171e-17,1.619423e-16,1.619423e-18
1.438509e+01,3.620289e-17,1.628991e-16,1.628991e-18
1.438794e+01,3.602025e-17,1.629532e-16,1.629532e-18
1.439078e+01,3.640536e-17,1.632285e-16,1.632285e-18
1.439362e+01,3.583913e-17,1.624140e-16,1.624140e-18
1.439647e+01,3.633648e-17,1.594650e-16,1.594650e-18
1.439931e+01,3.607673e-17,1.565503e-16,1.565503e-18
1.440216e+01,3.593943e-17,1.555016e-16,1.555016e-18
1.440500e+01,3.570510e-17,1.550176e-16,1.550176e-18
1.440784e+01,3.652608e-17,1.555148e-16,1.555148e-18
1.441069e+01,3.635449e-17,1.568839e-16,1.568839e-18
1.441353e+01,3.584439e-17,1.573436e-16,1.573436e-18
1.441637e+01,3.621487e-17,1.550782e-16,1.550782e-18
1.441922e+01,3.528402e-17,1.515528e-16,1.515528e-18
1.442206e+01,3.516692e-17,1.497302e-16,1.497302e-18
1.442490e+01,3.609017e-17,1.496976e-16,1.496976e-18
1.442775e+01,3.581625e-17,1.498526e-16,1.498526e-18
1.443059e+01,3.540895e-17,1.513084e-16,1.513084e-18
1.443343e+01,3.613085e-17,1.544148e-16,1.544148e-18
1.443628e+01,3.568162e-17,1.565052e-16,1.565052e-18
1.443912e+01,3.633662e-17,1.567872e-16,1.567872e-18
1.444196e+01,3.599618e-17,1.569150e-16,1.569150e-18
1.444481e+01,3.572223e-17,1.587025e-16,1.587025e-18
1.444765e+01,3.614557e-17,1.608230e-16,1.608230e-18
1.445049e+01,3.604345e-17,1.619878e-16,1.619878e-18
1.445334e+01,3.589601e-17,1.629649e-16,1.629649e-18
1.445618e+01,3.613498e-17,1.653193e-16,1.653193e-18
1.445902e+01,3.553680e-17,1.685569e-16,1.685569e-18
1.446187e+01,3.700206e-17,1.701088e-16,1.701088e-18
1.446471e+01,3.620080e-17,1.706780e-16,1.706780e-18
1.446755e+01,3.647164e-17,1.730694e-16,1.730694e-18
1.447040e+01,3.636523e-17,1.758737e-16,1.758737e-18
1.447324e+01,3.603074e-17,1.781368e-16,1.781368e-18
1.447609e+01,3.644593e-17,1.804069e-16,1.804069e-18
1.447893e+01,3.651632e-17,1.833849e-16,1.833849e-18
1.448177e+01,3.666201e-17,1.862873e-16,1.862873e-18
1.448462e+01,3.624160e-17,1.872890e-16,1.872890e-18
1.448746e+01,3.566439e-17,1.880979e-16,1.880979e-18
1.449030e+01,3.660075e-17,1.909206e-16,1.909206e-18
1.449315e+01,3.664914e-17,1.939755e-16,1.939755e-18
1.449599e+01,3.701058e-17,1.945696e-16,1.945696e-18
1.449883e+01,3.661317e-17,1.932776e-16,1.932776e-18
1.450168e+01,3.704130e-17,1.932490e-16,1.932490e-18
1.450452e+01,3.654243e-17,1.964765e-16,1.964765e-18
1.450736e+01,3.643260e-17,1.985590e-16,1.985590e-18
1.451021e+01,3.629467e-17,1.948783e-16,1.948783e-18
1.451305e+01,3.616134e-17,1.905619e-16,1.905619e-18
1.451589e+01,3.626900e-17,1.892889e-16,1.892889e-18
1.451874e+01,3.653744e-17,1.865624e-16,1.865624e-18
1.452158e+01,3.662240e-17,1.812391e-16,1.812391e-18
1.452442e+01,3.655818e-17,1.773875e-16,1.773875e-18
1.452727e+01,3.633446e-17,1.745974e-16,1.745974e-18
1.453011e+01,3.570748e-17,1.687289e-16,1.687289e-18
1.453295e+01,3.593154e-17,1.615543e-16,1.615543e-18
1.453580e+01,3.577156e-17,1.564580e-16,1.564580e-18
1.453864e+01,3.504086e-17,1.515543e-16,1.515543e-18
1.454148e+01,3.528914e-17,1.462747e-16,1.462747e-18
1.454433e+01,3.483882e-17,1.416537e-16,1.416537e-18
1.454717e+01,3.519331e-17,1.371907e-16,1.371907e-18
1.455002e+01,3.512175e-17,1.313550e-16,1.313550e-18
1.455286e+01,3.457335e-17,1.264141e-16,1.264141e-18
1.455570e+01,3.496642e-17,1.227580e-16,1.227580e-18
1.455855e+01,3.407496e-17,1.184629e-16,1.184629e-18
1.456139e+01,3.431297e-17,1.151615e-16,1.151615e-18
1.456423e+01,3.437291e-17,1.121751e-16,1.121751e-18
1.456708e+01,3.455488e-17,1.103148e-16,1.103148e-18
1.456992e+01,3.426043e-17,1.093597e-16,1.093597e-18
1.457276e+01,3.412236e-17,1.088052e-16,1.088052e-18
1.457561e+01,3.423347e-17,1.089842e-16,1.089842e-18
1.457845e+01,3.392184e-17,1.093677e-16,1.093677e-18
1.458129e+01,3.391977e-17,1.098322e-16,1.098322e-18
1.458414e+01,3.423391e-17,1.083394e-16,1.083394e-18
1.458698e+01,3.423371e-17,1.071862e-16,1.071862e-18
1.458982e+01,3.369711e-17,1.076241e-16,1.076241e-18
1.459267e+01,3.386728e-17,1.087310e-16,1.087310e-18
1.459551e+01,3.438668e-17,1.116741e-16,1.116741e-18
1.459835e+01,3.382946e-17,1.130616e-16,1.130616e-18
1.460120e+01,3.408486e-17,1.135404e-16,1.135404e-18
1.460404e+01,3.375633e-17,1.157359e-16,1.157359e-18
1.460688e+01,3.409664e-17,1.183422e-16,1.183422e-18
1.460973e+01,3.438252e-17,1.195086e-16,1.195086e-18
1.461257e+01,3.432709e-17,1.213729e-16,1.213729e-18
1.461541e+01,3.455861e-17,1.240349e-16,1.240349e-18
1.461826e+01,3.459784e-17,1.262127e-16,1.262127e-18
1.462110e+01,3.512611e-17,1.271642e-16,1.271642e-18
1.462395e+01,3.375477e-17,1.271180e-16,1.271180e-18
1.462679e+01,3.456338e-17,1.295460e-16,1.295460e-18
1.462963e+01,3.478432e-17,1.332271e-16,1.332271e-18
1.463248e+01,3.445153e-17,1.341719e-16,1.341719e-18
1.463532e+01,3.411488e-17,1.350731e-16,1.350731e-18
1.463816e+01,3.503811e-17,1.384969e-16,1.384969e-18
1.464101e+01,3.519342e-17,1.398980e-16,1.398980e-18
1.464385e+01,3.470976e-17,1.382506e-16,1.382506e-18
1.464669e+01,3.424076e-17,1.396525e-16,1.396525e-18
1.464954e+01,3.486403e-17,1.445304e-16,1.445304e-18
1.465238e+01,3.472554e-17,1.489999e-16,1.489999e-18
1.465522e+01,3.456630e-17,1.498339e-16,1.498339e-18
1.465807e+01,3.471755e-17,1.484219e-16,1.484219e-18
1.466091e+01,3.473625e-17,1.476695e-16,1.476695e-18
1.466375e+01,3.450795e-17,1.475676e-16,1.475676e-18
1.466660e+01,3.498018e-17,1.472197e-16,1.472197e-18
1.466944e+01,3.430352e-17,1.478086e-16,1.478086e-18
1.467228e+01,3.491736e-17,1.495804e-16,1.495804e-18
1.467513e+01,3.473610e-17,1.505806e-16,1.505806e-18
1.467797e+01,3.435898e-17,1.513328e-16,1.513328e-18
1.468081e+01,3.432396e-17,1.516761e-16,1.516761e-18
1.468366e+01,3.482446e-17,1.519325e-16,1.519325e-18
1.468650e+01,3.500256e-17,1.523694e-16,1.523694e-18
1.468935e+01,3.497231e-17,1.523181e-16,1.523181e-18
1.469219e+01,3.528456e-17,1.531414e-16,1.531414e-18
1.469503e+01,3.489952e-17,1.536844e-16,1.536844e-18
1.469788e+01,3.520740e-17,1.529338e-16,1.529338e-18
1.470072e+01,3.522196e-17,1.527380e-16,1.527380e-18
1.470356e+01,3.483786e-17,1.541353e-16,1.541353e-18
1.470641e+01,3.530161e-17,1.565808e-16,1.565808e-18
1.470925e+01,3.585679e-17,1.595415e-16,1.595415e-18
1.471209e+01,3.582430e-17,1.614627e-16,1.614627e-18
1.471494e+01,3.558854e-17,1.607051e-16,1.607051e-18
1.471778e+01,3.504912e-17,1.602957e-16,1.602957e-18
1.472062e+01,3.559989e-17,1.623664e-16,1.623664e-18
1.472347e+01,3.519642e-17,1.650811e-16,1.650811e-18
1.472631e+01,3.548811e-17,1.667890e-16,1.667890e-18
1.472915e+01,3.536611e-17,1.694637e-16,1.694637e-18
1.473200e+01,3.640278e-17,1.738269e-16,1.738269e-18
1.473484e+01,3.574703e-17,1.767217e-16,1.767217e-18
1.473768e+01,3.571703e-17,1.791313e-16,1.791313e-18
1.474053e+01,3.583747e-17,1.814245e-16,1.814245e-18
1.474337e+01,3.585561e-17,1.801756e-16,1.801756e-18
1.474621e+01,3.605132e-17,1.777434e-16,1.777434e-18
1.474906e+01,3.543966e-17,1.792063e-16,1.792063e-18
1.475190e+01,3.620605e-17,1.826393e-16,1.826393e-18
1.475474e+01,3.574524e-17,1.823585e-16,1.823585e-18
1.475759e+01,3.569224e-17,1.798350e-16,1.798350e-18
1.476043e+01,3.626332e-17,1.801481e-16,1.801481e-18
1.476328e+01,3.586220e-17,1.829746e-16,1.829746e-18
1.476612e+01,3.603807e-17,1.860318e-16,1.860318e-18
1.476896e+01,3.607194e-17,1.860208e-16,1.860208e-18
1.477181e+01,3.575831e-17,1.841088e-16,1.841088e-18
1.477465e+01,3.590872e-17,1.838132e-16,1.838132e-18
1.477749e+01,3.567484e-17,1.857979e-16,1.857979e-18
1.478034e+01,3.540135e-17,1.887306e-16,1.887306e-18
1.478318e+01,3.561097e-17,1.915231e-16,1.915231e-18
1.478602e+01,3.569108e-17,1.933785e-16,1.933785e-18
1.478887e+01,3.589266e-17,1.944151e-16,1.944151e-18
1.479171e+01,3.569139e-17,1.967258e-16,1.967258e-18
1.479455e+01,3.524475e-17,2.006188e-16,2.006188e-18
1.479740e+01,3.599957e-17,2.037785e-16,2.037785e-18
1.480024e+01,3.558701e-17,2.054260e-16,2.054260e-18
1.480308e+01,3.591642e-17,2.074922e-16,2.074922e-18
1.480593e+01,3.563147e-17,2.108661e-16,2.108661e-18
1.480877e+01,3.540522e-17,2.133935e-16,2.133935e-18
1.481161e+01,3.565360e-17,2.145567e-16,2.145567e-18
1.481446e+01,3.559518e-17,2.160277e-16,2.160277e-18
1.481730e+01,3.577066e-17,2.186615e-16,2.186615e-18
1.482014e+01,3.600181e-17,2.217401e-16,2.217401e-18
1.482299e+01,3.568470e-17,2.245678e-16,2.245678e-18
1.482583e+01,3.616355e-17,2.269143e-16,2.269143e-18
1.482867e+01,3.597594e-17,2.294439e-16,2.294439e-18
1.483152e+01,3.591973e-17,2.333590e-16,2.333590e-18
1.483436e+01,3.676150e-17,2.371865e-16,2.371865e-18
1.483721e+01,3.646249e-17,2.401605e-16,2.401605e-18
1.484005e+01,3.625107e-17,2.418187e-16,2.418187e-18
1.484289e+01,3.671228e-17,2.424323e-16,2.424323e-18
1.484574e+01,3.613206e-17,2.435095e-16,2.435095e-18
1.484858e+01,3.667791e-17,2.453554e-16,2.453554e-18
1.485142e+01,3.672148e-17,2.461864e-16,2.461864e-18
1.485427e+01,3.647130e-17,2.468195e-16,2.468195e-18
1.485711e+01,3.652967e-17,2.470482e-16,2.470482e-18
1.485995e+01,3.674192e-17,2.464449e-16,2.464449e-18
1.486280e+01,3.637680e-17,2.459772e-16,2.459772e-18
1.486564e+01,3.677289e-17,2.463656e-16,2.463656e-18
1.486848e+01,3.666359e-17,2.461346e-16,2.461346e-18
1.487133e+01,3.640363e-17,2.443872e-16,2.443872e-18
1.487417e+01,3.617024e-17,2.419778e-16,2.419778e-18
1.487701e+01,3.643537e-17,2.408062e-16,2.408062e-18
1.487986e+01,3.676628e-17,2.409131e-16,2.409131e-18
1.488270e+01,3.641289e-17,2.399910e-16,2.399910e-18
1.488554e+01,3.648155e-17,2.374724e-16,2.374724e-18
1.488839e+01,3.544525e-17,2.350029e-16,2.350029e-18
1.489123e+01,3.550218e-17,2.330500e-16,2.330500e-18
1.489407e+01,3.646594e-17,2.299003e-16,2.299003e-18
1.489692e+01,3.641667e-17,2.254327e-16,2.254327e-18
1.489976e+01,3.540581e-17,2.208233e-16,2.208233e-18
1.490261e+01,3.586662e-17,2.173047e-16,2.173047e-18
1.490545e+01,3.496814e-17,2.140790e-16,2.140790e-18
1.490829e+01,3.445649e-17,2.111864e-16,2.111864e-18
1.491114e+01,3.567641e-17,2.084924e-16,2.084924e-18
1.491398e+01,3.519406e-17,2.050837e-16,2.050837e-18
1.491682e+01,3.412217e-17,2.006801e-16,2.006801e-18
1.491967e+01,3.438192e-17,1.964017e-16,1.964017e-18
1.492251e+01,3.465738e-17,1.930061e-16,1.930061e-18
1.492535e+01,3.481988e-17,1.899139e-16,1.899139e-18
1.492820e+01,3.465810e-17,1.863034e-16,1.863034e-18
1.493104e+01,3.422332e-17,1.819013e-16,1.819013e-18
1.493388e+01,3.399918e-17,1.777674e-16,1.777674e-18
1.493673e+01,3.457878e-17,1.748664e-16,1.748664e-18
1.493957e+01,3.422702e-17,1.715780e-16,1.715780e-18
1.494241e+01,3.373926e-17,1.675951e-16,1.675951e-18
1.494526e+01,3.419112e-17,1.634055e-16,1.634055e-18
1.494810e+01,3.371400e-17,1.599979e-16,1.599979e-18
1.495094e+01,3.372750e-17,1.568415e-16,1.568415e-18
1.495379e+01,3.421457e-17,1.529031e-16,1.529031e-18
1.495663e+01,3.415333e-17,1.493402e-16,1.493402e-18
1.495947e+01,3.347611e-17,1.469076e-16,1.469076e-18
1.496232e+01,3.309229e-17,1.441550e-16,1.441550e-18
1.496516e+01,3.327038e-17,1.411625e-16,1.411625e-18
1.496800e+01,3.362267e-17,1.394384e-16,1.394384e-18
1.497085e+01,3.371475e-17,1.366992e-16,1.366992e-18
1.497369e+01,3.324488e-17,1.338007e-16,1.338007e-18
1.497654e+01,3.319418e-17,1.325780e-16,1.325780e-18
1.497938e+01,3.375260e-17,1.327897e-16,1.327897e-18
1.498222e+01,3.360770e-17,1.315151e-16,1.315151e-18
1.498507e+01,3.300568e-17,1.298293e-16,1.298293e-18
1.498791e+01,3.307290e-17,1.284766e-16,1.284766e-18
1.499075e+01,3.264225e-17,1.265202e-16,1.265202e-18
1.499360e+01,3.287360e-17,1.257566e-16,1.257566e-18
1.499644e+01,3.296796e-17,1.265724e-16,1.265724e-18
1.499928e+01,3.358414e-17,1.275666e-16,1.275666e-18
1.500213e+01,3.212522e-17,1.266299e-16,1.266299e-18
1.500497e+01,3.259146e-17,1.251833e-16,1.251833e-18
1.500781e+01,3.285805e-17,1.224342e-16,1.224342e-18
1.501066e+01,3.359657e-17,1.202672e-16,1.202672e-18
1.501350e+01,3.307459e-17,1.195735e-16,1.195735e-18
1.501634e+01,3.303128e-17,1.202393e-16,1.202393e-18
1.501919e+01,3.306821e-17,1.205665e-16,1.205665e-18
1.502203e+01,3.283172e-17,1.211429e-16,1.211429e-18
1.502487e+01,3.262644e-17,1.213450e-16,1.213450e-18
1.502772e+01,3.267699e-17,1.194782e-16,1.194782e-18
1.503056e+01,3.236690e-17,1.183647e-16,1.183647e-18
1.503340e+01,3.272978e-17,1.203820e-16,1.203820e-18
1.503625e+01,3.297662e-17,1.220720e-16,1.220720e-18
1.503909e+01,3.264869e-17,1.225104e-16,1.225104e-18
1.504193e+01,3.305097e-17,1.239284e-16,1.239284e-18
1.504478e+01,3.277958e-17,1.259635e-16,1.259635e-18
1.504762e+01,3.264195e-17,1.281641e-16,1.281641e-18
1.505047e+01,3.304860e-17,1.298274e-16,1.298274e-18
1.505331e+01,3.324201e-17,1.316869e-16,1.316869e-18
1.505615e+01,3.317322e-17,1.352457e-16,1.352457e-18
1.505900e+01,3.336874e-17,1.391936e-16,1.391936e-18
1.506184e+01,3.300815e-17,1.408157e-16,1.408157e-18
1.506468e+01,3.309647e-17,1.428097e-16,1.428097e-18
1.506753e+01,3.304885e-17,1.460041e-16,1.460041e-18
1.507037e+01,3.328508e-17,1.493919e-16,1.493919e-18
1.507321e+01,3.357482e-17,1.530832e-16,1.530832e-18
1.507606e+01,3.403096e-17,1.576507e-16,1.576507e-18
1.507890e+01,3.404846e-17,1.607839e-16,1.607839e-18
1.508174e+01,3.418381e-17,1.608841e-16,1.608841e-18
1.508459e+01,3.351614e-17,1.611791e-16,1.611791e-18
1.508743e+01,3.364470e-17,1.639831e-16,1.639831e-18
1.509027e+01,3.359544e-17,1.681030e-16,1.681030e-18
1.509312e+01,3.359613e-17,1.714562e-16,1.714562e-18
1.509596e+01,3.359929e-17,1.726988e-16,1.726988e-18
1.509880e+01,3.373602e-17,1.733558e-16,1.733558e-18
1.510165e+01,3.406427e-17,1.751000e-16,1.751000e-18
1.510449e+01,3.414680e-17,1.779227e-16,1.779227e-18
1.510733e+01,3.370951e-17,1.799037e-16,1.799037e-18
1.511018e+01,3.418114e-17,1.807814e-16,1.807814e-18
1.511302e+01,3.372786e-17,1.802821e-16,1.802821e-18
1.511586e+01,3.389707e-17,1.800839e-16,1.800839e-18
1.511871e+01,3.352138e-17,1.804476e-16,1.804476e-18
1.512155e+01,3.389922e-17,1.801682e-16,1.801682e-18
1.512440e+01,3.360073e-17,1.796867e-16,1.796867e-18
1.512724e+01,3.392842e-17,1.802499e-16,1.802499e-18
1.513008e+01,3.410044e-17,1.801919e-16,1.801919e-18
1.513293e+01,3.373983e-17,1.774913e-16,1.774913e-18
1.513577e+01,3.400811e-17,1.739772e-16,1.739772e-18
1.513861e+01,3.312343e-17,1.716310e-16,1.716310e-18
1.514146e+01,3.315619e-17,1.696772e-16,1.696772e-18
1.514430e+01,3.336878e-17,1.670725e-16,1.670725e-18
1.514714e+01,3.343177e-17,1.651088e-16,1.651088e-18
1.514999e+01,3.363446e-17,1.634295e-16,1.634295e-18
1.515283e+01,3.319434e-17,1.607489e-16,1.607489e-18
1.515567e+01,3.331270e-17,1.564802e-16,1.564802e-18
1.515852e+01,3.326745e-17,1.524036e-16,1.524036e-18
1.516136e+01,3.310053e-17,1.499019e-16,1.499019e-18
1.516420e+01,3.295360e-17,1.476255e-16,1.476255e-18
1.516705e+01,3.271544e-17,1.452359e-16,1.452359e-18
1.516989e+01,3.309966e-17,1.448533e-16,1.448533e-18
1.517273e+01,3.304647e-17,1.446813e-16,1.446813e-18
1.517558e+01,3.249896e-17,1.424533e-16,1.424533e-18
1.517842e+01,3.254166e-17,1.399050e-16,1.399050e-18
1.518126e+01,3.306707e-17,1.384702e-16,1.384702e-18
1.518411e+01,3.255876e-17,1.376468e-16,1.376468e-18
1.518695e+01,3.254570e-17,1.382003e-16,1.382003e-18
1.518980e+01,3.303575e-17,1.399163e-16,1.399163e-18
1.519264e+01,3.306587e-17,1.426217e-16,1.426217e-18
1.519548e+01,3.319509e-17,1.442296e-16,1.442296e-18
1.519833e+01,3.287042e-17,1.439713e-16,1.439713e-18
1.520117e+01,3.300645e-17,1.450680e-16,1.450680e-18
1.520401e+01,3.264656e-17,1.480843e-16,1.480843e-18
1.520686e+01,3.276731e-17,1.503465e-16,1.503465e-18
1.520970e+01,3.253745e-17,1.509067e-16,1.509067e-18
1.521254e+01,3.242993e-17,1.531233e-16,1.531233e-18
1.521539e+01,3.295267e-17,1.581324e-16,1.581324e-18
1.521823e+01,3.289432e-17,1.604549e-16,1.604549e-18
1.522107e+01,3.310535e-17,1.602457e-16,1.602457e-18
1.522392e+01,3.306275e-17,1.623852e-16,1.623852e-18
1.522676e+01,3.348630e-17,1.677601e-16,1.677601e-18
1.522960e+01,3.344262e-17,1.714427e-16,1.714427e-18
1.523245e+01,3.310873e-17,1.726317e-16,1.726317e-18
1.523529e+01,3.323948e-17,1.729089e-16,1.729089e-18
1.523813e+01,3.345624e-17,1.730359e-16,1.730359e-18
1.524098e+01,3.352479e-17,1.731539e-16,1.731539e-18
1.524382e+01,3.307840e-17,1.734203e-16,1.734203e-18
1.524666e+01,3.322060e-17,1.747007e-16,1.747007e-18
1.524951e+01,3.359613e-17,1.768937e-16,1.768937e-18
1.525235e+01,3.344122e-17,1.770049e-16,1.770049e-18
1.525519e+01,3.334137e-17,1.751204e-16,1.751204e-18
1.525804e+01,3.337723e-17,1.733609e-16,1.733609e-18
1.526088e+01,3.374604e-17,1.724157e-16,1.724157e-18
1.526373e+01,3.365569e-17,1.720708e-16,1.720708e-18
1.526657e+01,3.344120e-17,1.716346e-16,1.716346e-18
1.526941e+01,3.335061e-17,1.706124e-16,1.706124e-18
1.527226e+01,3.289598e-17,1.697909e-16,1.697909e-18
1.527510e+01,3.313707e-17,1.697944e-16,1.697944e-18
1.527794e+01,3.283447e-17,1.692034e-16,1.692034e-18
1.528079e+01,3.344176e-17,1.691634e-16,1.691634e-18
1.528363e+01,3.288791e-17,1.695299e-16,1.695299e-18
1.528647e+01,3.273672e-17,1.703545e-16,1.703545e-18
1.528932e+01,3.296664e-17,1.718797e-16,1.718797e-18
1.529216e+01,3.265580e-17,1.740496e-16,1.740496e-18
1.529500e+01,3.296534e-17,1.750701e-16,1.750701e-18
1.529785e+01,3.254499e-17,1.747604e-16,1.747604e-18
1.530069e+01,3.253214e-17,1.751671e-16,1.751671e-18
1.530353e+01,3.244229e-17,1.754065e-16,1.754065e-18
1.530638e+01,3.280159e-17,1.757485e-16,1.757485e-18
1.530922e+01,3.273038e-17,1.760766e-16,1.760766e-18
1.531206e+01,3.267135e-17,1.764940e-16,1.764940e-18
1.531491e+01,3.298525e-17,1.774473e-16,1.774473e-18
1.531775e+01,3.292635e-17,1.784578e-16,1.784578e-18
1.532059e+01,3.251844e-17,1.780298e-16,1.780298e-18
1.532344e+01,3.269182e-17,1.783364e-16,1.783364e-18
1.532628e+01,3.303536e-17,1.802748e-16,1.802748e-18
1.532912e+01,3.270714e-17,1.815461e-16,1.815461e-18
1.533197e+01,3.278617e-17,1.825714e-16,1.825714e-18
1.533481e+01,3.255600e-17,1.842321e-16,1.842321e-18
1.533766e+01,3.356886e-17,1.855228e-16,1.855228e-18
1.534050e+01,3.278039e-17,1.859989e-16,1.859989e-18
1.534334e+01,3.336634e-17,1.870614e-16,1.870614e-18
1.534619e+01,3.330390e-17,1.884723e-16,1.884723e-18
1.534903e+01,3.277380e-17,1.896724e-16,1.896724e-18
1.535187e+01,3.370461e-17,1.912372e-16,1.912372e-18
1.535472e+01,3.335156e-17,1.924012e-16,1.924012e-18
1.535756e+01,3.358919e-17,1.941598e-16,1.941598e-18
1.536040e+01,3.352717e-17,1.965941e-16,1.965941e-18
1.536325e+01,3.378981e-17,1.987860e-16,1.987860e-18
1.536609e+01,3.332047e-17,1.998613e-16,1.998613e-18
1.536893e+01,3.372190e-17,2.017638e-16,2.017638e-18
1.537178e+01,3.371777e-17,2.040860e-16,2.040860e-18
1.537462e+01,3.335180e-17,2.067893e-16,2.067893e-18
1.537746e+01,3.366661e-17,2.102099e-16,2.102099e-18
1.538031e+01,3.382233e-17,2.139793e-16,2.139793e-18
1.538315e+01,3.436817e-17,2.175110e-16,2.175110e-18
1.538599e+01,3.378471e-17,2.199546e-16,2.199546e-18
1.538884e+01,3.429294e-17,2.212170e-16,2.212170e-18
1.539168e+01,3.406789e-17,2.219039e-16,2.219039e-18
1.539452e+01,3.394277e-17,2.236752e-16,2.236752e-18
1.539737e+01,3.414452e-17,2.268504e-16,2.268504e-18
1.540021e+01,3.393524e-17,2.302704e-16,2.302704e-18
1.540306e+01,3.497564e-17,2.335320e-16,2.335320e-18
1.540590e+01,3.436304e-17,2.363691e-16,2.363691e-18
1.540874e+01,3.390487e-17,2.386435e-16,2.386435e-18
1.541159e+01,3.407128e-17,2.406088e-16,2.406088e-18
1.541443e+01,3.510895e-17,2.436260e-16,2.436260e-18
1.541727e+01,3.419896e-17,2.468510e-16,2.468510e-18
1.542012e+01,3.458228e-17,2.499601e-16,2.499601e-18
1.542296e+01,3.458277e-17,2.523488e-16,2.523488e-18
1.542580e+01,3.441490e-17,2.542428e-16,2.542428e-18
1.542865e+01,3.502497e-17,2.559105e-16,2.559105e-18
1.543149e+01,3.447494e-17,2.571274e-16,2.571274e-18
1.543433e+01,3.465580e-17,2.585294e-16,2.585294e-18
1.543718e+01,3.472670e-17,2.606302e-16,2.606302e-18
1.544002e+01,3.453491e-17,2.616179e-16,2.616179e-18
1.544286e+01,3.491771e-17,2.615859e-16,2.615859e-18
1.544571e+01,3.482293e-17,2.629519e-16,2.629519e-18
1.544855e+01,3.510030e-17,2.659231e-16,2.659231e-18
1.545139e+01,3.556060e-17,2.678441e-16,2.678441e-18
1.545424e+01,3.553711e-17,2.690799e-16,2.690799e-18
1.545708e+01,3.477759e-17,2.708306e-16,2.708306e-18
1.545992e+01,3.511808e-17,2.726674e-16,2.726674e-18
1.546277e+01,3.538093e-17,2.732570e-16,2.732570e-18
1.546561e+01,3.572039e-17,2.732800e-16,2.732800e-18
1.546845e+01,3.527002e-17,2.733706e-16,2.733706e-18
1.547130e+01,3.477064e-17,2.732708e-16,2.732708e-18
1.547414e+01,3.500265e-17,2.734084e-16,2.734084e-18
1.547699e+01,3.539998e-17,2.738663e-16,2.738663e-18
1.547983e+01,3.482102e-17,2.738580e-16,2.738580e-18
1.548267e+01,3.473671e-17,2.730736e-16,2.730736e-18
1.548552e+01,3.524007e-17,2.722977e-16,2.722977e-18
1.548836e+01,3.447562e-17,2.716153e-16,2.716153e-18
1.549120e+01,3.469684e-17,2.708987e-16,2.708987e-18
1.549405e+01,3.484286e-17,2.697141e-16,2.697141e-18
1.549689e+01,3.497564e-17,2.684295e-16,2.684295e-18
1.549973e+01,3.402598e-17,2.672570e-16,2.672570e-18
1.550258e+01,3.410853e-17,2.659111e-16,2.659111e-18
1.550542e+01,3.427513e-17,2.640388e-16,2.640388e-18
1.550826e+01,3.394968e-17,2.623231e-16,2.623231e-18
1.551111e+01,3.413572e-17,2.608585e-16,2.608585e-18
1.551395e+01,3.405622e-17,2.589987e-16,2.589987e-18
1.551679e+01,3.358019e-17,2.573168e-16,2.573168e-18
1.551964e+01,3.366218e-17,2.562493e-16,2.562493e-18
1.552248e+01,3.388439e-17,2.555709e-16,2.555709e-18
1.552532e+01,3.351211e-17,2.554988e-16,2.554988e-18
1.552817e+01,3.341688e-17,2.562232e-16,2.562232e-18
1.553101e+01,3.400897e-17,2.547242e-16,2.547242e-18
1.553385e+01,3.347627e-17,2.519614e-16,2.519614e-18
1.553670e+01,3.360736e-17,2.513601e-16,2.513601e-18
1.553954e+01,3.360434e-17,2.527449e-16,2.527449e-18
1.554238e+01,3.361016e-17,2.526418e-16,2.526418e-18
1.554523e+01,3.352701e-17,2.503758e-16,2.503758e-18
1.554807e+01,3.346926e-17,2.480876e-16,2.480876e-18
1.555092e+01,3.325897e-17,2.471860e-16,2.471860e-18
1.555376e+01,3.367154e-17,2.478954e-16,2.478954e-18
1.555660e+01,3.319799e-17,2.488851e-16,2.488851e-18
1.555945e+01,3.342036e-17,2.490009e-16,2.490009e-18
1.556229e+01,3.355805e-17,2.489222e-16,2.489222e-18
1.556513e+01,3.337625e-17,2.497847e-16,2.497847e-18
1.556798e+01,3.356074e-17,2.504079e-16,2.504079e-18
1.557082e+01,3.353243e-17,2.504183e-16,2.504183e-18
1.557366e+01,3.332818e-17,2.511144e-16,2.511144e-18
1.557651e+01,3.342208e-17,2.533146e-16,2.533146e-18
1.557935e+01,3.387929e-17,2.564708e-16,2.564708e-18
1.558219e+01,3.371680e-17,2.584351e-16,2.584351e-18
1.558504e+01,3.385468e-17,2.572087e-16,2.572087e-18
1.558788e+01,3.352530e-17,2.548142e-16,2.548142e-18
1.559072e+01,3.342726e-17,2.532098e-16,2.532098e-18
1.559357e+01,3.333253e-17,2.522364e-16,2.522364e-18
1.559641e+01,3.313544e-17,2.522127e-16,2.522127e-18
1.559925e+01,3.391209e-17,2.524454e-16,2.524454e-18
1.560210e+01,3.360251e-17,2.525550e-16,2.525550e-18
1.560494e+01,3.345124e-17,2.527075e-16,2.527075e-18
1.560778e+01,3.398265e-17,2.528483e-16,2.528483e-18
1.561063e+01,3.331823e-17,2.519187e-16,2.519187e-18
1.561347e+01,3.299828e-17,2.510071e-16,2.510071e-18
1.561631e+01,3.308257e-17,2.510614e-16,2.510614e-18
1.561916e+01,3.333597e-17,2.511456e-16,2.511456e-18
1.562200e+01,3.269996e-17,2.501213e-16,2.501213e-18
1.562485e+01,3.316532e-17,2.486338e-16,2.486338e-18
1.562769e+01,3.313646e-17,2.473889e-16,2.473889e-18
1.563053e+01,3.281866e-17,2.461897e-16,2.461897e-18
1.563338e+01,3.336805e-17,2.455269e-16,2.455269e-18
1.563622e+01,3.301047e-17,2.454555e-16,2.454555e-18
1.563906e+01,3.272393e-17,2.454185e-16,2.454185e-18
1.564191e+01,3.289294e-17,2.448920e-16,2.448920e-18
1.564475e+01,3.276239e-17,2.431197e-16,2.431197e-18
1.564759e+01,3.253198e-17,2.417442e-16,2.417442e-18
1.565044e+01,3.233408e-17,2.420791e-16,2.420791e-18
1.565328e+01,3.278500e-17,2.428888e-16,2.428888e-18
1.565612e+01,3.275020e-17,2.424810e-16,2.424810e-18
1.565897e+01,3.250558e-17,2.409358e-16,2.409358e-18
1.566181e+01,3.283989e-17,2.395934e-16,2.395934e-18
1.566465e+01,3.198454e-17,2.391056e-16,2.391056e-18
1.566750e+01,3.233602e-17,2.399149e-16,2.399149e-18
1.567034e+01,3.249580e-17,2.410684e-16,2.410684e-18
1.567318e+01,3.284871e-17,2.412724e-16,2.412724e-18
1.567603e+01,3.295366e-17,2.404539e-16,2.404539e-18
1.567887e+01,3.226468e-17,2.399722e-16,2.399722e-18
1.568171e+01,3.259339e-17,2.405441e-16,2.405441e-18
1.568456e+01,3.273011e-17,2.403968e-16,2.403968e-18
1.568740e+01,3.286171e-17,2.390537e-16,2.390537e-18
1.569025e+01,3.269915e-17,2.378324e-16,2.378324e-18
1.569309e+01,3.290432e-17,2.375730e-16,2.375730e-18
1.569593e+01,3.302983e-17,2.374908e-16,2.374908e-18
1.569878e+01,3.295008e-17,2.362572e-16,2.362572e-18
1.570162e+01,3.233304e-17,2.346897e-16,2.346897e-18
1.570446e+01,3.247138e-17,2.336208e-16,2.336208e-18
1.570731e+01,3.278056e-17,2.330353e-16,2.330353e-18
1.571015e+01,3.277644e-17,2.332172e-16,2.332172e-18
1.571299e+01,3.261366e-17,2.331110e-16,2.331110e-18
1.571584e+01,3.292156e-17,2.323042e-16,2.323042e-18
1.571868e+01,3.301265e-17,2.320263e-16,2.320263e-18
1.572152e+01,3.290873e-17,2.322777e-16,2.322777e-18
1.572437e+01,3.314367e-17,2.318317e-16,2.318317e-18
1.572721e+01,3.255602e-17,2.300368e-16,2.300368e-18
1.573005e+01,3.282308e-17,2.283482e-16,2.283482e-18
1.573290e+01,3.293249e-17,2.266200e-16,2.266200e-18
1.573574e+01,3.275583e-17,2.254344e-16,2.254344e-18
1.573858e+01,3.264755e-17,2.257827e-16,2.257827e-18
1.574143e+01,3.310677e-17,2.263605e-16,2.263605e-18
1.574427e+01,3.297634e-17,2.258499e-16,2.258499e-18
1.574711e+01,3.264449e-17,2.254899e-16,2.254899e-18
1.574996e+01,3.267855e-17,2.248438e-16,2.248438e-18
1.575280e+01,3.261883e-17,2.233772e-16,2.233772e-18
1.575564e+01,3.273382e-17,2.230205e-16,2.230205e-18
1.575849e+01,3.272963e-17,2.237165e-16,2.237165e-18
1.576133e+01,3.247802e-17,2.241717e-16,2.241717e-18
1.576418e+01,3.281528e-17,2.241787e-16,2.241787e-18
1.576702e+01,3.262462e-17,2.237421e-16,2.237421e-18
1.576986e+01,3.288748e-17,2.240650e-16,2.240650e-18
1.577271e+01,3.288124e-17,2.249870e-16,2.249870e-18
1.577555e+01,3.316476e-17,2.257449e-16,2.257449e-18
1.577839e+01,3.318342e-17,2.265727e-16,2.265727e-18
1.578124e+01,3.310458e-17,2.278485e-16,2.278485e-18
1.578408e+01,3.279419e-17,2.291404e-16,2.291404e-18
1.578692e+01,3.309127e-17,2.304879e-16,2.304879e-18
1.578977e+01,3.326770e-17,2.324384e-16,2.324384e-18
1.579261e+01,3.375019e-17,2.343495e-16,2.343495e-18
1.579545e+01,3.323059e-17,2.356820e-16,2.356820e-18
1.579830e+01,3.340967e-17,2.379875e-16,2.379875e-18
1.580114e+01,3.368705e-17,2.419111e-16,2.419111e-18
1.580398e+01,3.409715e-17,2.458435e-16,2.458435e-18
1.580683e+01,3.360636e-17,2.490692e-16,2.490692e-18
1.580967e+01,3.377581e-17,2.519337e-16,2.519337e-18
1.581251e+01,3.375202e-17,2.552944e-16,2.552944e-18
1.581536e+01,3.441707e-17,2.591575e-16,2.591575e-18
1.581820e+01,3.386457e-17,2.626039e-16,2.626039e-18
1.582104e+01,3.391540e-17,2.656104e-16,2.656104e-18
1.582389e+01,3.441541e-17,2.684424e-16,2.684424e-18
1.582673e+01,3.409036e-17,2.711937e-16,2.711937e-18
1.582957e+01,3.463274e-17,2.745266e-16,2.745266e-18
1.583242e+01,3.430043e-17,2.777970e-16,2.777970e-18
1.583526e+01,3.459239e-17,2.801310e-16,2.801310e-18
1.583811e+01,3.433907e-17,2.820162e-16,2.820162e-18
1.584095e+01,3.415703e-17,2.833014e-16,2.833014e-18
1.584379e+01,3.493482e-17,2.843296e-16,2.843296e-18
1.584664e+01,3.385620e-17,2.854434e-16,2.854434e-18
1.584948e+01,3.417101e-17,2.868316e-16,2.868316e-18
1.585232e+01,3.389006e-17,2.872733e-16,2.872733e-18
1.585517e+01,3.404606e-17,2.866988e-16,2.866988e-18
1.585801e+01,3.399640e-17,2.848664e-16,2.848664e-18
1.586085e+01,3.423895e-17,2.825547e-16,2.825547e-18
1.586370e+01,3.304943e-17,2.792880e-16,2.792880e-18
1.586654e+01,3.374458e-17,2.757830e-16,2.757830e-18
1.586938e+01,3.365478e-17,2.726038e-16,2.726038e-18
1.587223e+01,3.351792e-17,2.704337e-16,2.704337e-18
1.587507e+01,3.394021e-17,2.681470e-16,2.681470e-18
1.587791e+01,3.353243e-17,2.652917e-16,2.652917e-18
1.588076e+01,3.300631e-17,2.618235e-16,2.618235e-18
1.588360e+01,3.359282e-17,2.585637e-16,2.585637e-18
1.588644e+01,3.359805e-17,2.558187e-16,2.558187e-18
1.588929e+01,3.340829e-17,2.524775e-16,2.524775e-18
1.589213e+01,3.317473e-17,2.482682e-16,2.482682e-18
1.589497e+01,3.345916e-17,2.442176e-16,2.442176e-18
1.589782e+01,3.291619e-17,2.404398e-16,2.404398e-18
1.590066e+01,3.287830e-17,2.363838e-16,2.363838e-18
1.590351e+01,3.287335e-17,2.322224e-16,2.322224e-18
1.590635e+01,3.263939e-17,2.295139e-16,2.295139e-18
1.590919e+01,3.284891e-17,2.274378e-16,2.274378e-18
1.591204e+01,3.276647e-17,2.241342e-16,2.241342e-18
1.591488e+01,3.298912e-17,2.209001e-16,2.209001e-18
1.591772e+01,3.254303e-17,2.185980e-16,2.185980e-18
1.592057e+01,3.260706e-17,2.155405e-16,2.155405e-18
1.592341e+01,3.295966e-17,2.123155e-16,2.123155e-18
1.592625e+01,3.285196e-17,2.099273e-16,2.099273e-18
1.592910e+01,3.309023e-17,2.085164e-16,2.085164e-18
1.593194e+01,3.264653e-17,2.075820e-16,2.075820e-18
1.593478e+01,3.222840e-17,2.063496e-16,2.063496e-18
1.593763e+01,3.250751e-17,2.044484e-16,2.044484e-18
1.594047e+01,3.244247e-17,2.019488e-16,2.019488e-18
1.594331e+01,3.207911e-17,1.998504e-16,1.998504e-18
1.594616e+01,3.243694e-17,1.993615e-16,1.993615e-18
1.594900e+01,3.220042e-17,1.992557e-16,1.992557e-18
1.595184e+01,3.181421e-17,1.970308e-16,1.970308e-18
1.595469e+01,3.224589e-17,1.935825e-16,1.935825e-18
1.595753e+01,3.235358e-17,1.908575e-16,1.908575e-18
1.596037e+01,3.186821e-17,1.889859e-16,1.889859e-18
1.596322e+01,3.193203e-17,1.868500e-16,1.868500e-18
1.596606e+01,3.157300e-17,1.839015e-16,1.839015e-18
1.596890e+01,3.161052e-17,1.809209e-16,1.809209e-18
1.597175e+01,3.164992e-17,1.776484e-16,1.776484e-18
1.597459e+01,3.162491e-17,1.745381e-16,1.745381e-18
1.597744e+01,3.195434e-17,1.728168e-16,1.728168e-18
1.598028e+01,3.148389e-17,1.710878e-16,1.710878e-18
1.598312e+01,3.124909e-17,1.672481e-16,1.672481e-18
1.598597e+01,3.062500e-17,1.631268e-16,1.631268e-18
1.598881e+01,3.097486e-17,1.607272e-16,1.607272e-18
1.599165e+01,3.079185e-17,1.588542e-16,1.588542e-18
1.599450e+01,3.063455e-17,1.563492e-16,1.563492e-18
1.599734e+01,3.084435e-17,1.532404e-16,1.532404e-18
1.600018e+01,3.013885e-17,1.503471e-16,1.503471e-18
1.600303e+01,3.041643e-17,1.473776e-16,1.473776e-18
1.600587e+01,3.081189e-17,1.444656e-16,1.444656e-18
1.600871e+01,3.015971e-17,1.426473e-16,1.426473e-18
1.601156e+01,3.028710e-17,1.421304e-16,1.421304e-18
1.601440e+01,3.046328e-17,1.409702e-16,1.409702e-18
1.601724e+01,3.068761e-17,1.392261e-16,1.392261e-18
1.602009e+01,3.020918e-17,1.377585e-16,1.377585e-18
1.602293e+01,3.033955e-17,1.366986e-16,1.366986e-18
1.602577e+01,2.995700e-17,1.337201e-16,1.337201e-18
1.602862e+01,2.996991e-17,1.309161e-16,1.309161e-18
1.603146e+01,2.927161e-17,1.296199e-16,1.296199e-18
1.603430e+01,3.001457e-17,1.286064e-16,1.286064e-18
1.603715e+01,3.029033e-17,1.286011e-16,1.286011e-18
1.603999e+01,3.018584e-17,1.283886e-16,1.283886e-18
1.604283e+01,3.018619e-17,1.264477e-16,1.264477e-18
1.604568e+01,3.034363e-17,1.248754e-16,1.248754e-18
1.604852e+01,3.043508e-17,1.248281e-16,1.248281e-18
1.605137e+01,2.998493e-17,1.241428e-16,1.241428e-18
1.605421e+01,3.022897e-17,1.224361e-16,1.224361e-18
1.605705e+01,2.990477e-17,1.204779e-16,1.204779e-18
1.605990e+01,2.987919e-17,1.191047e-16,1.191047e-18
1.606274e+01,3.005802e-17,1.191172e-16,1.191172e-18
1.606558e+01,3.006405e-17,1.198170e-16,1.198170e-18
1.606843e+01,2.957129e-17,1.200043e-16,1.200043e-18
1.607127e+01,3.008627e-17,1.195693e-16,1.195693e-18
1.607411e+01,2.970276e-17,1.194014e-16,1.194014e-18
1.607696e+01,2.973389e-17,1.197396e-16,1.197396e-18
1.607980e+01,2.964510e-17,1.190072e-16,1.190072e-18
1.608264e+01,2.946043e-17,1.175532e-16,1.175532e-18
1.608549e+01,2.983570e-17,1.163747e-16,1.163747e-18
1.608833e+01,2.997342e-17,1.156771e-16,1.156771e-18
1.609117e+01,2.976204e-17,1.157152e-16,1.157152e-18
1.609402e+01,2.967610e-17,1.156892e-16,1.156892e-18
1.609686e+01,2.948035e-17,1.153292e-16,1.153292e-18
1.609970e+01,2.972491e-17,1.158709e-16,1.158709e-18
1.610255e+01,2.997335e-17,1.165026e-16,1.165026e-18
1.610539e+01,2.947922e-17,1.157673e-16,1.157673e-18
1.610823e+01,2.972745e-17,1.141170e-16,1.141170e-18
1.611108e+01,2.948447e-17,1.141102e-16,1.141102e-18
1.611392e+01,2.944954e-17,1.159226e-16,1.159226e-18
1.611676e+01,2.949501e-17,1.156575e-16,1.156575e-18
1.611961e+01,2.927481e-17,1.138436e-16,1.138436e-18
1.612245e+01,2.932488e-17,1.146266e-16,1.146266e-18
1.612530e+01,2.936820e-17,1.162876e-16,1.162876e-18
1.612814e+01,2.907698e-17,1.160771e-16,1.160771e-18
1.613098e+01,2.919246e-17,1.144813e-16,1.144813e-18
1.613383e+01,2.940693e-17,1.134959e-16,1.134959e-18
1.613667e+01,2.901005e-17,1.137338e-16,1.137338e-18
1.613951e+01,2.907762e-17,1.130993e-16,1.130993e-18
1.614236e+01,2.853581e-17,1.101856e-16,1.101856e-18
1.614520e+01,2.882345e-17,1.080276e-16,1.080276e-18
1.614804e+01,2.912817e-17,1.103840e-16,1.103840e-18
1.615089e+01,2.922830e-17,1.134047e-16,1.134047e-18
1.615373e+01,2.926879e-17,1.109704e-16,1.109704e-18
1.615657e+01,2.826293e-17,1.064790e-16,1.064790e-18
1.615942e+01,2.886263e-17,1.055567e-16,1.055567e-18
1.616226e+01,2.879665e-17,1.071433e-16,1.071433e-18
1.616510e+01,2.844258e-17,1.067483e-16,1.067483e-18
1.616795e+01,2.846758e-17,1.051498e-16,1.051498e-18
1.617079e+01,2.873342e-17,1.062151e-16,1.062151e-18
1.617363e+01,2.884225e-17,1.083074e-16,1.083074e-18
1.617648e+01,2.915457e-17,1.072035e-16,1.072035e-18
1.617932e+01,2.880017e-17,1.045981e-16,1.045981e-18
1.618216e+01,2.831290e-17,1.025078e-16,1.025078e-18
1.618501e+01,2.929083e-17,1.012196e-16,1.012196e-18
1.618785e+01,2.892700e-17,1.012029e-16,1.012029e-18
1.619070e+01,2.842087e-17,1.026292e-16,1.026292e-18
1.619354e+01,2.864893e-17,1.039878e-16,1.039878e-18
1.619638e+01,2.939210e-17,1.038354e-16,1.038354e-18
1.619923e+01,2.858520e-17,1.023857e-16,1.023857e-18
1.620207e+01,2.902050e-17,1.018914e-16,1.018914e-18
1.620491e+01,2.857665e-17,1.037497e-16,1.037497e-18
1.620776e+01,2.843826e-17,1.053670e-16,1.053670e-18
1.621060e+01,2.851419e-17,1.049874e-16,1.049874e-18
1.621344e+01,2.876584e-17,1.052404e-16,1.052404e-18
1.621629e+01,2.899715e-17,1.075137e-16,1.075137e-18
1.621913e+01,2.892531e-17,1.091621e-16,1.091621e-18
1.622197e+01,2.906392e-17,1.095594e-16,1.095594e-18
1.622482e+01,2.894111e-17,1.089778e-16,1.089778e-18
1.622766e+01,2.910778e-17,1.065715e-16,1.065715e-18
1.623050e+01,2.906593e-17,1.048999e-16,1.048999e-18
1.623335e+01,2.881395e-17,1.062658e-16,1.062658e-18
1.623619e+01,2.909131e-17,1.092251e-16,1.092251e-18
1.623903e+01,2.880300e-17,1.096285e-16,1.096285e-18
1.624188e+01,2.917387e-17,1.082672e-16,1.082672e-18
1.624472e+01,2.886975e-17,1.070885e-16,1.070885e-18
1.624756e+01,2.893019e-17,1.072083e-16,1.072083e-18
1.625041e+01,2.892438e-17,1.079354e-16,1.079354e-18
1.625325e+01,2.870311e-17,1.079654e-16,1.079654e-18
1.625609e+01,2.867177e-17,1.077295e-16,1.077295e-18
1.625894e+01,2.916778e-17,1.091368e-16,1.091368e-18
1.626178e+01,2.869102e-17,1.111659e-16,1.111659e-18
1.626463e+01,2.912725e-17,1.106030e-16,1.106030e-18
1.626747e+01,2.878541e-17,1.076703e-16,1.076703e-18
1.627031e+01,2.886722e-17,1.068721e-16,1.068721e-18
1.627316e+01,2.867267e-17,1.076156e-16,1.076156e-18
1.627600e+01,2.855353e-17,1.086770e-16,1.086770e-18
1.627884e+01,2.885083e-17,1.098280e-16,1.098280e-18
1.628169e+01,2.896553e-17,1.107080e-16,1.107080e-18
1.628453e+01,2.905440e-17,1.112415e-16,1.112415e-18
1.628737e+01,2.889230e-17,1.122766e-16,1.122766e-18
1.629022e+01,2.926651e-17,1.143167e-16,1.143167e-18
1.629306e+01,2.900388e-17,1.148163e-16,1.148163e-18
1.629590e+01,2.935682e-17,1.129917e-16,1.129917e-18
1.629875e+01,2.907825e-17,1.121773e-16,1.121773e-18
1.630159e+01,2.921460e-17,1.141943e-16,1.141943e-18
1.630443e+01,2.923627e-17,1.164327e-16,1.164327e-18
1.630728e+01,2.929511e-17,1.163199e-16,1.163199e-18
1.631012e+01,2.919567e-17,1.161263e-16,1.161263e-18
1.631296e+01,2.925950e-17,1.170401e-16,1.170401e-18
1.631581e+01,2.954199e-17,1.178946e-16,1.178946e-18
1.631865e+01,2.948141e-17,1.180530e-16,1.180530e-18
1.632149e+01,2.918645e-17,1.177510e-16,1.177510e-18
1.632434e+01,2.942776e-17,1.174323e-16,1.174323e-18
1.632718e+01,2.974369e-17,1.176320e-16,1.176320e-18
1.633002e+01,2.966690e-17,1.186654e-16,1.186654e-18
1.633287e+01,2.976314e-17,1.187715e-16,1.187715e-18
1.633571e+01,2.947135e-17,1.175591e-16,1.175591e-18
1.633856e+01,2.906014e-17,1.169265e-16,1.169265e-18
1.634140e+01,2.931288e-17,1.169536e-16,1.169536e-18
1.634424e+01,2.969804e-17,1.165796e-16,1.165796e-18
1.634709e+01,2.925836e-17,1.173787e-16,1.173787e-18
1.634993e+01,2.975312e-17,1.190156e-16,1.190156e-18
1.635277e+01,2.973471e-17,1.198196e-16,1.198196e-18
1.635562e+01,2.892447e-17,1.210716e-16,1.210716e-18
1.635846e+01,2.941033e-17,1.239764e-16,1.239764e-18
1.636130e+01,2.891844e-17,1.266190e-16,1.266190e-18
1.636415e+01,2.886504e-17,1.283922e-16,1.283922e-18
1.636699e+01,2.952788e-17,1.309746e-16,1.309746e-18
1.636983e+01,2.961657e-17,1.346766e-16,1.346766e-18
1.637268e+01,2.910844e-17,1.376553e-16,1.376553e-18
1.637552e+01,2.933235e-17,1.392790e-16,1.392790e-18
1.637836e+01,2.931797e-17,1.411061e-16,1.411061e-18
1.638121e+01,2.906373e-17,1.439179e-16,1.439179e-18
1.638405e+01,2.945309e-17,1.471824e-16,1.471824e-18
1.638689e+01,2.960078e-17,1.495085e-16,1.495085e-18
1.638974e+01,2.984555e-17,1.509600e-16,1.509600e-18
1.639258e+01,2.947618e-17,1.530933e-16,1.530933e-18
1.639542e+01,2.938565e-17,1.565837e-16,1.565837e-18
1.639827e+01,2.950292e-17,1.607670e-16,1.607670e-18
1.640111e+01,2.971271e-17,1.631225e-16,1.631225e-18
1.640396e+01,2.950868e-17,1.646274e-16,1.646274e-18
1.640680e+01,2.991144e-17,1.677880e-16,1.677880e-18
1.640964e+01,2.993235e-17,1.711548e-16,1.711548e-18
1.641249e+01,3.000635e-17,1.727880e-16,1.727880e-18
1.641533e+01,2.961761e-17,1.733813e-16,1.733813e-18
1.641817e+01,2.982489e-17,1.750909e-16,1.750909e-18
1.642102e+01,3.001401e-17,1.780678e-16,1.780678e-18
1.642386e+01,3.017112e-17,1.808526e-16,1.808526e-18
1.642670e+01,3.007415e-17,1.824719e-16,1.824719e-18
1.642955e+01,2.972608e-17,1.822366e-16,1.822366e-18
1.643239e+01,3.043853e-17,1.821701e-16,1.821701e-18
1.643523e+01,3.015748e-17,1.831915e-16,1.831915e-18
1.643808e+01,3.011562e-17,1.845350e-16,1.845350e-18
1.644092e+01,3.023669e-17,1.858352e-16,1.858352e-18
1.644376e+01,3.005733e-17,1.870005e-16,1.870005e-18
1.644661e+01,3.052033e-17,1.881651e-16,1.881651e-18
1.644945e+01,3.001060e-17,1.883384e-16,1.883384e-18
1.645229e+01,2.979840e-17,1.876806e-16,1.876806e-18
1.645514e+01,3.016681e-17,1.866756e-16,1.866756e-18
1.645798e+01,3.034909e-17,1.856999e-16,1.856999e-18
1.646082e+01,2.991050e-17,1.849164e-16,1.849164e-18
1.646367e+01,3.006541e-17,1.837528e-16,1.837528e-18
1.646651e+01,2.996965e-17,1.820376e-16,1.820376e-18
1.646935e+01,3.011991e-17,1.801602e-16,1.801602e-18
1.647220e+01,2.988579e-17,1.767642e-16,1.767642e-18
1.647504e+01,2.992411e-17,1.724173e-16,1.724173e-18
1.647789e+01,2.979020e-17,1.693698e-16,1.693698e-18
1.648073e+01,2.974332e-17,1.669704e-16,1.669704e-18
1.648357e+01,2.976421e-17,1.643277e-16,1.643277e-18
1.648642e+01,3.004087e-17,1.614749e-16,1.614749e-18
1.648926e+01,2.940238e-17,1.588693e-16,1.588693e-18
1.649210e+01,2.984804e-17,1.568444e-16,1.568444e-18
1.649495e+01,2.936462e-17,1.544700e-16,1.544700e-18
1.649779e+01,2.896021e-17,1.507213e-16,1.507213e-18
1.650063e+01,2.881634e-17,1.480508e-16,1.480508e-18
1.650348e+01,2.916185e-17,1.463381e-16,1.463381e-18
1.650632e+01,2.887219e-17,1.440876e-16,1.440876e-18
1.650916e+01,2.927738e-17,1.419633e-16,1.419633e-18
1.651201e+01,2.915598e-17,1.399530e-16,1.399530e-18
1.651485e+01,2.867929e-17,1.361232e-16,1.361232e-18
1.651769e+01,2.841049e-17,1.324224e-16,1.324224e-18
1.652054e+01,2.879558e-17,1.300640e-16,1.300640e-18
1.652338e+01,2.801077e-17,1.274726e-16,1.274726e-18
1.652622e+01,2.850228e-17,1.256337e-16,1.256337e-18
1.652907e+01,2.849480e-17,1.247433e-16,1.247433e-18
1.653191e+01,2.871869e-17,1.220817e-16,1.220817e-18
1.653475e+01,2.843102e-17,1.186466e-16,1.186466e-18
1.653760e+01,2.800479e-17,1.156025e-16,1.156025e-18
1.654044e+01,2.884210e-17,1.125184e-16,1.125184e-18
1.654328e+01,2.820697e-17,1.093664e-16,1.093664e-18
1.654613e+01,2.850340e-17,1.066880e-16,1.066880e-18
1.654897e+01,2.820878e-17,1.028017e-16,1.028017e-18
1.655182e+01,2.796512e-17,1.001540e-16,1.001540e-18
1.655466e+01,2.795575e-17,1.002534e-16,1.002534e-18
1.655750e+01,2.834159e-17,9.942934e-17,9.942934e-19
1.656035e+01,2.784537e-17,9.640938e-17,9.640938e-19
1.656319e+01,2.814622e-17,9.461142e-17,9.461142e-19
1.656603e+01,2.816393e-17,9.336946e-17,9.336946e-19
1.656888e+01,2.790349e-17,9.035272e-17,9.035272e-19
1.657172e+01,2.793180e-17,8.776923e-17,8.776923e-19
1.657456e+01,2.795255e-17,8.686100e-17,8.686100e-19
1.657741e+01,2.765588e-17,8.525794e-17,8.525794e-19
1.658025e+01,2.825340e-17,8.335356e-17,8.335356e-19
1.658309e+01,2.837856e-17,8.234237e-17,8.234237e-19
1.658594e+01,2.802873e-17,8.260464e-17,8.260464e-19
1.658878e+01,2.770499e-17,8.185903e-17,8.185903e-19
1.659162e+01,2.810356e-17,7.984119e-17,7.984119e-19
1.659447e+01,2.785419e-17,7.913583e-17,7.913583e-19
1.659731e+01,2.731601e-17,7.959649e-17,7.959649e-19
1.660015e+01,2.734856e-17,7.883670e-17,7.883670e-19
1.660300e+01,2.750305e-17,7.722669e-17,7.722669e-19
1.660584e+01,2.769842e-17,7.614576e-17,7.614576e-19
1.660868e+01,2.678857e-17,7.610274e-17,7.610274e-19
1.661153e+01,2.751573e-17,7.758586e-17,7.758586e-19
1.661437e+01,2.777566e-17,8.005171e-17,8.005171e-19
1.661721e+01,2.776924e-17,8.224166e-17,8.224166e-19
1.662006e+01,2.735570e-17,8.165696e-17,8.165696e-19
1.662290e+01,2.813592e-17,8.192306e-17,8.192306e-19
1.662575e+01,2.777891e-17,8.316329e-17,8.316329e-19
1.662859e+01,2.825722e-17,8.531602e-17,8.531602e-19
1.663143e+01,2.777143e-17,8.803254e-17,8.803254e-19
1.663428e+01,2.761584e-17,9.065078e-17,9.065078e-19
1.663712e+01,2.802659e-17,9.230960e-17,9.230960e-19
1.663996e+01,2.802410e-17,9.413981e-17,9.413981e-19
1.664281e+01,2.800940e-17,9.634568e-17,9.634568e-19
1.664565e+01,2.794956e-17,9.876467e-17,9.876467e-19
1.664849e+01,2.832468e-17,1.020150e-16,1.020150e-18
1.665134e+01,2.792463e-17,1.057973e-16,1.057973e-18
1.665418e+01,2.801264e-17,1.082692e-16,1.082692e-18
1.665702e+01,2.856887e-17,1.088937e-16,1.088937e-18
1.665987e+01,2.856292e-17,1.090181e-16,1.090181e-18
1.666271e+01,2.817690e-17,1.093220e-16,1.093220e-18
1.666555e+01,2.805734e-17,1.095462e-16,1.095462e-18
1.666840e+01,2.840404e-17,1.104973e-16,1.104973e-18
1.667124e+01,2.786902e-17,1.109255e-16,1.109255e-18
1.667408e+01,2.810968e-17,1.101077e-16,1.101077e-18
1.667693e+01,2.792925e-17,1.088270e-16,1.088270e-18
1.667977e+01,2.792851e-17,1.083228e-16,1.083228e-18
1.668261e+01,2.843653e-17,1.074329e-16,1.074329e-18
1.668546e+01,2.808901e-17,1.061599e-16,1.061599e-18
1.668830e+01,2.807300e-17,1.049803e-16,1.049803e-18
1.669115e+01,2.802964e-17,1.025329e-16,1.025329e-18
1.669399e+01,2.792095e-17,9.965293e-17,9.965293e-19
1.669683e+01,2.788230e-17,9.809923e-17,9.809923e-19
1.669968e+01,2.789171e-17,9.674405e-17,9.674405e-19
1.670252e+01,2.761206e-17,9.531824e-17,9.531824e-19
1.670536e+01,2.786040e-17,9.399601e-17,9.399601e-19
1.670821e+01,2.771664e-17,9.162616e-17,9.162616e-19
1.671105e+01,2.791086e-17,8.918101e-17,8.918101e-19
1.671389e+01,2.739850e-17,8.767001e-17,8.767001e-19
1.671674e+01,2.723014e-17,8.595312e-17,8.595312e-19
1.671958e+01,2.765698e-17,8.357167e-17,8.357167e-19
1.672242e+01,2.711031e-17,8.308109e-17,8.308109e-19
1.672527e+01,2.703000e-17,8.412420e-17,8.412420e-19
1.672811e+01,2.726888e-17,8.415634e-17,8.415634e-19
1.673095e+01,2.710352e-17,8.254101e-17,8.254101e-19
1.673380e+01,2.741356e-17,8.171923e-17,8.171923e-19
1.673664e+01,2.737059e-17,8.247362e-17,8.247362e-19
1.673948e+01,2.784142e-17,8.425002e-17,8.425002e-19
1.674233e+01,2.737841e-17,8.540578e-17,8.540578e-19
1.674517e+01,2.718385e-17,8.718623e-17,8.718623e-19
1.674801e+01,2.738226e-17,8.950797e-17,8.950797e-19
1.675086e+01,2.777976e-17,9.253562e-17,9.253562e-19
1.675370e+01,2.752827e-17,9.268609e-17,9.268609e-19
1.675654e+01,2.670632e-17,9.075733e-17,9.075733e-19
1.675939e+01,2.724743e-17,9.234130e-17,9.234130e-19
1.676223e+01,2.764958e-17,9.598527e-17,9.598527e-19
1.676508e+01,2.742614e-17,9.798881e-17,9.798881e-19
1.676792e+01,2.793084e-17,9.911136e-17,9.911136e-19
1.677076e+01,2.770537e-17,1.017480e-16,1.017480e-18
1.677361e+01,2.765402e-17,1.044671e-16,1.044671e-18
1.677645e+01,2.786954e-17,1.068852e-16,1.068852e-18
1.677929e+01,2.818138e-17,1.106079e-16,1.106079e-18
1.678214e+01,2.813876e-17,1.129732e-16,1.129732e-18
1.678498e+01,2.829770e-17,1.152285e-16,1.152285e-18
1.678782e+01,2.866009e-17,1.197937e-16,1.197937e-18
1.679067e+01,2.873018e-17,1.231733e-16,1.231733e-18
1.679351e+01,2.830476e-17,1.252505e-16,1.252505e-18
1.679635e+01,2.857618e-17,1.283900e-16,1.283900e-18
1.679920e+01,2.911766e-17,1.313813e-16,1.313813e-18
1.680204e+01,2.870436e-17,1.341043e-16,1.341043e-18
1.680488e+01,2.878345e-17,1.369062e-16,1.369062e-18
1.680773e+01,2.878395e-17,1.394997e-16,1.394997e-18
1.681057e+01,2.871525e-17,1.415758e-16,1.415758e-18
1.681341e+01,2.890717e-17,1.417393e-16,1.417393e-18
1.681626e+01,2.896885e-17,1.412939e-16,1.412939e-18
1.681910e+01,2.891411e-17,1.427434e-16,1.427434e-18
1.682194e+01,2.882807e-17,1.444585e-16,1.444585e-18
1.682479e+01,2.861528e-17,1.451380e-16,1.451380e-18
1.682763e+01,2.865215e-17,1.461692e-16,1.461692e-18
1.683047e+01,2.901732e-17,1.472219e-16,1.472219e-18
1.683332e+01,2.942345e-17,1.472971e-16,1.472971e-18
1.683616e+01,2.880202e-17,1.472159e-16,1.472159e-18
1.683901e+01,2.881418e-17,1.475460e-16,1.475460e-18
1.684185e+01,2.873866e-17,1.472867e-16,1.472867e-18
1.684469e+01,2.865979e-17,1.465388e-16,1.465388e-18
1.684754e+01,2.892516e-17,1.454969e-16,1.454969e-18
1.685038e+01,2.846603e-17,1.445262e-16,1.445262e-18
1.685322e+01,2.888843e-17,1.445826e-16,1.445826e-18
1.685607e+01,2.852270e-17,1.434418e-16,1.434418e-18
1.685891e+01,2.782740e-17,1.411817e-16,1.411817e-18
1.686175e+01,2.894533e-17,1.414003e-16,1.414003e-18
1.686460e+01,2.880858e-17,1.424872e-16,1.424872e-18
1.686744e+01,2.872155e-17,1.417419e-16,1.417419e-18
1.687028e+01,2.850936e-17,1.399583e-16,1.399583e-18
1.687313e+01,2.869740e-17,1.387928e-16,1.387928e-18
1.687597e+01,2.827574e-17,1.368707e-16,1.368707e-18
1.687881e+01,2.852306e-17,1.342034e-16,1.342034e-18
1.688166e+01,2.846388e-17,1.321072e-16,1.321072e-18
1.688450e+01,2.852017e-17,1.298557e-16,1.298557e-18
1.688734e+01,2.785687e-17,1.261407e-16,1.261407e-18
1.689019e+01,2.801451e-17,1.235424e-16,1.235424e-18
1.689303e+01,2.823540e-17,1.233022e-16,1.233022e-18
1.689587e+01,2.810091e-17,1.220850e-16,1.220850e-18
1.689872e+01,2.788453e-17,1.178645e-16,1.178645e-18
1.690156e+01,2.769764e-17,1.145446e-16,1.145446e-18
1.690441e+01,2.729744e-17,1.132653e-16,1.132653e-18
1.690725e+01,2.785691e-17,1.119567e-16,1.119567e-18
1.691009e+01,2.762068e-17,1.102692e-16,1.102692e-18
1.691294e+01,2.739134e-17,1.097717e-16,1.097717e-18
1.691578e+01,2.781962e-17,1.092355e-16,1.092355e-18
1.691862e+01,2.769234e-17,1.070512e-16,1.070512e-18
1.692147e+01,2.764883e-17,1.050660e-16,1.050660e-18
1.692431e+01,2.797364e-17,1.047229e-16,1.047229e-18
1.692715e+01,2.754672e-17,1.038267e-16,1.038267e-18
1.693000e+01,2.735220e-17,1.011974e-16,1.011974e-18
1.693284e+01,2.720604e-17,9.931831e-17,9.931831e-19
1.693568e+01,2.723820e-17,9.902730e-17,9.902730e-19
1.693853e+01,2.671935e-17,9.853277e-17,9.853277e-19
1.694137e+01,2.690442e-17,9.686236e-17,9.686236e-19
1.694421e+01,2.709605e-17,9.580934e-17,9.580934e-19
1.694706e+01,2.702433e-17,9.594866e-17,9.594866e-19
1.694990e+01,2.711845e-17,9.572825e-17,9.572825e-19
1.695274e+01,2.715433e-17,9.441674e-17,9.441674e-19
1.695559e+01,2.702072e-17,9.320006e-17,9.320006e-19
1.695843e+01,2.685385e-17,9.320170e-17,9.320170e-19
1.696127e+01,2.737051e-17,9.297933e-17,9.297933e-19
1.696412e+01,2.674722e-17,9.263530e-17,9.263530e-19
1.696696e+01,2.680926e-17,9.408193e-17,9.408193e-19
1.696980e+01,2.719976e-17,9.549826e-17,9.549826e-19
1.697265e+01,2.704721e-17,9.502502e-17,9.502502e-19
1.697549e+01,2.686295e-17,9.477941e-17,9.477941e-19
1.697834e+01,2.698113e-17,9.478336e-17,9.478336e-19
1.698118e+01,2.673159e-17,9.363804e-17,9.363804e-19
1.698402e+01,2.674869e-17,9.291661e-17,9.291661e-19
1.698687e+01,2.686705e-17,9.450612e-17,9.450612e-19
1.698971e+01,2.668394e-17,9.566777e-17,9.566777e-19
1.699255e+01,2.683561e-17,9.387437e-17,9.387437e-19
1.699540e+01,2.692978e-17,9.209484e-17,9.209484e-19
1.699824e+01,2.707259e-17,9.229043e-17,9.229043e-19
1.700108e+01,2.699310e-17,9.257138e-17,9.257138e-19
1.700393e+01,2.673620e-17,9.227331e-17,9.227331e-19
1.700677e+01,2.686397e-17,9.286583e-17,9.286583e-19
1.700961e+01,2.722931e-17,9.507730e-17,9.507730e-19
1.701246e+01,2.724934e-17,9.595243e-17,9.595243e-19
1.701530e+01,2.718605e-17,9.513150e-17,9.513150e-19
1.701814e+01,2.697438e-17,9.436103e-17,9.436103e-19
1.702099e+01,2.757693e-17,9.380086e-17,9.380086e-19
1.702383e+01,2.729737e-17,9.400037e-17,9.400037e-19
1.702667e+01,2.687306e-17,9.647121e-17,9.647121e-19
1.702952e+01,2.757897e-17,9.793116e-17,9.793116e-19
1.703236e+01,2.671832e-17,9.684384e-17,9.684384e-19
1.703520e+01,2.702565e-17,9.574344e-17,9.574344e-19
1.703805e+01,2.724324e-17,9.599743e-17,9.599743e-19
1.704089e+01,2.740818e-17,9.749347e-17,9.749347e-19
1.704373e+01,2.692911e-17,9.761414e-17,9.761414e-19
1.704658e+01,2.708671e-17,9.697953e-17,9.697953e-19
1.704942e+01,2.695399e-17,9.676945e-17,9.676945e-19
1.705227e+01,2.711733e-17,9.569820e-17,9.569820e-19
1.705511e+01,2.756387e-17,9.392911e-17,9.392911e-19
1.705795e+01,2.659035e-17,9.256351e-17,9.256351e-19
1.706080e+01,2.657637e-17,9.206038e-17,9.206038e-19
1.706364e+01,2.701398e-17,9.057017e-17,9.057017e-19
1.706648e+01,2.703754e-17,8.905425e-17,8.905425e-19
1.706933e+01,2.675873e-17,8.773263e-17,8.773263e-19
1.707217e+01,2.688579e-17,8.687181e-17,8.687181e-19
1.707501e+01,2.646713e-17,8.604179e-17,8.604179e-19
1.707786e+01,2.616075e-17,8.475401e-17,8.475401e-19
1.708070e+01,2.672559e-17,8.343054e-17,8.343054e-19
1.708354e+01,2.616938e-17,8.222427e-17,8.222427e-19
1.708639e+01,2.618630e-17,8.143315e-17,8.143315e-19
1.708923e+01,2.609116e-17,8.118458e-17,8.118458e-19
1.709207e+01,2.624666e-17,8.077398e-17,8.077398e-19
1.709492e+01,2.629308e-17,7.888671e-17,7.888671e-19
1.709776e+01,2.603961e-17,7.720516e-17,7.720516e-19
1.710060e+01,2.595177e-17,7.682058e-17,7.682058e-19
1.710345e+01,2.601738e-17,7.708596e-17,7.708596e-19
1.710629e+01,2.598059e-17,7.691867e-17,7.691867e-19
1.710913e+01,2.592295e-17,7.600023e-17,7.600023e-19
1.711198e+01,2.590211e-17,7.524971e-17,7.524971e-19
1.711482e+01,2.602157e-17,7.533647e-17,7.533647e-19
1.711766e+01,2.621941e-17,7.547017e-17,7.547017e-19
1.712051e+01,2.608753e-17,7.426516e-17,7.426516e-19
1.712335e+01,2.626683e-17,7.340916e-17,7.340916e-19
1.712620e+01,2.598669e-17,7.319412e-17,7.319412e-19
1.712904e+01,2.579466e-17,7.275586e-17,7.275586e-19
1.713188e+01,2.579124e-17,7.299413e-17,7.299413e-19
1.713473e+01,2.553349e-17,7.490126e-17,7.490126e-19
1.713757e+01,2.586950e-17,7.749650e-17,7.749650e-19
1.714041e+01,2.601222e-17,7.833856e-17,7.833856e-19
1.714326e+01,2.577098e-17,7.897089e-17,7.897089e-19
1.714610e+01,2.600133e-17,8.062942e-17,8.062942e-19
1.714894e+01,2.613302e-17,8.235838e-17,8.235838e-19
1.715179e+01,2.630014e-17,8.355822e-17,8.355822e-19
1.715463e+01,2.611781e-17,8.413466e-17,8.413466e-19
1.715747e+01,2.641333e-17,8.522629e-17,8.522629e-19
1.716032e+01,2.653196e-17,8.782765e-17,8.782765e-19
1.716316e+01,2.637426e-17,8.926799e-17,8.926799e-19
1.716600e+01,2.567389e-17,8.785882e-17,8.785882e-19
1.716885e+01,2.644672e-17,8.760581e-17,8.760581e-19
1.717169e+01,2.655623e-17,9.053123e-17,9.053123e-19
1.717453e+01,2.653603e-17,9.315742e-17,9.315742e-19
1.717738e+01,2.698998e-17,9.375263e-17,9.375263e-19
1.718022e+01,2.635189e-17,9.270655e-17,9.270655e-19
1.718306e+01,2.635198e-17,9.154075e-17,9.154075e-19
1.718591e+01,2.699079e-17,9.174677e-17,9.174677e-19
1.718875e+01,2.649120e-17,9.211550e-17,9.211550e-19
1.719160e+01,2.620220e-17,9.298663e-17,9.298663e-19
1.719444e+01,2.606602e-17,9.440783e-17,9.440783e-19
1.719728e+01,2.656028e-17,9.600709e-17,9.600709e-19
1.720013e+01,2.670735e-17,9.684158e-17,9.684158e-19
1.720297e+01,2.646788e-17,9.721878e-17,9.721878e-19
1.720581e+01,2.655900e-17,9.839952e-17,9.839952e-19
1.720866e+01,2.645367e-17,9.845363e-17,9.845363e-19
1.721150e+01,2.641881e-17,9.851041e-17,9.851041e-19
1.721434e+01,2.616881e-17,9.955193e-17,9.955193e-19
1.721719e+01,2.644543e-17,1.003981e-16,1.003981e-18
1.722003e+01,2.658850e-17,1.011158e-16,1.011158e-18
1.722287e+01,2.666122e-17,1.019809e-16,1.019809e-18
1.722572e+01,2.668160e-17,1.019843e-16,1.019843e-18
1.722856e+01,2.687027e-17,1.007839e-16,1.007839e-18
1.723140e+01,2.703863e-17,1.002094e-16,1.002094e-18
1.723425e+01,2.652653e-17,1.008116e-16,1.008116e-18
1.723709e+01,2.634112e-17,1.015723e-16,1.015723e-18
1.723993e+01,2.640496e-17,1.006727e-16,1.006727e-18
1.724278e+01,2.616806e-17,1.001371e-16,1.001371e-18
1.724562e+01,2.621463e-17,1.006190e-16,1.006190e-18
1.724846e+01,2.705496e-17,1.008030e-16,1.008030e-18
1.725131e+01,2.643466e-17,1.006667e-16,1.006667e-18
1.725415e+01,2.682314e-17,1.009812e-16,1.009812e-18
1.725699e+01,2.662083e-17,1.005770e-16,1.005770e-18
1.725984e+01,2.671062e-17,9.983559e-17,9.983559e-19
1.726268e+01,2.611915e-17,9.975271e-17,9.975271e-19
1.726553e+01,2.691644e-17,1.003141e-16,1.003141e-18
1.726837e+01,2.647605e-17,1.000493e-16,1.000493e-18
1.727121e+01,2.633094e-17,9.911659e-17,9.911659e-19
1.727406e+01,2.659064e-17,9.876196e-17,9.876196e-19
1.727690e+01,2.624908e-17,9.983656e-17,9.983656e-19
1.727974e+01,2.685034e-17,1.015846e-16,1.015846e-18
1.728259e+01,2.679230e-17,1.025802e-16,1.025802e-18
1.728543e+01,2.707903e-17,1.027637e-16,1.027637e-18
1.728827e+01,2.648479e-17,1.021980e-16,1.021980e-18
1.729112e+01,2.663263e-17,1.021673e-16,1.021673e-18
1.729396e+01,2.694658e-17,1.031738e-16,1.031738e-18
1.729680e+01,2.675054e-17,1.044591e-16,1.044591e-18
1.729965e+01,2.661339e-17,1.045781e-16,1.045781e-18
1.730249e+01,2.668613e-17,1.045506e-16,1.045506e-18
1.730533e+01,2.671560e-17,1.045482e-16,1.045482e-18
1.730818e+01,2.680632e-17,1.039469e-16,1.039469e-18
1.731102e+01,2.664170e-17,1.022463e-16,1.022463e-18
1.731386e+01,2.676917e-17,1.024188e-16,1.024188e-18
1.731671e+01,2.686140e-17,1.047704e-16,1.047704e-18
1.731955e+01,2.688776e-17,1.068964e-16,1.068964e-18
1.732239e+01,2.648691e-17,1.072611e-16,1.072611e-18
1.732524e+01,2.709685e-17,1.067001e-16,1.067001e-18
1.732808e+01,2.686885e-17,1.065015e-16,1.065015e-18
1.733092e+01,2.680735e-17,1.074266e-16,1.074266e-18
1.733377e+01,2.679172e-17,1.083914e-16,1.083914e-18
1.733661e+01,2.680886e-17,1.097470e-16,1.097470e-18
1.733946e+01,2.679715e-17,1.134719e-16,1.134719e-18
1.734230e+01,2.702300e-17,1.173886e-16,1.173886e-18
1.734514e+01,2.750939e-17,1.202234e-16,1.202234e-18
1.734799e+01,2.737503e-17,1.234618e-16,1.234618e-18
1.735083e+01,2.724518e-17,1.272587e-16,1.272587e-18
1.735367e+01,2.722538e-17,1.304736e-16,1.304736e-18
1.735652e+01,2.728634e-17,1.344706e-16,1.344706e-18
1.735936e+01,2.778611e-17,1.387982e-16,1.387982e-18
1.736220e+01,2.689856e-17,1.428908e-16,1.428908e-18
1.736505e+01,2.729392e-17,1.473651e-16,1.473651e-18
1.736789e+01,2.727662e-17,1.520227e-16,1.520227e-18
1.737073e+01,2.776411e-17,1.568066e-16,1.568066e-18
1.737358e+01,2.779897e-17,1.613882e-16,1.613882e-18
1.737642e+01,2.776918e-17,1.660714e-16,1.660714e-18
1.737926e+01,2.779938e-17,1.711141e-16,1.711141e-18
1.738211e+01,2.792554e-17,1.759055e-16,1.759055e-18
1.738495e+01,2.764308e-17,1.793456e-16,1.793456e-18
1.738779e+01,2.828430e-17,1.820756e-16,1.820756e-18
1.739064e+01,2.794017e-17,1.851954e-16,1.851954e-18
1.739348e+01,2.831664e-17,1.881999e-16,1.881999e-18
1.739632e+01,2.834550e-17,1.900835e-16,1.900835e-18
1.739917e+01,2.806171e-17,1.914307e-16,1.914307e-18
1.740201e+01,2.829351e-17,1.935899e-16,1.935899e-18
1.740486e+01,2.785524e-17,1.960967e-16,1.960967e-18
1.740770e+01,2.819023e-17,1.981324e-16,1.981324e-18
1.741054e+01,2.803496e-17,1.989360e-16,1.989360e-18
1.741339e+01,2.814701e-17,1.990024e-16,1.990024e-18
1.741623e+01,2.819072e-17,1.988445e-16,1.988445e-18
1.741907e+01,2.832411e-17,1.989207e-16,1.989207e-18
1.742192e+01,2.823516e-17,1.993077e-16,1.993077e-18
1.742476e+01,2.782144e-17,1.994250e-16,1.994250e-18
1.742760e+01,2.760944e-17,1.986170e-16,1.986170e-18
1.743045e+01,2.778827e-17,1.968928e-16,1.968928e-18
1.743329e+01,2.760776e-17,1.948788e-16,1.948788e-18
1.743613e+01,2.814404e-17,1.933248e-16,1.933248e-18
1.743898e+01,2.762522e-17,1.915328e-16,1.915328e-18
1.744182e+01,2.747593e-17,1.892926e-16,1.892926e-18
1.744466e+01,2.741348e-17,1.871089e-16,1.871089e-18
1.744751e+01,2.733428e-17,1.852112e-16,1.852112e-18
1.745035e+01,2.754283e-17,1.833100e-16,1.833100e-18
1.745319e+01,2.723558e-17,1.812535e-16,1.812535e-18
1.745604e+01,2.725479e-17,1.794711e-16,1.794711e-18
1.745888e+01,2.674109e-17,1.774929e-16,1.774929e-18
1.746172e+01,2.683555e-17,1.756717e-16,1.756717e-18
1.746457e+01,2.716346e-17,1.741264e-16,1.741264e-18
1.746741e+01,2.669325e-17,1.728500e-16,1.728500e-18
1.747025e+01,2.703515e-17,1.714025e-16,1.714025e-18
1.747310e+01,2.698704e-17,1.691601e-16,1.691601e-18
1.747594e+01,2.658299e-17,1.672073e-16,1.672073e-18
1.747879e+01,2.655809e-17,1.659834e-16,1.659834e-18
1.748163e+01,2.648076e-17,1.646697e-16,1.646697e-18
1.748447e+01,2.682831e-17,1.633356e-16,1.633356e-18
1.748732e+01,2.658161e-17,1.621101e-16,1.621101e-18
1.749016e+01,2.714325e-17,1.613403e-16,1.613403e-18
1.749300e+01,2.662925e-17,1.603096e-16,1.603096e-18
1.749585e+01,2.675050e-17,1.593286e-16,1.593286e-18
1.749869e+01,2.700135e-17,1.580823e-16,1.580823e-18
1.750153e+01,2.709487e-17,1.557256e-16,1.557256e-18
1.750438e+01,2.703631e-17,1.534810e-16,1.534810e-18
1.750722e+01,2.660193e-17,1.525391e-16,1.525391e-18
1.751006e+01,2.670879e-17,1.519107e-16,1.519107e-18
1.751291e+01,2.692946e-17,1.498134e-16,1.498134e-18
1.751575e+01,2.727650e-17,1.473967e-16,1.473967e-18
1.751859e+01,2.661590e-17,1.456282e-16,1.456282e-18
1.752144e+01,2.738076e-17,1.451453e-16,1.451453e-18
1.752428e+01,2.684488e-17,1.446111e-16,1.446111e-18
1.752712e+01,2.714117e-17,1.436722e-16,1.436722e-18
1.752997e+01,2.706743e-17,1.417294e-16,1.417294e-18
1.753281e+01,2.665171e-17,1.385902e-16,1.385902e-18
1.753565e+01,2.706194e-17,1.358060e-16,1.358060e-18
1.753850e+01,2.670617e-17,1.344273e-16,1.344273e-18
1.754134e+01,2.647046e-17,1.334707e-16,1.334707e-18
1.754418e+01,2.666928e-17,1.321570e-16,1.321570e-18
1.754703e+01,2.662249e-17,1.307698e-16,1.307698e-18
1.754987e+01,2.693976e-17,1.286598e-16,1.286598e-18
1.755272e+01,2.645822e-17,1.271474e-16,1.271474e-18
1.755556e+01,2.620496e-17,1.270098e-16,1.270098e-18
1.755840e+01,2.652703e-17,1.267264e-16,1.267264e-18
1.756125e+01,2.619970e-17,1.267976e-16,1.267976e-18
1.756409e+01,2.623858e-17,1.268889e-16,1.268889e-18
1.756693e+01,2.673305e-17,1.266489e-16,1.266489e-18
1.756978e+01,2.653555e-17,1.271002e-16,1.271002e-18
1.757262e+01,2.650621e-17,1.283874e-16,1.283874e-18
1.757546e+01,2.614882e-17,1.285529e-16,1.285529e-18
1.757831e+01,2.599708e-17,1.284797e-16,1.284797e-18
1.758115e+01,2.641902e-17,1.292914e-16,1.292914e-18
1.758399e+01,2.639381e-17,1.296303e-16,1.296303e-18
1.758684e+01,2.604721e-17,1.291422e-16,1.291422e-18
1.758968e+01,2.606554e-17,1.298015e-16,1.298015e-18
1.759252e+01,2.630964e-17,1.311241e-16,1.311241e-18
1.759537e+01,2.597271e-17,1.317333e-16,1.317333e-18
1.759821e+01,2.638306e-17,1.330260e-16,1.330260e-18
1.760105e+01,2.644585e-17,1.343664e-16,1.343664e-18
1.760390e+01,2.643401e-17,1.354122e-16,1.354122e-18
1.760674e+01,2.576669e-17,1.363948e-16,1.363948e-18
1.760958e+01,2.579910e-17,1.370106e-16,1.370106e-18
1.761243e+01,2.622946e-17,1.381263e-16,1.381263e-18
1.761527e+01,2.632488e-17,1.397079e-16,1.397079e-18
1.761811e+01,2.645966e-17,1.419155e-16,1.419155e-18
1.762096e+01,2.635675e-17,1.434914e-16,1.434914e-18
1.762380e+01,2.636139e-17,1.435249e-16,1.435249e-18
1.762665e+01,2.624824e-17,1.423419e-16,1.423419e-18
1.762949e+01,2.679364e-17,1.426008e-16,1.426008e-18
1.763233e+01,2.652035e-17,1.442533e-16,1.442533e-18
1.763518e+01,2.653592e-17,1.463753e-16,1.463753e-18
1.763802e+01,2.647913e-17,1.472829e-16,1.472829e-18
1.764086e+01,2.660537e-17,1.469323e-16,1.469323e-18
1.764371e+01,2.613049e-17,1.467141e-16,1.467141e-18
1.764655e+01,2.636815e-17,1.477359e-16,1.477359e-18
1.764939e+01,2.634797e-17,1.488535e-16,1.488535e-18
1.765224e+01,2.614002e-17,1.489124e-16,1.489124e-18
1.765508e+01,2.662148e-17,1.494400e-16,1.494400e-18
1.765792e+01,2.620616e-17,1.503388e-16,1.503388e-18
1.766077e+01,2.618358e-17,1.496699e-16,1.496699e-18
1.766361e+01,2.604296e-17,1.491328e-16,1.491328e-18
1.766645e+01,2.599889e-17,1.508854e-16,1.508854e-18
1.766930e+01,2.651597e-17,1.542197e-16,1.542197e-18
1.767214e+01,2.637492e-17,1.568864e-16,1.568864e-18
1.767498e+01,2.607970e-17,1.583305e-16,1.583305e-18
1.767783e+01,2.632269e-17,1.588538e-16,1.588538e-18
1.768067e+01,2.657691e-17,1.588815e-16,1.588815e-18
1.768351e+01,2.627453e-17,1.587877e-16,1.587877e-18
1.768636e+01,2.591562e-17,1.591749e-16,1.591749e-18
1.768920e+01,2.611458e-17,1.600183e-16,1.600183e-18
1.769205e+01,2.626973e-17,1.616890e-16,1.616890e-18
1.769489e+01,2.647086e-17,1.632136e-16,1.632136e-18
1.769773e+01,2.625164e-17,1.638005e-16,1.638005e-18
1.770058e+01,2.597303e-17,1.638246e-16,1.638246e-18
1.770342e+01,2.626075e-17,1.636554e-16,1.636554e-18
1.770626e+01,2.647038e-17,1.635185e-16,1.635185e-18
1.770911e+01,2.586187e-17,1.641858e-16,1.641858e-18
1.771195e+01,2.607656e-17,1.650119e-16,1.650119e-18
1.771479e+01,2.609840e-17,1.656477e-16,1.656477e-18
1.771764e+01,2.637045e-17,1.663041e-16,1.663041e-18
1.772048e+01,2.679660e-17,1.673591e-16,1.673591e-18
1.772332e+01,2.580433e-17,1.678303e-16,1.678303e-18
1.772617e+01,2.631053e-17,1.675231e-16,1.675231e-18
1.772901e+01,2.617228e-17,1.674586e-16,1.674586e-18
1.773185e+01,2.625501e-17,1.683303e-16,1.683303e-18
1.773470e+01,2.617976e-17,1.686902e-16,1.686902e-18
1.773754e+01,2.653017e-17,1.683683e-16,1.683683e-18
1.774038e+01,2.587669e-17,1.686184e-16,1.686184e-18
1.774323e+01,2.676583e-17,1.699382e-16,1.699382e-18
1.774607e+01,2.635275e-17,1.709511e-16,1.709511e-18
1.774891e+01,2.659384e-17,1.719687e-16,1.719687e-18
1.775176e+01,2.647760e-17,1.729952e-16,1.729952e-18
1.775460e+01,2.669753e-17,1.731497e-16,1.731497e-18
1.775744e+01,2.679371e-17,1.728009e-16,1.728009e-18
1.776029e+01,2.626718e-17,1.724543e-16,1.724543e-18
1.776313e+01,2.664032e-17,1.720567e-16,1.720567e-18
1.776598e+01,2.677059e-17,1.719682e-16,1.719682e-18
1.776882e+01,2.653445e-17,1.723369e-16,1.723369e-18
1.777166e+01,2.661956e-17,1.730233e-16,1.730233e-18
1.777451e+01,2.662473e-17,1.735393e-16,1.735393e-18
1.777735e+01,2.686119e-17,1.741820e-16,1.741820e-18
1.778019e+01,2.631976e-17,1.742227e-16,1.742227e-18
1.778304e+01,2.674173e-17,1.738843e-16,1.738843e-18
1.778588e+01,2.640281e-17,1.739369e-16,1.739369e-18
1.778872e+01,2.632029e-17,1.744867e-16,1.744867e-18
1.779157e+01,2.664427e-17,1.749706e-16,1.749706e-18
1.779441e+01,2.642074e-17,1.750594e-16,1.750594e-18
1.779725e+01,2.670142e-17,1.751814e-16,1.751814e-18
1.780010e+01,2.676588e-17,1.757377e-16,1.757377e-18
1.780294e+01,2.674082e-17,1.768202e-16,1.768202e-18
1.780578e+01,2.677472e-17,1.770548e-16,1.770548e-18
1.780863e+01,2.626434e-17,1.763388e-16,1.763388e-18
1.781147e+01,2.636814e-17,1.756940e-16,1.756940e-18
1.781431e+01,2.594175e-17,1.754935e-16,1.754935e-18
1.781716e+01,2.621977e-17,1.758022e-16,1.758022e-18
1.782000e+01,2.644921e-17,1.758655e-16,1.758655e-18
1.782284e+01,2.641549e-17,1.756017e-16,1.756017e-18
1.782569e+01,2.681271e-17,1.751315e-16,1.751315e-18
1.782853e+01,2.634890e-17,1.746314e-16,1.746314e-18
1.783137e+01,2.598155e-17,1.738136e-16,1.738136e-18
1.783422e+01,2.618088e-17,1.730641e-16,1.730641e-18
1.783706e+01,2.640773e-17,1.723872e-16,1.723872e-18
1.783991e+01,2.633584e-17,1.719663e-16,1.719663e-18
1.784275e+01,2.655435e-17,1.712479e-16,1.712479e-18
1.784559e+01,2.623951e-17,1.701588e-16,1.701588e-18
1.784844e+01,2.620701e-17,1.688524e-16,1.688524e-18
1.785128e+01,2.636834e-17,1.676964e-16,1.676964e-18
1.785412e+01,2.621072e-17,1.671714e-16,1.671714e-18
1.785697e+01,2.638831e-17,1.673700e-16,1.673700e-18
1.785981e+01,2.659302e-17,1.667431e-16,1.667431e-18
1.786265e+01,2.625169e-17,1.649940e-16,1.649940e-18
1.786550e+01,2.674881e-17,1.641300e-16,1.641300e-18
1.786834e+01,2.646773e-17,1.634859e-16,1.634859e-18
1.787118e+01,2.565259e-17,1.620201e-16,1.620201e-18
1.787403e+01,2.614999e-17,1.610643e-16,1.610643e-18
1.787687e+01,2.604556e-17,1.606691e-16,1.606691e-18
1.787971e+01,2.632535e-17,1.596122e-16,1.596122e-18
1.788256e+01,2.600601e-17,1.576129e-16,1.576129e-18
1.788540e+01,2.608699e-17,1.564439e-16,1.564439e-18
1.788824e+01,2.605184e-17,1.559450e-16,1.559450e-18
1.789109e+01,2.589890e-17,1.553608e-16,1.553608e-18
1.789393e+01,2.601125e-17,1.549115e-16,1.549115e-18
1.789677e+01,2.613895e-17,1.542728e-16,1.542728e-18
1.789962e+01,2.568348e-17,1.528505e-16,1.528505e-18
1.790246e+01,2.604986e-17,1.521778e-16,1.521778e-18
1.790531e+01,2.575753e-17,1.517472e-16,1.517472e-18
1.790815e+01,2.589120e-17,1.508091e-16,1.508091e-18
1.791099e+01,2.545727e-17,1.503046e-16,1.503046e-18
1.791384e+01,2.580901e-17,1.504120e-16,1.504120e-18
1.791668e+01,2.563969e-17,1.493370e-16,1.493370e-18
1.791952e+01,2.570054e-17,1.478444e-16,1.478444e-18
1.792237e+01,2.554226e-17,1.469656e-16,1.469656e-18
1.792521e+01,2.527150e-17,1.465297e-16,1.465297e-18
1.792805e+01,2.529612e-17,1.466909e-16,1.466909e-18
1.793090e+01,2.559435e-17,1.469060e-16,1.469060e-18
1.793374e+01,2.526068e-17,1.466872e-16,1.466872e-18
1.793658e+01,2.584263e-17,1.460912e-16,1.460912e-18
1.793943e+01,2.562989e-17,1.457968e-16,1.457968e-18
1.794227e+01,2.543694e-17,1.456989e-16,1.456989e-18
1.794511e+01,2.554620e-17,1.453288e-16,1.453288e-18
1.794796e+01,2.528143e-17,1.448360e-16,1.448360e-18
1.795080e+01,2.551872e-17,1.447309e-16,1.447309e-18
1.795364e+01,2.526422e-17,1.451795e-16,1.451795e-18
1.795649e+01,2.515778e-17,1.456689e-16,1.456689e-18
1.795933e+01,2.535346e-17,1.455493e-16,1.455493e-18
1.796217e+01,2.545964e-17,1.454120e-16,1.454120e-18
1.796502e+01,2.528819e-17,1.453947e-16,1.453947e-18
1.796786e+01,2.547539e-17,1.448879e-16,1.448879e-18
1.797070e+01,2.529112e-17,1.443686e-16,1.443686e-18
1.797355e+01,2.497455e-17,1.447198e-16,1.447198e-18
1.797639e+01,2.574749e-17,1.457586e-16,1.457586e-18
1.797924e+01,2.524752e-17,1.466536e-16,1.466536e-18
1.798208e+01,2.520496e-17,1.468528e-16,1.468528e-18
1.798492e+01,2.519463e-17,1.466957e-16,1.466957e-18
1.798777e+01,2.581916e-17,1.465447e-16,1.465447e-18
1.799061e+01,2.550859e-17,1.465927e-16,1.465927e-18
1.799345e+01,2.559042e-17,1.472546e-16,1.472546e-18
1.799630e+01,2.572326e-17,1.484565e-16,1.484565e-18
1.799914e+01,2.589837e-17,1.492186e-16,1.492186e-18
1.800198e+01,2.571302e-17,1.492768e-16,1.492768e-18
1.800483e+01,2.562457e-17,1.491640e-16,1.491640e-18
1.800767e+01,2.584586e-17,1.491666e-16,1.491666e-18
1.801051e+01,2.592297e-17,1.491995e-16,1.491995e-18
1.801336e+01,2.537873e-17,1.494015e-16,1.494015e-18
1.801620e+01,2.555041e-17,1.503732e-16,1.503732e-18
1.801904e+01,2.560477e-17,1.511092e-16,1.511092e-18
1.802189e+01,2.538450e-17,1.509015e-16,1.509015e-18
1.802473e+01,2.548099e-17,1.504963e-16,1.504963e-18
1.802757e+01,2.546308e-17,1.505177e-16,1.505177e-18
1.803042e+01,2.548961e-17,1.505881e-16,1.505881e-18
1.803326e+01,2.580087e-17,1.505456e-16,1.505456e-18
1.803610e+01,2.558869e-17,1.502622e-16,1.502622e-18
1.803895e+01,2.542667e-17,1.499521e-16,1.499521e-18
1.804179e+01,2.543356e-17,1.502829e-16,1.502829e-18
1.804463e+01,2.586928e-17,1.507644e-16,1.507644e-18
1.804748e+01,2.562849e-17,1.508496e-16,1.508496e-18
1.805032e+01,2.581665e-17,1.504115e-16,1.504115e-18
1.805317e+01,2.557851e-17,1.490751e-16,1.490751e-18
1.805601e+01,2.545207e-17,1.481937e-16,1.481937e-18
1.805885e+01,2.504816e-17,1.483493e-16,1.483493e-18
1.806170e+01,2.543314e-17,1.481851e-16,1.481851e-18
1.806454e+01,2.538759e-17,1.475318e-16,1.475318e-18
1.806738e+01,2.552804e-17,1.473660e-16,1.473660e-18
1.807023e+01,2.527458e-17,1.471229e-16,1.471229e-18
1.807307e+01,2.572491e-17,1.463346e-16,1.463346e-18
1.807591e+01,2.518054e-17,1.451968e-16,1.451968e-18
1.807876e+01,2.522727e-17,1.440664e-16,1.440664e-18
1.808160e+01,2.544748e-17,1.430712e-16,1.430712e-18
1.808444e+01,2.546925e-17,1.426186e-16,1.426186e-18
1.808729e+01,2.515026e-17,1.425853e-16,1.425853e-18
1.809013e+01,2.555630e-17,1.419692e-16,1.419692e-18
1.809297e+01,2.562549e-17,1.402172e-16,1.402172e-18
1.809582e+01,2.554304e-17,1.392158e-16,1.392158e-18
1.809866e+01,2.518099e-17,1.395533e-16,1.395533e-18
1.810150e+01,2.558877e-17,1.400113e-16,1.400113e-18
1.810435e+01,2.560992e-17,1.398875e-16,1.398875e-18
1.810719e+01,2.588622e-17,1.394281e-16,1.394281e-18
1.811003e+01,2.549084e-17,1.386365e-16,1.386365e-18
1.811288e+01,2.542715e-17,1.379566e-16,1.379566e-18
1.811572e+01,2.530066e-17,1.378220e-16,1.378220e-18
1.811857e+01,2.566782e-17,1.375994e-16,1.375994e-18
1.812141e+01,2.517234e-17,1.366300e-16,1.366300e-18
1.812425e+01,2.532366e-17,1.355933e-16,1.355933e-18
1.812710e+01,2.553920e-17,1.347578e-16,1.347578e-18
1.812994e+01,2.513343e-17,1.344916e-16,1.344916e-18
1.813278e+01,2.568788e-17,1.344461e-16,1.344461e-18
1.813563e+01,2.495495e-17,1.347305e-16,1.347305e-18
1.813847e+01,2.544628e-17,1.357390e-16,1.357390e-18
1.814131e+01,2.548378e-17,1.359946e-16,1.359946e-18
1.814416e+01,2.539579e-17,1.343549e-16,1.343549e-18
1.814700e+01,2.532684e-17,1.327249e-16,1.327249e-18
1.814984e+01,2.577567e-17,1.318643e-16,1.318643e-18
1.815269e+01,2.541831e-17,1.316502e-16,1.316502e-18
1.815553e+01,2.543551e-17,1.315825e-16,1.315825e-18
1.815837e+01,2.537113e-17,1.313462e-16,1.313462e-18
1.816122e+01,2.533566e-17,1.313587e-16,1.313587e-18
1.816406e+01,2.511912e-17,1.314946e-16,1.314946e-18
1.816690e+01,2.540038e-17,1.318309e-16,1.318309e-18
1.816975e+01,2.493163e-17,1.318572e-16,1.318572e-18
1.817259e+01,2.516623e-17,1.323839e-16,1.323839e-18
1.817543e+01,2.542216e-17,1.334614e-16,1.334614e-18
1.817828e+01,2.509547e-17,1.342482e-16,1.342482e-18
1.818112e+01,2.548396e-17,1.349003e-16,1.349003e-18
1.818396e+01,2.522040e-17,1.352691e-16,1.352691e-18
1.818681e+01,2.551322e-17,1.355329e-16,1.355329e-18
1.818965e+01,2.541002e-17,1.356806e-16,1.356806e-18
1.819250e+01,2.512101e-17,1.351098e-16,1.351098e-18
1.819534e+01,2.510700e-17,1.342769e-16,1.342769e-18
1.819818e+01,2.466087e-17,1.339136e-16,1.339136e-18
1.820103e+01,2.505810e-17,1.343168e-16,1.343168e-18
1.820387e+01,2.535768e-17,1.347951e-16,1.347951e-18
1.820671e+01,2.531975e-17,1.347959e-16,1.347959e-18
1.820956e+01,2.527196e-17,1.339234e-16,1.339234e-18
1.821240e+01,2.533732e-17,1.327299e-16,1.327299e-18
1.821524e+01,2.503580e-17,1.315580e-16,1.315580e-18
1.821809e+01,2.498599e-17,1.296577e-16,1.296577e-18
1.822093e+01,2.495352e-17,1.277571e-16,1.277571e-18
1.822377e+01,2.538817e-17,1.265972e-16,1.265972e-18
1.822662e+01,2.510510e-17,1.255101e-16,1.255101e-18
1.822946e+01,2.504543e-17,1.252246e-16,1.252246e-18
1.823230e+01,2.557283e-17,1.248645e-16,1.248645e-18
1.823515e+01,2.509034e-17,1.232169e-16,1.232169e-18
1.823799e+01,2.490516e-17,1.206424e-16,1.206424e-18
1.824083e+01,2.473466e-17,1.187207e-16,1.187207e-18
1.824368e+01,2.482687e-17,1.176294e-16,1.176294e-18
1.824652e+01,2.504205e-17,1.167399e-16,1.167399e-18
1.824936e+01,2.483290e-17,1.166756e-16,1.166756e-18
1.825221e+01,2.501592e-17,1.171389e-16,1.171389e-18
1.825505e+01,2.494891e-17,1.164163e-16,1.164163e-18
1.825789e+01,2.447233e-17,1.138074e-16,1.138074e-18
1.826074e+01,2.446552e-17,1.107304e-16,1.107304e-18
1.826358e+01,2.449854e-17,1.074253e-16,1.074253e-18
1.826643e+01,2.443673e-17,1.048015e-16,1.048015e-18
1.826927e+01,2.467258e-17,1.029984e-16,1.029984e-18
1.827211e+01,2.429108e-17,1.008459e-16,1.008459e-18
1.827496e+01,2.382783e-17,9.831899e-17,9.831899e-19
1.827780e+01,2.412740e-17,9.507946e-17,9.507946e-19
1.828064e+01,2.408831e-17,9.201538e-17,9.201538e-19
1.828349e+01,2.420809e-17,9.064143e-17,9.064143e-19
1.828633e+01,2.394557e-17,8.932878e-17,8.932878e-19
1.828917e+01,2.370415e-17,8.690968e-17,8.690968e-19
1.829202e+01,2.420210e-17,8.505419e-17,8.505419e-19
1.829486e+01,2.344010e-17,8.373352e-17,8.373352e-19
1.829770e+01,2.374871e-17,8.248752e-17,8.248752e-19
1.830055e+01,2.322800e-17,8.202296e-17,8.202296e-19
1.830339e+01,2.381788e-17,8.304069e-17,8.304069e-19
1.830623e+01,2.416461e-17,8.348218e-17,8.348218e-19
1.830908e+01,2.390428e-17,8.153396e-17,8.153396e-19
1.831192e+01,2.360884e-17,7.996989e-17,7.996989e-19
1.831476e+01,2.362759e-17,7.954678e-17,7.954678e-19
1.831761e+01,2.363627e-17,7.931193e-17,7.931193e-19
1.832045e+01,2.371162e-17,7.884310e-17,7.884310e-19
1.832329e+01,2.374090e-17,7.906070e-17,7.906070e-19
1.832614e+01,2.319841e-17,7.957825e-17,7.957825e-19
1.832898e+01,2.348838e-17,8.088178e-17,8.088178e-19
1.833182e+01,2.363438e-17,8.308554e-17,8.308554e-19
1.833467e+01,2.347507e-17,8.541673e-17,8.541673e-19
1.833751e+01,2.407411e-17,8.750574e-17,8.750574e-19
1.834036e+01,2.425038e-17,8.788997e-17,8.788997e-19
1.834320e+01,2.366859e-17,8.699001e-17,8.699001e-19
1.834604e+01,2.407732e-17,8.686818e-17,8.686818e-19
1.834889e+01,2.368188e-17,8.810316e-17,8.810316e-19
1.835173e+01,2.401060e-17,9.178663e-17,9.178663e-19
1.835457e+01,2.405686e-17,9.583655e-17,9.583655e-19
1.835742e+01,2.408353e-17,9.741522e-17,9.741522e-19
1.836026e+01,2.424899e-17,9.801934e-17,9.801934e-19
1.836310e+01,2.458735e-17,1.006618e-16,1.006618e-18
1.836595e+01,2.446435e-17,1.046848e-16,1.046848e-18
1.836879e+01,2.417044e-17,1.071865e-16,1.071865e-18
1.837163e+01,2.479975e-17,1.074705e-16,1.074705e-18
1.837448e+01,2.448692e-17,1.080772e-16,1.080772e-18
1.837732e+01,2.476808e-17,1.111201e-16,1.111201e-18
1.838016e+01,2.488683e-17,1.140205e-16,1.140205e-18
1.838301e+01,2.497335e-17,1.154818e-16,1.154818e-18
1.838585e+01,2.506756e-17,1.164698e-16,1.164698e-18
1.838869e+01,2.499655e-17,1.169974e-16,1.169974e-18
1.839154e+01,2.455908e-17,1.175796e-16,1.175796e-18
1.839438e+01,2.478668e-17,1.195867e-16,1.195867e-18
1.839722e+01,2.498858e-17,1.212595e-16,1.212595e-18
1.840007e+01,2.468290e-17,1.212408e-16,1.212408e-18
1.840291e+01,2.472773e-17,1.218201e-16,1.218201e-18
1.840576e+01,2.461364e-17,1.235280e-16,1.235280e-18
1.840860e+01,2.485426e-17,1.243561e-16,1.243561e-18
1.841144e+01,2.485303e-17,1.242658e-16,1.242658e-18
1.841429e+01,2.480651e-17,1.243793e-16,1.243793e-18
1.841713e+01,2.482951e-17,1.245112e-16,1.245112e-18
1.841997e+01,2.449832e-17,1.238722e-16,1.238722e-18
1.842282e+01,2.454509e-17,1.222181e-16,1.222181e-18
1.842566e+01,2.447770e-17,1.199889e-16,1.199889e-18
1.842850e+01,2.447621e-17,1.181683e-16,1.181683e-18
1.843135e+01,2.440924e-17,1.175544e-16,1.175544e-18
1.843419e+01,2.433444e-17,1.171569e-16,1.171569e-18
1.843703e+01,2.444360e-17,1.158016e-16,1.158016e-18
1.843988e+01,2.453995e-17,1.128958e-16,1.128958e-18
1.844272e+01,2.451113e-17,1.101321e-16,1.101321e-18
1.844556e+01,2.428305e-17,1.086093e-16,1.086093e-18
1.844841e+01,2.411714e-17,1.082757e-16,1.082757e-18
1.845125e+01,2.423130e-17,1.081203e-16,1.081203e-18
1.845409e+01,2.421924e-17,1.066460e-16,1.066460e-18
1.845694e+01,2.414389e-17,1.035819e-16,1.035819e-18
1.845978e+01,2.413297e-17,1.012869e-16,1.012869e-18
1.846262e+01,2.447645e-17,1.003568e-16,1.003568e-18
1.846547e+01,2.419685e-17,9.945482e-17,9.945482e-19
1.846831e+01,2.423745e-17,9.827096e-17,9.827096e-19
1.847115e+01,2.397721e-17,9.683554e-17,9.683554e-19
1.847400e+01,2.376698e-17,9.503153e-17,9.503153e-19
1.847684e+01,2.419984e-17,9.394887e-17,9.394887e-19
1.847969e+01,2.419154e-17,9.367683e-17,9.367683e-19
1.848253e+01,2.366645e-17,9.343617e-17,9.343617e-19
1.848537e+01,2.396375e-17,9.287498e-17,9.287498e-19
1.848822e+01,2.362659e-17,9.209737e-17,9.209737e-19
1.849106e+01,2.396542e-17,9.096707e-17,9.096707e-19
1.849390e+01,2.364251e-17,8.962242e-17,8.962242e-19
1.849675e+01,2.323804e-17,8.855545e-17,8.855545e-19
1.849959e+01,2.404120e-17,8.752362e-17,8.752362e-19
1.850243e+01,2.364231e-17,8.642938e-17,8.642938e-19
1.850528e+01,2.370709e-17,8.554634e-17,8.554634e-19
1.850812e+01,2.396733e-17,8.418688e-17,8.418688e-19
1.851096e+01,2.375385e-17,8.268884e-17,8.268884e-19
1.851381e+01,2.375111e-17,8.177816e-17,8.177816e-19
1.851665e+01,2.359954e-17,8.078265e-17,8.078265e-19
1.851949e+01,2.345849e-17,8.050063e-17,8.050063e-19
1.852234e+01,2.371324e-17,8.068908e-17,8.068908e-19
1.852518e+01,2.345849e-17,7.994612e-17,7.994612e-19
1.852802e+01,2.370851e-17,7.929984e-17,7.929984e-19
1.853087e+01,2.333238e-17,7.918379e-17,7.918379e-19
1.853371e+01,2.350303e-17,7.922756e-17,7.922756e-19
1.853655e+01,2.342678e-17,7.857977e-17,7.857977e-19
1.853940e+01,2.348105e-17,7.762482e-17,7.762482e-19
1.854224e+01,2.363358e-17,7.659198e-17,7.659198e-19
1.854508e+01,2.348725e-17,7.544156e-17,7.544156e-19
1.854793e+01,2.335087e-17,7.476382e-17,7.476382e-19
1.855077e+01,2.338002e-17,7.515512e-17,7.515512e-19
1.855362e+01,2.355324e-17,7.543327e-17,7.543327e-19
1.855646e+01,2.365966e-17,7.513090e-17,7.513090e-19
1.855930e+01,2.323155e-17,7.487846e-17,7.487846e-19
1.856215e+01,2.359321e-17,7.514684e-17,7.514684e-19
1.856499e+01,2.369213e-17,7.549978e-17,7.549978e-19
1.856783e+01,2.344809e-17,7.497822e-17,7.497822e-19
1.857068e+01,2.332840e-17,7.421946e-17,7.421946e-19
1.857352e+01,2.321679e-17,7.387074e-17,7.387074e-19
1.857636e+01,2.339062e-17,7.384040e-17,7.384040e-19
1.857921e+01,2.331256e-17,7.350827e-17,7.350827e-19
1.858205e+01,2.341664e-17,7.334731e-17,7.334731e-19
1.858489e+01,2.340684e-17,7.324478e-17,7.324478e-19
1.858774e+01,2.303440e-17,7.279397e-17,7.279397e-19
1.859058e+01,2.299639e-17,7.277816e-17,7.277816e-19
1.859342e+01,2.336909e-17,7.323062e-17,7.323062e-19
1.859627e+01,2.325576e-17,7.324536e-17,7.324536e-19
1.859911e+01,2.361023e-17,7.307173e-17,7.307173e-19
1.860195e+01,2.296075e-17,7.333665e-17,7.333665e-19
1.860480e+01,2.312164e-17,7.422456e-17,7.422456e-19
1.860764e+01,2.341881e-17,7.456049e-17,7.456049e-19
1.861048e+01,2.290813e-17,7.380135e-17,7.380135e-19
1.861333e+01,2.282726e-17,7.322283e-17,7.322283e-19
1.861617e+01,2.336627e-17,7.340940e-17,7.340940e-19
1.861902e+01,2.314241e-17,7.365839e-17,7.365839e-19
1.862186e+01,2.268170e-17,7.252801e-17,7.252801e-19
1.862470e+01,2.302161e-17,7.007420e-17,7.007420e-19
1.862755e+01,2.285848e-17,6.820249e-17,6.820249e-19
1.863039e+01,2.327564e-17,6.817352e-17,6.817352e-19
1.863323e+01,2.306540e-17,6.892932e-17,6.892932e-19
1.863608e+01,2.276182e-17,6.858227e-17,6.858227e-19
1.863892e+01,2.289780e-17,6.785684e-17,6.785684e-19
1.864176e+01,2.240644e-17,6.656859e-17,6.656859e-19
1.864461e+01,2.272443e-17,6.566404e-17,6.566404e-19
1.864745e+01,2.285940e-17,6.478781e-17,6.478781e-19
1.865029e+01,2.246717e-17,6.397095e-17,6.397095e-19
1.865314e+01,2.288498e-17,6.331523e-17,6.331523e-19
1.865598e+01,2.258025e-17,6.303889e-17,6.303889e-19
1.865882e+01,2.267689e-17,6.368255e-17,6.368255e-19
1.866167e+01,2.249802e-17,6.409877e-17,6.409877e-19
1.866451e+01,2.230050e-17,6.388934e-17,6.388934e-19
1.866735e+01,2.265023e-17,6.366879e-17,6.366879e-19
1.867020e+01,2.247422e-17,6.382856e-17,6.382856e-19
1.867304e+01,2.252916e-17,6.447854e-17,6.447854e-19
1.867588e+01,2.251831e-17,6.535262e-17,6.535262e-19
1.867873e+01,2.292604e-17,6.601007e-17,6.601007e-19
1.868157e+01,2.261446e-17,6.659707e-17,6.659707e-19
1.868441e+01,2.281304e-17,6.710204e-17,6.710204e-19
1.868726e+01,2.250385e-17,6.668266e-17,6.668266e-19
1.869010e+01,2.268142e-17,6.649214e-17,6.649214e-19
1.869295e+01,2.261916e-17,6.667335e-17,6.667335e-19
1.869579e+01,2.277945e-17,6.761135e-17,6.761135e-19
1.869863e+01,2.245814e-17,6.958759e-17,6.958759e-19
1.870148e+01,2.308508e-17,7.176939e-17,7.176939e-19
1.870432e+01,2.283937e-17,7.168214e-17,7.168214e-19
1.870716e+01,2.302726e-17,7.069614e-17,7.069614e-19
1.871001e+01,2.268222e-17,7.092153e-17,7.092153e-19
1.871285e+01,2.314805e-17,7.271376e-17,7.271376e-19
1.871569e+01,2.346268e-17,7.483882e-17,7.483882e-19
1.871854e+01,2.329727e-17,7.670782e-17,7.670782e-19
1.872138e+01,2.309012e-17,7.895173e-17,7.895173e-19
1.872422e+01,2.323333e-17,8.048765e-17,8.048765e-19
1.872707e+01,2.337405e-17,8.126726e-17,8.126726e-19
1.872991e+01,2.329875e-17,8.233669e-17,8.233669e-19
1.873275e+01,2.346778e-17,8.403699e-17,8.403699e-19
1.873560e+01,2.335945e-17,8.454056e-17,8.454056e-19
1.873844e+01,2.314092e-17,8.514881e-17,8.514881e-19
1.874128e+01,2.344380e-17,8.689723e-17,8.689723e-19
1.874413e+01,2.407157e-17,8.892637e-17,8.892637e-19
1.874697e+01,2.350795e-17,8.951889e-17,8.951889e-19
1.874981e+01,2.355435e-17,9.103861e-17,9.103861e-19
1.875266e+01,2.398228e-17,9.296712e-17,9.296712e-19
1.875550e+01,2.370454e-17,9.435027e-17,9.435027e-19
1.875834e+01,2.354070e-17,9.516824e-17,9.516824e-19
1.876119e+01,2.395316e-17,9.588069e-17,9.588069e-19
1.876403e+01,2.359247e-17,9.597407e-17,9.597407e-19
1.876688e+01,2.394350e-17,9.646878e-17,9.646878e-19
1.876972e+01,2.412263e-17,9.748952e-17,9.748952e-19
1.877256e+01,2.383124e-17,9.840023e-17,9.840023e-19
1.877541e+01,2.357479e-17,9.897379e-17,9.897379e-19
1.877825e+01,2.379357e-17,9.857621e-17,9.857621e-19
1.878109e+01,2.389881e-17,9.734234e-17,9.734234e-19
1.878394e+01,2.386662e-17,9.627757e-17,9.627757e-19
1.878678e+01,2.368100e-17,9.624238e-17,9.624238e-19
1.878962e+01,2.326754e-17,9.610889e-17,9.610889e-19
1.879247e+01,2.353439e-17,9.539785e-17,9.539785e-19
1.879531e+01,2.325958e-17,9.456142e-17,9.456142e-19
1.879815e+01,2.351127e-17,9.395992e-17,9.395992e-19
1.880100e+01,2.318321e-17,9.250905e-17,9.250905e-19
1.880384e+01,2.325145e-17,9.055445e-17,9.055445e-19
1.880668e+01,2.327731e-17,8.919375e-17,8.919375e-19
1.880953e+01,2.353474e-17,8.713781e-17,8.713781e-19
1.881237e+01,2.302705e-17,8.392459e-17,8.392459e-19
1.881521e+01,2.312758e-17,8.146194e-17,8.146194e-19
1.881806e+01,2.298202e-17,8.028056e-17,8.028056e-19
1.882090e+01,2.337447e-17,7.919478e-17,7.919478e-19
1.882374e+01,2.322878e-17,7.709684e-17,7.709684e-19
1.882659e+01,2.306064e-17,7.483050e-17,7.483050e-19
1.882943e+01,2.290853e-17,7.226850e-17,7.226850e-19
1.883227e+01,2.309507e-17,6.999047e-17,6.999047e-19
1.883512e+01,2.295646e-17,6.831571e-17,6.831571e-19
1.883796e+01,2.308028e-17,6.778246e-17,6.778246e-19
1.884081e+01,2.272461e-17,6.698017e-17,6.698017e-19
1.884365e+01,2.252233e-17,6.521999e-17,6.521999e-19
1.884649e+01,2.280760e-17,6.354012e-17,6.354012e-19
1.884934e+01,2.223451e-17,6.240028e-17,6.240028e-19
1.885218e+01,2.219622e-17,6.162187e-17,6.162187e-19
1.885502e+01,2.241065e-17,6.106961e-17,6.106961e-19
1.885787e+01,2.280875e-17,6.096302e-17,6.096302e-19
1.886071e+01,2.211679e-17,6.060016e-17,6.060016e-19
1.886355e+01,2.225868e-17,5.973542e-17,5.973542e-19
1.886640e+01,2.234740e-17,5.821380e-17,5.821380e-19
1.886924e+01,2.249205e-17,5.811896e-17,5.811896e-19
1.887208e+01,2.273479e-17,5.901436e-17,5.901436e-19
1.887493e+01,2.270002e-17,5.866698e-17,5.866698e-19
1.887777e+01,2.239730e-17,5.728123e-17,5.728123e-19
1.888061e+01,2.210468e-17,5.708138e-17,5.708138e-19
1.888346e+01,2.232480e-17,5.725411e-17,5.725411e-19
1.888630e+01,2.239299e-17,5.715308e-17,5.715308e-19
1.888914e+01,2.229723e-17,5.723513e-17,5.723513e-19
1.889199e+01,2.235576e-17,5.825971e-17,5.825971e-19
1.889483e+01,2.248592e-17,5.888647e-17,5.888647e-19
1.889767e+01,2.216391e-17,5.753227e-17,5.753227e-19
1.890052e+01,2.217595e-17,5.661401e-17,5.661401e-19
1.890336e+01,2.217849e-17,5.662627e-17,5.662627e-19
1.890621e+01,2.212520e-17,5.744230e-17,5.744230e-19
1.890905e+01,2.226593e-17,5.824730e-17,5.824730e-19
1.891189e+01,2.237794e-17,5.909473e-17,5.909473e-19
1.891474e+01,2.259202e-17,6.074481e-17,6.074481e-19
1.891758e+01,2.257603e-17,6.196707e-17,6.196707e-19
1.892042e+01,2.277897e-17,6.247780e-17,6.247780e-19
1.892327e+01,2.255758e-17,6.311306e-17,6.311306e-19
1.892611e+01,2.277290e-17,6.442381e-17,6.442381e-19
1.892895e+01,2.265993e-17,6.602607e-17,6.602607e-19
1.893180e+01,2.248113e-17,6.749148e-17,6.749148e-19
1.893464e+01,2.296972e-17,7.000626e-17,7.000626e-19
1.893748e+01,2.265860e-17,7.214405e-17,7.214405e-19
1.894033e+01,2.273849e-17,7.385398e-17,7.385398e-19
1.894317e+01,2.298201e-17,7.530796e-17,7.530796e-19
1.894601e+01,2.305580e-17,7.737304e-17,7.737304e-19
1.894886e+01,2.282181e-17,8.020458e-17,8.020458e-19
1.895170e+01,2.277271e-17,8.287558e-17,8.287558e-19
1.895454e+01,2.291840e-17,8.474719e-17,8.474719e-19
1.895739e+01,2.302241e-17,8.600525e-17,8.600525e-19
1.896023e+01,2.323671e-17,8.734993e-17,8.734993e-19
1.896307e+01,2.293316e-17,8.887248e-17,8.887248e-19
1.896592e+01,2.311879e-17,9.129367e-17,9.129367e-19
1.896876e+01,2.322278e-17,9.347037e-17,9.347037e-19
1.897160e+01,2.344742e-17,9.464431e-17,9.464431e-19
1.897445e+01,2.311421e-17,9.580361e-17,9.580361e-19
1.897729e+01,2.322310e-17,9.765096e-17,9.765096e-19
1.898014e+01,2.350773e-17,9.913496e-17,9.913496e-19
1.898298e+01,2.338570e-17,9.938730e-17,9.938730e-19
1.898582e+01,2.325499e-17,1.000075e-16,1.000075e-18
1.898867e+01,2.321807e-17,1.011999e-16,1.011999e-18
1.899151e+01,2.349419e-17,1.024371e-16,1.024371e-18
1.899435e+01,2.356144e-17,1.034242e-16,1.034242e-18
1.899720e+01,2.342539e-17,1.038430e-16,1.038430e-18
1.900004e+01,2.365404e-17,1.043043e-16,1.043043e-18
1.900288e+01,2.352796e-17,1.045084e-16,1.045084e-18
1.900573e+01,2.339708e-17,1.049481e-16,1.049481e-18
1.900857e+01,2.327258e-17,1.060012e-16,1.060012e-18
1.901141e+01,2.334218e-17,1.075516e-16,1.075516e-18
1.901426e+01,2.335361e-17,1.089148e-16,1.089148e-18
1.901710e+01,2.349770e-17,1.092176e-16,1.092176e-18
1.901994e+01,2.322857e-17,1.084533e-16,1.084533e-18
1.902279e+01,2.343775e-17,1.082115e-16,1.082115e-18
1.902563e+01,2.323270e-17,1.085366e-16,1.085366e-18
1.902847e+01,2.315859e-17,1.090280e-16,1.090280e-18
1.903132e+01,2.333475e-17,1.091777e-16,1.091777e-18
1.903416e+01,2.320475e-17,1.085135e-16,1.085135e-18
1.903700e+01,2.351558e-17,1.075754e-16,1.075754e-18
1.903985e+01,2.341716e-17,1.076724e-16,1.076724e-18
1.904269e+01,2.375044e-17,1.087963e-16,1.087963e-18
1.904553e+01,2.331688e-17,1.097779e-16,1.097779e-18
1.904838e+01,2.356208e-17,1.093668e-16,1.093668e-18
1.905122e+01,2.352136e-17,1.081186e-16,1.081186e-18
1.905407e+01,2.373358e-17,1.067567e-16,1.067567e-18
1.905691e+01,2.339542e-17,1.060634e-16,1.060634e-18
1.905975e+01,2.327696e-17,1.065347e-16,1.065347e-18
1.906260e+01,2.331578e-17,1.072222e-16,1.072222e-18
1.906544e+01,2.386792e-17,1.075258e-16,1.075258e-18
1.906828e+01,2.366285e-17,1.069248e-16,1.069248e-18
1.907113e+01,2.336543e-17,1.062443e-16,1.062443e-18
1.907397e+01,2.365082e-17,1.058183e-16,1.058183e-18
1.907681e+01,2.335110e-17,1.052870e-16,1.052870e-18
1.907966e+01,2.351816e-17,1.050384e-16,1.050384e-18
1.908250e+01,2.332217e-17,1.057986e-16,1.057986e-18
1.908534e+01,2.324859e-17,1.067123e-16,1.067123e-18
1.908819e+01,2.359972e-17,1.070130e-16,1.070130e-18
1.909103e+01,2.346465e-17,1.073129e-16,1.073129e-18
1.909387e+01,2.380936e-17,1.073814e-16,1.073814e-18
1.909672e+01,2.365550e-17,1.066223e-16,1.066223e-18
1.909956e+01,2.365155e-17,1.065645e-16,1.065645e-18
1.910240e+01,2.354095e-17,1.075520e-16,1.075520e-18
1.910525e+01,2.328052e-17,1.079632e-16,1.079632e-18
1.910809e+01,2.362262e-17,1.073195e-16,1.073195e-18
1.911093e+01,2.346537e-17,1.070625e-16,1.070625e-18
1.911378e+01,2.335380e-17,1.077426e-16,1.077426e-18
1.911662e+01,2.350954e-17,1.076948e-16,1.076948e-18
1.911947e+01,2.311556e-17,1.066423e-16,1.066423e-18
1.912231e+01,2.343076e-17,1.061558e-16,1.061558e-18
1.912515e+01,2.343347e-17,1.057606e-16,1.057606e-18
1.912800e+01,2.312272e-17,1.046153e-16,1.046153e-18
1.913084e+01,2.303488e-17,1.041595e-16,1.041595e-18
1.913368e+01,2.318508e-17,1.046280e-16,1.046280e-18
1.913653e+01,2.305508e-17,1.048963e-16,1.048963e-18
1.913937e+01,2.288683e-17,1.049208e-16,1.049208e-18
1.914221e+01,2.300969e-17,1.045279e-16,1.045279e-18
1.914506e+01,2.318041e-17,1.033338e-16,1.033338e-18
1.914790e+01,2.306070e-17,1.025418e-16,1.025418e-18
1.915074e+01,2.320118e-17,1.033639e-16,1.033639e-18
1.915359e+01,2.331125e-17,1.046373e-16,1.046373e-18
1.915643e+01,2.290375e-17,1.054303e-16,1.054303e-18
1.915927e+01,2.306495e-17,1.056989e-16,1.056989e-18
1.916212e+01,2.295302e-17,1.048190e-16,1.048190e-18
1.916496e+01,2.331069e-17,1.039830e-16,1.039830e-18
1.916780e+01,2.293658e-17,1.032640e-16,1.032640e-18
1.917065e+01,2.326421e-17,1.029228e-16,1.029228e-18
1.917349e+01,2.291144e-17,1.035049e-16,1.035049e-18
1.917633e+01,2.368776e-17,1.052782e-16,1.052782e-18
1.917918e+01,2.325686e-17,1.063332e-16,1.063332e-18
1.918202e+01,2.337441e-17,1.053819e-16,1.053819e-18
1.918486e+01,2.298461e-17,1.030666e-16,1.030666e-18
1.918771e+01,2.295359e-17,1.024300e-16,1.024300e-18
1.919055e+01,2.291275e-17,1.036540e-16,1.036540e-18
1.919340e+01,2.276652e-17,1.049029e-16,1.049029e-18
1.919624e+01,2.323070e-17,1.044659e-16,1.044659e-18
1.919908e+01,2.347815e-17,1.035317e-16,1.035317e-18
1.920193e+01,2.317775e-17,1.030509e-16,1.030509e-18
1.920477e+01,2.334119e-17,1.033403e-16,1.033403e-18
1.920761e+01,2.336478e-17,1.038404e-16,1.038404e-18
1.921046e+01,2.334622e-17,1.030307e-16,1.030307e-18
1.921330e+01,2.334904e-17,1.016182e-16,1.016182e-18
1.921614e+01,2.314897e-17,1.011228e-16,1.011228e-18
1.921899e+01,2.317555e-17,1.008985e-16,1.008985e-18
1.922183e+01,2.296588e-17,9.998624e-17,9.998624e-19
1.922467e+01,2.313161e-17,9.901651e-17,9.901651e-19
1.922752e+01,2.327328e-17,9.791243e-17,9.791243e-19
1.923036e+01,2.266170e-17,9.586621e-17,9.586621e-19
1.923320e+01,2.250086e-17,9.444278e-17,9.444278e-19
1.923605e+01,2.292612e-17,9.376541e-17,9.376541e-19
1.923889e+01,2.283598e-17,9.303088e-17,9.303088e-19
1.924173e+01,2.252591e-17,9.174234e-17,9.174234e-19
1.924458e+01,2.220616e-17,9.007862e-17,9.007862e-19
1.924742e+01,2.237184e-17,8.828326e-17,8.828326e-19
1.925026e+01,2.254667e-17,8.675425e-17,8.675425e-19
1.925311e+01,2.231296e-17,8.507098e-17,8.507098e-19
1.925595e+01,2.227433e-17,8.342954e-17,8.342954e-19
1.925879e+01,2.248282e-17,8.185612e-17,8.185612e-19
1.926164e+01,2.259804e-17,8.016927e-17,8.016927e-19
1.926448e+01,2.251312e-17,7.889716e-17,7.889716e-19
1.926733e+01,2.231820e-17,7.706958e-17,7.706958e-19
1.927017e+01,2.240580e-17,7.529591e-17,7.529591e-19
1.927301e+01,2.212116e-17,7.392247e-17,7.392247e-19
1.927586e+01,2.209377e-17,7.307947e-17,7.307947e-19
1.927870e+01,2.181240e-17,7.265809e-17,7.265809e-19
1.928154e+01,2.203748e-17,7.199761e-17,7.199761e-19
1.928439e+01,2.213285e-17,7.109014e-17,7.109014e-19
1.928723e+01,2.193103e-17,7.023328e-17,7.023328e-19
1.929007e+01,2.183452e-17,6.932535e-17,6.932535e-19
1.929292e+01,2.228923e-17,6.857315e-17,6.857315e-19
1.929576e+01,2.224594e-17,6.778814e-17,6.778814e-19
1.929860e+01,2.164106e-17,6.680106e-17,6.680106e-19
1.930145e+01,2.210241e-17,6.687729e-17,6.687729e-19
1.930429e+01,2.141481e-17,6.779875e-17,6.779875e-19
1.930713e+01,2.199880e-17,6.834637e-17,6.834637e-19
1.930998e+01,2.210874e-17,6.762302e-17,6.762302e-19
1.931282e+01,2.199058e-17,6.709557e-17,6.709557e-19
1.931566e+01,2.172570e-17,6.739959e-17,6.739959e-19
1.931851e+01,2.193086e-17,6.837755e-17,6.837755e-19
1.932135e+01,2.208220e-17,6.933532e-17,6.933532e-19
1.932419e+01,2.205186e-17,6.881412e-17,6.881412e-19
1.932704e+01,2.215877e-17,6.785702e-17,6.785702e-19
1.932988e+01,2.175461e-17,6.803343e-17,6.803343e-19
1.933272e+01,2.213631e-17,6.897165e-17,6.897165e-19
1.933557e+01,2.200050e-17,6.971532e-17,6.971532e-19
1.933841e+01,2.227731e-17,7.048020e-17,7.048020e-19
1.934126e+01,2.210218e-17,7.089774e-17,7.089774e-19
1.934410e+01,2.251942e-17,7.126398e-17,7.126398e-19
1.934694e+01,2.223845e-17,7.158101e-17,7.158101e-19
1.934979e+01,2.227747e-17,7.268875e-17,7.268875e-19
1.935263e+01,2.213670e-17,7.374012e-17,7.374012e-19
1.935547e+01,2.211021e-17,7.394142e-17,7.394142e-19
1.935832e+01,2.212063e-17,7.354601e-17,7.354601e-19
1.936116e+01,2.211526e-17,7.357754e-17,7.357754e-19
1.936400e+01,2.232350e-17,7.398181e-17,7.398181e-19
1.936685e+01,2.204607e-17,7.488495e-17,7.488495e-19
1.936969e+01,2.218056e-17,7.603744e-17,7.603744e-19
1.937253e+01,2.269624e-17,7.759608e-17,7.759608e-19
1.937538e+01,2.217957e-17,7.919668e-17,7.919668e-19
1.937822e+01,2.223142e-17,8.017400e-17,8.017400e-19
1.938106e+01,2.232510e-17,8.033040e-17,8.033040e-19
1.938391e+01,2.220478e-17,8.100902e-17,8.100902e-19
1.938675e+01,2.196878e-17,8.198415e-17,8.198415e-19
1.938959e+01,2.245426e-17,8.373855e-17,8.373855e-19
1.939244e+01,2.241345e-17,8.621094e-17,8.621094e-19
1.939528e+01,2.231466e-17,8.825189e-17,8.825189e-19
1.939812e+01,2.264355e-17,8.944834e-17,8.944834e-19
1.940097e+01,2.248160e-17,9.053715e-17,9.053715e-19
1.940381e+01,2.280152e-17,9.269651e-17,9.269651e-19
1.940666e+01,2.276858e-17,9.429810e-17,9.429810e-19
1.940950e+01,2.272409e-17,9.474008e-17,9.474008e-19
1.941234e+01,2.263159e-17,9.560698e-17,9.560698e-19
1.941519e+01,2.285367e-17,9.739608e-17,9.739608e-19
1.941803e+01,2.296667e-17,9.909607e-17,9.909607e-19
1.942087e+01,2.267637e-17,1.005450e-16,1.005450e-18
1.942372e+01,2.292936e-17,1.014710e-16,1.014710e-18
1.942656e+01,2.215545e-17,1.015701e-16,1.015701e-18
1.942940e+01,2.247791e-17,1.019101e-16,1.019101e-18
1.943225e+01,2.262576e-17,1.029258e-16,1.029258e-18
1.943509e+01,2.309690e-17,1.044150e-16,1.044150e-18
1.943793e+01,2.273338e-17,1.052464e-16,1.052464e-18
1.944078e+01,2.233444e-17,1.059275e-16,1.059275e-18
1.944362e+01,2.285939e-17,1.068066e-16,1.068066e-18
1.944646e+01,2.257139e-17,1.074907e-16,1.074907e-18
1.944931e+01,2.305924e-17,1.073387e-16,1.073387e-18
1.945215e+01,2.290307e-17,1.065770e-16,1.065770e-18
1.945499e+01,2.265376e-17,1.061934e-16,1.061934e-18
1.945784e+01,2.281112e-17,1.058113e-16,1.058113e-18
1.946068e+01,2.266700e-17,1.052535e-16,1.052535e-18
1.946352e+01,2.262296e-17,1.045952e-16,1.045952e-18
1.946637e+01,2.256959e-17,1.032760e-16,1.032760e-18
1.946921e+01,2.247673e-17,1.022955e-16,1.022955e-18
1.947205e+01,2.228143e-17,1.019261e-16,1.019261e-18
1.947490e+01,2.242797e-17,1.017170e-16,1.017170e-18
1.947774e+01,2.282150e-17,1.003760e-16,1.003760e-18
1.948059e+01,2.220165e-17,9.833313e-17,9.833313e-19
1.948343e+01,2.230174e-17,9.680234e-17,9.680234e-19
1.948627e+01,2.203625e-17,9.558022e-17,9.558022e-19
1.948912e+01,2.231825e-17,9.461389e-17,9.461389e-19
1.949196e+01,2.205767e-17,9.363404e-17,9.363404e-19
1.949480e+01,2.215818e-17,9.257974e-17,9.257974e-19
1.949765e+01,2.206302e-17,9.153831e-17,9.153831e-19
1.950049e+01,2.216160e-17,9.086861e-17,9.086861e-19
1.950333e+01,2.216446e-17,9.072917e-17,9.072917e-19
1.950618e+01,2.225031e-17,9.061400e-17,9.061400e-19
1.950902e+01,2.215315e-17,9.057155e-17,9.057155e-19
1.951186e+01,2.215332e-17,9.081535e-17,9.081535e-19
1.951471e+01,2.240923e-17,9.100487e-17,9.100487e-19
1.951755e+01,2.208329e-17,9.110319e-17,9.110319e-19
1.952039e+01,2.222982e-17,9.115844e-17,9.115844e-19
1.952324e+01,2.222223e-17,9.079097e-17,9.079097e-19
1.952608e+01,2.207602e-17,8.966501e-17,8.966501e-19
1.952892e+01,2.223546e-17,8.898159e-17,8.898159e-19
1.953177e+01,2.190848e-17,8.937813e-17,8.937813e-19
1.953461e+01,2.214698e-17,9.083934e-17,9.083934e-19
1.953745e+01,2.216793e-17,9.157623e-17,9.157623e-19
1.954030e+01,2.195778e-17,9.080127e-17,9.080127e-19
1.954314e+01,2.206117e-17,8.980266e-17,8.980266e-19
1.954598e+01,2.205314e-17,9.012142e-17,9.012142e-19
1.954883e+01,2.232446e-17,9.009225e-17,9.009225e-19
1.955167e+01,2.183807e-17,8.925879e-17,8.925879e-19
1.955452e+01,2.218520e-17,8.890644e-17,8.890644e-19
1.955736e+01,2.216982e-17,8.898030e-17,8.898030e-19
1.956020e+01,2.211194e-17,8.904762e-17,8.904762e-19
1.956305e+01,2.225986e-17,8.982751e-17,8.982751e-19
1.956589e+01,2.190556e-17,9.043033e-17,9.043033e-19
1.956873e+01,2.213119e-17,9.072461e-17,9.072461e-19
1.957158e+01,2.210773e-17,9.012148e-17,9.012148e-19
1.957442e+01,2.227229e-17,8.949911e-17,8.949911e-19
1.957726e+01,2.192917e-17,9.005839e-17,9.005839e-19
1.958011e+01,2.194679e-17,9.039250e-17,9.039250e-19
1.958295e+01,2.183620e-17,9.019481e-17,9.019481e-19
1.958579e+01,2.230371e-17,9.041922e-17,9.041922e-19
1.958864e+01,2.222862e-17,9.078429e-17,9.078429e-19
1.959148e+01,2.178758e-17,9.121005e-17,9.121005e-19
1.959432e+01,2.246419e-17,9.151534e-17,9.151534e-19
1.959717e+01,2.218042e-17,9.088826e-17,9.088826e-19
1.960001e+01,2.188022e-17,9.017603e-17,9.017603e-19
1.960285e+01,2.184417e-17,9.008837e-17,9.008837e-19
1.960570e+01,2.175118e-17,9.030188e-17,9.030188e-19
1.960854e+01,2.217656e-17,9.097046e-17,9.097046e-19
1.961138e+01,2.227336e-17,9.158109e-17,9.158109e-19
1.961423e+01,2.208602e-17,9.091859e-17,9.091859e-19
1.961707e+01,2.207252e-17,9.105102e-17,9.105102e-19
1.961992e+01,2.204264e-17,9.181029e-17,9.181029e-19
1.962276e+01,2.199999e-17,9.179630e-17,9.179630e-19
1.962560e+01,2.183546e-17,9.080995e-17,9.080995e-19
1.962845e+01,2.244694e-17,9.051437e-17,9.051437e-19
1.963129e+01,2.223896e-17,8.994269e-17,8.994269e-19
1.963413e+01,2.221043e-17,8.951671e-17,8.951671e-19
1.963698e+01,2.196083e-17,8.936319e-17,8.936319e-19
1.963982e+01,2.212238e-17,8.973548e-17,8.973548e-19
1.964266e+01,2.197634e-17,9.006445e-17,9.006445e-19
1.964551e+01,2.213118e-17,9.054570e-17,9.054570e-19
1.964835e+01,2.211045e-17,9.105606e-17,9.105606e-19
1.965119e+01,2.220038e-17,9.214412e-17,9.214412e-19
1.965404e+01,2.207550e-17,9.369174e-17,9.369174e-19
1.965688e+01,2.176932e-17,9.442714e-17,9.442714e-19
1.965972e+01,2.206809e-17,9.379328e-17,9.379328e-19
1.966257e+01,2.187275e-17,9.304926e-17,9.304926e-19
1.966541e+01,2.220550e-17,9.332108e-17,9.332108e-19
1.966825e+01,2.243718e-17,9.476046e-17,9.476046e-19
1.967110e+01,2.214731e-17,9.573457e-17,9.573457e-19
1.967394e+01,2.233809e-17,9.584618e-17,9.584618e-19
1.967678e+01,2.192688e-17,9.649380e-17,9.649380e-19
1.967963e+01,2.245442e-17,9.794169e-17,9.794169e-19
1.968247e+01,2.262205e-17,9.890260e-17,9.890260e-19
1.968531e+01,2.278212e-17,9.941891e-17,9.941891e-19
1.968816e+01,2.247152e-17,9.996834e-17,9.996834e-19
1.969100e+01,2.234465e-17,1.011187e-16,1.011187e-18
1.969385e+01,2.235173e-17,1.027321e-16,1.027321e-18
1.969669e+01,2.231880e-17,1.031776e-16,1.031776e-18
1.969953e+01,2.248440e-17,1.030994e-16,1.030994e-18
1.970238e+01,2.223443e-17,1.038561e-16,1.038561e-18
1.970522e+01,2.242529e-17,1.052255e-16,1.052255e-18
1.970806e+01,2.261770e-17,1.069041e-16,1.069041e-18
1.971091e+01,2.204507e-17,1.091532e-16,1.091532e-18
1.971375e+01,2.259660e-17,1.112448e-16,1.112448e-18
1.971659e+01,2.244805e-17,1.120955e-16,1.120955e-18
1.971944e+01,2.258227e-17,1.125632e-16,1.125632e-18
1.972228e+01,2.229458e-17,1.122898e-16,1.122898e-18
1.972512e+01,2.199426e-17,1.116072e-16,1.116072e-18
1.972797e+01,2.230191e-17,1.119085e-16,1.119085e-18
1.973081e+01,2.287737e-17,1.130724e-16,1.130724e-18
1.973365e+01,2.238352e-17,1.137205e-16,1.137205e-18
1.973650e+01,2.252109e-17,1.146295e-16,1.146295e-18
1.973934e+01,2.289097e-17,1.162704e-16,1.162704e-18
1.974218e+01,2.242572e-17,1.174551e-16,1.174551e-18
1.974503e+01,2.268146e-17,1.178006e-16,1.178006e-18
1.974787e+01,2.294453e-17,1.184699e-16,1.184699e-18
1.975071e+01,2.273933e-17,1.193840e-16,1.193840e-18
1.975356e+01,2.251223e-17,1.198690e-16,1.198690e-18
1.975640e+01,2.262209e-17,1.212793e-16,1.212793e-18
1.975924e+01,2.295532e-17,1.231547e-16,1.231547e-18
1.976209e+01,2.288159e-17,1.227906e-16,1.227906e-18
1.976493e+01,2.233438e-17,1.219120e-16,1.219120e-18
1.976778e+01,2.236616e-17,1.227484e-16,1.227484e-18
1.977062e+01,2.260016e-17,1.241754e-16,1.241754e-18
1.977346e+01,2.263800e-17,1.250070e-16,1.250070e-18
1.977631e+01,2.317371e-17,1.256917e-16,1.256917e-18
1.977915e+01,2.287687e-17,1.259497e-16,1.259497e-18
1.978199e+01,2.259974e-17,1.258031e-16,1.258031e-18
1.978484e+01,2.249498e-17,1.263073e-16,1.263073e-18
1.978768e+01,2.288946e-17,1.273425e-16,1.273425e-18
1.979052e+01,2.284811e-17,1.277009e-16,1.277009e-18
1.979337e+01,2.303153e-17,1.272583e-16,1.272583e-18
1.979621e+01,2.281554e-17,1.263208e-16,1.263208e-18
1.979905e+01,2.301673e-17,1.263657e-16,1.263657e-18
1.980190e+01,2.288522e-17,1.271396e-16,1.271396e-18
1.980474e+01,2.292155e-17,1.268574e-16,1.268574e-18
1.980758e+01,2.279774e-17,1.251249e-16,1.251249e-18
1.981043e+01,2.270580e-17,1.229809e-16,1.229809e-18
1.981327e+01,2.298313e-17,1.212845e-16,1.212845e-18
1.981611e+01,2.265749e-17,1.207208e-16,1.207208e-18
1.981896e+01,2.270089e-17,1.209147e-16,1.209147e-18
1.982180e+01,2.237599e-17,1.203855e-16,1.203855e-18
1.982464e+01,2.290993e-17,1.188977e-16,1.188977e-18
1.982749e+01,2.272416e-17,1.169948e-16,1.169948e-18
1.983033e+01,2.248883e-17,1.154316e-16,1.154316e-18
1.983317e+01,2.244914e-17,1.141893e-16,1.141893e-18
1.983602e+01,2.265403e-17,1.131844e-16,1.131844e-18
1.983886e+01,2.254628e-17,1.122198e-16,1.122198e-18
1.984171e+01,2.225925e-17,1.110172e-16,1.110172e-18
1.984455e+01,2.243807e-17,1.096531e-16,1.096531e-18
1.984739e+01,2.226667e-17,1.078068e-16,1.078068e-18
1.985024e+01,2.223887e-17,1.060803e-16,1.060803e-18
1.985308e+01,2.186214e-17,1.048140e-16,1.048140e-18
1.985592e+01,2.252146e-17,1.045079e-16,1.045079e-18
1.985877e+01,2.216999e-17,1.047313e-16,1.047313e-18
1.986161e+01,2.208549e-17,1.047114e-16,1.047114e-18
1.986445e+01,2.209153e-17,1.044604e-16,1.044604e-18
1.986730e+01,2.185319e-17,1.045444e-16,1.045444e-18
1.987014e+01,2.186918e-17,1.052976e-16,1.052976e-18
1.987298e+01,2.219996e-17,1.058615e-16,1.058615e-18
1.987583e+01,2.181334e-17,1.061686e-16,1.061686e-18
1.987867e+01,2.185863e-17,1.062329e-16,1.062329e-18
1.988151e+01,2.199479e-17,1.064174e-16,1.064174e-18
1.988436e+01,2.204482e-17,1.065853e-16,1.065853e-18
1.988720e+01,2.176184e-17,1.074291e-16,1.074291e-18
1.989004e+01,2.189080e-17,1.084990e-16,1.084990e-18
1.989289e+01,2.183236e-17,1.088079e-16,1.088079e-18
1.989573e+01,2.192694e-17,1.089449e-16,1.089449e-18
1.989857e+01,2.172358e-17,1.093042e-16,1.093042e-18
1.990142e+01,2.238373e-17,1.105457e-16,1.105457e-18
1.990426e+01,2.236687e-17,1.118305e-16,1.118305e-18
1.990711e+01,2.208739e-17,1.121365e-16,1.121365e-18
1.990995e+01,2.177070e-17,1.126707e-16,1.126707e-18
1.991279e+01,2.252179e-17,1.145844e-16,1.145844e-18
1.991564e+01,2.225865e-17,1.167616e-16,1.167616e-18
1.991848e+01,2.240048e-17,1.179841e-16,1.179841e-18
1.992132e+01,2.198720e-17,1.183390e-16,1.183390e-18
1.992417e+01,2.222514e-17,1.188504e-16,1.188504e-18
1.992701e+01,2.228424e-17,1.201347e-16,1.201347e-18
1.992985e+01,2.248556e-17,1.220323e-16,1.220323e-18
1.993270e+01,2.264708e-17,1.235551e-16,1.235551e-18
1.993554e+01,2.243812e-17,1.237553e-16,1.237553e-18
1.993838e+01,2.226525e-17,1.236186e-16,1.236186e-18
1.994123e+01,2.243996e-17,1.246965e-16,1.246965e-18
1.994407e+01,2.237272e-17,1.260164e-16,1.260164e-18
1.994691e+01,2.269127e-17,1.269766e-16,1.269766e-18
1.994976e+01,2.286166e-17,1.278505e-16,1.278505e-18
1.995260e+01,2.250139e-17,1.284153e-16,1.284153e-18
1.995544e+01,2.279515e-17,1.291622e-16,1.291622e-18
1.995829e+01,2.261907e-17,1.299835e-16,1.299835e-18
1.996113e+01,2.250598e-17,1.301834e-16,1.301834e-18
1.996397e+01,2.281916e-17,1.296603e-16,1.296603e-18
1.996682e+01,2.243287e-17,1.294500e-16,1.294500e-18
1.996966e+01,2.283659e-17,1.300084e-16,1.300084e-18
1.997250e+01,2.240482e-17,1.305980e-16,1.305980e-18
1.997535e+01,2.276495e-17,1.311287e-16,1.311287e-18
1.997819e+01,2.274028e-17,1.316267e-16,1.316267e-18
1.998104e+01,2.275780e-17,1.317354e-16,1.317354e-18
1.998388e+01,2.238470e-17,1.313577e-16,1.313577e-18
1.998672e+01,2.225847e-17,1.309204e-16,1.309204e-18
1.998957e+01,2.238515e-17,1.313223e-16,1.313223e-18
1.999241e+01,2.253075e-17,1.319873e-16,1.319873e-18
1.999525e+01,2.238514e-17,1.318764e-16,1.318764e-18
1.999810e+01,2.213357e-17,1.313046e-16,1.313046e-18
2.000094e+01,2.215555e-17,1.310269e-16,1.310269e-18
2.000378e+01,2.207970e-17,1.306590e-16,1.306590e-18
2.000663e+01,2.214893e-17,1.301382e-16,1.301382e-18
2.000947e+01,2.206973e-17,1.300503e-16,1.300503e-18
2.001231e+01,2.243934e-17,1.300178e-16,1.300178e-18
2.001516e+01,2.212674e-17,1.295556e-16,1.295556e-18
2.001800e+01,2.194056e-17,1.292493e-16,1.292493e-18
2.002084e+01,2.249627e-17,1.291138e-16,1.291138e-18
2.002369e+01,2.242597e-17,1.287800e-16,1.287800e-18
2.002653e+01,2.216769e-17,1.289740e-16,1.289740e-18
2.002937e+01,2.242409e-17,1.288146e-16,1.288146e-18
2.003222e+01,2.228602e-17,1.283761e-16,1.283761e-18
2.003506e+01,2.218468e-17,1.276229e-16,1.276229e-18
2.003790e+01,2.213907e-17,1.263820e-16,1.263820e-18
2.004075e+01,2.235923e-17,1.258999e-16,1.258999e-18
2.004359e+01,2.234344e-17,1.264632e-16,1.264632e-18
2.004643e+01,2.233365e-17,1.273281e-16,1.273281e-18
2.004928e+01,2.246584e-17,1.277143e-16,1.277143e-18
2.005212e+01,2.253744e-17,1.273150e-16,1.273150e-18
2.005497e+01,2.226110e-17,1.269091e-16,1.269091e-18
2.005781e+01,2.238869e-17,1.268201e-16,1.268201e-18
2.006065e+01,2.218479e-17,1.272132e-16,1.272132e-18
2.006350e+01,2.224247e-17,1.271204e-16,1.271204e-18
2.006634e+01,2.221497e-17,1.264214e-16,1.264214e-18
2.006918e+01,2.221195e-17,1.259544e-16,1.259544e-18
2.007203e+01,2.186433e-17,1.256773e-16,1.256773e-18
2.007487e+01,2.238891e-17,1.256042e-16,1.256042e-18
2.007771e+01,2.211669e-17,1.254876e-16,1.254876e-18
2.008056e+01,2.201468e-17,1.253314e-16,1.253314e-18
2.008340e+01,2.219085e-17,1.250679e-16,1.250679e-18
2.008624e+01,2.203151e-17,1.244729e-16,1.244729e-18
2.008909e+01,2.177204e-17,1.239640e-16,1.239640e-18
2.009193e+01,2.165795e-17,1.237776e-16,1.237776e-18
2.009477e+01,2.193468e-17,1.236475e-16,1.236475e-18
2.009762e+01,2.199644e-17,1.235971e-16,1.235971e-18
2.010046e+01,2.190382e-17,1.235387e-16,1.235387e-18
2.010330e+01,2.193947e-17,1.229772e-16,1.229772e-18
2.010615e+01,2.163363e-17,1.222457e-16,1.222457e-18
2.010899e+01,2.161412e-17,1.222236e-16,1.222236e-18
2.011183e+01,2.166865e-17,1.231112e-16,1.231112e-18
2.011468e+01,2.185115e-17,1.238469e-16,1.238469e-18
2.011752e+01,2.187783e-17,1.239813e-16,1.239813e-18
2.012037e+01,2.172985e-17,1.233422e-16,1.233422e-18
2.012321e+01,2.164099e-17,1.225898e-16,1.225898e-18
2.012605e+01,2.150198e-17,1.224694e-16,1.224694e-18
2.012890e+01,2.180049e-17,1.231048e-16,1.231048e-18
2.013174e+01,2.199383e-17,1.236641e-16,1.236641e-18
2.013458e+01,2.158856e-17,1.236318e-16,1.236318e-18
2.013743e+01,2.214395e-17,1.236065e-16,1.236065e-18
2.014027e+01,2.204124e-17,1.239935e-16,1.239935e-18
2.014311e+01,2.143531e-17,1.245674e-16,1.245674e-18
2.014596e+01,2.196141e-17,1.253421e-16,1.253421e-18
2.014880e+01,2.178094e-17,1.256352e-16,1.256352e-18
2.015164e+01,2.233781e-17,1.257090e-16,1.257090e-18
2.015449e+01,2.183468e-17,1.254654e-16,1.254654e-18
2.015733e+01,2.176403e-17,1.252543e-16,1.252543e-18
2.016017e+01,2.180559e-17,1.251657e-16,1.251657e-18
2.016302e+01,2.166047e-17,1.253192e-16,1.253192e-18
2.016586e+01,2.210620e-17,1.255414e-16,1.255414e-18
2.016870e+01,2.172511e-17,1.258652e-16,1.258652e-18
2.017155e+01,2.194999e-17,1.270231e-16,1.270231e-18
2.017439e+01,2.217771e-17,1.284109e-16,1.284109e-18
2.017723e+01,2.144063e-17,1.285779e-16,1.285779e-18
2.018008e+01,2.173606e-17,1.282766e-16,1.282766e-18
2.018292e+01,2.179923e-17,1.281955e-16,1.281955e-18
2.018576e+01,2.180384e-17,1.284896e-16,1.284896e-18
2.018861e+01,2.206296e-17,1.287635e-16,1.287635e-18
2.019145e+01,2.203648e-17,1.279863e-16,1.279863e-18
2.019430e+01,2.197181e-17,1.269135e-16,1.269135e-18
2.019714e+01,2.161039e-17,1.268636e-16,1.268636e-18
2.019998e+01,2.224251e-17,1.271243e-16,1.271243e-18
2.020283e+01,2.179637e-17,1.258353e-16,1.258353e-18
2.020567e+01,2.203618e-17,1.241741e-16,1.241741e-18
2.020851e+01,2.175941e-17,1.235186e-16,1.235186e-18
2.021136e+01,2.205788e-17,1.237740e-16,1.237740e-18
2.021420e+01,2.167478e-17,1.237547e-16,1.237547e-18
2.021704e+01,2.206324e-17,1.232375e-16,1.232375e-18
2.021989e+01,2.147817e-17,1.222563e-16,1.222563e-18
2.022273e+01,2.160675e-17,1.213036e-16,1.213036e-18
2.022557e+01,2.204333e-17,1.211592e-16,1.211592e-18
2.022842e+01,2.171584e-17,1.223549e-16,1.223549e-18
2.023126e+01,2.162038e-17,1.233398e-16,1.233398e-18
2.023410e+01,2.219939e-17,1.229309e-16,1.229309e-18
2.023695e+01,2.195761e-17,1.218969e-16,1.218969e-18
2.023979e+01,2.187254e-17,1.216326e-16,1.216326e-18
2.024263e+01,2.157622e-17,1.223601e-16,1.223601e-18
2.024548e+01,2.121213e-17,1.229847e-16,1.229847e-18
2.024832e+01,2.139022e-17,1.229484e-16,1.229484e-18
2.025116e+01,2.177557e-17,1.229800e-16,1.229800e-18
2.025401e+01,2.161431e-17,1.227780e-16,1.227780e-18
2.025685e+01,2.167332e-17,1.217066e-16,1.217066e-18
2.025969e+01,2.163468e-17,1.208866e-16,1.208866e-18
2.026254e+01,2.164733e-17,1.207353e-16,1.207353e-18
2.026538e+01,2.123141e-17,1.204407e-16,1.204407e-18
2.026823e+01,2.160628e-17,1.205815e-16,1.205815e-18
2.027107e+01,2.142027e-17,1.205612e-16,1.205612e-18
2.027391e+01,2.148826e-17,1.202752e-16,1.202752e-18
2.027676e+01,2.139109e-17,1.198468e-16,1.198468e-18
2.027960e+01,2.192281e-17,1.196741e-16,1.196741e-18
2.028244e+01,2.146616e-17,1.195563e-16,1.195563e-18
2.028529e+01,2.173648e-17,1.194845e-16,1.194845e-18
2.028813e+01,2.174729e-17,1.193139e-16,1.193139e-18
2.029097e+01,2.172991e-17,1.185683e-16,1.185683e-18
2.029382e+01,2.174229e-17,1.177900e-16,1.177900e-18
2.029666e+01,2.159568e-17,1.175683e-16,1.175683e-18
2.029950e+01,2.110300e-17,1.175397e-16,1.175397e-18
2.030235e+01,2.143162e-17,1.177907e-16,1.177907e-18
2.030519e+01,2.188296e-17,1.176765e-16,1.176765e-18
2.030803e+01,2.179875e-17,1.162607e-16,1.162607e-18
2.031088e+01,2.197864e-17,1.146985e-16,1.146985e-18
2.031372e+01,2.177273e-17,1.144751e-16,1.144751e-18
2.031656e+01,2.146575e-17,1.150150e-16,1.150150e-18
2.031941e+01,2.152709e-17,1.143906e-16,1.143906e-18
2.032225e+01,2.175905e-17,1.135040e-16,1.135040e-18
2.032509e+01,2.208668e-17,1.136802e-16,1.136802e-18
2.032794e+01,2.176402e-17,1.138468e-16,1.138468e-18
2.033078e+01,2.182633e-17,1.136258e-16,1.136258e-18
2.033362e+01,2.158803e-17,1.134106e-16,1.134106e-18
2.033647e+01,2.141270e-17,1.137049e-16,1.137049e-18
2.033931e+01,2.155412e-17,1.143250e-16,1.143250e-18
2.034216e+01,2.153778e-17,1.141907e-16,1.141907e-18
2.034500e+01,2.187079e-17,1.130313e-16,1.130313e-18
2.034784e+01,2.153883e-17,1.121294e-16,1.121294e-18
2.035069e+01,2.171962e-17,1.120149e-16,1.120149e-18
2.035353e+01,2.160411e-17,1.125738e-16,1.125738e-18
2.035637e+01,2.159722e-17,1.131420e-16,1.131420e-18
2.035922e+01,2.168581e-17,1.136359e-16,1.136359e-18
2.036206e+01,2.190032e-17,1.140946e-16,1.140946e-18
2.036490e+01,2.172482e-17,1.145923e-16,1.145923e-18
2.036775e+01,2.209220e-17,1.153025e-16,1.153025e-18
2.037059e+01,2.184424e-17,1.153212e-16,1.153212e-18
2.037343e+01,2.200941e-17,1.153440e-16,1.153440e-18
2.037628e+01,2.216745e-17,1.163732e-16,1.163732e-18
2.037912e+01,2.206804e-17,1.173906e-16,1.173906e-18
2.038196e+01,2.148980e-17,1.169342e-16,1.169342e-18
2.038481e+01,2.196948e-17,1.160200e-16,1.160200e-18
2.038765e+01,2.199825e-17,1.154276e-16,1.154276e-18
2.039049e+01,2.180612e-17,1.154543e-16,1.154543e-18
2.039334e+01,2.183407e-17,1.153962e-16,1.153962e-18
2.039618e+01,2.171714e-17,1.153079e-16,1.153079e-18
2.039902e+01,2.156267e-17,1.155087e-16,1.155087e-18
2.040187e+01,2.175718e-17,1.158917e-16,1.158917e-18
2.040471e+01,2.185524e-17,1.159202e-16,1.159202e-18
2.040756e+01,2.152282e-17,1.156904e-16,1.156904e-18
2.041040e+01,2.179649e-17,1.161090e-16,1.161090e-18
2.041324e+01,2.173159e-17,1.162466e-16,1.162466e-18
2.041609e+01,2.156900e-17,1.153464e-16,1.153464e-18
2.041893e+01,2.148997e-17,1.146887e-16,1.146887e-18
2.042177e+01,2.161242e-17,1.147114e-16,1.147114e-18
2.042462e+01,2.157514e-17,1.142467e-16,1.142467e-18
2.042746e+01,2.162147e-17,1.133411e-16,1.133411e-18
2.043030e+01,2.155910e-17,1.130550e-16,1.130550e-18
2.043315e+01,2.146429e-17,1.124293e-16,1.124293e-18
2.043599e+01,2.177309e-17,1.106546e-16,1.106546e-18
2.043883e+01,2.119121e-17,1.085653e-16,1.085653e-18
2.044168e+01,2.145089e-17,1.072216e-16,1.072216e-18
2.044452e+01,2.130564e-17,1.059367e-16,1.059367e-18
2.044736e+01,2.096671e-17,1.047641e-16,1.047641e-18
2.045021e+01,2.137574e-17,1.038721e-16,1.038721e-18
2.045305e+01,2.140418e-17,1.028157e-16,1.028157e-18
2.045589e+01,2.116427e-17,1.014672e-16,1.014672e-18
2.045874e+01,2.104287e-17,1.004810e-16,1.004810e-18
2.046158e+01,2.151204e-17,9.979334e-17,9.979334e-19
2.046442e+01,2.109770e-17,9.844486e-17,9.844486e-19
2.046727e+01,2.094797e-17,9.684816e-17,9.684816e-19
2.047011e+01,2.096401e-17,9.546028e-17,9.546028e-19
2.047295e+01,2.104137e-17,9.431836e-17,9.431836e-19
2.047580e+01,2.107144e-17,9.350733e-17,9.350733e-19
2.047864e+01,2.081270e-17,9.315421e-17,9.315421e-19
2.048149e+01,2.065641e-17,9.303369e-17,9.303369e-19
2.048433e+01,2.115581e-17,9.225607e-17,9.225607e-19
2.048717e+01,2.133035e-17,9.134915e-17,9.134915e-19
2.049002e+01,2.105139e-17,9.094405e-17,9.094405e-19
2.049286e+01,2.104952e-17,9.091545e-17,9.091545e-19
2.049570e+01,2.108691e-17,9.067409e-17,9.067409e-19
2.049855e+01,2.124374e-17,9.086065e-17,9.086065e-19
2.050139e+01,2.132517e-17,9.147994e-17,9.147994e-19
2.050423e+01,2.125622e-17,9.178268e-17,9.178268e-19
2.050708e+01,2.146641e-17,9.216897e-17,9.216897e-19
2.050992e+01,2.123329e-17,9.258677e-17,9.258677e-19
2.051276e+01,2.115351e-17,9.284279e-17,9.284279e-19
2.051561e+01,2.151373e-17,9.346461e-17,9.346461e-19
2.051845e+01,2.124437e-17,9.411409e-17,9.411409e-19
2.052129e+01,2.134357e-17,9.428168e-17,9.428168e-19
2.052414e+01,2.123124e-17,9.466411e-17,9.466411e-19
2.052698e+01,2.139814e-17,9.487351e-17,9.487351e-19
2.052982e+01,2.147302e-17,9.527388e-17,9.527388e-19
2.053267e+01,2.138120e-17,9.625860e-17,9.625860e-19
2.053551e+01,2.121481e-17,9.650892e-17,9.650892e-19
2.053835e+01,2.156586e-17,9.561480e-17,9.561480e-19
2.054120e+01,2.153349e-17,9.610482e-17,9.610482e-19
2.054404e+01,2.144640e-17,9.707358e-17,9.707358e-19
2.054688e+01,2.169508e-17,9.706878e-17,9.706878e-19
2.054973e+01,2.134425e-17,9.687094e-17,9.687094e-19
2.055257e+01,2.121480e-17,9.714568e-17,9.714568e-19
2.055542e+01,2.175414e-17,9.766319e-17,9.766319e-19
2.055826e+01,2.142232e-17,9.688926e-17,9.688926e-19
2.056110e+01,2.109366e-17,9.534016e-17,9.534016e-19
2.056395e+01,2.119448e-17,9.412990e-17,9.412990e-19
2.056679e+01,2.098133e-17,9.319226e-17,9.319226e-19
2.056963e+01,2.164319e-17,9.251693e-17,9.251693e-19
2.057248e+01,2.116991e-17,9.062449e-17,9.062449e-19
2.057532e+01,2.099732e-17,8.828102e-17,8.828102e-19
2.057816e+01,2.091964e-17,8.688043e-17,8.688043e-19
2.058101e+01,2.084735e-17,8.586804e-17,8.586804e-19
2.058385e+01,2.093740e-17,8.452156e-17,8.452156e-19
2.058669e+01,2.088193e-17,8.389050e-17,8.389050e-19
2.058954e+01,2.062966e-17,8.326449e-17,8.326449e-19
2.059238e+01,2.103787e-17,8.198695e-17,8.198695e-19
2.059522e+01,2.057580e-17,8.006149e-17,8.006149e-19
2.059807e+01,2.080880e-17,7.880017e-17,7.880017e-19
2.060091e+01,2.057869e-17,7.836863e-17,7.836863e-19
2.060375e+01,2.087580e-17,7.863869e-17,7.863869e-19
2.060660e+01,2.050387e-17,7.806404e-17,7.806404e-19
2.060944e+01,2.064691e-17,7.736473e-17,7.736473e-19
2.061228e+01,2.060036e-17,7.677214e-17,7.677214e-19
2.061513e+01,2.033251e-17,7.625195e-17,7.625195e-19
2.061797e+01,2.026815e-17,7.615709e-17,7.615709e-19
2.062082e+01,2.034673e-17,7.688737e-17,7.688737e-19
2.062366e+01,2.055226e-17,7.776080e-17,7.776080e-19
2.062650e+01,2.077248e-17,7.729101e-17,7.729101e-19
2.062935e+01,2.055164e-17,7.603506e-17,7.603506e-19
2.063219e+01,2.037306e-17,7.536796e-17,7.536796e-19
2.063503e+01,2.060195e-17,7.562965e-17,7.562965e-19
2.063788e+01,2.091623e-17,7.602568e-17,7.602568e-19
2.064072e+01,2.060386e-17,7.637418e-17,7.637418e-19
2.064356e+01,2.058702e-17,7.730764e-17,7.730764e-19
2.064641e+01,2.069368e-17,7.863679e-17,7.863679e-19
2.064925e+01,2.063236e-17,7.937567e-17,7.937567e-19
2.065209e+01,2.048881e-17,7.951939e-17,7.951939e-19
2.065494e+01,2.090678e-17,8.019904e-17,8.019904e-19
2.065778e+01,2.036730e-17,8.178964e-17,8.178964e-19
2.066062e+01,2.060687e-17,8.415170e-17,8.415170e-19
2.066347e+01,2.053147e-17,8.486716e-17,8.486716e-19
2.066631e+01,2.057084e-17,8.452254e-17,8.452254e-19
2.066915e+01,2.068349e-17,8.522281e-17,8.522281e-19
2.067200e+01,2.081823e-17,8.690683e-17,8.690683e-19
2.067484e+01,2.080527e-17,8.808608e-17,8.808608e-19
2.067768e+01,2.074196e-17,8.852880e-17,8.852880e-19
2.068053e+01,2.103117e-17,8.872701e-17,8.872701e-19
2.068337e+01,2.079165e-17,8.873286e-17,8.873286e-19
2.068621e+01,2.087636e-17,8.868330e-17,8.868330e-19
2.068906e+01,2.087670e-17,8.811005e-17,8.811005e-19
2.069190e+01,2.058561e-17,8.780660e-17,8.780660e-19
2.069475e+01,2.058997e-17,8.854923e-17,8.854923e-19
2.069759e+01,2.040182e-17,8.907856e-17,8.907856e-19
2.070043e+01,2.075840e-17,8.876440e-17,8.876440e-19
2.070328e+01,2.094932e-17,8.831318e-17,8.831318e-19
2.070612e+01,2.048835e-17,8.856017e-17,8.856017e-19
2.070896e+01,2.034632e-17,8.890654e-17,8.890654e-19
2.071181e+01,2.035686e-17,8.903696e-17,8.903696e-19
2.071465e+01,2.097879e-17,8.908991e-17,8.908991e-19
2.071749e+01,2.040075e-17,8.936328e-17,8.936328e-19
2.072034e+01,2.089614e-17,9.038078e-17,9.038078e-19
2.072318e+01,2.061325e-17,9.153936e-17,9.153936e-19
2.072602e+01,2.033346e-17,9.303573e-17,9.303573e-19
2.072887e+01,2.054444e-17,9.406012e-17,9.406012e-19
2.073171e+01,2.073289e-17,9.430168e-17,9.430168e-19
2.073455e+01,2.080139e-17,9.511182e-17,9.511182e-19
2.073740e+01,2.051085e-17,9.678480e-17,9.678480e-19
2.074024e+01,2.040404e-17,9.895044e-17,9.895044e-19
2.074308e+01,2.064740e-17,1.001573e-16,1.001573e-18
2.074593e+01,2.083171e-17,1.012469e-16,1.012469e-18
2.074877e+01,2.050489e-17,1.023743e-16,1.023743e-18
2.075161e+01,2.038587e-17,1.034805e-16,1.034805e-18
2.075446e+01,2.066957e-17,1.037944e-16,1.037944e-18
2.075730e+01,2.065278e-17,1.039214e-16,1.039214e-18
2.076014e+01,2.037871e-17,1.040705e-16,1.040705e-18
2.076299e+01,2.050030e-17,1.052328e-16,1.052328e-18
2.076583e+01,2.062316e-17,1.064158e-16,1.064158e-18
2.076868e+01,2.090989e-17,1.067977e-16,1.067977e-18
2.077152e+01,2.078673e-17,1.071651e-16,1.071651e-18
2.077436e+01,2.105144e-17,1.077844e-16,1.077844e-18
2.077721e+01,2.082880e-17,1.077916e-16,1.077916e-18
2.078005e+01,2.073370e-17,1.079342e-16,1.079342e-18
2.078289e+01,2.116737e-17,1.089050e-16,1.089050e-18
2.078574e+01,2.089261e-17,1.090277e-16,1.090277e-18
2.078858e+01,2.084800e-17,1.074326e-16,1.074326e-18
2.079142e+01,2.083217e-17,1.054829e-16,1.054829e-18
2.079427e+01,2.069185e-17,1.036738e-16,1.036738e-18
2.079711e+01,2.056846e-17,1.020576e-16,1.020576e-18
2.079995e+01,2.042669e-17,1.008991e-16,1.008991e-18
2.080280e+01,2.078247e-17,1.004829e-16,1.004829e-18
2.080564e+01,2.046890e-17,1.005082e-16,1.005082e-18
2.080848e+01,2.077069e-17,9.926610e-17,9.926610e-19
2.081133e+01,2.068809e-17,9.575908e-17,9.575908e-19
2.081417e+01,2.078895e-17,9.259044e-17,9.259044e-19
2.081701e+01,2.051943e-17,9.075038e-17,9.075038e-19
2.081986e+01,2.065618e-17,8.879852e-17,8.879852e-19
2.082270e+01,2.064454e-17,8.657465e-17,8.657465e-19
2.082554e+01,2.026110e-17,8.409834e-17,8.409834e-19
2.082839e+01,2.032263e-17,8.146182e-17,8.146182e-19
2.083123e+01,2.019375e-17,7.887573e-17,7.887573e-19
2.083407e+01,2.010783e-17,7.671457e-17,7.671457e-19
2.083692e+01,2.057228e-17,7.506063e-17,7.506063e-19
2.083976e+01,2.003051e-17,7.249853e-17,7.249853e-19
2.084261e+01,2.042415e-17,7.008754e-17,7.008754e-19
2.084545e+01,2.003444e-17,6.745125e-17,6.745125e-19
2.084829e+01,1.987083e-17,6.477253e-17,6.477253e-19
2.085114e+01,1.961793e-17,6.207967e-17,6.207967e-19
2.085398e+01,1.999656e-17,6.061151e-17,6.061151e-19
2.085682e+01,2.006828e-17,5.985388e-17,5.985388e-19
2.085967e+01,1.988427e-17,5.891719e-17,5.891719e-19
2.086251e+01,2.018632e-17,5.768849e-17,5.768849e-19
2.086535e+01,1.976884e-17,5.721209e-17,5.721209e-19
2.086820e+01,1.991607e-17,5.772482e-17,5.772482e-19
2.087104e+01,1.982931e-17,5.783875e-17,5.783875e-19
2.087388e+01,2.006478e-17,5.836230e-17,5.836230e-19
2.087673e+01,1.971988e-17,6.005847e-17,6.005847e-19
2.087957e+01,2.003755e-17,6.178183e-17,6.178183e-19
2.088241e+01,2.007601e-17,6.208844e-17,6.208844e-19
2.088526e+01,1.996717e-17,6.195152e-17,6.195152e-19
2.088810e+01,1.996850e-17,6.258739e-17,6.258739e-19
2.089094e+01,1.994718e-17,6.332838e-17,6.332838e-19
2.089379e+01,2.001442e-17,6.443674e-17,6.443674e-19
2.089663e+01,2.017812e-17,6.618874e-17,6.618874e-19
2.089947e+01,2.024636e-17,6.831808e-17,6.831808e-19
2.090232e+01,1.973850e-17,6.971888e-17,6.971888e-19
2.090516e+01,2.019458e-17,6.981836e-17,6.981836e-19
2.090801e+01,1.994675e-17,7.000906e-17,7.000906e-19
2.091085e+01,1.976501e-17,7.125425e-17,7.125425e-19
2.091369e+01,2.004499e-17,7.242966e-17,7.242966e-19
2.091654e+01,1.998329e-17,7.328454e-17,7.328454e-19
2.091938e+01,2.013033e-17,7.420601e-17,7.420601e-19
2.092222e+01,2.004683e-17,7.391752e-17,7.391752e-19
2.092507e+01,2.017401e-17,7.347879e-17,7.347879e-19
2.092791e+01,2.005179e-17,7.361445e-17,7.361445e-19
2.093075e+01,2.022622e-17,7.360965e-17,7.360965e-19
2.093360e+01,2.025314e-17,7.371327e-17,7.371327e-19
2.093644e+01,2.031420e-17,7.426685e-17,7.426685e-19
2.093928e+01,2.013914e-17,7.433534e-17,7.433534e-19
2.094213e+01,2.021773e-17,7.352752e-17,7.352752e-19
2.094497e+01,2.010864e-17,7.281516e-17,7.281516e-19
2.094781e+01,2.029254e-17,7.253443e-17,7.253443e-19
2.095066e+01,2.038238e-17,7.205011e-17,7.205011e-19
2.095350e+01,2.037074e-17,7.161590e-17,7.161590e-19
2.095634e+01,2.009920e-17,7.134391e-17,7.134391e-19
2.095919e+01,2.008110e-17,7.159140e-17,7.159140e-19
2.096203e+01,2.039082e-17,7.095318e-17,7.095318e-19
2.096487e+01,2.037662e-17,6.990590e-17,6.990590e-19
2.096772e+01,2.007065e-17,6.952617e-17,6.952617e-19
2.097056e+01,2.002596e-17,6.902225e-17,6.902225e-19
2.097340e+01,2.009312e-17,6.830858e-17,6.830858e-19
2.097625e+01,1.981070e-17,6.793827e-17,6.793827e-19
2.097909e+01,2.016557e-17,6.816658e-17,6.816658e-19
2.098194e+01,1.999423e-17,6.802420e-17,6.802420e-19
2.098478e+01,2.016193e-17,6.792314e-17,6.792314e-19
2.098762e+01,1.992762e-17,6.782163e-17,6.782163e-19
2.099047e+01,1.986350e-17,6.702813e-17,6.702813e-19
2.099331e+01,1.969665e-17,6.596124e-17,6.596124e-19
2.099615e+01,1.987940e-17,6.526611e-17,6.526611e-19
2.099900e+01,1.953363e-17,6.470291e-17,6.470291e-19
2.100184e+01,1.989020e-17,6.464764e-17,6.464764e-19
2.100468e+01,1.998749e-17,6.479100e-17,6.479100e-19
2.100753e+01,1.980440e-17,6.422933e-17,6.422933e-19
2.101037e+01,1.997135e-17,6.352709e-17,6.352709e-19
2.101321e+01,1.992677e-17,6.334295e-17,6.334295e-19
2.101606e+01,1.976211e-17,6.311429e-17,6.311429e-19
2.101890e+01,1.993773e-17,6.274105e-17,6.274105e-19
2.102174e+01,1.963522e-17,6.252615e-17,6.252615e-19
2.102459e+01,1.965378e-17,6.239821e-17,6.239821e-19
2.102743e+01,1.958290e-17,6.230117e-17,6.230117e-19
2.103027e+01,1.969595e-17,6.215323e-17,6.215323e-19
2.103312e+01,1.963311e-17,6.203912e-17,6.203912e-19
2.103596e+01,1.998283e-17,6.135870e-17,6.135870e-19
2.103880e+01,1.962430e-17,6.077610e-17,6.077610e-19
2.104165e+01,1.970931e-17,6.137237e-17,6.137237e-19
2.104449e+01,1.966461e-17,6.177357e-17,6.177357e-19
2.104733e+01,1.967077e-17,6.190923e-17,6.190923e-19
2.105018e+01,1.964128e-17,6.179079e-17,6.179079e-19
2.105302e+01,1.969836e-17,6.078912e-17,6.078912e-19
2.105587e+01,1.960332e-17,5.937755e-17,5.937755e-19
2.105871e+01,1.982470e-17,5.845747e-17,5.845747e-19
2.106155e+01,1.904777e-17,5.841495e-17,5.841495e-19
2.106440e+01,1.974260e-17,5.997652e-17,5.997652e-19
2.106724e+01,1.948954e-17,6.046651e-17,6.046651e-19
2.107008e+01,1.968052e-17,5.951153e-17,5.951153e-19
2.107293e+01,1.959731e-17,5.879161e-17,5.879161e-19
2.107577e+01,1.953055e-17,5.905496e-17,5.905496e-19
2.107861e+01,1.946325e-17,5.928823e-17,5.928823e-19
2.108146e+01,1.931021e-17,5.874779e-17,5.874779e-19
2.108430e+01,1.941350e-17,5.876847e-17,5.876847e-19
2.108714e+01,1.939780e-17,6.014929e-17,6.014929e-19
2.108999e+01,1.936165e-17,6.177655e-17,6.177655e-19
2.109283e+01,1.971082e-17,6.181151e-17,6.181151e-19
2.109567e+01,1.945310e-17,6.169389e-17,6.169389e-19
2.109852e+01,1.954006e-17,6.246459e-17,6.246459e-19
2.110136e+01,1.934090e-17,6.332462e-17,6.332462e-19
2.110420e+01,1.975197e-17,6.369686e-17,6.369686e-19
2.110705e+01,1.943846e-17,6.283142e-17,6.283142e-19
2.110989e+01,1.964749e-17,6.175078e-17,6.175078e-19
2.111273e+01,1.968513e-17,6.137319e-17,6.137319e-19
2.111558e+01,1.957108e-17,6.165939e-17,6.165939e-19
2.111842e+01,1.942427e-17,6.226068e-17,6.226068e-19
2.112127e+01,1.929011e-17,6.305792e-17,6.305792e-19
2.112411e+01,1.941720e-17,6.302680e-17,6.302680e-19
2.112695e+01,1.918913e-17,6.184145e-17,6.184145e-19
2.112980e+01,1.955641e-17,6.188443e-17,6.188443e-19
2.113264e+01,1.920027e-17,6.213673e-17,6.213673e-19
2.113548e+01,1.951322e-17,6.131400e-17,6.131400e-19
2.113833e+01,1.930604e-17,6.089331e-17,6.089331e-19
2.114117e+01,1.931779e-17,6.162601e-17,6.162601e-19
2.114401e+01,1.922815e-17,6.210444e-17,6.210444e-19
2.114686e+01,1.977153e-17,6.295133e-17,6.295133e-19
2.114970e+01,1.958723e-17,6.346405e-17,6.346405e-19
2.115254e+01,1.958300e-17,6.269589e-17,6.269589e-19
2.115539e+01,1.928633e-17,6.129694e-17,6.129694e-19
2.115823e+01,1.917346e-17,6.076027e-17,6.076027e-19
2.116107e+01,1.971998e-17,6.091525e-17,6.091525e-19
2.116392e+01,1.968232e-17,6.113061e-17,6.113061e-19
2.116676e+01,1.924182e-17,6.123908e-17,6.123908e-19
2.116960e+01,1.928264e-17,6.037460e-17,6.037460e-19
2.117245e+01,1.941919e-17,5.953183e-17,5.953183e-19
2.117529e+01,1.944451e-17,5.945853e-17,5.945853e-19
2.117813e+01,1.923771e-17,5.937343e-17,5.937343e-19
2.118098e+01,1.955801e-17,5.987319e-17,5.987319e-19
2.118382e+01,1.939275e-17,6.036509e-17,6.036509e-19
2.118666e+01,1.946936e-17,5.989252e-17,5.989252e-19
2.118951e+01,1.967549e-17,5.962069e-17,5.962069e-19
2.119235e+01,1.969884e-17,6.022258e-17,6.022258e-19
2.119520e+01,1.959948e-17,5.944625e-17,5.944625e-19
2.119804e+01,1.941671e-17,5.888176e-17,5.888176e-19
2.120088e+01,1.938652e-17,5.951718e-17,5.951718e-19
2.120373e+01,1.974789e-17,5.963784e-17,5.963784e-19
2.120657e+01,1.968193e-17,5.929438e-17,5.929438e-19
2.120941e+01,1.947449e-17,5.973454e-17,5.973454e-19
2.121226e+01,1.988734e-17,6.140160e-17,6.140160e-19
2.121510e+01,1.974252e-17,6.200938e-17,6.200938e-19
2.121794e+01,1.974353e-17,6.062461e-17,6.062461e-19
2.122079e+01,1.970362e-17,5.952079e-17,5.952079e-19
2.122363e+01,1.983028e-17,6.108238e-17,6.108238e-19
2.122647e+01,1.985021e-17,6.292860e-17,6.292860e-19
2.122932e+01,1.979429e-17,6.421070e-17,6.421070e-19
2.123216e+01,1.992551e-17,6.492025e-17,6.492025e-19
2.123500e+01,2.013633e-17,6.491191e-17,6.491191e-19
2.123785e+01,1.970510e-17,6.512846e-17,6.512846e-19
2.124069e+01,2.004833e-17,6.550455e-17,6.550455e-19
2.124353e+01,1.981446e-17,6.569500e-17,6.569500e-19
2.124638e+01,2.006244e-17,6.614290e-17,6.614290e-19
2.124922e+01,1.998821e-17,6.694601e-17,6.694601e-19
2.125206e+01,2.013783e-17,6.896850e-17,6.896850e-19
2.125491e+01,2.006507e-17,7.134279e-17,7.134279e-19
2.125775e+01,1.995815e-17,7.107805e-17,7.107805e-19
2.126059e+01,2.022204e-17,6.996912e-17,6.996912e-19
2.126344e+01,2.026096e-17,7.085382e-17,7.085382e-19
2.126628e+01,2.011490e-17,7.245715e-17,7.245715e-19
2.126913e+01,2.021655e-17,7.335118e-17,7.335118e-19
2.127197e+01,2.050521e-17,7.345365e-17,7.345365e-19
2.127481e+01,2.000559e-17,7.293296e-17,7.293296e-19
2.127766e+01,2.000757e-17,7.235549e-17,7.235549e-19
2.128050e+01,2.006151e-17,7.230929e-17,7.230929e-19
2.128334e+01,1.976253e-17,7.333437e-17,7.333437e-19
2.128619e+01,1.989841e-17,7.481102e-17,7.481102e-19
2.128903e+01,2.015217e-17,7.612041e-17,7.612041e-19
2.129187e+01,2.038809e-17,7.784499e-17,7.784499e-19
2.129472e+01,2.064874e-17,7.949873e-17,7.949873e-19
2.129756e+01,2.017361e-17,8.046543e-17,8.046543e-19
2.130040e+01,1.999389e-17,8.069608e-17,8.069608e-19
2.130325e+01,2.033316e-17,8.140018e-17,8.140018e-19
2.130609e+01,2.001478e-17,8.282089e-17,8.282089e-19
2.130893e+01,2.040394e-17,8.496432e-17,8.496432e-19
2.131178e+01,2.017729e-17,8.677265e-17,8.677265e-19
2.131462e+01,1.996707e-17,8.911551e-17,8.911551e-19
2.131746e+01,2.039372e-17,9.219166e-17,9.219166e-19
2.132031e+01,2.038366e-17,9.475047e-17,9.475047e-19
2.132315e+01,2.026353e-17,9.720381e-17,9.720381e-19
2.132599e+01,2.069726e-17,9.884012e-17,9.884012e-19
2.132884e+01,2.051800e-17,9.958916e-17,9.958916e-19
2.133168e+01,2.035667e-17,1.006077e-16,1.006077e-18
2.133452e+01,2.005243e-17,1.024835e-16,1.024835e-18
2.133737e+01,2.068193e-17,1.047402e-16,1.047402e-18
2.134021e+01,2.035436e-17,1.067204e-16,1.067204e-18
2.134306e+01,2.036003e-17,1.082096e-16,1.082096e-18
2.134590e+01,1.994189e-17,1.092441e-16,1.092441e-18
2.134874e+01,2.036007e-17,1.104527e-16,1.104527e-18
2.135159e+01,2.052981e-17,1.118737e-16,1.118737e-18
2.135443e+01,2.076650e-17,1.129466e-16,1.129466e-18
2.135727e+01,2.025841e-17,1.134736e-16,1.134736e-18
2.136012e+01,2.054059e-17,1.137497e-16,1.137497e-18
2.136296e+01,2.024445e-17,1.136044e-16,1.136044e-18
2.136580e+01,2.074373e-17,1.131596e-16,1.131596e-18
2.136865e+01,2.061621e-17,1.126285e-16,1.126285e-18
2.137149e+01,2.041986e-17,1.123520e-16,1.123520e-18
2.137433e+01,2.038509e-17,1.121219e-16,1.121219e-18
2.137718e+01,2.016767e-17,1.114140e-16,1.114140e-18
2.138002e+01,2.070162e-17,1.100485e-16,1.100485e-18
2.138286e+01,2.026595e-17,1.080196e-16,1.080196e-18
2.138571e+01,2.035437e-17,1.058634e-16,1.058634e-18
2.138855e+01,2.044771e-17,1.040474e-16,1.040474e-18
2.139139e+01,2.045886e-17,1.030358e-16,1.030358e-18
2.139424e+01,2.009105e-17,1.018883e-16,1.018883e-18
2.139708e+01,2.062187e-17,1.005804e-16,1.005804e-18
2.139992e+01,2.035364e-17,9.899910e-17,9.899910e-19
2.140277e+01,2.031513e-17,9.714131e-17,9.714131e-19
2.140561e+01,2.047332e-17,9.500156e-17,9.500156e-19
2.140846e+01,2.022594e-17,9.305973e-17,9.305973e-19
2.141130e+01,2.031032e-17,9.135074e-17,9.135074e-19
2.141414e+01,2.015097e-17,8.953917e-17,8.953917e-19
2.141699e+01,1.975678e-17,8.762146e-17,8.762146e-19
2.141983e+01,1.978332e-17,8.554855e-17,8.554855e-19
2.142267e+01,1.983507e-17,8.349262e-17,8.349262e-19
2.142552e+01,1.979783e-17,8.195000e-17,8.195000e-19
2.142836e+01,1.944938e-17,8.108692e-17,8.108692e-19
2.143120e+01,2.030054e-17,8.064106e-17,8.064106e-19
2.143405e+01,1.986560e-17,7.933414e-17,7.933414e-19
2.143689e+01,1.967712e-17,7.797020e-17,7.797020e-19
2.143973e+01,2.020459e-17,7.696438e-17,7.696438e-19
2.144258e+01,1.967809e-17,7.600547e-17,7.600547e-19
2.144542e+01,1.965170e-17,7.510599e-17,7.510599e-19
2.144826e+01,1.972600e-17,7.376781e-17,7.376781e-19
2.145111e+01,1.953391e-17,7.258409e-17,7.258409e-19
2.145395e+01,1.938506e-17,7.298991e-17,7.298991e-19
2.145679e+01,1.983852e-17,7.441861e-17,7.441861e-19
2.145964e+01,2.009922e-17,7.450221e-17,7.450221e-19
2.146248e+01,2.002443e-17,7.362630e-17,7.362630e-19
2.146532e+01,1.952890e-17,7.256150e-17,7.256150e-19
2.146817e+01,1.963216e-17,7.238463e-17,7.238463e-19
2.147101e+01,1.960098e-17,7.233239e-17,7.233239e-19
2.147385e+01,1.941934e-17,7.211135e-17,7.211135e-19
2.147670e+01,1.980742e-17,7.229679e-17,7.229679e-19
2.147954e+01,1.975037e-17,7.276843e-17,7.276843e-19
2.148239e+01,1.984193e-17,7.316597e-17,7.316597e-19
2.148523e+01,1.991435e-17,7.348136e-17,7.348136e-19
2.148807e+01,1.983941e-17,7.400594e-17,7.400594e-19
2.149092e+01,1.950223e-17,7.458065e-17,7.458065e-19
2.149376e+01,1.960226e-17,7.458666e-17,7.458666e-19
2.149660e+01,1.970771e-17,7.472503e-17,7.472503e-19
2.149945e+01,1.969818e-17,7.523361e-17,7.523361e-19
2.150229e+01,1.970563e-17,7.577828e-17,7.577828e-19
2.150513e+01,1.946878e-17,7.631321e-17,7.631321e-19
2.150798e+01,1.945758e-17,7.680633e-17,7.680633e-19
2.151082e+01,1.989058e-17,7.649626e-17,7.649626e-19
2.151366e+01,1.979580e-17,7.555375e-17,7.555375e-19
2.151651e+01,1.979708e-17,7.487497e-17,7.487497e-19
2.151935e+01,1.977919e-17,7.441481e-17,7.441481e-19
2.152219e+01,1.964845e-17,7.393056e-17,7.393056e-19
2.152504e+01,1.950372e-17,7.318097e-17,7.318097e-19
2.152788e+01,1.964669e-17,7.189670e-17,7.189670e-19
2.153072e+01,1.951223e-17,7.065616e-17,7.065616e-19
2.153357e+01,1.936815e-17,7.012526e-17,7.012526e-19
2.153641e+01,1.949719e-17,6.959854e-17,6.959854e-19
2.153925e+01,1.961418e-17,6.895900e-17,6.895900e-19
2.154210e+01,1.918812e-17,6.774471e-17,6.774471e-19
2.154494e+01,1.957026e-17,6.617277e-17,6.617277e-19
2.154778e+01,1.936673e-17,6.508689e-17,6.508689e-19
2.155063e+01,1.940833e-17,6.436784e-17,6.436784e-19
2.155347e+01,1.940001e-17,6.345011e-17,6.345011e-19
2.155632e+01,1.930214e-17,6.227046e-17,6.227046e-19
2.155916e+01,1.910730e-17,6.066098e-17,6.066098e-19
2.156200e+01,1.902849e-17,5.888555e-17,5.888555e-19
2.156485e+01,1.938498e-17,5.747496e-17,5.747496e-19
2.156769e+01,1.904631e-17,5.717387e-17,5.717387e-19
2.157053e+01,1.891964e-17,5.756329e-17,5.756329e-19
2.157338e+01,1.908925e-17,5.711130e-17,5.711130e-19
2.157622e+01,1.883384e-17,5.599741e-17,5.599741e-19
2.157906e+01,1.907019e-17,5.554587e-17,5.554587e-19
2.158191e+01,1.907755e-17,5.462847e-17,5.462847e-19
2.158475e+01,1.883570e-17,5.402429e-17,5.402429e-19
2.158759e+01,1.892036e-17,5.417943e-17,5.417943e-19
2.159044e+01,1.893630e-17,5.419699e-17,5.419699e-19
2.159328e+01,1.879090e-17,5.381759e-17,5.381759e-19
2.159612e+01,1.857609e-17,5.377600e-17,5.377600e-19
2.159897e+01,1.884741e-17,5.457729e-17,5.457729e-19
2.160181e+01,1.855985e-17,5.516039e-17,5.516039e-19
2.160465e+01,1.900482e-17,5.543351e-17,5.543351e-19
2.160750e+01,1.895674e-17,5.544246e-17,5.544246e-19
2.161034e+01,1.918810e-17,5.565763e-17,5.565763e-19
2.161318e+01,1.916735e-17,5.649589e-17,5.649589e-19
2.161603e+01,1.926085e-17,5.780767e-17,5.780767e-19
2.161887e+01,1.907039e-17,5.896297e-17,5.896297e-19
2.162172e+01,1.945966e-17,5.951075e-17,5.951075e-19
2.162456e+01,1.893889e-17,5.907207e-17,5.907207e-19
2.162740e+01,1.910319e-17,5.858283e-17,5.858283e-19
2.163025e+01,1.917565e-17,5.914601e-17,5.914601e-19
2.163309e+01,1.918845e-17,5.997992e-17,5.997992e-19
2.163593e+01,1.920046e-17,5.959870e-17,5.959870e-19
2.163878e+01,1.924192e-17,5.914205e-17,5.914205e-19
2.164162e+01,1.893804e-17,5.915121e-17,5.915121e-19
2.164446e+01,1.895040e-17,5.985906e-17,5.985906e-19
2.164731e+01,1.928042e-17,6.014652e-17,6.014652e-19
2.165015e+01,1.908138e-17,5.976127e-17,5.976127e-19
2.165299e+01,1.903822e-17,6.007499e-17,6.007499e-19
2.165584e+01,1.896344e-17,6.092722e-17,6.092722e-19
2.165868e+01,1.899723e-17,5.984762e-17,5.984762e-19
2.166152e+01,1.898838e-17,5.766099e-17,5.766099e-19
2.166437e+01,1.886667e-17,5.768327e-17,5.768327e-19
2.166721e+01,1.875160e-17,5.798282e-17,5.798282e-19
2.167005e+01,1.899913e-17,5.759407e-17,5.759407e-19
2.167290e+01,1.881895e-17,5.840686e-17,5.840686e-19
2.167574e+01,1.945068e-17,6.010891e-17,6.010891e-19
2.167858e+01,1.910327e-17,5.911356e-17,5.911356e-19
2.168143e+01,1.875631e-17,5.769545e-17,5.769545e-19
2.168427e+01,1.903930e-17,5.866611e-17,5.866611e-19
2.168711e+01,1.878401e-17,5.889398e-17,5.889398e-19
2.168996e+01,1.883875e-17,5.838955e-17,5.838955e-19
2.169280e+01,1.877094e-17,5.948108e-17,5.948108e-19
2.169565e+01,1.916808e-17,6.109658e-17,6.109658e-19
2.169849e+01,1.898499e-17,6.184262e-17,6.184262e-19
2.170133e+01,1.895726e-17,6.232019e-17,6.232019e-19
2.170418e+01,1.899072e-17,6.318197e-17,6.318197e-19
2.170702e+01,1.902944e-17,6.367298e-17,6.367298e-19
2.170986e+01,1.919856e-17,6.531308e-17,6.531308e-19
2.171271e+01,1.885014e-17,6.820078e-17,6.820078e-19
2.171555e+01,1.922368e-17,7.047281e-17,7.047281e-19
2.171839e+01,1.920929e-17,7.158766e-17,7.158766e-19
2.172124e+01,1.911116e-17,7.349861e-17,7.349861e-19
2.172408e+01,1.926597e-17,7.575254e-17,7.575254e-19
2.172692e+01,1.909195e-17,7.627088e-17,7.627088e-19
2.172977e+01,1.917557e-17,7.593304e-17,7.593304e-19
2.173261e+01,1.940877e-17,7.677819e-17,7.677819e-19
2.173545e+01,1.922835e-17,7.902621e-17,7.902621e-19
2.173830e+01,1.954237e-17,8.088430e-17,8.088430e-19
2.174114e+01,1.904167e-17,8.091465e-17,8.091465e-19
2.174398e+01,1.947096e-17,8.181380e-17,8.181380e-19
2.174683e+01,1.944626e-17,8.298668e-17,8.298668e-19
2.174967e+01,1.948898e-17,8.351853e-17,8.351853e-19
2.175251e+01,1.926609e-17,8.444727e-17,8.444727e-19
2.175536e+01,1.915340e-17,8.513306e-17,8.513306e-19
2.175820e+01,1.943115e-17,8.385550e-17,8.385550e-19
2.176104e+01,1.947588e-17,8.255625e-17,8.255625e-19
2.176389e+01,1.940185e-17,8.277576e-17,8.277576e-19
2.176673e+01,1.953472e-17,8.328924e-17,8.328924e-19
2.176958e+01,1.935433e-17,8.274812e-17,8.274812e-19
2.177242e+01,1.945852e-17,8.177618e-17,8.177618e-19
2.177526e+01,1.917878e-17,8.032150e-17,8.032150e-19
2.177811e+01,1.911611e-17,7.837749e-17,7.837749e-19
2.178095e+01,1.920242e-17,7.689361e-17,7.689361e-19
2.178379e+01,1.898764e-17,7.706212e-17,7.706212e-19
2.178664e+01,1.943667e-17,7.695776e-17,7.695776e-19
2.178948e+01,1.930427e-17,7.516177e-17,7.516177e-19
2.179232e+01,1.926947e-17,7.318203e-17,7.318203e-19
2.179517e+01,1.925650e-17,7.185647e-17,7.185647e-19
2.179801e+01,1.928695e-17,7.023015e-17,7.023015e-19
2.180085e+01,1.921907e-17,6.862031e-17,6.862031e-19
2.180370e+01,1.934382e-17,6.787544e-17,6.787544e-19
2.180654e+01,1.910389e-17,6.740189e-17,6.740189e-19
2.180938e+01,1.927605e-17,6.699875e-17,6.699875e-19
2.181223e+01,1.911289e-17,6.584945e-17,6.584945e-19
2.181507e+01,1.902975e-17,6.495765e-17,6.495765e-19
2.181791e+01,1.911741e-17,6.453204e-17,6.453204e-19
2.182076e+01,1.871625e-17,6.396237e-17,6.396237e-19
2.182360e+01,1.907804e-17,6.273680e-17,6.273680e-19
2.182644e+01,1.907540e-17,6.166630e-17,6.166630e-19
2.182929e+01,1.940561e-17,6.161981e-17,6.161981e-19
2.183213e+01,1.913405e-17,6.136379e-17,6.136379e-19
2.183497e+01,1.909921e-17,6.086159e-17,6.086159e-19
2.183782e+01,1.895696e-17,6.060691e-17,6.060691e-19
2.184066e+01,1.891827e-17,6.069950e-17,6.069950e-19
2.184351e+01,1.921900e-17,6.059357e-17,6.059357e-19
2.184635e+01,1.908225e-17,5.961838e-17,5.961838e-19
2.184919e+01,1.889625e-17,5.903030e-17,5.903030e-19
2.185204e+01,1.873161e-17,5.934441e-17,5.934441e-19
2.185488e+01,1.911853e-17,5.982890e-17,5.982890e-19
2.185772e+01,1.886370e-17,5.939027e-17,5.939027e-19
2.186057e+01,1.884943e-17,5.889348e-17,5.889348e-19
2.186341e+01,1.885615e-17,5.842244e-17,5.842244e-19
2.186625e+01,1.904340e-17,5.814584e-17,5.814584e-19
2.186910e+01,1.882248e-17,5.781094e-17,5.781094e-19
2.187194e+01,1.894518e-17,5.782236e-17,5.782236e-19
2.187478e+01,1.876194e-17,5.806714e-17,5.806714e-19
2.187763e+01,1.887159e-17,5.781945e-17,5.781945e-19
2.188047e+01,1.864330e-17,5.715831e-17,5.715831e-19
2.188331e+01,1.861887e-17,5.735079e-17,5.735079e-19
2.188616e+01,1.900737e-17,5.768012e-17,5.768012e-19
2.188900e+01,1.885878e-17,5.804043e-17,5.804043e-19
2.189184e+01,1.874422e-17,5.852970e-17,5.852970e-19
2.189469e+01,1.888862e-17,5.890211e-17,5.890211e-19
2.189753e+01,1.879717e-17,5.868698e-17,5.868698e-19
2.190037e+01,1.898536e-17,5.856688e-17,5.856688e-19
2.190322e+01,1.914706e-17,5.863500e-17,5.863500e-19
2.190606e+01,1.845112e-17,5.914187e-17,5.914187e-19
2.190891e+01,1.898535e-17,5.977761e-17,5.977761e-19
2.191175e+01,1.872040e-17,5.953937e-17,5.953937e-19
2.191459e+01,1.880827e-17,5.926672e-17,5.926672e-19
2.191744e+01,1.864302e-17,5.972120e-17,5.972120e-19
2.192028e+01,1.881886e-17,6.029703e-17,6.029703e-19
2.192312e+01,1.872701e-17,6.143344e-17,6.143344e-19
2.192597e+01,1.870254e-17,6.276865e-17,6.276865e-19
2.192881e+01,1.855330e-17,6.253869e-17,6.253869e-19
2.193165e+01,1.862961e-17,6.189102e-17,6.189102e-19
2.193450e+01,1.862833e-17,6.200136e-17,6.200136e-19
2.193734e+01,1.871331e-17,6.244333e-17,6.244333e-19
2.194018e+01,1.864000e-17,6.250323e-17,6.250323e-19
2.194303e+01,1.873590e-17,6.234522e-17,6.234522e-19
2.194587e+01,1.899310e-17,6.296840e-17,6.296840e-19
2.194871e+01,1.919944e-17,6.392796e-17,6.392796e-19
2.195156e+01,1.908705e-17,6.455674e-17,6.455674e-19
2.195440e+01,1.878587e-17,6.508244e-17,6.508244e-19
2.195724e+01,1.912852e-17,6.613530e-17,6.613530e-19
2.196009e+01,1.909593e-17,6.695831e-17,6.695831e-19
2.196293e+01,1.893198e-17,6.728455e-17,6.728455e-19
2.196577e+01,1.909823e-17,6.793530e-17,6.793530e-19
2.196862e+01,1.902969e-17,6.839058e-17,6.839058e-19
2.197146e+01,1.906231e-17,6.835651e-17,6.835651e-19
2.197430e+01,1.856999e-17,6.822561e-17,6.822561e-19
2.197715e+01,1.902291e-17,6.871036e-17,6.871036e-19
2.197999e+01,1.908009e-17,6.864566e-17,6.864566e-19
2.198284e+01,1.918776e-17,6.822312e-17,6.822312e-19
2.198568e+01,1.931403e-17,6.855477e-17,6.855477e-19
2.198852e+01,1.929292e-17,6.910396e-17,6.910396e-19
2.199137e+01,1.907953e-17,6.943628e-17,6.943628e-19
2.199421e+01,1.919943e-17,7.038936e-17,7.038936e-19
2.199705e+01,1.888679e-17,7.076514e-17,7.076514e-19
2.199990e+01,1.869987e-17,6.992657e-17,6.992657e-19
2.200274e+01,1.873563e-17,6.897982e-17,6.897982e-19
2.200558e+01,1.908054e-17,6.892816e-17,6.892816e-19
2.200843e+01,1.913189e-17,6.887652e-17,6.887652e-19
2.201127e+01,1.863030e-17,6.879406e-17,6.879406e-19
2.201411e+01,1.918011e-17,6.893988e-17,6.893988e-19
2.201696e+01,1.897077e-17,6.896008e-17,6.896008e-19
2.201980e+01,1.896105e-17,6.917370e-17,6.917370e-19
2.202264e+01,1.895285e-17,6.909378e-17,6.909378e-19
2.202549e+01,1.901954e-17,6.856416e-17,6.856416e-19
2.202833e+01,1.889200e-17,6.825865e-17,6.825865e-19
2.203117e+01,1.874885e-17,6.862170e-17,6.862170e-19
2.203402e+01,1.926241e-17,6.937046e-17,6.937046e-19
2.203686e+01,1.885557e-17,6.989985e-17,6.989985e-19
2.203970e+01,1.877614e-17,7.064061e-17,7.064061e-19
2.204255e+01,1.881898e-17,7.093565e-17,7.093565e-19
2.204539e+01,1.864224e-17,7.113416e-17,7.113416e-19
2.204823e+01,1.884785e-17,7.186817e-17,7.186817e-19
2.205108e+01,1.893353e-17,7.246379e-17,7.246379e-19
2.205392e+01,1.905029e-17,7.340773e-17,7.340773e-19
2.205677e+01,1.919951e-17,7.443735e-17,7.443735e-19
2.205961e+01,1.897694e-17,7.495225e-17,7.495225e-19
2.206245e+01,1.885318e-17,7.559828e-17,7.559828e-19
2.206530e+01,1.910758e-17,7.659581e-17,7.659581e-19
2.206814e+01,1.896566e-17,7.735466e-17,7.735466e-19
2.207098e+01,1.903921e-17,7.742329e-17,7.742329e-19
2.207383e+01,1.899252e-17,7.811616e-17,7.811616e-19
2.207667e+01,1.913473e-17,7.950726e-17,7.950726e-19
2.207951e+01,1.892810e-17,7.974727e-17,7.974727e-19
2.208236e+01,1.890358e-17,7.979689e-17,7.979689e-19
2.208520e+01,1.896673e-17,8.051127e-17,8.051127e-19
2.208804e+01,1.924151e-17,8.151941e-17,8.151941e-19
2.209089e+01,1.892110e-17,8.149149e-17,8.149149e-19
2.209373e+01,1.897770e-17,8.115518e-17,8.115518e-19
2.209657e+01,1.914364e-17,8.186224e-17,8.186224e-19
2.209942e+01,1.915833e-17,8.338083e-17,8.338083e-19
2.210226e+01,1.882779e-17,8.388339e-17,8.388339e-19
2.210510e+01,1.893780e-17,8.364335e-17,8.364335e-19
2.210795e+01,1.874559e-17,8.328556e-17,8.328556e-19
2.211079e+01,1.920582e-17,8.346047e-17,8.346047e-19
2.211363e+01,1.913839e-17,8.318893e-17,8.318893e-19
2.211648e+01,1.877340e-17,8.295409e-17,8.295409e-19
2.211932e+01,1.879489e-17,8.343412e-17,8.343412e-19
2.212217e+01,1.868338e-17,8.374004e-17,8.374004e-19
2.212501e+01,1.923813e-17,8.418434e-17,8.418434e-19
2.212785e+01,1.897940e-17,8.541899e-17,8.541899e-19
2.213070e+01,1.885979e-17,8.635172e-17,8.635172e-19
2.213354e+01,1.881771e-17,8.503385e-17,8.503385e-19
2.213638e+01,1.868042e-17,8.310458e-17,8.310458e-19
2.213923e+01,1.848000e-17,8.269922e-17,8.269922e-19
2.214207e+01,1.891521e-17,8.314209e-17,8.314209e-19
2.214491e+01,1.866966e-17,8.284093e-17,8.284093e-19
2.214776e+01,1.879858e-17,8.217882e-17,8.217882e-19
2.215060e+01,1.879576e-17,8.169597e-17,8.169597e-19
2.215344e+01,1.881034e-17,8.181131e-17,8.181131e-19
2.215629e+01,1.872109e-17,8.208153e-17,8.208153e-19
2.215913e+01,1.853057e-17,8.214331e-17,8.214331e-19
2.216197e+01,1.866420e-17,8.169118e-17,8.169118e-19
2.216482e+01,1.846369e-17,8.136643e-17,8.136643e-19
2.216766e+01,1.859798e-17,8.145335e-17,8.145335e-19
2.217050e+01,1.877128e-17,8.182547e-17,8.182547e-19
2.217335e+01,1.857428e-17,8.179459e-17,8.179459e-19
2.217619e+01,1.858364e-17,8.165838e-17,8.165838e-19
2.217903e+01,1.874151e-17,8.173551e-17,8.173551e-19
2.218188e+01,1.838851e-17,8.168977e-17,8.168977e-19
2.218472e+01,1.862194e-17,8.151685e-17,8.151685e-19
2.218756e+01,1.848207e-17,8.140278e-17,8.140278e-19
2.219041e+01,1.855200e-17,8.162011e-17,8.162011e-19
2.219325e+01,1.860638e-17,8.176897e-17,8.176897e-19
2.219610e+01,1.849742e-17,8.177673e-17,8.177673e-19
2.219894e+01,1.835385e-17,8.186888e-17,8.186888e-19
2.220178e+01,1.853764e-17,8.204200e-17,8.204200e-19
2.220463e+01,1.873878e-17,8.231319e-17,8.231319e-19
2.220747e+01,1.854477e-17,8.228955e-17,8.228955e-19
2.221031e+01,1.850994e-17,8.183215e-17,8.183215e-19
2.221316e+01,1.841883e-17,8.145280e-17,8.145280e-19
2.221600e+01,1.825351e-17,8.141588e-17,8.141588e-19
2.221884e+01,1.875440e-17,8.181974e-17,8.181974e-19
2.222169e+01,1.854200e-17,8.190327e-17,8.190327e-19
2.222453e+01,1.870789e-17,8.199928e-17,8.199928e-19
2.222737e+01,1.860463e-17,8.211393e-17,8.211393e-19
2.223022e+01,1.833998e-17,8.183004e-17,8.183004e-19
2.223306e+01,1.856648e-17,8.181488e-17,8.181488e-19
2.223590e+01,1.873493e-17,8.252084e-17,8.252084e-19
2.223875e+01,1.877960e-17,8.341089e-17,8.341089e-19
2.224159e+01,1.822800e-17,8.393648e-17,8.393648e-19
2.224443e+01,1.869322e-17,8.460584e-17,8.460584e-19
2.224728e+01,1.837816e-17,8.474243e-17,8.474243e-19
2.225012e+01,1.891057e-17,8.465896e-17,8.465896e-19
2.225296e+01,1.863535e-17,8.495052e-17,8.495052e-19
2.225581e+01,1.859726e-17,8.586641e-17,8.586641e-19
2.225865e+01,1.876063e-17,8.671449e-17,8.671449e-19
2.226149e+01,1.883365e-17,8.756638e-17,8.756638e-19
2.226434e+01,1.879471e-17,8.907498e-17,8.907498e-19
2.226718e+01,1.875296e-17,9.084582e-17,9.084582e-19
2.227003e+01,1.883670e-17,9.180596e-17,9.180596e-19
2.227287e+01,1.880584e-17,9.261883e-17,9.261883e-19
2.227571e+01,1.902650e-17,9.410671e-17,9.410671e-19
2.227856e+01,1.891127e-17,9.551889e-17,9.551889e-19
2.228140e+01,1.898350e-17,9.699444e-17,9.699444e-19
2.228424e+01,1.909021e-17,9.850635e-17,9.850635e-19
2.228709e+01,1.922914e-17,1.002706e-16,1.002706e-18
2.228993e+01,1.907865e-17,1.022783e-16,1.022783e-18
2.229277e+01,1.941572e-17,1.041862e-16,1.041862e-18
2.229562e+01,1.908970e-17,1.062257e-16,1.062257e-18
2.229846e+01,1.926993e-17,1.078828e-16,1.078828e-18
2.230130e+01,1.963691e-17,1.087642e-16,1.087642e-18
2.230415e+01,1.932225e-17,1.101332e-16,1.101332e-18
2.230699e+01,1.922785e-17,1.120184e-16,1.120184e-18
2.230983e+01,1.949483e-17,1.140269e-16,1.140269e-18
2.231268e+01,1.946504e-17,1.154854e-16,1.154854e-18
2.231552e+01,1.982061e-17,1.166108e-16,1.166108e-18
2.231836e+01,1.980876e-17,1.180403e-16,1.180403e-18
2.232121e+01,1.957283e-17,1.198674e-16,1.198674e-18
2.232405e+01,1.978767e-17,1.213409e-16,1.213409e-18
2.232689e+01,1.974018e-17,1.224710e-16,1.224710e-18
2.232974e+01,1.992413e-17,1.237489e-16,1.237489e-18
2.233258e+01,2.009318e-17,1.253207e-16,1.253207e-18
2.233542e+01,2.025125e-17,1.263701e-16,1.263701e-18
2.233827e+01,2.011882e-17,1.271214e-16,1.271214e-18
2.234111e+01,2.021822e-17,1.279908e-16,1.279908e-18
2.234396e+01,2.023039e-17,1.284202e-16,1.284202e-18
2.234680e+01,2.017311e-17,1.281493e-16,1.281493e-18
2.234964e+01,2.013644e-17,1.281114e-16,1.281114e-18
2.235249e+01,1.995594e-17,1.285277e-16,1.285277e-18
2.235533e+01,2.038145e-17,1.290527e-16,1.290527e-18
2.235817e+01,2.040030e-17,1.293697e-16,1.293697e-18
2.236102e+01,2.040299e-17,1.295074e-16,1.295074e-18
2.236386e+01,2.011743e-17,1.289117e-16,1.289117e-18
2.236670e+01,2.018079e-17,1.276915e-16,1.276915e-18
2.236955e+01,2.022089e-17,1.267034e-16,1.267034e-18
2.237239e+01,2.030788e-17,1.261656e-16,1.261656e-18
2.237523e+01,2.014084e-17,1.254704e-16,1.254704e-18
2.237808e+01,2.048043e-17,1.243892e-16,1.243892e-18
2.238092e+01,2.008850e-17,1.229901e-16,1.229901e-18
2.238376e+01,2.026471e-17,1.217605e-16,1.217605e-18
2.238661e+01,2.020414e-17,1.202116e-16,1.202116e-18
2.238945e+01,2.004625e-17,1.187866e-16,1.187866e-18
2.239229e+01,2.000587e-17,1.178121e-16,1.178121e-18
2.239514e+01,1.995280e-17,1.173174e-16,1.173174e-18
2.239798e+01,2.006173e-17,1.166338e-16,1.166338e-18
2.240082e+01,2.016931e-17,1.154308e-16,1.154308e-18
2.240367e+01,1.976614e-17,1.141062e-16,1.141062e-18
2.240651e+01,1.976607e-17,1.129478e-16,1.129478e-18
2.240936e+01,1.985347e-17,1.121166e-16,1.121166e-18
2.241220e+01,1.975617e-17,1.112878e-16,1.112878e-18
2.241504e+01,2.003587e-17,1.100364e-16,1.100364e-18
2.241789e+01,1.977961e-17,1.087430e-16,1.087430e-18
2.242073e+01,1.979131e-17,1.079367e-16,1.079367e-18
2.242357e+01,1.999395e-17,1.076468e-16,1.076468e-18
2.242642e+01,1.980943e-17,1.070763e-16,1.070763e-18
2.242926e+01,1.970541e-17,1.057498e-16,1.057498e-18
2.243210e+01,1.973559e-17,1.045011e-16,1.045011e-18
2.243495e+01,1.978026e-17,1.041368e-16,1.041368e-18
2.243779e+01,1.966067e-17,1.041934e-16,1.041934e-18
2.244063e+01,1.960019e-17,1.043037e-16,1.043037e-18
2.244348e+01,1.944122e-17,1.044955e-16,1.044955e-18
2.244632e+01,1.951373e-17,1.042683e-16,1.042683e-18
2.244916e+01,1.961432e-17,1.037649e-16,1.037649e-18
2.245201e+01,1.949732e-17,1.037743e-16,1.037743e-18
2.245485e+01,1.956096e-17,1.040972e-16,1.040972e-18
2.245769e+01,1.966663e-17,1.044492e-16,1.044492e-18
2.246054e+01,1.966659e-17,1.048596e-16,1.048596e-18
2.246338e+01,1.902174e-17,1.046357e-16,1.046357e-18
2.246622e+01,1.917085e-17,1.044483e-16,1.044483e-18
2.246907e+01,1.945672e-17,1.049086e-16,1.049086e-18
2.247191e+01,1.937876e-17,1.053746e-16,1.053746e-18
2.247475e+01,1.950978e-17,1.050417e-16,1.050417e-18
2.247760e+01,1.954629e-17,1.047613e-16,1.047613e-18
2.248044e+01,1.961981e-17,1.053499e-16,1.053499e-18
2.248329e+01,1.950917e-17,1.055043e-16,1.055043e-18
2.248613e+01,1.951578e-17,1.052107e-16,1.052107e-18
2.248897e+01,1.933507e-17,1.054212e-16,1.054212e-18
2.249182e+01,1.937736e-17,1.056490e-16,1.056490e-18
2.249466e+01,1.918776e-17,1.045700e-16,1.045700e-18
2.249750e+01,1.909237e-17,1.030524e-16,1.030524e-18
2.250035e+01,1.919683e-17,1.021078e-16,1.021078e-18
2.250319e+01,1.943196e-17,1.021171e-16,1.021171e-18
2.250603e+01,1.936686e-17,1.024652e-16,1.024652e-18
2.250888e+01,1.915441e-17,1.022410e-16,1.022410e-18
2.251172e+01,1.941416e-17,1.014790e-16,1.014790e-18
2.251456e+01,1.912484e-17,1.008831e-16,1.008831e-18
2.251741e+01,1.940390e-17,1.006778e-16,1.006778e-18
2.252025e+01,1.932168e-17,1.003870e-16,1.003870e-18
2.252309e+01,1.935521e-17,9.990274e-17,9.990274e-19
2.252594e+01,1.884949e-17,9.898052e-17,9.898052e-19
2.252878e+01,1.917003e-17,9.783518e-17,9.783518e-19
2.253162e+01,1.879796e-17,9.668363e-17,9.668363e-19
2.253447e+01,1.880888e-17,9.577047e-17,9.577047e-19
2.253731e+01,1.880139e-17,9.465833e-17,9.465833e-19
2.254015e+01,1.869691e-17,9.326732e-17,9.326732e-19
2.254300e+01,1.870933e-17,9.225521e-17,9.225521e-19
2.254584e+01,1.881824e-17,9.157689e-17,9.157689e-19
2.254868e+01,1.890819e-17,9.083646e-17,9.083646e-19
2.255153e+01,1.851832e-17,8.989071e-17,8.989071e-19
2.255437e+01,1.852977e-17,8.922542e-17,8.922542e-19
2.255722e+01,1.874571e-17,8.866003e-17,8.866003e-19
2.256006e+01,1.878535e-17,8.751963e-17,8.751963e-19
2.256290e+01,1.848285e-17,8.630601e-17,8.630601e-19
2.256575e+01,1.846980e-17,8.542742e-17,8.542742e-19
2.256859e+01,1.835553e-17,8.497274e-17,8.497274e-19
2.257143e+01,1.858015e-17,8.401518e-17,8.401518e-19
2.257428e+01,1.840437e-17,8.289238e-17,8.289238e-19
2.257712e+01,1.837125e-17,8.217549e-17,8.217549e-19
2.257996e+01,1.829575e-17,8.128142e-17,8.128142e-19
2.258281e+01,1.858799e-17,8.021253e-17,8.021253e-19
2.258565e+01,1.792517e-17,7.923466e-17,7.923466e-19
2.258849e+01,1.822172e-17,7.875970e-17,7.875970e-19
2.259134e+01,1.833299e-17,7.832995e-17,7.832995e-19
2.259418e+01,1.837477e-17,7.787184e-17,7.787184e-19
2.259702e+01,1.799966e-17,7.712363e-17,7.712363e-19
2.259987e+01,1.842316e-17,7.684666e-17,7.684666e-19
2.260271e+01,1.797960e-17,7.678909e-17,7.678909e-19
2.260555e+01,1.815075e-17,7.639318e-17,7.639318e-19
2.260840e+01,1.807202e-17,7.550068e-17,7.550068e-19
2.261124e+01,1.821044e-17,7.484824e-17,7.484824e-19
2.261408e+01,1.810606e-17,7.402540e-17,7.402540e-19
2.261693e+01,1.769205e-17,7.337375e-17,7.337375e-19
2.261977e+01,1.791072e-17,7.268169e-17,7.268169e-19
2.262262e+01,1.800272e-17,7.140169e-17,7.140169e-19
2.262546e+01,1.775124e-17,7.027530e-17,7.027530e-19
2.262830e+01,1.786991e-17,7.030967e-17,7.030967e-19
2.263115e+01,1.793958e-17,6.977665e-17,6.977665e-19
2.263399e+01,1.802407e-17,6.821372e-17,6.821372e-19
2.263683e+01,1.786913e-17,6.670354e-17,6.670354e-19
2.263968e+01,1.786147e-17,6.611058e-17,6.611058e-19
2.264252e+01,1.800825e-17,6.580728e-17,6.580728e-19
2.264536e+01,1.776605e-17,6.501997e-17,6.501997e-19
2.264821e+01,1.771323e-17,6.467326e-17,6.467326e-19
2.265105e+01,1.773835e-17,6.426424e-17,6.426424e-19
2.265389e+01,1.789021e-17,6.336411e-17,6.336411e-19
2.265674e+01,1.786046e-17,6.253533e-17,6.253533e-19
2.265958e+01,1.777269e-17,6.258844e-17,6.258844e-19
2.266242e+01,1.763698e-17,6.248093e-17,6.248093e-19
2.266527e+01,1.774215e-17,6.193804e-17,6.193804e-19
2.266811e+01,1.780321e-17,6.124708e-17,6.124708e-19
2.267095e+01,1.763135e-17,6.073239e-17,6.073239e-19
2.267380e+01,1.803857e-17,6.045379e-17,6.045379e-19
2.267664e+01,1.787369e-17,6.054210e-17,6.054210e-19
2.267948e+01,1.789808e-17,6.099212e-17,6.099212e-19
2.268233e+01,1.802981e-17,6.142269e-17,6.142269e-19
2.268517e+01,1.784878e-17,6.059678e-17,6.059678e-19
2.268801e+01,1.800681e-17,5.962558e-17,5.962558e-19
2.269086e+01,1.789009e-17,5.918853e-17,5.918853e-19
2.269370e+01,1.779543e-17,5.909464e-17,5.909464e-19
2.269655e+01,1.821794e-17,5.910298e-17,5.910298e-19
2.269939e+01,1.768685e-17,5.875743e-17,5.875743e-19
2.270223e+01,1.810983e-17,5.850622e-17,5.850622e-19
2.270508e+01,1.797101e-17,5.789105e-17,5.789105e-19
2.270792e+01,1.804876e-17,5.742893e-17,5.742893e-19
2.271076e+01,1.830461e-17,5.675930e-17,5.675930e-19
2.271361e+01,1.788367e-17,5.605450e-17,5.605450e-19
2.271645e+01,1.794331e-17,5.576937e-17,5.576937e-19
2.271929e+01,1.812520e-17,5.578842e-17,5.578842e-19
2.272214e+01,1.787266e-17,5.554276e-17,5.554276e-19
2.272498e+01,1.795418e-17,5.459323e-17,5.459323e-19
2.272782e+01,1.815290e-17,5.374362e-17,5.374362e-19
2.273067e+01,1.780204e-17,5.320971e-17,5.320971e-19
2.273351e+01,1.790461e-17,5.261860e-17,5.261860e-19
2.273635e+01,1.819576e-17,5.256786e-17,5.256786e-19
2.273920e+01,1.810022e-17,5.231755e-17,5.231755e-19
2.274204e+01,1.804460e-17,5.200374e-17,5.200374e-19
2.274488e+01,1.794080e-17,5.161670e-17,5.161670e-19
2.274773e+01,1.790964e-17,5.068409e-17,5.068409e-19
2.275057e+01,1.789716e-17,5.002192e-17,5.002192e-19
2.275341e+01,1.768609e-17,4.958336e-17,4.958336e-19
2.275626e+01,1.785240e-17,4.977088e-17,4.977088e-19
2.275910e+01,1.793319e-17,5.000691e-17,5.000691e-19
2.276194e+01,1.774879e-17,5.033409e-17,5.033409e-19
2.276479e+01,1.778360e-17,5.064901e-17,5.064901e-19
2.276763e+01,1.812080e-17,5.041109e-17,5.041109e-19
2.277048e+01,1.788668e-17,4.965068e-17,4.965068e-19
2.277332e+01,1.776630e-17,4.889627e-17,4.889627e-19
2.277616e+01,1.765328e-17,4.891618e-17,4.891618e-19
2.277901e+01,1.772670e-17,4.950853e-17,4.950853e-19
2.278185e+01,1.766137e-17,4.940568e-17,4.940568e-19
2.278469e+01,1.730524e-17,4.904977e-17,4.904977e-19
2.278754e+01,1.773073e-17,4.966929e-17,4.966929e-19
2.279038e+01,1.780409e-17,5.074413e-17,5.074413e-19
2.279322e+01,1.763072e-17,5.119040e-17,5.119040e-19
2.279607e+01,1.775302e-17,5.210873e-17,5.210873e-19
2.279891e+01,1.782603e-17,5.335541e-17,5.335541e-19
2.280175e+01,1.782566e-17,5.401083e-17,5.401083e-19
2.280460e+01,1.791078e-17,5.368888e-17,5.368888e-19
2.280744e+01,1.765990e-17,5.387912e-17,5.387912e-19
2.281028e+01,1.784469e-17,5.562133e-17,5.562133e-19
2.281313e+01,1.801214e-17,5.689491e-17,5.689491e-19
2.281597e+01,1.822595e-17,5.753489e-17,5.753489e-19
2.281881e+01,1.816894e-17,5.852571e-17,5.852571e-19
2.282166e+01,1.792629e-17,5.922268e-17,5.922268e-19
2.282450e+01,1.801879e-17,5.931018e-17,5.931018e-19
2.282734e+01,1.794655e-17,5.926941e-17,5.926941e-19
2.283019e+01,1.789475e-17,6.010402e-17,6.010402e-19
2.283303e+01,1.801949e-17,6.078473e-17,6.078473e-19
2.283588e+01,1.843364e-17,6.111042e-17,6.111042e-19
2.283872e+01,1.815831e-17,6.164540e-17,6.164540e-19
2.284156e+01,1.812292e-17,6.293585e-17,6.293585e-19
2.284441e+01,1.818902e-17,6.318246e-17,6.318246e-19
2.284725e+01,1.820817e-17,6.233256e-17,6.233256e-19
2.285009e+01,1.820317e-17,6.238871e-17,6.238871e-19
2.285294e+01,1.803581e-17,6.399499e-17,6.399499e-19
2.285578e+01,1.829179e-17,6.505053e-17,6.505053e-19
2.285862e+01,1.816954e-17,6.454043e-17,6.454043e-19
2.286147e+01,1.849357e-17,6.422219e-17,6.422219e-19
2.286431e+01,1.821727e-17,6.454630e-17,6.454630e-19
2.286715e+01,1.837829e-17,6.530578e-17,6.530578e-19
2.287000e+01,1.818823e-17,6.609111e-17,6.609111e-19
2.287284e+01,1.838884e-17,6.719103e-17,6.719103e-19
2.287568e+01,1.872457e-17,6.724337e-17,6.724337e-19
2.287853e+01,1.826813e-17,6.620058e-17,6.620058e-19
2.288137e+01,1.829204e-17,6.603206e-17,6.603206e-19
2.288421e+01,1.810117e-17,6.628510e-17,6.628510e-19
2.288706e+01,1.837043e-17,6.640427e-17,6.640427e-19
2.288990e+01,1.810179e-17,6.594858e-17,6.594858e-19
2.289274e+01,1.836528e-17,6.626064e-17,6.626064e-19
2.289559e+01,1.814560e-17,6.625672e-17,6.625672e-19
2.289843e+01,1.814073e-17,6.622403e-17,6.622403e-19
2.290127e+01,1.837079e-17,6.642672e-17,6.642672e-19
2.290412e+01,1.795524e-17,6.668441e-17,6.668441e-19
2.290696e+01,1.822078e-17,6.646083e-17,6.646083e-19
2.290981e+01,1.794405e-17,6.608834e-17,6.608834e-19
2.291265e+01,1.833085e-17,6.630339e-17,6.630339e-19
2.291549e+01,1.809188e-17,6.647178e-17,6.647178e-19
2.291834e+01,1.808995e-17,6.585460e-17,6.585460e-19
2.292118e+01,1.786621e-17,6.555287e-17,6.555287e-19
2.292402e+01,1.804154e-17,6.569452e-17,6.569452e-19
2.292687e+01,1.813923e-17,6.550172e-17,6.550172e-19
2.292971e+01,1.808108e-17,6.469153e-17,6.469153e-19
2.293255e+01,1.818985e-17,6.412498e-17,6.412498e-19
2.293540e+01,1.805833e-17,6.423512e-17,6.423512e-19
2.293824e+01,1.798709e-17,6.421882e-17,6.421882e-19
2.294108e+01,1.792804e-17,6.390440e-17,6.390440e-19
2.294393e+01,1.767197e-17,6.368417e-17,6.368417e-19
2.294677e+01,1.791295e-17,6.384464e-17,6.384464e-19
2.294961e+01,1.809549e-17,6.354057e-17,6.354057e-19
2.295246e+01,1.771637e-17,6.325050e-17,6.325050e-19
2.295530e+01,1.804557e-17,6.340960e-17,6.340960e-19
2.295814e+01,1.797201e-17,6.289790e-17,6.289790e-19
2.296099e+01,1.793891e-17,6.170296e-17,6.170296e-19
2.296383e+01,1.820670e-17,6.087374e-17,6.087374e-19
2.296667e+01,1.793710e-17,6.062942e-17,6.062942e-19
2.296952e+01,1.775695e-17,6.023873e-17,6.023873e-19
2.297236e+01,1.777325e-17,5.971005e-17,5.971005e-19
2.297520e+01,1.780127e-17,5.932866e-17,5.932866e-19
2.297805e+01,1.774260e-17,5.933497e-17,5.933497e-19
2.298089e+01,1.806792e-17,5.950326e-17,5.950326e-19
2.298374e+01,1.764388e-17,5.888826e-17,5.888826e-19
2.298658e+01,1.805510e-17,5.845154e-17,5.845154e-19
2.298942e+01,1.763527e-17,5.760764e-17,5.760764e-19
2.299227e+01,1.771342e-17,5.717238e-17,5.717238e-19
2.299511e+01,1.758612e-17,5.738587e-17,5.738587e-19
2.299795e+01,1.829961e-17,5.784734e-17,5.784734e-19
2.300080e+01,1.803757e-17,5.732538e-17,5.732538e-19
2.300364e+01,1.775830e-17,5.681517e-17,5.681517e-19
2.300648e+01,1.790303e-17,5.703520e-17,5.703520e-19
2.300933e+01,1.776442e-17,5.788364e-17,5.788364e-19
2.301217e+01,1.787130e-17,5.884821e-17,5.884821e-19
2.301501e+01,1.793490e-17,5.892286e-17,5.892286e-19
2.301786e+01,1.778194e-17,5.893677e-17,5.893677e-19
2.302070e+01,1.802009e-17,5.932597e-17,5.932597e-19
2.302354e+01,1.791086e-17,6.015092e-17,6.015092e-19
2.302639e+01,1.783538e-17,6.127817e-17,6.127817e-19
2.302923e+01,1.799008e-17,6.235124e-17,6.235124e-19
2.303207e+01,1.813280e-17,6.315605e-17,6.315605e-19
2.303492e+01,1.851858e-17,6.399319e-17,6.399319e-19
2.303776e+01,1.793290e-17,6.490214e-17,6.490214e-19
2.304060e+01,1.831609e-17,6.608708e-17,6.608708e-19
2.304345e+01,1.808796e-17,6.677451e-17,6.677451e-19
2.304629e+01,1.813588e-17,6.789254e-17,6.789254e-19
2.304913e+01,1.804754e-17,6.917254e-17,6.917254e-19
2.305198e+01,1.783675e-17,7.040938e-17,7.040938e-19
2.305482e+01,1.811165e-17,7.114672e-17,7.114672e-19
2.305767e+01,1.819897e-17,7.209352e-17,7.209352e-19
2.306051e+01,1.812052e-17,7.302107e-17,7.302107e-19
2.306335e+01,1.785892e-17,7.369749e-17,7.369749e-19
2.306620e+01,1.812674e-17,7.388965e-17,7.388965e-19
2.306904e+01,1.818455e-17,7.377412e-17,7.377412e-19
2.307188e+01,1.810523e-17,7.385195e-17,7.385195e-19
2.307473e+01,1.812334e-17,7.482153e-17,7.482153e-19
2.307757e+01,1.813128e-17,7.572441e-17,7.572441e-19
2.308041e+01,1.794525e-17,7.585038e-17,7.585038e-19
2.308326e+01,1.787228e-17,7.577453e-17,7.577453e-19
2.308610e+01,1.779021e-17,7.581952e-17,7.581952e-19
2.308894e+01,1.815091e-17,7.581644e-17,7.581644e-19
2.309179e+01,1.817383e-17,7.533229e-17,7.533229e-19
2.309463e+01,1.785702e-17,7.487371e-17,7.487371e-19
2.309747e+01,1.797614e-17,7.465212e-17,7.465212e-19
2.310032e+01,1.786750e-17,7.445367e-17,7.445367e-19
2.310316e+01,1.783057e-17,7.363999e-17,7.363999e-19
2.310600e+01,1.722576e-17,7.219126e-17,7.219126e-19
2.310885e+01,1.746904e-17,7.099372e-17,7.099372e-19
2.311169e+01,1.761449e-17,7.032540e-17,7.032540e-19
2.311453e+01,1.768964e-17,6.930045e-17,6.930045e-19
2.311738e+01,1.754431e-17,6.760502e-17,6.760502e-19
2.312022e+01,1.754995e-17,6.605224e-17,6.605224e-19
2.312307e+01,1.794185e-17,6.434790e-17,6.434790e-19
2.312591e+01,1.748487e-17,6.200002e-17,6.200002e-19
2.312875e+01,1.767268e-17,6.035534e-17,6.035534e-19
2.313160e+01,1.768966e-17,5.842644e-17,5.842644e-19
2.313444e+01,1.739510e-17,5.623097e-17,5.623097e-19
2.313728e+01,1.752053e-17,5.445734e-17,5.445734e-19
2.314013e+01,1.765164e-17,5.266491e-17,5.266491e-19
2.314297e+01,1.707870e-17,5.016306e-17,5.016306e-19
2.314581e+01,1.731498e-17,4.766235e-17,4.766235e-19
2.314866e+01,1.714330e-17,4.614695e-17,4.614695e-19
2.315150e+01,1.736584e-17,4.514715e-17,4.514715e-19
2.315434e+01,1.740350e-17,4.448713e-17,4.448713e-19
2.315719e+01,1.738033e-17,4.352174e-17,4.352174e-19
2.316003e+01,1.732334e-17,4.250014e-17,4.250014e-19
2.316287e+01,1.714266e-17,4.234428e-17,4.234428e-19
2.316572e+01,1.738991e-17,4.233574e-17,4.233574e-19
2.316856e+01,1.744241e-17,4.069496e-17,4.069496e-19
2.317140e+01,1.695736e-17,3.974280e-17,3.974280e-19
2.317425e+01,1.722381e-17,4.102594e-17,4.102594e-19
2.317709e+01,1.714411e-17,4.251123e-17,4.251123e-19
2.317993e+01,1.728254e-17,4.289815e-17,4.289815e-19
2.318278e+01,1.739422e-17,4.274461e-17,4.274461e-19
2.318562e+01,1.736866e-17,4.216172e-17,4.216172e-19
2.318846e+01,1.724303e-17,4.213656e-17,4.213656e-19
2.319131e+01,1.739228e-17,4.370234e-17,4.370234e-19
2.319415e+01,1.719054e-17,4.504888e-17,4.504888e-19
2.319700e+01,1.742747e-17,4.440985e-17,4.440985e-19
2.319984e+01,1.728018e-17,4.484372e-17,4.484372e-19
2.320268e+01,1.738832e-17,4.654114e-17,4.654114e-19
2.320553e+01,1.716493e-17,4.807796e-17,4.807796e-19
2.320837e+01,1.729357e-17,4.881825e-17,4.881825e-19
2.321121e+01,1.724285e-17,4.831562e-17,4.831562e-19
2.321406e+01,1.717812e-17,4.650242e-17,4.650242e-19
2.321690e+01,1.726490e-17,4.538903e-17,4.538903e-19
2.321974e+01,1.749894e-17,4.530046e-17,4.530046e-19
2.322259e+01,1.740761e-17,4.496785e-17,4.496785e-19
2.322543e+01,1.709213e-17,4.362106e-17,4.362106e-19
2.322827e+01,1.704543e-17,4.305561e-17,4.305561e-19
2.323112e+01,1.730594e-17,4.433213e-17,4.433213e-19
2.323396e+01,1.756958e-17,4.592059e-17,4.592059e-19
2.323680e+01,1.741936e-17,4.541824e-17,4.541824e-19
2.323965e+01,1.739566e-17,4.465803e-17,4.465803e-19
2.324249e+01,1.750328e-17,4.548720e-17,4.548720e-19
2.324533e+01,1.717788e-17,4.667685e-17,4.667685e-19
2.324818e+01,1.724929e-17,4.744564e-17,4.744564e-19
2.325102e+01,1.730627e-17,4.709067e-17,4.709067e-19
2.325386e+01,1.747272e-17,4.702514e-17,4.702514e-19
2.325671e+01,1.745350e-17,4.697860e-17,4.697860e-19
2.325955e+01,1.747264e-17,4.761042e-17,4.761042e-19
2.326239e+01,1.743038e-17,4.825557e-17,4.825557e-19
2.326524e+01,1.774183e-17,4.906880e-17,4.906880e-19
2.326808e+01,1.767226e-17,5.010377e-17,5.010377e-19
2.327093e+01,1.742536e-17,5.122056e-17,5.122056e-19
2.327377e+01,1.753042e-17,5.144941e-17,5.144941e-19
2.327661e+01,1.741132e-17,5.063959e-17,5.063959e-19
2.327946e+01,1.748093e-17,5.083539e-17,5.083539e-19
2.328230e+01,1.750703e-17,5.187774e-17,5.187774e-19
2.328514e+01,1.773712e-17,5.321143e-17,5.321143e-19
2.328799e+01,1.766120e-17,5.456778e-17,5.456778e-19
2.329083e+01,1.785088e-17,5.577517e-17,5.577517e-19
2.329367e+01,1.764087e-17,5.659634e-17,5.659634e-19
2.329652e+01,1.769257e-17,5.713309e-17,5.713309e-19
2.329936e+01,1.754366e-17,5.783924e-17,5.783924e-19
2.330220e+01,1.769862e-17,5.926907e-17,5.926907e-19
2.330505e+01,1.754719e-17,6.087797e-17,6.087797e-19
2.330789e+01,1.779338e-17,6.268957e-17,6.268957e-19
2.331073e+01,1.795128e-17,6.482452e-17,6.482452e-19
2.331358e+01,1.781088e-17,6.613702e-17,6.613702e-19
2.331642e+01,1.839479e-17,6.703566e-17,6.703566e-19
2.331926e+01,1.809582e-17,6.788417e-17,6.788417e-19
2.332211e+01,1.796831e-17,6.877418e-17,6.877418e-19
2.332495e+01,1.820685e-17,6.997245e-17,6.997245e-19
2.332779e+01,1.824625e-17,7.124744e-17,7.124744e-19
2.333064e+01,1.788201e-17,7.178805e-17,7.178805e-19
2.333348e+01,1.800672e-17,7.207636e-17,7.207636e-19
2.333633e+01,1.812477e-17,7.273938e-17,7.273938e-19
2.333917e+01,1.842618e-17,7.386909e-17,7.386909e-19
2.334201e+01,1.779965e-17,7.443876e-17,7.443876e-19
2.334486e+01,1.783040e-17,7.438745e-17,7.438745e-19
2.334770e+01,1.813109e-17,7.500280e-17,7.500280e-19
2.335054e+01,1.810739e-17,7.639949e-17,7.639949e-19
2.335339e+01,1.826980e-17,7.705152e-17,7.705152e-19
2.335623e+01,1.817093e-17,7.632753e-17,7.632753e-19
2.335907e+01,1.792263e-17,7.571881e-17,7.571881e-19
2.336192e+01,1.810734e-17,7.631474e-17,7.631474e-19
2.336476e+01,1.803617e-17,7.611345e-17,7.611345e-19
2.336760e+01,1.809525e-17,7.514898e-17,7.514898e-19
2.337045e+01,1.823601e-17,7.485560e-17,7.485560e-19
2.337329e+01,1.791438e-17,7.521830e-17,7.521830e-19
2.337613e+01,1.828391e-17,7.515938e-17,7.515938e-19
2.337898e+01,1.785698e-17,7.473329e-17,7.473329e-19
2.338182e+01,1.794338e-17,7.484961e-17,7.484961e-19
2.338466e+01,1.834500e-17,7.458742e-17,7.458742e-19
2.338751e+01,1.788821e-17,7.345476e-17,7.345476e-19
2.339035e+01,1.819352e-17,7.258999e-17,7.258999e-19
2.339319e+01,1.797377e-17,7.188384e-17,7.188384e-19
2.339604e+01,1.786802e-17,7.146326e-17,7.146326e-19
2.339888e+01,1.833521e-17,7.072128e-17,7.072128e-19
2.340172e+01,1.789314e-17,6.940985e-17,6.940985e-19
2.340457e+01,1.809974e-17,6.850091e-17,6.850091e-19
2.340741e+01,1.775324e-17,6.799461e-17,6.799461e-19
2.341026e+01,1.791608e-17,6.791283e-17,6.791283e-19
2.341310e+01,1.789474e-17,6.792103e-17,6.792103e-19
2.341594e+01,1.809365e-17,6.778155e-17,6.778155e-19
2.341879e+01,1.790600e-17,6.698924e-17,6.698924e-19
2.342163e+01,1.785103e-17,6.571090e-17,6.571090e-19
2.342447e+01,1.779926e-17,6.415267e-17,6.415267e-19
2.342732e+01,1.766820e-17,6.308391e-17,6.308391e-19
2.343016e+01,1.756899e-17,6.325433e-17,6.325433e-19
2.343300e+01,1.780130e-17,6.398640e-17,6.398640e-19
2.343585e+01,1.807243e-17,6.436748e-17,6.436748e-19
2.343869e+01,1.771455e-17,6.407752e-17,6.407752e-19
2.344153e+01,1.771669e-17,6.395995e-17,6.395995e-19
2.344438e+01,1.800875e-17,6.370896e-17,6.370896e-19
2.344722e+01,1.783289e-17,6.294962e-17,6.294962e-19
2.345006e+01,1.787484e-17,6.242264e-17,6.242264e-19
2.345291e+01,1.779699e-17,6.240544e-17,6.240544e-19
2.345575e+01,1.778078e-17,6.233978e-17,6.233978e-19
2.345859e+01,1.795693e-17,6.227646e-17,6.227646e-19
2.346144e+01,1.775610e-17,6.152122e-17,6.152122e-19
2.346428e+01,1.777038e-17,6.106123e-17,6.106123e-19
2.346712e+01,1.786158e-17,6.150712e-17,6.150712e-19
2.346997e+01,1.755388e-17,6.187530e-17,6.187530e-19
2.347281e+01,1.769724e-17,6.187068e-17,6.187068e-19
2.347565e+01,1.748640e-17,6.183671e-17,6.183671e-19
2.347850e+01,1.756405e-17,6.197655e-17,6.197655e-19
2.348134e+01,1.737019e-17,6.108720e-17,6.108720e-19
2.348419e+01,1.748681e-17,5.992728e-17,5.992728e-19
2.348703e+01,1.737742e-17,5.894230e-17,5.894230e-19
2.348987e+01,1.748978e-17,5.834966e-17,5.834966e-19
2.349272e+01,1.759902e-17,5.838898e-17,5.838898e-19
2.349556e+01,1.732904e-17,5.871804e-17,5.871804e-19
2.349840e+01,1.749759e-17,5.887168e-17,5.887168e-19
2.350125e+01,1.775321e-17,5.878997e-17,5.878997e-19
2.350409e+01,1.751206e-17,5.828350e-17,5.828350e-19
2.350693e+01,1.731910e-17,5.729804e-17,5.729804e-19
2.350978e+01,1.757143e-17,5.744562e-17,5.744562e-19
2.351262e+01,1.746668e-17,5.781247e-17,5.781247e-19
2.351546e+01,1.756989e-17,5.755868e-17,5.755868e-19
2.351831e+01,1.736825e-17,5.657207e-17,5.657207e-19
2.352115e+01,1.743427e-17,5.579163e-17,5.579163e-19
2.352399e+01,1.762534e-17,5.519874e-17,5.519874e-19
2.352684e+01,1.756792e-17,5.474946e-17,5.474946e-19
2.352968e+01,1.744740e-17,5.443834e-17,5.443834e-19
2.353252e+01,1.755289e-17,5.506977e-17,5.506977e-19
2.353537e+01,1.717198e-17,5.497494e-17,5.497494e-19
2.353821e+01,1.743463e-17,5.461433e-17,5.461433e-19
2.354105e+01,1.777000e-17,5.508033e-17,5.508033e-19
2.354390e+01,1.749867e-17,5.523052e-17,5.523052e-19
2.354674e+01,1.745490e-17,5.390150e-17,5.390150e-19
2.354958e+01,1.744107e-17,5.285100e-17,5.285100e-19
2.355243e+01,1.731771e-17,5.251302e-17,5.251302e-19
2.355527e+01,1.735928e-17,5.265412e-17,5.265412e-19
2.355812e+01,1.726707e-17,5.220314e-17,5.220314e-19
2.356096e+01,1.733372e-17,5.153076e-17,5.153076e-19
2.356380e+01,1.761132e-17,5.099290e-17,5.099290e-19
2.356665e+01,1.773433e-17,5.099695e-17,5.099695e-19
2.356949e+01,1.748392e-17,5.076960e-17,5.076960e-19
2.357233e+01,1.740777e-17,5.038303e-17,5.038303e-19
2.357518e+01,1.738678e-17,4.980247e-17,4.980247e-19
2.357802e+01,1.733850e-17,4.932340e-17,4.932340e-19
2.358086e+01,1.721785e-17,4.865856e-17,4.865856e-19
2.358371e+01,1.728537e-17,4.769951e-17,4.769951e-19
2.358655e+01,1.720277e-17,4.646559e-17,4.646559e-19
2.358939e+01,1.734411e-17,4.595091e-17,4.595091e-19
2.359224e+01,1.718881e-17,4.566396e-17,4.566396e-19
2.359508e+01,1.726363e-17,4.570627e-17,4.570627e-19
2.359792e+01,1.714219e-17,4.572318e-17,4.572318e-19
2.360077e+01,1.713914e-17,4.564036e-17,4.564036e-19
2.360361e+01,1.698783e-17,4.480228e-17,4.480228e-19
2.360645e+01,1.718965e-17,4.422830e-17,4.422830e-19
2.360930e+01,1.743519e-17,4.411857e-17,4.411857e-19
2.361214e+01,1.710106e-17,4.373061e-17,4.373061e-19
2.361498e+01,1.724888e-17,4.307108e-17,4.307108e-19
2.361783e+01,1.723042e-17,4.238994e-17,4.238994e-19
2.362067e+01,1.717763e-17,4.206345e-17,4.206345e-19
2.362352e+01,1.709380e-17,4.255713e-17,4.255713e-19
2.362636e+01,1.744967e-17,4.356231e-17,4.356231e-19
2.362920e+01,1.716525e-17,4.379714e-17,4.379714e-19
2.363205e+01,1.728910e-17,4.358632e-17,4.358632e-19
2.363489e+01,1.716210e-17,4.298517e-17,4.298517e-19
2.363773e+01,1.704661e-17,4.272811e-17,4.272811e-19
2.364058e+01,1.713791e-17,4.258087e-17,4.258087e-19
2.364342e+01,1.714727e-17,4.244641e-17,4.244641e-19
2.364626e+01,1.720377e-17,4.262726e-17,4.262726e-19
2.364911e+01,1.700058e-17,4.238885e-17,4.238885e-19
2.365195e+01,1.717483e-17,4.270997e-17,4.270997e-19
2.365479e+01,1.684590e-17,4.350960e-17,4.350960e-19
2.365764e+01,1.715005e-17,4.369419e-17,4.369419e-19
2.366048e+01,1.725991e-17,4.344036e-17,4.344036e-19
2.366332e+01,1.701425e-17,4.348862e-17,4.348862e-19
2.366617e+01,1.700130e-17,4.386725e-17,4.386725e-19
2.366901e+01,1.692905e-17,4.365484e-17,4.365484e-19
2.367185e+01,1.702484e-17,4.327684e-17,4.327684e-19
2.367470e+01,1.700854e-17,4.335921e-17,4.335921e-19
2.367754e+01,1.740407e-17,4.327236e-17,4.327236e-19
2.368038e+01,1.705051e-17,4.284069e-17,4.284069e-19
2.368323e+01,1.709318e-17,4.254865e-17,4.254865e-19
2.368607e+01,1.724118e-17,4.201645e-17,4.201645e-19
2.368891e+01,1.736997e-17,4.149011e-17,4.149011e-19
2.369176e+01,1.697719e-17,4.091238e-17,4.091238e-19
2.369460e+01,1.717058e-17,4.147831e-17,4.147831e-19
2.369745e+01,1.700570e-17,4.116108e-17,4.116108e-19
2.370029e+01,1.695513e-17,3.965627e-17,3.965627e-19
2.370313e+01,1.710805e-17,3.895607e-17,3.895607e-19
2.370598e+01,1.714319e-17,3.918031e-17,3.918031e-19
2.370882e+01,1.687207e-17,3.921238e-17,3.921238e-19
2.371166e+01,1.677266e-17,3.847354e-17,3.847354e-19
2.371451e+01,1.700322e-17,3.813608e-17,3.813608e-19
2.371735e+01,1.690229e-17,3.740483e-17,3.740483e-19
2.372019e+01,1.688482e-17,3.667505e-17,3.667505e-19
2.372304e+01,1.697104e-17,3.656990e-17,3.656990e-19
2.372588e+01,1.658304e-17,3.605187e-17,3.605187e-19
2.372872e+01,1.702619e-17,3.519928e-17,3.519928e-19
2.373157e+01,1.675981e-17,3.507752e-17,3.507752e-19
2.373441e+01,1.678889e-17,3.579956e-17,3.579956e-19
2.373725e+01,1.679805e-17,3.615268e-17,3.615268e-19
2.374010e+01,1.696270e-17,3.570972e-17,3.570972e-19
2.374294e+01,1.670544e-17,3.524781e-17,3.524781e-19
2.374578e+01,1.689784e-17,3.572256e-17,3.572256e-19
2.374863e+01,1.665779e-17,3.700822e-17,3.700822e-19
2.375147e+01,1.690984e-17,3.816414e-17,3.816414e-19
2.375431e+01,1.644241e-17,3.817843e-17,3.817843e-19
2.375716e+01,1.676620e-17,3.831381e-17,3.831381e-19
2.376000e+01,1.682088e-17,3.848402e-17,3.848402e-19
2.376284e+01,1.684196e-17,3.880214e-17,3.880214e-19
2.376569e+01,1.652903e-17,3.930816e-17,3.930816e-19
2.376853e+01,1.675409e-17,3.967494e-17,3.967494e-19
2.377138e+01,1.670321e-17,3.962953e-17,3.962953e-19
2.377422e+01,1.670118e-17,4.000256e-17,4.000256e-19
2.377706e+01,1.684188e-17,4.083706e-17,4.083706e-19
2.377991e+01,1.694627e-17,4.166322e-17,4.166322e-19
2.378275e+01,1.682481e-17,4.129712e-17,4.129712e-19
2.378559e+01,1.682841e-17,4.091759e-17,4.091759e-19
2.378844e+01,1.706001e-17,4.162453e-17,4.162453e-19
2.379128e+01,1.710526e-17,4.291358e-17,4.291358e-19
2.379412e+01,1.707244e-17,4.404820e-17,4.404820e-19
2.379697e+01,1.706365e-17,4.469013e-17,4.469013e-19
2.379981e+01,1.705665e-17,4.526753e-17,4.526753e-19
2.380265e+01,1.701321e-17,4.534408e-17,4.534408e-19
2.380550e+01,1.692968e-17,4.499199e-17,4.499199e-19
2.380834e+01,1.728094e-17,4.475168e-17,4.475168e-19
2.381118e+01,1.689971e-17,4.521146e-17,4.521146e-19
2.381403e+01,1.721855e-17,4.682944e-17,4.682944e-19
2.381687e+01,1.712241e-17,4.871831e-17,4.871831e-19
2.381971e+01,1.745706e-17,5.002144e-17,5.002144e-19
2.382256e+01,1.711720e-17,5.025934e-17,5.025934e-19
2.382540e+01,1.739341e-17,5.067167e-17,5.067167e-19
2.382824e+01,1.728223e-17,5.166727e-17,5.166727e-19
2.383109e+01,1.771785e-17,5.288162e-17,5.288162e-19
2.383393e+01,1.742293e-17,5.355033e-17,5.355033e-19
2.383678e+01,1.739059e-17,5.444867e-17,5.444867e-19
2.383962e+01,1.762147e-17,5.549796e-17,5.549796e-19
2.384246e+01,1.746763e-17,5.644802e-17,5.644802e-19
2.384531e+01,1.722320e-17,5.708064e-17,5.708064e-19
2.384815e+01,1.743745e-17,5.742496e-17,5.742496e-19
2.385099e+01,1.774010e-17,5.826995e-17,5.826995e-19
2.385384e+01,1.780523e-17,5.984865e-17,5.984865e-19
2.385668e+01,1.758957e-17,6.015875e-17,6.015875e-19
2.385952e+01,1.731568e-17,5.947168e-17,5.947168e-19
2.386237e+01,1.748233e-17,5.947847e-17,5.947847e-19
2.386521e+01,1.758260e-17,6.085485e-17,6.085485e-19
2.386805e+01,1.774975e-17,6.271760e-17,6.271760e-19
2.387090e+01,1.772672e-17,6.408976e-17,6.408976e-19
2.387374e+01,1.749753e-17,6.419979e-17,6.419979e-19
2.387658e+01,1.755232e-17,6.445691e-17,6.445691e-19
2.387943e+01,1.778496e-17,6.514144e-17,6.514144e-19
2.388227e+01,1.759193e-17,6.617810e-17,6.617810e-19
2.388511e+01,1.777259e-17,6.711050e-17,6.711050e-19
2.388796e+01,1.770790e-17,6.730927e-17,6.730927e-19
2.389080e+01,1.752607e-17,6.694959e-17,6.694959e-19
2.389364e+01,1.750680e-17,6.706987e-17,6.706987e-19
2.389649e+01,1.755627e-17,6.801031e-17,6.801031e-19
2.389933e+01,1.798895e-17,6.853273e-17,6.853273e-19
2.390217e+01,1.768704e-17,6.756432e-17,6.756432e-19
2.390502e+01,1.772509e-17,6.705505e-17,6.705505e-19
2.390786e+01,1.760422e-17,6.758678e-17,6.758678e-19
2.391071e+01,1.760774e-17,6.842656e-17,6.842656e-19
2.391355e+01,1.765843e-17,6.898496e-17,6.898496e-19
2.391639e+01,1.776464e-17,6.903335e-17,6.903335e-19
2.391924e+01,1.783921e-17,6.908530e-17,6.908530e-19
2.392208e+01,1.737997e-17,6.973154e-17,6.973154e-19
2.392492e+01,1.772959e-17,7.016788e-17,7.016788e-19
2.392777e+01,1.751430e-17,7.009589e-17,7.009589e-19
2.393061e+01,1.757087e-17,7.025168e-17,7.025168e-19
2.393345e+01,1.755624e-17,7.015347e-17,7.015347e-19
2.393630e+01,1.757602e-17,6.971092e-17,6.971092e-19
2.393914e+01,1.771613e-17,6.971009e-17,6.971009e-19
2.394198e+01,1.766995e-17,7.013694e-17,7.013694e-19
2.394483e+01,1.748699e-17,7.007526e-17,7.007526e-19
2.394767e+01,1.748430e-17,6.970533e-17,6.970533e-19
2.395051e+01,1.759593e-17,6.931002e-17,6.931002e-19
2.395336e+01,1.754496e-17,6.890495e-17,6.890495e-19
2.395620e+01,1.750022e-17,6.827241e-17,6.827241e-19
2.395904e+01,1.757353e-17,6.729720e-17,6.729720e-19
2.396189e+01,1.755948e-17,6.655201e-17,6.655201e-19
2.396473e+01,1.748074e-17,6.593026e-17,6.593026e-19
2.396757e+01,1.737657e-17,6.499314e-17,6.499314e-19
2.397042e+01,1.717966e-17,6.358321e-17,6.358321e-19
2.397326e+01,1.733317e-17,6.280260e-17,6.280260e-19
2.397610e+01,1.769756e-17,6.269211e-17,6.269211e-19
2.397895e+01,1.749354e-17,6.210265e-17,6.210265e-19
2.398179e+01,1.724438e-17,6.188843e-17,6.188843e-19
2.398464e+01,1.726056e-17,6.241183e-17,6.241183e-19
2.398748e+01,1.744544e-17,6.218199e-17,6.218199e-19
2.399032e+01,1.705116e-17,6.109494e-17,6.109494e-19
2.399317e+01,1.702123e-17,5.997091e-17,5.997091e-19
2.399601e+01,1.716082e-17,6.035992e-17,6.035992e-19
2.399885e+01,1.731366e-17,6.207188e-17,6.207188e-19
2.400170e+01,1.752596e-17,6.348109e-17,6.348109e-19
2.400454e+01,1.759676e-17,6.329521e-17,6.329521e-19
2.400738e+01,1.758859e-17,6.254199e-17,6.254199e-19
2.401023e+01,1.735273e-17,6.279332e-17,6.279332e-19
2.401307e+01,1.776848e-17,6.384591e-17,6.384591e-19
2.401591e+01,1.721112e-17,6.423319e-17,6.423319e-19
2.401876e+01,1.759057e-17,6.490268e-17,6.490268e-19
2.402160e+01,1.733494e-17,6.618989e-17,6.618989e-19
2.402444e+01,1.765384e-17,6.786769e-17,6.786769e-19
2.402729e+01,1.740397e-17,6.898111e-17,6.898111e-19
2.403013e+01,1.740173e-17,6.954738e-17,6.954738e-19
2.403297e+01,1.728135e-17,7.042483e-17,7.042483e-19
2.403582e+01,1.729452e-17,7.206115e-17,7.206115e-19
2.403866e+01,1.748584e-17,7.367975e-17,7.367975e-19
2.404150e+01,1.795313e-17,7.549830e-17,7.549830e-19
2.404435e+01,1.762949e-17,7.738576e-17,7.738576e-19
2.404719e+01,1.771919e-17,7.902224e-17,7.902224e-19
2.405003e+01,1.761515e-17,8.027550e-17,8.027550e-19
2.405288e+01,1.761905e-17,8.085676e-17,8.085676e-19
2.405572e+01,1.763538e-17,8.099458e-17,8.099458e-19
2.405857e+01,1.724863e-17,8.119183e-17,8.119183e-19
2.406141e+01,1.755616e-17,8.207347e-17,8.207347e-19
2.406425e+01,1.761744e-17,8.314056e-17,8.314056e-19
2.406710e+01,1.746406e-17,8.354684e-17,8.354684e-19
2.406994e+01,1.755852e-17,8.400988e-17,8.400988e-19
2.407278e+01,1.743526e-17,8.457749e-17,8.457749e-19
2.407563e+01,1.761736e-17,8.507687e-17,8.507687e-19
2.407847e+01,1.758259e-17,8.530633e-17,8.530633e-19
2.408131e+01,1.766278e-17,8.517254e-17,8.517254e-19
2.408416e+01,1.755458e-17,8.412466e-17,8.412466e-19
2.408700e+01,1.743762e-17,8.273013e-17,8.273013e-19
2.408984e+01,1.724758e-17,8.107797e-17,8.107797e-19
2.409269e+01,1.735076e-17,7.928698e-17,7.928698e-19
2.409553e+01,1.721931e-17,7.762818e-17,7.762818e-19
2.409837e+01,1.691265e-17,7.611838e-17,7.611838e-19
2.410122e+01,1.722785e-17,7.452680e-17,7.452680e-19
2.410406e+01,1.727829e-17,7.226479e-17,7.226479e-19
2.410690e+01,1.705271e-17,6.965126e-17,6.965126e-19
2.410975e+01,1.722078e-17,6.719246e-17,6.719246e-19
2.411259e+01,1.742898e-17,6.513683e-17,6.513683e-19
2.411543e+01,1.680258e-17,6.331961e-17,6.331961e-19
2.411828e+01,1.695764e-17,6.200545e-17,6.200545e-19
2.412112e+01,1.714189e-17,6.048189e-17,6.048189e-19
2.412397e+01,1.717333e-17,5.862648e-17,5.862648e-19
2.412681e+01,1.688357e-17,5.647065e-17,5.647065e-19
2.412965e+01,1.698987e-17,5.463528e-17,5.463528e-19
2.413250e+01,1.691508e-17,5.254211e-17,5.254211e-19
2.413534e+01,1.692777e-17,5.092287e-17,5.092287e-19
2.413818e+01,1.683570e-17,4.936461e-17,4.936461e-19
2.414103e+01,1.691494e-17,4.758308e-17,4.758308e-19
2.414387e+01,1.681755e-17,4.608901e-17,4.608901e-19
2.414671e+01,1.685321e-17,4.520751e-17,4.520751e-19
2.414956e+01,1.697992e-17,4.470690e-17,4.470690e-19
2.415240e+01,1.662922e-17,4.407514e-17,4.407514e-19
2.415524e+01,1.672613e-17,4.380046e-17,4.380046e-19
2.415809e+01,1.651097e-17,4.321729e-17,4.321729e-19
2.416093e+01,1.672951e-17,4.277594e-17,4.277594e-19
2.416377e+01,1.650155e-17,4.249899e-17,4.249899e-19
2.416662e+01,1.669672e-17,4.247743e-17,4.247743e-19
2.416946e+01,1.675122e-17,4.249630e-17,4.249630e-19
2.417230e+01,1.675550e-17,4.232522e-17,4.232522e-19
2.417515e+01,1.656956e-17,4.241674e-17,4.241674e-19
2.417799e+01,1.674501e-17,4.286815e-17,4.286815e-19
2.418083e+01,1.676866e-17,4.314045e-17,4.314045e-19
2.418368e+01,1.665852e-17,4.268554e-17,4.268554e-19
2.418652e+01,1.651732e-17,4.275344e-17,4.275344e-19
2.418936e+01,1.632040e-17,4.356577e-17,4.356577e-19
2.419221e+01,1.684359e-17,4.469616e-17,4.469616e-19
2.419505e+01,1.623544e-17,4.482858e-17,4.482858e-19
2.419790e+01,1.659859e-17,4.484689e-17,4.484689e-19
2.420074e+01,1.651931e-17,4.532847e-17,4.532847e-19
2.420358e+01,1.640203e-17,4.623951e-17,4.623951e-19
2.420643e+01,1.651207e-17,4.633974e-17,4.633974e-19
2.420927e+01,1.649563e-17,4.645347e-17,4.645347e-19
2.421211e+01,1.654536e-17,4.715181e-17,4.715181e-19
2.421496e+01,1.675885e-17,4.784890e-17,4.784890e-19
2.421780e+01,1.661181e-17,4.816131e-17,4.816131e-19
2.422064e+01,1.656582e-17,4.873588e-17,4.873588e-19
2.422349e+01,1.663068e-17,4.932110e-17,4.932110e-19
2.422633e+01,1.651266e-17,4.945216e-17,4.945216e-19
2.422917e+01,1.666646e-17,4.928940e-17,4.928940e-19
2.423202e+01,1.647409e-17,4.945883e-17,4.945883e-19
2.423486e+01,1.648464e-17,5.005075e-17,5.005075e-19
2.423770e+01,1.665590e-17,5.107848e-17,5.107848e-19
2.424055e+01,1.647867e-17,5.202898e-17,5.202898e-19
2.424339e+01,1.684367e-17,5.292809e-17,5.292809e-19
2.424623e+01,1.681449e-17,5.333437e-17,5.333437e-19
2.424908e+01,1.672826e-17,5.379363e-17,5.379363e-19
2.425192e+01,1.660870e-17,5.396797e-17,5.396797e-19
2.425476e+01,1.691904e-17,5.432267e-17,5.432267e-19
2.425761e+01,1.667974e-17,5.513576e-17,5.513576e-19
2.426045e+01,1.684296e-17,5.655695e-17,5.655695e-19
2.426329e+01,1.673375e-17,5.782945e-17,5.782945e-19
2.426614e+01,1.680033e-17,5.900338e-17,5.900338e-19
2.426898e+01,1.681458e-17,6.007170e-17,6.007170e-19
2.427183e+01,1.707558e-17,6.132016e-17,6.132016e-19
2.427467e+01,1.722002e-17,6.198723e-17,6.198723e-19
2.427751e+01,1.718866e-17,6.233122e-17,6.233122e-19
2.428036e+01,1.715212e-17,6.428319e-17,6.428319e-19
2.428320e+01,1.724792e-17,6.607692e-17,6.607692e-19
2.428604e+01,1.708988e-17,6.610413e-17,6.610413e-19
2.428889e+01,1.725178e-17,6.672365e-17,6.672365e-19
2.429173e+01,1.738443e-17,6.863219e-17,6.863219e-19
2.429457e+01,1.736165e-17,6.977119e-17,6.977119e-19
2.429742e+01,1.714464e-17,7.049282e-17,7.049282e-19
2.430026e+01,1.724373e-17,7.158458e-17,7.158458e-19
2.430310e+01,1.735937e-17,7.205463e-17,7.205463e-19
2.430595e+01,1.741390e-17,7.278537e-17,7.278537e-19
2.430879e+01,1.734989e-17,7.411785e-17,7.411785e-19
2.431163e+01,1.740097e-17,7.434975e-17,7.434975e-19
2.431448e+01,1.724844e-17,7.404388e-17,7.404388e-19
2.431732e+01,1.740740e-17,7.460757e-17,7.460757e-19
2.432016e+01,1.765029e-17,7.532740e-17,7.532740e-19
2.432301e+01,1.738269e-17,7.516720e-17,7.516720e-19
2.432585e+01,1.759260e-17,7.487198e-17,7.487198e-19
2.432869e+01,1.773239e-17,7.527599e-17,7.527599e-19
2.433154e+01,1.720178e-17,7.619877e-17,7.619877e-19
2.433438e+01,1.709946e-17,7.644903e-17,7.644903e-19
2.433723e+01,1.739809e-17,7.641496e-17,7.641496e-19
2.434007e+01,1.739645e-17,7.691169e-17,7.691169e-19
2.434291e+01,1.717040e-17,7.716399e-17,7.716399e-19
2.434576e+01,1.733375e-17,7.738780e-17,7.738780e-19
2.434860e+01,1.715727e-17,7.792480e-17,7.792480e-19
2.435144e+01,1.735276e-17,7.820890e-17,7.820890e-19
2.435429e+01,1.739797e-17,7.825769e-17,7.825769e-19
2.435713e+01,1.737103e-17,7.819043e-17,7.819043e-19
2.435997e+01,1.745944e-17,7.762856e-17,7.762856e-19
2.436282e+01,1.727004e-17,7.701539e-17,7.701539e-19
2.436566e+01,1.720442e-17,7.691991e-17,7.691991e-19
2.436850e+01,1.723487e-17,7.756196e-17,7.756196e-19
2.437135e+01,1.738777e-17,7.823955e-17,7.823955e-19
2.437419e+01,1.749201e-17,7.847593e-17,7.847593e-19
2.437703e+01,1.740816e-17,7.829157e-17,7.829157e-19
2.437988e+01,1.732022e-17,7.792942e-17,7.792942e-19
2.438272e+01,1.745601e-17,7.811642e-17,7.811642e-19
2.438556e+01,1.743256e-17,7.872685e-17,7.872685e-19
2.438841e+01,1.730746e-17,7.896935e-17,7.896935e-19
2.439125e+01,1.730022e-17,7.870871e-17,7.870871e-19
2.439409e+01,1.753323e-17,7.832157e-17,7.832157e-19
2.439694e+01,1.752530e-17,7.862917e-17,7.862917e-19
2.439978e+01,1.726859e-17,7.942743e-17,7.942743e-19
2.440262e+01,1.749332e-17,7.998770e-17,7.998770e-19
2.440547e+01,1.726825e-17,7.993650e-17,7.993650e-19
2.440831e+01,1.734226e-17,7.974481e-17,7.974481e-19
2.441116e+01,1.717720e-17,7.956085e-17,7.956085e-19
2.441400e+01,1.739964e-17,7.942233e-17,7.942233e-19
2.441684e+01,1.742828e-17,7.922699e-17,7.922699e-19
2.441969e+01,1.736112e-17,7.930405e-17,7.930405e-19
2.442253e+01,1.753287e-17,7.973218e-17,7.973218e-19
2.442537e+01,1.730395e-17,7.983843e-17,7.983843e-19
2.442822e+01,1.733368e-17,7.908311e-17,7.908311e-19
2.443106e+01,1.743199e-17,7.822557e-17,7.822557e-19
2.443390e+01,1.707825e-17,7.753462e-17,7.753462e-19
2.443675e+01,1.692790e-17,7.727440e-17,7.727440e-19
2.443959e+01,1.723466e-17,7.748216e-17,7.748216e-19
2.444243e+01,1.723718e-17,7.727034e-17,7.727034e-19
2.444528e+01,1.697907e-17,7.649561e-17,7.649561e-19
2.444812e+01,1.725402e-17,7.607703e-17,7.607703e-19
2.445096e+01,1.699801e-17,7.581761e-17,7.581761e-19
2.445381e+01,1.727981e-17,7.588967e-17,7.588967e-19
2.445665e+01,1.722541e-17,7.629503e-17,7.629503e-19
2.445949e+01,1.703238e-17,7.617640e-17,7.617640e-19
2.446234e+01,1.684392e-17,7.596341e-17,7.596341e-19
2.446518e+01,1.700351e-17,7.592915e-17,7.592915e-19
2.446802e+01,1.747514e-17,7.603483e-17,7.603483e-19
2.447087e+01,1.701896e-17,7.574339e-17,7.574339e-19
2.447371e+01,1.705597e-17,7.578207e-17,7.578207e-19
2.447655e+01,1.712659e-17,7.624868e-17,7.624868e-19
2.447940e+01,1.703449e-17,7.688531e-17,7.688531e-19
2.448224e+01,1.708320e-17,7.683136e-17,7.683136e-19
2.448509e+01,1.742736e-17,7.620161e-17,7.620161e-19
2.448793e+01,1.692990e-17,7.604859e-17,7.604859e-19
2.449077e+01,1.716567e-17,7.695475e-17,7.695475e-19
2.449362e+01,1.709805e-17,7.761312e-17,7.761312e-19
2.449646e+01,1.680580e-17,7.766508e-17,7.766508e-19
2.449930e+01,1.697667e-17,7.742761e-17,7.742761e-19
2.450215e+01,1.713853e-17,7.698132e-17,7.698132e-19
2.450499e+01,1.692277e-17,7.670558e-17,7.670558e-19
2.450783e+01,1.689556e-17,7.672906e-17,7.672906e-19
2.451068e+01,1.727161e-17,7.679696e-17,7.679696e-19
2.451352e+01,1.723709e-17,7.660011e-17,7.660011e-19
2.451636e+01,1.743162e-17,7.648465e-17,7.648465e-19
2.451921e+01,1.739918e-17,7.674066e-17,7.674066e-19
2.452205e+01,1.720915e-17,7.727089e-17,7.727089e-19
2.452489e+01,1.710365e-17,7.739591e-17,7.739591e-19
2.452774e+01,1.727916e-17,7.716696e-17,7.716696e-19
2.453058e+01,1.704428e-17,7.688264e-17,7.688264e-19
2.453342e+01,1.755216e-17,7.655560e-17,7.655560e-19
2.453627e+01,1.700515e-17,7.633495e-17,7.633495e-19
2.453911e+01,1.733605e-17,7.673880e-17,7.673880e-19
2.454195e+01,1.730187e-17,7.699108e-17,7.699108e-19
2.454480e+01,1.732853e-17,7.690863e-17,7.690863e-19
2.454764e+01,1.719214e-17,7.694704e-17,7.694704e-19
2.455048e+01,1.695811e-17,7.711494e-17,7.711494e-19
2.455333e+01,1.728653e-17,7.753251e-17,7.753251e-19
2.455617e+01,1.764369e-17,7.778941e-17,7.778941e-19
2.455902e+01,1.731419e-17,7.746929e-17,7.746929e-19
2.456186e+01,1.737605e-17,7.748037e-17,7.748037e-19
2.456470e+01,1.738331e-17,7.788431e-17,7.788431e-19
2.456755e+01,1.751562e-17,7.839294e-17,7.839294e-19
2.457039e+01,1.708212e-17,7.884126e-17,7.884126e-19
2.457323e+01,1.739945e-17,7.999147e-17,7.999147e-19
2.457608e+01,1.739861e-17,8.122116e-17,8.122116e-19
2.457892e+01,1.754361e-17,8.173043e-17,8.173043e-19
2.458176e+01,1.719909e-17,8.205323e-17,8.205323e-19
2.458461e+01,1.741009e-17,8.308398e-17,8.308398e-19
2.458745e+01,1.751203e-17,8.460153e-17,8.460153e-19
2.459029e+01,1.759036e-17,8.616873e-17,8.616873e-19
2.459314e+01,1.755732e-17,8.724250e-17,8.724250e-19
2.459598e+01,1.753180e-17,8.797338e-17,8.797338e-19
2.459882e+01,1.719703e-17,8.882446e-17,8.882446e-19
2.460167e+01,1.757654e-17,8.982824e-17,8.982824e-19
2.460451e+01,1.732702e-17,9.098809e-17,9.098809e-19
2.460735e+01,1.755271e-17,9.299946e-17,9.299946e-19
2.461020e+01,1.753547e-17,9.491133e-17,9.491133e-19
2.461304e+01,1.779173e-17,9.607970e-17,9.607970e-19
2.461588e+01,1.740852e-17,9.750424e-17,9.750424e-19
2.461873e+01,1.758510e-17,9.971986e-17,9.971986e-19
2.462157e+01,1.778282e-17,1.018265e-16,1.018265e-18
2.462442e+01,1.772048e-17,1.035608e-16,1.035608e-18
2.462726e+01,1.783540e-17,1.051156e-16,1.051156e-18
2.463010e+01,1.782229e-17,1.061182e-16,1.061182e-18
2.463295e+01,1.738546e-17,1.068828e-16,1.068828e-18
2.463579e+01,1.752694e-17,1.077072e-16,1.077072e-18
2.463863e+01,1.776791e-17,1.083756e-16,1.083756e-18
2.464148e+01,1.750929e-17,1.084813e-16,1.084813e-18
2.464432e+01,1.791390e-17,1.084529e-16,1.084529e-18
2.464716e+01,1.764301e-17,1.081136e-16,1.081136e-18
2.465001e+01,1.787100e-17,1.075323e-16,1.075323e-18
2.465285e+01,1.749246e-17,1.068024e-16,1.068024e-18
2.465569e+01,1.757041e-17,1.061727e-16,1.061727e-18
2.465854e+01,1.726294e-17,1.057080e-16,1.057080e-18
2.466138e+01,1.725806e-17,1.054439e-16,1.054439e-18
2.466422e+01,1.764303e-17,1.047128e-16,1.047128e-18
2.466707e+01,1.718937e-17,1.034817e-16,1.034817e-18
2.466991e+01,1.737352e-17,1.019253e-16,1.019253e-18
2.467275e+01,1.765638e-17,1.002037e-16,1.002037e-18
2.467560e+01,1.731767e-17,9.854082e-17,9.854082e-19
2.467844e+01,1.751789e-17,9.702211e-17,9.702211e-19
2.468128e+01,1.736409e-17,9.513728e-17,9.513728e-19
2.468413e+01,1.731370e-17,9.375063e-17,9.375063e-19
2.468697e+01,1.723898e-17,9.281348e-17,9.281348e-19
2.468981e+01,1.738393e-17,9.187939e-17,9.187939e-19
2.469266e+01,1.744378e-17,9.126519e-17,9.126519e-19
2.469550e+01,1.738717e-17,9.055343e-17,9.055343e-19
2.469835e+01,1.730668e-17,8.950102e-17,8.950102e-19
2.470119e+01,1.715566e-17,8.895005e-17,8.895005e-19
2.470403e+01,1.722214e-17,8.851197e-17,8.851197e-19
2.470688e+01,1.727388e-17,8.727363e-17,8.727363e-19
2.470972e+01,1.729834e-17,8.621101e-17,8.621101e-19
2.471256e+01,1.735331e-17,8.590478e-17,8.590478e-19
2.471541e+01,1.738326e-17,8.636089e-17,8.636089e-19
2.471825e+01,1.707655e-17,8.666936e-17,8.666936e-19
2.472109e+01,1.733239e-17,8.661655e-17,8.661655e-19
2.472394e+01,1.725449e-17,8.596406e-17,8.596406e-19
2.472678e+01,1.728590e-17,8.491863e-17,8.491863e-19
2.472962e+01,1.709481e-17,8.408144e-17,8.408144e-19
2.473247e+01,1.733090e-17,8.404256e-17,8.404256e-19
2.473531e+01,1.713427e-17,8.440992e-17,8.440992e-19
2.473815e+01,1.724054e-17,8.446174e-17,8.446174e-19
2.474100e+01,1.728710e-17,8.380105e-17,8.380105e-19
2.474384e+01,1.711588e-17,8.292832e-17,8.292832e-19
2.474668e+01,1.706777e-17,8.222640e-17,8.222640e-19
2.474953e+01,1.741361e-17,8.204385e-17,8.204385e-19
2.475237e+01,1.723215e-17,8.200711e-17,8.200711e-19
2.475521e+01,1.704741e-17,8.202696e-17,8.202696e-19
2.475806e+01,1.712042e-17,8.213467e-17,8.213467e-19
2.476090e+01,1.722175e-17,8.188631e-17,8.188631e-19
2.476374e+01,1.724343e-17,8.156638e-17,8.156638e-19
2.476659e+01,1.702535e-17,8.093753e-17,8.093753e-19
2.476943e+01,1.703006e-17,8.012708e-17,8.012708e-19
2.477228e+01,1.702037e-17,7.986988e-17,7.986988e-19
2.477512e+01,1.727079e-17,8.009294e-17,8.009294e-19
2.477796e+01,1.716589e-17,8.013840e-17,8.013840e-19
2.478081e+01,1.708990e-17,8.003525e-17,8.003525e-19
2.478365e+01,1.687379e-17,7.937399e-17,7.937399e-19
2.478649e+01,1.711718e-17,7.867659e-17,7.867659e-19
2.478934e+01,1.686069e-17,7.873092e-17,7.873092e-19
2.479218e+01,1.710940e-17,7.888328e-17,7.888328e-19
2.479502e+01,1.692752e-17,7.844663e-17,7.844663e-19
2.479787e+01,1.695305e-17,7.819447e-17,7.819447e-19
2.480071e+01,1.704347e-17,7.856178e-17,7.856178e-19
2.480355e+01,1.699653e-17,7.854528e-17,7.854528e-19
2.480640e+01,1.715436e-17,7.766649e-17,7.766649e-19
2.480924e+01,1.709704e-17,7.696056e-17,7.696056e-19
2.481208e+01,1.704889e-17,7.638879e-17,7.638879e-19
2.481493e+01,1.705780e-17,7.598165e-17,7.598165e-19
2.481777e+01,1.694124e-17,7.587103e-17,7.587103e-19
2.482061e+01,1.684870e-17,7.572346e-17,7.572346e-19
2.482346e+01,1.686386e-17,7.564145e-17,7.564145e-19
2.482630e+01,1.707518e-17,7.572791e-17,7.572791e-19
2.482914e+01,1.669527e-17,7.521368e-17,7.521368e-19
2.483199e+01,1.709377e-17,7.463333e-17,7.463333e-19
2.483483e+01,1.686601e-17,7.429414e-17,7.429414e-19
2.483768e+01,1.673665e-17,7.472933e-17,7.472933e-19
2.484052e+01,1.701904e-17,7.542378e-17,7.542378e-19
2.484336e+01,1.682520e-17,7.500503e-17,7.500503e-19
2.484621e+01,1.724858e-17,7.402916e-17,7.402916e-19
2.484905e+01,1.698908e-17,7.340208e-17,7.340208e-19
2.485189e+01,1.712854e-17,7.328935e-17,7.328935e-19
2.485474e+01,1.708621e-17,7.330894e-17,7.330894e-19
2.485758e+01,1.714932e-17,7.279190e-17,7.279190e-19
2.486042e+01,1.718421e-17,7.205349e-17,7.205349e-19
2.486327e+01,1.717735e-17,7.155390e-17,7.155390e-19
2.486611e+01,1.698262e-17,7.160380e-17,7.160380e-19
2.486895e+01,1.731228e-17,7.161168e-17,7.161168e-19
2.487180e+01,1.703233e-17,7.095406e-17,7.095406e-19
2.487464e+01,1.693828e-17,6.986341e-17,6.986341e-19
2.487748e+01,1.694039e-17,6.911593e-17,6.911593e-19
2.488033e+01,1.658835e-17,6.927493e-17,6.927493e-19
2.488317e+01,1.697273e-17,6.985222e-17,6.985222e-19
2.488601e+01,1.691346e-17,6.953066e-17,6.953066e-19
2.488886e+01,1.677522e-17,6.899228e-17,6.899228e-19
2.489170e+01,1.702744e-17,6.881236e-17,6.881236e-19
2.489454e+01,1.713833e-17,6.842591e-17,6.842591e-19
2.489739e+01,1.682940e-17,6.797095e-17,6.797095e-19
2.490023e+01,1.704954e-17,6.788405e-17,6.788405e-19
2.490307e+01,1.696921e-17,6.778899e-17,6.778899e-19
2.490592e+01,1.689627e-17,6.810144e-17,6.810144e-19
2.490876e+01,1.693129e-17,6.867480e-17,6.867480e-19
2.491161e+01,1.696462e-17,6.899594e-17,6.899594e-19
2.491445e+01,1.714176e-17,6.836151e-17,6.836151e-19
2.491729e+01,1.681558e-17,6.724460e-17,6.724460e-19
2.492014e+01,1.678464e-17,6.632045e-17,6.632045e-19
2.492298e+01,1.696605e-17,6.613593e-17,6.613593e-19
2.492582e+01,1.699340e-17,6.592675e-17,6.592675e-19
2.492867e+01,1.718321e-17,6.595868e-17,6.595868e-19
2.493151e+01,1.686710e-17,6.593105e-17,6.593105e-19
2.493435e+01,1.696764e-17,6.549259e-17,6.549259e-19
2.493720e+01,1.684560e-17,6.436743e-17,6.436743e-19
2.494004e+01,1.690600e-17,6.338458e-17,6.338458e-19
2.494288e+01,1.700757e-17,6.290967e-17,6.290967e-19
2.494573e+01,1.683876e-17,6.238645e-17,6.238645e-19
2.494857e+01,1.653069e-17,6.169562e-17,6.169562e-19
2.495141e+01,1.667429e-17,6.165770e-17,6.165770e-19
2.495426e+01,1.677489e-17,6.180328e-17,6.180328e-19
2.495710e+01,1.683693e-17,6.155997e-17,6.155997e-19
2.495994e+01,1.655338e-17,6.085297e-17,6.085297e-19
2.496279e+01,1.651800e-17,6.042383e-17,6.042383e-19
2.496563e+01,1.662882e-17,6.050613e-17,6.050613e-19
2.496847e+01,1.667037e-17,6.049891e-17,6.049891e-19
2.497132e+01,1.675822e-17,6.043106e-17,6.043106e-19
2.497416e+01,1.658029e-17,6.000492e-17,6.000492e-19
2.497700e+01,1.644125e-17,5.974698e-17,5.974698e-19
2.497985e+01,1.640553e-17,5.974056e-17,5.974056e-19
2.498269e+01,1.673401e-17,5.941247e-17,5.941247e-19
2.498554e+01,1.685588e-17,5.895666e-17,5.895666e-19
2.498838e+01,1.654689e-17,5.869364e-17,5.869364e-19
2.499122e+01,1.662768e-17,5.822803e-17,5.822803e-19
2.499407e+01,1.672098e-17,5.775638e-17,5.775638e-19
2.499691e+01,1.628301e-17,5.745501e-17,5.745501e-19
2.499975e+01,1.651316e-17,5.702840e-17,5.702840e-19
2.500260e+01,1.664265e-17,5.675634e-17,5.675634e-19
2.500544e+01,1.641774e-17,5.695746e-17,5.695746e-19
2.500828e+01,1.649757e-17,5.703882e-17,5.703882e-19
2.501113e+01,1.679427e-17,5.743664e-17,5.743664e-19
2.501397e+01,1.664511e-17,5.814787e-17,5.814787e-19
2.501681e+01,1.658648e-17,5.812405e-17,5.812405e-19
2.501966e+01,1.688936e-17,5.795157e-17,5.795157e-19
2.502250e+01,1.651753e-17,5.792788e-17,5.792788e-19
2.502534e+01,1.645793e-17,5.820803e-17,5.820803e-19
2.502819e+01,1.630257e-17,5.836585e-17,5.836585e-19
2.503103e+01,1.685365e-17,5.857983e-17,5.857983e-19
2.503387e+01,1.672019e-17,5.847200e-17,5.847200e-19
2.503672e+01,1.654825e-17,5.907663e-17,5.907663e-19
2.503956e+01,1.640223e-17,5.996971e-17,5.996971e-19
2.504240e+01,1.659417e-17,5.993740e-17,5.993740e-19
2.504525e+01,1.679673e-17,5.975388e-17,5.975388e-19
2.504809e+01,1.655599e-17,6.002562e-17,6.002562e-19
2.505093e+01,1.679564e-17,6.096831e-17,6.096831e-19
2.505378e+01,1.643043e-17,6.108725e-17,6.108725e-19
2.505662e+01,1.658398e-17,6.164248e-17,6.164248e-19
2.505947e+01,1.656417e-17,6.269228e-17,6.269228e-19
2.506231e+01,1.663457e-17,6.316167e-17,6.316167e-19
2.506515e+01,1.673195e-17,6.285524e-17,6.285524e-19
2.506800e+01,1.658988e-17,6.256603e-17,6.256603e-19
2.507084e+01,1.704886e-17,6.324752e-17,6.324752e-19
2.507368e+01,1.662662e-17,6.397183e-17,6.397183e-19
2.507653e+01,1.679586e-17,6.422822e-17,6.422822e-19
2.507937e+01,1.647346e-17,6.447476e-17,6.447476e-19
2.508221e+01,1.654149e-17,6.443815e-17,6.443815e-19
2.508506e+01,1.674414e-17,6.418875e-17,6.418875e-19
2.508790e+01,1.659536e-17,6.350557e-17,6.350557e-19
2.509074e+01,1.655590e-17,6.291737e-17,6.291737e-19
2.509359e+01,1.668756e-17,6.208972e-17,6.208972e-19
2.509643e+01,1.675072e-17,6.187543e-17,6.187543e-19
2.509927e+01,1.675958e-17,6.227487e-17,6.227487e-19
2.510212e+01,1.665598e-17,6.273650e-17,6.273650e-19
2.510496e+01,1.684449e-17,6.236500e-17,6.236500e-19
2.510780e+01,1.687263e-17,6.188593e-17,6.188593e-19
2.511065e+01,1.680873e-17,6.142089e-17,6.142089e-19
2.511349e+01,1.687232e-17,6.125859e-17,6.125859e-19
2.511633e+01,1.665117e-17,6.104481e-17,6.104481e-19
2.511918e+01,1.682277e-17,6.047772e-17,6.047772e-19
2.512202e+01,1.682629e-17,5.994188e-17,5.994188e-19
2.512487e+01,1.653175e-17,5.973906e-17,5.973906e-19
2.512771e+01,1.701741e-17,5.904877e-17,5.904877e-19
2.513055e+01,1.675345e-17,5.766587e-17,5.766587e-19
2.513340e+01,1.660402e-17,5.656967e-17,5.656967e-19
2.513624e+01,1.665093e-17,5.537148e-17,5.537148e-19
2.513908e+01,1.662098e-17,5.436453e-17,5.436453e-19
2.514193e+01,1.656726e-17,5.369646e-17,5.369646e-19
2.514477e+01,1.645687e-17,5.298525e-17,5.298525e-19
2.514761e+01,1.630072e-17,5.255210e-17,5.255210e-19
2.515046e+01,1.635475e-17,5.165055e-17,5.165055e-19
2.515330e+01,1.639974e-17,5.051815e-17,5.051815e-19
2.515614e+01,1.609978e-17,4.917749e-17,4.917749e-19
2.515899e+01,1.617567e-17,4.742685e-17,4.742685e-19
2.516183e+01,1.629236e-17,4.628060e-17,4.628060e-19
2.516467e+01,1.617775e-17,4.511225e-17,4.511225e-19
2.516752e+01,1.611964e-17,4.384999e-17,4.384999e-19
2.517036e+01,1.610074e-17,4.336622e-17,4.336622e-19
2.517320e+01,1.613946e-17,4.287671e-17,4.287671e-19
2.517605e+01,1.603965e-17,4.120618e-17,4.120618e-19
2.517889e+01,1.581732e-17,4.036356e-17,4.036356e-19
2.518173e+01,1.596358e-17,4.046201e-17,4.046201e-19
2.518458e+01,1.593083e-17,3.989154e-17,3.989154e-19
2.518742e+01,1.598990e-17,3.951884e-17,3.951884e-19
2.519026e+01,1.603631e-17,3.948485e-17,3.948485e-19
2.519311e+01,1.589254e-17,3.866643e-17,3.866643e-19
2.519595e+01,1.588669e-17,3.809338e-17,3.809338e-19
2.519880e+01,1.589720e-17,3.790788e-17,3.790788e-19
2.520164e+01,1.586187e-17,3.729374e-17,3.729374e-19
2.520448e+01,1.576580e-17,3.644063e-17,3.644063e-19
2.520733e+01,1.569728e-17,3.697525e-17,3.697525e-19
2.521017e+01,1.587331e-17,3.726214e-17,3.726214e-19
2.521301e+01,1.568415e-17,3.710837e-17,3.710837e-19
2.521586e+01,1.588789e-17,3.719087e-17,3.719087e-19
2.521870e+01,1.597668e-17,3.752853e-17,3.752853e-19
2.522154e+01,1.579729e-17,3.787928e-17,3.787928e-19
2.522439e+01,1.600639e-17,3.837934e-17,3.837934e-19
2.522723e+01,1.611204e-17,3.798573e-17,3.798573e-19
2.523007e+01,1.595262e-17,3.739677e-17,3.739677e-19
2.523292e+01,1.549073e-17,3.805453e-17,3.805453e-19
2.523576e+01,1.598571e-17,3.925091e-17,3.925091e-19
2.523860e+01,1.574471e-17,3.855687e-17,3.855687e-19
2.524145e+01,1.607536e-17,3.828577e-17,3.828577e-19
2.524429e+01,1.604105e-17,3.834418e-17,3.834418e-19
2.524713e+01,1.584634e-17,3.839443e-17,3.839443e-19
2.524998e+01,1.600760e-17,3.956305e-17,3.956305e-19
2.525282e+01,1.620802e-17,4.072224e-17,4.072224e-19
2.525566e+01,1.622157e-17,4.133412e-17,4.133412e-19
2.525851e+01,1.606846e-17,4.115973e-17,4.115973e-19
2.526135e+01,1.606900e-17,3.996827e-17,3.996827e-19
2.526419e+01,1.626287e-17,3.881102e-17,3.881102e-19
2.526704e+01,1.596722e-17,3.844075e-17,3.844075e-19
2.526988e+01,1.584036e-17,3.865597e-17,3.865597e-19
2.527273e+01,1.579063e-17,3.843983e-17,3.843983e-19
2.527557e+01,1.598449e-17,3.789293e-17,3.789293e-19
2.527841e+01,1.586638e-17,3.722408e-17,3.722408e-19
2.528126e+01,1.573402e-17,3.696718e-17,3.696718e-19
2.528410e+01,1.589843e-17,3.661688e-17,3.661688e-19
2.528694e+01,1.581705e-17,3.660693e-17,3.660693e-19
2.528979e+01,1.581910e-17,3.690460e-17,3.690460e-19
2.529263e+01,1.594187e-17,3.728100e-17,3.728100e-19
2.529547e+01,1.590071e-17,3.707670e-17,3.707670e-19
2.529832e+01,1.617568e-17,3.698321e-17,3.698321e-19
2.530116e+01,1.579773e-17,3.659688e-17,3.659688e-19
2.530400e+01,1.586371e-17,3.621290e-17,3.621290e-19
2.530685e+01,1.578700e-17,3.635350e-17,3.635350e-19
2.530969e+01,1.588333e-17,3.735977e-17,3.735977e-19
2.531253e+01,1.566492e-17,3.753388e-17,3.753388e-19
2.531538e+01,1.564549e-17,3.640815e-17,3.640815e-19
2.531822e+01,1.565490e-17,3.629215e-17,3.629215e-19
2.532106e+01,1.571448e-17,3.717522e-17,3.717522e-19
2.532391e+01,1.565203e-17,3.779489e-17,3.779489e-19
2.532675e+01,1.564154e-17,3.751686e-17,3.751686e-19
2.532959e+01,1.581468e-17,3.744232e-17,3.744232e-19
2.533244e+01,1.600811e-17,3.841359e-17,3.841359e-19
2.533528e+01,1.607630e-17,3.917281e-17,3.917281e-19
2.533813e+01,1.617148e-17,3.943659e-17,3.943659e-19
2.534097e+01,1.571031e-17,3.967659e-17,3.967659e-19
2.534381e+01,1.604011e-17,4.040030e-17,4.040030e-19
2.534666e+01,1.613831e-17,4.073913e-17,4.073913e-19
2.534950e+01,1.631884e-17,4.146668e-17,4.146668e-19
2.535234e+01,1.589393e-17,4.274080e-17,4.274080e-19
2.535519e+01,1.591170e-17,4.365862e-17,4.365862e-19
2.535803e+01,1.616256e-17,4.380291e-17,4.380291e-19
2.536087e+01,1.605718e-17,4.359140e-17,4.359140e-19
2.536372e+01,1.616293e-17,4.376661e-17,4.376661e-19
2.536656e+01,1.605222e-17,4.420337e-17,4.420337e-19
2.536940e+01,1.607136e-17,4.547670e-17,4.547670e-19
2.537225e+01,1.596321e-17,4.647400e-17,4.647400e-19
2.537509e+01,1.616306e-17,4.671516e-17,4.671516e-19
2.537793e+01,1.637311e-17,4.665456e-17,4.665456e-19
2.538078e+01,1.617386e-17,4.627452e-17,4.627452e-19
2.538362e+01,1.625202e-17,4.562942e-17,4.562942e-19
2.538646e+01,1.592820e-17,4.550046e-17,4.550046e-19
2.538931e+01,1.629229e-17,4.657535e-17,4.657535e-19
2.539215e+01,1.587826e-17,4.815591e-17,4.815591e-19
2.539499e+01,1.617928e-17,4.872432e-17,4.872432e-19
2.539784e+01,1.650525e-17,4.837090e-17,4.837090e-19
2.540068e+01,1.629551e-17,4.808656e-17,4.808656e-19
2.540352e+01,1.627631e-17,4.799989e-17,4.799989e-19
2.540637e+01,1.625272e-17,4.767400e-17,4.767400e-19
2.540921e+01,1.619456e-17,4.798689e-17,4.798689e-19
2.541206e+01,1.612218e-17,4.861497e-17,4.861497e-19
2.541490e+01,1.598754e-17,4.850357e-17,4.850357e-19
2.541774e+01,1.601326e-17,4.841012e-17,4.841012e-19
2.542059e+01,1.630994e-17,4.885520e-17,4.885520e-19
2.542343e+01,1.583202e-17,4.948399e-17,4.948399e-19
2.542627e+01,1.630445e-17,4.959778e-17,4.959778e-19
2.542912e+01,1.601570e-17,4.896469e-17,4.896469e-19
2.543196e+01,1.604857e-17,4.980959e-17,4.980959e-19
2.543480e+01,1.607974e-17,5.084694e-17,5.084694e-19
2.543765e+01,1.627496e-17,5.086422e-17,5.086422e-19
2.544049e+01,1.615570e-17,5.070352e-17,5.070352e-19
2.544333e+01,1.641689e-17,5.108872e-17,5.108872e-19
2.544618e+01,1.615642e-17,5.142743e-17,5.142743e-19
2.544902e+01,1.648851e-17,5.200629e-17,5.200629e-19
2.545186e+01,1.643113e-17,5.288572e-17,5.288572e-19
2.545471e+01,1.622409e-17,5.403076e-17,5.403076e-19
2.545755e+01,1.626122e-17,5.494259e-17,5.494259e-19
2.546039e+01,1.627754e-17,5.498609e-17,5.498609e-19
2.546324e+01,1.628127e-17,5.412807e-17,5.412807e-19
2.546608e+01,1.602765e-17,5.404453e-17,5.404453e-19
2.546892e+01,1.646331e-17,5.550105e-17,5.550105e-19
2.547177e+01,1.641777e-17,5.703544e-17,5.703544e-19
2.547461e+01,1.627242e-17,5.696045e-17,5.696045e-19
2.547745e+01,1.653906e-17,5.598590e-17,5.598590e-19
2.548030e+01,1.657563e-17,5.563701e-17,5.563701e-19
2.548314e+01,1.632853e-17,5.582974e-17,5.582974e-19
2.548599e+01,1.669816e-17,5.586313e-17,5.586313e-19
2.548883e+01,1.636603e-17,5.583953e-17,5.583953e-19
2.549167e+01,1.641843e-17,5.581257e-17,5.581257e-19
2.549452e+01,1.623790e-17,5.577835e-17,5.577835e-19
2.549736e+01,1.663651e-17,5.564179e-17,5.564179e-19
2.550020e+01,1.653165e-17,5.545009e-17,5.545009e-19
2.550305e+01,1.641659e-17,5.504425e-17,5.504425e-19
2.550589e+01,1.648283e-17,5.464675e-17,5.464675e-19
2.550873e+01,1.638543e-17,5.449121e-17,5.449121e-19
2.551158e+01,1.648755e-17,5.382021e-17,5.382021e-19
2.551442e+01,1.647635e-17,5.236880e-17,5.236880e-19
2.551726e+01,1.628717e-17,5.189333e-17,5.189333e-19
2.552011e+01,1.635817e-17,5.210255e-17,5.210255e-19
2.552295e+01,1.632510e-17,5.150654e-17,5.150654e-19
2.552579e+01,1.649422e-17,5.068490e-17,5.068490e-19
2.552864e+01,1.613530e-17,4.938482e-17,4.938482e-19
2.553148e+01,1.614614e-17,4.791421e-17,4.791421e-19
2.553432e+01,1.624290e-17,4.700484e-17,4.700484e-19
2.553717e+01,1.626773e-17,4.620730e-17,4.620730e-19
2.554001e+01,1.615089e-17,4.517793e-17,4.517793e-19
2.554285e+01,1.606518e-17,4.455804e-17,4.455804e-19
2.554570e+01,1.603366e-17,4.476085e-17,4.476085e-19
2.554854e+01,1.632027e-17,4.501403e-17,4.501403e-19
2.555138e+01,1.625847e-17,4.466904e-17,4.466904e-19
2.555423e+01,1.620578e-17,4.404283e-17,4.404283e-19
2.555707e+01,1.605341e-17,4.408284e-17,4.408284e-19
2.555992e+01,1.581499e-17,4.487971e-17,4.487971e-19
2.556276e+01,1.598564e-17,4.561978e-17,4.561978e-19
2.556560e+01,1.601631e-17,4.598392e-17,4.598392e-19
2.556845e+01,1.648776e-17,4.666420e-17,4.666420e-19
2.557129e+01,1.612782e-17,4.736624e-17,4.736624e-19
2.557413e+01,1.615389e-17,4.809257e-17,4.809257e-19
2.557698e+01,1.634640e-17,4.935170e-17,4.935170e-19
2.557982e+01,1.639929e-17,5.121563e-17,5.121563e-19
2.558266e+01,1.637004e-17,5.336992e-17,5.336992e-19
2.558551e+01,1.625108e-17,5.521231e-17,5.521231e-19
2.558835e+01,1.621308e-17,5.703978e-17,5.703978e-19
2.559119e+01,1.616526e-17,5.869475e-17,5.869475e-19
2.559404e+01,1.640526e-17,6.067275e-17,6.067275e-19
2.559688e+01,1.624935e-17,6.330929e-17,6.330929e-19
2.559972e+01,1.639640e-17,6.591856e-17,6.591856e-19
2.560257e+01,1.638626e-17,6.805308e-17,6.805308e-19
2.560541e+01,1.622032e-17,6.981287e-17,6.981287e-19
2.560825e+01,1.614379e-17,7.150503e-17,7.150503e-19
2.561110e+01,1.646143e-17,7.375592e-17,7.375592e-19
2.561394e+01,1.649060e-17,7.622137e-17,7.622137e-19
2.561678e+01,1.628131e-17,7.873937e-17,7.873937e-19
2.561963e+01,1.637247e-17,8.094460e-17,8.094460e-19
2.562247e+01,1.633354e-17,8.305899e-17,8.305899e-19
2.562532e+01,1.635635e-17,8.467735e-17,8.467735e-19
2.562816e+01,1.654415e-17,8.595293e-17,8.595293e-19
2.563100e+01,1.629854e-17,8.701263e-17,8.701263e-19
2.563385e+01,1.638427e-17,8.793937e-17,8.793937e-19
2.563669e+01,1.633912e-17,8.857532e-17,8.857532e-19
2.563953e+01,1.646786e-17,8.885208e-17,8.885208e-19
2.564238e+01,1.630887e-17,8.883624e-17,8.883624e-19
2.564522e+01,1.615287e-17,8.899039e-17,8.899039e-19
2.564806e+01,1.669857e-17,8.945732e-17,8.945732e-19
2.565091e+01,1.632167e-17,8.902010e-17,8.902010e-19
2.565375e+01,1.640425e-17,8.816338e-17,8.816338e-19
2.565659e+01,1.615303e-17,8.745871e-17,8.745871e-19
2.565944e+01,1.625537e-17,8.702382e-17,8.702382e-19
2.566228e+01,1.647461e-17,8.682679e-17,8.682679e-19
2.566512e+01,1.622161e-17,8.672715e-17,8.672715e-19
2.566797e+01,1.643483e-17,8.611755e-17,8.611755e-19
2.567081e+01,1.634908e-17,8.468781e-17,8.468781e-19
2.567365e+01,1.601306e-17,8.278314e-17,8.278314e-19
2.567650e+01,1.617208e-17,8.099568e-17,8.099568e-19
2.567934e+01,1.644440e-17,7.933005e-17,7.933005e-19
2.568218e+01,1.600433e-17,7.747498e-17,7.747498e-19
2.568503e+01,1.604562e-17,7.587582e-17,7.587582e-19
2.568787e+01,1.606764e-17,7.430405e-17,7.430405e-19
2.569071e+01,1.622526e-17,7.241033e-17,7.241033e-19
2.569356e+01,1.633615e-17,7.018683e-17,7.018683e-19
2.569640e+01,1.571060e-17,6.765863e-17,6.765863e-19
2.569925e+01,1.575817e-17,6.517833e-17,6.517833e-19
2.570209e+01,1.596573e-17,6.272488e-17,6.272488e-19
2.570493e+01,1.584044e-17,5.981190e-17,5.981190e-19
2.570778e+01,1.583593e-17,5.745940e-17,5.745940e-19
2.571062e+01,1.599167e-17,5.552508e-17,5.552508e-19
2.571346e+01,1.589001e-17,5.344993e-17,5.344993e-19
2.571631e+01,1.573653e-17,5.118896e-17,5.118896e-19
2.571915e+01,1.589957e-17,4.929280e-17,4.929280e-19
2.572199e+01,1.598160e-17,4.726675e-17,4.726675e-19
2.572484e+01,1.572884e-17,4.533625e-17,4.533625e-19
2.572768e+01,1.541664e-17,4.387612e-17,4.387612e-19
2.573052e+01,1.561560e-17,4.292053e-17,4.292053e-19
2.573337e+01,1.558067e-17,4.139938e-17,4.139938e-19
2.573621e+01,1.570781e-17,4.008948e-17,4.008948e-19
2.573905e+01,1.579238e-17,3.911993e-17,3.911993e-19
2.574190e+01,1.587913e-17,3.874797e-17,3.874797e-19
2.574474e+01,1.597762e-17,3.794250e-17,3.794250e-19
2.574758e+01,1.563965e-17,3.649863e-17,3.649863e-19
2.575043e+01,1.576690e-17,3.601526e-17,3.601526e-19
2.575327e+01,1.585200e-17,3.643517e-17,3.643517e-19
2.575611e+01,1.585377e-17,3.638084e-17,3.638084e-19
2.575896e+01,1.564339e-17,3.510076e-17,3.510076e-19
2.576180e+01,1.581142e-17,3.442737e-17,3.442737e-19
2.576464e+01,1.579727e-17,3.431528e-17,3.431528e-19
2.576749e+01,1.578840e-17,3.488889e-17,3.488889e-19
2.577033e+01,1.559129e-17,3.500850e-17,3.500850e-19
2.577318e+01,1.585925e-17,3.483194e-17,3.483194e-19
2.577602e+01,1.541785e-17,3.500296e-17,3.500296e-19
2.577886e+01,1.558484e-17,3.575590e-17,3.575590e-19
2.578171e+01,1.588285e-17,3.659765e-17,3.659765e-19
2.578455e+01,1.567884e-17,3.701924e-17,3.701924e-19
2.578739e+01,1.571086e-17,3.658293e-17,3.658293e-19
2.579024e+01,1.554573e-17,3.608030e-17,3.608030e-19
2.579308e+01,1.559119e-17,3.633102e-17,3.633102e-19
2.579592e+01,1.571791e-17,3.747542e-17,3.747542e-19
2.579877e+01,1.575239e-17,3.807816e-17,3.807816e-19
2.580161e+01,1.569971e-17,3.805126e-17,3.805126e-19
2.580445e+01,1.596810e-17,3.853082e-17,3.853082e-19
2.580730e+01,1.592985e-17,3.875060e-17,3.875060e-19
2.581014e+01,1.592437e-17,3.833088e-17,3.833088e-19
2.581298e+01,1.579162e-17,3.927009e-17,3.927009e-19
2.581583e+01,1.570743e-17,4.093740e-17,4.093740e-19
2.581867e+01,1.593432e-17,4.132450e-17,4.132450e-19
2.582151e+01,1.581169e-17,4.082704e-17,4.082704e-19
2.582436e+01,1.582650e-17,4.173724e-17,4.173724e-19
2.582720e+01,1.634148e-17,4.355146e-17,4.355146e-19
2.583004e+01,1.623719e-17,4.452543e-17,4.452543e-19
2.583289e+01,1.609221e-17,4.394402e-17,4.394402e-19
2.583573e+01,1.593948e-17,4.319753e-17,4.319753e-19
2.583858e+01,1.574265e-17,4.385065e-17,4.385065e-19
2.584142e+01,1.611589e-17,4.527989e-17,4.527989e-19
2.584426e+01,1.606947e-17,4.581110e-17,4.581110e-19
2.584711e+01,1.615259e-17,4.666093e-17,4.666093e-19
2.584995e+01,1.605679e-17,4.750544e-17,4.750544e-19
2.585279e+01,1.595164e-17,4.824823e-17,4.824823e-19
2.585564e+01,1.622572e-17,4.896756e-17,4.896756e-19
2.585848e+01,1.616160e-17,4.906840e-17,4.906840e-19
2.586132e+01,1.613108e-17,4.954583e-17,4.954583e-19
2.586417e+01,1.636302e-17,5.090319e-17,5.090319e-19
2.586701e+01,1.645000e-17,5.211583e-17,5.211583e-19
2.586985e+01,1.640058e-17,5.270622e-17,5.270622e-19
2.587270e+01,1.630344e-17,5.316713e-17,5.316713e-19
2.587554e+01,1.654257e-17,5.346160e-17,5.346160e-19
2.587838e+01,1.603544e-17,5.316150e-17,5.316150e-19
2.588123e+01,1.639306e-17,5.301603e-17,5.301603e-19
2.588407e+01,1.608077e-17,5.288280e-17,5.288280e-19
2.588691e+01,1.613109e-17,5.293016e-17,5.293016e-19
2.588976e+01,1.620483e-17,5.270233e-17,5.270233e-19
2.589260e+01,1.634841e-17,5.224509e-17,5.224509e-19
2.589544e+01,1.577146e-17,5.164396e-17,5.164396e-19
2.589829e+01,1.593994e-17,5.171226e-17,5.171226e-19
2.590113e+01,1.611590e-17,5.211951e-17,5.211951e-19
2.590397e+01,1.611817e-17,5.277324e-17,5.277324e-19
2.590682e+01,1.617544e-17,5.331230e-17,5.331230e-19
2.590966e+01,1.584968e-17,5.285332e-17,5.285332e-19
2.591251e+01,1.593835e-17,5.194381e-17,5.194381e-19
2.591535e+01,1.593116e-17,5.175405e-17,5.175405e-19
2.591819e+01,1.585433e-17,5.194948e-17,5.194948e-19
2.592104e+01,1.578061e-17,5.163168e-17,5.163168e-19
2.592388e+01,1.585611e-17,5.151700e-17,5.151700e-19
2.592672e+01,1.591312e-17,5.142108e-17,5.142108e-19
2.592957e+01,1.609847e-17,5.095007e-17,5.095007e-19
2.593241e+01,1.579771e-17,5.002460e-17,5.002460e-19
2.593525e+01,1.584383e-17,4.993494e-17,4.993494e-19
2.593810e+01,1.588927e-17,4.952241e-17,4.952241e-19
2.594094e+01,1.573446e-17,4.887034e-17,4.887034e-19
2.594378e+01,1.566068e-17,4.858789e-17,4.858789e-19
2.594663e+01,1.577934e-17,4.860095e-17,4.860095e-19
2.594947e+01,1.598573e-17,4.814002e-17,4.814002e-19
2.595231e+01,1.565601e-17,4.792643e-17,4.792643e-19
2.595516e+01,1.599375e-17,4.837701e-17,4.837701e-19
2.595800e+01,1.593301e-17,4.866427e-17,4.866427e-19
2.596084e+01,1.572187e-17,4.841011e-17,4.841011e-19
2.596369e+01,1.591864e-17,4.773731e-17,4.773731e-19
2.596653e+01,1.567446e-17,4.701206e-17,4.701206e-19
2.596937e+01,1.579338e-17,4.713191e-17,4.713191e-19
2.597222e+01,1.582520e-17,4.743536e-17,4.743536e-19
2.597506e+01,1.596564e-17,4.727221e-17,4.727221e-19
2.597790e+01,1.558903e-17,4.654037e-17,4.654037e-19
2.598075e+01,1.593728e-17,4.591994e-17,4.591994e-19
2.598359e+01,1.568194e-17,4.587492e-17,4.587492e-19
2.598644e+01,1.575095e-17,4.614077e-17,4.614077e-19
2.598928e+01,1.583212e-17,4.604525e-17,4.604525e-19
2.599212e+01,1.579780e-17,4.594644e-17,4.594644e-19
2.599497e+01,1.574821e-17,4.566052e-17,4.566052e-19
2.599781e+01,1.570284e-17,4.501226e-17,4.501226e-19
2.600065e+01,1.563493e-17,4.491345e-17,4.491345e-19
2.600350e+01,1.559853e-17,4.466825e-17,4.466825e-19
2.600634e+01,1.571905e-17,4.373387e-17,4.373387e-19
2.600918e+01,1.571599e-17,4.342846e-17,4.342846e-19
2.601203e+01,1.582426e-17,4.363481e-17,4.363481e-19
2.601487e+01,1.565621e-17,4.343876e-17,4.343876e-19
2.601771e+01,1.566507e-17,4.288786e-17,4.288786e-19
2.602056e+01,1.562147e-17,4.244992e-17,4.244992e-19
2.602340e+01,1.569609e-17,4.230833e-17,4.230833e-19
2.602624e+01,1.575733e-17,4.230109e-17,4.230109e-19
2.602909e+01,1.546304e-17,4.204039e-17,4.204039e-19
2.603193e+01,1.556833e-17,4.164746e-17,4.164746e-19
2.603477e+01,1.579251e-17,4.156378e-17,4.156378e-19
2.603762e+01,1.578982e-17,4.142426e-17,4.142426e-19
2.604046e+01,1.548761e-17,4.102120e-17,4.102120e-19
2.604330e+01,1.565153e-17,4.071732e-17,4.071732e-19
2.604615e+01,1.547109e-17,4.002799e-17,4.002799e-19
2.604899e+01,1.562986e-17,3.947184e-17,3.947184e-19
2.605183e+01,1.579952e-17,3.945643e-17,3.945643e-19
2.605468e+01,1.553441e-17,3.950865e-17,3.950865e-19
2.605752e+01,1.577452e-17,3.955301e-17,3.955301e-19
2.606037e+01,1.563139e-17,3.903127e-17,3.903127e-19
2.606321e+01,1.556156e-17,3.856855e-17,3.856855e-19
2.606605e+01,1.560391e-17,3.795161e-17,3.795161e-19
2.606890e+01,1.558278e-17,3.725677e-17,3.725677e-19
2.607174e+01,1.575009e-17,3.704935e-17,3.704935e-19
2.607458e+01,1.548386e-17,3.658905e-17,3.658905e-19
2.607743e+01,1.562407e-17,3.636218e-17,3.636218e-19
2.608027e+01,1.565708e-17,3.646868e-17,3.646868e-19
2.608311e+01,1.575324e-17,3.623763e-17,3.623763e-19
2.608596e+01,1.560072e-17,3.587633e-17,3.587633e-19
2.608880e+01,1.567105e-17,3.593093e-17,3.593093e-19
2.609164e+01,1.566142e-17,3.653295e-17,3.653295e-19
2.609449e+01,1.559959e-17,3.659669e-17,3.659669e-19
2.609733e+01,1.579689e-17,3.657809e-17,3.657809e-19
2.610017e+01,1.551433e-17,3.676510e-17,3.676510e-19
2.610302e+01,1.544730e-17,3.678406e-17,3.678406e-19
2.610586e+01,1.519301e-17,3.589776e-17,3.589776e-19
2.610870e+01,1.534758e-17,3.554830e-17,3.554830e-19
2.611155e+01,1.557962e-17,3.604387e-17,3.604387e-19
2.611439e+01,1.553501e-17,3.638558e-17,3.638558e-19
2.611723e+01,1.550253e-17,3.585580e-17,3.585580e-19
2.612008e+01,1.557123e-17,3.553060e-17,3.553060e-19
2.612292e+01,1.546285e-17,3.575887e-17,3.575887e-19
2.612577e+01,1.550196e-17,3.570542e-17,3.570542e-19
2.612861e+01,1.530941e-17,3.552919e-17,3.552919e-19
2.613145e+01,1.540563e-17,3.488682e-17,3.488682e-19
2.613430e+01,1.540321e-17,3.460254e-17,3.460254e-19
2.613714e+01,1.554356e-17,3.457072e-17,3.457072e-19
2.613998e+01,1.545055e-17,3.505921e-17,3.505921e-19
2.614283e+01,1.523645e-17,3.564544e-17,3.564544e-19
2.614567e+01,1.569368e-17,3.577639e-17,3.577639e-19
2.614851e+01,1.534382e-17,3.557906e-17,3.557906e-19
2.615136e+01,1.551944e-17,3.592322e-17,3.592322e-19
2.615420e+01,1.536632e-17,3.630265e-17,3.630265e-19
2.615704e+01,1.537128e-17,3.666594e-17,3.666594e-19
2.615989e+01,1.535718e-17,3.700316e-17,3.700316e-19
2.616273e+01,1.508283e-17,3.759653e-17,3.759653e-19
2.616557e+01,1.550372e-17,3.866371e-17,3.866371e-19
2.616842e+01,1.513428e-17,3.903281e-17,3.903281e-19
2.617126e+01,1.533820e-17,3.947881e-17,3.947881e-19
2.617410e+01,1.537848e-17,4.067112e-17,4.067112e-19
2.617695e+01,1.536752e-17,4.160642e-17,4.160642e-19
2.617979e+01,1.548515e-17,4.210840e-17,4.210840e-19
2.618263e+01,1.548912e-17,4.211546e-17,4.211546e-19
2.618548e+01,1.540212e-17,4.214906e-17,4.214906e-19
2.618832e+01,1.551439e-17,4.260708e-17,4.260708e-19
2.619116e+01,1.535031e-17,4.333108e-17,4.333108e-19
2.619401e+01,1.549346e-17,4.453812e-17,4.453812e-19
2.619685e+01,1.578648e-17,4.532448e-17,4.532448e-19
2.619970e+01,1.557720e-17,4.544030e-17,4.544030e-19
2.620254e+01,1.565011e-17,4.562069e-17,4.562069e-19
2.620538e+01,1.583198e-17,4.648476e-17,4.648476e-19
2.620823e+01,1.562894e-17,4.701498e-17,4.701498e-19
2.621107e+01,1.574901e-17,4.671629e-17,4.671629e-19
2.621391e+01,1.564898e-17,4.631344e-17,4.631344e-19
2.621676e+01,1.560026e-17,4.667569e-17,4.667569e-19
2.621960e+01,1.558919e-17,4.714971e-17,4.714971e-19
2.622244e+01,1.549302e-17,4.759334e-17,4.759334e-19
2.622529e+01,1.576210e-17,4.752690e-17,4.752690e-19
2.622813e+01,1.596818e-17,4.706513e-17,4.706513e-19
2.623097e+01,1.561567e-17,4.650761e-17,4.650761e-19
2.623382e+01,1.589248e-17,4.679777e-17,4.679777e-19
2.623666e+01,1.550931e-17,4.669482e-17,4.669482e-19
2.623950e+01,1.588078e-17,4.629213e-17,4.629213e-19
2.624235e+01,1.571594e-17,4.637154e-17,4.637154e-19
2.624519e+01,1.585969e-17,4.565533e-17,4.565533e-19
2.624803e+01,1.577055e-17,4.381031e-17,4.381031e-19
2.625088e+01,1.557037e-17,4.303059e-17,4.303059e-19
2.625372e+01,1.565588e-17,4.343326e-17,4.343326e-19
2.625656e+01,1.593829e-17,4.376352e-17,4.376352e-19
2.625941e+01,1.589316e-17,4.331568e-17,4.331568e-19
2.626225e+01,1.577665e-17,4.283600e-17,4.283600e-19
2.626509e+01,1.560942e-17,4.211150e-17,4.211150e-19
2.626794e+01,1.550403e-17,4.168153e-17,4.168153e-19
2.627078e+01,1.585621e-17,4.217308e-17,4.217308e-19
2.627363e+01,1.573308e-17,4.287675e-17,4.287675e-19
2.627647e+01,1.560542e-17,4.321593e-17,4.321593e-19
2.627931e+01,1.546863e-17,4.339753e-17,4.339753e-19
2.628216e+01,1.582455e-17,4.421636e-17,4.421636e-19
2.628500e+01,1.581071e-17,4.460023e-17,4.460023e-19
2.628784e+01,1.569291e-17,4.432407e-17,4.432407e-19
2.629069e+01,1.575491e-17,4.450192e-17,4.450192e-19
2.629353e+01,1.569074e-17,4.516680e-17,4.516680e-19
2.629637e+01,1.564748e-17,4.590258e-17,4.590258e-19
2.629922e+01,1.585684e-17,4.634621e-17,4.634621e-19
2.630206e+01,1.581629e-17,4.671453e-17,4.671453e-19
2.630490e+01,1.561086e-17,4.752947e-17,4.752947e-19
2.630775e+01,1.609816e-17,4.807785e-17,4.807785e-19
2.631059e+01,1.591313e-17,4.806539e-17,4.806539e-19
2.631343e+01,1.582249e-17,4.827852e-17,4.827852e-19
2.631628e+01,1.577245e-17,4.870421e-17,4.870421e-19
2.631912e+01,1.587831e-17,4.907197e-17,4.907197e-19
2.632196e+01,1.585536e-17,4.949438e-17,4.949438e-19
2.632481e+01,1.598163e-17,5.037877e-17,5.037877e-19
2.632765e+01,1.584939e-17,5.139352e-17,5.139352e-19
2.633049e+01,1.577250e-17,5.225409e-17,5.225409e-19
2.633334e+01,1.618243e-17,5.246664e-17,5.246664e-19
2.633618e+01,1.587356e-17,5.205673e-17,5.205673e-19
2.633903e+01,1.614087e-17,5.247170e-17,5.247170e-19
2.634187e+01,1.620308e-17,5.340916e-17,5.340916e-19
2.634471e+01,1.594048e-17,5.436485e-17,5.436485e-19
2.634756e+01,1.608255e-17,5.489074e-17,5.489074e-19
2.635040e+01,1.644759e-17,5.538552e-17,5.538552e-19
2.635324e+01,1.605763e-17,5.564297e-17,5.564297e-19
2.635609e+01,1.608735e-17,5.595723e-17,5.595723e-19
2.635893e+01,1.626217e-17,5.629564e-17,5.629564e-19
2.636177e+01,1.620369e-17,5.609565e-17,5.609565e-19
2.636462e+01,1.622487e-17,5.585521e-17,5.585521e-19
2.636746e+01,1.615423e-17,5.609581e-17,5.609581e-19
2.637030e+01,1.603835e-17,5.652943e-17,5.652943e-19
2.637315e+01,1.635649e-17,5.698075e-17,5.698075e-19
2.637599e+01,1.615159e-17,5.676077e-17,5.676077e-19
2.637883e+01,1.617291e-17,5.670997e-17,5.670997e-19
2.638168e+01,1.604906e-17,5.725123e-17,5.725123e-19
2.638452e+01,1.621328e-17,5.814545e-17,5.814545e-19
2.638736e+01,1.638003e-17,5.820759e-17,5.820759e-19
2.639021e+01,1.624245e-17,5.797702e-17,5.797702e-19
2.639305e+01,1.585488e-17,5.760945e-17,5.760945e-19
2.639589e+01,1.628678e-17,5.739302e-17,5.739302e-19
2.639874e+01,1.591922e-17,5.724114e-17,5.724114e-19
2.640158e+01,1.605213e-17,5.766297e-17,5.766297e-19
2.640442e+01,1.600484e-17,5.804535e-17,5.804535e-19
2.640727e+01,1.594694e-17,5.804830e-17,5.804830e-19
2.641011e+01,1.602680e-17,5.784787e-17,5.784787e-19
2.641296e+01,1.588804e-17,5.787556e-17,5.787556e-19
2.641580e+01,1.619988e-17,5.797895e-17,5.797895e-19
2.641864e+01,1.599793e-17,5.791497e-17,5.791497e-19
2.642149e+01,1.614776e-17,5.783796e-17,5.783796e-19
2.642433e+01,1.600223e-17,5.751885e-17,5.751885e-19
2.642717e+01,1.600806e-17,5.705968e-17,5.705968e-19
2.643002e+01,1.611198e-17,5.673080e-17,5.673080e-19
2.643286e+01,1.593988e-17,5.697025e-17,5.697025e-19
2.643570e+01,1.589037e-17,5.756046e-17,5.756046e-19
2.643855e+01,1.608943e-17,5.755918e-17,5.755918e-19
2.644139e+01,1.588046e-17,5.733819e-17,5.733819e-19
2.644423e+01,1.580640e-17,5.733245e-17,5.733245e-19
2.644708e+01,1.579002e-17,5.706101e-17,5.706101e-19
2.644992e+01,1.581653e-17,5.640596e-17,5.640596e-19
2.645276e+01,1.633627e-17,5.644578e-17,5.644578e-19
2.645561e+01,1.603539e-17,5.677232e-17,5.677232e-19
2.645845e+01,1.593151e-17,5.716272e-17,5.716272e-19
2.646129e+01,1.578547e-17,5.731217e-17,5.731217e-19
2.646414e+01,1.556851e-17,5.700852e-17,5.700852e-19
2.646698e+01,1.580314e-17,5.675311e-17,5.675311e-19
2.646982e+01,1.597411e-17,5.634675e-17,5.634675e-19
2.647267e+01,1.568945e-17,5.592285e-17,5.592285e-19
2.647551e+01,1.558249e-17,5.577031e-17,5.577031e-19
2.647835e+01,1.570955e-17,5.566385e-17,5.566385e-19
2.648120e+01,1.565145e-17,5.558207e-17,5.558207e-19
2.648404e+01,1.578903e-17,5.547970e-17,5.547970e-19
2.648689e+01,1.586404e-17,5.537493e-17,5.537493e-19
2.648973e+01,1.594889e-17,5.512756e-17,5.512756e-19
2.649257e+01,1.570085e-17,5.461886e-17,5.461886e-19
2.649542e+01,1.561501e-17,5.425801e-17,5.425801e-19
2.649826e+01,1.566126e-17,5.443371e-17,5.443371e-19
2.650110e+01,1.536945e-17,5.481081e-17,5.481081e-19
2.650395e+01,1.560337e-17,5.462286e-17,5.462286e-19
2.650679e+01,1.553468e-17,5.394879e-17,5.394879e-19
2.650963e+01,1.540380e-17,5.326482e-17,5.326482e-19
2.651248e+01,1.566597e-17,5.298916e-17,5.298916e-19
2.651532e+01,1.556711e-17,5.310245e-17,5.310245e-19
2.651816e+01,1.569314e-17,5.313159e-17,5.313159e-19
2.652101e+01,1.566003e-17,5.287477e-17,5.287477e-19
2.652385e+01,1.566719e-17,5.244043e-17,5.244043e-19
2.652669e+01,1.552564e-17,5.228541e-17,5.228541e-19
2.652954e+01,1.592308e-17,5.251620e-17,5.251620e-19
2.653238e+01,1.570259e-17,5.250311e-17,5.250311e-19
2.653522e+01,1.536909e-17,5.225318e-17,5.225318e-19
2.653807e+01,1.547778e-17,5.216282e-17,5.216282e-19
2.654091e+01,1.545908e-17,5.208108e-17,5.208108e-19
2.654375e+01,1.529952e-17,5.234117e-17,5.234117e-19
2.654660e+01,1.563772e-17,5.246664e-17,5.246664e-19
2.654944e+01,1.544950e-17,5.230558e-17,5.230558e-19
2.655228e+01,1.557729e-17,5.275728e-17,5.275728e-19
2.655513e+01,1.537458e-17,5.345256e-17,5.345256e-19
2.655797e+01,1.550650e-17,5.412168e-17,5.412168e-19
2.656082e+01,1.548702e-17,5.457990e-17,5.457990e-19
2.656366e+01,1.558653e-17,5.520818e-17,5.520818e-19
2.656650e+01,1.576337e-17,5.571897e-17,5.571897e-19
2.656935e+01,1.560644e-17,5.583628e-17,5.583628e-19
2.657219e+01,1.560509e-17,5.602992e-17,5.602992e-19
2.657503e+01,1.563694e-17,5.637264e-17,5.637264e-19
2.657788e+01,1.554385e-17,5.725635e-17,5.725635e-19
2.658072e+01,1.556103e-17,5.866025e-17,5.866025e-19
2.658356e+01,1.588205e-17,5.988000e-17,5.988000e-19
2.658641e+01,1.556571e-17,6.053157e-17,6.053157e-19
2.658925e+01,1.576671e-17,6.150301e-17,6.150301e-19
2.659209e+01,1.599172e-17,6.297327e-17,6.297327e-19
2.659494e+01,1.605959e-17,6.427494e-17,6.427494e-19
2.659778e+01,1.589689e-17,6.540717e-17,6.540717e-19
2.660062e+01,1.609959e-17,6.644066e-17,6.644066e-19
2.660347e+01,1.596001e-17,6.713102e-17,6.713102e-19
2.660631e+01,1.583274e-17,6.836455e-17,6.836455e-19
2.660915e+01,1.577600e-17,6.965807e-17,6.965807e-19
2.661200e+01,1.600169e-17,7.089162e-17,7.089162e-19
2.661484e+01,1.590893e-17,7.224820e-17,7.224820e-19
2.661768e+01,1.624749e-17,7.352362e-17,7.352362e-19
2.662053e+01,1.603150e-17,7.407828e-17,7.407828e-19
2.662337e+01,1.600127e-17,7.459463e-17,7.459463e-19
2.662622e+01,1.614273e-17,7.537887e-17,7.537887e-19
2.662906e+01,1.587537e-17,7.622265e-17,7.622265e-19
2.663190e+01,1.625438e-17,7.729265e-17,7.729265e-19
2.663475e+01,1.601672e-17,7.819117e-17,7.819117e-19
2.663759e+01,1.632833e-17,7.885568e-17,7.885568e-19
2.664043e+01,1.597078e-17,7.915231e-17,7.915231e-19
2.664328e+01,1.618987e-17,7.947787e-17,7.947787e-19
2.664612e+01,1.610069e-17,7.977373e-17,7.977373e-19
2.664896e+01,1.640221e-17,8.022294e-17,8.022294e-19
2.665181e+01,1.605480e-17,8.074828e-17,8.074828e-19
2.665465e+01,1.643040e-17,8.099229e-17,8.099229e-19
2.665749e+01,1.652662e-17,8.053333e-17,8.053333e-19
2.666034e+01,1.655468e-17,7.952572e-17,7.952572e-19
2.666318e+01,1.628747e-17,7.821045e-17,7.821045e-19
2.666602e+01,1.608280e-17,7.729164e-17,7.729164e-19
2.666887e+01,1.624741e-17,7.684458e-17,7.684458e-19
2.667171e+01,1.606934e-17,7.636877e-17,7.636877e-19
2.667455e+01,1.616771e-17,7.519691e-17,7.519691e-19
2.667740e+01,1.595432e-17,7.348363e-17,7.348363e-19
2.668024e+01,1.617003e-17,7.229766e-17,7.229766e-19
2.668308e+01,1.615815e-17,7.159556e-17,7.159556e-19
2.668593e+01,1.608200e-17,7.064953e-17,7.064953e-19
2.668877e+01,1.605915e-17,6.941981e-17,6.941981e-19
2.669161e+01,1.613155e-17,6.844031e-17,6.844031e-19
2.669446e+01,1.601301e-17,6.759315e-17,6.759315e-19
2.669730e+01,1.594569e-17,6.695748e-17,6.695748e-19
2.670015e+01,1.589816e-17,6.634421e-17,6.634421e-19
2.670299e+01,1.598858e-17,6.560926e-17,6.560926e-19
2.670583e+01,1.596512e-17,6.471390e-17,6.471390e-19
2.670868e+01,1.605667e-17,6.384742e-17,6.384742e-19
2.671152e+01,1.578445e-17,6.322050e-17,6.322050e-19
2.671436e+01,1.568509e-17,6.261000e-17,6.261000e-19
2.671721e+01,1.583758e-17,6.217780e-17,6.217780e-19
2.672005e+01,1.612883e-17,6.208738e-17,6.208738e-19
2.672289e+01,1.580178e-17,6.186875e-17,6.186875e-19
2.672574e+01,1.586024e-17,6.217260e-17,6.217260e-19
2.672858e+01,1.564707e-17,6.285568e-17,6.285568e-19
2.673142e+01,1.589030e-17,6.336472e-17,6.336472e-19
2.673427e+01,1.573201e-17,6.320517e-17,6.320517e-19
2.673711e+01,1.598444e-17,6.314111e-17,6.314111e-19
2.673995e+01,1.596948e-17,6.339393e-17,6.339393e-19
2.674280e+01,1.572033e-17,6.328786e-17,6.328786e-19
2.674564e+01,1.560204e-17,6.327515e-17,6.327515e-19
2.674848e+01,1.566310e-17,6.357078e-17,6.357078e-19
2.675133e+01,1.563335e-17,6.368544e-17,6.368544e-19
2.675417e+01,1.577264e-17,6.363074e-17,6.363074e-19
2.675701e+01,1.545460e-17,6.347517e-17,6.347517e-19
2.675986e+01,1.580360e-17,6.378254e-17,6.378254e-19
2.676270e+01,1.547560e-17,6.458655e-17,6.458655e-19
2.676554e+01,1.580758e-17,6.575418e-17,6.575418e-19
2.676839e+01,1.567060e-17,6.594781e-17,6.594781e-19
2.677123e+01,1.595748e-17,6.571039e-17,6.571039e-19
2.677408e+01,1.578041e-17,6.576939e-17,6.576939e-19
2.677692e+01,1.555427e-17,6.617533e-17,6.617533e-19
2.677976e+01,1.565624e-17,6.620166e-17,6.620166e-19
2.678261e+01,1.559689e-17,6.615380e-17,6.615380e-19
2.678545e+01,1.559158e-17,6.608753e-17,6.608753e-19
2.678829e+01,1.586740e-17,6.660044e-17,6.660044e-19
2.679114e+01,1.573297e-17,6.717378e-17,6.717378e-19
2.679398e+01,1.569732e-17,6.737926e-17,6.737926e-19
2.679682e+01,1.572688e-17,6.713467e-17,6.713467e-19
2.679967e+01,1.568134e-17,6.711686e-17,6.711686e-19
2.680251e+01,1.585178e-17,6.753414e-17,6.753414e-19
2.680535e+01,1.581156e-17,6.779594e-17,6.779594e-19
2.680820e+01,1.567837e-17,6.762619e-17,6.762619e-19
2.681104e+01,1.593017e-17,6.754940e-17,6.754940e-19
2.681388e+01,1.576261e-17,6.792331e-17,6.792331e-19
2.681673e+01,1.562479e-17,6.858619e-17,6.858619e-19
2.681957e+01,1.583722e-17,6.881546e-17,6.881546e-19
2.682241e+01,1.616132e-17,6.914720e-17,6.914720e-19
2.682526e+01,1.561407e-17,6.940218e-17,6.940218e-19
2.682810e+01,1.584184e-17,6.970762e-17,6.970762e-19
2.683094e+01,1.584634e-17,7.002454e-17,7.002454e-19
2.683379e+01,1.596668e-17,7.050070e-17,7.050070e-19
2.683663e+01,1.574539e-17,7.078429e-17,7.078429e-19
2.683948e+01,1.573216e-17,7.104836e-17,7.104836e-19
2.684232e+01,1.601396e-17,7.121026e-17,7.121026e-19
2.684516e+01,1.559825e-17,7.074596e-17,7.074596e-19
2.684801e+01,1.561625e-17,7.057496e-17,7.057496e-19
2.685085e+01,1.561019e-17,7.113129e-17,7.113129e-19
2.685369e+01,1.587849e-17,7.149667e-17,7.149667e-19
2.685654e+01,1.561555e-17,7.137598e-17,7.137598e-19
2.685938e+01,1.577611e-17,7.134106e-17,7.134106e-19
2.686222e+01,1.546668e-17,7.167143e-17,7.167143e-19
2.686507e+01,1.582386e-17,7.266507e-17,7.266507e-19
2.686791e+01,1.568819e-17,7.351916e-17,7.351916e-19
2.687075e+01,1.591032e-17,7.393647e-17,7.393647e-19
2.687360e+01,1.594425e-17,7.397581e-17,7.397581e-19
2.687644e+01,1.583044e-17,7.400142e-17,7.400142e-19
2.687928e+01,1.573242e-17,7.445877e-17,7.445877e-19
2.688213e+01,1.560820e-17,7.492891e-17,7.492891e-19
2.688497e+01,1.568349e-17,7.493274e-17,7.493274e-19
2.688781e+01,1.595973e-17,7.496166e-17,7.496166e-19
2.689066e+01,1.582371e-17,7.530124e-17,7.530124e-19
2.689350e+01,1.574864e-17,7.551585e-17,7.551585e-19
2.689634e+01,1.610376e-17,7.539797e-17,7.539797e-19
2.689919e+01,1.584278e-17,7.520188e-17,7.520188e-19
2.690203e+01,1.592644e-17,7.565326e-17,7.565326e-19
2.690487e+01,1.590184e-17,7.611875e-17,7.611875e-19
2.690772e+01,1.608809e-17,7.631840e-17,7.631840e-19
2.691056e+01,1.596536e-17,7.606850e-17,7.606850e-19
2.691341e+01,1.593545e-17,7.594051e-17,7.594051e-19
2.691625e+01,1.605364e-17,7.614696e-17,7.614696e-19
2.691909e+01,1.604911e-17,7.640442e-17,7.640442e-19
2.692194e+01,1.624228e-17,7.669138e-17,7.669138e-19
2.692478e+01,1.610728e-17,7.653985e-17,7.653985e-19
2.692762e+01,1.594911e-17,7.608185e-17,7.608185e-19
2.693047e+01,1.595274e-17,7.602899e-17,7.602899e-19
2.693331e+01,1.631436e-17,7.645706e-17,7.645706e-19
2.693615e+01,1.605145e-17,7.700064e-17,7.700064e-19
2.693900e+01,1.617340e-17,7.720925e-17,7.720925e-19
2.694184e+01,1.596215e-17,7.713413e-17,7.713413e-19
2.694468e+01,1.605160e-17,7.704798e-17,7.704798e-19
2.694753e+01,1.612274e-17,7.666871e-17,7.666871e-19
2.695037e+01,1.589501e-17,7.619254e-17,7.619254e-19
2.695321e+01,1.577845e-17,7.571549e-17,7.571549e-19
2.695606e+01,1.576226e-17,7.539675e-17,7.539675e-19
2.695890e+01,1.568709e-17,7.533554e-17,7.533554e-19
2.696174e+01,1.588901e-17,7.535833e-17,7.535833e-19
2.696459e+01,1.585796e-17,7.502453e-17,7.502453e-19
2.696743e+01,1.582008e-17,7.452081e-17,7.452081e-19
2.697027e+01,1.582382e-17,7.445650e-17,7.445650e-19
2.697312e+01,1.560210e-17,7.419730e-17,7.419730e-19
2.697596e+01,1.573981e-17,7.374453e-17,7.374453e-19
2.697880e+01,1.569355e-17,7.351424e-17,7.351424e-19
2.698165e+01,1.592737e-17,7.368048e-17,7.368048e-19
2.698449e+01,1.545842e-17,7.320608e-17,7.320608e-19
2.698734e+01,1.584248e-17,7.260016e-17,7.260016e-19
2.699018e+01,1.572474e-17,7.178067e-17,7.178067e-19
2.699302e+01,1.573876e-17,7.100983e-17,7.100983e-19
2.699587e+01,1.570919e-17,7.067918e-17,7.067918e-19
2.699871e+01,1.582889e-17,7.077495e-17,7.077495e-19
2.700155e+01,1.552374e-17,7.046983e-17,7.046983e-19
2.700440e+01,1.562716e-17,7.002279e-17,7.002279e-19
2.700724e+01,1.554812e-17,6.922168e-17,6.922168e-19
2.701008e+01,1.562277e-17,6.851382e-17,6.851382e-19
2.701293e+01,1.560186e-17,6.750909e-17,6.750909e-19
2.701577e+01,1.576360e-17,6.679532e-17,6.679532e-19
2.701861e+01,1.564192e-17,6.637453e-17,6.637453e-19
2.702146e+01,1.565934e-17,6.585518e-17,6.585518e-19
2.702430e+01,1.563928e-17,6.528115e-17,6.528115e-19
2.702714e+01,1.556330e-17,6.475005e-17,6.475005e-19
2.702999e+01,1.560357e-17,6.432191e-17,6.432191e-19
2.703283e+01,1.575792e-17,6.435234e-17,6.435234e-19
2.703567e+01,1.541706e-17,6.450518e-17,6.450518e-19
2.703852e+01,1.573048e-17,6.413992e-17,6.413992e-19
2.704136e+01,1.546583e-17,6.320695e-17,6.320695e-19
2.704420e+01,1.571045e-17,6.246554e-17,6.246554e-19
2.704705e+01,1.569434e-17,6.223887e-17,6.223887e-19
2.704989e+01,1.561696e-17,6.186284e-17,6.186284e-19
2.705274e+01,1.551419e-17,6.113317e-17,6.113317e-19
2.705558e+01,1.567998e-17,6.089897e-17,6.089897e-19
2.705842e+01,1.571494e-17,6.139443e-17,6.139443e-19
2.706127e+01,1.576139e-17,6.130036e-17,6.130036e-19
2.706411e+01,1.558753e-17,6.074590e-17,6.074590e-19
2.706695e+01,1.532977e-17,6.052917e-17,6.052917e-19
2.706980e+01,1.584634e-17,6.048821e-17,6.048821e-19
2.707264e+01,1.572575e-17,5.982626e-17,5.982626e-19
2.707548e+01,1.562464e-17,5.932460e-17,5.932460e-19
2.707833e+01,1.530807e-17,5.942176e-17,5.942176e-19
2.708117e+01,1.533518e-17,5.878974e-17,5.878974e-19
2.708401e+01,1.562036e-17,5.713422e-17,5.713422e-19
2.708686e+01,1.545985e-17,5.570650e-17,5.570650e-19
2.708970e+01,1.527401e-17,5.499422e-17,5.499422e-19
2.709254e+01,1.515255e-17,5.443361e-17,5.443361e-19
2.709539e+01,1.546209e-17,5.386964e-17,5.386964e-19
2.709823e+01,1.507268e-17,5.357663e-17,5.357663e-19
2.710107e+01,1.538357e-17,5.330031e-17,5.330031e-19
2.710392e+01,1.545368e-17,5.286094e-17,5.286094e-19
2.710676e+01,1.527509e-17,5.214029e-17,5.214029e-19
2.710960e+01,1.519777e-17,5.159061e-17,5.159061e-19
2.711245e+01,1.515566e-17,5.128600e-17,5.128600e-19
2.711529e+01,1.489949e-17,5.083284e-17,5.083284e-19
2.711813e+01,1.505455e-17,5.013983e-17,5.013983e-19
2.712098e+01,1.525360e-17,4.967446e-17,4.967446e-19
2.712382e+01,1.521712e-17,4.917056e-17,4.917056e-19
2.712667e+01,1.507544e-17,4.881614e-17,4.881614e-19
2.712951e+01,1.502036e-17,4.861319e-17,4.861319e-19
2.713235e+01,1.506288e-17,4.854451e-17,4.854451e-19
2.713520e+01,1.508497e-17,4.853118e-17,4.853118e-19
2.713804e+01,1.515833e-17,4.886316e-17,4.886316e-19
2.714088e+01,1.491590e-17,4.929487e-17,4.929487e-19
2.714373e+01,1.530567e-17,4.970290e-17,4.970290e-19
2.714657e+01,1.512950e-17,5.005297e-17,5.005297e-19
2.714941e+01,1.536130e-17,5.081759e-17,5.081759e-19
2.715226e+01,1.509646e-17,5.109077e-17,5.109077e-19
2.715510e+01,1.526845e-17,5.142783e-17,5.142783e-19
2.715794e+01,1.538381e-17,5.194957e-17,5.194957e-19
2.716079e+01,1.519257e-17,5.269405e-17,5.269405e-19
2.716363e+01,1.491501e-17,5.320602e-17,5.320602e-19
2.716647e+01,1.522572e-17,5.409531e-17,5.409531e-19
2.716932e+01,1.530117e-17,5.528131e-17,5.528131e-19
2.717216e+01,1.569131e-17,5.639257e-17,5.639257e-19
2.717500e+01,1.556390e-17,5.720893e-17,5.720893e-19
2.717785e+01,1.533159e-17,5.799586e-17,5.799586e-19
2.718069e+01,1.539739e-17,5.916150e-17,5.916150e-19
2.718353e+01,1.543455e-17,6.021152e-17,6.021152e-19
2.718638e+01,1.533830e-17,6.104350e-17,6.104350e-19
2.718922e+01,1.531849e-17,6.150160e-17,6.150160e-19
2.719206e+01,1.556441e-17,6.201625e-17,6.201625e-19
2.719491e+01,1.543783e-17,6.233755e-17,6.233755e-19
2.719775e+01,1.508251e-17,6.265312e-17,6.265312e-19
2.720060e+01,1.552434e-17,6.329474e-17,6.329474e-19
2.720344e+01,1.533072e-17,6.396492e-17,6.396492e-19
2.720628e+01,1.547436e-17,6.445568e-17,6.445568e-19
2.720913e+01,1.559380e-17,6.467174e-17,6.467174e-19
2.721197e+01,1.520187e-17,6.437602e-17,6.437602e-19
2.721481e+01,1.546235e-17,6.441076e-17,6.441076e-19
2.721766e+01,1.562625e-17,6.443984e-17,6.443984e-19
2.722050e+01,1.563917e-17,6.426898e-17,6.426898e-19
2.722334e+01,1.537709e-17,6.374137e-17,6.374137e-19
2.722619e+01,1.542807e-17,6.342662e-17,6.342662e-19
2.722903e+01,1.536737e-17,6.278451e-17,6.278451e-19
2.723187e+01,1.550249e-17,6.185882e-17,6.185882e-19
2.723472e+01,1.552508e-17,6.130086e-17,6.130086e-19
2.723756e+01,1.579530e-17,6.099025e-17,6.099025e-19
2.724040e+01,1.568712e-17,6.042643e-17,6.042643e-19
2.724325e+01,1.555698e-17,5.938925e-17,5.938925e-19
2.724609e+01,1.544066e-17,5.815968e-17,5.815968e-19
2.724893e+01,1.552307e-17,5.734608e-17,5.734608e-19
2.725178e+01,1.535093e-17,5.692092e-17,5.692092e-19
2.725462e+01,1.567178e-17,5.632167e-17,5.632167e-19
2.725746e+01,1.546084e-17,5.533186e-17,5.533186e-19
2.726031e+01,1.527438e-17,5.437785e-17,5.437785e-19
2.726315e+01,1.544157e-17,5.361255e-17,5.361255e-19
2.726599e+01,1.551588e-17,5.297039e-17,5.297039e-19
2.726884e+01,1.550111e-17,5.253546e-17,5.253546e-19
2.727168e+01,1.573944e-17,5.229271e-17,5.229271e-19
2.727453e+01,1.561326e-17,5.216029e-17,5.216029e-19
2.727737e+01,1.564847e-17,5.179115e-17,5.179115e-19
2.728021e+01,1.552021e-17,5.117160e-17,5.117160e-19
2.728306e+01,1.553102e-17,5.136946e-17,5.136946e-19
2.728590e+01,1.558382e-17,5.224738e-17,5.224738e-19
2.728874e+01,1.571656e-17,5.254898e-17,5.254898e-19
2.729159e+01,1.553693e-17,5.218183e-17,5.218183e-19
2.729443e+01,1.537860e-17,5.165392e-17,5.165392e-19
2.729727e+01,1.558483e-17,5.115255e-17,5.115255e-19
2.730012e+01,1.565283e-17,5.141555e-17,5.141555e-19
2.730296e+01,1.569921e-17,5.179401e-17,5.179401e-19
2.730580e+01,1.554823e-17,5.176316e-17,5.176316e-19
2.730865e+01,1.563976e-17,5.188886e-17,5.188886e-19
2.731149e+01,1.577339e-17,5.263989e-17,5.263989e-19
2.731433e+01,1.573550e-17,5.326153e-17,5.326153e-19
2.731718e+01,1.567877e-17,5.354211e-17,5.354211e-19
2.732002e+01,1.560838e-17,5.337655e-17,5.337655e-19
2.732286e+01,1.576247e-17,5.349070e-17,5.349070e-19
2.732571e+01,1.576455e-17,5.435558e-17,5.435558e-19
2.732855e+01,1.570300e-17,5.523140e-17,5.523140e-19
2.733139e+01,1.565922e-17,5.590721e-17,5.590721e-19
2.733424e+01,1.567138e-17,5.684299e-17,5.684299e-19
2.733708e+01,1.548811e-17,5.785904e-17,5.785904e-19
2.733993e+01,1.566924e-17,5.901720e-17,5.901720e-19
2.734277e+01,1.581865e-17,5.993304e-17,5.993304e-19
2.734561e+01,1.596165e-17,6.108608e-17,6.108608e-19
2.734846e+01,1.579447e-17,6.246370e-17,6.246370e-19
2.735130e+01,1.585955e-17,6.371177e-17,6.371177e-19
2.735414e+01,1.577416e-17,6.458734e-17,6.458734e-19
2.735699e+01,1.577084e-17,6.509189e-17,6.509189e-19
2.735983e+01,1.571917e-17,6.563108e-17,6.563108e-19
2.736267e+01,1.558801e-17,6.657151e-17,6.657151e-19
2.736552e+01,1.588636e-17,6.758801e-17,6.758801e-19
2.736836e+01,1.575816e-17,6.863738e-17,6.863738e-19
2.737120e+01,1.593664e-17,6.935531e-17,6.935531e-19
2.737405e+01,1.580910e-17,6.949813e-17,6.949813e-19
2.737689e+01,1.601792e-17,6.961132e-17,6.961132e-19
2.737973e+01,1.587362e-17,6.993472e-17,6.993472e-19
2.738258e+01,1.601142e-17,7.058756e-17,7.058756e-19
2.738542e+01,1.589703e-17,7.125883e-17,7.125883e-19
2.738826e+01,1.618323e-17,7.132990e-17,7.132990e-19
2.739111e+01,1.587718e-17,7.072628e-17,7.072628e-19
2.739395e+01,1.590398e-17,7.036723e-17,7.036723e-19
2.739679e+01,1.602042e-17,7.039440e-17,7.039440e-19
2.739964e+01,1.578450e-17,7.028385e-17,7.028385e-19
2.740248e+01,1.597772e-17,6.992796e-17,6.992796e-19
2.740532e+01,1.578099e-17,6.907477e-17,6.907477e-19
2.740817e+01,1.607253e-17,6.797939e-17,6.797939e-19
2.741101e+01,1.586492e-17,6.703144e-17,6.703144e-19
2.741386e+01,1.597447e-17,6.681723e-17,6.681723e-19
2.741670e+01,1.600178e-17,6.682282e-17,6.682282e-19
2.741954e+01,1.600333e-17,6.641494e-17,6.641494e-19
2.742239e+01,1.582581e-17,6.605337e-17,6.605337e-19
2.742523e+01,1.582409e-17,6.621404e-17,6.621404e-19
2.742807e+01,1.593602e-17,6.603281e-17,6.603281e-19
2.743092e+01,1.588701e-17,6.526702e-17,6.526702e-19
2.743376e+01,1.576701e-17,6.414471e-17,6.414471e-19
2.743660e+01,1.585566e-17,6.344467e-17,6.344467e-19
2.743945e+01,1.574064e-17,6.293106e-17,6.293106e-19
2.744229e+01,1.577749e-17,6.242228e-17,6.242228e-19
2.744513e+01,1.608785e-17,6.156975e-17,6.156975e-19
2.744798e+01,1.581293e-17,6.087384e-17,6.087384e-19
2.745082e+01,1.581635e-17,6.078090e-17,6.078090e-19
2.745366e+01,1.566845e-17,5.986548e-17,5.986548e-19
2.745651e+01,1.588687e-17,5.864683e-17,5.864683e-19
2.745935e+01,1.563768e-17,5.801845e-17,5.801845e-19
2.746219e+01,1.565546e-17,5.781143e-17,5.781143e-19
2.746504e+01,1.588134e-17,5.683194e-17,5.683194e-19
2.746788e+01,1.554872e-17,5.583111e-17,5.583111e-19
2.747072e+01,1.546949e-17,5.535414e-17,5.535414e-19
2.747357e+01,1.549135e-17,5.435248e-17,5.435248e-19
2.747641e+01,1.563871e-17,5.321487e-17,5.321487e-19
2.747925e+01,1.511204e-17,5.229427e-17,5.229427e-19
2.748210e+01,1.560769e-17,5.154321e-17,5.154321e-19
2.748494e+01,1.565286e-17,5.066031e-17,5.066031e-19
2.748779e+01,1.549997e-17,4.980140e-17,4.980140e-19
2.749063e+01,1.565305e-17,4.920961e-17,4.920961e-19
2.749347e+01,1.539211e-17,4.816891e-17,4.816891e-19
2.749632e+01,1.506520e-17,4.677739e-17,4.677739e-19
2.749916e+01,1.517093e-17,4.549004e-17,4.549004e-19
2.750200e+01,1.534867e-17,4.501221e-17,4.501221e-19
2.750485e+01,1.515605e-17,4.444246e-17,4.444246e-19
2.750769e+01,1.550013e-17,4.317202e-17,4.317202e-19
2.751053e+01,1.523199e-17,4.138251e-17,4.138251e-19
2.751338e+01,1.522844e-17,4.011988e-17,4.011988e-19
2.751622e+01,1.525439e-17,3.930914e-17,3.930914e-19
2.751906e+01,1.521366e-17,3.837795e-17,3.837795e-19
2.752191e+01,1.505407e-17,3.705944e-17,3.705944e-19
2.752475e+01,1.511798e-17,3.536767e-17,3.536767e-19
2.752759e+01,1.509522e-17,3.446575e-17,3.446575e-19
2.753044e+01,1.515405e-17,3.401671e-17,3.401671e-19
2.753328e+01,1.507312e-17,3.339998e-17,3.339998e-19
2.753612e+01,1.472913e-17,3.297119e-17,3.297119e-19
2.753897e+01,1.495369e-17,3.254793e-17,3.254793e-19
2.754181e+01,1.454453e-17,3.138401e-17,3.138401e-19
2.754465e+01,1.487717e-17,3.085123e-17,3.085123e-19
2.754750e+01,1.498363e-17,3.132046e-17,3.132046e-19
2.755034e+01,1.482408e-17,3.155271e-17,3.155271e-19
2.755319e+01,1.480633e-17,3.096799e-17,3.096799e-19
2.755603e+01,1.484691e-17,3.026976e-17,3.026976e-19
2.755887e+01,1.513223e-17,3.039788e-17,3.039788e-19
2.756172e+01,1.474811e-17,2.921669e-17,2.921669e-19
2.756456e+01,1.462915e-17,2.801873e-17,2.801873e-19
2.756740e+01,1.462821e-17,2.782616e-17,2.782616e-19
2.757025e+01,1.474429e-17,2.837080e-17,2.837080e-19
2.757309e+01,1.484924e-17,2.810057e-17,2.810057e-19
2.757593e+01,1.458058e-17,2.698235e-17,2.698235e-19
2.757878e+01,1.457547e-17,2.729517e-17,2.729517e-19
2.758162e+01,1.478852e-17,2.892625e-17,2.892625e-19
2.758446e+01,1.471086e-17,2.926357e-17,2.926357e-19
2.758731e+01,1.477514e-17,2.908256e-17,2.908256e-19
2.759015e+01,1.468390e-17,2.920734e-17,2.920734e-19
2.759299e+01,1.464468e-17,2.915780e-17,2.915780e-19
2.759584e+01,1.465261e-17,2.920305e-17,2.920305e-19
2.759868e+01,1.480427e-17,2.935421e-17,2.935421e-19
2.760152e+01,1.489996e-17,2.911953e-17,2.911953e-19
2.760437e+01,1.510266e-17,2.918437e-17,2.918437e-19
2.760721e+01,1.454895e-17,2.884510e-17,2.884510e-19
2.761005e+01,1.474684e-17,2.995795e-17,2.995795e-19
2.761290e+01,1.491876e-17,3.106402e-17,3.106402e-19
2.761574e+01,1.470701e-17,3.081765e-17,3.081765e-19
2.761858e+01,1.500853e-17,3.077654e-17,3.077654e-19
2.762143e+01,1.509751e-17,3.165623e-17,3.165623e-19
2.762427e+01,1.500868e-17,3.242037e-17,3.242037e-19
2.762712e+01,1.496094e-17,3.271190e-17,3.271190e-19
2.762996e+01,1.502762e-17,3.292651e-17,3.292651e-19
2.763280e+01,1.511407e-17,3.287785e-17,3.287785e-19
2.763565e+01,1.491907e-17,3.289645e-17,3.289645e-19
2.763849e+01,1.474057e-17,3.266573e-17,3.266573e-19
2.764133e+01,1.517576e-17,3.244477e-17,3.244477e-19
2.764418e+01,1.469551e-17,3.202718e-17,3.202718e-19
2.764702e+01,1.484855e-17,3.278562e-17,3.278562e-19
2.764986e+01,1.483441e-17,3.387139e-17,3.387139e-19
2.765271e+01,1.515133e-17,3.435484e-17,3.435484e-19
2.765555e+01,1.492820e-17,3.354986e-17,3.354986e-19
2.765839e+01,1.493007e-17,3.284670e-17,3.284670e-19
2.766124e+01,1.489641e-17,3.322669e-17,3.322669e-19
2.766408e+01,1.514062e-17,3.394908e-17,3.394908e-19
2.766692e+01,1.505979e-17,3.401423e-17,3.401423e-19
2.766977e+01,1.499632e-17,3.414656e-17,3.414656e-19
2.767261e+01,1.526869e-17,3.466552e-17,3.466552e-19
2.767545e+01,1.514290e-17,3.437183e-17,3.437183e-19
2.767830e+01,1.497722e-17,3.316985e-17,3.316985e-19
2.768114e+01,1.489483e-17,3.278461e-17,3.278461e-19
2.768398e+01,1.471093e-17,3.328659e-17,3.328659e-19
2.768683e+01,1.495378e-17,3.426598e-17,3.426598e-19
2.768967e+01,1.529870e-17,3.441699e-17,3.441699e-19
2.769251e+01,1.527832e-17,3.351749e-17,3.351749e-19
2.769536e+01,1.505754e-17,3.272996e-17,3.272996e-19
2.769820e+01,1.477665e-17,3.291825e-17,3.291825e-19
2.770105e+01,1.492896e-17,3.327588e-17,3.327588e-19
2.770389e+01,1.491571e-17,3.282892e-17,3.282892e-19
2.770673e+01,1.488687e-17,3.240607e-17,3.240607e-19
2.770958e+01,1.490799e-17,3.264208e-17,3.264208e-19
2.771242e+01,1.522401e-17,3.296346e-17,3.296346e-19
2.771526e+01,1.504194e-17,3.245153e-17,3.245153e-19
2.771811e+01,1.507302e-17,3.205025e-17,3.205025e-19
2.772095e+01,1.476545e-17,3.195054e-17,3.195054e-19
2.772379e+01,1.497075e-17,3.226572e-17,3.226572e-19
2.772664e+01,1.482506e-17,3.231773e-17,3.231773e-19
2.772948e+01,1.516157e-17,3.285107e-17,3.285107e-19
2.773232e+01,1.479755e-17,3.294663e-17,3.294663e-19
2.773517e+01,1.475559e-17,3.304352e-17,3.304352e-19
2.773801e+01,1.492732e-17,3.366494e-17,3.366494e-19
2.774085e+01,1.507717e-17,3.454347e-17,3.454347e-19
2.774370e+01,1.504097e-17,3.455840e-17,3.455840e-19
2.774654e+01,1.487679e-17,3.420322e-17,3.420322e-19
2.774938e+01,1.499593e-17,3.430929e-17,3.430929e-19
2.775223e+01,1.488722e-17,3.521781e-17,3.521781e-19
2.775507e+01,1.493572e-17,3.614813e-17,3.614813e-19
2.775791e+01,1.490176e-17,3.727825e-17,3.727825e-19
2.776076e+01,1.499080e-17,3.814412e-17,3.814412e-19
2.776360e+01,1.510763e-17,3.861320e-17,3.861320e-19
2.776644e+01,1.507613e-17,3.908296e-17,3.908296e-19
2.776929e+01,1.528543e-17,4.013597e-17,4.013597e-19
2.777213e+01,1.501102e-17,4.099346e-17,4.099346e-19
2.777498e+01,1.503993e-17,4.199664e-17,4.199664e-19
2.777782e+01,1.490998e-17,4.291619e-17,4.291619e-19
2.778066e+01,1.515565e-17,4.371502e-17,4.371502e-19
2.778351e+01,1.496403e-17,4.407287e-17,4.407287e-19
2.778635e+01,1.525990e-17,4.438943e-17,4.438943e-19
2.778919e+01,1.530237e-17,4.488969e-17,4.488969e-19
2.779204e+01,1.539367e-17,4.563650e-17,4.563650e-19
2.779488e+01,1.523804e-17,4.580133e-17,4.580133e-19
2.779772e+01,1.524097e-17,4.618615e-17,4.618615e-19
2.780057e+01,1.537610e-17,4.737516e-17,4.737516e-19
2.780341e+01,1.543368e-17,4.837111e-17,4.837111e-19
2.780625e+01,1.533765e-17,4.795037e-17,4.795037e-19
2.780910e+01,1.534108e-17,4.735193e-17,4.735193e-19
2.781194e+01,1.529122e-17,4.754896e-17,4.754896e-19
2.781478e+01,1.559240e-17,4.824783e-17,4.824783e-19
2.781763e+01,1.524233e-17,4.841418e-17,4.841418e-19
2.782047e+01,1.548144e-17,4.778989e-17,4.778989e-19
2.782331e+01,1.530953e-17,4.719606e-17,4.719606e-19
2.782616e+01,1.541612e-17,4.739887e-17,4.739887e-19
2.782900e+01,1.533824e-17,4.726389e-17,4.726389e-19
2.783184e+01,1.528609e-17,4.618216e-17,4.618216e-19
2.783469e+01,1.514293e-17,4.544625e-17,4.544625e-19
2.783753e+01,1.523667e-17,4.567804e-17,4.567804e-19
2.784038e+01,1.501911e-17,4.576406e-17,4.576406e-19
2.784322e+01,1.534841e-17,4.571461e-17,4.571461e-19
2.784606e+01,1.532703e-17,4.633787e-17,4.633787e-19
2.784891e+01,1.511585e-17,4.693742e-17,4.693742e-19
2.785175e+01,1.535811e-17,4.705101e-17,4.705101e-19
2.785459e+01,1.520079e-17,4.709884e-17,4.709884e-19
2.785744e+01,1.530027e-17,4.768987e-17,4.768987e-19
2.786028e+01,1.512700e-17,4.828751e-17,4.828751e-19
2.786312e+01,1.540782e-17,4.876838e-17,4.876838e-19
2.786597e+01,1.526197e-17,4.906534e-17,4.906534e-19
2.786881e+01,1.557606e-17,4.976498e-17,4.976498e-19
2.787165e+01,1.552941e-17,5.010629e-17,5.010629e-19
2.787450e+01,1.515510e-17,5.054981e-17,5.054981e-19
2.787734e+01,1.546661e-17,5.100356e-17,5.100356e-19
2.788018e+01,1.534088e-17,5.135761e-17,5.135761e-19
2.788303e+01,1.553955e-17,5.214254e-17,5.214254e-19
2.788587e+01,1.528482e-17,5.324590e-17,5.324590e-19
2.788871e+01,1.534262e-17,5.468740e-17,5.468740e-19
2.789156e+01,1.541501e-17,5.595230e-17,5.595230e-19
2.789440e+01,1.521825e-17,5.702420e-17,5.702420e-19
2.789724e+01,1.545589e-17,5.796807e-17,5.796807e-19
2.790009e+01,1.522508e-17,5.886816e-17,5.886816e-19
2.790293e+01,1.552056e-17,5.992848e-17,5.992848e-19
2.790577e+01,1.562697e-17,6.062972e-17,6.062972e-19
2.790862e+01,1.560652e-17,6.149838e-17,6.149838e-19
2.791146e+01,1.581800e-17,6.256545e-17,6.256545e-19
2.791431e+01,1.581207e-17,6.319962e-17,6.319962e-19
2.791715e+01,1.570284e-17,6.325458e-17,6.325458e-19
2.791999e+01,1.565743e-17,6.397156e-17,6.397156e-19
2.792284e+01,1.590893e-17,6.540701e-17,6.540701e-19
2.792568e+01,1.556257e-17,6.598112e-17,6.598112e-19
2.792852e+01,1.551446e-17,6.643752e-17,6.643752e-19
2.793137e+01,1.586516e-17,6.738445e-17,6.738445e-19
2.793421e+01,1.557997e-17,6.780642e-17,6.780642e-19
2.793705e+01,1.561366e-17,6.749876e-17,6.749876e-19
2.793990e+01,1.573732e-17,6.742891e-17,6.742891e-19
2.794274e+01,1.563427e-17,6.753505e-17,6.753505e-19
2.794558e+01,1.556321e-17,6.703620e-17,6.703620e-19
2.794843e+01,1.571287e-17,6.651348e-17,6.651348e-19
2.795127e+01,1.580641e-17,6.688499e-17,6.688499e-19
2.795411e+01,1.551631e-17,6.720379e-17,6.720379e-19
2.795696e+01,1.560167e-17,6.703700e-17,6.703700e-19
2.795980e+01,1.578420e-17,6.633380e-17,6.633380e-19
2.796264e+01,1.528582e-17,6.536787e-17,6.536787e-19
2.796549e+01,1.528929e-17,6.456323e-17,6.456323e-19
2.796833e+01,1.548388e-17,6.389566e-17,6.389566e-19
2.797117e+01,1.543670e-17,6.309483e-17,6.309483e-19
2.797402e+01,1.522192e-17,6.226709e-17,6.226709e-19
2.797686e+01,1.530779e-17,6.161355e-17,6.161355e-19
2.797970e+01,1.538780e-17,6.082347e-17,6.082347e-19
2.798255e+01,1.547122e-17,5.963803e-17,5.963803e-19
2.798539e+01,1.531751e-17,5.810825e-17,5.810825e-19
2.798824e+01,1.516563e-17,5.677592e-17,5.677592e-19
2.799108e+01,1.519508e-17,5.573178e-17,5.573178e-19
2.799392e+01,1.522024e-17,5.457666e-17,5.457666e-19
2.799677e+01,1.512187e-17,5.292369e-17,5.292369e-19
2.799961e+01,1.517836e-17,5.133631e-17,5.133631e-19
2.800245e+01,1.521202e-17,5.014714e-17,5.014714e-19
2.800530e+01,1.522941e-17,4.931422e-17,4.931422e-19
2.800814e+01,1.511036e-17,4.875883e-17,4.875883e-19
2.801098e+01,1.506179e-17,4.792130e-17,4.792130e-19
2.801383e+01,1.479406e-17,4.697001e-17,4.697001e-19
2.801667e+01,1.504433e-17,4.621699e-17,4.621699e-19
2.801951e+01,1.529908e-17,4.562273e-17,4.562273e-19
2.802236e+01,1.512638e-17,4.470661e-17,4.470661e-19
2.802520e+01,1.504393e-17,4.380626e-17,4.380626e-19
2.802804e+01,1.526101e-17,4.322238e-17,4.322238e-19
2.803089e+01,1.503747e-17,4.258730e-17,4.258730e-19
2.803373e+01,1.519750e-17,4.199343e-17,4.199343e-19
2.803657e+01,1.504813e-17,4.131240e-17,4.131240e-19
2.803942e+01,1.511846e-17,4.041277e-17,4.041277e-19
2.804226e+01,1.505888e-17,3.922766e-17,3.922766e-19
2.804510e+01,1.515211e-17,3.827069e-17,3.827069e-19
2.804795e+01,1.501191e-17,3.752116e-17,3.752116e-19
2.805079e+01,1.509058e-17,3.688961e-17,3.688961e-19
2.805364e+01,1.496544e-17,3.557639e-17,3.557639e-19
2.805648e+01,1.479570e-17,3.395998e-17,3.395998e-19
2.805932e+01,1.497173e-17,3.331462e-17,3.331462e-19
2.806217e+01,1.507988e-17,3.327661e-17,3.327661e-19
2.806501e+01,1.501390e-17,3.274553e-17,3.274553e-19
2.806785e+01,1.473101e-17,3.185286e-17,3.185286e-19
2.807070e+01,1.472844e-17,3.119454e-17,3.119454e-19
2.807354e+01,1.495296e-17,3.072017e-17,3.072017e-19
2.807638e+01,1.484823e-17,3.005581e-17,3.005581e-19
2.807923e+01,1.485192e-17,2.937151e-17,2.937151e-19
2.808207e+01,1.481478e-17,2.892851e-17,2.892851e-19
2.808491e+01,1.458606e-17,2.776088e-17,2.776088e-19
2.808776e+01,1.470505e-17,2.708914e-17,2.708914e-19
2.809060e+01,1.481372e-17,2.727291e-17,2.727291e-19
2.809344e+01,1.467519e-17,2.758441e-17,2.758441e-19
2.809629e+01,1.478031e-17,2.806678e-17,2.806678e-19
2.809913e+01,1.484029e-17,2.807685e-17,2.807685e-19
2.810197e+01,1.481876e-17,2.862216e-17,2.862216e-19
2.810482e+01,1.474467e-17,2.917468e-17,2.917468e-19
2.810766e+01,1.467399e-17,2.968349e-17,2.968349e-19
2.811050e+01,1.469120e-17,2.988827e-17,2.988827e-19
2.811335e+01,1.486118e-17,2.978765e-17,2.978765e-19
2.811619e+01,1.459371e-17,2.979645e-17,2.979645e-19
2.811903e+01,1.500081e-17,3.085898e-17,3.085898e-19
2.812188e+01,1.480973e-17,3.208932e-17,3.208932e-19
2.812472e+01,1.483144e-17,3.336775e-17,3.336775e-19
2.812757e+01,1.512546e-17,3.445121e-17,3.445121e-19
2.813041e+01,1.476819e-17,3.519583e-17,3.519583e-19
2.813325e+01,1.505263e-17,3.668402e-17,3.668402e-19
2.813610e+01,1.492229e-17,3.736775e-17,3.736775e-19
2.813894e+01,1.504587e-17,3.750080e-17,3.750080e-19
2.814178e+01,1.467362e-17,3.781321e-17,3.781321e-19
2.814463e+01,1.497411e-17,3.938600e-17,3.938600e-19
2.814747e+01,1.496670e-17,4.113051e-17,4.113051e-19
2.815031e+01,1.512191e-17,4.198796e-17,4.198796e-19
2.815316e+01,1.509795e-17,4.194112e-17,4.194112e-19
2.815600e+01,1.546179e-17,4.242803e-17,4.242803e-19
2.815884e+01,1.543214e-17,4.280805e-17,4.280805e-19
2.816169e+01,1.506821e-17,4.298210e-17,4.298210e-19
2.816453e+01,1.502783e-17,4.369379e-17,4.369379e-19
2.816737e+01,1.516280e-17,4.443565e-17,4.443565e-19
2.817022e+01,1.530380e-17,4.490098e-17,4.490098e-19
2.817306e+01,1.510132e-17,4.488441e-17,4.488441e-19
2.817590e+01,1.520371e-17,4.532039e-17,4.532039e-19
2.817875e+01,1.523763e-17,4.657742e-17,4.657742e-19
2.818159e+01,1.514490e-17,4.746072e-17,4.746072e-19
2.818443e+01,1.535921e-17,4.811938e-17,4.811938e-19
2.818728e+01,1.518682e-17,4.894624e-17,4.894624e-19
2.819012e+01,1.530514e-17,4.935809e-17,4.935809e-19
2.819296e+01,1.542802e-17,4.933894e-17,4.933894e-19
2.819581e+01,1.525023e-17,4.986990e-17,4.986990e-19
2.819865e+01,1.554334e-17,5.080600e-17,5.080600e-19
2.820150e+01,1.537682e-17,5.078985e-17,5.078985e-19
2.820434e+01,1.558250e-17,5.037345e-17,5.037345e-19
2.820718e+01,1.540834e-17,4.974123e-17,4.974123e-19
2.821003e+01,1.504393e-17,4.913606e-17,4.913606e-19
2.821287e+01,1.500067e-17,4.920058e-17,4.920058e-19
2.821571e+01,1.526477e-17,4.948180e-17,4.948180e-19
2.821856e+01,1.540933e-17,4.946941e-17,4.946941e-19
2.822140e+01,1.557445e-17,4.898017e-17,4.898017e-19
2.822424e+01,1.557434e-17,4.834577e-17,4.834577e-19
2.822709e+01,1.515390e-17,4.750407e-17,4.750407e-19
2.822993e+01,1.522411e-17,4.740429e-17,4.740429e-19
2.823277e+01,1.559813e-17,4.760533e-17,4.760533e-19
2.823562e+01,1.521102e-17,4.709640e-17,4.709640e-19
2.823846e+01,1.549259e-17,4.646791e-17,4.646791e-19
2.824130e+01,1.512401e-17,4.594018e-17,4.594018e-19
2.824415e+01,1.525328e-17,4.602332e-17,4.602332e-19
2.824699e+01,1.504310e-17,4.567016e-17,4.567016e-19
2.824983e+01,1.536813e-17,4.499048e-17,4.499048e-19
2.825268e+01,1.560420e-17,4.403953e-17,4.403953e-19
2.825552e+01,1.533296e-17,4.329173e-17,4.329173e-19
2.825836e+01,1.539752e-17,4.354783e-17,4.354783e-19
2.826121e+01,1.533052e-17,4.391313e-17,4.391313e-19
2.826405e+01,1.521457e-17,4.392612e-17,4.392612e-19
2.826689e+01,1.505447e-17,4.379128e-17,4.379128e-19
2.826974e+01,1.519610e-17,4.382327e-17,4.382327e-19
2.827258e+01,1.534684e-17,4.363771e-17,4.363771e-19
2.827543e+01,1.538600e-17,4.349582e-17,4.349582e-19
2.827827e+01,1.508764e-17,4.318850e-17,4.318850e-19
2.828111e+01,1.512518e-17,4.314382e-17,4.314382e-19
2.828396e+01,1.515511e-17,4.304911e-17,4.304911e-19
2.828680e+01,1.525375e-17,4.312337e-17,4.312337e-19
2.828964e+01,1.537914e-17,4.320076e-17,4.320076e-19
2.829249e+01,1.516774e-17,4.276982e-17,4.276982e-19
2.829533e+01,1.514067e-17,4.283912e-17,4.283912e-19
2.829817e+01,1.526721e-17,4.362207e-17,4.362207e-19
2.830102e+01,1.490775e-17,4.426520e-17,4.426520e-19
2.830386e+01,1.515108e-17,4.502656e-17,4.502656e-19
2.830670e+01,1.516635e-17,4.583487e-17,4.583487e-19
2.830955e+01,1.541592e-17,4.682926e-17,4.682926e-19
2.831239e+01,1.540179e-17,4.700112e-17,4.700112e-19
2.831523e+01,1.535311e-17,4.662899e-17,4.662899e-19
2.831808e+01,1.514952e-17,4.723544e-17,4.723544e-19
2.832092e+01,1.518243e-17,4.828066e-17,4.828066e-19
2.832376e+01,1.529544e-17,4.788499e-17,4.788499e-19
2.832661e+01,1.519307e-17,4.718576e-17,4.718576e-19
2.832945e+01,1.534796e-17,4.763075e-17,4.763075e-19
2.833229e+01,1.503264e-17,4.850293e-17,4.850293e-19
2.833514e+01,1.522836e-17,4.916907e-17,4.916907e-19
2.833798e+01,1.520311e-17,4.930774e-17,4.930774e-19
2.834083e+01,1.523073e-17,4.952819e-17,4.952819e-19
2.834367e+01,1.536991e-17,5.007754e-17,5.007754e-19
2.834651e+01,1.529178e-17,5.028331e-17,5.028331e-19
2.834936e+01,1.542232e-17,5.060997e-17,5.060997e-19
2.835220e+01,1.526113e-17,5.097318e-17,5.097318e-19
2.835504e+01,1.533823e-17,5.099117e-17,5.099117e-19
2.835789e+01,1.499346e-17,5.068476e-17,5.068476e-19
2.836073e+01,1.508742e-17,5.083832e-17,5.083832e-19
2.836357e+01,1.523680e-17,5.069344e-17,5.069344e-19
2.836642e+01,1.519267e-17,5.063297e-17,5.063297e-19
2.836926e+01,1.522130e-17,5.120572e-17,5.120572e-19
2.837210e+01,1.532099e-17,5.180654e-17,5.180654e-19
2.837495e+01,1.548706e-17,5.186707e-17,5.186707e-19
2.837779e+01,1.512183e-17,5.174631e-17,5.174631e-19
2.838063e+01,1.510599e-17,5.166569e-17,5.166569e-19
2.838348e+01,1.530307e-17,5.182831e-17,5.182831e-19
2.838632e+01,1.533760e-17,5.218414e-17,5.218414e-19
2.838916e+01,1.527423e-17,5.309089e-17,5.309089e-19
2.839201e+01,1.522751e-17,5.377355e-17,5.377355e-19
2.839485e+01,1.524727e-17,5.375623e-17,5.375623e-19
2.839769e+01,1.542939e-17,5.309490e-17,5.309490e-19
2.840054e+01,1.498443e-17,5.243501e-17,5.243501e-19
2.840338e+01,1.529677e-17,5.266747e-17,5.266747e-19
2.840622e+01,1.539650e-17,5.340244e-17,5.340244e-19
2.840907e+01,1.540923e-17,5.368221e-17,5.368221e-19
2.841191e+01,1.530223e-17,5.360748e-17,5.360748e-19
2.841476e+01,1.529269e-17,5.356381e-17,5.356381e-19
2.841760e+01,1.529731e-17,5.351883e-17,5.351883e-19
2.842044e+01,1.498398e-17,5.329049e-17,5.329049e-19
2.842329e+01,1.522869e-17,5.328241e-17,5.328241e-19
2.842613e+01,1.534224e-17,5.328068e-17,5.328068e-19
2.842897e+01,1.514107e-17,5.279865e-17,5.279865e-19
2.843182e+01,1.546544e-17,5.187885e-17,5.187885e-19
2.843466e+01,1.517380e-17,5.122011e-17,5.122011e-19
2.843750e+01,1.520490e-17,5.130045e-17,5.130045e-19
2.844035e+01,1.542380e-17,5.089960e-17,5.089960e-19
2.844319e+01,1.521431e-17,5.028450e-17,5.028450e-19
2.844603e+01,1.499822e-17,4.981482e-17,4.981482e-19
2.844888e+01,1.523553e-17,4.955624e-17,4.955624e-19
2.845172e+01,1.522569e-17,4.930327e-17,4.930327e-19
2.845456e+01,1.507734e-17,4.889529e-17,4.889529e-19
2.845741e+01,1.497332e-17,4.781813e-17,4.781813e-19
2.846025e+01,1.519219e-17,4.695324e-17,4.695324e-19
2.846309e+01,1.491640e-17,4.706826e-17,4.706826e-19
2.846594e+01,1.507163e-17,4.717676e-17,4.717676e-19
2.846878e+01,1.491680e-17,4.623841e-17,4.623841e-19
2.847162e+01,1.502518e-17,4.493765e-17,4.493765e-19
2.847447e+01,1.498819e-17,4.417430e-17,4.417430e-19
2.847731e+01,1.518769e-17,4.410356e-17,4.410356e-19
2.848015e+01,1.502036e-17,4.381144e-17,4.381144e-19
2.848300e+01,1.511523e-17,4.342464e-17,4.342464e-19
2.848584e+01,1.512596e-17,4.286746e-17,4.286746e-19
2.848869e+01,1.497774e-17,4.239366e-17,4.239366e-19
2.849153e+01,1.511321e-17,4.257975e-17,4.257975e-19
2.849437e+01,1.521739e-17,4.268041e-17,4.268041e-19
2.849722e+01,1.511097e-17,4.178128e-17,4.178128e-19
2.850006e+01,1.514889e-17,4.065041e-17,4.065041e-19
2.850290e+01,1.507096e-17,4.069294e-17,4.069294e-19
2.850575e+01,1.551731e-17,4.144648e-17,4.144648e-19
2.850859e+01,1.471210e-17,4.134423e-17,4.134423e-19
2.851143e+01,1.491609e-17,4.120226e-17,4.120226e-19
2.851428e+01,1.505495e-17,4.133144e-17,4.133144e-19
2.851712e+01,1.483147e-17,4.099109e-17,4.099109e-19
2.851996e+01,1.515005e-17,4.011622e-17,4.011622e-19
2.852281e+01,1.490179e-17,3.964399e-17,3.964399e-19
2.852565e+01,1.500252e-17,3.972288e-17,3.972288e-19
2.852849e+01,1.502957e-17,3.938786e-17,3.938786e-19
2.853134e+01,1.505413e-17,3.887753e-17,3.887753e-19
2.853418e+01,1.511930e-17,3.863886e-17,3.863886e-19
2.853702e+01,1.500212e-17,3.828204e-17,3.828204e-19
2.853987e+01,1.503024e-17,3.729188e-17,3.729188e-19
2.854271e+01,1.489262e-17,3.630025e-17,3.630025e-19
2.854555e+01,1.500463e-17,3.614678e-17,3.614678e-19
2.854840e+01,1.490840e-17,3.566380e-17,3.566380e-19
2.855124e+01,1.490023e-17,3.553137e-17,3.553137e-19
2.855409e+01,1.489604e-17,3.521701e-17,3.521701e-19
2.855693e+01,1.479440e-17,3.468965e-17,3.468965e-19
2.855977e+01,1.481233e-17,3.378854e-17,3.378854e-19
2.856262e+01,1.483197e-17,3.344681e-17,3.344681e-19
2.856546e+01,1.468075e-17,3.333387e-17,3.333387e-19
2.856830e+01,1.501821e-17,3.384750e-17,3.384750e-19
2.857115e+01,1.459377e-17,3.358462e-17,3.358462e-19
2.857399e+01,1.433291e-17,3.250747e-17,3.250747e-19
2.857683e+01,1.483270e-17,3.256174e-17,3.256174e-19
2.857968e+01,1.461361e-17,3.322204e-17,3.322204e-19
2.858252e+01,1.454892e-17,3.355889e-17,3.355889e-19
2.858536e+01,1.480682e-17,3.345925e-17,3.345925e-19
2.858821e+01,1.480882e-17,3.374501e-17,3.374501e-19
2.859105e+01,1.454918e-17,3.400074e-17,3.400074e-19
2.859389e+01,1.459088e-17,3.467762e-17,3.467762e-19
2.859674e+01,1.453531e-17,3.480754e-17,3.480754e-19
2.859958e+01,1.497962e-17,3.537644e-17,3.537644e-19
2.860242e+01,1.485596e-17,3.606834e-17,3.606834e-19
2.860527e+01,1.454071e-17,3.662539e-17,3.662539e-19
2.860811e+01,1.499754e-17,3.706802e-17,3.706802e-19
2.861095e+01,1.487211e-17,3.721054e-17,3.721054e-19
2.861380e+01,1.482168e-17,3.662195e-17,3.662195e-19
2.861664e+01,1.452240e-17,3.628943e-17,3.628943e-19
2.861948e+01,1.461215e-17,3.721336e-17,3.721336e-19
2.862233e+01,1.473956e-17,3.901782e-17,3.901782e-19
2.862517e+01,1.480353e-17,3.999248e-17,3.999248e-19
2.862802e+01,1.479094e-17,4.003312e-17,4.003312e-19
2.863086e+01,1.481706e-17,4.071974e-17,4.071974e-19
2.863370e+01,1.500422e-17,4.143494e-17,4.143494e-19
2.863655e+01,1.501580e-17,4.132200e-17,4.132200e-19
2.863939e+01,1.471732e-17,4.128750e-17,4.128750e-19
2.864223e+01,1.512109e-17,4.163836e-17,4.163836e-19
2.864508e+01,1.490805e-17,4.245119e-17,4.245119e-19
2.864792e+01,1.505492e-17,4.348301e-17,4.348301e-19
2.865076e+01,1.506689e-17,4.378547e-17,4.378547e-19
2.865361e+01,1.502618e-17,4.368826e-17,4.368826e-19
2.865645e+01,1.499916e-17,4.330894e-17,4.330894e-19
2.865929e+01,1.502771e-17,4.267023e-17,4.267023e-19
2.866214e+01,1.487184e-17,4.212034e-17,4.212034e-19
2.866498e+01,1.497551e-17,4.278602e-17,4.278602e-19
2.866782e+01,1.495567e-17,4.374480e-17,4.374480e-19
2.867067e+01,1.459233e-17,4.354314e-17,4.354314e-19
2.867351e+01,1.474464e-17,4.344642e-17,4.344642e-19
2.867635e+01,1.483278e-17,4.403859e-17,4.403859e-19
2.867920e+01,1.501361e-17,4.452349e-17,4.452349e-19
2.868204e+01,1.499075e-17,4.406632e-17,4.406632e-19
2.868488e+01,1.483926e-17,4.465218e-17,4.465218e-19
2.868773e+01,1.483788e-17,4.577625e-17,4.577625e-19
2.869057e+01,1.523669e-17,4.561778e-17,4.561778e-19
2.869341e+01,1.479935e-17,4.499877e-17,4.499877e-19
2.869626e+01,1.497024e-17,4.537878e-17,4.537878e-19
2.869910e+01,1.472997e-17,4.584886e-17,4.584886e-19
2.870195e+01,1.496507e-17,4.661360e-17,4.661360e-19
2.870479e+01,1.516525e-17,4.717229e-17,4.717229e-19
2.870763e+01,1.475935e-17,4.696662e-17,4.696662e-19
2.871048e+01,1.501357e-17,4.729344e-17,4.729344e-19
2.871332e+01,1.475285e-17,4.765811e-17,4.765811e-19
2.871616e+01,1.512365e-17,4.810510e-17,4.810510e-19
2.871901e+01,1.509480e-17,4.875675e-17,4.875675e-19
2.872185e+01,1.500547e-17,4.908511e-17,4.908511e-19
2.872469e+01,1.502470e-17,4.931881e-17,4.931881e-19
2.872754e+01,1.488623e-17,5.016666e-17,5.016666e-19
2.873038e+01,1.513502e-17,5.121399e-17,5.121399e-19
2.873322e+01,1.514674e-17,5.177363e-17,5.177363e-19
2.873607e+01,1.511658e-17,5.212833e-17,5.212833e-19
2.873891e+01,1.501110e-17,5.259809e-17,5.259809e-19
2.874175e+01,1.539527e-17,5.352397e-17,5.352397e-19
2.874460e+01,1.510892e-17,5.465953e-17,5.465953e-19
2.874744e+01,1.532359e-17,5.563779e-17,5.563779e-19
2.875028e+01,1.510607e-17,5.587656e-17,5.587656e-19
2.875313e+01,1.529643e-17,5.595924e-17,5.595924e-19
2.875597e+01,1.548644e-17,5.639734e-17,5.639734e-19
2.875881e+01,1.533577e-17,5.702259e-17,5.702259e-19
2.876166e+01,1.536771e-17,5.801420e-17,5.801420e-19
2.876450e+01,1.527081e-17,5.895736e-17,5.895736e-19
2.876734e+01,1.550263e-17,5.911018e-17,5.911018e-19
2.877019e+01,1.528997e-17,5.856764e-17,5.856764e-19
2.877303e+01,1.542590e-17,5.858169e-17,5.858169e-19
2.877588e+01,1.537337e-17,5.858974e-17,5.858974e-19
2.877872e+01,1.564557e-17,5.799757e-17,5.799757e-19
2.878156e+01,1.543915e-17,5.730547e-17,5.730547e-19
2.878441e+01,1.551418e-17,5.790818e-17,5.790818e-19
2.878725e+01,1.529146e-17,5.866657e-17,5.866657e-19
2.879009e+01,1.520358e-17,5.867617e-17,5.867617e-19
2.879294e+01,1.534914e-17,5.845637e-17,5.845637e-19
2.879578e+01,1.521415e-17,5.810540e-17,5.810540e-19
2.879862e+01,1.526349e-17,5.763612e-17,5.763612e-19
2.880147e+01,1.559055e-17,5.760112e-17,5.760112e-19
2.880431e+01,1.558455e-17,5.781377e-17,5.781377e-19
2.880715e+01,1.579741e-17,5.782093e-17,5.782093e-19
2.881000e+01,1.539989e-17,5.787609e-17,5.787609e-19
2.881284e+01,1.562100e-17,5.793120e-17,5.793120e-19
2.881568e+01,1.525310e-17,5.820787e-17,5.820787e-19
2.881853e+01,1.538910e-17,5.932998e-17,5.932998e-19
2.882137e+01,1.527179e-17,6.003351e-17,6.003351e-19
2.882421e+01,1.537668e-17,6.049429e-17,6.049429e-19
2.882706e+01,1.548600e-17,6.063839e-17,6.063839e-19
2.882990e+01,1.538234e-17,6.026892e-17,6.026892e-19
2.883274e+01,1.530939e-17,6.030988e-17,6.030988e-19
2.883559e+01,1.545232e-17,6.154362e-17,6.154362e-19
2.883843e+01,1.564921e-17,6.327737e-17,6.327737e-19
2.884128e+01,1.556784e-17,6.439134e-17,6.439134e-19
2.884412e+01,1.554585e-17,6.530894e-17,6.530894e-19
2.884696e+01,1.576571e-17,6.614002e-17,6.614002e-19
2.884981e+01,1.581516e-17,6.642104e-17,6.642104e-19
2.885265e+01,1.575291e-17,6.661216e-17,6.661216e-19
2.885549e+01,1.578429e-17,6.758633e-17,6.758633e-19
2.885834e+01,1.583108e-17,6.860897e-17,6.860897e-19
2.886118e+01,1.566605e-17,6.931394e-17,6.931394e-19
2.886402e+01,1.601797e-17,6.986976e-17,6.986976e-19
2.886687e+01,1.574969e-17,7.051088e-17,7.051088e-19
2.886971e+01,1.603129e-17,7.155846e-17,7.155846e-19
2.887255e+01,1.593114e-17,7.305518e-17,7.305518e-19
2.887540e+01,1.591750e-17,7.470829e-17,7.470829e-19
2.887824e+01,1.597215e-17,7.561868e-17,7.561868e-19
2.888108e+01,1.612535e-17,7.611775e-17,7.611775e-19
2.888393e+01,1.588022e-17,7.684784e-17,7.684784e-19
2.888677e+01,1.586029e-17,7.783621e-17,7.783621e-19
2.888961e+01,1.613693e-17,7.864245e-17,7.864245e-19
2.889246e+01,1.601811e-17,7.935660e-17,7.935660e-19
2.889530e+01,1.594737e-17,7.990221e-17,7.990221e-19
2.889814e+01,1.589654e-17,8.040999e-17,8.040999e-19
2.890099e+01,1.591762e-17,8.114832e-17,8.114832e-19
2.890383e+01,1.596046e-17,8.190687e-17,8.190687e-19
2.890667e+01,1.588828e-17,8.255739e-17,8.255739e-19
2.890952e+01,1.574728e-17,8.319963e-17,8.319963e-19
2.891236e+01,1.601568e-17,8.394885e-17,8.394885e-19
2.891521e+01,1.602359e-17,8.456298e-17,8.456298e-19
2.891805e+01,1.571375e-17,8.481704e-17,8.481704e-19
2.892089e+01,1.577874e-17,8.492606e-17,8.492606e-19
2.892374e+01,1.601861e-17,8.533102e-17,8.533102e-19
2.892658e+01,1.600600e-17,8.620970e-17,8.620970e-19
2.892942e+01,1.600404e-17,8.738832e-17,8.738832e-19
2.893227e+01,1.583497e-17,8.781147e-17,8.781147e-19
2.893511e+01,1.590654e-17,8.789508e-17,8.789508e-19
2.893795e+01,1.590881e-17,8.783964e-17,8.783964e-19
2.894080e+01,1.605992e-17,8.777474e-17,8.777474e-19
2.894364e+01,1.573883e-17,8.799206e-17,8.799206e-19
2.894648e+01,1.585108e-17,8.839951e-17,8.839951e-19
2.894933e+01,1.597958e-17,8.835468e-17,8.835468e-19
2.895217e+01,1.561095e-17,8.757808e-17,8.757808e-19
2.895501e+01,1.585478e-17,8.736775e-17,8.736775e-19
2.895786e+01,1.582698e-17,8.725517e-17,8.725517e-19
2.896070e+01,1.575674e-17,8.643826e-17,8.643826e-19
2.896354e+01,1.606524e-17,8.572091e-17,8.572091e-19
2.896639e+01,1.586002e-17,8.547603e-17,8.547603e-19
2.896923e+01,1.596409e-17,8.557109e-17,8.557109e-19
2.897207e+01,1.568006e-17,8.554436e-17,8.554436e-19
2.897492e+01,1.594658e-17,8.550822e-17,8.550822e-19
2.897776e+01,1.580438e-17,8.499265e-17,8.499265e-19
2.898060e+01,1.609165e-17,8.429830e-17,8.429830e-19
2.898345e+01,1.604000e-17,8.397480e-17,8.397480e-19
2.898629e+01,1.575031e-17,8.358924e-17,8.358924e-19
2.898914e+01,1.562715e-17,8.281217e-17,8.281217e-19
2.899198e+01,1.581610e-17,8.215816e-17,8.215816e-19
2.899482e+01,1.566526e-17,8.182174e-17,8.182174e-19
2.899767e+01,1.582332e-17,8.110134e-17,8.110134e-19
2.900051e+01,1.594288e-17,8.012876e-17,8.012876e-19
2.900335e+01,1.592248e-17,7.988554e-17,7.988554e-19
2.900620e+01,1.605224e-17,8.025702e-17,8.025702e-19
2.900904e+01,1.562758e-17,7.978456e-17,7.978456e-19
2.901188e+01,1.551874e-17,7.824639e-17,7.824639e-19
2.901473e+01,1.562871e-17,7.681491e-17,7.681491e-19
2.901757e+01,1.555820e-17,7.585472e-17,7.585472e-19
2.902041e+01,1.543457e-17,7.518755e-17,7.518755e-19
2.902326e+01,1.586540e-17,7.460529e-17,7.460529e-19
2.902610e+01,1.580419e-17,7.375113e-17,7.375113e-19
2.902894e+01,1.542855e-17,7.292208e-17,7.292208e-19
2.903179e+01,1.548476e-17,7.213988e-17,7.213988e-19
2.903463e+01,1.568821e-17,7.105270e-17,7.105270e-19
2.903747e+01,1.547495e-17,6.958481e-17,6.958481e-19
2.904032e+01,1.570759e-17,6.835041e-17,6.835041e-19
2.904316e+01,1.524506e-17,6.739284e-17,6.739284e-19
2.904600e+01,1.518608e-17,6.696244e-17,6.696244e-19
2.904885e+01,1.532252e-17,6.679468e-17,6.679468e-19
2.905169e+01,1.536901e-17,6.625652e-17,6.625652e-19
2.905454e+01,1.516097e-17,6.552457e-17,6.552457e-19
2.905738e+01,1.530987e-17,6.479951e-17,6.479951e-19
2.906022e+01,1.521147e-17,6.360872e-17,6.360872e-19
2.906307e+01,1.503436e-17,6.242801e-17,6.242801e-19
2.906591e+01,1.530182e-17,6.193827e-17,6.193827e-19
2.906875e+01,1.515451e-17,6.203418e-17,6.203418e-19
2.907160e+01,1.507453e-17,6.227566e-17,6.227566e-19
2.907444e+01,1.511775e-17,6.194454e-17,6.194454e-19
2.907728e+01,1.526726e-17,6.162700e-17,6.162700e-19
2.908013e+01,1.520353e-17,6.171512e-17,6.171512e-19
2.908297e+01,1.509229e-17,6.128127e-17,6.128127e-19
2.908581e+01,1.514158e-17,6.080026e-17,6.080026e-19
2.908866e+01,1.485796e-17,6.070676e-17,6.070676e-19
2.909150e+01,1.496729e-17,6.075292e-17,6.075292e-19
2.909434e+01,1.523545e-17,6.093231e-17,6.093231e-19
2.909719e+01,1.530362e-17,6.098835e-17,6.098835e-19
2.910003e+01,1.529282e-17,6.120541e-17,6.120541e-19
2.910287e+01,1.493956e-17,6.116425e-17,6.116425e-19
2.910572e+01,1.519975e-17,6.103203e-17,6.103203e-19
2.910856e+01,1.497188e-17,6.054344e-17,6.054344e-19
2.911140e+01,1.506116e-17,6.035990e-17,6.035990e-19
2.911425e+01,1.489945e-17,6.053853e-17,6.053853e-19
2.911709e+01,1.487761e-17,6.109918e-17,6.109918e-19
2.911993e+01,1.504478e-17,6.182581e-17,6.182581e-19
2.912278e+01,1.511133e-17,6.191059e-17,6.191059e-19
2.912562e+01,1.491354e-17,6.132466e-17,6.132466e-19
2.912847e+01,1.501635e-17,6.102141e-17,6.102141e-19
2.913131e+01,1.513394e-17,6.139352e-17,6.139352e-19
2.913415e+01,1.496762e-17,6.154616e-17,6.154616e-19
2.913700e+01,1.494427e-17,6.155111e-17,6.155111e-19
2.913984e+01,1.500174e-17,6.174761e-17,6.174761e-19
2.914268e+01,1.529870e-17,6.182282e-17,6.182282e-19
2.914553e+01,1.490386e-17,6.115649e-17,6.115649e-19
2.914837e+01,1.501111e-17,6.100531e-17,6.100531e-19
2.915121e+01,1.478646e-17,6.139595e-17,6.139595e-19
2.915406e+01,1.504010e-17,6.165970e-17,6.165970e-19
2.915690e+01,1.500203e-17,6.164906e-17,6.164906e-19
2.915974e+01,1.507529e-17,6.180962e-17,6.180962e-19
2.916259e+01,1.488754e-17,6.224899e-17,6.224899e-19
2.916543e+01,1.521278e-17,6.239472e-17,6.239472e-19
2.916827e+01,1.516701e-17,6.236815e-17,6.236815e-19
2.917112e+01,1.519146e-17,6.261463e-17,6.261463e-19
2.917396e+01,1.485202e-17,6.257004e-17,6.257004e-19
2.917680e+01,1.489829e-17,6.220544e-17,6.220544e-19
2.917965e+01,1.486092e-17,6.219236e-17,6.219236e-19
2.918249e+01,1.516950e-17,6.253976e-17,6.253976e-19
2.918533e+01,1.513541e-17,6.271559e-17,6.271559e-19
2.918818e+01,1.498832e-17,6.262204e-17,6.262204e-19
2.919102e+01,1.502983e-17,6.255569e-17,6.255569e-19
2.919386e+01,1.493268e-17,6.224996e-17,6.224996e-19
2.919671e+01,1.524752e-17,6.193082e-17,6.193082e-19
2.919955e+01,1.480455e-17,6.173469e-17,6.173469e-19
2.920240e+01,1.515335e-17,6.197785e-17,6.197785e-19
2.920524e+01,1.511862e-17,6.229754e-17,6.229754e-19
2.920808e+01,1.507176e-17,6.284590e-17,6.284590e-19
2.921093e+01,1.516616e-17,6.305869e-17,6.305869e-19
2.921377e+01,1.521613e-17,6.304457e-17,6.304457e-19
2.921661e+01,1.496188e-17,6.296323e-17,6.296323e-19
2.921946e+01,1.524128e-17,6.316716e-17,6.316716e-19
2.922230e+01,1.516766e-17,6.306661e-17,6.306661e-19
2.922514e+01,1.501912e-17,6.306953e-17,6.306953e-19
2.922799e+01,1.487739e-17,6.307296e-17,6.307296e-19
2.923083e+01,1.508813e-17,6.331147e-17,6.331147e-19
2.923367e+01,1.507909e-17,6.337133e-17,6.337133e-19
2.923652e+01,1.507647e-17,6.311755e-17,6.311755e-19
2.923936e+01,1.477071e-17,6.231222e-17,6.231222e-19
2.924220e+01,1.493664e-17,6.157841e-17,6.157841e-19
2.924505e+01,1.502535e-17,6.116925e-17,6.116925e-19
2.924789e+01,1.516222e-17,6.132323e-17,6.132323e-19
2.925073e+01,1.533356e-17,6.174868e-17,6.174868e-19
2.925358e+01,1.522375e-17,6.190132e-17,6.190132e-19
2.925642e+01,1.537504e-17,6.208566e-17,6.208566e-19
2.925926e+01,1.537277e-17,6.188492e-17,6.188492e-19
2.926211e+01,1.527770e-17,6.121475e-17,6.121475e-19
2.926495e+01,1.519419e-17,6.078233e-17,6.078233e-19
2.926779e+01,1.514759e-17,6.106174e-17,6.106174e-19
2.927064e+01,1.495699e-17,6.120747e-17,6.120747e-19
2.927348e+01,1.514935e-17,6.119307e-17,6.119307e-19
2.927633e+01,1.497320e-17,6.108820e-17,6.108820e-19
2.927917e+01,1.491263e-17,6.110838e-17,6.110838e-19
2.928201e+01,1.510271e-17,6.142261e-17,6.142261e-19
2.928486e+01,1.520815e-17,6.165950e-17,6.165950e-19
2.928770e+01,1.486129e-17,6.128460e-17,6.128460e-19
2.929054e+01,1.503769e-17,6.118146e-17,6.118146e-19
2.929339e+01,1.495801e-17,6.117270e-17,6.117270e-19
2.929623e+01,1.501115e-17,6.082896e-17,6.082896e-19
2.929907e+01,1.488677e-17,6.038642e-17,6.038642e-19
2.930192e+01,1.486348e-17,6.046474e-17,6.046474e-19
2.930476e+01,1.509896e-17,6.072284e-17,6.072284e-19
2.930760e+01,1.499349e-17,6.070752e-17,6.070752e-19
2.931045e+01,1.513936e-17,6.065393e-17,6.065393e-19
2.931329e+01,1.508620e-17,6.077885e-17,6.077885e-19
2.931613e+01,1.511554e-17,6.113044e-17,6.113044e-19
2.931898e+01,1.524904e-17,6.153453e-17,6.153453e-19
2.932182e+01,1.519311e-17,6.183319e-17,6.183319e-19
2.932466e+01,1.500866e-17,6.195345e-17,6.195345e-19
2.932751e+01,1.524131e-17,6.205322e-17,6.205322e-19
2.933035e+01,1.523386e-17,6.220477e-17,6.220477e-19
2.933319e+01,1.529957e-17,6.222567e-17,6.222567e-19
2.933604e+01,1.533464e-17,6.206662e-17,6.206662e-19
2.933888e+01,1.511854e-17,6.225985e-17,6.225985e-19
2.934173e+01,1.533125e-17,6.297356e-17,6.297356e-19
2.934457e+01,1.538745e-17,6.331331e-17,6.331331e-19
2.934741e+01,1.538606e-17,6.358613e-17,6.358613e-19
2.935026e+01,1.526969e-17,6.418398e-17,6.418398e-19
2.935310e+01,1.543012e-17,6.507988e-17,6.507988e-19
2.935594e+01,1.503755e-17,6.596575e-17,6.596575e-19
2.935879e+01,1.504228e-17,6.632562e-17,6.632562e-19
2.936163e+01,1.528475e-17,6.605030e-17,6.605030e-19
2.936447e+01,1.530144e-17,6.577026e-17,6.577026e-19
2.936732e+01,1.529509e-17,6.572735e-17,6.572735e-19
2.937016e+01,1.551259e-17,6.640429e-17,6.640429e-19
2.937300e+01,1.563338e-17,6.717961e-17,6.717961e-19
2.937585e+01,1.535227e-17,6.722183e-17,6.722183e-19
2.937869e+01,1.558829e-17,6.630465e-17,6.630465e-19
2.938153e+01,1.528477e-17,6.510112e-17,6.510112e-19
2.938438e+01,1.551557e-17,6.489205e-17,6.489205e-19
2.938722e+01,1.535014e-17,6.534543e-17,6.534543e-19
2.939006e+01,1.532161e-17,6.554728e-17,6.554728e-19
2.939291e+01,1.554670e-17,6.455354e-17,6.455354e-19
2.939575e+01,1.540753e-17,6.355582e-17,6.355582e-19
2.939859e+01,1.536319e-17,6.329079e-17,6.329079e-19
2.940144e+01,1.518892e-17,6.375572e-17,6.375572e-19
2.940428e+01,1.537968e-17,6.417525e-17,6.417525e-19
2.940712e+01,1.539112e-17,6.387808e-17,6.387808e-19
2.940997e+01,1.534061e-17,6.301246e-17,6.301246e-19
2.941281e+01,1.521546e-17,6.266663e-17,6.266663e-19
2.941566e+01,1.515631e-17,6.244237e-17,6.244237e-19
2.941850e+01,1.514194e-17,6.246143e-17,6.246143e-19
2.942134e+01,1.513044e-17,6.296600e-17,6.296600e-19
2.942419e+01,1.528240e-17,6.293963e-17,6.293963e-19
2.942703e+01,1.522886e-17,6.219746e-17,6.219746e-19
2.942987e+01,1.528674e-17,6.189544e-17,6.189544e-19
2.943272e+01,1.530555e-17,6.177324e-17,6.177324e-19
2.943556e+01,1.532181e-17,6.147845e-17,6.147845e-19
2.943840e+01,1.520985e-17,6.111970e-17,6.111970e-19
2.944125e+01,1.519633e-17,6.086582e-17,6.086582e-19
2.944409e+01,1.503160e-17,6.045317e-17,6.045317e-19
2.944693e+01,1.519228e-17,5.993924e-17,5.993924e-19
2.944978e+01,1.503966e-17,5.962445e-17,5.962445e-19
2.945262e+01,1.531336e-17,5.959097e-17,5.959097e-19
2.945546e+01,1.552778e-17,5.958941e-17,5.958941e-19
2.945831e+01,1.516395e-17,5.910980e-17,5.910980e-19
2.946115e+01,1.536125e-17,5.881733e-17,5.881733e-19
2.946399e+01,1.515862e-17,5.860511e-17,5.860511e-19
2.946684e+01,1.529907e-17,5.861864e-17,5.861864e-19
2.946968e+01,1.548495e-17,5.850416e-17,5.850416e-19
2.947252e+01,1.530317e-17,5.820706e-17,5.820706e-19
2.947537e+01,1.520560e-17,5.781267e-17,5.781267e-19
2.947821e+01,1.519999e-17,5.744494e-17,5.744494e-19
2.948105e+01,1.527870e-17,5.726343e-17,5.726343e-19
2.948390e+01,1.512422e-17,5.698450e-17,5.698450e-19
2.948674e+01,1.563026e-17,5.693900e-17,5.693900e-19
2.948959e+01,1.539629e-17,5.727095e-17,5.727095e-19
2.949243e+01,1.539107e-17,5.738983e-17,5.738983e-19
2.949527e+01,1.503925e-17,5.659321e-17,5.659321e-19
2.949812e+01,1.515011e-17,5.647038e-17,5.647038e-19
2.950096e+01,1.525765e-17,5.664348e-17,5.664348e-19
2.950380e+01,1.529647e-17,5.632471e-17,5.632471e-19
2.950665e+01,1.534233e-17,5.604956e-17,5.604956e-19
2.950949e+01,1.524338e-17,5.562046e-17,5.562046e-19
2.951233e+01,1.515718e-17,5.455652e-17,5.455652e-19
2.951518e+01,1.547111e-17,5.366187e-17,5.366187e-19
2.951802e+01,1.509993e-17,5.367058e-17,5.367058e-19
2.952086e+01,1.532240e-17,5.405397e-17,5.405397e-19
2.952371e+01,1.508954e-17,5.361827e-17,5.361827e-19
2.952655e+01,1.510928e-17,5.279847e-17,5.279847e-19
2.952939e+01,1.502755e-17,5.266436e-17,5.266436e-19
2.953224e+01,1.500720e-17,5.321234e-17,5.321234e-19
2.953508e+01,1.483129e-17,5.368022e-17,5.368022e-19
2.953792e+01,1.519253e-17,5.399598e-17,5.399598e-19
2.954077e+01,1.498155e-17,5.361655e-17,5.361655e-19
2.954361e+01,1.506322e-17,5.311197e-17,5.311197e-19
2.954645e+01,1.499809e-17,5.282986e-17,5.282986e-19
2.954930e+01,1.535760e-17,5.290566e-17,5.290566e-19
2.955214e+01,1.490655e-17,5.294163e-17,5.294163e-19
2.955499e+01,1.469700e-17,5.300774e-17,5.300774e-19
2.955783e+01,1.503935e-17,5.326876e-17,5.326876e-19
2.956067e+01,1.499233e-17,5.346539e-17,5.346539e-19
2.956352e+01,1.509096e-17,5.345982e-17,5.345982e-19
2.956636e+01,1.502407e-17,5.295236e-17,5.295236e-19
2.956920e+01,1.477870e-17,5.252128e-17,5.252128e-19
2.957205e+01,1.484733e-17,5.247777e-17,5.247777e-19
2.957489e+01,1.479312e-17,5.278816e-17,5.278816e-19
2.957773e+01,1.509282e-17,5.353374e-17,5.353374e-19
2.958058e+01,1.507128e-17,5.400181e-17,5.400181e-19
2.958342e+01,1.494065e-17,5.352038e-17,5.352038e-19
2.958626e+01,1.500646e-17,5.305107e-17,5.305107e-19
2.958911e+01,1.481803e-17,5.309818e-17,5.309818e-19
2.959195e+01,1.499145e-17,5.325593e-17,5.325593e-19
2.959479e+01,1.508842e-17,5.302899e-17,5.302899e-19
2.959764e+01,1.493808e-17,5.216645e-17,5.216645e-19
2.960048e+01,1.496104e-17,5.127709e-17,5.127709e-19
2.960332e+01,1.486045e-17,5.058636e-17,5.058636e-19
2.960617e+01,1.497443e-17,5.018927e-17,5.018927e-19
2.960901e+01,1.487500e-17,4.973425e-17,4.973425e-19
2.961185e+01,1.514118e-17,4.903720e-17,4.903720e-19
2.961470e+01,1.485784e-17,4.772437e-17,4.772437e-19
2.961754e+01,1.460449e-17,4.739401e-17,4.739401e-19
2.962038e+01,1.498882e-17,4.788037e-17,4.788037e-19
2.962323e+01,1.496012e-17,4.779146e-17,4.779146e-19
2.962607e+01,1.493819e-17,4.717385e-17,4.717385e-19
2.962892e+01,1.492517e-17,4.635695e-17,4.635695e-19
2.963176e+01,1.509297e-17,4.549254e-17,4.549254e-19
2.963460e+01,1.501259e-17,4.478180e-17,4.478180e-19
2.963745e+01,1.497524e-17,4.435701e-17,4.435701e-19
2.964029e+01,1.488979e-17,4.401630e-17,4.401630e-19
2.964313e+01,1.474132e-17,4.364927e-17,4.364927e-19
2.964598e+01,1.481273e-17,4.347309e-17,4.347309e-19
2.964882e+01,1.483201e-17,4.306549e-17,4.306549e-19
2.965166e+01,1.478397e-17,4.274690e-17,4.274690e-19
2.965451e+01,1.485994e-17,4.245916e-17,4.245916e-19
2.965735e+01,1.445944e-17,4.224105e-17,4.224105e-19
2.966019e+01,1.484651e-17,4.291241e-17,4.291241e-19
2.966304e+01,1.489334e-17,4.355152e-17,4.355152e-19
2.966588e+01,1.483018e-17,4.338473e-17,4.338473e-19
2.966872e+01,1.483806e-17,4.292558e-17,4.292558e-19
2.967157e+01,1.467161e-17,4.282727e-17,4.282727e-19
2.967441e+01,1.498052e-17,4.304877e-17,4.304877e-19
2.967725e+01,1.479246e-17,4.342043e-17,4.342043e-19
2.968010e+01,1.475735e-17,4.418907e-17,4.418907e-19
2.968294e+01,1.481351e-17,4.504093e-17,4.504093e-19
2.968578e+01,1.491005e-17,4.523219e-17,4.523219e-19
2.968863e+01,1.486341e-17,4.515495e-17,4.515495e-19
2.969147e+01,1.495518e-17,4.526584e-17,4.526584e-19
2.969431e+01,1.488068e-17,4.550560e-17,4.550560e-19
2.969716e+01,1.478108e-17,4.654098e-17,4.654098e-19
2.970000e+01,1.510456e-17,4.838336e-17,4.838336e-19
2.970285e+01,1.515075e-17,4.956809e-17,4.956809e-19
2.970569e+01,1.524363e-17,4.952807e-17,4.952807e-19
2.970853e+01,1.513853e-17,4.983433e-17,4.983433e-19
2.971138e+01,1.486777e-17,5.073091e-17,5.073091e-19
2.971422e+01,1.512717e-17,5.141438e-17,5.141438e-19
2.971706e+01,1.531072e-17,5.163488e-17,5.163488e-19
2.971991e+01,1.505661e-17,5.186488e-17,5.186488e-19
2.972275e+01,1.516360e-17,5.183669e-17,5.183669e-19
2.972559e+01,1.529496e-17,5.172969e-17,5.172969e-19
2.972844e+01,1.507671e-17,5.223510e-17,5.223510e-19
2.973128e+01,1.518828e-17,5.231346e-17,5.231346e-19
2.973412e+01,1.516493e-17,5.160890e-17,5.160890e-19
2.973697e+01,1.504878e-17,5.134411e-17,5.134411e-19
2.973981e+01,1.526247e-17,5.176642e-17,5.176642e-19
2.974265e+01,1.525822e-17,5.177250e-17,5.177250e-19
2.974550e+01,1.512110e-17,5.108447e-17,5.108447e-19
2.974834e+01,1.520407e-17,5.082461e-17,5.082461e-19
2.975118e+01,1.515775e-17,5.062107e-17,5.062107e-19
2.975403e+01,1.524788e-17,5.027918e-17,5.027918e-19
2.975687e+01,1.512115e-17,5.001692e-17,5.001692e-19
2.975971e+01,1.502690e-17,5.044794e-17,5.044794e-19
2.976256e+01,1.538535e-17,5.093304e-17,5.093304e-19
2.976540e+01,1.521055e-17,5.050455e-17,5.050455e-19
2.976824e+01,1.514861e-17,5.010476e-17,5.010476e-19
2.977109e+01,1.487735e-17,5.027764e-17,5.027764e-19
2.977393e+01,1.507762e-17,5.100174e-17,5.100174e-19
2.977678e+01,1.501871e-17,5.118803e-17,5.118803e-19
2.977962e+01,1.518172e-17,5.099379e-17,5.099379e-19
2.978246e+01,1.499587e-17,5.047631e-17,5.047631e-19
2.978531e+01,1.493458e-17,5.026524e-17,5.026524e-19
2.978815e+01,1.504664e-17,5.062442e-17,5.062442e-19
2.979099e+01,1.490402e-17,5.052061e-17,5.052061e-19
2.979384e+01,1.493925e-17,5.008383e-17,5.008383e-19
2.979668e+01,1.506984e-17,5.029866e-17,5.029866e-19
2.979952e+01,1.507795e-17,5.074888e-17,5.074888e-19
2.980237e+01,1.498895e-17,5.028398e-17,5.028398e-19
2.980521e+01,1.509791e-17,5.000260e-17,5.000260e-19
2.980805e+01,1.524014e-17,5.045183e-17,5.045183e-19
2.981090e+01,1.519123e-17,5.101564e-17,5.101564e-19
2.981374e+01,1.503808e-17,5.172713e-17,5.172713e-19
2.981658e+01,1.511618e-17,5.216644e-17,5.216644e-19
2.981943e+01,1.510863e-17,5.208365e-17,5.208365e-19
2.982227e+01,1.490824e-17,5.181820e-17,5.181820e-19
2.982511e+01,1.504173e-17,5.210147e-17,5.210147e-19
2.982796e+01,1.517614e-17,5.286714e-17,5.286714e-19
2.983080e+01,1.515724e-17,5.336858e-17,5.336858e-19
2.983364e+01,1.494065e-17,5.324835e-17,5.324835e-19
2.983649e+01,1.519046e-17,5.325405e-17,5.325405e-19
2.983933e+01,1.494871e-17,5.274634e-17,5.274634e-19
2.984218e+01,1.484894e-17,5.188309e-17,5.188309e-19
2.984502e+01,1.502685e-17,5.165279e-17,5.165279e-19
2.984786e+01,1.484267e-17,5.227120e-17,5.227120e-19
2.985071e+01,1.516075e-17,5.288147e-17,5.288147e-19
2.985355e+01,1.516378e-17,5.236319e-17,5.236319e-19
2.985639e+01,1.490638e-17,5.110544e-17,5.110544e-19
2.985924e+01,1.509912e-17,5.104365e-17,5.104365e-19
2.986208e+01,1.508566e-17,5.188608e-17,5.188608e-19
2.986492e+01,1.492077e-17,5.119593e-17,5.119593e-19
2.986777e+01,1.491369e-17,5.026965e-17,5.026965e-19
2.987061e+01,1.471215e-17,5.010953e-17,5.010953e-19
2.987345e+01,1.502477e-17,5.059967e-17,5.059967e-19
2.987630e+01,1.492269e-17,5.025667e-17,5.025667e-19
2.987914e+01,1.481345e-17,4.862720e-17,4.862720e-19
2.988198e+01,1.499838e-17,4.798658e-17,4.798658e-19
2.988483e+01,1.484813e-17,4.920394e-17,4.920394e-19
2.988767e+01,1.496117e-17,4.993767e-17,4.993767e-19
2.989051e+01,1.483132e-17,4.943080e-17,4.943080e-19
2.989336e+01,1.504030e-17,4.984846e-17,4.984846e-19
2.989620e+01,1.482028e-17,5.029886e-17,5.029886e-19
2.989904e+01,1.516889e-17,5.007727e-17,5.007727e-19
2.990189e+01,1.499228e-17,5.055606e-17,5.055606e-19
2.990473e+01,1.495619e-17,5.221145e-17,5.221145e-19
2.990757e+01,1.480500e-17,5.348050e-17,5.348050e-19
2.991042e+01,1.482590e-17,5.430042e-17,5.430042e-19
2.991326e+01,1.511893e-17,5.543399e-17,5.543399e-19
2.991611e+01,1.513300e-17,5.619903e-17,5.619903e-19
2.991895e+01,1.498779e-17,5.738877e-17,5.738877e-19
2.992179e+01,1.487037e-17,5.916415e-17,5.916415e-19
2.992464e+01,1.511991e-17,6.055896e-17,6.055896e-19
2.992748e+01,1.486310e-17,6.077007e-17,6.077007e-19
2.993032e+01,1.510936e-17,6.114554e-17,6.114554e-19
2.993317e+01,1.533094e-17,6.195024e-17,6.195024e-19
2.993601e+01,1.494691e-17,6.281810e-17,6.281810e-19
2.993885e+01,1.524139e-17,6.357124e-17,6.357124e-19
2.994170e+01,1.514489e-17,6.406501e-17,6.406501e-19
2.994454e+01,1.523661e-17,6.406569e-17,6.406569e-19
2.994738e+01,1.538434e-17,6.398237e-17,6.398237e-19
2.995023e+01,1.515052e-17,6.405250e-17,6.405250e-19
2.995307e+01,1.512912e-17,6.403131e-17,6.403131e-19
2.995591e+01,1.487083e-17,6.390233e-17,6.390233e-19
2.995876e+01,1.528393e-17,6.413422e-17,6.413422e-19
2.996160e+01,1.536591e-17,6.433204e-17,6.433204e-19
2.996444e+01,1.527407e-17,6.401013e-17,6.401013e-19
2.996729e+01,1.523712e-17,6.326259e-17,6.326259e-19
2.997013e+01,1.503430e-17,6.222863e-17,6.222863e-19
2.997297e+01,1.510740e-17,6.107350e-17,6.107350e-19
2.997582e+01,1.497287e-17,6.003475e-17,6.003475e-19
2.997866e+01,1.507492e-17,5.908318e-17,5.908318e-19
2.998150e+01,1.527473e-17,5.793764e-17,5.793764e-19
2.998435e+01,1.497568e-17,5.673350e-17,5.673350e-19
2.998719e+01,1.523995e-17,5.585575e-17,5.585575e-19
2.999004e+01,1.506490e-17,5.489498e-17,5.489498e-19
2.999288e+01,1.499582e-17,5.394022e-17,5.394022e-19
2.999572e+01,1.508025e-17,5.279175e-17,5.279175e-19
2.999857e+01,1.478786e-17,5.131160e-17,5.131160e-19
3.000141e+01,1.485376e-17,4.945656e-17,4.945656e-19
3.000425e+01,1.500565e-17,4.778214e-17,4.778214e-19
3.000710e+01,1.499728e-17,4.675467e-17,4.675467e-19
3.000994e+01,1.492304e-17,4.573495e-17,4.573495e-19
3.001278e+01,1.482346e-17,4.432391e-17,4.432391e-19
3.001563e+01,1.484541e-17,4.284824e-17,4.284824e-19
3.001847e+01,1.495813e-17,4.179500e-17,4.179500e-19
3.002131e+01,1.482542e-17,4.077823e-17,4.077823e-19
3.002416e+01,1.491897e-17,3.982688e-17,3.982688e-19
3.002700e+01,1.465304e-17,3.905629e-17,3.905629e-19
3.002984e+01,1.484147e-17,3.818155e-17,3.818155e-19
3.003269e+01,1.472025e-17,3.701448e-17,3.701448e-19
3.003553e+01,1.462001e-17,3.688459e-17,3.688459e-19
3.003837e+01,1.486832e-17,3.726159e-17,3.726159e-19
3.004122e+01,1.473694e-17,3.662278e-17,3.662278e-19
3.004406e+01,1.466986e-17,3.621785e-17,3.621785e-19
3.004690e+01,1.472486e-17,3.615545e-17,3.615545e-19
3.004975e+01,1.457334e-17,3.582460e-17,3.582460e-19
3.005259e+01,1.453674e-17,3.528537e-17,3.528537e-19
3.005544e+01,1.477936e-17,3.544380e-17,3.544380e-19
3.005828e+01,1.455440e-17,3.566596e-17,3.566596e-19
3.006112e+01,1.477379e-17,3.561218e-17,3.561218e-19
3.006397e+01,1.471035e-17,3.499829e-17,3.499829e-19
3.006681e+01,1.459131e-17,3.479246e-17,3.479246e-19
3.006965e+01,1.487476e-17,3.495944e-17,3.495944e-19
3.007250e+01,1.475665e-17,3.508811e-17,3.508811e-19
3.007534e+01,1.461577e-17,3.477158e-17,3.477158e-19
3.007818e+01,1.457630e-17,3.449603e-17,3.449603e-19
3.008103e+01,1.452931e-17,3.408493e-17,3.408493e-19
3.008387e+01,1.430590e-17,3.374087e-17,3.374087e-19
3.008671e+01,1.464091e-17,3.401559e-17,3.401559e-19
3.008956e+01,1.464295e-17,3.413306e-17,3.413306e-19
3.009240e+01,1.449580e-17,3.382112e-17,3.382112e-19
3.009524e+01,1.477190e-17,3.366504e-17,3.366504e-19
3.009809e+01,1.464703e-17,3.371857e-17,3.371857e-19
3.010093e+01,1.467441e-17,3.329540e-17,3.329540e-19
3.010377e+01,1.440331e-17,3.212233e-17,3.212233e-19
3.010662e+01,1.437758e-17,3.143493e-17,3.143493e-19
3.010946e+01,1.463837e-17,3.110566e-17,3.110566e-19
3.011230e+01,1.450996e-17,3.102658e-17,3.102658e-19
3.011515e+01,1.462950e-17,3.129726e-17,3.129726e-19
3.011799e+01,1.432265e-17,3.129187e-17,3.129187e-19
3.012083e+01,1.449228e-17,3.146941e-17,3.146941e-19
3.012368e+01,1.437712e-17,3.079180e-17,3.079180e-19
3.012652e+01,1.436975e-17,3.006564e-17,3.006564e-19
3.012937e+01,1.441966e-17,3.040976e-17,3.040976e-19
3.013221e+01,1.442209e-17,3.113641e-17,3.113641e-19
3.013505e+01,1.431554e-17,3.117611e-17,3.117611e-19
3.013790e+01,1.446671e-17,3.089312e-17,3.089312e-19
3.014074e+01,1.434633e-17,3.090826e-17,3.090826e-19
3.014358e+01,1.440526e-17,3.088855e-17,3.088855e-19
3.014643e+01,1.448787e-17,3.074218e-17,3.074218e-19
3.014927e+01,1.442035e-17,3.080696e-17,3.080696e-19
3.015211e+01,1.450022e-17,3.080373e-17,3.080373e-19
3.015496e+01,1.445565e-17,3.104878e-17,3.104878e-19
3.015780e+01,1.445953e-17,3.134874e-17,3.134874e-19
3.016064e+01,1.447687e-17,3.170639e-17,3.170639e-19
3.016349e+01,1.442752e-17,3.161035e-17,3.161035e-19
3.016633e+01,1.471312e-17,3.213465e-17,3.213465e-19
3.016917e+01,1.437172e-17,3.276736e-17,3.276736e-19
3.017202e+01,1.443524e-17,3.343282e-17,3.343282e-19
3.017486e+01,1.427542e-17,3.337224e-17,3.337224e-19
3.017770e+01,1.447100e-17,3.324865e-17,3.324865e-19
3.018055e+01,1.473964e-17,3.370516e-17,3.370516e-19
3.018339e+01,1.458298e-17,3.422183e-17,3.422183e-19
3.018623e+01,1.463978e-17,3.478179e-17,3.478179e-19
3.018908e+01,1.462369e-17,3.472148e-17,3.472148e-19
3.019192e+01,1.455431e-17,3.496546e-17,3.496546e-19
3.019476e+01,1.455728e-17,3.495465e-17,3.495465e-19
3.019761e+01,1.444037e-17,3.524285e-17,3.524285e-19
3.020045e+01,1.464508e-17,3.582080e-17,3.582080e-19
3.020330e+01,1.471620e-17,3.610281e-17,3.610281e-19
3.020614e+01,1.460471e-17,3.658335e-17,3.658335e-19
3.020898e+01,1.464683e-17,3.739292e-17,3.739292e-19
3.021183e+01,1.478811e-17,3.739338e-17,3.739338e-19
3.021467e+01,1.448752e-17,3.705382e-17,3.705382e-19
3.021751e+01,1.468782e-17,3.758416e-17,3.758416e-19
3.022036e+01,1.455065e-17,3.781758e-17,3.781758e-19
3.022320e+01,1.476356e-17,3.837088e-17,3.837088e-19
3.022604e+01,1.472946e-17,3.841421e-17,3.841421e-19
3.022889e+01,1.475029e-17,3.814395e-17,3.814395e-19
3.023173e+01,1.480906e-17,3.817250e-17,3.817250e-19
3.023457e+01,1.454357e-17,3.841584e-17,3.841584e-19
3.023742e+01,1.452810e-17,3.846831e-17,3.846831e-19
3.024026e+01,1.477224e-17,3.864394e-17,3.864394e-19
3.024310e+01,1.471247e-17,3.885529e-17,3.885529e-19
3.024595e+01,1.495162e-17,3.904547e-17,3.904547e-19
3.024879e+01,1.465076e-17,3.919224e-17,3.919224e-19
3.025163e+01,1.466391e-17,3.937768e-17,3.937768e-19
3.025448e+01,1.473171e-17,3.972760e-17,3.972760e-19
3.025732e+01,1.448646e-17,4.002824e-17,4.002824e-19
3.026016e+01,1.455443e-17,4.006198e-17,4.006198e-19
3.026301e+01,1.442205e-17,3.961204e-17,3.961204e-19
3.026585e+01,1.460569e-17,3.996698e-17,3.996698e-19
3.026869e+01,1.469232e-17,4.075561e-17,4.075561e-19
3.027154e+01,1.467285e-17,4.046071e-17,4.046071e-19
3.027438e+01,1.494511e-17,4.018183e-17,4.018183e-19
3.027723e+01,1.489406e-17,4.000737e-17,4.000737e-19
3.028007e+01,1.457539e-17,3.972897e-17,3.972897e-19
3.028291e+01,1.467741e-17,3.993840e-17,3.993840e-19
3.028576e+01,1.472653e-17,4.072147e-17,4.072147e-19
3.028860e+01,1.481443e-17,4.128124e-17,4.128124e-19
3.029144e+01,1.513207e-17,4.168973e-17,4.168973e-19
3.029429e+01,1.480799e-17,4.164575e-17,4.164575e-19
3.029713e+01,1.453937e-17,4.121364e-17,4.121364e-19
3.029997e+01,1.466139e-17,4.113536e-17,4.113536e-19
3.030282e+01,1.475617e-17,4.137895e-17,4.137895e-19
3.030566e+01,1.506937e-17,4.164394e-17,4.164394e-19
3.030850e+01,1.493218e-17,4.155129e-17,4.155129e-19
3.031135e+01,1.493309e-17,4.166434e-17,4.166434e-19
3.031419e+01,1.500593e-17,4.159234e-17,4.159234e-19
3.031703e+01,1.473009e-17,4.110296e-17,4.110296e-19
3.031988e+01,1.460156e-17,4.155745e-17,4.155745e-19
3.032272e+01,1.484154e-17,4.214444e-17,4.214444e-19
3.032556e+01,1.517495e-17,4.209075e-17,4.209075e-19
3.032841e+01,1.482536e-17,4.179694e-17,4.179694e-19
3.033125e+01,1.485026e-17,4.186398e-17,4.186398e-19
3.033409e+01,1.496700e-17,4.146186e-17,4.146186e-19
3.033694e+01,1.470106e-17,4.142317e-17,4.142317e-19
3.033978e+01,1.463607e-17,4.252348e-17,4.252348e-19
3.034263e+01,1.488258e-17,4.337655e-17,4.337655e-19
3.034547e+01,1.472027e-17,4.267756e-17,4.267756e-19
3.034831e+01,1.488223e-17,4.244165e-17,4.244165e-19
3.035116e+01,1.454086e-17,4.328434e-17,4.328434e-19
3.035400e+01,1.448070e-17,4.427695e-17,4.427695e-19
3.035684e+01,1.471896e-17,4.407270e-17,4.407270e-19
3.035969e+01,1.476715e-17,4.296254e-17,4.296254e-19
3.036253e+01,1.464948e-17,4.234674e-17,4.234674e-19
3.036537e+01,1.455042e-17,4.149289e-17,4.149289e-19
3.036822e+01,1.469926e-17,4.137408e-17,4.137408e-19
3.037106e+01,1.462540e-17,4.203854e-17,4.203854e-19
3.037390e+01,1.461670e-17,4.239969e-17,4.239969e-19
3.037675e+01,1.468336e-17,4.215824e-17,4.215824e-19
3.037959e+01,1.441212e-17,4.174215e-17,4.174215e-19
3.038243e+01,1.441479e-17,4.154552e-17,4.154552e-19
3.038528e+01,1.459386e-17,4.181369e-17,4.181369e-19
3.038812e+01,1.465012e-17,4.185743e-17,4.185743e-19
3.039096e+01,1.462037e-17,4.150780e-17,4.150780e-19
3.039381e+01,1.455807e-17,4.141368e-17,4.141368e-19
3.039665e+01,1.459041e-17,4.124978e-17,4.124978e-19
3.039949e+01,1.446649e-17,4.064121e-17,4.064121e-19
3.040234e+01,1.436960e-17,4.054806e-17,4.054806e-19
3.040518e+01,1.443965e-17,4.043234e-17,4.043234e-19
3.040802e+01,1.445552e-17,3.933263e-17,3.933263e-19
3.041087e+01,1.446858e-17,3.844609e-17,3.844609e-19
3.041371e+01,1.452001e-17,3.835631e-17,3.835631e-19
3.041656e+01,1.460924e-17,3.887920e-17,3.887920e-19
3.041940e+01,1.461880e-17,3.920952e-17,3.920952e-19
3.042224e+01,1.445324e-17,3.934306e-17,3.934306e-19
3.042509e+01,1.452566e-17,3.947350e-17,3.947350e-19
3.042793e+01,1.439494e-17,3.970799e-17,3.970799e-19
3.043077e+01,1.445116e-17,3.982940e-17,3.982940e-19
3.043362e+01,1.449098e-17,3.994899e-17,3.994899e-19
3.043646e+01,1.449966e-17,4.053293e-17,4.053293e-19
3.043930e+01,1.456477e-17,4.121925e-17,4.121925e-19
3.044215e+01,1.478004e-17,4.117408e-17,4.117408e-19
3.044499e+01,1.450135e-17,4.102602e-17,4.102602e-19
3.044783e+01,1.455522e-17,4.213460e-17,4.213460e-19
3.045068e+01,1.465603e-17,4.342848e-17,4.342848e-19
3.045352e+01,1.474370e-17,4.386864e-17,4.386864e-19
3.045636e+01,1.487054e-17,4.427211e-17,4.427211e-19
3.045921e+01,1.481268e-17,4.490638e-17,4.490638e-19
3.046205e+01,1.471830e-17,4.571269e-17,4.571269e-19
3.046489e+01,1.461625e-17,4.648018e-17,4.648018e-19
3.046774e+01,1.466277e-17,4.742590e-17,4.742590e-19
3.047058e+01,1.497322e-17,4.829988e-17,4.829988e-19
3.047342e+01,1.514472e-17,4.869947e-17,4.869947e-19
3.047627e+01,1.466249e-17,4.908886e-17,4.908886e-19
3.047911e+01,1.471344e-17,5.014786e-17,5.014786e-19
3.048195e+01,1.504426e-17,5.150333e-17,5.150333e-19
3.048480e+01,1.490110e-17,5.210364e-17,5.210364e-19
3.048764e+01,1.487391e-17,5.259177e-17,5.259177e-19
3.049049e+01,1.486250e-17,5.366412e-17,5.366412e-19
3.049333e+01,1.485728e-17,5.472554e-17,5.472554e-19
3.049617e+01,1.449711e-17,5.485030e-17,5.485030e-19
3.049902e+01,1.465673e-17,5.511098e-17,5.511098e-19
3.050186e+01,1.444643e-17,5.597355e-17,5.597355e-19
3.050470e+01,1.482455e-17,5.732749e-17,5.732749e-19
3.050755e+01,1.468441e-17,5.828283e-17,5.828283e-19
3.051039e+01,1.492891e-17,5.909978e-17,5.909978e-19
3.051323e+01,1.467249e-17,5.965213e-17,5.965213e-19
3.051608e+01,1.504475e-17,5.992304e-17,5.992304e-19
3.051892e+01,1.495392e-17,5.997611e-17,5.997611e-19
3.052176e+01,1.484380e-17,6.007391e-17,6.007391e-19
3.052461e+01,1.468719e-17,6.004942e-17,6.004942e-19
3.052745e+01,1.494392e-17,6.057437e-17,6.057437e-19
3.053029e+01,1.525143e-17,6.142786e-17,6.142786e-19
3.053314e+01,1.503986e-17,6.175916e-17,6.175916e-19
3.053598e+01,1.494564e-17,6.143569e-17,6.143569e-19
3.053882e+01,1.492876e-17,6.136749e-17,6.136749e-19
3.054167e+01,1.533952e-17,6.155313e-17,6.155313e-19
3.054451e+01,1.489201e-17,6.116247e-17,6.116247e-19
3.054735e+01,1.514054e-17,6.039810e-17,6.039810e-19
3.055020e+01,1.516573e-17,5.951923e-17,5.951923e-19
3.055304e+01,1.491740e-17,5.804443e-17,5.804443e-19
3.055589e+01,1.499988e-17,5.682191e-17,5.682191e-19
3.055873e+01,1.512917e-17,5.610379e-17,5.610379e-19
3.056157e+01,1.513611e-17,5.556752e-17,5.556752e-19
3.056442e+01,1.512290e-17,5.522380e-17,5.522380e-19
3.056726e+01,1.501051e-17,5.486373e-17,5.486373e-19
3.057010e+01,1.486450e-17,5.390077e-17,5.390077e-19
3.057295e+01,1.492950e-17,5.264994e-17,5.264994e-19
3.057579e+01,1.474349e-17,5.133616e-17,5.133616e-19
3.057863e+01,1.480979e-17,5.031076e-17,5.031076e-19
3.058148e+01,1.472143e-17,4.904611e-17,4.904611e-19
3.058432e+01,1.480548e-17,4.838414e-17,4.838414e-19
3.058716e+01,1.495818e-17,4.799543e-17,4.799543e-19
3.059001e+01,1.468529e-17,4.743447e-17,4.743447e-19
3.059285e+01,1.481622e-17,4.727022e-17,4.727022e-19
3.059569e+01,1.468569e-17,4.642072e-17,4.642072e-19
3.059854e+01,1.485729e-17,4.562444e-17,4.562444e-19
3.060138e+01,1.487872e-17,4.485239e-17,4.485239e-19
3.060422e+01,1.453343e-17,4.460696e-17,4.460696e-19
3.060707e+01,1.458662e-17,4.445128e-17,4.445128e-19
3.060991e+01,1.470326e-17,4.373745e-17,4.373745e-19
3.061275e+01,1.479105e-17,4.298432e-17,4.298432e-19
3.061560e+01,1.470940e-17,4.271172e-17,4.271172e-19
3.061844e+01,1.475757e-17,4.301152e-17,4.301152e-19
3.062128e+01,1.452660e-17,4.306197e-17,4.306197e-19
3.062413e+01,1.458977e-17,4.260647e-17,4.260647e-19
3.062697e+01,1.443072e-17,4.212101e-17,4.212101e-19
3.062982e+01,1.456082e-17,4.216925e-17,4.216925e-19
3.063266e+01,1.466540e-17,4.202697e-17,4.202697e-19
3.063550e+01,1.451137e-17,4.130984e-17,4.130984e-19
3.063835e+01,1.458263e-17,4.075575e-17,4.075575e-19
3.064119e+01,1.457632e-17,4.046146e-17,4.046146e-19
3.064403e+01,1.465117e-17,4.042380e-17,4.042380e-19
3.064688e+01,1.463546e-17,4.067254e-17,4.067254e-19
3.064972e+01,1.492843e-17,4.084222e-17,4.084222e-19
3.065256e+01,1.435144e-17,4.015575e-17,4.015575e-19
3.065541e+01,1.471665e-17,4.019247e-17,4.019247e-19
3.065825e+01,1.474750e-17,4.067140e-17,4.067140e-19
3.066109e+01,1.449637e-17,4.070073e-17,4.070073e-19
3.066394e+01,1.450057e-17,4.017077e-17,4.017077e-19
3.066678e+01,1.460119e-17,3.952560e-17,3.952560e-19
3.066962e+01,1.472991e-17,3.921336e-17,3.921336e-19
3.067247e+01,1.451106e-17,3.875029e-17,3.875029e-19
3.067531e+01,1.442742e-17,3.867493e-17,3.867493e-19
3.067815e+01,1.442963e-17,3.872430e-17,3.872430e-19
3.068100e+01,1.448515e-17,3.871075e-17,3.871075e-19
3.068384e+01,1.457807e-17,3.918490e-17,3.918490e-19
3.068668e+01,1.432626e-17,3.938014e-17,3.938014e-19
3.068953e+01,1.460825e-17,3.869796e-17,3.869796e-19
3.069237e+01,1.447217e-17,3.800554e-17,3.800554e-19
3.069521e+01,1.445476e-17,3.809561e-17,3.809561e-19
3.069806e+01,1.484789e-17,3.859597e-17,3.859597e-19
3.070090e+01,1.443832e-17,3.900089e-17,3.900089e-19
3.070375e+01,1.468409e-17,3.891218e-17,3.891218e-19
3.070659e+01,1.460300e-17,3.910113e-17,3.910113e-19
3.070943e+01,1.449932e-17,3.937952e-17,3.937952e-19
3.071228e+01,1.446210e-17,3.905457e-17,3.905457e-19
3.071512e+01,1.470243e-17,3.797643e-17,3.797643e-19
3.071796e+01,1.428357e-17,3.710934e-17,3.710934e-19
3.072081e+01,1.445571e-17,3.749088e-17,3.749088e-19
3.072365e+01,1.455255e-17,3.862823e-17,3.862823e-19
3.072649e+01,1.455307e-17,3.961015e-17,3.961015e-19
3.072934e+01,1.462010e-17,3.924371e-17,3.924371e-19
3.073218e+01,1.473331e-17,3.839412e-17,3.839412e-19
3.073502e+01,1.463567e-17,3.816154e-17,3.816154e-19
3.073787e+01,1.471008e-17,3.890071e-17,3.890071e-19
3.074071e+01,1.455192e-17,3.906715e-17,3.906715e-19
3.074355e+01,1.479459e-17,3.916913e-17,3.916913e-19
3.074640e+01,1.470496e-17,3.970182e-17,3.970182e-19
3.074924e+01,1.466697e-17,4.015390e-17,4.015390e-19
3.075208e+01,1.442127e-17,4.001394e-17,4.001394e-19
3.075493e+01,1.470905e-17,3.974433e-17,3.974433e-19
3.075777e+01,1.465643e-17,3.948257e-17,3.948257e-19
3.076061e+01,1.462221e-17,3.958992e-17,3.958992e-19
3.076346e+01,1.466460e-17,4.037318e-17,4.037318e-19
3.076630e+01,1.449974e-17,4.089401e-17,4.089401e-19
3.076914e+01,1.469567e-17,4.072141e-17,4.072141e-19
3.077199e+01,1.471467e-17,4.001083e-17,4.001083e-19
3.077483e+01,1.460946e-17,3.939412e-17,3.939412e-19
3.077768e+01,1.452740e-17,3.956012e-17,3.956012e-19
3.078052e+01,1.493296e-17,4.026251e-17,4.026251e-19
3.078336e+01,1.446757e-17,4.057464e-17,4.057464e-19
3.078621e+01,1.451609e-17,4.089996e-17,4.089996e-19
3.078905e+01,1.492163e-17,4.145483e-17,4.145483e-19
3.079189e+01,1.467082e-17,4.152421e-17,4.152421e-19
3.079474e+01,1.469668e-17,4.093595e-17,4.093595e-19
3.079758e+01,1.462396e-17,4.083904e-17,4.083904e-19
3.080042e+01,1.464955e-17,4.118504e-17,4.118504e-19
3.080327e+01,1.480486e-17,4.161453e-17,4.161453e-19
3.080611e+01,1.477219e-17,4.177947e-17,4.177947e-19
3.080895e+01,1.467980e-17,4.164170e-17,4.164170e-19
3.081180e+01,1.446875e-17,4.107049e-17,4.107049e-19
3.081464e+01,1.443433e-17,4.078878e-17,4.078878e-19
3.081748e+01,1.449956e-17,4.065755e-17,4.065755e-19
3.082033e+01,1.468245e-17,4.065403e-17,4.065403e-19
3.082317e+01,1.460300e-17,4.001136e-17,4.001136e-19
3.082601e+01,1.461256e-17,3.917579e-17,3.917579e-19
3.082886e+01,1.464987e-17,3.871440e-17,3.871440e-19
3.083170e+01,1.457123e-17,3.870624e-17,3.870624e-19
3.083454e+01,1.464685e-17,3.918252e-17,3.918252e-19
3.083739e+01,1.470624e-17,3.931538e-17,3.931538e-19
3.084023e+01,1.464635e-17,3.907690e-17,3.907690e-19
3.084308e+01,1.438581e-17,3.889736e-17,3.889736e-19
3.084592e+01,1.444849e-17,3.900321e-17,3.900321e-19
3.084876e+01,1.457679e-17,3.909648e-17,3.909648e-19
3.085161e+01,1.458223e-17,3.911734e-17,3.911734e-19
3.085445e+01,1.459583e-17,3.927146e-17,3.927146e-19
3.085729e+01,1.448129e-17,3.952130e-17,3.952130e-19
3.086014e+01,1.455004e-17,3.967715e-17,3.967715e-19
3.086298e+01,1.436628e-17,3.960219e-17,3.960219e-19
3.086582e+01,1.436157e-17,4.016243e-17,4.016243e-19
3.086867e+01,1.435750e-17,4.080930e-17,4.080930e-19
3.087151e+01,1.453757e-17,4.071349e-17,4.071349e-19
3.087435e+01,1.454857e-17,4.051801e-17,4.051801e-19
3.087720e+01,1.451112e-17,4.048104e-17,4.048104e-19
3.088004e+01,1.462776e-17,4.069805e-17,4.069805e-19
3.088288e+01,1.464417e-17,4.103189e-17,4.103189e-19
3.088573e+01,1.456926e-17,4.166424e-17,4.166424e-19
3.088857e+01,1.428412e-17,4.216957e-17,4.216957e-19
3.089141e+01,1.463182e-17,4.165518e-17,4.165518e-19
3.089426e+01,1.490194e-17,4.146418e-17,4.146418e-19
3.089710e+01,1.459587e-17,4.265571e-17,4.265571e-19
3.089994e+01,1.479261e-17,4.439512e-17,4.439512e-19
3.090279e+01,1.464624e-17,4.455090e-17,4.455090e-19
3.090563e+01,1.461777e-17,4.408873e-17,4.408873e-19
3.090847e+01,1.481018e-17,4.432307e-17,4.432307e-19
3.091132e+01,1.466930e-17,4.515487e-17,4.515487e-19
3.091416e+01,1.464426e-17,4.604418e-17,4.604418e-19
3.091701e+01,1.503255e-17,4.684352e-17,4.684352e-19
3.091985e+01,1.471818e-17,4.688769e-17,4.688769e-19
3.092269e+01,1.502565e-17,4.698126e-17,4.698126e-19
3.092554e+01,1.482893e-17,4.754302e-17,4.754302e-19
3.092838e+01,1.482333e-17,4.810087e-17,4.810087e-19
3.093122e+01,1.510574e-17,4.793618e-17,4.793618e-19
3.093407e+01,1.469275e-17,4.726334e-17,4.726334e-19
3.093691e+01,1.499716e-17,4.768715e-17,4.768715e-19
3.093975e+01,1.510392e-17,4.833549e-17,4.833549e-19
3.094260e+01,1.465733e-17,4.782319e-17,4.782319e-19
3.094544e+01,1.479055e-17,4.766548e-17,4.766548e-19
3.094828e+01,1.481320e-17,4.831534e-17,4.831534e-19
3.095113e+01,1.488694e-17,4.878506e-17,4.878506e-19
3.095397e+01,1.481644e-17,4.854860e-17,4.854860e-19
3.095681e+01,1.508151e-17,4.842846e-17,4.842846e-19
3.095966e+01,1.484705e-17,4.890200e-17,4.890200e-19
3.096250e+01,1.481972e-17,4.891649e-17,4.891649e-19
3.096534e+01,1.486740e-17,4.814789e-17,4.814789e-19
3.096819e+01,1.475658e-17,4.748376e-17,4.748376e-19
3.097103e+01,1.483528e-17,4.729687e-17,4.729687e-19
3.097387e+01,1.485148e-17,4.720361e-17,4.720361e-19
3.097672e+01,1.472218e-17,4.740544e-17,4.740544e-19
3.097956e+01,1.479880e-17,4.758618e-17,4.758618e-19
3.098240e+01,1.520203e-17,4.703911e-17,4.703911e-19
3.098525e+01,1.485813e-17,4.653551e-17,4.653551e-19
3.098809e+01,1.470311e-17,4.666619e-17,4.666619e-19
3.099094e+01,1.497982e-17,4.680534e-17,4.680534e-19
3.099378e+01,1.474812e-17,4.617537e-17,4.617537e-19
3.099662e+01,1.499388e-17,4.564689e-17,4.564689e-19
3.099947e+01,1.472125e-17,4.566735e-17,4.566735e-19
3.100231e+01,1.494524e-17,4.594771e-17,4.594771e-19
3.100515e+01,1.459354e-17,4.584975e-17,4.584975e-19
3.100800e+01,1.472524e-17,4.590648e-17,4.590648e-19
3.101084e+01,1.472607e-17,4.609745e-17,4.609745e-19
3.101368e+01,1.480582e-17,4.592992e-17,4.592992e-19
3.101653e+01,1.472231e-17,4.575523e-17,4.575523e-19
3.101937e+01,1.464397e-17,4.627419e-17,4.627419e-19
3.102221e+01,1.507522e-17,4.710934e-17,4.710934e-19
3.102506e+01,1.471731e-17,4.704803e-17,4.704803e-19
3.102790e+01,1.476445e-17,4.658121e-17,4.658121e-19
3.103074e+01,1.470822e-17,4.614027e-17,4.614027e-19
3.103359e+01,1.487673e-17,4.610406e-17,4.610406e-19
3.103643e+01,1.482736e-17,4.625416e-17,4.625416e-19
3.103927e+01,1.473855e-17,4.674943e-17,4.674943e-19
3.104212e+01,1.462938e-17,4.719977e-17,4.719977e-19
3.104496e+01,1.444662e-17,4.679973e-17,4.679973e-19
3.104780e+01,1.472545e-17,4.673991e-17,4.673991e-19
3.105065e+01,1.485765e-17,4.704941e-17,4.704941e-19
3.105349e+01,1.470111e-17,4.697930e-17,4.697930e-19
3.105634e+01,1.474354e-17,4.699193e-17,4.699193e-19
3.105918e+01,1.491820e-17,4.710644e-17,4.710644e-19
3.106202e+01,1.487245e-17,4.679022e-17,4.679022e-19
3.106487e+01,1.479183e-17,4.651706e-17,4.651706e-19
3.106771e+01,1.467635e-17,4.694197e-17,4.694197e-19
3.107055e+01,1.496512e-17,4.752662e-17,4.752662e-19
3.107340e+01,1.469202e-17,4.755486e-17,4.755486e-19
3.107624e+01,1.466780e-17,4.736011e-17,4.736011e-19
3.107908e+01,1.477282e-17,4.742619e-17,4.742619e-19
3.108193e+01,1.467755e-17,4.790407e-17,4.790407e-19
3.108477e+01,1.472956e-17,4.887286e-17,4.887286e-19
3.108761e+01,1.490077e-17,4.916187e-17,4.916187e-19
3.109046e+01,1.473298e-17,4.866325e-17,4.866325e-19
3.109330e+01,1.472026e-17,4.836747e-17,4.836747e-19
3.109614e+01,1.463117e-17,4.806630e-17,4.806630e-19
3.109899e+01,1.447105e-17,4.763062e-17,4.763062e-19
3.110183e+01,1.469146e-17,4.768877e-17,4.768877e-19
3.110467e+01,1.468178e-17,4.793600e-17,4.793600e-19
3.110752e+01,1.449534e-17,4.778270e-17,4.778270e-19
3.111036e+01,1.462438e-17,4.765137e-17,4.765137e-19
3.111320e+01,1.441355e-17,4.774864e-17,4.774864e-19
3.111605e+01,1.444336e-17,4.809854e-17,4.809854e-19
3.111889e+01,1.452439e-17,4.813799e-17,4.813799e-19
3.112173e+01,1.448491e-17,4.777027e-17,4.777027e-19
3.112458e+01,1.455088e-17,4.769861e-17,4.769861e-19
3.112742e+01,1.470511e-17,4.791325e-17,4.791325e-19
3.113027e+01,1.484176e-17,4.819190e-17,4.819190e-19
3.113311e+01,1.461271e-17,4.845455e-17,4.845455e-19
3.113595e+01,1.474191e-17,4.864005e-17,4.864005e-19
3.113880e+01,1.450484e-17,4.898052e-17,4.898052e-19
3.114164e+01,1.487941e-17,4.938153e-17,4.938153e-19
3.114448e+01,1.452026e-17,4.953289e-17,4.953289e-19
3.114733e+01,1.470663e-17,4.990215e-17,4.990215e-19
3.115017e+01,1.480070e-17,5.027117e-17,5.027117e-19
3.115301e+01,1.484154e-17,5.073945e-17,5.073945e-19
3.115586e+01,1.484618e-17,5.129406e-17,5.129406e-19
3.115870e+01,1.484193e-17,5.188653e-17,5.188653e-19
3.116154e+01,1.443949e-17,5.262865e-17,5.262865e-19
3.116439e+01,1.470805e-17,5.300256e-17,5.300256e-19
3.116723e+01,1.457951e-17,5.252680e-17,5.252680e-19
3.117007e+01,1.472182e-17,5.262631e-17,5.262631e-19
3.117292e+01,1.453829e-17,5.323321e-17,5.323321e-19
3.117576e+01,1.483190e-17,5.367027e-17,5.367027e-19
3.117860e+01,1.476188e-17,5.386190e-17,5.386190e-19
3.118145e+01,1.478785e-17,5.402979e-17,5.402979e-19
3.118429e+01,1.471310e-17,5.413828e-17,5.413828e-19
3.118713e+01,1.479213e-17,5.425044e-17,5.425044e-19
3.118998e+01,1.494325e-17,5.471684e-17,5.471684e-19
3.119282e+01,1.454387e-17,5.523474e-17,5.523474e-19
3.119566e+01,1.467325e-17,5.564705e-17,5.564705e-19
3.119851e+01,1.466142e-17,5.569286e-17,5.569286e-19
3.120135e+01,1.470767e-17,5.554768e-17,5.554768e-19
3.120420e+01,1.465872e-17,5.554938e-17,5.554938e-19
3.120704e+01,1.509014e-17,5.620368e-17,5.620368e-19
3.120988e+01,1.479039e-17,5.661225e-17,5.661225e-19
3.121273e+01,1.473509e-17,5.662154e-17,5.662154e-19
3.121557e+01,1.494072e-17,5.648288e-17,5.648288e-19
3.121841e+01,1.471103e-17,5.656607e-17,5.656607e-19
3.122126e+01,1.488925e-17,5.713444e-17,5.713444e-19
3.122410e+01,1.483664e-17,5.748197e-17,5.748197e-19
3.122694e+01,1.503490e-17,5.769106e-17,5.769106e-19
3.122979e+01,1.493196e-17,5.772324e-17,5.772324e-19
3.123263e+01,1.490788e-17,5.764043e-17,5.764043e-19
3.123547e+01,1.503386e-17,5.754419e-17,5.754419e-19
3.123832e+01,1.497219e-17,5.752766e-17,5.752766e-19
3.124116e+01,1.465718e-17,5.783039e-17,5.783039e-19
3.124400e+01,1.489690e-17,5.822890e-17,5.822890e-19
3.124685e+01,1.482754e-17,5.836586e-17,5.836586e-19
3.124969e+01,1.495199e-17,5.853534e-17,5.853534e-19
3.125253e+01,1.508024e-17,5.871977e-17,5.871977e-19
3.125538e+01,1.492591e-17,5.932725e-17,5.932725e-19
3.125822e+01,1.532114e-17,6.025054e-17,6.025054e-19
3.126106e+01,1.514690e-17,6.034025e-17,6.034025e-19
3.126391e+01,1.480908e-17,6.014728e-17,6.014728e-19
3.126675e+01,1.478779e-17,6.046083e-17,6.046083e-19
3.126959e+01,1.504956e-17,6.137565e-17,6.137565e-19
3.127244e+01,1.511298e-17,6.206188e-17,6.206188e-19
3.127528e+01,1.502437e-17,6.285884e-17,6.285884e-19
3.127813e+01,1.499500e-17,6.393091e-17,6.393091e-19
3.128097e+01,1.504220e-17,6.487825e-17,6.487825e-19
3.128381e+01,1.520608e-17,6.563838e-17,6.563838e-19
3.128666e+01,1.526013e-17,6.615772e-17,6.615772e-19
3.128950e+01,1.522095e-17,6.627351e-17,6.627351e-19
3.129234e+01,1.517299e-17,6.664994e-17,6.664994e-19
3.129519e+01,1.498887e-17,6.790110e-17,6.790110e-19
3.129803e+01,1.535280e-17,6.931138e-17,6.931138e-19
3.130087e+01,1.525511e-17,6.996174e-17,6.996174e-19
3.130372e+01,1.549813e-17,7.054723e-17,7.054723e-19
3.130656e+01,1.554905e-17,7.119294e-17,7.119294e-19
3.130940e+01,1.486830e-17,7.124454e-17,7.124454e-19
3.131225e+01,1.520445e-17,7.142675e-17,7.142675e-19
3.131509e+01,1.545870e-17,7.182504e-17,7.182504e-19
3.131793e+01,1.544951e-17,7.208291e-17,7.208291e-19
3.132078e+01,1.534988e-17,7.239280e-17,7.239280e-19
3.132362e+01,1.528612e-17,7.268307e-17,7.268307e-19
3.132646e+01,1.530616e-17,7.319232e-17,7.319232e-19
3.132931e+01,1.537994e-17,7.355492e-17,7.355492e-19
3.133215e+01,1.534045e-17,7.347071e-17,7.347071e-19
3.133499e+01,1.536698e-17,7.300737e-17,7.300737e-19
3.133784e+01,1.518140e-17,7.242684e-17,7.242684e-19
3.134068e+01,1.510407e-17,7.143310e-17,7.143310e-19
3.134353e+01,1.491460e-17,7.045523e-17,7.045523e-19
3.134637e+01,1.512884e-17,7.017819e-17,7.017819e-19
3.134921e+01,1.522013e-17,7.042345e-17,7.042345e-19
3.135206e+01,1.512185e-17,7.063569e-17,7.063569e-19
3.135490e+01,1.515615e-17,7.022509e-17,7.022509e-19
3.135774e+01,1.506429e-17,6.941198e-17,6.941198e-19
3.136059e+01,1.515276e-17,6.874957e-17,6.874957e-19
3.136343e+01,1.503976e-17,6.816576e-17,6.816576e-19
3.136627e+01,1.506243e-17,6.754713e-17,6.754713e-19
3.136912e+01,1.505692e-17,6.683697e-17,6.683697e-19
3.137196e+01,1.509594e-17,6.638459e-17,6.638459e-19
3.137480e+01,1.507629e-17,6.615267e-17,6.615267e-19
3.137765e+01,1.500117e-17,6.601227e-17,6.601227e-19
3.138049e+01,1.493808e-17,6.564661e-17,6.564661e-19
3.138333e+01,1.495902e-17,6.517765e-17,6.517765e-19
3.138618e+01,1.509303e-17,6.471031e-17,6.471031e-19
3.138902e+01,1.491187e-17,6.462677e-17,6.462677e-19
3.139186e+01,1.501747e-17,6.481298e-17,6.481298e-19
3.139471e+01,1.506315e-17,6.517680e-17,6.517680e-19
3.139755e+01,1.521722e-17,6.550106e-17,6.550106e-19
3.140039e+01,1.501576e-17,6.569078e-17,6.569078e-19
3.140324e+01,1.479719e-17,6.579334e-17,6.579334e-19
3.140608e+01,1.497060e-17,6.568466e-17,6.568466e-19
3.140892e+01,1.496998e-17,6.549372e-17,6.549372e-19
3.141177e+01,1.475848e-17,6.562622e-17,6.562622e-19
3.141461e+01,1.520111e-17,6.744361e-17,6.744361e-19
